start,end,pm10,pm10_unit,latitude,longitude
2022-01-01 23:00:00,2022-01-02 00:00:00,46.390000000000000000,ug.m-3,44.4264,26.1406
2022-01-02 00:00:00,2022-01-02 01:00:00,46.480000000000000000,ug.m-3,44.4264,26.1406
2022-01-02 01:00:00,2022-01-02 02:00:00,33.500000000000000000,ug.m-3,44.4264,26.1406
2022-01-02 02:00:00,2022-01-02 03:00:00,19.340000000000000000,ug.m-3,44.4264,26.1406
2022-01-02 03:00:00,2022-01-02 04:00:00,14.990000000000000000,ug.m-3,44.4264,26.1406
2022-01-02 04:00:00,2022-01-02 05:00:00,16.070000000000000000,ug.m-3,44.4264,26.1406
2022-01-02 05:00:00,2022-01-02 06:00:00,18.310000000000000000,ug.m-3,44.4264,26.1406
2022-01-02 06:00:00,2022-01-02 07:00:00,20.720000000000000000,ug.m-3,44.4264,26.1406
2022-01-02 07:00:00,2022-01-02 08:00:00,22.320000000000000000,ug.m-3,44.4264,26.1406
2022-01-02 08:00:00,2022-01-02 09:00:00,17.460000000000000000,ug.m-3,44.4264,26.1406
2022-01-02 09:00:00,2022-01-02 10:00:00,12.010000000000000000,ug.m-3,44.4264,26.1406
2022-01-02 10:00:00,2022-01-02 11:00:00,15.960000000000000000,ug.m-3,44.4264,26.1406
2022-01-02 11:00:00,2022-01-02 12:00:00,17.170000000000000000,ug.m-3,44.4264,26.1406
2022-01-02 12:00:00,2022-01-02 13:00:00,18.770000000000000000,ug.m-3,44.4264,26.1406
2022-01-02 13:00:00,2022-01-02 14:00:00,19.990000000000000000,ug.m-3,44.4264,26.1406
2022-01-02 14:00:00,2022-01-02 15:00:00,19.280000000000000000,ug.m-3,44.4264,26.1406
2022-01-02 15:00:00,2022-01-02 16:00:00,21.310000000000000000,ug.m-3,44.4264,26.1406
2022-01-02 16:00:00,2022-01-02 17:00:00,21.810000000000000000,ug.m-3,44.4264,26.1406
2022-01-02 17:00:00,2022-01-02 18:00:00,19.840000000000000000,ug.m-3,44.4264,26.1406
2022-01-02 18:00:00,2022-01-02 19:00:00,18.230000000000000000,ug.m-3,44.4264,26.1406
2022-01-02 19:00:00,2022-01-02 20:00:00,18.200000000000000000,ug.m-3,44.4264,26.1406
2022-01-02 20:00:00,2022-01-02 21:00:00,22.010000000000000000,ug.m-3,44.4264,26.1406
2022-01-02 21:00:00,2022-01-02 22:00:00,22.110000000000000000,ug.m-3,44.4264,26.1406
2022-01-02 22:00:00,2022-01-02 23:00:00,21.760000000000000000,ug.m-3,44.4264,26.1406
2022-01-02 23:00:00,2022-01-03 00:00:00,19.370000000000000000,ug.m-3,44.4264,26.1406
2022-01-03 00:00:00,2022-01-03 01:00:00,12.820000000000000000,ug.m-3,44.4264,26.1406
2022-01-03 01:00:00,2022-01-03 02:00:00,12.330000000000000000,ug.m-3,44.4264,26.1406
2022-01-03 02:00:00,2022-01-03 03:00:00,9.210000000000000000,ug.m-3,44.4264,26.1406
2022-01-03 03:00:00,2022-01-03 04:00:00,8.800000000000000000,ug.m-3,44.4264,26.1406
2022-01-03 04:00:00,2022-01-03 05:00:00,12.740000000000000000,ug.m-3,44.4264,26.1406
2022-01-03 05:00:00,2022-01-03 06:00:00,12.340000000000000000,ug.m-3,44.4264,26.1406
2022-01-03 06:00:00,2022-01-03 07:00:00,10.870000000000000000,ug.m-3,44.4264,26.1406
2022-01-03 07:00:00,2022-01-03 08:00:00,13.170000000000000000,ug.m-3,44.4264,26.1406
2022-01-03 08:00:00,2022-01-03 09:00:00,14.430000000000000000,ug.m-3,44.4264,26.1406
2022-01-03 09:00:00,2022-01-03 10:00:00,13.040000000000000000,ug.m-3,44.4264,26.1406
2022-01-03 10:00:00,2022-01-03 11:00:00,16.730000000000000000,ug.m-3,44.4264,26.1406
2022-01-03 11:00:00,2022-01-03 12:00:00,20.440000000000000000,ug.m-3,44.4264,26.1406
2022-01-03 12:00:00,2022-01-03 13:00:00,19.160000000000000000,ug.m-3,44.4264,26.1406
2022-01-03 13:00:00,2022-01-03 14:00:00,25.070000000000000000,ug.m-3,44.4264,26.1406
2022-01-03 14:00:00,2022-01-03 15:00:00,20.980000000000000000,ug.m-3,44.4264,26.1406
2022-01-03 15:00:00,2022-01-03 16:00:00,21.700000000000000000,ug.m-3,44.4264,26.1406
2022-01-03 16:00:00,2022-01-03 17:00:00,23.790000000000000000,ug.m-3,44.4264,26.1406
2022-01-03 17:00:00,2022-01-03 18:00:00,24.160000000000000000,ug.m-3,44.4264,26.1406
2022-01-03 18:00:00,2022-01-03 19:00:00,17.710000000000000000,ug.m-3,44.4264,26.1406
2022-01-03 19:00:00,2022-01-03 20:00:00,15.010000000000000000,ug.m-3,44.4264,26.1406
2022-01-03 20:00:00,2022-01-03 21:00:00,11.840000000000000000,ug.m-3,44.4264,26.1406
2022-01-03 21:00:00,2022-01-03 22:00:00,8.530000000000000000,ug.m-3,44.4264,26.1406
2022-01-03 22:00:00,2022-01-03 23:00:00,7.490000000000000000,ug.m-3,44.4264,26.1406
2022-01-03 23:00:00,2022-01-04 00:00:00,7.970000000000000000,ug.m-3,44.4264,26.1406
2022-01-04 00:00:00,2022-01-04 01:00:00,9.190000000000000000,ug.m-3,44.4264,26.1406
2022-01-04 01:00:00,2022-01-04 02:00:00,10.710000000000000000,ug.m-3,44.4264,26.1406
2022-01-04 02:00:00,2022-01-04 03:00:00,11.990000000000000000,ug.m-3,44.4264,26.1406
2022-01-04 03:00:00,2022-01-04 04:00:00,10.520000000000000000,ug.m-3,44.4264,26.1406
2022-01-04 04:00:00,2022-01-04 05:00:00,11.840000000000000000,ug.m-3,44.4264,26.1406
2022-01-04 05:00:00,2022-01-04 06:00:00,15.770000000000000000,ug.m-3,44.4264,26.1406
2022-01-04 06:00:00,2022-01-04 07:00:00,23.410000000000000000,ug.m-3,44.4264,26.1406
2022-01-04 07:00:00,2022-01-04 08:00:00,21.170000000000000000,ug.m-3,44.4264,26.1406
2022-01-04 08:00:00,2022-01-04 09:00:00,20.050000000000000000,ug.m-3,44.4264,26.1406
2022-01-04 09:00:00,2022-01-04 10:00:00,33.990000000000000000,ug.m-3,44.4264,26.1406
2022-01-04 10:00:00,2022-01-04 11:00:00,31.300000000000000000,ug.m-3,44.4264,26.1406
2022-01-04 11:00:00,2022-01-04 12:00:00,23.490000000000000000,ug.m-3,44.4264,26.1406
2022-01-04 12:00:00,2022-01-04 13:00:00,22.570000000000000000,ug.m-3,44.4264,26.1406
2022-01-04 13:00:00,2022-01-04 14:00:00,22.480000000000000000,ug.m-3,44.4264,26.1406
2022-01-04 14:00:00,2022-01-04 15:00:00,20.070000000000000000,ug.m-3,44.4264,26.1406
2022-01-04 15:00:00,2022-01-04 16:00:00,18.780000000000000000,ug.m-3,44.4264,26.1406
2022-01-04 16:00:00,2022-01-04 17:00:00,23.370000000000000000,ug.m-3,44.4264,26.1406
2022-01-04 17:00:00,2022-01-04 18:00:00,27.690000000000000000,ug.m-3,44.4264,26.1406
2022-01-04 18:00:00,2022-01-04 19:00:00,23.600000000000000000,ug.m-3,44.4264,26.1406
2022-01-04 19:00:00,2022-01-04 20:00:00,20.650000000000000000,ug.m-3,44.4264,26.1406
2022-01-04 20:00:00,2022-01-04 21:00:00,18.400000000000000000,ug.m-3,44.4264,26.1406
2022-01-04 21:00:00,2022-01-04 22:00:00,20.290000000000000000,ug.m-3,44.4264,26.1406
2022-01-04 22:00:00,2022-01-04 23:00:00,34.550000000000000000,ug.m-3,44.4264,26.1406
2022-01-04 23:00:00,2022-01-05 00:00:00,41.650000000000000000,ug.m-3,44.4264,26.1406
2022-01-05 00:00:00,2022-01-05 01:00:00,37.680000000000000000,ug.m-3,44.4264,26.1406
2022-01-05 01:00:00,2022-01-05 02:00:00,35.150000000000000000,ug.m-3,44.4264,26.1406
2022-01-05 02:00:00,2022-01-05 03:00:00,31.110000000000000000,ug.m-3,44.4264,26.1406
2022-01-05 03:00:00,2022-01-05 04:00:00,25.080000000000000000,ug.m-3,44.4264,26.1406
2022-01-05 04:00:00,2022-01-05 05:00:00,27.180000000000000000,ug.m-3,44.4264,26.1406
2022-01-05 05:00:00,2022-01-05 06:00:00,29.470000000000000000,ug.m-3,44.4264,26.1406
2022-01-05 06:00:00,2022-01-05 07:00:00,24.740000000000000000,ug.m-3,44.4264,26.1406
2022-01-05 07:00:00,2022-01-05 08:00:00,25.900000000000000000,ug.m-3,44.4264,26.1406
2022-01-05 08:00:00,2022-01-05 09:00:00,24.420000000000000000,ug.m-3,44.4264,26.1406
2022-01-05 09:00:00,2022-01-05 10:00:00,27.610000000000000000,ug.m-3,44.4264,26.1406
2022-01-05 10:00:00,2022-01-05 11:00:00,29.890000000000000000,ug.m-3,44.4264,26.1406
2022-01-05 11:00:00,2022-01-05 12:00:00,27.200000000000000000,ug.m-3,44.4264,26.1406
2022-01-05 12:00:00,2022-01-05 13:00:00,24.110000000000000000,ug.m-3,44.4264,26.1406
2022-01-05 13:00:00,2022-01-05 14:00:00,19.150000000000000000,ug.m-3,44.4264,26.1406
2022-01-05 14:00:00,2022-01-05 15:00:00,21.870000000000000000,ug.m-3,44.4264,26.1406
2022-01-05 15:00:00,2022-01-05 16:00:00,19.100000000000000000,ug.m-3,44.4264,26.1406
2022-01-05 16:00:00,2022-01-05 17:00:00,24.140000000000000000,ug.m-3,44.4264,26.1406
2022-01-05 17:00:00,2022-01-05 18:00:00,27.920000000000000000,ug.m-3,44.4264,26.1406
2022-01-05 18:00:00,2022-01-05 19:00:00,43.500000000000000000,ug.m-3,44.4264,26.1406
2022-01-05 19:00:00,2022-01-05 20:00:00,45.670000000000000000,ug.m-3,44.4264,26.1406
2022-01-05 20:00:00,2022-01-05 21:00:00,53.530000000000000000,ug.m-3,44.4264,26.1406
2022-01-05 21:00:00,2022-01-05 22:00:00,79.870000000000000000,ug.m-3,44.4264,26.1406
2022-01-05 22:00:00,2022-01-05 23:00:00,69.460000000000000000,ug.m-3,44.4264,26.1406
2022-01-05 23:00:00,2022-01-06 00:00:00,65.570000000000000000,ug.m-3,44.4264,26.1406
2022-01-06 00:00:00,2022-01-06 01:00:00,48.650000000000000000,ug.m-3,44.4264,26.1406
2022-01-06 01:00:00,2022-01-06 02:00:00,48.590000000000000000,ug.m-3,44.4264,26.1406
2022-01-06 02:00:00,2022-01-06 03:00:00,40.860000000000000000,ug.m-3,44.4264,26.1406
2022-01-06 03:00:00,2022-01-06 04:00:00,38.660000000000000000,ug.m-3,44.4264,26.1406
2022-01-06 04:00:00,2022-01-06 05:00:00,41.740000000000000000,ug.m-3,44.4264,26.1406
2022-01-06 05:00:00,2022-01-06 06:00:00,40.940000000000000000,ug.m-3,44.4264,26.1406
2022-01-06 06:00:00,2022-01-06 07:00:00,39.620000000000000000,ug.m-3,44.4264,26.1406
2022-01-06 07:00:00,2022-01-06 08:00:00,33.530000000000000000,ug.m-3,44.4264,26.1406
2022-01-06 08:00:00,2022-01-06 09:00:00,39.270000000000000000,ug.m-3,44.4264,26.1406
2022-01-06 09:00:00,2022-01-06 10:00:00,36.900000000000000000,ug.m-3,44.4264,26.1406
2022-01-06 10:00:00,2022-01-06 11:00:00,32.360000000000000000,ug.m-3,44.4264,26.1406
2022-01-06 11:00:00,2022-01-06 12:00:00,24.820000000000000000,ug.m-3,44.4264,26.1406
2022-01-06 12:00:00,2022-01-06 13:00:00,22.000000000000000000,ug.m-3,44.4264,26.1406
2022-01-06 13:00:00,2022-01-06 14:00:00,21.890000000000000000,ug.m-3,44.4264,26.1406
2022-01-06 14:00:00,2022-01-06 15:00:00,26.290000000000000000,ug.m-3,44.4264,26.1406
2022-01-06 15:00:00,2022-01-06 16:00:00,26.940000000000000000,ug.m-3,44.4264,26.1406
2022-01-06 16:00:00,2022-01-06 17:00:00,26.900000000000000000,ug.m-3,44.4264,26.1406
2022-01-06 17:00:00,2022-01-06 18:00:00,29.680000000000000000,ug.m-3,44.4264,26.1406
2022-01-06 18:00:00,2022-01-06 19:00:00,28.580000000000000000,ug.m-3,44.4264,26.1406
2022-01-06 19:00:00,2022-01-06 20:00:00,21.530000000000000000,ug.m-3,44.4264,26.1406
2022-01-06 20:00:00,2022-01-06 21:00:00,16.320000000000000000,ug.m-3,44.4264,26.1406
2022-01-06 21:00:00,2022-01-06 22:00:00,12.040000000000000000,ug.m-3,44.4264,26.1406
2022-01-06 22:00:00,2022-01-06 23:00:00,11.020000000000000000,ug.m-3,44.4264,26.1406
2022-01-06 23:00:00,2022-01-07 00:00:00,4.930000000000000000,ug.m-3,44.4264,26.1406
2022-01-07 00:00:00,2022-01-07 01:00:00,5.380000000000000000,ug.m-3,44.4264,26.1406
2022-01-07 01:00:00,2022-01-07 02:00:00,9.420000000000000000,ug.m-3,44.4264,26.1406
2022-01-07 02:00:00,2022-01-07 03:00:00,10.300000000000000000,ug.m-3,44.4264,26.1406
2022-01-07 03:00:00,2022-01-07 04:00:00,9.510000000000000000,ug.m-3,44.4264,26.1406
2022-01-07 04:00:00,2022-01-07 05:00:00,13.040000000000000000,ug.m-3,44.4264,26.1406
2022-01-07 05:00:00,2022-01-07 06:00:00,12.610000000000000000,ug.m-3,44.4264,26.1406
2022-01-07 06:00:00,2022-01-07 07:00:00,13.390000000000000000,ug.m-3,44.4264,26.1406
2022-01-07 07:00:00,2022-01-07 08:00:00,19.670000000000000000,ug.m-3,44.4264,26.1406
2022-01-07 08:00:00,2022-01-07 09:00:00,30.840000000000000000,ug.m-3,44.4264,26.1406
2022-01-07 09:00:00,2022-01-07 10:00:00,27.260000000000000000,ug.m-3,44.4264,26.1406
2022-01-07 10:00:00,2022-01-07 11:00:00,21.470000000000000000,ug.m-3,44.4264,26.1406
2022-01-07 11:00:00,2022-01-07 12:00:00,10.940000000000000000,ug.m-3,44.4264,26.1406
2022-01-07 12:00:00,2022-01-07 13:00:00,6.550000000000000000,ug.m-3,44.4264,26.1406
2022-01-07 13:00:00,2022-01-07 14:00:00,9.570000000000000000,ug.m-3,44.4264,26.1406
2022-01-07 14:00:00,2022-01-07 15:00:00,10.800000000000000000,ug.m-3,44.4264,26.1406
2022-01-07 15:00:00,2022-01-07 16:00:00,15.190000000000000000,ug.m-3,44.4264,26.1406
2022-01-07 16:00:00,2022-01-07 17:00:00,14.760000000000000000,ug.m-3,44.4264,26.1406
2022-01-07 17:00:00,2022-01-07 18:00:00,18.550000000000000000,ug.m-3,44.4264,26.1406
2022-01-07 18:00:00,2022-01-07 19:00:00,17.580000000000000000,ug.m-3,44.4264,26.1406
2022-01-07 19:00:00,2022-01-07 20:00:00,15.600000000000000000,ug.m-3,44.4264,26.1406
2022-01-07 20:00:00,2022-01-07 21:00:00,13.540000000000000000,ug.m-3,44.4264,26.1406
2022-01-07 21:00:00,2022-01-07 22:00:00,14.670000000000000000,ug.m-3,44.4264,26.1406
2022-01-07 22:00:00,2022-01-07 23:00:00,14.450000000000000000,ug.m-3,44.4264,26.1406
2022-01-07 23:00:00,2022-01-08 00:00:00,14.050000000000000000,ug.m-3,44.4264,26.1406
2022-01-08 00:00:00,2022-01-08 01:00:00,13.310000000000000000,ug.m-3,44.4264,26.1406
2022-01-08 01:00:00,2022-01-08 02:00:00,13.780000000000000000,ug.m-3,44.4264,26.1406
2022-01-08 02:00:00,2022-01-08 03:00:00,12.580000000000000000,ug.m-3,44.4264,26.1406
2022-01-08 03:00:00,2022-01-08 04:00:00,16.740000000000000000,ug.m-3,44.4264,26.1406
2022-01-08 04:00:00,2022-01-08 05:00:00,13.000000000000000000,ug.m-3,44.4264,26.1406
2022-01-08 05:00:00,2022-01-08 06:00:00,9.970000000000000000,ug.m-3,44.4264,26.1406
2022-01-08 06:00:00,2022-01-08 07:00:00,10.450000000000000000,ug.m-3,44.4264,26.1406
2022-01-08 07:00:00,2022-01-08 08:00:00,8.580000000000000000,ug.m-3,44.4264,26.1406
2022-01-08 08:00:00,2022-01-08 09:00:00,9.010000000000000000,ug.m-3,44.4264,26.1406
2022-01-08 09:00:00,2022-01-08 10:00:00,8.590000000000000000,ug.m-3,44.4264,26.1406
2022-01-08 10:00:00,2022-01-08 11:00:00,14.640000000000000000,ug.m-3,44.4264,26.1406
2022-01-08 11:00:00,2022-01-08 12:00:00,16.040000000000000000,ug.m-3,44.4264,26.1406
2022-01-08 12:00:00,2022-01-08 13:00:00,17.800000000000000000,ug.m-3,44.4264,26.1406
2022-01-08 13:00:00,2022-01-08 14:00:00,12.850000000000000000,ug.m-3,44.4264,26.1406
2022-01-08 14:00:00,2022-01-08 15:00:00,13.570000000000000000,ug.m-3,44.4264,26.1406
2022-01-08 15:00:00,2022-01-08 16:00:00,13.410000000000000000,ug.m-3,44.4264,26.1406
2022-01-08 16:00:00,2022-01-08 17:00:00,15.410000000000000000,ug.m-3,44.4264,26.1406
2022-01-08 17:00:00,2022-01-08 18:00:00,12.890000000000000000,ug.m-3,44.4264,26.1406
2022-01-08 18:00:00,2022-01-08 19:00:00,13.460000000000000000,ug.m-3,44.4264,26.1406
2022-01-08 19:00:00,2022-01-08 20:00:00,14.850000000000000000,ug.m-3,44.4264,26.1406
2022-01-08 20:00:00,2022-01-08 21:00:00,10.170000000000000000,ug.m-3,44.4264,26.1406
2022-01-08 21:00:00,2022-01-08 22:00:00,8.610000000000000000,ug.m-3,44.4264,26.1406
2022-01-08 22:00:00,2022-01-08 23:00:00,9.150000000000000000,ug.m-3,44.4264,26.1406
2022-01-08 23:00:00,2022-01-09 00:00:00,9.320000000000000000,ug.m-3,44.4264,26.1406
2022-01-09 00:00:00,2022-01-09 01:00:00,5.020000000000000000,ug.m-3,44.4264,26.1406
2022-01-09 01:00:00,2022-01-09 02:00:00,3.880000000000000000,ug.m-3,44.4264,26.1406
2022-01-09 02:00:00,2022-01-09 03:00:00,5.810000000000000000,ug.m-3,44.4264,26.1406
2022-01-09 03:00:00,2022-01-09 04:00:00,3.850000000000000000,ug.m-3,44.4264,26.1406
2022-01-09 04:00:00,2022-01-09 05:00:00,7.380000000000000000,ug.m-3,44.4264,26.1406
2022-01-09 05:00:00,2022-01-09 06:00:00,7.020000000000000000,ug.m-3,44.4264,26.1406
2022-01-09 06:00:00,2022-01-09 07:00:00,6.180000000000000000,ug.m-3,44.4264,26.1406
2022-01-09 07:00:00,2022-01-09 08:00:00,9.730000000000000000,ug.m-3,44.4264,26.1406
2022-01-09 08:00:00,2022-01-09 09:00:00,6.710000000000000000,ug.m-3,44.4264,26.1406
2022-01-09 09:00:00,2022-01-09 10:00:00,7.490000000000000000,ug.m-3,44.4264,26.1406
2022-01-09 10:00:00,2022-01-09 11:00:00,8.590000000000000000,ug.m-3,44.4264,26.1406
2022-01-09 11:00:00,2022-01-09 12:00:00,10.360000000000000000,ug.m-3,44.4264,26.1406
2022-01-09 12:00:00,2022-01-09 13:00:00,14.000000000000000000,ug.m-3,44.4264,26.1406
2022-01-09 13:00:00,2022-01-09 14:00:00,13.100000000000000000,ug.m-3,44.4264,26.1406
2022-01-09 14:00:00,2022-01-09 15:00:00,13.410000000000000000,ug.m-3,44.4264,26.1406
2022-01-09 15:00:00,2022-01-09 16:00:00,14.940000000000000000,ug.m-3,44.4264,26.1406
2022-01-09 16:00:00,2022-01-09 17:00:00,19.730000000000000000,ug.m-3,44.4264,26.1406
2022-01-09 17:00:00,2022-01-09 18:00:00,18.970000000000000000,ug.m-3,44.4264,26.1406
2022-01-09 18:00:00,2022-01-09 19:00:00,16.890000000000000000,ug.m-3,44.4264,26.1406
2022-01-09 19:00:00,2022-01-09 20:00:00,16.960000000000000000,ug.m-3,44.4264,26.1406
2022-01-09 20:00:00,2022-01-09 21:00:00,11.540000000000000000,ug.m-3,44.4264,26.1406
2022-01-09 21:00:00,2022-01-09 22:00:00,12.410000000000000000,ug.m-3,44.4264,26.1406
2022-01-09 22:00:00,2022-01-09 23:00:00,13.140000000000000000,ug.m-3,44.4264,26.1406
2022-01-09 23:00:00,2022-01-10 00:00:00,13.630000000000000000,ug.m-3,44.4264,26.1406
2022-01-10 00:00:00,2022-01-10 01:00:00,20.060000000000000000,ug.m-3,44.4264,26.1406
2022-01-10 01:00:00,2022-01-10 02:00:00,23.510000000000000000,ug.m-3,44.4264,26.1406
2022-01-10 02:00:00,2022-01-10 03:00:00,23.060000000000000000,ug.m-3,44.4264,26.1406
2022-01-10 03:00:00,2022-01-10 04:00:00,16.720000000000000000,ug.m-3,44.4264,26.1406
2022-01-10 04:00:00,2022-01-10 05:00:00,13.670000000000000000,ug.m-3,44.4264,26.1406
2022-01-10 05:00:00,2022-01-10 06:00:00,11.080000000000000000,ug.m-3,44.4264,26.1406
2022-01-10 06:00:00,2022-01-10 07:00:00,7.180000000000000000,ug.m-3,44.4264,26.1406
2022-01-10 07:00:00,2022-01-10 08:00:00,7.110000000000000000,ug.m-3,44.4264,26.1406
2022-01-10 08:00:00,2022-01-10 09:00:00,6.280000000000000000,ug.m-3,44.4264,26.1406
2022-01-10 09:00:00,2022-01-10 10:00:00,7.620000000000000000,ug.m-3,44.4264,26.1406
2022-01-10 10:00:00,2022-01-10 11:00:00,8.090000000000000000,ug.m-3,44.4264,26.1406
2022-01-10 11:00:00,2022-01-10 12:00:00,9.820000000000000000,ug.m-3,44.4264,26.1406
2022-01-10 12:00:00,2022-01-10 13:00:00,9.160000000000000000,ug.m-3,44.4264,26.1406
2022-01-10 13:00:00,2022-01-10 14:00:00,14.640000000000000000,ug.m-3,44.4264,26.1406
2022-01-10 14:00:00,2022-01-10 15:00:00,14.240000000000000000,ug.m-3,44.4264,26.1406
2022-01-10 15:00:00,2022-01-10 16:00:00,11.920000000000000000,ug.m-3,44.4264,26.1406
2022-01-10 16:00:00,2022-01-10 17:00:00,12.900000000000000000,ug.m-3,44.4264,26.1406
2022-01-10 17:00:00,2022-01-10 18:00:00,12.530000000000000000,ug.m-3,44.4264,26.1406
2022-01-10 18:00:00,2022-01-10 19:00:00,13.340000000000000000,ug.m-3,44.4264,26.1406
2022-01-10 19:00:00,2022-01-10 20:00:00,18.230000000000000000,ug.m-3,44.4264,26.1406
2022-01-10 20:00:00,2022-01-10 21:00:00,18.790000000000000000,ug.m-3,44.4264,26.1406
2022-01-10 21:00:00,2022-01-10 22:00:00,18.970000000000000000,ug.m-3,44.4264,26.1406
2022-01-10 22:00:00,2022-01-10 23:00:00,19.500000000000000000,ug.m-3,44.4264,26.1406
2022-01-10 23:00:00,2022-01-11 00:00:00,22.530000000000000000,ug.m-3,44.4264,26.1406
2022-01-11 00:00:00,2022-01-11 01:00:00,22.830000000000000000,ug.m-3,44.4264,26.1406
2022-01-11 01:00:00,2022-01-11 02:00:00,18.330000000000000000,ug.m-3,44.4264,26.1406
2022-01-11 02:00:00,2022-01-11 03:00:00,17.000000000000000000,ug.m-3,44.4264,26.1406
2022-01-11 03:00:00,2022-01-11 04:00:00,15.200000000000000000,ug.m-3,44.4264,26.1406
2022-01-11 04:00:00,2022-01-11 05:00:00,16.720000000000000000,ug.m-3,44.4264,26.1406
2022-01-11 05:00:00,2022-01-11 06:00:00,20.060000000000000000,ug.m-3,44.4264,26.1406
2022-01-11 06:00:00,2022-01-11 07:00:00,24.290000000000000000,ug.m-3,44.4264,26.1406
2022-01-11 07:00:00,2022-01-11 08:00:00,21.890000000000000000,ug.m-3,44.4264,26.1406
2022-01-11 08:00:00,2022-01-11 09:00:00,18.030000000000000000,ug.m-3,44.4264,26.1406
2022-01-11 09:00:00,2022-01-11 10:00:00,15.130000000000000000,ug.m-3,44.4264,26.1406
2022-01-11 10:00:00,2022-01-11 11:00:00,19.800000000000000000,ug.m-3,44.4264,26.1406
2022-01-11 11:00:00,2022-01-11 12:00:00,13.380000000000000000,ug.m-3,44.4264,26.1406
2022-01-11 12:00:00,2022-01-11 13:00:00,14.910000000000000000,ug.m-3,44.4264,26.1406
2022-01-11 13:00:00,2022-01-11 14:00:00,16.510000000000000000,ug.m-3,44.4264,26.1406
2022-01-11 14:00:00,2022-01-11 15:00:00,19.530000000000000000,ug.m-3,44.4264,26.1406
2022-01-11 15:00:00,2022-01-11 16:00:00,22.410000000000000000,ug.m-3,44.4264,26.1406
2022-01-11 16:00:00,2022-01-11 17:00:00,19.170000000000000000,ug.m-3,44.4264,26.1406
2022-01-11 17:00:00,2022-01-11 18:00:00,19.580000000000000000,ug.m-3,44.4264,26.1406
2022-01-11 18:00:00,2022-01-11 19:00:00,16.500000000000000000,ug.m-3,44.4264,26.1406
2022-01-11 19:00:00,2022-01-11 20:00:00,16.380000000000000000,ug.m-3,44.4264,26.1406
2022-01-11 20:00:00,2022-01-11 21:00:00,17.190000000000000000,ug.m-3,44.4264,26.1406
2022-01-11 21:00:00,2022-01-11 22:00:00,15.830000000000000000,ug.m-3,44.4264,26.1406
2022-01-11 22:00:00,2022-01-11 23:00:00,12.950000000000000000,ug.m-3,44.4264,26.1406
2022-01-11 23:00:00,2022-01-12 00:00:00,12.500000000000000000,ug.m-3,44.4264,26.1406
2022-01-12 00:00:00,2022-01-12 01:00:00,10.770000000000000000,ug.m-3,44.4264,26.1406
2022-01-12 01:00:00,2022-01-12 02:00:00,11.520000000000000000,ug.m-3,44.4264,26.1406
2022-01-12 02:00:00,2022-01-12 03:00:00,9.570000000000000000,ug.m-3,44.4264,26.1406
2022-01-12 03:00:00,2022-01-12 04:00:00,11.560000000000000000,ug.m-3,44.4264,26.1406
2022-01-12 04:00:00,2022-01-12 05:00:00,10.020000000000000000,ug.m-3,44.4264,26.1406
2022-01-12 05:00:00,2022-01-12 06:00:00,8.690000000000000000,ug.m-3,44.4264,26.1406
2022-01-12 06:00:00,2022-01-12 07:00:00,12.190000000000000000,ug.m-3,44.4264,26.1406
2022-01-12 07:00:00,2022-01-12 08:00:00,17.400000000000000000,ug.m-3,44.4264,26.1406
2022-01-12 08:00:00,2022-01-12 09:00:00,18.510000000000000000,ug.m-3,44.4264,26.1406
2022-01-12 09:00:00,2022-01-12 10:00:00,19.960000000000000000,ug.m-3,44.4264,26.1406
2022-01-12 10:00:00,2022-01-12 11:00:00,15.270000000000000000,ug.m-3,44.4264,26.1406
2022-01-12 11:00:00,2022-01-12 12:00:00,17.820000000000000000,ug.m-3,44.4264,26.1406
2022-01-12 12:00:00,2022-01-12 13:00:00,20.650000000000000000,ug.m-3,44.4264,26.1406
2022-01-12 13:00:00,2022-01-12 14:00:00,21.260000000000000000,ug.m-3,44.4264,26.1406
2022-01-12 14:00:00,2022-01-12 15:00:00,19.900000000000000000,ug.m-3,44.4264,26.1406
2022-01-12 15:00:00,2022-01-12 16:00:00,18.010000000000000000,ug.m-3,44.4264,26.1406
2022-01-12 16:00:00,2022-01-12 17:00:00,21.260000000000000000,ug.m-3,44.4264,26.1406
2022-01-12 17:00:00,2022-01-12 18:00:00,22.540000000000000000,ug.m-3,44.4264,26.1406
2022-01-12 18:00:00,2022-01-12 19:00:00,20.540000000000000000,ug.m-3,44.4264,26.1406
2022-01-12 19:00:00,2022-01-12 20:00:00,25.590000000000000000,ug.m-3,44.4264,26.1406
2022-01-12 20:00:00,2022-01-12 21:00:00,26.440000000000000000,ug.m-3,44.4264,26.1406
2022-01-12 21:00:00,2022-01-12 22:00:00,28.840000000000000000,ug.m-3,44.4264,26.1406
2022-01-12 22:00:00,2022-01-12 23:00:00,26.970000000000000000,ug.m-3,44.4264,26.1406
2022-01-12 23:00:00,2022-01-13 00:00:00,22.060000000000000000,ug.m-3,44.4264,26.1406
2022-01-13 00:00:00,2022-01-13 01:00:00,19.170000000000000000,ug.m-3,44.4264,26.1406
2022-01-13 01:00:00,2022-01-13 02:00:00,24.380000000000000000,ug.m-3,44.4264,26.1406
2022-01-13 02:00:00,2022-01-13 03:00:00,19.090000000000000000,ug.m-3,44.4264,26.1406
2022-01-13 03:00:00,2022-01-13 04:00:00,22.330000000000000000,ug.m-3,44.4264,26.1406
2022-01-13 04:00:00,2022-01-13 05:00:00,25.460000000000000000,ug.m-3,44.4264,26.1406
2022-01-13 05:00:00,2022-01-13 06:00:00,31.620000000000000000,ug.m-3,44.4264,26.1406
2022-01-13 06:00:00,2022-01-13 07:00:00,43.910000000000000000,ug.m-3,44.4264,26.1406
2022-01-13 07:00:00,2022-01-13 08:00:00,45.600000000000000000,ug.m-3,44.4264,26.1406
2022-01-13 08:00:00,2022-01-13 09:00:00,39.820000000000000000,ug.m-3,44.4264,26.1406
2022-01-13 09:00:00,2022-01-13 10:00:00,31.870000000000000000,ug.m-3,44.4264,26.1406
2022-01-13 10:00:00,2022-01-13 11:00:00,31.060000000000000000,ug.m-3,44.4264,26.1406
2022-01-13 11:00:00,2022-01-13 12:00:00,31.240000000000000000,ug.m-3,44.4264,26.1406
2022-01-13 12:00:00,2022-01-13 13:00:00,23.400000000000000000,ug.m-3,44.4264,26.1406
2022-01-13 13:00:00,2022-01-13 14:00:00,20.270000000000000000,ug.m-3,44.4264,26.1406
2022-01-13 14:00:00,2022-01-13 15:00:00,26.130000000000000000,ug.m-3,44.4264,26.1406
2022-01-13 15:00:00,2022-01-13 16:00:00,24.290000000000000000,ug.m-3,44.4264,26.1406
2022-01-13 16:00:00,2022-01-13 17:00:00,30.120000000000000000,ug.m-3,44.4264,26.1406
2022-01-13 17:00:00,2022-01-13 18:00:00,31.370000000000000000,ug.m-3,44.4264,26.1406
2022-01-13 18:00:00,2022-01-13 19:00:00,30.330000000000000000,ug.m-3,44.4264,26.1406
2022-01-13 19:00:00,2022-01-13 20:00:00,35.790000000000000000,ug.m-3,44.4264,26.1406
2022-01-13 20:00:00,2022-01-13 21:00:00,31.850000000000000000,ug.m-3,44.4264,26.1406
2022-01-13 21:00:00,2022-01-13 22:00:00,31.920000000000000000,ug.m-3,44.4264,26.1406
2022-01-13 22:00:00,2022-01-13 23:00:00,30.150000000000000000,ug.m-3,44.4264,26.1406
2022-01-13 23:00:00,2022-01-14 00:00:00,31.170000000000000000,ug.m-3,44.4264,26.1406
2022-01-14 00:00:00,2022-01-14 01:00:00,33.750000000000000000,ug.m-3,44.4264,26.1406
2022-01-14 01:00:00,2022-01-14 02:00:00,37.180000000000000000,ug.m-3,44.4264,26.1406
2022-01-14 02:00:00,2022-01-14 03:00:00,35.190000000000000000,ug.m-3,44.4264,26.1406
2022-01-14 03:00:00,2022-01-14 04:00:00,34.570000000000000000,ug.m-3,44.4264,26.1406
2022-01-14 04:00:00,2022-01-14 05:00:00,32.730000000000000000,ug.m-3,44.4264,26.1406
2022-01-14 05:00:00,2022-01-14 06:00:00,35.070000000000000000,ug.m-3,44.4264,26.1406
2022-01-14 06:00:00,2022-01-14 07:00:00,38.550000000000000000,ug.m-3,44.4264,26.1406
2022-01-14 07:00:00,2022-01-14 08:00:00,38.500000000000000000,ug.m-3,44.4264,26.1406
2022-01-14 08:00:00,2022-01-14 09:00:00,40.950000000000000000,ug.m-3,44.4264,26.1406
2022-01-14 09:00:00,2022-01-14 10:00:00,40.770000000000000000,ug.m-3,44.4264,26.1406
2022-01-14 10:00:00,2022-01-14 11:00:00,34.430000000000000000,ug.m-3,44.4264,26.1406
2022-01-14 11:00:00,2022-01-14 12:00:00,29.710000000000000000,ug.m-3,44.4264,26.1406
2022-01-14 12:00:00,2022-01-14 13:00:00,29.230000000000000000,ug.m-3,44.4264,26.1406
2022-01-14 13:00:00,2022-01-14 14:00:00,26.720000000000000000,ug.m-3,44.4264,26.1406
2022-01-14 14:00:00,2022-01-14 15:00:00,24.520000000000000000,ug.m-3,44.4264,26.1406
2022-01-14 15:00:00,2022-01-14 16:00:00,26.510000000000000000,ug.m-3,44.4264,26.1406
2022-01-14 16:00:00,2022-01-14 17:00:00,19.980000000000000000,ug.m-3,44.4264,26.1406
2022-01-14 17:00:00,2022-01-14 18:00:00,24.170000000000000000,ug.m-3,44.4264,26.1406
2022-01-14 18:00:00,2022-01-14 19:00:00,27.470000000000000000,ug.m-3,44.4264,26.1406
2022-01-14 19:00:00,2022-01-14 20:00:00,25.710000000000000000,ug.m-3,44.4264,26.1406
2022-01-14 20:00:00,2022-01-14 21:00:00,20.100000000000000000,ug.m-3,44.4264,26.1406
2022-01-14 21:00:00,2022-01-14 22:00:00,21.830000000000000000,ug.m-3,44.4264,26.1406
2022-01-14 22:00:00,2022-01-14 23:00:00,27.640000000000000000,ug.m-3,44.4264,26.1406
2022-01-14 23:00:00,2022-01-15 00:00:00,35.050000000000000000,ug.m-3,44.4264,26.1406
2022-01-15 00:00:00,2022-01-15 01:00:00,31.260000000000000000,ug.m-3,44.4264,26.1406
2022-01-15 01:00:00,2022-01-15 02:00:00,25.360000000000000000,ug.m-3,44.4264,26.1406
2022-01-15 02:00:00,2022-01-15 03:00:00,17.870000000000000000,ug.m-3,44.4264,26.1406
2022-01-15 03:00:00,2022-01-15 04:00:00,18.710000000000000000,ug.m-3,44.4264,26.1406
2022-01-15 04:00:00,2022-01-15 05:00:00,27.030000000000000000,ug.m-3,44.4264,26.1406
2022-01-15 05:00:00,2022-01-15 06:00:00,25.070000000000000000,ug.m-3,44.4264,26.1406
2022-01-15 06:00:00,2022-01-15 07:00:00,24.450000000000000000,ug.m-3,44.4264,26.1406
2022-01-15 07:00:00,2022-01-15 08:00:00,22.350000000000000000,ug.m-3,44.4264,26.1406
2022-01-15 08:00:00,2022-01-15 09:00:00,24.370000000000000000,ug.m-3,44.4264,26.1406
2022-01-15 09:00:00,2022-01-15 10:00:00,26.930000000000000000,ug.m-3,44.4264,26.1406
2022-01-15 10:00:00,2022-01-15 11:00:00,20.540000000000000000,ug.m-3,44.4264,26.1406
2022-01-15 11:00:00,2022-01-15 12:00:00,20.960000000000000000,ug.m-3,44.4264,26.1406
2022-01-15 12:00:00,2022-01-15 13:00:00,19.450000000000000000,ug.m-3,44.4264,26.1406
2022-01-15 13:00:00,2022-01-15 14:00:00,17.770000000000000000,ug.m-3,44.4264,26.1406
2022-01-15 14:00:00,2022-01-15 15:00:00,12.660000000000000000,ug.m-3,44.4264,26.1406
2022-01-15 15:00:00,2022-01-15 16:00:00,10.890000000000000000,ug.m-3,44.4264,26.1406
2022-01-15 16:00:00,2022-01-15 17:00:00,16.220000000000000000,ug.m-3,44.4264,26.1406
2022-01-15 17:00:00,2022-01-15 18:00:00,23.690000000000000000,ug.m-3,44.4264,26.1406
2022-01-15 18:00:00,2022-01-15 19:00:00,28.350000000000000000,ug.m-3,44.4264,26.1406
2022-01-15 19:00:00,2022-01-15 20:00:00,54.350000000000000000,ug.m-3,44.4264,26.1406
2022-01-15 20:00:00,2022-01-15 21:00:00,50.520000000000000000,ug.m-3,44.4264,26.1406
2022-01-15 21:00:00,2022-01-15 22:00:00,81.600000000000000000,ug.m-3,44.4264,26.1406
2022-01-15 22:00:00,2022-01-15 23:00:00,79.410000000000000000,ug.m-3,44.4264,26.1406
2022-01-15 23:00:00,2022-01-16 00:00:00,77.450000000000000000,ug.m-3,44.4264,26.1406
2022-01-16 00:00:00,2022-01-16 01:00:00,101.400000000000000000,ug.m-3,44.4264,26.1406
2022-01-16 01:00:00,2022-01-16 02:00:00,78.570000000000000000,ug.m-3,44.4264,26.1406
2022-01-16 02:00:00,2022-01-16 03:00:00,41.050000000000000000,ug.m-3,44.4264,26.1406
2022-01-16 03:00:00,2022-01-16 04:00:00,41.620000000000000000,ug.m-3,44.4264,26.1406
2022-01-16 04:00:00,2022-01-16 05:00:00,35.160000000000000000,ug.m-3,44.4264,26.1406
2022-01-16 05:00:00,2022-01-16 06:00:00,27.580000000000000000,ug.m-3,44.4264,26.1406
2022-01-16 06:00:00,2022-01-16 07:00:00,26.340000000000000000,ug.m-3,44.4264,26.1406
2022-01-16 07:00:00,2022-01-16 08:00:00,27.900000000000000000,ug.m-3,44.4264,26.1406
2022-01-16 08:00:00,2022-01-16 09:00:00,25.790000000000000000,ug.m-3,44.4264,26.1406
2022-01-16 09:00:00,2022-01-16 10:00:00,30.340000000000000000,ug.m-3,44.4264,26.1406
2022-01-16 10:00:00,2022-01-16 11:00:00,33.360000000000000000,ug.m-3,44.4264,26.1406
2022-01-16 11:00:00,2022-01-16 12:00:00,36.230000000000000000,ug.m-3,44.4264,26.1406
2022-01-16 12:00:00,2022-01-16 13:00:00,33.550000000000000000,ug.m-3,44.4264,26.1406
2022-01-16 13:00:00,2022-01-16 14:00:00,25.610000000000000000,ug.m-3,44.4264,26.1406
2022-01-16 14:00:00,2022-01-16 15:00:00,28.840000000000000000,ug.m-3,44.4264,26.1406
2022-01-16 15:00:00,2022-01-16 16:00:00,25.390000000000000000,ug.m-3,44.4264,26.1406
2022-01-16 16:00:00,2022-01-16 17:00:00,28.690000000000000000,ug.m-3,44.4264,26.1406
2022-01-16 17:00:00,2022-01-16 18:00:00,40.160000000000000000,ug.m-3,44.4264,26.1406
2022-01-16 18:00:00,2022-01-16 19:00:00,42.610000000000000000,ug.m-3,44.4264,26.1406
2022-01-16 19:00:00,2022-01-16 20:00:00,40.390000000000000000,ug.m-3,44.4264,26.1406
2022-01-16 20:00:00,2022-01-16 21:00:00,38.970000000000000000,ug.m-3,44.4264,26.1406
2022-01-16 21:00:00,2022-01-16 22:00:00,40.240000000000000000,ug.m-3,44.4264,26.1406
2022-01-16 22:00:00,2022-01-16 23:00:00,45.450000000000000000,ug.m-3,44.4264,26.1406
2022-01-16 23:00:00,2022-01-17 00:00:00,41.260000000000000000,ug.m-3,44.4264,26.1406
2022-01-17 00:00:00,2022-01-17 01:00:00,37.210000000000000000,ug.m-3,44.4264,26.1406
2022-01-17 01:00:00,2022-01-17 02:00:00,32.760000000000000000,ug.m-3,44.4264,26.1406
2022-01-17 02:00:00,2022-01-17 03:00:00,34.500000000000000000,ug.m-3,44.4264,26.1406
2022-01-17 03:00:00,2022-01-17 04:00:00,33.600000000000000000,ug.m-3,44.4264,26.1406
2022-01-17 04:00:00,2022-01-17 05:00:00,34.060000000000000000,ug.m-3,44.4264,26.1406
2022-01-17 05:00:00,2022-01-17 06:00:00,30.330000000000000000,ug.m-3,44.4264,26.1406
2022-01-17 06:00:00,2022-01-17 07:00:00,31.410000000000000000,ug.m-3,44.4264,26.1406
2022-01-17 07:00:00,2022-01-17 08:00:00,39.950000000000000000,ug.m-3,44.4264,26.1406
2022-01-17 08:00:00,2022-01-17 09:00:00,32.610000000000000000,ug.m-3,44.4264,26.1406
2022-01-17 09:00:00,2022-01-17 10:00:00,27.980000000000000000,ug.m-3,44.4264,26.1406
2022-01-17 10:00:00,2022-01-17 11:00:00,24.140000000000000000,ug.m-3,44.4264,26.1406
2022-01-17 11:00:00,2022-01-17 12:00:00,30.410000000000000000,ug.m-3,44.4264,26.1406
2022-01-17 12:00:00,2022-01-17 13:00:00,24.250000000000000000,ug.m-3,44.4264,26.1406
2022-01-17 13:00:00,2022-01-17 14:00:00,22.060000000000000000,ug.m-3,44.4264,26.1406
2022-01-17 14:00:00,2022-01-17 15:00:00,17.910000000000000000,ug.m-3,44.4264,26.1406
2022-01-17 15:00:00,2022-01-17 16:00:00,25.250000000000000000,ug.m-3,44.4264,26.1406
2022-01-17 16:00:00,2022-01-17 17:00:00,21.990000000000000000,ug.m-3,44.4264,26.1406
2022-01-17 17:00:00,2022-01-17 18:00:00,17.690000000000000000,ug.m-3,44.4264,26.1406
2022-01-17 18:00:00,2022-01-17 19:00:00,16.440000000000000000,ug.m-3,44.4264,26.1406
2022-01-17 19:00:00,2022-01-17 20:00:00,17.430000000000000000,ug.m-3,44.4264,26.1406
2022-01-17 20:00:00,2022-01-17 21:00:00,14.300000000000000000,ug.m-3,44.4264,26.1406
2022-01-17 21:00:00,2022-01-17 22:00:00,17.470000000000000000,ug.m-3,44.4264,26.1406
2022-01-17 22:00:00,2022-01-17 23:00:00,14.980000000000000000,ug.m-3,44.4264,26.1406
2022-01-17 23:00:00,2022-01-18 00:00:00,14.400000000000000000,ug.m-3,44.4264,26.1406
2022-01-18 00:00:00,2022-01-18 01:00:00,11.220000000000000000,ug.m-3,44.4264,26.1406
2022-01-18 01:00:00,2022-01-18 02:00:00,8.970000000000000000,ug.m-3,44.4264,26.1406
2022-01-18 02:00:00,2022-01-18 03:00:00,5.250000000000000000,ug.m-3,44.4264,26.1406
2022-01-18 03:00:00,2022-01-18 04:00:00,3.340000000000000000,ug.m-3,44.4264,26.1406
2022-01-18 04:00:00,2022-01-18 05:00:00,4.690000000000000000,ug.m-3,44.4264,26.1406
2022-01-18 05:00:00,2022-01-18 06:00:00,7.750000000000000000,ug.m-3,44.4264,26.1406
2022-01-18 06:00:00,2022-01-18 07:00:00,10.070000000000000000,ug.m-3,44.4264,26.1406
2022-01-18 07:00:00,2022-01-18 08:00:00,18.310000000000000000,ug.m-3,44.4264,26.1406
2022-01-18 08:00:00,2022-01-18 09:00:00,16.960000000000000000,ug.m-3,44.4264,26.1406
2022-01-18 09:00:00,2022-01-18 10:00:00,16.160000000000000000,ug.m-3,44.4264,26.1406
2022-01-18 10:00:00,2022-01-18 11:00:00,12.270000000000000000,ug.m-3,44.4264,26.1406
2022-01-18 11:00:00,2022-01-18 12:00:00,17.240000000000000000,ug.m-3,44.4264,26.1406
2022-01-18 12:00:00,2022-01-18 13:00:00,12.640000000000000000,ug.m-3,44.4264,26.1406
2022-01-18 13:00:00,2022-01-18 14:00:00,8.280000000000000000,ug.m-3,44.4264,26.1406
2022-01-18 14:00:00,2022-01-18 15:00:00,7.080000000000000000,ug.m-3,44.4264,26.1406
2022-01-18 15:00:00,2022-01-18 16:00:00,12.630000000000000000,ug.m-3,44.4264,26.1406
2022-01-18 16:00:00,2022-01-18 17:00:00,13.260000000000000000,ug.m-3,44.4264,26.1406
2022-01-18 17:00:00,2022-01-18 18:00:00,19.110000000000000000,ug.m-3,44.4264,26.1406
2022-01-18 18:00:00,2022-01-18 19:00:00,18.670000000000000000,ug.m-3,44.4264,26.1406
2022-01-18 19:00:00,2022-01-18 20:00:00,21.630000000000000000,ug.m-3,44.4264,26.1406
2022-01-18 20:00:00,2022-01-18 21:00:00,23.740000000000000000,ug.m-3,44.4264,26.1406
2022-01-18 21:00:00,2022-01-18 22:00:00,17.300000000000000000,ug.m-3,44.4264,26.1406
2022-01-18 22:00:00,2022-01-18 23:00:00,17.250000000000000000,ug.m-3,44.4264,26.1406
2022-01-18 23:00:00,2022-01-19 00:00:00,13.090000000000000000,ug.m-3,44.4264,26.1406
2022-01-19 00:00:00,2022-01-19 01:00:00,10.540000000000000000,ug.m-3,44.4264,26.1406
2022-01-19 01:00:00,2022-01-19 02:00:00,10.110000000000000000,ug.m-3,44.4264,26.1406
2022-01-19 02:00:00,2022-01-19 03:00:00,12.220000000000000000,ug.m-3,44.4264,26.1406
2022-01-19 03:00:00,2022-01-19 04:00:00,12.590000000000000000,ug.m-3,44.4264,26.1406
2022-01-19 04:00:00,2022-01-19 05:00:00,10.780000000000000000,ug.m-3,44.4264,26.1406
2022-01-19 05:00:00,2022-01-19 06:00:00,8.550000000000000000,ug.m-3,44.4264,26.1406
2022-01-19 06:00:00,2022-01-19 07:00:00,17.940000000000000000,ug.m-3,44.4264,26.1406
2022-01-19 07:00:00,2022-01-19 08:00:00,38.580000000000000000,ug.m-3,44.4264,26.1406
2022-01-19 08:00:00,2022-01-19 09:00:00,56.240000000000000000,ug.m-3,44.4264,26.1406
2022-01-19 09:00:00,2022-01-19 10:00:00,38.540000000000000000,ug.m-3,44.4264,26.1406
2022-01-19 10:00:00,2022-01-19 11:00:00,25.590000000000000000,ug.m-3,44.4264,26.1406
2022-01-19 11:00:00,2022-01-19 12:00:00,15.440000000000000000,ug.m-3,44.4264,26.1406
2022-01-19 12:00:00,2022-01-19 13:00:00,11.530000000000000000,ug.m-3,44.4264,26.1406
2022-01-19 13:00:00,2022-01-19 14:00:00,17.630000000000000000,ug.m-3,44.4264,26.1406
2022-01-19 14:00:00,2022-01-19 15:00:00,17.560000000000000000,ug.m-3,44.4264,26.1406
2022-01-19 15:00:00,2022-01-19 16:00:00,22.960000000000000000,ug.m-3,44.4264,26.1406
2022-01-19 16:00:00,2022-01-19 17:00:00,24.700000000000000000,ug.m-3,44.4264,26.1406
2022-01-19 17:00:00,2022-01-19 18:00:00,20.230000000000000000,ug.m-3,44.4264,26.1406
2022-01-19 18:00:00,2022-01-19 19:00:00,24.160000000000000000,ug.m-3,44.4264,26.1406
2022-01-19 19:00:00,2022-01-19 20:00:00,28.700000000000000000,ug.m-3,44.4264,26.1406
2022-01-19 20:00:00,2022-01-19 21:00:00,23.360000000000000000,ug.m-3,44.4264,26.1406
2022-01-19 21:00:00,2022-01-19 22:00:00,25.940000000000000000,ug.m-3,44.4264,26.1406
2022-01-19 22:00:00,2022-01-19 23:00:00,27.200000000000000000,ug.m-3,44.4264,26.1406
2022-01-19 23:00:00,2022-01-20 00:00:00,24.240000000000000000,ug.m-3,44.4264,26.1406
2022-01-20 00:00:00,2022-01-20 01:00:00,27.530000000000000000,ug.m-3,44.4264,26.1406
2022-01-20 01:00:00,2022-01-20 02:00:00,29.690000000000000000,ug.m-3,44.4264,26.1406
2022-01-20 02:00:00,2022-01-20 03:00:00,26.070000000000000000,ug.m-3,44.4264,26.1406
2022-01-20 03:00:00,2022-01-20 04:00:00,31.030000000000000000,ug.m-3,44.4264,26.1406
2022-01-20 04:00:00,2022-01-20 05:00:00,31.460000000000000000,ug.m-3,44.4264,26.1406
2022-01-20 05:00:00,2022-01-20 06:00:00,31.600000000000000000,ug.m-3,44.4264,26.1406
2022-01-20 06:00:00,2022-01-20 07:00:00,33.360000000000000000,ug.m-3,44.4264,26.1406
2022-01-20 07:00:00,2022-01-20 08:00:00,35.610000000000000000,ug.m-3,44.4264,26.1406
2022-01-20 08:00:00,2022-01-20 09:00:00,36.660000000000000000,ug.m-3,44.4264,26.1406
2022-01-20 09:00:00,2022-01-20 10:00:00,32.320000000000000000,ug.m-3,44.4264,26.1406
2022-01-20 10:00:00,2022-01-20 11:00:00,28.960000000000000000,ug.m-3,44.4264,26.1406
2022-01-20 11:00:00,2022-01-20 12:00:00,32.700000000000000000,ug.m-3,44.4264,26.1406
2022-01-20 12:00:00,2022-01-20 13:00:00,31.710000000000000000,ug.m-3,44.4264,26.1406
2022-01-20 13:00:00,2022-01-20 14:00:00,30.120000000000000000,ug.m-3,44.4264,26.1406
2022-01-20 14:00:00,2022-01-20 15:00:00,28.880000000000000000,ug.m-3,44.4264,26.1406
2022-01-20 15:00:00,2022-01-20 16:00:00,24.890000000000000000,ug.m-3,44.4264,26.1406
2022-01-20 16:00:00,2022-01-20 17:00:00,22.460000000000000000,ug.m-3,44.4264,26.1406
2022-01-20 17:00:00,2022-01-20 18:00:00,20.180000000000000000,ug.m-3,44.4264,26.1406
2022-01-20 18:00:00,2022-01-20 19:00:00,16.440000000000000000,ug.m-3,44.4264,26.1406
2022-01-20 19:00:00,2022-01-20 20:00:00,12.140000000000000000,ug.m-3,44.4264,26.1406
2022-01-20 20:00:00,2022-01-20 21:00:00,14.550000000000000000,ug.m-3,44.4264,26.1406
2022-01-20 21:00:00,2022-01-20 22:00:00,13.710000000000000000,ug.m-3,44.4264,26.1406
2022-01-20 22:00:00,2022-01-20 23:00:00,17.520000000000000000,ug.m-3,44.4264,26.1406
2022-01-20 23:00:00,2022-01-21 00:00:00,13.460000000000000000,ug.m-3,44.4264,26.1406
2022-01-21 00:00:00,2022-01-21 01:00:00,14.360000000000000000,ug.m-3,44.4264,26.1406
2022-01-21 01:00:00,2022-01-21 02:00:00,11.710000000000000000,ug.m-3,44.4264,26.1406
2022-01-21 02:00:00,2022-01-21 03:00:00,12.900000000000000000,ug.m-3,44.4264,26.1406
2022-01-21 03:00:00,2022-01-21 04:00:00,10.890000000000000000,ug.m-3,44.4264,26.1406
2022-01-21 04:00:00,2022-01-21 05:00:00,9.930000000000000000,ug.m-3,44.4264,26.1406
2022-01-21 05:00:00,2022-01-21 06:00:00,12.550000000000000000,ug.m-3,44.4264,26.1406
2022-01-21 06:00:00,2022-01-21 07:00:00,19.600000000000000000,ug.m-3,44.4264,26.1406
2022-01-21 07:00:00,2022-01-21 08:00:00,17.080000000000000000,ug.m-3,44.4264,26.1406
2022-01-21 08:00:00,2022-01-21 09:00:00,24.650000000000000000,ug.m-3,44.4264,26.1406
2022-01-21 09:00:00,2022-01-21 10:00:00,31.000000000000000000,ug.m-3,44.4264,26.1406
2022-01-21 10:00:00,2022-01-21 11:00:00,18.970000000000000000,ug.m-3,44.4264,26.1406
2022-01-21 11:00:00,2022-01-21 12:00:00,13.970000000000000000,ug.m-3,44.4264,26.1406
2022-01-21 12:00:00,2022-01-21 13:00:00,14.320000000000000000,ug.m-3,44.4264,26.1406
2022-01-21 13:00:00,2022-01-21 14:00:00,15.260000000000000000,ug.m-3,44.4264,26.1406
2022-01-21 14:00:00,2022-01-21 15:00:00,16.050000000000000000,ug.m-3,44.4264,26.1406
2022-01-21 15:00:00,2022-01-21 16:00:00,17.730000000000000000,ug.m-3,44.4264,26.1406
2022-01-21 16:00:00,2022-01-21 17:00:00,18.010000000000000000,ug.m-3,44.4264,26.1406
2022-01-21 17:00:00,2022-01-21 18:00:00,18.010000000000000000,ug.m-3,44.4264,26.1406
2022-01-21 18:00:00,2022-01-21 19:00:00,14.750000000000000000,ug.m-3,44.4264,26.1406
2022-01-21 19:00:00,2022-01-21 20:00:00,16.470000000000000000,ug.m-3,44.4264,26.1406
2022-01-21 20:00:00,2022-01-21 21:00:00,23.160000000000000000,ug.m-3,44.4264,26.1406
2022-01-21 21:00:00,2022-01-21 22:00:00,14.190000000000000000,ug.m-3,44.4264,26.1406
2022-01-21 22:00:00,2022-01-21 23:00:00,14.230000000000000000,ug.m-3,44.4264,26.1406
2022-01-21 23:00:00,2022-01-22 00:00:00,16.390000000000000000,ug.m-3,44.4264,26.1406
2022-01-22 00:00:00,2022-01-22 01:00:00,13.500000000000000000,ug.m-3,44.4264,26.1406
2022-01-22 01:00:00,2022-01-22 02:00:00,13.570000000000000000,ug.m-3,44.4264,26.1406
2022-01-22 02:00:00,2022-01-22 03:00:00,15.490000000000000000,ug.m-3,44.4264,26.1406
2022-01-22 03:00:00,2022-01-22 04:00:00,13.860000000000000000,ug.m-3,44.4264,26.1406
2022-01-22 04:00:00,2022-01-22 05:00:00,13.830000000000000000,ug.m-3,44.4264,26.1406
2022-01-22 05:00:00,2022-01-22 06:00:00,12.960000000000000000,ug.m-3,44.4264,26.1406
2022-01-22 06:00:00,2022-01-22 07:00:00,12.340000000000000000,ug.m-3,44.4264,26.1406
2022-01-22 07:00:00,2022-01-22 08:00:00,12.960000000000000000,ug.m-3,44.4264,26.1406
2022-01-22 08:00:00,2022-01-22 09:00:00,16.540000000000000000,ug.m-3,44.4264,26.1406
2022-01-22 09:00:00,2022-01-22 10:00:00,21.580000000000000000,ug.m-3,44.4264,26.1406
2022-01-22 10:00:00,2022-01-22 11:00:00,20.240000000000000000,ug.m-3,44.4264,26.1406
2022-01-22 11:00:00,2022-01-22 12:00:00,11.990000000000000000,ug.m-3,44.4264,26.1406
2022-01-22 12:00:00,2022-01-22 13:00:00,7.790000000000000000,ug.m-3,44.4264,26.1406
2022-01-22 13:00:00,2022-01-22 14:00:00,10.230000000000000000,ug.m-3,44.4264,26.1406
2022-01-22 14:00:00,2022-01-22 15:00:00,7.710000000000000000,ug.m-3,44.4264,26.1406
2022-01-22 15:00:00,2022-01-22 16:00:00,12.250000000000000000,ug.m-3,44.4264,26.1406
2022-01-22 16:00:00,2022-01-22 17:00:00,13.790000000000000000,ug.m-3,44.4264,26.1406
2022-01-22 17:00:00,2022-01-22 18:00:00,15.640000000000000000,ug.m-3,44.4264,26.1406
2022-01-22 18:00:00,2022-01-22 19:00:00,12.450000000000000000,ug.m-3,44.4264,26.1406
2022-01-22 19:00:00,2022-01-22 20:00:00,12.770000000000000000,ug.m-3,44.4264,26.1406
2022-01-22 20:00:00,2022-01-22 21:00:00,26.890000000000000000,ug.m-3,44.4264,26.1406
2022-01-22 21:00:00,2022-01-22 22:00:00,40.880000000000000000,ug.m-3,44.4264,26.1406
2022-01-22 22:00:00,2022-01-22 23:00:00,36.600000000000000000,ug.m-3,44.4264,26.1406
2022-01-22 23:00:00,2022-01-23 00:00:00,32.720000000000000000,ug.m-3,44.4264,26.1406
2022-01-23 00:00:00,2022-01-23 01:00:00,25.660000000000000000,ug.m-3,44.4264,26.1406
2022-01-23 01:00:00,2022-01-23 02:00:00,21.190000000000000000,ug.m-3,44.4264,26.1406
2022-01-23 02:00:00,2022-01-23 03:00:00,26.430000000000000000,ug.m-3,44.4264,26.1406
2022-01-23 03:00:00,2022-01-23 04:00:00,29.620000000000000000,ug.m-3,44.4264,26.1406
2022-01-23 04:00:00,2022-01-23 05:00:00,27.480000000000000000,ug.m-3,44.4264,26.1406
2022-01-23 05:00:00,2022-01-23 06:00:00,20.910000000000000000,ug.m-3,44.4264,26.1406
2022-01-23 06:00:00,2022-01-23 07:00:00,23.070000000000000000,ug.m-3,44.4264,26.1406
2022-01-23 07:00:00,2022-01-23 08:00:00,23.930000000000000000,ug.m-3,44.4264,26.1406
2022-01-23 08:00:00,2022-01-23 09:00:00,23.330000000000000000,ug.m-3,44.4264,26.1406
2022-01-23 09:00:00,2022-01-23 10:00:00,21.600000000000000000,ug.m-3,44.4264,26.1406
2022-01-23 10:00:00,2022-01-23 11:00:00,25.300000000000000000,ug.m-3,44.4264,26.1406
2022-01-23 11:00:00,2022-01-23 12:00:00,19.830000000000000000,ug.m-3,44.4264,26.1406
2022-01-23 12:00:00,2022-01-23 13:00:00,20.240000000000000000,ug.m-3,44.4264,26.1406
2022-01-23 13:00:00,2022-01-23 14:00:00,18.210000000000000000,ug.m-3,44.4264,26.1406
2022-01-23 14:00:00,2022-01-23 15:00:00,14.140000000000000000,ug.m-3,44.4264,26.1406
2022-01-23 15:00:00,2022-01-23 16:00:00,10.500000000000000000,ug.m-3,44.4264,26.1406
2022-01-23 16:00:00,2022-01-23 17:00:00,22.710000000000000000,ug.m-3,44.4264,26.1406
2022-01-23 17:00:00,2022-01-23 18:00:00,37.220000000000000000,ug.m-3,44.4264,26.1406
2022-01-23 18:00:00,2022-01-23 19:00:00,40.390000000000000000,ug.m-3,44.4264,26.1406
2022-01-23 19:00:00,2022-01-23 20:00:00,21.920000000000000000,ug.m-3,44.4264,26.1406
2022-01-23 20:00:00,2022-01-23 21:00:00,24.620000000000000000,ug.m-3,44.4264,26.1406
2022-01-23 21:00:00,2022-01-23 22:00:00,20.630000000000000000,ug.m-3,44.4264,26.1406
2022-01-23 22:00:00,2022-01-23 23:00:00,14.120000000000000000,ug.m-3,44.4264,26.1406
2022-01-23 23:00:00,2022-01-24 00:00:00,15.190000000000000000,ug.m-3,44.4264,26.1406
2022-01-24 00:00:00,2022-01-24 01:00:00,17.980000000000000000,ug.m-3,44.4264,26.1406
2022-01-24 01:00:00,2022-01-24 02:00:00,13.470000000000000000,ug.m-3,44.4264,26.1406
2022-01-24 02:00:00,2022-01-24 03:00:00,15.130000000000000000,ug.m-3,44.4264,26.1406
2022-01-24 03:00:00,2022-01-24 04:00:00,13.960000000000000000,ug.m-3,44.4264,26.1406
2022-01-24 04:00:00,2022-01-24 05:00:00,20.220000000000000000,ug.m-3,44.4264,26.1406
2022-01-24 05:00:00,2022-01-24 06:00:00,21.740000000000000000,ug.m-3,44.4264,26.1406
2022-01-24 06:00:00,2022-01-24 07:00:00,17.600000000000000000,ug.m-3,44.4264,26.1406
2022-01-24 07:00:00,2022-01-24 08:00:00,18.790000000000000000,ug.m-3,44.4264,26.1406
2022-01-24 08:00:00,2022-01-24 09:00:00,19.040000000000000000,ug.m-3,44.4264,26.1406
2022-01-24 09:00:00,2022-01-24 10:00:00,13.360000000000000000,ug.m-3,44.4264,26.1406
2022-01-24 10:00:00,2022-01-24 11:00:00,14.870000000000000000,ug.m-3,44.4264,26.1406
2022-01-24 11:00:00,2022-01-24 12:00:00,13.200000000000000000,ug.m-3,44.4264,26.1406
2022-01-24 12:00:00,2022-01-24 13:00:00,10.590000000000000000,ug.m-3,44.4264,26.1406
2022-01-24 13:00:00,2022-01-24 14:00:00,11.990000000000000000,ug.m-3,44.4264,26.1406
2022-01-24 14:00:00,2022-01-24 15:00:00,12.960000000000000000,ug.m-3,44.4264,26.1406
2022-01-24 15:00:00,2022-01-24 16:00:00,16.210000000000000000,ug.m-3,44.4264,26.1406
2022-01-24 16:00:00,2022-01-24 17:00:00,20.440000000000000000,ug.m-3,44.4264,26.1406
2022-01-24 17:00:00,2022-01-24 18:00:00,24.470000000000000000,ug.m-3,44.4264,26.1406
2022-01-24 18:00:00,2022-01-24 19:00:00,26.370000000000000000,ug.m-3,44.4264,26.1406
2022-01-24 19:00:00,2022-01-24 20:00:00,24.670000000000000000,ug.m-3,44.4264,26.1406
2022-01-24 20:00:00,2022-01-24 21:00:00,24.080000000000000000,ug.m-3,44.4264,26.1406
2022-01-24 21:00:00,2022-01-24 22:00:00,28.610000000000000000,ug.m-3,44.4264,26.1406
2022-01-24 22:00:00,2022-01-24 23:00:00,31.850000000000000000,ug.m-3,44.4264,26.1406
2022-01-24 23:00:00,2022-01-25 00:00:00,35.240000000000000000,ug.m-3,44.4264,26.1406
2022-01-25 00:00:00,2022-01-25 01:00:00,37.050000000000000000,ug.m-3,44.4264,26.1406
2022-01-25 01:00:00,2022-01-25 02:00:00,32.250000000000000000,ug.m-3,44.4264,26.1406
2022-01-25 02:00:00,2022-01-25 03:00:00,32.400000000000000000,ug.m-3,44.4264,26.1406
2022-01-25 03:00:00,2022-01-25 04:00:00,32.580000000000000000,ug.m-3,44.4264,26.1406
2022-01-25 04:00:00,2022-01-25 05:00:00,31.800000000000000000,ug.m-3,44.4264,26.1406
2022-01-25 05:00:00,2022-01-25 06:00:00,35.820000000000000000,ug.m-3,44.4264,26.1406
2022-01-25 06:00:00,2022-01-25 07:00:00,42.540000000000000000,ug.m-3,44.4264,26.1406
2022-01-25 07:00:00,2022-01-25 08:00:00,43.690000000000000000,ug.m-3,44.4264,26.1406
2022-01-25 08:00:00,2022-01-25 09:00:00,51.400000000000000000,ug.m-3,44.4264,26.1406
2022-01-25 09:00:00,2022-01-25 10:00:00,50.450000000000000000,ug.m-3,44.4264,26.1406
2022-01-25 10:00:00,2022-01-25 11:00:00,54.370000000000000000,ug.m-3,44.4264,26.1406
2022-01-25 11:00:00,2022-01-25 12:00:00,43.600000000000000000,ug.m-3,44.4264,26.1406
2022-01-25 12:00:00,2022-01-25 13:00:00,32.280000000000000000,ug.m-3,44.4264,26.1406
2022-01-25 13:00:00,2022-01-25 14:00:00,28.640000000000000000,ug.m-3,44.4264,26.1406
2022-01-25 14:00:00,2022-01-25 15:00:00,24.610000000000000000,ug.m-3,44.4264,26.1406
2022-01-25 15:00:00,2022-01-25 16:00:00,24.380000000000000000,ug.m-3,44.4264,26.1406
2022-01-25 16:00:00,2022-01-25 17:00:00,26.410000000000000000,ug.m-3,44.4264,26.1406
2022-01-25 17:00:00,2022-01-25 18:00:00,29.000000000000000000,ug.m-3,44.4264,26.1406
2022-01-25 18:00:00,2022-01-25 19:00:00,33.620000000000000000,ug.m-3,44.4264,26.1406
2022-01-25 19:00:00,2022-01-25 20:00:00,44.150000000000000000,ug.m-3,44.4264,26.1406
2022-01-25 20:00:00,2022-01-25 21:00:00,48.880000000000000000,ug.m-3,44.4264,26.1406
2022-01-25 21:00:00,2022-01-25 22:00:00,50.220000000000000000,ug.m-3,44.4264,26.1406
2022-01-25 22:00:00,2022-01-25 23:00:00,46.950000000000000000,ug.m-3,44.4264,26.1406
2022-01-26 23:00:00,2022-01-27 00:00:00,79.990000000000000000,ug.m-3,44.4264,26.1406
2022-01-27 00:00:00,2022-01-27 01:00:00,65.780000000000000000,ug.m-3,44.4264,26.1406
2022-01-27 01:00:00,2022-01-27 02:00:00,39.970000000000000000,ug.m-3,44.4264,26.1406
2022-01-27 02:00:00,2022-01-27 03:00:00,33.700000000000000000,ug.m-3,44.4264,26.1406
2022-01-27 03:00:00,2022-01-27 04:00:00,33.210000000000000000,ug.m-3,44.4264,26.1406
2022-01-27 04:00:00,2022-01-27 05:00:00,27.280000000000000000,ug.m-3,44.4264,26.1406
2022-01-27 05:00:00,2022-01-27 06:00:00,25.750000000000000000,ug.m-3,44.4264,26.1406
2022-01-27 06:00:00,2022-01-27 07:00:00,31.260000000000000000,ug.m-3,44.4264,26.1406
2022-01-27 07:00:00,2022-01-27 08:00:00,37.420000000000000000,ug.m-3,44.4264,26.1406
2022-01-27 08:00:00,2022-01-27 09:00:00,39.830000000000000000,ug.m-3,44.4264,26.1406
2022-01-27 09:00:00,2022-01-27 10:00:00,42.680000000000000000,ug.m-3,44.4264,26.1406
2022-01-27 10:00:00,2022-01-27 11:00:00,44.000000000000000000,ug.m-3,44.4264,26.1406
2022-01-27 11:00:00,2022-01-27 12:00:00,36.920000000000000000,ug.m-3,44.4264,26.1406
2022-01-27 12:00:00,2022-01-27 13:00:00,32.330000000000000000,ug.m-3,44.4264,26.1406
2022-01-27 13:00:00,2022-01-27 14:00:00,26.760000000000000000,ug.m-3,44.4264,26.1406
2022-01-27 14:00:00,2022-01-27 15:00:00,20.050000000000000000,ug.m-3,44.4264,26.1406
2022-01-27 15:00:00,2022-01-27 16:00:00,24.340000000000000000,ug.m-3,44.4264,26.1406
2022-01-27 16:00:00,2022-01-27 17:00:00,23.620000000000000000,ug.m-3,44.4264,26.1406
2022-01-27 17:00:00,2022-01-27 18:00:00,24.620000000000000000,ug.m-3,44.4264,26.1406
2022-01-27 18:00:00,2022-01-27 19:00:00,24.640000000000000000,ug.m-3,44.4264,26.1406
2022-01-27 19:00:00,2022-01-27 20:00:00,19.100000000000000000,ug.m-3,44.4264,26.1406
2022-01-27 20:00:00,2022-01-27 21:00:00,20.550000000000000000,ug.m-3,44.4264,26.1406
2022-01-27 21:00:00,2022-01-27 22:00:00,22.930000000000000000,ug.m-3,44.4264,26.1406
2022-01-27 22:00:00,2022-01-27 23:00:00,21.320000000000000000,ug.m-3,44.4264,26.1406
2022-01-27 23:00:00,2022-01-28 00:00:00,19.890000000000000000,ug.m-3,44.4264,26.1406
2022-01-28 00:00:00,2022-01-28 01:00:00,23.100000000000000000,ug.m-3,44.4264,26.1406
2022-01-28 01:00:00,2022-01-28 02:00:00,20.810000000000000000,ug.m-3,44.4264,26.1406
2022-01-28 02:00:00,2022-01-28 03:00:00,24.480000000000000000,ug.m-3,44.4264,26.1406
2022-01-28 03:00:00,2022-01-28 04:00:00,21.550000000000000000,ug.m-3,44.4264,26.1406
2022-01-28 04:00:00,2022-01-28 05:00:00,19.420000000000000000,ug.m-3,44.4264,26.1406
2022-01-28 05:00:00,2022-01-28 06:00:00,22.470000000000000000,ug.m-3,44.4264,26.1406
2022-01-28 06:00:00,2022-01-28 07:00:00,25.020000000000000000,ug.m-3,44.4264,26.1406
2022-01-28 07:00:00,2022-01-28 08:00:00,31.410000000000000000,ug.m-3,44.4264,26.1406
2022-01-28 08:00:00,2022-01-28 09:00:00,31.830000000000000000,ug.m-3,44.4264,26.1406
2022-01-28 09:00:00,2022-01-28 10:00:00,23.100000000000000000,ug.m-3,44.4264,26.1406
2022-01-28 11:00:00,2022-01-28 12:00:00,7.950000000000000000,ug.m-3,44.4264,26.1406
2022-01-28 12:00:00,2022-01-28 13:00:00,30.590000000000000000,ug.m-3,44.4264,26.1406
2022-01-28 13:00:00,2022-01-28 14:00:00,27.770000000000000000,ug.m-3,44.4264,26.1406
2022-01-28 14:00:00,2022-01-28 15:00:00,27.900000000000000000,ug.m-3,44.4264,26.1406
2022-01-28 15:00:00,2022-01-28 16:00:00,22.160000000000000000,ug.m-3,44.4264,26.1406
2022-01-28 16:00:00,2022-01-28 17:00:00,23.340000000000000000,ug.m-3,44.4264,26.1406
2022-01-28 17:00:00,2022-01-28 18:00:00,19.900000000000000000,ug.m-3,44.4264,26.1406
2022-01-28 18:00:00,2022-01-28 19:00:00,23.540000000000000000,ug.m-3,44.4264,26.1406
2022-01-28 19:00:00,2022-01-28 20:00:00,27.620000000000000000,ug.m-3,44.4264,26.1406
2022-01-28 20:00:00,2022-01-28 21:00:00,26.550000000000000000,ug.m-3,44.4264,26.1406
2022-01-28 21:00:00,2022-01-28 22:00:00,22.230000000000000000,ug.m-3,44.4264,26.1406
2022-01-28 22:00:00,2022-01-28 23:00:00,16.700000000000000000,ug.m-3,44.4264,26.1406
2022-01-28 23:00:00,2022-01-29 00:00:00,18.960000000000000000,ug.m-3,44.4264,26.1406
2022-01-29 00:00:00,2022-01-29 01:00:00,19.060000000000000000,ug.m-3,44.4264,26.1406
2022-01-29 01:00:00,2022-01-29 02:00:00,18.250000000000000000,ug.m-3,44.4264,26.1406
2022-01-29 02:00:00,2022-01-29 03:00:00,19.220000000000000000,ug.m-3,44.4264,26.1406
2022-01-29 03:00:00,2022-01-29 04:00:00,20.360000000000000000,ug.m-3,44.4264,26.1406
2022-01-29 04:00:00,2022-01-29 05:00:00,19.830000000000000000,ug.m-3,44.4264,26.1406
2022-01-29 05:00:00,2022-01-29 06:00:00,21.700000000000000000,ug.m-3,44.4264,26.1406
2022-01-29 06:00:00,2022-01-29 07:00:00,22.560000000000000000,ug.m-3,44.4264,26.1406
2022-01-29 07:00:00,2022-01-29 08:00:00,25.210000000000000000,ug.m-3,44.4264,26.1406
2022-01-29 08:00:00,2022-01-29 09:00:00,32.570000000000000000,ug.m-3,44.4264,26.1406
2022-01-29 09:00:00,2022-01-29 10:00:00,31.870000000000000000,ug.m-3,44.4264,26.1406
2022-01-29 10:00:00,2022-01-29 11:00:00,44.770000000000000000,ug.m-3,44.4264,26.1406
2022-01-29 11:00:00,2022-01-29 12:00:00,39.440000000000000000,ug.m-3,44.4264,26.1406
2022-01-29 12:00:00,2022-01-29 13:00:00,24.210000000000000000,ug.m-3,44.4264,26.1406
2022-01-29 13:00:00,2022-01-29 14:00:00,16.390000000000000000,ug.m-3,44.4264,26.1406
2022-01-29 14:00:00,2022-01-29 15:00:00,11.530000000000000000,ug.m-3,44.4264,26.1406
2022-01-29 15:00:00,2022-01-29 16:00:00,14.670000000000000000,ug.m-3,44.4264,26.1406
2022-01-29 16:00:00,2022-01-29 17:00:00,17.820000000000000000,ug.m-3,44.4264,26.1406
2022-01-29 17:00:00,2022-01-29 18:00:00,18.180000000000000000,ug.m-3,44.4264,26.1406
2022-01-29 18:00:00,2022-01-29 19:00:00,26.270000000000000000,ug.m-3,44.4264,26.1406
2022-01-29 19:00:00,2022-01-29 20:00:00,26.790000000000000000,ug.m-3,44.4264,26.1406
2022-01-29 20:00:00,2022-01-29 21:00:00,26.680000000000000000,ug.m-3,44.4264,26.1406
2022-01-29 21:00:00,2022-01-29 22:00:00,36.710000000000000000,ug.m-3,44.4264,26.1406
2022-01-29 22:00:00,2022-01-29 23:00:00,36.410000000000000000,ug.m-3,44.4264,26.1406
2022-01-29 23:00:00,2022-01-30 00:00:00,38.620000000000000000,ug.m-3,44.4264,26.1406
2022-01-30 00:00:00,2022-01-30 01:00:00,30.200000000000000000,ug.m-3,44.4264,26.1406
2022-01-30 01:00:00,2022-01-30 02:00:00,30.660000000000000000,ug.m-3,44.4264,26.1406
2022-01-30 02:00:00,2022-01-30 03:00:00,19.380000000000000000,ug.m-3,44.4264,26.1406
2022-01-30 03:00:00,2022-01-30 04:00:00,15.200000000000000000,ug.m-3,44.4264,26.1406
2022-01-30 04:00:00,2022-01-30 05:00:00,19.340000000000000000,ug.m-3,44.4264,26.1406
2022-01-30 05:00:00,2022-01-30 06:00:00,19.010000000000000000,ug.m-3,44.4264,26.1406
2022-01-30 06:00:00,2022-01-30 07:00:00,15.460000000000000000,ug.m-3,44.4264,26.1406
2022-01-30 07:00:00,2022-01-30 08:00:00,15.900000000000000000,ug.m-3,44.4264,26.1406
2022-01-30 08:00:00,2022-01-30 09:00:00,16.870000000000000000,ug.m-3,44.4264,26.1406
2022-01-30 09:00:00,2022-01-30 10:00:00,18.120000000000000000,ug.m-3,44.4264,26.1406
2022-01-30 10:00:00,2022-01-30 11:00:00,19.270000000000000000,ug.m-3,44.4264,26.1406
2022-01-30 11:00:00,2022-01-30 12:00:00,20.710000000000000000,ug.m-3,44.4264,26.1406
2022-01-30 12:00:00,2022-01-30 13:00:00,16.420000000000000000,ug.m-3,44.4264,26.1406
2022-01-30 13:00:00,2022-01-30 14:00:00,19.450000000000000000,ug.m-3,44.4264,26.1406
2022-01-30 14:00:00,2022-01-30 15:00:00,35.230000000000000000,ug.m-3,44.4264,26.1406
2022-01-30 15:00:00,2022-01-30 16:00:00,16.650000000000000000,ug.m-3,44.4264,26.1406
2022-01-30 16:00:00,2022-01-30 17:00:00,11.750000000000000000,ug.m-3,44.4264,26.1406
2022-01-30 17:00:00,2022-01-30 18:00:00,11.110000000000000000,ug.m-3,44.4264,26.1406
2022-01-30 18:00:00,2022-01-30 19:00:00,14.410000000000000000,ug.m-3,44.4264,26.1406
2022-01-30 19:00:00,2022-01-30 20:00:00,14.590000000000000000,ug.m-3,44.4264,26.1406
2022-01-30 20:00:00,2022-01-30 21:00:00,10.830000000000000000,ug.m-3,44.4264,26.1406
2022-01-30 21:00:00,2022-01-30 22:00:00,10.950000000000000000,ug.m-3,44.4264,26.1406
2022-01-30 22:00:00,2022-01-30 23:00:00,14.000000000000000000,ug.m-3,44.4264,26.1406
2022-01-30 23:00:00,2022-01-31 00:00:00,10.670000000000000000,ug.m-3,44.4264,26.1406
2022-01-31 00:00:00,2022-01-31 01:00:00,18.850000000000000000,ug.m-3,44.4264,26.1406
2022-01-31 01:00:00,2022-01-31 02:00:00,25.710000000000000000,ug.m-3,44.4264,26.1406
2022-01-31 02:00:00,2022-01-31 03:00:00,23.420000000000000000,ug.m-3,44.4264,26.1406
2022-01-31 03:00:00,2022-01-31 04:00:00,18.770000000000000000,ug.m-3,44.4264,26.1406
2022-01-31 04:00:00,2022-01-31 05:00:00,14.690000000000000000,ug.m-3,44.4264,26.1406
2022-01-31 05:00:00,2022-01-31 06:00:00,13.780000000000000000,ug.m-3,44.4264,26.1406
2022-01-31 06:00:00,2022-01-31 07:00:00,18.970000000000000000,ug.m-3,44.4264,26.1406
2022-01-31 07:00:00,2022-01-31 08:00:00,15.510000000000000000,ug.m-3,44.4264,26.1406
2022-01-31 08:00:00,2022-01-31 09:00:00,19.250000000000000000,ug.m-3,44.4264,26.1406
2022-01-31 09:00:00,2022-01-31 10:00:00,19.810000000000000000,ug.m-3,44.4264,26.1406
2022-01-31 10:00:00,2022-01-31 11:00:00,21.090000000000000000,ug.m-3,44.4264,26.1406
2022-01-31 11:00:00,2022-01-31 12:00:00,18.990000000000000000,ug.m-3,44.4264,26.1406
2022-01-31 12:00:00,2022-01-31 13:00:00,22.110000000000000000,ug.m-3,44.4264,26.1406
2022-01-31 13:00:00,2022-01-31 14:00:00,24.440000000000000000,ug.m-3,44.4264,26.1406
2022-01-31 14:00:00,2022-01-31 15:00:00,20.760000000000000000,ug.m-3,44.4264,26.1406
2022-01-31 15:00:00,2022-01-31 16:00:00,19.320000000000000000,ug.m-3,44.4264,26.1406
2022-01-31 16:00:00,2022-01-31 17:00:00,21.310000000000000000,ug.m-3,44.4264,26.1406
2022-01-31 17:00:00,2022-01-31 18:00:00,22.790000000000000000,ug.m-3,44.4264,26.1406
2022-01-31 18:00:00,2022-01-31 19:00:00,23.380000000000000000,ug.m-3,44.4264,26.1406
2022-01-31 19:00:00,2022-01-31 20:00:00,23.540000000000000000,ug.m-3,44.4264,26.1406
2022-01-31 20:00:00,2022-01-31 21:00:00,25.180000000000000000,ug.m-3,44.4264,26.1406
2022-01-31 21:00:00,2022-01-31 22:00:00,30.150000000000000000,ug.m-3,44.4264,26.1406
2022-01-31 22:00:00,2022-01-31 23:00:00,29.640000000000000000,ug.m-3,44.4264,26.1406
2022-01-31 23:00:00,2022-02-01 00:00:00,28.870000000000000000,ug.m-3,44.4264,26.1406
2022-02-01 00:00:00,2022-02-01 01:00:00,20.630000000000000000,ug.m-3,44.4264,26.1406
2022-02-01 01:00:00,2022-02-01 02:00:00,20.970000000000000000,ug.m-3,44.4264,26.1406
2022-02-01 02:00:00,2022-02-01 03:00:00,23.900000000000000000,ug.m-3,44.4264,26.1406
2022-02-01 03:00:00,2022-02-01 04:00:00,29.360000000000000000,ug.m-3,44.4264,26.1406
2022-02-01 04:00:00,2022-02-01 05:00:00,32.780000000000000000,ug.m-3,44.4264,26.1406
2022-02-01 05:00:00,2022-02-01 06:00:00,36.440000000000000000,ug.m-3,44.4264,26.1406
2022-02-01 06:00:00,2022-02-01 07:00:00,36.420000000000000000,ug.m-3,44.4264,26.1406
2022-02-01 07:00:00,2022-02-01 08:00:00,45.710000000000000000,ug.m-3,44.4264,26.1406
2022-02-01 08:00:00,2022-02-01 09:00:00,40.900000000000000000,ug.m-3,44.4264,26.1406
2022-02-01 09:00:00,2022-02-01 10:00:00,41.160000000000000000,ug.m-3,44.4264,26.1406
2022-02-01 10:00:00,2022-02-01 11:00:00,38.080000000000000000,ug.m-3,44.4264,26.1406
2022-02-01 11:00:00,2022-02-01 12:00:00,35.650000000000000000,ug.m-3,44.4264,26.1406
2022-02-01 12:00:00,2022-02-01 13:00:00,37.200000000000000000,ug.m-3,44.4264,26.1406
2022-02-01 13:00:00,2022-02-01 14:00:00,27.960000000000000000,ug.m-3,44.4264,26.1406
2022-02-01 14:00:00,2022-02-01 15:00:00,22.390000000000000000,ug.m-3,44.4264,26.1406
2022-02-01 15:00:00,2022-02-01 16:00:00,23.810000000000000000,ug.m-3,44.4264,26.1406
2022-02-01 16:00:00,2022-02-01 17:00:00,26.670000000000000000,ug.m-3,44.4264,26.1406
2022-02-01 17:00:00,2022-02-01 18:00:00,27.830000000000000000,ug.m-3,44.4264,26.1406
2022-02-01 18:00:00,2022-02-01 19:00:00,35.470000000000000000,ug.m-3,44.4264,26.1406
2022-02-01 19:00:00,2022-02-01 20:00:00,53.060000000000000000,ug.m-3,44.4264,26.1406
2022-02-01 20:00:00,2022-02-01 21:00:00,76.750000000000000000,ug.m-3,44.4264,26.1406
2022-02-01 21:00:00,2022-02-01 22:00:00,61.010000000000000000,ug.m-3,44.4264,26.1406
2022-02-01 22:00:00,2022-02-01 23:00:00,51.800000000000000000,ug.m-3,44.4264,26.1406
2022-02-01 23:00:00,2022-02-02 00:00:00,53.580000000000000000,ug.m-3,44.4264,26.1406
2022-02-02 00:00:00,2022-02-02 01:00:00,57.310000000000000000,ug.m-3,44.4264,26.1406
2022-02-02 01:00:00,2022-02-02 02:00:00,61.560000000000000000,ug.m-3,44.4264,26.1406
2022-02-02 02:00:00,2022-02-02 03:00:00,57.250000000000000000,ug.m-3,44.4264,26.1406
2022-02-02 03:00:00,2022-02-02 04:00:00,56.440000000000000000,ug.m-3,44.4264,26.1406
2022-02-02 04:00:00,2022-02-02 05:00:00,49.050000000000000000,ug.m-3,44.4264,26.1406
2022-02-02 05:00:00,2022-02-02 06:00:00,33.900000000000000000,ug.m-3,44.4264,26.1406
2022-02-02 06:00:00,2022-02-02 07:00:00,31.280000000000000000,ug.m-3,44.4264,26.1406
2022-02-02 07:00:00,2022-02-02 08:00:00,32.190000000000000000,ug.m-3,44.4264,26.1406
2022-02-02 08:00:00,2022-02-02 09:00:00,32.730000000000000000,ug.m-3,44.4264,26.1406
2022-02-02 09:00:00,2022-02-02 10:00:00,28.170000000000000000,ug.m-3,44.4264,26.1406
2022-02-02 10:00:00,2022-02-02 11:00:00,22.890000000000000000,ug.m-3,44.4264,26.1406
2022-02-02 11:00:00,2022-02-02 12:00:00,23.630000000000000000,ug.m-3,44.4264,26.1406
2022-02-02 12:00:00,2022-02-02 13:00:00,21.890000000000000000,ug.m-3,44.4264,26.1406
2022-02-02 13:00:00,2022-02-02 14:00:00,26.180000000000000000,ug.m-3,44.4264,26.1406
2022-02-02 14:00:00,2022-02-02 15:00:00,34.240000000000000000,ug.m-3,44.4264,26.1406
2022-02-02 15:00:00,2022-02-02 16:00:00,34.720000000000000000,ug.m-3,44.4264,26.1406
2022-02-02 16:00:00,2022-02-02 17:00:00,27.820000000000000000,ug.m-3,44.4264,26.1406
2022-02-02 17:00:00,2022-02-02 18:00:00,33.480000000000000000,ug.m-3,44.4264,26.1406
2022-02-02 18:00:00,2022-02-02 19:00:00,40.990000000000000000,ug.m-3,44.4264,26.1406
2022-02-02 19:00:00,2022-02-02 20:00:00,48.300000000000000000,ug.m-3,44.4264,26.1406
2022-02-02 20:00:00,2022-02-02 21:00:00,69.990000000000000000,ug.m-3,44.4264,26.1406
2022-02-02 21:00:00,2022-02-02 22:00:00,41.150000000000000000,ug.m-3,44.4264,26.1406
2022-02-02 22:00:00,2022-02-02 23:00:00,32.860000000000000000,ug.m-3,44.4264,26.1406
2022-02-02 23:00:00,2022-02-03 00:00:00,39.410000000000000000,ug.m-3,44.4264,26.1406
2022-02-03 00:00:00,2022-02-03 01:00:00,50.000000000000000000,ug.m-3,44.4264,26.1406
2022-02-03 01:00:00,2022-02-03 02:00:00,56.080000000000000000,ug.m-3,44.4264,26.1406
2022-02-03 02:00:00,2022-02-03 03:00:00,63.790000000000000000,ug.m-3,44.4264,26.1406
2022-02-03 03:00:00,2022-02-03 04:00:00,67.430000000000000000,ug.m-3,44.4264,26.1406
2022-02-03 04:00:00,2022-02-03 05:00:00,67.370000000000000000,ug.m-3,44.4264,26.1406
2022-02-03 05:00:00,2022-02-03 06:00:00,67.350000000000000000,ug.m-3,44.4264,26.1406
2022-02-03 06:00:00,2022-02-03 07:00:00,72.690000000000000000,ug.m-3,44.4264,26.1406
2022-02-03 07:00:00,2022-02-03 08:00:00,76.430000000000000000,ug.m-3,44.4264,26.1406
2022-02-03 08:00:00,2022-02-03 09:00:00,64.370000000000000000,ug.m-3,44.4264,26.1406
2022-02-03 09:00:00,2022-02-03 10:00:00,61.010000000000000000,ug.m-3,44.4264,26.1406
2022-02-03 10:00:00,2022-02-03 11:00:00,47.060000000000000000,ug.m-3,44.4264,26.1406
2022-02-03 11:00:00,2022-02-03 12:00:00,32.050000000000000000,ug.m-3,44.4264,26.1406
2022-02-03 12:00:00,2022-02-03 13:00:00,24.930000000000000000,ug.m-3,44.4264,26.1406
2022-02-03 13:00:00,2022-02-03 14:00:00,21.570000000000000000,ug.m-3,44.4264,26.1406
2022-02-03 14:00:00,2022-02-03 15:00:00,20.900000000000000000,ug.m-3,44.4264,26.1406
2022-02-03 15:00:00,2022-02-03 16:00:00,21.240000000000000000,ug.m-3,44.4264,26.1406
2022-02-03 16:00:00,2022-02-03 17:00:00,19.480000000000000000,ug.m-3,44.4264,26.1406
2022-02-03 17:00:00,2022-02-03 18:00:00,19.280000000000000000,ug.m-3,44.4264,26.1406
2022-02-03 18:00:00,2022-02-03 19:00:00,12.280000000000000000,ug.m-3,44.4264,26.1406
2022-02-03 19:00:00,2022-02-03 20:00:00,14.430000000000000000,ug.m-3,44.4264,26.1406
2022-02-03 20:00:00,2022-02-03 21:00:00,22.510000000000000000,ug.m-3,44.4264,26.1406
2022-02-03 21:00:00,2022-02-03 22:00:00,26.840000000000000000,ug.m-3,44.4264,26.1406
2022-02-03 22:00:00,2022-02-03 23:00:00,20.720000000000000000,ug.m-3,44.4264,26.1406
2022-02-03 23:00:00,2022-02-04 00:00:00,14.920000000000000000,ug.m-3,44.4264,26.1406
2022-02-04 00:00:00,2022-02-04 01:00:00,13.900000000000000000,ug.m-3,44.4264,26.1406
2022-02-04 01:00:00,2022-02-04 02:00:00,14.520000000000000000,ug.m-3,44.4264,26.1406
2022-02-04 02:00:00,2022-02-04 03:00:00,18.980000000000000000,ug.m-3,44.4264,26.1406
2022-02-04 03:00:00,2022-02-04 04:00:00,19.510000000000000000,ug.m-3,44.4264,26.1406
2022-02-04 04:00:00,2022-02-04 05:00:00,25.530000000000000000,ug.m-3,44.4264,26.1406
2022-02-04 05:00:00,2022-02-04 06:00:00,27.790000000000000000,ug.m-3,44.4264,26.1406
2022-02-04 06:00:00,2022-02-04 07:00:00,40.010000000000000000,ug.m-3,44.4264,26.1406
2022-02-04 07:00:00,2022-02-04 08:00:00,35.620000000000000000,ug.m-3,44.4264,26.1406
2022-02-04 08:00:00,2022-02-04 09:00:00,39.310000000000000000,ug.m-3,44.4264,26.1406
2022-02-04 09:00:00,2022-02-04 10:00:00,37.440000000000000000,ug.m-3,44.4264,26.1406
2022-02-04 10:00:00,2022-02-04 11:00:00,32.030000000000000000,ug.m-3,44.4264,26.1406
2022-02-04 11:00:00,2022-02-04 12:00:00,22.770000000000000000,ug.m-3,44.4264,26.1406
2022-02-04 12:00:00,2022-02-04 13:00:00,20.180000000000000000,ug.m-3,44.4264,26.1406
2022-02-04 13:00:00,2022-02-04 14:00:00,17.760000000000000000,ug.m-3,44.4264,26.1406
2022-02-04 14:00:00,2022-02-04 15:00:00,16.300000000000000000,ug.m-3,44.4264,26.1406
2022-02-04 15:00:00,2022-02-04 16:00:00,17.760000000000000000,ug.m-3,44.4264,26.1406
2022-02-04 16:00:00,2022-02-04 17:00:00,17.190000000000000000,ug.m-3,44.4264,26.1406
2022-02-04 17:00:00,2022-02-04 18:00:00,24.280000000000000000,ug.m-3,44.4264,26.1406
2022-02-04 18:00:00,2022-02-04 19:00:00,28.370000000000000000,ug.m-3,44.4264,26.1406
2022-02-04 19:00:00,2022-02-04 20:00:00,27.860000000000000000,ug.m-3,44.4264,26.1406
2022-02-04 20:00:00,2022-02-04 21:00:00,27.800000000000000000,ug.m-3,44.4264,26.1406
2022-02-04 21:00:00,2022-02-04 22:00:00,33.020000000000000000,ug.m-3,44.4264,26.1406
2022-02-04 22:00:00,2022-02-04 23:00:00,29.340000000000000000,ug.m-3,44.4264,26.1406
2022-02-04 23:00:00,2022-02-05 00:00:00,30.450000000000000000,ug.m-3,44.4264,26.1406
2022-02-05 00:00:00,2022-02-05 01:00:00,30.250000000000000000,ug.m-3,44.4264,26.1406
2022-02-05 01:00:00,2022-02-05 02:00:00,28.870000000000000000,ug.m-3,44.4264,26.1406
2022-02-05 02:00:00,2022-02-05 03:00:00,27.720000000000000000,ug.m-3,44.4264,26.1406
2022-02-05 03:00:00,2022-02-05 04:00:00,26.600000000000000000,ug.m-3,44.4264,26.1406
2022-02-05 04:00:00,2022-02-05 05:00:00,29.290000000000000000,ug.m-3,44.4264,26.1406
2022-02-05 05:00:00,2022-02-05 06:00:00,31.300000000000000000,ug.m-3,44.4264,26.1406
2022-02-05 06:00:00,2022-02-05 07:00:00,32.190000000000000000,ug.m-3,44.4264,26.1406
2022-02-05 07:00:00,2022-02-05 08:00:00,32.740000000000000000,ug.m-3,44.4264,26.1406
2022-02-05 08:00:00,2022-02-05 09:00:00,37.850000000000000000,ug.m-3,44.4264,26.1406
2022-02-05 09:00:00,2022-02-05 10:00:00,40.080000000000000000,ug.m-3,44.4264,26.1406
2022-02-05 10:00:00,2022-02-05 11:00:00,40.190000000000000000,ug.m-3,44.4264,26.1406
2022-02-05 11:00:00,2022-02-05 12:00:00,33.870000000000000000,ug.m-3,44.4264,26.1406
2022-02-05 12:00:00,2022-02-05 13:00:00,28.730000000000000000,ug.m-3,44.4264,26.1406
2022-02-05 13:00:00,2022-02-05 14:00:00,29.700000000000000000,ug.m-3,44.4264,26.1406
2022-02-05 14:00:00,2022-02-05 15:00:00,24.940000000000000000,ug.m-3,44.4264,26.1406
2022-02-05 15:00:00,2022-02-05 16:00:00,27.510000000000000000,ug.m-3,44.4264,26.1406
2022-02-05 16:00:00,2022-02-05 17:00:00,32.430000000000000000,ug.m-3,44.4264,26.1406
2022-02-05 17:00:00,2022-02-05 18:00:00,41.240000000000000000,ug.m-3,44.4264,26.1406
2022-02-05 18:00:00,2022-02-05 19:00:00,41.170000000000000000,ug.m-3,44.4264,26.1406
2022-02-05 19:00:00,2022-02-05 20:00:00,46.950000000000000000,ug.m-3,44.4264,26.1406
2022-02-05 20:00:00,2022-02-05 21:00:00,48.630000000000000000,ug.m-3,44.4264,26.1406
2022-02-05 21:00:00,2022-02-05 22:00:00,62.060000000000000000,ug.m-3,44.4264,26.1406
2022-02-05 22:00:00,2022-02-05 23:00:00,66.130000000000000000,ug.m-3,44.4264,26.1406
2022-02-05 23:00:00,2022-02-06 00:00:00,66.310000000000000000,ug.m-3,44.4264,26.1406
2022-02-06 00:00:00,2022-02-06 01:00:00,71.290000000000000000,ug.m-3,44.4264,26.1406
2022-02-06 01:00:00,2022-02-06 02:00:00,69.480000000000000000,ug.m-3,44.4264,26.1406
2022-02-06 02:00:00,2022-02-06 03:00:00,52.200000000000000000,ug.m-3,44.4264,26.1406
2022-02-06 03:00:00,2022-02-06 04:00:00,45.940000000000000000,ug.m-3,44.4264,26.1406
2022-02-06 04:00:00,2022-02-06 05:00:00,29.090000000000000000,ug.m-3,44.4264,26.1406
2022-02-06 05:00:00,2022-02-06 06:00:00,20.520000000000000000,ug.m-3,44.4264,26.1406
2022-02-06 06:00:00,2022-02-06 07:00:00,20.810000000000000000,ug.m-3,44.4264,26.1406
2022-02-06 07:00:00,2022-02-06 08:00:00,32.450000000000000000,ug.m-3,44.4264,26.1406
2022-02-06 08:00:00,2022-02-06 09:00:00,36.030000000000000000,ug.m-3,44.4264,26.1406
2022-02-06 09:00:00,2022-02-06 10:00:00,35.620000000000000000,ug.m-3,44.4264,26.1406
2022-02-06 10:00:00,2022-02-06 11:00:00,39.000000000000000000,ug.m-3,44.4264,26.1406
2022-02-06 11:00:00,2022-02-06 12:00:00,32.750000000000000000,ug.m-3,44.4264,26.1406
2022-02-06 12:00:00,2022-02-06 13:00:00,22.510000000000000000,ug.m-3,44.4264,26.1406
2022-02-06 13:00:00,2022-02-06 14:00:00,16.220000000000000000,ug.m-3,44.4264,26.1406
2022-02-06 14:00:00,2022-02-06 15:00:00,20.720000000000000000,ug.m-3,44.4264,26.1406
2022-02-06 15:00:00,2022-02-06 16:00:00,20.360000000000000000,ug.m-3,44.4264,26.1406
2022-02-06 16:00:00,2022-02-06 17:00:00,18.410000000000000000,ug.m-3,44.4264,26.1406
2022-02-06 17:00:00,2022-02-06 18:00:00,21.730000000000000000,ug.m-3,44.4264,26.1406
2022-02-06 18:00:00,2022-02-06 19:00:00,23.430000000000000000,ug.m-3,44.4264,26.1406
2022-02-06 19:00:00,2022-02-06 20:00:00,20.510000000000000000,ug.m-3,44.4264,26.1406
2022-02-06 20:00:00,2022-02-06 21:00:00,21.400000000000000000,ug.m-3,44.4264,26.1406
2022-02-06 21:00:00,2022-02-06 22:00:00,22.470000000000000000,ug.m-3,44.4264,26.1406
2022-02-06 22:00:00,2022-02-06 23:00:00,18.100000000000000000,ug.m-3,44.4264,26.1406
2022-02-06 23:00:00,2022-02-07 00:00:00,15.300000000000000000,ug.m-3,44.4264,26.1406
2022-02-07 00:00:00,2022-02-07 01:00:00,17.860000000000000000,ug.m-3,44.4264,26.1406
2022-02-07 01:00:00,2022-02-07 02:00:00,21.960000000000000000,ug.m-3,44.4264,26.1406
2022-02-07 02:00:00,2022-02-07 03:00:00,33.920000000000000000,ug.m-3,44.4264,26.1406
2022-02-07 03:00:00,2022-02-07 04:00:00,29.360000000000000000,ug.m-3,44.4264,26.1406
2022-02-07 04:00:00,2022-02-07 05:00:00,28.430000000000000000,ug.m-3,44.4264,26.1406
2022-02-07 05:00:00,2022-02-07 06:00:00,29.350000000000000000,ug.m-3,44.4264,26.1406
2022-02-07 06:00:00,2022-02-07 07:00:00,41.710000000000000000,ug.m-3,44.4264,26.1406
2022-02-07 07:00:00,2022-02-07 08:00:00,34.440000000000000000,ug.m-3,44.4264,26.1406
2022-02-07 08:00:00,2022-02-07 09:00:00,38.190000000000000000,ug.m-3,44.4264,26.1406
2022-02-07 09:00:00,2022-02-07 10:00:00,38.340000000000000000,ug.m-3,44.4264,26.1406
2022-02-07 10:00:00,2022-02-07 11:00:00,39.910000000000000000,ug.m-3,44.4264,26.1406
2022-02-07 11:00:00,2022-02-07 12:00:00,38.970000000000000000,ug.m-3,44.4264,26.1406
2022-02-07 12:00:00,2022-02-07 13:00:00,36.840000000000000000,ug.m-3,44.4264,26.1406
2022-02-07 13:00:00,2022-02-07 14:00:00,33.730000000000000000,ug.m-3,44.4264,26.1406
2022-02-07 14:00:00,2022-02-07 15:00:00,25.510000000000000000,ug.m-3,44.4264,26.1406
2022-02-07 15:00:00,2022-02-07 16:00:00,26.760000000000000000,ug.m-3,44.4264,26.1406
2022-02-07 16:00:00,2022-02-07 17:00:00,28.180000000000000000,ug.m-3,44.4264,26.1406
2022-02-07 17:00:00,2022-02-07 18:00:00,25.340000000000000000,ug.m-3,44.4264,26.1406
2022-02-07 18:00:00,2022-02-07 19:00:00,24.580000000000000000,ug.m-3,44.4264,26.1406
2022-02-07 19:00:00,2022-02-07 20:00:00,22.100000000000000000,ug.m-3,44.4264,26.1406
2022-02-07 20:00:00,2022-02-07 21:00:00,21.610000000000000000,ug.m-3,44.4264,26.1406
2022-02-07 21:00:00,2022-02-07 22:00:00,22.690000000000000000,ug.m-3,44.4264,26.1406
2022-02-07 22:00:00,2022-02-07 23:00:00,33.640000000000000000,ug.m-3,44.4264,26.1406
2022-02-07 23:00:00,2022-02-08 00:00:00,42.990000000000000000,ug.m-3,44.4264,26.1406
2022-02-08 00:00:00,2022-02-08 01:00:00,39.780000000000000000,ug.m-3,44.4264,26.1406
2022-02-08 01:00:00,2022-02-08 02:00:00,28.170000000000000000,ug.m-3,44.4264,26.1406
2022-02-08 02:00:00,2022-02-08 03:00:00,12.010000000000000000,ug.m-3,44.4264,26.1406
2022-02-08 03:00:00,2022-02-08 04:00:00,3.550000000000000000,ug.m-3,44.4264,26.1406
2022-02-08 04:00:00,2022-02-08 05:00:00,5.020000000000000000,ug.m-3,44.4264,26.1406
2022-02-08 05:00:00,2022-02-08 06:00:00,4.300000000000000000,ug.m-3,44.4264,26.1406
2022-02-08 06:00:00,2022-02-08 07:00:00,2.790000000000000000,ug.m-3,44.4264,26.1406
2022-02-08 07:00:00,2022-02-08 08:00:00,7.180000000000000000,ug.m-3,44.4264,26.1406
2022-02-08 08:00:00,2022-02-08 09:00:00,7.770000000000000000,ug.m-3,44.4264,26.1406
2022-02-08 09:00:00,2022-02-08 10:00:00,10.590000000000000000,ug.m-3,44.4264,26.1406
2022-02-08 10:00:00,2022-02-08 11:00:00,11.690000000000000000,ug.m-3,44.4264,26.1406
2022-02-08 11:00:00,2022-02-08 12:00:00,5.830000000000000000,ug.m-3,44.4264,26.1406
2022-02-08 12:00:00,2022-02-08 13:00:00,8.190000000000000000,ug.m-3,44.4264,26.1406
2022-02-08 13:00:00,2022-02-08 14:00:00,11.610000000000000000,ug.m-3,44.4264,26.1406
2022-02-08 14:00:00,2022-02-08 15:00:00,12.060000000000000000,ug.m-3,44.4264,26.1406
2022-02-08 15:00:00,2022-02-08 16:00:00,8.410000000000000000,ug.m-3,44.4264,26.1406
2022-02-08 16:00:00,2022-02-08 17:00:00,7.260000000000000000,ug.m-3,44.4264,26.1406
2022-02-08 17:00:00,2022-02-08 18:00:00,13.790000000000000000,ug.m-3,44.4264,26.1406
2022-02-08 18:00:00,2022-02-08 19:00:00,22.110000000000000000,ug.m-3,44.4264,26.1406
2022-02-08 19:00:00,2022-02-08 20:00:00,26.530000000000000000,ug.m-3,44.4264,26.1406
2022-02-08 20:00:00,2022-02-08 21:00:00,27.720000000000000000,ug.m-3,44.4264,26.1406
2022-02-08 21:00:00,2022-02-08 22:00:00,30.180000000000000000,ug.m-3,44.4264,26.1406
2022-02-08 22:00:00,2022-02-08 23:00:00,29.650000000000000000,ug.m-3,44.4264,26.1406
2022-02-08 23:00:00,2022-02-09 00:00:00,23.470000000000000000,ug.m-3,44.4264,26.1406
2022-02-09 00:00:00,2022-02-09 01:00:00,17.730000000000000000,ug.m-3,44.4264,26.1406
2022-02-09 01:00:00,2022-02-09 02:00:00,16.690000000000000000,ug.m-3,44.4264,26.1406
2022-02-09 02:00:00,2022-02-09 03:00:00,10.990000000000000000,ug.m-3,44.4264,26.1406
2022-02-09 03:00:00,2022-02-09 04:00:00,10.850000000000000000,ug.m-3,44.4264,26.1406
2022-02-09 04:00:00,2022-02-09 05:00:00,11.430000000000000000,ug.m-3,44.4264,26.1406
2022-02-09 05:00:00,2022-02-09 06:00:00,17.680000000000000000,ug.m-3,44.4264,26.1406
2022-02-09 06:00:00,2022-02-09 07:00:00,16.220000000000000000,ug.m-3,44.4264,26.1406
2022-02-09 07:00:00,2022-02-09 08:00:00,14.940000000000000000,ug.m-3,44.4264,26.1406
2022-02-09 08:00:00,2022-02-09 09:00:00,21.700000000000000000,ug.m-3,44.4264,26.1406
2022-02-09 09:00:00,2022-02-09 10:00:00,29.180000000000000000,ug.m-3,44.4264,26.1406
2022-02-09 10:00:00,2022-02-09 11:00:00,28.050000000000000000,ug.m-3,44.4264,26.1406
2022-02-09 11:00:00,2022-02-09 12:00:00,32.370000000000000000,ug.m-3,44.4264,26.1406
2022-02-09 12:00:00,2022-02-09 13:00:00,31.420000000000000000,ug.m-3,44.4264,26.1406
2022-02-09 13:00:00,2022-02-09 14:00:00,17.020000000000000000,ug.m-3,44.4264,26.1406
2022-02-09 14:00:00,2022-02-09 15:00:00,8.310000000000000000,ug.m-3,44.4264,26.1406
2022-02-09 15:00:00,2022-02-09 16:00:00,9.900000000000000000,ug.m-3,44.4264,26.1406
2022-02-09 16:00:00,2022-02-09 17:00:00,14.630000000000000000,ug.m-3,44.4264,26.1406
2022-02-09 17:00:00,2022-02-09 18:00:00,13.540000000000000000,ug.m-3,44.4264,26.1406
2022-02-09 18:00:00,2022-02-09 19:00:00,17.730000000000000000,ug.m-3,44.4264,26.1406
2022-02-09 19:00:00,2022-02-09 20:00:00,27.950000000000000000,ug.m-3,44.4264,26.1406
2022-02-09 20:00:00,2022-02-09 21:00:00,35.990000000000000000,ug.m-3,44.4264,26.1406
2022-02-09 21:00:00,2022-02-09 22:00:00,41.570000000000000000,ug.m-3,44.4264,26.1406
2022-02-09 22:00:00,2022-02-09 23:00:00,45.030000000000000000,ug.m-3,44.4264,26.1406
2022-02-09 23:00:00,2022-02-10 00:00:00,49.570000000000000000,ug.m-3,44.4264,26.1406
2022-02-10 00:00:00,2022-02-10 01:00:00,57.680000000000000000,ug.m-3,44.4264,26.1406
2022-02-10 01:00:00,2022-02-10 02:00:00,47.060000000000000000,ug.m-3,44.4264,26.1406
2022-02-10 02:00:00,2022-02-10 03:00:00,49.010000000000000000,ug.m-3,44.4264,26.1406
2022-02-10 03:00:00,2022-02-10 04:00:00,47.710000000000000000,ug.m-3,44.4264,26.1406
2022-02-10 04:00:00,2022-02-10 05:00:00,43.550000000000000000,ug.m-3,44.4264,26.1406
2022-02-10 05:00:00,2022-02-10 06:00:00,38.220000000000000000,ug.m-3,44.4264,26.1406
2022-02-10 06:00:00,2022-02-10 07:00:00,48.570000000000000000,ug.m-3,44.4264,26.1406
2022-02-10 07:00:00,2022-02-10 08:00:00,60.720000000000000000,ug.m-3,44.4264,26.1406
2022-02-10 08:00:00,2022-02-10 09:00:00,69.210000000000000000,ug.m-3,44.4264,26.1406
2022-02-10 09:00:00,2022-02-10 10:00:00,56.140000000000000000,ug.m-3,44.4264,26.1406
2022-02-10 10:00:00,2022-02-10 11:00:00,43.480000000000000000,ug.m-3,44.4264,26.1406
2022-02-10 11:00:00,2022-02-10 12:00:00,34.060000000000000000,ug.m-3,44.4264,26.1406
2022-02-10 12:00:00,2022-02-10 13:00:00,27.210000000000000000,ug.m-3,44.4264,26.1406
2022-02-10 13:00:00,2022-02-10 14:00:00,26.310000000000000000,ug.m-3,44.4264,26.1406
2022-02-10 14:00:00,2022-02-10 15:00:00,16.700000000000000000,ug.m-3,44.4264,26.1406
2022-02-10 15:00:00,2022-02-10 16:00:00,17.480000000000000000,ug.m-3,44.4264,26.1406
2022-02-10 16:00:00,2022-02-10 17:00:00,23.500000000000000000,ug.m-3,44.4264,26.1406
2022-02-10 17:00:00,2022-02-10 18:00:00,26.630000000000000000,ug.m-3,44.4264,26.1406
2022-02-10 18:00:00,2022-02-10 19:00:00,32.090000000000000000,ug.m-3,44.4264,26.1406
2022-02-10 19:00:00,2022-02-10 20:00:00,39.530000000000000000,ug.m-3,44.4264,26.1406
2022-02-10 20:00:00,2022-02-10 21:00:00,36.640000000000000000,ug.m-3,44.4264,26.1406
2022-02-10 21:00:00,2022-02-10 22:00:00,35.100000000000000000,ug.m-3,44.4264,26.1406
2022-02-10 22:00:00,2022-02-10 23:00:00,39.510000000000000000,ug.m-3,44.4264,26.1406
2022-02-10 23:00:00,2022-02-11 00:00:00,53.740000000000000000,ug.m-3,44.4264,26.1406
2022-02-11 00:00:00,2022-02-11 01:00:00,70.710000000000000000,ug.m-3,44.4264,26.1406
2022-02-11 01:00:00,2022-02-11 02:00:00,57.940000000000000000,ug.m-3,44.4264,26.1406
2022-02-11 02:00:00,2022-02-11 03:00:00,48.070000000000000000,ug.m-3,44.4264,26.1406
2022-02-11 03:00:00,2022-02-11 04:00:00,43.500000000000000000,ug.m-3,44.4264,26.1406
2022-02-11 04:00:00,2022-02-11 05:00:00,37.310000000000000000,ug.m-3,44.4264,26.1406
2022-02-11 05:00:00,2022-02-11 06:00:00,37.050000000000000000,ug.m-3,44.4264,26.1406
2022-02-11 06:00:00,2022-02-11 07:00:00,43.930000000000000000,ug.m-3,44.4264,26.1406
2022-02-11 07:00:00,2022-02-11 08:00:00,43.710000000000000000,ug.m-3,44.4264,26.1406
2022-02-11 08:00:00,2022-02-11 09:00:00,46.630000000000000000,ug.m-3,44.4264,26.1406
2022-02-11 09:00:00,2022-02-11 10:00:00,42.230000000000000000,ug.m-3,44.4264,26.1406
2022-02-11 10:00:00,2022-02-11 11:00:00,38.280000000000000000,ug.m-3,44.4264,26.1406
2022-02-11 11:00:00,2022-02-11 12:00:00,43.180000000000000000,ug.m-3,44.4264,26.1406
2022-02-11 12:00:00,2022-02-11 13:00:00,37.540000000000000000,ug.m-3,44.4264,26.1406
2022-02-11 13:00:00,2022-02-11 14:00:00,37.280000000000000000,ug.m-3,44.4264,26.1406
2022-02-11 14:00:00,2022-02-11 15:00:00,33.820000000000000000,ug.m-3,44.4264,26.1406
2022-02-11 15:00:00,2022-02-11 16:00:00,30.420000000000000000,ug.m-3,44.4264,26.1406
2022-02-11 16:00:00,2022-02-11 17:00:00,33.160000000000000000,ug.m-3,44.4264,26.1406
2022-02-11 17:00:00,2022-02-11 18:00:00,44.070000000000000000,ug.m-3,44.4264,26.1406
2022-02-11 18:00:00,2022-02-11 19:00:00,63.100000000000000000,ug.m-3,44.4264,26.1406
2022-02-11 19:00:00,2022-02-11 20:00:00,86.100000000000000000,ug.m-3,44.4264,26.1406
2022-02-11 20:00:00,2022-02-11 21:00:00,102.550000000000000000,ug.m-3,44.4264,26.1406
2022-02-11 21:00:00,2022-02-11 22:00:00,137.280000000000000000,ug.m-3,44.4264,26.1406
2022-02-11 22:00:00,2022-02-11 23:00:00,132.380000000000000000,ug.m-3,44.4264,26.1406
2022-02-11 23:00:00,2022-02-12 00:00:00,153.800000000000000000,ug.m-3,44.4264,26.1406
2022-02-12 00:00:00,2022-02-12 01:00:00,120.140000000000000000,ug.m-3,44.4264,26.1406
2022-02-12 01:00:00,2022-02-12 02:00:00,66.130000000000000000,ug.m-3,44.4264,26.1406
2022-02-12 02:00:00,2022-02-12 03:00:00,44.860000000000000000,ug.m-3,44.4264,26.1406
2022-02-12 03:00:00,2022-02-12 04:00:00,56.200000000000000000,ug.m-3,44.4264,26.1406
2022-02-12 04:00:00,2022-02-12 05:00:00,56.030000000000000000,ug.m-3,44.4264,26.1406
2022-02-12 05:00:00,2022-02-12 06:00:00,48.960000000000000000,ug.m-3,44.4264,26.1406
2022-02-12 06:00:00,2022-02-12 07:00:00,48.760000000000000000,ug.m-3,44.4264,26.1406
2022-02-12 07:00:00,2022-02-12 08:00:00,72.530000000000000000,ug.m-3,44.4264,26.1406
2022-02-12 08:00:00,2022-02-12 09:00:00,86.100000000000000000,ug.m-3,44.4264,26.1406
2022-02-12 09:00:00,2022-02-12 10:00:00,45.790000000000000000,ug.m-3,44.4264,26.1406
2022-02-12 10:00:00,2022-02-12 11:00:00,23.840000000000000000,ug.m-3,44.4264,26.1406
2022-02-12 11:00:00,2022-02-12 12:00:00,26.740000000000000000,ug.m-3,44.4264,26.1406
2022-02-12 12:00:00,2022-02-12 13:00:00,25.930000000000000000,ug.m-3,44.4264,26.1406
2022-02-12 13:00:00,2022-02-12 14:00:00,20.050000000000000000,ug.m-3,44.4264,26.1406
2022-02-12 14:00:00,2022-02-12 15:00:00,17.640000000000000000,ug.m-3,44.4264,26.1406
2022-02-12 15:00:00,2022-02-12 16:00:00,16.530000000000000000,ug.m-3,44.4264,26.1406
2022-02-12 16:00:00,2022-02-12 17:00:00,22.180000000000000000,ug.m-3,44.4264,26.1406
2022-02-12 17:00:00,2022-02-12 18:00:00,28.470000000000000000,ug.m-3,44.4264,26.1406
2022-02-12 18:00:00,2022-02-12 19:00:00,30.690000000000000000,ug.m-3,44.4264,26.1406
2022-02-12 19:00:00,2022-02-12 20:00:00,31.230000000000000000,ug.m-3,44.4264,26.1406
2022-02-12 20:00:00,2022-02-12 21:00:00,23.990000000000000000,ug.m-3,44.4264,26.1406
2022-02-12 21:00:00,2022-02-12 22:00:00,18.760000000000000000,ug.m-3,44.4264,26.1406
2022-02-12 22:00:00,2022-02-12 23:00:00,14.050000000000000000,ug.m-3,44.4264,26.1406
2022-02-12 23:00:00,2022-02-13 00:00:00,10.080000000000000000,ug.m-3,44.4264,26.1406
2022-02-13 00:00:00,2022-02-13 01:00:00,14.020000000000000000,ug.m-3,44.4264,26.1406
2022-02-13 01:00:00,2022-02-13 02:00:00,13.870000000000000000,ug.m-3,44.4264,26.1406
2022-02-13 02:00:00,2022-02-13 03:00:00,12.200000000000000000,ug.m-3,44.4264,26.1406
2022-02-13 03:00:00,2022-02-13 04:00:00,11.280000000000000000,ug.m-3,44.4264,26.1406
2022-02-13 04:00:00,2022-02-13 05:00:00,11.910000000000000000,ug.m-3,44.4264,26.1406
2022-02-13 05:00:00,2022-02-13 06:00:00,14.140000000000000000,ug.m-3,44.4264,26.1406
2022-02-13 06:00:00,2022-02-13 07:00:00,11.510000000000000000,ug.m-3,44.4264,26.1406
2022-02-13 07:00:00,2022-02-13 08:00:00,12.690000000000000000,ug.m-3,44.4264,26.1406
2022-02-13 08:00:00,2022-02-13 09:00:00,13.250000000000000000,ug.m-3,44.4264,26.1406
2022-02-13 09:00:00,2022-02-13 10:00:00,17.510000000000000000,ug.m-3,44.4264,26.1406
2022-02-13 10:00:00,2022-02-13 11:00:00,17.050000000000000000,ug.m-3,44.4264,26.1406
2022-02-13 11:00:00,2022-02-13 12:00:00,18.390000000000000000,ug.m-3,44.4264,26.1406
2022-02-13 12:00:00,2022-02-13 13:00:00,18.700000000000000000,ug.m-3,44.4264,26.1406
2022-02-13 13:00:00,2022-02-13 14:00:00,11.250000000000000000,ug.m-3,44.4264,26.1406
2022-02-13 14:00:00,2022-02-13 15:00:00,14.130000000000000000,ug.m-3,44.4264,26.1406
2022-02-13 15:00:00,2022-02-13 16:00:00,13.440000000000000000,ug.m-3,44.4264,26.1406
2022-02-13 16:00:00,2022-02-13 17:00:00,15.450000000000000000,ug.m-3,44.4264,26.1406
2022-02-13 17:00:00,2022-02-13 18:00:00,19.580000000000000000,ug.m-3,44.4264,26.1406
2022-02-13 18:00:00,2022-02-13 19:00:00,27.450000000000000000,ug.m-3,44.4264,26.1406
2022-02-13 19:00:00,2022-02-13 20:00:00,30.870000000000000000,ug.m-3,44.4264,26.1406
2022-02-13 20:00:00,2022-02-13 21:00:00,26.100000000000000000,ug.m-3,44.4264,26.1406
2022-02-13 21:00:00,2022-02-13 22:00:00,35.360000000000000000,ug.m-3,44.4264,26.1406
2022-02-13 22:00:00,2022-02-13 23:00:00,26.440000000000000000,ug.m-3,44.4264,26.1406
2022-02-13 23:00:00,2022-02-14 00:00:00,19.420000000000000000,ug.m-3,44.4264,26.1406
2022-02-14 00:00:00,2022-02-14 01:00:00,17.720000000000000000,ug.m-3,44.4264,26.1406
2022-02-14 01:00:00,2022-02-14 02:00:00,18.330000000000000000,ug.m-3,44.4264,26.1406
2022-02-14 02:00:00,2022-02-14 03:00:00,18.910000000000000000,ug.m-3,44.4264,26.1406
2022-02-14 03:00:00,2022-02-14 04:00:00,24.000000000000000000,ug.m-3,44.4264,26.1406
2022-02-14 04:00:00,2022-02-14 05:00:00,26.230000000000000000,ug.m-3,44.4264,26.1406
2022-02-14 05:00:00,2022-02-14 06:00:00,24.540000000000000000,ug.m-3,44.4264,26.1406
2022-02-14 06:00:00,2022-02-14 07:00:00,29.110000000000000000,ug.m-3,44.4264,26.1406
2022-02-14 07:00:00,2022-02-14 08:00:00,34.580000000000000000,ug.m-3,44.4264,26.1406
2022-02-14 08:00:00,2022-02-14 09:00:00,37.460000000000000000,ug.m-3,44.4264,26.1406
2022-02-14 09:00:00,2022-02-14 10:00:00,36.790000000000000000,ug.m-3,44.4264,26.1406
2022-02-14 10:00:00,2022-02-14 11:00:00,31.770000000000000000,ug.m-3,44.4264,26.1406
2022-02-14 11:00:00,2022-02-14 12:00:00,30.800000000000000000,ug.m-3,44.4264,26.1406
2022-02-14 12:00:00,2022-02-14 13:00:00,19.830000000000000000,ug.m-3,44.4264,26.1406
2022-02-14 13:00:00,2022-02-14 14:00:00,15.670000000000000000,ug.m-3,44.4264,26.1406
2022-02-14 14:00:00,2022-02-14 15:00:00,17.780000000000000000,ug.m-3,44.4264,26.1406
2022-02-14 15:00:00,2022-02-14 16:00:00,21.100000000000000000,ug.m-3,44.4264,26.1406
2022-02-14 16:00:00,2022-02-14 17:00:00,21.300000000000000000,ug.m-3,44.4264,26.1406
2022-02-14 17:00:00,2022-02-14 18:00:00,27.820000000000000000,ug.m-3,44.4264,26.1406
2022-02-14 18:00:00,2022-02-14 19:00:00,29.030000000000000000,ug.m-3,44.4264,26.1406
2022-02-14 19:00:00,2022-02-14 20:00:00,33.000000000000000000,ug.m-3,44.4264,26.1406
2022-02-14 20:00:00,2022-02-14 21:00:00,35.690000000000000000,ug.m-3,44.4264,26.1406
2022-02-14 21:00:00,2022-02-14 22:00:00,49.800000000000000000,ug.m-3,44.4264,26.1406
2022-02-14 22:00:00,2022-02-14 23:00:00,75.720000000000000000,ug.m-3,44.4264,26.1406
2022-02-14 23:00:00,2022-02-15 00:00:00,68.650000000000000000,ug.m-3,44.4264,26.1406
2022-02-15 00:00:00,2022-02-15 01:00:00,74.220000000000000000,ug.m-3,44.4264,26.1406
2022-02-15 01:00:00,2022-02-15 02:00:00,64.250000000000000000,ug.m-3,44.4264,26.1406
2022-02-15 02:00:00,2022-02-15 03:00:00,59.050000000000000000,ug.m-3,44.4264,26.1406
2022-02-15 03:00:00,2022-02-15 04:00:00,63.810000000000000000,ug.m-3,44.4264,26.1406
2022-02-15 04:00:00,2022-02-15 05:00:00,63.540000000000000000,ug.m-3,44.4264,26.1406
2022-02-15 05:00:00,2022-02-15 06:00:00,59.570000000000000000,ug.m-3,44.4264,26.1406
2022-02-15 06:00:00,2022-02-15 07:00:00,64.120000000000000000,ug.m-3,44.4264,26.1406
2022-02-15 07:00:00,2022-02-15 08:00:00,77.270000000000000000,ug.m-3,44.4264,26.1406
2022-02-15 08:00:00,2022-02-15 09:00:00,76.610000000000000000,ug.m-3,44.4264,26.1406
2022-02-15 09:00:00,2022-02-15 10:00:00,67.710000000000000000,ug.m-3,44.4264,26.1406
2022-02-15 10:00:00,2022-02-15 11:00:00,52.370000000000000000,ug.m-3,44.4264,26.1406
2022-02-15 11:00:00,2022-02-15 12:00:00,38.530000000000000000,ug.m-3,44.4264,26.1406
2022-02-15 12:00:00,2022-02-15 13:00:00,33.630000000000000000,ug.m-3,44.4264,26.1406
2022-02-15 13:00:00,2022-02-15 14:00:00,34.670000000000000000,ug.m-3,44.4264,26.1406
2022-02-15 14:00:00,2022-02-15 15:00:00,39.570000000000000000,ug.m-3,44.4264,26.1406
2022-02-15 15:00:00,2022-02-15 16:00:00,38.610000000000000000,ug.m-3,44.4264,26.1406
2022-02-15 16:00:00,2022-02-15 17:00:00,35.710000000000000000,ug.m-3,44.4264,26.1406
2022-02-15 17:00:00,2022-02-15 18:00:00,37.210000000000000000,ug.m-3,44.4264,26.1406
2022-02-15 18:00:00,2022-02-15 19:00:00,46.430000000000000000,ug.m-3,44.4264,26.1406
2022-02-15 19:00:00,2022-02-15 20:00:00,58.710000000000000000,ug.m-3,44.4264,26.1406
2022-02-15 20:00:00,2022-02-15 21:00:00,75.810000000000000000,ug.m-3,44.4264,26.1406
2022-02-15 21:00:00,2022-02-15 22:00:00,97.540000000000000000,ug.m-3,44.4264,26.1406
2022-02-15 22:00:00,2022-02-15 23:00:00,126.330000000000000000,ug.m-3,44.4264,26.1406
2022-02-15 23:00:00,2022-02-16 00:00:00,115.510000000000000000,ug.m-3,44.4264,26.1406
2022-02-16 00:00:00,2022-02-16 01:00:00,108.610000000000000000,ug.m-3,44.4264,26.1406
2022-02-16 01:00:00,2022-02-16 02:00:00,103.580000000000000000,ug.m-3,44.4264,26.1406
2022-02-16 02:00:00,2022-02-16 03:00:00,97.130000000000000000,ug.m-3,44.4264,26.1406
2022-02-16 03:00:00,2022-02-16 04:00:00,97.890000000000000000,ug.m-3,44.4264,26.1406
2022-02-16 04:00:00,2022-02-16 05:00:00,98.180000000000000000,ug.m-3,44.4264,26.1406
2022-02-16 05:00:00,2022-02-16 06:00:00,100.230000000000000000,ug.m-3,44.4264,26.1406
2022-02-16 06:00:00,2022-02-16 07:00:00,98.560000000000000000,ug.m-3,44.4264,26.1406
2022-02-16 07:00:00,2022-02-16 08:00:00,107.730000000000000000,ug.m-3,44.4264,26.1406
2022-02-16 08:00:00,2022-02-16 09:00:00,121.640000000000000000,ug.m-3,44.4264,26.1406
2022-02-16 09:00:00,2022-02-16 10:00:00,139.080000000000000000,ug.m-3,44.4264,26.1406
2022-02-16 10:00:00,2022-02-16 11:00:00,101.550000000000000000,ug.m-3,44.4264,26.1406
2022-02-16 11:00:00,2022-02-16 12:00:00,83.910000000000000000,ug.m-3,44.4264,26.1406
2022-02-16 12:00:00,2022-02-16 13:00:00,47.030000000000000000,ug.m-3,44.4264,26.1406
2022-02-16 13:00:00,2022-02-16 14:00:00,35.830000000000000000,ug.m-3,44.4264,26.1406
2022-02-16 14:00:00,2022-02-16 15:00:00,26.940000000000000000,ug.m-3,44.4264,26.1406
2022-02-16 15:00:00,2022-02-16 16:00:00,37.620000000000000000,ug.m-3,44.4264,26.1406
2022-02-16 17:00:00,2022-02-16 18:00:00,50.200000000000000000,ug.m-3,44.4264,26.1406
2022-02-16 18:00:00,2022-02-16 19:00:00,59.800000000000000000,ug.m-3,44.4264,26.1406
2022-02-16 19:00:00,2022-02-16 20:00:00,67.360000000000000000,ug.m-3,44.4264,26.1406
2022-02-16 20:00:00,2022-02-16 21:00:00,78.350000000000000000,ug.m-3,44.4264,26.1406
2022-02-16 21:00:00,2022-02-16 22:00:00,70.730000000000000000,ug.m-3,44.4264,26.1406
2022-02-16 22:00:00,2022-02-16 23:00:00,102.590000000000000000,ug.m-3,44.4264,26.1406
2022-02-16 23:00:00,2022-02-17 00:00:00,117.490000000000000000,ug.m-3,44.4264,26.1406
2022-02-17 00:00:00,2022-02-17 01:00:00,84.280000000000000000,ug.m-3,44.4264,26.1406
2022-02-17 01:00:00,2022-02-17 02:00:00,59.920000000000000000,ug.m-3,44.4264,26.1406
2022-02-17 02:00:00,2022-02-17 03:00:00,32.460000000000000000,ug.m-3,44.4264,26.1406
2022-02-17 03:00:00,2022-02-17 04:00:00,23.250000000000000000,ug.m-3,44.4264,26.1406
2022-02-17 04:00:00,2022-02-17 05:00:00,23.550000000000000000,ug.m-3,44.4264,26.1406
2022-02-17 05:00:00,2022-02-17 06:00:00,25.200000000000000000,ug.m-3,44.4264,26.1406
2022-02-17 06:00:00,2022-02-17 07:00:00,30.870000000000000000,ug.m-3,44.4264,26.1406
2022-02-17 07:00:00,2022-02-17 08:00:00,37.420000000000000000,ug.m-3,44.4264,26.1406
2022-02-17 08:00:00,2022-02-17 09:00:00,49.150000000000000000,ug.m-3,44.4264,26.1406
2022-02-17 09:00:00,2022-02-17 10:00:00,48.080000000000000000,ug.m-3,44.4264,26.1406
2022-02-17 10:00:00,2022-02-17 11:00:00,43.020000000000000000,ug.m-3,44.4264,26.1406
2022-02-17 11:00:00,2022-02-17 12:00:00,43.410000000000000000,ug.m-3,44.4264,26.1406
2022-02-17 12:00:00,2022-02-17 13:00:00,42.740000000000000000,ug.m-3,44.4264,26.1406
2022-02-17 13:00:00,2022-02-17 14:00:00,45.150000000000000000,ug.m-3,44.4264,26.1406
2022-02-17 14:00:00,2022-02-17 15:00:00,49.190000000000000000,ug.m-3,44.4264,26.1406
2022-02-17 15:00:00,2022-02-17 16:00:00,42.920000000000000000,ug.m-3,44.4264,26.1406
2022-02-17 16:00:00,2022-02-17 17:00:00,41.810000000000000000,ug.m-3,44.4264,26.1406
2022-02-17 17:00:00,2022-02-17 18:00:00,34.030000000000000000,ug.m-3,44.4264,26.1406
2022-02-17 18:00:00,2022-02-17 19:00:00,36.680000000000000000,ug.m-3,44.4264,26.1406
2022-02-17 19:00:00,2022-02-17 20:00:00,35.010000000000000000,ug.m-3,44.4264,26.1406
2022-02-17 20:00:00,2022-02-17 21:00:00,37.710000000000000000,ug.m-3,44.4264,26.1406
2022-02-17 21:00:00,2022-02-17 22:00:00,36.580000000000000000,ug.m-3,44.4264,26.1406
2022-02-17 22:00:00,2022-02-17 23:00:00,32.000000000000000000,ug.m-3,44.4264,26.1406
2022-02-17 23:00:00,2022-02-18 00:00:00,34.770000000000000000,ug.m-3,44.4264,26.1406
2022-02-18 00:00:00,2022-02-18 01:00:00,29.180000000000000000,ug.m-3,44.4264,26.1406
2022-02-18 01:00:00,2022-02-18 02:00:00,24.950000000000000000,ug.m-3,44.4264,26.1406
2022-02-18 02:00:00,2022-02-18 03:00:00,22.390000000000000000,ug.m-3,44.4264,26.1406
2022-02-18 03:00:00,2022-02-18 04:00:00,19.550000000000000000,ug.m-3,44.4264,26.1406
2022-02-18 04:00:00,2022-02-18 05:00:00,23.890000000000000000,ug.m-3,44.4264,26.1406
2022-02-18 05:00:00,2022-02-18 06:00:00,19.650000000000000000,ug.m-3,44.4264,26.1406
2022-02-18 06:00:00,2022-02-18 07:00:00,10.170000000000000000,ug.m-3,44.4264,26.1406
2022-02-18 07:00:00,2022-02-18 08:00:00,12.780000000000000000,ug.m-3,44.4264,26.1406
2022-02-18 08:00:00,2022-02-18 09:00:00,12.440000000000000000,ug.m-3,44.4264,26.1406
2022-02-18 09:00:00,2022-02-18 10:00:00,16.230000000000000000,ug.m-3,44.4264,26.1406
2022-02-18 10:00:00,2022-02-18 11:00:00,7.720000000000000000,ug.m-3,44.4264,26.1406
2022-02-18 11:00:00,2022-02-18 12:00:00,12.770000000000000000,ug.m-3,44.4264,26.1406
2022-02-18 12:00:00,2022-02-18 13:00:00,9.930000000000000000,ug.m-3,44.4264,26.1406
2022-02-18 13:00:00,2022-02-18 14:00:00,4.570000000000000000,ug.m-3,44.4264,26.1406
2022-02-18 14:00:00,2022-02-18 15:00:00,3.530000000000000000,ug.m-3,44.4264,26.1406
2022-02-18 15:00:00,2022-02-18 16:00:00,3.380000000000000000,ug.m-3,44.4264,26.1406
2022-02-18 16:00:00,2022-02-18 17:00:00,7.620000000000000000,ug.m-3,44.4264,26.1406
2022-02-18 17:00:00,2022-02-18 18:00:00,15.840000000000000000,ug.m-3,44.4264,26.1406
2022-02-18 18:00:00,2022-02-18 19:00:00,27.670000000000000000,ug.m-3,44.4264,26.1406
2022-02-18 19:00:00,2022-02-18 20:00:00,30.440000000000000000,ug.m-3,44.4264,26.1406
2022-02-18 20:00:00,2022-02-18 21:00:00,51.840000000000000000,ug.m-3,44.4264,26.1406
2022-02-18 21:00:00,2022-02-18 22:00:00,74.390000000000000000,ug.m-3,44.4264,26.1406
2022-02-18 22:00:00,2022-02-18 23:00:00,63.350000000000000000,ug.m-3,44.4264,26.1406
2022-02-18 23:00:00,2022-02-19 00:00:00,42.110000000000000000,ug.m-3,44.4264,26.1406
2022-02-19 00:00:00,2022-02-19 01:00:00,24.480000000000000000,ug.m-3,44.4264,26.1406
2022-02-19 01:00:00,2022-02-19 02:00:00,15.000000000000000000,ug.m-3,44.4264,26.1406
2022-02-19 02:00:00,2022-02-19 03:00:00,10.560000000000000000,ug.m-3,44.4264,26.1406
2022-02-19 03:00:00,2022-02-19 04:00:00,15.110000000000000000,ug.m-3,44.4264,26.1406
2022-02-19 04:00:00,2022-02-19 05:00:00,21.210000000000000000,ug.m-3,44.4264,26.1406
2022-02-19 05:00:00,2022-02-19 06:00:00,20.810000000000000000,ug.m-3,44.4264,26.1406
2022-02-19 06:00:00,2022-02-19 07:00:00,21.420000000000000000,ug.m-3,44.4264,26.1406
2022-02-19 07:00:00,2022-02-19 08:00:00,24.690000000000000000,ug.m-3,44.4264,26.1406
2022-02-19 08:00:00,2022-02-19 09:00:00,28.120000000000000000,ug.m-3,44.4264,26.1406
2022-02-19 09:00:00,2022-02-19 10:00:00,28.260000000000000000,ug.m-3,44.4264,26.1406
2022-02-19 10:00:00,2022-02-19 11:00:00,22.750000000000000000,ug.m-3,44.4264,26.1406
2022-02-19 11:00:00,2022-02-19 12:00:00,21.720000000000000000,ug.m-3,44.4264,26.1406
2022-02-19 12:00:00,2022-02-19 13:00:00,16.960000000000000000,ug.m-3,44.4264,26.1406
2022-02-19 13:00:00,2022-02-19 14:00:00,15.710000000000000000,ug.m-3,44.4264,26.1406
2022-02-19 14:00:00,2022-02-19 15:00:00,14.130000000000000000,ug.m-3,44.4264,26.1406
2022-02-19 15:00:00,2022-02-19 16:00:00,16.400000000000000000,ug.m-3,44.4264,26.1406
2022-02-19 16:00:00,2022-02-19 17:00:00,18.920000000000000000,ug.m-3,44.4264,26.1406
2022-02-19 17:00:00,2022-02-19 18:00:00,26.400000000000000000,ug.m-3,44.4264,26.1406
2022-02-19 18:00:00,2022-02-19 19:00:00,25.840000000000000000,ug.m-3,44.4264,26.1406
2022-02-19 19:00:00,2022-02-19 20:00:00,32.240000000000000000,ug.m-3,44.4264,26.1406
2022-02-19 20:00:00,2022-02-19 21:00:00,37.710000000000000000,ug.m-3,44.4264,26.1406
2022-02-19 21:00:00,2022-02-19 22:00:00,42.340000000000000000,ug.m-3,44.4264,26.1406
2022-02-19 22:00:00,2022-02-19 23:00:00,45.030000000000000000,ug.m-3,44.4264,26.1406
2022-02-19 23:00:00,2022-02-20 00:00:00,47.890000000000000000,ug.m-3,44.4264,26.1406
2022-02-20 00:00:00,2022-02-20 01:00:00,34.780000000000000000,ug.m-3,44.4264,26.1406
2022-02-20 01:00:00,2022-02-20 02:00:00,32.720000000000000000,ug.m-3,44.4264,26.1406
2022-02-20 02:00:00,2022-02-20 03:00:00,39.510000000000000000,ug.m-3,44.4264,26.1406
2022-02-20 03:00:00,2022-02-20 04:00:00,41.320000000000000000,ug.m-3,44.4264,26.1406
2022-02-20 04:00:00,2022-02-20 05:00:00,42.190000000000000000,ug.m-3,44.4264,26.1406
2022-02-20 05:00:00,2022-02-20 06:00:00,46.860000000000000000,ug.m-3,44.4264,26.1406
2022-02-20 06:00:00,2022-02-20 07:00:00,36.570000000000000000,ug.m-3,44.4264,26.1406
2022-02-20 07:00:00,2022-02-20 08:00:00,24.020000000000000000,ug.m-3,44.4264,26.1406
2022-02-20 08:00:00,2022-02-20 09:00:00,20.640000000000000000,ug.m-3,44.4264,26.1406
2022-02-20 09:00:00,2022-02-20 10:00:00,20.180000000000000000,ug.m-3,44.4264,26.1406
2022-02-20 10:00:00,2022-02-20 11:00:00,18.640000000000000000,ug.m-3,44.4264,26.1406
2022-02-20 11:00:00,2022-02-20 12:00:00,12.790000000000000000,ug.m-3,44.4264,26.1406
2022-02-20 12:00:00,2022-02-20 13:00:00,13.740000000000000000,ug.m-3,44.4264,26.1406
2022-02-20 13:00:00,2022-02-20 14:00:00,14.840000000000000000,ug.m-3,44.4264,26.1406
2022-02-20 14:00:00,2022-02-20 15:00:00,16.050000000000000000,ug.m-3,44.4264,26.1406
2022-02-20 15:00:00,2022-02-20 16:00:00,13.750000000000000000,ug.m-3,44.4264,26.1406
2022-02-20 16:00:00,2022-02-20 17:00:00,15.830000000000000000,ug.m-3,44.4264,26.1406
2022-02-20 17:00:00,2022-02-20 18:00:00,21.630000000000000000,ug.m-3,44.4264,26.1406
2022-02-20 18:00:00,2022-02-20 19:00:00,28.820000000000000000,ug.m-3,44.4264,26.1406
2022-02-20 19:00:00,2022-02-20 20:00:00,29.050000000000000000,ug.m-3,44.4264,26.1406
2022-02-20 20:00:00,2022-02-20 21:00:00,27.860000000000000000,ug.m-3,44.4264,26.1406
2022-02-20 21:00:00,2022-02-20 22:00:00,31.160000000000000000,ug.m-3,44.4264,26.1406
2022-02-20 22:00:00,2022-02-20 23:00:00,26.890000000000000000,ug.m-3,44.4264,26.1406
2022-02-20 23:00:00,2022-02-21 00:00:00,23.220000000000000000,ug.m-3,44.4264,26.1406
2022-02-21 00:00:00,2022-02-21 01:00:00,22.500000000000000000,ug.m-3,44.4264,26.1406
2022-02-21 01:00:00,2022-02-21 02:00:00,24.540000000000000000,ug.m-3,44.4264,26.1406
2022-02-21 02:00:00,2022-02-21 03:00:00,22.220000000000000000,ug.m-3,44.4264,26.1406
2022-02-21 03:00:00,2022-02-21 04:00:00,28.350000000000000000,ug.m-3,44.4264,26.1406
2022-02-21 04:00:00,2022-02-21 05:00:00,26.850000000000000000,ug.m-3,44.4264,26.1406
2022-02-21 05:00:00,2022-02-21 06:00:00,20.350000000000000000,ug.m-3,44.4264,26.1406
2022-02-21 06:00:00,2022-02-21 07:00:00,18.750000000000000000,ug.m-3,44.4264,26.1406
2022-02-21 07:00:00,2022-02-21 08:00:00,20.150000000000000000,ug.m-3,44.4264,26.1406
2022-02-21 08:00:00,2022-02-21 09:00:00,21.330000000000000000,ug.m-3,44.4264,26.1406
2022-02-21 09:00:00,2022-02-21 10:00:00,23.320000000000000000,ug.m-3,44.4264,26.1406
2022-02-21 10:00:00,2022-02-21 11:00:00,27.070000000000000000,ug.m-3,44.4264,26.1406
2022-02-21 11:00:00,2022-02-21 12:00:00,23.520000000000000000,ug.m-3,44.4264,26.1406
2022-02-21 12:00:00,2022-02-21 13:00:00,21.290000000000000000,ug.m-3,44.4264,26.1406
2022-02-21 13:00:00,2022-02-21 14:00:00,16.770000000000000000,ug.m-3,44.4264,26.1406
2022-02-21 14:00:00,2022-02-21 15:00:00,11.890000000000000000,ug.m-3,44.4264,26.1406
2022-02-21 15:00:00,2022-02-21 16:00:00,13.290000000000000000,ug.m-3,44.4264,26.1406
2022-02-21 16:00:00,2022-02-21 17:00:00,12.800000000000000000,ug.m-3,44.4264,26.1406
2022-02-21 17:00:00,2022-02-21 18:00:00,19.290000000000000000,ug.m-3,44.4264,26.1406
2022-02-21 18:00:00,2022-02-21 19:00:00,25.090000000000000000,ug.m-3,44.4264,26.1406
2022-02-21 19:00:00,2022-02-21 20:00:00,37.020000000000000000,ug.m-3,44.4264,26.1406
2022-02-21 20:00:00,2022-02-21 21:00:00,55.730000000000000000,ug.m-3,44.4264,26.1406
2022-02-21 21:00:00,2022-02-21 22:00:00,78.440000000000000000,ug.m-3,44.4264,26.1406
2022-02-21 22:00:00,2022-02-21 23:00:00,116.060000000000000000,ug.m-3,44.4264,26.1406
2022-02-21 23:00:00,2022-02-22 00:00:00,76.380000000000000000,ug.m-3,44.4264,26.1406
2022-02-22 00:00:00,2022-02-22 01:00:00,57.670000000000000000,ug.m-3,44.4264,26.1406
2022-02-22 01:00:00,2022-02-22 02:00:00,48.410000000000000000,ug.m-3,44.4264,26.1406
2022-02-22 02:00:00,2022-02-22 03:00:00,43.200000000000000000,ug.m-3,44.4264,26.1406
2022-02-22 03:00:00,2022-02-22 04:00:00,31.160000000000000000,ug.m-3,44.4264,26.1406
2022-02-22 04:00:00,2022-02-22 05:00:00,28.000000000000000000,ug.m-3,44.4264,26.1406
2022-02-22 05:00:00,2022-02-22 06:00:00,34.580000000000000000,ug.m-3,44.4264,26.1406
2022-02-22 06:00:00,2022-02-22 07:00:00,43.980000000000000000,ug.m-3,44.4264,26.1406
2022-02-22 07:00:00,2022-02-22 08:00:00,55.200000000000000000,ug.m-3,44.4264,26.1406
2022-02-22 08:00:00,2022-02-22 09:00:00,53.730000000000000000,ug.m-3,44.4264,26.1406
2022-02-22 09:00:00,2022-02-22 10:00:00,45.440000000000000000,ug.m-3,44.4264,26.1406
2022-02-22 10:00:00,2022-02-22 11:00:00,36.990000000000000000,ug.m-3,44.4264,26.1406
2022-02-22 11:00:00,2022-02-22 12:00:00,36.540000000000000000,ug.m-3,44.4264,26.1406
2022-02-22 12:00:00,2022-02-22 13:00:00,32.730000000000000000,ug.m-3,44.4264,26.1406
2022-02-22 13:00:00,2022-02-22 14:00:00,25.650000000000000000,ug.m-3,44.4264,26.1406
2022-02-22 14:00:00,2022-02-22 15:00:00,25.980000000000000000,ug.m-3,44.4264,26.1406
2022-02-22 15:00:00,2022-02-22 16:00:00,30.340000000000000000,ug.m-3,44.4264,26.1406
2022-02-22 16:00:00,2022-02-22 17:00:00,23.660000000000000000,ug.m-3,44.4264,26.1406
2022-02-22 17:00:00,2022-02-22 18:00:00,24.950000000000000000,ug.m-3,44.4264,26.1406
2022-02-22 18:00:00,2022-02-22 19:00:00,22.840000000000000000,ug.m-3,44.4264,26.1406
2022-02-22 19:00:00,2022-02-22 20:00:00,27.270000000000000000,ug.m-3,44.4264,26.1406
2022-02-22 20:00:00,2022-02-22 21:00:00,27.090000000000000000,ug.m-3,44.4264,26.1406
2022-02-22 21:00:00,2022-02-22 22:00:00,29.520000000000000000,ug.m-3,44.4264,26.1406
2022-02-22 22:00:00,2022-02-22 23:00:00,31.230000000000000000,ug.m-3,44.4264,26.1406
2022-02-22 23:00:00,2022-02-23 00:00:00,30.310000000000000000,ug.m-3,44.4264,26.1406
2022-02-23 00:00:00,2022-02-23 01:00:00,27.730000000000000000,ug.m-3,44.4264,26.1406
2022-02-23 01:00:00,2022-02-23 02:00:00,27.080000000000000000,ug.m-3,44.4264,26.1406
2022-02-23 02:00:00,2022-02-23 03:00:00,26.580000000000000000,ug.m-3,44.4264,26.1406
2022-02-23 03:00:00,2022-02-23 04:00:00,19.720000000000000000,ug.m-3,44.4264,26.1406
2022-02-23 04:00:00,2022-02-23 05:00:00,23.850000000000000000,ug.m-3,44.4264,26.1406
2022-02-23 05:00:00,2022-02-23 06:00:00,26.370000000000000000,ug.m-3,44.4264,26.1406
2022-02-23 06:00:00,2022-02-23 07:00:00,29.390000000000000000,ug.m-3,44.4264,26.1406
2022-02-23 07:00:00,2022-02-23 08:00:00,29.870000000000000000,ug.m-3,44.4264,26.1406
2022-02-23 08:00:00,2022-02-23 09:00:00,27.750000000000000000,ug.m-3,44.4264,26.1406
2022-02-23 09:00:00,2022-02-23 10:00:00,24.740000000000000000,ug.m-3,44.4264,26.1406
2022-02-23 10:00:00,2022-02-23 11:00:00,21.680000000000000000,ug.m-3,44.4264,26.1406
2022-02-23 11:00:00,2022-02-23 12:00:00,21.410000000000000000,ug.m-3,44.4264,26.1406
2022-02-23 12:00:00,2022-02-23 13:00:00,25.210000000000000000,ug.m-3,44.4264,26.1406
2022-02-23 13:00:00,2022-02-23 14:00:00,19.400000000000000000,ug.m-3,44.4264,26.1406
2022-02-23 14:00:00,2022-02-23 15:00:00,17.530000000000000000,ug.m-3,44.4264,26.1406
2022-02-23 15:00:00,2022-02-23 16:00:00,16.140000000000000000,ug.m-3,44.4264,26.1406
2022-02-23 16:00:00,2022-02-23 17:00:00,19.790000000000000000,ug.m-3,44.4264,26.1406
2022-02-23 17:00:00,2022-02-23 18:00:00,22.630000000000000000,ug.m-3,44.4264,26.1406
2022-02-23 18:00:00,2022-02-23 19:00:00,23.360000000000000000,ug.m-3,44.4264,26.1406
2022-02-23 19:00:00,2022-02-23 20:00:00,30.500000000000000000,ug.m-3,44.4264,26.1406
2022-02-23 20:00:00,2022-02-23 21:00:00,49.220000000000000000,ug.m-3,44.4264,26.1406
2022-02-23 21:00:00,2022-02-23 22:00:00,54.630000000000000000,ug.m-3,44.4264,26.1406
2022-02-23 22:00:00,2022-02-23 23:00:00,51.100000000000000000,ug.m-3,44.4264,26.1406
2022-02-23 23:00:00,2022-02-24 00:00:00,18.320000000000000000,ug.m-3,44.4264,26.1406
2022-02-24 00:00:00,2022-02-24 01:00:00,10.200000000000000000,ug.m-3,44.4264,26.1406
2022-02-24 01:00:00,2022-02-24 02:00:00,9.350000000000000000,ug.m-3,44.4264,26.1406
2022-02-24 02:00:00,2022-02-24 03:00:00,12.250000000000000000,ug.m-3,44.4264,26.1406
2022-02-24 03:00:00,2022-02-24 04:00:00,8.390000000000000000,ug.m-3,44.4264,26.1406
2022-02-24 04:00:00,2022-02-24 05:00:00,8.170000000000000000,ug.m-3,44.4264,26.1406
2022-02-24 05:00:00,2022-02-24 06:00:00,9.300000000000000000,ug.m-3,44.4264,26.1406
2022-02-24 06:00:00,2022-02-24 07:00:00,13.440000000000000000,ug.m-3,44.4264,26.1406
2022-02-24 07:00:00,2022-02-24 08:00:00,15.820000000000000000,ug.m-3,44.4264,26.1406
2022-02-24 08:00:00,2022-02-24 09:00:00,18.050000000000000000,ug.m-3,44.4264,26.1406
2022-02-24 09:00:00,2022-02-24 10:00:00,13.770000000000000000,ug.m-3,44.4264,26.1406
2022-02-24 10:00:00,2022-02-24 11:00:00,10.730000000000000000,ug.m-3,44.4264,26.1406
2022-02-24 11:00:00,2022-02-24 12:00:00,9.330000000000000000,ug.m-3,44.4264,26.1406
2022-02-24 12:00:00,2022-02-24 13:00:00,9.670000000000000000,ug.m-3,44.4264,26.1406
2022-02-24 13:00:00,2022-02-24 14:00:00,5.350000000000000000,ug.m-3,44.4264,26.1406
2022-02-24 14:00:00,2022-02-24 15:00:00,7.540000000000000000,ug.m-3,44.4264,26.1406
2022-02-24 15:00:00,2022-02-24 16:00:00,8.310000000000000000,ug.m-3,44.4264,26.1406
2022-02-24 16:00:00,2022-02-24 17:00:00,16.810000000000000000,ug.m-3,44.4264,26.1406
2022-02-24 17:00:00,2022-02-24 18:00:00,21.300000000000000000,ug.m-3,44.4264,26.1406
2022-02-24 18:00:00,2022-02-24 19:00:00,29.860000000000000000,ug.m-3,44.4264,26.1406
2022-02-24 19:00:00,2022-02-24 20:00:00,32.600000000000000000,ug.m-3,44.4264,26.1406
2022-02-24 20:00:00,2022-02-24 21:00:00,32.560000000000000000,ug.m-3,44.4264,26.1406
2022-02-24 21:00:00,2022-02-24 22:00:00,26.920000000000000000,ug.m-3,44.4264,26.1406
2022-02-24 22:00:00,2022-02-24 23:00:00,39.110000000000000000,ug.m-3,44.4264,26.1406
2022-02-24 23:00:00,2022-02-25 00:00:00,31.750000000000000000,ug.m-3,44.4264,26.1406
2022-02-25 00:00:00,2022-02-25 01:00:00,27.220000000000000000,ug.m-3,44.4264,26.1406
2022-02-25 01:00:00,2022-02-25 02:00:00,37.510000000000000000,ug.m-3,44.4264,26.1406
2022-02-25 02:00:00,2022-02-25 03:00:00,40.190000000000000000,ug.m-3,44.4264,26.1406
2022-02-25 03:00:00,2022-02-25 04:00:00,38.780000000000000000,ug.m-3,44.4264,26.1406
2022-02-25 04:00:00,2022-02-25 05:00:00,34.040000000000000000,ug.m-3,44.4264,26.1406
2022-02-25 05:00:00,2022-02-25 06:00:00,31.450000000000000000,ug.m-3,44.4264,26.1406
2022-02-25 06:00:00,2022-02-25 07:00:00,33.520000000000000000,ug.m-3,44.4264,26.1406
2022-02-25 07:00:00,2022-02-25 08:00:00,38.610000000000000000,ug.m-3,44.4264,26.1406
2022-02-25 08:00:00,2022-02-25 09:00:00,43.750000000000000000,ug.m-3,44.4264,26.1406
2022-02-25 09:00:00,2022-02-25 10:00:00,37.450000000000000000,ug.m-3,44.4264,26.1406
2022-02-25 10:00:00,2022-02-25 11:00:00,24.160000000000000000,ug.m-3,44.4264,26.1406
2022-02-25 11:00:00,2022-02-25 12:00:00,20.530000000000000000,ug.m-3,44.4264,26.1406
2022-02-25 12:00:00,2022-02-25 13:00:00,18.510000000000000000,ug.m-3,44.4264,26.1406
2022-02-25 13:00:00,2022-02-25 14:00:00,16.480000000000000000,ug.m-3,44.4264,26.1406
2022-02-25 14:00:00,2022-02-25 15:00:00,14.630000000000000000,ug.m-3,44.4264,26.1406
2022-02-25 15:00:00,2022-02-25 16:00:00,16.450000000000000000,ug.m-3,44.4264,26.1406
2022-02-25 16:00:00,2022-02-25 17:00:00,17.840000000000000000,ug.m-3,44.4264,26.1406
2022-02-25 17:00:00,2022-02-25 18:00:00,21.410000000000000000,ug.m-3,44.4264,26.1406
2022-02-25 18:00:00,2022-02-25 19:00:00,24.650000000000000000,ug.m-3,44.4264,26.1406
2022-02-25 19:00:00,2022-02-25 20:00:00,26.610000000000000000,ug.m-3,44.4264,26.1406
2022-02-25 20:00:00,2022-02-25 21:00:00,25.480000000000000000,ug.m-3,44.4264,26.1406
2022-02-25 21:00:00,2022-02-25 22:00:00,40.990000000000000000,ug.m-3,44.4264,26.1406
2022-02-25 22:00:00,2022-02-25 23:00:00,57.190000000000000000,ug.m-3,44.4264,26.1406
2022-02-25 23:00:00,2022-02-26 00:00:00,49.030000000000000000,ug.m-3,44.4264,26.1406
2022-02-26 00:00:00,2022-02-26 01:00:00,52.650000000000000000,ug.m-3,44.4264,26.1406
2022-02-26 01:00:00,2022-02-26 02:00:00,57.280000000000000000,ug.m-3,44.4264,26.1406
2022-02-26 02:00:00,2022-02-26 03:00:00,48.890000000000000000,ug.m-3,44.4264,26.1406
2022-02-26 03:00:00,2022-02-26 04:00:00,42.030000000000000000,ug.m-3,44.4264,26.1406
2022-02-26 04:00:00,2022-02-26 05:00:00,22.920000000000000000,ug.m-3,44.4264,26.1406
2022-02-26 05:00:00,2022-02-26 06:00:00,19.030000000000000000,ug.m-3,44.4264,26.1406
2022-02-26 06:00:00,2022-02-26 07:00:00,21.770000000000000000,ug.m-3,44.4264,26.1406
2022-02-26 07:00:00,2022-02-26 08:00:00,27.270000000000000000,ug.m-3,44.4264,26.1406
2022-02-26 08:00:00,2022-02-26 09:00:00,25.040000000000000000,ug.m-3,44.4264,26.1406
2022-02-26 09:00:00,2022-02-26 10:00:00,28.260000000000000000,ug.m-3,44.4264,26.1406
2022-02-26 10:00:00,2022-02-26 11:00:00,23.220000000000000000,ug.m-3,44.4264,26.1406
2022-02-26 11:00:00,2022-02-26 12:00:00,22.920000000000000000,ug.m-3,44.4264,26.1406
2022-02-26 12:00:00,2022-02-26 13:00:00,20.160000000000000000,ug.m-3,44.4264,26.1406
2022-02-26 13:00:00,2022-02-26 14:00:00,16.750000000000000000,ug.m-3,44.4264,26.1406
2022-02-26 14:00:00,2022-02-26 15:00:00,16.520000000000000000,ug.m-3,44.4264,26.1406
2022-02-26 15:00:00,2022-02-26 16:00:00,20.450000000000000000,ug.m-3,44.4264,26.1406
2022-02-26 16:00:00,2022-02-26 17:00:00,18.380000000000000000,ug.m-3,44.4264,26.1406
2022-02-26 17:00:00,2022-02-26 18:00:00,16.410000000000000000,ug.m-3,44.4264,26.1406
2022-02-26 18:00:00,2022-02-26 19:00:00,17.800000000000000000,ug.m-3,44.4264,26.1406
2022-02-26 19:00:00,2022-02-26 20:00:00,16.590000000000000000,ug.m-3,44.4264,26.1406
2022-02-26 20:00:00,2022-02-26 21:00:00,14.270000000000000000,ug.m-3,44.4264,26.1406
2022-02-26 21:00:00,2022-02-26 22:00:00,15.640000000000000000,ug.m-3,44.4264,26.1406
2022-02-26 22:00:00,2022-02-26 23:00:00,15.670000000000000000,ug.m-3,44.4264,26.1406
2022-02-26 23:00:00,2022-02-27 00:00:00,13.750000000000000000,ug.m-3,44.4264,26.1406
2022-02-27 00:00:00,2022-02-27 01:00:00,11.370000000000000000,ug.m-3,44.4264,26.1406
2022-02-27 01:00:00,2022-02-27 02:00:00,12.110000000000000000,ug.m-3,44.4264,26.1406
2022-02-27 02:00:00,2022-02-27 03:00:00,13.990000000000000000,ug.m-3,44.4264,26.1406
2022-02-27 03:00:00,2022-02-27 04:00:00,10.680000000000000000,ug.m-3,44.4264,26.1406
2022-02-27 04:00:00,2022-02-27 05:00:00,11.050000000000000000,ug.m-3,44.4264,26.1406
2022-02-27 05:00:00,2022-02-27 06:00:00,13.030000000000000000,ug.m-3,44.4264,26.1406
2022-02-27 06:00:00,2022-02-27 07:00:00,10.800000000000000000,ug.m-3,44.4264,26.1406
2022-02-27 07:00:00,2022-02-27 08:00:00,14.120000000000000000,ug.m-3,44.4264,26.1406
2022-02-27 08:00:00,2022-02-27 09:00:00,14.010000000000000000,ug.m-3,44.4264,26.1406
2022-02-27 09:00:00,2022-02-27 10:00:00,15.390000000000000000,ug.m-3,44.4264,26.1406
2022-02-27 10:00:00,2022-02-27 11:00:00,14.430000000000000000,ug.m-3,44.4264,26.1406
2022-02-27 11:00:00,2022-02-27 12:00:00,11.010000000000000000,ug.m-3,44.4264,26.1406
2022-02-27 12:00:00,2022-02-27 13:00:00,10.850000000000000000,ug.m-3,44.4264,26.1406
2022-02-27 13:00:00,2022-02-27 14:00:00,12.110000000000000000,ug.m-3,44.4264,26.1406
2022-02-27 14:00:00,2022-02-27 15:00:00,13.840000000000000000,ug.m-3,44.4264,26.1406
2022-02-27 15:00:00,2022-02-27 16:00:00,13.420000000000000000,ug.m-3,44.4264,26.1406
2022-02-27 16:00:00,2022-02-27 17:00:00,15.140000000000000000,ug.m-3,44.4264,26.1406
2022-02-27 17:00:00,2022-02-27 18:00:00,15.940000000000000000,ug.m-3,44.4264,26.1406
2022-02-27 18:00:00,2022-02-27 19:00:00,17.040000000000000000,ug.m-3,44.4264,26.1406
2022-02-27 19:00:00,2022-02-27 20:00:00,12.180000000000000000,ug.m-3,44.4264,26.1406
2022-02-27 20:00:00,2022-02-27 21:00:00,12.610000000000000000,ug.m-3,44.4264,26.1406
2022-02-27 21:00:00,2022-02-27 22:00:00,12.070000000000000000,ug.m-3,44.4264,26.1406
2022-02-27 22:00:00,2022-02-27 23:00:00,15.670000000000000000,ug.m-3,44.4264,26.1406
2022-02-27 23:00:00,2022-02-28 00:00:00,12.110000000000000000,ug.m-3,44.4264,26.1406
2022-02-28 00:00:00,2022-02-28 01:00:00,11.380000000000000000,ug.m-3,44.4264,26.1406
2022-02-28 01:00:00,2022-02-28 02:00:00,10.680000000000000000,ug.m-3,44.4264,26.1406
2022-02-28 02:00:00,2022-02-28 03:00:00,9.820000000000000000,ug.m-3,44.4264,26.1406
2022-02-28 03:00:00,2022-02-28 04:00:00,10.550000000000000000,ug.m-3,44.4264,26.1406
2022-02-28 04:00:00,2022-02-28 05:00:00,8.080000000000000000,ug.m-3,44.4264,26.1406
2022-02-28 05:00:00,2022-02-28 06:00:00,8.600000000000000000,ug.m-3,44.4264,26.1406
2022-02-28 06:00:00,2022-02-28 07:00:00,6.010000000000000000,ug.m-3,44.4264,26.1406
2022-02-28 07:00:00,2022-02-28 08:00:00,8.040000000000000000,ug.m-3,44.4264,26.1406
2022-02-28 08:00:00,2022-02-28 09:00:00,13.220000000000000000,ug.m-3,44.4264,26.1406
2022-02-28 09:00:00,2022-02-28 10:00:00,17.960000000000000000,ug.m-3,44.4264,26.1406
2022-02-28 10:00:00,2022-02-28 11:00:00,13.360000000000000000,ug.m-3,44.4264,26.1406
2022-02-28 11:00:00,2022-02-28 12:00:00,11.690000000000000000,ug.m-3,44.4264,26.1406
2022-02-28 12:00:00,2022-02-28 13:00:00,17.600000000000000000,ug.m-3,44.4264,26.1406
2022-02-28 13:00:00,2022-02-28 14:00:00,14.870000000000000000,ug.m-3,44.4264,26.1406
2022-02-28 14:00:00,2022-02-28 15:00:00,14.680000000000000000,ug.m-3,44.4264,26.1406
2022-02-28 15:00:00,2022-02-28 16:00:00,16.000000000000000000,ug.m-3,44.4264,26.1406
2022-02-28 16:00:00,2022-02-28 17:00:00,10.600000000000000000,ug.m-3,44.4264,26.1406
2022-02-28 17:00:00,2022-02-28 18:00:00,15.480000000000000000,ug.m-3,44.4264,26.1406
2022-02-28 18:00:00,2022-02-28 19:00:00,16.900000000000000000,ug.m-3,44.4264,26.1406
2022-02-28 19:00:00,2022-02-28 20:00:00,16.130000000000000000,ug.m-3,44.4264,26.1406
2022-02-28 20:00:00,2022-02-28 21:00:00,19.700000000000000000,ug.m-3,44.4264,26.1406
2022-02-28 21:00:00,2022-02-28 22:00:00,25.600000000000000000,ug.m-3,44.4264,26.1406
2022-02-28 22:00:00,2022-02-28 23:00:00,23.790000000000000000,ug.m-3,44.4264,26.1406
2022-02-28 23:00:00,2022-03-01 00:00:00,23.620000000000000000,ug.m-3,44.4264,26.1406
2022-03-01 00:00:00,2022-03-01 01:00:00,22.680000000000000000,ug.m-3,44.4264,26.1406
2022-03-01 01:00:00,2022-03-01 02:00:00,22.540000000000000000,ug.m-3,44.4264,26.1406
2022-03-01 02:00:00,2022-03-01 03:00:00,19.440000000000000000,ug.m-3,44.4264,26.1406
2022-03-01 03:00:00,2022-03-01 04:00:00,17.580000000000000000,ug.m-3,44.4264,26.1406
2022-03-01 04:00:00,2022-03-01 05:00:00,15.610000000000000000,ug.m-3,44.4264,26.1406
2022-03-01 05:00:00,2022-03-01 06:00:00,17.540000000000000000,ug.m-3,44.4264,26.1406
2022-03-01 06:00:00,2022-03-01 07:00:00,16.070000000000000000,ug.m-3,44.4264,26.1406
2022-03-01 07:00:00,2022-03-01 08:00:00,20.180000000000000000,ug.m-3,44.4264,26.1406
2022-03-01 08:00:00,2022-03-01 09:00:00,19.340000000000000000,ug.m-3,44.4264,26.1406
2022-03-01 09:00:00,2022-03-01 10:00:00,25.290000000000000000,ug.m-3,44.4264,26.1406
2022-03-01 10:00:00,2022-03-01 11:00:00,24.220000000000000000,ug.m-3,44.4264,26.1406
2022-03-01 11:00:00,2022-03-01 12:00:00,12.320000000000000000,ug.m-3,44.4264,26.1406
2022-03-01 12:00:00,2022-03-01 13:00:00,16.710000000000000000,ug.m-3,44.4264,26.1406
2022-03-01 13:00:00,2022-03-01 14:00:00,17.680000000000000000,ug.m-3,44.4264,26.1406
2022-03-01 14:00:00,2022-03-01 15:00:00,21.530000000000000000,ug.m-3,44.4264,26.1406
2022-03-01 15:00:00,2022-03-01 16:00:00,22.540000000000000000,ug.m-3,44.4264,26.1406
2022-03-01 16:00:00,2022-03-01 17:00:00,21.190000000000000000,ug.m-3,44.4264,26.1406
2022-03-01 17:00:00,2022-03-01 18:00:00,17.090000000000000000,ug.m-3,44.4264,26.1406
2022-03-01 18:00:00,2022-03-01 19:00:00,15.740000000000000000,ug.m-3,44.4264,26.1406
2022-03-01 19:00:00,2022-03-01 20:00:00,15.690000000000000000,ug.m-3,44.4264,26.1406
2022-03-01 20:00:00,2022-03-01 21:00:00,19.010000000000000000,ug.m-3,44.4264,26.1406
2022-03-01 21:00:00,2022-03-01 22:00:00,14.010000000000000000,ug.m-3,44.4264,26.1406
2022-03-01 22:00:00,2022-03-01 23:00:00,9.430000000000000000,ug.m-3,44.4264,26.1406
2022-03-01 23:00:00,2022-03-02 00:00:00,8.420000000000000000,ug.m-3,44.4264,26.1406
2022-03-02 00:00:00,2022-03-02 01:00:00,11.510000000000000000,ug.m-3,44.4264,26.1406
2022-03-02 01:00:00,2022-03-02 02:00:00,9.770000000000000000,ug.m-3,44.4264,26.1406
2022-03-02 02:00:00,2022-03-02 03:00:00,11.280000000000000000,ug.m-3,44.4264,26.1406
2022-03-02 03:00:00,2022-03-02 04:00:00,16.130000000000000000,ug.m-3,44.4264,26.1406
2022-03-02 04:00:00,2022-03-02 05:00:00,12.410000000000000000,ug.m-3,44.4264,26.1406
2022-03-02 05:00:00,2022-03-02 06:00:00,13.260000000000000000,ug.m-3,44.4264,26.1406
2022-03-02 06:00:00,2022-03-02 07:00:00,18.030000000000000000,ug.m-3,44.4264,26.1406
2022-03-02 07:00:00,2022-03-02 08:00:00,22.270000000000000000,ug.m-3,44.4264,26.1406
2022-03-02 08:00:00,2022-03-02 09:00:00,21.930000000000000000,ug.m-3,44.4264,26.1406
2022-03-02 09:00:00,2022-03-02 10:00:00,27.370000000000000000,ug.m-3,44.4264,26.1406
2022-03-02 10:00:00,2022-03-02 11:00:00,27.820000000000000000,ug.m-3,44.4264,26.1406
2022-03-02 11:00:00,2022-03-02 12:00:00,22.430000000000000000,ug.m-3,44.4264,26.1406
2022-03-02 12:00:00,2022-03-02 13:00:00,17.280000000000000000,ug.m-3,44.4264,26.1406
2022-03-02 13:00:00,2022-03-02 14:00:00,12.820000000000000000,ug.m-3,44.4264,26.1406
2022-03-02 14:00:00,2022-03-02 15:00:00,15.770000000000000000,ug.m-3,44.4264,26.1406
2022-03-02 15:00:00,2022-03-02 16:00:00,16.840000000000000000,ug.m-3,44.4264,26.1406
2022-03-02 16:00:00,2022-03-02 17:00:00,14.440000000000000000,ug.m-3,44.4264,26.1406
2022-03-02 17:00:00,2022-03-02 18:00:00,18.900000000000000000,ug.m-3,44.4264,26.1406
2022-03-02 18:00:00,2022-03-02 19:00:00,25.400000000000000000,ug.m-3,44.4264,26.1406
2022-03-02 19:00:00,2022-03-02 20:00:00,27.020000000000000000,ug.m-3,44.4264,26.1406
2022-03-02 20:00:00,2022-03-02 21:00:00,28.100000000000000000,ug.m-3,44.4264,26.1406
2022-03-02 21:00:00,2022-03-02 22:00:00,33.580000000000000000,ug.m-3,44.4264,26.1406
2022-03-02 22:00:00,2022-03-02 23:00:00,32.100000000000000000,ug.m-3,44.4264,26.1406
2022-03-02 23:00:00,2022-03-03 00:00:00,26.140000000000000000,ug.m-3,44.4264,26.1406
2022-03-03 00:00:00,2022-03-03 01:00:00,17.250000000000000000,ug.m-3,44.4264,26.1406
2022-03-03 01:00:00,2022-03-03 02:00:00,14.180000000000000000,ug.m-3,44.4264,26.1406
2022-03-03 02:00:00,2022-03-03 03:00:00,13.310000000000000000,ug.m-3,44.4264,26.1406
2022-03-03 03:00:00,2022-03-03 04:00:00,13.940000000000000000,ug.m-3,44.4264,26.1406
2022-03-03 04:00:00,2022-03-03 05:00:00,14.280000000000000000,ug.m-3,44.4264,26.1406
2022-03-03 05:00:00,2022-03-03 06:00:00,16.180000000000000000,ug.m-3,44.4264,26.1406
2022-03-03 06:00:00,2022-03-03 07:00:00,16.370000000000000000,ug.m-3,44.4264,26.1406
2022-03-03 07:00:00,2022-03-03 08:00:00,17.430000000000000000,ug.m-3,44.4264,26.1406
2022-03-03 08:00:00,2022-03-03 09:00:00,19.280000000000000000,ug.m-3,44.4264,26.1406
2022-03-03 09:00:00,2022-03-03 10:00:00,31.760000000000000000,ug.m-3,44.4264,26.1406
2022-03-03 10:00:00,2022-03-03 11:00:00,34.620000000000000000,ug.m-3,44.4264,26.1406
2022-03-03 11:00:00,2022-03-03 12:00:00,44.680000000000000000,ug.m-3,44.4264,26.1406
2022-03-03 12:00:00,2022-03-03 13:00:00,52.120000000000000000,ug.m-3,44.4264,26.1406
2022-03-03 13:00:00,2022-03-03 14:00:00,44.970000000000000000,ug.m-3,44.4264,26.1406
2022-03-03 14:00:00,2022-03-03 15:00:00,28.320000000000000000,ug.m-3,44.4264,26.1406
2022-03-03 15:00:00,2022-03-03 16:00:00,20.790000000000000000,ug.m-3,44.4264,26.1406
2022-03-03 16:00:00,2022-03-03 17:00:00,20.780000000000000000,ug.m-3,44.4264,26.1406
2022-03-03 17:00:00,2022-03-03 18:00:00,31.200000000000000000,ug.m-3,44.4264,26.1406
2022-03-03 18:00:00,2022-03-03 19:00:00,38.470000000000000000,ug.m-3,44.4264,26.1406
2022-03-03 19:00:00,2022-03-03 20:00:00,44.630000000000000000,ug.m-3,44.4264,26.1406
2022-03-03 20:00:00,2022-03-03 21:00:00,50.750000000000000000,ug.m-3,44.4264,26.1406
2022-03-03 21:00:00,2022-03-03 22:00:00,48.230000000000000000,ug.m-3,44.4264,26.1406
2022-03-03 22:00:00,2022-03-03 23:00:00,39.960000000000000000,ug.m-3,44.4264,26.1406
2022-03-03 23:00:00,2022-03-04 00:00:00,28.920000000000000000,ug.m-3,44.4264,26.1406
2022-03-04 00:00:00,2022-03-04 01:00:00,19.830000000000000000,ug.m-3,44.4264,26.1406
2022-03-04 01:00:00,2022-03-04 02:00:00,21.780000000000000000,ug.m-3,44.4264,26.1406
2022-03-04 02:00:00,2022-03-04 03:00:00,20.600000000000000000,ug.m-3,44.4264,26.1406
2022-03-04 03:00:00,2022-03-04 04:00:00,23.590000000000000000,ug.m-3,44.4264,26.1406
2022-03-04 04:00:00,2022-03-04 05:00:00,21.150000000000000000,ug.m-3,44.4264,26.1406
2022-03-04 05:00:00,2022-03-04 06:00:00,20.850000000000000000,ug.m-3,44.4264,26.1406
2022-03-04 06:00:00,2022-03-04 07:00:00,25.840000000000000000,ug.m-3,44.4264,26.1406
2022-03-04 07:00:00,2022-03-04 08:00:00,31.030000000000000000,ug.m-3,44.4264,26.1406
2022-03-04 08:00:00,2022-03-04 09:00:00,31.340000000000000000,ug.m-3,44.4264,26.1406
2022-03-04 09:00:00,2022-03-04 10:00:00,29.160000000000000000,ug.m-3,44.4264,26.1406
2022-03-04 10:00:00,2022-03-04 11:00:00,30.210000000000000000,ug.m-3,44.4264,26.1406
2022-03-04 11:00:00,2022-03-04 12:00:00,26.110000000000000000,ug.m-3,44.4264,26.1406
2022-03-04 12:00:00,2022-03-04 13:00:00,29.330000000000000000,ug.m-3,44.4264,26.1406
2022-03-04 13:00:00,2022-03-04 14:00:00,32.470000000000000000,ug.m-3,44.4264,26.1406
2022-03-04 14:00:00,2022-03-04 15:00:00,26.660000000000000000,ug.m-3,44.4264,26.1406
2022-03-04 15:00:00,2022-03-04 16:00:00,26.610000000000000000,ug.m-3,44.4264,26.1406
2022-03-04 16:00:00,2022-03-04 17:00:00,27.420000000000000000,ug.m-3,44.4264,26.1406
2022-03-04 17:00:00,2022-03-04 18:00:00,29.490000000000000000,ug.m-3,44.4264,26.1406
2022-03-04 18:00:00,2022-03-04 19:00:00,30.610000000000000000,ug.m-3,44.4264,26.1406
2022-03-04 19:00:00,2022-03-04 20:00:00,33.760000000000000000,ug.m-3,44.4264,26.1406
2022-03-04 20:00:00,2022-03-04 21:00:00,34.170000000000000000,ug.m-3,44.4264,26.1406
2022-03-04 21:00:00,2022-03-04 22:00:00,29.920000000000000000,ug.m-3,44.4264,26.1406
2022-03-04 22:00:00,2022-03-04 23:00:00,32.360000000000000000,ug.m-3,44.4264,26.1406
2022-03-04 23:00:00,2022-03-05 00:00:00,32.780000000000000000,ug.m-3,44.4264,26.1406
2022-03-05 00:00:00,2022-03-05 01:00:00,32.530000000000000000,ug.m-3,44.4264,26.1406
2022-03-05 01:00:00,2022-03-05 02:00:00,25.240000000000000000,ug.m-3,44.4264,26.1406
2022-03-05 02:00:00,2022-03-05 03:00:00,18.420000000000000000,ug.m-3,44.4264,26.1406
2022-03-05 03:00:00,2022-03-05 04:00:00,15.780000000000000000,ug.m-3,44.4264,26.1406
2022-03-05 04:00:00,2022-03-05 05:00:00,19.310000000000000000,ug.m-3,44.4264,26.1406
2022-03-05 05:00:00,2022-03-05 06:00:00,24.070000000000000000,ug.m-3,44.4264,26.1406
2022-03-05 06:00:00,2022-03-05 07:00:00,25.990000000000000000,ug.m-3,44.4264,26.1406
2022-03-05 07:00:00,2022-03-05 08:00:00,29.820000000000000000,ug.m-3,44.4264,26.1406
2022-03-05 08:00:00,2022-03-05 09:00:00,33.110000000000000000,ug.m-3,44.4264,26.1406
2022-03-05 09:00:00,2022-03-05 10:00:00,33.450000000000000000,ug.m-3,44.4264,26.1406
2022-03-05 10:00:00,2022-03-05 11:00:00,33.120000000000000000,ug.m-3,44.4264,26.1406
2022-03-05 11:00:00,2022-03-05 12:00:00,33.690000000000000000,ug.m-3,44.4264,26.1406
2022-03-05 12:00:00,2022-03-05 13:00:00,26.490000000000000000,ug.m-3,44.4264,26.1406
2022-03-05 13:00:00,2022-03-05 14:00:00,28.220000000000000000,ug.m-3,44.4264,26.1406
2022-03-05 14:00:00,2022-03-05 15:00:00,27.520000000000000000,ug.m-3,44.4264,26.1406
2022-03-05 15:00:00,2022-03-05 16:00:00,28.370000000000000000,ug.m-3,44.4264,26.1406
2022-03-05 16:00:00,2022-03-05 17:00:00,26.110000000000000000,ug.m-3,44.4264,26.1406
2022-03-05 17:00:00,2022-03-05 18:00:00,24.750000000000000000,ug.m-3,44.4264,26.1406
2022-03-05 18:00:00,2022-03-05 19:00:00,29.750000000000000000,ug.m-3,44.4264,26.1406
2022-03-05 19:00:00,2022-03-05 20:00:00,35.260000000000000000,ug.m-3,44.4264,26.1406
2022-03-05 20:00:00,2022-03-05 21:00:00,38.650000000000000000,ug.m-3,44.4264,26.1406
2022-03-05 21:00:00,2022-03-05 22:00:00,38.370000000000000000,ug.m-3,44.4264,26.1406
2022-03-05 22:00:00,2022-03-05 23:00:00,30.420000000000000000,ug.m-3,44.4264,26.1406
2022-03-05 23:00:00,2022-03-06 00:00:00,13.350000000000000000,ug.m-3,44.4264,26.1406
2022-03-06 00:00:00,2022-03-06 01:00:00,9.260000000000000000,ug.m-3,44.4264,26.1406
2022-03-06 01:00:00,2022-03-06 02:00:00,12.330000000000000000,ug.m-3,44.4264,26.1406
2022-03-06 02:00:00,2022-03-06 03:00:00,12.630000000000000000,ug.m-3,44.4264,26.1406
2022-03-06 03:00:00,2022-03-06 04:00:00,12.000000000000000000,ug.m-3,44.4264,26.1406
2022-03-06 04:00:00,2022-03-06 05:00:00,14.400000000000000000,ug.m-3,44.4264,26.1406
2022-03-06 05:00:00,2022-03-06 06:00:00,12.890000000000000000,ug.m-3,44.4264,26.1406
2022-03-06 06:00:00,2022-03-06 07:00:00,11.510000000000000000,ug.m-3,44.4264,26.1406
2022-03-06 07:00:00,2022-03-06 08:00:00,12.400000000000000000,ug.m-3,44.4264,26.1406
2022-03-06 08:00:00,2022-03-06 09:00:00,11.240000000000000000,ug.m-3,44.4264,26.1406
2022-03-06 09:00:00,2022-03-06 10:00:00,15.360000000000000000,ug.m-3,44.4264,26.1406
2022-03-06 10:00:00,2022-03-06 11:00:00,11.860000000000000000,ug.m-3,44.4264,26.1406
2022-03-06 11:00:00,2022-03-06 12:00:00,12.810000000000000000,ug.m-3,44.4264,26.1406
2022-03-06 12:00:00,2022-03-06 13:00:00,14.160000000000000000,ug.m-3,44.4264,26.1406
2022-03-06 13:00:00,2022-03-06 14:00:00,14.640000000000000000,ug.m-3,44.4264,26.1406
2022-03-06 14:00:00,2022-03-06 15:00:00,9.970000000000000000,ug.m-3,44.4264,26.1406
2022-03-06 15:00:00,2022-03-06 16:00:00,10.590000000000000000,ug.m-3,44.4264,26.1406
2022-03-06 16:00:00,2022-03-06 17:00:00,11.940000000000000000,ug.m-3,44.4264,26.1406
2022-03-06 17:00:00,2022-03-06 18:00:00,13.100000000000000000,ug.m-3,44.4264,26.1406
2022-03-06 18:00:00,2022-03-06 19:00:00,16.880000000000000000,ug.m-3,44.4264,26.1406
2022-03-06 19:00:00,2022-03-06 20:00:00,16.950000000000000000,ug.m-3,44.4264,26.1406
2022-03-06 20:00:00,2022-03-06 21:00:00,18.050000000000000000,ug.m-3,44.4264,26.1406
2022-03-06 21:00:00,2022-03-06 22:00:00,20.260000000000000000,ug.m-3,44.4264,26.1406
2022-03-06 22:00:00,2022-03-06 23:00:00,25.410000000000000000,ug.m-3,44.4264,26.1406
2022-03-06 23:00:00,2022-03-07 00:00:00,30.090000000000000000,ug.m-3,44.4264,26.1406
2022-03-07 00:00:00,2022-03-07 01:00:00,24.400000000000000000,ug.m-3,44.4264,26.1406
2022-03-07 01:00:00,2022-03-07 02:00:00,23.440000000000000000,ug.m-3,44.4264,26.1406
2022-03-07 02:00:00,2022-03-07 03:00:00,19.540000000000000000,ug.m-3,44.4264,26.1406
2022-03-07 03:00:00,2022-03-07 04:00:00,8.340000000000000000,ug.m-3,44.4264,26.1406
2022-03-07 04:00:00,2022-03-07 05:00:00,12.480000000000000000,ug.m-3,44.4264,26.1406
2022-03-07 05:00:00,2022-03-07 06:00:00,11.780000000000000000,ug.m-3,44.4264,26.1406
2022-03-07 06:00:00,2022-03-07 07:00:00,12.790000000000000000,ug.m-3,44.4264,26.1406
2022-03-07 07:00:00,2022-03-07 08:00:00,12.050000000000000000,ug.m-3,44.4264,26.1406
2022-03-07 08:00:00,2022-03-07 09:00:00,12.860000000000000000,ug.m-3,44.4264,26.1406
2022-03-07 09:00:00,2022-03-07 10:00:00,8.590000000000000000,ug.m-3,44.4264,26.1406
2022-03-07 10:00:00,2022-03-07 11:00:00,13.720000000000000000,ug.m-3,44.4264,26.1406
2022-03-07 11:00:00,2022-03-07 12:00:00,12.060000000000000000,ug.m-3,44.4264,26.1406
2022-03-07 12:00:00,2022-03-07 13:00:00,14.470000000000000000,ug.m-3,44.4264,26.1406
2022-03-07 13:00:00,2022-03-07 14:00:00,15.690000000000000000,ug.m-3,44.4264,26.1406
2022-03-07 14:00:00,2022-03-07 15:00:00,9.120000000000000000,ug.m-3,44.4264,26.1406
2022-03-07 15:00:00,2022-03-07 16:00:00,13.890000000000000000,ug.m-3,44.4264,26.1406
2022-03-07 16:00:00,2022-03-07 17:00:00,10.250000000000000000,ug.m-3,44.4264,26.1406
2022-03-07 17:00:00,2022-03-07 18:00:00,14.440000000000000000,ug.m-3,44.4264,26.1406
2022-03-07 18:00:00,2022-03-07 19:00:00,17.590000000000000000,ug.m-3,44.4264,26.1406
2022-03-07 19:00:00,2022-03-07 20:00:00,20.130000000000000000,ug.m-3,44.4264,26.1406
2022-03-07 20:00:00,2022-03-07 21:00:00,18.010000000000000000,ug.m-3,44.4264,26.1406
2022-03-07 21:00:00,2022-03-07 22:00:00,16.850000000000000000,ug.m-3,44.4264,26.1406
2022-03-07 22:00:00,2022-03-07 23:00:00,15.980000000000000000,ug.m-3,44.4264,26.1406
2022-03-07 23:00:00,2022-03-08 00:00:00,16.460000000000000000,ug.m-3,44.4264,26.1406
2022-03-08 00:00:00,2022-03-08 01:00:00,16.280000000000000000,ug.m-3,44.4264,26.1406
2022-03-08 01:00:00,2022-03-08 02:00:00,18.420000000000000000,ug.m-3,44.4264,26.1406
2022-03-08 02:00:00,2022-03-08 03:00:00,15.860000000000000000,ug.m-3,44.4264,26.1406
2022-03-08 03:00:00,2022-03-08 04:00:00,14.780000000000000000,ug.m-3,44.4264,26.1406
2022-03-08 04:00:00,2022-03-08 05:00:00,17.070000000000000000,ug.m-3,44.4264,26.1406
2022-03-08 05:00:00,2022-03-08 06:00:00,18.470000000000000000,ug.m-3,44.4264,26.1406
2022-03-08 06:00:00,2022-03-08 07:00:00,20.690000000000000000,ug.m-3,44.4264,26.1406
2022-03-08 07:00:00,2022-03-08 08:00:00,26.490000000000000000,ug.m-3,44.4264,26.1406
2022-03-08 08:00:00,2022-03-08 09:00:00,24.840000000000000000,ug.m-3,44.4264,26.1406
2022-03-08 09:00:00,2022-03-08 10:00:00,24.340000000000000000,ug.m-3,44.4264,26.1406
2022-03-08 10:00:00,2022-03-08 11:00:00,23.960000000000000000,ug.m-3,44.4264,26.1406
2022-03-08 11:00:00,2022-03-08 12:00:00,23.900000000000000000,ug.m-3,44.4264,26.1406
2022-03-08 12:00:00,2022-03-08 13:00:00,20.670000000000000000,ug.m-3,44.4264,26.1406
2022-03-08 13:00:00,2022-03-08 14:00:00,24.030000000000000000,ug.m-3,44.4264,26.1406
2022-03-08 14:00:00,2022-03-08 15:00:00,22.580000000000000000,ug.m-3,44.4264,26.1406
2022-03-08 15:00:00,2022-03-08 16:00:00,27.660000000000000000,ug.m-3,44.4264,26.1406
2022-03-08 16:00:00,2022-03-08 17:00:00,29.990000000000000000,ug.m-3,44.4264,26.1406
2022-03-08 17:00:00,2022-03-08 18:00:00,26.740000000000000000,ug.m-3,44.4264,26.1406
2022-03-08 18:00:00,2022-03-08 19:00:00,27.560000000000000000,ug.m-3,44.4264,26.1406
2022-03-08 19:00:00,2022-03-08 20:00:00,30.900000000000000000,ug.m-3,44.4264,26.1406
2022-03-08 20:00:00,2022-03-08 21:00:00,34.560000000000000000,ug.m-3,44.4264,26.1406
2022-03-08 21:00:00,2022-03-08 22:00:00,34.600000000000000000,ug.m-3,44.4264,26.1406
2022-03-08 22:00:00,2022-03-08 23:00:00,32.570000000000000000,ug.m-3,44.4264,26.1406
2022-03-08 23:00:00,2022-03-09 00:00:00,33.550000000000000000,ug.m-3,44.4264,26.1406
2022-03-09 00:00:00,2022-03-09 01:00:00,33.760000000000000000,ug.m-3,44.4264,26.1406
2022-03-09 01:00:00,2022-03-09 02:00:00,34.650000000000000000,ug.m-3,44.4264,26.1406
2022-03-09 02:00:00,2022-03-09 03:00:00,31.270000000000000000,ug.m-3,44.4264,26.1406
2022-03-09 03:00:00,2022-03-09 04:00:00,33.180000000000000000,ug.m-3,44.4264,26.1406
2022-03-09 04:00:00,2022-03-09 05:00:00,32.710000000000000000,ug.m-3,44.4264,26.1406
2022-03-09 05:00:00,2022-03-09 06:00:00,38.660000000000000000,ug.m-3,44.4264,26.1406
2022-03-09 06:00:00,2022-03-09 07:00:00,28.200000000000000000,ug.m-3,44.4264,26.1406
2022-03-09 07:00:00,2022-03-09 08:00:00,10.460000000000000000,ug.m-3,44.4264,26.1406
2022-03-09 08:00:00,2022-03-09 09:00:00,13.740000000000000000,ug.m-3,44.4264,26.1406
2022-03-09 09:00:00,2022-03-09 10:00:00,11.250000000000000000,ug.m-3,44.4264,26.1406
2022-03-09 10:00:00,2022-03-09 11:00:00,12.810000000000000000,ug.m-3,44.4264,26.1406
2022-03-09 11:00:00,2022-03-09 12:00:00,14.530000000000000000,ug.m-3,44.4264,26.1406
2022-03-09 12:00:00,2022-03-09 13:00:00,10.490000000000000000,ug.m-3,44.4264,26.1406
2022-03-09 13:00:00,2022-03-09 14:00:00,11.350000000000000000,ug.m-3,44.4264,26.1406
2022-03-09 14:00:00,2022-03-09 15:00:00,13.110000000000000000,ug.m-3,44.4264,26.1406
2022-03-09 15:00:00,2022-03-09 16:00:00,13.410000000000000000,ug.m-3,44.4264,26.1406
2022-03-09 16:00:00,2022-03-09 17:00:00,13.160000000000000000,ug.m-3,44.4264,26.1406
2022-03-09 17:00:00,2022-03-09 18:00:00,16.200000000000000000,ug.m-3,44.4264,26.1406
2022-03-09 18:00:00,2022-03-09 19:00:00,16.380000000000000000,ug.m-3,44.4264,26.1406
2022-03-09 19:00:00,2022-03-09 20:00:00,8.790000000000000000,ug.m-3,44.4264,26.1406
2022-03-09 20:00:00,2022-03-09 21:00:00,17.810000000000000000,ug.m-3,44.4264,26.1406
2022-03-09 21:00:00,2022-03-09 22:00:00,20.890000000000000000,ug.m-3,44.4264,26.1406
2022-03-09 22:00:00,2022-03-09 23:00:00,21.560000000000000000,ug.m-3,44.4264,26.1406
2022-03-09 23:00:00,2022-03-10 00:00:00,26.820000000000000000,ug.m-3,44.4264,26.1406
2022-03-10 00:00:00,2022-03-10 01:00:00,31.030000000000000000,ug.m-3,44.4264,26.1406
2022-03-10 01:00:00,2022-03-10 02:00:00,28.920000000000000000,ug.m-3,44.4264,26.1406
2022-03-10 02:00:00,2022-03-10 03:00:00,25.020000000000000000,ug.m-3,44.4264,26.1406
2022-03-10 03:00:00,2022-03-10 04:00:00,22.120000000000000000,ug.m-3,44.4264,26.1406
2022-03-10 04:00:00,2022-03-10 05:00:00,13.260000000000000000,ug.m-3,44.4264,26.1406
2022-03-10 05:00:00,2022-03-10 06:00:00,12.790000000000000000,ug.m-3,44.4264,26.1406
2022-03-10 06:00:00,2022-03-10 07:00:00,20.130000000000000000,ug.m-3,44.4264,26.1406
2022-03-10 07:00:00,2022-03-10 08:00:00,23.240000000000000000,ug.m-3,44.4264,26.1406
2022-03-10 08:00:00,2022-03-10 09:00:00,18.630000000000000000,ug.m-3,44.4264,26.1406
2022-03-10 09:00:00,2022-03-10 10:00:00,14.180000000000000000,ug.m-3,44.4264,26.1406
2022-03-10 10:00:00,2022-03-10 11:00:00,15.730000000000000000,ug.m-3,44.4264,26.1406
2022-03-10 11:00:00,2022-03-10 12:00:00,13.720000000000000000,ug.m-3,44.4264,26.1406
2022-03-10 12:00:00,2022-03-10 13:00:00,17.830000000000000000,ug.m-3,44.4264,26.1406
2022-03-10 13:00:00,2022-03-10 14:00:00,15.390000000000000000,ug.m-3,44.4264,26.1406
2022-03-10 14:00:00,2022-03-10 15:00:00,15.560000000000000000,ug.m-3,44.4264,26.1406
2022-03-10 15:00:00,2022-03-10 16:00:00,12.820000000000000000,ug.m-3,44.4264,26.1406
2022-03-10 16:00:00,2022-03-10 17:00:00,16.330000000000000000,ug.m-3,44.4264,26.1406
2022-03-10 17:00:00,2022-03-10 18:00:00,15.150000000000000000,ug.m-3,44.4264,26.1406
2022-03-10 18:00:00,2022-03-10 19:00:00,13.180000000000000000,ug.m-3,44.4264,26.1406
2022-03-10 19:00:00,2022-03-10 20:00:00,16.260000000000000000,ug.m-3,44.4264,26.1406
2022-03-10 20:00:00,2022-03-10 21:00:00,14.650000000000000000,ug.m-3,44.4264,26.1406
2022-03-10 21:00:00,2022-03-10 22:00:00,12.810000000000000000,ug.m-3,44.4264,26.1406
2022-03-10 22:00:00,2022-03-10 23:00:00,14.540000000000000000,ug.m-3,44.4264,26.1406
2022-03-10 23:00:00,2022-03-11 00:00:00,13.200000000000000000,ug.m-3,44.4264,26.1406
2022-03-11 00:00:00,2022-03-11 01:00:00,12.160000000000000000,ug.m-3,44.4264,26.1406
2022-03-11 01:00:00,2022-03-11 02:00:00,11.160000000000000000,ug.m-3,44.4264,26.1406
2022-03-11 02:00:00,2022-03-11 03:00:00,10.620000000000000000,ug.m-3,44.4264,26.1406
2022-03-11 03:00:00,2022-03-11 04:00:00,12.920000000000000000,ug.m-3,44.4264,26.1406
2022-03-11 04:00:00,2022-03-11 05:00:00,15.850000000000000000,ug.m-3,44.4264,26.1406
2022-03-11 05:00:00,2022-03-11 06:00:00,17.360000000000000000,ug.m-3,44.4264,26.1406
2022-03-11 06:00:00,2022-03-11 07:00:00,22.210000000000000000,ug.m-3,44.4264,26.1406
2022-03-11 07:00:00,2022-03-11 08:00:00,20.460000000000000000,ug.m-3,44.4264,26.1406
2022-03-11 08:00:00,2022-03-11 09:00:00,16.270000000000000000,ug.m-3,44.4264,26.1406
2022-03-11 09:00:00,2022-03-11 10:00:00,15.940000000000000000,ug.m-3,44.4264,26.1406
2022-03-11 10:00:00,2022-03-11 11:00:00,15.010000000000000000,ug.m-3,44.4264,26.1406
2022-03-11 11:00:00,2022-03-11 12:00:00,15.350000000000000000,ug.m-3,44.4264,26.1406
2022-03-11 12:00:00,2022-03-11 13:00:00,13.770000000000000000,ug.m-3,44.4264,26.1406
2022-03-11 13:00:00,2022-03-11 14:00:00,12.600000000000000000,ug.m-3,44.4264,26.1406
2022-03-11 14:00:00,2022-03-11 15:00:00,8.500000000000000000,ug.m-3,44.4264,26.1406
2022-03-11 15:00:00,2022-03-11 16:00:00,14.460000000000000000,ug.m-3,44.4264,26.1406
2022-03-11 16:00:00,2022-03-11 17:00:00,13.560000000000000000,ug.m-3,44.4264,26.1406
2022-03-11 17:00:00,2022-03-11 18:00:00,21.420000000000000000,ug.m-3,44.4264,26.1406
2022-03-11 18:00:00,2022-03-11 19:00:00,21.200000000000000000,ug.m-3,44.4264,26.1406
2022-03-11 19:00:00,2022-03-11 20:00:00,15.270000000000000000,ug.m-3,44.4264,26.1406
2022-03-11 20:00:00,2022-03-11 21:00:00,9.780000000000000000,ug.m-3,44.4264,26.1406
2022-03-11 21:00:00,2022-03-11 22:00:00,9.630000000000000000,ug.m-3,44.4264,26.1406
2022-03-11 22:00:00,2022-03-11 23:00:00,12.140000000000000000,ug.m-3,44.4264,26.1406
2022-03-11 23:00:00,2022-03-12 00:00:00,15.160000000000000000,ug.m-3,44.4264,26.1406
2022-03-12 00:00:00,2022-03-12 01:00:00,17.880000000000000000,ug.m-3,44.4264,26.1406
2022-03-12 01:00:00,2022-03-12 02:00:00,17.610000000000000000,ug.m-3,44.4264,26.1406
2022-03-12 02:00:00,2022-03-12 03:00:00,16.030000000000000000,ug.m-3,44.4264,26.1406
2022-03-12 03:00:00,2022-03-12 04:00:00,17.310000000000000000,ug.m-3,44.4264,26.1406
2022-03-12 04:00:00,2022-03-12 05:00:00,18.800000000000000000,ug.m-3,44.4264,26.1406
2022-03-12 05:00:00,2022-03-12 06:00:00,21.950000000000000000,ug.m-3,44.4264,26.1406
2022-03-12 06:00:00,2022-03-12 07:00:00,20.980000000000000000,ug.m-3,44.4264,26.1406
2022-03-12 07:00:00,2022-03-12 08:00:00,20.830000000000000000,ug.m-3,44.4264,26.1406
2022-03-12 08:00:00,2022-03-12 09:00:00,23.990000000000000000,ug.m-3,44.4264,26.1406
2022-03-12 09:00:00,2022-03-12 10:00:00,21.040000000000000000,ug.m-3,44.4264,26.1406
2022-03-12 10:00:00,2022-03-12 11:00:00,14.950000000000000000,ug.m-3,44.4264,26.1406
2022-03-12 11:00:00,2022-03-12 12:00:00,14.040000000000000000,ug.m-3,44.4264,26.1406
2022-03-12 12:00:00,2022-03-12 13:00:00,12.130000000000000000,ug.m-3,44.4264,26.1406
2022-03-12 13:00:00,2022-03-12 14:00:00,15.540000000000000000,ug.m-3,44.4264,26.1406
2022-03-12 14:00:00,2022-03-12 15:00:00,12.570000000000000000,ug.m-3,44.4264,26.1406
2022-03-12 15:00:00,2022-03-12 16:00:00,11.920000000000000000,ug.m-3,44.4264,26.1406
2022-03-12 16:00:00,2022-03-12 17:00:00,15.540000000000000000,ug.m-3,44.4264,26.1406
2022-03-12 17:00:00,2022-03-12 18:00:00,15.270000000000000000,ug.m-3,44.4264,26.1406
2022-03-12 18:00:00,2022-03-12 19:00:00,21.740000000000000000,ug.m-3,44.4264,26.1406
2022-03-12 19:00:00,2022-03-12 20:00:00,27.600000000000000000,ug.m-3,44.4264,26.1406
2022-03-12 20:00:00,2022-03-12 21:00:00,27.450000000000000000,ug.m-3,44.4264,26.1406
2022-03-12 21:00:00,2022-03-12 22:00:00,25.080000000000000000,ug.m-3,44.4264,26.1406
2022-03-12 22:00:00,2022-03-12 23:00:00,24.640000000000000000,ug.m-3,44.4264,26.1406
2022-03-12 23:00:00,2022-03-13 00:00:00,24.350000000000000000,ug.m-3,44.4264,26.1406
2022-03-13 00:00:00,2022-03-13 01:00:00,20.640000000000000000,ug.m-3,44.4264,26.1406
2022-03-13 01:00:00,2022-03-13 02:00:00,19.990000000000000000,ug.m-3,44.4264,26.1406
2022-03-13 02:00:00,2022-03-13 03:00:00,19.140000000000000000,ug.m-3,44.4264,26.1406
2022-03-13 03:00:00,2022-03-13 04:00:00,20.620000000000000000,ug.m-3,44.4264,26.1406
2022-03-13 04:00:00,2022-03-13 05:00:00,21.370000000000000000,ug.m-3,44.4264,26.1406
2022-03-13 05:00:00,2022-03-13 06:00:00,21.610000000000000000,ug.m-3,44.4264,26.1406
2022-03-13 06:00:00,2022-03-13 07:00:00,23.440000000000000000,ug.m-3,44.4264,26.1406
2022-03-13 07:00:00,2022-03-13 08:00:00,24.450000000000000000,ug.m-3,44.4264,26.1406
2022-03-13 08:00:00,2022-03-13 09:00:00,24.930000000000000000,ug.m-3,44.4264,26.1406
2022-03-13 09:00:00,2022-03-13 10:00:00,26.560000000000000000,ug.m-3,44.4264,26.1406
2022-03-13 10:00:00,2022-03-13 11:00:00,32.360000000000000000,ug.m-3,44.4264,26.1406
2022-03-13 11:00:00,2022-03-13 12:00:00,34.710000000000000000,ug.m-3,44.4264,26.1406
2022-03-13 12:00:00,2022-03-13 13:00:00,25.220000000000000000,ug.m-3,44.4264,26.1406
2022-03-13 13:00:00,2022-03-13 14:00:00,25.420000000000000000,ug.m-3,44.4264,26.1406
2022-03-13 14:00:00,2022-03-13 15:00:00,19.970000000000000000,ug.m-3,44.4264,26.1406
2022-03-13 15:00:00,2022-03-13 16:00:00,18.810000000000000000,ug.m-3,44.4264,26.1406
2022-03-13 16:00:00,2022-03-13 17:00:00,21.110000000000000000,ug.m-3,44.4264,26.1406
2022-03-13 17:00:00,2022-03-13 18:00:00,24.910000000000000000,ug.m-3,44.4264,26.1406
2022-03-13 18:00:00,2022-03-13 19:00:00,28.580000000000000000,ug.m-3,44.4264,26.1406
2022-03-13 19:00:00,2022-03-13 20:00:00,34.160000000000000000,ug.m-3,44.4264,26.1406
2022-03-13 20:00:00,2022-03-13 21:00:00,30.860000000000000000,ug.m-3,44.4264,26.1406
2022-03-13 21:00:00,2022-03-13 22:00:00,29.880000000000000000,ug.m-3,44.4264,26.1406
2022-03-13 22:00:00,2022-03-13 23:00:00,28.770000000000000000,ug.m-3,44.4264,26.1406
2022-03-13 23:00:00,2022-03-14 00:00:00,29.600000000000000000,ug.m-3,44.4264,26.1406
2022-03-14 00:00:00,2022-03-14 01:00:00,32.510000000000000000,ug.m-3,44.4264,26.1406
2022-03-14 01:00:00,2022-03-14 02:00:00,42.330000000000000000,ug.m-3,44.4264,26.1406
2022-03-14 02:00:00,2022-03-14 03:00:00,37.510000000000000000,ug.m-3,44.4264,26.1406
2022-03-14 03:00:00,2022-03-14 04:00:00,37.040000000000000000,ug.m-3,44.4264,26.1406
2022-03-14 04:00:00,2022-03-14 05:00:00,36.110000000000000000,ug.m-3,44.4264,26.1406
2022-03-14 05:00:00,2022-03-14 06:00:00,37.690000000000000000,ug.m-3,44.4264,26.1406
2022-03-14 06:00:00,2022-03-14 07:00:00,39.590000000000000000,ug.m-3,44.4264,26.1406
2022-03-14 07:00:00,2022-03-14 08:00:00,38.680000000000000000,ug.m-3,44.4264,26.1406
2022-03-14 08:00:00,2022-03-14 09:00:00,32.740000000000000000,ug.m-3,44.4264,26.1406
2022-03-14 09:00:00,2022-03-14 10:00:00,27.630000000000000000,ug.m-3,44.4264,26.1406
2022-03-14 10:00:00,2022-03-14 11:00:00,30.670000000000000000,ug.m-3,44.4264,26.1406
2022-03-14 11:00:00,2022-03-14 12:00:00,23.850000000000000000,ug.m-3,44.4264,26.1406
2022-03-14 12:00:00,2022-03-14 13:00:00,25.970000000000000000,ug.m-3,44.4264,26.1406
2022-03-14 13:00:00,2022-03-14 14:00:00,25.830000000000000000,ug.m-3,44.4264,26.1406
2022-03-14 14:00:00,2022-03-14 15:00:00,30.580000000000000000,ug.m-3,44.4264,26.1406
2022-03-14 15:00:00,2022-03-14 16:00:00,34.190000000000000000,ug.m-3,44.4264,26.1406
2022-03-14 16:00:00,2022-03-14 17:00:00,34.610000000000000000,ug.m-3,44.4264,26.1406
2022-03-14 17:00:00,2022-03-14 18:00:00,32.760000000000000000,ug.m-3,44.4264,26.1406
2022-03-14 18:00:00,2022-03-14 19:00:00,40.620000000000000000,ug.m-3,44.4264,26.1406
2022-03-14 19:00:00,2022-03-14 20:00:00,40.760000000000000000,ug.m-3,44.4264,26.1406
2022-03-14 20:00:00,2022-03-14 21:00:00,34.980000000000000000,ug.m-3,44.4264,26.1406
2022-03-14 21:00:00,2022-03-14 22:00:00,33.000000000000000000,ug.m-3,44.4264,26.1406
2022-03-14 22:00:00,2022-03-14 23:00:00,30.720000000000000000,ug.m-3,44.4264,26.1406
2022-03-14 23:00:00,2022-03-15 00:00:00,31.610000000000000000,ug.m-3,44.4264,26.1406
2022-03-15 00:00:00,2022-03-15 01:00:00,33.330000000000000000,ug.m-3,44.4264,26.1406
2022-03-15 01:00:00,2022-03-15 02:00:00,35.620000000000000000,ug.m-3,44.4264,26.1406
2022-03-15 02:00:00,2022-03-15 03:00:00,31.570000000000000000,ug.m-3,44.4264,26.1406
2022-03-15 03:00:00,2022-03-15 04:00:00,30.550000000000000000,ug.m-3,44.4264,26.1406
2022-03-15 04:00:00,2022-03-15 05:00:00,32.730000000000000000,ug.m-3,44.4264,26.1406
2022-03-15 05:00:00,2022-03-15 06:00:00,37.100000000000000000,ug.m-3,44.4264,26.1406
2022-03-15 06:00:00,2022-03-15 07:00:00,48.370000000000000000,ug.m-3,44.4264,26.1406
2022-03-15 07:00:00,2022-03-15 08:00:00,52.270000000000000000,ug.m-3,44.4264,26.1406
2022-03-15 08:00:00,2022-03-15 09:00:00,56.480000000000000000,ug.m-3,44.4264,26.1406
2022-03-15 09:00:00,2022-03-15 10:00:00,52.880000000000000000,ug.m-3,44.4264,26.1406
2022-03-15 10:00:00,2022-03-15 11:00:00,54.040000000000000000,ug.m-3,44.4264,26.1406
2022-03-15 11:00:00,2022-03-15 12:00:00,42.340000000000000000,ug.m-3,44.4264,26.1406
2022-03-15 12:00:00,2022-03-15 13:00:00,31.240000000000000000,ug.m-3,44.4264,26.1406
2022-03-15 13:00:00,2022-03-15 14:00:00,23.560000000000000000,ug.m-3,44.4264,26.1406
2022-03-15 14:00:00,2022-03-15 15:00:00,25.390000000000000000,ug.m-3,44.4264,26.1406
2022-03-15 15:00:00,2022-03-15 16:00:00,25.010000000000000000,ug.m-3,44.4264,26.1406
2022-03-15 16:00:00,2022-03-15 17:00:00,27.630000000000000000,ug.m-3,44.4264,26.1406
2022-03-15 17:00:00,2022-03-15 18:00:00,29.110000000000000000,ug.m-3,44.4264,26.1406
2022-03-15 18:00:00,2022-03-15 19:00:00,35.350000000000000000,ug.m-3,44.4264,26.1406
2022-03-15 19:00:00,2022-03-15 20:00:00,44.330000000000000000,ug.m-3,44.4264,26.1406
2022-03-15 20:00:00,2022-03-15 21:00:00,51.300000000000000000,ug.m-3,44.4264,26.1406
2022-03-15 21:00:00,2022-03-15 22:00:00,52.930000000000000000,ug.m-3,44.4264,26.1406
2022-03-15 22:00:00,2022-03-15 23:00:00,57.930000000000000000,ug.m-3,44.4264,26.1406
2022-03-15 23:00:00,2022-03-16 00:00:00,76.880000000000000000,ug.m-3,44.4264,26.1406
2022-03-16 00:00:00,2022-03-16 01:00:00,84.160000000000000000,ug.m-3,44.4264,26.1406
2022-03-16 01:00:00,2022-03-16 02:00:00,72.280000000000000000,ug.m-3,44.4264,26.1406
2022-03-16 02:00:00,2022-03-16 03:00:00,76.120000000000000000,ug.m-3,44.4264,26.1406
2022-03-16 03:00:00,2022-03-16 04:00:00,82.450000000000000000,ug.m-3,44.4264,26.1406
2022-03-16 04:00:00,2022-03-16 05:00:00,79.720000000000000000,ug.m-3,44.4264,26.1406
2022-03-16 05:00:00,2022-03-16 06:00:00,75.760000000000000000,ug.m-3,44.4264,26.1406
2022-03-16 06:00:00,2022-03-16 07:00:00,78.510000000000000000,ug.m-3,44.4264,26.1406
2022-03-16 07:00:00,2022-03-16 08:00:00,94.480000000000000000,ug.m-3,44.4264,26.1406
2022-03-16 08:00:00,2022-03-16 09:00:00,124.280000000000000000,ug.m-3,44.4264,26.1406
2022-03-16 09:00:00,2022-03-16 10:00:00,104.140000000000000000,ug.m-3,44.4264,26.1406
2022-03-16 10:00:00,2022-03-16 11:00:00,80.360000000000000000,ug.m-3,44.4264,26.1406
2022-03-16 11:00:00,2022-03-16 12:00:00,87.810000000000000000,ug.m-3,44.4264,26.1406
2022-03-16 12:00:00,2022-03-16 13:00:00,87.480000000000000000,ug.m-3,44.4264,26.1406
2022-03-16 13:00:00,2022-03-16 14:00:00,82.210000000000000000,ug.m-3,44.4264,26.1406
2022-03-16 14:00:00,2022-03-16 15:00:00,92.430000000000000000,ug.m-3,44.4264,26.1406
2022-03-16 15:00:00,2022-03-16 16:00:00,89.410000000000000000,ug.m-3,44.4264,26.1406
2022-03-16 16:00:00,2022-03-16 17:00:00,71.700000000000000000,ug.m-3,44.4264,26.1406
2022-03-16 17:00:00,2022-03-16 18:00:00,69.130000000000000000,ug.m-3,44.4264,26.1406
2022-03-16 18:00:00,2022-03-16 19:00:00,78.500000000000000000,ug.m-3,44.4264,26.1406
2022-03-16 19:00:00,2022-03-16 20:00:00,73.130000000000000000,ug.m-3,44.4264,26.1406
2022-03-16 20:00:00,2022-03-16 21:00:00,52.880000000000000000,ug.m-3,44.4264,26.1406
2022-03-16 21:00:00,2022-03-16 22:00:00,36.390000000000000000,ug.m-3,44.4264,26.1406
2022-03-16 22:00:00,2022-03-16 23:00:00,26.110000000000000000,ug.m-3,44.4264,26.1406
2022-03-16 23:00:00,2022-03-17 00:00:00,25.090000000000000000,ug.m-3,44.4264,26.1406
2022-03-17 00:00:00,2022-03-17 01:00:00,18.940000000000000000,ug.m-3,44.4264,26.1406
2022-03-17 01:00:00,2022-03-17 02:00:00,13.420000000000000000,ug.m-3,44.4264,26.1406
2022-03-17 02:00:00,2022-03-17 03:00:00,13.660000000000000000,ug.m-3,44.4264,26.1406
2022-03-17 03:00:00,2022-03-17 04:00:00,13.880000000000000000,ug.m-3,44.4264,26.1406
2022-03-17 04:00:00,2022-03-17 05:00:00,11.050000000000000000,ug.m-3,44.4264,26.1406
2022-03-17 05:00:00,2022-03-17 06:00:00,18.970000000000000000,ug.m-3,44.4264,26.1406
2022-03-17 06:00:00,2022-03-17 07:00:00,17.730000000000000000,ug.m-3,44.4264,26.1406
2022-03-17 07:00:00,2022-03-17 08:00:00,19.940000000000000000,ug.m-3,44.4264,26.1406
2022-03-17 08:00:00,2022-03-17 09:00:00,22.400000000000000000,ug.m-3,44.4264,26.1406
2022-03-17 09:00:00,2022-03-17 10:00:00,22.290000000000000000,ug.m-3,44.4264,26.1406
2022-03-17 10:00:00,2022-03-17 11:00:00,29.450000000000000000,ug.m-3,44.4264,26.1406
2022-03-17 11:00:00,2022-03-17 12:00:00,21.200000000000000000,ug.m-3,44.4264,26.1406
2022-03-17 12:00:00,2022-03-17 13:00:00,13.260000000000000000,ug.m-3,44.4264,26.1406
2022-03-17 13:00:00,2022-03-17 14:00:00,20.160000000000000000,ug.m-3,44.4264,26.1406
2022-03-17 14:00:00,2022-03-17 15:00:00,21.980000000000000000,ug.m-3,44.4264,26.1406
2022-03-17 15:00:00,2022-03-17 16:00:00,16.850000000000000000,ug.m-3,44.4264,26.1406
2022-03-17 16:00:00,2022-03-17 17:00:00,16.020000000000000000,ug.m-3,44.4264,26.1406
2022-03-17 17:00:00,2022-03-17 18:00:00,18.090000000000000000,ug.m-3,44.4264,26.1406
2022-03-17 18:00:00,2022-03-17 19:00:00,20.560000000000000000,ug.m-3,44.4264,26.1406
2022-03-17 19:00:00,2022-03-17 20:00:00,22.650000000000000000,ug.m-3,44.4264,26.1406
2022-03-17 20:00:00,2022-03-17 21:00:00,22.340000000000000000,ug.m-3,44.4264,26.1406
2022-03-17 21:00:00,2022-03-17 22:00:00,25.060000000000000000,ug.m-3,44.4264,26.1406
2022-03-17 22:00:00,2022-03-17 23:00:00,23.020000000000000000,ug.m-3,44.4264,26.1406
2022-03-17 23:00:00,2022-03-18 00:00:00,21.130000000000000000,ug.m-3,44.4264,26.1406
2022-03-18 00:00:00,2022-03-18 01:00:00,19.550000000000000000,ug.m-3,44.4264,26.1406
2022-03-18 01:00:00,2022-03-18 02:00:00,22.270000000000000000,ug.m-3,44.4264,26.1406
2022-03-18 02:00:00,2022-03-18 03:00:00,21.070000000000000000,ug.m-3,44.4264,26.1406
2022-03-18 03:00:00,2022-03-18 04:00:00,18.940000000000000000,ug.m-3,44.4264,26.1406
2022-03-18 04:00:00,2022-03-18 05:00:00,20.170000000000000000,ug.m-3,44.4264,26.1406
2022-03-18 05:00:00,2022-03-18 06:00:00,18.540000000000000000,ug.m-3,44.4264,26.1406
2022-03-18 06:00:00,2022-03-18 07:00:00,25.830000000000000000,ug.m-3,44.4264,26.1406
2022-03-18 07:00:00,2022-03-18 08:00:00,25.750000000000000000,ug.m-3,44.4264,26.1406
2022-03-18 08:00:00,2022-03-18 09:00:00,24.410000000000000000,ug.m-3,44.4264,26.1406
2022-03-18 09:00:00,2022-03-18 10:00:00,21.330000000000000000,ug.m-3,44.4264,26.1406
2022-03-18 10:00:00,2022-03-18 11:00:00,18.640000000000000000,ug.m-3,44.4264,26.1406
2022-03-18 11:00:00,2022-03-18 12:00:00,18.340000000000000000,ug.m-3,44.4264,26.1406
2022-03-18 12:00:00,2022-03-18 13:00:00,13.750000000000000000,ug.m-3,44.4264,26.1406
2022-03-18 13:00:00,2022-03-18 14:00:00,16.890000000000000000,ug.m-3,44.4264,26.1406
2022-03-18 14:00:00,2022-03-18 15:00:00,12.310000000000000000,ug.m-3,44.4264,26.1406
2022-03-18 15:00:00,2022-03-18 16:00:00,18.520000000000000000,ug.m-3,44.4264,26.1406
2022-03-18 16:00:00,2022-03-18 17:00:00,26.350000000000000000,ug.m-3,44.4264,26.1406
2022-03-18 17:00:00,2022-03-18 18:00:00,21.230000000000000000,ug.m-3,44.4264,26.1406
2022-03-18 18:00:00,2022-03-18 19:00:00,27.000000000000000000,ug.m-3,44.4264,26.1406
2022-03-18 19:00:00,2022-03-18 20:00:00,30.480000000000000000,ug.m-3,44.4264,26.1406
2022-03-18 20:00:00,2022-03-18 21:00:00,26.910000000000000000,ug.m-3,44.4264,26.1406
2022-03-18 21:00:00,2022-03-18 22:00:00,26.110000000000000000,ug.m-3,44.4264,26.1406
2022-03-18 22:00:00,2022-03-18 23:00:00,29.270000000000000000,ug.m-3,44.4264,26.1406
2022-03-18 23:00:00,2022-03-19 00:00:00,23.090000000000000000,ug.m-3,44.4264,26.1406
2022-03-19 00:00:00,2022-03-19 01:00:00,22.600000000000000000,ug.m-3,44.4264,26.1406
2022-03-19 01:00:00,2022-03-19 02:00:00,32.540000000000000000,ug.m-3,44.4264,26.1406
2022-03-19 02:00:00,2022-03-19 03:00:00,35.290000000000000000,ug.m-3,44.4264,26.1406
2022-03-19 03:00:00,2022-03-19 04:00:00,38.750000000000000000,ug.m-3,44.4264,26.1406
2022-03-19 04:00:00,2022-03-19 05:00:00,33.750000000000000000,ug.m-3,44.4264,26.1406
2022-03-19 05:00:00,2022-03-19 06:00:00,28.360000000000000000,ug.m-3,44.4264,26.1406
2022-03-19 06:00:00,2022-03-19 07:00:00,30.880000000000000000,ug.m-3,44.4264,26.1406
2022-03-19 07:00:00,2022-03-19 08:00:00,32.750000000000000000,ug.m-3,44.4264,26.1406
2022-03-19 08:00:00,2022-03-19 09:00:00,25.730000000000000000,ug.m-3,44.4264,26.1406
2022-03-19 09:00:00,2022-03-19 10:00:00,20.430000000000000000,ug.m-3,44.4264,26.1406
2022-03-19 10:00:00,2022-03-19 11:00:00,20.120000000000000000,ug.m-3,44.4264,26.1406
2022-03-19 11:00:00,2022-03-19 12:00:00,19.210000000000000000,ug.m-3,44.4264,26.1406
2022-03-19 12:00:00,2022-03-19 13:00:00,18.650000000000000000,ug.m-3,44.4264,26.1406
2022-03-19 13:00:00,2022-03-19 14:00:00,16.180000000000000000,ug.m-3,44.4264,26.1406
2022-03-19 14:00:00,2022-03-19 15:00:00,14.080000000000000000,ug.m-3,44.4264,26.1406
2022-03-19 15:00:00,2022-03-19 16:00:00,13.200000000000000000,ug.m-3,44.4264,26.1406
2022-03-19 16:00:00,2022-03-19 17:00:00,16.990000000000000000,ug.m-3,44.4264,26.1406
2022-03-19 17:00:00,2022-03-19 18:00:00,15.170000000000000000,ug.m-3,44.4264,26.1406
2022-03-19 18:00:00,2022-03-19 19:00:00,18.480000000000000000,ug.m-3,44.4264,26.1406
2022-03-19 19:00:00,2022-03-19 20:00:00,21.850000000000000000,ug.m-3,44.4264,26.1406
2022-03-19 20:00:00,2022-03-19 21:00:00,21.560000000000000000,ug.m-3,44.4264,26.1406
2022-03-19 21:00:00,2022-03-19 22:00:00,23.610000000000000000,ug.m-3,44.4264,26.1406
2022-03-19 22:00:00,2022-03-19 23:00:00,26.800000000000000000,ug.m-3,44.4264,26.1406
2022-03-19 23:00:00,2022-03-20 00:00:00,39.060000000000000000,ug.m-3,44.4264,26.1406
2022-03-20 00:00:00,2022-03-20 01:00:00,38.370000000000000000,ug.m-3,44.4264,26.1406
2022-03-20 01:00:00,2022-03-20 02:00:00,28.520000000000000000,ug.m-3,44.4264,26.1406
2022-03-20 02:00:00,2022-03-20 03:00:00,21.510000000000000000,ug.m-3,44.4264,26.1406
2022-03-20 03:00:00,2022-03-20 04:00:00,25.330000000000000000,ug.m-3,44.4264,26.1406
2022-03-20 04:00:00,2022-03-20 05:00:00,25.930000000000000000,ug.m-3,44.4264,26.1406
2022-03-20 05:00:00,2022-03-20 06:00:00,24.060000000000000000,ug.m-3,44.4264,26.1406
2022-03-20 06:00:00,2022-03-20 07:00:00,27.400000000000000000,ug.m-3,44.4264,26.1406
2022-03-20 07:00:00,2022-03-20 08:00:00,31.290000000000000000,ug.m-3,44.4264,26.1406
2022-03-20 08:00:00,2022-03-20 09:00:00,27.660000000000000000,ug.m-3,44.4264,26.1406
2022-03-20 09:00:00,2022-03-20 10:00:00,23.190000000000000000,ug.m-3,44.4264,26.1406
2022-03-20 10:00:00,2022-03-20 11:00:00,23.600000000000000000,ug.m-3,44.4264,26.1406
2022-03-20 11:00:00,2022-03-20 12:00:00,28.700000000000000000,ug.m-3,44.4264,26.1406
2022-03-20 12:00:00,2022-03-20 13:00:00,34.260000000000000000,ug.m-3,44.4264,26.1406
2022-03-20 13:00:00,2022-03-20 14:00:00,39.100000000000000000,ug.m-3,44.4264,26.1406
2022-03-20 14:00:00,2022-03-20 15:00:00,32.040000000000000000,ug.m-3,44.4264,26.1406
2022-03-20 15:00:00,2022-03-20 16:00:00,31.570000000000000000,ug.m-3,44.4264,26.1406
2022-03-20 16:00:00,2022-03-20 17:00:00,29.800000000000000000,ug.m-3,44.4264,26.1406
2022-03-20 17:00:00,2022-03-20 18:00:00,30.380000000000000000,ug.m-3,44.4264,26.1406
2022-03-20 18:00:00,2022-03-20 19:00:00,24.950000000000000000,ug.m-3,44.4264,26.1406
2022-03-20 19:00:00,2022-03-20 20:00:00,26.840000000000000000,ug.m-3,44.4264,26.1406
2022-03-20 20:00:00,2022-03-20 21:00:00,42.130000000000000000,ug.m-3,44.4264,26.1406
2022-03-20 21:00:00,2022-03-20 22:00:00,44.020000000000000000,ug.m-3,44.4264,26.1406
2022-03-20 22:00:00,2022-03-20 23:00:00,42.840000000000000000,ug.m-3,44.4264,26.1406
2022-03-20 23:00:00,2022-03-21 00:00:00,35.950000000000000000,ug.m-3,44.4264,26.1406
2022-03-21 00:00:00,2022-03-21 01:00:00,29.570000000000000000,ug.m-3,44.4264,26.1406
2022-03-21 01:00:00,2022-03-21 02:00:00,31.110000000000000000,ug.m-3,44.4264,26.1406
2022-03-21 02:00:00,2022-03-21 03:00:00,33.230000000000000000,ug.m-3,44.4264,26.1406
2022-03-21 03:00:00,2022-03-21 04:00:00,37.290000000000000000,ug.m-3,44.4264,26.1406
2022-03-21 04:00:00,2022-03-21 05:00:00,37.460000000000000000,ug.m-3,44.4264,26.1406
2022-03-21 05:00:00,2022-03-21 06:00:00,39.160000000000000000,ug.m-3,44.4264,26.1406
2022-03-21 06:00:00,2022-03-21 07:00:00,47.230000000000000000,ug.m-3,44.4264,26.1406
2022-03-21 07:00:00,2022-03-21 08:00:00,64.090000000000000000,ug.m-3,44.4264,26.1406
2022-03-21 08:00:00,2022-03-21 09:00:00,47.340000000000000000,ug.m-3,44.4264,26.1406
2022-03-21 09:00:00,2022-03-21 10:00:00,31.870000000000000000,ug.m-3,44.4264,26.1406
2022-03-21 10:00:00,2022-03-21 11:00:00,27.740000000000000000,ug.m-3,44.4264,26.1406
2022-03-21 11:00:00,2022-03-21 12:00:00,24.820000000000000000,ug.m-3,44.4264,26.1406
2022-03-21 12:00:00,2022-03-21 13:00:00,24.340000000000000000,ug.m-3,44.4264,26.1406
2022-03-21 13:00:00,2022-03-21 14:00:00,20.360000000000000000,ug.m-3,44.4264,26.1406
2022-03-21 14:00:00,2022-03-21 15:00:00,24.620000000000000000,ug.m-3,44.4264,26.1406
2022-03-21 15:00:00,2022-03-21 16:00:00,21.220000000000000000,ug.m-3,44.4264,26.1406
2022-03-21 16:00:00,2022-03-21 17:00:00,24.560000000000000000,ug.m-3,44.4264,26.1406
2022-03-21 17:00:00,2022-03-21 18:00:00,27.120000000000000000,ug.m-3,44.4264,26.1406
2022-03-21 18:00:00,2022-03-21 19:00:00,29.950000000000000000,ug.m-3,44.4264,26.1406
2022-03-21 19:00:00,2022-03-21 20:00:00,29.320000000000000000,ug.m-3,44.4264,26.1406
2022-03-21 20:00:00,2022-03-21 21:00:00,37.170000000000000000,ug.m-3,44.4264,26.1406
2022-03-21 21:00:00,2022-03-21 22:00:00,45.500000000000000000,ug.m-3,44.4264,26.1406
2022-03-21 22:00:00,2022-03-21 23:00:00,46.870000000000000000,ug.m-3,44.4264,26.1406
2022-03-21 23:00:00,2022-03-22 00:00:00,45.100000000000000000,ug.m-3,44.4264,26.1406
2022-03-22 00:00:00,2022-03-22 01:00:00,34.050000000000000000,ug.m-3,44.4264,26.1406
2022-03-22 01:00:00,2022-03-22 02:00:00,23.220000000000000000,ug.m-3,44.4264,26.1406
2022-03-22 02:00:00,2022-03-22 03:00:00,22.030000000000000000,ug.m-3,44.4264,26.1406
2022-03-22 03:00:00,2022-03-22 04:00:00,20.890000000000000000,ug.m-3,44.4264,26.1406
2022-03-22 04:00:00,2022-03-22 05:00:00,22.250000000000000000,ug.m-3,44.4264,26.1406
2022-03-22 05:00:00,2022-03-22 06:00:00,26.160000000000000000,ug.m-3,44.4264,26.1406
2022-03-22 06:00:00,2022-03-22 07:00:00,37.990000000000000000,ug.m-3,44.4264,26.1406
2022-03-22 07:00:00,2022-03-22 08:00:00,38.600000000000000000,ug.m-3,44.4264,26.1406
2022-03-22 08:00:00,2022-03-22 09:00:00,27.120000000000000000,ug.m-3,44.4264,26.1406
2022-03-22 09:00:00,2022-03-22 10:00:00,44.930000000000000000,ug.m-3,44.4264,26.1406
2022-03-22 10:00:00,2022-03-22 11:00:00,37.680000000000000000,ug.m-3,44.4264,26.1406
2022-03-22 11:00:00,2022-03-22 12:00:00,47.260000000000000000,ug.m-3,44.4264,26.1406
2022-03-22 12:00:00,2022-03-22 13:00:00,241.260000000000000000,ug.m-3,44.4264,26.1406
2022-03-22 13:00:00,2022-03-22 14:00:00,338.610000000000000000,ug.m-3,44.4264,26.1406
2022-03-22 14:00:00,2022-03-22 15:00:00,306.680000000000000000,ug.m-3,44.4264,26.1406
2022-03-22 15:00:00,2022-03-22 16:00:00,178.300000000000000000,ug.m-3,44.4264,26.1406
2022-03-22 16:00:00,2022-03-22 17:00:00,101.620000000000000000,ug.m-3,44.4264,26.1406
2022-03-22 17:00:00,2022-03-22 18:00:00,89.190000000000000000,ug.m-3,44.4264,26.1406
2022-03-22 18:00:00,2022-03-22 19:00:00,92.070000000000000000,ug.m-3,44.4264,26.1406
2022-03-22 19:00:00,2022-03-22 20:00:00,45.400000000000000000,ug.m-3,44.4264,26.1406
2022-03-22 20:00:00,2022-03-22 21:00:00,38.580000000000000000,ug.m-3,44.4264,26.1406
2022-03-22 21:00:00,2022-03-22 22:00:00,32.120000000000000000,ug.m-3,44.4264,26.1406
2022-03-22 22:00:00,2022-03-22 23:00:00,30.710000000000000000,ug.m-3,44.4264,26.1406
2022-03-22 23:00:00,2022-03-23 00:00:00,31.360000000000000000,ug.m-3,44.4264,26.1406
2022-03-23 00:00:00,2022-03-23 01:00:00,40.700000000000000000,ug.m-3,44.4264,26.1406
2022-03-23 01:00:00,2022-03-23 02:00:00,37.240000000000000000,ug.m-3,44.4264,26.1406
2022-03-23 02:00:00,2022-03-23 03:00:00,35.340000000000000000,ug.m-3,44.4264,26.1406
2022-03-23 03:00:00,2022-03-23 04:00:00,31.040000000000000000,ug.m-3,44.4264,26.1406
2022-03-23 04:00:00,2022-03-23 05:00:00,32.290000000000000000,ug.m-3,44.4264,26.1406
2022-03-23 05:00:00,2022-03-23 06:00:00,35.350000000000000000,ug.m-3,44.4264,26.1406
2022-03-23 06:00:00,2022-03-23 07:00:00,44.010000000000000000,ug.m-3,44.4264,26.1406
2022-03-23 07:00:00,2022-03-23 08:00:00,52.290000000000000000,ug.m-3,44.4264,26.1406
2022-03-23 08:00:00,2022-03-23 09:00:00,31.120000000000000000,ug.m-3,44.4264,26.1406
2022-03-23 09:00:00,2022-03-23 10:00:00,18.440000000000000000,ug.m-3,44.4264,26.1406
2022-03-23 10:00:00,2022-03-23 11:00:00,22.490000000000000000,ug.m-3,44.4264,26.1406
2022-03-23 11:00:00,2022-03-23 12:00:00,22.570000000000000000,ug.m-3,44.4264,26.1406
2022-03-23 12:00:00,2022-03-23 13:00:00,22.560000000000000000,ug.m-3,44.4264,26.1406
2022-03-23 13:00:00,2022-03-23 14:00:00,22.910000000000000000,ug.m-3,44.4264,26.1406
2022-03-23 14:00:00,2022-03-23 15:00:00,27.250000000000000000,ug.m-3,44.4264,26.1406
2022-03-23 15:00:00,2022-03-23 16:00:00,28.590000000000000000,ug.m-3,44.4264,26.1406
2022-03-23 16:00:00,2022-03-23 17:00:00,28.570000000000000000,ug.m-3,44.4264,26.1406
2022-03-23 17:00:00,2022-03-23 18:00:00,23.990000000000000000,ug.m-3,44.4264,26.1406
2022-03-23 18:00:00,2022-03-23 19:00:00,31.790000000000000000,ug.m-3,44.4264,26.1406
2022-03-23 19:00:00,2022-03-23 20:00:00,43.800000000000000000,ug.m-3,44.4264,26.1406
2022-03-23 20:00:00,2022-03-23 21:00:00,53.630000000000000000,ug.m-3,44.4264,26.1406
2022-03-23 21:00:00,2022-03-23 22:00:00,85.660000000000000000,ug.m-3,44.4264,26.1406
2022-03-23 22:00:00,2022-03-23 23:00:00,105.050000000000000000,ug.m-3,44.4264,26.1406
2022-03-23 23:00:00,2022-03-24 00:00:00,91.230000000000000000,ug.m-3,44.4264,26.1406
2022-03-24 00:00:00,2022-03-24 01:00:00,81.800000000000000000,ug.m-3,44.4264,26.1406
2022-03-24 01:00:00,2022-03-24 02:00:00,78.780000000000000000,ug.m-3,44.4264,26.1406
2022-03-24 02:00:00,2022-03-24 03:00:00,59.310000000000000000,ug.m-3,44.4264,26.1406
2022-03-24 03:00:00,2022-03-24 04:00:00,52.740000000000000000,ug.m-3,44.4264,26.1406
2022-03-24 04:00:00,2022-03-24 05:00:00,46.200000000000000000,ug.m-3,44.4264,26.1406
2022-03-24 05:00:00,2022-03-24 06:00:00,41.850000000000000000,ug.m-3,44.4264,26.1406
2022-03-24 06:00:00,2022-03-24 07:00:00,45.790000000000000000,ug.m-3,44.4264,26.1406
2022-03-24 07:00:00,2022-03-24 08:00:00,52.100000000000000000,ug.m-3,44.4264,26.1406
2022-03-24 08:00:00,2022-03-24 09:00:00,61.220000000000000000,ug.m-3,44.4264,26.1406
2022-03-24 09:00:00,2022-03-24 10:00:00,47.320000000000000000,ug.m-3,44.4264,26.1406
2022-03-24 10:00:00,2022-03-24 11:00:00,33.390000000000000000,ug.m-3,44.4264,26.1406
2022-03-24 11:00:00,2022-03-24 12:00:00,23.490000000000000000,ug.m-3,44.4264,26.1406
2022-03-24 12:00:00,2022-03-24 13:00:00,20.800000000000000000,ug.m-3,44.4264,26.1406
2022-03-24 13:00:00,2022-03-24 14:00:00,19.320000000000000000,ug.m-3,44.4264,26.1406
2022-03-24 14:00:00,2022-03-24 15:00:00,23.790000000000000000,ug.m-3,44.4264,26.1406
2022-03-24 15:00:00,2022-03-24 16:00:00,23.940000000000000000,ug.m-3,44.4264,26.1406
2022-03-24 16:00:00,2022-03-24 17:00:00,28.190000000000000000,ug.m-3,44.4264,26.1406
2022-03-24 17:00:00,2022-03-24 18:00:00,29.300000000000000000,ug.m-3,44.4264,26.1406
2022-03-24 18:00:00,2022-03-24 19:00:00,37.350000000000000000,ug.m-3,44.4264,26.1406
2022-03-24 19:00:00,2022-03-24 20:00:00,56.930000000000000000,ug.m-3,44.4264,26.1406
2022-03-24 20:00:00,2022-03-24 21:00:00,54.260000000000000000,ug.m-3,44.4264,26.1406
2022-03-24 21:00:00,2022-03-24 22:00:00,53.500000000000000000,ug.m-3,44.4264,26.1406
2022-03-24 22:00:00,2022-03-24 23:00:00,39.870000000000000000,ug.m-3,44.4264,26.1406
2022-03-24 23:00:00,2022-03-25 00:00:00,36.070000000000000000,ug.m-3,44.4264,26.1406
2022-03-25 00:00:00,2022-03-25 01:00:00,36.570000000000000000,ug.m-3,44.4264,26.1406
2022-03-25 01:00:00,2022-03-25 02:00:00,28.990000000000000000,ug.m-3,44.4264,26.1406
2022-03-25 02:00:00,2022-03-25 03:00:00,24.590000000000000000,ug.m-3,44.4264,26.1406
2022-03-25 03:00:00,2022-03-25 04:00:00,23.090000000000000000,ug.m-3,44.4264,26.1406
2022-03-25 04:00:00,2022-03-25 05:00:00,21.240000000000000000,ug.m-3,44.4264,26.1406
2022-03-25 05:00:00,2022-03-25 06:00:00,24.480000000000000000,ug.m-3,44.4264,26.1406
2022-03-25 06:00:00,2022-03-25 07:00:00,33.160000000000000000,ug.m-3,44.4264,26.1406
2022-03-25 07:00:00,2022-03-25 08:00:00,40.880000000000000000,ug.m-3,44.4264,26.1406
2022-03-25 08:00:00,2022-03-25 09:00:00,33.180000000000000000,ug.m-3,44.4264,26.1406
2022-03-25 09:00:00,2022-03-25 10:00:00,33.990000000000000000,ug.m-3,44.4264,26.1406
2022-03-25 10:00:00,2022-03-25 11:00:00,34.160000000000000000,ug.m-3,44.4264,26.1406
2022-03-25 11:00:00,2022-03-25 12:00:00,28.010000000000000000,ug.m-3,44.4264,26.1406
2022-03-25 12:00:00,2022-03-25 13:00:00,31.690000000000000000,ug.m-3,44.4264,26.1406
2022-03-25 13:00:00,2022-03-25 14:00:00,34.980000000000000000,ug.m-3,44.4264,26.1406
2022-03-25 14:00:00,2022-03-25 15:00:00,53.720000000000000000,ug.m-3,44.4264,26.1406
2022-03-25 15:00:00,2022-03-25 16:00:00,61.870000000000000000,ug.m-3,44.4264,26.1406
2022-03-25 16:00:00,2022-03-25 17:00:00,26.910000000000000000,ug.m-3,44.4264,26.1406
2022-03-25 17:00:00,2022-03-25 18:00:00,27.210000000000000000,ug.m-3,44.4264,26.1406
2022-03-25 18:00:00,2022-03-25 19:00:00,31.320000000000000000,ug.m-3,44.4264,26.1406
2022-03-25 19:00:00,2022-03-25 20:00:00,33.350000000000000000,ug.m-3,44.4264,26.1406
2022-03-25 20:00:00,2022-03-25 21:00:00,28.000000000000000000,ug.m-3,44.4264,26.1406
2022-03-25 21:00:00,2022-03-25 22:00:00,21.790000000000000000,ug.m-3,44.4264,26.1406
2022-03-25 22:00:00,2022-03-25 23:00:00,19.730000000000000000,ug.m-3,44.4264,26.1406
2022-03-25 23:00:00,2022-03-26 00:00:00,24.120000000000000000,ug.m-3,44.4264,26.1406
2022-03-26 00:00:00,2022-03-26 01:00:00,30.930000000000000000,ug.m-3,44.4264,26.1406
2022-03-26 01:00:00,2022-03-26 02:00:00,37.990000000000000000,ug.m-3,44.4264,26.1406
2022-03-26 02:00:00,2022-03-26 03:00:00,35.400000000000000000,ug.m-3,44.4264,26.1406
2022-03-26 03:00:00,2022-03-26 04:00:00,28.580000000000000000,ug.m-3,44.4264,26.1406
2022-03-26 04:00:00,2022-03-26 05:00:00,28.200000000000000000,ug.m-3,44.4264,26.1406
2022-03-26 05:00:00,2022-03-26 06:00:00,26.240000000000000000,ug.m-3,44.4264,26.1406
2022-03-26 06:00:00,2022-03-26 07:00:00,20.840000000000000000,ug.m-3,44.4264,26.1406
2022-03-26 07:00:00,2022-03-26 08:00:00,24.910000000000000000,ug.m-3,44.4264,26.1406
2022-03-26 08:00:00,2022-03-26 09:00:00,28.300000000000000000,ug.m-3,44.4264,26.1406
2022-03-26 09:00:00,2022-03-26 10:00:00,26.450000000000000000,ug.m-3,44.4264,26.1406
2022-03-26 10:00:00,2022-03-26 11:00:00,24.930000000000000000,ug.m-3,44.4264,26.1406
2022-03-26 11:00:00,2022-03-26 12:00:00,18.150000000000000000,ug.m-3,44.4264,26.1406
2022-03-26 12:00:00,2022-03-26 13:00:00,17.920000000000000000,ug.m-3,44.4264,26.1406
2022-03-26 13:00:00,2022-03-26 14:00:00,23.140000000000000000,ug.m-3,44.4264,26.1406
2022-03-26 14:00:00,2022-03-26 15:00:00,28.270000000000000000,ug.m-3,44.4264,26.1406
2022-03-26 15:00:00,2022-03-26 16:00:00,27.310000000000000000,ug.m-3,44.4264,26.1406
2022-03-26 16:00:00,2022-03-26 17:00:00,25.310000000000000000,ug.m-3,44.4264,26.1406
2022-03-26 17:00:00,2022-03-26 18:00:00,22.160000000000000000,ug.m-3,44.4264,26.1406
2022-03-26 18:00:00,2022-03-26 19:00:00,27.070000000000000000,ug.m-3,44.4264,26.1406
2022-03-26 19:00:00,2022-03-26 20:00:00,34.380000000000000000,ug.m-3,44.4264,26.1406
2022-03-26 20:00:00,2022-03-26 21:00:00,28.630000000000000000,ug.m-3,44.4264,26.1406
2022-03-26 21:00:00,2022-03-26 22:00:00,26.840000000000000000,ug.m-3,44.4264,26.1406
2022-03-26 22:00:00,2022-03-26 23:00:00,28.350000000000000000,ug.m-3,44.4264,26.1406
2022-03-26 23:00:00,2022-03-27 00:00:00,33.200000000000000000,ug.m-3,44.4264,26.1406
2022-03-27 00:00:00,2022-03-27 01:00:00,32.450000000000000000,ug.m-3,44.4264,26.1406
2022-03-27 02:00:00,2022-03-27 03:00:00,32.050000000000000000,ug.m-3,44.4264,26.1406
2022-03-27 03:00:00,2022-03-27 04:00:00,34.940000000000000000,ug.m-3,44.4264,26.1406
2022-03-27 04:00:00,2022-03-27 05:00:00,34.660000000000000000,ug.m-3,44.4264,26.1406
2022-03-27 05:00:00,2022-03-27 06:00:00,37.330000000000000000,ug.m-3,44.4264,26.1406
2022-03-27 06:00:00,2022-03-27 07:00:00,40.620000000000000000,ug.m-3,44.4264,26.1406
2022-03-27 07:00:00,2022-03-27 08:00:00,44.670000000000000000,ug.m-3,44.4264,26.1406
2022-03-27 08:00:00,2022-03-27 09:00:00,43.120000000000000000,ug.m-3,44.4264,26.1406
2022-03-27 09:00:00,2022-03-27 10:00:00,42.370000000000000000,ug.m-3,44.4264,26.1406
2022-03-27 10:00:00,2022-03-27 11:00:00,34.890000000000000000,ug.m-3,44.4264,26.1406
2022-03-27 11:00:00,2022-03-27 12:00:00,38.690000000000000000,ug.m-3,44.4264,26.1406
2022-03-27 12:00:00,2022-03-27 13:00:00,45.020000000000000000,ug.m-3,44.4264,26.1406
2022-03-27 13:00:00,2022-03-27 14:00:00,40.340000000000000000,ug.m-3,44.4264,26.1406
2022-03-27 14:00:00,2022-03-27 15:00:00,39.760000000000000000,ug.m-3,44.4264,26.1406
2022-03-27 15:00:00,2022-03-27 16:00:00,34.690000000000000000,ug.m-3,44.4264,26.1406
2022-03-27 16:00:00,2022-03-27 17:00:00,36.060000000000000000,ug.m-3,44.4264,26.1406
2022-03-27 17:00:00,2022-03-27 18:00:00,36.770000000000000000,ug.m-3,44.4264,26.1406
2022-03-27 18:00:00,2022-03-27 19:00:00,40.890000000000000000,ug.m-3,44.4264,26.1406
2022-03-27 19:00:00,2022-03-27 20:00:00,36.060000000000000000,ug.m-3,44.4264,26.1406
2022-03-27 20:00:00,2022-03-27 21:00:00,39.180000000000000000,ug.m-3,44.4264,26.1406
2022-03-27 21:00:00,2022-03-27 22:00:00,39.890000000000000000,ug.m-3,44.4264,26.1406
2022-03-27 22:00:00,2022-03-27 23:00:00,48.500000000000000000,ug.m-3,44.4264,26.1406
2022-03-28 23:00:00,2022-03-29 00:00:00,61.560000000000000000,ug.m-3,44.4264,26.1406
2022-03-29 00:00:00,2022-03-29 01:00:00,58.360000000000000000,ug.m-3,44.4264,26.1406
2022-03-29 01:00:00,2022-03-29 02:00:00,63.360000000000000000,ug.m-3,44.4264,26.1406
2022-03-29 02:00:00,2022-03-29 03:00:00,57.220000000000000000,ug.m-3,44.4264,26.1406
2022-03-29 03:00:00,2022-03-29 04:00:00,51.590000000000000000,ug.m-3,44.4264,26.1406
2022-03-29 04:00:00,2022-03-29 05:00:00,48.620000000000000000,ug.m-3,44.4264,26.1406
2022-03-29 05:00:00,2022-03-29 06:00:00,50.770000000000000000,ug.m-3,44.4264,26.1406
2022-03-29 06:00:00,2022-03-29 07:00:00,49.040000000000000000,ug.m-3,44.4264,26.1406
2022-03-29 07:00:00,2022-03-29 08:00:00,59.940000000000000000,ug.m-3,44.4264,26.1406
2022-03-29 08:00:00,2022-03-29 09:00:00,71.970000000000000000,ug.m-3,44.4264,26.1406
2022-03-29 09:00:00,2022-03-29 10:00:00,86.860000000000000000,ug.m-3,44.4264,26.1406
2022-03-29 10:00:00,2022-03-29 11:00:00,65.720000000000000000,ug.m-3,44.4264,26.1406
2022-03-29 11:00:00,2022-03-29 12:00:00,60.330000000000000000,ug.m-3,44.4264,26.1406
2022-03-29 12:00:00,2022-03-29 13:00:00,51.570000000000000000,ug.m-3,44.4264,26.1406
2022-03-29 13:00:00,2022-03-29 14:00:00,50.950000000000000000,ug.m-3,44.4264,26.1406
2022-03-29 14:00:00,2022-03-29 15:00:00,44.900000000000000000,ug.m-3,44.4264,26.1406
2022-03-29 15:00:00,2022-03-29 16:00:00,43.990000000000000000,ug.m-3,44.4264,26.1406
2022-03-29 16:00:00,2022-03-29 17:00:00,43.000000000000000000,ug.m-3,44.4264,26.1406
2022-03-29 17:00:00,2022-03-29 18:00:00,42.240000000000000000,ug.m-3,44.4264,26.1406
2022-03-29 18:00:00,2022-03-29 19:00:00,44.030000000000000000,ug.m-3,44.4264,26.1406
2022-03-29 19:00:00,2022-03-29 20:00:00,46.550000000000000000,ug.m-3,44.4264,26.1406
2022-03-29 20:00:00,2022-03-29 21:00:00,47.920000000000000000,ug.m-3,44.4264,26.1406
2022-03-29 21:00:00,2022-03-29 22:00:00,73.990000000000000000,ug.m-3,44.4264,26.1406
2022-03-29 22:00:00,2022-03-29 23:00:00,51.790000000000000000,ug.m-3,44.4264,26.1406
2022-03-29 23:00:00,2022-03-30 00:00:00,49.380000000000000000,ug.m-3,44.4264,26.1406
2022-03-30 00:00:00,2022-03-30 01:00:00,51.900000000000000000,ug.m-3,44.4264,26.1406
2022-03-30 01:00:00,2022-03-30 02:00:00,50.960000000000000000,ug.m-3,44.4264,26.1406
2022-03-30 02:00:00,2022-03-30 03:00:00,59.560000000000000000,ug.m-3,44.4264,26.1406
2022-03-30 03:00:00,2022-03-30 04:00:00,46.120000000000000000,ug.m-3,44.4264,26.1406
2022-03-30 04:00:00,2022-03-30 05:00:00,42.750000000000000000,ug.m-3,44.4264,26.1406
2022-03-30 05:00:00,2022-03-30 06:00:00,41.330000000000000000,ug.m-3,44.4264,26.1406
2022-03-30 06:00:00,2022-03-30 07:00:00,46.800000000000000000,ug.m-3,44.4264,26.1406
2022-03-30 07:00:00,2022-03-30 08:00:00,48.350000000000000000,ug.m-3,44.4264,26.1406
2022-03-30 08:00:00,2022-03-30 09:00:00,55.060000000000000000,ug.m-3,44.4264,26.1406
2022-03-30 09:00:00,2022-03-30 10:00:00,59.360000000000000000,ug.m-3,44.4264,26.1406
2022-03-30 10:00:00,2022-03-30 11:00:00,55.590000000000000000,ug.m-3,44.4264,26.1406
2022-03-30 11:00:00,2022-03-30 12:00:00,51.430000000000000000,ug.m-3,44.4264,26.1406
2022-03-30 12:00:00,2022-03-30 13:00:00,45.840000000000000000,ug.m-3,44.4264,26.1406
2022-03-30 13:00:00,2022-03-30 14:00:00,49.190000000000000000,ug.m-3,44.4264,26.1406
2022-03-30 14:00:00,2022-03-30 15:00:00,54.990000000000000000,ug.m-3,44.4264,26.1406
2022-03-30 15:00:00,2022-03-30 16:00:00,55.890000000000000000,ug.m-3,44.4264,26.1406
2022-03-30 16:00:00,2022-03-30 17:00:00,51.010000000000000000,ug.m-3,44.4264,26.1406
2022-03-30 17:00:00,2022-03-30 18:00:00,45.460000000000000000,ug.m-3,44.4264,26.1406
2022-03-30 18:00:00,2022-03-30 19:00:00,45.250000000000000000,ug.m-3,44.4264,26.1406
2022-03-30 19:00:00,2022-03-30 20:00:00,48.440000000000000000,ug.m-3,44.4264,26.1406
2022-03-30 20:00:00,2022-03-30 21:00:00,57.930000000000000000,ug.m-3,44.4264,26.1406
2022-03-30 21:00:00,2022-03-30 22:00:00,80.200000000000000000,ug.m-3,44.4264,26.1406
2022-03-30 22:00:00,2022-03-30 23:00:00,88.670000000000000000,ug.m-3,44.4264,26.1406
2022-03-30 23:00:00,2022-03-31 00:00:00,90.830000000000000000,ug.m-3,44.4264,26.1406
2022-03-31 00:00:00,2022-03-31 01:00:00,78.120000000000000000,ug.m-3,44.4264,26.1406
2022-03-31 01:00:00,2022-03-31 02:00:00,63.650000000000000000,ug.m-3,44.4264,26.1406
2022-03-31 02:00:00,2022-03-31 03:00:00,65.870000000000000000,ug.m-3,44.4264,26.1406
2022-03-31 03:00:00,2022-03-31 04:00:00,66.970000000000000000,ug.m-3,44.4264,26.1406
2022-03-31 04:00:00,2022-03-31 05:00:00,64.280000000000000000,ug.m-3,44.4264,26.1406
2022-03-31 05:00:00,2022-03-31 06:00:00,57.160000000000000000,ug.m-3,44.4264,26.1406
2022-03-31 06:00:00,2022-03-31 07:00:00,49.880000000000000000,ug.m-3,44.4264,26.1406
2022-03-31 07:00:00,2022-03-31 08:00:00,65.320000000000000000,ug.m-3,44.4264,26.1406
2022-03-31 08:00:00,2022-03-31 09:00:00,68.230000000000000000,ug.m-3,44.4264,26.1406
2022-03-31 09:00:00,2022-03-31 10:00:00,63.760000000000000000,ug.m-3,44.4264,26.1406
2022-03-31 10:00:00,2022-03-31 11:00:00,59.380000000000000000,ug.m-3,44.4264,26.1406
2022-03-31 11:00:00,2022-03-31 12:00:00,51.490000000000000000,ug.m-3,44.4264,26.1406
2022-03-31 12:00:00,2022-03-31 13:00:00,39.080000000000000000,ug.m-3,44.4264,26.1406
2022-03-31 13:00:00,2022-03-31 14:00:00,42.280000000000000000,ug.m-3,44.4264,26.1406
2022-03-31 14:00:00,2022-03-31 15:00:00,39.420000000000000000,ug.m-3,44.4264,26.1406
2022-03-31 15:00:00,2022-03-31 16:00:00,38.250000000000000000,ug.m-3,44.4264,26.1406
2022-03-31 16:00:00,2022-03-31 17:00:00,39.140000000000000000,ug.m-3,44.4264,26.1406
2022-03-31 17:00:00,2022-03-31 18:00:00,43.150000000000000000,ug.m-3,44.4264,26.1406
2022-03-31 18:00:00,2022-03-31 19:00:00,49.390000000000000000,ug.m-3,44.4264,26.1406
2022-03-31 19:00:00,2022-03-31 20:00:00,56.970000000000000000,ug.m-3,44.4264,26.1406
2022-03-31 20:00:00,2022-03-31 21:00:00,58.830000000000000000,ug.m-3,44.4264,26.1406
2022-03-31 21:00:00,2022-03-31 22:00:00,59.260000000000000000,ug.m-3,44.4264,26.1406
2022-03-31 22:00:00,2022-03-31 23:00:00,47.600000000000000000,ug.m-3,44.4264,26.1406
2022-03-31 23:00:00,2022-04-01 00:00:00,42.800000000000000000,ug.m-3,44.4264,26.1406
2022-04-01 00:00:00,2022-04-01 01:00:00,43.050000000000000000,ug.m-3,44.4264,26.1406
2022-04-01 01:00:00,2022-04-01 02:00:00,44.620000000000000000,ug.m-3,44.4264,26.1406
2022-04-01 02:00:00,2022-04-01 03:00:00,38.390000000000000000,ug.m-3,44.4264,26.1406
2022-04-01 03:00:00,2022-04-01 04:00:00,31.290000000000000000,ug.m-3,44.4264,26.1406
2022-04-01 04:00:00,2022-04-01 05:00:00,30.690000000000000000,ug.m-3,44.4264,26.1406
2022-04-01 05:00:00,2022-04-01 06:00:00,32.020000000000000000,ug.m-3,44.4264,26.1406
2022-04-01 06:00:00,2022-04-01 07:00:00,34.110000000000000000,ug.m-3,44.4264,26.1406
2022-04-01 07:00:00,2022-04-01 08:00:00,45.040000000000000000,ug.m-3,44.4264,26.1406
2022-04-01 08:00:00,2022-04-01 09:00:00,54.720000000000000000,ug.m-3,44.4264,26.1406
2022-04-01 09:00:00,2022-04-01 10:00:00,81.490000000000000000,ug.m-3,44.4264,26.1406
2022-04-01 10:00:00,2022-04-01 11:00:00,109.350000000000000000,ug.m-3,44.4264,26.1406
2022-04-01 11:00:00,2022-04-01 12:00:00,112.690000000000000000,ug.m-3,44.4264,26.1406
2022-04-01 12:00:00,2022-04-01 13:00:00,122.340000000000000000,ug.m-3,44.4264,26.1406
2022-04-01 13:00:00,2022-04-01 14:00:00,156.430000000000000000,ug.m-3,44.4264,26.1406
2022-04-01 14:00:00,2022-04-01 15:00:00,143.770000000000000000,ug.m-3,44.4264,26.1406
2022-04-01 15:00:00,2022-04-01 16:00:00,112.330000000000000000,ug.m-3,44.4264,26.1406
2022-04-01 16:00:00,2022-04-01 17:00:00,15.010000000000000000,ug.m-3,44.4264,26.1406
2022-04-01 17:00:00,2022-04-01 18:00:00,17.080000000000000000,ug.m-3,44.4264,26.1406
2022-04-01 18:00:00,2022-04-01 19:00:00,35.960000000000000000,ug.m-3,44.4264,26.1406
2022-04-01 19:00:00,2022-04-01 20:00:00,48.770000000000000000,ug.m-3,44.4264,26.1406
2022-04-01 20:00:00,2022-04-01 21:00:00,25.190000000000000000,ug.m-3,44.4264,26.1406
2022-04-01 21:00:00,2022-04-01 22:00:00,8.060000000000000000,ug.m-3,44.4264,26.1406
2022-04-01 22:00:00,2022-04-01 23:00:00,6.560000000000000000,ug.m-3,44.4264,26.1406
2022-04-02 01:00:00,2022-04-02 02:00:00,9.730000000000000000,ug.m-3,44.4264,26.1406
2022-04-02 02:00:00,2022-04-02 03:00:00,14.190000000000000000,ug.m-3,44.4264,26.1406
2022-04-02 03:00:00,2022-04-02 04:00:00,11.090000000000000000,ug.m-3,44.4264,26.1406
2022-04-02 04:00:00,2022-04-02 05:00:00,6.550000000000000000,ug.m-3,44.4264,26.1406
2022-04-02 05:00:00,2022-04-02 06:00:00,3.250000000000000000,ug.m-3,44.4264,26.1406
2022-04-02 11:00:00,2022-04-02 12:00:00,1.620000000000000000,ug.m-3,44.4264,26.1406
2022-04-02 12:00:00,2022-04-02 13:00:00,4.660000000000000000,ug.m-3,44.4264,26.1406
2022-04-02 13:00:00,2022-04-02 14:00:00,4.190000000000000000,ug.m-3,44.4264,26.1406
2022-04-02 14:00:00,2022-04-02 15:00:00,3.700000000000000000,ug.m-3,44.4264,26.1406
2022-04-02 15:00:00,2022-04-02 16:00:00,6.270000000000000000,ug.m-3,44.4264,26.1406
2022-04-02 16:00:00,2022-04-02 17:00:00,4.450000000000000000,ug.m-3,44.4264,26.1406
2022-04-02 17:00:00,2022-04-02 18:00:00,6.700000000000000000,ug.m-3,44.4264,26.1406
2022-04-02 18:00:00,2022-04-02 19:00:00,11.680000000000000000,ug.m-3,44.4264,26.1406
2022-04-02 19:00:00,2022-04-02 20:00:00,8.600000000000000000,ug.m-3,44.4264,26.1406
2022-04-02 20:00:00,2022-04-02 21:00:00,12.290000000000000000,ug.m-3,44.4264,26.1406
2022-04-02 21:00:00,2022-04-02 22:00:00,7.190000000000000000,ug.m-3,44.4264,26.1406
2022-04-02 22:00:00,2022-04-02 23:00:00,7.690000000000000000,ug.m-3,44.4264,26.1406
2022-04-02 23:00:00,2022-04-03 00:00:00,3.960000000000000000,ug.m-3,44.4264,26.1406
2022-04-03 00:00:00,2022-04-03 01:00:00,1.450000000000000000,ug.m-3,44.4264,26.1406
2022-04-03 01:00:00,2022-04-03 02:00:00,1.130000000000000000,ug.m-3,44.4264,26.1406
2022-04-03 02:00:00,2022-04-03 03:00:00,6.850000000000000000,ug.m-3,44.4264,26.1406
2022-04-03 03:00:00,2022-04-03 04:00:00,8.220000000000000000,ug.m-3,44.4264,26.1406
2022-04-03 04:00:00,2022-04-03 05:00:00,5.570000000000000000,ug.m-3,44.4264,26.1406
2022-04-03 05:00:00,2022-04-03 06:00:00,8.680000000000000000,ug.m-3,44.4264,26.1406
2022-04-03 06:00:00,2022-04-03 07:00:00,10.400000000000000000,ug.m-3,44.4264,26.1406
2022-04-03 07:00:00,2022-04-03 08:00:00,6.150000000000000000,ug.m-3,44.4264,26.1406
2022-04-03 08:00:00,2022-04-03 09:00:00,5.970000000000000000,ug.m-3,44.4264,26.1406
2022-04-03 09:00:00,2022-04-03 10:00:00,10.260000000000000000,ug.m-3,44.4264,26.1406
2022-04-03 10:00:00,2022-04-03 11:00:00,13.130000000000000000,ug.m-3,44.4264,26.1406
2022-04-03 11:00:00,2022-04-03 12:00:00,13.040000000000000000,ug.m-3,44.4264,26.1406
2022-04-03 12:00:00,2022-04-03 13:00:00,14.830000000000000000,ug.m-3,44.4264,26.1406
2022-04-03 13:00:00,2022-04-03 14:00:00,20.330000000000000000,ug.m-3,44.4264,26.1406
2022-04-03 14:00:00,2022-04-03 15:00:00,24.300000000000000000,ug.m-3,44.4264,26.1406
2022-04-03 15:00:00,2022-04-03 16:00:00,27.670000000000000000,ug.m-3,44.4264,26.1406
2022-04-03 16:00:00,2022-04-03 17:00:00,29.620000000000000000,ug.m-3,44.4264,26.1406
2022-04-03 17:00:00,2022-04-03 18:00:00,28.560000000000000000,ug.m-3,44.4264,26.1406
2022-04-03 18:00:00,2022-04-03 19:00:00,24.210000000000000000,ug.m-3,44.4264,26.1406
2022-04-03 19:00:00,2022-04-03 20:00:00,26.990000000000000000,ug.m-3,44.4264,26.1406
2022-04-03 20:00:00,2022-04-03 21:00:00,19.180000000000000000,ug.m-3,44.4264,26.1406
2022-04-03 21:00:00,2022-04-03 22:00:00,13.710000000000000000,ug.m-3,44.4264,26.1406
2022-04-03 22:00:00,2022-04-03 23:00:00,10.080000000000000000,ug.m-3,44.4264,26.1406
2022-04-03 23:00:00,2022-04-04 00:00:00,11.900000000000000000,ug.m-3,44.4264,26.1406
2022-04-04 00:00:00,2022-04-04 01:00:00,11.930000000000000000,ug.m-3,44.4264,26.1406
2022-04-04 01:00:00,2022-04-04 02:00:00,10.140000000000000000,ug.m-3,44.4264,26.1406
2022-04-04 02:00:00,2022-04-04 03:00:00,8.280000000000000000,ug.m-3,44.4264,26.1406
2022-04-04 03:00:00,2022-04-04 04:00:00,17.680000000000000000,ug.m-3,44.4264,26.1406
2022-04-04 04:00:00,2022-04-04 05:00:00,9.990000000000000000,ug.m-3,44.4264,26.1406
2022-04-04 05:00:00,2022-04-04 06:00:00,8.770000000000000000,ug.m-3,44.4264,26.1406
2022-04-04 06:00:00,2022-04-04 07:00:00,15.850000000000000000,ug.m-3,44.4264,26.1406
2022-04-04 07:00:00,2022-04-04 08:00:00,22.450000000000000000,ug.m-3,44.4264,26.1406
2022-04-04 08:00:00,2022-04-04 09:00:00,20.860000000000000000,ug.m-3,44.4264,26.1406
2022-04-04 09:00:00,2022-04-04 10:00:00,23.550000000000000000,ug.m-3,44.4264,26.1406
2022-04-04 10:00:00,2022-04-04 11:00:00,24.590000000000000000,ug.m-3,44.4264,26.1406
2022-04-04 11:00:00,2022-04-04 12:00:00,21.220000000000000000,ug.m-3,44.4264,26.1406
2022-04-04 12:00:00,2022-04-04 13:00:00,20.500000000000000000,ug.m-3,44.4264,26.1406
2022-04-04 13:00:00,2022-04-04 14:00:00,12.640000000000000000,ug.m-3,44.4264,26.1406
2022-04-04 14:00:00,2022-04-04 15:00:00,14.510000000000000000,ug.m-3,44.4264,26.1406
2022-04-04 15:00:00,2022-04-04 16:00:00,21.740000000000000000,ug.m-3,44.4264,26.1406
2022-04-04 16:00:00,2022-04-04 17:00:00,23.480000000000000000,ug.m-3,44.4264,26.1406
2022-04-04 17:00:00,2022-04-04 18:00:00,20.170000000000000000,ug.m-3,44.4264,26.1406
2022-04-04 18:00:00,2022-04-04 19:00:00,21.370000000000000000,ug.m-3,44.4264,26.1406
2022-04-04 19:00:00,2022-04-04 20:00:00,29.140000000000000000,ug.m-3,44.4264,26.1406
2022-04-04 20:00:00,2022-04-04 21:00:00,30.670000000000000000,ug.m-3,44.4264,26.1406
2022-04-04 21:00:00,2022-04-04 22:00:00,27.120000000000000000,ug.m-3,44.4264,26.1406
2022-04-04 22:00:00,2022-04-04 23:00:00,24.920000000000000000,ug.m-3,44.4264,26.1406
2022-04-04 23:00:00,2022-04-05 00:00:00,26.970000000000000000,ug.m-3,44.4264,26.1406
2022-04-05 00:00:00,2022-04-05 01:00:00,25.640000000000000000,ug.m-3,44.4264,26.1406
2022-04-05 01:00:00,2022-04-05 02:00:00,25.750000000000000000,ug.m-3,44.4264,26.1406
2022-04-05 02:00:00,2022-04-05 03:00:00,23.840000000000000000,ug.m-3,44.4264,26.1406
2022-04-05 03:00:00,2022-04-05 04:00:00,24.580000000000000000,ug.m-3,44.4264,26.1406
2022-04-05 04:00:00,2022-04-05 05:00:00,25.960000000000000000,ug.m-3,44.4264,26.1406
2022-04-05 05:00:00,2022-04-05 06:00:00,26.240000000000000000,ug.m-3,44.4264,26.1406
2022-04-05 06:00:00,2022-04-05 07:00:00,26.210000000000000000,ug.m-3,44.4264,26.1406
2022-04-05 07:00:00,2022-04-05 08:00:00,32.570000000000000000,ug.m-3,44.4264,26.1406
2022-04-05 08:00:00,2022-04-05 09:00:00,29.630000000000000000,ug.m-3,44.4264,26.1406
2022-04-05 09:00:00,2022-04-05 10:00:00,29.120000000000000000,ug.m-3,44.4264,26.1406
2022-04-05 10:00:00,2022-04-05 11:00:00,25.450000000000000000,ug.m-3,44.4264,26.1406
2022-04-05 11:00:00,2022-04-05 12:00:00,20.730000000000000000,ug.m-3,44.4264,26.1406
2022-04-05 12:00:00,2022-04-05 13:00:00,20.160000000000000000,ug.m-3,44.4264,26.1406
2022-04-05 13:00:00,2022-04-05 14:00:00,28.320000000000000000,ug.m-3,44.4264,26.1406
2022-04-05 14:00:00,2022-04-05 15:00:00,18.960000000000000000,ug.m-3,44.4264,26.1406
2022-04-05 15:00:00,2022-04-05 16:00:00,19.080000000000000000,ug.m-3,44.4264,26.1406
2022-04-05 16:00:00,2022-04-05 17:00:00,16.730000000000000000,ug.m-3,44.4264,26.1406
2022-04-05 17:00:00,2022-04-05 18:00:00,19.670000000000000000,ug.m-3,44.4264,26.1406
2022-04-05 18:00:00,2022-04-05 19:00:00,20.220000000000000000,ug.m-3,44.4264,26.1406
2022-04-05 19:00:00,2022-04-05 20:00:00,18.730000000000000000,ug.m-3,44.4264,26.1406
2022-04-05 20:00:00,2022-04-05 21:00:00,18.790000000000000000,ug.m-3,44.4264,26.1406
2022-04-05 21:00:00,2022-04-05 22:00:00,20.160000000000000000,ug.m-3,44.4264,26.1406
2022-04-05 22:00:00,2022-04-05 23:00:00,24.890000000000000000,ug.m-3,44.4264,26.1406
2022-04-05 23:00:00,2022-04-06 00:00:00,20.590000000000000000,ug.m-3,44.4264,26.1406
2022-04-06 00:00:00,2022-04-06 01:00:00,23.360000000000000000,ug.m-3,44.4264,26.1406
2022-04-06 01:00:00,2022-04-06 02:00:00,23.080000000000000000,ug.m-3,44.4264,26.1406
2022-04-06 02:00:00,2022-04-06 03:00:00,23.190000000000000000,ug.m-3,44.4264,26.1406
2022-04-06 03:00:00,2022-04-06 04:00:00,23.100000000000000000,ug.m-3,44.4264,26.1406
2022-04-06 04:00:00,2022-04-06 05:00:00,25.040000000000000000,ug.m-3,44.4264,26.1406
2022-04-06 05:00:00,2022-04-06 06:00:00,23.360000000000000000,ug.m-3,44.4264,26.1406
2022-04-06 06:00:00,2022-04-06 07:00:00,28.930000000000000000,ug.m-3,44.4264,26.1406
2022-04-06 07:00:00,2022-04-06 08:00:00,39.240000000000000000,ug.m-3,44.4264,26.1406
2022-04-06 08:00:00,2022-04-06 09:00:00,46.360000000000000000,ug.m-3,44.4264,26.1406
2022-04-06 09:00:00,2022-04-06 10:00:00,56.490000000000000000,ug.m-3,44.4264,26.1406
2022-04-06 10:00:00,2022-04-06 11:00:00,63.110000000000000000,ug.m-3,44.4264,26.1406
2022-04-06 11:00:00,2022-04-06 12:00:00,35.470000000000000000,ug.m-3,44.4264,26.1406
2022-04-06 12:00:00,2022-04-06 13:00:00,25.090000000000000000,ug.m-3,44.4264,26.1406
2022-04-06 13:00:00,2022-04-06 14:00:00,18.410000000000000000,ug.m-3,44.4264,26.1406
2022-04-06 14:00:00,2022-04-06 15:00:00,17.080000000000000000,ug.m-3,44.4264,26.1406
2022-04-06 15:00:00,2022-04-06 16:00:00,14.400000000000000000,ug.m-3,44.4264,26.1406
2022-04-06 16:00:00,2022-04-06 17:00:00,14.480000000000000000,ug.m-3,44.4264,26.1406
2022-04-06 17:00:00,2022-04-06 18:00:00,12.400000000000000000,ug.m-3,44.4264,26.1406
2022-04-06 18:00:00,2022-04-06 19:00:00,13.100000000000000000,ug.m-3,44.4264,26.1406
2022-04-06 19:00:00,2022-04-06 20:00:00,18.170000000000000000,ug.m-3,44.4264,26.1406
2022-04-06 20:00:00,2022-04-06 21:00:00,22.740000000000000000,ug.m-3,44.4264,26.1406
2022-04-06 21:00:00,2022-04-06 22:00:00,37.550000000000000000,ug.m-3,44.4264,26.1406
2022-04-06 22:00:00,2022-04-06 23:00:00,54.470000000000000000,ug.m-3,44.4264,26.1406
2022-04-06 23:00:00,2022-04-07 00:00:00,45.070000000000000000,ug.m-3,44.4264,26.1406
2022-04-07 00:00:00,2022-04-07 01:00:00,32.080000000000000000,ug.m-3,44.4264,26.1406
2022-04-07 01:00:00,2022-04-07 02:00:00,32.690000000000000000,ug.m-3,44.4264,26.1406
2022-04-07 02:00:00,2022-04-07 03:00:00,26.210000000000000000,ug.m-3,44.4264,26.1406
2022-04-07 03:00:00,2022-04-07 04:00:00,21.520000000000000000,ug.m-3,44.4264,26.1406
2022-04-07 04:00:00,2022-04-07 05:00:00,26.740000000000000000,ug.m-3,44.4264,26.1406
2022-04-07 05:00:00,2022-04-07 06:00:00,27.950000000000000000,ug.m-3,44.4264,26.1406
2022-04-07 06:00:00,2022-04-07 07:00:00,26.180000000000000000,ug.m-3,44.4264,26.1406
2022-04-07 07:00:00,2022-04-07 08:00:00,32.540000000000000000,ug.m-3,44.4264,26.1406
2022-04-07 08:00:00,2022-04-07 09:00:00,38.780000000000000000,ug.m-3,44.4264,26.1406
2022-04-07 09:00:00,2022-04-07 10:00:00,30.160000000000000000,ug.m-3,44.4264,26.1406
2022-04-07 10:00:00,2022-04-07 11:00:00,24.340000000000000000,ug.m-3,44.4264,26.1406
2022-04-07 11:00:00,2022-04-07 12:00:00,28.620000000000000000,ug.m-3,44.4264,26.1406
2022-04-07 12:00:00,2022-04-07 13:00:00,31.280000000000000000,ug.m-3,44.4264,26.1406
2022-04-07 13:00:00,2022-04-07 14:00:00,36.210000000000000000,ug.m-3,44.4264,26.1406
2022-04-07 14:00:00,2022-04-07 15:00:00,53.860000000000000000,ug.m-3,44.4264,26.1406
2022-04-07 15:00:00,2022-04-07 16:00:00,17.570000000000000000,ug.m-3,44.4264,26.1406
2022-04-07 16:00:00,2022-04-07 17:00:00,10.280000000000000000,ug.m-3,44.4264,26.1406
2022-04-07 17:00:00,2022-04-07 18:00:00,9.160000000000000000,ug.m-3,44.4264,26.1406
2022-04-07 18:00:00,2022-04-07 19:00:00,11.040000000000000000,ug.m-3,44.4264,26.1406
2022-04-07 19:00:00,2022-04-07 20:00:00,11.440000000000000000,ug.m-3,44.4264,26.1406
2022-04-07 20:00:00,2022-04-07 21:00:00,12.460000000000000000,ug.m-3,44.4264,26.1406
2022-04-07 21:00:00,2022-04-07 22:00:00,18.180000000000000000,ug.m-3,44.4264,26.1406
2022-04-07 22:00:00,2022-04-07 23:00:00,21.210000000000000000,ug.m-3,44.4264,26.1406
2022-04-07 23:00:00,2022-04-08 00:00:00,25.100000000000000000,ug.m-3,44.4264,26.1406
2022-04-08 00:00:00,2022-04-08 01:00:00,35.690000000000000000,ug.m-3,44.4264,26.1406
2022-04-08 01:00:00,2022-04-08 02:00:00,26.710000000000000000,ug.m-3,44.4264,26.1406
2022-04-08 02:00:00,2022-04-08 03:00:00,21.190000000000000000,ug.m-3,44.4264,26.1406
2022-04-08 03:00:00,2022-04-08 04:00:00,25.980000000000000000,ug.m-3,44.4264,26.1406
2022-04-08 04:00:00,2022-04-08 05:00:00,27.100000000000000000,ug.m-3,44.4264,26.1406
2022-04-08 05:00:00,2022-04-08 06:00:00,25.630000000000000000,ug.m-3,44.4264,26.1406
2022-04-08 06:00:00,2022-04-08 07:00:00,23.130000000000000000,ug.m-3,44.4264,26.1406
2022-04-08 07:00:00,2022-04-08 08:00:00,25.870000000000000000,ug.m-3,44.4264,26.1406
2022-04-08 08:00:00,2022-04-08 09:00:00,26.440000000000000000,ug.m-3,44.4264,26.1406
2022-04-08 09:00:00,2022-04-08 10:00:00,23.030000000000000000,ug.m-3,44.4264,26.1406
2022-04-08 10:00:00,2022-04-08 11:00:00,12.370000000000000000,ug.m-3,44.4264,26.1406
2022-04-08 11:00:00,2022-04-08 12:00:00,11.880000000000000000,ug.m-3,44.4264,26.1406
2022-04-08 12:00:00,2022-04-08 13:00:00,11.280000000000000000,ug.m-3,44.4264,26.1406
2022-04-08 13:00:00,2022-04-08 14:00:00,13.510000000000000000,ug.m-3,44.4264,26.1406
2022-04-08 14:00:00,2022-04-08 15:00:00,10.660000000000000000,ug.m-3,44.4264,26.1406
2022-04-08 15:00:00,2022-04-08 16:00:00,8.690000000000000000,ug.m-3,44.4264,26.1406
2022-04-08 16:00:00,2022-04-08 17:00:00,12.690000000000000000,ug.m-3,44.4264,26.1406
2022-04-08 17:00:00,2022-04-08 18:00:00,13.280000000000000000,ug.m-3,44.4264,26.1406
2022-04-08 18:00:00,2022-04-08 19:00:00,18.840000000000000000,ug.m-3,44.4264,26.1406
2022-04-08 19:00:00,2022-04-08 20:00:00,27.010000000000000000,ug.m-3,44.4264,26.1406
2022-04-08 20:00:00,2022-04-08 21:00:00,33.990000000000000000,ug.m-3,44.4264,26.1406
2022-04-08 21:00:00,2022-04-08 22:00:00,32.030000000000000000,ug.m-3,44.4264,26.1406
2022-04-08 22:00:00,2022-04-08 23:00:00,24.310000000000000000,ug.m-3,44.4264,26.1406
2022-04-08 23:00:00,2022-04-09 00:00:00,17.570000000000000000,ug.m-3,44.4264,26.1406
2022-04-09 00:00:00,2022-04-09 01:00:00,12.280000000000000000,ug.m-3,44.4264,26.1406
2022-04-09 01:00:00,2022-04-09 02:00:00,12.140000000000000000,ug.m-3,44.4264,26.1406
2022-04-09 02:00:00,2022-04-09 03:00:00,17.030000000000000000,ug.m-3,44.4264,26.1406
2022-04-09 03:00:00,2022-04-09 04:00:00,14.210000000000000000,ug.m-3,44.4264,26.1406
2022-04-09 04:00:00,2022-04-09 05:00:00,15.200000000000000000,ug.m-3,44.4264,26.1406
2022-04-09 05:00:00,2022-04-09 06:00:00,19.790000000000000000,ug.m-3,44.4264,26.1406
2022-04-09 06:00:00,2022-04-09 07:00:00,15.900000000000000000,ug.m-3,44.4264,26.1406
2022-04-09 07:00:00,2022-04-09 08:00:00,20.140000000000000000,ug.m-3,44.4264,26.1406
2022-04-09 08:00:00,2022-04-09 09:00:00,20.850000000000000000,ug.m-3,44.4264,26.1406
2022-04-09 09:00:00,2022-04-09 10:00:00,14.120000000000000000,ug.m-3,44.4264,26.1406
2022-04-09 10:00:00,2022-04-09 11:00:00,13.300000000000000000,ug.m-3,44.4264,26.1406
2022-04-09 11:00:00,2022-04-09 12:00:00,10.280000000000000000,ug.m-3,44.4264,26.1406
2022-04-09 12:00:00,2022-04-09 13:00:00,9.290000000000000000,ug.m-3,44.4264,26.1406
2022-04-09 13:00:00,2022-04-09 14:00:00,10.010000000000000000,ug.m-3,44.4264,26.1406
2022-04-09 14:00:00,2022-04-09 15:00:00,9.600000000000000000,ug.m-3,44.4264,26.1406
2022-04-09 15:00:00,2022-04-09 16:00:00,7.630000000000000000,ug.m-3,44.4264,26.1406
2022-04-09 16:00:00,2022-04-09 17:00:00,6.900000000000000000,ug.m-3,44.4264,26.1406
2022-04-09 17:00:00,2022-04-09 18:00:00,6.490000000000000000,ug.m-3,44.4264,26.1406
2022-04-09 18:00:00,2022-04-09 19:00:00,11.980000000000000000,ug.m-3,44.4264,26.1406
2022-04-09 19:00:00,2022-04-09 20:00:00,15.790000000000000000,ug.m-3,44.4264,26.1406
2022-04-09 20:00:00,2022-04-09 21:00:00,16.450000000000000000,ug.m-3,44.4264,26.1406
2022-04-09 21:00:00,2022-04-09 22:00:00,23.970000000000000000,ug.m-3,44.4264,26.1406
2022-04-09 22:00:00,2022-04-09 23:00:00,28.700000000000000000,ug.m-3,44.4264,26.1406
2022-04-09 23:00:00,2022-04-10 00:00:00,26.820000000000000000,ug.m-3,44.4264,26.1406
2022-04-10 00:00:00,2022-04-10 01:00:00,26.630000000000000000,ug.m-3,44.4264,26.1406
2022-04-10 01:00:00,2022-04-10 02:00:00,17.550000000000000000,ug.m-3,44.4264,26.1406
2022-04-10 02:00:00,2022-04-10 03:00:00,14.950000000000000000,ug.m-3,44.4264,26.1406
2022-04-10 03:00:00,2022-04-10 04:00:00,15.080000000000000000,ug.m-3,44.4264,26.1406
2022-04-10 04:00:00,2022-04-10 05:00:00,19.820000000000000000,ug.m-3,44.4264,26.1406
2022-04-10 05:00:00,2022-04-10 06:00:00,22.760000000000000000,ug.m-3,44.4264,26.1406
2022-04-10 06:00:00,2022-04-10 07:00:00,12.140000000000000000,ug.m-3,44.4264,26.1406
2022-04-10 07:00:00,2022-04-10 08:00:00,6.810000000000000000,ug.m-3,44.4264,26.1406
2022-04-10 08:00:00,2022-04-10 09:00:00,4.930000000000000000,ug.m-3,44.4264,26.1406
2022-04-10 09:00:00,2022-04-10 10:00:00,5.900000000000000000,ug.m-3,44.4264,26.1406
2022-04-10 10:00:00,2022-04-10 11:00:00,11.290000000000000000,ug.m-3,44.4264,26.1406
2022-04-10 11:00:00,2022-04-10 12:00:00,6.170000000000000000,ug.m-3,44.4264,26.1406
2022-04-10 12:00:00,2022-04-10 13:00:00,9.100000000000000000,ug.m-3,44.4264,26.1406
2022-04-10 13:00:00,2022-04-10 14:00:00,7.250000000000000000,ug.m-3,44.4264,26.1406
2022-04-10 14:00:00,2022-04-10 15:00:00,5.980000000000000000,ug.m-3,44.4264,26.1406
2022-04-10 15:00:00,2022-04-10 16:00:00,2.080000000000000000,ug.m-3,44.4264,26.1406
2022-04-10 19:00:00,2022-04-10 20:00:00,0.040000000000000000,ug.m-3,44.4264,26.1406
2022-04-10 20:00:00,2022-04-10 21:00:00,0.750000000000000000,ug.m-3,44.4264,26.1406
2022-04-10 21:00:00,2022-04-10 22:00:00,1.650000000000000000,ug.m-3,44.4264,26.1406
2022-04-10 22:00:00,2022-04-10 23:00:00,1.510000000000000000,ug.m-3,44.4264,26.1406
2022-04-10 23:00:00,2022-04-11 00:00:00,3.040000000000000000,ug.m-3,44.4264,26.1406
2022-04-11 00:00:00,2022-04-11 01:00:00,2.110000000000000000,ug.m-3,44.4264,26.1406
2022-04-11 01:00:00,2022-04-11 02:00:00,2.690000000000000000,ug.m-3,44.4264,26.1406
2022-04-11 04:00:00,2022-04-11 05:00:00,2.210000000000000000,ug.m-3,44.4264,26.1406
2022-04-11 05:00:00,2022-04-11 06:00:00,1.570000000000000000,ug.m-3,44.4264,26.1406
2022-04-11 07:00:00,2022-04-11 08:00:00,0.240000000000000000,ug.m-3,44.4264,26.1406
2022-04-11 09:00:00,2022-04-11 10:00:00,1.070000000000000000,ug.m-3,44.4264,26.1406
2022-04-11 10:00:00,2022-04-11 11:00:00,2.720000000000000000,ug.m-3,44.4264,26.1406
2022-04-11 11:00:00,2022-04-11 12:00:00,4.580000000000000000,ug.m-3,44.4264,26.1406
2022-04-11 12:00:00,2022-04-11 13:00:00,5.340000000000000000,ug.m-3,44.4264,26.1406
2022-04-11 13:00:00,2022-04-11 14:00:00,6.550000000000000000,ug.m-3,44.4264,26.1406
2022-04-11 14:00:00,2022-04-11 15:00:00,7.490000000000000000,ug.m-3,44.4264,26.1406
2022-04-11 15:00:00,2022-04-11 16:00:00,6.020000000000000000,ug.m-3,44.4264,26.1406
2022-04-11 17:00:00,2022-04-11 18:00:00,2.860000000000000000,ug.m-3,44.4264,26.1406
2022-04-11 18:00:00,2022-04-11 19:00:00,6.180000000000000000,ug.m-3,44.4264,26.1406
2022-04-11 19:00:00,2022-04-11 20:00:00,11.850000000000000000,ug.m-3,44.4264,26.1406
2022-04-11 20:00:00,2022-04-11 21:00:00,15.800000000000000000,ug.m-3,44.4264,26.1406
2022-04-11 21:00:00,2022-04-11 22:00:00,19.320000000000000000,ug.m-3,44.4264,26.1406
2022-04-11 22:00:00,2022-04-11 23:00:00,14.830000000000000000,ug.m-3,44.4264,26.1406
2022-04-11 23:00:00,2022-04-12 00:00:00,15.450000000000000000,ug.m-3,44.4264,26.1406
2022-04-12 00:00:00,2022-04-12 01:00:00,17.470000000000000000,ug.m-3,44.4264,26.1406
2022-04-12 01:00:00,2022-04-12 02:00:00,12.410000000000000000,ug.m-3,44.4264,26.1406
2022-04-12 02:00:00,2022-04-12 03:00:00,12.140000000000000000,ug.m-3,44.4264,26.1406
2022-04-12 03:00:00,2022-04-12 04:00:00,15.160000000000000000,ug.m-3,44.4264,26.1406
2022-04-12 04:00:00,2022-04-12 05:00:00,15.970000000000000000,ug.m-3,44.4264,26.1406
2022-04-12 05:00:00,2022-04-12 06:00:00,18.660000000000000000,ug.m-3,44.4264,26.1406
2022-04-12 06:00:00,2022-04-12 07:00:00,22.060000000000000000,ug.m-3,44.4264,26.1406
2022-04-12 07:00:00,2022-04-12 08:00:00,24.430000000000000000,ug.m-3,44.4264,26.1406
2022-04-12 08:00:00,2022-04-12 09:00:00,20.940000000000000000,ug.m-3,44.4264,26.1406
2022-04-12 09:00:00,2022-04-12 10:00:00,16.330000000000000000,ug.m-3,44.4264,26.1406
2022-04-12 10:00:00,2022-04-12 11:00:00,10.450000000000000000,ug.m-3,44.4264,26.1406
2022-04-12 11:00:00,2022-04-12 12:00:00,11.430000000000000000,ug.m-3,44.4264,26.1406
2022-04-12 12:00:00,2022-04-12 13:00:00,10.410000000000000000,ug.m-3,44.4264,26.1406
2022-04-12 13:00:00,2022-04-12 14:00:00,10.250000000000000000,ug.m-3,44.4264,26.1406
2022-04-12 14:00:00,2022-04-12 15:00:00,8.140000000000000000,ug.m-3,44.4264,26.1406
2022-04-12 15:00:00,2022-04-12 16:00:00,4.990000000000000000,ug.m-3,44.4264,26.1406
2022-04-12 16:00:00,2022-04-12 17:00:00,9.610000000000000000,ug.m-3,44.4264,26.1406
2022-04-12 17:00:00,2022-04-12 18:00:00,11.250000000000000000,ug.m-3,44.4264,26.1406
2022-04-12 18:00:00,2022-04-12 19:00:00,9.510000000000000000,ug.m-3,44.4264,26.1406
2022-04-12 19:00:00,2022-04-12 20:00:00,10.390000000000000000,ug.m-3,44.4264,26.1406
2022-04-12 20:00:00,2022-04-12 21:00:00,20.990000000000000000,ug.m-3,44.4264,26.1406
2022-04-12 21:00:00,2022-04-12 22:00:00,32.150000000000000000,ug.m-3,44.4264,26.1406
2022-04-12 22:00:00,2022-04-12 23:00:00,43.850000000000000000,ug.m-3,44.4264,26.1406
2022-04-12 23:00:00,2022-04-13 00:00:00,61.380000000000000000,ug.m-3,44.4264,26.1406
2022-04-13 00:00:00,2022-04-13 01:00:00,50.540000000000000000,ug.m-3,44.4264,26.1406
2022-04-13 01:00:00,2022-04-13 02:00:00,41.170000000000000000,ug.m-3,44.4264,26.1406
2022-04-13 02:00:00,2022-04-13 03:00:00,20.460000000000000000,ug.m-3,44.4264,26.1406
2022-04-13 03:00:00,2022-04-13 04:00:00,15.230000000000000000,ug.m-3,44.4264,26.1406
2022-04-13 04:00:00,2022-04-13 05:00:00,16.180000000000000000,ug.m-3,44.4264,26.1406
2022-04-13 05:00:00,2022-04-13 06:00:00,16.170000000000000000,ug.m-3,44.4264,26.1406
2022-04-13 06:00:00,2022-04-13 07:00:00,20.490000000000000000,ug.m-3,44.4264,26.1406
2022-04-13 07:00:00,2022-04-13 08:00:00,26.750000000000000000,ug.m-3,44.4264,26.1406
2022-04-13 08:00:00,2022-04-13 09:00:00,31.340000000000000000,ug.m-3,44.4264,26.1406
2022-04-13 09:00:00,2022-04-13 10:00:00,15.040000000000000000,ug.m-3,44.4264,26.1406
2022-04-13 10:00:00,2022-04-13 11:00:00,9.410000000000000000,ug.m-3,44.4264,26.1406
2022-04-13 11:00:00,2022-04-13 12:00:00,14.130000000000000000,ug.m-3,44.4264,26.1406
2022-04-13 12:00:00,2022-04-13 13:00:00,16.710000000000000000,ug.m-3,44.4264,26.1406
2022-04-13 13:00:00,2022-04-13 14:00:00,11.180000000000000000,ug.m-3,44.4264,26.1406
2022-04-13 14:00:00,2022-04-13 15:00:00,9.960000000000000000,ug.m-3,44.4264,26.1406
2022-04-13 15:00:00,2022-04-13 16:00:00,13.680000000000000000,ug.m-3,44.4264,26.1406
2022-04-13 16:00:00,2022-04-13 17:00:00,11.470000000000000000,ug.m-3,44.4264,26.1406
2022-04-13 17:00:00,2022-04-13 18:00:00,7.960000000000000000,ug.m-3,44.4264,26.1406
2022-04-13 18:00:00,2022-04-13 19:00:00,12.380000000000000000,ug.m-3,44.4264,26.1406
2022-04-13 19:00:00,2022-04-13 20:00:00,14.350000000000000000,ug.m-3,44.4264,26.1406
2022-04-13 20:00:00,2022-04-13 21:00:00,20.300000000000000000,ug.m-3,44.4264,26.1406
2022-04-13 21:00:00,2022-04-13 22:00:00,23.100000000000000000,ug.m-3,44.4264,26.1406
2022-04-13 22:00:00,2022-04-13 23:00:00,18.680000000000000000,ug.m-3,44.4264,26.1406
2022-04-13 23:00:00,2022-04-14 00:00:00,16.390000000000000000,ug.m-3,44.4264,26.1406
2022-04-14 00:00:00,2022-04-14 01:00:00,24.820000000000000000,ug.m-3,44.4264,26.1406
2022-04-14 01:00:00,2022-04-14 02:00:00,28.480000000000000000,ug.m-3,44.4264,26.1406
2022-04-14 02:00:00,2022-04-14 03:00:00,46.710000000000000000,ug.m-3,44.4264,26.1406
2022-04-14 03:00:00,2022-04-14 04:00:00,22.550000000000000000,ug.m-3,44.4264,26.1406
2022-04-14 04:00:00,2022-04-14 05:00:00,22.870000000000000000,ug.m-3,44.4264,26.1406
2022-04-14 05:00:00,2022-04-14 06:00:00,28.160000000000000000,ug.m-3,44.4264,26.1406
2022-04-14 06:00:00,2022-04-14 07:00:00,39.430000000000000000,ug.m-3,44.4264,26.1406
2022-04-14 07:00:00,2022-04-14 08:00:00,53.830000000000000000,ug.m-3,44.4264,26.1406
2022-04-14 08:00:00,2022-04-14 09:00:00,60.810000000000000000,ug.m-3,44.4264,26.1406
2022-04-14 09:00:00,2022-04-14 10:00:00,45.000000000000000000,ug.m-3,44.4264,26.1406
2022-04-14 10:00:00,2022-04-14 11:00:00,20.070000000000000000,ug.m-3,44.4264,26.1406
2022-04-14 11:00:00,2022-04-14 12:00:00,18.730000000000000000,ug.m-3,44.4264,26.1406
2022-04-14 12:00:00,2022-04-14 13:00:00,19.720000000000000000,ug.m-3,44.4264,26.1406
2022-04-14 13:00:00,2022-04-14 14:00:00,12.610000000000000000,ug.m-3,44.4264,26.1406
2022-04-14 14:00:00,2022-04-14 15:00:00,8.190000000000000000,ug.m-3,44.4264,26.1406
2022-04-14 15:00:00,2022-04-14 16:00:00,7.710000000000000000,ug.m-3,44.4264,26.1406
2022-04-14 16:00:00,2022-04-14 17:00:00,8.660000000000000000,ug.m-3,44.4264,26.1406
2022-04-14 17:00:00,2022-04-14 18:00:00,8.740000000000000000,ug.m-3,44.4264,26.1406
2022-04-14 18:00:00,2022-04-14 19:00:00,14.370000000000000000,ug.m-3,44.4264,26.1406
2022-04-14 19:00:00,2022-04-14 20:00:00,15.340000000000000000,ug.m-3,44.4264,26.1406
2022-04-14 20:00:00,2022-04-14 21:00:00,22.230000000000000000,ug.m-3,44.4264,26.1406
2022-04-14 21:00:00,2022-04-14 22:00:00,21.460000000000000000,ug.m-3,44.4264,26.1406
2022-04-14 22:00:00,2022-04-14 23:00:00,31.570000000000000000,ug.m-3,44.4264,26.1406
2022-04-14 23:00:00,2022-04-15 00:00:00,53.420000000000000000,ug.m-3,44.4264,26.1406
2022-04-15 00:00:00,2022-04-15 01:00:00,91.860000000000000000,ug.m-3,44.4264,26.1406
2022-04-15 01:00:00,2022-04-15 02:00:00,53.030000000000000000,ug.m-3,44.4264,26.1406
2022-04-15 02:00:00,2022-04-15 03:00:00,54.280000000000000000,ug.m-3,44.4264,26.1406
2022-04-15 03:00:00,2022-04-15 04:00:00,43.650000000000000000,ug.m-3,44.4264,26.1406
2022-04-15 04:00:00,2022-04-15 05:00:00,39.640000000000000000,ug.m-3,44.4264,26.1406
2022-04-15 05:00:00,2022-04-15 06:00:00,35.520000000000000000,ug.m-3,44.4264,26.1406
2022-04-15 06:00:00,2022-04-15 07:00:00,27.620000000000000000,ug.m-3,44.4264,26.1406
2022-04-15 07:00:00,2022-04-15 08:00:00,42.130000000000000000,ug.m-3,44.4264,26.1406
2022-04-15 08:00:00,2022-04-15 09:00:00,51.290000000000000000,ug.m-3,44.4264,26.1406
2022-04-15 09:00:00,2022-04-15 10:00:00,43.870000000000000000,ug.m-3,44.4264,26.1406
2022-04-15 10:00:00,2022-04-15 11:00:00,36.940000000000000000,ug.m-3,44.4264,26.1406
2022-04-15 11:00:00,2022-04-15 12:00:00,7.700000000000000000,ug.m-3,44.4264,26.1406
2022-04-15 12:00:00,2022-04-15 13:00:00,14.700000000000000000,ug.m-3,44.4264,26.1406
2022-04-15 13:00:00,2022-04-15 14:00:00,12.330000000000000000,ug.m-3,44.4264,26.1406
2022-04-15 14:00:00,2022-04-15 15:00:00,13.760000000000000000,ug.m-3,44.4264,26.1406
2022-04-15 15:00:00,2022-04-15 16:00:00,9.870000000000000000,ug.m-3,44.4264,26.1406
2022-04-15 16:00:00,2022-04-15 17:00:00,12.060000000000000000,ug.m-3,44.4264,26.1406
2022-04-15 17:00:00,2022-04-15 18:00:00,14.370000000000000000,ug.m-3,44.4264,26.1406
2022-04-15 18:00:00,2022-04-15 19:00:00,9.590000000000000000,ug.m-3,44.4264,26.1406
2022-04-15 19:00:00,2022-04-15 20:00:00,16.810000000000000000,ug.m-3,44.4264,26.1406
2022-04-15 20:00:00,2022-04-15 21:00:00,24.650000000000000000,ug.m-3,44.4264,26.1406
2022-04-15 21:00:00,2022-04-15 22:00:00,40.640000000000000000,ug.m-3,44.4264,26.1406
2022-04-15 22:00:00,2022-04-15 23:00:00,70.490000000000000000,ug.m-3,44.4264,26.1406
2022-04-15 23:00:00,2022-04-16 00:00:00,12.130000000000000000,ug.m-3,44.4264,26.1406
2022-04-16 00:00:00,2022-04-16 01:00:00,48.690000000000000000,ug.m-3,44.4264,26.1406
2022-04-16 01:00:00,2022-04-16 02:00:00,50.550000000000000000,ug.m-3,44.4264,26.1406
2022-04-16 02:00:00,2022-04-16 03:00:00,29.780000000000000000,ug.m-3,44.4264,26.1406
2022-04-16 03:00:00,2022-04-16 04:00:00,27.900000000000000000,ug.m-3,44.4264,26.1406
2022-04-16 04:00:00,2022-04-16 05:00:00,34.620000000000000000,ug.m-3,44.4264,26.1406
2022-04-16 05:00:00,2022-04-16 06:00:00,41.720000000000000000,ug.m-3,44.4264,26.1406
2022-04-16 06:00:00,2022-04-16 07:00:00,41.880000000000000000,ug.m-3,44.4264,26.1406
2022-04-16 07:00:00,2022-04-16 08:00:00,45.210000000000000000,ug.m-3,44.4264,26.1406
2022-04-16 08:00:00,2022-04-16 09:00:00,28.520000000000000000,ug.m-3,44.4264,26.1406
2022-04-16 09:00:00,2022-04-16 10:00:00,19.590000000000000000,ug.m-3,44.4264,26.1406
2022-04-16 10:00:00,2022-04-16 11:00:00,13.910000000000000000,ug.m-3,44.4264,26.1406
2022-04-16 11:00:00,2022-04-16 12:00:00,11.400000000000000000,ug.m-3,44.4264,26.1406
2022-04-16 12:00:00,2022-04-16 13:00:00,11.860000000000000000,ug.m-3,44.4264,26.1406
2022-04-16 13:00:00,2022-04-16 14:00:00,9.800000000000000000,ug.m-3,44.4264,26.1406
2022-04-16 14:00:00,2022-04-16 15:00:00,13.330000000000000000,ug.m-3,44.4264,26.1406
2022-04-16 15:00:00,2022-04-16 16:00:00,19.130000000000000000,ug.m-3,44.4264,26.1406
2022-04-16 16:00:00,2022-04-16 17:00:00,17.300000000000000000,ug.m-3,44.4264,26.1406
2022-04-16 17:00:00,2022-04-16 18:00:00,20.820000000000000000,ug.m-3,44.4264,26.1406
2022-04-16 18:00:00,2022-04-16 19:00:00,21.130000000000000000,ug.m-3,44.4264,26.1406
2022-04-16 19:00:00,2022-04-16 20:00:00,28.540000000000000000,ug.m-3,44.4264,26.1406
2022-04-16 20:00:00,2022-04-16 21:00:00,40.740000000000000000,ug.m-3,44.4264,26.1406
2022-04-16 21:00:00,2022-04-16 22:00:00,16.770000000000000000,ug.m-3,44.4264,26.1406
2022-04-16 22:00:00,2022-04-16 23:00:00,9.640000000000000000,ug.m-3,44.4264,26.1406
2022-04-16 23:00:00,2022-04-17 00:00:00,0.490000000000000000,ug.m-3,44.4264,26.1406
2022-04-17 00:00:00,2022-04-17 01:00:00,6.620000000000000000,ug.m-3,44.4264,26.1406
2022-04-17 01:00:00,2022-04-17 02:00:00,11.540000000000000000,ug.m-3,44.4264,26.1406
2022-04-17 02:00:00,2022-04-17 03:00:00,13.000000000000000000,ug.m-3,44.4264,26.1406
2022-04-17 03:00:00,2022-04-17 04:00:00,19.810000000000000000,ug.m-3,44.4264,26.1406
2022-04-17 04:00:00,2022-04-17 05:00:00,25.490000000000000000,ug.m-3,44.4264,26.1406
2022-04-17 05:00:00,2022-04-17 06:00:00,7.330000000000000000,ug.m-3,44.4264,26.1406
2022-04-17 06:00:00,2022-04-17 07:00:00,8.640000000000000000,ug.m-3,44.4264,26.1406
2022-04-17 07:00:00,2022-04-17 08:00:00,6.260000000000000000,ug.m-3,44.4264,26.1406
2022-04-17 08:00:00,2022-04-17 09:00:00,4.770000000000000000,ug.m-3,44.4264,26.1406
2022-04-17 09:00:00,2022-04-17 10:00:00,6.670000000000000000,ug.m-3,44.4264,26.1406
2022-04-17 10:00:00,2022-04-17 11:00:00,6.150000000000000000,ug.m-3,44.4264,26.1406
2022-04-17 11:00:00,2022-04-17 12:00:00,7.090000000000000000,ug.m-3,44.4264,26.1406
2022-04-17 12:00:00,2022-04-17 13:00:00,3.030000000000000000,ug.m-3,44.4264,26.1406
2022-04-17 13:00:00,2022-04-17 14:00:00,5.920000000000000000,ug.m-3,44.4264,26.1406
2022-04-17 14:00:00,2022-04-17 15:00:00,6.400000000000000000,ug.m-3,44.4264,26.1406
2022-04-17 15:00:00,2022-04-17 16:00:00,1.410000000000000000,ug.m-3,44.4264,26.1406
2022-04-17 16:00:00,2022-04-17 17:00:00,2.070000000000000000,ug.m-3,44.4264,26.1406
2022-04-17 17:00:00,2022-04-17 18:00:00,7.110000000000000000,ug.m-3,44.4264,26.1406
2022-04-17 18:00:00,2022-04-17 19:00:00,6.000000000000000000,ug.m-3,44.4264,26.1406
2022-04-17 19:00:00,2022-04-17 20:00:00,5.350000000000000000,ug.m-3,44.4264,26.1406
2022-04-17 20:00:00,2022-04-17 21:00:00,2.720000000000000000,ug.m-3,44.4264,26.1406
2022-04-17 21:00:00,2022-04-17 22:00:00,1.740000000000000000,ug.m-3,44.4264,26.1406
2022-04-17 22:00:00,2022-04-17 23:00:00,4.540000000000000000,ug.m-3,44.4264,26.1406
2022-04-17 23:00:00,2022-04-18 00:00:00,5.240000000000000000,ug.m-3,44.4264,26.1406
2022-04-18 00:00:00,2022-04-18 01:00:00,7.800000000000000000,ug.m-3,44.4264,26.1406
2022-04-18 01:00:00,2022-04-18 02:00:00,5.150000000000000000,ug.m-3,44.4264,26.1406
2022-04-18 02:00:00,2022-04-18 03:00:00,6.290000000000000000,ug.m-3,44.4264,26.1406
2022-04-18 03:00:00,2022-04-18 04:00:00,0.140000000000000000,ug.m-3,44.4264,26.1406
2022-04-18 04:00:00,2022-04-18 05:00:00,3.160000000000000000,ug.m-3,44.4264,26.1406
2022-04-18 05:00:00,2022-04-18 06:00:00,8.420000000000000000,ug.m-3,44.4264,26.1406
2022-04-18 06:00:00,2022-04-18 07:00:00,5.990000000000000000,ug.m-3,44.4264,26.1406
2022-04-18 07:00:00,2022-04-18 08:00:00,5.770000000000000000,ug.m-3,44.4264,26.1406
2022-04-18 08:00:00,2022-04-18 09:00:00,9.550000000000000000,ug.m-3,44.4264,26.1406
2022-04-18 09:00:00,2022-04-18 10:00:00,12.550000000000000000,ug.m-3,44.4264,26.1406
2022-04-18 10:00:00,2022-04-18 11:00:00,3.270000000000000000,ug.m-3,44.4264,26.1406
2022-04-18 11:00:00,2022-04-18 12:00:00,5.840000000000000000,ug.m-3,44.4264,26.1406
2022-04-18 12:00:00,2022-04-18 13:00:00,8.070000000000000000,ug.m-3,44.4264,26.1406
2022-04-18 13:00:00,2022-04-18 14:00:00,5.250000000000000000,ug.m-3,44.4264,26.1406
2022-04-18 14:00:00,2022-04-18 15:00:00,5.960000000000000000,ug.m-3,44.4264,26.1406
2022-04-18 15:00:00,2022-04-18 16:00:00,6.690000000000000000,ug.m-3,44.4264,26.1406
2022-04-18 16:00:00,2022-04-18 17:00:00,8.740000000000000000,ug.m-3,44.4264,26.1406
2022-04-18 17:00:00,2022-04-18 18:00:00,9.710000000000000000,ug.m-3,44.4264,26.1406
2022-04-18 18:00:00,2022-04-18 19:00:00,9.910000000000000000,ug.m-3,44.4264,26.1406
2022-04-18 19:00:00,2022-04-18 20:00:00,11.750000000000000000,ug.m-3,44.4264,26.1406
2022-04-18 20:00:00,2022-04-18 21:00:00,16.550000000000000000,ug.m-3,44.4264,26.1406
2022-04-18 21:00:00,2022-04-18 22:00:00,11.890000000000000000,ug.m-3,44.4264,26.1406
2022-04-18 22:00:00,2022-04-18 23:00:00,6.430000000000000000,ug.m-3,44.4264,26.1406
2022-04-18 23:00:00,2022-04-19 00:00:00,3.500000000000000000,ug.m-3,44.4264,26.1406
2022-04-19 00:00:00,2022-04-19 01:00:00,2.900000000000000000,ug.m-3,44.4264,26.1406
2022-04-19 01:00:00,2022-04-19 02:00:00,4.420000000000000000,ug.m-3,44.4264,26.1406
2022-04-19 02:00:00,2022-04-19 03:00:00,0.910000000000000000,ug.m-3,44.4264,26.1406
2022-04-19 04:00:00,2022-04-19 05:00:00,0.250000000000000000,ug.m-3,44.4264,26.1406
2022-04-19 05:00:00,2022-04-19 06:00:00,1.700000000000000000,ug.m-3,44.4264,26.1406
2022-04-19 06:00:00,2022-04-19 07:00:00,1.430000000000000000,ug.m-3,44.4264,26.1406
2022-04-19 07:00:00,2022-04-19 08:00:00,5.300000000000000000,ug.m-3,44.4264,26.1406
2022-04-19 08:00:00,2022-04-19 09:00:00,1.310000000000000000,ug.m-3,44.4264,26.1406
2022-04-19 09:00:00,2022-04-19 10:00:00,1.160000000000000000,ug.m-3,44.4264,26.1406
2022-04-19 14:00:00,2022-04-19 15:00:00,1.370000000000000000,ug.m-3,44.4264,26.1406
2022-04-19 15:00:00,2022-04-19 16:00:00,0.210000000000000000,ug.m-3,44.4264,26.1406
2022-04-19 17:00:00,2022-04-19 18:00:00,0.760000000000000000,ug.m-3,44.4264,26.1406
2022-04-19 18:00:00,2022-04-19 19:00:00,3.750000000000000000,ug.m-3,44.4264,26.1406
2022-04-19 19:00:00,2022-04-19 20:00:00,5.640000000000000000,ug.m-3,44.4264,26.1406
2022-04-19 20:00:00,2022-04-19 21:00:00,1.090000000000000000,ug.m-3,44.4264,26.1406
2022-04-19 21:00:00,2022-04-19 22:00:00,6.880000000000000000,ug.m-3,44.4264,26.1406
2022-04-19 22:00:00,2022-04-19 23:00:00,12.520000000000000000,ug.m-3,44.4264,26.1406
2022-04-19 23:00:00,2022-04-20 00:00:00,9.930000000000000000,ug.m-3,44.4264,26.1406
2022-04-20 00:00:00,2022-04-20 01:00:00,14.370000000000000000,ug.m-3,44.4264,26.1406
2022-04-20 01:00:00,2022-04-20 02:00:00,14.660000000000000000,ug.m-3,44.4264,26.1406
2022-04-20 02:00:00,2022-04-20 03:00:00,15.100000000000000000,ug.m-3,44.4264,26.1406
2022-04-20 03:00:00,2022-04-20 04:00:00,18.380000000000000000,ug.m-3,44.4264,26.1406
2022-04-20 04:00:00,2022-04-20 05:00:00,17.420000000000000000,ug.m-3,44.4264,26.1406
2022-04-20 05:00:00,2022-04-20 06:00:00,21.160000000000000000,ug.m-3,44.4264,26.1406
2022-04-20 06:00:00,2022-04-20 07:00:00,20.090000000000000000,ug.m-3,44.4264,26.1406
2022-04-20 07:00:00,2022-04-20 08:00:00,15.730000000000000000,ug.m-3,44.4264,26.1406
2022-04-20 08:00:00,2022-04-20 09:00:00,14.820000000000000000,ug.m-3,44.4264,26.1406
2022-04-20 09:00:00,2022-04-20 10:00:00,24.970000000000000000,ug.m-3,44.4264,26.1406
2022-04-20 10:00:00,2022-04-20 11:00:00,19.320000000000000000,ug.m-3,44.4264,26.1406
2022-04-20 11:00:00,2022-04-20 12:00:00,11.890000000000000000,ug.m-3,44.4264,26.1406
2022-04-20 12:00:00,2022-04-20 13:00:00,9.250000000000000000,ug.m-3,44.4264,26.1406
2022-04-20 13:00:00,2022-04-20 14:00:00,6.960000000000000000,ug.m-3,44.4264,26.1406
2022-04-20 14:00:00,2022-04-20 15:00:00,9.160000000000000000,ug.m-3,44.4264,26.1406
2022-04-20 15:00:00,2022-04-20 16:00:00,9.660000000000000000,ug.m-3,44.4264,26.1406
2022-04-20 16:00:00,2022-04-20 17:00:00,11.300000000000000000,ug.m-3,44.4264,26.1406
2022-04-20 17:00:00,2022-04-20 18:00:00,12.170000000000000000,ug.m-3,44.4264,26.1406
2022-04-20 18:00:00,2022-04-20 19:00:00,16.140000000000000000,ug.m-3,44.4264,26.1406
2022-04-20 19:00:00,2022-04-20 20:00:00,17.390000000000000000,ug.m-3,44.4264,26.1406
2022-04-20 20:00:00,2022-04-20 21:00:00,13.710000000000000000,ug.m-3,44.4264,26.1406
2022-04-20 21:00:00,2022-04-20 22:00:00,16.470000000000000000,ug.m-3,44.4264,26.1406
2022-04-20 22:00:00,2022-04-20 23:00:00,12.930000000000000000,ug.m-3,44.4264,26.1406
2022-04-20 23:00:00,2022-04-21 00:00:00,14.790000000000000000,ug.m-3,44.4264,26.1406
2022-04-21 00:00:00,2022-04-21 01:00:00,14.340000000000000000,ug.m-3,44.4264,26.1406
2022-04-21 01:00:00,2022-04-21 02:00:00,13.300000000000000000,ug.m-3,44.4264,26.1406
2022-04-21 02:00:00,2022-04-21 03:00:00,13.420000000000000000,ug.m-3,44.4264,26.1406
2022-04-21 03:00:00,2022-04-21 04:00:00,17.340000000000000000,ug.m-3,44.4264,26.1406
2022-04-21 04:00:00,2022-04-21 05:00:00,22.620000000000000000,ug.m-3,44.4264,26.1406
2022-04-21 05:00:00,2022-04-21 06:00:00,15.410000000000000000,ug.m-3,44.4264,26.1406
2022-04-21 06:00:00,2022-04-21 07:00:00,17.050000000000000000,ug.m-3,44.4264,26.1406
2022-04-21 07:00:00,2022-04-21 08:00:00,18.210000000000000000,ug.m-3,44.4264,26.1406
2022-04-21 08:00:00,2022-04-21 09:00:00,22.520000000000000000,ug.m-3,44.4264,26.1406
2022-04-21 09:00:00,2022-04-21 10:00:00,21.920000000000000000,ug.m-3,44.4264,26.1406
2022-04-21 10:00:00,2022-04-21 11:00:00,21.690000000000000000,ug.m-3,44.4264,26.1406
2022-04-21 11:00:00,2022-04-21 12:00:00,17.510000000000000000,ug.m-3,44.4264,26.1406
2022-04-21 12:00:00,2022-04-21 13:00:00,9.880000000000000000,ug.m-3,44.4264,26.1406
2022-04-21 13:00:00,2022-04-21 14:00:00,12.710000000000000000,ug.m-3,44.4264,26.1406
2022-04-21 14:00:00,2022-04-21 15:00:00,11.480000000000000000,ug.m-3,44.4264,26.1406
2022-04-21 15:00:00,2022-04-21 16:00:00,10.500000000000000000,ug.m-3,44.4264,26.1406
2022-04-21 16:00:00,2022-04-21 17:00:00,12.240000000000000000,ug.m-3,44.4264,26.1406
2022-04-21 17:00:00,2022-04-21 18:00:00,11.560000000000000000,ug.m-3,44.4264,26.1406
2022-04-21 18:00:00,2022-04-21 19:00:00,11.370000000000000000,ug.m-3,44.4264,26.1406
2022-04-21 19:00:00,2022-04-21 20:00:00,16.810000000000000000,ug.m-3,44.4264,26.1406
2022-04-21 20:00:00,2022-04-21 21:00:00,25.090000000000000000,ug.m-3,44.4264,26.1406
2022-04-21 21:00:00,2022-04-21 22:00:00,22.020000000000000000,ug.m-3,44.4264,26.1406
2022-04-21 22:00:00,2022-04-21 23:00:00,21.820000000000000000,ug.m-3,44.4264,26.1406
2022-04-21 23:00:00,2022-04-22 00:00:00,32.770000000000000000,ug.m-3,44.4264,26.1406
2022-04-22 00:00:00,2022-04-22 01:00:00,42.550000000000000000,ug.m-3,44.4264,26.1406
2022-04-22 01:00:00,2022-04-22 02:00:00,30.640000000000000000,ug.m-3,44.4264,26.1406
2022-04-22 02:00:00,2022-04-22 03:00:00,20.880000000000000000,ug.m-3,44.4264,26.1406
2022-04-22 03:00:00,2022-04-22 04:00:00,29.830000000000000000,ug.m-3,44.4264,26.1406
2022-04-22 04:00:00,2022-04-22 05:00:00,29.310000000000000000,ug.m-3,44.4264,26.1406
2022-04-22 05:00:00,2022-04-22 06:00:00,29.670000000000000000,ug.m-3,44.4264,26.1406
2022-04-22 06:00:00,2022-04-22 07:00:00,42.740000000000000000,ug.m-3,44.4264,26.1406
2022-04-22 07:00:00,2022-04-22 08:00:00,42.550000000000000000,ug.m-3,44.4264,26.1406
2022-04-22 08:00:00,2022-04-22 09:00:00,37.740000000000000000,ug.m-3,44.4264,26.1406
2022-04-22 09:00:00,2022-04-22 10:00:00,36.540000000000000000,ug.m-3,44.4264,26.1406
2022-04-22 10:00:00,2022-04-22 11:00:00,31.910000000000000000,ug.m-3,44.4264,26.1406
2022-04-22 11:00:00,2022-04-22 12:00:00,24.060000000000000000,ug.m-3,44.4264,26.1406
2022-04-22 12:00:00,2022-04-22 13:00:00,24.870000000000000000,ug.m-3,44.4264,26.1406
2022-04-22 13:00:00,2022-04-22 14:00:00,26.130000000000000000,ug.m-3,44.4264,26.1406
2022-04-22 14:00:00,2022-04-22 15:00:00,17.390000000000000000,ug.m-3,44.4264,26.1406
2022-04-22 15:00:00,2022-04-22 16:00:00,8.490000000000000000,ug.m-3,44.4264,26.1406
2022-04-22 16:00:00,2022-04-22 17:00:00,4.930000000000000000,ug.m-3,44.4264,26.1406
2022-04-22 17:00:00,2022-04-22 18:00:00,4.820000000000000000,ug.m-3,44.4264,26.1406
2022-04-22 18:00:00,2022-04-22 19:00:00,7.510000000000000000,ug.m-3,44.4264,26.1406
2022-04-22 19:00:00,2022-04-22 20:00:00,12.940000000000000000,ug.m-3,44.4264,26.1406
2022-04-22 20:00:00,2022-04-22 21:00:00,23.660000000000000000,ug.m-3,44.4264,26.1406
2022-04-22 21:00:00,2022-04-22 22:00:00,27.530000000000000000,ug.m-3,44.4264,26.1406
2022-04-22 22:00:00,2022-04-22 23:00:00,22.790000000000000000,ug.m-3,44.4264,26.1406
2022-04-22 23:00:00,2022-04-23 00:00:00,26.680000000000000000,ug.m-3,44.4264,26.1406
2022-04-23 00:00:00,2022-04-23 01:00:00,29.740000000000000000,ug.m-3,44.4264,26.1406
2022-04-23 01:00:00,2022-04-23 02:00:00,28.400000000000000000,ug.m-3,44.4264,26.1406
2022-04-23 02:00:00,2022-04-23 03:00:00,30.980000000000000000,ug.m-3,44.4264,26.1406
2022-04-23 03:00:00,2022-04-23 04:00:00,33.990000000000000000,ug.m-3,44.4264,26.1406
2022-04-23 04:00:00,2022-04-23 05:00:00,35.010000000000000000,ug.m-3,44.4264,26.1406
2022-04-23 05:00:00,2022-04-23 06:00:00,30.860000000000000000,ug.m-3,44.4264,26.1406
2022-04-23 06:00:00,2022-04-23 07:00:00,33.840000000000000000,ug.m-3,44.4264,26.1406
2022-04-23 07:00:00,2022-04-23 08:00:00,35.340000000000000000,ug.m-3,44.4264,26.1406
2022-04-23 08:00:00,2022-04-23 09:00:00,32.340000000000000000,ug.m-3,44.4264,26.1406
2022-04-23 09:00:00,2022-04-23 10:00:00,27.680000000000000000,ug.m-3,44.4264,26.1406
2022-04-23 10:00:00,2022-04-23 11:00:00,19.110000000000000000,ug.m-3,44.4264,26.1406
2022-04-23 11:00:00,2022-04-23 12:00:00,9.260000000000000000,ug.m-3,44.4264,26.1406
2022-04-23 12:00:00,2022-04-23 13:00:00,3.560000000000000000,ug.m-3,44.4264,26.1406
2022-04-23 13:00:00,2022-04-23 14:00:00,4.220000000000000000,ug.m-3,44.4264,26.1406
2022-04-23 14:00:00,2022-04-23 15:00:00,0.060000000000000000,ug.m-3,44.4264,26.1406
2022-04-23 15:00:00,2022-04-23 16:00:00,0.590000000000000000,ug.m-3,44.4264,26.1406
2022-04-23 16:00:00,2022-04-23 17:00:00,4.450000000000000000,ug.m-3,44.4264,26.1406
2022-04-23 17:00:00,2022-04-23 18:00:00,3.360000000000000000,ug.m-3,44.4264,26.1406
2022-04-23 18:00:00,2022-04-23 19:00:00,7.310000000000000000,ug.m-3,44.4264,26.1406
2022-04-23 19:00:00,2022-04-23 20:00:00,10.160000000000000000,ug.m-3,44.4264,26.1406
2022-04-23 20:00:00,2022-04-23 21:00:00,13.230000000000000000,ug.m-3,44.4264,26.1406
2022-04-23 21:00:00,2022-04-23 22:00:00,18.170000000000000000,ug.m-3,44.4264,26.1406
2022-04-23 22:00:00,2022-04-23 23:00:00,21.310000000000000000,ug.m-3,44.4264,26.1406
2022-04-23 23:00:00,2022-04-24 00:00:00,24.800000000000000000,ug.m-3,44.4264,26.1406
2022-04-24 00:00:00,2022-04-24 01:00:00,30.300000000000000000,ug.m-3,44.4264,26.1406
2022-04-24 01:00:00,2022-04-24 02:00:00,35.430000000000000000,ug.m-3,44.4264,26.1406
2022-04-24 02:00:00,2022-04-24 03:00:00,36.990000000000000000,ug.m-3,44.4264,26.1406
2022-04-24 03:00:00,2022-04-24 04:00:00,45.510000000000000000,ug.m-3,44.4264,26.1406
2022-04-24 04:00:00,2022-04-24 05:00:00,29.430000000000000000,ug.m-3,44.4264,26.1406
2022-04-24 05:00:00,2022-04-24 06:00:00,36.160000000000000000,ug.m-3,44.4264,26.1406
2022-04-24 06:00:00,2022-04-24 07:00:00,39.360000000000000000,ug.m-3,44.4264,26.1406
2022-04-24 07:00:00,2022-04-24 08:00:00,44.450000000000000000,ug.m-3,44.4264,26.1406
2022-04-24 08:00:00,2022-04-24 09:00:00,45.320000000000000000,ug.m-3,44.4264,26.1406
2022-04-24 09:00:00,2022-04-24 10:00:00,32.420000000000000000,ug.m-3,44.4264,26.1406
2022-04-24 10:00:00,2022-04-24 11:00:00,21.060000000000000000,ug.m-3,44.4264,26.1406
2022-04-24 11:00:00,2022-04-24 12:00:00,14.230000000000000000,ug.m-3,44.4264,26.1406
2022-04-24 12:00:00,2022-04-24 13:00:00,12.940000000000000000,ug.m-3,44.4264,26.1406
2022-04-24 13:00:00,2022-04-24 14:00:00,9.910000000000000000,ug.m-3,44.4264,26.1406
2022-04-24 14:00:00,2022-04-24 15:00:00,5.600000000000000000,ug.m-3,44.4264,26.1406
2022-04-24 15:00:00,2022-04-24 16:00:00,9.200000000000000000,ug.m-3,44.4264,26.1406
2022-04-24 16:00:00,2022-04-24 17:00:00,5.960000000000000000,ug.m-3,44.4264,26.1406
2022-04-24 17:00:00,2022-04-24 18:00:00,8.220000000000000000,ug.m-3,44.4264,26.1406
2022-04-24 18:00:00,2022-04-24 19:00:00,13.300000000000000000,ug.m-3,44.4264,26.1406
2022-04-24 19:00:00,2022-04-24 20:00:00,19.520000000000000000,ug.m-3,44.4264,26.1406
2022-04-24 20:00:00,2022-04-24 21:00:00,26.690000000000000000,ug.m-3,44.4264,26.1406
2022-04-24 21:00:00,2022-04-24 22:00:00,28.710000000000000000,ug.m-3,44.4264,26.1406
2022-04-24 22:00:00,2022-04-24 23:00:00,23.570000000000000000,ug.m-3,44.4264,26.1406
2022-04-24 23:00:00,2022-04-25 00:00:00,21.630000000000000000,ug.m-3,44.4264,26.1406
2022-04-25 00:00:00,2022-04-25 01:00:00,20.990000000000000000,ug.m-3,44.4264,26.1406
2022-04-25 01:00:00,2022-04-25 02:00:00,20.380000000000000000,ug.m-3,44.4264,26.1406
2022-04-25 02:00:00,2022-04-25 03:00:00,26.460000000000000000,ug.m-3,44.4264,26.1406
2022-04-25 07:00:00,2022-04-25 08:00:00,17.240000000000000000,ug.m-3,44.4264,26.1406
2022-04-25 08:00:00,2022-04-25 09:00:00,9.730000000000000000,ug.m-3,44.4264,26.1406
2022-04-25 09:00:00,2022-04-25 10:00:00,14.920000000000000000,ug.m-3,44.4264,26.1406
2022-04-25 10:00:00,2022-04-25 11:00:00,21.900000000000000000,ug.m-3,44.4264,26.1406
2022-04-25 11:00:00,2022-04-25 12:00:00,19.290000000000000000,ug.m-3,44.4264,26.1406
2022-04-25 12:00:00,2022-04-25 13:00:00,21.620000000000000000,ug.m-3,44.4264,26.1406
2022-04-25 13:00:00,2022-04-25 14:00:00,26.420000000000000000,ug.m-3,44.4264,26.1406
2022-04-25 14:00:00,2022-04-25 15:00:00,26.650000000000000000,ug.m-3,44.4264,26.1406
2022-04-25 15:00:00,2022-04-25 16:00:00,28.820000000000000000,ug.m-3,44.4264,26.1406
2022-04-25 16:00:00,2022-04-25 17:00:00,35.780000000000000000,ug.m-3,44.4264,26.1406
2022-04-25 17:00:00,2022-04-25 18:00:00,23.510000000000000000,ug.m-3,44.4264,26.1406
2022-04-25 18:00:00,2022-04-25 19:00:00,21.210000000000000000,ug.m-3,44.4264,26.1406
2022-04-25 19:00:00,2022-04-25 20:00:00,19.690000000000000000,ug.m-3,44.4264,26.1406
2022-04-25 20:00:00,2022-04-25 21:00:00,19.210000000000000000,ug.m-3,44.4264,26.1406
2022-04-25 21:00:00,2022-04-25 22:00:00,22.560000000000000000,ug.m-3,44.4264,26.1406
2022-04-25 22:00:00,2022-04-25 23:00:00,19.260000000000000000,ug.m-3,44.4264,26.1406
2022-04-25 23:00:00,2022-04-26 00:00:00,17.030000000000000000,ug.m-3,44.4264,26.1406
2022-04-26 00:00:00,2022-04-26 01:00:00,14.310000000000000000,ug.m-3,44.4264,26.1406
2022-04-26 01:00:00,2022-04-26 02:00:00,20.860000000000000000,ug.m-3,44.4264,26.1406
2022-04-26 02:00:00,2022-04-26 03:00:00,21.560000000000000000,ug.m-3,44.4264,26.1406
2022-04-26 03:00:00,2022-04-26 04:00:00,10.170000000000000000,ug.m-3,44.4264,26.1406
2022-04-26 04:00:00,2022-04-26 05:00:00,29.220000000000000000,ug.m-3,44.4264,26.1406
2022-04-26 05:00:00,2022-04-26 06:00:00,37.620000000000000000,ug.m-3,44.4264,26.1406
2022-04-26 06:00:00,2022-04-26 07:00:00,51.160000000000000000,ug.m-3,44.4264,26.1406
2022-04-26 07:00:00,2022-04-26 08:00:00,48.570000000000000000,ug.m-3,44.4264,26.1406
2022-04-26 08:00:00,2022-04-26 09:00:00,43.720000000000000000,ug.m-3,44.4264,26.1406
2022-04-26 09:00:00,2022-04-26 10:00:00,26.230000000000000000,ug.m-3,44.4264,26.1406
2022-04-26 10:00:00,2022-04-26 11:00:00,29.980000000000000000,ug.m-3,44.4264,26.1406
2022-04-26 11:00:00,2022-04-26 12:00:00,21.790000000000000000,ug.m-3,44.4264,26.1406
2022-04-26 12:00:00,2022-04-26 13:00:00,2.740000000000000000,ug.m-3,44.4264,26.1406
2022-04-26 18:00:00,2022-04-26 19:00:00,0.860000000000000000,ug.m-3,44.4264,26.1406
2022-04-26 19:00:00,2022-04-26 20:00:00,4.410000000000000000,ug.m-3,44.4264,26.1406
2022-04-26 20:00:00,2022-04-26 21:00:00,11.220000000000000000,ug.m-3,44.4264,26.1406
2022-04-26 21:00:00,2022-04-26 22:00:00,19.310000000000000000,ug.m-3,44.4264,26.1406
2022-04-26 22:00:00,2022-04-26 23:00:00,20.750000000000000000,ug.m-3,44.4264,26.1406
2022-04-26 23:00:00,2022-04-27 00:00:00,22.940000000000000000,ug.m-3,44.4264,26.1406
2022-04-27 00:00:00,2022-04-27 01:00:00,32.420000000000000000,ug.m-3,44.4264,26.1406
2022-04-27 01:00:00,2022-04-27 02:00:00,24.320000000000000000,ug.m-3,44.4264,26.1406
2022-04-27 02:00:00,2022-04-27 03:00:00,14.620000000000000000,ug.m-3,44.4264,26.1406
2022-04-27 03:00:00,2022-04-27 04:00:00,34.090000000000000000,ug.m-3,44.4264,26.1406
2022-04-27 04:00:00,2022-04-27 05:00:00,23.920000000000000000,ug.m-3,44.4264,26.1406
2022-04-27 05:00:00,2022-04-27 06:00:00,15.190000000000000000,ug.m-3,44.4264,26.1406
2022-04-27 06:00:00,2022-04-27 07:00:00,22.310000000000000000,ug.m-3,44.4264,26.1406
2022-04-27 07:00:00,2022-04-27 08:00:00,28.510000000000000000,ug.m-3,44.4264,26.1406
2022-04-27 08:00:00,2022-04-27 09:00:00,26.210000000000000000,ug.m-3,44.4264,26.1406
2022-04-27 09:00:00,2022-04-27 10:00:00,24.890000000000000000,ug.m-3,44.4264,26.1406
2022-04-27 10:00:00,2022-04-27 11:00:00,22.900000000000000000,ug.m-3,44.4264,26.1406
2022-04-27 11:00:00,2022-04-27 12:00:00,25.760000000000000000,ug.m-3,44.4264,26.1406
2022-04-27 12:00:00,2022-04-27 13:00:00,17.350000000000000000,ug.m-3,44.4264,26.1406
2022-04-27 13:00:00,2022-04-27 14:00:00,14.720000000000000000,ug.m-3,44.4264,26.1406
2022-04-27 14:00:00,2022-04-27 15:00:00,20.120000000000000000,ug.m-3,44.4264,26.1406
2022-04-27 15:00:00,2022-04-27 16:00:00,22.980000000000000000,ug.m-3,44.4264,26.1406
2022-04-27 16:00:00,2022-04-27 17:00:00,9.560000000000000000,ug.m-3,44.4264,26.1406
2022-04-27 17:00:00,2022-04-27 18:00:00,4.230000000000000000,ug.m-3,44.4264,26.1406
2022-04-27 18:00:00,2022-04-27 19:00:00,4.250000000000000000,ug.m-3,44.4264,26.1406
2022-04-27 19:00:00,2022-04-27 20:00:00,13.710000000000000000,ug.m-3,44.4264,26.1406
2022-04-27 20:00:00,2022-04-27 21:00:00,10.930000000000000000,ug.m-3,44.4264,26.1406
2022-04-27 21:00:00,2022-04-27 22:00:00,25.340000000000000000,ug.m-3,44.4264,26.1406
2022-04-27 22:00:00,2022-04-27 23:00:00,17.810000000000000000,ug.m-3,44.4264,26.1406
2022-04-27 23:00:00,2022-04-28 00:00:00,4.260000000000000000,ug.m-3,44.4264,26.1406
2022-04-28 02:00:00,2022-04-28 03:00:00,5.830000000000000000,ug.m-3,44.4264,26.1406
2022-04-28 03:00:00,2022-04-28 04:00:00,9.030000000000000000,ug.m-3,44.4264,26.1406
2022-04-28 04:00:00,2022-04-28 05:00:00,7.440000000000000000,ug.m-3,44.4264,26.1406
2022-04-28 06:00:00,2022-04-28 07:00:00,19.160000000000000000,ug.m-3,44.4264,26.1406
2022-04-28 07:00:00,2022-04-28 08:00:00,14.740000000000000000,ug.m-3,44.4264,26.1406
2022-04-28 09:00:00,2022-04-28 10:00:00,24.140000000000000000,ug.m-3,44.4264,26.1406
2022-04-28 10:00:00,2022-04-28 11:00:00,15.140000000000000000,ug.m-3,44.4264,26.1406
2022-04-28 11:00:00,2022-04-28 12:00:00,16.260000000000000000,ug.m-3,44.4264,26.1406
2022-05-03 23:00:00,2022-05-04 00:00:00,9.480000000000000000,ug.m-3,44.4264,26.1406
2022-05-04 00:00:00,2022-05-04 01:00:00,3.200000000000000000,ug.m-3,44.4264,26.1406
2022-05-04 01:00:00,2022-05-04 02:00:00,4.620000000000000000,ug.m-3,44.4264,26.1406
2022-05-04 02:00:00,2022-05-04 03:00:00,7.350000000000000000,ug.m-3,44.4264,26.1406
2022-05-04 03:00:00,2022-05-04 04:00:00,13.260000000000000000,ug.m-3,44.4264,26.1406
2022-05-04 04:00:00,2022-05-04 05:00:00,14.130000000000000000,ug.m-3,44.4264,26.1406
2022-05-04 05:00:00,2022-05-04 06:00:00,8.780000000000000000,ug.m-3,44.4264,26.1406
2022-05-04 06:00:00,2022-05-04 07:00:00,13.200000000000000000,ug.m-3,44.4264,26.1406
2022-05-04 07:00:00,2022-05-04 08:00:00,17.380000000000000000,ug.m-3,44.4264,26.1406
2022-05-04 08:00:00,2022-05-04 09:00:00,21.540000000000000000,ug.m-3,44.4264,26.1406
2022-05-04 09:00:00,2022-05-04 10:00:00,21.150000000000000000,ug.m-3,44.4264,26.1406
2022-05-04 10:00:00,2022-05-04 11:00:00,22.670000000000000000,ug.m-3,44.4264,26.1406
2022-05-04 11:00:00,2022-05-04 12:00:00,27.470000000000000000,ug.m-3,44.4264,26.1406
2022-05-04 12:00:00,2022-05-04 13:00:00,25.650000000000000000,ug.m-3,44.4264,26.1406
2022-05-04 13:00:00,2022-05-04 14:00:00,22.330000000000000000,ug.m-3,44.4264,26.1406
2022-05-04 14:00:00,2022-05-04 15:00:00,22.790000000000000000,ug.m-3,44.4264,26.1406
2022-05-04 15:00:00,2022-05-04 16:00:00,26.300000000000000000,ug.m-3,44.4264,26.1406
2022-05-04 16:00:00,2022-05-04 17:00:00,23.350000000000000000,ug.m-3,44.4264,26.1406
2022-05-04 17:00:00,2022-05-04 18:00:00,19.340000000000000000,ug.m-3,44.4264,26.1406
2022-05-04 18:00:00,2022-05-04 19:00:00,14.540000000000000000,ug.m-3,44.4264,26.1406
2022-05-04 19:00:00,2022-05-04 20:00:00,16.380000000000000000,ug.m-3,44.4264,26.1406
2022-05-04 20:00:00,2022-05-04 21:00:00,22.260000000000000000,ug.m-3,44.4264,26.1406
2022-05-04 21:00:00,2022-05-04 22:00:00,24.120000000000000000,ug.m-3,44.4264,26.1406
2022-05-04 22:00:00,2022-05-04 23:00:00,26.320000000000000000,ug.m-3,44.4264,26.1406
2022-05-04 23:00:00,2022-05-05 00:00:00,25.490000000000000000,ug.m-3,44.4264,26.1406
2022-05-05 00:00:00,2022-05-05 01:00:00,25.400000000000000000,ug.m-3,44.4264,26.1406
2022-05-05 01:00:00,2022-05-05 02:00:00,21.520000000000000000,ug.m-3,44.4264,26.1406
2022-05-05 02:00:00,2022-05-05 03:00:00,22.600000000000000000,ug.m-3,44.4264,26.1406
2022-05-05 03:00:00,2022-05-05 04:00:00,19.760000000000000000,ug.m-3,44.4264,26.1406
2022-05-05 04:00:00,2022-05-05 05:00:00,19.730000000000000000,ug.m-3,44.4264,26.1406
2022-05-05 05:00:00,2022-05-05 06:00:00,23.220000000000000000,ug.m-3,44.4264,26.1406
2022-05-05 06:00:00,2022-05-05 07:00:00,29.850000000000000000,ug.m-3,44.4264,26.1406
2022-05-05 07:00:00,2022-05-05 08:00:00,29.620000000000000000,ug.m-3,44.4264,26.1406
2022-05-05 08:00:00,2022-05-05 09:00:00,18.600000000000000000,ug.m-3,44.4264,26.1406
2022-05-05 09:00:00,2022-05-05 10:00:00,16.160000000000000000,ug.m-3,44.4264,26.1406
2022-05-05 10:00:00,2022-05-05 11:00:00,13.890000000000000000,ug.m-3,44.4264,26.1406
2022-05-05 11:00:00,2022-05-05 12:00:00,8.030000000000000000,ug.m-3,44.4264,26.1406
2022-05-05 12:00:00,2022-05-05 13:00:00,11.490000000000000000,ug.m-3,44.4264,26.1406
2022-05-05 13:00:00,2022-05-05 14:00:00,13.300000000000000000,ug.m-3,44.4264,26.1406
2022-05-05 14:00:00,2022-05-05 15:00:00,4.290000000000000000,ug.m-3,44.4264,26.1406
2022-05-05 17:00:00,2022-05-05 18:00:00,9.800000000000000000,ug.m-3,44.4264,26.1406
2022-05-05 18:00:00,2022-05-05 19:00:00,16.320000000000000000,ug.m-3,44.4264,26.1406
2022-05-05 19:00:00,2022-05-05 20:00:00,19.920000000000000000,ug.m-3,44.4264,26.1406
2022-05-05 20:00:00,2022-05-05 21:00:00,24.650000000000000000,ug.m-3,44.4264,26.1406
2022-05-05 21:00:00,2022-05-05 22:00:00,42.280000000000000000,ug.m-3,44.4264,26.1406
2022-05-05 22:00:00,2022-05-05 23:00:00,57.320000000000000000,ug.m-3,44.4264,26.1406
2022-05-05 23:00:00,2022-05-06 00:00:00,43.970000000000000000,ug.m-3,44.4264,26.1406
2022-05-06 00:00:00,2022-05-06 01:00:00,38.240000000000000000,ug.m-3,44.4264,26.1406
2022-05-06 01:00:00,2022-05-06 02:00:00,37.160000000000000000,ug.m-3,44.4264,26.1406
2022-05-06 02:00:00,2022-05-06 03:00:00,20.140000000000000000,ug.m-3,44.4264,26.1406
2022-05-06 03:00:00,2022-05-06 04:00:00,16.080000000000000000,ug.m-3,44.4264,26.1406
2022-05-06 04:00:00,2022-05-06 05:00:00,12.930000000000000000,ug.m-3,44.4264,26.1406
2022-05-06 05:00:00,2022-05-06 06:00:00,12.900000000000000000,ug.m-3,44.4264,26.1406
2022-05-06 06:00:00,2022-05-06 07:00:00,16.770000000000000000,ug.m-3,44.4264,26.1406
2022-05-06 07:00:00,2022-05-06 08:00:00,21.160000000000000000,ug.m-3,44.4264,26.1406
2022-05-06 08:00:00,2022-05-06 09:00:00,22.100000000000000000,ug.m-3,44.4264,26.1406
2022-05-06 09:00:00,2022-05-06 10:00:00,21.950000000000000000,ug.m-3,44.4264,26.1406
2022-05-06 10:00:00,2022-05-06 11:00:00,21.740000000000000000,ug.m-3,44.4264,26.1406
2022-05-06 11:00:00,2022-05-06 12:00:00,19.730000000000000000,ug.m-3,44.4264,26.1406
2022-05-06 12:00:00,2022-05-06 13:00:00,16.540000000000000000,ug.m-3,44.4264,26.1406
2022-05-06 13:00:00,2022-05-06 14:00:00,13.650000000000000000,ug.m-3,44.4264,26.1406
2022-05-06 14:00:00,2022-05-06 15:00:00,12.420000000000000000,ug.m-3,44.4264,26.1406
2022-05-06 15:00:00,2022-05-06 16:00:00,14.340000000000000000,ug.m-3,44.4264,26.1406
2022-05-06 16:00:00,2022-05-06 17:00:00,13.410000000000000000,ug.m-3,44.4264,26.1406
2022-05-06 17:00:00,2022-05-06 18:00:00,13.000000000000000000,ug.m-3,44.4264,26.1406
2022-05-06 18:00:00,2022-05-06 19:00:00,13.940000000000000000,ug.m-3,44.4264,26.1406
2022-05-06 19:00:00,2022-05-06 20:00:00,20.900000000000000000,ug.m-3,44.4264,26.1406
2022-05-06 20:00:00,2022-05-06 21:00:00,26.950000000000000000,ug.m-3,44.4264,26.1406
2022-05-06 21:00:00,2022-05-06 22:00:00,33.700000000000000000,ug.m-3,44.4264,26.1406
2022-05-06 22:00:00,2022-05-06 23:00:00,23.750000000000000000,ug.m-3,44.4264,26.1406
2022-05-06 23:00:00,2022-05-07 00:00:00,24.440000000000000000,ug.m-3,44.4264,26.1406
2022-05-07 00:00:00,2022-05-07 01:00:00,21.790000000000000000,ug.m-3,44.4264,26.1406
2022-05-07 01:00:00,2022-05-07 02:00:00,24.230000000000000000,ug.m-3,44.4264,26.1406
2022-05-07 02:00:00,2022-05-07 03:00:00,22.270000000000000000,ug.m-3,44.4264,26.1406
2022-05-07 03:00:00,2022-05-07 04:00:00,20.560000000000000000,ug.m-3,44.4264,26.1406
2022-05-07 04:00:00,2022-05-07 05:00:00,18.730000000000000000,ug.m-3,44.4264,26.1406
2022-05-07 05:00:00,2022-05-07 06:00:00,20.990000000000000000,ug.m-3,44.4264,26.1406
2022-05-07 06:00:00,2022-05-07 07:00:00,23.570000000000000000,ug.m-3,44.4264,26.1406
2022-05-07 07:00:00,2022-05-07 08:00:00,22.630000000000000000,ug.m-3,44.4264,26.1406
2022-05-07 08:00:00,2022-05-07 09:00:00,23.280000000000000000,ug.m-3,44.4264,26.1406
2022-05-07 09:00:00,2022-05-07 10:00:00,20.880000000000000000,ug.m-3,44.4264,26.1406
2022-05-07 10:00:00,2022-05-07 11:00:00,17.260000000000000000,ug.m-3,44.4264,26.1406
2022-05-07 11:00:00,2022-05-07 12:00:00,18.190000000000000000,ug.m-3,44.4264,26.1406
2022-05-07 12:00:00,2022-05-07 13:00:00,19.300000000000000000,ug.m-3,44.4264,26.1406
2022-05-07 13:00:00,2022-05-07 14:00:00,18.540000000000000000,ug.m-3,44.4264,26.1406
2022-05-07 14:00:00,2022-05-07 15:00:00,20.160000000000000000,ug.m-3,44.4264,26.1406
2022-05-07 15:00:00,2022-05-07 16:00:00,17.450000000000000000,ug.m-3,44.4264,26.1406
2022-05-07 16:00:00,2022-05-07 17:00:00,16.150000000000000000,ug.m-3,44.4264,26.1406
2022-05-07 17:00:00,2022-05-07 18:00:00,15.060000000000000000,ug.m-3,44.4264,26.1406
2022-05-07 18:00:00,2022-05-07 19:00:00,16.720000000000000000,ug.m-3,44.4264,26.1406
2022-05-07 19:00:00,2022-05-07 20:00:00,14.920000000000000000,ug.m-3,44.4264,26.1406
2022-05-07 20:00:00,2022-05-07 21:00:00,15.990000000000000000,ug.m-3,44.4264,26.1406
2022-05-07 21:00:00,2022-05-07 22:00:00,17.520000000000000000,ug.m-3,44.4264,26.1406
2022-05-07 22:00:00,2022-05-07 23:00:00,18.380000000000000000,ug.m-3,44.4264,26.1406
2022-05-07 23:00:00,2022-05-08 00:00:00,19.610000000000000000,ug.m-3,44.4264,26.1406
2022-05-08 00:00:00,2022-05-08 01:00:00,15.110000000000000000,ug.m-3,44.4264,26.1406
2022-05-08 01:00:00,2022-05-08 02:00:00,11.150000000000000000,ug.m-3,44.4264,26.1406
2022-05-08 02:00:00,2022-05-08 03:00:00,11.870000000000000000,ug.m-3,44.4264,26.1406
2022-05-08 03:00:00,2022-05-08 04:00:00,14.900000000000000000,ug.m-3,44.4264,26.1406
2022-05-08 04:00:00,2022-05-08 05:00:00,12.580000000000000000,ug.m-3,44.4264,26.1406
2022-05-08 05:00:00,2022-05-08 06:00:00,11.860000000000000000,ug.m-3,44.4264,26.1406
2022-05-08 06:00:00,2022-05-08 07:00:00,13.970000000000000000,ug.m-3,44.4264,26.1406
2022-05-08 07:00:00,2022-05-08 08:00:00,15.990000000000000000,ug.m-3,44.4264,26.1406
2022-05-08 08:00:00,2022-05-08 09:00:00,17.070000000000000000,ug.m-3,44.4264,26.1406
2022-05-08 09:00:00,2022-05-08 10:00:00,13.370000000000000000,ug.m-3,44.4264,26.1406
2022-05-08 10:00:00,2022-05-08 11:00:00,8.050000000000000000,ug.m-3,44.4264,26.1406
2022-05-08 11:00:00,2022-05-08 12:00:00,6.550000000000000000,ug.m-3,44.4264,26.1406
2022-05-08 12:00:00,2022-05-08 13:00:00,8.140000000000000000,ug.m-3,44.4264,26.1406
2022-05-08 13:00:00,2022-05-08 14:00:00,12.620000000000000000,ug.m-3,44.4264,26.1406
2022-05-08 14:00:00,2022-05-08 15:00:00,17.300000000000000000,ug.m-3,44.4264,26.1406
2022-05-08 15:00:00,2022-05-08 16:00:00,12.340000000000000000,ug.m-3,44.4264,26.1406
2022-05-08 16:00:00,2022-05-08 17:00:00,18.820000000000000000,ug.m-3,44.4264,26.1406
2022-05-08 17:00:00,2022-05-08 18:00:00,11.460000000000000000,ug.m-3,44.4264,26.1406
2022-05-08 18:00:00,2022-05-08 19:00:00,9.260000000000000000,ug.m-3,44.4264,26.1406
2022-05-08 19:00:00,2022-05-08 20:00:00,14.620000000000000000,ug.m-3,44.4264,26.1406
2022-05-08 20:00:00,2022-05-08 21:00:00,16.970000000000000000,ug.m-3,44.4264,26.1406
2022-05-08 21:00:00,2022-05-08 22:00:00,21.860000000000000000,ug.m-3,44.4264,26.1406
2022-05-08 22:00:00,2022-05-08 23:00:00,20.580000000000000000,ug.m-3,44.4264,26.1406
2022-05-08 23:00:00,2022-05-09 00:00:00,20.400000000000000000,ug.m-3,44.4264,26.1406
2022-05-09 00:00:00,2022-05-09 01:00:00,12.020000000000000000,ug.m-3,44.4264,26.1406
2022-05-09 01:00:00,2022-05-09 02:00:00,11.050000000000000000,ug.m-3,44.4264,26.1406
2022-05-09 02:00:00,2022-05-09 03:00:00,12.400000000000000000,ug.m-3,44.4264,26.1406
2022-05-09 03:00:00,2022-05-09 04:00:00,12.530000000000000000,ug.m-3,44.4264,26.1406
2022-05-09 04:00:00,2022-05-09 05:00:00,10.550000000000000000,ug.m-3,44.4264,26.1406
2022-05-09 05:00:00,2022-05-09 06:00:00,12.560000000000000000,ug.m-3,44.4264,26.1406
2022-05-09 06:00:00,2022-05-09 07:00:00,17.730000000000000000,ug.m-3,44.4264,26.1406
2022-05-09 07:00:00,2022-05-09 08:00:00,20.760000000000000000,ug.m-3,44.4264,26.1406
2022-05-09 08:00:00,2022-05-09 09:00:00,24.420000000000000000,ug.m-3,44.4264,26.1406
2022-05-09 09:00:00,2022-05-09 10:00:00,22.760000000000000000,ug.m-3,44.4264,26.1406
2022-05-09 10:00:00,2022-05-09 11:00:00,17.530000000000000000,ug.m-3,44.4264,26.1406
2022-05-09 11:00:00,2022-05-09 12:00:00,15.180000000000000000,ug.m-3,44.4264,26.1406
2022-05-09 12:00:00,2022-05-09 13:00:00,10.760000000000000000,ug.m-3,44.4264,26.1406
2022-05-09 13:00:00,2022-05-09 14:00:00,9.780000000000000000,ug.m-3,44.4264,26.1406
2022-05-09 14:00:00,2022-05-09 15:00:00,5.580000000000000000,ug.m-3,44.4264,26.1406
2022-05-09 15:00:00,2022-05-09 16:00:00,4.830000000000000000,ug.m-3,44.4264,26.1406
2022-05-09 16:00:00,2022-05-09 17:00:00,4.670000000000000000,ug.m-3,44.4264,26.1406
2022-05-09 17:00:00,2022-05-09 18:00:00,10.680000000000000000,ug.m-3,44.4264,26.1406
2022-05-09 18:00:00,2022-05-09 19:00:00,10.180000000000000000,ug.m-3,44.4264,26.1406
2022-05-09 19:00:00,2022-05-09 20:00:00,21.330000000000000000,ug.m-3,44.4264,26.1406
2022-05-09 20:00:00,2022-05-09 21:00:00,33.040000000000000000,ug.m-3,44.4264,26.1406
2022-05-09 21:00:00,2022-05-09 22:00:00,41.660000000000000000,ug.m-3,44.4264,26.1406
2022-05-09 22:00:00,2022-05-09 23:00:00,33.740000000000000000,ug.m-3,44.4264,26.1406
2022-05-09 23:00:00,2022-05-10 00:00:00,15.570000000000000000,ug.m-3,44.4264,26.1406
2022-05-10 00:00:00,2022-05-10 01:00:00,14.510000000000000000,ug.m-3,44.4264,26.1406
2022-05-10 01:00:00,2022-05-10 02:00:00,18.070000000000000000,ug.m-3,44.4264,26.1406
2022-05-10 02:00:00,2022-05-10 03:00:00,15.410000000000000000,ug.m-3,44.4264,26.1406
2022-05-10 03:00:00,2022-05-10 04:00:00,12.330000000000000000,ug.m-3,44.4264,26.1406
2022-05-10 04:00:00,2022-05-10 05:00:00,9.260000000000000000,ug.m-3,44.4264,26.1406
2022-05-10 05:00:00,2022-05-10 06:00:00,15.310000000000000000,ug.m-3,44.4264,26.1406
2022-05-10 06:00:00,2022-05-10 07:00:00,18.370000000000000000,ug.m-3,44.4264,26.1406
2022-05-10 07:00:00,2022-05-10 08:00:00,20.650000000000000000,ug.m-3,44.4264,26.1406
2022-05-10 08:00:00,2022-05-10 09:00:00,21.320000000000000000,ug.m-3,44.4264,26.1406
2022-05-10 09:00:00,2022-05-10 10:00:00,16.880000000000000000,ug.m-3,44.4264,26.1406
2022-05-10 10:00:00,2022-05-10 11:00:00,6.960000000000000000,ug.m-3,44.4264,26.1406
2022-05-10 11:00:00,2022-05-10 12:00:00,15.700000000000000000,ug.m-3,44.4264,26.1406
2022-05-10 12:00:00,2022-05-10 13:00:00,16.320000000000000000,ug.m-3,44.4264,26.1406
2022-05-10 13:00:00,2022-05-10 14:00:00,16.520000000000000000,ug.m-3,44.4264,26.1406
2022-05-10 14:00:00,2022-05-10 15:00:00,14.420000000000000000,ug.m-3,44.4264,26.1406
2022-05-10 15:00:00,2022-05-10 16:00:00,11.720000000000000000,ug.m-3,44.4264,26.1406
2022-05-10 16:00:00,2022-05-10 17:00:00,9.970000000000000000,ug.m-3,44.4264,26.1406
2022-05-10 17:00:00,2022-05-10 18:00:00,11.040000000000000000,ug.m-3,44.4264,26.1406
2022-05-10 18:00:00,2022-05-10 19:00:00,14.410000000000000000,ug.m-3,44.4264,26.1406
2022-05-10 19:00:00,2022-05-10 20:00:00,16.690000000000000000,ug.m-3,44.4264,26.1406
2022-05-10 20:00:00,2022-05-10 21:00:00,16.310000000000000000,ug.m-3,44.4264,26.1406
2022-05-10 21:00:00,2022-05-10 22:00:00,18.850000000000000000,ug.m-3,44.4264,26.1406
2022-05-10 22:00:00,2022-05-10 23:00:00,22.900000000000000000,ug.m-3,44.4264,26.1406
2022-05-10 23:00:00,2022-05-11 00:00:00,15.950000000000000000,ug.m-3,44.4264,26.1406
2022-05-11 00:00:00,2022-05-11 01:00:00,14.460000000000000000,ug.m-3,44.4264,26.1406
2022-05-11 01:00:00,2022-05-11 02:00:00,12.140000000000000000,ug.m-3,44.4264,26.1406
2022-05-11 02:00:00,2022-05-11 03:00:00,15.270000000000000000,ug.m-3,44.4264,26.1406
2022-05-11 03:00:00,2022-05-11 04:00:00,17.080000000000000000,ug.m-3,44.4264,26.1406
2022-05-11 04:00:00,2022-05-11 05:00:00,15.490000000000000000,ug.m-3,44.4264,26.1406
2022-05-11 05:00:00,2022-05-11 06:00:00,13.890000000000000000,ug.m-3,44.4264,26.1406
2022-05-11 06:00:00,2022-05-11 07:00:00,20.700000000000000000,ug.m-3,44.4264,26.1406
2022-05-11 07:00:00,2022-05-11 08:00:00,24.410000000000000000,ug.m-3,44.4264,26.1406
2022-05-11 08:00:00,2022-05-11 09:00:00,28.550000000000000000,ug.m-3,44.4264,26.1406
2022-05-11 09:00:00,2022-05-11 10:00:00,26.220000000000000000,ug.m-3,44.4264,26.1406
2022-05-11 10:00:00,2022-05-11 11:00:00,15.890000000000000000,ug.m-3,44.4264,26.1406
2022-05-11 11:00:00,2022-05-11 12:00:00,14.380000000000000000,ug.m-3,44.4264,26.1406
2022-05-11 12:00:00,2022-05-11 13:00:00,12.720000000000000000,ug.m-3,44.4264,26.1406
2022-05-11 13:00:00,2022-05-11 14:00:00,10.000000000000000000,ug.m-3,44.4264,26.1406
2022-05-11 14:00:00,2022-05-11 15:00:00,11.920000000000000000,ug.m-3,44.4264,26.1406
2022-05-11 15:00:00,2022-05-11 16:00:00,11.390000000000000000,ug.m-3,44.4264,26.1406
2022-05-11 16:00:00,2022-05-11 17:00:00,9.410000000000000000,ug.m-3,44.4264,26.1406
2022-05-11 17:00:00,2022-05-11 18:00:00,8.350000000000000000,ug.m-3,44.4264,26.1406
2022-05-11 18:00:00,2022-05-11 19:00:00,8.050000000000000000,ug.m-3,44.4264,26.1406
2022-05-11 19:00:00,2022-05-11 20:00:00,12.890000000000000000,ug.m-3,44.4264,26.1406
2022-05-11 20:00:00,2022-05-11 21:00:00,15.970000000000000000,ug.m-3,44.4264,26.1406
2022-05-11 21:00:00,2022-05-11 22:00:00,17.470000000000000000,ug.m-3,44.4264,26.1406
2022-05-11 22:00:00,2022-05-11 23:00:00,19.340000000000000000,ug.m-3,44.4264,26.1406
2022-05-11 23:00:00,2022-05-12 00:00:00,18.810000000000000000,ug.m-3,44.4264,26.1406
2022-05-12 00:00:00,2022-05-12 01:00:00,26.600000000000000000,ug.m-3,44.4264,26.1406
2022-05-12 01:00:00,2022-05-12 02:00:00,22.900000000000000000,ug.m-3,44.4264,26.1406
2022-05-12 02:00:00,2022-05-12 03:00:00,27.290000000000000000,ug.m-3,44.4264,26.1406
2022-05-12 03:00:00,2022-05-12 04:00:00,22.760000000000000000,ug.m-3,44.4264,26.1406
2022-05-12 04:00:00,2022-05-12 05:00:00,16.150000000000000000,ug.m-3,44.4264,26.1406
2022-05-12 05:00:00,2022-05-12 06:00:00,18.880000000000000000,ug.m-3,44.4264,26.1406
2022-05-12 06:00:00,2022-05-12 07:00:00,25.790000000000000000,ug.m-3,44.4264,26.1406
2022-05-12 07:00:00,2022-05-12 08:00:00,40.120000000000000000,ug.m-3,44.4264,26.1406
2022-05-12 08:00:00,2022-05-12 09:00:00,44.430000000000000000,ug.m-3,44.4264,26.1406
2022-05-12 09:00:00,2022-05-12 10:00:00,49.640000000000000000,ug.m-3,44.4264,26.1406
2022-05-12 10:00:00,2022-05-12 11:00:00,21.710000000000000000,ug.m-3,44.4264,26.1406
2022-05-12 11:00:00,2022-05-12 12:00:00,16.380000000000000000,ug.m-3,44.4264,26.1406
2022-05-12 12:00:00,2022-05-12 13:00:00,13.750000000000000000,ug.m-3,44.4264,26.1406
2022-05-12 13:00:00,2022-05-12 14:00:00,13.480000000000000000,ug.m-3,44.4264,26.1406
2022-05-12 14:00:00,2022-05-12 15:00:00,13.610000000000000000,ug.m-3,44.4264,26.1406
2022-05-12 15:00:00,2022-05-12 16:00:00,15.640000000000000000,ug.m-3,44.4264,26.1406
2022-05-12 16:00:00,2022-05-12 17:00:00,14.360000000000000000,ug.m-3,44.4264,26.1406
2022-05-12 17:00:00,2022-05-12 18:00:00,10.920000000000000000,ug.m-3,44.4264,26.1406
2022-05-12 18:00:00,2022-05-12 19:00:00,10.130000000000000000,ug.m-3,44.4264,26.1406
2022-05-12 19:00:00,2022-05-12 20:00:00,15.220000000000000000,ug.m-3,44.4264,26.1406
2022-05-12 20:00:00,2022-05-12 21:00:00,17.650000000000000000,ug.m-3,44.4264,26.1406
2022-05-12 21:00:00,2022-05-12 22:00:00,18.810000000000000000,ug.m-3,44.4264,26.1406
2022-05-12 22:00:00,2022-05-12 23:00:00,7.780000000000000000,ug.m-3,44.4264,26.1406
2022-05-12 23:00:00,2022-05-13 00:00:00,15.660000000000000000,ug.m-3,44.4264,26.1406
2022-05-13 00:00:00,2022-05-13 01:00:00,17.830000000000000000,ug.m-3,44.4264,26.1406
2022-05-13 01:00:00,2022-05-13 02:00:00,18.740000000000000000,ug.m-3,44.4264,26.1406
2022-05-13 02:00:00,2022-05-13 03:00:00,28.620000000000000000,ug.m-3,44.4264,26.1406
2022-05-13 03:00:00,2022-05-13 04:00:00,19.520000000000000000,ug.m-3,44.4264,26.1406
2022-05-13 04:00:00,2022-05-13 05:00:00,16.640000000000000000,ug.m-3,44.4264,26.1406
2022-05-13 05:00:00,2022-05-13 06:00:00,25.920000000000000000,ug.m-3,44.4264,26.1406
2022-05-13 06:00:00,2022-05-13 07:00:00,27.440000000000000000,ug.m-3,44.4264,26.1406
2022-05-13 07:00:00,2022-05-13 08:00:00,40.190000000000000000,ug.m-3,44.4264,26.1406
2022-05-13 08:00:00,2022-05-13 09:00:00,60.830000000000000000,ug.m-3,44.4264,26.1406
2022-05-13 09:00:00,2022-05-13 10:00:00,62.430000000000000000,ug.m-3,44.4264,26.1406
2022-05-13 10:00:00,2022-05-13 11:00:00,40.890000000000000000,ug.m-3,44.4264,26.1406
2022-05-13 11:00:00,2022-05-13 12:00:00,35.570000000000000000,ug.m-3,44.4264,26.1406
2022-05-13 12:00:00,2022-05-13 13:00:00,24.140000000000000000,ug.m-3,44.4264,26.1406
2022-05-13 13:00:00,2022-05-13 14:00:00,19.080000000000000000,ug.m-3,44.4264,26.1406
2022-05-13 14:00:00,2022-05-13 15:00:00,17.910000000000000000,ug.m-3,44.4264,26.1406
2022-05-13 15:00:00,2022-05-13 16:00:00,18.560000000000000000,ug.m-3,44.4264,26.1406
2022-05-13 16:00:00,2022-05-13 17:00:00,17.200000000000000000,ug.m-3,44.4264,26.1406
2022-05-13 17:00:00,2022-05-13 18:00:00,16.280000000000000000,ug.m-3,44.4264,26.1406
2022-05-13 18:00:00,2022-05-13 19:00:00,17.580000000000000000,ug.m-3,44.4264,26.1406
2022-05-13 19:00:00,2022-05-13 20:00:00,22.420000000000000000,ug.m-3,44.4264,26.1406
2022-05-13 20:00:00,2022-05-13 21:00:00,23.410000000000000000,ug.m-3,44.4264,26.1406
2022-05-13 21:00:00,2022-05-13 22:00:00,22.540000000000000000,ug.m-3,44.4264,26.1406
2022-05-13 22:00:00,2022-05-13 23:00:00,23.910000000000000000,ug.m-3,44.4264,26.1406
2022-05-13 23:00:00,2022-05-14 00:00:00,20.380000000000000000,ug.m-3,44.4264,26.1406
2022-05-14 00:00:00,2022-05-14 01:00:00,15.800000000000000000,ug.m-3,44.4264,26.1406
2022-05-14 01:00:00,2022-05-14 02:00:00,33.100000000000000000,ug.m-3,44.4264,26.1406
2022-05-14 02:00:00,2022-05-14 03:00:00,31.180000000000000000,ug.m-3,44.4264,26.1406
2022-05-14 03:00:00,2022-05-14 04:00:00,26.160000000000000000,ug.m-3,44.4264,26.1406
2022-05-14 04:00:00,2022-05-14 05:00:00,14.310000000000000000,ug.m-3,44.4264,26.1406
2022-05-14 05:00:00,2022-05-14 06:00:00,13.530000000000000000,ug.m-3,44.4264,26.1406
2022-05-14 06:00:00,2022-05-14 07:00:00,16.670000000000000000,ug.m-3,44.4264,26.1406
2022-05-14 07:00:00,2022-05-14 08:00:00,18.320000000000000000,ug.m-3,44.4264,26.1406
2022-05-14 08:00:00,2022-05-14 09:00:00,21.270000000000000000,ug.m-3,44.4264,26.1406
2022-05-14 09:00:00,2022-05-14 10:00:00,21.740000000000000000,ug.m-3,44.4264,26.1406
2022-05-14 10:00:00,2022-05-14 11:00:00,12.660000000000000000,ug.m-3,44.4264,26.1406
2022-05-14 11:00:00,2022-05-14 12:00:00,16.980000000000000000,ug.m-3,44.4264,26.1406
2022-05-14 12:00:00,2022-05-14 13:00:00,24.430000000000000000,ug.m-3,44.4264,26.1406
2022-05-14 13:00:00,2022-05-14 14:00:00,25.570000000000000000,ug.m-3,44.4264,26.1406
2022-05-14 14:00:00,2022-05-14 15:00:00,21.230000000000000000,ug.m-3,44.4264,26.1406
2022-05-14 15:00:00,2022-05-14 16:00:00,17.660000000000000000,ug.m-3,44.4264,26.1406
2022-05-14 16:00:00,2022-05-14 17:00:00,16.320000000000000000,ug.m-3,44.4264,26.1406
2022-05-14 17:00:00,2022-05-14 18:00:00,15.810000000000000000,ug.m-3,44.4264,26.1406
2022-05-14 18:00:00,2022-05-14 19:00:00,22.040000000000000000,ug.m-3,44.4264,26.1406
2022-05-14 19:00:00,2022-05-14 20:00:00,20.160000000000000000,ug.m-3,44.4264,26.1406
2022-05-14 20:00:00,2022-05-14 21:00:00,19.060000000000000000,ug.m-3,44.4264,26.1406
2022-05-14 21:00:00,2022-05-14 22:00:00,17.650000000000000000,ug.m-3,44.4264,26.1406
2022-05-14 22:00:00,2022-05-14 23:00:00,15.400000000000000000,ug.m-3,44.4264,26.1406
2022-05-14 23:00:00,2022-05-15 00:00:00,16.060000000000000000,ug.m-3,44.4264,26.1406
2022-05-15 00:00:00,2022-05-15 01:00:00,20.010000000000000000,ug.m-3,44.4264,26.1406
2022-05-15 01:00:00,2022-05-15 02:00:00,18.130000000000000000,ug.m-3,44.4264,26.1406
2022-05-15 02:00:00,2022-05-15 03:00:00,15.740000000000000000,ug.m-3,44.4264,26.1406
2022-05-15 03:00:00,2022-05-15 04:00:00,14.220000000000000000,ug.m-3,44.4264,26.1406
2022-05-15 04:00:00,2022-05-15 05:00:00,17.000000000000000000,ug.m-3,44.4264,26.1406
2022-05-15 05:00:00,2022-05-15 06:00:00,12.110000000000000000,ug.m-3,44.4264,26.1406
2022-05-15 06:00:00,2022-05-15 07:00:00,10.030000000000000000,ug.m-3,44.4264,26.1406
2022-05-15 07:00:00,2022-05-15 08:00:00,10.840000000000000000,ug.m-3,44.4264,26.1406
2022-05-15 08:00:00,2022-05-15 09:00:00,12.420000000000000000,ug.m-3,44.4264,26.1406
2022-05-15 09:00:00,2022-05-15 10:00:00,11.860000000000000000,ug.m-3,44.4264,26.1406
2022-05-15 10:00:00,2022-05-15 11:00:00,9.750000000000000000,ug.m-3,44.4264,26.1406
2022-05-15 11:00:00,2022-05-15 12:00:00,9.350000000000000000,ug.m-3,44.4264,26.1406
2022-05-15 12:00:00,2022-05-15 13:00:00,13.450000000000000000,ug.m-3,44.4264,26.1406
2022-05-15 13:00:00,2022-05-15 14:00:00,12.730000000000000000,ug.m-3,44.4264,26.1406
2022-05-15 14:00:00,2022-05-15 15:00:00,14.460000000000000000,ug.m-3,44.4264,26.1406
2022-05-15 15:00:00,2022-05-15 16:00:00,12.290000000000000000,ug.m-3,44.4264,26.1406
2022-05-15 16:00:00,2022-05-15 17:00:00,11.730000000000000000,ug.m-3,44.4264,26.1406
2022-05-15 17:00:00,2022-05-15 18:00:00,12.060000000000000000,ug.m-3,44.4264,26.1406
2022-05-15 18:00:00,2022-05-15 19:00:00,10.140000000000000000,ug.m-3,44.4264,26.1406
2022-05-15 19:00:00,2022-05-15 20:00:00,12.290000000000000000,ug.m-3,44.4264,26.1406
2022-05-15 20:00:00,2022-05-15 21:00:00,14.970000000000000000,ug.m-3,44.4264,26.1406
2022-05-15 21:00:00,2022-05-15 22:00:00,13.460000000000000000,ug.m-3,44.4264,26.1406
2022-05-15 22:00:00,2022-05-15 23:00:00,14.790000000000000000,ug.m-3,44.4264,26.1406
2022-05-15 23:00:00,2022-05-16 00:00:00,15.930000000000000000,ug.m-3,44.4264,26.1406
2022-05-16 00:00:00,2022-05-16 01:00:00,17.910000000000000000,ug.m-3,44.4264,26.1406
2022-05-16 01:00:00,2022-05-16 02:00:00,19.800000000000000000,ug.m-3,44.4264,26.1406
2022-05-16 02:00:00,2022-05-16 03:00:00,17.600000000000000000,ug.m-3,44.4264,26.1406
2022-05-16 03:00:00,2022-05-16 04:00:00,20.490000000000000000,ug.m-3,44.4264,26.1406
2022-05-16 04:00:00,2022-05-16 05:00:00,18.910000000000000000,ug.m-3,44.4264,26.1406
2022-05-16 05:00:00,2022-05-16 06:00:00,19.750000000000000000,ug.m-3,44.4264,26.1406
2022-05-16 06:00:00,2022-05-16 07:00:00,22.030000000000000000,ug.m-3,44.4264,26.1406
2022-05-16 07:00:00,2022-05-16 08:00:00,20.590000000000000000,ug.m-3,44.4264,26.1406
2022-05-16 08:00:00,2022-05-16 09:00:00,20.130000000000000000,ug.m-3,44.4264,26.1406
2022-05-16 09:00:00,2022-05-16 10:00:00,24.570000000000000000,ug.m-3,44.4264,26.1406
2022-05-16 10:00:00,2022-05-16 11:00:00,25.830000000000000000,ug.m-3,44.4264,26.1406
2022-05-16 11:00:00,2022-05-16 12:00:00,27.720000000000000000,ug.m-3,44.4264,26.1406
2022-05-16 12:00:00,2022-05-16 13:00:00,22.460000000000000000,ug.m-3,44.4264,26.1406
2022-05-16 13:00:00,2022-05-16 14:00:00,18.070000000000000000,ug.m-3,44.4264,26.1406
2022-05-16 14:00:00,2022-05-16 15:00:00,18.930000000000000000,ug.m-3,44.4264,26.1406
2022-05-16 15:00:00,2022-05-16 16:00:00,20.400000000000000000,ug.m-3,44.4264,26.1406
2022-05-16 16:00:00,2022-05-16 17:00:00,17.800000000000000000,ug.m-3,44.4264,26.1406
2022-05-16 17:00:00,2022-05-16 18:00:00,18.810000000000000000,ug.m-3,44.4264,26.1406
2022-05-16 18:00:00,2022-05-16 19:00:00,16.010000000000000000,ug.m-3,44.4264,26.1406
2022-05-16 19:00:00,2022-05-16 20:00:00,18.350000000000000000,ug.m-3,44.4264,26.1406
2022-05-16 20:00:00,2022-05-16 21:00:00,23.420000000000000000,ug.m-3,44.4264,26.1406
2022-05-16 21:00:00,2022-05-16 22:00:00,26.750000000000000000,ug.m-3,44.4264,26.1406
2022-05-16 22:00:00,2022-05-16 23:00:00,23.080000000000000000,ug.m-3,44.4264,26.1406
2022-05-16 23:00:00,2022-05-17 00:00:00,19.990000000000000000,ug.m-3,44.4264,26.1406
2022-05-17 00:00:00,2022-05-17 01:00:00,15.250000000000000000,ug.m-3,44.4264,26.1406
2022-05-17 01:00:00,2022-05-17 02:00:00,11.040000000000000000,ug.m-3,44.4264,26.1406
2022-05-17 02:00:00,2022-05-17 03:00:00,15.630000000000000000,ug.m-3,44.4264,26.1406
2022-05-17 03:00:00,2022-05-17 04:00:00,24.660000000000000000,ug.m-3,44.4264,26.1406
2022-05-17 04:00:00,2022-05-17 05:00:00,22.370000000000000000,ug.m-3,44.4264,26.1406
2022-05-17 05:00:00,2022-05-17 06:00:00,24.110000000000000000,ug.m-3,44.4264,26.1406
2022-05-17 06:00:00,2022-05-17 07:00:00,31.060000000000000000,ug.m-3,44.4264,26.1406
2022-05-17 07:00:00,2022-05-17 08:00:00,48.750000000000000000,ug.m-3,44.4264,26.1406
2022-05-17 08:00:00,2022-05-17 09:00:00,36.510000000000000000,ug.m-3,44.4264,26.1406
2022-05-17 09:00:00,2022-05-17 10:00:00,37.630000000000000000,ug.m-3,44.4264,26.1406
2022-05-17 10:00:00,2022-05-17 11:00:00,47.320000000000000000,ug.m-3,44.4264,26.1406
2022-05-17 11:00:00,2022-05-17 12:00:00,39.530000000000000000,ug.m-3,44.4264,26.1406
2022-05-17 12:00:00,2022-05-17 13:00:00,23.600000000000000000,ug.m-3,44.4264,26.1406
2022-05-17 13:00:00,2022-05-17 14:00:00,0.900000000000000000,ug.m-3,44.4264,26.1406
2022-05-17 14:00:00,2022-05-17 15:00:00,9.650000000000000000,ug.m-3,44.4264,26.1406
2022-05-17 15:00:00,2022-05-17 16:00:00,16.030000000000000000,ug.m-3,44.4264,26.1406
2022-05-17 16:00:00,2022-05-17 17:00:00,9.940000000000000000,ug.m-3,44.4264,26.1406
2022-05-17 17:00:00,2022-05-17 18:00:00,11.610000000000000000,ug.m-3,44.4264,26.1406
2022-05-17 18:00:00,2022-05-17 19:00:00,12.940000000000000000,ug.m-3,44.4264,26.1406
2022-05-17 19:00:00,2022-05-17 20:00:00,17.070000000000000000,ug.m-3,44.4264,26.1406
2022-05-17 20:00:00,2022-05-17 21:00:00,18.610000000000000000,ug.m-3,44.4264,26.1406
2022-05-17 21:00:00,2022-05-17 22:00:00,20.730000000000000000,ug.m-3,44.4264,26.1406
2022-05-17 22:00:00,2022-05-17 23:00:00,28.960000000000000000,ug.m-3,44.4264,26.1406
2022-05-17 23:00:00,2022-05-18 00:00:00,25.080000000000000000,ug.m-3,44.4264,26.1406
2022-05-18 00:00:00,2022-05-18 01:00:00,22.230000000000000000,ug.m-3,44.4264,26.1406
2022-05-18 01:00:00,2022-05-18 02:00:00,27.200000000000000000,ug.m-3,44.4264,26.1406
2022-05-18 02:00:00,2022-05-18 03:00:00,20.960000000000000000,ug.m-3,44.4264,26.1406
2022-05-18 03:00:00,2022-05-18 04:00:00,18.960000000000000000,ug.m-3,44.4264,26.1406
2022-05-18 04:00:00,2022-05-18 05:00:00,12.590000000000000000,ug.m-3,44.4264,26.1406
2022-05-18 05:00:00,2022-05-18 06:00:00,10.580000000000000000,ug.m-3,44.4264,26.1406
2022-05-18 06:00:00,2022-05-18 07:00:00,10.580000000000000000,ug.m-3,44.4264,26.1406
2022-05-18 07:00:00,2022-05-18 08:00:00,9.880000000000000000,ug.m-3,44.4264,26.1406
2022-05-18 08:00:00,2022-05-18 09:00:00,9.190000000000000000,ug.m-3,44.4264,26.1406
2022-05-18 09:00:00,2022-05-18 10:00:00,14.070000000000000000,ug.m-3,44.4264,26.1406
2022-05-18 10:00:00,2022-05-18 11:00:00,16.370000000000000000,ug.m-3,44.4264,26.1406
2022-05-18 11:00:00,2022-05-18 12:00:00,14.620000000000000000,ug.m-3,44.4264,26.1406
2022-05-18 12:00:00,2022-05-18 13:00:00,16.050000000000000000,ug.m-3,44.4264,26.1406
2022-05-18 13:00:00,2022-05-18 14:00:00,11.900000000000000000,ug.m-3,44.4264,26.1406
2022-05-18 14:00:00,2022-05-18 15:00:00,11.220000000000000000,ug.m-3,44.4264,26.1406
2022-05-18 15:00:00,2022-05-18 16:00:00,7.300000000000000000,ug.m-3,44.4264,26.1406
2022-05-18 16:00:00,2022-05-18 17:00:00,4.990000000000000000,ug.m-3,44.4264,26.1406
2022-05-18 17:00:00,2022-05-18 18:00:00,6.320000000000000000,ug.m-3,44.4264,26.1406
2022-05-18 18:00:00,2022-05-18 19:00:00,14.630000000000000000,ug.m-3,44.4264,26.1406
2022-05-18 19:00:00,2022-05-18 20:00:00,16.940000000000000000,ug.m-3,44.4264,26.1406
2022-05-18 20:00:00,2022-05-18 21:00:00,14.270000000000000000,ug.m-3,44.4264,26.1406
2022-05-18 21:00:00,2022-05-18 22:00:00,15.890000000000000000,ug.m-3,44.4264,26.1406
2022-05-18 22:00:00,2022-05-18 23:00:00,17.570000000000000000,ug.m-3,44.4264,26.1406
2022-05-18 23:00:00,2022-05-19 00:00:00,16.700000000000000000,ug.m-3,44.4264,26.1406
2022-05-19 00:00:00,2022-05-19 01:00:00,10.630000000000000000,ug.m-3,44.4264,26.1406
2022-05-19 01:00:00,2022-05-19 02:00:00,12.350000000000000000,ug.m-3,44.4264,26.1406
2022-05-19 02:00:00,2022-05-19 03:00:00,13.950000000000000000,ug.m-3,44.4264,26.1406
2022-05-19 03:00:00,2022-05-19 04:00:00,12.580000000000000000,ug.m-3,44.4264,26.1406
2022-05-19 04:00:00,2022-05-19 05:00:00,13.030000000000000000,ug.m-3,44.4264,26.1406
2022-05-19 05:00:00,2022-05-19 06:00:00,13.560000000000000000,ug.m-3,44.4264,26.1406
2022-05-19 06:00:00,2022-05-19 07:00:00,15.400000000000000000,ug.m-3,44.4264,26.1406
2022-05-19 07:00:00,2022-05-19 08:00:00,16.450000000000000000,ug.m-3,44.4264,26.1406
2022-05-19 08:00:00,2022-05-19 09:00:00,17.620000000000000000,ug.m-3,44.4264,26.1406
2022-05-19 09:00:00,2022-05-19 10:00:00,12.190000000000000000,ug.m-3,44.4264,26.1406
2022-05-19 10:00:00,2022-05-19 11:00:00,5.610000000000000000,ug.m-3,44.4264,26.1406
2022-05-19 11:00:00,2022-05-19 12:00:00,6.480000000000000000,ug.m-3,44.4264,26.1406
2022-05-19 12:00:00,2022-05-19 13:00:00,5.020000000000000000,ug.m-3,44.4264,26.1406
2022-05-19 13:00:00,2022-05-19 14:00:00,6.610000000000000000,ug.m-3,44.4264,26.1406
2022-05-19 14:00:00,2022-05-19 15:00:00,13.040000000000000000,ug.m-3,44.4264,26.1406
2022-05-19 15:00:00,2022-05-19 16:00:00,13.560000000000000000,ug.m-3,44.4264,26.1406
2022-05-19 16:00:00,2022-05-19 17:00:00,8.550000000000000000,ug.m-3,44.4264,26.1406
2022-05-19 17:00:00,2022-05-19 18:00:00,7.710000000000000000,ug.m-3,44.4264,26.1406
2022-05-19 18:00:00,2022-05-19 19:00:00,10.440000000000000000,ug.m-3,44.4264,26.1406
2022-05-19 19:00:00,2022-05-19 20:00:00,9.580000000000000000,ug.m-3,44.4264,26.1406
2022-05-19 20:00:00,2022-05-19 21:00:00,10.680000000000000000,ug.m-3,44.4264,26.1406
2022-05-19 21:00:00,2022-05-19 22:00:00,17.690000000000000000,ug.m-3,44.4264,26.1406
2022-05-19 22:00:00,2022-05-19 23:00:00,18.150000000000000000,ug.m-3,44.4264,26.1406
2022-05-19 23:00:00,2022-05-20 00:00:00,15.510000000000000000,ug.m-3,44.4264,26.1406
2022-05-20 00:00:00,2022-05-20 01:00:00,10.690000000000000000,ug.m-3,44.4264,26.1406
2022-05-20 01:00:00,2022-05-20 02:00:00,13.820000000000000000,ug.m-3,44.4264,26.1406
2022-05-20 02:00:00,2022-05-20 03:00:00,11.420000000000000000,ug.m-3,44.4264,26.1406
2022-05-20 03:00:00,2022-05-20 04:00:00,9.060000000000000000,ug.m-3,44.4264,26.1406
2022-05-20 04:00:00,2022-05-20 05:00:00,14.520000000000000000,ug.m-3,44.4264,26.1406
2022-05-20 05:00:00,2022-05-20 06:00:00,18.140000000000000000,ug.m-3,44.4264,26.1406
2022-05-20 06:00:00,2022-05-20 07:00:00,25.990000000000000000,ug.m-3,44.4264,26.1406
2022-05-20 07:00:00,2022-05-20 08:00:00,41.020000000000000000,ug.m-3,44.4264,26.1406
2022-05-20 08:00:00,2022-05-20 09:00:00,34.080000000000000000,ug.m-3,44.4264,26.1406
2022-05-20 09:00:00,2022-05-20 10:00:00,35.950000000000000000,ug.m-3,44.4264,26.1406
2022-05-20 10:00:00,2022-05-20 11:00:00,23.500000000000000000,ug.m-3,44.4264,26.1406
2022-05-20 11:00:00,2022-05-20 12:00:00,16.680000000000000000,ug.m-3,44.4264,26.1406
2022-05-20 12:00:00,2022-05-20 13:00:00,13.070000000000000000,ug.m-3,44.4264,26.1406
2022-05-20 13:00:00,2022-05-20 14:00:00,12.080000000000000000,ug.m-3,44.4264,26.1406
2022-05-20 14:00:00,2022-05-20 15:00:00,13.000000000000000000,ug.m-3,44.4264,26.1406
2022-05-20 15:00:00,2022-05-20 16:00:00,12.130000000000000000,ug.m-3,44.4264,26.1406
2022-05-20 16:00:00,2022-05-20 17:00:00,11.430000000000000000,ug.m-3,44.4264,26.1406
2022-05-20 17:00:00,2022-05-20 18:00:00,16.740000000000000000,ug.m-3,44.4264,26.1406
2022-05-20 18:00:00,2022-05-20 19:00:00,8.100000000000000000,ug.m-3,44.4264,26.1406
2022-05-20 19:00:00,2022-05-20 20:00:00,12.000000000000000000,ug.m-3,44.4264,26.1406
2022-05-20 20:00:00,2022-05-20 21:00:00,16.960000000000000000,ug.m-3,44.4264,26.1406
2022-05-20 21:00:00,2022-05-20 22:00:00,16.710000000000000000,ug.m-3,44.4264,26.1406
2022-05-20 22:00:00,2022-05-20 23:00:00,16.550000000000000000,ug.m-3,44.4264,26.1406
2022-05-20 23:00:00,2022-05-21 00:00:00,13.470000000000000000,ug.m-3,44.4264,26.1406
2022-05-21 00:00:00,2022-05-21 01:00:00,11.310000000000000000,ug.m-3,44.4264,26.1406
2022-05-21 01:00:00,2022-05-21 02:00:00,10.500000000000000000,ug.m-3,44.4264,26.1406
2022-05-21 02:00:00,2022-05-21 03:00:00,14.170000000000000000,ug.m-3,44.4264,26.1406
2022-05-21 03:00:00,2022-05-21 04:00:00,13.370000000000000000,ug.m-3,44.4264,26.1406
2022-05-21 04:00:00,2022-05-21 05:00:00,11.210000000000000000,ug.m-3,44.4264,26.1406
2022-05-21 05:00:00,2022-05-21 06:00:00,11.580000000000000000,ug.m-3,44.4264,26.1406
2022-05-21 06:00:00,2022-05-21 07:00:00,17.280000000000000000,ug.m-3,44.4264,26.1406
2022-05-21 07:00:00,2022-05-21 08:00:00,22.540000000000000000,ug.m-3,44.4264,26.1406
2022-05-21 08:00:00,2022-05-21 09:00:00,22.210000000000000000,ug.m-3,44.4264,26.1406
2022-05-21 09:00:00,2022-05-21 10:00:00,21.760000000000000000,ug.m-3,44.4264,26.1406
2022-05-21 10:00:00,2022-05-21 11:00:00,20.680000000000000000,ug.m-3,44.4264,26.1406
2022-05-21 11:00:00,2022-05-21 12:00:00,23.790000000000000000,ug.m-3,44.4264,26.1406
2022-05-21 12:00:00,2022-05-21 13:00:00,25.550000000000000000,ug.m-3,44.4264,26.1406
2022-05-21 13:00:00,2022-05-21 14:00:00,20.860000000000000000,ug.m-3,44.4264,26.1406
2022-05-21 14:00:00,2022-05-21 15:00:00,18.040000000000000000,ug.m-3,44.4264,26.1406
2022-05-21 15:00:00,2022-05-21 16:00:00,19.680000000000000000,ug.m-3,44.4264,26.1406
2022-05-21 16:00:00,2022-05-21 17:00:00,22.300000000000000000,ug.m-3,44.4264,26.1406
2022-05-21 17:00:00,2022-05-21 18:00:00,12.790000000000000000,ug.m-3,44.4264,26.1406
2022-05-21 20:00:00,2022-05-21 21:00:00,24.290000000000000000,ug.m-3,44.4264,26.1406
2022-05-21 21:00:00,2022-05-21 22:00:00,15.750000000000000000,ug.m-3,44.4264,26.1406
2022-05-21 22:00:00,2022-05-21 23:00:00,16.720000000000000000,ug.m-3,44.4264,26.1406
2022-05-21 23:00:00,2022-05-22 00:00:00,15.850000000000000000,ug.m-3,44.4264,26.1406
2022-05-22 00:00:00,2022-05-22 01:00:00,18.930000000000000000,ug.m-3,44.4264,26.1406
2022-05-22 01:00:00,2022-05-22 02:00:00,19.760000000000000000,ug.m-3,44.4264,26.1406
2022-05-22 02:00:00,2022-05-22 03:00:00,17.120000000000000000,ug.m-3,44.4264,26.1406
2022-05-22 03:00:00,2022-05-22 04:00:00,16.270000000000000000,ug.m-3,44.4264,26.1406
2022-05-22 04:00:00,2022-05-22 05:00:00,17.560000000000000000,ug.m-3,44.4264,26.1406
2022-05-22 05:00:00,2022-05-22 06:00:00,20.800000000000000000,ug.m-3,44.4264,26.1406
2022-05-22 06:00:00,2022-05-22 07:00:00,24.150000000000000000,ug.m-3,44.4264,26.1406
2022-05-22 07:00:00,2022-05-22 08:00:00,19.920000000000000000,ug.m-3,44.4264,26.1406
2022-05-22 08:00:00,2022-05-22 09:00:00,19.750000000000000000,ug.m-3,44.4264,26.1406
2022-05-22 09:00:00,2022-05-22 10:00:00,23.290000000000000000,ug.m-3,44.4264,26.1406
2022-05-22 10:00:00,2022-05-22 11:00:00,24.620000000000000000,ug.m-3,44.4264,26.1406
2022-05-22 11:00:00,2022-05-22 12:00:00,26.080000000000000000,ug.m-3,44.4264,26.1406
2022-05-22 12:00:00,2022-05-22 13:00:00,21.920000000000000000,ug.m-3,44.4264,26.1406
2022-05-22 13:00:00,2022-05-22 14:00:00,19.490000000000000000,ug.m-3,44.4264,26.1406
2022-05-22 14:00:00,2022-05-22 15:00:00,70.430000000000000000,ug.m-3,44.4264,26.1406
2022-05-22 15:00:00,2022-05-22 16:00:00,31.370000000000000000,ug.m-3,44.4264,26.1406
2022-05-22 16:00:00,2022-05-22 17:00:00,11.610000000000000000,ug.m-3,44.4264,26.1406
2022-05-22 17:00:00,2022-05-22 18:00:00,14.530000000000000000,ug.m-3,44.4264,26.1406
2022-05-22 18:00:00,2022-05-22 19:00:00,8.250000000000000000,ug.m-3,44.4264,26.1406
2022-05-22 19:00:00,2022-05-22 20:00:00,9.070000000000000000,ug.m-3,44.4264,26.1406
2022-05-22 20:00:00,2022-05-22 21:00:00,12.460000000000000000,ug.m-3,44.4264,26.1406
2022-05-22 21:00:00,2022-05-22 22:00:00,9.810000000000000000,ug.m-3,44.4264,26.1406
2022-05-22 22:00:00,2022-05-22 23:00:00,5.550000000000000000,ug.m-3,44.4264,26.1406
2022-05-22 23:00:00,2022-05-23 00:00:00,13.630000000000000000,ug.m-3,44.4264,26.1406
2022-05-23 01:00:00,2022-05-23 02:00:00,9.630000000000000000,ug.m-3,44.4264,26.1406
2022-05-23 02:00:00,2022-05-23 03:00:00,9.620000000000000000,ug.m-3,44.4264,26.1406
2022-05-23 03:00:00,2022-05-23 04:00:00,11.260000000000000000,ug.m-3,44.4264,26.1406
2022-05-23 04:00:00,2022-05-23 05:00:00,19.850000000000000000,ug.m-3,44.4264,26.1406
2022-05-23 05:00:00,2022-05-23 06:00:00,38.910000000000000000,ug.m-3,44.4264,26.1406
2022-05-23 06:00:00,2022-05-23 07:00:00,22.100000000000000000,ug.m-3,44.4264,26.1406
2022-05-23 07:00:00,2022-05-23 08:00:00,21.790000000000000000,ug.m-3,44.4264,26.1406
2022-05-23 08:00:00,2022-05-23 09:00:00,16.760000000000000000,ug.m-3,44.4264,26.1406
2022-05-23 09:00:00,2022-05-23 10:00:00,12.470000000000000000,ug.m-3,44.4264,26.1406
2022-05-23 10:00:00,2022-05-23 11:00:00,16.450000000000000000,ug.m-3,44.4264,26.1406
2022-05-23 11:00:00,2022-05-23 12:00:00,17.300000000000000000,ug.m-3,44.4264,26.1406
2022-05-23 12:00:00,2022-05-23 13:00:00,17.940000000000000000,ug.m-3,44.4264,26.1406
2022-05-23 13:00:00,2022-05-23 14:00:00,17.710000000000000000,ug.m-3,44.4264,26.1406
2022-05-23 14:00:00,2022-05-23 15:00:00,23.120000000000000000,ug.m-3,44.4264,26.1406
2022-05-23 15:00:00,2022-05-23 16:00:00,26.010000000000000000,ug.m-3,44.4264,26.1406
2022-05-23 16:00:00,2022-05-23 17:00:00,22.400000000000000000,ug.m-3,44.4264,26.1406
2022-05-23 17:00:00,2022-05-23 18:00:00,16.350000000000000000,ug.m-3,44.4264,26.1406
2022-05-23 18:00:00,2022-05-23 19:00:00,19.180000000000000000,ug.m-3,44.4264,26.1406
2022-05-23 19:00:00,2022-05-23 20:00:00,21.130000000000000000,ug.m-3,44.4264,26.1406
2022-05-23 20:00:00,2022-05-23 21:00:00,18.300000000000000000,ug.m-3,44.4264,26.1406
2022-05-23 21:00:00,2022-05-23 22:00:00,18.990000000000000000,ug.m-3,44.4264,26.1406
2022-05-23 22:00:00,2022-05-23 23:00:00,16.160000000000000000,ug.m-3,44.4264,26.1406
2022-05-23 23:00:00,2022-05-24 00:00:00,15.140000000000000000,ug.m-3,44.4264,26.1406
2022-05-24 00:00:00,2022-05-24 01:00:00,15.580000000000000000,ug.m-3,44.4264,26.1406
2022-05-24 01:00:00,2022-05-24 02:00:00,17.310000000000000000,ug.m-3,44.4264,26.1406
2022-05-24 02:00:00,2022-05-24 03:00:00,19.670000000000000000,ug.m-3,44.4264,26.1406
2022-05-24 03:00:00,2022-05-24 04:00:00,16.210000000000000000,ug.m-3,44.4264,26.1406
2022-05-24 04:00:00,2022-05-24 05:00:00,14.930000000000000000,ug.m-3,44.4264,26.1406
2022-05-24 05:00:00,2022-05-24 06:00:00,13.960000000000000000,ug.m-3,44.4264,26.1406
2022-05-24 06:00:00,2022-05-24 07:00:00,17.510000000000000000,ug.m-3,44.4264,26.1406
2022-05-24 07:00:00,2022-05-24 08:00:00,19.620000000000000000,ug.m-3,44.4264,26.1406
2022-05-24 08:00:00,2022-05-24 09:00:00,18.080000000000000000,ug.m-3,44.4264,26.1406
2022-05-24 09:00:00,2022-05-24 10:00:00,20.160000000000000000,ug.m-3,44.4264,26.1406
2022-05-24 10:00:00,2022-05-24 11:00:00,20.160000000000000000,ug.m-3,44.4264,26.1406
2022-05-24 11:00:00,2022-05-24 12:00:00,17.890000000000000000,ug.m-3,44.4264,26.1406
2022-05-24 12:00:00,2022-05-24 13:00:00,16.640000000000000000,ug.m-3,44.4264,26.1406
2022-05-24 13:00:00,2022-05-24 14:00:00,19.390000000000000000,ug.m-3,44.4264,26.1406
2022-05-24 14:00:00,2022-05-24 15:00:00,16.920000000000000000,ug.m-3,44.4264,26.1406
2022-05-24 15:00:00,2022-05-24 16:00:00,19.240000000000000000,ug.m-3,44.4264,26.1406
2022-05-24 16:00:00,2022-05-24 17:00:00,18.900000000000000000,ug.m-3,44.4264,26.1406
2022-05-24 17:00:00,2022-05-24 18:00:00,18.490000000000000000,ug.m-3,44.4264,26.1406
2022-05-24 18:00:00,2022-05-24 19:00:00,12.940000000000000000,ug.m-3,44.4264,26.1406
2022-05-24 19:00:00,2022-05-24 20:00:00,13.860000000000000000,ug.m-3,44.4264,26.1406
2022-05-24 20:00:00,2022-05-24 21:00:00,18.110000000000000000,ug.m-3,44.4264,26.1406
2022-05-24 21:00:00,2022-05-24 22:00:00,17.890000000000000000,ug.m-3,44.4264,26.1406
2022-05-24 22:00:00,2022-05-24 23:00:00,15.920000000000000000,ug.m-3,44.4264,26.1406
2022-05-24 23:00:00,2022-05-25 00:00:00,16.120000000000000000,ug.m-3,44.4264,26.1406
2022-05-25 00:00:00,2022-05-25 01:00:00,15.150000000000000000,ug.m-3,44.4264,26.1406
2022-05-25 01:00:00,2022-05-25 02:00:00,11.730000000000000000,ug.m-3,44.4264,26.1406
2022-05-25 02:00:00,2022-05-25 03:00:00,11.570000000000000000,ug.m-3,44.4264,26.1406
2022-05-25 03:00:00,2022-05-25 04:00:00,11.360000000000000000,ug.m-3,44.4264,26.1406
2022-05-25 04:00:00,2022-05-25 05:00:00,9.500000000000000000,ug.m-3,44.4264,26.1406
2022-05-25 05:00:00,2022-05-25 06:00:00,11.330000000000000000,ug.m-3,44.4264,26.1406
2022-05-25 06:00:00,2022-05-25 07:00:00,10.660000000000000000,ug.m-3,44.4264,26.1406
2022-05-25 07:00:00,2022-05-25 08:00:00,14.740000000000000000,ug.m-3,44.4264,26.1406
2022-05-25 08:00:00,2022-05-25 09:00:00,20.380000000000000000,ug.m-3,44.4264,26.1406
2022-05-25 09:00:00,2022-05-25 10:00:00,26.210000000000000000,ug.m-3,44.4264,26.1406
2022-05-25 10:00:00,2022-05-25 11:00:00,28.340000000000000000,ug.m-3,44.4264,26.1406
2022-05-25 11:00:00,2022-05-25 12:00:00,24.960000000000000000,ug.m-3,44.4264,26.1406
2022-05-25 12:00:00,2022-05-25 13:00:00,22.310000000000000000,ug.m-3,44.4264,26.1406
2022-05-25 13:00:00,2022-05-25 14:00:00,23.200000000000000000,ug.m-3,44.4264,26.1406
2022-05-25 14:00:00,2022-05-25 15:00:00,23.940000000000000000,ug.m-3,44.4264,26.1406
2022-05-25 15:00:00,2022-05-25 16:00:00,22.870000000000000000,ug.m-3,44.4264,26.1406
2022-05-25 16:00:00,2022-05-25 17:00:00,24.700000000000000000,ug.m-3,44.4264,26.1406
2022-05-25 17:00:00,2022-05-25 18:00:00,21.860000000000000000,ug.m-3,44.4264,26.1406
2022-05-25 18:00:00,2022-05-25 19:00:00,19.810000000000000000,ug.m-3,44.4264,26.1406
2022-05-25 19:00:00,2022-05-25 20:00:00,19.770000000000000000,ug.m-3,44.4264,26.1406
2022-05-25 20:00:00,2022-05-25 21:00:00,22.310000000000000000,ug.m-3,44.4264,26.1406
2022-05-25 21:00:00,2022-05-25 22:00:00,30.960000000000000000,ug.m-3,44.4264,26.1406
2022-05-25 22:00:00,2022-05-25 23:00:00,45.540000000000000000,ug.m-3,44.4264,26.1406
2022-05-25 23:00:00,2022-05-26 00:00:00,37.870000000000000000,ug.m-3,44.4264,26.1406
2022-05-26 00:00:00,2022-05-26 01:00:00,27.110000000000000000,ug.m-3,44.4264,26.1406
2022-05-26 01:00:00,2022-05-26 02:00:00,27.110000000000000000,ug.m-3,44.4264,26.1406
2022-05-26 02:00:00,2022-05-26 03:00:00,26.240000000000000000,ug.m-3,44.4264,26.1406
2022-05-26 03:00:00,2022-05-26 04:00:00,20.410000000000000000,ug.m-3,44.4264,26.1406
2022-05-26 04:00:00,2022-05-26 05:00:00,19.600000000000000000,ug.m-3,44.4264,26.1406
2022-05-26 05:00:00,2022-05-26 06:00:00,24.740000000000000000,ug.m-3,44.4264,26.1406
2022-05-26 06:00:00,2022-05-26 07:00:00,29.200000000000000000,ug.m-3,44.4264,26.1406
2022-05-26 07:00:00,2022-05-26 08:00:00,23.000000000000000000,ug.m-3,44.4264,26.1406
2022-05-26 08:00:00,2022-05-26 09:00:00,19.100000000000000000,ug.m-3,44.4264,26.1406
2022-05-26 09:00:00,2022-05-26 10:00:00,13.220000000000000000,ug.m-3,44.4264,26.1406
2022-05-26 10:00:00,2022-05-26 11:00:00,16.700000000000000000,ug.m-3,44.4264,26.1406
2022-05-26 11:00:00,2022-05-26 12:00:00,16.850000000000000000,ug.m-3,44.4264,26.1406
2022-05-26 12:00:00,2022-05-26 13:00:00,19.640000000000000000,ug.m-3,44.4264,26.1406
2022-05-26 13:00:00,2022-05-26 14:00:00,14.770000000000000000,ug.m-3,44.4264,26.1406
2022-05-26 14:00:00,2022-05-26 15:00:00,12.200000000000000000,ug.m-3,44.4264,26.1406
2022-05-26 15:00:00,2022-05-26 16:00:00,8.370000000000000000,ug.m-3,44.4264,26.1406
2022-05-26 16:00:00,2022-05-26 17:00:00,11.710000000000000000,ug.m-3,44.4264,26.1406
2022-05-26 17:00:00,2022-05-26 18:00:00,16.950000000000000000,ug.m-3,44.4264,26.1406
2022-05-26 18:00:00,2022-05-26 19:00:00,20.940000000000000000,ug.m-3,44.4264,26.1406
2022-05-26 19:00:00,2022-05-26 20:00:00,19.670000000000000000,ug.m-3,44.4264,26.1406
2022-05-26 20:00:00,2022-05-26 21:00:00,17.270000000000000000,ug.m-3,44.4264,26.1406
2022-05-26 21:00:00,2022-05-26 22:00:00,18.070000000000000000,ug.m-3,44.4264,26.1406
2022-05-26 22:00:00,2022-05-26 23:00:00,17.190000000000000000,ug.m-3,44.4264,26.1406
2022-05-26 23:00:00,2022-05-27 00:00:00,18.630000000000000000,ug.m-3,44.4264,26.1406
2022-05-27 00:00:00,2022-05-27 01:00:00,16.630000000000000000,ug.m-3,44.4264,26.1406
2022-05-27 01:00:00,2022-05-27 02:00:00,17.290000000000000000,ug.m-3,44.4264,26.1406
2022-05-27 02:00:00,2022-05-27 03:00:00,19.910000000000000000,ug.m-3,44.4264,26.1406
2022-05-27 03:00:00,2022-05-27 04:00:00,18.290000000000000000,ug.m-3,44.4264,26.1406
2022-05-27 04:00:00,2022-05-27 05:00:00,16.250000000000000000,ug.m-3,44.4264,26.1406
2022-05-27 05:00:00,2022-05-27 06:00:00,17.830000000000000000,ug.m-3,44.4264,26.1406
2022-05-27 06:00:00,2022-05-27 07:00:00,21.750000000000000000,ug.m-3,44.4264,26.1406
2022-05-27 07:00:00,2022-05-27 08:00:00,23.120000000000000000,ug.m-3,44.4264,26.1406
2022-05-27 08:00:00,2022-05-27 09:00:00,22.560000000000000000,ug.m-3,44.4264,26.1406
2022-05-27 09:00:00,2022-05-27 10:00:00,19.400000000000000000,ug.m-3,44.4264,26.1406
2022-05-27 10:00:00,2022-05-27 11:00:00,12.770000000000000000,ug.m-3,44.4264,26.1406
2022-05-27 11:00:00,2022-05-27 12:00:00,13.760000000000000000,ug.m-3,44.4264,26.1406
2022-05-27 12:00:00,2022-05-27 13:00:00,14.340000000000000000,ug.m-3,44.4264,26.1406
2022-05-27 13:00:00,2022-05-27 14:00:00,11.850000000000000000,ug.m-3,44.4264,26.1406
2022-05-27 14:00:00,2022-05-27 15:00:00,15.600000000000000000,ug.m-3,44.4264,26.1406
2022-05-27 15:00:00,2022-05-27 16:00:00,18.150000000000000000,ug.m-3,44.4264,26.1406
2022-05-27 16:00:00,2022-05-27 17:00:00,15.570000000000000000,ug.m-3,44.4264,26.1406
2022-05-27 17:00:00,2022-05-27 18:00:00,16.640000000000000000,ug.m-3,44.4264,26.1406
2022-05-27 18:00:00,2022-05-27 19:00:00,14.680000000000000000,ug.m-3,44.4264,26.1406
2022-05-27 19:00:00,2022-05-27 20:00:00,13.070000000000000000,ug.m-3,44.4264,26.1406
2022-05-27 20:00:00,2022-05-27 21:00:00,16.690000000000000000,ug.m-3,44.4264,26.1406
2022-05-27 21:00:00,2022-05-27 22:00:00,19.860000000000000000,ug.m-3,44.4264,26.1406
2022-05-27 22:00:00,2022-05-27 23:00:00,18.950000000000000000,ug.m-3,44.4264,26.1406
2022-05-27 23:00:00,2022-05-28 00:00:00,15.650000000000000000,ug.m-3,44.4264,26.1406
2022-05-28 00:00:00,2022-05-28 01:00:00,13.390000000000000000,ug.m-3,44.4264,26.1406
2022-05-28 01:00:00,2022-05-28 02:00:00,14.460000000000000000,ug.m-3,44.4264,26.1406
2022-05-28 02:00:00,2022-05-28 03:00:00,16.740000000000000000,ug.m-3,44.4264,26.1406
2022-05-28 03:00:00,2022-05-28 04:00:00,21.120000000000000000,ug.m-3,44.4264,26.1406
2022-05-28 04:00:00,2022-05-28 05:00:00,19.740000000000000000,ug.m-3,44.4264,26.1406
2022-05-28 05:00:00,2022-05-28 06:00:00,26.330000000000000000,ug.m-3,44.4264,26.1406
2022-05-28 06:00:00,2022-05-28 07:00:00,30.130000000000000000,ug.m-3,44.4264,26.1406
2022-05-28 07:00:00,2022-05-28 08:00:00,32.680000000000000000,ug.m-3,44.4264,26.1406
2022-05-28 08:00:00,2022-05-28 09:00:00,34.060000000000000000,ug.m-3,44.4264,26.1406
2022-05-28 09:00:00,2022-05-28 10:00:00,29.630000000000000000,ug.m-3,44.4264,26.1406
2022-05-28 10:00:00,2022-05-28 11:00:00,28.200000000000000000,ug.m-3,44.4264,26.1406
2022-05-28 11:00:00,2022-05-28 12:00:00,23.120000000000000000,ug.m-3,44.4264,26.1406
2022-05-28 12:00:00,2022-05-28 13:00:00,16.850000000000000000,ug.m-3,44.4264,26.1406
2022-05-28 13:00:00,2022-05-28 14:00:00,15.330000000000000000,ug.m-3,44.4264,26.1406
2022-05-28 14:00:00,2022-05-28 15:00:00,15.430000000000000000,ug.m-3,44.4264,26.1406
2022-05-28 15:00:00,2022-05-28 16:00:00,12.430000000000000000,ug.m-3,44.4264,26.1406
2022-05-28 16:00:00,2022-05-28 17:00:00,14.850000000000000000,ug.m-3,44.4264,26.1406
2022-05-28 17:00:00,2022-05-28 18:00:00,18.500000000000000000,ug.m-3,44.4264,26.1406
2022-05-28 18:00:00,2022-05-28 19:00:00,16.040000000000000000,ug.m-3,44.4264,26.1406
2022-05-28 19:00:00,2022-05-28 20:00:00,18.830000000000000000,ug.m-3,44.4264,26.1406
2022-05-28 20:00:00,2022-05-28 21:00:00,19.850000000000000000,ug.m-3,44.4264,26.1406
2022-05-28 21:00:00,2022-05-28 22:00:00,12.080000000000000000,ug.m-3,44.4264,26.1406
2022-05-28 22:00:00,2022-05-28 23:00:00,2.100000000000000000,ug.m-3,44.4264,26.1406
2022-05-28 23:00:00,2022-05-29 00:00:00,5.310000000000000000,ug.m-3,44.4264,26.1406
2022-05-29 00:00:00,2022-05-29 01:00:00,8.540000000000000000,ug.m-3,44.4264,26.1406
2022-05-29 01:00:00,2022-05-29 02:00:00,8.830000000000000000,ug.m-3,44.4264,26.1406
2022-05-29 02:00:00,2022-05-29 03:00:00,7.460000000000000000,ug.m-3,44.4264,26.1406
2022-05-29 03:00:00,2022-05-29 04:00:00,11.250000000000000000,ug.m-3,44.4264,26.1406
2022-05-29 04:00:00,2022-05-29 05:00:00,10.160000000000000000,ug.m-3,44.4264,26.1406
2022-05-29 05:00:00,2022-05-29 06:00:00,9.070000000000000000,ug.m-3,44.4264,26.1406
2022-05-29 06:00:00,2022-05-29 07:00:00,8.160000000000000000,ug.m-3,44.4264,26.1406
2022-05-29 07:00:00,2022-05-29 08:00:00,6.870000000000000000,ug.m-3,44.4264,26.1406
2022-05-29 08:00:00,2022-05-29 09:00:00,8.700000000000000000,ug.m-3,44.4264,26.1406
2022-05-29 09:00:00,2022-05-29 10:00:00,6.690000000000000000,ug.m-3,44.4264,26.1406
2022-05-29 10:00:00,2022-05-29 11:00:00,10.900000000000000000,ug.m-3,44.4264,26.1406
2022-05-29 11:00:00,2022-05-29 12:00:00,15.100000000000000000,ug.m-3,44.4264,26.1406
2022-05-29 12:00:00,2022-05-29 13:00:00,10.600000000000000000,ug.m-3,44.4264,26.1406
2022-05-29 13:00:00,2022-05-29 14:00:00,18.860000000000000000,ug.m-3,44.4264,26.1406
2022-05-29 14:00:00,2022-05-29 15:00:00,16.660000000000000000,ug.m-3,44.4264,26.1406
2022-05-29 15:00:00,2022-05-29 16:00:00,20.550000000000000000,ug.m-3,44.4264,26.1406
2022-05-29 16:00:00,2022-05-29 17:00:00,15.860000000000000000,ug.m-3,44.4264,26.1406
2022-05-29 17:00:00,2022-05-29 18:00:00,12.490000000000000000,ug.m-3,44.4264,26.1406
2022-05-29 18:00:00,2022-05-29 19:00:00,15.180000000000000000,ug.m-3,44.4264,26.1406
2022-05-29 19:00:00,2022-05-29 20:00:00,14.150000000000000000,ug.m-3,44.4264,26.1406
2022-05-29 20:00:00,2022-05-29 21:00:00,10.040000000000000000,ug.m-3,44.4264,26.1406
2022-05-29 21:00:00,2022-05-29 22:00:00,14.830000000000000000,ug.m-3,44.4264,26.1406
2022-05-29 22:00:00,2022-05-29 23:00:00,13.400000000000000000,ug.m-3,44.4264,26.1406
2022-05-29 23:00:00,2022-05-30 00:00:00,10.980000000000000000,ug.m-3,44.4264,26.1406
2022-05-30 00:00:00,2022-05-30 01:00:00,11.710000000000000000,ug.m-3,44.4264,26.1406
2022-05-30 01:00:00,2022-05-30 02:00:00,12.140000000000000000,ug.m-3,44.4264,26.1406
2022-05-30 02:00:00,2022-05-30 03:00:00,13.980000000000000000,ug.m-3,44.4264,26.1406
2022-05-30 03:00:00,2022-05-30 04:00:00,12.990000000000000000,ug.m-3,44.4264,26.1406
2022-05-30 04:00:00,2022-05-30 05:00:00,13.360000000000000000,ug.m-3,44.4264,26.1406
2022-05-30 05:00:00,2022-05-30 06:00:00,14.090000000000000000,ug.m-3,44.4264,26.1406
2022-05-30 06:00:00,2022-05-30 07:00:00,11.640000000000000000,ug.m-3,44.4264,26.1406
2022-05-30 07:00:00,2022-05-30 08:00:00,13.730000000000000000,ug.m-3,44.4264,26.1406
2022-05-30 08:00:00,2022-05-30 09:00:00,16.050000000000000000,ug.m-3,44.4264,26.1406
2022-05-30 09:00:00,2022-05-30 10:00:00,14.110000000000000000,ug.m-3,44.4264,26.1406
2022-05-30 10:00:00,2022-05-30 11:00:00,17.240000000000000000,ug.m-3,44.4264,26.1406
2022-05-30 11:00:00,2022-05-30 12:00:00,15.270000000000000000,ug.m-3,44.4264,26.1406
2022-05-30 12:00:00,2022-05-30 13:00:00,16.120000000000000000,ug.m-3,44.4264,26.1406
2022-05-30 13:00:00,2022-05-30 14:00:00,19.450000000000000000,ug.m-3,44.4264,26.1406
2022-05-30 14:00:00,2022-05-30 15:00:00,16.030000000000000000,ug.m-3,44.4264,26.1406
2022-05-30 15:00:00,2022-05-30 16:00:00,14.300000000000000000,ug.m-3,44.4264,26.1406
2022-05-30 16:00:00,2022-05-30 17:00:00,13.030000000000000000,ug.m-3,44.4264,26.1406
2022-05-30 17:00:00,2022-05-30 18:00:00,10.810000000000000000,ug.m-3,44.4264,26.1406
2022-05-30 18:00:00,2022-05-30 19:00:00,11.450000000000000000,ug.m-3,44.4264,26.1406
2022-05-30 19:00:00,2022-05-30 20:00:00,14.140000000000000000,ug.m-3,44.4264,26.1406
2022-05-30 20:00:00,2022-05-30 21:00:00,15.520000000000000000,ug.m-3,44.4264,26.1406
2022-05-30 21:00:00,2022-05-30 22:00:00,18.320000000000000000,ug.m-3,44.4264,26.1406
2022-05-30 22:00:00,2022-05-30 23:00:00,18.850000000000000000,ug.m-3,44.4264,26.1406
2022-05-30 23:00:00,2022-05-31 00:00:00,17.130000000000000000,ug.m-3,44.4264,26.1406
2022-05-31 00:00:00,2022-05-31 01:00:00,15.650000000000000000,ug.m-3,44.4264,26.1406
2022-05-31 01:00:00,2022-05-31 02:00:00,15.520000000000000000,ug.m-3,44.4264,26.1406
2022-05-31 02:00:00,2022-05-31 03:00:00,20.860000000000000000,ug.m-3,44.4264,26.1406
2022-05-31 03:00:00,2022-05-31 04:00:00,20.860000000000000000,ug.m-3,44.4264,26.1406
2022-05-31 04:00:00,2022-05-31 05:00:00,17.710000000000000000,ug.m-3,44.4264,26.1406
2022-05-31 05:00:00,2022-05-31 06:00:00,19.140000000000000000,ug.m-3,44.4264,26.1406
2022-05-31 06:00:00,2022-05-31 07:00:00,22.670000000000000000,ug.m-3,44.4264,26.1406
2022-05-31 07:00:00,2022-05-31 08:00:00,25.750000000000000000,ug.m-3,44.4264,26.1406
2022-05-31 08:00:00,2022-05-31 09:00:00,25.690000000000000000,ug.m-3,44.4264,26.1406
2022-05-31 09:00:00,2022-05-31 10:00:00,17.050000000000000000,ug.m-3,44.4264,26.1406
2022-05-31 10:00:00,2022-05-31 11:00:00,24.920000000000000000,ug.m-3,44.4264,26.1406
2022-05-31 11:00:00,2022-05-31 12:00:00,26.960000000000000000,ug.m-3,44.4264,26.1406
2022-05-31 12:00:00,2022-05-31 13:00:00,22.780000000000000000,ug.m-3,44.4264,26.1406
2022-05-31 13:00:00,2022-05-31 14:00:00,26.640000000000000000,ug.m-3,44.4264,26.1406
2022-05-31 14:00:00,2022-05-31 15:00:00,24.550000000000000000,ug.m-3,44.4264,26.1406
2022-05-31 15:00:00,2022-05-31 16:00:00,24.440000000000000000,ug.m-3,44.4264,26.1406
2022-05-31 16:00:00,2022-05-31 17:00:00,26.960000000000000000,ug.m-3,44.4264,26.1406
2022-05-31 17:00:00,2022-05-31 18:00:00,32.310000000000000000,ug.m-3,44.4264,26.1406
2022-05-31 18:00:00,2022-05-31 19:00:00,13.900000000000000000,ug.m-3,44.4264,26.1406
2022-05-31 19:00:00,2022-05-31 20:00:00,12.960000000000000000,ug.m-3,44.4264,26.1406
2022-05-31 20:00:00,2022-05-31 21:00:00,12.180000000000000000,ug.m-3,44.4264,26.1406
2022-05-31 21:00:00,2022-05-31 22:00:00,12.900000000000000000,ug.m-3,44.4264,26.1406
2022-05-31 22:00:00,2022-05-31 23:00:00,12.390000000000000000,ug.m-3,44.4264,26.1406
2022-05-31 23:00:00,2022-06-01 00:00:00,16.950000000000000000,ug.m-3,44.4264,26.1406
2022-06-01 00:00:00,2022-06-01 01:00:00,13.390000000000000000,ug.m-3,44.4264,26.1406
2022-06-01 01:00:00,2022-06-01 02:00:00,14.580000000000000000,ug.m-3,44.4264,26.1406
2022-06-01 02:00:00,2022-06-01 03:00:00,13.090000000000000000,ug.m-3,44.4264,26.1406
2022-06-01 03:00:00,2022-06-01 04:00:00,16.890000000000000000,ug.m-3,44.4264,26.1406
2022-06-01 04:00:00,2022-06-01 05:00:00,16.320000000000000000,ug.m-3,44.4264,26.1406
2022-06-01 05:00:00,2022-06-01 06:00:00,15.650000000000000000,ug.m-3,44.4264,26.1406
2022-06-01 06:00:00,2022-06-01 07:00:00,19.900000000000000000,ug.m-3,44.4264,26.1406
2022-06-01 07:00:00,2022-06-01 08:00:00,17.940000000000000000,ug.m-3,44.4264,26.1406
2022-06-01 08:00:00,2022-06-01 09:00:00,19.250000000000000000,ug.m-3,44.4264,26.1406
2022-06-01 09:00:00,2022-06-01 10:00:00,21.000000000000000000,ug.m-3,44.4264,26.1406
2022-06-01 10:00:00,2022-06-01 11:00:00,17.730000000000000000,ug.m-3,44.4264,26.1406
2022-06-01 11:00:00,2022-06-01 12:00:00,14.440000000000000000,ug.m-3,44.4264,26.1406
2022-06-01 12:00:00,2022-06-01 13:00:00,17.940000000000000000,ug.m-3,44.4264,26.1406
2022-06-01 13:00:00,2022-06-01 14:00:00,19.300000000000000000,ug.m-3,44.4264,26.1406
2022-06-01 14:00:00,2022-06-01 15:00:00,13.660000000000000000,ug.m-3,44.4264,26.1406
2022-06-01 15:00:00,2022-06-01 16:00:00,13.880000000000000000,ug.m-3,44.4264,26.1406
2022-06-01 16:00:00,2022-06-01 17:00:00,14.580000000000000000,ug.m-3,44.4264,26.1406
2022-06-01 17:00:00,2022-06-01 18:00:00,15.670000000000000000,ug.m-3,44.4264,26.1406
2022-06-01 18:00:00,2022-06-01 19:00:00,10.240000000000000000,ug.m-3,44.4264,26.1406
2022-06-01 19:00:00,2022-06-01 20:00:00,15.350000000000000000,ug.m-3,44.4264,26.1406
2022-06-01 20:00:00,2022-06-01 21:00:00,19.610000000000000000,ug.m-3,44.4264,26.1406
2022-06-01 21:00:00,2022-06-01 22:00:00,20.490000000000000000,ug.m-3,44.4264,26.1406
2022-06-01 22:00:00,2022-06-01 23:00:00,18.660000000000000000,ug.m-3,44.4264,26.1406
2022-06-01 23:00:00,2022-06-02 00:00:00,21.430000000000000000,ug.m-3,44.4264,26.1406
2022-06-02 00:00:00,2022-06-02 01:00:00,24.590000000000000000,ug.m-3,44.4264,26.1406
2022-06-02 01:00:00,2022-06-02 02:00:00,24.220000000000000000,ug.m-3,44.4264,26.1406
2022-06-02 02:00:00,2022-06-02 03:00:00,25.240000000000000000,ug.m-3,44.4264,26.1406
2022-06-02 03:00:00,2022-06-02 04:00:00,19.050000000000000000,ug.m-3,44.4264,26.1406
2022-06-02 04:00:00,2022-06-02 05:00:00,19.160000000000000000,ug.m-3,44.4264,26.1406
2022-06-02 05:00:00,2022-06-02 06:00:00,18.850000000000000000,ug.m-3,44.4264,26.1406
2022-06-02 06:00:00,2022-06-02 07:00:00,19.900000000000000000,ug.m-3,44.4264,26.1406
2022-06-02 07:00:00,2022-06-02 08:00:00,25.680000000000000000,ug.m-3,44.4264,26.1406
2022-06-02 08:00:00,2022-06-02 09:00:00,24.650000000000000000,ug.m-3,44.4264,26.1406
2022-06-02 09:00:00,2022-06-02 10:00:00,22.560000000000000000,ug.m-3,44.4264,26.1406
2022-06-02 10:00:00,2022-06-02 11:00:00,21.380000000000000000,ug.m-3,44.4264,26.1406
2022-06-02 11:00:00,2022-06-02 12:00:00,19.070000000000000000,ug.m-3,44.4264,26.1406
2022-06-02 12:00:00,2022-06-02 13:00:00,20.060000000000000000,ug.m-3,44.4264,26.1406
2022-06-02 13:00:00,2022-06-02 14:00:00,20.700000000000000000,ug.m-3,44.4264,26.1406
2022-06-02 14:00:00,2022-06-02 15:00:00,19.280000000000000000,ug.m-3,44.4264,26.1406
2022-06-02 15:00:00,2022-06-02 16:00:00,20.460000000000000000,ug.m-3,44.4264,26.1406
2022-06-02 16:00:00,2022-06-02 17:00:00,18.310000000000000000,ug.m-3,44.4264,26.1406
2022-06-02 17:00:00,2022-06-02 18:00:00,16.250000000000000000,ug.m-3,44.4264,26.1406
2022-06-02 18:00:00,2022-06-02 19:00:00,14.270000000000000000,ug.m-3,44.4264,26.1406
2022-06-02 19:00:00,2022-06-02 20:00:00,16.730000000000000000,ug.m-3,44.4264,26.1406
2022-06-02 20:00:00,2022-06-02 21:00:00,23.850000000000000000,ug.m-3,44.4264,26.1406
2022-06-02 21:00:00,2022-06-02 22:00:00,28.100000000000000000,ug.m-3,44.4264,26.1406
2022-06-02 22:00:00,2022-06-02 23:00:00,27.410000000000000000,ug.m-3,44.4264,26.1406
2022-06-02 23:00:00,2022-06-03 00:00:00,24.880000000000000000,ug.m-3,44.4264,26.1406
2022-06-03 00:00:00,2022-06-03 01:00:00,23.520000000000000000,ug.m-3,44.4264,26.1406
2022-06-03 01:00:00,2022-06-03 02:00:00,21.990000000000000000,ug.m-3,44.4264,26.1406
2022-06-03 02:00:00,2022-06-03 03:00:00,19.080000000000000000,ug.m-3,44.4264,26.1406
2022-06-03 03:00:00,2022-06-03 04:00:00,17.960000000000000000,ug.m-3,44.4264,26.1406
2022-06-03 04:00:00,2022-06-03 05:00:00,16.870000000000000000,ug.m-3,44.4264,26.1406
2022-06-03 05:00:00,2022-06-03 06:00:00,16.150000000000000000,ug.m-3,44.4264,26.1406
2022-06-03 06:00:00,2022-06-03 07:00:00,19.130000000000000000,ug.m-3,44.4264,26.1406
2022-06-03 07:00:00,2022-06-03 08:00:00,21.780000000000000000,ug.m-3,44.4264,26.1406
2022-06-03 08:00:00,2022-06-03 09:00:00,24.710000000000000000,ug.m-3,44.4264,26.1406
2022-06-03 09:00:00,2022-06-03 10:00:00,23.480000000000000000,ug.m-3,44.4264,26.1406
2022-06-03 10:00:00,2022-06-03 11:00:00,23.530000000000000000,ug.m-3,44.4264,26.1406
2022-06-03 11:00:00,2022-06-03 12:00:00,22.640000000000000000,ug.m-3,44.4264,26.1406
2022-06-03 12:00:00,2022-06-03 13:00:00,20.320000000000000000,ug.m-3,44.4264,26.1406
2022-06-03 13:00:00,2022-06-03 14:00:00,21.850000000000000000,ug.m-3,44.4264,26.1406
2022-06-03 14:00:00,2022-06-03 15:00:00,20.880000000000000000,ug.m-3,44.4264,26.1406
2022-06-03 15:00:00,2022-06-03 16:00:00,19.900000000000000000,ug.m-3,44.4264,26.1406
2022-06-03 16:00:00,2022-06-03 17:00:00,19.290000000000000000,ug.m-3,44.4264,26.1406
2022-06-03 17:00:00,2022-06-03 18:00:00,17.420000000000000000,ug.m-3,44.4264,26.1406
2022-06-03 18:00:00,2022-06-03 19:00:00,18.740000000000000000,ug.m-3,44.4264,26.1406
2022-06-03 19:00:00,2022-06-03 20:00:00,19.860000000000000000,ug.m-3,44.4264,26.1406
2022-06-03 20:00:00,2022-06-03 21:00:00,16.260000000000000000,ug.m-3,44.4264,26.1406
2022-06-03 21:00:00,2022-06-03 22:00:00,16.680000000000000000,ug.m-3,44.4264,26.1406
2022-06-03 22:00:00,2022-06-03 23:00:00,18.040000000000000000,ug.m-3,44.4264,26.1406
2022-06-03 23:00:00,2022-06-04 00:00:00,18.980000000000000000,ug.m-3,44.4264,26.1406
2022-06-04 00:00:00,2022-06-04 01:00:00,19.220000000000000000,ug.m-3,44.4264,26.1406
2022-06-04 01:00:00,2022-06-04 02:00:00,19.630000000000000000,ug.m-3,44.4264,26.1406
2022-06-04 02:00:00,2022-06-04 03:00:00,17.000000000000000000,ug.m-3,44.4264,26.1406
2022-06-04 03:00:00,2022-06-04 04:00:00,20.780000000000000000,ug.m-3,44.4264,26.1406
2022-06-04 04:00:00,2022-06-04 05:00:00,16.890000000000000000,ug.m-3,44.4264,26.1406
2022-06-04 05:00:00,2022-06-04 06:00:00,17.850000000000000000,ug.m-3,44.4264,26.1406
2022-06-04 06:00:00,2022-06-04 07:00:00,16.830000000000000000,ug.m-3,44.4264,26.1406
2022-06-04 07:00:00,2022-06-04 08:00:00,15.030000000000000000,ug.m-3,44.4264,26.1406
2022-06-04 08:00:00,2022-06-04 09:00:00,17.740000000000000000,ug.m-3,44.4264,26.1406
2022-06-04 09:00:00,2022-06-04 10:00:00,17.880000000000000000,ug.m-3,44.4264,26.1406
2022-06-04 10:00:00,2022-06-04 11:00:00,18.140000000000000000,ug.m-3,44.4264,26.1406
2022-06-04 11:00:00,2022-06-04 12:00:00,21.840000000000000000,ug.m-3,44.4264,26.1406
2022-06-04 12:00:00,2022-06-04 13:00:00,21.220000000000000000,ug.m-3,44.4264,26.1406
2022-06-04 13:00:00,2022-06-04 14:00:00,17.880000000000000000,ug.m-3,44.4264,26.1406
2022-06-04 14:00:00,2022-06-04 15:00:00,16.800000000000000000,ug.m-3,44.4264,26.1406
2022-06-04 15:00:00,2022-06-04 16:00:00,18.100000000000000000,ug.m-3,44.4264,26.1406
2022-06-04 16:00:00,2022-06-04 17:00:00,22.220000000000000000,ug.m-3,44.4264,26.1406
2022-06-04 17:00:00,2022-06-04 18:00:00,19.560000000000000000,ug.m-3,44.4264,26.1406
2022-06-04 18:00:00,2022-06-04 19:00:00,19.720000000000000000,ug.m-3,44.4264,26.1406
2022-06-04 19:00:00,2022-06-04 20:00:00,19.920000000000000000,ug.m-3,44.4264,26.1406
2022-06-04 20:00:00,2022-06-04 21:00:00,23.050000000000000000,ug.m-3,44.4264,26.1406
2022-06-04 21:00:00,2022-06-04 22:00:00,25.630000000000000000,ug.m-3,44.4264,26.1406
2022-06-04 22:00:00,2022-06-04 23:00:00,30.620000000000000000,ug.m-3,44.4264,26.1406
2022-06-04 23:00:00,2022-06-05 00:00:00,34.550000000000000000,ug.m-3,44.4264,26.1406
2022-06-05 00:00:00,2022-06-05 01:00:00,41.900000000000000000,ug.m-3,44.4264,26.1406
2022-06-05 01:00:00,2022-06-05 02:00:00,43.350000000000000000,ug.m-3,44.4264,26.1406
2022-06-05 02:00:00,2022-06-05 03:00:00,34.550000000000000000,ug.m-3,44.4264,26.1406
2022-06-05 03:00:00,2022-06-05 04:00:00,28.960000000000000000,ug.m-3,44.4264,26.1406
2022-06-05 04:00:00,2022-06-05 05:00:00,27.480000000000000000,ug.m-3,44.4264,26.1406
2022-06-05 05:00:00,2022-06-05 06:00:00,26.580000000000000000,ug.m-3,44.4264,26.1406
2022-06-05 06:00:00,2022-06-05 07:00:00,23.770000000000000000,ug.m-3,44.4264,26.1406
2022-06-05 07:00:00,2022-06-05 08:00:00,23.200000000000000000,ug.m-3,44.4264,26.1406
2022-06-05 08:00:00,2022-06-05 09:00:00,21.530000000000000000,ug.m-3,44.4264,26.1406
2022-06-05 09:00:00,2022-06-05 10:00:00,20.000000000000000000,ug.m-3,44.4264,26.1406
2022-06-05 10:00:00,2022-06-05 11:00:00,22.410000000000000000,ug.m-3,44.4264,26.1406
2022-06-05 11:00:00,2022-06-05 12:00:00,22.170000000000000000,ug.m-3,44.4264,26.1406
2022-06-05 12:00:00,2022-06-05 13:00:00,22.670000000000000000,ug.m-3,44.4264,26.1406
2022-06-05 13:00:00,2022-06-05 14:00:00,18.720000000000000000,ug.m-3,44.4264,26.1406
2022-06-05 14:00:00,2022-06-05 15:00:00,15.780000000000000000,ug.m-3,44.4264,26.1406
2022-06-05 15:00:00,2022-06-05 16:00:00,16.650000000000000000,ug.m-3,44.4264,26.1406
2022-06-05 16:00:00,2022-06-05 17:00:00,16.820000000000000000,ug.m-3,44.4264,26.1406
2022-06-05 17:00:00,2022-06-05 18:00:00,24.320000000000000000,ug.m-3,44.4264,26.1406
2022-06-05 18:00:00,2022-06-05 19:00:00,25.870000000000000000,ug.m-3,44.4264,26.1406
2022-06-05 19:00:00,2022-06-05 20:00:00,19.640000000000000000,ug.m-3,44.4264,26.1406
2022-06-05 20:00:00,2022-06-05 21:00:00,15.190000000000000000,ug.m-3,44.4264,26.1406
2022-06-05 21:00:00,2022-06-05 22:00:00,14.420000000000000000,ug.m-3,44.4264,26.1406
2022-06-05 22:00:00,2022-06-05 23:00:00,17.740000000000000000,ug.m-3,44.4264,26.1406
2022-06-05 23:00:00,2022-06-06 00:00:00,13.310000000000000000,ug.m-3,44.4264,26.1406
2022-06-06 00:00:00,2022-06-06 01:00:00,13.640000000000000000,ug.m-3,44.4264,26.1406
2022-06-06 01:00:00,2022-06-06 02:00:00,9.800000000000000000,ug.m-3,44.4264,26.1406
2022-06-06 02:00:00,2022-06-06 03:00:00,7.380000000000000000,ug.m-3,44.4264,26.1406
2022-06-06 03:00:00,2022-06-06 04:00:00,1.990000000000000000,ug.m-3,44.4264,26.1406
2022-06-06 04:00:00,2022-06-06 05:00:00,5.810000000000000000,ug.m-3,44.4264,26.1406
2022-06-06 05:00:00,2022-06-06 06:00:00,13.390000000000000000,ug.m-3,44.4264,26.1406
2022-06-06 06:00:00,2022-06-06 07:00:00,6.540000000000000000,ug.m-3,44.4264,26.1406
2022-06-06 07:00:00,2022-06-06 08:00:00,5.550000000000000000,ug.m-3,44.4264,26.1406
2022-06-06 08:00:00,2022-06-06 09:00:00,7.960000000000000000,ug.m-3,44.4264,26.1406
2022-06-06 09:00:00,2022-06-06 10:00:00,5.910000000000000000,ug.m-3,44.4264,26.1406
2022-06-06 10:00:00,2022-06-06 11:00:00,7.290000000000000000,ug.m-3,44.4264,26.1406
2022-06-06 11:00:00,2022-06-06 12:00:00,9.150000000000000000,ug.m-3,44.4264,26.1406
2022-06-06 12:00:00,2022-06-06 13:00:00,11.040000000000000000,ug.m-3,44.4264,26.1406
2022-06-06 13:00:00,2022-06-06 14:00:00,14.360000000000000000,ug.m-3,44.4264,26.1406
2022-06-06 14:00:00,2022-06-06 15:00:00,11.290000000000000000,ug.m-3,44.4264,26.1406
2022-06-06 15:00:00,2022-06-06 16:00:00,16.100000000000000000,ug.m-3,44.4264,26.1406
2022-06-06 16:00:00,2022-06-06 17:00:00,15.800000000000000000,ug.m-3,44.4264,26.1406
2022-06-06 17:00:00,2022-06-06 18:00:00,13.740000000000000000,ug.m-3,44.4264,26.1406
2022-06-06 18:00:00,2022-06-06 19:00:00,14.750000000000000000,ug.m-3,44.4264,26.1406
2022-06-06 19:00:00,2022-06-06 20:00:00,16.790000000000000000,ug.m-3,44.4264,26.1406
2022-06-06 20:00:00,2022-06-06 21:00:00,15.200000000000000000,ug.m-3,44.4264,26.1406
2022-06-06 21:00:00,2022-06-06 22:00:00,17.820000000000000000,ug.m-3,44.4264,26.1406
2022-06-06 22:00:00,2022-06-06 23:00:00,20.110000000000000000,ug.m-3,44.4264,26.1406
2022-06-06 23:00:00,2022-06-07 00:00:00,24.530000000000000000,ug.m-3,44.4264,26.1406
2022-06-07 00:00:00,2022-06-07 01:00:00,26.670000000000000000,ug.m-3,44.4264,26.1406
2022-06-07 01:00:00,2022-06-07 02:00:00,22.810000000000000000,ug.m-3,44.4264,26.1406
2022-06-07 02:00:00,2022-06-07 03:00:00,22.160000000000000000,ug.m-3,44.4264,26.1406
2022-06-07 03:00:00,2022-06-07 04:00:00,21.260000000000000000,ug.m-3,44.4264,26.1406
2022-06-07 04:00:00,2022-06-07 05:00:00,17.110000000000000000,ug.m-3,44.4264,26.1406
2022-06-07 05:00:00,2022-06-07 06:00:00,16.670000000000000000,ug.m-3,44.4264,26.1406
2022-06-07 06:00:00,2022-06-07 07:00:00,19.120000000000000000,ug.m-3,44.4264,26.1406
2022-06-07 07:00:00,2022-06-07 08:00:00,19.090000000000000000,ug.m-3,44.4264,26.1406
2022-06-07 08:00:00,2022-06-07 09:00:00,18.810000000000000000,ug.m-3,44.4264,26.1406
2022-06-07 09:00:00,2022-06-07 10:00:00,14.970000000000000000,ug.m-3,44.4264,26.1406
2022-06-07 10:00:00,2022-06-07 11:00:00,12.540000000000000000,ug.m-3,44.4264,26.1406
2022-06-07 11:00:00,2022-06-07 12:00:00,11.490000000000000000,ug.m-3,44.4264,26.1406
2022-06-07 12:00:00,2022-06-07 13:00:00,6.320000000000000000,ug.m-3,44.4264,26.1406
2022-06-07 13:00:00,2022-06-07 14:00:00,10.410000000000000000,ug.m-3,44.4264,26.1406
2022-06-07 14:00:00,2022-06-07 15:00:00,12.660000000000000000,ug.m-3,44.4264,26.1406
2022-06-07 15:00:00,2022-06-07 16:00:00,11.370000000000000000,ug.m-3,44.4264,26.1406
2022-06-07 16:00:00,2022-06-07 17:00:00,15.850000000000000000,ug.m-3,44.4264,26.1406
2022-06-07 17:00:00,2022-06-07 18:00:00,18.500000000000000000,ug.m-3,44.4264,26.1406
2022-06-07 18:00:00,2022-06-07 19:00:00,14.610000000000000000,ug.m-3,44.4264,26.1406
2022-06-07 19:00:00,2022-06-07 20:00:00,13.980000000000000000,ug.m-3,44.4264,26.1406
2022-06-07 20:00:00,2022-06-07 21:00:00,17.240000000000000000,ug.m-3,44.4264,26.1406
2022-06-07 21:00:00,2022-06-07 22:00:00,22.820000000000000000,ug.m-3,44.4264,26.1406
2022-06-07 22:00:00,2022-06-07 23:00:00,21.190000000000000000,ug.m-3,44.4264,26.1406
2022-06-07 23:00:00,2022-06-08 00:00:00,20.100000000000000000,ug.m-3,44.4264,26.1406
2022-06-08 00:00:00,2022-06-08 01:00:00,19.610000000000000000,ug.m-3,44.4264,26.1406
2022-06-08 01:00:00,2022-06-08 02:00:00,16.720000000000000000,ug.m-3,44.4264,26.1406
2022-06-08 02:00:00,2022-06-08 03:00:00,20.700000000000000000,ug.m-3,44.4264,26.1406
2022-06-08 03:00:00,2022-06-08 04:00:00,19.490000000000000000,ug.m-3,44.4264,26.1406
2022-06-08 04:00:00,2022-06-08 05:00:00,17.690000000000000000,ug.m-3,44.4264,26.1406
2022-06-08 05:00:00,2022-06-08 06:00:00,17.820000000000000000,ug.m-3,44.4264,26.1406
2022-06-08 06:00:00,2022-06-08 07:00:00,17.490000000000000000,ug.m-3,44.4264,26.1406
2022-06-08 07:00:00,2022-06-08 08:00:00,19.230000000000000000,ug.m-3,44.4264,26.1406
2022-06-08 08:00:00,2022-06-08 09:00:00,16.340000000000000000,ug.m-3,44.4264,26.1406
2022-06-08 09:00:00,2022-06-08 10:00:00,15.130000000000000000,ug.m-3,44.4264,26.1406
2022-06-08 10:00:00,2022-06-08 11:00:00,15.280000000000000000,ug.m-3,44.4264,26.1406
2022-06-08 11:00:00,2022-06-08 12:00:00,15.290000000000000000,ug.m-3,44.4264,26.1406
2022-06-08 12:00:00,2022-06-08 13:00:00,13.260000000000000000,ug.m-3,44.4264,26.1406
2022-06-08 13:00:00,2022-06-08 14:00:00,12.020000000000000000,ug.m-3,44.4264,26.1406
2022-06-08 14:00:00,2022-06-08 15:00:00,14.130000000000000000,ug.m-3,44.4264,26.1406
2022-06-08 15:00:00,2022-06-08 16:00:00,18.840000000000000000,ug.m-3,44.4264,26.1406
2022-06-08 16:00:00,2022-06-08 17:00:00,17.140000000000000000,ug.m-3,44.4264,26.1406
2022-06-08 17:00:00,2022-06-08 18:00:00,18.360000000000000000,ug.m-3,44.4264,26.1406
2022-06-08 18:00:00,2022-06-08 19:00:00,19.160000000000000000,ug.m-3,44.4264,26.1406
2022-06-08 19:00:00,2022-06-08 20:00:00,21.450000000000000000,ug.m-3,44.4264,26.1406
2022-06-08 20:00:00,2022-06-08 21:00:00,21.270000000000000000,ug.m-3,44.4264,26.1406
2022-06-08 21:00:00,2022-06-08 22:00:00,16.890000000000000000,ug.m-3,44.4264,26.1406
2022-06-08 22:00:00,2022-06-08 23:00:00,19.510000000000000000,ug.m-3,44.4264,26.1406
2022-06-08 23:00:00,2022-06-09 00:00:00,26.000000000000000000,ug.m-3,44.4264,26.1406
2022-06-09 00:00:00,2022-06-09 01:00:00,20.150000000000000000,ug.m-3,44.4264,26.1406
2022-06-09 01:00:00,2022-06-09 02:00:00,22.970000000000000000,ug.m-3,44.4264,26.1406
2022-06-09 02:00:00,2022-06-09 03:00:00,25.130000000000000000,ug.m-3,44.4264,26.1406
2022-06-09 03:00:00,2022-06-09 04:00:00,24.520000000000000000,ug.m-3,44.4264,26.1406
2022-06-09 04:00:00,2022-06-09 05:00:00,23.230000000000000000,ug.m-3,44.4264,26.1406
2022-06-09 05:00:00,2022-06-09 06:00:00,17.240000000000000000,ug.m-3,44.4264,26.1406
2022-06-09 06:00:00,2022-06-09 07:00:00,14.500000000000000000,ug.m-3,44.4264,26.1406
2022-06-09 07:00:00,2022-06-09 08:00:00,14.180000000000000000,ug.m-3,44.4264,26.1406
2022-06-09 08:00:00,2022-06-09 09:00:00,15.090000000000000000,ug.m-3,44.4264,26.1406
2022-06-09 09:00:00,2022-06-09 10:00:00,14.290000000000000000,ug.m-3,44.4264,26.1406
2022-06-09 10:00:00,2022-06-09 11:00:00,15.120000000000000000,ug.m-3,44.4264,26.1406
2022-06-09 11:00:00,2022-06-09 12:00:00,14.160000000000000000,ug.m-3,44.4264,26.1406
2022-06-09 12:00:00,2022-06-09 13:00:00,16.070000000000000000,ug.m-3,44.4264,26.1406
2022-06-09 13:00:00,2022-06-09 14:00:00,15.490000000000000000,ug.m-3,44.4264,26.1406
2022-06-09 14:00:00,2022-06-09 15:00:00,15.580000000000000000,ug.m-3,44.4264,26.1406
2022-06-09 15:00:00,2022-06-09 16:00:00,14.870000000000000000,ug.m-3,44.4264,26.1406
2022-06-09 16:00:00,2022-06-09 17:00:00,17.190000000000000000,ug.m-3,44.4264,26.1406
2022-06-09 17:00:00,2022-06-09 18:00:00,22.300000000000000000,ug.m-3,44.4264,26.1406
2022-06-09 18:00:00,2022-06-09 19:00:00,23.150000000000000000,ug.m-3,44.4264,26.1406
2022-06-09 19:00:00,2022-06-09 20:00:00,19.810000000000000000,ug.m-3,44.4264,26.1406
2022-06-09 20:00:00,2022-06-09 21:00:00,21.100000000000000000,ug.m-3,44.4264,26.1406
2022-06-09 21:00:00,2022-06-09 22:00:00,22.590000000000000000,ug.m-3,44.4264,26.1406
2022-06-09 22:00:00,2022-06-09 23:00:00,17.700000000000000000,ug.m-3,44.4264,26.1406
2022-06-09 23:00:00,2022-06-10 00:00:00,18.590000000000000000,ug.m-3,44.4264,26.1406
2022-06-10 00:00:00,2022-06-10 01:00:00,17.920000000000000000,ug.m-3,44.4264,26.1406
2022-06-10 01:00:00,2022-06-10 02:00:00,18.750000000000000000,ug.m-3,44.4264,26.1406
2022-06-10 02:00:00,2022-06-10 03:00:00,15.090000000000000000,ug.m-3,44.4264,26.1406
2022-06-10 03:00:00,2022-06-10 04:00:00,15.820000000000000000,ug.m-3,44.4264,26.1406
2022-06-10 04:00:00,2022-06-10 05:00:00,18.330000000000000000,ug.m-3,44.4264,26.1406
2022-06-10 05:00:00,2022-06-10 06:00:00,16.890000000000000000,ug.m-3,44.4264,26.1406
2022-06-10 06:00:00,2022-06-10 07:00:00,19.500000000000000000,ug.m-3,44.4264,26.1406
2022-06-10 07:00:00,2022-06-10 08:00:00,20.660000000000000000,ug.m-3,44.4264,26.1406
2022-06-10 08:00:00,2022-06-10 09:00:00,18.530000000000000000,ug.m-3,44.4264,26.1406
2022-06-10 09:00:00,2022-06-10 10:00:00,15.600000000000000000,ug.m-3,44.4264,26.1406
2022-06-10 10:00:00,2022-06-10 11:00:00,16.220000000000000000,ug.m-3,44.4264,26.1406
2022-06-10 11:00:00,2022-06-10 12:00:00,16.360000000000000000,ug.m-3,44.4264,26.1406
2022-06-10 12:00:00,2022-06-10 13:00:00,14.380000000000000000,ug.m-3,44.4264,26.1406
2022-06-10 13:00:00,2022-06-10 14:00:00,16.630000000000000000,ug.m-3,44.4264,26.1406
2022-06-10 14:00:00,2022-06-10 15:00:00,15.570000000000000000,ug.m-3,44.4264,26.1406
2022-06-10 15:00:00,2022-06-10 16:00:00,14.500000000000000000,ug.m-3,44.4264,26.1406
2022-06-10 16:00:00,2022-06-10 17:00:00,14.620000000000000000,ug.m-3,44.4264,26.1406
2022-06-10 17:00:00,2022-06-10 18:00:00,16.430000000000000000,ug.m-3,44.4264,26.1406
2022-06-10 18:00:00,2022-06-10 19:00:00,16.640000000000000000,ug.m-3,44.4264,26.1406
2022-06-10 19:00:00,2022-06-10 20:00:00,12.820000000000000000,ug.m-3,44.4264,26.1406
2022-06-10 20:00:00,2022-06-10 21:00:00,13.170000000000000000,ug.m-3,44.4264,26.1406
2022-06-10 21:00:00,2022-06-10 22:00:00,15.870000000000000000,ug.m-3,44.4264,26.1406
2022-06-10 22:00:00,2022-06-10 23:00:00,13.020000000000000000,ug.m-3,44.4264,26.1406
2022-06-10 23:00:00,2022-06-11 00:00:00,12.620000000000000000,ug.m-3,44.4264,26.1406
2022-06-11 00:00:00,2022-06-11 01:00:00,12.590000000000000000,ug.m-3,44.4264,26.1406
2022-06-11 01:00:00,2022-06-11 02:00:00,10.440000000000000000,ug.m-3,44.4264,26.1406
2022-06-11 02:00:00,2022-06-11 03:00:00,10.530000000000000000,ug.m-3,44.4264,26.1406
2022-06-11 03:00:00,2022-06-11 04:00:00,16.110000000000000000,ug.m-3,44.4264,26.1406
2022-06-11 04:00:00,2022-06-11 05:00:00,17.240000000000000000,ug.m-3,44.4264,26.1406
2022-06-11 05:00:00,2022-06-11 06:00:00,14.970000000000000000,ug.m-3,44.4264,26.1406
2022-06-11 06:00:00,2022-06-11 07:00:00,14.930000000000000000,ug.m-3,44.4264,26.1406
2022-06-11 07:00:00,2022-06-11 08:00:00,16.750000000000000000,ug.m-3,44.4264,26.1406
2022-06-11 08:00:00,2022-06-11 09:00:00,18.180000000000000000,ug.m-3,44.4264,26.1406
2022-06-11 09:00:00,2022-06-11 10:00:00,17.930000000000000000,ug.m-3,44.4264,26.1406
2022-06-11 10:00:00,2022-06-11 11:00:00,16.030000000000000000,ug.m-3,44.4264,26.1406
2022-06-11 11:00:00,2022-06-11 12:00:00,14.020000000000000000,ug.m-3,44.4264,26.1406
2022-06-11 12:00:00,2022-06-11 13:00:00,16.560000000000000000,ug.m-3,44.4264,26.1406
2022-06-11 13:00:00,2022-06-11 14:00:00,14.750000000000000000,ug.m-3,44.4264,26.1406
2022-06-11 14:00:00,2022-06-11 15:00:00,20.080000000000000000,ug.m-3,44.4264,26.1406
2022-06-11 15:00:00,2022-06-11 16:00:00,13.720000000000000000,ug.m-3,44.4264,26.1406
2022-06-11 16:00:00,2022-06-11 17:00:00,12.430000000000000000,ug.m-3,44.4264,26.1406
2022-06-11 17:00:00,2022-06-11 18:00:00,10.240000000000000000,ug.m-3,44.4264,26.1406
2022-06-11 18:00:00,2022-06-11 19:00:00,9.450000000000000000,ug.m-3,44.4264,26.1406
2022-06-11 19:00:00,2022-06-11 20:00:00,13.590000000000000000,ug.m-3,44.4264,26.1406
2022-06-11 20:00:00,2022-06-11 21:00:00,11.920000000000000000,ug.m-3,44.4264,26.1406
2022-06-11 21:00:00,2022-06-11 22:00:00,11.420000000000000000,ug.m-3,44.4264,26.1406
2022-06-11 22:00:00,2022-06-11 23:00:00,12.710000000000000000,ug.m-3,44.4264,26.1406
2022-06-11 23:00:00,2022-06-12 00:00:00,13.350000000000000000,ug.m-3,44.4264,26.1406
2022-06-12 00:00:00,2022-06-12 01:00:00,16.130000000000000000,ug.m-3,44.4264,26.1406
2022-06-12 01:00:00,2022-06-12 02:00:00,16.300000000000000000,ug.m-3,44.4264,26.1406
2022-06-12 02:00:00,2022-06-12 03:00:00,17.520000000000000000,ug.m-3,44.4264,26.1406
2022-06-12 03:00:00,2022-06-12 04:00:00,17.910000000000000000,ug.m-3,44.4264,26.1406
2022-06-12 04:00:00,2022-06-12 05:00:00,15.830000000000000000,ug.m-3,44.4264,26.1406
2022-06-12 05:00:00,2022-06-12 06:00:00,17.220000000000000000,ug.m-3,44.4264,26.1406
2022-06-12 06:00:00,2022-06-12 07:00:00,17.010000000000000000,ug.m-3,44.4264,26.1406
2022-06-12 07:00:00,2022-06-12 08:00:00,17.130000000000000000,ug.m-3,44.4264,26.1406
2022-06-12 08:00:00,2022-06-12 09:00:00,16.280000000000000000,ug.m-3,44.4264,26.1406
2022-06-12 09:00:00,2022-06-12 10:00:00,16.570000000000000000,ug.m-3,44.4264,26.1406
2022-06-12 10:00:00,2022-06-12 11:00:00,14.860000000000000000,ug.m-3,44.4264,26.1406
2022-06-12 11:00:00,2022-06-12 12:00:00,17.630000000000000000,ug.m-3,44.4264,26.1406
2022-06-12 12:00:00,2022-06-12 13:00:00,19.010000000000000000,ug.m-3,44.4264,26.1406
2022-06-12 13:00:00,2022-06-12 14:00:00,19.000000000000000000,ug.m-3,44.4264,26.1406
2022-06-12 14:00:00,2022-06-12 15:00:00,17.970000000000000000,ug.m-3,44.4264,26.1406
2022-06-12 15:00:00,2022-06-12 16:00:00,20.800000000000000000,ug.m-3,44.4264,26.1406
2022-06-12 16:00:00,2022-06-12 17:00:00,19.710000000000000000,ug.m-3,44.4264,26.1406
2022-06-12 17:00:00,2022-06-12 18:00:00,14.170000000000000000,ug.m-3,44.4264,26.1406
2022-06-12 18:00:00,2022-06-12 19:00:00,12.830000000000000000,ug.m-3,44.4264,26.1406
2022-06-12 19:00:00,2022-06-12 20:00:00,13.010000000000000000,ug.m-3,44.4264,26.1406
2022-06-12 20:00:00,2022-06-12 21:00:00,14.160000000000000000,ug.m-3,44.4264,26.1406
2022-06-12 21:00:00,2022-06-12 22:00:00,9.730000000000000000,ug.m-3,44.4264,26.1406
2022-06-12 22:00:00,2022-06-12 23:00:00,8.770000000000000000,ug.m-3,44.4264,26.1406
2022-06-12 23:00:00,2022-06-13 00:00:00,11.720000000000000000,ug.m-3,44.4264,26.1406
2022-06-13 00:00:00,2022-06-13 01:00:00,14.170000000000000000,ug.m-3,44.4264,26.1406
2022-06-13 01:00:00,2022-06-13 02:00:00,15.790000000000000000,ug.m-3,44.4264,26.1406
2022-06-13 02:00:00,2022-06-13 03:00:00,15.030000000000000000,ug.m-3,44.4264,26.1406
2022-06-13 03:00:00,2022-06-13 04:00:00,14.980000000000000000,ug.m-3,44.4264,26.1406
2022-06-13 04:00:00,2022-06-13 05:00:00,19.560000000000000000,ug.m-3,44.4264,26.1406
2022-06-13 05:00:00,2022-06-13 06:00:00,14.390000000000000000,ug.m-3,44.4264,26.1406
2022-06-13 06:00:00,2022-06-13 07:00:00,18.590000000000000000,ug.m-3,44.4264,26.1406
2022-06-13 07:00:00,2022-06-13 08:00:00,20.530000000000000000,ug.m-3,44.4264,26.1406
2022-06-13 08:00:00,2022-06-13 09:00:00,16.130000000000000000,ug.m-3,44.4264,26.1406
2022-06-13 09:00:00,2022-06-13 10:00:00,7.000000000000000000,ug.m-3,44.4264,26.1406
2022-06-13 10:00:00,2022-06-13 11:00:00,11.540000000000000000,ug.m-3,44.4264,26.1406
2022-06-13 11:00:00,2022-06-13 12:00:00,15.960000000000000000,ug.m-3,44.4264,26.1406
2022-06-13 12:00:00,2022-06-13 13:00:00,16.840000000000000000,ug.m-3,44.4264,26.1406
2022-06-13 13:00:00,2022-06-13 14:00:00,17.910000000000000000,ug.m-3,44.4264,26.1406
2022-06-13 14:00:00,2022-06-13 15:00:00,19.080000000000000000,ug.m-3,44.4264,26.1406
2022-06-13 15:00:00,2022-06-13 16:00:00,21.130000000000000000,ug.m-3,44.4264,26.1406
2022-06-13 16:00:00,2022-06-13 17:00:00,20.750000000000000000,ug.m-3,44.4264,26.1406
2022-06-13 17:00:00,2022-06-13 18:00:00,21.690000000000000000,ug.m-3,44.4264,26.1406
2022-06-13 18:00:00,2022-06-13 19:00:00,16.810000000000000000,ug.m-3,44.4264,26.1406
2022-06-13 19:00:00,2022-06-13 20:00:00,13.290000000000000000,ug.m-3,44.4264,26.1406
2022-06-13 20:00:00,2022-06-13 21:00:00,18.820000000000000000,ug.m-3,44.4264,26.1406
2022-06-13 21:00:00,2022-06-13 22:00:00,18.890000000000000000,ug.m-3,44.4264,26.1406
2022-06-13 22:00:00,2022-06-13 23:00:00,21.740000000000000000,ug.m-3,44.4264,26.1406
2022-06-13 23:00:00,2022-06-14 00:00:00,19.670000000000000000,ug.m-3,44.4264,26.1406
2022-06-14 00:00:00,2022-06-14 01:00:00,18.370000000000000000,ug.m-3,44.4264,26.1406
2022-06-14 01:00:00,2022-06-14 02:00:00,19.150000000000000000,ug.m-3,44.4264,26.1406
2022-06-14 02:00:00,2022-06-14 03:00:00,17.870000000000000000,ug.m-3,44.4264,26.1406
2022-06-14 03:00:00,2022-06-14 04:00:00,18.350000000000000000,ug.m-3,44.4264,26.1406
2022-06-14 04:00:00,2022-06-14 05:00:00,19.020000000000000000,ug.m-3,44.4264,26.1406
2022-06-14 05:00:00,2022-06-14 06:00:00,22.840000000000000000,ug.m-3,44.4264,26.1406
2022-06-14 06:00:00,2022-06-14 07:00:00,24.590000000000000000,ug.m-3,44.4264,26.1406
2022-06-14 07:00:00,2022-06-14 08:00:00,24.840000000000000000,ug.m-3,44.4264,26.1406
2022-06-14 08:00:00,2022-06-14 09:00:00,27.580000000000000000,ug.m-3,44.4264,26.1406
2022-06-14 09:00:00,2022-06-14 10:00:00,26.590000000000000000,ug.m-3,44.4264,26.1406
2022-06-14 10:00:00,2022-06-14 11:00:00,28.480000000000000000,ug.m-3,44.4264,26.1406
2022-06-14 11:00:00,2022-06-14 12:00:00,29.130000000000000000,ug.m-3,44.4264,26.1406
2022-06-14 12:00:00,2022-06-14 13:00:00,25.430000000000000000,ug.m-3,44.4264,26.1406
2022-06-14 13:00:00,2022-06-14 14:00:00,24.530000000000000000,ug.m-3,44.4264,26.1406
2022-06-14 14:00:00,2022-06-14 15:00:00,24.900000000000000000,ug.m-3,44.4264,26.1406
2022-06-14 15:00:00,2022-06-14 16:00:00,19.100000000000000000,ug.m-3,44.4264,26.1406
2022-06-14 16:00:00,2022-06-14 17:00:00,5.540000000000000000,ug.m-3,44.4264,26.1406
2022-06-14 17:00:00,2022-06-14 18:00:00,13.580000000000000000,ug.m-3,44.4264,26.1406
2022-06-14 18:00:00,2022-06-14 19:00:00,13.490000000000000000,ug.m-3,44.4264,26.1406
2022-06-14 19:00:00,2022-06-14 20:00:00,17.970000000000000000,ug.m-3,44.4264,26.1406
2022-06-14 20:00:00,2022-06-14 21:00:00,16.690000000000000000,ug.m-3,44.4264,26.1406
2022-06-14 21:00:00,2022-06-14 22:00:00,18.370000000000000000,ug.m-3,44.4264,26.1406
2022-06-14 22:00:00,2022-06-14 23:00:00,16.670000000000000000,ug.m-3,44.4264,26.1406
2022-06-14 23:00:00,2022-06-15 00:00:00,15.290000000000000000,ug.m-3,44.4264,26.1406
2022-06-15 00:00:00,2022-06-15 01:00:00,11.780000000000000000,ug.m-3,44.4264,26.1406
2022-06-15 01:00:00,2022-06-15 02:00:00,10.000000000000000000,ug.m-3,44.4264,26.1406
2022-06-15 02:00:00,2022-06-15 03:00:00,11.420000000000000000,ug.m-3,44.4264,26.1406
2022-06-15 03:00:00,2022-06-15 04:00:00,9.670000000000000000,ug.m-3,44.4264,26.1406
2022-06-15 04:00:00,2022-06-15 05:00:00,11.070000000000000000,ug.m-3,44.4264,26.1406
2022-06-15 05:00:00,2022-06-15 06:00:00,12.190000000000000000,ug.m-3,44.4264,26.1406
2022-06-15 06:00:00,2022-06-15 07:00:00,15.050000000000000000,ug.m-3,44.4264,26.1406
2022-06-15 07:00:00,2022-06-15 08:00:00,12.880000000000000000,ug.m-3,44.4264,26.1406
2022-06-15 08:00:00,2022-06-15 09:00:00,14.690000000000000000,ug.m-3,44.4264,26.1406
2022-06-15 09:00:00,2022-06-15 10:00:00,13.070000000000000000,ug.m-3,44.4264,26.1406
2022-06-15 10:00:00,2022-06-15 11:00:00,15.190000000000000000,ug.m-3,44.4264,26.1406
2022-06-15 11:00:00,2022-06-15 12:00:00,15.270000000000000000,ug.m-3,44.4264,26.1406
2022-06-15 12:00:00,2022-06-15 13:00:00,12.000000000000000000,ug.m-3,44.4264,26.1406
2022-06-15 13:00:00,2022-06-15 14:00:00,12.650000000000000000,ug.m-3,44.4264,26.1406
2022-06-15 14:00:00,2022-06-15 15:00:00,10.370000000000000000,ug.m-3,44.4264,26.1406
2022-06-15 15:00:00,2022-06-15 16:00:00,12.640000000000000000,ug.m-3,44.4264,26.1406
2022-06-15 16:00:00,2022-06-15 17:00:00,13.330000000000000000,ug.m-3,44.4264,26.1406
2022-06-15 17:00:00,2022-06-15 18:00:00,13.720000000000000000,ug.m-3,44.4264,26.1406
2022-06-15 18:00:00,2022-06-15 19:00:00,12.370000000000000000,ug.m-3,44.4264,26.1406
2022-06-15 19:00:00,2022-06-15 20:00:00,12.430000000000000000,ug.m-3,44.4264,26.1406
2022-06-15 20:00:00,2022-06-15 21:00:00,17.400000000000000000,ug.m-3,44.4264,26.1406
2022-06-15 21:00:00,2022-06-15 22:00:00,21.410000000000000000,ug.m-3,44.4264,26.1406
2022-06-15 22:00:00,2022-06-15 23:00:00,25.530000000000000000,ug.m-3,44.4264,26.1406
2022-06-15 23:00:00,2022-06-16 00:00:00,29.220000000000000000,ug.m-3,44.4264,26.1406
2022-06-16 00:00:00,2022-06-16 01:00:00,26.430000000000000000,ug.m-3,44.4264,26.1406
2022-06-16 01:00:00,2022-06-16 02:00:00,27.620000000000000000,ug.m-3,44.4264,26.1406
2022-06-16 02:00:00,2022-06-16 03:00:00,26.690000000000000000,ug.m-3,44.4264,26.1406
2022-06-16 03:00:00,2022-06-16 04:00:00,26.100000000000000000,ug.m-3,44.4264,26.1406
2022-06-16 04:00:00,2022-06-16 05:00:00,20.910000000000000000,ug.m-3,44.4264,26.1406
2022-06-16 05:00:00,2022-06-16 06:00:00,21.780000000000000000,ug.m-3,44.4264,26.1406
2022-06-16 06:00:00,2022-06-16 07:00:00,23.370000000000000000,ug.m-3,44.4264,26.1406
2022-06-16 07:00:00,2022-06-16 08:00:00,28.190000000000000000,ug.m-3,44.4264,26.1406
2022-06-16 08:00:00,2022-06-16 09:00:00,24.720000000000000000,ug.m-3,44.4264,26.1406
2022-06-16 09:00:00,2022-06-16 10:00:00,18.400000000000000000,ug.m-3,44.4264,26.1406
2022-06-16 10:00:00,2022-06-16 11:00:00,21.060000000000000000,ug.m-3,44.4264,26.1406
2022-06-16 11:00:00,2022-06-16 12:00:00,17.090000000000000000,ug.m-3,44.4264,26.1406
2022-06-16 12:00:00,2022-06-16 13:00:00,21.890000000000000000,ug.m-3,44.4264,26.1406
2022-06-16 13:00:00,2022-06-16 14:00:00,20.430000000000000000,ug.m-3,44.4264,26.1406
2022-06-16 14:00:00,2022-06-16 15:00:00,19.080000000000000000,ug.m-3,44.4264,26.1406
2022-06-16 15:00:00,2022-06-16 16:00:00,16.590000000000000000,ug.m-3,44.4264,26.1406
2022-06-16 16:00:00,2022-06-16 17:00:00,14.140000000000000000,ug.m-3,44.4264,26.1406
2022-06-16 17:00:00,2022-06-16 18:00:00,16.340000000000000000,ug.m-3,44.4264,26.1406
2022-06-16 18:00:00,2022-06-16 19:00:00,16.750000000000000000,ug.m-3,44.4264,26.1406
2022-06-16 19:00:00,2022-06-16 20:00:00,22.370000000000000000,ug.m-3,44.4264,26.1406
2022-06-16 20:00:00,2022-06-16 21:00:00,20.700000000000000000,ug.m-3,44.4264,26.1406
2022-06-16 21:00:00,2022-06-16 22:00:00,27.740000000000000000,ug.m-3,44.4264,26.1406
2022-06-16 22:00:00,2022-06-16 23:00:00,35.620000000000000000,ug.m-3,44.4264,26.1406
2022-06-16 23:00:00,2022-06-17 00:00:00,28.560000000000000000,ug.m-3,44.4264,26.1406
2022-06-17 00:00:00,2022-06-17 01:00:00,20.000000000000000000,ug.m-3,44.4264,26.1406
2022-06-17 01:00:00,2022-06-17 02:00:00,21.420000000000000000,ug.m-3,44.4264,26.1406
2022-06-17 02:00:00,2022-06-17 03:00:00,20.760000000000000000,ug.m-3,44.4264,26.1406
2022-06-17 03:00:00,2022-06-17 04:00:00,18.670000000000000000,ug.m-3,44.4264,26.1406
2022-06-17 04:00:00,2022-06-17 05:00:00,15.210000000000000000,ug.m-3,44.4264,26.1406
2022-06-17 05:00:00,2022-06-17 06:00:00,16.500000000000000000,ug.m-3,44.4264,26.1406
2022-06-17 06:00:00,2022-06-17 07:00:00,18.500000000000000000,ug.m-3,44.4264,26.1406
2022-06-17 07:00:00,2022-06-17 08:00:00,23.630000000000000000,ug.m-3,44.4264,26.1406
2022-06-17 08:00:00,2022-06-17 09:00:00,31.330000000000000000,ug.m-3,44.4264,26.1406
2022-06-17 09:00:00,2022-06-17 10:00:00,39.370000000000000000,ug.m-3,44.4264,26.1406
2022-06-17 10:00:00,2022-06-17 11:00:00,32.640000000000000000,ug.m-3,44.4264,26.1406
2022-06-17 11:00:00,2022-06-17 12:00:00,25.410000000000000000,ug.m-3,44.4264,26.1406
2022-06-17 12:00:00,2022-06-17 13:00:00,20.810000000000000000,ug.m-3,44.4264,26.1406
2022-06-17 13:00:00,2022-06-17 14:00:00,18.920000000000000000,ug.m-3,44.4264,26.1406
2022-06-17 14:00:00,2022-06-17 15:00:00,17.310000000000000000,ug.m-3,44.4264,26.1406
2022-06-17 15:00:00,2022-06-17 16:00:00,21.470000000000000000,ug.m-3,44.4264,26.1406
2022-06-17 16:00:00,2022-06-17 17:00:00,15.910000000000000000,ug.m-3,44.4264,26.1406
2022-06-17 17:00:00,2022-06-17 18:00:00,16.230000000000000000,ug.m-3,44.4264,26.1406
2022-06-17 18:00:00,2022-06-17 19:00:00,17.290000000000000000,ug.m-3,44.4264,26.1406
2022-06-17 19:00:00,2022-06-17 20:00:00,21.900000000000000000,ug.m-3,44.4264,26.1406
2022-06-17 20:00:00,2022-06-17 21:00:00,24.060000000000000000,ug.m-3,44.4264,26.1406
2022-06-17 21:00:00,2022-06-17 22:00:00,22.450000000000000000,ug.m-3,44.4264,26.1406
2022-06-17 22:00:00,2022-06-17 23:00:00,19.940000000000000000,ug.m-3,44.4264,26.1406
2022-06-17 23:00:00,2022-06-18 00:00:00,19.250000000000000000,ug.m-3,44.4264,26.1406
2022-06-18 00:00:00,2022-06-18 01:00:00,18.870000000000000000,ug.m-3,44.4264,26.1406
2022-06-18 01:00:00,2022-06-18 02:00:00,18.580000000000000000,ug.m-3,44.4264,26.1406
2022-06-18 02:00:00,2022-06-18 03:00:00,17.830000000000000000,ug.m-3,44.4264,26.1406
2022-06-18 03:00:00,2022-06-18 04:00:00,13.900000000000000000,ug.m-3,44.4264,26.1406
2022-06-18 04:00:00,2022-06-18 05:00:00,11.840000000000000000,ug.m-3,44.4264,26.1406
2022-06-18 05:00:00,2022-06-18 06:00:00,10.440000000000000000,ug.m-3,44.4264,26.1406
2022-06-18 06:00:00,2022-06-18 07:00:00,12.110000000000000000,ug.m-3,44.4264,26.1406
2022-06-18 07:00:00,2022-06-18 08:00:00,13.310000000000000000,ug.m-3,44.4264,26.1406
2022-06-18 08:00:00,2022-06-18 09:00:00,16.250000000000000000,ug.m-3,44.4264,26.1406
2022-06-18 09:00:00,2022-06-18 10:00:00,14.110000000000000000,ug.m-3,44.4264,26.1406
2022-06-18 10:00:00,2022-06-18 11:00:00,12.490000000000000000,ug.m-3,44.4264,26.1406
2022-06-18 11:00:00,2022-06-18 12:00:00,12.490000000000000000,ug.m-3,44.4264,26.1406
2022-06-18 12:00:00,2022-06-18 13:00:00,13.320000000000000000,ug.m-3,44.4264,26.1406
2022-06-18 13:00:00,2022-06-18 14:00:00,12.400000000000000000,ug.m-3,44.4264,26.1406
2022-06-18 14:00:00,2022-06-18 15:00:00,11.950000000000000000,ug.m-3,44.4264,26.1406
2022-06-18 15:00:00,2022-06-18 16:00:00,9.460000000000000000,ug.m-3,44.4264,26.1406
2022-06-18 16:00:00,2022-06-18 17:00:00,10.930000000000000000,ug.m-3,44.4264,26.1406
2022-06-18 17:00:00,2022-06-18 18:00:00,16.270000000000000000,ug.m-3,44.4264,26.1406
2022-06-18 18:00:00,2022-06-18 19:00:00,15.400000000000000000,ug.m-3,44.4264,26.1406
2022-06-18 19:00:00,2022-06-18 20:00:00,13.500000000000000000,ug.m-3,44.4264,26.1406
2022-06-18 20:00:00,2022-06-18 21:00:00,16.690000000000000000,ug.m-3,44.4264,26.1406
2022-06-18 21:00:00,2022-06-18 22:00:00,15.650000000000000000,ug.m-3,44.4264,26.1406
2022-06-18 22:00:00,2022-06-18 23:00:00,19.640000000000000000,ug.m-3,44.4264,26.1406
2022-06-18 23:00:00,2022-06-19 00:00:00,15.020000000000000000,ug.m-3,44.4264,26.1406
2022-06-19 00:00:00,2022-06-19 01:00:00,10.710000000000000000,ug.m-3,44.4264,26.1406
2022-06-19 01:00:00,2022-06-19 02:00:00,13.870000000000000000,ug.m-3,44.4264,26.1406
2022-06-19 02:00:00,2022-06-19 03:00:00,16.050000000000000000,ug.m-3,44.4264,26.1406
2022-06-19 03:00:00,2022-06-19 04:00:00,17.520000000000000000,ug.m-3,44.4264,26.1406
2022-06-19 04:00:00,2022-06-19 05:00:00,16.330000000000000000,ug.m-3,44.4264,26.1406
2022-06-19 05:00:00,2022-06-19 06:00:00,17.850000000000000000,ug.m-3,44.4264,26.1406
2022-06-19 06:00:00,2022-06-19 07:00:00,17.360000000000000000,ug.m-3,44.4264,26.1406
2022-06-19 07:00:00,2022-06-19 08:00:00,16.330000000000000000,ug.m-3,44.4264,26.1406
2022-06-19 08:00:00,2022-06-19 09:00:00,14.720000000000000000,ug.m-3,44.4264,26.1406
2022-06-19 09:00:00,2022-06-19 10:00:00,11.090000000000000000,ug.m-3,44.4264,26.1406
2022-06-19 10:00:00,2022-06-19 11:00:00,11.590000000000000000,ug.m-3,44.4264,26.1406
2022-06-19 11:00:00,2022-06-19 12:00:00,7.370000000000000000,ug.m-3,44.4264,26.1406
2022-06-19 12:00:00,2022-06-19 13:00:00,10.950000000000000000,ug.m-3,44.4264,26.1406
2022-06-19 13:00:00,2022-06-19 14:00:00,12.410000000000000000,ug.m-3,44.4264,26.1406
2022-06-19 14:00:00,2022-06-19 15:00:00,11.800000000000000000,ug.m-3,44.4264,26.1406
2022-06-19 15:00:00,2022-06-19 16:00:00,11.290000000000000000,ug.m-3,44.4264,26.1406
2022-06-19 16:00:00,2022-06-19 17:00:00,9.520000000000000000,ug.m-3,44.4264,26.1406
2022-06-19 17:00:00,2022-06-19 18:00:00,12.240000000000000000,ug.m-3,44.4264,26.1406
2022-06-19 18:00:00,2022-06-19 19:00:00,10.930000000000000000,ug.m-3,44.4264,26.1406
2022-06-19 19:00:00,2022-06-19 20:00:00,14.590000000000000000,ug.m-3,44.4264,26.1406
2022-06-19 20:00:00,2022-06-19 21:00:00,14.770000000000000000,ug.m-3,44.4264,26.1406
2022-06-19 21:00:00,2022-06-19 22:00:00,17.450000000000000000,ug.m-3,44.4264,26.1406
2022-06-19 22:00:00,2022-06-19 23:00:00,16.340000000000000000,ug.m-3,44.4264,26.1406
2022-06-19 23:00:00,2022-06-20 00:00:00,19.070000000000000000,ug.m-3,44.4264,26.1406
2022-06-20 00:00:00,2022-06-20 01:00:00,17.360000000000000000,ug.m-3,44.4264,26.1406
2022-06-20 01:00:00,2022-06-20 02:00:00,23.870000000000000000,ug.m-3,44.4264,26.1406
2022-06-20 02:00:00,2022-06-20 03:00:00,21.410000000000000000,ug.m-3,44.4264,26.1406
2022-06-20 03:00:00,2022-06-20 04:00:00,17.080000000000000000,ug.m-3,44.4264,26.1406
2022-06-20 04:00:00,2022-06-20 05:00:00,19.870000000000000000,ug.m-3,44.4264,26.1406
2022-06-20 05:00:00,2022-06-20 06:00:00,28.210000000000000000,ug.m-3,44.4264,26.1406
2022-06-20 06:00:00,2022-06-20 07:00:00,31.760000000000000000,ug.m-3,44.4264,26.1406
2022-06-20 07:00:00,2022-06-20 08:00:00,33.980000000000000000,ug.m-3,44.4264,26.1406
2022-06-20 08:00:00,2022-06-20 09:00:00,26.770000000000000000,ug.m-3,44.4264,26.1406
2022-06-20 09:00:00,2022-06-20 10:00:00,27.600000000000000000,ug.m-3,44.4264,26.1406
2022-06-20 10:00:00,2022-06-20 11:00:00,26.580000000000000000,ug.m-3,44.4264,26.1406
2022-06-20 11:00:00,2022-06-20 12:00:00,21.270000000000000000,ug.m-3,44.4264,26.1406
2022-06-20 12:00:00,2022-06-20 13:00:00,20.940000000000000000,ug.m-3,44.4264,26.1406
2022-06-20 13:00:00,2022-06-20 14:00:00,12.320000000000000000,ug.m-3,44.4264,26.1406
2022-06-20 14:00:00,2022-06-20 15:00:00,16.800000000000000000,ug.m-3,44.4264,26.1406
2022-06-20 15:00:00,2022-06-20 16:00:00,19.270000000000000000,ug.m-3,44.4264,26.1406
2022-06-20 16:00:00,2022-06-20 17:00:00,18.900000000000000000,ug.m-3,44.4264,26.1406
2022-06-20 17:00:00,2022-06-20 18:00:00,19.590000000000000000,ug.m-3,44.4264,26.1406
2022-06-20 18:00:00,2022-06-20 19:00:00,20.210000000000000000,ug.m-3,44.4264,26.1406
2022-06-20 19:00:00,2022-06-20 20:00:00,21.340000000000000000,ug.m-3,44.4264,26.1406
2022-06-20 20:00:00,2022-06-20 21:00:00,26.150000000000000000,ug.m-3,44.4264,26.1406
2022-06-20 21:00:00,2022-06-20 22:00:00,21.090000000000000000,ug.m-3,44.4264,26.1406
2022-06-20 22:00:00,2022-06-20 23:00:00,19.800000000000000000,ug.m-3,44.4264,26.1406
2022-06-20 23:00:00,2022-06-21 00:00:00,19.350000000000000000,ug.m-3,44.4264,26.1406
2022-06-21 00:00:00,2022-06-21 01:00:00,16.930000000000000000,ug.m-3,44.4264,26.1406
2022-06-21 01:00:00,2022-06-21 02:00:00,15.810000000000000000,ug.m-3,44.4264,26.1406
2022-06-21 02:00:00,2022-06-21 03:00:00,14.770000000000000000,ug.m-3,44.4264,26.1406
2022-06-21 03:00:00,2022-06-21 04:00:00,11.360000000000000000,ug.m-3,44.4264,26.1406
2022-06-21 04:00:00,2022-06-21 05:00:00,14.540000000000000000,ug.m-3,44.4264,26.1406
2022-06-21 05:00:00,2022-06-21 06:00:00,20.140000000000000000,ug.m-3,44.4264,26.1406
2022-06-21 06:00:00,2022-06-21 07:00:00,25.180000000000000000,ug.m-3,44.4264,26.1406
2022-06-21 07:00:00,2022-06-21 08:00:00,34.430000000000000000,ug.m-3,44.4264,26.1406
2022-06-21 08:00:00,2022-06-21 09:00:00,38.830000000000000000,ug.m-3,44.4264,26.1406
2022-06-21 09:00:00,2022-06-21 10:00:00,33.320000000000000000,ug.m-3,44.4264,26.1406
2022-06-21 10:00:00,2022-06-21 11:00:00,32.920000000000000000,ug.m-3,44.4264,26.1406
2022-06-21 11:00:00,2022-06-21 12:00:00,23.640000000000000000,ug.m-3,44.4264,26.1406
2022-06-21 12:00:00,2022-06-21 13:00:00,22.310000000000000000,ug.m-3,44.4264,26.1406
2022-06-21 13:00:00,2022-06-21 14:00:00,21.170000000000000000,ug.m-3,44.4264,26.1406
2022-06-21 14:00:00,2022-06-21 15:00:00,23.330000000000000000,ug.m-3,44.4264,26.1406
2022-06-21 15:00:00,2022-06-21 16:00:00,21.900000000000000000,ug.m-3,44.4264,26.1406
2022-06-21 16:00:00,2022-06-21 17:00:00,26.850000000000000000,ug.m-3,44.4264,26.1406
2022-06-21 17:00:00,2022-06-21 18:00:00,29.920000000000000000,ug.m-3,44.4264,26.1406
2022-06-21 18:00:00,2022-06-21 19:00:00,30.240000000000000000,ug.m-3,44.4264,26.1406
2022-06-21 19:00:00,2022-06-21 20:00:00,40.950000000000000000,ug.m-3,44.4264,26.1406
2022-06-21 20:00:00,2022-06-21 21:00:00,24.150000000000000000,ug.m-3,44.4264,26.1406
2022-06-21 21:00:00,2022-06-21 22:00:00,17.190000000000000000,ug.m-3,44.4264,26.1406
2022-06-21 22:00:00,2022-06-21 23:00:00,20.680000000000000000,ug.m-3,44.4264,26.1406
2022-06-21 23:00:00,2022-06-22 00:00:00,17.640000000000000000,ug.m-3,44.4264,26.1406
2022-06-22 00:00:00,2022-06-22 01:00:00,19.000000000000000000,ug.m-3,44.4264,26.1406
2022-06-22 01:00:00,2022-06-22 02:00:00,15.140000000000000000,ug.m-3,44.4264,26.1406
2022-06-22 02:00:00,2022-06-22 03:00:00,13.390000000000000000,ug.m-3,44.4264,26.1406
2022-06-22 03:00:00,2022-06-22 04:00:00,14.930000000000000000,ug.m-3,44.4264,26.1406
2022-06-22 04:00:00,2022-06-22 05:00:00,13.450000000000000000,ug.m-3,44.4264,26.1406
2022-06-22 05:00:00,2022-06-22 06:00:00,18.700000000000000000,ug.m-3,44.4264,26.1406
2022-06-22 06:00:00,2022-06-22 07:00:00,19.440000000000000000,ug.m-3,44.4264,26.1406
2022-06-22 07:00:00,2022-06-22 08:00:00,21.180000000000000000,ug.m-3,44.4264,26.1406
2022-06-22 08:00:00,2022-06-22 09:00:00,18.360000000000000000,ug.m-3,44.4264,26.1406
2022-06-22 09:00:00,2022-06-22 10:00:00,22.690000000000000000,ug.m-3,44.4264,26.1406
2022-06-22 10:00:00,2022-06-22 11:00:00,22.170000000000000000,ug.m-3,44.4264,26.1406
2022-06-22 11:00:00,2022-06-22 12:00:00,20.260000000000000000,ug.m-3,44.4264,26.1406
2022-06-22 12:00:00,2022-06-22 13:00:00,21.150000000000000000,ug.m-3,44.4264,26.1406
2022-06-22 13:00:00,2022-06-22 14:00:00,15.450000000000000000,ug.m-3,44.4264,26.1406
2022-06-22 14:00:00,2022-06-22 15:00:00,17.890000000000000000,ug.m-3,44.4264,26.1406
2022-06-22 15:00:00,2022-06-22 16:00:00,16.810000000000000000,ug.m-3,44.4264,26.1406
2022-06-22 16:00:00,2022-06-22 17:00:00,13.970000000000000000,ug.m-3,44.4264,26.1406
2022-06-22 17:00:00,2022-06-22 18:00:00,15.640000000000000000,ug.m-3,44.4264,26.1406
2022-06-22 18:00:00,2022-06-22 19:00:00,15.850000000000000000,ug.m-3,44.4264,26.1406
2022-06-22 19:00:00,2022-06-22 20:00:00,16.980000000000000000,ug.m-3,44.4264,26.1406
2022-06-22 20:00:00,2022-06-22 21:00:00,13.940000000000000000,ug.m-3,44.4264,26.1406
2022-06-22 21:00:00,2022-06-22 22:00:00,18.850000000000000000,ug.m-3,44.4264,26.1406
2022-06-22 22:00:00,2022-06-22 23:00:00,25.480000000000000000,ug.m-3,44.4264,26.1406
2022-06-22 23:00:00,2022-06-23 00:00:00,17.870000000000000000,ug.m-3,44.4264,26.1406
2022-06-23 00:00:00,2022-06-23 01:00:00,18.480000000000000000,ug.m-3,44.4264,26.1406
2022-06-23 01:00:00,2022-06-23 02:00:00,21.270000000000000000,ug.m-3,44.4264,26.1406
2022-06-23 02:00:00,2022-06-23 03:00:00,20.220000000000000000,ug.m-3,44.4264,26.1406
2022-06-23 03:00:00,2022-06-23 04:00:00,19.530000000000000000,ug.m-3,44.4264,26.1406
2022-06-23 04:00:00,2022-06-23 05:00:00,23.330000000000000000,ug.m-3,44.4264,26.1406
2022-06-23 05:00:00,2022-06-23 06:00:00,23.570000000000000000,ug.m-3,44.4264,26.1406
2022-06-23 06:00:00,2022-06-23 07:00:00,28.120000000000000000,ug.m-3,44.4264,26.1406
2022-06-23 07:00:00,2022-06-23 08:00:00,30.830000000000000000,ug.m-3,44.4264,26.1406
2022-06-23 08:00:00,2022-06-23 09:00:00,28.340000000000000000,ug.m-3,44.4264,26.1406
2022-06-23 09:00:00,2022-06-23 10:00:00,19.980000000000000000,ug.m-3,44.4264,26.1406
2022-06-23 10:00:00,2022-06-23 11:00:00,15.280000000000000000,ug.m-3,44.4264,26.1406
2022-06-23 11:00:00,2022-06-23 12:00:00,20.270000000000000000,ug.m-3,44.4264,26.1406
2022-06-23 12:00:00,2022-06-23 13:00:00,19.510000000000000000,ug.m-3,44.4264,26.1406
2022-06-23 13:00:00,2022-06-23 14:00:00,16.230000000000000000,ug.m-3,44.4264,26.1406
2022-06-23 14:00:00,2022-06-23 15:00:00,17.480000000000000000,ug.m-3,44.4264,26.1406
2022-06-23 15:00:00,2022-06-23 16:00:00,14.280000000000000000,ug.m-3,44.4264,26.1406
2022-06-23 16:00:00,2022-06-23 17:00:00,10.890000000000000000,ug.m-3,44.4264,26.1406
2022-06-23 17:00:00,2022-06-23 18:00:00,14.210000000000000000,ug.m-3,44.4264,26.1406
2022-06-23 18:00:00,2022-06-23 19:00:00,13.370000000000000000,ug.m-3,44.4264,26.1406
2022-06-23 19:00:00,2022-06-23 20:00:00,15.430000000000000000,ug.m-3,44.4264,26.1406
2022-06-23 20:00:00,2022-06-23 21:00:00,22.660000000000000000,ug.m-3,44.4264,26.1406
2022-06-23 21:00:00,2022-06-23 22:00:00,31.140000000000000000,ug.m-3,44.4264,26.1406
2022-06-23 22:00:00,2022-06-23 23:00:00,32.760000000000000000,ug.m-3,44.4264,26.1406
2022-06-23 23:00:00,2022-06-24 00:00:00,25.740000000000000000,ug.m-3,44.4264,26.1406
2022-06-24 00:00:00,2022-06-24 01:00:00,20.560000000000000000,ug.m-3,44.4264,26.1406
2022-06-24 01:00:00,2022-06-24 02:00:00,23.340000000000000000,ug.m-3,44.4264,26.1406
2022-06-24 02:00:00,2022-06-24 03:00:00,17.690000000000000000,ug.m-3,44.4264,26.1406
2022-06-24 03:00:00,2022-06-24 04:00:00,17.230000000000000000,ug.m-3,44.4264,26.1406
2022-06-24 05:00:00,2022-06-24 06:00:00,5.180000000000000000,ug.m-3,44.4264,26.1406
2022-06-24 06:00:00,2022-06-24 07:00:00,18.990000000000000000,ug.m-3,44.4264,26.1406
2022-06-24 07:00:00,2022-06-24 08:00:00,19.200000000000000000,ug.m-3,44.4264,26.1406
2022-06-24 08:00:00,2022-06-24 09:00:00,18.020000000000000000,ug.m-3,44.4264,26.1406
2022-06-24 09:00:00,2022-06-24 10:00:00,16.670000000000000000,ug.m-3,44.4264,26.1406
2022-06-24 10:00:00,2022-06-24 11:00:00,16.670000000000000000,ug.m-3,44.4264,26.1406
2022-06-24 11:00:00,2022-06-24 12:00:00,14.780000000000000000,ug.m-3,44.4264,26.1406
2022-06-24 12:00:00,2022-06-24 13:00:00,11.550000000000000000,ug.m-3,44.4264,26.1406
2022-06-24 13:00:00,2022-06-24 14:00:00,12.580000000000000000,ug.m-3,44.4264,26.1406
2022-06-24 14:00:00,2022-06-24 15:00:00,14.290000000000000000,ug.m-3,44.4264,26.1406
2022-06-24 15:00:00,2022-06-24 16:00:00,12.640000000000000000,ug.m-3,44.4264,26.1406
2022-06-24 16:00:00,2022-06-24 17:00:00,13.410000000000000000,ug.m-3,44.4264,26.1406
2022-06-24 17:00:00,2022-06-24 18:00:00,13.250000000000000000,ug.m-3,44.4264,26.1406
2022-06-24 18:00:00,2022-06-24 19:00:00,12.260000000000000000,ug.m-3,44.4264,26.1406
2022-06-24 19:00:00,2022-06-24 20:00:00,12.620000000000000000,ug.m-3,44.4264,26.1406
2022-06-24 20:00:00,2022-06-24 21:00:00,16.090000000000000000,ug.m-3,44.4264,26.1406
2022-06-24 21:00:00,2022-06-24 22:00:00,22.730000000000000000,ug.m-3,44.4264,26.1406
2022-06-24 22:00:00,2022-06-24 23:00:00,30.520000000000000000,ug.m-3,44.4264,26.1406
2022-06-24 23:00:00,2022-06-25 00:00:00,34.750000000000000000,ug.m-3,44.4264,26.1406
2022-06-25 00:00:00,2022-06-25 01:00:00,31.080000000000000000,ug.m-3,44.4264,26.1406
2022-06-25 01:00:00,2022-06-25 02:00:00,26.290000000000000000,ug.m-3,44.4264,26.1406
2022-06-25 02:00:00,2022-06-25 03:00:00,22.220000000000000000,ug.m-3,44.4264,26.1406
2022-06-25 03:00:00,2022-06-25 04:00:00,15.590000000000000000,ug.m-3,44.4264,26.1406
2022-06-25 04:00:00,2022-06-25 05:00:00,15.980000000000000000,ug.m-3,44.4264,26.1406
2022-06-25 05:00:00,2022-06-25 06:00:00,17.270000000000000000,ug.m-3,44.4264,26.1406
2022-06-25 06:00:00,2022-06-25 07:00:00,18.260000000000000000,ug.m-3,44.4264,26.1406
2022-06-25 07:00:00,2022-06-25 08:00:00,18.620000000000000000,ug.m-3,44.4264,26.1406
2022-06-25 08:00:00,2022-06-25 09:00:00,20.560000000000000000,ug.m-3,44.4264,26.1406
2022-06-25 09:00:00,2022-06-25 10:00:00,17.080000000000000000,ug.m-3,44.4264,26.1406
2022-06-25 10:00:00,2022-06-25 11:00:00,15.850000000000000000,ug.m-3,44.4264,26.1406
2022-06-25 11:00:00,2022-06-25 12:00:00,16.970000000000000000,ug.m-3,44.4264,26.1406
2022-06-25 12:00:00,2022-06-25 13:00:00,17.280000000000000000,ug.m-3,44.4264,26.1406
2022-06-25 13:00:00,2022-06-25 14:00:00,14.220000000000000000,ug.m-3,44.4264,26.1406
2022-06-25 14:00:00,2022-06-25 15:00:00,16.200000000000000000,ug.m-3,44.4264,26.1406
2022-06-25 15:00:00,2022-06-25 16:00:00,13.730000000000000000,ug.m-3,44.4264,26.1406
2022-06-25 16:00:00,2022-06-25 17:00:00,17.480000000000000000,ug.m-3,44.4264,26.1406
2022-06-25 17:00:00,2022-06-25 18:00:00,19.560000000000000000,ug.m-3,44.4264,26.1406
2022-06-25 18:00:00,2022-06-25 19:00:00,22.280000000000000000,ug.m-3,44.4264,26.1406
2022-06-25 19:00:00,2022-06-25 20:00:00,21.510000000000000000,ug.m-3,44.4264,26.1406
2022-06-25 20:00:00,2022-06-25 21:00:00,20.130000000000000000,ug.m-3,44.4264,26.1406
2022-06-25 21:00:00,2022-06-25 22:00:00,23.600000000000000000,ug.m-3,44.4264,26.1406
2022-06-25 22:00:00,2022-06-25 23:00:00,29.840000000000000000,ug.m-3,44.4264,26.1406
2022-06-25 23:00:00,2022-06-26 00:00:00,27.330000000000000000,ug.m-3,44.4264,26.1406
2022-06-26 00:00:00,2022-06-26 01:00:00,26.550000000000000000,ug.m-3,44.4264,26.1406
2022-06-26 01:00:00,2022-06-26 02:00:00,27.840000000000000000,ug.m-3,44.4264,26.1406
2022-06-26 02:00:00,2022-06-26 03:00:00,28.100000000000000000,ug.m-3,44.4264,26.1406
2022-06-26 03:00:00,2022-06-26 04:00:00,22.940000000000000000,ug.m-3,44.4264,26.1406
2022-06-26 04:00:00,2022-06-26 05:00:00,21.370000000000000000,ug.m-3,44.4264,26.1406
2022-06-26 05:00:00,2022-06-26 06:00:00,20.910000000000000000,ug.m-3,44.4264,26.1406
2022-06-26 06:00:00,2022-06-26 07:00:00,23.680000000000000000,ug.m-3,44.4264,26.1406
2022-06-26 07:00:00,2022-06-26 08:00:00,22.050000000000000000,ug.m-3,44.4264,26.1406
2022-06-26 08:00:00,2022-06-26 09:00:00,20.410000000000000000,ug.m-3,44.4264,26.1406
2022-06-26 09:00:00,2022-06-26 10:00:00,20.410000000000000000,ug.m-3,44.4264,26.1406
2022-06-26 10:00:00,2022-06-26 11:00:00,22.420000000000000000,ug.m-3,44.4264,26.1406
2022-06-26 11:00:00,2022-06-26 12:00:00,22.010000000000000000,ug.m-3,44.4264,26.1406
2022-06-26 12:00:00,2022-06-26 13:00:00,22.100000000000000000,ug.m-3,44.4264,26.1406
2022-06-26 13:00:00,2022-06-26 14:00:00,19.390000000000000000,ug.m-3,44.4264,26.1406
2022-06-26 14:00:00,2022-06-26 15:00:00,19.240000000000000000,ug.m-3,44.4264,26.1406
2022-06-26 15:00:00,2022-06-26 16:00:00,14.040000000000000000,ug.m-3,44.4264,26.1406
2022-06-26 16:00:00,2022-06-26 17:00:00,8.230000000000000000,ug.m-3,44.4264,26.1406
2022-06-26 17:00:00,2022-06-26 18:00:00,8.520000000000000000,ug.m-3,44.4264,26.1406
2022-06-26 18:00:00,2022-06-26 19:00:00,10.950000000000000000,ug.m-3,44.4264,26.1406
2022-06-26 19:00:00,2022-06-26 20:00:00,12.410000000000000000,ug.m-3,44.4264,26.1406
2022-06-26 20:00:00,2022-06-26 21:00:00,11.040000000000000000,ug.m-3,44.4264,26.1406
2022-06-26 21:00:00,2022-06-26 22:00:00,14.250000000000000000,ug.m-3,44.4264,26.1406
2022-06-26 22:00:00,2022-06-26 23:00:00,11.240000000000000000,ug.m-3,44.4264,26.1406
2022-06-26 23:00:00,2022-06-27 00:00:00,13.230000000000000000,ug.m-3,44.4264,26.1406
2022-06-27 00:00:00,2022-06-27 01:00:00,10.940000000000000000,ug.m-3,44.4264,26.1406
2022-06-27 01:00:00,2022-06-27 02:00:00,11.810000000000000000,ug.m-3,44.4264,26.1406
2022-06-27 02:00:00,2022-06-27 03:00:00,11.590000000000000000,ug.m-3,44.4264,26.1406
2022-06-27 03:00:00,2022-06-27 04:00:00,13.130000000000000000,ug.m-3,44.4264,26.1406
2022-06-27 04:00:00,2022-06-27 05:00:00,14.750000000000000000,ug.m-3,44.4264,26.1406
2022-06-27 05:00:00,2022-06-27 06:00:00,14.020000000000000000,ug.m-3,44.4264,26.1406
2022-06-27 06:00:00,2022-06-27 07:00:00,18.630000000000000000,ug.m-3,44.4264,26.1406
2022-06-27 07:00:00,2022-06-27 08:00:00,20.440000000000000000,ug.m-3,44.4264,26.1406
2022-06-27 08:00:00,2022-06-27 09:00:00,18.820000000000000000,ug.m-3,44.4264,26.1406
2022-06-27 09:00:00,2022-06-27 10:00:00,15.460000000000000000,ug.m-3,44.4264,26.1406
2022-06-27 10:00:00,2022-06-27 11:00:00,13.290000000000000000,ug.m-3,44.4264,26.1406
2022-06-27 11:00:00,2022-06-27 12:00:00,11.570000000000000000,ug.m-3,44.4264,26.1406
2022-06-27 12:00:00,2022-06-27 13:00:00,9.740000000000000000,ug.m-3,44.4264,26.1406
2022-06-27 13:00:00,2022-06-27 14:00:00,9.360000000000000000,ug.m-3,44.4264,26.1406
2022-06-27 14:00:00,2022-06-27 15:00:00,12.150000000000000000,ug.m-3,44.4264,26.1406
2022-06-27 15:00:00,2022-06-27 16:00:00,9.060000000000000000,ug.m-3,44.4264,26.1406
2022-06-27 16:00:00,2022-06-27 17:00:00,14.330000000000000000,ug.m-3,44.4264,26.1406
2022-06-27 17:00:00,2022-06-27 18:00:00,16.100000000000000000,ug.m-3,44.4264,26.1406
2022-06-27 18:00:00,2022-06-27 19:00:00,18.490000000000000000,ug.m-3,44.4264,26.1406
2022-06-27 19:00:00,2022-06-27 20:00:00,10.990000000000000000,ug.m-3,44.4264,26.1406
2022-06-27 20:00:00,2022-06-27 21:00:00,16.500000000000000000,ug.m-3,44.4264,26.1406
2022-06-27 21:00:00,2022-06-27 22:00:00,13.540000000000000000,ug.m-3,44.4264,26.1406
2022-06-27 22:00:00,2022-06-27 23:00:00,12.390000000000000000,ug.m-3,44.4264,26.1406
2022-06-27 23:00:00,2022-06-28 00:00:00,14.150000000000000000,ug.m-3,44.4264,26.1406
2022-06-28 00:00:00,2022-06-28 01:00:00,16.760000000000000000,ug.m-3,44.4264,26.1406
2022-06-28 01:00:00,2022-06-28 02:00:00,12.950000000000000000,ug.m-3,44.4264,26.1406
2022-06-28 02:00:00,2022-06-28 03:00:00,11.440000000000000000,ug.m-3,44.4264,26.1406
2022-06-28 03:00:00,2022-06-28 04:00:00,12.250000000000000000,ug.m-3,44.4264,26.1406
2022-06-28 04:00:00,2022-06-28 05:00:00,16.810000000000000000,ug.m-3,44.4264,26.1406
2022-06-28 05:00:00,2022-06-28 06:00:00,17.290000000000000000,ug.m-3,44.4264,26.1406
2022-06-28 06:00:00,2022-06-28 07:00:00,19.070000000000000000,ug.m-3,44.4264,26.1406
2022-06-28 07:00:00,2022-06-28 08:00:00,22.490000000000000000,ug.m-3,44.4264,26.1406
2022-06-28 08:00:00,2022-06-28 09:00:00,28.520000000000000000,ug.m-3,44.4264,26.1406
2022-06-28 09:00:00,2022-06-28 10:00:00,24.970000000000000000,ug.m-3,44.4264,26.1406
2022-06-28 10:00:00,2022-06-28 11:00:00,26.480000000000000000,ug.m-3,44.4264,26.1406
2022-06-28 11:00:00,2022-06-28 12:00:00,26.920000000000000000,ug.m-3,44.4264,26.1406
2022-06-28 12:00:00,2022-06-28 13:00:00,24.070000000000000000,ug.m-3,44.4264,26.1406
2022-06-28 13:00:00,2022-06-28 14:00:00,26.280000000000000000,ug.m-3,44.4264,26.1406
2022-06-28 14:00:00,2022-06-28 15:00:00,22.680000000000000000,ug.m-3,44.4264,26.1406
2022-06-28 15:00:00,2022-06-28 16:00:00,15.700000000000000000,ug.m-3,44.4264,26.1406
2022-06-28 16:00:00,2022-06-28 17:00:00,14.240000000000000000,ug.m-3,44.4264,26.1406
2022-06-28 17:00:00,2022-06-28 18:00:00,13.110000000000000000,ug.m-3,44.4264,26.1406
2022-06-28 18:00:00,2022-06-28 19:00:00,12.500000000000000000,ug.m-3,44.4264,26.1406
2022-06-28 19:00:00,2022-06-28 20:00:00,12.970000000000000000,ug.m-3,44.4264,26.1406
2022-06-28 20:00:00,2022-06-28 21:00:00,18.920000000000000000,ug.m-3,44.4264,26.1406
2022-06-28 21:00:00,2022-06-28 22:00:00,18.300000000000000000,ug.m-3,44.4264,26.1406
2022-06-28 22:00:00,2022-06-28 23:00:00,22.570000000000000000,ug.m-3,44.4264,26.1406
2022-06-28 23:00:00,2022-06-29 00:00:00,22.440000000000000000,ug.m-3,44.4264,26.1406
2022-06-29 00:00:00,2022-06-29 01:00:00,18.710000000000000000,ug.m-3,44.4264,26.1406
2022-06-29 01:00:00,2022-06-29 02:00:00,16.280000000000000000,ug.m-3,44.4264,26.1406
2022-06-29 02:00:00,2022-06-29 03:00:00,16.960000000000000000,ug.m-3,44.4264,26.1406
2022-06-29 03:00:00,2022-06-29 04:00:00,19.580000000000000000,ug.m-3,44.4264,26.1406
2022-06-29 04:00:00,2022-06-29 05:00:00,21.090000000000000000,ug.m-3,44.4264,26.1406
2022-06-29 05:00:00,2022-06-29 06:00:00,22.080000000000000000,ug.m-3,44.4264,26.1406
2022-06-29 06:00:00,2022-06-29 07:00:00,23.730000000000000000,ug.m-3,44.4264,26.1406
2022-06-29 07:00:00,2022-06-29 08:00:00,25.650000000000000000,ug.m-3,44.4264,26.1406
2022-06-29 08:00:00,2022-06-29 09:00:00,26.960000000000000000,ug.m-3,44.4264,26.1406
2022-06-29 09:00:00,2022-06-29 10:00:00,27.910000000000000000,ug.m-3,44.4264,26.1406
2022-06-29 10:00:00,2022-06-29 11:00:00,24.460000000000000000,ug.m-3,44.4264,26.1406
2022-06-29 11:00:00,2022-06-29 12:00:00,24.380000000000000000,ug.m-3,44.4264,26.1406
2022-06-29 12:00:00,2022-06-29 13:00:00,20.420000000000000000,ug.m-3,44.4264,26.1406
2022-06-29 13:00:00,2022-06-29 14:00:00,22.400000000000000000,ug.m-3,44.4264,26.1406
2022-06-29 14:00:00,2022-06-29 15:00:00,20.630000000000000000,ug.m-3,44.4264,26.1406
2022-06-29 15:00:00,2022-06-29 16:00:00,19.020000000000000000,ug.m-3,44.4264,26.1406
2022-06-29 16:00:00,2022-06-29 17:00:00,22.450000000000000000,ug.m-3,44.4264,26.1406
2022-06-29 17:00:00,2022-06-29 18:00:00,34.960000000000000000,ug.m-3,44.4264,26.1406
2022-06-29 18:00:00,2022-06-29 19:00:00,23.980000000000000000,ug.m-3,44.4264,26.1406
2022-06-29 19:00:00,2022-06-29 20:00:00,22.300000000000000000,ug.m-3,44.4264,26.1406
2022-06-29 20:00:00,2022-06-29 21:00:00,20.710000000000000000,ug.m-3,44.4264,26.1406
2022-06-29 21:00:00,2022-06-29 22:00:00,29.580000000000000000,ug.m-3,44.4264,26.1406
2022-06-29 22:00:00,2022-06-29 23:00:00,36.760000000000000000,ug.m-3,44.4264,26.1406
2022-06-29 23:00:00,2022-06-30 00:00:00,33.650000000000000000,ug.m-3,44.4264,26.1406
2022-06-30 00:00:00,2022-06-30 01:00:00,34.780000000000000000,ug.m-3,44.4264,26.1406
2022-06-30 01:00:00,2022-06-30 02:00:00,32.880000000000000000,ug.m-3,44.4264,26.1406
2022-06-30 02:00:00,2022-06-30 03:00:00,32.260000000000000000,ug.m-3,44.4264,26.1406
2022-06-30 03:00:00,2022-06-30 04:00:00,32.790000000000000000,ug.m-3,44.4264,26.1406
2022-06-30 04:00:00,2022-06-30 05:00:00,29.840000000000000000,ug.m-3,44.4264,26.1406
2022-06-30 05:00:00,2022-06-30 06:00:00,31.030000000000000000,ug.m-3,44.4264,26.1406
2022-06-30 06:00:00,2022-06-30 07:00:00,30.540000000000000000,ug.m-3,44.4264,26.1406
2022-06-30 07:00:00,2022-06-30 08:00:00,30.940000000000000000,ug.m-3,44.4264,26.1406
2022-06-30 08:00:00,2022-06-30 09:00:00,32.800000000000000000,ug.m-3,44.4264,26.1406
2022-06-30 09:00:00,2022-06-30 10:00:00,30.170000000000000000,ug.m-3,44.4264,26.1406
2022-06-30 10:00:00,2022-06-30 11:00:00,30.080000000000000000,ug.m-3,44.4264,26.1406
2022-06-30 11:00:00,2022-06-30 12:00:00,28.290000000000000000,ug.m-3,44.4264,26.1406
2022-06-30 12:00:00,2022-06-30 13:00:00,25.020000000000000000,ug.m-3,44.4264,26.1406
2022-06-30 13:00:00,2022-06-30 14:00:00,26.660000000000000000,ug.m-3,44.4264,26.1406
2022-06-30 14:00:00,2022-06-30 15:00:00,19.840000000000000000,ug.m-3,44.4264,26.1406
2022-06-30 15:00:00,2022-06-30 16:00:00,21.510000000000000000,ug.m-3,44.4264,26.1406
2022-06-30 16:00:00,2022-06-30 17:00:00,23.440000000000000000,ug.m-3,44.4264,26.1406
2022-06-30 17:00:00,2022-06-30 18:00:00,21.960000000000000000,ug.m-3,44.4264,26.1406
2022-06-30 18:00:00,2022-06-30 19:00:00,18.470000000000000000,ug.m-3,44.4264,26.1406
2022-06-30 19:00:00,2022-06-30 20:00:00,26.740000000000000000,ug.m-3,44.4264,26.1406
2022-06-30 20:00:00,2022-06-30 21:00:00,88.740000000000000000,ug.m-3,44.4264,26.1406
2022-06-30 21:00:00,2022-06-30 22:00:00,62.780000000000000000,ug.m-3,44.4264,26.1406
2022-06-30 22:00:00,2022-06-30 23:00:00,38.140000000000000000,ug.m-3,44.4264,26.1406
2022-06-30 23:00:00,2022-07-01 00:00:00,32.730000000000000000,ug.m-3,44.4264,26.1406
2022-07-01 00:00:00,2022-07-01 01:00:00,26.450000000000000000,ug.m-3,44.4264,26.1406
2022-07-01 01:00:00,2022-07-01 02:00:00,24.650000000000000000,ug.m-3,44.4264,26.1406
2022-07-01 02:00:00,2022-07-01 03:00:00,22.450000000000000000,ug.m-3,44.4264,26.1406
2022-07-01 03:00:00,2022-07-01 04:00:00,21.560000000000000000,ug.m-3,44.4264,26.1406
2022-07-01 04:00:00,2022-07-01 05:00:00,20.380000000000000000,ug.m-3,44.4264,26.1406
2022-07-01 05:00:00,2022-07-01 06:00:00,23.200000000000000000,ug.m-3,44.4264,26.1406
2022-07-01 06:00:00,2022-07-01 07:00:00,25.820000000000000000,ug.m-3,44.4264,26.1406
2022-07-01 07:00:00,2022-07-01 08:00:00,24.760000000000000000,ug.m-3,44.4264,26.1406
2022-07-01 08:00:00,2022-07-01 09:00:00,25.310000000000000000,ug.m-3,44.4264,26.1406
2022-07-01 09:00:00,2022-07-01 10:00:00,23.320000000000000000,ug.m-3,44.4264,26.1406
2022-07-01 10:00:00,2022-07-01 11:00:00,30.000000000000000000,ug.m-3,44.4264,26.1406
2022-07-01 11:00:00,2022-07-01 12:00:00,25.770000000000000000,ug.m-3,44.4264,26.1406
2022-07-01 12:00:00,2022-07-01 13:00:00,26.260000000000000000,ug.m-3,44.4264,26.1406
2022-07-01 13:00:00,2022-07-01 14:00:00,24.420000000000000000,ug.m-3,44.4264,26.1406
2022-07-01 14:00:00,2022-07-01 15:00:00,24.090000000000000000,ug.m-3,44.4264,26.1406
2022-07-01 15:00:00,2022-07-01 16:00:00,29.590000000000000000,ug.m-3,44.4264,26.1406
2022-07-01 16:00:00,2022-07-01 17:00:00,28.730000000000000000,ug.m-3,44.4264,26.1406
2022-07-01 17:00:00,2022-07-01 18:00:00,28.820000000000000000,ug.m-3,44.4264,26.1406
2022-07-01 18:00:00,2022-07-01 19:00:00,25.020000000000000000,ug.m-3,44.4264,26.1406
2022-07-01 19:00:00,2022-07-01 20:00:00,26.790000000000000000,ug.m-3,44.4264,26.1406
2022-07-01 20:00:00,2022-07-01 21:00:00,29.780000000000000000,ug.m-3,44.4264,26.1406
2022-07-01 21:00:00,2022-07-01 22:00:00,23.870000000000000000,ug.m-3,44.4264,26.1406
2022-07-01 22:00:00,2022-07-01 23:00:00,29.580000000000000000,ug.m-3,44.4264,26.1406
2022-07-01 23:00:00,2022-07-02 00:00:00,32.890000000000000000,ug.m-3,44.4264,26.1406
2022-07-02 00:00:00,2022-07-02 01:00:00,30.400000000000000000,ug.m-3,44.4264,26.1406
2022-07-02 01:00:00,2022-07-02 02:00:00,25.730000000000000000,ug.m-3,44.4264,26.1406
2022-07-02 02:00:00,2022-07-02 03:00:00,22.700000000000000000,ug.m-3,44.4264,26.1406
2022-07-02 03:00:00,2022-07-02 04:00:00,21.660000000000000000,ug.m-3,44.4264,26.1406
2022-07-02 04:00:00,2022-07-02 05:00:00,20.830000000000000000,ug.m-3,44.4264,26.1406
2022-07-02 05:00:00,2022-07-02 06:00:00,22.390000000000000000,ug.m-3,44.4264,26.1406
2022-07-02 06:00:00,2022-07-02 07:00:00,20.200000000000000000,ug.m-3,44.4264,26.1406
2022-07-02 07:00:00,2022-07-02 08:00:00,22.250000000000000000,ug.m-3,44.4264,26.1406
2022-07-02 08:00:00,2022-07-02 09:00:00,22.190000000000000000,ug.m-3,44.4264,26.1406
2022-07-02 09:00:00,2022-07-02 10:00:00,22.400000000000000000,ug.m-3,44.4264,26.1406
2022-07-02 10:00:00,2022-07-02 11:00:00,21.940000000000000000,ug.m-3,44.4264,26.1406
2022-07-02 11:00:00,2022-07-02 12:00:00,22.020000000000000000,ug.m-3,44.4264,26.1406
2022-07-02 12:00:00,2022-07-02 13:00:00,23.260000000000000000,ug.m-3,44.4264,26.1406
2022-07-02 13:00:00,2022-07-02 14:00:00,23.800000000000000000,ug.m-3,44.4264,26.1406
2022-07-02 14:00:00,2022-07-02 15:00:00,26.680000000000000000,ug.m-3,44.4264,26.1406
2022-07-02 15:00:00,2022-07-02 16:00:00,26.400000000000000000,ug.m-3,44.4264,26.1406
2022-07-02 16:00:00,2022-07-02 17:00:00,23.530000000000000000,ug.m-3,44.4264,26.1406
2022-07-02 17:00:00,2022-07-02 18:00:00,25.510000000000000000,ug.m-3,44.4264,26.1406
2022-07-02 18:00:00,2022-07-02 19:00:00,27.320000000000000000,ug.m-3,44.4264,26.1406
2022-07-02 19:00:00,2022-07-02 20:00:00,31.090000000000000000,ug.m-3,44.4264,26.1406
2022-07-02 20:00:00,2022-07-02 21:00:00,30.250000000000000000,ug.m-3,44.4264,26.1406
2022-07-02 21:00:00,2022-07-02 22:00:00,25.100000000000000000,ug.m-3,44.4264,26.1406
2022-07-02 22:00:00,2022-07-02 23:00:00,18.730000000000000000,ug.m-3,44.4264,26.1406
2022-07-02 23:00:00,2022-07-03 00:00:00,22.510000000000000000,ug.m-3,44.4264,26.1406
2022-07-03 00:00:00,2022-07-03 01:00:00,22.900000000000000000,ug.m-3,44.4264,26.1406
2022-07-03 01:00:00,2022-07-03 02:00:00,21.280000000000000000,ug.m-3,44.4264,26.1406
2022-07-03 02:00:00,2022-07-03 03:00:00,22.850000000000000000,ug.m-3,44.4264,26.1406
2022-07-03 03:00:00,2022-07-03 04:00:00,19.410000000000000000,ug.m-3,44.4264,26.1406
2022-07-03 04:00:00,2022-07-03 05:00:00,21.470000000000000000,ug.m-3,44.4264,26.1406
2022-07-03 05:00:00,2022-07-03 06:00:00,23.980000000000000000,ug.m-3,44.4264,26.1406
2022-07-03 06:00:00,2022-07-03 07:00:00,23.810000000000000000,ug.m-3,44.4264,26.1406
2022-07-03 07:00:00,2022-07-03 08:00:00,20.010000000000000000,ug.m-3,44.4264,26.1406
2022-07-03 08:00:00,2022-07-03 09:00:00,20.350000000000000000,ug.m-3,44.4264,26.1406
2022-07-03 09:00:00,2022-07-03 10:00:00,22.420000000000000000,ug.m-3,44.4264,26.1406
2022-07-03 10:00:00,2022-07-03 11:00:00,25.850000000000000000,ug.m-3,44.4264,26.1406
2022-07-03 11:00:00,2022-07-03 12:00:00,27.200000000000000000,ug.m-3,44.4264,26.1406
2022-07-03 12:00:00,2022-07-03 13:00:00,30.960000000000000000,ug.m-3,44.4264,26.1406
2022-07-03 13:00:00,2022-07-03 14:00:00,23.010000000000000000,ug.m-3,44.4264,26.1406
2022-07-03 14:00:00,2022-07-03 15:00:00,22.570000000000000000,ug.m-3,44.4264,26.1406
2022-07-03 15:00:00,2022-07-03 16:00:00,19.040000000000000000,ug.m-3,44.4264,26.1406
2022-07-03 16:00:00,2022-07-03 17:00:00,20.580000000000000000,ug.m-3,44.4264,26.1406
2022-07-03 17:00:00,2022-07-03 18:00:00,21.380000000000000000,ug.m-3,44.4264,26.1406
2022-07-03 18:00:00,2022-07-03 19:00:00,20.230000000000000000,ug.m-3,44.4264,26.1406
2022-07-03 19:00:00,2022-07-03 20:00:00,22.190000000000000000,ug.m-3,44.4264,26.1406
2022-07-03 20:00:00,2022-07-03 21:00:00,25.400000000000000000,ug.m-3,44.4264,26.1406
2022-07-03 21:00:00,2022-07-03 22:00:00,26.870000000000000000,ug.m-3,44.4264,26.1406
2022-07-03 22:00:00,2022-07-03 23:00:00,26.460000000000000000,ug.m-3,44.4264,26.1406
2022-07-03 23:00:00,2022-07-04 00:00:00,18.990000000000000000,ug.m-3,44.4264,26.1406
2022-07-04 00:00:00,2022-07-04 01:00:00,15.960000000000000000,ug.m-3,44.4264,26.1406
2022-07-04 01:00:00,2022-07-04 02:00:00,15.760000000000000000,ug.m-3,44.4264,26.1406
2022-07-04 02:00:00,2022-07-04 03:00:00,15.940000000000000000,ug.m-3,44.4264,26.1406
2022-07-04 03:00:00,2022-07-04 04:00:00,14.790000000000000000,ug.m-3,44.4264,26.1406
2022-07-04 04:00:00,2022-07-04 05:00:00,14.100000000000000000,ug.m-3,44.4264,26.1406
2022-07-04 05:00:00,2022-07-04 06:00:00,19.870000000000000000,ug.m-3,44.4264,26.1406
2022-07-04 06:00:00,2022-07-04 07:00:00,26.850000000000000000,ug.m-3,44.4264,26.1406
2022-07-04 07:00:00,2022-07-04 08:00:00,27.100000000000000000,ug.m-3,44.4264,26.1406
2022-07-04 08:00:00,2022-07-04 09:00:00,23.760000000000000000,ug.m-3,44.4264,26.1406
2022-07-04 09:00:00,2022-07-04 10:00:00,22.890000000000000000,ug.m-3,44.4264,26.1406
2022-07-04 10:00:00,2022-07-04 11:00:00,33.430000000000000000,ug.m-3,44.4264,26.1406
2022-07-04 11:00:00,2022-07-04 12:00:00,29.400000000000000000,ug.m-3,44.4264,26.1406
2022-07-04 12:00:00,2022-07-04 13:00:00,27.740000000000000000,ug.m-3,44.4264,26.1406
2022-07-04 13:00:00,2022-07-04 14:00:00,28.220000000000000000,ug.m-3,44.4264,26.1406
2022-07-04 15:00:00,2022-07-04 16:00:00,24.450000000000000000,ug.m-3,44.4264,26.1406
2022-07-04 16:00:00,2022-07-04 17:00:00,28.490000000000000000,ug.m-3,44.4264,26.1406
2022-07-04 17:00:00,2022-07-04 18:00:00,32.570000000000000000,ug.m-3,44.4264,26.1406
2022-07-04 18:00:00,2022-07-04 19:00:00,25.050000000000000000,ug.m-3,44.4264,26.1406
2022-07-04 19:00:00,2022-07-04 20:00:00,19.240000000000000000,ug.m-3,44.4264,26.1406
2022-07-04 20:00:00,2022-07-04 21:00:00,22.250000000000000000,ug.m-3,44.4264,26.1406
2022-07-04 21:00:00,2022-07-04 22:00:00,28.900000000000000000,ug.m-3,44.4264,26.1406
2022-07-04 22:00:00,2022-07-04 23:00:00,36.630000000000000000,ug.m-3,44.4264,26.1406
2022-07-04 23:00:00,2022-07-05 00:00:00,33.050000000000000000,ug.m-3,44.4264,26.1406
2022-07-05 00:00:00,2022-07-05 01:00:00,31.850000000000000000,ug.m-3,44.4264,26.1406
2022-07-05 01:00:00,2022-07-05 02:00:00,23.850000000000000000,ug.m-3,44.4264,26.1406
2022-07-05 02:00:00,2022-07-05 03:00:00,21.550000000000000000,ug.m-3,44.4264,26.1406
2022-07-05 03:00:00,2022-07-05 04:00:00,20.760000000000000000,ug.m-3,44.4264,26.1406
2022-07-05 04:00:00,2022-07-05 05:00:00,20.770000000000000000,ug.m-3,44.4264,26.1406
2022-07-05 05:00:00,2022-07-05 06:00:00,30.180000000000000000,ug.m-3,44.4264,26.1406
2022-07-05 06:00:00,2022-07-05 07:00:00,34.290000000000000000,ug.m-3,44.4264,26.1406
2022-07-05 07:00:00,2022-07-05 08:00:00,39.470000000000000000,ug.m-3,44.4264,26.1406
2022-07-05 08:00:00,2022-07-05 09:00:00,41.310000000000000000,ug.m-3,44.4264,26.1406
2022-07-05 09:00:00,2022-07-05 10:00:00,43.210000000000000000,ug.m-3,44.4264,26.1406
2022-07-05 10:00:00,2022-07-05 11:00:00,45.770000000000000000,ug.m-3,44.4264,26.1406
2022-07-05 11:00:00,2022-07-05 12:00:00,41.260000000000000000,ug.m-3,44.4264,26.1406
2022-07-05 12:00:00,2022-07-05 13:00:00,35.480000000000000000,ug.m-3,44.4264,26.1406
2022-07-05 13:00:00,2022-07-05 14:00:00,30.310000000000000000,ug.m-3,44.4264,26.1406
2022-07-05 14:00:00,2022-07-05 15:00:00,30.830000000000000000,ug.m-3,44.4264,26.1406
2022-07-05 15:00:00,2022-07-05 16:00:00,31.790000000000000000,ug.m-3,44.4264,26.1406
2022-07-05 16:00:00,2022-07-05 17:00:00,31.610000000000000000,ug.m-3,44.4264,26.1406
2022-07-05 17:00:00,2022-07-05 18:00:00,34.650000000000000000,ug.m-3,44.4264,26.1406
2022-07-05 18:00:00,2022-07-05 19:00:00,34.290000000000000000,ug.m-3,44.4264,26.1406
2022-07-05 19:00:00,2022-07-05 20:00:00,31.740000000000000000,ug.m-3,44.4264,26.1406
2022-07-05 20:00:00,2022-07-05 21:00:00,32.860000000000000000,ug.m-3,44.4264,26.1406
2022-07-05 21:00:00,2022-07-05 22:00:00,25.270000000000000000,ug.m-3,44.4264,26.1406
2022-07-05 22:00:00,2022-07-05 23:00:00,28.800000000000000000,ug.m-3,44.4264,26.1406
2022-07-05 23:00:00,2022-07-06 00:00:00,29.240000000000000000,ug.m-3,44.4264,26.1406
2022-07-06 00:00:00,2022-07-06 01:00:00,26.830000000000000000,ug.m-3,44.4264,26.1406
2022-07-06 01:00:00,2022-07-06 02:00:00,23.230000000000000000,ug.m-3,44.4264,26.1406
2022-07-06 02:00:00,2022-07-06 03:00:00,22.290000000000000000,ug.m-3,44.4264,26.1406
2022-07-06 03:00:00,2022-07-06 04:00:00,20.570000000000000000,ug.m-3,44.4264,26.1406
2022-07-06 04:00:00,2022-07-06 05:00:00,21.120000000000000000,ug.m-3,44.4264,26.1406
2022-07-06 05:00:00,2022-07-06 06:00:00,23.950000000000000000,ug.m-3,44.4264,26.1406
2022-07-06 06:00:00,2022-07-06 07:00:00,31.110000000000000000,ug.m-3,44.4264,26.1406
2022-07-06 07:00:00,2022-07-06 08:00:00,41.970000000000000000,ug.m-3,44.4264,26.1406
2022-07-06 08:00:00,2022-07-06 09:00:00,41.250000000000000000,ug.m-3,44.4264,26.1406
2022-07-06 09:00:00,2022-07-06 10:00:00,46.900000000000000000,ug.m-3,44.4264,26.1406
2022-07-06 10:00:00,2022-07-06 11:00:00,36.940000000000000000,ug.m-3,44.4264,26.1406
2022-07-06 11:00:00,2022-07-06 12:00:00,31.700000000000000000,ug.m-3,44.4264,26.1406
2022-07-06 12:00:00,2022-07-06 13:00:00,28.760000000000000000,ug.m-3,44.4264,26.1406
2022-07-06 13:00:00,2022-07-06 14:00:00,29.620000000000000000,ug.m-3,44.4264,26.1406
2022-07-06 14:00:00,2022-07-06 15:00:00,28.060000000000000000,ug.m-3,44.4264,26.1406
2022-07-06 15:00:00,2022-07-06 16:00:00,20.200000000000000000,ug.m-3,44.4264,26.1406
2022-07-06 16:00:00,2022-07-06 17:00:00,21.030000000000000000,ug.m-3,44.4264,26.1406
2022-07-06 17:00:00,2022-07-06 18:00:00,14.020000000000000000,ug.m-3,44.4264,26.1406
2022-07-06 18:00:00,2022-07-06 19:00:00,18.930000000000000000,ug.m-3,44.4264,26.1406
2022-07-06 19:00:00,2022-07-06 20:00:00,22.410000000000000000,ug.m-3,44.4264,26.1406
2022-07-06 20:00:00,2022-07-06 21:00:00,25.900000000000000000,ug.m-3,44.4264,26.1406
2022-07-06 21:00:00,2022-07-06 22:00:00,24.220000000000000000,ug.m-3,44.4264,26.1406
2022-07-06 22:00:00,2022-07-06 23:00:00,22.990000000000000000,ug.m-3,44.4264,26.1406
2022-07-06 23:00:00,2022-07-07 00:00:00,23.320000000000000000,ug.m-3,44.4264,26.1406
2022-07-07 00:00:00,2022-07-07 01:00:00,25.100000000000000000,ug.m-3,44.4264,26.1406
2022-07-07 01:00:00,2022-07-07 02:00:00,20.620000000000000000,ug.m-3,44.4264,26.1406
2022-07-07 02:00:00,2022-07-07 03:00:00,21.920000000000000000,ug.m-3,44.4264,26.1406
2022-07-07 03:00:00,2022-07-07 04:00:00,15.490000000000000000,ug.m-3,44.4264,26.1406
2022-07-07 04:00:00,2022-07-07 05:00:00,12.010000000000000000,ug.m-3,44.4264,26.1406
2022-07-07 05:00:00,2022-07-07 06:00:00,11.200000000000000000,ug.m-3,44.4264,26.1406
2022-07-07 06:00:00,2022-07-07 07:00:00,8.950000000000000000,ug.m-3,44.4264,26.1406
2022-07-07 07:00:00,2022-07-07 08:00:00,7.320000000000000000,ug.m-3,44.4264,26.1406
2022-07-07 08:00:00,2022-07-07 09:00:00,9.770000000000000000,ug.m-3,44.4264,26.1406
2022-07-07 09:00:00,2022-07-07 10:00:00,10.300000000000000000,ug.m-3,44.4264,26.1406
2022-07-07 10:00:00,2022-07-07 11:00:00,14.780000000000000000,ug.m-3,44.4264,26.1406
2022-07-07 11:00:00,2022-07-07 12:00:00,12.290000000000000000,ug.m-3,44.4264,26.1406
2022-07-07 12:00:00,2022-07-07 13:00:00,10.970000000000000000,ug.m-3,44.4264,26.1406
2022-07-07 13:00:00,2022-07-07 14:00:00,9.340000000000000000,ug.m-3,44.4264,26.1406
2022-07-07 14:00:00,2022-07-07 15:00:00,9.920000000000000000,ug.m-3,44.4264,26.1406
2022-07-07 15:00:00,2022-07-07 16:00:00,18.650000000000000000,ug.m-3,44.4264,26.1406
2022-07-07 16:00:00,2022-07-07 17:00:00,21.580000000000000000,ug.m-3,44.4264,26.1406
2022-07-07 17:00:00,2022-07-07 18:00:00,18.800000000000000000,ug.m-3,44.4264,26.1406
2022-07-07 18:00:00,2022-07-07 19:00:00,16.620000000000000000,ug.m-3,44.4264,26.1406
2022-07-07 19:00:00,2022-07-07 20:00:00,15.480000000000000000,ug.m-3,44.4264,26.1406
2022-07-07 20:00:00,2022-07-07 21:00:00,16.120000000000000000,ug.m-3,44.4264,26.1406
2022-07-07 21:00:00,2022-07-07 22:00:00,10.820000000000000000,ug.m-3,44.4264,26.1406
2022-07-07 22:00:00,2022-07-07 23:00:00,11.590000000000000000,ug.m-3,44.4264,26.1406
2022-07-07 23:00:00,2022-07-08 00:00:00,13.460000000000000000,ug.m-3,44.4264,26.1406
2022-07-08 00:00:00,2022-07-08 01:00:00,17.630000000000000000,ug.m-3,44.4264,26.1406
2022-07-08 01:00:00,2022-07-08 02:00:00,13.710000000000000000,ug.m-3,44.4264,26.1406
2022-07-08 02:00:00,2022-07-08 03:00:00,12.460000000000000000,ug.m-3,44.4264,26.1406
2022-07-08 03:00:00,2022-07-08 04:00:00,10.850000000000000000,ug.m-3,44.4264,26.1406
2022-07-08 04:00:00,2022-07-08 05:00:00,16.810000000000000000,ug.m-3,44.4264,26.1406
2022-07-08 05:00:00,2022-07-08 06:00:00,18.440000000000000000,ug.m-3,44.4264,26.1406
2022-07-08 06:00:00,2022-07-08 07:00:00,20.350000000000000000,ug.m-3,44.4264,26.1406
2022-07-08 07:00:00,2022-07-08 08:00:00,18.420000000000000000,ug.m-3,44.4264,26.1406
2022-07-08 08:00:00,2022-07-08 09:00:00,21.760000000000000000,ug.m-3,44.4264,26.1406
2022-07-08 09:00:00,2022-07-08 10:00:00,19.630000000000000000,ug.m-3,44.4264,26.1406
2022-07-08 10:00:00,2022-07-08 11:00:00,14.030000000000000000,ug.m-3,44.4264,26.1406
2022-07-08 11:00:00,2022-07-08 12:00:00,14.580000000000000000,ug.m-3,44.4264,26.1406
2022-07-08 12:00:00,2022-07-08 13:00:00,14.910000000000000000,ug.m-3,44.4264,26.1406
2022-07-08 13:00:00,2022-07-08 14:00:00,17.530000000000000000,ug.m-3,44.4264,26.1406
2022-07-08 14:00:00,2022-07-08 15:00:00,11.980000000000000000,ug.m-3,44.4264,26.1406
2022-07-08 15:00:00,2022-07-08 16:00:00,13.610000000000000000,ug.m-3,44.4264,26.1406
2022-07-08 16:00:00,2022-07-08 17:00:00,12.280000000000000000,ug.m-3,44.4264,26.1406
2022-07-08 17:00:00,2022-07-08 18:00:00,12.330000000000000000,ug.m-3,44.4264,26.1406
2022-07-08 18:00:00,2022-07-08 19:00:00,10.330000000000000000,ug.m-3,44.4264,26.1406
2022-07-08 19:00:00,2022-07-08 20:00:00,14.390000000000000000,ug.m-3,44.4264,26.1406
2022-07-08 20:00:00,2022-07-08 21:00:00,23.450000000000000000,ug.m-3,44.4264,26.1406
2022-07-08 21:00:00,2022-07-08 22:00:00,23.170000000000000000,ug.m-3,44.4264,26.1406
2022-07-08 22:00:00,2022-07-08 23:00:00,19.210000000000000000,ug.m-3,44.4264,26.1406
2022-07-08 23:00:00,2022-07-09 00:00:00,20.340000000000000000,ug.m-3,44.4264,26.1406
2022-07-09 00:00:00,2022-07-09 01:00:00,18.730000000000000000,ug.m-3,44.4264,26.1406
2022-07-09 01:00:00,2022-07-09 02:00:00,16.100000000000000000,ug.m-3,44.4264,26.1406
2022-07-09 02:00:00,2022-07-09 03:00:00,15.070000000000000000,ug.m-3,44.4264,26.1406
2022-07-09 03:00:00,2022-07-09 04:00:00,17.680000000000000000,ug.m-3,44.4264,26.1406
2022-07-09 04:00:00,2022-07-09 05:00:00,15.680000000000000000,ug.m-3,44.4264,26.1406
2022-07-09 05:00:00,2022-07-09 06:00:00,12.340000000000000000,ug.m-3,44.4264,26.1406
2022-07-09 06:00:00,2022-07-09 07:00:00,13.540000000000000000,ug.m-3,44.4264,26.1406
2022-07-09 07:00:00,2022-07-09 08:00:00,13.530000000000000000,ug.m-3,44.4264,26.1406
2022-07-09 08:00:00,2022-07-09 09:00:00,14.970000000000000000,ug.m-3,44.4264,26.1406
2022-07-09 09:00:00,2022-07-09 10:00:00,14.680000000000000000,ug.m-3,44.4264,26.1406
2022-07-09 10:00:00,2022-07-09 11:00:00,18.220000000000000000,ug.m-3,44.4264,26.1406
2022-07-09 11:00:00,2022-07-09 12:00:00,15.750000000000000000,ug.m-3,44.4264,26.1406
2022-07-09 12:00:00,2022-07-09 13:00:00,13.860000000000000000,ug.m-3,44.4264,26.1406
2022-07-09 13:00:00,2022-07-09 14:00:00,19.170000000000000000,ug.m-3,44.4264,26.1406
2022-07-09 14:00:00,2022-07-09 15:00:00,17.380000000000000000,ug.m-3,44.4264,26.1406
2022-07-09 15:00:00,2022-07-09 16:00:00,19.130000000000000000,ug.m-3,44.4264,26.1406
2022-07-09 16:00:00,2022-07-09 17:00:00,15.590000000000000000,ug.m-3,44.4264,26.1406
2022-07-09 17:00:00,2022-07-09 18:00:00,13.090000000000000000,ug.m-3,44.4264,26.1406
2022-07-09 18:00:00,2022-07-09 19:00:00,14.570000000000000000,ug.m-3,44.4264,26.1406
2022-07-09 19:00:00,2022-07-09 20:00:00,18.410000000000000000,ug.m-3,44.4264,26.1406
2022-07-09 20:00:00,2022-07-09 21:00:00,18.930000000000000000,ug.m-3,44.4264,26.1406
2022-07-09 21:00:00,2022-07-09 22:00:00,15.000000000000000000,ug.m-3,44.4264,26.1406
2022-07-09 22:00:00,2022-07-09 23:00:00,18.920000000000000000,ug.m-3,44.4264,26.1406
2022-07-09 23:00:00,2022-07-10 00:00:00,21.470000000000000000,ug.m-3,44.4264,26.1406
2022-07-10 00:00:00,2022-07-10 01:00:00,22.230000000000000000,ug.m-3,44.4264,26.1406
2022-07-10 01:00:00,2022-07-10 02:00:00,18.460000000000000000,ug.m-3,44.4264,26.1406
2022-07-10 02:00:00,2022-07-10 03:00:00,18.200000000000000000,ug.m-3,44.4264,26.1406
2022-07-10 03:00:00,2022-07-10 04:00:00,13.960000000000000000,ug.m-3,44.4264,26.1406
2022-07-10 04:00:00,2022-07-10 05:00:00,13.640000000000000000,ug.m-3,44.4264,26.1406
2022-07-10 05:00:00,2022-07-10 06:00:00,14.540000000000000000,ug.m-3,44.4264,26.1406
2022-07-10 06:00:00,2022-07-10 07:00:00,16.410000000000000000,ug.m-3,44.4264,26.1406
2022-07-10 07:00:00,2022-07-10 08:00:00,16.870000000000000000,ug.m-3,44.4264,26.1406
2022-07-10 08:00:00,2022-07-10 09:00:00,19.520000000000000000,ug.m-3,44.4264,26.1406
2022-07-10 09:00:00,2022-07-10 10:00:00,17.220000000000000000,ug.m-3,44.4264,26.1406
2022-07-10 10:00:00,2022-07-10 11:00:00,17.930000000000000000,ug.m-3,44.4264,26.1406
2022-07-10 11:00:00,2022-07-10 12:00:00,17.460000000000000000,ug.m-3,44.4264,26.1406
2022-07-10 12:00:00,2022-07-10 13:00:00,15.050000000000000000,ug.m-3,44.4264,26.1406
2022-07-10 13:00:00,2022-07-10 14:00:00,19.240000000000000000,ug.m-3,44.4264,26.1406
2022-07-10 14:00:00,2022-07-10 15:00:00,16.570000000000000000,ug.m-3,44.4264,26.1406
2022-07-10 15:00:00,2022-07-10 16:00:00,10.470000000000000000,ug.m-3,44.4264,26.1406
2022-07-10 16:00:00,2022-07-10 17:00:00,15.680000000000000000,ug.m-3,44.4264,26.1406
2022-07-10 17:00:00,2022-07-10 18:00:00,13.360000000000000000,ug.m-3,44.4264,26.1406
2022-07-10 18:00:00,2022-07-10 19:00:00,11.130000000000000000,ug.m-3,44.4264,26.1406
2022-07-10 19:00:00,2022-07-10 20:00:00,13.080000000000000000,ug.m-3,44.4264,26.1406
2022-07-10 20:00:00,2022-07-10 21:00:00,10.440000000000000000,ug.m-3,44.4264,26.1406
2022-07-10 21:00:00,2022-07-10 22:00:00,12.890000000000000000,ug.m-3,44.4264,26.1406
2022-07-10 22:00:00,2022-07-10 23:00:00,14.610000000000000000,ug.m-3,44.4264,26.1406
2022-07-10 23:00:00,2022-07-11 00:00:00,11.850000000000000000,ug.m-3,44.4264,26.1406
2022-07-11 00:00:00,2022-07-11 01:00:00,9.060000000000000000,ug.m-3,44.4264,26.1406
2022-07-11 01:00:00,2022-07-11 02:00:00,10.280000000000000000,ug.m-3,44.4264,26.1406
2022-07-11 02:00:00,2022-07-11 03:00:00,15.440000000000000000,ug.m-3,44.4264,26.1406
2022-07-11 03:00:00,2022-07-11 04:00:00,14.900000000000000000,ug.m-3,44.4264,26.1406
2022-07-11 04:00:00,2022-07-11 05:00:00,13.790000000000000000,ug.m-3,44.4264,26.1406
2022-07-11 05:00:00,2022-07-11 06:00:00,16.190000000000000000,ug.m-3,44.4264,26.1406
2022-07-11 06:00:00,2022-07-11 07:00:00,17.770000000000000000,ug.m-3,44.4264,26.1406
2022-07-11 07:00:00,2022-07-11 08:00:00,18.510000000000000000,ug.m-3,44.4264,26.1406
2022-07-11 08:00:00,2022-07-11 09:00:00,17.120000000000000000,ug.m-3,44.4264,26.1406
2022-07-11 09:00:00,2022-07-11 10:00:00,23.680000000000000000,ug.m-3,44.4264,26.1406
2022-07-11 10:00:00,2022-07-11 11:00:00,25.580000000000000000,ug.m-3,44.4264,26.1406
2022-07-11 11:00:00,2022-07-11 12:00:00,17.940000000000000000,ug.m-3,44.4264,26.1406
2022-07-11 12:00:00,2022-07-11 13:00:00,14.540000000000000000,ug.m-3,44.4264,26.1406
2022-07-11 13:00:00,2022-07-11 14:00:00,18.380000000000000000,ug.m-3,44.4264,26.1406
2022-07-11 14:00:00,2022-07-11 15:00:00,14.840000000000000000,ug.m-3,44.4264,26.1406
2022-07-11 15:00:00,2022-07-11 16:00:00,18.410000000000000000,ug.m-3,44.4264,26.1406
2022-07-11 16:00:00,2022-07-11 17:00:00,12.230000000000000000,ug.m-3,44.4264,26.1406
2022-07-11 17:00:00,2022-07-11 18:00:00,15.050000000000000000,ug.m-3,44.4264,26.1406
2022-07-11 18:00:00,2022-07-11 19:00:00,13.430000000000000000,ug.m-3,44.4264,26.1406
2022-07-11 19:00:00,2022-07-11 20:00:00,15.290000000000000000,ug.m-3,44.4264,26.1406
2022-07-11 20:00:00,2022-07-11 21:00:00,14.940000000000000000,ug.m-3,44.4264,26.1406
2022-07-11 21:00:00,2022-07-11 22:00:00,17.760000000000000000,ug.m-3,44.4264,26.1406
2022-07-11 22:00:00,2022-07-11 23:00:00,16.620000000000000000,ug.m-3,44.4264,26.1406
2022-07-11 23:00:00,2022-07-12 00:00:00,13.550000000000000000,ug.m-3,44.4264,26.1406
2022-07-12 00:00:00,2022-07-12 01:00:00,9.540000000000000000,ug.m-3,44.4264,26.1406
2022-07-12 01:00:00,2022-07-12 02:00:00,8.240000000000000000,ug.m-3,44.4264,26.1406
2022-07-12 02:00:00,2022-07-12 03:00:00,8.490000000000000000,ug.m-3,44.4264,26.1406
2022-07-12 03:00:00,2022-07-12 04:00:00,9.570000000000000000,ug.m-3,44.4264,26.1406
2022-07-12 04:00:00,2022-07-12 05:00:00,10.370000000000000000,ug.m-3,44.4264,26.1406
2022-07-12 05:00:00,2022-07-12 06:00:00,8.940000000000000000,ug.m-3,44.4264,26.1406
2022-07-12 06:00:00,2022-07-12 07:00:00,15.730000000000000000,ug.m-3,44.4264,26.1406
2022-07-12 07:00:00,2022-07-12 08:00:00,23.560000000000000000,ug.m-3,44.4264,26.1406
2022-07-12 08:00:00,2022-07-12 09:00:00,19.780000000000000000,ug.m-3,44.4264,26.1406
2022-07-12 09:00:00,2022-07-12 10:00:00,14.330000000000000000,ug.m-3,44.4264,26.1406
2022-07-12 10:00:00,2022-07-12 11:00:00,13.140000000000000000,ug.m-3,44.4264,26.1406
2022-07-12 11:00:00,2022-07-12 12:00:00,10.890000000000000000,ug.m-3,44.4264,26.1406
2022-07-12 12:00:00,2022-07-12 13:00:00,14.880000000000000000,ug.m-3,44.4264,26.1406
2022-07-12 13:00:00,2022-07-12 14:00:00,8.500000000000000000,ug.m-3,44.4264,26.1406
2022-07-12 14:00:00,2022-07-12 15:00:00,13.730000000000000000,ug.m-3,44.4264,26.1406
2022-07-12 15:00:00,2022-07-12 16:00:00,11.410000000000000000,ug.m-3,44.4264,26.1406
2022-07-12 16:00:00,2022-07-12 17:00:00,8.230000000000000000,ug.m-3,44.4264,26.1406
2022-07-12 17:00:00,2022-07-12 18:00:00,7.650000000000000000,ug.m-3,44.4264,26.1406
2022-07-12 18:00:00,2022-07-12 19:00:00,14.830000000000000000,ug.m-3,44.4264,26.1406
2022-07-12 19:00:00,2022-07-12 20:00:00,16.780000000000000000,ug.m-3,44.4264,26.1406
2022-07-12 20:00:00,2022-07-12 21:00:00,16.870000000000000000,ug.m-3,44.4264,26.1406
2022-07-12 21:00:00,2022-07-12 22:00:00,14.470000000000000000,ug.m-3,44.4264,26.1406
2022-07-12 22:00:00,2022-07-12 23:00:00,8.490000000000000000,ug.m-3,44.4264,26.1406
2022-07-12 23:00:00,2022-07-13 00:00:00,7.190000000000000000,ug.m-3,44.4264,26.1406
2022-07-13 00:00:00,2022-07-13 01:00:00,10.360000000000000000,ug.m-3,44.4264,26.1406
2022-07-13 01:00:00,2022-07-13 02:00:00,7.560000000000000000,ug.m-3,44.4264,26.1406
2022-07-13 02:00:00,2022-07-13 03:00:00,8.400000000000000000,ug.m-3,44.4264,26.1406
2022-07-13 03:00:00,2022-07-13 04:00:00,8.630000000000000000,ug.m-3,44.4264,26.1406
2022-07-13 04:00:00,2022-07-13 05:00:00,9.570000000000000000,ug.m-3,44.4264,26.1406
2022-07-13 05:00:00,2022-07-13 06:00:00,11.250000000000000000,ug.m-3,44.4264,26.1406
2022-07-13 06:00:00,2022-07-13 07:00:00,11.850000000000000000,ug.m-3,44.4264,26.1406
2022-07-13 07:00:00,2022-07-13 08:00:00,17.430000000000000000,ug.m-3,44.4264,26.1406
2022-07-13 08:00:00,2022-07-13 09:00:00,19.590000000000000000,ug.m-3,44.4264,26.1406
2022-07-13 09:00:00,2022-07-13 10:00:00,17.690000000000000000,ug.m-3,44.4264,26.1406
2022-07-13 10:00:00,2022-07-13 11:00:00,15.650000000000000000,ug.m-3,44.4264,26.1406
2022-07-13 11:00:00,2022-07-13 12:00:00,10.820000000000000000,ug.m-3,44.4264,26.1406
2022-07-13 12:00:00,2022-07-13 13:00:00,10.520000000000000000,ug.m-3,44.4264,26.1406
2022-07-13 13:00:00,2022-07-13 14:00:00,9.090000000000000000,ug.m-3,44.4264,26.1406
2022-07-13 14:00:00,2022-07-13 15:00:00,7.900000000000000000,ug.m-3,44.4264,26.1406
2022-07-13 15:00:00,2022-07-13 16:00:00,12.650000000000000000,ug.m-3,44.4264,26.1406
2022-07-13 16:00:00,2022-07-13 17:00:00,8.460000000000000000,ug.m-3,44.4264,26.1406
2022-07-13 17:00:00,2022-07-13 18:00:00,5.570000000000000000,ug.m-3,44.4264,26.1406
2022-07-13 18:00:00,2022-07-13 19:00:00,9.260000000000000000,ug.m-3,44.4264,26.1406
2022-07-13 19:00:00,2022-07-13 20:00:00,10.910000000000000000,ug.m-3,44.4264,26.1406
2022-07-13 20:00:00,2022-07-13 21:00:00,12.110000000000000000,ug.m-3,44.4264,26.1406
2022-07-13 21:00:00,2022-07-13 22:00:00,12.960000000000000000,ug.m-3,44.4264,26.1406
2022-07-13 22:00:00,2022-07-13 23:00:00,26.210000000000000000,ug.m-3,44.4264,26.1406
2022-07-13 23:00:00,2022-07-14 00:00:00,25.930000000000000000,ug.m-3,44.4264,26.1406
2022-07-14 00:00:00,2022-07-14 01:00:00,29.470000000000000000,ug.m-3,44.4264,26.1406
2022-07-14 01:00:00,2022-07-14 02:00:00,26.880000000000000000,ug.m-3,44.4264,26.1406
2022-07-14 02:00:00,2022-07-14 03:00:00,16.930000000000000000,ug.m-3,44.4264,26.1406
2022-07-14 03:00:00,2022-07-14 04:00:00,16.790000000000000000,ug.m-3,44.4264,26.1406
2022-07-14 04:00:00,2022-07-14 05:00:00,21.190000000000000000,ug.m-3,44.4264,26.1406
2022-07-14 05:00:00,2022-07-14 06:00:00,21.720000000000000000,ug.m-3,44.4264,26.1406
2022-07-14 06:00:00,2022-07-14 07:00:00,24.130000000000000000,ug.m-3,44.4264,26.1406
2022-07-14 07:00:00,2022-07-14 08:00:00,24.610000000000000000,ug.m-3,44.4264,26.1406
2022-07-14 08:00:00,2022-07-14 09:00:00,28.430000000000000000,ug.m-3,44.4264,26.1406
2022-07-14 09:00:00,2022-07-14 10:00:00,24.790000000000000000,ug.m-3,44.4264,26.1406
2022-07-14 10:00:00,2022-07-14 11:00:00,22.050000000000000000,ug.m-3,44.4264,26.1406
2022-07-14 11:00:00,2022-07-14 12:00:00,15.410000000000000000,ug.m-3,44.4264,26.1406
2022-07-14 12:00:00,2022-07-14 13:00:00,15.830000000000000000,ug.m-3,44.4264,26.1406
2022-07-14 13:00:00,2022-07-14 14:00:00,15.570000000000000000,ug.m-3,44.4264,26.1406
2022-07-14 14:00:00,2022-07-14 15:00:00,10.950000000000000000,ug.m-3,44.4264,26.1406
2022-07-14 15:00:00,2022-07-14 16:00:00,10.650000000000000000,ug.m-3,44.4264,26.1406
2022-07-14 16:00:00,2022-07-14 17:00:00,10.090000000000000000,ug.m-3,44.4264,26.1406
2022-07-14 17:00:00,2022-07-14 18:00:00,12.630000000000000000,ug.m-3,44.4264,26.1406
2022-07-14 18:00:00,2022-07-14 19:00:00,14.030000000000000000,ug.m-3,44.4264,26.1406
2022-07-14 19:00:00,2022-07-14 20:00:00,14.050000000000000000,ug.m-3,44.4264,26.1406
2022-07-14 20:00:00,2022-07-14 21:00:00,16.220000000000000000,ug.m-3,44.4264,26.1406
2022-07-14 21:00:00,2022-07-14 22:00:00,20.880000000000000000,ug.m-3,44.4264,26.1406
2022-07-14 22:00:00,2022-07-14 23:00:00,27.870000000000000000,ug.m-3,44.4264,26.1406
2022-07-14 23:00:00,2022-07-15 00:00:00,29.640000000000000000,ug.m-3,44.4264,26.1406
2022-07-15 00:00:00,2022-07-15 01:00:00,24.580000000000000000,ug.m-3,44.4264,26.1406
2022-07-15 01:00:00,2022-07-15 02:00:00,26.780000000000000000,ug.m-3,44.4264,26.1406
2022-07-15 02:00:00,2022-07-15 03:00:00,31.050000000000000000,ug.m-3,44.4264,26.1406
2022-07-15 03:00:00,2022-07-15 04:00:00,23.900000000000000000,ug.m-3,44.4264,26.1406
2022-07-15 04:00:00,2022-07-15 05:00:00,20.350000000000000000,ug.m-3,44.4264,26.1406
2022-07-15 05:00:00,2022-07-15 06:00:00,16.160000000000000000,ug.m-3,44.4264,26.1406
2022-07-15 06:00:00,2022-07-15 07:00:00,17.100000000000000000,ug.m-3,44.4264,26.1406
2022-07-15 07:00:00,2022-07-15 08:00:00,17.320000000000000000,ug.m-3,44.4264,26.1406
2022-07-15 08:00:00,2022-07-15 09:00:00,35.760000000000000000,ug.m-3,44.4264,26.1406
2022-07-15 09:00:00,2022-07-15 10:00:00,43.110000000000000000,ug.m-3,44.4264,26.1406
2022-07-15 10:00:00,2022-07-15 11:00:00,32.990000000000000000,ug.m-3,44.4264,26.1406
2022-07-15 11:00:00,2022-07-15 12:00:00,25.440000000000000000,ug.m-3,44.4264,26.1406
2022-07-15 12:00:00,2022-07-15 13:00:00,21.110000000000000000,ug.m-3,44.4264,26.1406
2022-07-15 13:00:00,2022-07-15 14:00:00,14.320000000000000000,ug.m-3,44.4264,26.1406
2022-07-15 14:00:00,2022-07-15 15:00:00,15.490000000000000000,ug.m-3,44.4264,26.1406
2022-07-15 15:00:00,2022-07-15 16:00:00,17.180000000000000000,ug.m-3,44.4264,26.1406
2022-07-15 16:00:00,2022-07-15 17:00:00,18.200000000000000000,ug.m-3,44.4264,26.1406
2022-07-15 17:00:00,2022-07-15 18:00:00,18.790000000000000000,ug.m-3,44.4264,26.1406
2022-07-15 18:00:00,2022-07-15 19:00:00,14.350000000000000000,ug.m-3,44.4264,26.1406
2022-07-15 19:00:00,2022-07-15 20:00:00,18.390000000000000000,ug.m-3,44.4264,26.1406
2022-07-15 20:00:00,2022-07-15 21:00:00,24.990000000000000000,ug.m-3,44.4264,26.1406
2022-07-15 21:00:00,2022-07-15 22:00:00,34.900000000000000000,ug.m-3,44.4264,26.1406
2022-07-15 22:00:00,2022-07-15 23:00:00,31.620000000000000000,ug.m-3,44.4264,26.1406
2022-07-15 23:00:00,2022-07-16 00:00:00,21.970000000000000000,ug.m-3,44.4264,26.1406
2022-07-16 00:00:00,2022-07-16 01:00:00,18.800000000000000000,ug.m-3,44.4264,26.1406
2022-07-16 01:00:00,2022-07-16 02:00:00,19.650000000000000000,ug.m-3,44.4264,26.1406
2022-07-16 02:00:00,2022-07-16 03:00:00,18.060000000000000000,ug.m-3,44.4264,26.1406
2022-07-16 03:00:00,2022-07-16 04:00:00,17.990000000000000000,ug.m-3,44.4264,26.1406
2022-07-16 04:00:00,2022-07-16 05:00:00,19.010000000000000000,ug.m-3,44.4264,26.1406
2022-07-16 05:00:00,2022-07-16 06:00:00,17.060000000000000000,ug.m-3,44.4264,26.1406
2022-07-16 06:00:00,2022-07-16 07:00:00,17.450000000000000000,ug.m-3,44.4264,26.1406
2022-07-16 07:00:00,2022-07-16 08:00:00,17.320000000000000000,ug.m-3,44.4264,26.1406
2022-07-16 08:00:00,2022-07-16 09:00:00,23.440000000000000000,ug.m-3,44.4264,26.1406
2022-07-16 09:00:00,2022-07-16 10:00:00,25.120000000000000000,ug.m-3,44.4264,26.1406
2022-07-16 10:00:00,2022-07-16 11:00:00,21.540000000000000000,ug.m-3,44.4264,26.1406
2022-07-16 11:00:00,2022-07-16 12:00:00,19.160000000000000000,ug.m-3,44.4264,26.1406
2022-07-16 12:00:00,2022-07-16 13:00:00,19.640000000000000000,ug.m-3,44.4264,26.1406
2022-07-16 13:00:00,2022-07-16 14:00:00,22.600000000000000000,ug.m-3,44.4264,26.1406
2022-07-16 14:00:00,2022-07-16 15:00:00,23.210000000000000000,ug.m-3,44.4264,26.1406
2022-07-16 15:00:00,2022-07-16 16:00:00,16.580000000000000000,ug.m-3,44.4264,26.1406
2022-07-16 16:00:00,2022-07-16 17:00:00,18.490000000000000000,ug.m-3,44.4264,26.1406
2022-07-16 17:00:00,2022-07-16 18:00:00,16.770000000000000000,ug.m-3,44.4264,26.1406
2022-07-16 18:00:00,2022-07-16 19:00:00,17.130000000000000000,ug.m-3,44.4264,26.1406
2022-07-16 19:00:00,2022-07-16 20:00:00,14.850000000000000000,ug.m-3,44.4264,26.1406
2022-07-16 20:00:00,2022-07-16 21:00:00,19.060000000000000000,ug.m-3,44.4264,26.1406
2022-07-16 21:00:00,2022-07-16 22:00:00,23.800000000000000000,ug.m-3,44.4264,26.1406
2022-07-16 22:00:00,2022-07-16 23:00:00,22.450000000000000000,ug.m-3,44.4264,26.1406
2022-07-16 23:00:00,2022-07-17 00:00:00,19.970000000000000000,ug.m-3,44.4264,26.1406
2022-07-17 00:00:00,2022-07-17 01:00:00,19.980000000000000000,ug.m-3,44.4264,26.1406
2022-07-17 01:00:00,2022-07-17 02:00:00,20.470000000000000000,ug.m-3,44.4264,26.1406
2022-07-17 02:00:00,2022-07-17 03:00:00,23.760000000000000000,ug.m-3,44.4264,26.1406
2022-07-17 03:00:00,2022-07-17 04:00:00,24.590000000000000000,ug.m-3,44.4264,26.1406
2022-07-17 04:00:00,2022-07-17 05:00:00,20.390000000000000000,ug.m-3,44.4264,26.1406
2022-07-17 05:00:00,2022-07-17 06:00:00,19.110000000000000000,ug.m-3,44.4264,26.1406
2022-07-17 06:00:00,2022-07-17 07:00:00,19.720000000000000000,ug.m-3,44.4264,26.1406
2022-07-17 07:00:00,2022-07-17 08:00:00,17.010000000000000000,ug.m-3,44.4264,26.1406
2022-07-17 08:00:00,2022-07-17 09:00:00,19.220000000000000000,ug.m-3,44.4264,26.1406
2022-07-17 09:00:00,2022-07-17 10:00:00,16.900000000000000000,ug.m-3,44.4264,26.1406
2022-07-17 10:00:00,2022-07-17 11:00:00,19.120000000000000000,ug.m-3,44.4264,26.1406
2022-07-17 11:00:00,2022-07-17 12:00:00,19.310000000000000000,ug.m-3,44.4264,26.1406
2022-07-17 12:00:00,2022-07-17 13:00:00,11.220000000000000000,ug.m-3,44.4264,26.1406
2022-07-17 13:00:00,2022-07-17 14:00:00,11.370000000000000000,ug.m-3,44.4264,26.1406
2022-07-17 14:00:00,2022-07-17 15:00:00,12.040000000000000000,ug.m-3,44.4264,26.1406
2022-07-17 15:00:00,2022-07-17 16:00:00,10.950000000000000000,ug.m-3,44.4264,26.1406
2022-07-17 16:00:00,2022-07-17 17:00:00,10.410000000000000000,ug.m-3,44.4264,26.1406
2022-07-17 17:00:00,2022-07-17 18:00:00,7.580000000000000000,ug.m-3,44.4264,26.1406
2022-07-17 18:00:00,2022-07-17 19:00:00,7.190000000000000000,ug.m-3,44.4264,26.1406
2022-07-17 19:00:00,2022-07-17 20:00:00,17.840000000000000000,ug.m-3,44.4264,26.1406
2022-07-17 20:00:00,2022-07-17 21:00:00,15.220000000000000000,ug.m-3,44.4264,26.1406
2022-07-17 21:00:00,2022-07-17 22:00:00,10.760000000000000000,ug.m-3,44.4264,26.1406
2022-07-17 22:00:00,2022-07-17 23:00:00,21.010000000000000000,ug.m-3,44.4264,26.1406
2022-07-17 23:00:00,2022-07-18 00:00:00,20.850000000000000000,ug.m-3,44.4264,26.1406
2022-07-18 00:00:00,2022-07-18 01:00:00,14.640000000000000000,ug.m-3,44.4264,26.1406
2022-07-18 01:00:00,2022-07-18 02:00:00,12.450000000000000000,ug.m-3,44.4264,26.1406
2022-07-18 02:00:00,2022-07-18 03:00:00,11.400000000000000000,ug.m-3,44.4264,26.1406
2022-07-18 03:00:00,2022-07-18 04:00:00,10.670000000000000000,ug.m-3,44.4264,26.1406
2022-07-18 04:00:00,2022-07-18 05:00:00,12.670000000000000000,ug.m-3,44.4264,26.1406
2022-07-18 05:00:00,2022-07-18 06:00:00,8.780000000000000000,ug.m-3,44.4264,26.1406
2022-07-18 06:00:00,2022-07-18 07:00:00,11.190000000000000000,ug.m-3,44.4264,26.1406
2022-07-18 07:00:00,2022-07-18 08:00:00,13.200000000000000000,ug.m-3,44.4264,26.1406
2022-07-18 08:00:00,2022-07-18 09:00:00,16.280000000000000000,ug.m-3,44.4264,26.1406
2022-07-18 09:00:00,2022-07-18 10:00:00,16.530000000000000000,ug.m-3,44.4264,26.1406
2022-07-18 10:00:00,2022-07-18 11:00:00,12.330000000000000000,ug.m-3,44.4264,26.1406
2022-07-18 11:00:00,2022-07-18 12:00:00,13.090000000000000000,ug.m-3,44.4264,26.1406
2022-07-18 12:00:00,2022-07-18 13:00:00,12.480000000000000000,ug.m-3,44.4264,26.1406
2022-07-18 13:00:00,2022-07-18 14:00:00,14.670000000000000000,ug.m-3,44.4264,26.1406
2022-07-18 14:00:00,2022-07-18 15:00:00,13.930000000000000000,ug.m-3,44.4264,26.1406
2022-07-18 15:00:00,2022-07-18 16:00:00,11.580000000000000000,ug.m-3,44.4264,26.1406
2022-07-18 16:00:00,2022-07-18 17:00:00,14.100000000000000000,ug.m-3,44.4264,26.1406
2022-07-18 17:00:00,2022-07-18 18:00:00,12.030000000000000000,ug.m-3,44.4264,26.1406
2022-07-18 18:00:00,2022-07-18 19:00:00,11.740000000000000000,ug.m-3,44.4264,26.1406
2022-07-18 19:00:00,2022-07-18 20:00:00,10.520000000000000000,ug.m-3,44.4264,26.1406
2022-07-18 20:00:00,2022-07-18 21:00:00,16.720000000000000000,ug.m-3,44.4264,26.1406
2022-07-18 21:00:00,2022-07-18 22:00:00,24.140000000000000000,ug.m-3,44.4264,26.1406
2022-07-18 22:00:00,2022-07-18 23:00:00,25.840000000000000000,ug.m-3,44.4264,26.1406
2022-07-18 23:00:00,2022-07-19 00:00:00,24.820000000000000000,ug.m-3,44.4264,26.1406
2022-07-19 00:00:00,2022-07-19 01:00:00,25.380000000000000000,ug.m-3,44.4264,26.1406
2022-07-19 01:00:00,2022-07-19 02:00:00,24.470000000000000000,ug.m-3,44.4264,26.1406
2022-07-19 02:00:00,2022-07-19 03:00:00,22.920000000000000000,ug.m-3,44.4264,26.1406
2022-07-19 03:00:00,2022-07-19 04:00:00,19.180000000000000000,ug.m-3,44.4264,26.1406
2022-07-19 04:00:00,2022-07-19 05:00:00,19.880000000000000000,ug.m-3,44.4264,26.1406
2022-07-19 05:00:00,2022-07-19 06:00:00,16.260000000000000000,ug.m-3,44.4264,26.1406
2022-07-19 06:00:00,2022-07-19 07:00:00,17.750000000000000000,ug.m-3,44.4264,26.1406
2022-07-19 07:00:00,2022-07-19 08:00:00,16.690000000000000000,ug.m-3,44.4264,26.1406
2022-07-19 08:00:00,2022-07-19 09:00:00,19.060000000000000000,ug.m-3,44.4264,26.1406
2022-07-19 09:00:00,2022-07-19 10:00:00,22.020000000000000000,ug.m-3,44.4264,26.1406
2022-07-19 10:00:00,2022-07-19 11:00:00,18.140000000000000000,ug.m-3,44.4264,26.1406
2022-07-19 11:00:00,2022-07-19 12:00:00,15.900000000000000000,ug.m-3,44.4264,26.1406
2022-07-19 12:00:00,2022-07-19 13:00:00,14.440000000000000000,ug.m-3,44.4264,26.1406
2022-07-19 13:00:00,2022-07-19 14:00:00,12.910000000000000000,ug.m-3,44.4264,26.1406
2022-07-19 14:00:00,2022-07-19 15:00:00,12.310000000000000000,ug.m-3,44.4264,26.1406
2022-07-19 15:00:00,2022-07-19 16:00:00,10.580000000000000000,ug.m-3,44.4264,26.1406
2022-07-19 16:00:00,2022-07-19 17:00:00,11.370000000000000000,ug.m-3,44.4264,26.1406
2022-07-19 17:00:00,2022-07-19 18:00:00,16.150000000000000000,ug.m-3,44.4264,26.1406
2022-07-19 18:00:00,2022-07-19 19:00:00,17.370000000000000000,ug.m-3,44.4264,26.1406
2022-07-19 19:00:00,2022-07-19 20:00:00,12.410000000000000000,ug.m-3,44.4264,26.1406
2022-07-19 20:00:00,2022-07-19 21:00:00,14.670000000000000000,ug.m-3,44.4264,26.1406
2022-07-19 21:00:00,2022-07-19 22:00:00,29.670000000000000000,ug.m-3,44.4264,26.1406
2022-07-19 22:00:00,2022-07-19 23:00:00,34.600000000000000000,ug.m-3,44.4264,26.1406
2022-07-19 23:00:00,2022-07-20 00:00:00,36.970000000000000000,ug.m-3,44.4264,26.1406
2022-07-20 00:00:00,2022-07-20 01:00:00,32.110000000000000000,ug.m-3,44.4264,26.1406
2022-07-20 01:00:00,2022-07-20 02:00:00,26.710000000000000000,ug.m-3,44.4264,26.1406
2022-07-20 02:00:00,2022-07-20 03:00:00,28.220000000000000000,ug.m-3,44.4264,26.1406
2022-07-20 03:00:00,2022-07-20 04:00:00,30.670000000000000000,ug.m-3,44.4264,26.1406
2022-07-20 04:00:00,2022-07-20 05:00:00,29.270000000000000000,ug.m-3,44.4264,26.1406
2022-07-20 05:00:00,2022-07-20 06:00:00,27.280000000000000000,ug.m-3,44.4264,26.1406
2022-07-20 06:00:00,2022-07-20 07:00:00,28.820000000000000000,ug.m-3,44.4264,26.1406
2022-07-20 07:00:00,2022-07-20 08:00:00,30.980000000000000000,ug.m-3,44.4264,26.1406
2022-07-20 08:00:00,2022-07-20 09:00:00,32.580000000000000000,ug.m-3,44.4264,26.1406
2022-07-20 09:00:00,2022-07-20 10:00:00,29.810000000000000000,ug.m-3,44.4264,26.1406
2022-07-20 10:00:00,2022-07-20 11:00:00,28.560000000000000000,ug.m-3,44.4264,26.1406
2022-07-20 11:00:00,2022-07-20 12:00:00,25.130000000000000000,ug.m-3,44.4264,26.1406
2022-07-20 12:00:00,2022-07-20 13:00:00,22.180000000000000000,ug.m-3,44.4264,26.1406
2022-07-20 13:00:00,2022-07-20 14:00:00,21.300000000000000000,ug.m-3,44.4264,26.1406
2022-07-20 14:00:00,2022-07-20 15:00:00,12.690000000000000000,ug.m-3,44.4264,26.1406
2022-07-20 15:00:00,2022-07-20 16:00:00,15.430000000000000000,ug.m-3,44.4264,26.1406
2022-07-20 16:00:00,2022-07-20 17:00:00,11.980000000000000000,ug.m-3,44.4264,26.1406
2022-07-20 17:00:00,2022-07-20 18:00:00,12.470000000000000000,ug.m-3,44.4264,26.1406
2022-07-20 18:00:00,2022-07-20 19:00:00,16.020000000000000000,ug.m-3,44.4264,26.1406
2022-07-20 19:00:00,2022-07-20 20:00:00,18.240000000000000000,ug.m-3,44.4264,26.1406
2022-07-20 20:00:00,2022-07-20 21:00:00,24.900000000000000000,ug.m-3,44.4264,26.1406
2022-07-20 21:00:00,2022-07-20 22:00:00,29.420000000000000000,ug.m-3,44.4264,26.1406
2022-07-20 22:00:00,2022-07-20 23:00:00,33.190000000000000000,ug.m-3,44.4264,26.1406
2022-07-20 23:00:00,2022-07-21 00:00:00,39.040000000000000000,ug.m-3,44.4264,26.1406
2022-07-21 00:00:00,2022-07-21 01:00:00,30.800000000000000000,ug.m-3,44.4264,26.1406
2022-07-21 01:00:00,2022-07-21 02:00:00,26.720000000000000000,ug.m-3,44.4264,26.1406
2022-07-21 02:00:00,2022-07-21 03:00:00,23.700000000000000000,ug.m-3,44.4264,26.1406
2022-07-21 03:00:00,2022-07-21 04:00:00,27.060000000000000000,ug.m-3,44.4264,26.1406
2022-07-21 04:00:00,2022-07-21 05:00:00,23.610000000000000000,ug.m-3,44.4264,26.1406
2022-07-21 05:00:00,2022-07-21 06:00:00,19.630000000000000000,ug.m-3,44.4264,26.1406
2022-07-21 06:00:00,2022-07-21 07:00:00,21.910000000000000000,ug.m-3,44.4264,26.1406
2022-07-21 07:00:00,2022-07-21 08:00:00,24.690000000000000000,ug.m-3,44.4264,26.1406
2022-07-21 08:00:00,2022-07-21 09:00:00,29.640000000000000000,ug.m-3,44.4264,26.1406
2022-07-21 09:00:00,2022-07-21 10:00:00,27.820000000000000000,ug.m-3,44.4264,26.1406
2022-07-21 10:00:00,2022-07-21 11:00:00,28.550000000000000000,ug.m-3,44.4264,26.1406
2022-07-21 11:00:00,2022-07-21 12:00:00,29.040000000000000000,ug.m-3,44.4264,26.1406
2022-07-21 12:00:00,2022-07-21 13:00:00,27.070000000000000000,ug.m-3,44.4264,26.1406
2022-07-21 13:00:00,2022-07-21 14:00:00,26.030000000000000000,ug.m-3,44.4264,26.1406
2022-07-21 14:00:00,2022-07-21 15:00:00,26.810000000000000000,ug.m-3,44.4264,26.1406
2022-07-21 15:00:00,2022-07-21 16:00:00,27.060000000000000000,ug.m-3,44.4264,26.1406
2022-07-21 16:00:00,2022-07-21 17:00:00,25.070000000000000000,ug.m-3,44.4264,26.1406
2022-07-21 17:00:00,2022-07-21 18:00:00,32.620000000000000000,ug.m-3,44.4264,26.1406
2022-07-21 18:00:00,2022-07-21 19:00:00,33.780000000000000000,ug.m-3,44.4264,26.1406
2022-07-21 19:00:00,2022-07-21 20:00:00,35.160000000000000000,ug.m-3,44.4264,26.1406
2022-07-21 20:00:00,2022-07-21 21:00:00,29.850000000000000000,ug.m-3,44.4264,26.1406
2022-07-21 21:00:00,2022-07-21 22:00:00,30.850000000000000000,ug.m-3,44.4264,26.1406
2022-07-21 22:00:00,2022-07-21 23:00:00,31.880000000000000000,ug.m-3,44.4264,26.1406
2022-07-21 23:00:00,2022-07-22 00:00:00,31.330000000000000000,ug.m-3,44.4264,26.1406
2022-07-22 00:00:00,2022-07-22 01:00:00,28.550000000000000000,ug.m-3,44.4264,26.1406
2022-07-22 01:00:00,2022-07-22 02:00:00,26.520000000000000000,ug.m-3,44.4264,26.1406
2022-07-22 02:00:00,2022-07-22 03:00:00,21.880000000000000000,ug.m-3,44.4264,26.1406
2022-07-22 03:00:00,2022-07-22 04:00:00,24.900000000000000000,ug.m-3,44.4264,26.1406
2022-07-22 04:00:00,2022-07-22 05:00:00,24.310000000000000000,ug.m-3,44.4264,26.1406
2022-07-22 05:00:00,2022-07-22 06:00:00,26.030000000000000000,ug.m-3,44.4264,26.1406
2022-07-22 06:00:00,2022-07-22 07:00:00,31.130000000000000000,ug.m-3,44.4264,26.1406
2022-07-22 07:00:00,2022-07-22 08:00:00,27.930000000000000000,ug.m-3,44.4264,26.1406
2022-07-22 08:00:00,2022-07-22 09:00:00,22.640000000000000000,ug.m-3,44.4264,26.1406
2022-07-22 09:00:00,2022-07-22 10:00:00,26.970000000000000000,ug.m-3,44.4264,26.1406
2022-07-22 10:00:00,2022-07-22 11:00:00,21.670000000000000000,ug.m-3,44.4264,26.1406
2022-07-22 11:00:00,2022-07-22 12:00:00,18.560000000000000000,ug.m-3,44.4264,26.1406
2022-07-22 12:00:00,2022-07-22 13:00:00,16.070000000000000000,ug.m-3,44.4264,26.1406
2022-07-22 13:00:00,2022-07-22 14:00:00,17.870000000000000000,ug.m-3,44.4264,26.1406
2022-07-22 14:00:00,2022-07-22 15:00:00,24.710000000000000000,ug.m-3,44.4264,26.1406
2022-07-22 15:00:00,2022-07-22 16:00:00,23.330000000000000000,ug.m-3,44.4264,26.1406
2022-07-22 16:00:00,2022-07-22 17:00:00,19.570000000000000000,ug.m-3,44.4264,26.1406
2022-07-22 17:00:00,2022-07-22 18:00:00,16.030000000000000000,ug.m-3,44.4264,26.1406
2022-07-22 18:00:00,2022-07-22 19:00:00,20.490000000000000000,ug.m-3,44.4264,26.1406
2022-07-22 19:00:00,2022-07-22 20:00:00,21.800000000000000000,ug.m-3,44.4264,26.1406
2022-07-22 20:00:00,2022-07-22 21:00:00,24.770000000000000000,ug.m-3,44.4264,26.1406
2022-07-22 21:00:00,2022-07-22 22:00:00,31.330000000000000000,ug.m-3,44.4264,26.1406
2022-07-22 22:00:00,2022-07-22 23:00:00,30.770000000000000000,ug.m-3,44.4264,26.1406
2022-07-22 23:00:00,2022-07-23 00:00:00,31.800000000000000000,ug.m-3,44.4264,26.1406
2022-07-23 00:00:00,2022-07-23 01:00:00,38.630000000000000000,ug.m-3,44.4264,26.1406
2022-07-23 01:00:00,2022-07-23 02:00:00,43.480000000000000000,ug.m-3,44.4264,26.1406
2022-07-23 02:00:00,2022-07-23 03:00:00,34.250000000000000000,ug.m-3,44.4264,26.1406
2022-07-23 03:00:00,2022-07-23 04:00:00,30.820000000000000000,ug.m-3,44.4264,26.1406
2022-07-23 04:00:00,2022-07-23 05:00:00,26.200000000000000000,ug.m-3,44.4264,26.1406
2022-07-23 05:00:00,2022-07-23 06:00:00,26.820000000000000000,ug.m-3,44.4264,26.1406
2022-07-23 06:00:00,2022-07-23 07:00:00,30.010000000000000000,ug.m-3,44.4264,26.1406
2022-07-23 07:00:00,2022-07-23 08:00:00,26.860000000000000000,ug.m-3,44.4264,26.1406
2022-07-23 08:00:00,2022-07-23 09:00:00,33.940000000000000000,ug.m-3,44.4264,26.1406
2022-07-23 09:00:00,2022-07-23 10:00:00,36.350000000000000000,ug.m-3,44.4264,26.1406
2022-07-23 10:00:00,2022-07-23 11:00:00,26.390000000000000000,ug.m-3,44.4264,26.1406
2022-07-23 11:00:00,2022-07-23 12:00:00,26.390000000000000000,ug.m-3,44.4264,26.1406
2022-07-23 12:00:00,2022-07-23 13:00:00,25.450000000000000000,ug.m-3,44.4264,26.1406
2022-07-23 13:00:00,2022-07-23 14:00:00,25.940000000000000000,ug.m-3,44.4264,26.1406
2022-07-23 14:00:00,2022-07-23 15:00:00,24.330000000000000000,ug.m-3,44.4264,26.1406
2022-07-23 15:00:00,2022-07-23 16:00:00,31.830000000000000000,ug.m-3,44.4264,26.1406
2022-07-23 16:00:00,2022-07-23 17:00:00,31.180000000000000000,ug.m-3,44.4264,26.1406
2022-07-23 17:00:00,2022-07-23 18:00:00,28.350000000000000000,ug.m-3,44.4264,26.1406
2022-07-23 18:00:00,2022-07-23 19:00:00,23.090000000000000000,ug.m-3,44.4264,26.1406
2022-07-23 19:00:00,2022-07-23 20:00:00,26.740000000000000000,ug.m-3,44.4264,26.1406
2022-07-23 20:00:00,2022-07-23 21:00:00,36.660000000000000000,ug.m-3,44.4264,26.1406
2022-07-23 21:00:00,2022-07-23 22:00:00,38.710000000000000000,ug.m-3,44.4264,26.1406
2022-07-23 22:00:00,2022-07-23 23:00:00,46.110000000000000000,ug.m-3,44.4264,26.1406
2022-07-23 23:00:00,2022-07-24 00:00:00,39.610000000000000000,ug.m-3,44.4264,26.1406
2022-07-24 00:00:00,2022-07-24 01:00:00,41.400000000000000000,ug.m-3,44.4264,26.1406
2022-07-24 01:00:00,2022-07-24 02:00:00,33.030000000000000000,ug.m-3,44.4264,26.1406
2022-07-24 02:00:00,2022-07-24 03:00:00,29.950000000000000000,ug.m-3,44.4264,26.1406
2022-07-24 03:00:00,2022-07-24 04:00:00,26.100000000000000000,ug.m-3,44.4264,26.1406
2022-07-24 04:00:00,2022-07-24 05:00:00,23.780000000000000000,ug.m-3,44.4264,26.1406
2022-07-24 05:00:00,2022-07-24 06:00:00,25.960000000000000000,ug.m-3,44.4264,26.1406
2022-07-24 06:00:00,2022-07-24 07:00:00,24.990000000000000000,ug.m-3,44.4264,26.1406
2022-07-24 07:00:00,2022-07-24 08:00:00,26.120000000000000000,ug.m-3,44.4264,26.1406
2022-07-24 08:00:00,2022-07-24 09:00:00,24.280000000000000000,ug.m-3,44.4264,26.1406
2022-07-24 09:00:00,2022-07-24 10:00:00,23.980000000000000000,ug.m-3,44.4264,26.1406
2022-07-24 10:00:00,2022-07-24 11:00:00,29.810000000000000000,ug.m-3,44.4264,26.1406
2022-07-24 11:00:00,2022-07-24 12:00:00,34.210000000000000000,ug.m-3,44.4264,26.1406
2022-07-24 12:00:00,2022-07-24 13:00:00,33.460000000000000000,ug.m-3,44.4264,26.1406
2022-07-24 13:00:00,2022-07-24 14:00:00,31.270000000000000000,ug.m-3,44.4264,26.1406
2022-07-24 14:00:00,2022-07-24 15:00:00,22.570000000000000000,ug.m-3,44.4264,26.1406
2022-07-24 15:00:00,2022-07-24 16:00:00,23.370000000000000000,ug.m-3,44.4264,26.1406
2022-07-24 16:00:00,2022-07-24 17:00:00,23.860000000000000000,ug.m-3,44.4264,26.1406
2022-07-24 17:00:00,2022-07-24 18:00:00,34.270000000000000000,ug.m-3,44.4264,26.1406
2022-07-24 18:00:00,2022-07-24 19:00:00,30.980000000000000000,ug.m-3,44.4264,26.1406
2022-07-24 19:00:00,2022-07-24 20:00:00,20.080000000000000000,ug.m-3,44.4264,26.1406
2022-07-24 20:00:00,2022-07-24 21:00:00,25.060000000000000000,ug.m-3,44.4264,26.1406
2022-07-24 21:00:00,2022-07-24 22:00:00,26.180000000000000000,ug.m-3,44.4264,26.1406
2022-07-24 22:00:00,2022-07-24 23:00:00,16.180000000000000000,ug.m-3,44.4264,26.1406
2022-07-24 23:00:00,2022-07-25 00:00:00,18.370000000000000000,ug.m-3,44.4264,26.1406
2022-07-25 00:00:00,2022-07-25 01:00:00,17.160000000000000000,ug.m-3,44.4264,26.1406
2022-07-25 01:00:00,2022-07-25 02:00:00,15.810000000000000000,ug.m-3,44.4264,26.1406
2022-07-25 02:00:00,2022-07-25 03:00:00,14.380000000000000000,ug.m-3,44.4264,26.1406
2022-07-25 03:00:00,2022-07-25 04:00:00,15.360000000000000000,ug.m-3,44.4264,26.1406
2022-07-25 04:00:00,2022-07-25 05:00:00,11.460000000000000000,ug.m-3,44.4264,26.1406
2022-07-25 05:00:00,2022-07-25 06:00:00,15.400000000000000000,ug.m-3,44.4264,26.1406
2022-07-25 06:00:00,2022-07-25 07:00:00,12.670000000000000000,ug.m-3,44.4264,26.1406
2022-07-25 07:00:00,2022-07-25 08:00:00,14.640000000000000000,ug.m-3,44.4264,26.1406
2022-07-25 08:00:00,2022-07-25 09:00:00,20.270000000000000000,ug.m-3,44.4264,26.1406
2022-07-25 09:00:00,2022-07-25 10:00:00,18.790000000000000000,ug.m-3,44.4264,26.1406
2022-07-25 10:00:00,2022-07-25 11:00:00,19.490000000000000000,ug.m-3,44.4264,26.1406
2022-07-25 11:00:00,2022-07-25 12:00:00,16.050000000000000000,ug.m-3,44.4264,26.1406
2022-07-25 12:00:00,2022-07-25 13:00:00,18.010000000000000000,ug.m-3,44.4264,26.1406
2022-07-25 13:00:00,2022-07-25 14:00:00,17.040000000000000000,ug.m-3,44.4264,26.1406
2022-07-25 14:00:00,2022-07-25 15:00:00,20.130000000000000000,ug.m-3,44.4264,26.1406
2022-07-25 15:00:00,2022-07-25 16:00:00,21.920000000000000000,ug.m-3,44.4264,26.1406
2022-07-25 16:00:00,2022-07-25 17:00:00,19.640000000000000000,ug.m-3,44.4264,26.1406
2022-07-25 17:00:00,2022-07-25 18:00:00,18.160000000000000000,ug.m-3,44.4264,26.1406
2022-07-25 18:00:00,2022-07-25 19:00:00,23.670000000000000000,ug.m-3,44.4264,26.1406
2022-07-25 19:00:00,2022-07-25 20:00:00,18.960000000000000000,ug.m-3,44.4264,26.1406
2022-07-25 20:00:00,2022-07-25 21:00:00,17.820000000000000000,ug.m-3,44.4264,26.1406
2022-07-25 21:00:00,2022-07-25 22:00:00,25.170000000000000000,ug.m-3,44.4264,26.1406
2022-07-25 22:00:00,2022-07-25 23:00:00,24.960000000000000000,ug.m-3,44.4264,26.1406
2022-07-25 23:00:00,2022-07-26 00:00:00,25.290000000000000000,ug.m-3,44.4264,26.1406
2022-07-26 00:00:00,2022-07-26 01:00:00,26.180000000000000000,ug.m-3,44.4264,26.1406
2022-07-26 01:00:00,2022-07-26 02:00:00,24.770000000000000000,ug.m-3,44.4264,26.1406
2022-07-26 02:00:00,2022-07-26 03:00:00,23.710000000000000000,ug.m-3,44.4264,26.1406
2022-07-26 03:00:00,2022-07-26 04:00:00,25.490000000000000000,ug.m-3,44.4264,26.1406
2022-07-26 04:00:00,2022-07-26 05:00:00,22.050000000000000000,ug.m-3,44.4264,26.1406
2022-07-26 05:00:00,2022-07-26 06:00:00,21.320000000000000000,ug.m-3,44.4264,26.1406
2022-07-26 06:00:00,2022-07-26 07:00:00,27.640000000000000000,ug.m-3,44.4264,26.1406
2022-07-26 07:00:00,2022-07-26 08:00:00,30.160000000000000000,ug.m-3,44.4264,26.1406
2022-07-26 08:00:00,2022-07-26 09:00:00,30.460000000000000000,ug.m-3,44.4264,26.1406
2022-07-26 09:00:00,2022-07-26 10:00:00,37.800000000000000000,ug.m-3,44.4264,26.1406
2022-07-26 10:00:00,2022-07-26 11:00:00,35.200000000000000000,ug.m-3,44.4264,26.1406
2022-07-26 11:00:00,2022-07-26 12:00:00,26.890000000000000000,ug.m-3,44.4264,26.1406
2022-07-26 12:00:00,2022-07-26 13:00:00,20.070000000000000000,ug.m-3,44.4264,26.1406
2022-07-26 13:00:00,2022-07-26 14:00:00,17.200000000000000000,ug.m-3,44.4264,26.1406
2022-07-26 14:00:00,2022-07-26 15:00:00,19.500000000000000000,ug.m-3,44.4264,26.1406
2022-07-26 15:00:00,2022-07-26 16:00:00,19.240000000000000000,ug.m-3,44.4264,26.1406
2022-07-26 16:00:00,2022-07-26 17:00:00,16.680000000000000000,ug.m-3,44.4264,26.1406
2022-07-26 17:00:00,2022-07-26 18:00:00,16.330000000000000000,ug.m-3,44.4264,26.1406
2022-07-26 18:00:00,2022-07-26 19:00:00,16.620000000000000000,ug.m-3,44.4264,26.1406
2022-07-26 19:00:00,2022-07-26 20:00:00,19.420000000000000000,ug.m-3,44.4264,26.1406
2022-07-26 20:00:00,2022-07-26 21:00:00,22.590000000000000000,ug.m-3,44.4264,26.1406
2022-07-26 21:00:00,2022-07-26 22:00:00,26.480000000000000000,ug.m-3,44.4264,26.1406
2022-07-26 22:00:00,2022-07-26 23:00:00,28.480000000000000000,ug.m-3,44.4264,26.1406
2022-07-26 23:00:00,2022-07-27 00:00:00,37.330000000000000000,ug.m-3,44.4264,26.1406
2022-07-27 00:00:00,2022-07-27 01:00:00,33.840000000000000000,ug.m-3,44.4264,26.1406
2022-07-27 01:00:00,2022-07-27 02:00:00,25.410000000000000000,ug.m-3,44.4264,26.1406
2022-07-27 02:00:00,2022-07-27 03:00:00,24.630000000000000000,ug.m-3,44.4264,26.1406
2022-07-27 03:00:00,2022-07-27 04:00:00,28.100000000000000000,ug.m-3,44.4264,26.1406
2022-07-27 04:00:00,2022-07-27 05:00:00,24.160000000000000000,ug.m-3,44.4264,26.1406
2022-07-27 05:00:00,2022-07-27 06:00:00,28.920000000000000000,ug.m-3,44.4264,26.1406
2022-07-27 06:00:00,2022-07-27 07:00:00,29.630000000000000000,ug.m-3,44.4264,26.1406
2022-07-27 07:00:00,2022-07-27 08:00:00,60.570000000000000000,ug.m-3,44.4264,26.1406
2022-07-27 08:00:00,2022-07-27 09:00:00,40.800000000000000000,ug.m-3,44.4264,26.1406
2022-07-27 09:00:00,2022-07-27 10:00:00,52.360000000000000000,ug.m-3,44.4264,26.1406
2022-07-27 10:00:00,2022-07-27 11:00:00,49.040000000000000000,ug.m-3,44.4264,26.1406
2022-07-27 11:00:00,2022-07-27 12:00:00,63.890000000000000000,ug.m-3,44.4264,26.1406
2022-07-27 12:00:00,2022-07-27 13:00:00,47.750000000000000000,ug.m-3,44.4264,26.1406
2022-07-27 13:00:00,2022-07-27 14:00:00,23.600000000000000000,ug.m-3,44.4264,26.1406
2022-07-27 14:00:00,2022-07-27 15:00:00,30.640000000000000000,ug.m-3,44.4264,26.1406
2022-07-27 15:00:00,2022-07-27 16:00:00,78.600000000000000000,ug.m-3,44.4264,26.1406
2022-07-27 17:00:00,2022-07-27 18:00:00,5.980000000000000000,ug.m-3,44.4264,26.1406
2022-07-27 18:00:00,2022-07-27 19:00:00,32.500000000000000000,ug.m-3,44.4264,26.1406
2022-07-27 19:00:00,2022-07-27 20:00:00,22.040000000000000000,ug.m-3,44.4264,26.1406
2022-07-27 20:00:00,2022-07-27 21:00:00,19.430000000000000000,ug.m-3,44.4264,26.1406
2022-07-27 21:00:00,2022-07-27 22:00:00,20.360000000000000000,ug.m-3,44.4264,26.1406
2022-07-27 22:00:00,2022-07-27 23:00:00,24.400000000000000000,ug.m-3,44.4264,26.1406
2022-07-27 23:00:00,2022-07-28 00:00:00,29.170000000000000000,ug.m-3,44.4264,26.1406
2022-07-28 00:00:00,2022-07-28 01:00:00,23.960000000000000000,ug.m-3,44.4264,26.1406
2022-07-28 01:00:00,2022-07-28 02:00:00,21.980000000000000000,ug.m-3,44.4264,26.1406
2022-07-28 02:00:00,2022-07-28 03:00:00,21.400000000000000000,ug.m-3,44.4264,26.1406
2022-07-28 03:00:00,2022-07-28 04:00:00,17.370000000000000000,ug.m-3,44.4264,26.1406
2022-07-28 04:00:00,2022-07-28 05:00:00,13.280000000000000000,ug.m-3,44.4264,26.1406
2022-07-28 05:00:00,2022-07-28 06:00:00,14.160000000000000000,ug.m-3,44.4264,26.1406
2022-07-28 06:00:00,2022-07-28 07:00:00,13.750000000000000000,ug.m-3,44.4264,26.1406
2022-07-28 07:00:00,2022-07-28 08:00:00,17.860000000000000000,ug.m-3,44.4264,26.1406
2022-07-28 08:00:00,2022-07-28 09:00:00,20.430000000000000000,ug.m-3,44.4264,26.1406
2022-07-28 09:00:00,2022-07-28 10:00:00,21.800000000000000000,ug.m-3,44.4264,26.1406
2022-07-28 10:00:00,2022-07-28 11:00:00,21.660000000000000000,ug.m-3,44.4264,26.1406
2022-07-28 11:00:00,2022-07-28 12:00:00,24.380000000000000000,ug.m-3,44.4264,26.1406
2022-07-28 12:00:00,2022-07-28 13:00:00,22.310000000000000000,ug.m-3,44.4264,26.1406
2022-07-28 13:00:00,2022-07-28 14:00:00,22.720000000000000000,ug.m-3,44.4264,26.1406
2022-07-28 14:00:00,2022-07-28 15:00:00,23.990000000000000000,ug.m-3,44.4264,26.1406
2022-07-28 15:00:00,2022-07-28 16:00:00,25.040000000000000000,ug.m-3,44.4264,26.1406
2022-07-28 16:00:00,2022-07-28 17:00:00,22.860000000000000000,ug.m-3,44.4264,26.1406
2022-07-28 17:00:00,2022-07-28 18:00:00,17.950000000000000000,ug.m-3,44.4264,26.1406
2022-07-28 18:00:00,2022-07-28 19:00:00,19.410000000000000000,ug.m-3,44.4264,26.1406
2022-07-28 19:00:00,2022-07-28 20:00:00,20.730000000000000000,ug.m-3,44.4264,26.1406
2022-07-28 20:00:00,2022-07-28 21:00:00,19.080000000000000000,ug.m-3,44.4264,26.1406
2022-07-28 21:00:00,2022-07-28 22:00:00,15.500000000000000000,ug.m-3,44.4264,26.1406
2022-07-28 22:00:00,2022-07-28 23:00:00,16.110000000000000000,ug.m-3,44.4264,26.1406
2022-07-28 23:00:00,2022-07-29 00:00:00,13.920000000000000000,ug.m-3,44.4264,26.1406
2022-07-29 00:00:00,2022-07-29 01:00:00,12.780000000000000000,ug.m-3,44.4264,26.1406
2022-07-29 01:00:00,2022-07-29 02:00:00,13.680000000000000000,ug.m-3,44.4264,26.1406
2022-07-29 02:00:00,2022-07-29 03:00:00,14.190000000000000000,ug.m-3,44.4264,26.1406
2022-07-29 03:00:00,2022-07-29 04:00:00,13.510000000000000000,ug.m-3,44.4264,26.1406
2022-07-29 04:00:00,2022-07-29 05:00:00,16.290000000000000000,ug.m-3,44.4264,26.1406
2022-07-29 05:00:00,2022-07-29 06:00:00,15.860000000000000000,ug.m-3,44.4264,26.1406
2022-07-29 06:00:00,2022-07-29 07:00:00,19.990000000000000000,ug.m-3,44.4264,26.1406
2022-07-29 07:00:00,2022-07-29 08:00:00,17.900000000000000000,ug.m-3,44.4264,26.1406
2022-07-29 08:00:00,2022-07-29 09:00:00,18.330000000000000000,ug.m-3,44.4264,26.1406
2022-07-29 09:00:00,2022-07-29 10:00:00,19.530000000000000000,ug.m-3,44.4264,26.1406
2022-07-29 10:00:00,2022-07-29 11:00:00,18.890000000000000000,ug.m-3,44.4264,26.1406
2022-07-29 11:00:00,2022-07-29 12:00:00,19.310000000000000000,ug.m-3,44.4264,26.1406
2022-07-29 12:00:00,2022-07-29 13:00:00,15.270000000000000000,ug.m-3,44.4264,26.1406
2022-07-29 13:00:00,2022-07-29 14:00:00,13.010000000000000000,ug.m-3,44.4264,26.1406
2022-07-29 14:00:00,2022-07-29 15:00:00,14.470000000000000000,ug.m-3,44.4264,26.1406
2022-07-29 15:00:00,2022-07-29 16:00:00,21.140000000000000000,ug.m-3,44.4264,26.1406
2022-07-29 16:00:00,2022-07-29 17:00:00,20.120000000000000000,ug.m-3,44.4264,26.1406
2022-07-29 17:00:00,2022-07-29 18:00:00,17.450000000000000000,ug.m-3,44.4264,26.1406
2022-07-29 18:00:00,2022-07-29 19:00:00,13.710000000000000000,ug.m-3,44.4264,26.1406
2022-07-29 19:00:00,2022-07-29 20:00:00,21.300000000000000000,ug.m-3,44.4264,26.1406
2022-07-29 20:00:00,2022-07-29 21:00:00,26.920000000000000000,ug.m-3,44.4264,26.1406
2022-07-29 21:00:00,2022-07-29 22:00:00,26.160000000000000000,ug.m-3,44.4264,26.1406
2022-07-29 22:00:00,2022-07-29 23:00:00,24.600000000000000000,ug.m-3,44.4264,26.1406
2022-07-29 23:00:00,2022-07-30 00:00:00,19.890000000000000000,ug.m-3,44.4264,26.1406
2022-07-30 00:00:00,2022-07-30 01:00:00,18.670000000000000000,ug.m-3,44.4264,26.1406
2022-07-30 01:00:00,2022-07-30 02:00:00,15.460000000000000000,ug.m-3,44.4264,26.1406
2022-07-30 02:00:00,2022-07-30 03:00:00,12.900000000000000000,ug.m-3,44.4264,26.1406
2022-07-30 03:00:00,2022-07-30 04:00:00,13.190000000000000000,ug.m-3,44.4264,26.1406
2022-07-30 04:00:00,2022-07-30 05:00:00,10.560000000000000000,ug.m-3,44.4264,26.1406
2022-07-30 05:00:00,2022-07-30 06:00:00,9.950000000000000000,ug.m-3,44.4264,26.1406
2022-07-30 06:00:00,2022-07-30 07:00:00,13.700000000000000000,ug.m-3,44.4264,26.1406
2022-07-30 07:00:00,2022-07-30 08:00:00,16.450000000000000000,ug.m-3,44.4264,26.1406
2022-07-30 08:00:00,2022-07-30 09:00:00,22.060000000000000000,ug.m-3,44.4264,26.1406
2022-07-30 09:00:00,2022-07-30 10:00:00,22.210000000000000000,ug.m-3,44.4264,26.1406
2022-07-30 10:00:00,2022-07-30 11:00:00,23.630000000000000000,ug.m-3,44.4264,26.1406
2022-07-30 11:00:00,2022-07-30 12:00:00,21.380000000000000000,ug.m-3,44.4264,26.1406
2022-07-30 12:00:00,2022-07-30 13:00:00,19.030000000000000000,ug.m-3,44.4264,26.1406
2022-07-30 13:00:00,2022-07-30 14:00:00,21.340000000000000000,ug.m-3,44.4264,26.1406
2022-07-30 14:00:00,2022-07-30 15:00:00,23.920000000000000000,ug.m-3,44.4264,26.1406
2022-07-30 15:00:00,2022-07-30 16:00:00,24.460000000000000000,ug.m-3,44.4264,26.1406
2022-07-30 16:00:00,2022-07-30 17:00:00,19.300000000000000000,ug.m-3,44.4264,26.1406
2022-07-30 17:00:00,2022-07-30 18:00:00,19.810000000000000000,ug.m-3,44.4264,26.1406
2022-07-30 18:00:00,2022-07-30 19:00:00,24.520000000000000000,ug.m-3,44.4264,26.1406
2022-07-30 19:00:00,2022-07-30 20:00:00,41.220000000000000000,ug.m-3,44.4264,26.1406
2022-07-30 20:00:00,2022-07-30 21:00:00,28.400000000000000000,ug.m-3,44.4264,26.1406
2022-07-30 21:00:00,2022-07-30 22:00:00,28.620000000000000000,ug.m-3,44.4264,26.1406
2022-07-30 22:00:00,2022-07-30 23:00:00,27.900000000000000000,ug.m-3,44.4264,26.1406
2022-07-30 23:00:00,2022-07-31 00:00:00,28.210000000000000000,ug.m-3,44.4264,26.1406
2022-07-31 00:00:00,2022-07-31 01:00:00,30.370000000000000000,ug.m-3,44.4264,26.1406
2022-07-31 01:00:00,2022-07-31 02:00:00,19.890000000000000000,ug.m-3,44.4264,26.1406
2022-07-31 02:00:00,2022-07-31 03:00:00,20.950000000000000000,ug.m-3,44.4264,26.1406
2022-07-31 03:00:00,2022-07-31 04:00:00,21.460000000000000000,ug.m-3,44.4264,26.1406
2022-07-31 04:00:00,2022-07-31 05:00:00,17.380000000000000000,ug.m-3,44.4264,26.1406
2022-07-31 05:00:00,2022-07-31 06:00:00,15.900000000000000000,ug.m-3,44.4264,26.1406
2022-07-31 06:00:00,2022-07-31 07:00:00,14.230000000000000000,ug.m-3,44.4264,26.1406
2022-07-31 07:00:00,2022-07-31 08:00:00,14.290000000000000000,ug.m-3,44.4264,26.1406
2022-07-31 08:00:00,2022-07-31 09:00:00,16.010000000000000000,ug.m-3,44.4264,26.1406
2022-07-31 09:00:00,2022-07-31 10:00:00,17.660000000000000000,ug.m-3,44.4264,26.1406
2022-07-31 10:00:00,2022-07-31 11:00:00,14.390000000000000000,ug.m-3,44.4264,26.1406
2022-07-31 11:00:00,2022-07-31 12:00:00,14.880000000000000000,ug.m-3,44.4264,26.1406
2022-07-31 12:00:00,2022-07-31 13:00:00,20.770000000000000000,ug.m-3,44.4264,26.1406
2022-07-31 13:00:00,2022-07-31 14:00:00,27.310000000000000000,ug.m-3,44.4264,26.1406
2022-07-31 14:00:00,2022-07-31 15:00:00,19.160000000000000000,ug.m-3,44.4264,26.1406
2022-07-31 15:00:00,2022-07-31 16:00:00,16.100000000000000000,ug.m-3,44.4264,26.1406
2022-07-31 16:00:00,2022-07-31 17:00:00,10.570000000000000000,ug.m-3,44.4264,26.1406
2022-07-31 17:00:00,2022-07-31 18:00:00,13.060000000000000000,ug.m-3,44.4264,26.1406
2022-07-31 18:00:00,2022-07-31 19:00:00,10.630000000000000000,ug.m-3,44.4264,26.1406
2022-07-31 19:00:00,2022-07-31 20:00:00,10.200000000000000000,ug.m-3,44.4264,26.1406
2022-07-31 20:00:00,2022-07-31 21:00:00,8.100000000000000000,ug.m-3,44.4264,26.1406
2022-07-31 21:00:00,2022-07-31 22:00:00,8.460000000000000000,ug.m-3,44.4264,26.1406
2022-07-31 22:00:00,2022-07-31 23:00:00,15.070000000000000000,ug.m-3,44.4264,26.1406
2022-07-31 23:00:00,2022-08-01 00:00:00,13.070000000000000000,ug.m-3,44.4264,26.1406
2022-08-01 00:00:00,2022-08-01 01:00:00,12.300000000000000000,ug.m-3,44.4264,26.1406
2022-08-01 01:00:00,2022-08-01 02:00:00,11.940000000000000000,ug.m-3,44.4264,26.1406
2022-08-01 02:00:00,2022-08-01 03:00:00,12.560000000000000000,ug.m-3,44.4264,26.1406
2022-08-01 03:00:00,2022-08-01 04:00:00,11.970000000000000000,ug.m-3,44.4264,26.1406
2022-08-01 04:00:00,2022-08-01 05:00:00,18.250000000000000000,ug.m-3,44.4264,26.1406
2022-08-01 05:00:00,2022-08-01 06:00:00,17.910000000000000000,ug.m-3,44.4264,26.1406
2022-08-01 06:00:00,2022-08-01 07:00:00,17.890000000000000000,ug.m-3,44.4264,26.1406
2022-08-01 07:00:00,2022-08-01 08:00:00,25.150000000000000000,ug.m-3,44.4264,26.1406
2022-08-01 08:00:00,2022-08-01 09:00:00,24.630000000000000000,ug.m-3,44.4264,26.1406
2022-08-01 09:00:00,2022-08-01 10:00:00,17.370000000000000000,ug.m-3,44.4264,26.1406
2022-08-01 10:00:00,2022-08-01 11:00:00,8.980000000000000000,ug.m-3,44.4264,26.1406
2022-08-01 11:00:00,2022-08-01 12:00:00,10.050000000000000000,ug.m-3,44.4264,26.1406
2022-08-01 12:00:00,2022-08-01 13:00:00,11.810000000000000000,ug.m-3,44.4264,26.1406
2022-08-01 13:00:00,2022-08-01 14:00:00,14.200000000000000000,ug.m-3,44.4264,26.1406
2022-08-01 14:00:00,2022-08-01 15:00:00,11.110000000000000000,ug.m-3,44.4264,26.1406
2022-08-01 15:00:00,2022-08-01 16:00:00,8.440000000000000000,ug.m-3,44.4264,26.1406
2022-08-01 16:00:00,2022-08-01 17:00:00,7.190000000000000000,ug.m-3,44.4264,26.1406
2022-08-01 17:00:00,2022-08-01 18:00:00,6.870000000000000000,ug.m-3,44.4264,26.1406
2022-08-01 18:00:00,2022-08-01 19:00:00,8.320000000000000000,ug.m-3,44.4264,26.1406
2022-08-01 19:00:00,2022-08-01 20:00:00,9.750000000000000000,ug.m-3,44.4264,26.1406
2022-08-01 20:00:00,2022-08-01 21:00:00,12.340000000000000000,ug.m-3,44.4264,26.1406
2022-08-01 21:00:00,2022-08-01 22:00:00,14.670000000000000000,ug.m-3,44.4264,26.1406
2022-08-01 22:00:00,2022-08-01 23:00:00,8.720000000000000000,ug.m-3,44.4264,26.1406
2022-08-01 23:00:00,2022-08-02 00:00:00,9.230000000000000000,ug.m-3,44.4264,26.1406
2022-08-02 00:00:00,2022-08-02 01:00:00,9.840000000000000000,ug.m-3,44.4264,26.1406
2022-08-02 01:00:00,2022-08-02 02:00:00,8.490000000000000000,ug.m-3,44.4264,26.1406
2022-08-02 02:00:00,2022-08-02 03:00:00,8.660000000000000000,ug.m-3,44.4264,26.1406
2022-08-02 03:00:00,2022-08-02 04:00:00,7.550000000000000000,ug.m-3,44.4264,26.1406
2022-08-02 04:00:00,2022-08-02 05:00:00,10.020000000000000000,ug.m-3,44.4264,26.1406
2022-08-02 05:00:00,2022-08-02 06:00:00,10.310000000000000000,ug.m-3,44.4264,26.1406
2022-08-02 06:00:00,2022-08-02 07:00:00,22.990000000000000000,ug.m-3,44.4264,26.1406
2022-08-02 07:00:00,2022-08-02 08:00:00,21.600000000000000000,ug.m-3,44.4264,26.1406
2022-08-02 08:00:00,2022-08-02 09:00:00,20.320000000000000000,ug.m-3,44.4264,26.1406
2022-08-02 09:00:00,2022-08-02 10:00:00,22.160000000000000000,ug.m-3,44.4264,26.1406
2022-08-02 10:00:00,2022-08-02 11:00:00,22.600000000000000000,ug.m-3,44.4264,26.1406
2022-08-02 11:00:00,2022-08-02 12:00:00,19.410000000000000000,ug.m-3,44.4264,26.1406
2022-08-02 12:00:00,2022-08-02 13:00:00,13.790000000000000000,ug.m-3,44.4264,26.1406
2022-08-02 13:00:00,2022-08-02 14:00:00,10.300000000000000000,ug.m-3,44.4264,26.1406
2022-08-02 14:00:00,2022-08-02 15:00:00,11.860000000000000000,ug.m-3,44.4264,26.1406
2022-08-02 15:00:00,2022-08-02 16:00:00,13.820000000000000000,ug.m-3,44.4264,26.1406
2022-08-02 16:00:00,2022-08-02 17:00:00,13.220000000000000000,ug.m-3,44.4264,26.1406
2022-08-02 17:00:00,2022-08-02 18:00:00,9.100000000000000000,ug.m-3,44.4264,26.1406
2022-08-02 18:00:00,2022-08-02 19:00:00,6.520000000000000000,ug.m-3,44.4264,26.1406
2022-08-02 19:00:00,2022-08-02 20:00:00,7.060000000000000000,ug.m-3,44.4264,26.1406
2022-08-02 20:00:00,2022-08-02 21:00:00,12.650000000000000000,ug.m-3,44.4264,26.1406
2022-08-02 21:00:00,2022-08-02 22:00:00,18.570000000000000000,ug.m-3,44.4264,26.1406
2022-08-02 22:00:00,2022-08-02 23:00:00,18.340000000000000000,ug.m-3,44.4264,26.1406
2022-08-02 23:00:00,2022-08-03 00:00:00,12.550000000000000000,ug.m-3,44.4264,26.1406
2022-08-03 00:00:00,2022-08-03 01:00:00,12.400000000000000000,ug.m-3,44.4264,26.1406
2022-08-03 01:00:00,2022-08-03 02:00:00,13.700000000000000000,ug.m-3,44.4264,26.1406
2022-08-03 02:00:00,2022-08-03 03:00:00,13.630000000000000000,ug.m-3,44.4264,26.1406
2022-08-03 03:00:00,2022-08-03 04:00:00,14.140000000000000000,ug.m-3,44.4264,26.1406
2022-08-03 04:00:00,2022-08-03 05:00:00,16.190000000000000000,ug.m-3,44.4264,26.1406
2022-08-03 05:00:00,2022-08-03 06:00:00,16.660000000000000000,ug.m-3,44.4264,26.1406
2022-08-03 06:00:00,2022-08-03 07:00:00,18.720000000000000000,ug.m-3,44.4264,26.1406
2022-08-03 07:00:00,2022-08-03 08:00:00,19.770000000000000000,ug.m-3,44.4264,26.1406
2022-08-03 08:00:00,2022-08-03 09:00:00,21.420000000000000000,ug.m-3,44.4264,26.1406
2022-08-03 09:00:00,2022-08-03 10:00:00,19.010000000000000000,ug.m-3,44.4264,26.1406
2022-08-03 10:00:00,2022-08-03 11:00:00,16.740000000000000000,ug.m-3,44.4264,26.1406
2022-08-03 11:00:00,2022-08-03 12:00:00,15.650000000000000000,ug.m-3,44.4264,26.1406
2022-08-03 12:00:00,2022-08-03 13:00:00,13.020000000000000000,ug.m-3,44.4264,26.1406
2022-08-03 13:00:00,2022-08-03 14:00:00,11.940000000000000000,ug.m-3,44.4264,26.1406
2022-08-03 14:00:00,2022-08-03 15:00:00,14.340000000000000000,ug.m-3,44.4264,26.1406
2022-08-03 15:00:00,2022-08-03 16:00:00,13.750000000000000000,ug.m-3,44.4264,26.1406
2022-08-03 16:00:00,2022-08-03 17:00:00,12.370000000000000000,ug.m-3,44.4264,26.1406
2022-08-03 17:00:00,2022-08-03 18:00:00,13.680000000000000000,ug.m-3,44.4264,26.1406
2022-08-03 18:00:00,2022-08-03 19:00:00,12.540000000000000000,ug.m-3,44.4264,26.1406
2022-08-03 19:00:00,2022-08-03 20:00:00,16.120000000000000000,ug.m-3,44.4264,26.1406
2022-08-03 20:00:00,2022-08-03 21:00:00,21.940000000000000000,ug.m-3,44.4264,26.1406
2022-08-03 21:00:00,2022-08-03 22:00:00,17.850000000000000000,ug.m-3,44.4264,26.1406
2022-08-03 22:00:00,2022-08-03 23:00:00,18.680000000000000000,ug.m-3,44.4264,26.1406
2022-08-03 23:00:00,2022-08-04 00:00:00,18.480000000000000000,ug.m-3,44.4264,26.1406
2022-08-04 00:00:00,2022-08-04 01:00:00,14.030000000000000000,ug.m-3,44.4264,26.1406
2022-08-04 01:00:00,2022-08-04 02:00:00,15.070000000000000000,ug.m-3,44.4264,26.1406
2022-08-04 02:00:00,2022-08-04 03:00:00,16.070000000000000000,ug.m-3,44.4264,26.1406
2022-08-04 03:00:00,2022-08-04 04:00:00,15.350000000000000000,ug.m-3,44.4264,26.1406
2022-08-04 04:00:00,2022-08-04 05:00:00,16.020000000000000000,ug.m-3,44.4264,26.1406
2022-08-04 05:00:00,2022-08-04 06:00:00,15.890000000000000000,ug.m-3,44.4264,26.1406
2022-08-04 06:00:00,2022-08-04 07:00:00,24.050000000000000000,ug.m-3,44.4264,26.1406
2022-08-04 07:00:00,2022-08-04 08:00:00,23.300000000000000000,ug.m-3,44.4264,26.1406
2022-08-04 08:00:00,2022-08-04 09:00:00,20.950000000000000000,ug.m-3,44.4264,26.1406
2022-08-04 09:00:00,2022-08-04 10:00:00,18.980000000000000000,ug.m-3,44.4264,26.1406
2022-08-04 10:00:00,2022-08-04 11:00:00,18.780000000000000000,ug.m-3,44.4264,26.1406
2022-08-04 11:00:00,2022-08-04 12:00:00,15.840000000000000000,ug.m-3,44.4264,26.1406
2022-08-04 12:00:00,2022-08-04 13:00:00,16.080000000000000000,ug.m-3,44.4264,26.1406
2022-08-04 13:00:00,2022-08-04 14:00:00,12.140000000000000000,ug.m-3,44.4264,26.1406
2022-08-04 14:00:00,2022-08-04 15:00:00,13.910000000000000000,ug.m-3,44.4264,26.1406
2022-08-04 15:00:00,2022-08-04 16:00:00,15.820000000000000000,ug.m-3,44.4264,26.1406
2022-08-04 16:00:00,2022-08-04 17:00:00,13.320000000000000000,ug.m-3,44.4264,26.1406
2022-08-04 17:00:00,2022-08-04 18:00:00,13.060000000000000000,ug.m-3,44.4264,26.1406
2022-08-04 18:00:00,2022-08-04 19:00:00,17.990000000000000000,ug.m-3,44.4264,26.1406
2022-08-04 19:00:00,2022-08-04 20:00:00,21.240000000000000000,ug.m-3,44.4264,26.1406
2022-08-04 20:00:00,2022-08-04 21:00:00,20.230000000000000000,ug.m-3,44.4264,26.1406
2022-08-04 21:00:00,2022-08-04 22:00:00,21.990000000000000000,ug.m-3,44.4264,26.1406
2022-08-04 22:00:00,2022-08-04 23:00:00,24.570000000000000000,ug.m-3,44.4264,26.1406
2022-08-04 23:00:00,2022-08-05 00:00:00,17.280000000000000000,ug.m-3,44.4264,26.1406
2022-08-05 00:00:00,2022-08-05 01:00:00,17.470000000000000000,ug.m-3,44.4264,26.1406
2022-08-05 01:00:00,2022-08-05 02:00:00,16.950000000000000000,ug.m-3,44.4264,26.1406
2022-08-05 02:00:00,2022-08-05 03:00:00,17.050000000000000000,ug.m-3,44.4264,26.1406
2022-08-05 03:00:00,2022-08-05 04:00:00,11.550000000000000000,ug.m-3,44.4264,26.1406
2022-08-05 04:00:00,2022-08-05 05:00:00,18.200000000000000000,ug.m-3,44.4264,26.1406
2022-08-05 05:00:00,2022-08-05 06:00:00,22.630000000000000000,ug.m-3,44.4264,26.1406
2022-08-05 06:00:00,2022-08-05 07:00:00,27.900000000000000000,ug.m-3,44.4264,26.1406
2022-08-05 07:00:00,2022-08-05 08:00:00,29.170000000000000000,ug.m-3,44.4264,26.1406
2022-08-05 08:00:00,2022-08-05 09:00:00,22.910000000000000000,ug.m-3,44.4264,26.1406
2022-08-05 09:00:00,2022-08-05 10:00:00,19.980000000000000000,ug.m-3,44.4264,26.1406
2022-08-05 10:00:00,2022-08-05 11:00:00,17.500000000000000000,ug.m-3,44.4264,26.1406
2022-08-05 11:00:00,2022-08-05 12:00:00,15.200000000000000000,ug.m-3,44.4264,26.1406
2022-08-05 12:00:00,2022-08-05 13:00:00,14.900000000000000000,ug.m-3,44.4264,26.1406
2022-08-05 13:00:00,2022-08-05 14:00:00,15.730000000000000000,ug.m-3,44.4264,26.1406
2022-08-05 14:00:00,2022-08-05 15:00:00,16.370000000000000000,ug.m-3,44.4264,26.1406
2022-08-05 15:00:00,2022-08-05 16:00:00,18.870000000000000000,ug.m-3,44.4264,26.1406
2022-08-05 16:00:00,2022-08-05 17:00:00,19.180000000000000000,ug.m-3,44.4264,26.1406
2022-08-05 17:00:00,2022-08-05 18:00:00,19.230000000000000000,ug.m-3,44.4264,26.1406
2022-08-05 18:00:00,2022-08-05 19:00:00,19.820000000000000000,ug.m-3,44.4264,26.1406
2022-08-05 19:00:00,2022-08-05 20:00:00,21.270000000000000000,ug.m-3,44.4264,26.1406
2022-08-05 20:00:00,2022-08-05 21:00:00,21.890000000000000000,ug.m-3,44.4264,26.1406
2022-08-05 21:00:00,2022-08-05 22:00:00,23.730000000000000000,ug.m-3,44.4264,26.1406
2022-08-05 22:00:00,2022-08-05 23:00:00,30.470000000000000000,ug.m-3,44.4264,26.1406
2022-08-05 23:00:00,2022-08-06 00:00:00,26.400000000000000000,ug.m-3,44.4264,26.1406
2022-08-06 00:00:00,2022-08-06 01:00:00,22.750000000000000000,ug.m-3,44.4264,26.1406
2022-08-06 01:00:00,2022-08-06 02:00:00,23.700000000000000000,ug.m-3,44.4264,26.1406
2022-08-06 02:00:00,2022-08-06 03:00:00,21.490000000000000000,ug.m-3,44.4264,26.1406
2022-08-06 03:00:00,2022-08-06 04:00:00,20.020000000000000000,ug.m-3,44.4264,26.1406
2022-08-06 04:00:00,2022-08-06 05:00:00,22.450000000000000000,ug.m-3,44.4264,26.1406
2022-08-06 05:00:00,2022-08-06 06:00:00,17.740000000000000000,ug.m-3,44.4264,26.1406
2022-08-06 06:00:00,2022-08-06 07:00:00,17.050000000000000000,ug.m-3,44.4264,26.1406
2022-08-06 07:00:00,2022-08-06 08:00:00,20.350000000000000000,ug.m-3,44.4264,26.1406
2022-08-06 08:00:00,2022-08-06 09:00:00,24.630000000000000000,ug.m-3,44.4264,26.1406
2022-08-06 09:00:00,2022-08-06 10:00:00,23.200000000000000000,ug.m-3,44.4264,26.1406
2022-08-06 10:00:00,2022-08-06 11:00:00,19.510000000000000000,ug.m-3,44.4264,26.1406
2022-08-06 11:00:00,2022-08-06 12:00:00,18.430000000000000000,ug.m-3,44.4264,26.1406
2022-08-06 12:00:00,2022-08-06 13:00:00,16.410000000000000000,ug.m-3,44.4264,26.1406
2022-08-06 13:00:00,2022-08-06 14:00:00,15.280000000000000000,ug.m-3,44.4264,26.1406
2022-08-06 14:00:00,2022-08-06 15:00:00,14.610000000000000000,ug.m-3,44.4264,26.1406
2022-08-06 15:00:00,2022-08-06 16:00:00,17.550000000000000000,ug.m-3,44.4264,26.1406
2022-08-06 16:00:00,2022-08-06 17:00:00,17.310000000000000000,ug.m-3,44.4264,26.1406
2022-08-06 17:00:00,2022-08-06 18:00:00,14.850000000000000000,ug.m-3,44.4264,26.1406
2022-08-06 18:00:00,2022-08-06 19:00:00,13.140000000000000000,ug.m-3,44.4264,26.1406
2022-08-06 19:00:00,2022-08-06 20:00:00,20.030000000000000000,ug.m-3,44.4264,26.1406
2022-08-06 20:00:00,2022-08-06 21:00:00,21.140000000000000000,ug.m-3,44.4264,26.1406
2022-08-06 21:00:00,2022-08-06 22:00:00,21.880000000000000000,ug.m-3,44.4264,26.1406
2022-08-06 22:00:00,2022-08-06 23:00:00,16.710000000000000000,ug.m-3,44.4264,26.1406
2022-08-06 23:00:00,2022-08-07 00:00:00,14.330000000000000000,ug.m-3,44.4264,26.1406
2022-08-07 00:00:00,2022-08-07 01:00:00,13.510000000000000000,ug.m-3,44.4264,26.1406
2022-08-07 01:00:00,2022-08-07 02:00:00,16.350000000000000000,ug.m-3,44.4264,26.1406
2022-08-07 02:00:00,2022-08-07 03:00:00,16.360000000000000000,ug.m-3,44.4264,26.1406
2022-08-07 03:00:00,2022-08-07 04:00:00,16.030000000000000000,ug.m-3,44.4264,26.1406
2022-08-07 04:00:00,2022-08-07 05:00:00,15.560000000000000000,ug.m-3,44.4264,26.1406
2022-08-07 05:00:00,2022-08-07 06:00:00,15.570000000000000000,ug.m-3,44.4264,26.1406
2022-08-07 06:00:00,2022-08-07 07:00:00,13.220000000000000000,ug.m-3,44.4264,26.1406
2022-08-07 07:00:00,2022-08-07 08:00:00,18.800000000000000000,ug.m-3,44.4264,26.1406
2022-08-07 08:00:00,2022-08-07 09:00:00,19.740000000000000000,ug.m-3,44.4264,26.1406
2022-08-07 09:00:00,2022-08-07 10:00:00,19.630000000000000000,ug.m-3,44.4264,26.1406
2022-08-07 10:00:00,2022-08-07 11:00:00,23.570000000000000000,ug.m-3,44.4264,26.1406
2022-08-07 11:00:00,2022-08-07 12:00:00,26.910000000000000000,ug.m-3,44.4264,26.1406
2022-08-07 12:00:00,2022-08-07 13:00:00,25.760000000000000000,ug.m-3,44.4264,26.1406
2022-08-07 13:00:00,2022-08-07 14:00:00,28.250000000000000000,ug.m-3,44.4264,26.1406
2022-08-07 14:00:00,2022-08-07 15:00:00,22.310000000000000000,ug.m-3,44.4264,26.1406
2022-08-07 15:00:00,2022-08-07 16:00:00,16.410000000000000000,ug.m-3,44.4264,26.1406
2022-08-07 16:00:00,2022-08-07 17:00:00,16.780000000000000000,ug.m-3,44.4264,26.1406
2022-08-07 17:00:00,2022-08-07 18:00:00,20.750000000000000000,ug.m-3,44.4264,26.1406
2022-08-07 18:00:00,2022-08-07 19:00:00,16.780000000000000000,ug.m-3,44.4264,26.1406
2022-08-07 19:00:00,2022-08-07 20:00:00,17.270000000000000000,ug.m-3,44.4264,26.1406
2022-08-07 20:00:00,2022-08-07 21:00:00,20.050000000000000000,ug.m-3,44.4264,26.1406
2022-08-07 21:00:00,2022-08-07 22:00:00,26.270000000000000000,ug.m-3,44.4264,26.1406
2022-08-07 22:00:00,2022-08-07 23:00:00,24.870000000000000000,ug.m-3,44.4264,26.1406
2022-08-07 23:00:00,2022-08-08 00:00:00,17.010000000000000000,ug.m-3,44.4264,26.1406
2022-08-08 00:00:00,2022-08-08 01:00:00,19.530000000000000000,ug.m-3,44.4264,26.1406
2022-08-08 01:00:00,2022-08-08 02:00:00,22.480000000000000000,ug.m-3,44.4264,26.1406
2022-08-08 02:00:00,2022-08-08 03:00:00,19.470000000000000000,ug.m-3,44.4264,26.1406
2022-08-08 03:00:00,2022-08-08 04:00:00,14.190000000000000000,ug.m-3,44.4264,26.1406
2022-08-08 04:00:00,2022-08-08 05:00:00,14.540000000000000000,ug.m-3,44.4264,26.1406
2022-08-08 05:00:00,2022-08-08 06:00:00,12.330000000000000000,ug.m-3,44.4264,26.1406
2022-08-08 06:00:00,2022-08-08 07:00:00,14.100000000000000000,ug.m-3,44.4264,26.1406
2022-08-08 07:00:00,2022-08-08 08:00:00,16.850000000000000000,ug.m-3,44.4264,26.1406
2022-08-08 08:00:00,2022-08-08 09:00:00,17.120000000000000000,ug.m-3,44.4264,26.1406
2022-08-08 09:00:00,2022-08-08 10:00:00,18.060000000000000000,ug.m-3,44.4264,26.1406
2022-08-08 10:00:00,2022-08-08 11:00:00,21.040000000000000000,ug.m-3,44.4264,26.1406
2022-08-08 11:00:00,2022-08-08 12:00:00,21.870000000000000000,ug.m-3,44.4264,26.1406
2022-08-08 12:00:00,2022-08-08 13:00:00,22.460000000000000000,ug.m-3,44.4264,26.1406
2022-08-08 13:00:00,2022-08-08 14:00:00,25.340000000000000000,ug.m-3,44.4264,26.1406
2022-08-08 14:00:00,2022-08-08 15:00:00,27.100000000000000000,ug.m-3,44.4264,26.1406
2022-08-08 15:00:00,2022-08-08 16:00:00,26.980000000000000000,ug.m-3,44.4264,26.1406
2022-08-08 16:00:00,2022-08-08 17:00:00,24.760000000000000000,ug.m-3,44.4264,26.1406
2022-08-08 17:00:00,2022-08-08 18:00:00,27.050000000000000000,ug.m-3,44.4264,26.1406
2022-08-08 18:00:00,2022-08-08 19:00:00,25.000000000000000000,ug.m-3,44.4264,26.1406
2022-08-08 19:00:00,2022-08-08 20:00:00,24.130000000000000000,ug.m-3,44.4264,26.1406
2022-08-08 20:00:00,2022-08-08 21:00:00,19.660000000000000000,ug.m-3,44.4264,26.1406
2022-08-08 21:00:00,2022-08-08 22:00:00,19.950000000000000000,ug.m-3,44.4264,26.1406
2022-08-08 22:00:00,2022-08-08 23:00:00,22.930000000000000000,ug.m-3,44.4264,26.1406
2022-08-08 23:00:00,2022-08-09 00:00:00,23.980000000000000000,ug.m-3,44.4264,26.1406
2022-08-09 00:00:00,2022-08-09 01:00:00,19.410000000000000000,ug.m-3,44.4264,26.1406
2022-08-09 01:00:00,2022-08-09 02:00:00,18.820000000000000000,ug.m-3,44.4264,26.1406
2022-08-09 02:00:00,2022-08-09 03:00:00,17.460000000000000000,ug.m-3,44.4264,26.1406
2022-08-09 03:00:00,2022-08-09 04:00:00,18.530000000000000000,ug.m-3,44.4264,26.1406
2022-08-09 04:00:00,2022-08-09 05:00:00,15.140000000000000000,ug.m-3,44.4264,26.1406
2022-08-09 05:00:00,2022-08-09 06:00:00,17.550000000000000000,ug.m-3,44.4264,26.1406
2022-08-09 06:00:00,2022-08-09 07:00:00,16.640000000000000000,ug.m-3,44.4264,26.1406
2022-08-09 07:00:00,2022-08-09 08:00:00,19.880000000000000000,ug.m-3,44.4264,26.1406
2022-08-09 08:00:00,2022-08-09 09:00:00,23.420000000000000000,ug.m-3,44.4264,26.1406
2022-08-09 09:00:00,2022-08-09 10:00:00,26.350000000000000000,ug.m-3,44.4264,26.1406
2022-08-09 10:00:00,2022-08-09 11:00:00,32.970000000000000000,ug.m-3,44.4264,26.1406
2022-08-09 11:00:00,2022-08-09 12:00:00,30.940000000000000000,ug.m-3,44.4264,26.1406
2022-08-09 12:00:00,2022-08-09 13:00:00,29.710000000000000000,ug.m-3,44.4264,26.1406
2022-08-09 13:00:00,2022-08-09 14:00:00,30.540000000000000000,ug.m-3,44.4264,26.1406
2022-08-09 14:00:00,2022-08-09 15:00:00,35.100000000000000000,ug.m-3,44.4264,26.1406
2022-08-09 15:00:00,2022-08-09 16:00:00,27.700000000000000000,ug.m-3,44.4264,26.1406
2022-08-09 16:00:00,2022-08-09 17:00:00,23.270000000000000000,ug.m-3,44.4264,26.1406
2022-08-09 17:00:00,2022-08-09 18:00:00,24.120000000000000000,ug.m-3,44.4264,26.1406
2022-08-09 18:00:00,2022-08-09 19:00:00,25.770000000000000000,ug.m-3,44.4264,26.1406
2022-08-09 19:00:00,2022-08-09 20:00:00,25.080000000000000000,ug.m-3,44.4264,26.1406
2022-08-09 20:00:00,2022-08-09 21:00:00,43.060000000000000000,ug.m-3,44.4264,26.1406
2022-08-09 21:00:00,2022-08-09 22:00:00,37.550000000000000000,ug.m-3,44.4264,26.1406
2022-08-09 22:00:00,2022-08-09 23:00:00,34.640000000000000000,ug.m-3,44.4264,26.1406
2022-08-09 23:00:00,2022-08-10 00:00:00,23.810000000000000000,ug.m-3,44.4264,26.1406
2022-08-10 00:00:00,2022-08-10 01:00:00,16.650000000000000000,ug.m-3,44.4264,26.1406
2022-08-10 01:00:00,2022-08-10 02:00:00,17.240000000000000000,ug.m-3,44.4264,26.1406
2022-08-10 02:00:00,2022-08-10 03:00:00,14.490000000000000000,ug.m-3,44.4264,26.1406
2022-08-10 03:00:00,2022-08-10 04:00:00,8.720000000000000000,ug.m-3,44.4264,26.1406
2022-08-10 04:00:00,2022-08-10 05:00:00,7.650000000000000000,ug.m-3,44.4264,26.1406
2022-08-10 05:00:00,2022-08-10 06:00:00,5.120000000000000000,ug.m-3,44.4264,26.1406
2022-08-10 06:00:00,2022-08-10 07:00:00,8.110000000000000000,ug.m-3,44.4264,26.1406
2022-08-10 07:00:00,2022-08-10 08:00:00,13.320000000000000000,ug.m-3,44.4264,26.1406
2022-08-10 08:00:00,2022-08-10 09:00:00,16.410000000000000000,ug.m-3,44.4264,26.1406
2022-08-10 09:00:00,2022-08-10 10:00:00,17.020000000000000000,ug.m-3,44.4264,26.1406
2022-08-10 10:00:00,2022-08-10 11:00:00,16.300000000000000000,ug.m-3,44.4264,26.1406
2022-08-10 11:00:00,2022-08-10 12:00:00,14.490000000000000000,ug.m-3,44.4264,26.1406
2022-08-10 12:00:00,2022-08-10 13:00:00,19.460000000000000000,ug.m-3,44.4264,26.1406
2022-08-10 13:00:00,2022-08-10 14:00:00,21.470000000000000000,ug.m-3,44.4264,26.1406
2022-08-10 14:00:00,2022-08-10 15:00:00,19.110000000000000000,ug.m-3,44.4264,26.1406
2022-08-10 15:00:00,2022-08-10 16:00:00,20.630000000000000000,ug.m-3,44.4264,26.1406
2022-08-10 16:00:00,2022-08-10 17:00:00,18.940000000000000000,ug.m-3,44.4264,26.1406
2022-08-10 17:00:00,2022-08-10 18:00:00,19.480000000000000000,ug.m-3,44.4264,26.1406
2022-08-10 18:00:00,2022-08-10 19:00:00,14.540000000000000000,ug.m-3,44.4264,26.1406
2022-08-10 19:00:00,2022-08-10 20:00:00,13.430000000000000000,ug.m-3,44.4264,26.1406
2022-08-10 20:00:00,2022-08-10 21:00:00,10.880000000000000000,ug.m-3,44.4264,26.1406
2022-08-10 21:00:00,2022-08-10 22:00:00,10.050000000000000000,ug.m-3,44.4264,26.1406
2022-08-10 22:00:00,2022-08-10 23:00:00,11.470000000000000000,ug.m-3,44.4264,26.1406
2022-08-10 23:00:00,2022-08-11 00:00:00,7.910000000000000000,ug.m-3,44.4264,26.1406
2022-08-11 00:00:00,2022-08-11 01:00:00,8.710000000000000000,ug.m-3,44.4264,26.1406
2022-08-11 01:00:00,2022-08-11 02:00:00,8.400000000000000000,ug.m-3,44.4264,26.1406
2022-08-11 02:00:00,2022-08-11 03:00:00,10.340000000000000000,ug.m-3,44.4264,26.1406
2022-08-11 03:00:00,2022-08-11 04:00:00,16.510000000000000000,ug.m-3,44.4264,26.1406
2022-08-11 04:00:00,2022-08-11 05:00:00,18.150000000000000000,ug.m-3,44.4264,26.1406
2022-08-11 05:00:00,2022-08-11 06:00:00,18.550000000000000000,ug.m-3,44.4264,26.1406
2022-08-11 06:00:00,2022-08-11 07:00:00,15.740000000000000000,ug.m-3,44.4264,26.1406
2022-08-11 07:00:00,2022-08-11 08:00:00,18.860000000000000000,ug.m-3,44.4264,26.1406
2022-08-11 08:00:00,2022-08-11 09:00:00,18.870000000000000000,ug.m-3,44.4264,26.1406
2022-08-11 09:00:00,2022-08-11 10:00:00,22.100000000000000000,ug.m-3,44.4264,26.1406
2022-08-11 10:00:00,2022-08-11 11:00:00,13.780000000000000000,ug.m-3,44.4264,26.1406
2022-08-11 11:00:00,2022-08-11 12:00:00,13.080000000000000000,ug.m-3,44.4264,26.1406
2022-08-11 12:00:00,2022-08-11 13:00:00,12.890000000000000000,ug.m-3,44.4264,26.1406
2022-08-11 13:00:00,2022-08-11 14:00:00,10.010000000000000000,ug.m-3,44.4264,26.1406
2022-08-11 14:00:00,2022-08-11 15:00:00,11.800000000000000000,ug.m-3,44.4264,26.1406
2022-08-11 15:00:00,2022-08-11 16:00:00,14.920000000000000000,ug.m-3,44.4264,26.1406
2022-08-11 16:00:00,2022-08-11 17:00:00,14.740000000000000000,ug.m-3,44.4264,26.1406
2022-08-11 17:00:00,2022-08-11 18:00:00,18.320000000000000000,ug.m-3,44.4264,26.1406
2022-08-11 18:00:00,2022-08-11 19:00:00,16.480000000000000000,ug.m-3,44.4264,26.1406
2022-08-11 19:00:00,2022-08-11 20:00:00,16.520000000000000000,ug.m-3,44.4264,26.1406
2022-08-11 20:00:00,2022-08-11 21:00:00,21.480000000000000000,ug.m-3,44.4264,26.1406
2022-08-11 21:00:00,2022-08-11 22:00:00,21.170000000000000000,ug.m-3,44.4264,26.1406
2022-08-11 22:00:00,2022-08-11 23:00:00,21.780000000000000000,ug.m-3,44.4264,26.1406
2022-08-11 23:00:00,2022-08-12 00:00:00,19.070000000000000000,ug.m-3,44.4264,26.1406
2022-08-12 00:00:00,2022-08-12 01:00:00,19.130000000000000000,ug.m-3,44.4264,26.1406
2022-08-12 01:00:00,2022-08-12 02:00:00,14.360000000000000000,ug.m-3,44.4264,26.1406
2022-08-12 02:00:00,2022-08-12 03:00:00,11.870000000000000000,ug.m-3,44.4264,26.1406
2022-08-12 03:00:00,2022-08-12 04:00:00,12.280000000000000000,ug.m-3,44.4264,26.1406
2022-08-12 04:00:00,2022-08-12 05:00:00,12.740000000000000000,ug.m-3,44.4264,26.1406
2022-08-12 05:00:00,2022-08-12 06:00:00,13.760000000000000000,ug.m-3,44.4264,26.1406
2022-08-12 06:00:00,2022-08-12 07:00:00,20.260000000000000000,ug.m-3,44.4264,26.1406
2022-08-12 07:00:00,2022-08-12 08:00:00,25.460000000000000000,ug.m-3,44.4264,26.1406
2022-08-12 08:00:00,2022-08-12 09:00:00,24.980000000000000000,ug.m-3,44.4264,26.1406
2022-08-12 09:00:00,2022-08-12 10:00:00,19.290000000000000000,ug.m-3,44.4264,26.1406
2022-08-12 10:00:00,2022-08-12 11:00:00,16.410000000000000000,ug.m-3,44.4264,26.1406
2022-08-12 11:00:00,2022-08-12 12:00:00,15.310000000000000000,ug.m-3,44.4264,26.1406
2022-08-12 12:00:00,2022-08-12 13:00:00,19.270000000000000000,ug.m-3,44.4264,26.1406
2022-08-12 13:00:00,2022-08-12 14:00:00,17.480000000000000000,ug.m-3,44.4264,26.1406
2022-08-12 14:00:00,2022-08-12 15:00:00,15.510000000000000000,ug.m-3,44.4264,26.1406
2022-08-12 15:00:00,2022-08-12 16:00:00,18.210000000000000000,ug.m-3,44.4264,26.1406
2022-08-12 16:00:00,2022-08-12 17:00:00,18.420000000000000000,ug.m-3,44.4264,26.1406
2022-08-12 17:00:00,2022-08-12 18:00:00,19.250000000000000000,ug.m-3,44.4264,26.1406
2022-08-12 18:00:00,2022-08-12 19:00:00,23.870000000000000000,ug.m-3,44.4264,26.1406
2022-08-12 19:00:00,2022-08-12 20:00:00,28.350000000000000000,ug.m-3,44.4264,26.1406
2022-08-12 20:00:00,2022-08-12 21:00:00,22.320000000000000000,ug.m-3,44.4264,26.1406
2022-08-12 21:00:00,2022-08-12 22:00:00,19.520000000000000000,ug.m-3,44.4264,26.1406
2022-08-12 22:00:00,2022-08-12 23:00:00,18.790000000000000000,ug.m-3,44.4264,26.1406
2022-08-12 23:00:00,2022-08-13 00:00:00,19.500000000000000000,ug.m-3,44.4264,26.1406
2022-08-13 00:00:00,2022-08-13 01:00:00,19.400000000000000000,ug.m-3,44.4264,26.1406
2022-08-13 01:00:00,2022-08-13 02:00:00,18.740000000000000000,ug.m-3,44.4264,26.1406
2022-08-13 02:00:00,2022-08-13 03:00:00,16.700000000000000000,ug.m-3,44.4264,26.1406
2022-08-13 03:00:00,2022-08-13 04:00:00,16.890000000000000000,ug.m-3,44.4264,26.1406
2022-08-13 04:00:00,2022-08-13 05:00:00,19.370000000000000000,ug.m-3,44.4264,26.1406
2022-08-13 05:00:00,2022-08-13 06:00:00,18.400000000000000000,ug.m-3,44.4264,26.1406
2022-08-13 06:00:00,2022-08-13 07:00:00,25.940000000000000000,ug.m-3,44.4264,26.1406
2022-08-13 07:00:00,2022-08-13 08:00:00,28.660000000000000000,ug.m-3,44.4264,26.1406
2022-08-13 08:00:00,2022-08-13 09:00:00,25.580000000000000000,ug.m-3,44.4264,26.1406
2022-08-13 09:00:00,2022-08-13 10:00:00,21.040000000000000000,ug.m-3,44.4264,26.1406
2022-08-13 10:00:00,2022-08-13 11:00:00,20.800000000000000000,ug.m-3,44.4264,26.1406
2022-08-13 11:00:00,2022-08-13 12:00:00,17.960000000000000000,ug.m-3,44.4264,26.1406
2022-08-13 12:00:00,2022-08-13 13:00:00,20.120000000000000000,ug.m-3,44.4264,26.1406
2022-08-13 13:00:00,2022-08-13 14:00:00,20.330000000000000000,ug.m-3,44.4264,26.1406
2022-08-13 14:00:00,2022-08-13 15:00:00,18.350000000000000000,ug.m-3,44.4264,26.1406
2022-08-13 15:00:00,2022-08-13 16:00:00,19.480000000000000000,ug.m-3,44.4264,26.1406
2022-08-13 16:00:00,2022-08-13 17:00:00,19.980000000000000000,ug.m-3,44.4264,26.1406
2022-08-13 17:00:00,2022-08-13 18:00:00,18.640000000000000000,ug.m-3,44.4264,26.1406
2022-08-13 18:00:00,2022-08-13 19:00:00,16.400000000000000000,ug.m-3,44.4264,26.1406
2022-08-13 19:00:00,2022-08-13 20:00:00,18.480000000000000000,ug.m-3,44.4264,26.1406
2022-08-13 20:00:00,2022-08-13 21:00:00,23.250000000000000000,ug.m-3,44.4264,26.1406
2022-08-13 21:00:00,2022-08-13 22:00:00,28.880000000000000000,ug.m-3,44.4264,26.1406
2022-08-13 22:00:00,2022-08-13 23:00:00,27.360000000000000000,ug.m-3,44.4264,26.1406
2022-08-13 23:00:00,2022-08-14 00:00:00,24.590000000000000000,ug.m-3,44.4264,26.1406
2022-08-14 00:00:00,2022-08-14 01:00:00,29.980000000000000000,ug.m-3,44.4264,26.1406
2022-08-14 01:00:00,2022-08-14 02:00:00,23.240000000000000000,ug.m-3,44.4264,26.1406
2022-08-14 02:00:00,2022-08-14 03:00:00,15.660000000000000000,ug.m-3,44.4264,26.1406
2022-08-14 03:00:00,2022-08-14 04:00:00,13.670000000000000000,ug.m-3,44.4264,26.1406
2022-08-14 04:00:00,2022-08-14 05:00:00,15.010000000000000000,ug.m-3,44.4264,26.1406
2022-08-14 05:00:00,2022-08-14 06:00:00,15.970000000000000000,ug.m-3,44.4264,26.1406
2022-08-14 06:00:00,2022-08-14 07:00:00,19.100000000000000000,ug.m-3,44.4264,26.1406
2022-08-14 07:00:00,2022-08-14 08:00:00,21.420000000000000000,ug.m-3,44.4264,26.1406
2022-08-14 08:00:00,2022-08-14 09:00:00,23.080000000000000000,ug.m-3,44.4264,26.1406
2022-08-14 09:00:00,2022-08-14 10:00:00,26.350000000000000000,ug.m-3,44.4264,26.1406
2022-08-14 10:00:00,2022-08-14 11:00:00,16.640000000000000000,ug.m-3,44.4264,26.1406
2022-08-14 11:00:00,2022-08-14 12:00:00,10.640000000000000000,ug.m-3,44.4264,26.1406
2022-08-14 12:00:00,2022-08-14 13:00:00,11.610000000000000000,ug.m-3,44.4264,26.1406
2022-08-14 13:00:00,2022-08-14 14:00:00,13.080000000000000000,ug.m-3,44.4264,26.1406
2022-08-14 14:00:00,2022-08-14 15:00:00,11.660000000000000000,ug.m-3,44.4264,26.1406
2022-08-14 15:00:00,2022-08-14 16:00:00,17.180000000000000000,ug.m-3,44.4264,26.1406
2022-08-14 16:00:00,2022-08-14 17:00:00,19.650000000000000000,ug.m-3,44.4264,26.1406
2022-08-14 17:00:00,2022-08-14 18:00:00,14.250000000000000000,ug.m-3,44.4264,26.1406
2022-08-14 18:00:00,2022-08-14 19:00:00,12.870000000000000000,ug.m-3,44.4264,26.1406
2022-08-14 19:00:00,2022-08-14 20:00:00,13.690000000000000000,ug.m-3,44.4264,26.1406
2022-08-14 20:00:00,2022-08-14 21:00:00,12.210000000000000000,ug.m-3,44.4264,26.1406
2022-08-14 21:00:00,2022-08-14 22:00:00,12.650000000000000000,ug.m-3,44.4264,26.1406
2022-08-14 22:00:00,2022-08-14 23:00:00,10.990000000000000000,ug.m-3,44.4264,26.1406
2022-08-14 23:00:00,2022-08-15 00:00:00,10.120000000000000000,ug.m-3,44.4264,26.1406
2022-08-15 00:00:00,2022-08-15 01:00:00,11.470000000000000000,ug.m-3,44.4264,26.1406
2022-08-15 01:00:00,2022-08-15 02:00:00,13.470000000000000000,ug.m-3,44.4264,26.1406
2022-08-15 02:00:00,2022-08-15 03:00:00,13.270000000000000000,ug.m-3,44.4264,26.1406
2022-08-15 03:00:00,2022-08-15 04:00:00,12.400000000000000000,ug.m-3,44.4264,26.1406
2022-08-15 04:00:00,2022-08-15 05:00:00,14.660000000000000000,ug.m-3,44.4264,26.1406
2022-08-15 05:00:00,2022-08-15 06:00:00,15.030000000000000000,ug.m-3,44.4264,26.1406
2022-08-15 06:00:00,2022-08-15 07:00:00,16.550000000000000000,ug.m-3,44.4264,26.1406
2022-08-15 07:00:00,2022-08-15 08:00:00,19.860000000000000000,ug.m-3,44.4264,26.1406
2022-08-15 08:00:00,2022-08-15 09:00:00,19.900000000000000000,ug.m-3,44.4264,26.1406
2022-08-15 09:00:00,2022-08-15 10:00:00,17.340000000000000000,ug.m-3,44.4264,26.1406
2022-08-15 10:00:00,2022-08-15 11:00:00,14.880000000000000000,ug.m-3,44.4264,26.1406
2022-08-15 11:00:00,2022-08-15 12:00:00,17.690000000000000000,ug.m-3,44.4264,26.1406
2022-08-15 12:00:00,2022-08-15 13:00:00,16.870000000000000000,ug.m-3,44.4264,26.1406
2022-08-15 13:00:00,2022-08-15 14:00:00,11.320000000000000000,ug.m-3,44.4264,26.1406
2022-08-15 14:00:00,2022-08-15 15:00:00,11.090000000000000000,ug.m-3,44.4264,26.1406
2022-08-15 15:00:00,2022-08-15 16:00:00,12.600000000000000000,ug.m-3,44.4264,26.1406
2022-08-15 16:00:00,2022-08-15 17:00:00,13.560000000000000000,ug.m-3,44.4264,26.1406
2022-08-15 17:00:00,2022-08-15 18:00:00,14.720000000000000000,ug.m-3,44.4264,26.1406
2022-08-15 18:00:00,2022-08-15 19:00:00,15.890000000000000000,ug.m-3,44.4264,26.1406
2022-08-15 19:00:00,2022-08-15 20:00:00,15.880000000000000000,ug.m-3,44.4264,26.1406
2022-08-15 20:00:00,2022-08-15 21:00:00,14.100000000000000000,ug.m-3,44.4264,26.1406
2022-08-15 21:00:00,2022-08-15 22:00:00,17.360000000000000000,ug.m-3,44.4264,26.1406
2022-08-15 22:00:00,2022-08-15 23:00:00,20.030000000000000000,ug.m-3,44.4264,26.1406
2022-08-15 23:00:00,2022-08-16 00:00:00,16.260000000000000000,ug.m-3,44.4264,26.1406
2022-08-16 00:00:00,2022-08-16 01:00:00,16.760000000000000000,ug.m-3,44.4264,26.1406
2022-08-16 01:00:00,2022-08-16 02:00:00,16.640000000000000000,ug.m-3,44.4264,26.1406
2022-08-16 02:00:00,2022-08-16 03:00:00,13.430000000000000000,ug.m-3,44.4264,26.1406
2022-08-16 03:00:00,2022-08-16 04:00:00,15.940000000000000000,ug.m-3,44.4264,26.1406
2022-08-16 04:00:00,2022-08-16 05:00:00,16.410000000000000000,ug.m-3,44.4264,26.1406
2022-08-16 05:00:00,2022-08-16 06:00:00,19.740000000000000000,ug.m-3,44.4264,26.1406
2022-08-16 06:00:00,2022-08-16 07:00:00,22.480000000000000000,ug.m-3,44.4264,26.1406
2022-08-16 07:00:00,2022-08-16 08:00:00,25.060000000000000000,ug.m-3,44.4264,26.1406
2022-08-16 08:00:00,2022-08-16 09:00:00,21.910000000000000000,ug.m-3,44.4264,26.1406
2022-08-16 09:00:00,2022-08-16 10:00:00,17.390000000000000000,ug.m-3,44.4264,26.1406
2022-08-16 10:00:00,2022-08-16 11:00:00,19.900000000000000000,ug.m-3,44.4264,26.1406
2022-08-16 11:00:00,2022-08-16 12:00:00,25.170000000000000000,ug.m-3,44.4264,26.1406
2022-08-16 12:00:00,2022-08-16 13:00:00,22.250000000000000000,ug.m-3,44.4264,26.1406
2022-08-16 13:00:00,2022-08-16 14:00:00,21.790000000000000000,ug.m-3,44.4264,26.1406
2022-08-16 14:00:00,2022-08-16 15:00:00,19.490000000000000000,ug.m-3,44.4264,26.1406
2022-08-16 15:00:00,2022-08-16 16:00:00,20.620000000000000000,ug.m-3,44.4264,26.1406
2022-08-16 16:00:00,2022-08-16 17:00:00,24.200000000000000000,ug.m-3,44.4264,26.1406
2022-08-16 17:00:00,2022-08-16 18:00:00,26.020000000000000000,ug.m-3,44.4264,26.1406
2022-08-16 18:00:00,2022-08-16 19:00:00,17.470000000000000000,ug.m-3,44.4264,26.1406
2022-08-16 19:00:00,2022-08-16 20:00:00,17.590000000000000000,ug.m-3,44.4264,26.1406
2022-08-16 20:00:00,2022-08-16 21:00:00,18.130000000000000000,ug.m-3,44.4264,26.1406
2022-08-16 21:00:00,2022-08-16 22:00:00,21.970000000000000000,ug.m-3,44.4264,26.1406
2022-08-16 22:00:00,2022-08-16 23:00:00,25.830000000000000000,ug.m-3,44.4264,26.1406
2022-08-16 23:00:00,2022-08-17 00:00:00,33.030000000000000000,ug.m-3,44.4264,26.1406
2022-08-17 00:00:00,2022-08-17 01:00:00,31.740000000000000000,ug.m-3,44.4264,26.1406
2022-08-17 01:00:00,2022-08-17 02:00:00,26.310000000000000000,ug.m-3,44.4264,26.1406
2022-08-17 02:00:00,2022-08-17 03:00:00,24.620000000000000000,ug.m-3,44.4264,26.1406
2022-08-17 03:00:00,2022-08-17 04:00:00,26.610000000000000000,ug.m-3,44.4264,26.1406
2022-08-17 04:00:00,2022-08-17 05:00:00,26.840000000000000000,ug.m-3,44.4264,26.1406
2022-08-17 05:00:00,2022-08-17 06:00:00,22.020000000000000000,ug.m-3,44.4264,26.1406
2022-08-17 06:00:00,2022-08-17 07:00:00,23.140000000000000000,ug.m-3,44.4264,26.1406
2022-08-17 07:00:00,2022-08-17 08:00:00,19.220000000000000000,ug.m-3,44.4264,26.1406
2022-08-17 08:00:00,2022-08-17 09:00:00,26.890000000000000000,ug.m-3,44.4264,26.1406
2022-08-17 09:00:00,2022-08-17 10:00:00,30.030000000000000000,ug.m-3,44.4264,26.1406
2022-08-17 10:00:00,2022-08-17 11:00:00,22.090000000000000000,ug.m-3,44.4264,26.1406
2022-08-17 11:00:00,2022-08-17 12:00:00,19.840000000000000000,ug.m-3,44.4264,26.1406
2022-08-17 12:00:00,2022-08-17 13:00:00,18.340000000000000000,ug.m-3,44.4264,26.1406
2022-08-17 13:00:00,2022-08-17 14:00:00,21.170000000000000000,ug.m-3,44.4264,26.1406
2022-08-17 14:00:00,2022-08-17 15:00:00,19.810000000000000000,ug.m-3,44.4264,26.1406
2022-08-17 15:00:00,2022-08-17 16:00:00,20.060000000000000000,ug.m-3,44.4264,26.1406
2022-08-17 16:00:00,2022-08-17 17:00:00,26.670000000000000000,ug.m-3,44.4264,26.1406
2022-08-17 17:00:00,2022-08-17 18:00:00,18.690000000000000000,ug.m-3,44.4264,26.1406
2022-08-17 18:00:00,2022-08-17 19:00:00,14.560000000000000000,ug.m-3,44.4264,26.1406
2022-08-17 19:00:00,2022-08-17 20:00:00,18.060000000000000000,ug.m-3,44.4264,26.1406
2022-08-17 20:00:00,2022-08-17 21:00:00,26.490000000000000000,ug.m-3,44.4264,26.1406
2022-08-17 21:00:00,2022-08-17 22:00:00,31.650000000000000000,ug.m-3,44.4264,26.1406
2022-08-17 22:00:00,2022-08-17 23:00:00,25.370000000000000000,ug.m-3,44.4264,26.1406
2022-08-17 23:00:00,2022-08-18 00:00:00,22.090000000000000000,ug.m-3,44.4264,26.1406
2022-08-18 00:00:00,2022-08-18 01:00:00,18.130000000000000000,ug.m-3,44.4264,26.1406
2022-08-18 01:00:00,2022-08-18 02:00:00,15.660000000000000000,ug.m-3,44.4264,26.1406
2022-08-18 02:00:00,2022-08-18 03:00:00,17.590000000000000000,ug.m-3,44.4264,26.1406
2022-08-18 03:00:00,2022-08-18 04:00:00,16.320000000000000000,ug.m-3,44.4264,26.1406
2022-08-18 04:00:00,2022-08-18 05:00:00,18.870000000000000000,ug.m-3,44.4264,26.1406
2022-08-18 05:00:00,2022-08-18 06:00:00,17.490000000000000000,ug.m-3,44.4264,26.1406
2022-08-18 06:00:00,2022-08-18 07:00:00,20.540000000000000000,ug.m-3,44.4264,26.1406
2022-08-18 07:00:00,2022-08-18 08:00:00,26.750000000000000000,ug.m-3,44.4264,26.1406
2022-08-18 08:00:00,2022-08-18 09:00:00,24.130000000000000000,ug.m-3,44.4264,26.1406
2022-08-18 09:00:00,2022-08-18 10:00:00,24.750000000000000000,ug.m-3,44.4264,26.1406
2022-08-18 10:00:00,2022-08-18 11:00:00,25.190000000000000000,ug.m-3,44.4264,26.1406
2022-08-18 11:00:00,2022-08-18 12:00:00,26.000000000000000000,ug.m-3,44.4264,26.1406
2022-08-18 12:00:00,2022-08-18 13:00:00,25.780000000000000000,ug.m-3,44.4264,26.1406
2022-08-18 13:00:00,2022-08-18 14:00:00,26.010000000000000000,ug.m-3,44.4264,26.1406
2022-08-18 14:00:00,2022-08-18 15:00:00,24.190000000000000000,ug.m-3,44.4264,26.1406
2022-08-18 15:00:00,2022-08-18 16:00:00,24.090000000000000000,ug.m-3,44.4264,26.1406
2022-08-18 16:00:00,2022-08-18 17:00:00,29.190000000000000000,ug.m-3,44.4264,26.1406
2022-08-18 17:00:00,2022-08-18 18:00:00,32.980000000000000000,ug.m-3,44.4264,26.1406
2022-08-18 18:00:00,2022-08-18 19:00:00,27.840000000000000000,ug.m-3,44.4264,26.1406
2022-08-18 19:00:00,2022-08-18 20:00:00,27.350000000000000000,ug.m-3,44.4264,26.1406
2022-08-18 20:00:00,2022-08-18 21:00:00,29.760000000000000000,ug.m-3,44.4264,26.1406
2022-08-18 21:00:00,2022-08-18 22:00:00,28.860000000000000000,ug.m-3,44.4264,26.1406
2022-08-18 22:00:00,2022-08-18 23:00:00,22.870000000000000000,ug.m-3,44.4264,26.1406
2022-08-18 23:00:00,2022-08-19 00:00:00,20.080000000000000000,ug.m-3,44.4264,26.1406
2022-08-19 00:00:00,2022-08-19 01:00:00,21.330000000000000000,ug.m-3,44.4264,26.1406
2022-08-19 01:00:00,2022-08-19 02:00:00,23.420000000000000000,ug.m-3,44.4264,26.1406
2022-08-19 02:00:00,2022-08-19 03:00:00,23.060000000000000000,ug.m-3,44.4264,26.1406
2022-08-19 03:00:00,2022-08-19 04:00:00,24.470000000000000000,ug.m-3,44.4264,26.1406
2022-08-19 04:00:00,2022-08-19 05:00:00,25.110000000000000000,ug.m-3,44.4264,26.1406
2022-08-19 05:00:00,2022-08-19 06:00:00,25.660000000000000000,ug.m-3,44.4264,26.1406
2022-08-19 06:00:00,2022-08-19 07:00:00,30.860000000000000000,ug.m-3,44.4264,26.1406
2022-08-19 07:00:00,2022-08-19 08:00:00,33.430000000000000000,ug.m-3,44.4264,26.1406
2022-08-19 08:00:00,2022-08-19 09:00:00,30.020000000000000000,ug.m-3,44.4264,26.1406
2022-08-19 09:00:00,2022-08-19 10:00:00,23.930000000000000000,ug.m-3,44.4264,26.1406
2022-08-19 10:00:00,2022-08-19 11:00:00,23.420000000000000000,ug.m-3,44.4264,26.1406
2022-08-19 11:00:00,2022-08-19 12:00:00,25.710000000000000000,ug.m-3,44.4264,26.1406
2022-08-19 12:00:00,2022-08-19 13:00:00,18.840000000000000000,ug.m-3,44.4264,26.1406
2022-08-19 13:00:00,2022-08-19 14:00:00,18.970000000000000000,ug.m-3,44.4264,26.1406
2022-08-19 14:00:00,2022-08-19 15:00:00,20.950000000000000000,ug.m-3,44.4264,26.1406
2022-08-19 15:00:00,2022-08-19 16:00:00,20.670000000000000000,ug.m-3,44.4264,26.1406
2022-08-19 16:00:00,2022-08-19 17:00:00,23.100000000000000000,ug.m-3,44.4264,26.1406
2022-08-19 17:00:00,2022-08-19 18:00:00,21.720000000000000000,ug.m-3,44.4264,26.1406
2022-08-19 18:00:00,2022-08-19 19:00:00,23.040000000000000000,ug.m-3,44.4264,26.1406
2022-08-19 19:00:00,2022-08-19 20:00:00,33.740000000000000000,ug.m-3,44.4264,26.1406
2022-08-19 20:00:00,2022-08-19 21:00:00,37.110000000000000000,ug.m-3,44.4264,26.1406
2022-08-19 21:00:00,2022-08-19 22:00:00,37.350000000000000000,ug.m-3,44.4264,26.1406
2022-08-19 22:00:00,2022-08-19 23:00:00,39.050000000000000000,ug.m-3,44.4264,26.1406
2022-08-19 23:00:00,2022-08-20 00:00:00,34.600000000000000000,ug.m-3,44.4264,26.1406
2022-08-20 00:00:00,2022-08-20 01:00:00,36.570000000000000000,ug.m-3,44.4264,26.1406
2022-08-20 01:00:00,2022-08-20 02:00:00,37.450000000000000000,ug.m-3,44.4264,26.1406
2022-08-20 02:00:00,2022-08-20 03:00:00,34.960000000000000000,ug.m-3,44.4264,26.1406
2022-08-20 03:00:00,2022-08-20 04:00:00,28.720000000000000000,ug.m-3,44.4264,26.1406
2022-08-20 04:00:00,2022-08-20 05:00:00,25.930000000000000000,ug.m-3,44.4264,26.1406
2022-08-20 05:00:00,2022-08-20 06:00:00,26.760000000000000000,ug.m-3,44.4264,26.1406
2022-08-20 06:00:00,2022-08-20 07:00:00,29.400000000000000000,ug.m-3,44.4264,26.1406
2022-08-20 07:00:00,2022-08-20 08:00:00,28.730000000000000000,ug.m-3,44.4264,26.1406
2022-08-20 08:00:00,2022-08-20 09:00:00,30.870000000000000000,ug.m-3,44.4264,26.1406
2022-08-20 09:00:00,2022-08-20 10:00:00,37.160000000000000000,ug.m-3,44.4264,26.1406
2022-08-20 10:00:00,2022-08-20 11:00:00,34.880000000000000000,ug.m-3,44.4264,26.1406
2022-08-20 11:00:00,2022-08-20 12:00:00,31.200000000000000000,ug.m-3,44.4264,26.1406
2022-08-20 12:00:00,2022-08-20 13:00:00,33.370000000000000000,ug.m-3,44.4264,26.1406
2022-08-20 13:00:00,2022-08-20 14:00:00,35.490000000000000000,ug.m-3,44.4264,26.1406
2022-08-20 14:00:00,2022-08-20 15:00:00,31.750000000000000000,ug.m-3,44.4264,26.1406
2022-08-20 15:00:00,2022-08-20 16:00:00,28.120000000000000000,ug.m-3,44.4264,26.1406
2022-08-20 16:00:00,2022-08-20 17:00:00,29.360000000000000000,ug.m-3,44.4264,26.1406
2022-08-20 17:00:00,2022-08-20 18:00:00,30.130000000000000000,ug.m-3,44.4264,26.1406
2022-08-20 18:00:00,2022-08-20 19:00:00,31.330000000000000000,ug.m-3,44.4264,26.1406
2022-08-20 19:00:00,2022-08-20 20:00:00,32.520000000000000000,ug.m-3,44.4264,26.1406
2022-08-20 20:00:00,2022-08-20 21:00:00,38.510000000000000000,ug.m-3,44.4264,26.1406
2022-08-20 21:00:00,2022-08-20 22:00:00,39.980000000000000000,ug.m-3,44.4264,26.1406
2022-08-20 22:00:00,2022-08-20 23:00:00,38.950000000000000000,ug.m-3,44.4264,26.1406
2022-08-20 23:00:00,2022-08-21 00:00:00,30.910000000000000000,ug.m-3,44.4264,26.1406
2022-08-21 00:00:00,2022-08-21 01:00:00,27.140000000000000000,ug.m-3,44.4264,26.1406
2022-08-21 01:00:00,2022-08-21 02:00:00,23.160000000000000000,ug.m-3,44.4264,26.1406
2022-08-21 02:00:00,2022-08-21 03:00:00,24.320000000000000000,ug.m-3,44.4264,26.1406
2022-08-21 03:00:00,2022-08-21 04:00:00,25.430000000000000000,ug.m-3,44.4264,26.1406
2022-08-21 04:00:00,2022-08-21 05:00:00,27.680000000000000000,ug.m-3,44.4264,26.1406
2022-08-21 05:00:00,2022-08-21 06:00:00,28.930000000000000000,ug.m-3,44.4264,26.1406
2022-08-21 06:00:00,2022-08-21 07:00:00,30.280000000000000000,ug.m-3,44.4264,26.1406
2022-08-21 07:00:00,2022-08-21 08:00:00,30.230000000000000000,ug.m-3,44.4264,26.1406
2022-08-21 08:00:00,2022-08-21 09:00:00,23.710000000000000000,ug.m-3,44.4264,26.1406
2022-08-21 09:00:00,2022-08-21 10:00:00,23.890000000000000000,ug.m-3,44.4264,26.1406
2022-08-21 10:00:00,2022-08-21 11:00:00,26.270000000000000000,ug.m-3,44.4264,26.1406
2022-08-21 11:00:00,2022-08-21 12:00:00,28.080000000000000000,ug.m-3,44.4264,26.1406
2022-08-21 12:00:00,2022-08-21 13:00:00,27.490000000000000000,ug.m-3,44.4264,26.1406
2022-08-21 13:00:00,2022-08-21 14:00:00,27.410000000000000000,ug.m-3,44.4264,26.1406
2022-08-21 14:00:00,2022-08-21 15:00:00,23.420000000000000000,ug.m-3,44.4264,26.1406
2022-08-21 15:00:00,2022-08-21 16:00:00,27.440000000000000000,ug.m-3,44.4264,26.1406
2022-08-21 16:00:00,2022-08-21 17:00:00,26.370000000000000000,ug.m-3,44.4264,26.1406
2022-08-21 17:00:00,2022-08-21 18:00:00,26.960000000000000000,ug.m-3,44.4264,26.1406
2022-08-21 18:00:00,2022-08-21 19:00:00,24.230000000000000000,ug.m-3,44.4264,26.1406
2022-08-21 19:00:00,2022-08-21 20:00:00,52.540000000000000000,ug.m-3,44.4264,26.1406
2022-08-21 20:00:00,2022-08-21 21:00:00,31.830000000000000000,ug.m-3,44.4264,26.1406
2022-08-21 21:00:00,2022-08-21 22:00:00,25.930000000000000000,ug.m-3,44.4264,26.1406
2022-08-21 22:00:00,2022-08-21 23:00:00,22.390000000000000000,ug.m-3,44.4264,26.1406
2022-08-21 23:00:00,2022-08-22 00:00:00,19.430000000000000000,ug.m-3,44.4264,26.1406
2022-08-22 00:00:00,2022-08-22 01:00:00,18.120000000000000000,ug.m-3,44.4264,26.1406
2022-08-22 01:00:00,2022-08-22 02:00:00,17.960000000000000000,ug.m-3,44.4264,26.1406
2022-08-22 02:00:00,2022-08-22 03:00:00,18.070000000000000000,ug.m-3,44.4264,26.1406
2022-08-22 03:00:00,2022-08-22 04:00:00,16.100000000000000000,ug.m-3,44.4264,26.1406
2022-08-22 04:00:00,2022-08-22 05:00:00,15.380000000000000000,ug.m-3,44.4264,26.1406
2022-08-22 05:00:00,2022-08-22 06:00:00,13.820000000000000000,ug.m-3,44.4264,26.1406
2022-08-22 06:00:00,2022-08-22 07:00:00,17.180000000000000000,ug.m-3,44.4264,26.1406
2022-08-22 07:00:00,2022-08-22 08:00:00,25.630000000000000000,ug.m-3,44.4264,26.1406
2022-08-22 08:00:00,2022-08-22 09:00:00,31.620000000000000000,ug.m-3,44.4264,26.1406
2022-08-22 09:00:00,2022-08-22 10:00:00,33.560000000000000000,ug.m-3,44.4264,26.1406
2022-08-22 10:00:00,2022-08-22 11:00:00,34.050000000000000000,ug.m-3,44.4264,26.1406
2022-08-22 11:00:00,2022-08-22 12:00:00,31.990000000000000000,ug.m-3,44.4264,26.1406
2022-08-22 12:00:00,2022-08-22 13:00:00,27.640000000000000000,ug.m-3,44.4264,26.1406
2022-08-22 13:00:00,2022-08-22 14:00:00,28.630000000000000000,ug.m-3,44.4264,26.1406
2022-08-22 14:00:00,2022-08-22 15:00:00,27.060000000000000000,ug.m-3,44.4264,26.1406
2022-08-22 15:00:00,2022-08-22 16:00:00,28.620000000000000000,ug.m-3,44.4264,26.1406
2022-08-22 16:00:00,2022-08-22 17:00:00,23.700000000000000000,ug.m-3,44.4264,26.1406
2022-08-22 17:00:00,2022-08-22 18:00:00,15.850000000000000000,ug.m-3,44.4264,26.1406
2022-08-22 18:00:00,2022-08-22 19:00:00,16.450000000000000000,ug.m-3,44.4264,26.1406
2022-08-22 19:00:00,2022-08-22 20:00:00,21.440000000000000000,ug.m-3,44.4264,26.1406
2022-08-22 20:00:00,2022-08-22 21:00:00,15.180000000000000000,ug.m-3,44.4264,26.1406
2022-08-22 21:00:00,2022-08-22 22:00:00,13.070000000000000000,ug.m-3,44.4264,26.1406
2022-08-22 22:00:00,2022-08-22 23:00:00,17.150000000000000000,ug.m-3,44.4264,26.1406
2022-08-22 23:00:00,2022-08-23 00:00:00,19.420000000000000000,ug.m-3,44.4264,26.1406
2022-08-23 00:00:00,2022-08-23 01:00:00,18.120000000000000000,ug.m-3,44.4264,26.1406
2022-08-23 01:00:00,2022-08-23 02:00:00,17.450000000000000000,ug.m-3,44.4264,26.1406
2022-08-23 02:00:00,2022-08-23 03:00:00,22.760000000000000000,ug.m-3,44.4264,26.1406
2022-08-23 03:00:00,2022-08-23 04:00:00,30.920000000000000000,ug.m-3,44.4264,26.1406
2022-08-23 04:00:00,2022-08-23 05:00:00,21.460000000000000000,ug.m-3,44.4264,26.1406
2022-08-23 05:00:00,2022-08-23 06:00:00,19.970000000000000000,ug.m-3,44.4264,26.1406
2022-08-23 06:00:00,2022-08-23 07:00:00,25.480000000000000000,ug.m-3,44.4264,26.1406
2022-08-23 07:00:00,2022-08-23 08:00:00,25.080000000000000000,ug.m-3,44.4264,26.1406
2022-08-23 08:00:00,2022-08-23 09:00:00,28.860000000000000000,ug.m-3,44.4264,26.1406
2022-08-23 09:00:00,2022-08-23 10:00:00,32.110000000000000000,ug.m-3,44.4264,26.1406
2022-08-23 10:00:00,2022-08-23 11:00:00,33.530000000000000000,ug.m-3,44.4264,26.1406
2022-08-23 11:00:00,2022-08-23 12:00:00,34.440000000000000000,ug.m-3,44.4264,26.1406
2022-08-23 12:00:00,2022-08-23 13:00:00,41.460000000000000000,ug.m-3,44.4264,26.1406
2022-08-23 13:00:00,2022-08-23 14:00:00,38.130000000000000000,ug.m-3,44.4264,26.1406
2022-08-23 14:00:00,2022-08-23 15:00:00,38.990000000000000000,ug.m-3,44.4264,26.1406
2022-08-23 15:00:00,2022-08-23 16:00:00,37.640000000000000000,ug.m-3,44.4264,26.1406
2022-08-23 16:00:00,2022-08-23 17:00:00,38.280000000000000000,ug.m-3,44.4264,26.1406
2022-08-23 17:00:00,2022-08-23 18:00:00,36.930000000000000000,ug.m-3,44.4264,26.1406
2022-08-23 18:00:00,2022-08-23 19:00:00,34.090000000000000000,ug.m-3,44.4264,26.1406
2022-08-23 19:00:00,2022-08-23 20:00:00,29.560000000000000000,ug.m-3,44.4264,26.1406
2022-08-23 20:00:00,2022-08-23 21:00:00,9.030000000000000000,ug.m-3,44.4264,26.1406
2022-08-23 21:00:00,2022-08-23 22:00:00,6.590000000000000000,ug.m-3,44.4264,26.1406
2022-08-23 22:00:00,2022-08-23 23:00:00,8.350000000000000000,ug.m-3,44.4264,26.1406
2022-08-23 23:00:00,2022-08-24 00:00:00,5.830000000000000000,ug.m-3,44.4264,26.1406
2022-08-24 00:00:00,2022-08-24 01:00:00,9.200000000000000000,ug.m-3,44.4264,26.1406
2022-08-24 01:00:00,2022-08-24 02:00:00,8.420000000000000000,ug.m-3,44.4264,26.1406
2022-08-24 02:00:00,2022-08-24 03:00:00,5.730000000000000000,ug.m-3,44.4264,26.1406
2022-08-24 03:00:00,2022-08-24 04:00:00,8.060000000000000000,ug.m-3,44.4264,26.1406
2022-08-24 04:00:00,2022-08-24 05:00:00,14.390000000000000000,ug.m-3,44.4264,26.1406
2022-08-24 05:00:00,2022-08-24 06:00:00,13.950000000000000000,ug.m-3,44.4264,26.1406
2022-08-24 06:00:00,2022-08-24 07:00:00,9.930000000000000000,ug.m-3,44.4264,26.1406
2022-08-24 07:00:00,2022-08-24 08:00:00,11.660000000000000000,ug.m-3,44.4264,26.1406
2022-08-24 08:00:00,2022-08-24 09:00:00,12.470000000000000000,ug.m-3,44.4264,26.1406
2022-08-24 09:00:00,2022-08-24 10:00:00,13.240000000000000000,ug.m-3,44.4264,26.1406
2022-08-24 10:00:00,2022-08-24 11:00:00,27.910000000000000000,ug.m-3,44.4264,26.1406
2022-08-24 11:00:00,2022-08-24 12:00:00,45.700000000000000000,ug.m-3,44.4264,26.1406
2022-08-24 12:00:00,2022-08-24 13:00:00,52.250000000000000000,ug.m-3,44.4264,26.1406
2022-08-24 13:00:00,2022-08-24 14:00:00,57.250000000000000000,ug.m-3,44.4264,26.1406
2022-08-24 14:00:00,2022-08-24 15:00:00,65.990000000000000000,ug.m-3,44.4264,26.1406
2022-08-24 15:00:00,2022-08-24 16:00:00,60.090000000000000000,ug.m-3,44.4264,26.1406
2022-08-24 16:00:00,2022-08-24 17:00:00,60.900000000000000000,ug.m-3,44.4264,26.1406
2022-08-24 17:00:00,2022-08-24 18:00:00,61.060000000000000000,ug.m-3,44.4264,26.1406
2022-08-24 18:00:00,2022-08-24 19:00:00,57.160000000000000000,ug.m-3,44.4264,26.1406
2022-08-24 19:00:00,2022-08-24 20:00:00,55.610000000000000000,ug.m-3,44.4264,26.1406
2022-08-24 20:00:00,2022-08-24 21:00:00,55.770000000000000000,ug.m-3,44.4264,26.1406
2022-08-24 21:00:00,2022-08-24 22:00:00,50.190000000000000000,ug.m-3,44.4264,26.1406
2022-08-24 22:00:00,2022-08-24 23:00:00,47.650000000000000000,ug.m-3,44.4264,26.1406
2022-08-24 23:00:00,2022-08-25 00:00:00,50.270000000000000000,ug.m-3,44.4264,26.1406
2022-08-25 00:00:00,2022-08-25 01:00:00,57.730000000000000000,ug.m-3,44.4264,26.1406
2022-08-25 01:00:00,2022-08-25 02:00:00,53.590000000000000000,ug.m-3,44.4264,26.1406
2022-08-25 02:00:00,2022-08-25 03:00:00,53.980000000000000000,ug.m-3,44.4264,26.1406
2022-08-25 03:00:00,2022-08-25 04:00:00,52.850000000000000000,ug.m-3,44.4264,26.1406
2022-08-25 04:00:00,2022-08-25 05:00:00,57.300000000000000000,ug.m-3,44.4264,26.1406
2022-08-25 05:00:00,2022-08-25 06:00:00,71.780000000000000000,ug.m-3,44.4264,26.1406
2022-08-25 06:00:00,2022-08-25 07:00:00,78.570000000000000000,ug.m-3,44.4264,26.1406
2022-08-25 07:00:00,2022-08-25 08:00:00,78.370000000000000000,ug.m-3,44.4264,26.1406
2022-08-25 08:00:00,2022-08-25 09:00:00,81.620000000000000000,ug.m-3,44.4264,26.1406
2022-08-25 09:00:00,2022-08-25 10:00:00,71.210000000000000000,ug.m-3,44.4264,26.1406
2022-08-25 10:00:00,2022-08-25 11:00:00,57.630000000000000000,ug.m-3,44.4264,26.1406
2022-08-25 11:00:00,2022-08-25 12:00:00,57.190000000000000000,ug.m-3,44.4264,26.1406
2022-08-25 12:00:00,2022-08-25 13:00:00,66.180000000000000000,ug.m-3,44.4264,26.1406
2022-08-25 13:00:00,2022-08-25 14:00:00,78.660000000000000000,ug.m-3,44.4264,26.1406
2022-08-25 14:00:00,2022-08-25 15:00:00,90.980000000000000000,ug.m-3,44.4264,26.1406
2022-08-25 15:00:00,2022-08-25 16:00:00,86.540000000000000000,ug.m-3,44.4264,26.1406
2022-08-25 16:00:00,2022-08-25 17:00:00,81.500000000000000000,ug.m-3,44.4264,26.1406
2022-08-25 17:00:00,2022-08-25 18:00:00,86.080000000000000000,ug.m-3,44.4264,26.1406
2022-08-25 18:00:00,2022-08-25 19:00:00,77.990000000000000000,ug.m-3,44.4264,26.1406
2022-08-25 19:00:00,2022-08-25 20:00:00,69.460000000000000000,ug.m-3,44.4264,26.1406
2022-08-25 20:00:00,2022-08-25 21:00:00,61.040000000000000000,ug.m-3,44.4264,26.1406
2022-08-25 21:00:00,2022-08-25 22:00:00,62.020000000000000000,ug.m-3,44.4264,26.1406
2022-08-25 22:00:00,2022-08-25 23:00:00,59.810000000000000000,ug.m-3,44.4264,26.1406
2022-08-25 23:00:00,2022-08-26 00:00:00,54.870000000000000000,ug.m-3,44.4264,26.1406
2022-08-26 00:00:00,2022-08-26 01:00:00,48.600000000000000000,ug.m-3,44.4264,26.1406
2022-08-26 01:00:00,2022-08-26 02:00:00,43.220000000000000000,ug.m-3,44.4264,26.1406
2022-08-26 02:00:00,2022-08-26 03:00:00,37.900000000000000000,ug.m-3,44.4264,26.1406
2022-08-26 03:00:00,2022-08-26 04:00:00,36.070000000000000000,ug.m-3,44.4264,26.1406
2022-08-26 04:00:00,2022-08-26 05:00:00,29.010000000000000000,ug.m-3,44.4264,26.1406
2022-08-26 05:00:00,2022-08-26 06:00:00,24.060000000000000000,ug.m-3,44.4264,26.1406
2022-08-26 06:00:00,2022-08-26 07:00:00,22.520000000000000000,ug.m-3,44.4264,26.1406
2022-08-26 07:00:00,2022-08-26 08:00:00,23.310000000000000000,ug.m-3,44.4264,26.1406
2022-08-26 08:00:00,2022-08-26 09:00:00,28.710000000000000000,ug.m-3,44.4264,26.1406
2022-08-26 09:00:00,2022-08-26 10:00:00,27.640000000000000000,ug.m-3,44.4264,26.1406
2022-08-26 10:00:00,2022-08-26 11:00:00,34.600000000000000000,ug.m-3,44.4264,26.1406
2022-08-26 11:00:00,2022-08-26 12:00:00,37.520000000000000000,ug.m-3,44.4264,26.1406
2022-08-26 12:00:00,2022-08-26 13:00:00,37.720000000000000000,ug.m-3,44.4264,26.1406
2022-08-26 13:00:00,2022-08-26 14:00:00,51.230000000000000000,ug.m-3,44.4264,26.1406
2022-08-26 14:00:00,2022-08-26 15:00:00,59.990000000000000000,ug.m-3,44.4264,26.1406
2022-08-26 15:00:00,2022-08-26 16:00:00,58.530000000000000000,ug.m-3,44.4264,26.1406
2022-08-26 16:00:00,2022-08-26 17:00:00,64.170000000000000000,ug.m-3,44.4264,26.1406
2022-08-26 17:00:00,2022-08-26 18:00:00,61.720000000000000000,ug.m-3,44.4264,26.1406
2022-08-26 18:00:00,2022-08-26 19:00:00,59.720000000000000000,ug.m-3,44.4264,26.1406
2022-08-26 19:00:00,2022-08-26 20:00:00,68.890000000000000000,ug.m-3,44.4264,26.1406
2022-08-26 20:00:00,2022-08-26 21:00:00,75.020000000000000000,ug.m-3,44.4264,26.1406
2022-08-26 21:00:00,2022-08-26 22:00:00,82.170000000000000000,ug.m-3,44.4264,26.1406
2022-08-26 22:00:00,2022-08-26 23:00:00,74.590000000000000000,ug.m-3,44.4264,26.1406
2022-08-26 23:00:00,2022-08-27 00:00:00,68.610000000000000000,ug.m-3,44.4264,26.1406
2022-08-27 00:00:00,2022-08-27 01:00:00,67.220000000000000000,ug.m-3,44.4264,26.1406
2022-08-27 01:00:00,2022-08-27 02:00:00,62.660000000000000000,ug.m-3,44.4264,26.1406
2022-08-27 02:00:00,2022-08-27 03:00:00,56.380000000000000000,ug.m-3,44.4264,26.1406
2022-08-27 03:00:00,2022-08-27 04:00:00,58.480000000000000000,ug.m-3,44.4264,26.1406
2022-08-27 04:00:00,2022-08-27 05:00:00,53.880000000000000000,ug.m-3,44.4264,26.1406
2022-08-27 05:00:00,2022-08-27 06:00:00,50.590000000000000000,ug.m-3,44.4264,26.1406
2022-08-27 06:00:00,2022-08-27 07:00:00,55.680000000000000000,ug.m-3,44.4264,26.1406
2022-08-27 07:00:00,2022-08-27 08:00:00,62.310000000000000000,ug.m-3,44.4264,26.1406
2022-08-27 08:00:00,2022-08-27 09:00:00,68.880000000000000000,ug.m-3,44.4264,26.1406
2022-08-27 09:00:00,2022-08-27 10:00:00,78.140000000000000000,ug.m-3,44.4264,26.1406
2022-08-27 10:00:00,2022-08-27 11:00:00,84.630000000000000000,ug.m-3,44.4264,26.1406
2022-08-27 11:00:00,2022-08-27 12:00:00,84.160000000000000000,ug.m-3,44.4264,26.1406
2022-08-27 12:00:00,2022-08-27 13:00:00,78.640000000000000000,ug.m-3,44.4264,26.1406
2022-08-27 13:00:00,2022-08-27 14:00:00,91.460000000000000000,ug.m-3,44.4264,26.1406
2022-08-27 14:00:00,2022-08-27 15:00:00,101.690000000000000000,ug.m-3,44.4264,26.1406
2022-08-27 15:00:00,2022-08-27 16:00:00,104.270000000000000000,ug.m-3,44.4264,26.1406
2022-08-27 16:00:00,2022-08-27 17:00:00,94.220000000000000000,ug.m-3,44.4264,26.1406
2022-08-27 17:00:00,2022-08-27 18:00:00,93.760000000000000000,ug.m-3,44.4264,26.1406
2022-08-27 18:00:00,2022-08-27 19:00:00,88.380000000000000000,ug.m-3,44.4264,26.1406
2022-08-27 19:00:00,2022-08-27 20:00:00,66.140000000000000000,ug.m-3,44.4264,26.1406
2022-08-27 20:00:00,2022-08-27 21:00:00,68.610000000000000000,ug.m-3,44.4264,26.1406
2022-08-27 21:00:00,2022-08-27 22:00:00,71.610000000000000000,ug.m-3,44.4264,26.1406
2022-08-27 22:00:00,2022-08-27 23:00:00,74.430000000000000000,ug.m-3,44.4264,26.1406
2022-08-27 23:00:00,2022-08-28 00:00:00,83.190000000000000000,ug.m-3,44.4264,26.1406
2022-08-28 00:00:00,2022-08-28 01:00:00,77.760000000000000000,ug.m-3,44.4264,26.1406
2022-08-28 01:00:00,2022-08-28 02:00:00,67.280000000000000000,ug.m-3,44.4264,26.1406
2022-08-28 02:00:00,2022-08-28 03:00:00,70.140000000000000000,ug.m-3,44.4264,26.1406
2022-08-28 03:00:00,2022-08-28 04:00:00,66.030000000000000000,ug.m-3,44.4264,26.1406
2022-08-28 04:00:00,2022-08-28 05:00:00,63.100000000000000000,ug.m-3,44.4264,26.1406
2022-08-28 05:00:00,2022-08-28 06:00:00,57.250000000000000000,ug.m-3,44.4264,26.1406
2022-08-28 06:00:00,2022-08-28 07:00:00,56.520000000000000000,ug.m-3,44.4264,26.1406
2022-08-28 07:00:00,2022-08-28 08:00:00,56.870000000000000000,ug.m-3,44.4264,26.1406
2022-08-28 08:00:00,2022-08-28 09:00:00,57.610000000000000000,ug.m-3,44.4264,26.1406
2022-08-28 09:00:00,2022-08-28 10:00:00,72.220000000000000000,ug.m-3,44.4264,26.1406
2022-08-28 10:00:00,2022-08-28 11:00:00,76.750000000000000000,ug.m-3,44.4264,26.1406
2022-08-28 11:00:00,2022-08-28 12:00:00,61.420000000000000000,ug.m-3,44.4264,26.1406
2022-08-28 12:00:00,2022-08-28 13:00:00,49.090000000000000000,ug.m-3,44.4264,26.1406
2022-08-28 13:00:00,2022-08-28 14:00:00,45.080000000000000000,ug.m-3,44.4264,26.1406
2022-08-28 14:00:00,2022-08-28 15:00:00,42.990000000000000000,ug.m-3,44.4264,26.1406
2022-08-28 15:00:00,2022-08-28 16:00:00,34.250000000000000000,ug.m-3,44.4264,26.1406
2022-08-28 16:00:00,2022-08-28 17:00:00,34.550000000000000000,ug.m-3,44.4264,26.1406
2022-08-28 17:00:00,2022-08-28 18:00:00,42.020000000000000000,ug.m-3,44.4264,26.1406
2022-08-28 18:00:00,2022-08-28 19:00:00,44.450000000000000000,ug.m-3,44.4264,26.1406
2022-08-28 19:00:00,2022-08-28 20:00:00,40.870000000000000000,ug.m-3,44.4264,26.1406
2022-08-28 20:00:00,2022-08-28 21:00:00,50.270000000000000000,ug.m-3,44.4264,26.1406
2022-08-28 21:00:00,2022-08-28 22:00:00,56.540000000000000000,ug.m-3,44.4264,26.1406
2022-08-28 22:00:00,2022-08-28 23:00:00,51.430000000000000000,ug.m-3,44.4264,26.1406
2022-08-28 23:00:00,2022-08-29 00:00:00,49.280000000000000000,ug.m-3,44.4264,26.1406
2022-08-29 00:00:00,2022-08-29 01:00:00,44.290000000000000000,ug.m-3,44.4264,26.1406
2022-08-29 01:00:00,2022-08-29 02:00:00,35.810000000000000000,ug.m-3,44.4264,26.1406
2022-08-29 02:00:00,2022-08-29 03:00:00,29.890000000000000000,ug.m-3,44.4264,26.1406
2022-08-29 03:00:00,2022-08-29 04:00:00,30.040000000000000000,ug.m-3,44.4264,26.1406
2022-08-29 04:00:00,2022-08-29 05:00:00,30.020000000000000000,ug.m-3,44.4264,26.1406
2022-08-29 05:00:00,2022-08-29 06:00:00,28.840000000000000000,ug.m-3,44.4264,26.1406
2022-08-29 06:00:00,2022-08-29 07:00:00,30.210000000000000000,ug.m-3,44.4264,26.1406
2022-08-29 07:00:00,2022-08-29 08:00:00,32.540000000000000000,ug.m-3,44.4264,26.1406
2022-08-29 08:00:00,2022-08-29 09:00:00,34.830000000000000000,ug.m-3,44.4264,26.1406
2022-08-29 09:00:00,2022-08-29 10:00:00,38.620000000000000000,ug.m-3,44.4264,26.1406
2022-08-29 10:00:00,2022-08-29 11:00:00,40.400000000000000000,ug.m-3,44.4264,26.1406
2022-08-29 11:00:00,2022-08-29 12:00:00,44.510000000000000000,ug.m-3,44.4264,26.1406
2022-08-29 12:00:00,2022-08-29 13:00:00,42.440000000000000000,ug.m-3,44.4264,26.1406
2022-08-29 13:00:00,2022-08-29 14:00:00,36.370000000000000000,ug.m-3,44.4264,26.1406
2022-08-29 14:00:00,2022-08-29 15:00:00,40.730000000000000000,ug.m-3,44.4264,26.1406
2022-08-29 15:00:00,2022-08-29 16:00:00,43.930000000000000000,ug.m-3,44.4264,26.1406
2022-08-29 16:00:00,2022-08-29 17:00:00,41.950000000000000000,ug.m-3,44.4264,26.1406
2022-08-29 17:00:00,2022-08-29 18:00:00,39.540000000000000000,ug.m-3,44.4264,26.1406
2022-08-29 18:00:00,2022-08-29 19:00:00,43.350000000000000000,ug.m-3,44.4264,26.1406
2022-08-29 19:00:00,2022-08-29 20:00:00,47.450000000000000000,ug.m-3,44.4264,26.1406
2022-08-29 20:00:00,2022-08-29 21:00:00,58.280000000000000000,ug.m-3,44.4264,26.1406
2022-08-29 21:00:00,2022-08-29 22:00:00,51.990000000000000000,ug.m-3,44.4264,26.1406
2022-08-29 22:00:00,2022-08-29 23:00:00,54.400000000000000000,ug.m-3,44.4264,26.1406
2022-08-29 23:00:00,2022-08-30 00:00:00,49.860000000000000000,ug.m-3,44.4264,26.1406
2022-08-30 00:00:00,2022-08-30 01:00:00,45.640000000000000000,ug.m-3,44.4264,26.1406
2022-08-30 01:00:00,2022-08-30 02:00:00,39.570000000000000000,ug.m-3,44.4264,26.1406
2022-08-30 02:00:00,2022-08-30 03:00:00,39.050000000000000000,ug.m-3,44.4264,26.1406
2022-08-30 03:00:00,2022-08-30 04:00:00,41.670000000000000000,ug.m-3,44.4264,26.1406
2022-08-30 04:00:00,2022-08-30 05:00:00,41.100000000000000000,ug.m-3,44.4264,26.1406
2022-08-30 05:00:00,2022-08-30 06:00:00,47.570000000000000000,ug.m-3,44.4264,26.1406
2022-08-30 06:00:00,2022-08-30 07:00:00,48.600000000000000000,ug.m-3,44.4264,26.1406
2022-08-30 07:00:00,2022-08-30 08:00:00,40.040000000000000000,ug.m-3,44.4264,26.1406
2022-08-30 08:00:00,2022-08-30 09:00:00,36.460000000000000000,ug.m-3,44.4264,26.1406
2022-08-30 09:00:00,2022-08-30 10:00:00,38.130000000000000000,ug.m-3,44.4264,26.1406
2022-08-30 10:00:00,2022-08-30 11:00:00,43.930000000000000000,ug.m-3,44.4264,26.1406
2022-08-30 11:00:00,2022-08-30 12:00:00,46.240000000000000000,ug.m-3,44.4264,26.1406
2022-08-30 12:00:00,2022-08-30 13:00:00,46.400000000000000000,ug.m-3,44.4264,26.1406
2022-08-30 13:00:00,2022-08-30 14:00:00,44.290000000000000000,ug.m-3,44.4264,26.1406
2022-08-30 14:00:00,2022-08-30 15:00:00,47.550000000000000000,ug.m-3,44.4264,26.1406
2022-08-30 15:00:00,2022-08-30 16:00:00,48.210000000000000000,ug.m-3,44.4264,26.1406
2022-08-30 16:00:00,2022-08-30 17:00:00,43.830000000000000000,ug.m-3,44.4264,26.1406
2022-08-30 17:00:00,2022-08-30 18:00:00,40.970000000000000000,ug.m-3,44.4264,26.1406
2022-08-30 18:00:00,2022-08-30 19:00:00,36.440000000000000000,ug.m-3,44.4264,26.1406
2022-08-30 19:00:00,2022-08-30 20:00:00,35.390000000000000000,ug.m-3,44.4264,26.1406
2022-08-30 20:00:00,2022-08-30 21:00:00,26.040000000000000000,ug.m-3,44.4264,26.1406
2022-08-30 21:00:00,2022-08-30 22:00:00,22.870000000000000000,ug.m-3,44.4264,26.1406
2022-08-30 22:00:00,2022-08-30 23:00:00,15.870000000000000000,ug.m-3,44.4264,26.1406
2022-08-30 23:00:00,2022-08-31 00:00:00,17.460000000000000000,ug.m-3,44.4264,26.1406
2022-08-31 00:00:00,2022-08-31 01:00:00,15.720000000000000000,ug.m-3,44.4264,26.1406
2022-08-31 01:00:00,2022-08-31 02:00:00,15.700000000000000000,ug.m-3,44.4264,26.1406
2022-08-31 02:00:00,2022-08-31 03:00:00,16.810000000000000000,ug.m-3,44.4264,26.1406
2022-08-31 03:00:00,2022-08-31 04:00:00,18.260000000000000000,ug.m-3,44.4264,26.1406
2022-08-31 04:00:00,2022-08-31 05:00:00,18.370000000000000000,ug.m-3,44.4264,26.1406
2022-08-31 05:00:00,2022-08-31 06:00:00,18.820000000000000000,ug.m-3,44.4264,26.1406
2022-08-31 06:00:00,2022-08-31 07:00:00,21.720000000000000000,ug.m-3,44.4264,26.1406
2022-08-31 07:00:00,2022-08-31 08:00:00,24.180000000000000000,ug.m-3,44.4264,26.1406
2022-08-31 08:00:00,2022-08-31 09:00:00,23.430000000000000000,ug.m-3,44.4264,26.1406
2022-08-31 09:00:00,2022-08-31 10:00:00,23.520000000000000000,ug.m-3,44.4264,26.1406
2022-08-31 10:00:00,2022-08-31 11:00:00,23.160000000000000000,ug.m-3,44.4264,26.1406
2022-08-31 11:00:00,2022-08-31 12:00:00,22.230000000000000000,ug.m-3,44.4264,26.1406
2022-08-31 12:00:00,2022-08-31 13:00:00,21.830000000000000000,ug.m-3,44.4264,26.1406
2022-08-31 13:00:00,2022-08-31 14:00:00,21.780000000000000000,ug.m-3,44.4264,26.1406
2022-08-31 14:00:00,2022-08-31 15:00:00,22.990000000000000000,ug.m-3,44.4264,26.1406
2022-08-31 15:00:00,2022-08-31 16:00:00,25.550000000000000000,ug.m-3,44.4264,26.1406
2022-08-31 16:00:00,2022-08-31 17:00:00,28.910000000000000000,ug.m-3,44.4264,26.1406
2022-08-31 17:00:00,2022-08-31 18:00:00,26.090000000000000000,ug.m-3,44.4264,26.1406
2022-08-31 18:00:00,2022-08-31 19:00:00,22.130000000000000000,ug.m-3,44.4264,26.1406
2022-08-31 19:00:00,2022-08-31 20:00:00,25.110000000000000000,ug.m-3,44.4264,26.1406
2022-08-31 20:00:00,2022-08-31 21:00:00,21.530000000000000000,ug.m-3,44.4264,26.1406
2022-08-31 21:00:00,2022-08-31 22:00:00,16.800000000000000000,ug.m-3,44.4264,26.1406
2022-08-31 22:00:00,2022-08-31 23:00:00,15.760000000000000000,ug.m-3,44.4264,26.1406
2022-08-31 23:00:00,2022-09-01 00:00:00,15.730000000000000000,ug.m-3,44.4264,26.1406
2022-09-01 00:00:00,2022-09-01 01:00:00,14.940000000000000000,ug.m-3,44.4264,26.1406
2022-09-01 01:00:00,2022-09-01 02:00:00,15.460000000000000000,ug.m-3,44.4264,26.1406
2022-09-01 02:00:00,2022-09-01 03:00:00,13.850000000000000000,ug.m-3,44.4264,26.1406
2022-09-01 03:00:00,2022-09-01 04:00:00,14.700000000000000000,ug.m-3,44.4264,26.1406
2022-09-01 04:00:00,2022-09-01 05:00:00,12.460000000000000000,ug.m-3,44.4264,26.1406
2022-09-01 05:00:00,2022-09-01 06:00:00,15.240000000000000000,ug.m-3,44.4264,26.1406
2022-09-01 06:00:00,2022-09-01 07:00:00,17.580000000000000000,ug.m-3,44.4264,26.1406
2022-09-01 07:00:00,2022-09-01 08:00:00,20.640000000000000000,ug.m-3,44.4264,26.1406
2022-09-01 08:00:00,2022-09-01 09:00:00,22.650000000000000000,ug.m-3,44.4264,26.1406
2022-09-01 09:00:00,2022-09-01 10:00:00,19.820000000000000000,ug.m-3,44.4264,26.1406
2022-09-01 10:00:00,2022-09-01 11:00:00,17.160000000000000000,ug.m-3,44.4264,26.1406
2022-09-01 11:00:00,2022-09-01 12:00:00,18.710000000000000000,ug.m-3,44.4264,26.1406
2022-09-01 12:00:00,2022-09-01 13:00:00,17.760000000000000000,ug.m-3,44.4264,26.1406
2022-09-01 13:00:00,2022-09-01 14:00:00,21.010000000000000000,ug.m-3,44.4264,26.1406
2022-09-01 14:00:00,2022-09-01 15:00:00,19.890000000000000000,ug.m-3,44.4264,26.1406
2022-09-01 15:00:00,2022-09-01 16:00:00,18.060000000000000000,ug.m-3,44.4264,26.1406
2022-09-01 16:00:00,2022-09-01 17:00:00,22.260000000000000000,ug.m-3,44.4264,26.1406
2022-09-01 17:00:00,2022-09-01 18:00:00,20.390000000000000000,ug.m-3,44.4264,26.1406
2022-09-01 18:00:00,2022-09-01 19:00:00,21.110000000000000000,ug.m-3,44.4264,26.1406
2022-09-01 19:00:00,2022-09-01 20:00:00,20.300000000000000000,ug.m-3,44.4264,26.1406
2022-09-01 20:00:00,2022-09-01 21:00:00,20.030000000000000000,ug.m-3,44.4264,26.1406
2022-09-01 21:00:00,2022-09-01 22:00:00,22.340000000000000000,ug.m-3,44.4264,26.1406
2022-09-01 22:00:00,2022-09-01 23:00:00,21.330000000000000000,ug.m-3,44.4264,26.1406
2022-09-01 23:00:00,2022-09-02 00:00:00,17.360000000000000000,ug.m-3,44.4264,26.1406
2022-09-02 00:00:00,2022-09-02 01:00:00,20.070000000000000000,ug.m-3,44.4264,26.1406
2022-09-02 01:00:00,2022-09-02 02:00:00,16.580000000000000000,ug.m-3,44.4264,26.1406
2022-09-02 02:00:00,2022-09-02 03:00:00,14.020000000000000000,ug.m-3,44.4264,26.1406
2022-09-02 03:00:00,2022-09-02 04:00:00,15.360000000000000000,ug.m-3,44.4264,26.1406
2022-09-02 04:00:00,2022-09-02 05:00:00,17.480000000000000000,ug.m-3,44.4264,26.1406
2022-09-02 05:00:00,2022-09-02 06:00:00,17.720000000000000000,ug.m-3,44.4264,26.1406
2022-09-02 06:00:00,2022-09-02 07:00:00,20.910000000000000000,ug.m-3,44.4264,26.1406
2022-09-02 07:00:00,2022-09-02 08:00:00,19.040000000000000000,ug.m-3,44.4264,26.1406
2022-09-02 08:00:00,2022-09-02 09:00:00,20.860000000000000000,ug.m-3,44.4264,26.1406
2022-09-02 09:00:00,2022-09-02 10:00:00,20.160000000000000000,ug.m-3,44.4264,26.1406
2022-09-02 10:00:00,2022-09-02 11:00:00,23.140000000000000000,ug.m-3,44.4264,26.1406
2022-09-02 11:00:00,2022-09-02 12:00:00,25.520000000000000000,ug.m-3,44.4264,26.1406
2022-09-02 12:00:00,2022-09-02 13:00:00,26.430000000000000000,ug.m-3,44.4264,26.1406
2022-09-02 13:00:00,2022-09-02 14:00:00,30.260000000000000000,ug.m-3,44.4264,26.1406
2022-09-02 14:00:00,2022-09-02 15:00:00,30.660000000000000000,ug.m-3,44.4264,26.1406
2022-09-02 15:00:00,2022-09-02 16:00:00,29.410000000000000000,ug.m-3,44.4264,26.1406
2022-09-02 16:00:00,2022-09-02 17:00:00,30.080000000000000000,ug.m-3,44.4264,26.1406
2022-09-02 17:00:00,2022-09-02 18:00:00,23.390000000000000000,ug.m-3,44.4264,26.1406
2022-09-02 18:00:00,2022-09-02 19:00:00,21.070000000000000000,ug.m-3,44.4264,26.1406
2022-09-02 19:00:00,2022-09-02 20:00:00,15.130000000000000000,ug.m-3,44.4264,26.1406
2022-09-02 20:00:00,2022-09-02 21:00:00,13.950000000000000000,ug.m-3,44.4264,26.1406
2022-09-02 21:00:00,2022-09-02 22:00:00,15.320000000000000000,ug.m-3,44.4264,26.1406
2022-09-02 22:00:00,2022-09-02 23:00:00,12.310000000000000000,ug.m-3,44.4264,26.1406
2022-09-02 23:00:00,2022-09-03 00:00:00,15.830000000000000000,ug.m-3,44.4264,26.1406
2022-09-03 00:00:00,2022-09-03 01:00:00,13.340000000000000000,ug.m-3,44.4264,26.1406
2022-09-03 01:00:00,2022-09-03 02:00:00,9.500000000000000000,ug.m-3,44.4264,26.1406
2022-09-03 02:00:00,2022-09-03 03:00:00,8.890000000000000000,ug.m-3,44.4264,26.1406
2022-09-03 03:00:00,2022-09-03 04:00:00,12.410000000000000000,ug.m-3,44.4264,26.1406
2022-09-03 04:00:00,2022-09-03 05:00:00,11.430000000000000000,ug.m-3,44.4264,26.1406
2022-09-03 05:00:00,2022-09-03 06:00:00,9.360000000000000000,ug.m-3,44.4264,26.1406
2022-09-03 06:00:00,2022-09-03 07:00:00,10.980000000000000000,ug.m-3,44.4264,26.1406
2022-09-03 07:00:00,2022-09-03 08:00:00,12.300000000000000000,ug.m-3,44.4264,26.1406
2022-09-03 08:00:00,2022-09-03 09:00:00,13.210000000000000000,ug.m-3,44.4264,26.1406
2022-09-03 09:00:00,2022-09-03 10:00:00,13.400000000000000000,ug.m-3,44.4264,26.1406
2022-09-03 10:00:00,2022-09-03 11:00:00,11.720000000000000000,ug.m-3,44.4264,26.1406
2022-09-03 11:00:00,2022-09-03 12:00:00,8.080000000000000000,ug.m-3,44.4264,26.1406
2022-09-03 12:00:00,2022-09-03 13:00:00,10.720000000000000000,ug.m-3,44.4264,26.1406
2022-09-03 13:00:00,2022-09-03 14:00:00,12.310000000000000000,ug.m-3,44.4264,26.1406
2022-09-03 14:00:00,2022-09-03 15:00:00,9.380000000000000000,ug.m-3,44.4264,26.1406
2022-09-03 15:00:00,2022-09-03 16:00:00,12.870000000000000000,ug.m-3,44.4264,26.1406
2022-09-03 16:00:00,2022-09-03 17:00:00,14.350000000000000000,ug.m-3,44.4264,26.1406
2022-09-03 17:00:00,2022-09-03 18:00:00,16.070000000000000000,ug.m-3,44.4264,26.1406
2022-09-03 18:00:00,2022-09-03 19:00:00,13.240000000000000000,ug.m-3,44.4264,26.1406
2022-09-03 19:00:00,2022-09-03 20:00:00,14.390000000000000000,ug.m-3,44.4264,26.1406
2022-09-03 20:00:00,2022-09-03 21:00:00,11.780000000000000000,ug.m-3,44.4264,26.1406
2022-09-03 21:00:00,2022-09-03 22:00:00,11.560000000000000000,ug.m-3,44.4264,26.1406
2022-09-03 22:00:00,2022-09-03 23:00:00,11.510000000000000000,ug.m-3,44.4264,26.1406
2022-09-03 23:00:00,2022-09-04 00:00:00,11.960000000000000000,ug.m-3,44.4264,26.1406
2022-09-04 00:00:00,2022-09-04 01:00:00,10.450000000000000000,ug.m-3,44.4264,26.1406
2022-09-04 01:00:00,2022-09-04 02:00:00,15.640000000000000000,ug.m-3,44.4264,26.1406
2022-09-04 02:00:00,2022-09-04 03:00:00,13.310000000000000000,ug.m-3,44.4264,26.1406
2022-09-04 03:00:00,2022-09-04 04:00:00,12.880000000000000000,ug.m-3,44.4264,26.1406
2022-09-04 04:00:00,2022-09-04 05:00:00,13.710000000000000000,ug.m-3,44.4264,26.1406
2022-09-04 05:00:00,2022-09-04 06:00:00,10.740000000000000000,ug.m-3,44.4264,26.1406
2022-09-04 06:00:00,2022-09-04 07:00:00,9.080000000000000000,ug.m-3,44.4264,26.1406
2022-09-04 07:00:00,2022-09-04 08:00:00,11.930000000000000000,ug.m-3,44.4264,26.1406
2022-09-04 08:00:00,2022-09-04 09:00:00,13.570000000000000000,ug.m-3,44.4264,26.1406
2022-09-04 09:00:00,2022-09-04 10:00:00,11.380000000000000000,ug.m-3,44.4264,26.1406
2022-09-04 10:00:00,2022-09-04 11:00:00,10.630000000000000000,ug.m-3,44.4264,26.1406
2022-09-04 11:00:00,2022-09-04 12:00:00,12.450000000000000000,ug.m-3,44.4264,26.1406
2022-09-04 12:00:00,2022-09-04 13:00:00,11.990000000000000000,ug.m-3,44.4264,26.1406
2022-09-04 13:00:00,2022-09-04 14:00:00,9.560000000000000000,ug.m-3,44.4264,26.1406
2022-09-04 14:00:00,2022-09-04 15:00:00,7.570000000000000000,ug.m-3,44.4264,26.1406
2022-09-04 15:00:00,2022-09-04 16:00:00,10.620000000000000000,ug.m-3,44.4264,26.1406
2022-09-04 16:00:00,2022-09-04 17:00:00,10.310000000000000000,ug.m-3,44.4264,26.1406
2022-09-04 17:00:00,2022-09-04 18:00:00,11.420000000000000000,ug.m-3,44.4264,26.1406
2022-09-04 18:00:00,2022-09-04 19:00:00,12.220000000000000000,ug.m-3,44.4264,26.1406
2022-09-04 19:00:00,2022-09-04 20:00:00,14.240000000000000000,ug.m-3,44.4264,26.1406
2022-09-04 20:00:00,2022-09-04 21:00:00,13.690000000000000000,ug.m-3,44.4264,26.1406
2022-09-04 21:00:00,2022-09-04 22:00:00,17.710000000000000000,ug.m-3,44.4264,26.1406
2022-09-04 22:00:00,2022-09-04 23:00:00,14.520000000000000000,ug.m-3,44.4264,26.1406
2022-09-04 23:00:00,2022-09-05 00:00:00,12.320000000000000000,ug.m-3,44.4264,26.1406
2022-09-05 00:00:00,2022-09-05 01:00:00,18.290000000000000000,ug.m-3,44.4264,26.1406
2022-09-05 01:00:00,2022-09-05 02:00:00,19.390000000000000000,ug.m-3,44.4264,26.1406
2022-09-05 02:00:00,2022-09-05 03:00:00,23.150000000000000000,ug.m-3,44.4264,26.1406
2022-09-05 03:00:00,2022-09-05 04:00:00,24.690000000000000000,ug.m-3,44.4264,26.1406
2022-09-05 04:00:00,2022-09-05 05:00:00,22.430000000000000000,ug.m-3,44.4264,26.1406
2022-09-05 05:00:00,2022-09-05 06:00:00,22.310000000000000000,ug.m-3,44.4264,26.1406
2022-09-05 06:00:00,2022-09-05 07:00:00,23.210000000000000000,ug.m-3,44.4264,26.1406
2022-09-05 07:00:00,2022-09-05 08:00:00,23.800000000000000000,ug.m-3,44.4264,26.1406
2022-09-05 08:00:00,2022-09-05 09:00:00,28.760000000000000000,ug.m-3,44.4264,26.1406
2022-09-05 09:00:00,2022-09-05 10:00:00,26.730000000000000000,ug.m-3,44.4264,26.1406
2022-09-05 10:00:00,2022-09-05 11:00:00,19.320000000000000000,ug.m-3,44.4264,26.1406
2022-09-05 11:00:00,2022-09-05 12:00:00,13.700000000000000000,ug.m-3,44.4264,26.1406
2022-09-05 12:00:00,2022-09-05 13:00:00,15.150000000000000000,ug.m-3,44.4264,26.1406
2022-09-05 13:00:00,2022-09-05 14:00:00,14.730000000000000000,ug.m-3,44.4264,26.1406
2022-09-05 14:00:00,2022-09-05 15:00:00,16.720000000000000000,ug.m-3,44.4264,26.1406
2022-09-05 15:00:00,2022-09-05 16:00:00,12.910000000000000000,ug.m-3,44.4264,26.1406
2022-09-05 16:00:00,2022-09-05 17:00:00,11.830000000000000000,ug.m-3,44.4264,26.1406
2022-09-05 17:00:00,2022-09-05 18:00:00,16.350000000000000000,ug.m-3,44.4264,26.1406
2022-09-05 18:00:00,2022-09-05 19:00:00,19.000000000000000000,ug.m-3,44.4264,26.1406
2022-09-05 19:00:00,2022-09-05 20:00:00,20.870000000000000000,ug.m-3,44.4264,26.1406
2022-09-05 20:00:00,2022-09-05 21:00:00,26.270000000000000000,ug.m-3,44.4264,26.1406
2022-09-05 21:00:00,2022-09-05 22:00:00,23.000000000000000000,ug.m-3,44.4264,26.1406
2022-09-05 22:00:00,2022-09-05 23:00:00,21.210000000000000000,ug.m-3,44.4264,26.1406
2022-09-05 23:00:00,2022-09-06 00:00:00,19.660000000000000000,ug.m-3,44.4264,26.1406
2022-09-06 00:00:00,2022-09-06 01:00:00,18.910000000000000000,ug.m-3,44.4264,26.1406
2022-09-06 01:00:00,2022-09-06 02:00:00,19.170000000000000000,ug.m-3,44.4264,26.1406
2022-09-06 02:00:00,2022-09-06 03:00:00,15.810000000000000000,ug.m-3,44.4264,26.1406
2022-09-06 03:00:00,2022-09-06 04:00:00,17.050000000000000000,ug.m-3,44.4264,26.1406
2022-09-06 04:00:00,2022-09-06 05:00:00,13.690000000000000000,ug.m-3,44.4264,26.1406
2022-09-06 05:00:00,2022-09-06 06:00:00,13.200000000000000000,ug.m-3,44.4264,26.1406
2022-09-06 06:00:00,2022-09-06 07:00:00,15.390000000000000000,ug.m-3,44.4264,26.1406
2022-09-06 07:00:00,2022-09-06 08:00:00,16.980000000000000000,ug.m-3,44.4264,26.1406
2022-09-06 08:00:00,2022-09-06 09:00:00,20.310000000000000000,ug.m-3,44.4264,26.1406
2022-09-06 09:00:00,2022-09-06 10:00:00,22.190000000000000000,ug.m-3,44.4264,26.1406
2022-09-06 10:00:00,2022-09-06 11:00:00,22.680000000000000000,ug.m-3,44.4264,26.1406
2022-09-06 11:00:00,2022-09-06 12:00:00,20.280000000000000000,ug.m-3,44.4264,26.1406
2022-09-06 12:00:00,2022-09-06 13:00:00,16.570000000000000000,ug.m-3,44.4264,26.1406
2022-09-06 13:00:00,2022-09-06 14:00:00,13.650000000000000000,ug.m-3,44.4264,26.1406
2022-09-06 14:00:00,2022-09-06 15:00:00,14.670000000000000000,ug.m-3,44.4264,26.1406
2022-09-06 15:00:00,2022-09-06 16:00:00,16.270000000000000000,ug.m-3,44.4264,26.1406
2022-09-06 16:00:00,2022-09-06 17:00:00,19.470000000000000000,ug.m-3,44.4264,26.1406
2022-09-06 17:00:00,2022-09-06 18:00:00,16.550000000000000000,ug.m-3,44.4264,26.1406
2022-09-06 18:00:00,2022-09-06 19:00:00,16.040000000000000000,ug.m-3,44.4264,26.1406
2022-09-06 19:00:00,2022-09-06 20:00:00,21.870000000000000000,ug.m-3,44.4264,26.1406
2022-09-06 20:00:00,2022-09-06 21:00:00,44.590000000000000000,ug.m-3,44.4264,26.1406
2022-09-06 21:00:00,2022-09-06 22:00:00,48.580000000000000000,ug.m-3,44.4264,26.1406
2022-09-06 22:00:00,2022-09-06 23:00:00,46.360000000000000000,ug.m-3,44.4264,26.1406
2022-09-06 23:00:00,2022-09-07 00:00:00,32.270000000000000000,ug.m-3,44.4264,26.1406
2022-09-07 00:00:00,2022-09-07 01:00:00,23.440000000000000000,ug.m-3,44.4264,26.1406
2022-09-07 01:00:00,2022-09-07 02:00:00,19.940000000000000000,ug.m-3,44.4264,26.1406
2022-09-07 02:00:00,2022-09-07 03:00:00,17.320000000000000000,ug.m-3,44.4264,26.1406
2022-09-07 03:00:00,2022-09-07 04:00:00,20.930000000000000000,ug.m-3,44.4264,26.1406
2022-09-07 04:00:00,2022-09-07 05:00:00,22.440000000000000000,ug.m-3,44.4264,26.1406
2022-09-07 05:00:00,2022-09-07 06:00:00,19.520000000000000000,ug.m-3,44.4264,26.1406
2022-09-07 06:00:00,2022-09-07 07:00:00,23.720000000000000000,ug.m-3,44.4264,26.1406
2022-09-07 07:00:00,2022-09-07 08:00:00,24.880000000000000000,ug.m-3,44.4264,26.1406
2022-09-07 08:00:00,2022-09-07 09:00:00,27.910000000000000000,ug.m-3,44.4264,26.1406
2022-09-07 09:00:00,2022-09-07 10:00:00,27.730000000000000000,ug.m-3,44.4264,26.1406
2022-09-07 10:00:00,2022-09-07 11:00:00,27.040000000000000000,ug.m-3,44.4264,26.1406
2022-09-07 11:00:00,2022-09-07 12:00:00,25.800000000000000000,ug.m-3,44.4264,26.1406
2022-09-07 12:00:00,2022-09-07 13:00:00,20.380000000000000000,ug.m-3,44.4264,26.1406
2022-09-07 13:00:00,2022-09-07 14:00:00,20.100000000000000000,ug.m-3,44.4264,26.1406
2022-09-07 14:00:00,2022-09-07 15:00:00,23.090000000000000000,ug.m-3,44.4264,26.1406
2022-09-07 15:00:00,2022-09-07 16:00:00,22.880000000000000000,ug.m-3,44.4264,26.1406
2022-09-07 16:00:00,2022-09-07 17:00:00,20.380000000000000000,ug.m-3,44.4264,26.1406
2022-09-07 17:00:00,2022-09-07 18:00:00,19.590000000000000000,ug.m-3,44.4264,26.1406
2022-09-07 18:00:00,2022-09-07 19:00:00,14.570000000000000000,ug.m-3,44.4264,26.1406
2022-09-07 19:00:00,2022-09-07 20:00:00,31.210000000000000000,ug.m-3,44.4264,26.1406
2022-09-07 20:00:00,2022-09-07 21:00:00,42.210000000000000000,ug.m-3,44.4264,26.1406
2022-09-07 21:00:00,2022-09-07 22:00:00,37.610000000000000000,ug.m-3,44.4264,26.1406
2022-09-07 22:00:00,2022-09-07 23:00:00,32.110000000000000000,ug.m-3,44.4264,26.1406
2022-09-07 23:00:00,2022-09-08 00:00:00,29.860000000000000000,ug.m-3,44.4264,26.1406
2022-09-08 00:00:00,2022-09-08 01:00:00,31.320000000000000000,ug.m-3,44.4264,26.1406
2022-09-08 01:00:00,2022-09-08 02:00:00,27.570000000000000000,ug.m-3,44.4264,26.1406
2022-09-08 02:00:00,2022-09-08 03:00:00,26.270000000000000000,ug.m-3,44.4264,26.1406
2022-09-08 03:00:00,2022-09-08 04:00:00,26.280000000000000000,ug.m-3,44.4264,26.1406
2022-09-08 04:00:00,2022-09-08 05:00:00,29.080000000000000000,ug.m-3,44.4264,26.1406
2022-09-08 05:00:00,2022-09-08 06:00:00,29.050000000000000000,ug.m-3,44.4264,26.1406
2022-09-08 06:00:00,2022-09-08 07:00:00,30.720000000000000000,ug.m-3,44.4264,26.1406
2022-09-08 07:00:00,2022-09-08 08:00:00,38.990000000000000000,ug.m-3,44.4264,26.1406
2022-09-08 08:00:00,2022-09-08 09:00:00,42.820000000000000000,ug.m-3,44.4264,26.1406
2022-09-08 09:00:00,2022-09-08 10:00:00,40.670000000000000000,ug.m-3,44.4264,26.1406
2022-09-08 10:00:00,2022-09-08 11:00:00,39.860000000000000000,ug.m-3,44.4264,26.1406
2022-09-08 11:00:00,2022-09-08 12:00:00,33.380000000000000000,ug.m-3,44.4264,26.1406
2022-09-08 12:00:00,2022-09-08 13:00:00,23.610000000000000000,ug.m-3,44.4264,26.1406
2022-09-08 13:00:00,2022-09-08 14:00:00,25.470000000000000000,ug.m-3,44.4264,26.1406
2022-09-08 14:00:00,2022-09-08 15:00:00,17.350000000000000000,ug.m-3,44.4264,26.1406
2022-09-08 15:00:00,2022-09-08 16:00:00,23.320000000000000000,ug.m-3,44.4264,26.1406
2022-09-08 16:00:00,2022-09-08 17:00:00,21.160000000000000000,ug.m-3,44.4264,26.1406
2022-09-08 17:00:00,2022-09-08 18:00:00,16.940000000000000000,ug.m-3,44.4264,26.1406
2022-09-08 18:00:00,2022-09-08 19:00:00,14.630000000000000000,ug.m-3,44.4264,26.1406
2022-09-08 19:00:00,2022-09-08 20:00:00,36.990000000000000000,ug.m-3,44.4264,26.1406
2022-09-08 20:00:00,2022-09-08 21:00:00,51.060000000000000000,ug.m-3,44.4264,26.1406
2022-09-08 21:00:00,2022-09-08 22:00:00,60.270000000000000000,ug.m-3,44.4264,26.1406
2022-09-08 22:00:00,2022-09-08 23:00:00,49.800000000000000000,ug.m-3,44.4264,26.1406
2022-09-08 23:00:00,2022-09-09 00:00:00,40.390000000000000000,ug.m-3,44.4264,26.1406
2022-09-09 00:00:00,2022-09-09 01:00:00,30.410000000000000000,ug.m-3,44.4264,26.1406
2022-09-09 01:00:00,2022-09-09 02:00:00,26.200000000000000000,ug.m-3,44.4264,26.1406
2022-09-09 02:00:00,2022-09-09 03:00:00,21.350000000000000000,ug.m-3,44.4264,26.1406
2022-09-09 03:00:00,2022-09-09 04:00:00,25.430000000000000000,ug.m-3,44.4264,26.1406
2022-09-09 04:00:00,2022-09-09 05:00:00,31.000000000000000000,ug.m-3,44.4264,26.1406
2022-09-09 05:00:00,2022-09-09 06:00:00,33.370000000000000000,ug.m-3,44.4264,26.1406
2022-09-09 06:00:00,2022-09-09 07:00:00,39.500000000000000000,ug.m-3,44.4264,26.1406
2022-09-09 07:00:00,2022-09-09 08:00:00,34.780000000000000000,ug.m-3,44.4264,26.1406
2022-09-09 08:00:00,2022-09-09 09:00:00,38.560000000000000000,ug.m-3,44.4264,26.1406
2022-09-09 09:00:00,2022-09-09 10:00:00,27.420000000000000000,ug.m-3,44.4264,26.1406
2022-09-09 10:00:00,2022-09-09 11:00:00,26.450000000000000000,ug.m-3,44.4264,26.1406
2022-09-09 11:00:00,2022-09-09 12:00:00,33.650000000000000000,ug.m-3,44.4264,26.1406
2022-09-09 12:00:00,2022-09-09 13:00:00,36.420000000000000000,ug.m-3,44.4264,26.1406
2022-09-09 13:00:00,2022-09-09 14:00:00,33.910000000000000000,ug.m-3,44.4264,26.1406
2022-09-09 14:00:00,2022-09-09 15:00:00,32.090000000000000000,ug.m-3,44.4264,26.1406
2022-09-09 15:00:00,2022-09-09 16:00:00,31.320000000000000000,ug.m-3,44.4264,26.1406
2022-09-09 16:00:00,2022-09-09 17:00:00,33.160000000000000000,ug.m-3,44.4264,26.1406
2022-09-09 17:00:00,2022-09-09 18:00:00,38.930000000000000000,ug.m-3,44.4264,26.1406
2022-09-09 18:00:00,2022-09-09 19:00:00,35.390000000000000000,ug.m-3,44.4264,26.1406
2022-09-09 19:00:00,2022-09-09 20:00:00,37.690000000000000000,ug.m-3,44.4264,26.1406
2022-09-09 20:00:00,2022-09-09 21:00:00,42.130000000000000000,ug.m-3,44.4264,26.1406
2022-09-09 21:00:00,2022-09-09 22:00:00,39.430000000000000000,ug.m-3,44.4264,26.1406
2022-09-09 22:00:00,2022-09-09 23:00:00,39.250000000000000000,ug.m-3,44.4264,26.1406
2022-09-09 23:00:00,2022-09-10 00:00:00,40.610000000000000000,ug.m-3,44.4264,26.1406
2022-09-10 00:00:00,2022-09-10 01:00:00,38.560000000000000000,ug.m-3,44.4264,26.1406
2022-09-10 01:00:00,2022-09-10 02:00:00,38.810000000000000000,ug.m-3,44.4264,26.1406
2022-09-10 02:00:00,2022-09-10 03:00:00,22.230000000000000000,ug.m-3,44.4264,26.1406
2022-09-10 03:00:00,2022-09-10 04:00:00,15.990000000000000000,ug.m-3,44.4264,26.1406
2022-09-10 04:00:00,2022-09-10 05:00:00,15.130000000000000000,ug.m-3,44.4264,26.1406
2022-09-10 05:00:00,2022-09-10 06:00:00,13.890000000000000000,ug.m-3,44.4264,26.1406
2022-09-10 06:00:00,2022-09-10 07:00:00,15.660000000000000000,ug.m-3,44.4264,26.1406
2022-09-10 07:00:00,2022-09-10 08:00:00,18.360000000000000000,ug.m-3,44.4264,26.1406
2022-09-10 08:00:00,2022-09-10 09:00:00,19.120000000000000000,ug.m-3,44.4264,26.1406
2022-09-10 09:00:00,2022-09-10 10:00:00,17.670000000000000000,ug.m-3,44.4264,26.1406
2022-09-10 10:00:00,2022-09-10 11:00:00,22.500000000000000000,ug.m-3,44.4264,26.1406
2022-09-10 11:00:00,2022-09-10 12:00:00,25.350000000000000000,ug.m-3,44.4264,26.1406
2022-09-10 12:00:00,2022-09-10 13:00:00,28.430000000000000000,ug.m-3,44.4264,26.1406
2022-09-10 13:00:00,2022-09-10 14:00:00,30.730000000000000000,ug.m-3,44.4264,26.1406
2022-09-10 14:00:00,2022-09-10 15:00:00,31.310000000000000000,ug.m-3,44.4264,26.1406
2022-09-10 15:00:00,2022-09-10 16:00:00,25.900000000000000000,ug.m-3,44.4264,26.1406
2022-09-10 16:00:00,2022-09-10 17:00:00,25.140000000000000000,ug.m-3,44.4264,26.1406
2022-09-10 17:00:00,2022-09-10 18:00:00,27.080000000000000000,ug.m-3,44.4264,26.1406
2022-09-10 18:00:00,2022-09-10 19:00:00,25.070000000000000000,ug.m-3,44.4264,26.1406
2022-09-10 19:00:00,2022-09-10 20:00:00,24.910000000000000000,ug.m-3,44.4264,26.1406
2022-09-10 20:00:00,2022-09-10 21:00:00,20.050000000000000000,ug.m-3,44.4264,26.1406
2022-09-10 21:00:00,2022-09-10 22:00:00,21.840000000000000000,ug.m-3,44.4264,26.1406
2022-09-10 22:00:00,2022-09-10 23:00:00,20.170000000000000000,ug.m-3,44.4264,26.1406
2022-09-10 23:00:00,2022-09-11 00:00:00,17.070000000000000000,ug.m-3,44.4264,26.1406
2022-09-11 00:00:00,2022-09-11 01:00:00,17.120000000000000000,ug.m-3,44.4264,26.1406
2022-09-11 01:00:00,2022-09-11 02:00:00,17.080000000000000000,ug.m-3,44.4264,26.1406
2022-09-11 02:00:00,2022-09-11 03:00:00,21.790000000000000000,ug.m-3,44.4264,26.1406
2022-09-11 03:00:00,2022-09-11 04:00:00,25.390000000000000000,ug.m-3,44.4264,26.1406
2022-09-11 04:00:00,2022-09-11 05:00:00,22.510000000000000000,ug.m-3,44.4264,26.1406
2022-09-11 05:00:00,2022-09-11 06:00:00,19.250000000000000000,ug.m-3,44.4264,26.1406
2022-09-11 06:00:00,2022-09-11 07:00:00,16.360000000000000000,ug.m-3,44.4264,26.1406
2022-09-11 07:00:00,2022-09-11 08:00:00,19.090000000000000000,ug.m-3,44.4264,26.1406
2022-09-11 08:00:00,2022-09-11 09:00:00,18.030000000000000000,ug.m-3,44.4264,26.1406
2022-09-11 09:00:00,2022-09-11 10:00:00,20.820000000000000000,ug.m-3,44.4264,26.1406
2022-09-11 10:00:00,2022-09-11 11:00:00,17.470000000000000000,ug.m-3,44.4264,26.1406
2022-09-11 11:00:00,2022-09-11 12:00:00,15.410000000000000000,ug.m-3,44.4264,26.1406
2022-09-11 12:00:00,2022-09-11 13:00:00,15.980000000000000000,ug.m-3,44.4264,26.1406
2022-09-11 13:00:00,2022-09-11 14:00:00,10.100000000000000000,ug.m-3,44.4264,26.1406
2022-09-11 14:00:00,2022-09-11 15:00:00,10.870000000000000000,ug.m-3,44.4264,26.1406
2022-09-11 15:00:00,2022-09-11 16:00:00,14.370000000000000000,ug.m-3,44.4264,26.1406
2022-09-11 16:00:00,2022-09-11 17:00:00,10.550000000000000000,ug.m-3,44.4264,26.1406
2022-09-11 17:00:00,2022-09-11 18:00:00,7.040000000000000000,ug.m-3,44.4264,26.1406
2022-09-11 18:00:00,2022-09-11 19:00:00,13.590000000000000000,ug.m-3,44.4264,26.1406
2022-09-11 19:00:00,2022-09-11 20:00:00,7.880000000000000000,ug.m-3,44.4264,26.1406
2022-09-11 20:00:00,2022-09-11 21:00:00,9.190000000000000000,ug.m-3,44.4264,26.1406
2022-09-11 21:00:00,2022-09-11 22:00:00,14.960000000000000000,ug.m-3,44.4264,26.1406
2022-09-11 22:00:00,2022-09-11 23:00:00,16.640000000000000000,ug.m-3,44.4264,26.1406
2022-09-11 23:00:00,2022-09-12 00:00:00,15.160000000000000000,ug.m-3,44.4264,26.1406
2022-09-12 00:00:00,2022-09-12 01:00:00,14.900000000000000000,ug.m-3,44.4264,26.1406
2022-09-12 01:00:00,2022-09-12 02:00:00,14.230000000000000000,ug.m-3,44.4264,26.1406
2022-09-12 02:00:00,2022-09-12 03:00:00,12.690000000000000000,ug.m-3,44.4264,26.1406
2022-09-12 03:00:00,2022-09-12 04:00:00,13.600000000000000000,ug.m-3,44.4264,26.1406
2022-09-12 04:00:00,2022-09-12 05:00:00,10.870000000000000000,ug.m-3,44.4264,26.1406
2022-09-12 05:00:00,2022-09-12 06:00:00,10.410000000000000000,ug.m-3,44.4264,26.1406
2022-09-12 06:00:00,2022-09-12 07:00:00,13.300000000000000000,ug.m-3,44.4264,26.1406
2022-09-12 07:00:00,2022-09-12 08:00:00,24.660000000000000000,ug.m-3,44.4264,26.1406
2022-09-12 08:00:00,2022-09-12 09:00:00,33.570000000000000000,ug.m-3,44.4264,26.1406
2022-09-12 09:00:00,2022-09-12 10:00:00,24.380000000000000000,ug.m-3,44.4264,26.1406
2022-09-12 16:00:00,2022-09-12 17:00:00,10.160000000000000000,ug.m-3,44.4264,26.1406
2022-09-12 17:00:00,2022-09-12 18:00:00,5.100000000000000000,ug.m-3,44.4264,26.1406
2022-09-12 18:00:00,2022-09-12 19:00:00,5.360000000000000000,ug.m-3,44.4264,26.1406
2022-09-12 19:00:00,2022-09-12 20:00:00,10.450000000000000000,ug.m-3,44.4264,26.1406
2022-09-12 20:00:00,2022-09-12 21:00:00,11.450000000000000000,ug.m-3,44.4264,26.1406
2022-09-12 21:00:00,2022-09-12 22:00:00,9.610000000000000000,ug.m-3,44.4264,26.1406
2022-09-12 22:00:00,2022-09-12 23:00:00,10.820000000000000000,ug.m-3,44.4264,26.1406
2022-09-12 23:00:00,2022-09-13 00:00:00,12.950000000000000000,ug.m-3,44.4264,26.1406
2022-09-13 00:00:00,2022-09-13 01:00:00,12.830000000000000000,ug.m-3,44.4264,26.1406
2022-09-13 01:00:00,2022-09-13 02:00:00,7.610000000000000000,ug.m-3,44.4264,26.1406
2022-09-13 02:00:00,2022-09-13 03:00:00,7.890000000000000000,ug.m-3,44.4264,26.1406
2022-09-13 03:00:00,2022-09-13 04:00:00,8.370000000000000000,ug.m-3,44.4264,26.1406
2022-09-13 04:00:00,2022-09-13 05:00:00,11.600000000000000000,ug.m-3,44.4264,26.1406
2022-09-13 05:00:00,2022-09-13 06:00:00,13.870000000000000000,ug.m-3,44.4264,26.1406
2022-09-13 06:00:00,2022-09-13 07:00:00,19.500000000000000000,ug.m-3,44.4264,26.1406
2022-09-13 07:00:00,2022-09-13 08:00:00,22.980000000000000000,ug.m-3,44.4264,26.1406
2022-09-13 08:00:00,2022-09-13 09:00:00,28.530000000000000000,ug.m-3,44.4264,26.1406
2022-09-13 09:00:00,2022-09-13 10:00:00,26.550000000000000000,ug.m-3,44.4264,26.1406
2022-09-13 10:00:00,2022-09-13 11:00:00,17.460000000000000000,ug.m-3,44.4264,26.1406
2022-09-13 11:00:00,2022-09-13 12:00:00,15.990000000000000000,ug.m-3,44.4264,26.1406
2022-09-13 12:00:00,2022-09-13 13:00:00,14.820000000000000000,ug.m-3,44.4264,26.1406
2022-09-13 13:00:00,2022-09-13 14:00:00,14.500000000000000000,ug.m-3,44.4264,26.1406
2022-09-13 14:00:00,2022-09-13 15:00:00,14.590000000000000000,ug.m-3,44.4264,26.1406
2022-09-13 15:00:00,2022-09-13 16:00:00,12.880000000000000000,ug.m-3,44.4264,26.1406
2022-09-13 16:00:00,2022-09-13 17:00:00,12.990000000000000000,ug.m-3,44.4264,26.1406
2022-09-13 17:00:00,2022-09-13 18:00:00,13.460000000000000000,ug.m-3,44.4264,26.1406
2022-09-13 18:00:00,2022-09-13 19:00:00,12.810000000000000000,ug.m-3,44.4264,26.1406
2022-09-13 19:00:00,2022-09-13 20:00:00,13.940000000000000000,ug.m-3,44.4264,26.1406
2022-09-13 20:00:00,2022-09-13 21:00:00,13.540000000000000000,ug.m-3,44.4264,26.1406
2022-09-13 21:00:00,2022-09-13 22:00:00,9.430000000000000000,ug.m-3,44.4264,26.1406
2022-09-13 22:00:00,2022-09-13 23:00:00,6.670000000000000000,ug.m-3,44.4264,26.1406
2022-09-13 23:00:00,2022-09-14 00:00:00,6.890000000000000000,ug.m-3,44.4264,26.1406
2022-09-14 00:00:00,2022-09-14 01:00:00,10.620000000000000000,ug.m-3,44.4264,26.1406
2022-09-14 01:00:00,2022-09-14 02:00:00,9.150000000000000000,ug.m-3,44.4264,26.1406
2022-09-14 02:00:00,2022-09-14 03:00:00,6.700000000000000000,ug.m-3,44.4264,26.1406
2022-09-14 03:00:00,2022-09-14 04:00:00,6.840000000000000000,ug.m-3,44.4264,26.1406
2022-09-14 04:00:00,2022-09-14 05:00:00,11.050000000000000000,ug.m-3,44.4264,26.1406
2022-09-14 05:00:00,2022-09-14 06:00:00,12.610000000000000000,ug.m-3,44.4264,26.1406
2022-09-14 06:00:00,2022-09-14 07:00:00,14.260000000000000000,ug.m-3,44.4264,26.1406
2022-09-14 07:00:00,2022-09-14 08:00:00,20.990000000000000000,ug.m-3,44.4264,26.1406
2022-09-14 08:00:00,2022-09-14 09:00:00,20.730000000000000000,ug.m-3,44.4264,26.1406
2022-09-14 09:00:00,2022-09-14 10:00:00,18.610000000000000000,ug.m-3,44.4264,26.1406
2022-09-14 10:00:00,2022-09-14 11:00:00,26.900000000000000000,ug.m-3,44.4264,26.1406
2022-09-14 11:00:00,2022-09-14 12:00:00,27.200000000000000000,ug.m-3,44.4264,26.1406
2022-09-14 12:00:00,2022-09-14 13:00:00,24.890000000000000000,ug.m-3,44.4264,26.1406
2022-09-14 13:00:00,2022-09-14 14:00:00,21.090000000000000000,ug.m-3,44.4264,26.1406
2022-09-14 14:00:00,2022-09-14 15:00:00,14.610000000000000000,ug.m-3,44.4264,26.1406
2022-09-14 15:00:00,2022-09-14 16:00:00,13.360000000000000000,ug.m-3,44.4264,26.1406
2022-09-14 16:00:00,2022-09-14 17:00:00,11.620000000000000000,ug.m-3,44.4264,26.1406
2022-09-14 17:00:00,2022-09-14 18:00:00,14.190000000000000000,ug.m-3,44.4264,26.1406
2022-09-14 18:00:00,2022-09-14 19:00:00,14.390000000000000000,ug.m-3,44.4264,26.1406
2022-09-14 19:00:00,2022-09-14 20:00:00,22.190000000000000000,ug.m-3,44.4264,26.1406
2022-09-14 20:00:00,2022-09-14 21:00:00,25.060000000000000000,ug.m-3,44.4264,26.1406
2022-09-14 21:00:00,2022-09-14 22:00:00,23.500000000000000000,ug.m-3,44.4264,26.1406
2022-09-14 22:00:00,2022-09-14 23:00:00,27.100000000000000000,ug.m-3,44.4264,26.1406
2022-09-14 23:00:00,2022-09-15 00:00:00,25.850000000000000000,ug.m-3,44.4264,26.1406
2022-09-15 00:00:00,2022-09-15 01:00:00,30.200000000000000000,ug.m-3,44.4264,26.1406
2022-09-15 01:00:00,2022-09-15 02:00:00,29.300000000000000000,ug.m-3,44.4264,26.1406
2022-09-15 02:00:00,2022-09-15 03:00:00,28.200000000000000000,ug.m-3,44.4264,26.1406
2022-09-15 03:00:00,2022-09-15 04:00:00,27.170000000000000000,ug.m-3,44.4264,26.1406
2022-09-15 04:00:00,2022-09-15 05:00:00,18.800000000000000000,ug.m-3,44.4264,26.1406
2022-09-15 05:00:00,2022-09-15 06:00:00,21.680000000000000000,ug.m-3,44.4264,26.1406
2022-09-15 06:00:00,2022-09-15 07:00:00,23.070000000000000000,ug.m-3,44.4264,26.1406
2022-09-15 07:00:00,2022-09-15 08:00:00,29.780000000000000000,ug.m-3,44.4264,26.1406
2022-09-15 08:00:00,2022-09-15 09:00:00,36.500000000000000000,ug.m-3,44.4264,26.1406
2022-09-15 09:00:00,2022-09-15 10:00:00,28.700000000000000000,ug.m-3,44.4264,26.1406
2022-09-15 10:00:00,2022-09-15 11:00:00,33.550000000000000000,ug.m-3,44.4264,26.1406
2022-09-15 11:00:00,2022-09-15 12:00:00,40.230000000000000000,ug.m-3,44.4264,26.1406
2022-09-15 12:00:00,2022-09-15 13:00:00,40.200000000000000000,ug.m-3,44.4264,26.1406
2022-09-15 13:00:00,2022-09-15 14:00:00,54.830000000000000000,ug.m-3,44.4264,26.1406
2022-09-15 14:00:00,2022-09-15 15:00:00,49.910000000000000000,ug.m-3,44.4264,26.1406
2022-09-15 15:00:00,2022-09-15 16:00:00,54.780000000000000000,ug.m-3,44.4264,26.1406
2022-09-15 16:00:00,2022-09-15 17:00:00,36.250000000000000000,ug.m-3,44.4264,26.1406
2022-09-15 17:00:00,2022-09-15 18:00:00,32.120000000000000000,ug.m-3,44.4264,26.1406
2022-09-15 18:00:00,2022-09-15 19:00:00,32.040000000000000000,ug.m-3,44.4264,26.1406
2022-09-15 19:00:00,2022-09-15 20:00:00,28.020000000000000000,ug.m-3,44.4264,26.1406
2022-09-15 20:00:00,2022-09-15 21:00:00,23.220000000000000000,ug.m-3,44.4264,26.1406
2022-09-15 21:00:00,2022-09-15 22:00:00,25.180000000000000000,ug.m-3,44.4264,26.1406
2022-09-15 22:00:00,2022-09-15 23:00:00,27.440000000000000000,ug.m-3,44.4264,26.1406
2022-09-15 23:00:00,2022-09-16 00:00:00,28.350000000000000000,ug.m-3,44.4264,26.1406
2022-09-16 00:00:00,2022-09-16 01:00:00,25.420000000000000000,ug.m-3,44.4264,26.1406
2022-09-16 01:00:00,2022-09-16 02:00:00,29.100000000000000000,ug.m-3,44.4264,26.1406
2022-09-16 02:00:00,2022-09-16 03:00:00,28.070000000000000000,ug.m-3,44.4264,26.1406
2022-09-16 03:00:00,2022-09-16 04:00:00,26.970000000000000000,ug.m-3,44.4264,26.1406
2022-09-16 04:00:00,2022-09-16 05:00:00,28.590000000000000000,ug.m-3,44.4264,26.1406
2022-09-16 05:00:00,2022-09-16 06:00:00,25.200000000000000000,ug.m-3,44.4264,26.1406
2022-09-16 06:00:00,2022-09-16 07:00:00,23.110000000000000000,ug.m-3,44.4264,26.1406
2022-09-16 07:00:00,2022-09-16 08:00:00,28.520000000000000000,ug.m-3,44.4264,26.1406
2022-09-16 08:00:00,2022-09-16 09:00:00,27.580000000000000000,ug.m-3,44.4264,26.1406
2022-09-16 09:00:00,2022-09-16 10:00:00,26.530000000000000000,ug.m-3,44.4264,26.1406
2022-09-16 10:00:00,2022-09-16 11:00:00,22.590000000000000000,ug.m-3,44.4264,26.1406
2022-09-16 11:00:00,2022-09-16 12:00:00,15.950000000000000000,ug.m-3,44.4264,26.1406
2022-09-16 12:00:00,2022-09-16 13:00:00,9.900000000000000000,ug.m-3,44.4264,26.1406
2022-09-16 13:00:00,2022-09-16 14:00:00,12.030000000000000000,ug.m-3,44.4264,26.1406
2022-09-16 14:00:00,2022-09-16 15:00:00,12.370000000000000000,ug.m-3,44.4264,26.1406
2022-09-16 15:00:00,2022-09-16 16:00:00,17.470000000000000000,ug.m-3,44.4264,26.1406
2022-09-16 16:00:00,2022-09-16 17:00:00,18.810000000000000000,ug.m-3,44.4264,26.1406
2022-09-16 17:00:00,2022-09-16 18:00:00,20.210000000000000000,ug.m-3,44.4264,26.1406
2022-09-16 18:00:00,2022-09-16 19:00:00,20.160000000000000000,ug.m-3,44.4264,26.1406
2022-09-16 19:00:00,2022-09-16 20:00:00,22.690000000000000000,ug.m-3,44.4264,26.1406
2022-09-16 20:00:00,2022-09-16 21:00:00,25.210000000000000000,ug.m-3,44.4264,26.1406
2022-09-16 21:00:00,2022-09-16 22:00:00,26.240000000000000000,ug.m-3,44.4264,26.1406
2022-09-16 22:00:00,2022-09-16 23:00:00,25.680000000000000000,ug.m-3,44.4264,26.1406
2022-09-16 23:00:00,2022-09-17 00:00:00,14.190000000000000000,ug.m-3,44.4264,26.1406
2022-09-17 00:00:00,2022-09-17 01:00:00,14.830000000000000000,ug.m-3,44.4264,26.1406
2022-09-17 01:00:00,2022-09-17 02:00:00,15.570000000000000000,ug.m-3,44.4264,26.1406
2022-09-17 02:00:00,2022-09-17 03:00:00,12.800000000000000000,ug.m-3,44.4264,26.1406
2022-09-17 03:00:00,2022-09-17 04:00:00,9.560000000000000000,ug.m-3,44.4264,26.1406
2022-09-17 04:00:00,2022-09-17 05:00:00,8.280000000000000000,ug.m-3,44.4264,26.1406
2022-09-17 05:00:00,2022-09-17 06:00:00,6.190000000000000000,ug.m-3,44.4264,26.1406
2022-09-17 06:00:00,2022-09-17 07:00:00,8.470000000000000000,ug.m-3,44.4264,26.1406
2022-09-17 07:00:00,2022-09-17 08:00:00,14.630000000000000000,ug.m-3,44.4264,26.1406
2022-09-17 08:00:00,2022-09-17 09:00:00,17.450000000000000000,ug.m-3,44.4264,26.1406
2022-09-17 09:00:00,2022-09-17 10:00:00,19.020000000000000000,ug.m-3,44.4264,26.1406
2022-09-17 11:00:00,2022-09-17 12:00:00,26.710000000000000000,ug.m-3,44.4264,26.1406
2022-09-17 12:00:00,2022-09-17 13:00:00,20.320000000000000000,ug.m-3,44.4264,26.1406
2022-09-17 13:00:00,2022-09-17 14:00:00,12.630000000000000000,ug.m-3,44.4264,26.1406
2022-09-17 14:00:00,2022-09-17 15:00:00,10.370000000000000000,ug.m-3,44.4264,26.1406
2022-09-17 15:00:00,2022-09-17 16:00:00,14.520000000000000000,ug.m-3,44.4264,26.1406
2022-09-17 16:00:00,2022-09-17 17:00:00,16.960000000000000000,ug.m-3,44.4264,26.1406
2022-09-17 17:00:00,2022-09-17 18:00:00,14.690000000000000000,ug.m-3,44.4264,26.1406
2022-09-17 18:00:00,2022-09-17 19:00:00,14.940000000000000000,ug.m-3,44.4264,26.1406
2022-09-17 19:00:00,2022-09-17 20:00:00,13.910000000000000000,ug.m-3,44.4264,26.1406
2022-09-17 20:00:00,2022-09-17 21:00:00,18.390000000000000000,ug.m-3,44.4264,26.1406
2022-09-17 21:00:00,2022-09-17 22:00:00,24.750000000000000000,ug.m-3,44.4264,26.1406
2022-09-17 22:00:00,2022-09-17 23:00:00,19.800000000000000000,ug.m-3,44.4264,26.1406
2022-09-17 23:00:00,2022-09-18 00:00:00,14.350000000000000000,ug.m-3,44.4264,26.1406
2022-09-18 00:00:00,2022-09-18 01:00:00,10.100000000000000000,ug.m-3,44.4264,26.1406
2022-09-18 01:00:00,2022-09-18 02:00:00,8.630000000000000000,ug.m-3,44.4264,26.1406
2022-09-18 02:00:00,2022-09-18 03:00:00,8.350000000000000000,ug.m-3,44.4264,26.1406
2022-09-18 03:00:00,2022-09-18 04:00:00,10.700000000000000000,ug.m-3,44.4264,26.1406
2022-09-18 04:00:00,2022-09-18 05:00:00,13.800000000000000000,ug.m-3,44.4264,26.1406
2022-09-18 05:00:00,2022-09-18 06:00:00,16.100000000000000000,ug.m-3,44.4264,26.1406
2022-09-18 06:00:00,2022-09-18 07:00:00,18.710000000000000000,ug.m-3,44.4264,26.1406
2022-09-18 07:00:00,2022-09-18 08:00:00,12.830000000000000000,ug.m-3,44.4264,26.1406
2022-09-18 08:00:00,2022-09-18 09:00:00,23.420000000000000000,ug.m-3,44.4264,26.1406
2022-09-18 09:00:00,2022-09-18 10:00:00,34.040000000000000000,ug.m-3,44.4264,26.1406
2022-09-18 10:00:00,2022-09-18 11:00:00,33.300000000000000000,ug.m-3,44.4264,26.1406
2022-09-18 11:00:00,2022-09-18 12:00:00,27.720000000000000000,ug.m-3,44.4264,26.1406
2022-09-18 12:00:00,2022-09-18 13:00:00,21.580000000000000000,ug.m-3,44.4264,26.1406
2022-09-18 13:00:00,2022-09-18 14:00:00,13.300000000000000000,ug.m-3,44.4264,26.1406
2022-09-18 14:00:00,2022-09-18 15:00:00,9.520000000000000000,ug.m-3,44.4264,26.1406
2022-09-18 15:00:00,2022-09-18 16:00:00,10.970000000000000000,ug.m-3,44.4264,26.1406
2022-09-18 16:00:00,2022-09-18 17:00:00,13.720000000000000000,ug.m-3,44.4264,26.1406
2022-09-18 17:00:00,2022-09-18 18:00:00,11.260000000000000000,ug.m-3,44.4264,26.1406
2022-09-18 18:00:00,2022-09-18 19:00:00,10.720000000000000000,ug.m-3,44.4264,26.1406
2022-09-18 19:00:00,2022-09-18 20:00:00,7.400000000000000000,ug.m-3,44.4264,26.1406
2022-09-18 20:00:00,2022-09-18 21:00:00,8.170000000000000000,ug.m-3,44.4264,26.1406
2022-09-18 21:00:00,2022-09-18 22:00:00,9.310000000000000000,ug.m-3,44.4264,26.1406
2022-09-18 22:00:00,2022-09-18 23:00:00,8.450000000000000000,ug.m-3,44.4264,26.1406
2022-09-18 23:00:00,2022-09-19 00:00:00,6.820000000000000000,ug.m-3,44.4264,26.1406
2022-09-19 00:00:00,2022-09-19 01:00:00,8.090000000000000000,ug.m-3,44.4264,26.1406
2022-09-19 01:00:00,2022-09-19 02:00:00,9.990000000000000000,ug.m-3,44.4264,26.1406
2022-09-19 02:00:00,2022-09-19 03:00:00,3.550000000000000000,ug.m-3,44.4264,26.1406
2022-09-19 03:00:00,2022-09-19 04:00:00,4.640000000000000000,ug.m-3,44.4264,26.1406
2022-09-19 04:00:00,2022-09-19 05:00:00,5.540000000000000000,ug.m-3,44.4264,26.1406
2022-09-19 05:00:00,2022-09-19 06:00:00,7.210000000000000000,ug.m-3,44.4264,26.1406
2022-09-19 06:00:00,2022-09-19 07:00:00,9.010000000000000000,ug.m-3,44.4264,26.1406
2022-09-19 07:00:00,2022-09-19 08:00:00,10.930000000000000000,ug.m-3,44.4264,26.1406
2022-09-19 08:00:00,2022-09-19 09:00:00,15.450000000000000000,ug.m-3,44.4264,26.1406
2022-09-19 09:00:00,2022-09-19 10:00:00,19.680000000000000000,ug.m-3,44.4264,26.1406
2022-09-19 10:00:00,2022-09-19 11:00:00,23.720000000000000000,ug.m-3,44.4264,26.1406
2022-09-19 11:00:00,2022-09-19 12:00:00,13.150000000000000000,ug.m-3,44.4264,26.1406
2022-09-19 12:00:00,2022-09-19 13:00:00,8.950000000000000000,ug.m-3,44.4264,26.1406
2022-09-19 13:00:00,2022-09-19 14:00:00,5.510000000000000000,ug.m-3,44.4264,26.1406
2022-09-19 14:00:00,2022-09-19 15:00:00,9.230000000000000000,ug.m-3,44.4264,26.1406
2022-09-19 15:00:00,2022-09-19 16:00:00,7.720000000000000000,ug.m-3,44.4264,26.1406
2022-09-19 16:00:00,2022-09-19 17:00:00,10.260000000000000000,ug.m-3,44.4264,26.1406
2022-09-19 17:00:00,2022-09-19 18:00:00,8.980000000000000000,ug.m-3,44.4264,26.1406
2022-09-19 18:00:00,2022-09-19 19:00:00,12.800000000000000000,ug.m-3,44.4264,26.1406
2022-09-19 19:00:00,2022-09-19 20:00:00,17.770000000000000000,ug.m-3,44.4264,26.1406
2022-09-19 20:00:00,2022-09-19 21:00:00,27.340000000000000000,ug.m-3,44.4264,26.1406
2022-09-19 21:00:00,2022-09-19 22:00:00,28.680000000000000000,ug.m-3,44.4264,26.1406
2022-09-19 22:00:00,2022-09-19 23:00:00,24.120000000000000000,ug.m-3,44.4264,26.1406
2022-09-19 23:00:00,2022-09-20 00:00:00,15.980000000000000000,ug.m-3,44.4264,26.1406
2022-09-20 00:00:00,2022-09-20 01:00:00,4.720000000000000000,ug.m-3,44.4264,26.1406
2022-09-20 01:00:00,2022-09-20 02:00:00,5.960000000000000000,ug.m-3,44.4264,26.1406
2022-09-20 02:00:00,2022-09-20 03:00:00,6.210000000000000000,ug.m-3,44.4264,26.1406
2022-09-20 03:00:00,2022-09-20 04:00:00,5.850000000000000000,ug.m-3,44.4264,26.1406
2022-09-20 04:00:00,2022-09-20 05:00:00,5.480000000000000000,ug.m-3,44.4264,26.1406
2022-09-20 05:00:00,2022-09-20 06:00:00,9.210000000000000000,ug.m-3,44.4264,26.1406
2022-09-20 06:00:00,2022-09-20 07:00:00,6.590000000000000000,ug.m-3,44.4264,26.1406
2022-09-20 07:00:00,2022-09-20 08:00:00,11.470000000000000000,ug.m-3,44.4264,26.1406
2022-09-20 08:00:00,2022-09-20 09:00:00,13.730000000000000000,ug.m-3,44.4264,26.1406
2022-09-20 09:00:00,2022-09-20 10:00:00,8.930000000000000000,ug.m-3,44.4264,26.1406
2022-09-20 10:00:00,2022-09-20 11:00:00,6.170000000000000000,ug.m-3,44.4264,26.1406
2022-09-20 11:00:00,2022-09-20 12:00:00,6.750000000000000000,ug.m-3,44.4264,26.1406
2022-09-20 12:00:00,2022-09-20 13:00:00,11.350000000000000000,ug.m-3,44.4264,26.1406
2022-09-20 13:00:00,2022-09-20 14:00:00,8.090000000000000000,ug.m-3,44.4264,26.1406
2022-09-20 14:00:00,2022-09-20 15:00:00,6.170000000000000000,ug.m-3,44.4264,26.1406
2022-09-20 15:00:00,2022-09-20 16:00:00,6.170000000000000000,ug.m-3,44.4264,26.1406
2022-09-20 16:00:00,2022-09-20 17:00:00,9.510000000000000000,ug.m-3,44.4264,26.1406
2022-09-20 17:00:00,2022-09-20 18:00:00,13.920000000000000000,ug.m-3,44.4264,26.1406
2022-09-20 18:00:00,2022-09-20 19:00:00,13.960000000000000000,ug.m-3,44.4264,26.1406
2022-09-20 19:00:00,2022-09-20 20:00:00,17.810000000000000000,ug.m-3,44.4264,26.1406
2022-09-20 20:00:00,2022-09-20 21:00:00,20.860000000000000000,ug.m-3,44.4264,26.1406
2022-09-20 21:00:00,2022-09-20 22:00:00,23.940000000000000000,ug.m-3,44.4264,26.1406
2022-09-20 22:00:00,2022-09-20 23:00:00,11.330000000000000000,ug.m-3,44.4264,26.1406
2022-09-20 23:00:00,2022-09-21 00:00:00,10.260000000000000000,ug.m-3,44.4264,26.1406
2022-09-21 00:00:00,2022-09-21 01:00:00,9.640000000000000000,ug.m-3,44.4264,26.1406
2022-09-21 01:00:00,2022-09-21 02:00:00,16.630000000000000000,ug.m-3,44.4264,26.1406
2022-09-21 02:00:00,2022-09-21 03:00:00,21.220000000000000000,ug.m-3,44.4264,26.1406
2022-09-21 03:00:00,2022-09-21 04:00:00,17.220000000000000000,ug.m-3,44.4264,26.1406
2022-09-21 04:00:00,2022-09-21 05:00:00,12.930000000000000000,ug.m-3,44.4264,26.1406
2022-09-21 05:00:00,2022-09-21 06:00:00,15.740000000000000000,ug.m-3,44.4264,26.1406
2022-09-21 06:00:00,2022-09-21 07:00:00,19.750000000000000000,ug.m-3,44.4264,26.1406
2022-09-21 07:00:00,2022-09-21 08:00:00,17.640000000000000000,ug.m-3,44.4264,26.1406
2022-09-21 08:00:00,2022-09-21 09:00:00,21.710000000000000000,ug.m-3,44.4264,26.1406
2022-09-21 09:00:00,2022-09-21 10:00:00,18.550000000000000000,ug.m-3,44.4264,26.1406
2022-09-21 10:00:00,2022-09-21 11:00:00,14.030000000000000000,ug.m-3,44.4264,26.1406
2022-09-21 11:00:00,2022-09-21 12:00:00,12.180000000000000000,ug.m-3,44.4264,26.1406
2022-09-21 12:00:00,2022-09-21 13:00:00,6.630000000000000000,ug.m-3,44.4264,26.1406
2022-09-21 13:00:00,2022-09-21 14:00:00,6.570000000000000000,ug.m-3,44.4264,26.1406
2022-09-21 14:00:00,2022-09-21 15:00:00,5.140000000000000000,ug.m-3,44.4264,26.1406
2022-09-21 15:00:00,2022-09-21 16:00:00,9.270000000000000000,ug.m-3,44.4264,26.1406
2022-09-21 16:00:00,2022-09-21 17:00:00,11.230000000000000000,ug.m-3,44.4264,26.1406
2022-09-21 17:00:00,2022-09-21 18:00:00,6.810000000000000000,ug.m-3,44.4264,26.1406
2022-09-21 18:00:00,2022-09-21 19:00:00,13.370000000000000000,ug.m-3,44.4264,26.1406
2022-09-21 19:00:00,2022-09-21 20:00:00,9.070000000000000000,ug.m-3,44.4264,26.1406
2022-09-21 21:00:00,2022-09-21 22:00:00,4.170000000000000000,ug.m-3,44.4264,26.1406
2022-09-21 22:00:00,2022-09-21 23:00:00,14.080000000000000000,ug.m-3,44.4264,26.1406
2022-09-21 23:00:00,2022-09-22 00:00:00,13.110000000000000000,ug.m-3,44.4264,26.1406
2022-09-22 00:00:00,2022-09-22 01:00:00,13.620000000000000000,ug.m-3,44.4264,26.1406
2022-09-22 01:00:00,2022-09-22 02:00:00,12.410000000000000000,ug.m-3,44.4264,26.1406
2022-09-22 02:00:00,2022-09-22 03:00:00,15.900000000000000000,ug.m-3,44.4264,26.1406
2022-09-22 03:00:00,2022-09-22 04:00:00,15.430000000000000000,ug.m-3,44.4264,26.1406
2022-09-22 04:00:00,2022-09-22 05:00:00,11.270000000000000000,ug.m-3,44.4264,26.1406
2022-09-22 05:00:00,2022-09-22 06:00:00,11.060000000000000000,ug.m-3,44.4264,26.1406
2022-09-22 06:00:00,2022-09-22 07:00:00,13.530000000000000000,ug.m-3,44.4264,26.1406
2022-09-22 07:00:00,2022-09-22 08:00:00,17.010000000000000000,ug.m-3,44.4264,26.1406
2022-09-22 08:00:00,2022-09-22 09:00:00,23.400000000000000000,ug.m-3,44.4264,26.1406
2022-09-22 09:00:00,2022-09-22 10:00:00,18.500000000000000000,ug.m-3,44.4264,26.1406
2022-09-22 10:00:00,2022-09-22 11:00:00,16.500000000000000000,ug.m-3,44.4264,26.1406
2022-09-22 11:00:00,2022-09-22 12:00:00,18.670000000000000000,ug.m-3,44.4264,26.1406
2022-09-22 12:00:00,2022-09-22 13:00:00,13.400000000000000000,ug.m-3,44.4264,26.1406
2022-09-22 13:00:00,2022-09-22 14:00:00,11.000000000000000000,ug.m-3,44.4264,26.1406
2022-09-22 14:00:00,2022-09-22 15:00:00,10.560000000000000000,ug.m-3,44.4264,26.1406
2022-09-22 15:00:00,2022-09-22 16:00:00,11.870000000000000000,ug.m-3,44.4264,26.1406
2022-09-22 16:00:00,2022-09-22 17:00:00,12.420000000000000000,ug.m-3,44.4264,26.1406
2022-09-22 17:00:00,2022-09-22 18:00:00,14.110000000000000000,ug.m-3,44.4264,26.1406
2022-09-22 18:00:00,2022-09-22 19:00:00,13.430000000000000000,ug.m-3,44.4264,26.1406
2022-09-22 19:00:00,2022-09-22 20:00:00,17.530000000000000000,ug.m-3,44.4264,26.1406
2022-09-22 20:00:00,2022-09-22 21:00:00,12.040000000000000000,ug.m-3,44.4264,26.1406
2022-09-22 21:00:00,2022-09-22 22:00:00,12.250000000000000000,ug.m-3,44.4264,26.1406
2022-09-22 22:00:00,2022-09-22 23:00:00,12.530000000000000000,ug.m-3,44.4264,26.1406
2022-09-22 23:00:00,2022-09-23 00:00:00,10.180000000000000000,ug.m-3,44.4264,26.1406
2022-09-23 00:00:00,2022-09-23 01:00:00,10.680000000000000000,ug.m-3,44.4264,26.1406
2022-09-23 01:00:00,2022-09-23 02:00:00,9.520000000000000000,ug.m-3,44.4264,26.1406
2022-09-23 02:00:00,2022-09-23 03:00:00,10.580000000000000000,ug.m-3,44.4264,26.1406
2022-09-23 03:00:00,2022-09-23 04:00:00,7.270000000000000000,ug.m-3,44.4264,26.1406
2022-09-23 04:00:00,2022-09-23 05:00:00,5.210000000000000000,ug.m-3,44.4264,26.1406
2022-09-23 05:00:00,2022-09-23 06:00:00,8.360000000000000000,ug.m-3,44.4264,26.1406
2022-09-23 06:00:00,2022-09-23 07:00:00,14.480000000000000000,ug.m-3,44.4264,26.1406
2022-09-23 07:00:00,2022-09-23 08:00:00,20.600000000000000000,ug.m-3,44.4264,26.1406
2022-09-23 08:00:00,2022-09-23 09:00:00,18.560000000000000000,ug.m-3,44.4264,26.1406
2022-09-23 09:00:00,2022-09-23 10:00:00,16.130000000000000000,ug.m-3,44.4264,26.1406
2022-09-23 10:00:00,2022-09-23 11:00:00,19.610000000000000000,ug.m-3,44.4264,26.1406
2022-09-23 11:00:00,2022-09-23 12:00:00,12.940000000000000000,ug.m-3,44.4264,26.1406
2022-09-23 12:00:00,2022-09-23 13:00:00,12.190000000000000000,ug.m-3,44.4264,26.1406
2022-09-23 13:00:00,2022-09-23 14:00:00,9.860000000000000000,ug.m-3,44.4264,26.1406
2022-09-23 14:00:00,2022-09-23 15:00:00,12.600000000000000000,ug.m-3,44.4264,26.1406
2022-09-23 15:00:00,2022-09-23 16:00:00,9.400000000000000000,ug.m-3,44.4264,26.1406
2022-09-23 16:00:00,2022-09-23 17:00:00,12.310000000000000000,ug.m-3,44.4264,26.1406
2022-09-23 17:00:00,2022-09-23 18:00:00,7.540000000000000000,ug.m-3,44.4264,26.1406
2022-09-23 18:00:00,2022-09-23 19:00:00,7.670000000000000000,ug.m-3,44.4264,26.1406
2022-09-23 19:00:00,2022-09-23 20:00:00,14.660000000000000000,ug.m-3,44.4264,26.1406
2022-09-23 20:00:00,2022-09-23 21:00:00,26.130000000000000000,ug.m-3,44.4264,26.1406
2022-09-23 21:00:00,2022-09-23 22:00:00,25.500000000000000000,ug.m-3,44.4264,26.1406
2022-09-23 22:00:00,2022-09-23 23:00:00,15.690000000000000000,ug.m-3,44.4264,26.1406
2022-09-23 23:00:00,2022-09-24 00:00:00,9.440000000000000000,ug.m-3,44.4264,26.1406
2022-09-24 00:00:00,2022-09-24 01:00:00,10.430000000000000000,ug.m-3,44.4264,26.1406
2022-09-24 01:00:00,2022-09-24 02:00:00,12.630000000000000000,ug.m-3,44.4264,26.1406
2022-09-24 02:00:00,2022-09-24 03:00:00,9.790000000000000000,ug.m-3,44.4264,26.1406
2022-09-24 03:00:00,2022-09-24 04:00:00,8.710000000000000000,ug.m-3,44.4264,26.1406
2022-09-24 04:00:00,2022-09-24 05:00:00,8.110000000000000000,ug.m-3,44.4264,26.1406
2022-09-24 05:00:00,2022-09-24 06:00:00,10.090000000000000000,ug.m-3,44.4264,26.1406
2022-09-24 06:00:00,2022-09-24 07:00:00,13.000000000000000000,ug.m-3,44.4264,26.1406
2022-09-24 07:00:00,2022-09-24 08:00:00,13.590000000000000000,ug.m-3,44.4264,26.1406
2022-09-24 08:00:00,2022-09-24 09:00:00,17.100000000000000000,ug.m-3,44.4264,26.1406
2022-09-24 09:00:00,2022-09-24 10:00:00,21.340000000000000000,ug.m-3,44.4264,26.1406
2022-09-24 10:00:00,2022-09-24 11:00:00,14.150000000000000000,ug.m-3,44.4264,26.1406
2022-09-24 11:00:00,2022-09-24 12:00:00,12.120000000000000000,ug.m-3,44.4264,26.1406
2022-09-24 12:00:00,2022-09-24 13:00:00,7.540000000000000000,ug.m-3,44.4264,26.1406
2022-09-24 13:00:00,2022-09-24 14:00:00,6.280000000000000000,ug.m-3,44.4264,26.1406
2022-09-24 15:00:00,2022-09-24 16:00:00,4.610000000000000000,ug.m-3,44.4264,26.1406
2022-09-24 16:00:00,2022-09-24 17:00:00,11.520000000000000000,ug.m-3,44.4264,26.1406
2022-09-24 17:00:00,2022-09-24 18:00:00,11.110000000000000000,ug.m-3,44.4264,26.1406
2022-09-24 18:00:00,2022-09-24 19:00:00,12.270000000000000000,ug.m-3,44.4264,26.1406
2022-09-24 19:00:00,2022-09-24 20:00:00,16.020000000000000000,ug.m-3,44.4264,26.1406
2022-09-24 20:00:00,2022-09-24 21:00:00,17.730000000000000000,ug.m-3,44.4264,26.1406
2022-09-24 21:00:00,2022-09-24 22:00:00,29.890000000000000000,ug.m-3,44.4264,26.1406
2022-09-24 22:00:00,2022-09-24 23:00:00,40.670000000000000000,ug.m-3,44.4264,26.1406
2022-09-24 23:00:00,2022-09-25 00:00:00,35.410000000000000000,ug.m-3,44.4264,26.1406
2022-09-25 00:00:00,2022-09-25 01:00:00,35.960000000000000000,ug.m-3,44.4264,26.1406
2022-09-25 01:00:00,2022-09-25 02:00:00,38.660000000000000000,ug.m-3,44.4264,26.1406
2022-09-25 02:00:00,2022-09-25 03:00:00,33.220000000000000000,ug.m-3,44.4264,26.1406
2022-09-25 03:00:00,2022-09-25 04:00:00,31.860000000000000000,ug.m-3,44.4264,26.1406
2022-09-25 04:00:00,2022-09-25 05:00:00,26.580000000000000000,ug.m-3,44.4264,26.1406
2022-09-25 05:00:00,2022-09-25 06:00:00,20.090000000000000000,ug.m-3,44.4264,26.1406
2022-09-25 06:00:00,2022-09-25 07:00:00,16.990000000000000000,ug.m-3,44.4264,26.1406
2022-09-25 07:00:00,2022-09-25 08:00:00,17.620000000000000000,ug.m-3,44.4264,26.1406
2022-09-25 08:00:00,2022-09-25 09:00:00,20.530000000000000000,ug.m-3,44.4264,26.1406
2022-09-25 09:00:00,2022-09-25 10:00:00,23.130000000000000000,ug.m-3,44.4264,26.1406
2022-09-25 10:00:00,2022-09-25 11:00:00,22.960000000000000000,ug.m-3,44.4264,26.1406
2022-09-25 11:00:00,2022-09-25 12:00:00,17.720000000000000000,ug.m-3,44.4264,26.1406
2022-09-25 12:00:00,2022-09-25 13:00:00,21.220000000000000000,ug.m-3,44.4264,26.1406
2022-09-25 13:00:00,2022-09-25 14:00:00,19.000000000000000000,ug.m-3,44.4264,26.1406
2022-09-25 14:00:00,2022-09-25 15:00:00,15.190000000000000000,ug.m-3,44.4264,26.1406
2022-09-25 15:00:00,2022-09-25 16:00:00,15.080000000000000000,ug.m-3,44.4264,26.1406
2022-09-25 16:00:00,2022-09-25 17:00:00,16.440000000000000000,ug.m-3,44.4264,26.1406
2022-09-25 17:00:00,2022-09-25 18:00:00,16.530000000000000000,ug.m-3,44.4264,26.1406
2022-09-25 18:00:00,2022-09-25 19:00:00,16.280000000000000000,ug.m-3,44.4264,26.1406
2022-09-25 19:00:00,2022-09-25 20:00:00,27.710000000000000000,ug.m-3,44.4264,26.1406
2022-09-25 20:00:00,2022-09-25 21:00:00,42.620000000000000000,ug.m-3,44.4264,26.1406
2022-09-25 21:00:00,2022-09-25 22:00:00,59.950000000000000000,ug.m-3,44.4264,26.1406
2022-09-25 22:00:00,2022-09-25 23:00:00,59.810000000000000000,ug.m-3,44.4264,26.1406
2022-09-25 23:00:00,2022-09-26 00:00:00,49.620000000000000000,ug.m-3,44.4264,26.1406
2022-09-26 00:00:00,2022-09-26 01:00:00,40.780000000000000000,ug.m-3,44.4264,26.1406
2022-09-26 01:00:00,2022-09-26 02:00:00,38.950000000000000000,ug.m-3,44.4264,26.1406
2022-09-26 02:00:00,2022-09-26 03:00:00,42.820000000000000000,ug.m-3,44.4264,26.1406
2022-09-26 03:00:00,2022-09-26 04:00:00,33.370000000000000000,ug.m-3,44.4264,26.1406
2022-09-26 04:00:00,2022-09-26 05:00:00,30.160000000000000000,ug.m-3,44.4264,26.1406
2022-09-26 05:00:00,2022-09-26 06:00:00,31.310000000000000000,ug.m-3,44.4264,26.1406
2022-09-26 06:00:00,2022-09-26 07:00:00,32.670000000000000000,ug.m-3,44.4264,26.1406
2022-09-26 07:00:00,2022-09-26 08:00:00,35.470000000000000000,ug.m-3,44.4264,26.1406
2022-09-26 08:00:00,2022-09-26 09:00:00,50.390000000000000000,ug.m-3,44.4264,26.1406
2022-09-26 09:00:00,2022-09-26 10:00:00,53.250000000000000000,ug.m-3,44.4264,26.1406
2022-09-26 10:00:00,2022-09-26 11:00:00,37.310000000000000000,ug.m-3,44.4264,26.1406
2022-09-26 11:00:00,2022-09-26 12:00:00,27.760000000000000000,ug.m-3,44.4264,26.1406
2022-09-26 12:00:00,2022-09-26 13:00:00,28.350000000000000000,ug.m-3,44.4264,26.1406
2022-09-26 13:00:00,2022-09-26 14:00:00,24.120000000000000000,ug.m-3,44.4264,26.1406
2022-09-26 14:00:00,2022-09-26 15:00:00,23.360000000000000000,ug.m-3,44.4264,26.1406
2022-09-26 15:00:00,2022-09-26 16:00:00,25.750000000000000000,ug.m-3,44.4264,26.1406
2022-09-26 16:00:00,2022-09-26 17:00:00,20.310000000000000000,ug.m-3,44.4264,26.1406
2022-09-26 17:00:00,2022-09-26 18:00:00,21.000000000000000000,ug.m-3,44.4264,26.1406
2022-09-26 18:00:00,2022-09-26 19:00:00,25.690000000000000000,ug.m-3,44.4264,26.1406
2022-09-26 19:00:00,2022-09-26 20:00:00,27.080000000000000000,ug.m-3,44.4264,26.1406
2022-09-26 20:00:00,2022-09-26 21:00:00,33.230000000000000000,ug.m-3,44.4264,26.1406
2022-09-26 21:00:00,2022-09-26 22:00:00,37.160000000000000000,ug.m-3,44.4264,26.1406
2022-09-26 22:00:00,2022-09-26 23:00:00,28.370000000000000000,ug.m-3,44.4264,26.1406
2022-09-26 23:00:00,2022-09-27 00:00:00,23.300000000000000000,ug.m-3,44.4264,26.1406
2022-09-27 00:00:00,2022-09-27 01:00:00,19.840000000000000000,ug.m-3,44.4264,26.1406
2022-09-27 01:00:00,2022-09-27 02:00:00,16.430000000000000000,ug.m-3,44.4264,26.1406
2022-09-27 02:00:00,2022-09-27 03:00:00,24.250000000000000000,ug.m-3,44.4264,26.1406
2022-09-27 03:00:00,2022-09-27 04:00:00,20.840000000000000000,ug.m-3,44.4264,26.1406
2022-09-27 04:00:00,2022-09-27 05:00:00,15.060000000000000000,ug.m-3,44.4264,26.1406
2022-09-27 05:00:00,2022-09-27 06:00:00,12.420000000000000000,ug.m-3,44.4264,26.1406
2022-09-27 06:00:00,2022-09-27 07:00:00,17.300000000000000000,ug.m-3,44.4264,26.1406
2022-09-27 07:00:00,2022-09-27 08:00:00,24.070000000000000000,ug.m-3,44.4264,26.1406
2022-09-27 08:00:00,2022-09-27 09:00:00,24.330000000000000000,ug.m-3,44.4264,26.1406
2022-09-27 09:00:00,2022-09-27 10:00:00,17.810000000000000000,ug.m-3,44.4264,26.1406
2022-09-27 10:00:00,2022-09-27 11:00:00,18.590000000000000000,ug.m-3,44.4264,26.1406
2022-09-27 11:00:00,2022-09-27 12:00:00,16.120000000000000000,ug.m-3,44.4264,26.1406
2022-09-27 12:00:00,2022-09-27 13:00:00,17.000000000000000000,ug.m-3,44.4264,26.1406
2022-09-27 13:00:00,2022-09-27 14:00:00,13.630000000000000000,ug.m-3,44.4264,26.1406
2022-09-27 14:00:00,2022-09-27 15:00:00,11.840000000000000000,ug.m-3,44.4264,26.1406
2022-09-27 15:00:00,2022-09-27 16:00:00,12.650000000000000000,ug.m-3,44.4264,26.1406
2022-09-27 16:00:00,2022-09-27 17:00:00,14.130000000000000000,ug.m-3,44.4264,26.1406
2022-09-27 17:00:00,2022-09-27 18:00:00,15.760000000000000000,ug.m-3,44.4264,26.1406
2022-09-27 18:00:00,2022-09-27 19:00:00,13.320000000000000000,ug.m-3,44.4264,26.1406
2022-09-27 19:00:00,2022-09-27 20:00:00,18.620000000000000000,ug.m-3,44.4264,26.1406
2022-09-27 20:00:00,2022-09-27 21:00:00,26.630000000000000000,ug.m-3,44.4264,26.1406
2022-09-27 21:00:00,2022-09-27 22:00:00,24.870000000000000000,ug.m-3,44.4264,26.1406
2022-09-27 22:00:00,2022-09-27 23:00:00,8.860000000000000000,ug.m-3,44.4264,26.1406
2022-09-27 23:00:00,2022-09-28 00:00:00,14.030000000000000000,ug.m-3,44.4264,26.1406
2022-09-28 00:00:00,2022-09-28 01:00:00,8.110000000000000000,ug.m-3,44.4264,26.1406
2022-09-28 01:00:00,2022-09-28 02:00:00,6.690000000000000000,ug.m-3,44.4264,26.1406
2022-09-28 02:00:00,2022-09-28 03:00:00,5.740000000000000000,ug.m-3,44.4264,26.1406
2022-09-28 03:00:00,2022-09-28 04:00:00,9.850000000000000000,ug.m-3,44.4264,26.1406
2022-09-28 04:00:00,2022-09-28 05:00:00,9.030000000000000000,ug.m-3,44.4264,26.1406
2022-09-28 05:00:00,2022-09-28 06:00:00,12.250000000000000000,ug.m-3,44.4264,26.1406
2022-09-28 06:00:00,2022-09-28 07:00:00,9.470000000000000000,ug.m-3,44.4264,26.1406
2022-09-28 07:00:00,2022-09-28 08:00:00,15.730000000000000000,ug.m-3,44.4264,26.1406
2022-09-28 08:00:00,2022-09-28 09:00:00,18.240000000000000000,ug.m-3,44.4264,26.1406
2022-09-28 09:00:00,2022-09-28 10:00:00,14.600000000000000000,ug.m-3,44.4264,26.1406
2022-09-28 10:00:00,2022-09-28 11:00:00,7.270000000000000000,ug.m-3,44.4264,26.1406
2022-09-28 11:00:00,2022-09-28 12:00:00,10.100000000000000000,ug.m-3,44.4264,26.1406
2022-09-28 12:00:00,2022-09-28 13:00:00,8.340000000000000000,ug.m-3,44.4264,26.1406
2022-09-28 13:00:00,2022-09-28 14:00:00,8.840000000000000000,ug.m-3,44.4264,26.1406
2022-09-28 14:00:00,2022-09-28 15:00:00,9.000000000000000000,ug.m-3,44.4264,26.1406
2022-09-28 15:00:00,2022-09-28 16:00:00,10.280000000000000000,ug.m-3,44.4264,26.1406
2022-09-28 16:00:00,2022-09-28 17:00:00,11.110000000000000000,ug.m-3,44.4264,26.1406
2022-09-28 17:00:00,2022-09-28 18:00:00,14.750000000000000000,ug.m-3,44.4264,26.1406
2022-09-28 18:00:00,2022-09-28 19:00:00,14.200000000000000000,ug.m-3,44.4264,26.1406
2022-09-28 19:00:00,2022-09-28 20:00:00,14.760000000000000000,ug.m-3,44.4264,26.1406
2022-09-28 20:00:00,2022-09-28 21:00:00,22.830000000000000000,ug.m-3,44.4264,26.1406
2022-09-28 21:00:00,2022-09-28 22:00:00,26.390000000000000000,ug.m-3,44.4264,26.1406
2022-09-28 22:00:00,2022-09-28 23:00:00,34.770000000000000000,ug.m-3,44.4264,26.1406
2022-09-28 23:00:00,2022-09-29 00:00:00,39.070000000000000000,ug.m-3,44.4264,26.1406
2022-09-29 00:00:00,2022-09-29 01:00:00,32.440000000000000000,ug.m-3,44.4264,26.1406
2022-09-29 01:00:00,2022-09-29 02:00:00,30.240000000000000000,ug.m-3,44.4264,26.1406
2022-09-29 02:00:00,2022-09-29 03:00:00,25.490000000000000000,ug.m-3,44.4264,26.1406
2022-09-29 03:00:00,2022-09-29 04:00:00,25.250000000000000000,ug.m-3,44.4264,26.1406
2022-09-29 04:00:00,2022-09-29 05:00:00,23.330000000000000000,ug.m-3,44.4264,26.1406
2022-09-29 05:00:00,2022-09-29 06:00:00,16.990000000000000000,ug.m-3,44.4264,26.1406
2022-09-29 06:00:00,2022-09-29 07:00:00,17.290000000000000000,ug.m-3,44.4264,26.1406
2022-09-29 07:00:00,2022-09-29 08:00:00,23.030000000000000000,ug.m-3,44.4264,26.1406
2022-09-29 08:00:00,2022-09-29 09:00:00,25.720000000000000000,ug.m-3,44.4264,26.1406
2022-09-29 09:00:00,2022-09-29 10:00:00,28.220000000000000000,ug.m-3,44.4264,26.1406
2022-09-29 10:00:00,2022-09-29 11:00:00,26.660000000000000000,ug.m-3,44.4264,26.1406
2022-09-29 11:00:00,2022-09-29 12:00:00,26.410000000000000000,ug.m-3,44.4264,26.1406
2022-09-29 12:00:00,2022-09-29 13:00:00,24.950000000000000000,ug.m-3,44.4264,26.1406
2022-09-29 13:00:00,2022-09-29 14:00:00,25.520000000000000000,ug.m-3,44.4264,26.1406
2022-09-29 14:00:00,2022-09-29 15:00:00,22.960000000000000000,ug.m-3,44.4264,26.1406
2022-09-29 15:00:00,2022-09-29 16:00:00,15.330000000000000000,ug.m-3,44.4264,26.1406
2022-09-29 16:00:00,2022-09-29 17:00:00,15.610000000000000000,ug.m-3,44.4264,26.1406
2022-09-29 17:00:00,2022-09-29 18:00:00,19.000000000000000000,ug.m-3,44.4264,26.1406
2022-09-29 18:00:00,2022-09-29 19:00:00,19.150000000000000000,ug.m-3,44.4264,26.1406
2022-09-29 19:00:00,2022-09-29 20:00:00,21.260000000000000000,ug.m-3,44.4264,26.1406
2022-09-29 20:00:00,2022-09-29 21:00:00,22.550000000000000000,ug.m-3,44.4264,26.1406
2022-09-29 21:00:00,2022-09-29 22:00:00,21.140000000000000000,ug.m-3,44.4264,26.1406
2022-09-29 22:00:00,2022-09-29 23:00:00,15.650000000000000000,ug.m-3,44.4264,26.1406
2022-09-29 23:00:00,2022-09-30 00:00:00,14.530000000000000000,ug.m-3,44.4264,26.1406
2022-09-30 00:00:00,2022-09-30 01:00:00,14.690000000000000000,ug.m-3,44.4264,26.1406
2022-09-30 01:00:00,2022-09-30 02:00:00,19.410000000000000000,ug.m-3,44.4264,26.1406
2022-09-30 02:00:00,2022-09-30 03:00:00,19.800000000000000000,ug.m-3,44.4264,26.1406
2022-09-30 03:00:00,2022-09-30 04:00:00,17.710000000000000000,ug.m-3,44.4264,26.1406
2022-09-30 04:00:00,2022-09-30 05:00:00,17.480000000000000000,ug.m-3,44.4264,26.1406
2022-09-30 05:00:00,2022-09-30 06:00:00,17.660000000000000000,ug.m-3,44.4264,26.1406
2022-09-30 06:00:00,2022-09-30 07:00:00,20.630000000000000000,ug.m-3,44.4264,26.1406
2022-09-30 07:00:00,2022-09-30 08:00:00,21.420000000000000000,ug.m-3,44.4264,26.1406
2022-09-30 08:00:00,2022-09-30 09:00:00,34.840000000000000000,ug.m-3,44.4264,26.1406
2022-09-30 09:00:00,2022-09-30 10:00:00,36.660000000000000000,ug.m-3,44.4264,26.1406
2022-09-30 10:00:00,2022-09-30 11:00:00,25.470000000000000000,ug.m-3,44.4264,26.1406
2022-09-30 11:00:00,2022-09-30 12:00:00,19.390000000000000000,ug.m-3,44.4264,26.1406
2022-09-30 12:00:00,2022-09-30 13:00:00,15.780000000000000000,ug.m-3,44.4264,26.1406
2022-09-30 13:00:00,2022-09-30 14:00:00,14.970000000000000000,ug.m-3,44.4264,26.1406
2022-09-30 14:00:00,2022-09-30 15:00:00,17.000000000000000000,ug.m-3,44.4264,26.1406
2022-09-30 15:00:00,2022-09-30 16:00:00,13.280000000000000000,ug.m-3,44.4264,26.1406
2022-09-30 16:00:00,2022-09-30 17:00:00,15.840000000000000000,ug.m-3,44.4264,26.1406
2022-09-30 17:00:00,2022-09-30 18:00:00,17.770000000000000000,ug.m-3,44.4264,26.1406
2022-09-30 18:00:00,2022-09-30 19:00:00,19.760000000000000000,ug.m-3,44.4264,26.1406
2022-09-30 19:00:00,2022-09-30 20:00:00,18.980000000000000000,ug.m-3,44.4264,26.1406
2022-09-30 20:00:00,2022-09-30 21:00:00,23.510000000000000000,ug.m-3,44.4264,26.1406
2022-09-30 21:00:00,2022-09-30 22:00:00,25.590000000000000000,ug.m-3,44.4264,26.1406
2022-09-30 22:00:00,2022-09-30 23:00:00,16.980000000000000000,ug.m-3,44.4264,26.1406
2022-09-30 23:00:00,2022-10-01 00:00:00,20.490000000000000000,ug.m-3,44.4264,26.1406
2022-10-01 00:00:00,2022-10-01 01:00:00,23.600000000000000000,ug.m-3,44.4264,26.1406
2022-10-01 01:00:00,2022-10-01 02:00:00,24.160000000000000000,ug.m-3,44.4264,26.1406
2022-10-01 02:00:00,2022-10-01 03:00:00,22.590000000000000000,ug.m-3,44.4264,26.1406
2022-10-01 03:00:00,2022-10-01 04:00:00,20.340000000000000000,ug.m-3,44.4264,26.1406
2022-10-01 04:00:00,2022-10-01 05:00:00,23.220000000000000000,ug.m-3,44.4264,26.1406
2022-10-01 05:00:00,2022-10-01 06:00:00,23.770000000000000000,ug.m-3,44.4264,26.1406
2022-10-01 06:00:00,2022-10-01 07:00:00,23.740000000000000000,ug.m-3,44.4264,26.1406
2022-10-01 07:00:00,2022-10-01 08:00:00,27.800000000000000000,ug.m-3,44.4264,26.1406
2022-10-01 08:00:00,2022-10-01 09:00:00,29.340000000000000000,ug.m-3,44.4264,26.1406
2022-10-01 09:00:00,2022-10-01 10:00:00,25.270000000000000000,ug.m-3,44.4264,26.1406
2022-10-01 10:00:00,2022-10-01 11:00:00,23.400000000000000000,ug.m-3,44.4264,26.1406
2022-10-01 11:00:00,2022-10-01 12:00:00,26.670000000000000000,ug.m-3,44.4264,26.1406
2022-10-01 12:00:00,2022-10-01 13:00:00,36.720000000000000000,ug.m-3,44.4264,26.1406
2022-10-01 13:00:00,2022-10-01 14:00:00,31.030000000000000000,ug.m-3,44.4264,26.1406
2022-10-01 14:00:00,2022-10-01 15:00:00,20.990000000000000000,ug.m-3,44.4264,26.1406
2022-10-01 15:00:00,2022-10-01 16:00:00,21.330000000000000000,ug.m-3,44.4264,26.1406
2022-10-01 16:00:00,2022-10-01 17:00:00,21.230000000000000000,ug.m-3,44.4264,26.1406
2022-10-01 17:00:00,2022-10-01 18:00:00,18.700000000000000000,ug.m-3,44.4264,26.1406
2022-10-01 18:00:00,2022-10-01 19:00:00,26.220000000000000000,ug.m-3,44.4264,26.1406
2022-10-01 19:00:00,2022-10-01 20:00:00,27.790000000000000000,ug.m-3,44.4264,26.1406
2022-10-01 20:00:00,2022-10-01 21:00:00,24.720000000000000000,ug.m-3,44.4264,26.1406
2022-10-01 21:00:00,2022-10-01 22:00:00,20.130000000000000000,ug.m-3,44.4264,26.1406
2022-10-01 22:00:00,2022-10-01 23:00:00,18.680000000000000000,ug.m-3,44.4264,26.1406
2022-10-01 23:00:00,2022-10-02 00:00:00,17.440000000000000000,ug.m-3,44.4264,26.1406
2022-10-02 00:00:00,2022-10-02 01:00:00,11.890000000000000000,ug.m-3,44.4264,26.1406
2022-10-02 01:00:00,2022-10-02 02:00:00,15.540000000000000000,ug.m-3,44.4264,26.1406
2022-10-02 02:00:00,2022-10-02 03:00:00,11.100000000000000000,ug.m-3,44.4264,26.1406
2022-10-02 03:00:00,2022-10-02 04:00:00,13.420000000000000000,ug.m-3,44.4264,26.1406
2022-10-02 04:00:00,2022-10-02 05:00:00,10.330000000000000000,ug.m-3,44.4264,26.1406
2022-10-02 05:00:00,2022-10-02 06:00:00,8.910000000000000000,ug.m-3,44.4264,26.1406
2022-10-02 06:00:00,2022-10-02 07:00:00,13.090000000000000000,ug.m-3,44.4264,26.1406
2022-10-02 07:00:00,2022-10-02 08:00:00,16.350000000000000000,ug.m-3,44.4264,26.1406
2022-10-02 08:00:00,2022-10-02 09:00:00,14.300000000000000000,ug.m-3,44.4264,26.1406
2022-10-02 09:00:00,2022-10-02 10:00:00,15.090000000000000000,ug.m-3,44.4264,26.1406
2022-10-02 10:00:00,2022-10-02 11:00:00,11.920000000000000000,ug.m-3,44.4264,26.1406
2022-10-02 11:00:00,2022-10-02 12:00:00,12.080000000000000000,ug.m-3,44.4264,26.1406
2022-10-02 12:00:00,2022-10-02 13:00:00,4.610000000000000000,ug.m-3,44.4264,26.1406
2022-10-02 13:00:00,2022-10-02 14:00:00,6.550000000000000000,ug.m-3,44.4264,26.1406
2022-10-02 14:00:00,2022-10-02 15:00:00,5.170000000000000000,ug.m-3,44.4264,26.1406
2022-10-02 15:00:00,2022-10-02 16:00:00,6.880000000000000000,ug.m-3,44.4264,26.1406
2022-10-02 16:00:00,2022-10-02 17:00:00,6.920000000000000000,ug.m-3,44.4264,26.1406
2022-10-02 17:00:00,2022-10-02 18:00:00,2.060000000000000000,ug.m-3,44.4264,26.1406
2022-10-02 18:00:00,2022-10-02 19:00:00,5.960000000000000000,ug.m-3,44.4264,26.1406
2022-10-02 19:00:00,2022-10-02 20:00:00,5.380000000000000000,ug.m-3,44.4264,26.1406
2022-10-02 20:00:00,2022-10-02 21:00:00,9.460000000000000000,ug.m-3,44.4264,26.1406
2022-10-02 21:00:00,2022-10-02 22:00:00,9.870000000000000000,ug.m-3,44.4264,26.1406
2022-10-02 22:00:00,2022-10-02 23:00:00,10.390000000000000000,ug.m-3,44.4264,26.1406
2022-10-02 23:00:00,2022-10-03 00:00:00,8.480000000000000000,ug.m-3,44.4264,26.1406
2022-10-03 00:00:00,2022-10-03 01:00:00,9.050000000000000000,ug.m-3,44.4264,26.1406
2022-10-03 01:00:00,2022-10-03 02:00:00,8.460000000000000000,ug.m-3,44.4264,26.1406
2022-10-03 02:00:00,2022-10-03 03:00:00,7.510000000000000000,ug.m-3,44.4264,26.1406
2022-10-03 03:00:00,2022-10-03 04:00:00,6.580000000000000000,ug.m-3,44.4264,26.1406
2022-10-03 04:00:00,2022-10-03 05:00:00,6.650000000000000000,ug.m-3,44.4264,26.1406
2022-10-03 05:00:00,2022-10-03 06:00:00,9.650000000000000000,ug.m-3,44.4264,26.1406
2022-10-03 06:00:00,2022-10-03 07:00:00,13.610000000000000000,ug.m-3,44.4264,26.1406
2022-10-03 07:00:00,2022-10-03 08:00:00,13.390000000000000000,ug.m-3,44.4264,26.1406
2022-10-03 08:00:00,2022-10-03 09:00:00,19.440000000000000000,ug.m-3,44.4264,26.1406
2022-10-03 09:00:00,2022-10-03 10:00:00,16.880000000000000000,ug.m-3,44.4264,26.1406
2022-10-03 10:00:00,2022-10-03 11:00:00,14.180000000000000000,ug.m-3,44.4264,26.1406
2022-10-03 11:00:00,2022-10-03 12:00:00,10.720000000000000000,ug.m-3,44.4264,26.1406
2022-10-03 12:00:00,2022-10-03 13:00:00,8.210000000000000000,ug.m-3,44.4264,26.1406
2022-10-03 13:00:00,2022-10-03 14:00:00,7.630000000000000000,ug.m-3,44.4264,26.1406
2022-10-03 14:00:00,2022-10-03 15:00:00,8.890000000000000000,ug.m-3,44.4264,26.1406
2022-10-03 15:00:00,2022-10-03 16:00:00,11.310000000000000000,ug.m-3,44.4264,26.1406
2022-10-03 16:00:00,2022-10-03 17:00:00,9.220000000000000000,ug.m-3,44.4264,26.1406
2022-10-03 17:00:00,2022-10-03 18:00:00,4.460000000000000000,ug.m-3,44.4264,26.1406
2022-10-03 18:00:00,2022-10-03 19:00:00,15.720000000000000000,ug.m-3,44.4264,26.1406
2022-10-03 19:00:00,2022-10-03 20:00:00,20.740000000000000000,ug.m-3,44.4264,26.1406
2022-10-03 20:00:00,2022-10-03 21:00:00,16.690000000000000000,ug.m-3,44.4264,26.1406
2022-10-03 21:00:00,2022-10-03 22:00:00,15.570000000000000000,ug.m-3,44.4264,26.1406
2022-10-03 22:00:00,2022-10-03 23:00:00,21.600000000000000000,ug.m-3,44.4264,26.1406
2022-10-03 23:00:00,2022-10-04 00:00:00,18.790000000000000000,ug.m-3,44.4264,26.1406
2022-10-04 00:00:00,2022-10-04 01:00:00,17.030000000000000000,ug.m-3,44.4264,26.1406
2022-10-04 01:00:00,2022-10-04 02:00:00,13.330000000000000000,ug.m-3,44.4264,26.1406
2022-10-04 02:00:00,2022-10-04 03:00:00,10.910000000000000000,ug.m-3,44.4264,26.1406
2022-10-04 03:00:00,2022-10-04 04:00:00,8.250000000000000000,ug.m-3,44.4264,26.1406
2022-10-04 04:00:00,2022-10-04 05:00:00,5.650000000000000000,ug.m-3,44.4264,26.1406
2022-10-04 05:00:00,2022-10-04 06:00:00,6.140000000000000000,ug.m-3,44.4264,26.1406
2022-10-04 06:00:00,2022-10-04 07:00:00,12.510000000000000000,ug.m-3,44.4264,26.1406
2022-10-04 07:00:00,2022-10-04 08:00:00,18.090000000000000000,ug.m-3,44.4264,26.1406
2022-10-04 08:00:00,2022-10-04 09:00:00,19.950000000000000000,ug.m-3,44.4264,26.1406
2022-10-04 09:00:00,2022-10-04 10:00:00,21.070000000000000000,ug.m-3,44.4264,26.1406
2022-10-04 10:00:00,2022-10-04 11:00:00,16.730000000000000000,ug.m-3,44.4264,26.1406
2022-10-04 11:00:00,2022-10-04 12:00:00,15.000000000000000000,ug.m-3,44.4264,26.1406
2022-10-04 12:00:00,2022-10-04 13:00:00,13.030000000000000000,ug.m-3,44.4264,26.1406
2022-10-04 13:00:00,2022-10-04 14:00:00,9.480000000000000000,ug.m-3,44.4264,26.1406
2022-10-04 14:00:00,2022-10-04 15:00:00,9.570000000000000000,ug.m-3,44.4264,26.1406
2022-10-04 15:00:00,2022-10-04 16:00:00,10.690000000000000000,ug.m-3,44.4264,26.1406
2022-10-04 16:00:00,2022-10-04 17:00:00,9.380000000000000000,ug.m-3,44.4264,26.1406
2022-10-04 17:00:00,2022-10-04 18:00:00,6.910000000000000000,ug.m-3,44.4264,26.1406
2022-10-04 18:00:00,2022-10-04 19:00:00,11.520000000000000000,ug.m-3,44.4264,26.1406
2022-10-04 19:00:00,2022-10-04 20:00:00,16.720000000000000000,ug.m-3,44.4264,26.1406
2022-10-04 20:00:00,2022-10-04 21:00:00,36.480000000000000000,ug.m-3,44.4264,26.1406
2022-10-04 21:00:00,2022-10-04 22:00:00,29.090000000000000000,ug.m-3,44.4264,26.1406
2022-10-04 22:00:00,2022-10-04 23:00:00,11.910000000000000000,ug.m-3,44.4264,26.1406
2022-10-04 23:00:00,2022-10-05 00:00:00,9.700000000000000000,ug.m-3,44.4264,26.1406
2022-10-05 00:00:00,2022-10-05 01:00:00,8.160000000000000000,ug.m-3,44.4264,26.1406
2022-10-05 01:00:00,2022-10-05 02:00:00,5.520000000000000000,ug.m-3,44.4264,26.1406
2022-10-05 02:00:00,2022-10-05 03:00:00,7.750000000000000000,ug.m-3,44.4264,26.1406
2022-10-05 03:00:00,2022-10-05 04:00:00,11.420000000000000000,ug.m-3,44.4264,26.1406
2022-10-05 04:00:00,2022-10-05 05:00:00,15.370000000000000000,ug.m-3,44.4264,26.1406
2022-10-05 05:00:00,2022-10-05 06:00:00,16.650000000000000000,ug.m-3,44.4264,26.1406
2022-10-05 06:00:00,2022-10-05 07:00:00,18.190000000000000000,ug.m-3,44.4264,26.1406
2022-10-05 07:00:00,2022-10-05 08:00:00,19.870000000000000000,ug.m-3,44.4264,26.1406
2022-10-05 08:00:00,2022-10-05 09:00:00,32.800000000000000000,ug.m-3,44.4264,26.1406
2022-10-05 09:00:00,2022-10-05 10:00:00,32.510000000000000000,ug.m-3,44.4264,26.1406
2022-10-05 10:00:00,2022-10-05 11:00:00,17.560000000000000000,ug.m-3,44.4264,26.1406
2022-10-05 11:00:00,2022-10-05 12:00:00,15.060000000000000000,ug.m-3,44.4264,26.1406
2022-10-05 12:00:00,2022-10-05 13:00:00,12.100000000000000000,ug.m-3,44.4264,26.1406
2022-10-05 13:00:00,2022-10-05 14:00:00,12.440000000000000000,ug.m-3,44.4264,26.1406
2022-10-05 14:00:00,2022-10-05 15:00:00,10.470000000000000000,ug.m-3,44.4264,26.1406
2022-10-05 15:00:00,2022-10-05 16:00:00,15.390000000000000000,ug.m-3,44.4264,26.1406
2022-10-05 16:00:00,2022-10-05 17:00:00,15.030000000000000000,ug.m-3,44.4264,26.1406
2022-10-05 17:00:00,2022-10-05 18:00:00,14.920000000000000000,ug.m-3,44.4264,26.1406
2022-10-05 18:00:00,2022-10-05 19:00:00,17.160000000000000000,ug.m-3,44.4264,26.1406
2022-10-05 19:00:00,2022-10-05 20:00:00,26.320000000000000000,ug.m-3,44.4264,26.1406
2022-10-05 20:00:00,2022-10-05 21:00:00,31.400000000000000000,ug.m-3,44.4264,26.1406
2022-10-05 21:00:00,2022-10-05 22:00:00,24.460000000000000000,ug.m-3,44.4264,26.1406
2022-10-05 22:00:00,2022-10-05 23:00:00,21.280000000000000000,ug.m-3,44.4264,26.1406
2022-10-05 23:00:00,2022-10-06 00:00:00,19.380000000000000000,ug.m-3,44.4264,26.1406
2022-10-06 00:00:00,2022-10-06 01:00:00,15.690000000000000000,ug.m-3,44.4264,26.1406
2022-10-06 01:00:00,2022-10-06 02:00:00,18.100000000000000000,ug.m-3,44.4264,26.1406
2022-10-06 02:00:00,2022-10-06 03:00:00,18.740000000000000000,ug.m-3,44.4264,26.1406
2022-10-06 03:00:00,2022-10-06 04:00:00,18.090000000000000000,ug.m-3,44.4264,26.1406
2022-10-06 04:00:00,2022-10-06 05:00:00,18.200000000000000000,ug.m-3,44.4264,26.1406
2022-10-06 05:00:00,2022-10-06 06:00:00,18.900000000000000000,ug.m-3,44.4264,26.1406
2022-10-06 06:00:00,2022-10-06 07:00:00,25.890000000000000000,ug.m-3,44.4264,26.1406
2022-10-06 07:00:00,2022-10-06 08:00:00,33.040000000000000000,ug.m-3,44.4264,26.1406
2022-10-06 08:00:00,2022-10-06 09:00:00,36.190000000000000000,ug.m-3,44.4264,26.1406
2022-10-06 09:00:00,2022-10-06 10:00:00,33.810000000000000000,ug.m-3,44.4264,26.1406
2022-10-06 10:00:00,2022-10-06 11:00:00,24.820000000000000000,ug.m-3,44.4264,26.1406
2022-10-06 11:00:00,2022-10-06 12:00:00,19.310000000000000000,ug.m-3,44.4264,26.1406
2022-10-06 12:00:00,2022-10-06 13:00:00,18.040000000000000000,ug.m-3,44.4264,26.1406
2022-10-06 13:00:00,2022-10-06 14:00:00,14.400000000000000000,ug.m-3,44.4264,26.1406
2022-10-06 14:00:00,2022-10-06 15:00:00,16.450000000000000000,ug.m-3,44.4264,26.1406
2022-10-06 15:00:00,2022-10-06 16:00:00,14.530000000000000000,ug.m-3,44.4264,26.1406
2022-10-06 16:00:00,2022-10-06 17:00:00,13.860000000000000000,ug.m-3,44.4264,26.1406
2022-10-06 17:00:00,2022-10-06 18:00:00,17.340000000000000000,ug.m-3,44.4264,26.1406
2022-10-06 18:00:00,2022-10-06 19:00:00,21.970000000000000000,ug.m-3,44.4264,26.1406
2022-10-06 19:00:00,2022-10-06 20:00:00,28.320000000000000000,ug.m-3,44.4264,26.1406
2022-10-06 20:00:00,2022-10-06 21:00:00,31.210000000000000000,ug.m-3,44.4264,26.1406
2022-10-06 21:00:00,2022-10-06 22:00:00,49.450000000000000000,ug.m-3,44.4264,26.1406
2022-10-06 22:00:00,2022-10-06 23:00:00,41.650000000000000000,ug.m-3,44.4264,26.1406
2022-10-06 23:00:00,2022-10-07 00:00:00,37.790000000000000000,ug.m-3,44.4264,26.1406
2022-10-07 00:00:00,2022-10-07 01:00:00,35.390000000000000000,ug.m-3,44.4264,26.1406
2022-10-07 01:00:00,2022-10-07 02:00:00,31.060000000000000000,ug.m-3,44.4264,26.1406
2022-10-07 02:00:00,2022-10-07 03:00:00,29.510000000000000000,ug.m-3,44.4264,26.1406
2022-10-07 03:00:00,2022-10-07 04:00:00,25.540000000000000000,ug.m-3,44.4264,26.1406
2022-10-07 04:00:00,2022-10-07 05:00:00,23.980000000000000000,ug.m-3,44.4264,26.1406
2022-10-07 05:00:00,2022-10-07 06:00:00,21.030000000000000000,ug.m-3,44.4264,26.1406
2022-10-07 06:00:00,2022-10-07 07:00:00,22.890000000000000000,ug.m-3,44.4264,26.1406
2022-10-07 07:00:00,2022-10-07 08:00:00,24.370000000000000000,ug.m-3,44.4264,26.1406
2022-10-07 08:00:00,2022-10-07 09:00:00,25.080000000000000000,ug.m-3,44.4264,26.1406
2022-10-07 09:00:00,2022-10-07 10:00:00,30.890000000000000000,ug.m-3,44.4264,26.1406
2022-10-07 10:00:00,2022-10-07 11:00:00,25.580000000000000000,ug.m-3,44.4264,26.1406
2022-10-07 11:00:00,2022-10-07 12:00:00,23.950000000000000000,ug.m-3,44.4264,26.1406
2022-10-07 12:00:00,2022-10-07 13:00:00,24.650000000000000000,ug.m-3,44.4264,26.1406
2022-10-07 13:00:00,2022-10-07 14:00:00,22.220000000000000000,ug.m-3,44.4264,26.1406
2022-10-07 14:00:00,2022-10-07 15:00:00,23.620000000000000000,ug.m-3,44.4264,26.1406
2022-10-07 15:00:00,2022-10-07 16:00:00,24.170000000000000000,ug.m-3,44.4264,26.1406
2022-10-07 16:00:00,2022-10-07 17:00:00,23.300000000000000000,ug.m-3,44.4264,26.1406
2022-10-07 17:00:00,2022-10-07 18:00:00,24.250000000000000000,ug.m-3,44.4264,26.1406
2022-10-07 18:00:00,2022-10-07 19:00:00,29.230000000000000000,ug.m-3,44.4264,26.1406
2022-10-07 19:00:00,2022-10-07 20:00:00,33.820000000000000000,ug.m-3,44.4264,26.1406
2022-10-07 20:00:00,2022-10-07 21:00:00,36.050000000000000000,ug.m-3,44.4264,26.1406
2022-10-07 21:00:00,2022-10-07 22:00:00,37.130000000000000000,ug.m-3,44.4264,26.1406
2022-10-07 22:00:00,2022-10-07 23:00:00,39.560000000000000000,ug.m-3,44.4264,26.1406
2022-10-07 23:00:00,2022-10-08 00:00:00,30.380000000000000000,ug.m-3,44.4264,26.1406
2022-10-08 00:00:00,2022-10-08 01:00:00,19.210000000000000000,ug.m-3,44.4264,26.1406
2022-10-08 01:00:00,2022-10-08 02:00:00,19.430000000000000000,ug.m-3,44.4264,26.1406
2022-10-08 02:00:00,2022-10-08 03:00:00,16.190000000000000000,ug.m-3,44.4264,26.1406
2022-10-08 03:00:00,2022-10-08 04:00:00,20.070000000000000000,ug.m-3,44.4264,26.1406
2022-10-08 04:00:00,2022-10-08 05:00:00,19.350000000000000000,ug.m-3,44.4264,26.1406
2022-10-08 05:00:00,2022-10-08 06:00:00,18.150000000000000000,ug.m-3,44.4264,26.1406
2022-10-08 06:00:00,2022-10-08 07:00:00,18.420000000000000000,ug.m-3,44.4264,26.1406
2022-10-08 07:00:00,2022-10-08 08:00:00,21.790000000000000000,ug.m-3,44.4264,26.1406
2022-10-08 08:00:00,2022-10-08 09:00:00,25.540000000000000000,ug.m-3,44.4264,26.1406
2022-10-08 09:00:00,2022-10-08 10:00:00,23.230000000000000000,ug.m-3,44.4264,26.1406
2022-10-08 10:00:00,2022-10-08 11:00:00,23.440000000000000000,ug.m-3,44.4264,26.1406
2022-10-08 11:00:00,2022-10-08 12:00:00,22.660000000000000000,ug.m-3,44.4264,26.1406
2022-10-08 12:00:00,2022-10-08 13:00:00,23.240000000000000000,ug.m-3,44.4264,26.1406
2022-10-08 13:00:00,2022-10-08 14:00:00,15.590000000000000000,ug.m-3,44.4264,26.1406
2022-10-08 14:00:00,2022-10-08 15:00:00,16.810000000000000000,ug.m-3,44.4264,26.1406
2022-10-08 15:00:00,2022-10-08 16:00:00,14.680000000000000000,ug.m-3,44.4264,26.1406
2022-10-08 16:00:00,2022-10-08 17:00:00,16.690000000000000000,ug.m-3,44.4264,26.1406
2022-10-08 17:00:00,2022-10-08 18:00:00,13.250000000000000000,ug.m-3,44.4264,26.1406
2022-10-08 18:00:00,2022-10-08 19:00:00,20.590000000000000000,ug.m-3,44.4264,26.1406
2022-10-08 19:00:00,2022-10-08 20:00:00,39.690000000000000000,ug.m-3,44.4264,26.1406
2022-10-08 20:00:00,2022-10-08 21:00:00,58.350000000000000000,ug.m-3,44.4264,26.1406
2022-10-08 21:00:00,2022-10-08 22:00:00,68.310000000000000000,ug.m-3,44.4264,26.1406
2022-10-08 22:00:00,2022-10-08 23:00:00,81.140000000000000000,ug.m-3,44.4264,26.1406
2022-10-08 23:00:00,2022-10-09 00:00:00,71.670000000000000000,ug.m-3,44.4264,26.1406
2022-10-09 00:00:00,2022-10-09 01:00:00,67.710000000000000000,ug.m-3,44.4264,26.1406
2022-10-09 01:00:00,2022-10-09 02:00:00,65.750000000000000000,ug.m-3,44.4264,26.1406
2022-10-09 02:00:00,2022-10-09 03:00:00,52.900000000000000000,ug.m-3,44.4264,26.1406
2022-10-09 03:00:00,2022-10-09 04:00:00,38.700000000000000000,ug.m-3,44.4264,26.1406
2022-10-09 04:00:00,2022-10-09 05:00:00,33.930000000000000000,ug.m-3,44.4264,26.1406
2022-10-09 05:00:00,2022-10-09 06:00:00,32.130000000000000000,ug.m-3,44.4264,26.1406
2022-10-09 06:00:00,2022-10-09 07:00:00,31.290000000000000000,ug.m-3,44.4264,26.1406
2022-10-09 07:00:00,2022-10-09 08:00:00,30.990000000000000000,ug.m-3,44.4264,26.1406
2022-10-09 08:00:00,2022-10-09 09:00:00,29.080000000000000000,ug.m-3,44.4264,26.1406
2022-10-09 09:00:00,2022-10-09 10:00:00,28.280000000000000000,ug.m-3,44.4264,26.1406
2022-10-09 10:00:00,2022-10-09 11:00:00,27.030000000000000000,ug.m-3,44.4264,26.1406
2022-10-09 11:00:00,2022-10-09 12:00:00,26.150000000000000000,ug.m-3,44.4264,26.1406
2022-10-09 12:00:00,2022-10-09 13:00:00,27.170000000000000000,ug.m-3,44.4264,26.1406
2022-10-09 13:00:00,2022-10-09 14:00:00,19.200000000000000000,ug.m-3,44.4264,26.1406
2022-10-09 14:00:00,2022-10-09 15:00:00,18.920000000000000000,ug.m-3,44.4264,26.1406
2022-10-09 15:00:00,2022-10-09 16:00:00,17.740000000000000000,ug.m-3,44.4264,26.1406
2022-10-09 16:00:00,2022-10-09 17:00:00,18.410000000000000000,ug.m-3,44.4264,26.1406
2022-10-09 17:00:00,2022-10-09 18:00:00,18.750000000000000000,ug.m-3,44.4264,26.1406
2022-10-09 18:00:00,2022-10-09 19:00:00,31.480000000000000000,ug.m-3,44.4264,26.1406
2022-10-09 19:00:00,2022-10-09 20:00:00,36.860000000000000000,ug.m-3,44.4264,26.1406
2022-10-09 20:00:00,2022-10-09 21:00:00,39.520000000000000000,ug.m-3,44.4264,26.1406
2022-10-09 21:00:00,2022-10-09 22:00:00,41.030000000000000000,ug.m-3,44.4264,26.1406
2022-10-09 22:00:00,2022-10-09 23:00:00,38.260000000000000000,ug.m-3,44.4264,26.1406
2022-10-09 23:00:00,2022-10-10 00:00:00,26.180000000000000000,ug.m-3,44.4264,26.1406
2022-10-10 00:00:00,2022-10-10 01:00:00,22.120000000000000000,ug.m-3,44.4264,26.1406
2022-10-10 01:00:00,2022-10-10 02:00:00,16.300000000000000000,ug.m-3,44.4264,26.1406
2022-10-10 02:00:00,2022-10-10 03:00:00,18.360000000000000000,ug.m-3,44.4264,26.1406
2022-10-10 03:00:00,2022-10-10 04:00:00,12.470000000000000000,ug.m-3,44.4264,26.1406
2022-10-10 04:00:00,2022-10-10 05:00:00,14.430000000000000000,ug.m-3,44.4264,26.1406
2022-10-10 05:00:00,2022-10-10 06:00:00,15.030000000000000000,ug.m-3,44.4264,26.1406
2022-10-10 06:00:00,2022-10-10 07:00:00,15.070000000000000000,ug.m-3,44.4264,26.1406
2022-10-10 07:00:00,2022-10-10 08:00:00,20.330000000000000000,ug.m-3,44.4264,26.1406
2022-10-10 08:00:00,2022-10-10 09:00:00,18.170000000000000000,ug.m-3,44.4264,26.1406
2022-10-10 09:00:00,2022-10-10 10:00:00,21.470000000000000000,ug.m-3,44.4264,26.1406
2022-10-10 10:00:00,2022-10-10 11:00:00,26.700000000000000000,ug.m-3,44.4264,26.1406
2022-10-10 11:00:00,2022-10-10 12:00:00,18.450000000000000000,ug.m-3,44.4264,26.1406
2022-10-10 12:00:00,2022-10-10 13:00:00,22.920000000000000000,ug.m-3,44.4264,26.1406
2022-10-10 13:00:00,2022-10-10 14:00:00,22.290000000000000000,ug.m-3,44.4264,26.1406
2022-10-10 14:00:00,2022-10-10 15:00:00,20.490000000000000000,ug.m-3,44.4264,26.1406
2022-10-10 15:00:00,2022-10-10 16:00:00,21.390000000000000000,ug.m-3,44.4264,26.1406
2022-10-10 16:00:00,2022-10-10 17:00:00,20.310000000000000000,ug.m-3,44.4264,26.1406
2022-10-10 17:00:00,2022-10-10 18:00:00,20.730000000000000000,ug.m-3,44.4264,26.1406
2022-10-10 18:00:00,2022-10-10 19:00:00,26.500000000000000000,ug.m-3,44.4264,26.1406
2022-10-10 19:00:00,2022-10-10 20:00:00,31.600000000000000000,ug.m-3,44.4264,26.1406
2022-10-10 20:00:00,2022-10-10 21:00:00,32.530000000000000000,ug.m-3,44.4264,26.1406
2022-10-10 21:00:00,2022-10-10 22:00:00,35.320000000000000000,ug.m-3,44.4264,26.1406
2022-10-10 22:00:00,2022-10-10 23:00:00,30.130000000000000000,ug.m-3,44.4264,26.1406
2022-10-10 23:00:00,2022-10-11 00:00:00,26.280000000000000000,ug.m-3,44.4264,26.1406
2022-10-11 00:00:00,2022-10-11 01:00:00,25.440000000000000000,ug.m-3,44.4264,26.1406
2022-10-11 01:00:00,2022-10-11 02:00:00,27.130000000000000000,ug.m-3,44.4264,26.1406
2022-10-11 02:00:00,2022-10-11 03:00:00,30.040000000000000000,ug.m-3,44.4264,26.1406
2022-10-11 03:00:00,2022-10-11 04:00:00,27.860000000000000000,ug.m-3,44.4264,26.1406
2022-10-11 04:00:00,2022-10-11 05:00:00,28.900000000000000000,ug.m-3,44.4264,26.1406
2022-10-11 05:00:00,2022-10-11 06:00:00,31.320000000000000000,ug.m-3,44.4264,26.1406
2022-10-11 06:00:00,2022-10-11 07:00:00,28.680000000000000000,ug.m-3,44.4264,26.1406
2022-10-11 07:00:00,2022-10-11 08:00:00,31.820000000000000000,ug.m-3,44.4264,26.1406
2022-10-11 08:00:00,2022-10-11 09:00:00,31.590000000000000000,ug.m-3,44.4264,26.1406
2022-10-11 09:00:00,2022-10-11 10:00:00,36.720000000000000000,ug.m-3,44.4264,26.1406
2022-10-11 10:00:00,2022-10-11 11:00:00,32.140000000000000000,ug.m-3,44.4264,26.1406
2022-10-11 11:00:00,2022-10-11 12:00:00,29.980000000000000000,ug.m-3,44.4264,26.1406
2022-10-11 12:00:00,2022-10-11 13:00:00,25.840000000000000000,ug.m-3,44.4264,26.1406
2022-10-11 13:00:00,2022-10-11 14:00:00,24.790000000000000000,ug.m-3,44.4264,26.1406
2022-10-11 14:00:00,2022-10-11 15:00:00,29.000000000000000000,ug.m-3,44.4264,26.1406
2022-10-11 15:00:00,2022-10-11 16:00:00,27.630000000000000000,ug.m-3,44.4264,26.1406
2022-10-11 16:00:00,2022-10-11 17:00:00,24.050000000000000000,ug.m-3,44.4264,26.1406
2022-10-11 17:00:00,2022-10-11 18:00:00,27.160000000000000000,ug.m-3,44.4264,26.1406
2022-10-11 18:00:00,2022-10-11 19:00:00,32.970000000000000000,ug.m-3,44.4264,26.1406
2022-10-11 19:00:00,2022-10-11 20:00:00,37.980000000000000000,ug.m-3,44.4264,26.1406
2022-10-11 20:00:00,2022-10-11 21:00:00,36.570000000000000000,ug.m-3,44.4264,26.1406
2022-10-11 21:00:00,2022-10-11 22:00:00,36.640000000000000000,ug.m-3,44.4264,26.1406
2022-10-11 22:00:00,2022-10-11 23:00:00,28.770000000000000000,ug.m-3,44.4264,26.1406
2022-10-11 23:00:00,2022-10-12 00:00:00,32.810000000000000000,ug.m-3,44.4264,26.1406
2022-10-12 00:00:00,2022-10-12 01:00:00,31.210000000000000000,ug.m-3,44.4264,26.1406
2022-10-12 01:00:00,2022-10-12 02:00:00,32.210000000000000000,ug.m-3,44.4264,26.1406
2022-10-12 02:00:00,2022-10-12 03:00:00,33.240000000000000000,ug.m-3,44.4264,26.1406
2022-10-12 03:00:00,2022-10-12 04:00:00,33.110000000000000000,ug.m-3,44.4264,26.1406
2022-10-12 04:00:00,2022-10-12 05:00:00,32.680000000000000000,ug.m-3,44.4264,26.1406
2022-10-12 05:00:00,2022-10-12 06:00:00,33.640000000000000000,ug.m-3,44.4264,26.1406
2022-10-12 06:00:00,2022-10-12 07:00:00,31.700000000000000000,ug.m-3,44.4264,26.1406
2022-10-12 07:00:00,2022-10-12 08:00:00,28.270000000000000000,ug.m-3,44.4264,26.1406
2022-10-12 08:00:00,2022-10-12 09:00:00,30.840000000000000000,ug.m-3,44.4264,26.1406
2022-10-12 09:00:00,2022-10-12 10:00:00,33.360000000000000000,ug.m-3,44.4264,26.1406
2022-10-12 10:00:00,2022-10-12 11:00:00,30.180000000000000000,ug.m-3,44.4264,26.1406
2022-10-12 11:00:00,2022-10-12 12:00:00,30.300000000000000000,ug.m-3,44.4264,26.1406
2022-10-12 12:00:00,2022-10-12 13:00:00,29.410000000000000000,ug.m-3,44.4264,26.1406
2022-10-12 13:00:00,2022-10-12 14:00:00,20.170000000000000000,ug.m-3,44.4264,26.1406
2022-10-12 14:00:00,2022-10-12 15:00:00,18.680000000000000000,ug.m-3,44.4264,26.1406
2022-10-12 15:00:00,2022-10-12 16:00:00,26.170000000000000000,ug.m-3,44.4264,26.1406
2022-10-12 16:00:00,2022-10-12 17:00:00,27.290000000000000000,ug.m-3,44.4264,26.1406
2022-10-12 17:00:00,2022-10-12 18:00:00,29.920000000000000000,ug.m-3,44.4264,26.1406
2022-10-12 18:00:00,2022-10-12 19:00:00,33.600000000000000000,ug.m-3,44.4264,26.1406
2022-10-12 19:00:00,2022-10-12 20:00:00,39.580000000000000000,ug.m-3,44.4264,26.1406
2022-10-12 20:00:00,2022-10-12 21:00:00,45.860000000000000000,ug.m-3,44.4264,26.1406
2022-10-12 21:00:00,2022-10-12 22:00:00,48.680000000000000000,ug.m-3,44.4264,26.1406
2022-10-12 22:00:00,2022-10-12 23:00:00,71.310000000000000000,ug.m-3,44.4264,26.1406
2022-10-12 23:00:00,2022-10-13 00:00:00,75.320000000000000000,ug.m-3,44.4264,26.1406
2022-10-13 00:00:00,2022-10-13 01:00:00,56.010000000000000000,ug.m-3,44.4264,26.1406
2022-10-13 01:00:00,2022-10-13 02:00:00,41.390000000000000000,ug.m-3,44.4264,26.1406
2022-10-13 02:00:00,2022-10-13 03:00:00,35.670000000000000000,ug.m-3,44.4264,26.1406
2022-10-13 03:00:00,2022-10-13 04:00:00,32.450000000000000000,ug.m-3,44.4264,26.1406
2022-10-13 04:00:00,2022-10-13 05:00:00,35.350000000000000000,ug.m-3,44.4264,26.1406
2022-10-13 05:00:00,2022-10-13 06:00:00,35.250000000000000000,ug.m-3,44.4264,26.1406
2022-10-13 06:00:00,2022-10-13 07:00:00,37.610000000000000000,ug.m-3,44.4264,26.1406
2022-10-13 07:00:00,2022-10-13 08:00:00,39.850000000000000000,ug.m-3,44.4264,26.1406
2022-10-13 08:00:00,2022-10-13 09:00:00,41.140000000000000000,ug.m-3,44.4264,26.1406
2022-10-13 09:00:00,2022-10-13 10:00:00,42.750000000000000000,ug.m-3,44.4264,26.1406
2022-10-13 10:00:00,2022-10-13 11:00:00,41.580000000000000000,ug.m-3,44.4264,26.1406
2022-10-13 11:00:00,2022-10-13 12:00:00,40.080000000000000000,ug.m-3,44.4264,26.1406
2022-10-13 12:00:00,2022-10-13 13:00:00,36.930000000000000000,ug.m-3,44.4264,26.1406
2022-10-13 13:00:00,2022-10-13 14:00:00,27.240000000000000000,ug.m-3,44.4264,26.1406
2022-10-13 14:00:00,2022-10-13 15:00:00,29.030000000000000000,ug.m-3,44.4264,26.1406
2022-10-13 15:00:00,2022-10-13 16:00:00,22.550000000000000000,ug.m-3,44.4264,26.1406
2022-10-13 16:00:00,2022-10-13 17:00:00,26.350000000000000000,ug.m-3,44.4264,26.1406
2022-10-13 17:00:00,2022-10-13 18:00:00,31.110000000000000000,ug.m-3,44.4264,26.1406
2022-10-13 18:00:00,2022-10-13 19:00:00,43.750000000000000000,ug.m-3,44.4264,26.1406
2022-10-13 19:00:00,2022-10-13 20:00:00,53.440000000000000000,ug.m-3,44.4264,26.1406
2022-10-13 20:00:00,2022-10-13 21:00:00,55.680000000000000000,ug.m-3,44.4264,26.1406
2022-10-13 21:00:00,2022-10-13 22:00:00,50.540000000000000000,ug.m-3,44.4264,26.1406
2022-10-13 22:00:00,2022-10-13 23:00:00,47.660000000000000000,ug.m-3,44.4264,26.1406
2022-10-13 23:00:00,2022-10-14 00:00:00,40.670000000000000000,ug.m-3,44.4264,26.1406
2022-10-14 00:00:00,2022-10-14 01:00:00,35.850000000000000000,ug.m-3,44.4264,26.1406
2022-10-14 01:00:00,2022-10-14 02:00:00,29.970000000000000000,ug.m-3,44.4264,26.1406
2022-10-14 02:00:00,2022-10-14 03:00:00,28.310000000000000000,ug.m-3,44.4264,26.1406
2022-10-14 03:00:00,2022-10-14 04:00:00,27.470000000000000000,ug.m-3,44.4264,26.1406
2022-10-14 04:00:00,2022-10-14 05:00:00,25.800000000000000000,ug.m-3,44.4264,26.1406
2022-10-14 05:00:00,2022-10-14 06:00:00,24.380000000000000000,ug.m-3,44.4264,26.1406
2022-10-14 06:00:00,2022-10-14 07:00:00,26.490000000000000000,ug.m-3,44.4264,26.1406
2022-10-14 07:00:00,2022-10-14 08:00:00,36.200000000000000000,ug.m-3,44.4264,26.1406
2022-10-14 08:00:00,2022-10-14 09:00:00,32.060000000000000000,ug.m-3,44.4264,26.1406
2022-10-14 09:00:00,2022-10-14 10:00:00,31.430000000000000000,ug.m-3,44.4264,26.1406
2022-10-14 10:00:00,2022-10-14 11:00:00,27.010000000000000000,ug.m-3,44.4264,26.1406
2022-10-14 11:00:00,2022-10-14 12:00:00,24.310000000000000000,ug.m-3,44.4264,26.1406
2022-10-14 12:00:00,2022-10-14 13:00:00,23.230000000000000000,ug.m-3,44.4264,26.1406
2022-10-14 13:00:00,2022-10-14 14:00:00,23.800000000000000000,ug.m-3,44.4264,26.1406
2022-10-14 14:00:00,2022-10-14 15:00:00,27.620000000000000000,ug.m-3,44.4264,26.1406
2022-10-14 15:00:00,2022-10-14 16:00:00,30.540000000000000000,ug.m-3,44.4264,26.1406
2022-10-14 16:00:00,2022-10-14 17:00:00,29.900000000000000000,ug.m-3,44.4264,26.1406
2022-10-14 17:00:00,2022-10-14 18:00:00,33.600000000000000000,ug.m-3,44.4264,26.1406
2022-10-14 18:00:00,2022-10-14 19:00:00,37.410000000000000000,ug.m-3,44.4264,26.1406
2022-10-14 19:00:00,2022-10-14 20:00:00,34.570000000000000000,ug.m-3,44.4264,26.1406
2022-10-14 20:00:00,2022-10-14 21:00:00,32.930000000000000000,ug.m-3,44.4264,26.1406
2022-10-14 21:00:00,2022-10-14 22:00:00,28.970000000000000000,ug.m-3,44.4264,26.1406
2022-10-14 22:00:00,2022-10-14 23:00:00,19.640000000000000000,ug.m-3,44.4264,26.1406
2022-10-14 23:00:00,2022-10-15 00:00:00,16.320000000000000000,ug.m-3,44.4264,26.1406
2022-10-15 00:00:00,2022-10-15 01:00:00,16.930000000000000000,ug.m-3,44.4264,26.1406
2022-10-15 01:00:00,2022-10-15 02:00:00,11.960000000000000000,ug.m-3,44.4264,26.1406
2022-10-15 02:00:00,2022-10-15 03:00:00,15.750000000000000000,ug.m-3,44.4264,26.1406
2022-10-15 03:00:00,2022-10-15 04:00:00,14.780000000000000000,ug.m-3,44.4264,26.1406
2022-10-15 04:00:00,2022-10-15 05:00:00,15.050000000000000000,ug.m-3,44.4264,26.1406
2022-10-15 05:00:00,2022-10-15 06:00:00,15.350000000000000000,ug.m-3,44.4264,26.1406
2022-10-15 06:00:00,2022-10-15 07:00:00,16.080000000000000000,ug.m-3,44.4264,26.1406
2022-10-15 07:00:00,2022-10-15 08:00:00,21.280000000000000000,ug.m-3,44.4264,26.1406
2022-10-15 08:00:00,2022-10-15 09:00:00,22.700000000000000000,ug.m-3,44.4264,26.1406
2022-10-15 09:00:00,2022-10-15 10:00:00,22.150000000000000000,ug.m-3,44.4264,26.1406
2022-10-15 10:00:00,2022-10-15 11:00:00,17.630000000000000000,ug.m-3,44.4264,26.1406
2022-10-15 11:00:00,2022-10-15 12:00:00,20.190000000000000000,ug.m-3,44.4264,26.1406
2022-10-15 12:00:00,2022-10-15 13:00:00,18.870000000000000000,ug.m-3,44.4264,26.1406
2022-10-15 13:00:00,2022-10-15 14:00:00,23.670000000000000000,ug.m-3,44.4264,26.1406
2022-10-15 14:00:00,2022-10-15 15:00:00,23.950000000000000000,ug.m-3,44.4264,26.1406
2022-10-15 15:00:00,2022-10-15 16:00:00,21.300000000000000000,ug.m-3,44.4264,26.1406
2022-10-15 16:00:00,2022-10-15 17:00:00,18.860000000000000000,ug.m-3,44.4264,26.1406
2022-10-15 17:00:00,2022-10-15 18:00:00,17.900000000000000000,ug.m-3,44.4264,26.1406
2022-10-15 18:00:00,2022-10-15 19:00:00,29.650000000000000000,ug.m-3,44.4264,26.1406
2022-10-15 19:00:00,2022-10-15 20:00:00,38.250000000000000000,ug.m-3,44.4264,26.1406
2022-10-15 20:00:00,2022-10-15 21:00:00,43.740000000000000000,ug.m-3,44.4264,26.1406
2022-10-15 21:00:00,2022-10-15 22:00:00,53.320000000000000000,ug.m-3,44.4264,26.1406
2022-10-15 22:00:00,2022-10-15 23:00:00,51.410000000000000000,ug.m-3,44.4264,26.1406
2022-10-15 23:00:00,2022-10-16 00:00:00,50.400000000000000000,ug.m-3,44.4264,26.1406
2022-10-16 00:00:00,2022-10-16 01:00:00,58.560000000000000000,ug.m-3,44.4264,26.1406
2022-10-16 01:00:00,2022-10-16 02:00:00,46.660000000000000000,ug.m-3,44.4264,26.1406
2022-10-16 02:00:00,2022-10-16 03:00:00,38.730000000000000000,ug.m-3,44.4264,26.1406
2022-10-16 03:00:00,2022-10-16 04:00:00,35.890000000000000000,ug.m-3,44.4264,26.1406
2022-10-16 04:00:00,2022-10-16 05:00:00,37.770000000000000000,ug.m-3,44.4264,26.1406
2022-10-16 05:00:00,2022-10-16 06:00:00,30.860000000000000000,ug.m-3,44.4264,26.1406
2022-10-16 06:00:00,2022-10-16 07:00:00,27.800000000000000000,ug.m-3,44.4264,26.1406
2022-10-16 07:00:00,2022-10-16 08:00:00,23.830000000000000000,ug.m-3,44.4264,26.1406
2022-10-16 08:00:00,2022-10-16 09:00:00,20.370000000000000000,ug.m-3,44.4264,26.1406
2022-10-16 09:00:00,2022-10-16 10:00:00,18.420000000000000000,ug.m-3,44.4264,26.1406
2022-10-16 10:00:00,2022-10-16 11:00:00,19.710000000000000000,ug.m-3,44.4264,26.1406
2022-10-16 11:00:00,2022-10-16 12:00:00,25.570000000000000000,ug.m-3,44.4264,26.1406
2022-10-16 12:00:00,2022-10-16 13:00:00,29.600000000000000000,ug.m-3,44.4264,26.1406
2022-10-16 13:00:00,2022-10-16 14:00:00,33.430000000000000000,ug.m-3,44.4264,26.1406
2022-10-16 14:00:00,2022-10-16 15:00:00,29.330000000000000000,ug.m-3,44.4264,26.1406
2022-10-16 15:00:00,2022-10-16 16:00:00,28.800000000000000000,ug.m-3,44.4264,26.1406
2022-10-16 16:00:00,2022-10-16 17:00:00,28.870000000000000000,ug.m-3,44.4264,26.1406
2022-10-16 17:00:00,2022-10-16 18:00:00,27.380000000000000000,ug.m-3,44.4264,26.1406
2022-10-16 18:00:00,2022-10-16 19:00:00,34.130000000000000000,ug.m-3,44.4264,26.1406
2022-10-16 19:00:00,2022-10-16 20:00:00,37.690000000000000000,ug.m-3,44.4264,26.1406
2022-10-16 20:00:00,2022-10-16 21:00:00,35.800000000000000000,ug.m-3,44.4264,26.1406
2022-10-16 21:00:00,2022-10-16 22:00:00,30.890000000000000000,ug.m-3,44.4264,26.1406
2022-10-16 22:00:00,2022-10-16 23:00:00,29.870000000000000000,ug.m-3,44.4264,26.1406
2022-10-16 23:00:00,2022-10-17 00:00:00,28.720000000000000000,ug.m-3,44.4264,26.1406
2022-10-17 00:00:00,2022-10-17 01:00:00,31.800000000000000000,ug.m-3,44.4264,26.1406
2022-10-17 01:00:00,2022-10-17 02:00:00,30.330000000000000000,ug.m-3,44.4264,26.1406
2022-10-17 02:00:00,2022-10-17 03:00:00,30.930000000000000000,ug.m-3,44.4264,26.1406
2022-10-17 03:00:00,2022-10-17 04:00:00,26.540000000000000000,ug.m-3,44.4264,26.1406
2022-10-17 04:00:00,2022-10-17 05:00:00,29.700000000000000000,ug.m-3,44.4264,26.1406
2022-10-17 05:00:00,2022-10-17 06:00:00,30.480000000000000000,ug.m-3,44.4264,26.1406
2022-10-17 06:00:00,2022-10-17 07:00:00,34.330000000000000000,ug.m-3,44.4264,26.1406
2022-10-17 07:00:00,2022-10-17 08:00:00,32.450000000000000000,ug.m-3,44.4264,26.1406
2022-10-17 08:00:00,2022-10-17 09:00:00,40.540000000000000000,ug.m-3,44.4264,26.1406
2022-10-17 09:00:00,2022-10-17 10:00:00,48.800000000000000000,ug.m-3,44.4264,26.1406
2022-10-17 10:00:00,2022-10-17 11:00:00,44.790000000000000000,ug.m-3,44.4264,26.1406
2022-10-17 11:00:00,2022-10-17 12:00:00,20.780000000000000000,ug.m-3,44.4264,26.1406
2022-10-17 12:00:00,2022-10-17 13:00:00,27.680000000000000000,ug.m-3,44.4264,26.1406
2022-10-17 13:00:00,2022-10-17 14:00:00,32.080000000000000000,ug.m-3,44.4264,26.1406
2022-10-17 14:00:00,2022-10-17 15:00:00,28.450000000000000000,ug.m-3,44.4264,26.1406
2022-10-17 15:00:00,2022-10-17 16:00:00,27.510000000000000000,ug.m-3,44.4264,26.1406
2022-10-17 16:00:00,2022-10-17 17:00:00,28.450000000000000000,ug.m-3,44.4264,26.1406
2022-10-17 17:00:00,2022-10-17 18:00:00,37.330000000000000000,ug.m-3,44.4264,26.1406
2022-10-17 18:00:00,2022-10-17 19:00:00,58.400000000000000000,ug.m-3,44.4264,26.1406
2022-10-17 19:00:00,2022-10-17 20:00:00,75.870000000000000000,ug.m-3,44.4264,26.1406
2022-10-17 20:00:00,2022-10-17 21:00:00,81.370000000000000000,ug.m-3,44.4264,26.1406
2022-10-17 21:00:00,2022-10-17 22:00:00,91.680000000000000000,ug.m-3,44.4264,26.1406
2022-10-17 22:00:00,2022-10-17 23:00:00,106.130000000000000000,ug.m-3,44.4264,26.1406
2022-10-17 23:00:00,2022-10-18 00:00:00,117.150000000000000000,ug.m-3,44.4264,26.1406
2022-10-18 00:00:00,2022-10-18 01:00:00,92.960000000000000000,ug.m-3,44.4264,26.1406
2022-10-18 01:00:00,2022-10-18 02:00:00,76.140000000000000000,ug.m-3,44.4264,26.1406
2022-10-18 02:00:00,2022-10-18 03:00:00,66.900000000000000000,ug.m-3,44.4264,26.1406
2022-10-18 03:00:00,2022-10-18 04:00:00,60.150000000000000000,ug.m-3,44.4264,26.1406
2022-10-18 04:00:00,2022-10-18 05:00:00,53.420000000000000000,ug.m-3,44.4264,26.1406
2022-10-18 05:00:00,2022-10-18 06:00:00,52.350000000000000000,ug.m-3,44.4264,26.1406
2022-10-18 06:00:00,2022-10-18 07:00:00,58.520000000000000000,ug.m-3,44.4264,26.1406
2022-10-18 07:00:00,2022-10-18 08:00:00,65.360000000000000000,ug.m-3,44.4264,26.1406
2022-10-18 08:00:00,2022-10-18 09:00:00,69.000000000000000000,ug.m-3,44.4264,26.1406
2022-10-18 09:00:00,2022-10-18 10:00:00,70.830000000000000000,ug.m-3,44.4264,26.1406
2022-10-18 10:00:00,2022-10-18 11:00:00,60.590000000000000000,ug.m-3,44.4264,26.1406
2022-10-18 11:00:00,2022-10-18 12:00:00,69.370000000000000000,ug.m-3,44.4264,26.1406
2022-10-18 12:00:00,2022-10-18 13:00:00,63.260000000000000000,ug.m-3,44.4264,26.1406
2022-10-18 13:00:00,2022-10-18 14:00:00,55.640000000000000000,ug.m-3,44.4264,26.1406
2022-10-18 14:00:00,2022-10-18 15:00:00,44.400000000000000000,ug.m-3,44.4264,26.1406
2022-10-18 15:00:00,2022-10-18 16:00:00,46.340000000000000000,ug.m-3,44.4264,26.1406
2022-10-18 16:00:00,2022-10-18 17:00:00,47.830000000000000000,ug.m-3,44.4264,26.1406
2022-10-18 17:00:00,2022-10-18 18:00:00,43.840000000000000000,ug.m-3,44.4264,26.1406
2022-10-18 18:00:00,2022-10-18 19:00:00,46.580000000000000000,ug.m-3,44.4264,26.1406
2022-10-18 19:00:00,2022-10-18 20:00:00,62.790000000000000000,ug.m-3,44.4264,26.1406
2022-10-18 20:00:00,2022-10-18 21:00:00,73.710000000000000000,ug.m-3,44.4264,26.1406
2022-10-18 21:00:00,2022-10-18 22:00:00,83.750000000000000000,ug.m-3,44.4264,26.1406
2022-10-18 22:00:00,2022-10-18 23:00:00,89.670000000000000000,ug.m-3,44.4264,26.1406
2022-10-18 23:00:00,2022-10-19 00:00:00,89.080000000000000000,ug.m-3,44.4264,26.1406
2022-10-19 00:00:00,2022-10-19 01:00:00,66.080000000000000000,ug.m-3,44.4264,26.1406
2022-10-19 01:00:00,2022-10-19 02:00:00,50.360000000000000000,ug.m-3,44.4264,26.1406
2022-10-19 02:00:00,2022-10-19 03:00:00,42.660000000000000000,ug.m-3,44.4264,26.1406
2022-10-19 03:00:00,2022-10-19 04:00:00,38.930000000000000000,ug.m-3,44.4264,26.1406
2022-10-19 04:00:00,2022-10-19 05:00:00,37.790000000000000000,ug.m-3,44.4264,26.1406
2022-10-19 05:00:00,2022-10-19 06:00:00,37.340000000000000000,ug.m-3,44.4264,26.1406
2022-10-19 06:00:00,2022-10-19 07:00:00,38.330000000000000000,ug.m-3,44.4264,26.1406
2022-10-19 07:00:00,2022-10-19 08:00:00,45.790000000000000000,ug.m-3,44.4264,26.1406
2022-10-19 08:00:00,2022-10-19 09:00:00,50.320000000000000000,ug.m-3,44.4264,26.1406
2022-10-19 09:00:00,2022-10-19 10:00:00,46.910000000000000000,ug.m-3,44.4264,26.1406
2022-10-19 10:00:00,2022-10-19 11:00:00,41.870000000000000000,ug.m-3,44.4264,26.1406
2022-10-19 11:00:00,2022-10-19 12:00:00,38.560000000000000000,ug.m-3,44.4264,26.1406
2022-10-19 12:00:00,2022-10-19 13:00:00,34.740000000000000000,ug.m-3,44.4264,26.1406
2022-10-19 13:00:00,2022-10-19 14:00:00,31.130000000000000000,ug.m-3,44.4264,26.1406
2022-10-19 14:00:00,2022-10-19 15:00:00,25.710000000000000000,ug.m-3,44.4264,26.1406
2022-10-19 15:00:00,2022-10-19 16:00:00,24.780000000000000000,ug.m-3,44.4264,26.1406
2022-10-19 16:00:00,2022-10-19 17:00:00,27.950000000000000000,ug.m-3,44.4264,26.1406
2022-10-19 17:00:00,2022-10-19 18:00:00,28.680000000000000000,ug.m-3,44.4264,26.1406
2022-10-19 18:00:00,2022-10-19 19:00:00,37.870000000000000000,ug.m-3,44.4264,26.1406
2022-10-19 19:00:00,2022-10-19 20:00:00,45.960000000000000000,ug.m-3,44.4264,26.1406
2022-10-19 20:00:00,2022-10-19 21:00:00,81.640000000000000000,ug.m-3,44.4264,26.1406
2022-10-19 21:00:00,2022-10-19 22:00:00,75.520000000000000000,ug.m-3,44.4264,26.1406
2022-10-19 22:00:00,2022-10-19 23:00:00,51.480000000000000000,ug.m-3,44.4264,26.1406
2022-10-19 23:00:00,2022-10-20 00:00:00,26.370000000000000000,ug.m-3,44.4264,26.1406
2022-10-20 00:00:00,2022-10-20 01:00:00,16.000000000000000000,ug.m-3,44.4264,26.1406
2022-10-20 01:00:00,2022-10-20 02:00:00,13.850000000000000000,ug.m-3,44.4264,26.1406
2022-10-20 02:00:00,2022-10-20 03:00:00,8.780000000000000000,ug.m-3,44.4264,26.1406
2022-10-20 03:00:00,2022-10-20 04:00:00,14.120000000000000000,ug.m-3,44.4264,26.1406
2022-10-20 04:00:00,2022-10-20 05:00:00,13.900000000000000000,ug.m-3,44.4264,26.1406
2022-10-20 05:00:00,2022-10-20 06:00:00,11.650000000000000000,ug.m-3,44.4264,26.1406
2022-10-20 06:00:00,2022-10-20 07:00:00,16.420000000000000000,ug.m-3,44.4264,26.1406
2022-10-20 07:00:00,2022-10-20 08:00:00,16.390000000000000000,ug.m-3,44.4264,26.1406
2022-10-20 08:00:00,2022-10-20 09:00:00,21.110000000000000000,ug.m-3,44.4264,26.1406
2022-10-20 09:00:00,2022-10-20 10:00:00,24.350000000000000000,ug.m-3,44.4264,26.1406
2022-10-20 10:00:00,2022-10-20 11:00:00,24.960000000000000000,ug.m-3,44.4264,26.1406
2022-10-20 11:00:00,2022-10-20 12:00:00,31.000000000000000000,ug.m-3,44.4264,26.1406
2022-10-20 12:00:00,2022-10-20 13:00:00,35.170000000000000000,ug.m-3,44.4264,26.1406
2022-10-20 13:00:00,2022-10-20 14:00:00,35.410000000000000000,ug.m-3,44.4264,26.1406
2022-10-20 14:00:00,2022-10-20 15:00:00,34.590000000000000000,ug.m-3,44.4264,26.1406
2022-10-20 15:00:00,2022-10-20 16:00:00,35.880000000000000000,ug.m-3,44.4264,26.1406
2022-10-20 16:00:00,2022-10-20 17:00:00,40.570000000000000000,ug.m-3,44.4264,26.1406
2022-10-20 17:00:00,2022-10-20 18:00:00,34.910000000000000000,ug.m-3,44.4264,26.1406
2022-10-20 18:00:00,2022-10-20 19:00:00,43.920000000000000000,ug.m-3,44.4264,26.1406
2022-10-20 19:00:00,2022-10-20 20:00:00,48.850000000000000000,ug.m-3,44.4264,26.1406
2022-10-20 20:00:00,2022-10-20 21:00:00,39.710000000000000000,ug.m-3,44.4264,26.1406
2022-10-20 21:00:00,2022-10-20 22:00:00,39.430000000000000000,ug.m-3,44.4264,26.1406
2022-10-20 22:00:00,2022-10-20 23:00:00,37.560000000000000000,ug.m-3,44.4264,26.1406
2022-10-20 23:00:00,2022-10-21 00:00:00,21.110000000000000000,ug.m-3,44.4264,26.1406
2022-10-21 00:00:00,2022-10-21 01:00:00,16.670000000000000000,ug.m-3,44.4264,26.1406
2022-10-21 01:00:00,2022-10-21 02:00:00,13.780000000000000000,ug.m-3,44.4264,26.1406
2022-10-21 02:00:00,2022-10-21 03:00:00,14.920000000000000000,ug.m-3,44.4264,26.1406
2022-10-21 03:00:00,2022-10-21 04:00:00,11.830000000000000000,ug.m-3,44.4264,26.1406
2022-10-21 04:00:00,2022-10-21 05:00:00,13.900000000000000000,ug.m-3,44.4264,26.1406
2022-10-21 05:00:00,2022-10-21 06:00:00,13.310000000000000000,ug.m-3,44.4264,26.1406
2022-10-21 06:00:00,2022-10-21 07:00:00,12.690000000000000000,ug.m-3,44.4264,26.1406
2022-10-21 07:00:00,2022-10-21 08:00:00,20.240000000000000000,ug.m-3,44.4264,26.1406
2022-10-21 08:00:00,2022-10-21 09:00:00,21.930000000000000000,ug.m-3,44.4264,26.1406
2022-10-21 09:00:00,2022-10-21 10:00:00,17.750000000000000000,ug.m-3,44.4264,26.1406
2022-10-21 10:00:00,2022-10-21 11:00:00,24.410000000000000000,ug.m-3,44.4264,26.1406
2022-10-21 11:00:00,2022-10-21 12:00:00,20.330000000000000000,ug.m-3,44.4264,26.1406
2022-10-21 12:00:00,2022-10-21 13:00:00,17.260000000000000000,ug.m-3,44.4264,26.1406
2022-10-21 13:00:00,2022-10-21 14:00:00,20.450000000000000000,ug.m-3,44.4264,26.1406
2022-10-21 14:00:00,2022-10-21 15:00:00,18.120000000000000000,ug.m-3,44.4264,26.1406
2022-10-21 15:00:00,2022-10-21 16:00:00,23.080000000000000000,ug.m-3,44.4264,26.1406
2022-10-21 16:00:00,2022-10-21 17:00:00,22.480000000000000000,ug.m-3,44.4264,26.1406
2022-10-21 17:00:00,2022-10-21 18:00:00,31.440000000000000000,ug.m-3,44.4264,26.1406
2022-10-21 18:00:00,2022-10-21 19:00:00,50.940000000000000000,ug.m-3,44.4264,26.1406
2022-10-21 19:00:00,2022-10-21 20:00:00,59.170000000000000000,ug.m-3,44.4264,26.1406
2022-10-21 20:00:00,2022-10-21 21:00:00,74.030000000000000000,ug.m-3,44.4264,26.1406
2022-10-21 21:00:00,2022-10-21 22:00:00,109.180000000000000000,ug.m-3,44.4264,26.1406
2022-10-21 22:00:00,2022-10-21 23:00:00,112.810000000000000000,ug.m-3,44.4264,26.1406
2022-10-21 23:00:00,2022-10-22 00:00:00,84.550000000000000000,ug.m-3,44.4264,26.1406
2022-10-22 00:00:00,2022-10-22 01:00:00,68.720000000000000000,ug.m-3,44.4264,26.1406
2022-10-22 01:00:00,2022-10-22 02:00:00,54.970000000000000000,ug.m-3,44.4264,26.1406
2022-10-22 02:00:00,2022-10-22 03:00:00,48.160000000000000000,ug.m-3,44.4264,26.1406
2022-10-22 03:00:00,2022-10-22 04:00:00,52.590000000000000000,ug.m-3,44.4264,26.1406
2022-10-22 04:00:00,2022-10-22 05:00:00,51.270000000000000000,ug.m-3,44.4264,26.1406
2022-10-22 05:00:00,2022-10-22 06:00:00,50.310000000000000000,ug.m-3,44.4264,26.1406
2022-10-22 06:00:00,2022-10-22 07:00:00,47.810000000000000000,ug.m-3,44.4264,26.1406
2022-10-22 07:00:00,2022-10-22 08:00:00,53.390000000000000000,ug.m-3,44.4264,26.1406
2022-10-22 08:00:00,2022-10-22 09:00:00,46.100000000000000000,ug.m-3,44.4264,26.1406
2022-10-22 09:00:00,2022-10-22 10:00:00,41.630000000000000000,ug.m-3,44.4264,26.1406
2022-10-22 10:00:00,2022-10-22 11:00:00,46.790000000000000000,ug.m-3,44.4264,26.1406
2022-10-22 11:00:00,2022-10-22 12:00:00,40.120000000000000000,ug.m-3,44.4264,26.1406
2022-10-22 12:00:00,2022-10-22 13:00:00,40.370000000000000000,ug.m-3,44.4264,26.1406
2022-10-22 13:00:00,2022-10-22 14:00:00,36.020000000000000000,ug.m-3,44.4264,26.1406
2022-10-22 14:00:00,2022-10-22 15:00:00,35.640000000000000000,ug.m-3,44.4264,26.1406
2022-10-22 15:00:00,2022-10-22 16:00:00,35.370000000000000000,ug.m-3,44.4264,26.1406
2022-10-22 16:00:00,2022-10-22 17:00:00,36.180000000000000000,ug.m-3,44.4264,26.1406
2022-10-22 17:00:00,2022-10-22 18:00:00,46.170000000000000000,ug.m-3,44.4264,26.1406
2022-10-22 18:00:00,2022-10-22 19:00:00,53.200000000000000000,ug.m-3,44.4264,26.1406
2022-10-22 19:00:00,2022-10-22 20:00:00,51.890000000000000000,ug.m-3,44.4264,26.1406
2022-10-22 20:00:00,2022-10-22 21:00:00,50.650000000000000000,ug.m-3,44.4264,26.1406
2022-10-22 21:00:00,2022-10-22 22:00:00,47.550000000000000000,ug.m-3,44.4264,26.1406
2022-10-22 22:00:00,2022-10-22 23:00:00,43.460000000000000000,ug.m-3,44.4264,26.1406
2022-10-22 23:00:00,2022-10-23 00:00:00,40.520000000000000000,ug.m-3,44.4264,26.1406
2022-10-23 00:00:00,2022-10-23 01:00:00,35.880000000000000000,ug.m-3,44.4264,26.1406
2022-10-23 01:00:00,2022-10-23 02:00:00,32.480000000000000000,ug.m-3,44.4264,26.1406
2022-10-23 02:00:00,2022-10-23 03:00:00,34.430000000000000000,ug.m-3,44.4264,26.1406
2022-10-23 03:00:00,2022-10-23 04:00:00,33.400000000000000000,ug.m-3,44.4264,26.1406
2022-10-23 04:00:00,2022-10-23 05:00:00,33.680000000000000000,ug.m-3,44.4264,26.1406
2022-10-23 05:00:00,2022-10-23 06:00:00,38.230000000000000000,ug.m-3,44.4264,26.1406
2022-10-23 06:00:00,2022-10-23 07:00:00,36.640000000000000000,ug.m-3,44.4264,26.1406
2022-10-23 07:00:00,2022-10-23 08:00:00,38.440000000000000000,ug.m-3,44.4264,26.1406
2022-10-23 08:00:00,2022-10-23 09:00:00,35.900000000000000000,ug.m-3,44.4264,26.1406
2022-10-23 09:00:00,2022-10-23 10:00:00,33.050000000000000000,ug.m-3,44.4264,26.1406
2022-10-23 10:00:00,2022-10-23 11:00:00,28.540000000000000000,ug.m-3,44.4264,26.1406
2022-10-23 11:00:00,2022-10-23 12:00:00,22.050000000000000000,ug.m-3,44.4264,26.1406
2022-10-23 12:00:00,2022-10-23 13:00:00,15.990000000000000000,ug.m-3,44.4264,26.1406
2022-10-23 13:00:00,2022-10-23 14:00:00,13.290000000000000000,ug.m-3,44.4264,26.1406
2022-10-23 14:00:00,2022-10-23 15:00:00,11.230000000000000000,ug.m-3,44.4264,26.1406
2022-10-23 15:00:00,2022-10-23 16:00:00,8.090000000000000000,ug.m-3,44.4264,26.1406
2022-10-23 16:00:00,2022-10-23 17:00:00,9.180000000000000000,ug.m-3,44.4264,26.1406
2022-10-23 17:00:00,2022-10-23 18:00:00,23.760000000000000000,ug.m-3,44.4264,26.1406
2022-10-23 18:00:00,2022-10-23 19:00:00,27.420000000000000000,ug.m-3,44.4264,26.1406
2022-10-23 19:00:00,2022-10-23 20:00:00,19.930000000000000000,ug.m-3,44.4264,26.1406
2022-10-23 20:00:00,2022-10-23 21:00:00,21.010000000000000000,ug.m-3,44.4264,26.1406
2022-10-23 21:00:00,2022-10-23 22:00:00,24.000000000000000000,ug.m-3,44.4264,26.1406
2022-10-23 22:00:00,2022-10-23 23:00:00,22.050000000000000000,ug.m-3,44.4264,26.1406
2022-10-23 23:00:00,2022-10-24 00:00:00,29.880000000000000000,ug.m-3,44.4264,26.1406
2022-10-24 00:00:00,2022-10-24 01:00:00,32.620000000000000000,ug.m-3,44.4264,26.1406
2022-10-24 01:00:00,2022-10-24 02:00:00,40.200000000000000000,ug.m-3,44.4264,26.1406
2022-10-24 02:00:00,2022-10-24 03:00:00,32.030000000000000000,ug.m-3,44.4264,26.1406
2022-10-24 03:00:00,2022-10-24 04:00:00,22.450000000000000000,ug.m-3,44.4264,26.1406
2022-10-24 04:00:00,2022-10-24 05:00:00,23.230000000000000000,ug.m-3,44.4264,26.1406
2022-10-24 05:00:00,2022-10-24 06:00:00,21.740000000000000000,ug.m-3,44.4264,26.1406
2022-10-24 06:00:00,2022-10-24 07:00:00,21.280000000000000000,ug.m-3,44.4264,26.1406
2022-10-24 07:00:00,2022-10-24 08:00:00,22.920000000000000000,ug.m-3,44.4264,26.1406
2022-10-24 08:00:00,2022-10-24 09:00:00,28.730000000000000000,ug.m-3,44.4264,26.1406
2022-10-24 09:00:00,2022-10-24 10:00:00,38.790000000000000000,ug.m-3,44.4264,26.1406
2022-10-24 10:00:00,2022-10-24 11:00:00,46.580000000000000000,ug.m-3,44.4264,26.1406
2022-10-24 11:00:00,2022-10-24 12:00:00,48.980000000000000000,ug.m-3,44.4264,26.1406
2022-10-24 12:00:00,2022-10-24 13:00:00,43.150000000000000000,ug.m-3,44.4264,26.1406
2022-10-24 13:00:00,2022-10-24 14:00:00,34.500000000000000000,ug.m-3,44.4264,26.1406
2022-10-24 14:00:00,2022-10-24 15:00:00,35.500000000000000000,ug.m-3,44.4264,26.1406
2022-10-24 15:00:00,2022-10-24 16:00:00,24.260000000000000000,ug.m-3,44.4264,26.1406
2022-10-24 16:00:00,2022-10-24 17:00:00,18.330000000000000000,ug.m-3,44.4264,26.1406
2022-10-24 17:00:00,2022-10-24 18:00:00,28.670000000000000000,ug.m-3,44.4264,26.1406
2022-10-24 18:00:00,2022-10-24 19:00:00,38.800000000000000000,ug.m-3,44.4264,26.1406
2022-10-24 19:00:00,2022-10-24 20:00:00,58.430000000000000000,ug.m-3,44.4264,26.1406
2022-10-24 20:00:00,2022-10-24 21:00:00,46.480000000000000000,ug.m-3,44.4264,26.1406
2022-10-24 21:00:00,2022-10-24 22:00:00,52.030000000000000000,ug.m-3,44.4264,26.1406
2022-10-24 22:00:00,2022-10-24 23:00:00,48.460000000000000000,ug.m-3,44.4264,26.1406
2022-10-24 23:00:00,2022-10-25 00:00:00,36.650000000000000000,ug.m-3,44.4264,26.1406
2022-10-25 00:00:00,2022-10-25 01:00:00,33.430000000000000000,ug.m-3,44.4264,26.1406
2022-10-25 01:00:00,2022-10-25 02:00:00,39.420000000000000000,ug.m-3,44.4264,26.1406
2022-10-25 02:00:00,2022-10-25 03:00:00,38.990000000000000000,ug.m-3,44.4264,26.1406
2022-10-25 03:00:00,2022-10-25 04:00:00,40.180000000000000000,ug.m-3,44.4264,26.1406
2022-10-25 04:00:00,2022-10-25 05:00:00,38.620000000000000000,ug.m-3,44.4264,26.1406
2022-10-25 05:00:00,2022-10-25 06:00:00,45.870000000000000000,ug.m-3,44.4264,26.1406
2022-10-25 06:00:00,2022-10-25 07:00:00,47.760000000000000000,ug.m-3,44.4264,26.1406
2022-10-25 07:00:00,2022-10-25 08:00:00,52.410000000000000000,ug.m-3,44.4264,26.1406
2022-10-25 08:00:00,2022-10-25 09:00:00,71.030000000000000000,ug.m-3,44.4264,26.1406
2022-10-25 09:00:00,2022-10-25 10:00:00,82.870000000000000000,ug.m-3,44.4264,26.1406
2022-10-25 10:00:00,2022-10-25 11:00:00,57.700000000000000000,ug.m-3,44.4264,26.1406
2022-10-25 11:00:00,2022-10-25 12:00:00,45.030000000000000000,ug.m-3,44.4264,26.1406
2022-10-25 12:00:00,2022-10-25 13:00:00,37.000000000000000000,ug.m-3,44.4264,26.1406
2022-10-25 13:00:00,2022-10-25 14:00:00,34.910000000000000000,ug.m-3,44.4264,26.1406
2022-10-25 14:00:00,2022-10-25 15:00:00,38.330000000000000000,ug.m-3,44.4264,26.1406
2022-10-25 15:00:00,2022-10-25 16:00:00,49.690000000000000000,ug.m-3,44.4264,26.1406
2022-10-25 16:00:00,2022-10-25 17:00:00,52.630000000000000000,ug.m-3,44.4264,26.1406
2022-10-25 17:00:00,2022-10-25 18:00:00,46.860000000000000000,ug.m-3,44.4264,26.1406
2022-10-25 18:00:00,2022-10-25 19:00:00,42.580000000000000000,ug.m-3,44.4264,26.1406
2022-10-25 19:00:00,2022-10-25 20:00:00,42.910000000000000000,ug.m-3,44.4264,26.1406
2022-10-25 20:00:00,2022-10-25 21:00:00,41.130000000000000000,ug.m-3,44.4264,26.1406
2022-10-25 21:00:00,2022-10-25 22:00:00,43.700000000000000000,ug.m-3,44.4264,26.1406
2022-10-25 22:00:00,2022-10-25 23:00:00,38.910000000000000000,ug.m-3,44.4264,26.1406
2022-10-25 23:00:00,2022-10-26 00:00:00,39.990000000000000000,ug.m-3,44.4264,26.1406
2022-10-26 00:00:00,2022-10-26 01:00:00,40.110000000000000000,ug.m-3,44.4264,26.1406
2022-10-26 01:00:00,2022-10-26 02:00:00,41.180000000000000000,ug.m-3,44.4264,26.1406
2022-10-26 02:00:00,2022-10-26 03:00:00,40.990000000000000000,ug.m-3,44.4264,26.1406
2022-10-26 03:00:00,2022-10-26 04:00:00,35.790000000000000000,ug.m-3,44.4264,26.1406
2022-10-26 04:00:00,2022-10-26 05:00:00,31.970000000000000000,ug.m-3,44.4264,26.1406
2022-10-26 05:00:00,2022-10-26 06:00:00,39.500000000000000000,ug.m-3,44.4264,26.1406
2022-10-26 06:00:00,2022-10-26 07:00:00,53.030000000000000000,ug.m-3,44.4264,26.1406
2022-10-26 07:00:00,2022-10-26 08:00:00,64.240000000000000000,ug.m-3,44.4264,26.1406
2022-10-26 08:00:00,2022-10-26 09:00:00,59.830000000000000000,ug.m-3,44.4264,26.1406
2022-10-26 09:00:00,2022-10-26 10:00:00,41.100000000000000000,ug.m-3,44.4264,26.1406
2022-10-26 10:00:00,2022-10-26 11:00:00,31.000000000000000000,ug.m-3,44.4264,26.1406
2022-10-26 11:00:00,2022-10-26 12:00:00,28.630000000000000000,ug.m-3,44.4264,26.1406
2022-10-26 12:00:00,2022-10-26 13:00:00,19.410000000000000000,ug.m-3,44.4264,26.1406
2022-10-26 13:00:00,2022-10-26 14:00:00,16.640000000000000000,ug.m-3,44.4264,26.1406
2022-10-26 14:00:00,2022-10-26 15:00:00,12.750000000000000000,ug.m-3,44.4264,26.1406
2022-10-26 15:00:00,2022-10-26 16:00:00,21.150000000000000000,ug.m-3,44.4264,26.1406
2022-10-26 16:00:00,2022-10-26 17:00:00,16.100000000000000000,ug.m-3,44.4264,26.1406
2022-10-26 17:00:00,2022-10-26 18:00:00,22.970000000000000000,ug.m-3,44.4264,26.1406
2022-10-26 18:00:00,2022-10-26 19:00:00,38.820000000000000000,ug.m-3,44.4264,26.1406
2022-10-26 19:00:00,2022-10-26 20:00:00,56.680000000000000000,ug.m-3,44.4264,26.1406
2022-10-26 20:00:00,2022-10-26 21:00:00,57.700000000000000000,ug.m-3,44.4264,26.1406
2022-10-26 21:00:00,2022-10-26 22:00:00,59.920000000000000000,ug.m-3,44.4264,26.1406
2022-10-26 22:00:00,2022-10-26 23:00:00,63.330000000000000000,ug.m-3,44.4264,26.1406
2022-10-26 23:00:00,2022-10-27 00:00:00,36.630000000000000000,ug.m-3,44.4264,26.1406
2022-10-27 00:00:00,2022-10-27 01:00:00,20.170000000000000000,ug.m-3,44.4264,26.1406
2022-10-27 01:00:00,2022-10-27 02:00:00,15.900000000000000000,ug.m-3,44.4264,26.1406
2022-10-27 02:00:00,2022-10-27 03:00:00,20.650000000000000000,ug.m-3,44.4264,26.1406
2022-10-27 03:00:00,2022-10-27 04:00:00,10.540000000000000000,ug.m-3,44.4264,26.1406
2022-10-27 04:00:00,2022-10-27 05:00:00,15.550000000000000000,ug.m-3,44.4264,26.1406
2022-10-27 05:00:00,2022-10-27 06:00:00,14.110000000000000000,ug.m-3,44.4264,26.1406
2022-10-27 06:00:00,2022-10-27 07:00:00,18.420000000000000000,ug.m-3,44.4264,26.1406
2022-10-27 07:00:00,2022-10-27 08:00:00,21.990000000000000000,ug.m-3,44.4264,26.1406
2022-10-27 08:00:00,2022-10-27 09:00:00,28.510000000000000000,ug.m-3,44.4264,26.1406
2022-10-27 09:00:00,2022-10-27 10:00:00,32.750000000000000000,ug.m-3,44.4264,26.1406
2022-10-27 10:00:00,2022-10-27 11:00:00,30.760000000000000000,ug.m-3,44.4264,26.1406
2022-10-27 11:00:00,2022-10-27 12:00:00,32.700000000000000000,ug.m-3,44.4264,26.1406
2022-10-27 12:00:00,2022-10-27 13:00:00,24.170000000000000000,ug.m-3,44.4264,26.1406
2022-10-27 13:00:00,2022-10-27 14:00:00,18.460000000000000000,ug.m-3,44.4264,26.1406
2022-10-27 14:00:00,2022-10-27 15:00:00,16.030000000000000000,ug.m-3,44.4264,26.1406
2022-10-27 15:00:00,2022-10-27 16:00:00,14.280000000000000000,ug.m-3,44.4264,26.1406
2022-10-27 16:00:00,2022-10-27 17:00:00,14.920000000000000000,ug.m-3,44.4264,26.1406
2022-10-27 17:00:00,2022-10-27 18:00:00,20.290000000000000000,ug.m-3,44.4264,26.1406
2022-10-27 18:00:00,2022-10-27 19:00:00,27.870000000000000000,ug.m-3,44.4264,26.1406
2022-10-27 19:00:00,2022-10-27 20:00:00,55.350000000000000000,ug.m-3,44.4264,26.1406
2022-10-27 20:00:00,2022-10-27 21:00:00,72.640000000000000000,ug.m-3,44.4264,26.1406
2022-10-27 21:00:00,2022-10-27 22:00:00,73.700000000000000000,ug.m-3,44.4264,26.1406
2022-10-27 22:00:00,2022-10-27 23:00:00,83.360000000000000000,ug.m-3,44.4264,26.1406
2022-10-27 23:00:00,2022-10-28 00:00:00,74.270000000000000000,ug.m-3,44.4264,26.1406
2022-10-28 00:00:00,2022-10-28 01:00:00,52.940000000000000000,ug.m-3,44.4264,26.1406
2022-10-28 01:00:00,2022-10-28 02:00:00,50.880000000000000000,ug.m-3,44.4264,26.1406
2022-10-28 02:00:00,2022-10-28 03:00:00,53.460000000000000000,ug.m-3,44.4264,26.1406
2022-10-28 03:00:00,2022-10-28 04:00:00,42.350000000000000000,ug.m-3,44.4264,26.1406
2022-10-28 04:00:00,2022-10-28 05:00:00,31.260000000000000000,ug.m-3,44.4264,26.1406
2022-10-28 05:00:00,2022-10-28 06:00:00,24.180000000000000000,ug.m-3,44.4264,26.1406
2022-10-28 06:00:00,2022-10-28 07:00:00,23.740000000000000000,ug.m-3,44.4264,26.1406
2022-10-28 07:00:00,2022-10-28 08:00:00,32.570000000000000000,ug.m-3,44.4264,26.1406
2022-10-28 08:00:00,2022-10-28 09:00:00,33.830000000000000000,ug.m-3,44.4264,26.1406
2022-10-28 09:00:00,2022-10-28 10:00:00,36.310000000000000000,ug.m-3,44.4264,26.1406
2022-10-28 10:00:00,2022-10-28 11:00:00,36.610000000000000000,ug.m-3,44.4264,26.1406
2022-10-28 11:00:00,2022-10-28 12:00:00,37.830000000000000000,ug.m-3,44.4264,26.1406
2022-10-28 12:00:00,2022-10-28 13:00:00,36.600000000000000000,ug.m-3,44.4264,26.1406
2022-10-28 13:00:00,2022-10-28 14:00:00,33.560000000000000000,ug.m-3,44.4264,26.1406
2022-10-28 14:00:00,2022-10-28 15:00:00,30.080000000000000000,ug.m-3,44.4264,26.1406
2022-10-28 15:00:00,2022-10-28 16:00:00,27.090000000000000000,ug.m-3,44.4264,26.1406
2022-10-28 16:00:00,2022-10-28 17:00:00,24.700000000000000000,ug.m-3,44.4264,26.1406
2022-10-28 17:00:00,2022-10-28 18:00:00,26.480000000000000000,ug.m-3,44.4264,26.1406
2022-10-28 18:00:00,2022-10-28 19:00:00,56.630000000000000000,ug.m-3,44.4264,26.1406
2022-10-28 19:00:00,2022-10-28 20:00:00,86.800000000000000000,ug.m-3,44.4264,26.1406
2022-10-28 20:00:00,2022-10-28 21:00:00,96.840000000000000000,ug.m-3,44.4264,26.1406
2022-10-28 21:00:00,2022-10-28 22:00:00,93.920000000000000000,ug.m-3,44.4264,26.1406
2022-10-28 22:00:00,2022-10-28 23:00:00,86.480000000000000000,ug.m-3,44.4264,26.1406
2022-10-28 23:00:00,2022-10-29 00:00:00,92.930000000000000000,ug.m-3,44.4264,26.1406
2022-10-29 00:00:00,2022-10-29 01:00:00,80.470000000000000000,ug.m-3,44.4264,26.1406
2022-10-29 01:00:00,2022-10-29 02:00:00,67.770000000000000000,ug.m-3,44.4264,26.1406
2022-10-29 02:00:00,2022-10-29 03:00:00,62.500000000000000000,ug.m-3,44.4264,26.1406
2022-10-29 03:00:00,2022-10-29 04:00:00,54.810000000000000000,ug.m-3,44.4264,26.1406
2022-10-29 04:00:00,2022-10-29 05:00:00,50.910000000000000000,ug.m-3,44.4264,26.1406
2022-10-29 05:00:00,2022-10-29 06:00:00,49.180000000000000000,ug.m-3,44.4264,26.1406
2022-10-29 06:00:00,2022-10-29 07:00:00,55.940000000000000000,ug.m-3,44.4264,26.1406
2022-10-29 07:00:00,2022-10-29 08:00:00,49.250000000000000000,ug.m-3,44.4264,26.1406
2022-10-29 08:00:00,2022-10-29 09:00:00,50.590000000000000000,ug.m-3,44.4264,26.1406
2022-10-29 09:00:00,2022-10-29 10:00:00,56.950000000000000000,ug.m-3,44.4264,26.1406
2022-10-29 10:00:00,2022-10-29 11:00:00,62.760000000000000000,ug.m-3,44.4264,26.1406
2022-10-29 11:00:00,2022-10-29 12:00:00,48.170000000000000000,ug.m-3,44.4264,26.1406
2022-10-29 12:00:00,2022-10-29 13:00:00,36.170000000000000000,ug.m-3,44.4264,26.1406
2022-10-29 13:00:00,2022-10-29 14:00:00,34.110000000000000000,ug.m-3,44.4264,26.1406
2022-10-29 14:00:00,2022-10-29 15:00:00,26.280000000000000000,ug.m-3,44.4264,26.1406
2022-10-29 15:00:00,2022-10-29 16:00:00,24.580000000000000000,ug.m-3,44.4264,26.1406
2022-10-29 16:00:00,2022-10-29 17:00:00,24.470000000000000000,ug.m-3,44.4264,26.1406
2022-10-29 17:00:00,2022-10-29 18:00:00,24.560000000000000000,ug.m-3,44.4264,26.1406
2022-10-29 18:00:00,2022-10-29 19:00:00,29.540000000000000000,ug.m-3,44.4264,26.1406
2022-10-29 19:00:00,2022-10-29 20:00:00,33.630000000000000000,ug.m-3,44.4264,26.1406
2022-10-29 20:00:00,2022-10-29 21:00:00,32.470000000000000000,ug.m-3,44.4264,26.1406
2022-10-29 21:00:00,2022-10-29 22:00:00,41.640000000000000000,ug.m-3,44.4264,26.1406
2022-10-29 22:00:00,2022-10-29 23:00:00,42.790000000000000000,ug.m-3,44.4264,26.1406
2022-10-29 23:00:00,2022-10-30 00:00:00,42.160000000000000000,ug.m-3,44.4264,26.1406
2022-10-30 00:00:00,2022-10-30 01:00:00,29.460000000000000000,ug.m-3,44.4264,26.1406
2022-10-30 01:00:00,2022-10-30 02:00:00,31.670000000000000000,ug.m-3,44.4264,26.1406
2022-10-30 02:00:00,2022-10-30 03:00:00,32.130000000000000000,ug.m-3,44.4264,26.1406
2022-10-30 03:00:00,2022-10-30 04:00:00,35.390000000000000000,ug.m-3,44.4264,26.1406
2022-10-30 04:00:00,2022-10-30 05:00:00,31.840000000000000000,ug.m-3,44.4264,26.1406
2022-10-30 05:00:00,2022-10-30 06:00:00,31.550000000000000000,ug.m-3,44.4264,26.1406
2022-10-30 06:00:00,2022-10-30 07:00:00,30.430000000000000000,ug.m-3,44.4264,26.1406
2022-10-30 07:00:00,2022-10-30 08:00:00,33.900000000000000000,ug.m-3,44.4264,26.1406
2022-10-30 08:00:00,2022-10-30 09:00:00,41.800000000000000000,ug.m-3,44.4264,26.1406
2022-10-30 09:00:00,2022-10-30 10:00:00,42.230000000000000000,ug.m-3,44.4264,26.1406
2022-10-30 10:00:00,2022-10-30 11:00:00,37.240000000000000000,ug.m-3,44.4264,26.1406
2022-10-30 11:00:00,2022-10-30 12:00:00,32.130000000000000000,ug.m-3,44.4264,26.1406
2022-10-30 12:00:00,2022-10-30 13:00:00,32.190000000000000000,ug.m-3,44.4264,26.1406
2022-10-30 13:00:00,2022-10-30 14:00:00,33.980000000000000000,ug.m-3,44.4264,26.1406
2022-10-30 14:00:00,2022-10-30 15:00:00,35.810000000000000000,ug.m-3,44.4264,26.1406
2022-10-30 15:00:00,2022-10-30 16:00:00,32.900000000000000000,ug.m-3,44.4264,26.1406
2022-10-30 16:00:00,2022-10-30 17:00:00,33.240000000000000000,ug.m-3,44.4264,26.1406
2022-10-30 17:00:00,2022-10-30 18:00:00,46.920000000000000000,ug.m-3,44.4264,26.1406
2022-10-30 18:00:00,2022-10-30 19:00:00,67.410000000000000000,ug.m-3,44.4264,26.1406
2022-10-30 19:00:00,2022-10-30 20:00:00,81.650000000000000000,ug.m-3,44.4264,26.1406
2022-10-30 20:00:00,2022-10-30 21:00:00,103.420000000000000000,ug.m-3,44.4264,26.1406
2022-10-30 21:00:00,2022-10-30 22:00:00,75.950000000000000000,ug.m-3,44.4264,26.1406
2022-10-30 22:00:00,2022-10-30 23:00:00,54.780000000000000000,ug.m-3,44.4264,26.1406
2022-10-30 23:00:00,2022-10-31 00:00:00,51.920000000000000000,ug.m-3,44.4264,26.1406
2022-10-31 00:00:00,2022-10-31 01:00:00,46.980000000000000000,ug.m-3,44.4264,26.1406
2022-10-31 01:00:00,2022-10-31 02:00:00,40.350000000000000000,ug.m-3,44.4264,26.1406
2022-10-31 02:00:00,2022-10-31 03:00:00,37.680000000000000000,ug.m-3,44.4264,26.1406
2022-10-31 03:00:00,2022-10-31 04:00:00,30.850000000000000000,ug.m-3,44.4264,26.1406
2022-10-31 04:00:00,2022-10-31 05:00:00,26.710000000000000000,ug.m-3,44.4264,26.1406
2022-10-31 05:00:00,2022-10-31 06:00:00,25.140000000000000000,ug.m-3,44.4264,26.1406
2022-10-31 06:00:00,2022-10-31 07:00:00,27.080000000000000000,ug.m-3,44.4264,26.1406
2022-10-31 07:00:00,2022-10-31 08:00:00,36.160000000000000000,ug.m-3,44.4264,26.1406
2022-10-31 08:00:00,2022-10-31 09:00:00,85.730000000000000000,ug.m-3,44.4264,26.1406
2022-10-31 09:00:00,2022-10-31 10:00:00,74.510000000000000000,ug.m-3,44.4264,26.1406
2022-10-31 10:00:00,2022-10-31 11:00:00,40.470000000000000000,ug.m-3,44.4264,26.1406
2022-10-31 11:00:00,2022-10-31 12:00:00,34.160000000000000000,ug.m-3,44.4264,26.1406
2022-10-31 12:00:00,2022-10-31 13:00:00,34.340000000000000000,ug.m-3,44.4264,26.1406
2022-10-31 13:00:00,2022-10-31 14:00:00,29.830000000000000000,ug.m-3,44.4264,26.1406
2022-10-31 14:00:00,2022-10-31 15:00:00,28.730000000000000000,ug.m-3,44.4264,26.1406
2022-10-31 15:00:00,2022-10-31 16:00:00,29.560000000000000000,ug.m-3,44.4264,26.1406
2022-10-31 16:00:00,2022-10-31 17:00:00,32.880000000000000000,ug.m-3,44.4264,26.1406
2022-10-31 17:00:00,2022-10-31 18:00:00,46.500000000000000000,ug.m-3,44.4264,26.1406
2022-10-31 18:00:00,2022-10-31 19:00:00,73.290000000000000000,ug.m-3,44.4264,26.1406
2022-10-31 19:00:00,2022-10-31 20:00:00,100.480000000000000000,ug.m-3,44.4264,26.1406
2022-10-31 20:00:00,2022-10-31 21:00:00,88.780000000000000000,ug.m-3,44.4264,26.1406
2022-10-31 21:00:00,2022-10-31 22:00:00,113.150000000000000000,ug.m-3,44.4264,26.1406
2022-10-31 22:00:00,2022-10-31 23:00:00,129.560000000000000000,ug.m-3,44.4264,26.1406
2022-10-31 23:00:00,2022-11-01 00:00:00,72.890000000000000000,ug.m-3,44.4264,26.1406
2022-11-01 00:00:00,2022-11-01 01:00:00,49.610000000000000000,ug.m-3,44.4264,26.1406
2022-11-01 01:00:00,2022-11-01 02:00:00,38.790000000000000000,ug.m-3,44.4264,26.1406
2022-11-01 02:00:00,2022-11-01 03:00:00,27.910000000000000000,ug.m-3,44.4264,26.1406
2022-11-01 03:00:00,2022-11-01 04:00:00,20.110000000000000000,ug.m-3,44.4264,26.1406
2022-11-01 04:00:00,2022-11-01 05:00:00,18.110000000000000000,ug.m-3,44.4264,26.1406
2022-11-01 05:00:00,2022-11-01 06:00:00,23.170000000000000000,ug.m-3,44.4264,26.1406
2022-11-01 06:00:00,2022-11-01 07:00:00,24.670000000000000000,ug.m-3,44.4264,26.1406
2022-11-01 07:00:00,2022-11-01 08:00:00,29.440000000000000000,ug.m-3,44.4264,26.1406
2022-11-01 08:00:00,2022-11-01 09:00:00,34.090000000000000000,ug.m-3,44.4264,26.1406
2022-11-01 09:00:00,2022-11-01 10:00:00,34.390000000000000000,ug.m-3,44.4264,26.1406
2022-11-01 10:00:00,2022-11-01 11:00:00,36.440000000000000000,ug.m-3,44.4264,26.1406
2022-11-01 11:00:00,2022-11-01 12:00:00,55.130000000000000000,ug.m-3,44.4264,26.1406
2022-11-01 12:00:00,2022-11-01 13:00:00,52.300000000000000000,ug.m-3,44.4264,26.1406
2022-11-01 13:00:00,2022-11-01 14:00:00,34.850000000000000000,ug.m-3,44.4264,26.1406
2022-11-01 15:00:00,2022-11-01 16:00:00,9.220000000000000000,ug.m-3,44.4264,26.1406
2022-11-01 16:00:00,2022-11-01 17:00:00,36.750000000000000000,ug.m-3,44.4264,26.1406
2022-11-01 17:00:00,2022-11-01 18:00:00,98.780000000000000000,ug.m-3,44.4264,26.1406
2022-11-01 18:00:00,2022-11-01 19:00:00,104.390000000000000000,ug.m-3,44.4264,26.1406
2022-11-01 19:00:00,2022-11-01 20:00:00,114.240000000000000000,ug.m-3,44.4264,26.1406
2022-11-01 20:00:00,2022-11-01 21:00:00,142.130000000000000000,ug.m-3,44.4264,26.1406
2022-11-01 21:00:00,2022-11-01 22:00:00,116.890000000000000000,ug.m-3,44.4264,26.1406
2022-11-01 22:00:00,2022-11-01 23:00:00,109.370000000000000000,ug.m-3,44.4264,26.1406
2022-11-01 23:00:00,2022-11-02 00:00:00,80.530000000000000000,ug.m-3,44.4264,26.1406
2022-11-02 00:00:00,2022-11-02 01:00:00,53.920000000000000000,ug.m-3,44.4264,26.1406
2022-11-02 01:00:00,2022-11-02 02:00:00,44.310000000000000000,ug.m-3,44.4264,26.1406
2022-11-02 02:00:00,2022-11-02 03:00:00,45.700000000000000000,ug.m-3,44.4264,26.1406
2022-11-02 03:00:00,2022-11-02 04:00:00,42.280000000000000000,ug.m-3,44.4264,26.1406
2022-11-02 04:00:00,2022-11-02 05:00:00,42.570000000000000000,ug.m-3,44.4264,26.1406
2022-11-02 05:00:00,2022-11-02 06:00:00,41.660000000000000000,ug.m-3,44.4264,26.1406
2022-11-02 06:00:00,2022-11-02 07:00:00,46.490000000000000000,ug.m-3,44.4264,26.1406
2022-11-02 07:00:00,2022-11-02 08:00:00,50.480000000000000000,ug.m-3,44.4264,26.1406
2022-11-02 08:00:00,2022-11-02 09:00:00,51.700000000000000000,ug.m-3,44.4264,26.1406
2022-11-02 09:00:00,2022-11-02 10:00:00,51.170000000000000000,ug.m-3,44.4264,26.1406
2022-11-02 10:00:00,2022-11-02 11:00:00,50.970000000000000000,ug.m-3,44.4264,26.1406
2022-11-02 11:00:00,2022-11-02 12:00:00,53.870000000000000000,ug.m-3,44.4264,26.1406
2022-11-02 12:00:00,2022-11-02 13:00:00,49.810000000000000000,ug.m-3,44.4264,26.1406
2022-11-02 13:00:00,2022-11-02 14:00:00,49.630000000000000000,ug.m-3,44.4264,26.1406
2022-11-02 14:00:00,2022-11-02 15:00:00,45.280000000000000000,ug.m-3,44.4264,26.1406
2022-11-02 15:00:00,2022-11-02 16:00:00,52.850000000000000000,ug.m-3,44.4264,26.1406
2022-11-02 16:00:00,2022-11-02 17:00:00,75.120000000000000000,ug.m-3,44.4264,26.1406
2022-11-02 17:00:00,2022-11-02 18:00:00,89.070000000000000000,ug.m-3,44.4264,26.1406
2022-11-02 18:00:00,2022-11-02 19:00:00,66.240000000000000000,ug.m-3,44.4264,26.1406
2022-11-02 19:00:00,2022-11-02 20:00:00,55.920000000000000000,ug.m-3,44.4264,26.1406
2022-11-02 20:00:00,2022-11-02 21:00:00,56.170000000000000000,ug.m-3,44.4264,26.1406
2022-11-02 21:00:00,2022-11-02 22:00:00,58.710000000000000000,ug.m-3,44.4264,26.1406
2022-11-02 22:00:00,2022-11-02 23:00:00,57.380000000000000000,ug.m-3,44.4264,26.1406
2022-11-02 23:00:00,2022-11-03 00:00:00,46.890000000000000000,ug.m-3,44.4264,26.1406
2022-11-03 00:00:00,2022-11-03 01:00:00,38.820000000000000000,ug.m-3,44.4264,26.1406
2022-11-03 01:00:00,2022-11-03 02:00:00,26.780000000000000000,ug.m-3,44.4264,26.1406
2022-11-03 02:00:00,2022-11-03 03:00:00,27.010000000000000000,ug.m-3,44.4264,26.1406
2022-11-03 03:00:00,2022-11-03 04:00:00,25.660000000000000000,ug.m-3,44.4264,26.1406
2022-11-03 04:00:00,2022-11-03 05:00:00,25.310000000000000000,ug.m-3,44.4264,26.1406
2022-11-03 05:00:00,2022-11-03 06:00:00,31.590000000000000000,ug.m-3,44.4264,26.1406
2022-11-03 06:00:00,2022-11-03 07:00:00,37.850000000000000000,ug.m-3,44.4264,26.1406
2022-11-03 07:00:00,2022-11-03 08:00:00,45.490000000000000000,ug.m-3,44.4264,26.1406
2022-11-03 08:00:00,2022-11-03 09:00:00,52.680000000000000000,ug.m-3,44.4264,26.1406
2022-11-03 09:00:00,2022-11-03 10:00:00,48.330000000000000000,ug.m-3,44.4264,26.1406
2022-11-03 10:00:00,2022-11-03 11:00:00,41.960000000000000000,ug.m-3,44.4264,26.1406
2022-11-03 11:00:00,2022-11-03 12:00:00,38.910000000000000000,ug.m-3,44.4264,26.1406
2022-11-03 12:00:00,2022-11-03 13:00:00,31.560000000000000000,ug.m-3,44.4264,26.1406
2022-11-03 13:00:00,2022-11-03 14:00:00,27.450000000000000000,ug.m-3,44.4264,26.1406
2022-11-03 14:00:00,2022-11-03 15:00:00,24.330000000000000000,ug.m-3,44.4264,26.1406
2022-11-03 15:00:00,2022-11-03 16:00:00,28.510000000000000000,ug.m-3,44.4264,26.1406
2022-11-03 16:00:00,2022-11-03 17:00:00,33.240000000000000000,ug.m-3,44.4264,26.1406
2022-11-03 17:00:00,2022-11-03 18:00:00,44.140000000000000000,ug.m-3,44.4264,26.1406
2022-11-03 18:00:00,2022-11-03 19:00:00,49.160000000000000000,ug.m-3,44.4264,26.1406
2022-11-03 19:00:00,2022-11-03 20:00:00,63.050000000000000000,ug.m-3,44.4264,26.1406
2022-11-03 20:00:00,2022-11-03 21:00:00,70.400000000000000000,ug.m-3,44.4264,26.1406
2022-11-03 21:00:00,2022-11-03 22:00:00,71.490000000000000000,ug.m-3,44.4264,26.1406
2022-11-03 22:00:00,2022-11-03 23:00:00,61.410000000000000000,ug.m-3,44.4264,26.1406
2022-11-03 23:00:00,2022-11-04 00:00:00,49.800000000000000000,ug.m-3,44.4264,26.1406
2022-11-04 00:00:00,2022-11-04 01:00:00,44.700000000000000000,ug.m-3,44.4264,26.1406
2022-11-04 01:00:00,2022-11-04 02:00:00,39.270000000000000000,ug.m-3,44.4264,26.1406
2022-11-04 02:00:00,2022-11-04 03:00:00,35.700000000000000000,ug.m-3,44.4264,26.1406
2022-11-04 03:00:00,2022-11-04 04:00:00,32.360000000000000000,ug.m-3,44.4264,26.1406
2022-11-04 04:00:00,2022-11-04 05:00:00,34.730000000000000000,ug.m-3,44.4264,26.1406
2022-11-04 05:00:00,2022-11-04 06:00:00,34.060000000000000000,ug.m-3,44.4264,26.1406
2022-11-04 06:00:00,2022-11-04 07:00:00,39.580000000000000000,ug.m-3,44.4264,26.1406
2022-11-04 07:00:00,2022-11-04 08:00:00,40.680000000000000000,ug.m-3,44.4264,26.1406
2022-11-04 08:00:00,2022-11-04 09:00:00,45.020000000000000000,ug.m-3,44.4264,26.1406
2022-11-04 09:00:00,2022-11-04 10:00:00,42.750000000000000000,ug.m-3,44.4264,26.1406
2022-11-04 10:00:00,2022-11-04 11:00:00,38.830000000000000000,ug.m-3,44.4264,26.1406
2022-11-04 11:00:00,2022-11-04 12:00:00,41.180000000000000000,ug.m-3,44.4264,26.1406
2022-11-04 12:00:00,2022-11-04 13:00:00,37.100000000000000000,ug.m-3,44.4264,26.1406
2022-11-04 13:00:00,2022-11-04 14:00:00,35.270000000000000000,ug.m-3,44.4264,26.1406
2022-11-04 14:00:00,2022-11-04 15:00:00,42.090000000000000000,ug.m-3,44.4264,26.1406
2022-11-04 15:00:00,2022-11-04 16:00:00,45.550000000000000000,ug.m-3,44.4264,26.1406
2022-11-04 16:00:00,2022-11-04 17:00:00,51.490000000000000000,ug.m-3,44.4264,26.1406
2022-11-04 17:00:00,2022-11-04 18:00:00,51.570000000000000000,ug.m-3,44.4264,26.1406
2022-11-04 18:00:00,2022-11-04 19:00:00,68.080000000000000000,ug.m-3,44.4264,26.1406
2022-11-04 19:00:00,2022-11-04 20:00:00,72.520000000000000000,ug.m-3,44.4264,26.1406
2022-11-04 20:00:00,2022-11-04 21:00:00,54.850000000000000000,ug.m-3,44.4264,26.1406
2022-11-04 21:00:00,2022-11-04 22:00:00,45.390000000000000000,ug.m-3,44.4264,26.1406
2022-11-04 22:00:00,2022-11-04 23:00:00,47.970000000000000000,ug.m-3,44.4264,26.1406
2022-11-04 23:00:00,2022-11-05 00:00:00,54.270000000000000000,ug.m-3,44.4264,26.1406
2022-11-05 00:00:00,2022-11-05 01:00:00,52.030000000000000000,ug.m-3,44.4264,26.1406
2022-11-05 01:00:00,2022-11-05 02:00:00,45.870000000000000000,ug.m-3,44.4264,26.1406
2022-11-05 02:00:00,2022-11-05 03:00:00,37.520000000000000000,ug.m-3,44.4264,26.1406
2022-11-05 03:00:00,2022-11-05 04:00:00,34.330000000000000000,ug.m-3,44.4264,26.1406
2022-11-05 04:00:00,2022-11-05 05:00:00,29.940000000000000000,ug.m-3,44.4264,26.1406
2022-11-05 05:00:00,2022-11-05 06:00:00,27.170000000000000000,ug.m-3,44.4264,26.1406
2022-11-05 06:00:00,2022-11-05 07:00:00,24.410000000000000000,ug.m-3,44.4264,26.1406
2022-11-05 07:00:00,2022-11-05 08:00:00,24.700000000000000000,ug.m-3,44.4264,26.1406
2022-11-05 08:00:00,2022-11-05 09:00:00,31.120000000000000000,ug.m-3,44.4264,26.1406
2022-11-05 09:00:00,2022-11-05 10:00:00,35.650000000000000000,ug.m-3,44.4264,26.1406
2022-11-05 10:00:00,2022-11-05 11:00:00,43.610000000000000000,ug.m-3,44.4264,26.1406
2022-11-05 11:00:00,2022-11-05 12:00:00,51.640000000000000000,ug.m-3,44.4264,26.1406
2022-11-05 12:00:00,2022-11-05 13:00:00,50.670000000000000000,ug.m-3,44.4264,26.1406
2022-11-05 13:00:00,2022-11-05 14:00:00,49.150000000000000000,ug.m-3,44.4264,26.1406
2022-11-05 14:00:00,2022-11-05 15:00:00,50.000000000000000000,ug.m-3,44.4264,26.1406
2022-11-05 15:00:00,2022-11-05 16:00:00,51.290000000000000000,ug.m-3,44.4264,26.1406
2022-11-05 16:00:00,2022-11-05 17:00:00,46.250000000000000000,ug.m-3,44.4264,26.1406
2022-11-05 17:00:00,2022-11-05 18:00:00,41.730000000000000000,ug.m-3,44.4264,26.1406
2022-11-05 18:00:00,2022-11-05 19:00:00,43.120000000000000000,ug.m-3,44.4264,26.1406
2022-11-05 19:00:00,2022-11-05 20:00:00,41.210000000000000000,ug.m-3,44.4264,26.1406
2022-11-05 20:00:00,2022-11-05 21:00:00,43.930000000000000000,ug.m-3,44.4264,26.1406
2022-11-05 21:00:00,2022-11-05 22:00:00,41.630000000000000000,ug.m-3,44.4264,26.1406
2022-11-05 22:00:00,2022-11-05 23:00:00,36.900000000000000000,ug.m-3,44.4264,26.1406
2022-11-05 23:00:00,2022-11-06 00:00:00,38.720000000000000000,ug.m-3,44.4264,26.1406
2022-11-06 00:00:00,2022-11-06 01:00:00,38.530000000000000000,ug.m-3,44.4264,26.1406
2022-11-06 01:00:00,2022-11-06 02:00:00,37.630000000000000000,ug.m-3,44.4264,26.1406
2022-11-06 02:00:00,2022-11-06 03:00:00,39.640000000000000000,ug.m-3,44.4264,26.1406
2022-11-06 03:00:00,2022-11-06 04:00:00,35.670000000000000000,ug.m-3,44.4264,26.1406
2022-11-06 04:00:00,2022-11-06 05:00:00,34.580000000000000000,ug.m-3,44.4264,26.1406
2022-11-06 05:00:00,2022-11-06 06:00:00,37.350000000000000000,ug.m-3,44.4264,26.1406
2022-11-06 06:00:00,2022-11-06 07:00:00,35.400000000000000000,ug.m-3,44.4264,26.1406
2022-11-06 07:00:00,2022-11-06 08:00:00,32.570000000000000000,ug.m-3,44.4264,26.1406
2022-11-06 08:00:00,2022-11-06 09:00:00,32.570000000000000000,ug.m-3,44.4264,26.1406
2022-11-06 09:00:00,2022-11-06 10:00:00,31.090000000000000000,ug.m-3,44.4264,26.1406
2022-11-06 10:00:00,2022-11-06 11:00:00,32.490000000000000000,ug.m-3,44.4264,26.1406
2022-11-06 11:00:00,2022-11-06 12:00:00,35.580000000000000000,ug.m-3,44.4264,26.1406
2022-11-06 12:00:00,2022-11-06 13:00:00,36.230000000000000000,ug.m-3,44.4264,26.1406
2022-11-06 13:00:00,2022-11-06 14:00:00,46.670000000000000000,ug.m-3,44.4264,26.1406
2022-11-06 14:00:00,2022-11-06 15:00:00,54.050000000000000000,ug.m-3,44.4264,26.1406
2022-11-06 15:00:00,2022-11-06 16:00:00,35.540000000000000000,ug.m-3,44.4264,26.1406
2022-11-06 16:00:00,2022-11-06 17:00:00,31.940000000000000000,ug.m-3,44.4264,26.1406
2022-11-06 17:00:00,2022-11-06 18:00:00,29.910000000000000000,ug.m-3,44.4264,26.1406
2022-11-06 18:00:00,2022-11-06 19:00:00,27.220000000000000000,ug.m-3,44.4264,26.1406
2022-11-06 19:00:00,2022-11-06 20:00:00,23.310000000000000000,ug.m-3,44.4264,26.1406
2022-11-06 20:00:00,2022-11-06 21:00:00,21.350000000000000000,ug.m-3,44.4264,26.1406
2022-11-06 21:00:00,2022-11-06 22:00:00,19.450000000000000000,ug.m-3,44.4264,26.1406
2022-11-06 22:00:00,2022-11-06 23:00:00,16.570000000000000000,ug.m-3,44.4264,26.1406
2022-11-06 23:00:00,2022-11-07 00:00:00,16.300000000000000000,ug.m-3,44.4264,26.1406
2022-11-07 00:00:00,2022-11-07 01:00:00,16.830000000000000000,ug.m-3,44.4264,26.1406
2022-11-07 01:00:00,2022-11-07 02:00:00,15.500000000000000000,ug.m-3,44.4264,26.1406
2022-11-07 02:00:00,2022-11-07 03:00:00,14.180000000000000000,ug.m-3,44.4264,26.1406
2022-11-07 03:00:00,2022-11-07 04:00:00,14.980000000000000000,ug.m-3,44.4264,26.1406
2022-11-07 04:00:00,2022-11-07 05:00:00,15.110000000000000000,ug.m-3,44.4264,26.1406
2022-11-07 05:00:00,2022-11-07 06:00:00,18.690000000000000000,ug.m-3,44.4264,26.1406
2022-11-07 06:00:00,2022-11-07 07:00:00,23.940000000000000000,ug.m-3,44.4264,26.1406
2022-11-07 07:00:00,2022-11-07 08:00:00,26.350000000000000000,ug.m-3,44.4264,26.1406
2022-11-07 08:00:00,2022-11-07 09:00:00,25.870000000000000000,ug.m-3,44.4264,26.1406
2022-11-07 09:00:00,2022-11-07 10:00:00,24.320000000000000000,ug.m-3,44.4264,26.1406
2022-11-07 10:00:00,2022-11-07 11:00:00,23.010000000000000000,ug.m-3,44.4264,26.1406
2022-11-07 11:00:00,2022-11-07 12:00:00,21.290000000000000000,ug.m-3,44.4264,26.1406
2022-11-07 12:00:00,2022-11-07 13:00:00,25.370000000000000000,ug.m-3,44.4264,26.1406
2022-11-07 13:00:00,2022-11-07 14:00:00,23.040000000000000000,ug.m-3,44.4264,26.1406
2022-11-07 14:00:00,2022-11-07 15:00:00,23.290000000000000000,ug.m-3,44.4264,26.1406
2022-11-07 15:00:00,2022-11-07 16:00:00,22.310000000000000000,ug.m-3,44.4264,26.1406
2022-11-07 16:00:00,2022-11-07 17:00:00,29.010000000000000000,ug.m-3,44.4264,26.1406
2022-11-07 17:00:00,2022-11-07 18:00:00,40.460000000000000000,ug.m-3,44.4264,26.1406
2022-11-07 18:00:00,2022-11-07 19:00:00,41.590000000000000000,ug.m-3,44.4264,26.1406
2022-11-07 19:00:00,2022-11-07 20:00:00,56.700000000000000000,ug.m-3,44.4264,26.1406
2022-11-07 20:00:00,2022-11-07 21:00:00,54.630000000000000000,ug.m-3,44.4264,26.1406
2022-11-07 21:00:00,2022-11-07 22:00:00,39.360000000000000000,ug.m-3,44.4264,26.1406
2022-11-07 22:00:00,2022-11-07 23:00:00,39.690000000000000000,ug.m-3,44.4264,26.1406
2022-11-07 23:00:00,2022-11-08 00:00:00,56.140000000000000000,ug.m-3,44.4264,26.1406
2022-11-08 00:00:00,2022-11-08 01:00:00,51.730000000000000000,ug.m-3,44.4264,26.1406
2022-11-08 01:00:00,2022-11-08 02:00:00,38.290000000000000000,ug.m-3,44.4264,26.1406
2022-11-08 02:00:00,2022-11-08 03:00:00,31.790000000000000000,ug.m-3,44.4264,26.1406
2022-11-08 03:00:00,2022-11-08 04:00:00,28.190000000000000000,ug.m-3,44.4264,26.1406
2022-11-08 04:00:00,2022-11-08 05:00:00,27.350000000000000000,ug.m-3,44.4264,26.1406
2022-11-08 05:00:00,2022-11-08 06:00:00,25.740000000000000000,ug.m-3,44.4264,26.1406
2022-11-08 06:00:00,2022-11-08 07:00:00,26.410000000000000000,ug.m-3,44.4264,26.1406
2022-11-08 07:00:00,2022-11-08 08:00:00,31.160000000000000000,ug.m-3,44.4264,26.1406
2022-11-08 08:00:00,2022-11-08 09:00:00,45.140000000000000000,ug.m-3,44.4264,26.1406
2022-11-08 09:00:00,2022-11-08 10:00:00,41.020000000000000000,ug.m-3,44.4264,26.1406
2022-11-08 10:00:00,2022-11-08 11:00:00,36.210000000000000000,ug.m-3,44.4264,26.1406
2022-11-08 11:00:00,2022-11-08 12:00:00,32.820000000000000000,ug.m-3,44.4264,26.1406
2022-11-08 12:00:00,2022-11-08 13:00:00,30.940000000000000000,ug.m-3,44.4264,26.1406
2022-11-08 13:00:00,2022-11-08 14:00:00,29.630000000000000000,ug.m-3,44.4264,26.1406
2022-11-08 14:00:00,2022-11-08 15:00:00,31.130000000000000000,ug.m-3,44.4264,26.1406
2022-11-08 15:00:00,2022-11-08 16:00:00,35.160000000000000000,ug.m-3,44.4264,26.1406
2022-11-08 16:00:00,2022-11-08 17:00:00,48.470000000000000000,ug.m-3,44.4264,26.1406
2022-11-08 17:00:00,2022-11-08 18:00:00,64.610000000000000000,ug.m-3,44.4264,26.1406
2022-11-08 18:00:00,2022-11-08 19:00:00,69.890000000000000000,ug.m-3,44.4264,26.1406
2022-11-08 19:00:00,2022-11-08 20:00:00,63.660000000000000000,ug.m-3,44.4264,26.1406
2022-11-08 20:00:00,2022-11-08 21:00:00,55.640000000000000000,ug.m-3,44.4264,26.1406
2022-11-08 21:00:00,2022-11-08 22:00:00,48.330000000000000000,ug.m-3,44.4264,26.1406
2022-11-08 22:00:00,2022-11-08 23:00:00,44.450000000000000000,ug.m-3,44.4264,26.1406
2022-11-08 23:00:00,2022-11-09 00:00:00,46.100000000000000000,ug.m-3,44.4264,26.1406
2022-11-09 00:00:00,2022-11-09 01:00:00,51.380000000000000000,ug.m-3,44.4264,26.1406
2022-11-09 01:00:00,2022-11-09 02:00:00,47.670000000000000000,ug.m-3,44.4264,26.1406
2022-11-09 02:00:00,2022-11-09 03:00:00,43.110000000000000000,ug.m-3,44.4264,26.1406
2022-11-09 03:00:00,2022-11-09 04:00:00,45.970000000000000000,ug.m-3,44.4264,26.1406
2022-11-09 04:00:00,2022-11-09 05:00:00,45.360000000000000000,ug.m-3,44.4264,26.1406
2022-11-09 05:00:00,2022-11-09 06:00:00,41.050000000000000000,ug.m-3,44.4264,26.1406
2022-11-09 06:00:00,2022-11-09 07:00:00,43.640000000000000000,ug.m-3,44.4264,26.1406
2022-11-09 07:00:00,2022-11-09 08:00:00,46.330000000000000000,ug.m-3,44.4264,26.1406
2022-11-09 08:00:00,2022-11-09 09:00:00,46.900000000000000000,ug.m-3,44.4264,26.1406
2022-11-09 09:00:00,2022-11-09 10:00:00,39.460000000000000000,ug.m-3,44.4264,26.1406
2022-11-09 10:00:00,2022-11-09 11:00:00,42.990000000000000000,ug.m-3,44.4264,26.1406
2022-11-09 11:00:00,2022-11-09 12:00:00,42.070000000000000000,ug.m-3,44.4264,26.1406
2022-11-09 12:00:00,2022-11-09 13:00:00,42.230000000000000000,ug.m-3,44.4264,26.1406
2022-11-09 13:00:00,2022-11-09 14:00:00,43.380000000000000000,ug.m-3,44.4264,26.1406
2022-11-09 14:00:00,2022-11-09 15:00:00,38.380000000000000000,ug.m-3,44.4264,26.1406
2022-11-09 15:00:00,2022-11-09 16:00:00,40.860000000000000000,ug.m-3,44.4264,26.1406
2022-11-09 16:00:00,2022-11-09 17:00:00,49.950000000000000000,ug.m-3,44.4264,26.1406
2022-11-09 17:00:00,2022-11-09 18:00:00,66.670000000000000000,ug.m-3,44.4264,26.1406
2022-11-09 18:00:00,2022-11-09 19:00:00,82.090000000000000000,ug.m-3,44.4264,26.1406
2022-11-09 19:00:00,2022-11-09 20:00:00,81.730000000000000000,ug.m-3,44.4264,26.1406
2022-11-09 20:00:00,2022-11-09 21:00:00,96.360000000000000000,ug.m-3,44.4264,26.1406
2022-11-09 21:00:00,2022-11-09 22:00:00,108.500000000000000000,ug.m-3,44.4264,26.1406
2022-11-09 22:00:00,2022-11-09 23:00:00,98.530000000000000000,ug.m-3,44.4264,26.1406
2022-11-09 23:00:00,2022-11-10 00:00:00,83.280000000000000000,ug.m-3,44.4264,26.1406
2022-11-10 00:00:00,2022-11-10 01:00:00,62.370000000000000000,ug.m-3,44.4264,26.1406
2022-11-10 01:00:00,2022-11-10 02:00:00,54.990000000000000000,ug.m-3,44.4264,26.1406
2022-11-10 02:00:00,2022-11-10 03:00:00,56.010000000000000000,ug.m-3,44.4264,26.1406
2022-11-10 03:00:00,2022-11-10 04:00:00,55.800000000000000000,ug.m-3,44.4264,26.1406
2022-11-10 04:00:00,2022-11-10 05:00:00,53.320000000000000000,ug.m-3,44.4264,26.1406
2022-11-10 05:00:00,2022-11-10 06:00:00,53.150000000000000000,ug.m-3,44.4264,26.1406
2022-11-10 06:00:00,2022-11-10 07:00:00,50.900000000000000000,ug.m-3,44.4264,26.1406
2022-11-10 07:00:00,2022-11-10 08:00:00,57.020000000000000000,ug.m-3,44.4264,26.1406
2022-11-10 08:00:00,2022-11-10 09:00:00,66.370000000000000000,ug.m-3,44.4264,26.1406
2022-11-10 09:00:00,2022-11-10 10:00:00,66.150000000000000000,ug.m-3,44.4264,26.1406
2022-11-10 10:00:00,2022-11-10 11:00:00,65.570000000000000000,ug.m-3,44.4264,26.1406
2022-11-10 11:00:00,2022-11-10 12:00:00,61.500000000000000000,ug.m-3,44.4264,26.1406
2022-11-10 12:00:00,2022-11-10 13:00:00,52.190000000000000000,ug.m-3,44.4264,26.1406
2022-11-10 13:00:00,2022-11-10 14:00:00,55.140000000000000000,ug.m-3,44.4264,26.1406
2022-11-10 14:00:00,2022-11-10 15:00:00,71.550000000000000000,ug.m-3,44.4264,26.1406
2022-11-10 15:00:00,2022-11-10 16:00:00,72.680000000000000000,ug.m-3,44.4264,26.1406
2022-11-10 16:00:00,2022-11-10 17:00:00,64.620000000000000000,ug.m-3,44.4264,26.1406
2022-11-10 17:00:00,2022-11-10 18:00:00,77.690000000000000000,ug.m-3,44.4264,26.1406
2022-11-10 18:00:00,2022-11-10 19:00:00,91.620000000000000000,ug.m-3,44.4264,26.1406
2022-11-10 19:00:00,2022-11-10 20:00:00,82.070000000000000000,ug.m-3,44.4264,26.1406
2022-11-10 20:00:00,2022-11-10 21:00:00,80.650000000000000000,ug.m-3,44.4264,26.1406
2022-11-10 21:00:00,2022-11-10 22:00:00,59.580000000000000000,ug.m-3,44.4264,26.1406
2022-11-10 22:00:00,2022-11-10 23:00:00,56.980000000000000000,ug.m-3,44.4264,26.1406
2022-11-10 23:00:00,2022-11-11 00:00:00,54.570000000000000000,ug.m-3,44.4264,26.1406
2022-11-11 00:00:00,2022-11-11 01:00:00,53.970000000000000000,ug.m-3,44.4264,26.1406
2022-11-11 01:00:00,2022-11-11 02:00:00,57.910000000000000000,ug.m-3,44.4264,26.1406
2022-11-11 02:00:00,2022-11-11 03:00:00,60.710000000000000000,ug.m-3,44.4264,26.1406
2022-11-11 03:00:00,2022-11-11 04:00:00,60.030000000000000000,ug.m-3,44.4264,26.1406
2022-11-11 04:00:00,2022-11-11 05:00:00,61.630000000000000000,ug.m-3,44.4264,26.1406
2022-11-11 05:00:00,2022-11-11 06:00:00,53.890000000000000000,ug.m-3,44.4264,26.1406
2022-11-11 06:00:00,2022-11-11 07:00:00,36.700000000000000000,ug.m-3,44.4264,26.1406
2022-11-11 07:00:00,2022-11-11 08:00:00,29.870000000000000000,ug.m-3,44.4264,26.1406
2022-11-11 08:00:00,2022-11-11 09:00:00,22.800000000000000000,ug.m-3,44.4264,26.1406
2022-11-11 09:00:00,2022-11-11 10:00:00,20.360000000000000000,ug.m-3,44.4264,26.1406
2022-11-11 10:00:00,2022-11-11 11:00:00,16.280000000000000000,ug.m-3,44.4264,26.1406
2022-11-11 11:00:00,2022-11-11 12:00:00,9.120000000000000000,ug.m-3,44.4264,26.1406
2022-11-11 12:00:00,2022-11-11 13:00:00,9.060000000000000000,ug.m-3,44.4264,26.1406
2022-11-11 13:00:00,2022-11-11 14:00:00,10.440000000000000000,ug.m-3,44.4264,26.1406
2022-11-11 14:00:00,2022-11-11 15:00:00,7.580000000000000000,ug.m-3,44.4264,26.1406
2022-11-11 15:00:00,2022-11-11 16:00:00,6.330000000000000000,ug.m-3,44.4264,26.1406
2022-11-11 16:00:00,2022-11-11 17:00:00,12.830000000000000000,ug.m-3,44.4264,26.1406
2022-11-11 17:00:00,2022-11-11 18:00:00,26.360000000000000000,ug.m-3,44.4264,26.1406
2022-11-11 18:00:00,2022-11-11 19:00:00,35.430000000000000000,ug.m-3,44.4264,26.1406
2022-11-11 19:00:00,2022-11-11 20:00:00,39.210000000000000000,ug.m-3,44.4264,26.1406
2022-11-11 20:00:00,2022-11-11 21:00:00,32.240000000000000000,ug.m-3,44.4264,26.1406
2022-11-11 21:00:00,2022-11-11 22:00:00,30.340000000000000000,ug.m-3,44.4264,26.1406
2022-11-11 22:00:00,2022-11-11 23:00:00,30.670000000000000000,ug.m-3,44.4264,26.1406
2022-11-11 23:00:00,2022-11-12 00:00:00,29.670000000000000000,ug.m-3,44.4264,26.1406
2022-11-12 00:00:00,2022-11-12 01:00:00,30.300000000000000000,ug.m-3,44.4264,26.1406
2022-11-12 01:00:00,2022-11-12 02:00:00,30.150000000000000000,ug.m-3,44.4264,26.1406
2022-11-12 02:00:00,2022-11-12 03:00:00,29.590000000000000000,ug.m-3,44.4264,26.1406
2022-11-12 03:00:00,2022-11-12 04:00:00,28.320000000000000000,ug.m-3,44.4264,26.1406
2022-11-12 04:00:00,2022-11-12 05:00:00,24.670000000000000000,ug.m-3,44.4264,26.1406
2022-11-12 05:00:00,2022-11-12 06:00:00,20.180000000000000000,ug.m-3,44.4264,26.1406
2022-11-12 06:00:00,2022-11-12 07:00:00,22.140000000000000000,ug.m-3,44.4264,26.1406
2022-11-12 07:00:00,2022-11-12 08:00:00,25.000000000000000000,ug.m-3,44.4264,26.1406
2022-11-12 08:00:00,2022-11-12 09:00:00,26.550000000000000000,ug.m-3,44.4264,26.1406
2022-11-12 09:00:00,2022-11-12 10:00:00,24.820000000000000000,ug.m-3,44.4264,26.1406
2022-11-12 10:00:00,2022-11-12 11:00:00,22.000000000000000000,ug.m-3,44.4264,26.1406
2022-11-12 11:00:00,2022-11-12 12:00:00,18.770000000000000000,ug.m-3,44.4264,26.1406
2022-11-12 12:00:00,2022-11-12 13:00:00,16.190000000000000000,ug.m-3,44.4264,26.1406
2022-11-12 13:00:00,2022-11-12 14:00:00,15.770000000000000000,ug.m-3,44.4264,26.1406
2022-11-12 14:00:00,2022-11-12 15:00:00,8.740000000000000000,ug.m-3,44.4264,26.1406
2022-11-12 15:00:00,2022-11-12 16:00:00,14.810000000000000000,ug.m-3,44.4264,26.1406
2022-11-12 16:00:00,2022-11-12 17:00:00,22.460000000000000000,ug.m-3,44.4264,26.1406
2022-11-12 17:00:00,2022-11-12 18:00:00,30.490000000000000000,ug.m-3,44.4264,26.1406
2022-11-12 18:00:00,2022-11-12 19:00:00,42.110000000000000000,ug.m-3,44.4264,26.1406
2022-11-12 19:00:00,2022-11-12 20:00:00,73.740000000000000000,ug.m-3,44.4264,26.1406
2022-11-12 20:00:00,2022-11-12 21:00:00,102.830000000000000000,ug.m-3,44.4264,26.1406
2022-11-12 21:00:00,2022-11-12 22:00:00,102.940000000000000000,ug.m-3,44.4264,26.1406
2022-11-12 22:00:00,2022-11-12 23:00:00,87.290000000000000000,ug.m-3,44.4264,26.1406
2022-11-12 23:00:00,2022-11-13 00:00:00,73.450000000000000000,ug.m-3,44.4264,26.1406
2022-11-13 00:00:00,2022-11-13 01:00:00,63.380000000000000000,ug.m-3,44.4264,26.1406
2022-11-13 01:00:00,2022-11-13 02:00:00,56.740000000000000000,ug.m-3,44.4264,26.1406
2022-11-13 02:00:00,2022-11-13 03:00:00,56.950000000000000000,ug.m-3,44.4264,26.1406
2022-11-13 03:00:00,2022-11-13 04:00:00,61.600000000000000000,ug.m-3,44.4264,26.1406
2022-11-13 04:00:00,2022-11-13 05:00:00,50.270000000000000000,ug.m-3,44.4264,26.1406
2022-11-13 05:00:00,2022-11-13 06:00:00,42.700000000000000000,ug.m-3,44.4264,26.1406
2022-11-13 06:00:00,2022-11-13 07:00:00,42.630000000000000000,ug.m-3,44.4264,26.1406
2022-11-13 07:00:00,2022-11-13 08:00:00,38.290000000000000000,ug.m-3,44.4264,26.1406
2022-11-13 08:00:00,2022-11-13 09:00:00,32.560000000000000000,ug.m-3,44.4264,26.1406
2022-11-13 09:00:00,2022-11-13 10:00:00,37.720000000000000000,ug.m-3,44.4264,26.1406
2022-11-13 10:00:00,2022-11-13 11:00:00,30.140000000000000000,ug.m-3,44.4264,26.1406
2022-11-13 11:00:00,2022-11-13 12:00:00,26.470000000000000000,ug.m-3,44.4264,26.1406
2022-11-13 12:00:00,2022-11-13 13:00:00,20.960000000000000000,ug.m-3,44.4264,26.1406
2022-11-13 13:00:00,2022-11-13 14:00:00,17.650000000000000000,ug.m-3,44.4264,26.1406
2022-11-13 14:00:00,2022-11-13 15:00:00,13.560000000000000000,ug.m-3,44.4264,26.1406
2022-11-13 15:00:00,2022-11-13 16:00:00,14.080000000000000000,ug.m-3,44.4264,26.1406
2022-11-13 16:00:00,2022-11-13 17:00:00,20.930000000000000000,ug.m-3,44.4264,26.1406
2022-11-13 17:00:00,2022-11-13 18:00:00,30.930000000000000000,ug.m-3,44.4264,26.1406
2022-11-13 18:00:00,2022-11-13 19:00:00,38.620000000000000000,ug.m-3,44.4264,26.1406
2022-11-13 19:00:00,2022-11-13 20:00:00,33.900000000000000000,ug.m-3,44.4264,26.1406
2022-11-13 20:00:00,2022-11-13 21:00:00,32.030000000000000000,ug.m-3,44.4264,26.1406
2022-11-13 21:00:00,2022-11-13 22:00:00,42.420000000000000000,ug.m-3,44.4264,26.1406
2022-11-13 22:00:00,2022-11-13 23:00:00,51.080000000000000000,ug.m-3,44.4264,26.1406
2022-11-13 23:00:00,2022-11-14 00:00:00,39.030000000000000000,ug.m-3,44.4264,26.1406
2022-11-14 00:00:00,2022-11-14 01:00:00,33.280000000000000000,ug.m-3,44.4264,26.1406
2022-11-14 01:00:00,2022-11-14 02:00:00,30.360000000000000000,ug.m-3,44.4264,26.1406
2022-11-14 02:00:00,2022-11-14 03:00:00,29.330000000000000000,ug.m-3,44.4264,26.1406
2022-11-14 03:00:00,2022-11-14 04:00:00,29.280000000000000000,ug.m-3,44.4264,26.1406
2022-11-14 04:00:00,2022-11-14 05:00:00,27.870000000000000000,ug.m-3,44.4264,26.1406
2022-11-14 05:00:00,2022-11-14 06:00:00,27.510000000000000000,ug.m-3,44.4264,26.1406
2022-11-14 06:00:00,2022-11-14 07:00:00,28.990000000000000000,ug.m-3,44.4264,26.1406
2022-11-14 07:00:00,2022-11-14 08:00:00,31.500000000000000000,ug.m-3,44.4264,26.1406
2022-11-14 08:00:00,2022-11-14 09:00:00,38.150000000000000000,ug.m-3,44.4264,26.1406
2022-11-14 09:00:00,2022-11-14 10:00:00,40.900000000000000000,ug.m-3,44.4264,26.1406
2022-11-14 10:00:00,2022-11-14 11:00:00,40.760000000000000000,ug.m-3,44.4264,26.1406
2022-11-14 11:00:00,2022-11-14 12:00:00,37.200000000000000000,ug.m-3,44.4264,26.1406
2022-11-14 12:00:00,2022-11-14 13:00:00,32.720000000000000000,ug.m-3,44.4264,26.1406
2022-11-14 13:00:00,2022-11-14 14:00:00,28.590000000000000000,ug.m-3,44.4264,26.1406
2022-11-14 14:00:00,2022-11-14 15:00:00,29.290000000000000000,ug.m-3,44.4264,26.1406
2022-11-14 15:00:00,2022-11-14 16:00:00,26.050000000000000000,ug.m-3,44.4264,26.1406
2022-11-14 16:00:00,2022-11-14 17:00:00,28.190000000000000000,ug.m-3,44.4264,26.1406
2022-11-14 17:00:00,2022-11-14 18:00:00,31.610000000000000000,ug.m-3,44.4264,26.1406
2022-11-14 18:00:00,2022-11-14 19:00:00,25.090000000000000000,ug.m-3,44.4264,26.1406
2022-11-14 19:00:00,2022-11-14 20:00:00,23.760000000000000000,ug.m-3,44.4264,26.1406
2022-11-14 20:00:00,2022-11-14 21:00:00,23.510000000000000000,ug.m-3,44.4264,26.1406
2022-11-14 21:00:00,2022-11-14 22:00:00,21.690000000000000000,ug.m-3,44.4264,26.1406
2022-11-14 22:00:00,2022-11-14 23:00:00,22.220000000000000000,ug.m-3,44.4264,26.1406
2022-11-14 23:00:00,2022-11-15 00:00:00,20.150000000000000000,ug.m-3,44.4264,26.1406
2022-11-15 00:00:00,2022-11-15 01:00:00,20.270000000000000000,ug.m-3,44.4264,26.1406
2022-11-15 01:00:00,2022-11-15 02:00:00,19.440000000000000000,ug.m-3,44.4264,26.1406
2022-11-15 02:00:00,2022-11-15 03:00:00,18.270000000000000000,ug.m-3,44.4264,26.1406
2022-11-15 03:00:00,2022-11-15 04:00:00,20.190000000000000000,ug.m-3,44.4264,26.1406
2022-11-15 04:00:00,2022-11-15 05:00:00,21.800000000000000000,ug.m-3,44.4264,26.1406
2022-11-15 05:00:00,2022-11-15 06:00:00,21.050000000000000000,ug.m-3,44.4264,26.1406
2022-11-15 06:00:00,2022-11-15 07:00:00,23.290000000000000000,ug.m-3,44.4264,26.1406
2022-11-15 07:00:00,2022-11-15 08:00:00,22.460000000000000000,ug.m-3,44.4264,26.1406
2022-11-15 08:00:00,2022-11-15 09:00:00,22.710000000000000000,ug.m-3,44.4264,26.1406
2022-11-15 09:00:00,2022-11-15 10:00:00,26.070000000000000000,ug.m-3,44.4264,26.1406
2022-11-15 10:00:00,2022-11-15 11:00:00,28.830000000000000000,ug.m-3,44.4264,26.1406
2022-11-15 11:00:00,2022-11-15 12:00:00,27.460000000000000000,ug.m-3,44.4264,26.1406
2022-11-15 12:00:00,2022-11-15 13:00:00,27.500000000000000000,ug.m-3,44.4264,26.1406
2022-11-15 13:00:00,2022-11-15 14:00:00,23.490000000000000000,ug.m-3,44.4264,26.1406
2022-11-15 14:00:00,2022-11-15 15:00:00,22.820000000000000000,ug.m-3,44.4264,26.1406
2022-11-15 15:00:00,2022-11-15 16:00:00,24.610000000000000000,ug.m-3,44.4264,26.1406
2022-11-15 16:00:00,2022-11-15 17:00:00,24.940000000000000000,ug.m-3,44.4264,26.1406
2022-11-15 17:00:00,2022-11-15 18:00:00,24.080000000000000000,ug.m-3,44.4264,26.1406
2022-11-15 18:00:00,2022-11-15 19:00:00,25.560000000000000000,ug.m-3,44.4264,26.1406
2022-11-15 19:00:00,2022-11-15 20:00:00,29.210000000000000000,ug.m-3,44.4264,26.1406
2022-11-15 20:00:00,2022-11-15 21:00:00,30.130000000000000000,ug.m-3,44.4264,26.1406
2022-11-15 21:00:00,2022-11-15 22:00:00,29.330000000000000000,ug.m-3,44.4264,26.1406
2022-11-15 22:00:00,2022-11-15 23:00:00,29.880000000000000000,ug.m-3,44.4264,26.1406
2022-11-15 23:00:00,2022-11-16 00:00:00,33.640000000000000000,ug.m-3,44.4264,26.1406
2022-11-16 00:00:00,2022-11-16 01:00:00,29.600000000000000000,ug.m-3,44.4264,26.1406
2022-11-16 01:00:00,2022-11-16 02:00:00,31.110000000000000000,ug.m-3,44.4264,26.1406
2022-11-16 05:00:00,2022-11-16 06:00:00,9.950000000000000000,ug.m-3,44.4264,26.1406
2022-11-16 06:00:00,2022-11-16 07:00:00,32.400000000000000000,ug.m-3,44.4264,26.1406
2022-11-16 07:00:00,2022-11-16 08:00:00,35.410000000000000000,ug.m-3,44.4264,26.1406
2022-11-16 08:00:00,2022-11-16 09:00:00,33.130000000000000000,ug.m-3,44.4264,26.1406
2022-11-16 09:00:00,2022-11-16 10:00:00,26.290000000000000000,ug.m-3,44.4264,26.1406
2022-11-16 10:00:00,2022-11-16 11:00:00,28.910000000000000000,ug.m-3,44.4264,26.1406
2022-11-16 11:00:00,2022-11-16 12:00:00,28.510000000000000000,ug.m-3,44.4264,26.1406
2022-11-16 12:00:00,2022-11-16 13:00:00,29.160000000000000000,ug.m-3,44.4264,26.1406
2022-11-16 13:00:00,2022-11-16 14:00:00,36.460000000000000000,ug.m-3,44.4264,26.1406
2022-11-16 14:00:00,2022-11-16 15:00:00,38.670000000000000000,ug.m-3,44.4264,26.1406
2022-11-16 15:00:00,2022-11-16 16:00:00,35.380000000000000000,ug.m-3,44.4264,26.1406
2022-11-16 16:00:00,2022-11-16 17:00:00,30.890000000000000000,ug.m-3,44.4264,26.1406
2022-11-16 17:00:00,2022-11-16 18:00:00,32.240000000000000000,ug.m-3,44.4264,26.1406
2022-11-16 18:00:00,2022-11-16 19:00:00,28.720000000000000000,ug.m-3,44.4264,26.1406
2022-11-16 19:00:00,2022-11-16 20:00:00,33.200000000000000000,ug.m-3,44.4264,26.1406
2022-11-16 20:00:00,2022-11-16 21:00:00,33.060000000000000000,ug.m-3,44.4264,26.1406
2022-11-16 21:00:00,2022-11-16 22:00:00,25.800000000000000000,ug.m-3,44.4264,26.1406
2022-11-16 22:00:00,2022-11-16 23:00:00,29.500000000000000000,ug.m-3,44.4264,26.1406
2022-11-16 23:00:00,2022-11-17 00:00:00,31.680000000000000000,ug.m-3,44.4264,26.1406
2022-11-17 00:00:00,2022-11-17 01:00:00,33.750000000000000000,ug.m-3,44.4264,26.1406
2022-11-17 01:00:00,2022-11-17 02:00:00,34.260000000000000000,ug.m-3,44.4264,26.1406
2022-11-17 02:00:00,2022-11-17 03:00:00,35.620000000000000000,ug.m-3,44.4264,26.1406
2022-11-17 03:00:00,2022-11-17 04:00:00,35.190000000000000000,ug.m-3,44.4264,26.1406
2022-11-17 04:00:00,2022-11-17 05:00:00,33.090000000000000000,ug.m-3,44.4264,26.1406
2022-11-17 05:00:00,2022-11-17 06:00:00,33.630000000000000000,ug.m-3,44.4264,26.1406
2022-11-17 06:00:00,2022-11-17 07:00:00,42.850000000000000000,ug.m-3,44.4264,26.1406
2022-11-17 07:00:00,2022-11-17 08:00:00,58.320000000000000000,ug.m-3,44.4264,26.1406
2022-11-17 08:00:00,2022-11-17 09:00:00,56.790000000000000000,ug.m-3,44.4264,26.1406
2022-11-17 09:00:00,2022-11-17 10:00:00,64.980000000000000000,ug.m-3,44.4264,26.1406
2022-11-17 10:00:00,2022-11-17 11:00:00,54.560000000000000000,ug.m-3,44.4264,26.1406
2022-11-17 11:00:00,2022-11-17 12:00:00,33.740000000000000000,ug.m-3,44.4264,26.1406
2022-11-17 12:00:00,2022-11-17 13:00:00,21.600000000000000000,ug.m-3,44.4264,26.1406
2022-11-17 13:00:00,2022-11-17 14:00:00,26.650000000000000000,ug.m-3,44.4264,26.1406
2022-11-17 14:00:00,2022-11-17 15:00:00,22.590000000000000000,ug.m-3,44.4264,26.1406
2022-11-17 15:00:00,2022-11-17 16:00:00,18.910000000000000000,ug.m-3,44.4264,26.1406
2022-11-17 16:00:00,2022-11-17 17:00:00,18.930000000000000000,ug.m-3,44.4264,26.1406
2022-11-17 17:00:00,2022-11-17 18:00:00,20.120000000000000000,ug.m-3,44.4264,26.1406
2022-11-17 18:00:00,2022-11-17 19:00:00,17.560000000000000000,ug.m-3,44.4264,26.1406
2022-11-17 19:00:00,2022-11-17 20:00:00,16.440000000000000000,ug.m-3,44.4264,26.1406
2022-11-17 20:00:00,2022-11-17 21:00:00,14.510000000000000000,ug.m-3,44.4264,26.1406
2022-11-17 21:00:00,2022-11-17 22:00:00,19.120000000000000000,ug.m-3,44.4264,26.1406
2022-11-17 22:00:00,2022-11-17 23:00:00,15.760000000000000000,ug.m-3,44.4264,26.1406
2022-11-17 23:00:00,2022-11-18 00:00:00,17.140000000000000000,ug.m-3,44.4264,26.1406
2022-11-18 00:00:00,2022-11-18 01:00:00,17.760000000000000000,ug.m-3,44.4264,26.1406
2022-11-18 01:00:00,2022-11-18 02:00:00,17.380000000000000000,ug.m-3,44.4264,26.1406
2022-11-18 02:00:00,2022-11-18 03:00:00,18.360000000000000000,ug.m-3,44.4264,26.1406
2022-11-18 03:00:00,2022-11-18 04:00:00,17.150000000000000000,ug.m-3,44.4264,26.1406
2022-11-18 04:00:00,2022-11-18 05:00:00,13.510000000000000000,ug.m-3,44.4264,26.1406
2022-11-18 05:00:00,2022-11-18 06:00:00,14.510000000000000000,ug.m-3,44.4264,26.1406
2022-11-18 06:00:00,2022-11-18 07:00:00,13.860000000000000000,ug.m-3,44.4264,26.1406
2022-11-18 07:00:00,2022-11-18 08:00:00,11.410000000000000000,ug.m-3,44.4264,26.1406
2022-11-18 08:00:00,2022-11-18 09:00:00,11.860000000000000000,ug.m-3,44.4264,26.1406
2022-11-18 09:00:00,2022-11-18 10:00:00,16.800000000000000000,ug.m-3,44.4264,26.1406
2022-11-18 10:00:00,2022-11-18 11:00:00,23.540000000000000000,ug.m-3,44.4264,26.1406
2022-11-18 11:00:00,2022-11-18 12:00:00,30.120000000000000000,ug.m-3,44.4264,26.1406
2022-11-18 12:00:00,2022-11-18 13:00:00,35.660000000000000000,ug.m-3,44.4264,26.1406
2022-11-18 13:00:00,2022-11-18 14:00:00,33.510000000000000000,ug.m-3,44.4264,26.1406
2022-11-18 14:00:00,2022-11-18 15:00:00,33.020000000000000000,ug.m-3,44.4264,26.1406
2022-11-18 15:00:00,2022-11-18 16:00:00,28.540000000000000000,ug.m-3,44.4264,26.1406
2022-11-18 16:00:00,2022-11-18 17:00:00,29.400000000000000000,ug.m-3,44.4264,26.1406
2022-11-18 17:00:00,2022-11-18 18:00:00,30.060000000000000000,ug.m-3,44.4264,26.1406
2022-11-18 18:00:00,2022-11-18 19:00:00,30.580000000000000000,ug.m-3,44.4264,26.1406
2022-11-18 19:00:00,2022-11-18 20:00:00,28.810000000000000000,ug.m-3,44.4264,26.1406
2022-11-18 20:00:00,2022-11-18 21:00:00,26.480000000000000000,ug.m-3,44.4264,26.1406
2022-11-18 21:00:00,2022-11-18 22:00:00,29.400000000000000000,ug.m-3,44.4264,26.1406
2022-11-18 22:00:00,2022-11-18 23:00:00,26.990000000000000000,ug.m-3,44.4264,26.1406
2022-11-18 23:00:00,2022-11-19 00:00:00,22.830000000000000000,ug.m-3,44.4264,26.1406
2022-11-19 00:00:00,2022-11-19 01:00:00,28.290000000000000000,ug.m-3,44.4264,26.1406
2022-11-19 01:00:00,2022-11-19 02:00:00,25.540000000000000000,ug.m-3,44.4264,26.1406
2022-11-19 02:00:00,2022-11-19 03:00:00,23.920000000000000000,ug.m-3,44.4264,26.1406
2022-11-19 03:00:00,2022-11-19 04:00:00,21.890000000000000000,ug.m-3,44.4264,26.1406
2022-11-19 04:00:00,2022-11-19 05:00:00,22.630000000000000000,ug.m-3,44.4264,26.1406
2022-11-19 05:00:00,2022-11-19 06:00:00,24.500000000000000000,ug.m-3,44.4264,26.1406
2022-11-19 06:00:00,2022-11-19 07:00:00,18.380000000000000000,ug.m-3,44.4264,26.1406
2022-11-19 07:00:00,2022-11-19 08:00:00,16.430000000000000000,ug.m-3,44.4264,26.1406
2022-11-19 08:00:00,2022-11-19 09:00:00,12.290000000000000000,ug.m-3,44.4264,26.1406
2022-11-19 09:00:00,2022-11-19 10:00:00,12.220000000000000000,ug.m-3,44.4264,26.1406
2022-11-19 10:00:00,2022-11-19 11:00:00,12.180000000000000000,ug.m-3,44.4264,26.1406
2022-11-19 11:00:00,2022-11-19 12:00:00,7.810000000000000000,ug.m-3,44.4264,26.1406
2022-11-19 12:00:00,2022-11-19 13:00:00,6.950000000000000000,ug.m-3,44.4264,26.1406
2022-11-19 13:00:00,2022-11-19 14:00:00,8.780000000000000000,ug.m-3,44.4264,26.1406
2022-11-19 14:00:00,2022-11-19 15:00:00,12.320000000000000000,ug.m-3,44.4264,26.1406
2022-11-19 15:00:00,2022-11-19 16:00:00,15.750000000000000000,ug.m-3,44.4264,26.1406
2022-11-19 16:00:00,2022-11-19 17:00:00,18.700000000000000000,ug.m-3,44.4264,26.1406
2022-11-19 17:00:00,2022-11-19 18:00:00,25.830000000000000000,ug.m-3,44.4264,26.1406
2022-11-19 18:00:00,2022-11-19 19:00:00,26.150000000000000000,ug.m-3,44.4264,26.1406
2022-11-19 19:00:00,2022-11-19 20:00:00,20.090000000000000000,ug.m-3,44.4264,26.1406
2022-11-19 20:00:00,2022-11-19 21:00:00,25.380000000000000000,ug.m-3,44.4264,26.1406
2022-11-19 21:00:00,2022-11-19 22:00:00,20.160000000000000000,ug.m-3,44.4264,26.1406
2022-11-19 22:00:00,2022-11-19 23:00:00,19.540000000000000000,ug.m-3,44.4264,26.1406
2022-11-19 23:00:00,2022-11-20 00:00:00,20.350000000000000000,ug.m-3,44.4264,26.1406
2022-11-20 00:00:00,2022-11-20 01:00:00,18.520000000000000000,ug.m-3,44.4264,26.1406
2022-11-20 01:00:00,2022-11-20 02:00:00,19.010000000000000000,ug.m-3,44.4264,26.1406
2022-11-20 02:00:00,2022-11-20 03:00:00,21.080000000000000000,ug.m-3,44.4264,26.1406
2022-11-20 03:00:00,2022-11-20 04:00:00,15.380000000000000000,ug.m-3,44.4264,26.1406
2022-11-20 04:00:00,2022-11-20 05:00:00,15.390000000000000000,ug.m-3,44.4264,26.1406
2022-11-20 05:00:00,2022-11-20 06:00:00,8.900000000000000000,ug.m-3,44.4264,26.1406
2022-11-20 06:00:00,2022-11-20 07:00:00,10.490000000000000000,ug.m-3,44.4264,26.1406
2022-11-20 07:00:00,2022-11-20 08:00:00,8.640000000000000000,ug.m-3,44.4264,26.1406
2022-11-20 08:00:00,2022-11-20 09:00:00,9.980000000000000000,ug.m-3,44.4264,26.1406
2022-11-20 09:00:00,2022-11-20 10:00:00,8.370000000000000000,ug.m-3,44.4264,26.1406
2022-11-20 10:00:00,2022-11-20 11:00:00,9.360000000000000000,ug.m-3,44.4264,26.1406
2022-11-20 11:00:00,2022-11-20 12:00:00,13.090000000000000000,ug.m-3,44.4264,26.1406
2022-11-20 12:00:00,2022-11-20 13:00:00,13.430000000000000000,ug.m-3,44.4264,26.1406
2022-11-20 13:00:00,2022-11-20 14:00:00,9.190000000000000000,ug.m-3,44.4264,26.1406
2022-11-20 14:00:00,2022-11-20 15:00:00,9.490000000000000000,ug.m-3,44.4264,26.1406
2022-11-20 15:00:00,2022-11-20 16:00:00,13.040000000000000000,ug.m-3,44.4264,26.1406
2022-11-20 16:00:00,2022-11-20 17:00:00,14.210000000000000000,ug.m-3,44.4264,26.1406
2022-11-20 17:00:00,2022-11-20 18:00:00,16.660000000000000000,ug.m-3,44.4264,26.1406
2022-11-20 18:00:00,2022-11-20 19:00:00,19.320000000000000000,ug.m-3,44.4264,26.1406
2022-11-20 19:00:00,2022-11-20 20:00:00,15.950000000000000000,ug.m-3,44.4264,26.1406
2022-11-20 20:00:00,2022-11-20 21:00:00,15.360000000000000000,ug.m-3,44.4264,26.1406
2022-11-20 21:00:00,2022-11-20 22:00:00,14.360000000000000000,ug.m-3,44.4264,26.1406
2022-11-20 22:00:00,2022-11-20 23:00:00,11.510000000000000000,ug.m-3,44.4264,26.1406
2022-11-20 23:00:00,2022-11-21 00:00:00,13.980000000000000000,ug.m-3,44.4264,26.1406
2022-11-21 00:00:00,2022-11-21 01:00:00,14.150000000000000000,ug.m-3,44.4264,26.1406
2022-11-21 01:00:00,2022-11-21 02:00:00,7.630000000000000000,ug.m-3,44.4264,26.1406
2022-11-21 02:00:00,2022-11-21 03:00:00,5.850000000000000000,ug.m-3,44.4264,26.1406
2022-11-21 03:00:00,2022-11-21 04:00:00,0.420000000000000000,ug.m-3,44.4264,26.1406
2022-11-21 05:00:00,2022-11-21 06:00:00,11.730000000000000000,ug.m-3,44.4264,26.1406
2022-11-21 06:00:00,2022-11-21 07:00:00,12.860000000000000000,ug.m-3,44.4264,26.1406
2022-11-21 07:00:00,2022-11-21 08:00:00,2.100000000000000000,ug.m-3,44.4264,26.1406
2022-11-21 08:00:00,2022-11-21 09:00:00,8.110000000000000000,ug.m-3,44.4264,26.1406
2022-11-21 09:00:00,2022-11-21 10:00:00,4.760000000000000000,ug.m-3,44.4264,26.1406
2022-11-21 10:00:00,2022-11-21 11:00:00,5.730000000000000000,ug.m-3,44.4264,26.1406
2022-11-21 11:00:00,2022-11-21 12:00:00,8.480000000000000000,ug.m-3,44.4264,26.1406
2022-11-21 12:00:00,2022-11-21 13:00:00,15.170000000000000000,ug.m-3,44.4264,26.1406
2022-11-21 13:00:00,2022-11-21 14:00:00,15.120000000000000000,ug.m-3,44.4264,26.1406
2022-11-21 14:00:00,2022-11-21 15:00:00,13.680000000000000000,ug.m-3,44.4264,26.1406
2022-11-21 15:00:00,2022-11-21 16:00:00,9.050000000000000000,ug.m-3,44.4264,26.1406
2022-11-21 16:00:00,2022-11-21 17:00:00,8.880000000000000000,ug.m-3,44.4264,26.1406
2022-11-21 17:00:00,2022-11-21 18:00:00,9.310000000000000000,ug.m-3,44.4264,26.1406
2022-11-21 18:00:00,2022-11-21 19:00:00,12.820000000000000000,ug.m-3,44.4264,26.1406
2022-11-21 19:00:00,2022-11-21 20:00:00,12.480000000000000000,ug.m-3,44.4264,26.1406
2022-11-21 20:00:00,2022-11-21 21:00:00,13.450000000000000000,ug.m-3,44.4264,26.1406
2022-11-21 21:00:00,2022-11-21 22:00:00,12.330000000000000000,ug.m-3,44.4264,26.1406
2022-11-21 22:00:00,2022-11-21 23:00:00,16.190000000000000000,ug.m-3,44.4264,26.1406
2022-11-21 23:00:00,2022-11-22 00:00:00,15.820000000000000000,ug.m-3,44.4264,26.1406
2022-11-22 00:00:00,2022-11-22 01:00:00,18.940000000000000000,ug.m-3,44.4264,26.1406
2022-11-22 01:00:00,2022-11-22 02:00:00,19.000000000000000000,ug.m-3,44.4264,26.1406
2022-11-22 02:00:00,2022-11-22 03:00:00,15.910000000000000000,ug.m-3,44.4264,26.1406
2022-11-22 03:00:00,2022-11-22 04:00:00,13.820000000000000000,ug.m-3,44.4264,26.1406
2022-11-22 04:00:00,2022-11-22 05:00:00,13.450000000000000000,ug.m-3,44.4264,26.1406
2022-11-22 05:00:00,2022-11-22 06:00:00,13.910000000000000000,ug.m-3,44.4264,26.1406
2022-11-22 06:00:00,2022-11-22 07:00:00,16.140000000000000000,ug.m-3,44.4264,26.1406
2022-11-22 07:00:00,2022-11-22 08:00:00,23.590000000000000000,ug.m-3,44.4264,26.1406
2022-11-22 08:00:00,2022-11-22 09:00:00,22.160000000000000000,ug.m-3,44.4264,26.1406
2022-11-22 09:00:00,2022-11-22 10:00:00,20.580000000000000000,ug.m-3,44.4264,26.1406
2022-11-22 10:00:00,2022-11-22 11:00:00,21.220000000000000000,ug.m-3,44.4264,26.1406
2022-11-22 11:00:00,2022-11-22 12:00:00,23.500000000000000000,ug.m-3,44.4264,26.1406
2022-11-22 12:00:00,2022-11-22 13:00:00,24.480000000000000000,ug.m-3,44.4264,26.1406
2022-11-22 13:00:00,2022-11-22 14:00:00,29.620000000000000000,ug.m-3,44.4264,26.1406
2022-11-22 14:00:00,2022-11-22 15:00:00,32.150000000000000000,ug.m-3,44.4264,26.1406
2022-11-22 15:00:00,2022-11-22 16:00:00,37.140000000000000000,ug.m-3,44.4264,26.1406
2022-11-22 16:00:00,2022-11-22 17:00:00,43.470000000000000000,ug.m-3,44.4264,26.1406
2022-11-22 17:00:00,2022-11-22 18:00:00,52.420000000000000000,ug.m-3,44.4264,26.1406
2022-11-22 18:00:00,2022-11-22 19:00:00,48.740000000000000000,ug.m-3,44.4264,26.1406
2022-11-22 19:00:00,2022-11-22 20:00:00,39.250000000000000000,ug.m-3,44.4264,26.1406
2022-11-22 20:00:00,2022-11-22 21:00:00,28.810000000000000000,ug.m-3,44.4264,26.1406
2022-11-22 21:00:00,2022-11-22 22:00:00,24.550000000000000000,ug.m-3,44.4264,26.1406
2022-11-22 22:00:00,2022-11-22 23:00:00,24.690000000000000000,ug.m-3,44.4264,26.1406
2022-11-22 23:00:00,2022-11-23 00:00:00,20.140000000000000000,ug.m-3,44.4264,26.1406
2022-11-23 00:00:00,2022-11-23 01:00:00,20.250000000000000000,ug.m-3,44.4264,26.1406
2022-11-23 01:00:00,2022-11-23 02:00:00,16.370000000000000000,ug.m-3,44.4264,26.1406
2022-11-23 02:00:00,2022-11-23 03:00:00,13.290000000000000000,ug.m-3,44.4264,26.1406
2022-11-23 03:00:00,2022-11-23 04:00:00,14.080000000000000000,ug.m-3,44.4264,26.1406
2022-11-23 04:00:00,2022-11-23 05:00:00,12.800000000000000000,ug.m-3,44.4264,26.1406
2022-11-23 05:00:00,2022-11-23 06:00:00,15.100000000000000000,ug.m-3,44.4264,26.1406
2022-11-23 06:00:00,2022-11-23 07:00:00,18.140000000000000000,ug.m-3,44.4264,26.1406
2022-11-23 07:00:00,2022-11-23 08:00:00,15.110000000000000000,ug.m-3,44.4264,26.1406
2022-11-23 08:00:00,2022-11-23 09:00:00,11.940000000000000000,ug.m-3,44.4264,26.1406
2022-11-23 09:00:00,2022-11-23 10:00:00,12.500000000000000000,ug.m-3,44.4264,26.1406
2022-11-23 10:00:00,2022-11-23 11:00:00,13.370000000000000000,ug.m-3,44.4264,26.1406
2022-11-23 11:00:00,2022-11-23 12:00:00,10.860000000000000000,ug.m-3,44.4264,26.1406
2022-11-23 12:00:00,2022-11-23 13:00:00,18.160000000000000000,ug.m-3,44.4264,26.1406
2022-11-23 13:00:00,2022-11-23 14:00:00,16.740000000000000000,ug.m-3,44.4264,26.1406
2022-11-23 14:00:00,2022-11-23 15:00:00,21.630000000000000000,ug.m-3,44.4264,26.1406
2022-11-23 15:00:00,2022-11-23 16:00:00,20.260000000000000000,ug.m-3,44.4264,26.1406
2022-11-23 16:00:00,2022-11-23 17:00:00,27.380000000000000000,ug.m-3,44.4264,26.1406
2022-11-23 17:00:00,2022-11-23 18:00:00,28.930000000000000000,ug.m-3,44.4264,26.1406
2022-11-23 18:00:00,2022-11-23 19:00:00,21.430000000000000000,ug.m-3,44.4264,26.1406
2022-11-23 19:00:00,2022-11-23 20:00:00,19.850000000000000000,ug.m-3,44.4264,26.1406
2022-11-23 20:00:00,2022-11-23 21:00:00,22.560000000000000000,ug.m-3,44.4264,26.1406
2022-11-23 21:00:00,2022-11-23 22:00:00,19.890000000000000000,ug.m-3,44.4264,26.1406
2022-11-23 22:00:00,2022-11-23 23:00:00,22.650000000000000000,ug.m-3,44.4264,26.1406
2022-11-23 23:00:00,2022-11-24 00:00:00,21.580000000000000000,ug.m-3,44.4264,26.1406
2022-11-24 00:00:00,2022-11-24 01:00:00,19.210000000000000000,ug.m-3,44.4264,26.1406
2022-11-24 01:00:00,2022-11-24 02:00:00,18.070000000000000000,ug.m-3,44.4264,26.1406
2022-11-24 02:00:00,2022-11-24 03:00:00,14.740000000000000000,ug.m-3,44.4264,26.1406
2022-11-24 03:00:00,2022-11-24 04:00:00,9.950000000000000000,ug.m-3,44.4264,26.1406
2022-11-24 04:00:00,2022-11-24 05:00:00,10.500000000000000000,ug.m-3,44.4264,26.1406
2022-11-24 05:00:00,2022-11-24 06:00:00,14.360000000000000000,ug.m-3,44.4264,26.1406
2022-11-24 06:00:00,2022-11-24 07:00:00,15.350000000000000000,ug.m-3,44.4264,26.1406
2022-11-24 07:00:00,2022-11-24 08:00:00,13.180000000000000000,ug.m-3,44.4264,26.1406
2022-11-24 08:00:00,2022-11-24 09:00:00,13.740000000000000000,ug.m-3,44.4264,26.1406
2022-11-24 09:00:00,2022-11-24 10:00:00,16.460000000000000000,ug.m-3,44.4264,26.1406
2022-11-24 10:00:00,2022-11-24 11:00:00,18.060000000000000000,ug.m-3,44.4264,26.1406
2022-11-24 11:00:00,2022-11-24 12:00:00,19.770000000000000000,ug.m-3,44.4264,26.1406
2022-11-24 12:00:00,2022-11-24 13:00:00,17.860000000000000000,ug.m-3,44.4264,26.1406
2022-11-24 13:00:00,2022-11-24 14:00:00,18.590000000000000000,ug.m-3,44.4264,26.1406
2022-11-24 14:00:00,2022-11-24 15:00:00,13.940000000000000000,ug.m-3,44.4264,26.1406
2022-11-24 15:00:00,2022-11-24 16:00:00,14.260000000000000000,ug.m-3,44.4264,26.1406
2022-11-24 16:00:00,2022-11-24 17:00:00,14.660000000000000000,ug.m-3,44.4264,26.1406
2022-11-24 17:00:00,2022-11-24 18:00:00,12.910000000000000000,ug.m-3,44.4264,26.1406
2022-11-24 18:00:00,2022-11-24 19:00:00,14.590000000000000000,ug.m-3,44.4264,26.1406
2022-11-24 19:00:00,2022-11-24 20:00:00,14.620000000000000000,ug.m-3,44.4264,26.1406
2022-11-24 20:00:00,2022-11-24 21:00:00,12.610000000000000000,ug.m-3,44.4264,26.1406
2022-11-24 21:00:00,2022-11-24 22:00:00,11.550000000000000000,ug.m-3,44.4264,26.1406
2022-11-24 22:00:00,2022-11-24 23:00:00,12.510000000000000000,ug.m-3,44.4264,26.1406
2022-11-24 23:00:00,2022-11-25 00:00:00,9.540000000000000000,ug.m-3,44.4264,26.1406
2022-11-25 00:00:00,2022-11-25 01:00:00,8.830000000000000000,ug.m-3,44.4264,26.1406
2022-11-25 01:00:00,2022-11-25 02:00:00,10.660000000000000000,ug.m-3,44.4264,26.1406
2022-11-25 02:00:00,2022-11-25 03:00:00,15.110000000000000000,ug.m-3,44.4264,26.1406
2022-11-25 03:00:00,2022-11-25 04:00:00,20.980000000000000000,ug.m-3,44.4264,26.1406
2022-11-25 04:00:00,2022-11-25 05:00:00,22.030000000000000000,ug.m-3,44.4264,26.1406
2022-11-25 05:00:00,2022-11-25 06:00:00,24.240000000000000000,ug.m-3,44.4264,26.1406
2022-11-25 06:00:00,2022-11-25 07:00:00,34.120000000000000000,ug.m-3,44.4264,26.1406
2022-11-25 07:00:00,2022-11-25 08:00:00,31.770000000000000000,ug.m-3,44.4264,26.1406
2022-11-25 08:00:00,2022-11-25 09:00:00,33.660000000000000000,ug.m-3,44.4264,26.1406
2022-11-25 09:00:00,2022-11-25 10:00:00,32.960000000000000000,ug.m-3,44.4264,26.1406
2022-11-25 10:00:00,2022-11-25 11:00:00,29.730000000000000000,ug.m-3,44.4264,26.1406
2022-11-25 11:00:00,2022-11-25 12:00:00,30.710000000000000000,ug.m-3,44.4264,26.1406
2022-11-25 12:00:00,2022-11-25 13:00:00,30.620000000000000000,ug.m-3,44.4264,26.1406
2022-11-25 13:00:00,2022-11-25 14:00:00,30.400000000000000000,ug.m-3,44.4264,26.1406
2022-11-25 14:00:00,2022-11-25 15:00:00,28.610000000000000000,ug.m-3,44.4264,26.1406
2022-11-25 15:00:00,2022-11-25 16:00:00,30.090000000000000000,ug.m-3,44.4264,26.1406
2022-11-25 16:00:00,2022-11-25 17:00:00,39.980000000000000000,ug.m-3,44.4264,26.1406
2022-11-25 17:00:00,2022-11-25 18:00:00,55.220000000000000000,ug.m-3,44.4264,26.1406
2022-11-25 18:00:00,2022-11-25 19:00:00,72.330000000000000000,ug.m-3,44.4264,26.1406
2022-11-25 19:00:00,2022-11-25 20:00:00,84.430000000000000000,ug.m-3,44.4264,26.1406
2022-11-25 20:00:00,2022-11-25 21:00:00,82.220000000000000000,ug.m-3,44.4264,26.1406
2022-11-25 21:00:00,2022-11-25 22:00:00,62.100000000000000000,ug.m-3,44.4264,26.1406
2022-11-25 22:00:00,2022-11-25 23:00:00,45.280000000000000000,ug.m-3,44.4264,26.1406
2022-11-25 23:00:00,2022-11-26 00:00:00,30.830000000000000000,ug.m-3,44.4264,26.1406
2022-11-26 00:00:00,2022-11-26 01:00:00,26.890000000000000000,ug.m-3,44.4264,26.1406
2022-11-26 01:00:00,2022-11-26 02:00:00,23.020000000000000000,ug.m-3,44.4264,26.1406
2022-11-26 02:00:00,2022-11-26 03:00:00,21.060000000000000000,ug.m-3,44.4264,26.1406
2022-11-26 03:00:00,2022-11-26 04:00:00,20.740000000000000000,ug.m-3,44.4264,26.1406
2022-11-26 04:00:00,2022-11-26 05:00:00,17.530000000000000000,ug.m-3,44.4264,26.1406
2022-11-26 05:00:00,2022-11-26 06:00:00,21.400000000000000000,ug.m-3,44.4264,26.1406
2022-11-26 06:00:00,2022-11-26 07:00:00,28.260000000000000000,ug.m-3,44.4264,26.1406
2022-11-26 07:00:00,2022-11-26 08:00:00,31.730000000000000000,ug.m-3,44.4264,26.1406
2022-11-26 08:00:00,2022-11-26 09:00:00,32.470000000000000000,ug.m-3,44.4264,26.1406
2022-11-26 09:00:00,2022-11-26 10:00:00,27.750000000000000000,ug.m-3,44.4264,26.1406
2022-11-26 10:00:00,2022-11-26 11:00:00,31.600000000000000000,ug.m-3,44.4264,26.1406
2022-11-26 11:00:00,2022-11-26 12:00:00,35.690000000000000000,ug.m-3,44.4264,26.1406
2022-11-26 12:00:00,2022-11-26 13:00:00,29.890000000000000000,ug.m-3,44.4264,26.1406
2022-11-26 13:00:00,2022-11-26 14:00:00,33.590000000000000000,ug.m-3,44.4264,26.1406
2022-11-26 14:00:00,2022-11-26 15:00:00,31.020000000000000000,ug.m-3,44.4264,26.1406
2022-11-26 15:00:00,2022-11-26 16:00:00,30.220000000000000000,ug.m-3,44.4264,26.1406
2022-11-26 16:00:00,2022-11-26 17:00:00,26.800000000000000000,ug.m-3,44.4264,26.1406
2022-11-26 17:00:00,2022-11-26 18:00:00,27.980000000000000000,ug.m-3,44.4264,26.1406
2022-11-26 18:00:00,2022-11-26 19:00:00,23.770000000000000000,ug.m-3,44.4264,26.1406
2022-11-26 19:00:00,2022-11-26 20:00:00,29.620000000000000000,ug.m-3,44.4264,26.1406
2022-11-26 20:00:00,2022-11-26 21:00:00,31.330000000000000000,ug.m-3,44.4264,26.1406
2022-11-26 21:00:00,2022-11-26 22:00:00,33.730000000000000000,ug.m-3,44.4264,26.1406
2022-11-26 22:00:00,2022-11-26 23:00:00,36.520000000000000000,ug.m-3,44.4264,26.1406
2022-11-26 23:00:00,2022-11-27 00:00:00,38.120000000000000000,ug.m-3,44.4264,26.1406
2022-11-27 00:00:00,2022-11-27 01:00:00,33.630000000000000000,ug.m-3,44.4264,26.1406
2022-11-27 01:00:00,2022-11-27 02:00:00,28.110000000000000000,ug.m-3,44.4264,26.1406
2022-11-27 02:00:00,2022-11-27 03:00:00,23.450000000000000000,ug.m-3,44.4264,26.1406
2022-11-27 03:00:00,2022-11-27 04:00:00,21.500000000000000000,ug.m-3,44.4264,26.1406
2022-11-27 04:00:00,2022-11-27 05:00:00,19.780000000000000000,ug.m-3,44.4264,26.1406
2022-11-27 05:00:00,2022-11-27 06:00:00,24.890000000000000000,ug.m-3,44.4264,26.1406
2022-11-27 06:00:00,2022-11-27 07:00:00,27.100000000000000000,ug.m-3,44.4264,26.1406
2022-11-27 07:00:00,2022-11-27 08:00:00,27.430000000000000000,ug.m-3,44.4264,26.1406
2022-11-27 08:00:00,2022-11-27 09:00:00,32.610000000000000000,ug.m-3,44.4264,26.1406
2022-11-27 09:00:00,2022-11-27 10:00:00,37.320000000000000000,ug.m-3,44.4264,26.1406
2022-11-27 10:00:00,2022-11-27 11:00:00,29.220000000000000000,ug.m-3,44.4264,26.1406
2022-11-27 11:00:00,2022-11-27 12:00:00,19.500000000000000000,ug.m-3,44.4264,26.1406
2022-11-27 12:00:00,2022-11-27 13:00:00,19.640000000000000000,ug.m-3,44.4264,26.1406
2022-11-27 13:00:00,2022-11-27 14:00:00,15.220000000000000000,ug.m-3,44.4264,26.1406
2022-11-27 14:00:00,2022-11-27 15:00:00,16.550000000000000000,ug.m-3,44.4264,26.1406
2022-11-27 15:00:00,2022-11-27 16:00:00,33.110000000000000000,ug.m-3,44.4264,26.1406
2022-11-27 16:00:00,2022-11-27 17:00:00,35.730000000000000000,ug.m-3,44.4264,26.1406
2022-11-27 17:00:00,2022-11-27 18:00:00,28.600000000000000000,ug.m-3,44.4264,26.1406
2022-11-27 18:00:00,2022-11-27 19:00:00,32.950000000000000000,ug.m-3,44.4264,26.1406
2022-11-27 19:00:00,2022-11-27 20:00:00,42.950000000000000000,ug.m-3,44.4264,26.1406
2022-11-27 20:00:00,2022-11-27 21:00:00,46.100000000000000000,ug.m-3,44.4264,26.1406
2022-11-27 21:00:00,2022-11-27 22:00:00,50.640000000000000000,ug.m-3,44.4264,26.1406
2022-11-27 22:00:00,2022-11-27 23:00:00,45.240000000000000000,ug.m-3,44.4264,26.1406
2022-11-27 23:00:00,2022-11-28 00:00:00,37.490000000000000000,ug.m-3,44.4264,26.1406
2022-11-28 00:00:00,2022-11-28 01:00:00,22.340000000000000000,ug.m-3,44.4264,26.1406
2022-11-28 01:00:00,2022-11-28 02:00:00,19.520000000000000000,ug.m-3,44.4264,26.1406
2022-11-28 02:00:00,2022-11-28 03:00:00,21.760000000000000000,ug.m-3,44.4264,26.1406
2022-11-28 03:00:00,2022-11-28 04:00:00,18.040000000000000000,ug.m-3,44.4264,26.1406
2022-11-28 04:00:00,2022-11-28 05:00:00,18.840000000000000000,ug.m-3,44.4264,26.1406
2022-11-28 05:00:00,2022-11-28 06:00:00,22.400000000000000000,ug.m-3,44.4264,26.1406
2022-11-28 06:00:00,2022-11-28 07:00:00,25.800000000000000000,ug.m-3,44.4264,26.1406
2022-11-28 07:00:00,2022-11-28 08:00:00,26.280000000000000000,ug.m-3,44.4264,26.1406
2022-11-28 08:00:00,2022-11-28 09:00:00,22.180000000000000000,ug.m-3,44.4264,26.1406
2022-11-28 09:00:00,2022-11-28 10:00:00,21.580000000000000000,ug.m-3,44.4264,26.1406
2022-11-28 10:00:00,2022-11-28 11:00:00,26.420000000000000000,ug.m-3,44.4264,26.1406
2022-11-28 11:00:00,2022-11-28 12:00:00,25.590000000000000000,ug.m-3,44.4264,26.1406
2022-11-28 12:00:00,2022-11-28 13:00:00,22.860000000000000000,ug.m-3,44.4264,26.1406
2022-11-28 13:00:00,2022-11-28 14:00:00,25.760000000000000000,ug.m-3,44.4264,26.1406
2022-11-28 14:00:00,2022-11-28 15:00:00,20.500000000000000000,ug.m-3,44.4264,26.1406
2022-11-28 15:00:00,2022-11-28 16:00:00,17.250000000000000000,ug.m-3,44.4264,26.1406
2022-11-28 16:00:00,2022-11-28 17:00:00,15.740000000000000000,ug.m-3,44.4264,26.1406
2022-11-28 17:00:00,2022-11-28 18:00:00,20.080000000000000000,ug.m-3,44.4264,26.1406
2022-11-28 18:00:00,2022-11-28 19:00:00,19.910000000000000000,ug.m-3,44.4264,26.1406
2022-11-28 19:00:00,2022-11-28 20:00:00,21.840000000000000000,ug.m-3,44.4264,26.1406
2022-11-28 20:00:00,2022-11-28 21:00:00,20.710000000000000000,ug.m-3,44.4264,26.1406
2022-11-28 21:00:00,2022-11-28 22:00:00,22.630000000000000000,ug.m-3,44.4264,26.1406
2022-11-28 22:00:00,2022-11-28 23:00:00,18.660000000000000000,ug.m-3,44.4264,26.1406
2022-11-28 23:00:00,2022-11-29 00:00:00,14.840000000000000000,ug.m-3,44.4264,26.1406
2022-11-29 00:00:00,2022-11-29 01:00:00,13.430000000000000000,ug.m-3,44.4264,26.1406
2022-11-29 01:00:00,2022-11-29 02:00:00,14.350000000000000000,ug.m-3,44.4264,26.1406
2022-11-29 02:00:00,2022-11-29 03:00:00,13.950000000000000000,ug.m-3,44.4264,26.1406
2022-11-29 03:00:00,2022-11-29 04:00:00,13.310000000000000000,ug.m-3,44.4264,26.1406
2022-11-29 04:00:00,2022-11-29 05:00:00,14.600000000000000000,ug.m-3,44.4264,26.1406
2022-11-29 05:00:00,2022-11-29 06:00:00,14.550000000000000000,ug.m-3,44.4264,26.1406
2022-11-29 06:00:00,2022-11-29 07:00:00,14.080000000000000000,ug.m-3,44.4264,26.1406
2022-11-29 07:00:00,2022-11-29 08:00:00,15.320000000000000000,ug.m-3,44.4264,26.1406
2022-11-29 08:00:00,2022-11-29 09:00:00,18.020000000000000000,ug.m-3,44.4264,26.1406
2022-11-29 09:00:00,2022-11-29 10:00:00,21.180000000000000000,ug.m-3,44.4264,26.1406
2022-11-29 10:00:00,2022-11-29 11:00:00,19.560000000000000000,ug.m-3,44.4264,26.1406
2022-11-29 11:00:00,2022-11-29 12:00:00,13.100000000000000000,ug.m-3,44.4264,26.1406
2022-11-29 12:00:00,2022-11-29 13:00:00,9.970000000000000000,ug.m-3,44.4264,26.1406
2022-11-29 13:00:00,2022-11-29 14:00:00,7.650000000000000000,ug.m-3,44.4264,26.1406
2022-11-29 14:00:00,2022-11-29 15:00:00,7.880000000000000000,ug.m-3,44.4264,26.1406
2022-11-29 15:00:00,2022-11-29 16:00:00,9.260000000000000000,ug.m-3,44.4264,26.1406
2022-11-29 16:00:00,2022-11-29 17:00:00,8.740000000000000000,ug.m-3,44.4264,26.1406
2022-11-29 17:00:00,2022-11-29 18:00:00,7.640000000000000000,ug.m-3,44.4264,26.1406
2022-11-29 18:00:00,2022-11-29 19:00:00,9.050000000000000000,ug.m-3,44.4264,26.1406
2022-11-29 19:00:00,2022-11-29 20:00:00,12.270000000000000000,ug.m-3,44.4264,26.1406
2022-11-29 20:00:00,2022-11-29 21:00:00,7.770000000000000000,ug.m-3,44.4264,26.1406
2022-11-29 21:00:00,2022-11-29 22:00:00,6.370000000000000000,ug.m-3,44.4264,26.1406
2022-11-29 22:00:00,2022-11-29 23:00:00,4.580000000000000000,ug.m-3,44.4264,26.1406
2022-11-29 23:00:00,2022-11-30 00:00:00,7.930000000000000000,ug.m-3,44.4264,26.1406
2022-11-30 00:00:00,2022-11-30 01:00:00,8.650000000000000000,ug.m-3,44.4264,26.1406
2022-11-30 01:00:00,2022-11-30 02:00:00,11.540000000000000000,ug.m-3,44.4264,26.1406
2022-11-30 02:00:00,2022-11-30 03:00:00,8.990000000000000000,ug.m-3,44.4264,26.1406
2022-11-30 03:00:00,2022-11-30 04:00:00,10.260000000000000000,ug.m-3,44.4264,26.1406
2022-11-30 04:00:00,2022-11-30 05:00:00,7.020000000000000000,ug.m-3,44.4264,26.1406
2022-11-30 05:00:00,2022-11-30 06:00:00,7.830000000000000000,ug.m-3,44.4264,26.1406
2022-11-30 06:00:00,2022-11-30 07:00:00,5.580000000000000000,ug.m-3,44.4264,26.1406
2022-11-30 07:00:00,2022-11-30 08:00:00,8.990000000000000000,ug.m-3,44.4264,26.1406
2022-11-30 08:00:00,2022-11-30 09:00:00,5.520000000000000000,ug.m-3,44.4264,26.1406
2022-11-30 09:00:00,2022-11-30 10:00:00,5.330000000000000000,ug.m-3,44.4264,26.1406
2022-11-30 10:00:00,2022-11-30 11:00:00,10.390000000000000000,ug.m-3,44.4264,26.1406
2022-11-30 11:00:00,2022-11-30 12:00:00,6.490000000000000000,ug.m-3,44.4264,26.1406
2022-11-30 12:00:00,2022-11-30 13:00:00,4.650000000000000000,ug.m-3,44.4264,26.1406
2022-11-30 13:00:00,2022-11-30 14:00:00,11.520000000000000000,ug.m-3,44.4264,26.1406
2022-11-30 14:00:00,2022-11-30 15:00:00,9.110000000000000000,ug.m-3,44.4264,26.1406
2022-11-30 15:00:00,2022-11-30 16:00:00,7.470000000000000000,ug.m-3,44.4264,26.1406
2022-11-30 16:00:00,2022-11-30 17:00:00,4.780000000000000000,ug.m-3,44.4264,26.1406
2022-11-30 17:00:00,2022-11-30 18:00:00,8.430000000000000000,ug.m-3,44.4264,26.1406
2022-11-30 18:00:00,2022-11-30 19:00:00,8.370000000000000000,ug.m-3,44.4264,26.1406
2022-11-30 19:00:00,2022-11-30 20:00:00,15.200000000000000000,ug.m-3,44.4264,26.1406
2022-11-30 20:00:00,2022-11-30 21:00:00,16.050000000000000000,ug.m-3,44.4264,26.1406
2022-11-30 21:00:00,2022-11-30 22:00:00,11.270000000000000000,ug.m-3,44.4264,26.1406
2022-11-30 22:00:00,2022-11-30 23:00:00,15.790000000000000000,ug.m-3,44.4264,26.1406
2022-11-30 23:00:00,2022-12-01 00:00:00,13.420000000000000000,ug.m-3,44.4264,26.1406
2022-12-01 00:00:00,2022-12-01 01:00:00,12.990000000000000000,ug.m-3,44.4264,26.1406
2022-12-01 01:00:00,2022-12-01 02:00:00,12.300000000000000000,ug.m-3,44.4264,26.1406
2022-12-01 02:00:00,2022-12-01 03:00:00,17.000000000000000000,ug.m-3,44.4264,26.1406
2022-12-01 03:00:00,2022-12-01 04:00:00,15.080000000000000000,ug.m-3,44.4264,26.1406
2022-12-01 04:00:00,2022-12-01 05:00:00,11.940000000000000000,ug.m-3,44.4264,26.1406
2022-12-01 05:00:00,2022-12-01 06:00:00,10.140000000000000000,ug.m-3,44.4264,26.1406
2022-12-01 06:00:00,2022-12-01 07:00:00,11.670000000000000000,ug.m-3,44.4264,26.1406
2022-12-01 07:00:00,2022-12-01 08:00:00,13.610000000000000000,ug.m-3,44.4264,26.1406
2022-12-01 08:00:00,2022-12-01 09:00:00,14.090000000000000000,ug.m-3,44.4264,26.1406
2022-12-01 09:00:00,2022-12-01 10:00:00,12.640000000000000000,ug.m-3,44.4264,26.1406
2022-12-01 10:00:00,2022-12-01 11:00:00,9.400000000000000000,ug.m-3,44.4264,26.1406
2022-12-01 11:00:00,2022-12-01 12:00:00,8.990000000000000000,ug.m-3,44.4264,26.1406
2022-12-01 12:00:00,2022-12-01 13:00:00,9.220000000000000000,ug.m-3,44.4264,26.1406
2022-12-01 13:00:00,2022-12-01 14:00:00,7.800000000000000000,ug.m-3,44.4264,26.1406
2022-12-01 14:00:00,2022-12-01 15:00:00,11.880000000000000000,ug.m-3,44.4264,26.1406
2022-12-01 15:00:00,2022-12-01 16:00:00,13.650000000000000000,ug.m-3,44.4264,26.1406
2022-12-01 16:00:00,2022-12-01 17:00:00,9.180000000000000000,ug.m-3,44.4264,26.1406
2022-12-01 17:00:00,2022-12-01 18:00:00,11.340000000000000000,ug.m-3,44.4264,26.1406
2022-12-01 18:00:00,2022-12-01 19:00:00,12.160000000000000000,ug.m-3,44.4264,26.1406
2022-12-01 19:00:00,2022-12-01 20:00:00,8.060000000000000000,ug.m-3,44.4264,26.1406
2022-12-01 20:00:00,2022-12-01 21:00:00,11.160000000000000000,ug.m-3,44.4264,26.1406
2022-12-01 21:00:00,2022-12-01 22:00:00,11.370000000000000000,ug.m-3,44.4264,26.1406
2022-12-01 22:00:00,2022-12-01 23:00:00,10.660000000000000000,ug.m-3,44.4264,26.1406
2022-12-01 23:00:00,2022-12-02 00:00:00,11.370000000000000000,ug.m-3,44.4264,26.1406
2022-12-02 00:00:00,2022-12-02 01:00:00,9.790000000000000000,ug.m-3,44.4264,26.1406
2022-12-02 01:00:00,2022-12-02 02:00:00,7.640000000000000000,ug.m-3,44.4264,26.1406
2022-12-02 02:00:00,2022-12-02 03:00:00,6.510000000000000000,ug.m-3,44.4264,26.1406
2022-12-02 03:00:00,2022-12-02 04:00:00,8.030000000000000000,ug.m-3,44.4264,26.1406
2022-12-02 04:00:00,2022-12-02 05:00:00,7.430000000000000000,ug.m-3,44.4264,26.1406
2022-12-02 05:00:00,2022-12-02 06:00:00,10.100000000000000000,ug.m-3,44.4264,26.1406
2022-12-02 06:00:00,2022-12-02 07:00:00,8.500000000000000000,ug.m-3,44.4264,26.1406
2022-12-02 07:00:00,2022-12-02 08:00:00,9.790000000000000000,ug.m-3,44.4264,26.1406
2022-12-02 08:00:00,2022-12-02 09:00:00,15.210000000000000000,ug.m-3,44.4264,26.1406
2022-12-02 09:00:00,2022-12-02 10:00:00,15.920000000000000000,ug.m-3,44.4264,26.1406
2022-12-02 10:00:00,2022-12-02 11:00:00,20.280000000000000000,ug.m-3,44.4264,26.1406
2022-12-02 11:00:00,2022-12-02 12:00:00,17.410000000000000000,ug.m-3,44.4264,26.1406
2022-12-02 12:00:00,2022-12-02 13:00:00,16.520000000000000000,ug.m-3,44.4264,26.1406
2022-12-02 13:00:00,2022-12-02 14:00:00,16.330000000000000000,ug.m-3,44.4264,26.1406
2022-12-02 14:00:00,2022-12-02 15:00:00,13.670000000000000000,ug.m-3,44.4264,26.1406
2022-12-02 15:00:00,2022-12-02 16:00:00,18.180000000000000000,ug.m-3,44.4264,26.1406
2022-12-02 16:00:00,2022-12-02 17:00:00,23.100000000000000000,ug.m-3,44.4264,26.1406
2022-12-02 17:00:00,2022-12-02 18:00:00,18.680000000000000000,ug.m-3,44.4264,26.1406
2022-12-02 18:00:00,2022-12-02 19:00:00,20.650000000000000000,ug.m-3,44.4264,26.1406
2022-12-02 19:00:00,2022-12-02 20:00:00,21.840000000000000000,ug.m-3,44.4264,26.1406
2022-12-02 20:00:00,2022-12-02 21:00:00,21.700000000000000000,ug.m-3,44.4264,26.1406
2022-12-02 21:00:00,2022-12-02 22:00:00,23.530000000000000000,ug.m-3,44.4264,26.1406
2022-12-02 22:00:00,2022-12-02 23:00:00,29.490000000000000000,ug.m-3,44.4264,26.1406
2022-12-02 23:00:00,2022-12-03 00:00:00,33.630000000000000000,ug.m-3,44.4264,26.1406
2022-12-03 00:00:00,2022-12-03 01:00:00,33.050000000000000000,ug.m-3,44.4264,26.1406
2022-12-03 01:00:00,2022-12-03 02:00:00,27.590000000000000000,ug.m-3,44.4264,26.1406
2022-12-03 02:00:00,2022-12-03 03:00:00,22.740000000000000000,ug.m-3,44.4264,26.1406
2022-12-03 03:00:00,2022-12-03 04:00:00,24.860000000000000000,ug.m-3,44.4264,26.1406
2022-12-03 04:00:00,2022-12-03 05:00:00,25.100000000000000000,ug.m-3,44.4264,26.1406
2022-12-03 05:00:00,2022-12-03 06:00:00,26.810000000000000000,ug.m-3,44.4264,26.1406
2022-12-03 06:00:00,2022-12-03 07:00:00,31.060000000000000000,ug.m-3,44.4264,26.1406
2022-12-03 07:00:00,2022-12-03 08:00:00,31.040000000000000000,ug.m-3,44.4264,26.1406
2022-12-03 08:00:00,2022-12-03 09:00:00,30.750000000000000000,ug.m-3,44.4264,26.1406
2022-12-03 09:00:00,2022-12-03 10:00:00,32.590000000000000000,ug.m-3,44.4264,26.1406
2022-12-03 10:00:00,2022-12-03 11:00:00,33.510000000000000000,ug.m-3,44.4264,26.1406
2022-12-03 11:00:00,2022-12-03 12:00:00,35.810000000000000000,ug.m-3,44.4264,26.1406
2022-12-03 12:00:00,2022-12-03 13:00:00,35.050000000000000000,ug.m-3,44.4264,26.1406
2022-12-03 13:00:00,2022-12-03 14:00:00,33.210000000000000000,ug.m-3,44.4264,26.1406
2022-12-03 14:00:00,2022-12-03 15:00:00,30.310000000000000000,ug.m-3,44.4264,26.1406
2022-12-03 15:00:00,2022-12-03 16:00:00,28.420000000000000000,ug.m-3,44.4264,26.1406
2022-12-03 16:00:00,2022-12-03 17:00:00,28.110000000000000000,ug.m-3,44.4264,26.1406
2022-12-03 17:00:00,2022-12-03 18:00:00,24.300000000000000000,ug.m-3,44.4264,26.1406
2022-12-03 18:00:00,2022-12-03 19:00:00,20.640000000000000000,ug.m-3,44.4264,26.1406
2022-12-03 19:00:00,2022-12-03 20:00:00,21.900000000000000000,ug.m-3,44.4264,26.1406
2022-12-03 20:00:00,2022-12-03 21:00:00,19.290000000000000000,ug.m-3,44.4264,26.1406
2022-12-03 21:00:00,2022-12-03 22:00:00,17.370000000000000000,ug.m-3,44.4264,26.1406
2022-12-03 22:00:00,2022-12-03 23:00:00,13.980000000000000000,ug.m-3,44.4264,26.1406
2022-12-03 23:00:00,2022-12-04 00:00:00,13.940000000000000000,ug.m-3,44.4264,26.1406
2022-12-04 00:00:00,2022-12-04 01:00:00,16.730000000000000000,ug.m-3,44.4264,26.1406
2022-12-04 01:00:00,2022-12-04 02:00:00,19.300000000000000000,ug.m-3,44.4264,26.1406
2022-12-04 02:00:00,2022-12-04 03:00:00,8.960000000000000000,ug.m-3,44.4264,26.1406
2022-12-04 03:00:00,2022-12-04 04:00:00,7.110000000000000000,ug.m-3,44.4264,26.1406
2022-12-04 04:00:00,2022-12-04 05:00:00,7.310000000000000000,ug.m-3,44.4264,26.1406
2022-12-04 05:00:00,2022-12-04 06:00:00,7.300000000000000000,ug.m-3,44.4264,26.1406
2022-12-04 06:00:00,2022-12-04 07:00:00,5.700000000000000000,ug.m-3,44.4264,26.1406
2022-12-04 07:00:00,2022-12-04 08:00:00,6.690000000000000000,ug.m-3,44.4264,26.1406
2022-12-04 08:00:00,2022-12-04 09:00:00,10.250000000000000000,ug.m-3,44.4264,26.1406
2022-12-04 09:00:00,2022-12-04 10:00:00,9.070000000000000000,ug.m-3,44.4264,26.1406
2022-12-04 10:00:00,2022-12-04 11:00:00,9.900000000000000000,ug.m-3,44.4264,26.1406
2022-12-04 11:00:00,2022-12-04 12:00:00,11.260000000000000000,ug.m-3,44.4264,26.1406
2022-12-04 12:00:00,2022-12-04 13:00:00,6.730000000000000000,ug.m-3,44.4264,26.1406
2022-12-04 13:00:00,2022-12-04 14:00:00,10.810000000000000000,ug.m-3,44.4264,26.1406
2022-12-04 14:00:00,2022-12-04 15:00:00,11.520000000000000000,ug.m-3,44.4264,26.1406
2022-12-04 15:00:00,2022-12-04 16:00:00,7.970000000000000000,ug.m-3,44.4264,26.1406
2022-12-04 16:00:00,2022-12-04 17:00:00,11.900000000000000000,ug.m-3,44.4264,26.1406
2022-12-04 17:00:00,2022-12-04 18:00:00,11.710000000000000000,ug.m-3,44.4264,26.1406
2022-12-04 18:00:00,2022-12-04 19:00:00,7.050000000000000000,ug.m-3,44.4264,26.1406
2022-12-04 19:00:00,2022-12-04 20:00:00,12.150000000000000000,ug.m-3,44.4264,26.1406
2022-12-04 20:00:00,2022-12-04 21:00:00,8.800000000000000000,ug.m-3,44.4264,26.1406
2022-12-04 21:00:00,2022-12-04 22:00:00,10.910000000000000000,ug.m-3,44.4264,26.1406
2022-12-04 22:00:00,2022-12-04 23:00:00,7.220000000000000000,ug.m-3,44.4264,26.1406
2022-12-04 23:00:00,2022-12-05 00:00:00,2.990000000000000000,ug.m-3,44.4264,26.1406
2022-12-05 00:00:00,2022-12-05 01:00:00,2.650000000000000000,ug.m-3,44.4264,26.1406
2022-12-05 01:00:00,2022-12-05 02:00:00,4.720000000000000000,ug.m-3,44.4264,26.1406
2022-12-05 02:00:00,2022-12-05 03:00:00,3.520000000000000000,ug.m-3,44.4264,26.1406
2022-12-05 03:00:00,2022-12-05 04:00:00,8.600000000000000000,ug.m-3,44.4264,26.1406
2022-12-05 04:00:00,2022-12-05 05:00:00,6.170000000000000000,ug.m-3,44.4264,26.1406
2022-12-05 05:00:00,2022-12-05 06:00:00,4.830000000000000000,ug.m-3,44.4264,26.1406
2022-12-05 06:00:00,2022-12-05 07:00:00,9.910000000000000000,ug.m-3,44.4264,26.1406
2022-12-05 07:00:00,2022-12-05 08:00:00,14.050000000000000000,ug.m-3,44.4264,26.1406
2022-12-05 08:00:00,2022-12-05 09:00:00,15.270000000000000000,ug.m-3,44.4264,26.1406
2022-12-05 09:00:00,2022-12-05 10:00:00,12.140000000000000000,ug.m-3,44.4264,26.1406
2022-12-05 10:00:00,2022-12-05 11:00:00,12.770000000000000000,ug.m-3,44.4264,26.1406
2022-12-05 11:00:00,2022-12-05 12:00:00,12.360000000000000000,ug.m-3,44.4264,26.1406
2022-12-05 12:00:00,2022-12-05 13:00:00,11.960000000000000000,ug.m-3,44.4264,26.1406
2022-12-05 13:00:00,2022-12-05 14:00:00,10.190000000000000000,ug.m-3,44.4264,26.1406
2022-12-05 14:00:00,2022-12-05 15:00:00,13.160000000000000000,ug.m-3,44.4264,26.1406
2022-12-05 15:00:00,2022-12-05 16:00:00,12.440000000000000000,ug.m-3,44.4264,26.1406
2022-12-05 16:00:00,2022-12-05 17:00:00,13.410000000000000000,ug.m-3,44.4264,26.1406
2022-12-05 17:00:00,2022-12-05 18:00:00,10.860000000000000000,ug.m-3,44.4264,26.1406
2022-12-05 18:00:00,2022-12-05 19:00:00,12.540000000000000000,ug.m-3,44.4264,26.1406
2022-12-05 19:00:00,2022-12-05 20:00:00,9.150000000000000000,ug.m-3,44.4264,26.1406
2022-12-05 20:00:00,2022-12-05 21:00:00,9.710000000000000000,ug.m-3,44.4264,26.1406
2022-12-05 21:00:00,2022-12-05 22:00:00,7.600000000000000000,ug.m-3,44.4264,26.1406
2022-12-05 22:00:00,2022-12-05 23:00:00,8.920000000000000000,ug.m-3,44.4264,26.1406
2022-12-05 23:00:00,2022-12-06 00:00:00,6.660000000000000000,ug.m-3,44.4264,26.1406
2022-12-06 00:00:00,2022-12-06 01:00:00,5.680000000000000000,ug.m-3,44.4264,26.1406
2022-12-06 01:00:00,2022-12-06 02:00:00,9.110000000000000000,ug.m-3,44.4264,26.1406
2022-12-06 02:00:00,2022-12-06 03:00:00,10.540000000000000000,ug.m-3,44.4264,26.1406
2022-12-06 03:00:00,2022-12-06 04:00:00,6.380000000000000000,ug.m-3,44.4264,26.1406
2022-12-06 04:00:00,2022-12-06 05:00:00,3.420000000000000000,ug.m-3,44.4264,26.1406
2022-12-06 05:00:00,2022-12-06 06:00:00,2.950000000000000000,ug.m-3,44.4264,26.1406
2022-12-06 06:00:00,2022-12-06 07:00:00,2.990000000000000000,ug.m-3,44.4264,26.1406
2022-12-06 07:00:00,2022-12-06 08:00:00,8.850000000000000000,ug.m-3,44.4264,26.1406
2022-12-06 08:00:00,2022-12-06 09:00:00,8.250000000000000000,ug.m-3,44.4264,26.1406
2022-12-06 09:00:00,2022-12-06 10:00:00,10.380000000000000000,ug.m-3,44.4264,26.1406
2022-12-06 10:00:00,2022-12-06 11:00:00,13.910000000000000000,ug.m-3,44.4264,26.1406
2022-12-06 11:00:00,2022-12-06 12:00:00,16.470000000000000000,ug.m-3,44.4264,26.1406
2022-12-06 12:00:00,2022-12-06 13:00:00,17.830000000000000000,ug.m-3,44.4264,26.1406
2022-12-06 13:00:00,2022-12-06 14:00:00,16.760000000000000000,ug.m-3,44.4264,26.1406
2022-12-06 14:00:00,2022-12-06 15:00:00,15.530000000000000000,ug.m-3,44.4264,26.1406
2022-12-06 15:00:00,2022-12-06 16:00:00,17.940000000000000000,ug.m-3,44.4264,26.1406
2022-12-06 16:00:00,2022-12-06 17:00:00,19.880000000000000000,ug.m-3,44.4264,26.1406
2022-12-06 17:00:00,2022-12-06 18:00:00,20.960000000000000000,ug.m-3,44.4264,26.1406
2022-12-06 18:00:00,2022-12-06 19:00:00,27.330000000000000000,ug.m-3,44.4264,26.1406
2022-12-06 19:00:00,2022-12-06 20:00:00,26.460000000000000000,ug.m-3,44.4264,26.1406
2022-12-06 20:00:00,2022-12-06 21:00:00,23.600000000000000000,ug.m-3,44.4264,26.1406
2022-12-06 21:00:00,2022-12-06 22:00:00,22.650000000000000000,ug.m-3,44.4264,26.1406
2022-12-06 22:00:00,2022-12-06 23:00:00,13.820000000000000000,ug.m-3,44.4264,26.1406
2022-12-06 23:00:00,2022-12-07 00:00:00,16.310000000000000000,ug.m-3,44.4264,26.1406
2022-12-07 00:00:00,2022-12-07 01:00:00,20.180000000000000000,ug.m-3,44.4264,26.1406
2022-12-07 01:00:00,2022-12-07 02:00:00,17.240000000000000000,ug.m-3,44.4264,26.1406
2022-12-07 02:00:00,2022-12-07 03:00:00,16.040000000000000000,ug.m-3,44.4264,26.1406
2022-12-07 03:00:00,2022-12-07 04:00:00,15.100000000000000000,ug.m-3,44.4264,26.1406
2022-12-07 04:00:00,2022-12-07 05:00:00,17.210000000000000000,ug.m-3,44.4264,26.1406
2022-12-07 05:00:00,2022-12-07 06:00:00,10.930000000000000000,ug.m-3,44.4264,26.1406
2022-12-07 06:00:00,2022-12-07 07:00:00,10.860000000000000000,ug.m-3,44.4264,26.1406
2022-12-07 07:00:00,2022-12-07 08:00:00,14.830000000000000000,ug.m-3,44.4264,26.1406
2022-12-07 08:00:00,2022-12-07 09:00:00,14.690000000000000000,ug.m-3,44.4264,26.1406
2022-12-07 09:00:00,2022-12-07 10:00:00,13.470000000000000000,ug.m-3,44.4264,26.1406
2022-12-07 10:00:00,2022-12-07 11:00:00,11.380000000000000000,ug.m-3,44.4264,26.1406
2022-12-07 11:00:00,2022-12-07 12:00:00,12.570000000000000000,ug.m-3,44.4264,26.1406
2022-12-07 12:00:00,2022-12-07 13:00:00,15.190000000000000000,ug.m-3,44.4264,26.1406
2022-12-07 13:00:00,2022-12-07 14:00:00,13.750000000000000000,ug.m-3,44.4264,26.1406
2022-12-07 14:00:00,2022-12-07 15:00:00,18.330000000000000000,ug.m-3,44.4264,26.1406
2022-12-07 15:00:00,2022-12-07 16:00:00,21.690000000000000000,ug.m-3,44.4264,26.1406
2022-12-07 16:00:00,2022-12-07 17:00:00,21.340000000000000000,ug.m-3,44.4264,26.1406
2022-12-07 17:00:00,2022-12-07 18:00:00,31.330000000000000000,ug.m-3,44.4264,26.1406
2022-12-07 18:00:00,2022-12-07 19:00:00,40.130000000000000000,ug.m-3,44.4264,26.1406
2022-12-07 19:00:00,2022-12-07 20:00:00,38.320000000000000000,ug.m-3,44.4264,26.1406
2022-12-07 20:00:00,2022-12-07 21:00:00,41.630000000000000000,ug.m-3,44.4264,26.1406
2022-12-07 21:00:00,2022-12-07 22:00:00,40.420000000000000000,ug.m-3,44.4264,26.1406
2022-12-07 22:00:00,2022-12-07 23:00:00,43.120000000000000000,ug.m-3,44.4264,26.1406
2022-12-07 23:00:00,2022-12-08 00:00:00,40.970000000000000000,ug.m-3,44.4264,26.1406
2022-12-08 00:00:00,2022-12-08 01:00:00,37.660000000000000000,ug.m-3,44.4264,26.1406
2022-12-08 01:00:00,2022-12-08 02:00:00,27.610000000000000000,ug.m-3,44.4264,26.1406
2022-12-08 02:00:00,2022-12-08 03:00:00,25.220000000000000000,ug.m-3,44.4264,26.1406
2022-12-08 03:00:00,2022-12-08 04:00:00,24.820000000000000000,ug.m-3,44.4264,26.1406
2022-12-08 04:00:00,2022-12-08 05:00:00,28.430000000000000000,ug.m-3,44.4264,26.1406
2022-12-08 05:00:00,2022-12-08 06:00:00,28.530000000000000000,ug.m-3,44.4264,26.1406
2022-12-08 06:00:00,2022-12-08 07:00:00,25.800000000000000000,ug.m-3,44.4264,26.1406
2022-12-08 07:00:00,2022-12-08 08:00:00,26.630000000000000000,ug.m-3,44.4264,26.1406
2022-12-08 08:00:00,2022-12-08 09:00:00,26.320000000000000000,ug.m-3,44.4264,26.1406
2022-12-08 09:00:00,2022-12-08 10:00:00,23.610000000000000000,ug.m-3,44.4264,26.1406
2022-12-08 10:00:00,2022-12-08 11:00:00,23.560000000000000000,ug.m-3,44.4264,26.1406
2022-12-08 11:00:00,2022-12-08 12:00:00,24.610000000000000000,ug.m-3,44.4264,26.1406
2022-12-08 12:00:00,2022-12-08 13:00:00,23.590000000000000000,ug.m-3,44.4264,26.1406
2022-12-08 13:00:00,2022-12-08 14:00:00,23.130000000000000000,ug.m-3,44.4264,26.1406
2022-12-08 14:00:00,2022-12-08 15:00:00,28.860000000000000000,ug.m-3,44.4264,26.1406
2022-12-08 15:00:00,2022-12-08 16:00:00,34.440000000000000000,ug.m-3,44.4264,26.1406
2022-12-08 16:00:00,2022-12-08 17:00:00,33.870000000000000000,ug.m-3,44.4264,26.1406
2022-12-08 17:00:00,2022-12-08 18:00:00,29.720000000000000000,ug.m-3,44.4264,26.1406
2022-12-08 18:00:00,2022-12-08 19:00:00,32.090000000000000000,ug.m-3,44.4264,26.1406
2022-12-08 19:00:00,2022-12-08 20:00:00,24.730000000000000000,ug.m-3,44.4264,26.1406
2022-12-08 20:00:00,2022-12-08 21:00:00,26.590000000000000000,ug.m-3,44.4264,26.1406
2022-12-08 21:00:00,2022-12-08 22:00:00,24.110000000000000000,ug.m-3,44.4264,26.1406
2022-12-08 22:00:00,2022-12-08 23:00:00,21.250000000000000000,ug.m-3,44.4264,26.1406
2022-12-08 23:00:00,2022-12-09 00:00:00,18.870000000000000000,ug.m-3,44.4264,26.1406
2022-12-09 00:00:00,2022-12-09 01:00:00,17.330000000000000000,ug.m-3,44.4264,26.1406
2022-12-09 01:00:00,2022-12-09 02:00:00,17.170000000000000000,ug.m-3,44.4264,26.1406
2022-12-09 02:00:00,2022-12-09 03:00:00,18.100000000000000000,ug.m-3,44.4264,26.1406
2022-12-09 03:00:00,2022-12-09 04:00:00,15.810000000000000000,ug.m-3,44.4264,26.1406
2022-12-09 04:00:00,2022-12-09 05:00:00,19.360000000000000000,ug.m-3,44.4264,26.1406
2022-12-09 05:00:00,2022-12-09 06:00:00,15.710000000000000000,ug.m-3,44.4264,26.1406
2022-12-09 06:00:00,2022-12-09 07:00:00,14.380000000000000000,ug.m-3,44.4264,26.1406
2022-12-09 07:00:00,2022-12-09 08:00:00,17.800000000000000000,ug.m-3,44.4264,26.1406
2022-12-09 08:00:00,2022-12-09 09:00:00,17.100000000000000000,ug.m-3,44.4264,26.1406
2022-12-09 09:00:00,2022-12-09 10:00:00,15.220000000000000000,ug.m-3,44.4264,26.1406
2022-12-09 10:00:00,2022-12-09 11:00:00,18.000000000000000000,ug.m-3,44.4264,26.1406
2022-12-09 11:00:00,2022-12-09 12:00:00,21.540000000000000000,ug.m-3,44.4264,26.1406
2022-12-09 12:00:00,2022-12-09 13:00:00,23.780000000000000000,ug.m-3,44.4264,26.1406
2022-12-09 13:00:00,2022-12-09 14:00:00,23.420000000000000000,ug.m-3,44.4264,26.1406
2022-12-09 14:00:00,2022-12-09 15:00:00,26.430000000000000000,ug.m-3,44.4264,26.1406
2022-12-09 15:00:00,2022-12-09 16:00:00,28.610000000000000000,ug.m-3,44.4264,26.1406
2022-12-09 16:00:00,2022-12-09 17:00:00,37.090000000000000000,ug.m-3,44.4264,26.1406
2022-12-09 17:00:00,2022-12-09 18:00:00,62.350000000000000000,ug.m-3,44.4264,26.1406
2022-12-09 18:00:00,2022-12-09 19:00:00,76.240000000000000000,ug.m-3,44.4264,26.1406
2022-12-09 19:00:00,2022-12-09 20:00:00,66.990000000000000000,ug.m-3,44.4264,26.1406
2022-12-09 20:00:00,2022-12-09 21:00:00,34.650000000000000000,ug.m-3,44.4264,26.1406
2022-12-09 21:00:00,2022-12-09 22:00:00,23.870000000000000000,ug.m-3,44.4264,26.1406
2022-12-09 22:00:00,2022-12-09 23:00:00,25.300000000000000000,ug.m-3,44.4264,26.1406
2022-12-09 23:00:00,2022-12-10 00:00:00,21.160000000000000000,ug.m-3,44.4264,26.1406
2022-12-10 00:00:00,2022-12-10 01:00:00,19.800000000000000000,ug.m-3,44.4264,26.1406
2022-12-10 02:00:00,2022-12-10 03:00:00,16.830000000000000000,ug.m-3,44.4264,26.1406
2022-12-10 03:00:00,2022-12-10 04:00:00,13.200000000000000000,ug.m-3,44.4264,26.1406
2022-12-10 04:00:00,2022-12-10 05:00:00,12.660000000000000000,ug.m-3,44.4264,26.1406
2022-12-10 05:00:00,2022-12-10 06:00:00,16.820000000000000000,ug.m-3,44.4264,26.1406
2022-12-10 06:00:00,2022-12-10 07:00:00,18.600000000000000000,ug.m-3,44.4264,26.1406
2022-12-10 07:00:00,2022-12-10 08:00:00,19.250000000000000000,ug.m-3,44.4264,26.1406
2022-12-10 08:00:00,2022-12-10 09:00:00,21.940000000000000000,ug.m-3,44.4264,26.1406
2022-12-10 09:00:00,2022-12-10 10:00:00,26.660000000000000000,ug.m-3,44.4264,26.1406
2022-12-10 10:00:00,2022-12-10 11:00:00,29.160000000000000000,ug.m-3,44.4264,26.1406
2022-12-10 11:00:00,2022-12-10 12:00:00,32.720000000000000000,ug.m-3,44.4264,26.1406
2022-12-10 12:00:00,2022-12-10 13:00:00,39.510000000000000000,ug.m-3,44.4264,26.1406
2022-12-10 13:00:00,2022-12-10 14:00:00,54.100000000000000000,ug.m-3,44.4264,26.1406
2022-12-10 14:00:00,2022-12-10 15:00:00,42.090000000000000000,ug.m-3,44.4264,26.1406
2022-12-10 15:00:00,2022-12-10 16:00:00,40.160000000000000000,ug.m-3,44.4264,26.1406
2022-12-10 16:00:00,2022-12-10 17:00:00,55.500000000000000000,ug.m-3,44.4264,26.1406
2022-12-10 17:00:00,2022-12-10 18:00:00,72.000000000000000000,ug.m-3,44.4264,26.1406
2022-12-10 18:00:00,2022-12-10 19:00:00,72.630000000000000000,ug.m-3,44.4264,26.1406
2022-12-10 19:00:00,2022-12-10 20:00:00,73.350000000000000000,ug.m-3,44.4264,26.1406
2022-12-10 20:00:00,2022-12-10 21:00:00,60.850000000000000000,ug.m-3,44.4264,26.1406
2022-12-10 21:00:00,2022-12-10 22:00:00,55.870000000000000000,ug.m-3,44.4264,26.1406
2022-12-10 22:00:00,2022-12-10 23:00:00,44.070000000000000000,ug.m-3,44.4264,26.1406
2022-12-10 23:00:00,2022-12-11 00:00:00,41.350000000000000000,ug.m-3,44.4264,26.1406
2022-12-11 00:00:00,2022-12-11 01:00:00,37.210000000000000000,ug.m-3,44.4264,26.1406
2022-12-11 01:00:00,2022-12-11 02:00:00,33.470000000000000000,ug.m-3,44.4264,26.1406
2022-12-11 02:00:00,2022-12-11 03:00:00,34.430000000000000000,ug.m-3,44.4264,26.1406
2022-12-11 03:00:00,2022-12-11 04:00:00,44.420000000000000000,ug.m-3,44.4264,26.1406
2022-12-11 04:00:00,2022-12-11 05:00:00,33.280000000000000000,ug.m-3,44.4264,26.1406
2022-12-11 05:00:00,2022-12-11 06:00:00,29.010000000000000000,ug.m-3,44.4264,26.1406
2022-12-11 06:00:00,2022-12-11 07:00:00,26.930000000000000000,ug.m-3,44.4264,26.1406
2022-12-11 07:00:00,2022-12-11 08:00:00,27.100000000000000000,ug.m-3,44.4264,26.1406
2022-12-11 08:00:00,2022-12-11 09:00:00,24.060000000000000000,ug.m-3,44.4264,26.1406
2022-12-11 09:00:00,2022-12-11 10:00:00,21.940000000000000000,ug.m-3,44.4264,26.1406
2022-12-11 10:00:00,2022-12-11 11:00:00,13.620000000000000000,ug.m-3,44.4264,26.1406
2022-12-11 11:00:00,2022-12-11 12:00:00,13.670000000000000000,ug.m-3,44.4264,26.1406
2022-12-11 12:00:00,2022-12-11 13:00:00,11.970000000000000000,ug.m-3,44.4264,26.1406
2022-12-11 13:00:00,2022-12-11 14:00:00,16.260000000000000000,ug.m-3,44.4264,26.1406
2022-12-11 14:00:00,2022-12-11 15:00:00,15.170000000000000000,ug.m-3,44.4264,26.1406
2022-12-11 15:00:00,2022-12-11 16:00:00,15.470000000000000000,ug.m-3,44.4264,26.1406
2022-12-11 16:00:00,2022-12-11 17:00:00,9.130000000000000000,ug.m-3,44.4264,26.1406
2022-12-11 17:00:00,2022-12-11 18:00:00,5.180000000000000000,ug.m-3,44.4264,26.1406
2022-12-11 18:00:00,2022-12-11 19:00:00,6.230000000000000000,ug.m-3,44.4264,26.1406
2022-12-11 19:00:00,2022-12-11 20:00:00,4.700000000000000000,ug.m-3,44.4264,26.1406
2022-12-11 20:00:00,2022-12-11 21:00:00,7.900000000000000000,ug.m-3,44.4264,26.1406
2022-12-11 21:00:00,2022-12-11 22:00:00,10.200000000000000000,ug.m-3,44.4264,26.1406
2022-12-11 22:00:00,2022-12-11 23:00:00,9.640000000000000000,ug.m-3,44.4264,26.1406
2022-12-11 23:00:00,2022-12-12 00:00:00,9.560000000000000000,ug.m-3,44.4264,26.1406
2022-12-12 00:00:00,2022-12-12 01:00:00,10.430000000000000000,ug.m-3,44.4264,26.1406
2022-12-12 01:00:00,2022-12-12 02:00:00,11.330000000000000000,ug.m-3,44.4264,26.1406
2022-12-12 02:00:00,2022-12-12 03:00:00,12.340000000000000000,ug.m-3,44.4264,26.1406
2022-12-12 03:00:00,2022-12-12 04:00:00,14.360000000000000000,ug.m-3,44.4264,26.1406
2022-12-12 04:00:00,2022-12-12 05:00:00,11.590000000000000000,ug.m-3,44.4264,26.1406
2022-12-12 05:00:00,2022-12-12 06:00:00,11.180000000000000000,ug.m-3,44.4264,26.1406
2022-12-12 06:00:00,2022-12-12 07:00:00,8.800000000000000000,ug.m-3,44.4264,26.1406
2022-12-12 07:00:00,2022-12-12 08:00:00,11.770000000000000000,ug.m-3,44.4264,26.1406
2022-12-12 08:00:00,2022-12-12 09:00:00,13.210000000000000000,ug.m-3,44.4264,26.1406
2022-12-12 09:00:00,2022-12-12 10:00:00,10.720000000000000000,ug.m-3,44.4264,26.1406
2022-12-12 10:00:00,2022-12-12 11:00:00,12.250000000000000000,ug.m-3,44.4264,26.1406
2022-12-12 11:00:00,2022-12-12 12:00:00,13.170000000000000000,ug.m-3,44.4264,26.1406
2022-12-12 12:00:00,2022-12-12 13:00:00,10.720000000000000000,ug.m-3,44.4264,26.1406
2022-12-12 13:00:00,2022-12-12 14:00:00,15.350000000000000000,ug.m-3,44.4264,26.1406
2022-12-12 14:00:00,2022-12-12 15:00:00,13.550000000000000000,ug.m-3,44.4264,26.1406
2022-12-12 15:00:00,2022-12-12 16:00:00,14.990000000000000000,ug.m-3,44.4264,26.1406
2022-12-12 16:00:00,2022-12-12 17:00:00,17.950000000000000000,ug.m-3,44.4264,26.1406
2022-12-12 17:00:00,2022-12-12 18:00:00,17.470000000000000000,ug.m-3,44.4264,26.1406
2022-12-12 18:00:00,2022-12-12 19:00:00,12.870000000000000000,ug.m-3,44.4264,26.1406
2022-12-12 19:00:00,2022-12-12 20:00:00,10.670000000000000000,ug.m-3,44.4264,26.1406
2022-12-12 20:00:00,2022-12-12 21:00:00,12.260000000000000000,ug.m-3,44.4264,26.1406
2022-12-12 21:00:00,2022-12-12 22:00:00,14.230000000000000000,ug.m-3,44.4264,26.1406
2022-12-12 22:00:00,2022-12-12 23:00:00,13.190000000000000000,ug.m-3,44.4264,26.1406
2022-12-12 23:00:00,2022-12-13 00:00:00,12.440000000000000000,ug.m-3,44.4264,26.1406
2022-12-13 00:00:00,2022-12-13 01:00:00,7.670000000000000000,ug.m-3,44.4264,26.1406
2022-12-13 01:00:00,2022-12-13 02:00:00,9.560000000000000000,ug.m-3,44.4264,26.1406
2022-12-13 02:00:00,2022-12-13 03:00:00,8.870000000000000000,ug.m-3,44.4264,26.1406
2022-12-13 03:00:00,2022-12-13 04:00:00,9.880000000000000000,ug.m-3,44.4264,26.1406
2022-12-13 04:00:00,2022-12-13 05:00:00,9.810000000000000000,ug.m-3,44.4264,26.1406
2022-12-13 05:00:00,2022-12-13 06:00:00,9.950000000000000000,ug.m-3,44.4264,26.1406
2022-12-13 06:00:00,2022-12-13 07:00:00,12.420000000000000000,ug.m-3,44.4264,26.1406
2022-12-13 07:00:00,2022-12-13 08:00:00,14.700000000000000000,ug.m-3,44.4264,26.1406
2022-12-13 08:00:00,2022-12-13 09:00:00,18.060000000000000000,ug.m-3,44.4264,26.1406
2022-12-13 09:00:00,2022-12-13 10:00:00,16.490000000000000000,ug.m-3,44.4264,26.1406
2022-12-13 10:00:00,2022-12-13 11:00:00,16.170000000000000000,ug.m-3,44.4264,26.1406
2022-12-13 11:00:00,2022-12-13 12:00:00,19.910000000000000000,ug.m-3,44.4264,26.1406
2022-12-13 12:00:00,2022-12-13 13:00:00,14.760000000000000000,ug.m-3,44.4264,26.1406
2022-12-13 13:00:00,2022-12-13 14:00:00,13.960000000000000000,ug.m-3,44.4264,26.1406
2022-12-13 14:00:00,2022-12-13 15:00:00,19.180000000000000000,ug.m-3,44.4264,26.1406
2022-12-13 15:00:00,2022-12-13 16:00:00,14.070000000000000000,ug.m-3,44.4264,26.1406
2022-12-13 16:00:00,2022-12-13 17:00:00,26.200000000000000000,ug.m-3,44.4264,26.1406
2022-12-13 17:00:00,2022-12-13 18:00:00,26.630000000000000000,ug.m-3,44.4264,26.1406
2022-12-13 18:00:00,2022-12-13 19:00:00,28.200000000000000000,ug.m-3,44.4264,26.1406
2022-12-13 19:00:00,2022-12-13 20:00:00,32.310000000000000000,ug.m-3,44.4264,26.1406
2022-12-13 20:00:00,2022-12-13 21:00:00,36.500000000000000000,ug.m-3,44.4264,26.1406
2022-12-13 21:00:00,2022-12-13 22:00:00,38.950000000000000000,ug.m-3,44.4264,26.1406
2022-12-13 22:00:00,2022-12-13 23:00:00,36.720000000000000000,ug.m-3,44.4264,26.1406
2022-12-13 23:00:00,2022-12-14 00:00:00,36.860000000000000000,ug.m-3,44.4264,26.1406
2022-12-14 00:00:00,2022-12-14 01:00:00,34.890000000000000000,ug.m-3,44.4264,26.1406
2022-12-14 01:00:00,2022-12-14 02:00:00,34.590000000000000000,ug.m-3,44.4264,26.1406
2022-12-14 02:00:00,2022-12-14 03:00:00,40.140000000000000000,ug.m-3,44.4264,26.1406
2022-12-14 03:00:00,2022-12-14 04:00:00,50.230000000000000000,ug.m-3,44.4264,26.1406
2022-12-14 04:00:00,2022-12-14 05:00:00,49.040000000000000000,ug.m-3,44.4264,26.1406
2022-12-14 05:00:00,2022-12-14 06:00:00,44.640000000000000000,ug.m-3,44.4264,26.1406
2022-12-14 06:00:00,2022-12-14 07:00:00,46.820000000000000000,ug.m-3,44.4264,26.1406
2022-12-14 07:00:00,2022-12-14 08:00:00,41.830000000000000000,ug.m-3,44.4264,26.1406
2022-12-14 08:00:00,2022-12-14 09:00:00,43.600000000000000000,ug.m-3,44.4264,26.1406
2022-12-14 09:00:00,2022-12-14 10:00:00,44.120000000000000000,ug.m-3,44.4264,26.1406
2022-12-14 10:00:00,2022-12-14 11:00:00,39.840000000000000000,ug.m-3,44.4264,26.1406
2022-12-14 11:00:00,2022-12-14 12:00:00,36.570000000000000000,ug.m-3,44.4264,26.1406
2022-12-14 12:00:00,2022-12-14 13:00:00,33.500000000000000000,ug.m-3,44.4264,26.1406
2022-12-14 13:00:00,2022-12-14 14:00:00,31.670000000000000000,ug.m-3,44.4264,26.1406
2022-12-14 14:00:00,2022-12-14 15:00:00,29.710000000000000000,ug.m-3,44.4264,26.1406
2022-12-14 15:00:00,2022-12-14 16:00:00,27.450000000000000000,ug.m-3,44.4264,26.1406
2022-12-14 16:00:00,2022-12-14 17:00:00,25.740000000000000000,ug.m-3,44.4264,26.1406
2022-12-14 17:00:00,2022-12-14 18:00:00,27.150000000000000000,ug.m-3,44.4264,26.1406
2022-12-14 18:00:00,2022-12-14 19:00:00,24.280000000000000000,ug.m-3,44.4264,26.1406
2022-12-14 19:00:00,2022-12-14 20:00:00,25.810000000000000000,ug.m-3,44.4264,26.1406
2022-12-14 20:00:00,2022-12-14 21:00:00,27.990000000000000000,ug.m-3,44.4264,26.1406
2022-12-14 21:00:00,2022-12-14 22:00:00,23.700000000000000000,ug.m-3,44.4264,26.1406
2022-12-14 22:00:00,2022-12-14 23:00:00,22.250000000000000000,ug.m-3,44.4264,26.1406
2022-12-14 23:00:00,2022-12-15 00:00:00,21.960000000000000000,ug.m-3,44.4264,26.1406
2022-12-15 00:00:00,2022-12-15 01:00:00,21.300000000000000000,ug.m-3,44.4264,26.1406
2022-12-15 01:00:00,2022-12-15 02:00:00,15.400000000000000000,ug.m-3,44.4264,26.1406
2022-12-15 02:00:00,2022-12-15 03:00:00,10.750000000000000000,ug.m-3,44.4264,26.1406
2022-12-15 03:00:00,2022-12-15 04:00:00,8.880000000000000000,ug.m-3,44.4264,26.1406
2022-12-15 04:00:00,2022-12-15 05:00:00,14.110000000000000000,ug.m-3,44.4264,26.1406
2022-12-15 05:00:00,2022-12-15 06:00:00,9.950000000000000000,ug.m-3,44.4264,26.1406
2022-12-15 06:00:00,2022-12-15 07:00:00,11.720000000000000000,ug.m-3,44.4264,26.1406
2022-12-15 07:00:00,2022-12-15 08:00:00,12.680000000000000000,ug.m-3,44.4264,26.1406
2022-12-15 08:00:00,2022-12-15 09:00:00,12.750000000000000000,ug.m-3,44.4264,26.1406
2022-12-15 09:00:00,2022-12-15 10:00:00,15.530000000000000000,ug.m-3,44.4264,26.1406
2022-12-15 10:00:00,2022-12-15 11:00:00,14.500000000000000000,ug.m-3,44.4264,26.1406
2022-12-15 11:00:00,2022-12-15 12:00:00,13.510000000000000000,ug.m-3,44.4264,26.1406
2022-12-15 12:00:00,2022-12-15 13:00:00,13.460000000000000000,ug.m-3,44.4264,26.1406
2022-12-15 13:00:00,2022-12-15 14:00:00,13.490000000000000000,ug.m-3,44.4264,26.1406
2022-12-15 14:00:00,2022-12-15 15:00:00,12.920000000000000000,ug.m-3,44.4264,26.1406
2022-12-15 15:00:00,2022-12-15 16:00:00,17.990000000000000000,ug.m-3,44.4264,26.1406
2022-12-15 16:00:00,2022-12-15 17:00:00,18.310000000000000000,ug.m-3,44.4264,26.1406
2022-12-15 17:00:00,2022-12-15 18:00:00,16.270000000000000000,ug.m-3,44.4264,26.1406
2022-12-15 18:00:00,2022-12-15 19:00:00,17.830000000000000000,ug.m-3,44.4264,26.1406
2022-12-15 19:00:00,2022-12-15 20:00:00,17.190000000000000000,ug.m-3,44.4264,26.1406
2022-12-15 20:00:00,2022-12-15 21:00:00,23.260000000000000000,ug.m-3,44.4264,26.1406
2022-12-15 21:00:00,2022-12-15 22:00:00,28.460000000000000000,ug.m-3,44.4264,26.1406
2022-12-15 22:00:00,2022-12-15 23:00:00,17.800000000000000000,ug.m-3,44.4264,26.1406
2022-12-15 23:00:00,2022-12-16 00:00:00,15.920000000000000000,ug.m-3,44.4264,26.1406
2022-12-16 00:00:00,2022-12-16 01:00:00,19.440000000000000000,ug.m-3,44.4264,26.1406
2022-12-16 01:00:00,2022-12-16 02:00:00,20.730000000000000000,ug.m-3,44.4264,26.1406
2022-12-16 02:00:00,2022-12-16 03:00:00,16.780000000000000000,ug.m-3,44.4264,26.1406
2022-12-16 03:00:00,2022-12-16 04:00:00,14.040000000000000000,ug.m-3,44.4264,26.1406
2022-12-16 04:00:00,2022-12-16 05:00:00,15.280000000000000000,ug.m-3,44.4264,26.1406
2022-12-16 05:00:00,2022-12-16 06:00:00,14.140000000000000000,ug.m-3,44.4264,26.1406
2022-12-16 06:00:00,2022-12-16 07:00:00,10.290000000000000000,ug.m-3,44.4264,26.1406
2022-12-16 07:00:00,2022-12-16 08:00:00,5.550000000000000000,ug.m-3,44.4264,26.1406
2022-12-16 08:00:00,2022-12-16 09:00:00,15.720000000000000000,ug.m-3,44.4264,26.1406
2022-12-16 09:00:00,2022-12-16 10:00:00,13.600000000000000000,ug.m-3,44.4264,26.1406
2022-12-16 10:00:00,2022-12-16 11:00:00,14.330000000000000000,ug.m-3,44.4264,26.1406
2022-12-16 11:00:00,2022-12-16 12:00:00,23.210000000000000000,ug.m-3,44.4264,26.1406
2022-12-16 12:00:00,2022-12-16 13:00:00,28.560000000000000000,ug.m-3,44.4264,26.1406
2022-12-16 13:00:00,2022-12-16 14:00:00,35.530000000000000000,ug.m-3,44.4264,26.1406
2022-12-16 14:00:00,2022-12-16 15:00:00,42.650000000000000000,ug.m-3,44.4264,26.1406
2022-12-16 15:00:00,2022-12-16 16:00:00,41.320000000000000000,ug.m-3,44.4264,26.1406
2022-12-16 16:00:00,2022-12-16 17:00:00,37.390000000000000000,ug.m-3,44.4264,26.1406
2022-12-16 17:00:00,2022-12-16 18:00:00,32.140000000000000000,ug.m-3,44.4264,26.1406
2022-12-16 18:00:00,2022-12-16 19:00:00,34.770000000000000000,ug.m-3,44.4264,26.1406
2022-12-16 19:00:00,2022-12-16 20:00:00,32.170000000000000000,ug.m-3,44.4264,26.1406
2022-12-16 20:00:00,2022-12-16 21:00:00,33.210000000000000000,ug.m-3,44.4264,26.1406
2022-12-16 21:00:00,2022-12-16 22:00:00,35.350000000000000000,ug.m-3,44.4264,26.1406
2022-12-16 22:00:00,2022-12-16 23:00:00,27.770000000000000000,ug.m-3,44.4264,26.1406
2022-12-16 23:00:00,2022-12-17 00:00:00,24.910000000000000000,ug.m-3,44.4264,26.1406
2022-12-17 00:00:00,2022-12-17 01:00:00,18.180000000000000000,ug.m-3,44.4264,26.1406
2022-12-17 01:00:00,2022-12-17 02:00:00,20.220000000000000000,ug.m-3,44.4264,26.1406
2022-12-17 02:00:00,2022-12-17 03:00:00,24.380000000000000000,ug.m-3,44.4264,26.1406
2022-12-17 03:00:00,2022-12-17 04:00:00,26.950000000000000000,ug.m-3,44.4264,26.1406
2022-12-17 04:00:00,2022-12-17 05:00:00,22.090000000000000000,ug.m-3,44.4264,26.1406
2022-12-17 05:00:00,2022-12-17 06:00:00,18.780000000000000000,ug.m-3,44.4264,26.1406
2022-12-17 06:00:00,2022-12-17 07:00:00,16.270000000000000000,ug.m-3,44.4264,26.1406
2022-12-17 07:00:00,2022-12-17 08:00:00,17.470000000000000000,ug.m-3,44.4264,26.1406
2022-12-17 08:00:00,2022-12-17 09:00:00,23.240000000000000000,ug.m-3,44.4264,26.1406
2022-12-17 09:00:00,2022-12-17 10:00:00,24.150000000000000000,ug.m-3,44.4264,26.1406
2022-12-17 10:00:00,2022-12-17 11:00:00,17.950000000000000000,ug.m-3,44.4264,26.1406
2022-12-17 11:00:00,2022-12-17 12:00:00,16.430000000000000000,ug.m-3,44.4264,26.1406
2022-12-17 12:00:00,2022-12-17 13:00:00,16.390000000000000000,ug.m-3,44.4264,26.1406
2022-12-17 13:00:00,2022-12-17 14:00:00,12.370000000000000000,ug.m-3,44.4264,26.1406
2022-12-17 14:00:00,2022-12-17 15:00:00,16.890000000000000000,ug.m-3,44.4264,26.1406
2022-12-17 15:00:00,2022-12-17 16:00:00,23.330000000000000000,ug.m-3,44.4264,26.1406
2022-12-17 16:00:00,2022-12-17 17:00:00,22.140000000000000000,ug.m-3,44.4264,26.1406
2022-12-17 17:00:00,2022-12-17 18:00:00,23.380000000000000000,ug.m-3,44.4264,26.1406
2022-12-17 18:00:00,2022-12-17 19:00:00,23.050000000000000000,ug.m-3,44.4264,26.1406
2022-12-17 19:00:00,2022-12-17 20:00:00,21.840000000000000000,ug.m-3,44.4264,26.1406
2022-12-17 20:00:00,2022-12-17 21:00:00,24.700000000000000000,ug.m-3,44.4264,26.1406
2022-12-17 21:00:00,2022-12-17 22:00:00,21.980000000000000000,ug.m-3,44.4264,26.1406
2022-12-17 22:00:00,2022-12-17 23:00:00,19.130000000000000000,ug.m-3,44.4264,26.1406
2022-12-17 23:00:00,2022-12-18 00:00:00,12.200000000000000000,ug.m-3,44.4264,26.1406
2022-12-18 00:00:00,2022-12-18 01:00:00,12.920000000000000000,ug.m-3,44.4264,26.1406
2022-12-18 01:00:00,2022-12-18 02:00:00,14.820000000000000000,ug.m-3,44.4264,26.1406
2022-12-18 02:00:00,2022-12-18 03:00:00,16.690000000000000000,ug.m-3,44.4264,26.1406
2022-12-18 03:00:00,2022-12-18 04:00:00,18.150000000000000000,ug.m-3,44.4264,26.1406
2022-12-18 04:00:00,2022-12-18 05:00:00,24.890000000000000000,ug.m-3,44.4264,26.1406
2022-12-18 05:00:00,2022-12-18 06:00:00,20.720000000000000000,ug.m-3,44.4264,26.1406
2022-12-18 06:00:00,2022-12-18 07:00:00,20.640000000000000000,ug.m-3,44.4264,26.1406
2022-12-18 07:00:00,2022-12-18 08:00:00,24.730000000000000000,ug.m-3,44.4264,26.1406
2022-12-18 08:00:00,2022-12-18 09:00:00,22.980000000000000000,ug.m-3,44.4264,26.1406
2022-12-18 09:00:00,2022-12-18 10:00:00,24.970000000000000000,ug.m-3,44.4264,26.1406
2022-12-18 10:00:00,2022-12-18 11:00:00,23.820000000000000000,ug.m-3,44.4264,26.1406
2022-12-18 11:00:00,2022-12-18 12:00:00,22.610000000000000000,ug.m-3,44.4264,26.1406
2022-12-18 12:00:00,2022-12-18 13:00:00,23.340000000000000000,ug.m-3,44.4264,26.1406
2022-12-18 13:00:00,2022-12-18 14:00:00,25.630000000000000000,ug.m-3,44.4264,26.1406
2022-12-18 14:00:00,2022-12-18 15:00:00,25.410000000000000000,ug.m-3,44.4264,26.1406
2022-12-18 15:00:00,2022-12-18 16:00:00,30.590000000000000000,ug.m-3,44.4264,26.1406
2022-12-18 16:00:00,2022-12-18 17:00:00,24.350000000000000000,ug.m-3,44.4264,26.1406
2022-12-18 17:00:00,2022-12-18 18:00:00,23.870000000000000000,ug.m-3,44.4264,26.1406
2022-12-18 18:00:00,2022-12-18 19:00:00,25.000000000000000000,ug.m-3,44.4264,26.1406
2022-12-18 19:00:00,2022-12-18 20:00:00,21.110000000000000000,ug.m-3,44.4264,26.1406
2022-12-18 20:00:00,2022-12-18 21:00:00,26.470000000000000000,ug.m-3,44.4264,26.1406
2022-12-18 21:00:00,2022-12-18 22:00:00,23.880000000000000000,ug.m-3,44.4264,26.1406
2022-12-18 22:00:00,2022-12-18 23:00:00,19.980000000000000000,ug.m-3,44.4264,26.1406
2022-12-18 23:00:00,2022-12-19 00:00:00,25.380000000000000000,ug.m-3,44.4264,26.1406
2022-12-19 00:00:00,2022-12-19 01:00:00,23.610000000000000000,ug.m-3,44.4264,26.1406
2022-12-19 01:00:00,2022-12-19 02:00:00,25.380000000000000000,ug.m-3,44.4264,26.1406
2022-12-19 02:00:00,2022-12-19 03:00:00,23.580000000000000000,ug.m-3,44.4264,26.1406
2022-12-19 03:00:00,2022-12-19 04:00:00,23.950000000000000000,ug.m-3,44.4264,26.1406
2022-12-19 04:00:00,2022-12-19 05:00:00,22.270000000000000000,ug.m-3,44.4264,26.1406
2022-12-19 05:00:00,2022-12-19 06:00:00,24.420000000000000000,ug.m-3,44.4264,26.1406
2022-12-19 06:00:00,2022-12-19 07:00:00,23.090000000000000000,ug.m-3,44.4264,26.1406
2022-12-19 07:00:00,2022-12-19 08:00:00,20.570000000000000000,ug.m-3,44.4264,26.1406
2022-12-19 08:00:00,2022-12-19 09:00:00,25.950000000000000000,ug.m-3,44.4264,26.1406
2022-12-19 09:00:00,2022-12-19 10:00:00,24.750000000000000000,ug.m-3,44.4264,26.1406
2022-12-19 10:00:00,2022-12-19 11:00:00,27.000000000000000000,ug.m-3,44.4264,26.1406
2022-12-19 11:00:00,2022-12-19 12:00:00,30.250000000000000000,ug.m-3,44.4264,26.1406
2022-12-19 12:00:00,2022-12-19 13:00:00,26.130000000000000000,ug.m-3,44.4264,26.1406
2022-12-19 13:00:00,2022-12-19 14:00:00,31.280000000000000000,ug.m-3,44.4264,26.1406
2022-12-19 14:00:00,2022-12-19 15:00:00,29.620000000000000000,ug.m-3,44.4264,26.1406
2022-12-19 15:00:00,2022-12-19 16:00:00,25.690000000000000000,ug.m-3,44.4264,26.1406
2022-12-19 16:00:00,2022-12-19 17:00:00,29.730000000000000000,ug.m-3,44.4264,26.1406
2022-12-19 17:00:00,2022-12-19 18:00:00,27.350000000000000000,ug.m-3,44.4264,26.1406
2022-12-19 18:00:00,2022-12-19 19:00:00,28.050000000000000000,ug.m-3,44.4264,26.1406
2022-12-19 19:00:00,2022-12-19 20:00:00,30.500000000000000000,ug.m-3,44.4264,26.1406
2022-12-19 20:00:00,2022-12-19 21:00:00,28.710000000000000000,ug.m-3,44.4264,26.1406
2022-12-19 21:00:00,2022-12-19 22:00:00,26.530000000000000000,ug.m-3,44.4264,26.1406
2022-12-19 22:00:00,2022-12-19 23:00:00,30.410000000000000000,ug.m-3,44.4264,26.1406
2022-12-19 23:00:00,2022-12-20 00:00:00,30.610000000000000000,ug.m-3,44.4264,26.1406
2022-12-20 00:00:00,2022-12-20 01:00:00,29.270000000000000000,ug.m-3,44.4264,26.1406
2022-12-20 01:00:00,2022-12-20 02:00:00,30.960000000000000000,ug.m-3,44.4264,26.1406
2022-12-20 02:00:00,2022-12-20 03:00:00,31.900000000000000000,ug.m-3,44.4264,26.1406
2022-12-20 03:00:00,2022-12-20 04:00:00,31.530000000000000000,ug.m-3,44.4264,26.1406
2022-12-20 04:00:00,2022-12-20 05:00:00,37.130000000000000000,ug.m-3,44.4264,26.1406
2022-12-20 05:00:00,2022-12-20 06:00:00,27.670000000000000000,ug.m-3,44.4264,26.1406
2022-12-20 06:00:00,2022-12-20 07:00:00,137.330000000000000000,ug.m-3,44.4264,26.1406
2022-12-20 07:00:00,2022-12-20 08:00:00,124.290000000000000000,ug.m-3,44.4264,26.1406
2022-12-20 08:00:00,2022-12-20 09:00:00,42.440000000000000000,ug.m-3,44.4264,26.1406
2022-12-20 09:00:00,2022-12-20 10:00:00,43.440000000000000000,ug.m-3,44.4264,26.1406
2022-12-20 10:00:00,2022-12-20 11:00:00,41.820000000000000000,ug.m-3,44.4264,26.1406
2022-12-20 11:00:00,2022-12-20 12:00:00,41.150000000000000000,ug.m-3,44.4264,26.1406
2022-12-20 12:00:00,2022-12-20 13:00:00,35.620000000000000000,ug.m-3,44.4264,26.1406
2022-12-20 15:00:00,2022-12-20 16:00:00,10.070000000000000000,ug.m-3,44.4264,26.1406
2022-12-20 16:00:00,2022-12-20 17:00:00,39.630000000000000000,ug.m-3,44.4264,26.1406
2022-12-20 17:00:00,2022-12-20 18:00:00,47.310000000000000000,ug.m-3,44.4264,26.1406
2022-12-20 18:00:00,2022-12-20 19:00:00,35.330000000000000000,ug.m-3,44.4264,26.1406
2022-12-20 19:00:00,2022-12-20 20:00:00,39.430000000000000000,ug.m-3,44.4264,26.1406
2022-12-20 20:00:00,2022-12-20 21:00:00,39.000000000000000000,ug.m-3,44.4264,26.1406
2022-12-20 21:00:00,2022-12-20 22:00:00,36.860000000000000000,ug.m-3,44.4264,26.1406
2022-12-20 22:00:00,2022-12-20 23:00:00,31.990000000000000000,ug.m-3,44.4264,26.1406
2022-12-20 23:00:00,2022-12-21 00:00:00,34.210000000000000000,ug.m-3,44.4264,26.1406
2022-12-21 00:00:00,2022-12-21 01:00:00,29.690000000000000000,ug.m-3,44.4264,26.1406
2022-12-21 01:00:00,2022-12-21 02:00:00,29.140000000000000000,ug.m-3,44.4264,26.1406
2022-12-21 02:00:00,2022-12-21 03:00:00,25.910000000000000000,ug.m-3,44.4264,26.1406
2022-12-21 03:00:00,2022-12-21 04:00:00,25.760000000000000000,ug.m-3,44.4264,26.1406
2022-12-21 04:00:00,2022-12-21 05:00:00,21.750000000000000000,ug.m-3,44.4264,26.1406
2022-12-21 05:00:00,2022-12-21 06:00:00,21.420000000000000000,ug.m-3,44.4264,26.1406
2022-12-21 06:00:00,2022-12-21 07:00:00,20.370000000000000000,ug.m-3,44.4264,26.1406
2022-12-21 07:00:00,2022-12-21 08:00:00,23.180000000000000000,ug.m-3,44.4264,26.1406
2022-12-21 08:00:00,2022-12-21 09:00:00,25.350000000000000000,ug.m-3,44.4264,26.1406
2022-12-21 09:00:00,2022-12-21 10:00:00,25.260000000000000000,ug.m-3,44.4264,26.1406
2022-12-21 10:00:00,2022-12-21 11:00:00,25.010000000000000000,ug.m-3,44.4264,26.1406
2022-12-21 11:00:00,2022-12-21 12:00:00,21.460000000000000000,ug.m-3,44.4264,26.1406
2022-12-21 12:00:00,2022-12-21 13:00:00,25.730000000000000000,ug.m-3,44.4264,26.1406
2022-12-21 13:00:00,2022-12-21 14:00:00,24.340000000000000000,ug.m-3,44.4264,26.1406
2022-12-21 14:00:00,2022-12-21 15:00:00,25.150000000000000000,ug.m-3,44.4264,26.1406
2022-12-21 15:00:00,2022-12-21 16:00:00,27.360000000000000000,ug.m-3,44.4264,26.1406
2022-12-21 16:00:00,2022-12-21 17:00:00,30.280000000000000000,ug.m-3,44.4264,26.1406
2022-12-21 17:00:00,2022-12-21 18:00:00,29.550000000000000000,ug.m-3,44.4264,26.1406
2022-12-21 18:00:00,2022-12-21 19:00:00,29.920000000000000000,ug.m-3,44.4264,26.1406
2022-12-21 19:00:00,2022-12-21 20:00:00,29.070000000000000000,ug.m-3,44.4264,26.1406
2022-12-21 20:00:00,2022-12-21 21:00:00,30.050000000000000000,ug.m-3,44.4264,26.1406
2022-12-21 21:00:00,2022-12-21 22:00:00,30.150000000000000000,ug.m-3,44.4264,26.1406
2022-12-21 22:00:00,2022-12-21 23:00:00,30.420000000000000000,ug.m-3,44.4264,26.1406
2022-12-22 04:00:00,2022-12-22 05:00:00,26.470000000000000000,ug.m-3,44.4264,26.1406
2022-12-22 05:00:00,2022-12-22 06:00:00,28.260000000000000000,ug.m-3,44.4264,26.1406
2022-12-22 06:00:00,2022-12-22 07:00:00,26.480000000000000000,ug.m-3,44.4264,26.1406
2022-12-22 07:00:00,2022-12-22 08:00:00,26.610000000000000000,ug.m-3,44.4264,26.1406
2022-12-22 08:00:00,2022-12-22 09:00:00,30.560000000000000000,ug.m-3,44.4264,26.1406
2022-12-22 09:00:00,2022-12-22 10:00:00,32.700000000000000000,ug.m-3,44.4264,26.1406
2022-12-22 10:00:00,2022-12-22 11:00:00,30.650000000000000000,ug.m-3,44.4264,26.1406
2022-12-22 11:00:00,2022-12-22 12:00:00,34.230000000000000000,ug.m-3,44.4264,26.1406
2022-12-22 12:00:00,2022-12-22 13:00:00,35.100000000000000000,ug.m-3,44.4264,26.1406
2022-12-22 13:00:00,2022-12-22 14:00:00,35.930000000000000000,ug.m-3,44.4264,26.1406
2022-12-22 14:00:00,2022-12-22 15:00:00,39.290000000000000000,ug.m-3,44.4264,26.1406
2022-12-22 15:00:00,2022-12-22 16:00:00,40.550000000000000000,ug.m-3,44.4264,26.1406
2022-12-22 16:00:00,2022-12-22 17:00:00,46.690000000000000000,ug.m-3,44.4264,26.1406
2022-12-22 17:00:00,2022-12-22 18:00:00,52.690000000000000000,ug.m-3,44.4264,26.1406
2022-12-22 18:00:00,2022-12-22 19:00:00,46.860000000000000000,ug.m-3,44.4264,26.1406
2022-12-22 19:00:00,2022-12-22 20:00:00,44.780000000000000000,ug.m-3,44.4264,26.1406
2022-12-22 20:00:00,2022-12-22 21:00:00,40.590000000000000000,ug.m-3,44.4264,26.1406
2022-12-22 21:00:00,2022-12-22 22:00:00,35.220000000000000000,ug.m-3,44.4264,26.1406
2022-12-22 22:00:00,2022-12-22 23:00:00,36.110000000000000000,ug.m-3,44.4264,26.1406
2022-12-22 23:00:00,2022-12-23 00:00:00,38.960000000000000000,ug.m-3,44.4264,26.1406
2022-12-23 00:00:00,2022-12-23 01:00:00,43.060000000000000000,ug.m-3,44.4264,26.1406
2022-12-23 01:00:00,2022-12-23 02:00:00,41.840000000000000000,ug.m-3,44.4264,26.1406
2022-12-23 02:00:00,2022-12-23 03:00:00,34.720000000000000000,ug.m-3,44.4264,26.1406
2022-12-23 03:00:00,2022-12-23 04:00:00,31.430000000000000000,ug.m-3,44.4264,26.1406
2022-12-23 04:00:00,2022-12-23 05:00:00,25.850000000000000000,ug.m-3,44.4264,26.1406
2022-12-23 05:00:00,2022-12-23 06:00:00,26.330000000000000000,ug.m-3,44.4264,26.1406
2022-12-23 06:00:00,2022-12-23 07:00:00,28.720000000000000000,ug.m-3,44.4264,26.1406
2022-12-23 07:00:00,2022-12-23 08:00:00,32.490000000000000000,ug.m-3,44.4264,26.1406
2022-12-23 08:00:00,2022-12-23 09:00:00,30.510000000000000000,ug.m-3,44.4264,26.1406
2022-12-23 09:00:00,2022-12-23 10:00:00,40.840000000000000000,ug.m-3,44.4264,26.1406
2022-12-23 10:00:00,2022-12-23 11:00:00,48.620000000000000000,ug.m-3,44.4264,26.1406
2022-12-23 11:00:00,2022-12-23 12:00:00,51.310000000000000000,ug.m-3,44.4264,26.1406
2022-12-23 12:00:00,2022-12-23 13:00:00,52.070000000000000000,ug.m-3,44.4264,26.1406
2022-12-23 13:00:00,2022-12-23 14:00:00,49.680000000000000000,ug.m-3,44.4264,26.1406
2022-12-23 14:00:00,2022-12-23 15:00:00,52.170000000000000000,ug.m-3,44.4264,26.1406
2022-12-23 15:00:00,2022-12-23 16:00:00,53.960000000000000000,ug.m-3,44.4264,26.1406
2022-12-23 16:00:00,2022-12-23 17:00:00,53.350000000000000000,ug.m-3,44.4264,26.1406
2022-12-23 17:00:00,2022-12-23 18:00:00,58.300000000000000000,ug.m-3,44.4264,26.1406
2022-12-23 18:00:00,2022-12-23 19:00:00,65.890000000000000000,ug.m-3,44.4264,26.1406
2022-12-23 19:00:00,2022-12-23 20:00:00,60.380000000000000000,ug.m-3,44.4264,26.1406
2022-12-23 20:00:00,2022-12-23 21:00:00,57.590000000000000000,ug.m-3,44.4264,26.1406
2022-12-23 21:00:00,2022-12-23 22:00:00,65.100000000000000000,ug.m-3,44.4264,26.1406
2022-12-23 22:00:00,2022-12-23 23:00:00,64.130000000000000000,ug.m-3,44.4264,26.1406
2022-12-24 23:00:00,2022-12-25 00:00:00,42.130000000000000000,ug.m-3,44.4264,26.1406
2022-12-25 00:00:00,2022-12-25 01:00:00,38.100000000000000000,ug.m-3,44.4264,26.1406
2022-12-25 01:00:00,2022-12-25 02:00:00,34.150000000000000000,ug.m-3,44.4264,26.1406
2022-12-25 02:00:00,2022-12-25 03:00:00,31.540000000000000000,ug.m-3,44.4264,26.1406
2022-12-25 03:00:00,2022-12-25 04:00:00,30.670000000000000000,ug.m-3,44.4264,26.1406
2022-12-25 04:00:00,2022-12-25 05:00:00,32.860000000000000000,ug.m-3,44.4264,26.1406
2022-12-25 05:00:00,2022-12-25 06:00:00,29.770000000000000000,ug.m-3,44.4264,26.1406
2022-12-25 06:00:00,2022-12-25 07:00:00,22.240000000000000000,ug.m-3,44.4264,26.1406
2022-12-25 07:00:00,2022-12-25 08:00:00,20.660000000000000000,ug.m-3,44.4264,26.1406
2022-12-25 08:00:00,2022-12-25 09:00:00,22.600000000000000000,ug.m-3,44.4264,26.1406
2022-12-25 09:00:00,2022-12-25 10:00:00,22.440000000000000000,ug.m-3,44.4264,26.1406
2022-12-25 10:00:00,2022-12-25 11:00:00,19.250000000000000000,ug.m-3,44.4264,26.1406
2022-12-25 11:00:00,2022-12-25 12:00:00,12.980000000000000000,ug.m-3,44.4264,26.1406
2022-12-25 12:00:00,2022-12-25 13:00:00,6.870000000000000000,ug.m-3,44.4264,26.1406
2022-12-25 13:00:00,2022-12-25 14:00:00,4.680000000000000000,ug.m-3,44.4264,26.1406
2022-12-25 14:00:00,2022-12-25 15:00:00,9.640000000000000000,ug.m-3,44.4264,26.1406
2022-12-25 15:00:00,2022-12-25 16:00:00,9.620000000000000000,ug.m-3,44.4264,26.1406
2022-12-25 16:00:00,2022-12-25 17:00:00,12.990000000000000000,ug.m-3,44.4264,26.1406
2022-12-25 17:00:00,2022-12-25 18:00:00,8.630000000000000000,ug.m-3,44.4264,26.1406
2022-12-25 18:00:00,2022-12-25 19:00:00,18.010000000000000000,ug.m-3,44.4264,26.1406
2022-12-25 19:00:00,2022-12-25 20:00:00,32.360000000000000000,ug.m-3,44.4264,26.1406
2022-12-25 20:00:00,2022-12-25 21:00:00,53.120000000000000000,ug.m-3,44.4264,26.1406
2022-12-25 21:00:00,2022-12-25 22:00:00,55.640000000000000000,ug.m-3,44.4264,26.1406
2022-12-25 22:00:00,2022-12-25 23:00:00,57.220000000000000000,ug.m-3,44.4264,26.1406
2022-12-25 23:00:00,2022-12-26 00:00:00,52.770000000000000000,ug.m-3,44.4264,26.1406
2022-12-26 00:00:00,2022-12-26 01:00:00,29.090000000000000000,ug.m-3,44.4264,26.1406
2022-12-26 01:00:00,2022-12-26 02:00:00,23.470000000000000000,ug.m-3,44.4264,26.1406
2022-12-26 02:00:00,2022-12-26 03:00:00,18.320000000000000000,ug.m-3,44.4264,26.1406
2022-12-26 03:00:00,2022-12-26 04:00:00,18.340000000000000000,ug.m-3,44.4264,26.1406
2022-12-26 04:00:00,2022-12-26 05:00:00,18.180000000000000000,ug.m-3,44.4264,26.1406
2022-12-26 05:00:00,2022-12-26 06:00:00,15.350000000000000000,ug.m-3,44.4264,26.1406
2022-12-26 06:00:00,2022-12-26 07:00:00,17.670000000000000000,ug.m-3,44.4264,26.1406
2022-12-26 07:00:00,2022-12-26 08:00:00,27.600000000000000000,ug.m-3,44.4264,26.1406
2022-12-26 08:00:00,2022-12-26 09:00:00,48.940000000000000000,ug.m-3,44.4264,26.1406
2022-12-26 09:00:00,2022-12-26 10:00:00,45.060000000000000000,ug.m-3,44.4264,26.1406
2022-12-26 10:00:00,2022-12-26 11:00:00,23.040000000000000000,ug.m-3,44.4264,26.1406
2022-12-26 11:00:00,2022-12-26 12:00:00,23.430000000000000000,ug.m-3,44.4264,26.1406
2022-12-26 12:00:00,2022-12-26 13:00:00,24.140000000000000000,ug.m-3,44.4264,26.1406
2022-12-26 13:00:00,2022-12-26 14:00:00,21.240000000000000000,ug.m-3,44.4264,26.1406
2022-12-26 14:00:00,2022-12-26 15:00:00,16.960000000000000000,ug.m-3,44.4264,26.1406
2022-12-26 15:00:00,2022-12-26 16:00:00,20.720000000000000000,ug.m-3,44.4264,26.1406
2022-12-26 16:00:00,2022-12-26 17:00:00,21.840000000000000000,ug.m-3,44.4264,26.1406
2022-12-26 17:00:00,2022-12-26 18:00:00,19.680000000000000000,ug.m-3,44.4264,26.1406
2022-12-26 18:00:00,2022-12-26 19:00:00,25.080000000000000000,ug.m-3,44.4264,26.1406
2022-12-26 19:00:00,2022-12-26 20:00:00,31.740000000000000000,ug.m-3,44.4264,26.1406
2022-12-26 20:00:00,2022-12-26 21:00:00,24.990000000000000000,ug.m-3,44.4264,26.1406
2022-12-26 21:00:00,2022-12-26 22:00:00,23.870000000000000000,ug.m-3,44.4264,26.1406
2022-12-26 22:00:00,2022-12-26 23:00:00,27.780000000000000000,ug.m-3,44.4264,26.1406
2022-12-26 23:00:00,2022-12-27 00:00:00,24.030000000000000000,ug.m-3,44.4264,26.1406
2022-12-27 00:00:00,2022-12-27 01:00:00,22.850000000000000000,ug.m-3,44.4264,26.1406
2022-12-27 01:00:00,2022-12-27 02:00:00,22.710000000000000000,ug.m-3,44.4264,26.1406
2022-12-27 02:00:00,2022-12-27 03:00:00,22.490000000000000000,ug.m-3,44.4264,26.1406
2022-12-27 03:00:00,2022-12-27 04:00:00,24.000000000000000000,ug.m-3,44.4264,26.1406
2022-12-27 04:00:00,2022-12-27 05:00:00,23.370000000000000000,ug.m-3,44.4264,26.1406
2022-12-27 05:00:00,2022-12-27 06:00:00,25.690000000000000000,ug.m-3,44.4264,26.1406
2022-12-27 06:00:00,2022-12-27 07:00:00,22.130000000000000000,ug.m-3,44.4264,26.1406
2022-12-27 07:00:00,2022-12-27 08:00:00,26.040000000000000000,ug.m-3,44.4264,26.1406
2022-12-27 08:00:00,2022-12-27 09:00:00,29.710000000000000000,ug.m-3,44.4264,26.1406
2022-12-27 09:00:00,2022-12-27 10:00:00,40.260000000000000000,ug.m-3,44.4264,26.1406
2022-12-27 10:00:00,2022-12-27 11:00:00,38.330000000000000000,ug.m-3,44.4264,26.1406
2022-12-27 11:00:00,2022-12-27 12:00:00,34.650000000000000000,ug.m-3,44.4264,26.1406
2022-12-27 12:00:00,2022-12-27 13:00:00,31.100000000000000000,ug.m-3,44.4264,26.1406
2022-12-27 13:00:00,2022-12-27 14:00:00,28.820000000000000000,ug.m-3,44.4264,26.1406
2022-12-27 14:00:00,2022-12-27 15:00:00,28.330000000000000000,ug.m-3,44.4264,26.1406
2022-12-27 15:00:00,2022-12-27 16:00:00,28.770000000000000000,ug.m-3,44.4264,26.1406
2022-12-27 16:00:00,2022-12-27 17:00:00,30.720000000000000000,ug.m-3,44.4264,26.1406
2022-12-27 17:00:00,2022-12-27 18:00:00,29.780000000000000000,ug.m-3,44.4264,26.1406
2022-12-27 18:00:00,2022-12-27 19:00:00,23.070000000000000000,ug.m-3,44.4264,26.1406
2022-12-27 19:00:00,2022-12-27 20:00:00,21.300000000000000000,ug.m-3,44.4264,26.1406
2022-12-27 20:00:00,2022-12-27 21:00:00,22.980000000000000000,ug.m-3,44.4264,26.1406
2022-12-27 21:00:00,2022-12-27 22:00:00,23.200000000000000000,ug.m-3,44.4264,26.1406
2022-12-27 22:00:00,2022-12-27 23:00:00,26.090000000000000000,ug.m-3,44.4264,26.1406
2022-12-27 23:00:00,2022-12-28 00:00:00,34.490000000000000000,ug.m-3,44.4264,26.1406
2022-12-28 00:00:00,2022-12-28 01:00:00,25.300000000000000000,ug.m-3,44.4264,26.1406
2022-12-28 01:00:00,2022-12-28 02:00:00,10.360000000000000000,ug.m-3,44.4264,26.1406
2022-12-28 02:00:00,2022-12-28 03:00:00,5.200000000000000000,ug.m-3,44.4264,26.1406
2022-12-28 03:00:00,2022-12-28 04:00:00,10.590000000000000000,ug.m-3,44.4264,26.1406
2022-12-28 04:00:00,2022-12-28 05:00:00,10.700000000000000000,ug.m-3,44.4264,26.1406
2022-12-28 05:00:00,2022-12-28 06:00:00,14.980000000000000000,ug.m-3,44.4264,26.1406
2022-12-28 06:00:00,2022-12-28 07:00:00,18.280000000000000000,ug.m-3,44.4264,26.1406
2022-12-28 07:00:00,2022-12-28 08:00:00,16.630000000000000000,ug.m-3,44.4264,26.1406
2022-12-28 08:00:00,2022-12-28 09:00:00,24.310000000000000000,ug.m-3,44.4264,26.1406
2022-12-28 09:00:00,2022-12-28 10:00:00,26.230000000000000000,ug.m-3,44.4264,26.1406
2022-12-28 10:00:00,2022-12-28 11:00:00,28.440000000000000000,ug.m-3,44.4264,26.1406
2022-12-28 11:00:00,2022-12-28 12:00:00,21.440000000000000000,ug.m-3,44.4264,26.1406
2022-12-28 12:00:00,2022-12-28 13:00:00,16.780000000000000000,ug.m-3,44.4264,26.1406
2022-12-28 13:00:00,2022-12-28 14:00:00,13.720000000000000000,ug.m-3,44.4264,26.1406
2022-12-28 14:00:00,2022-12-28 15:00:00,14.730000000000000000,ug.m-3,44.4264,26.1406
2022-12-28 15:00:00,2022-12-28 16:00:00,14.190000000000000000,ug.m-3,44.4264,26.1406
2022-12-28 16:00:00,2022-12-28 17:00:00,25.320000000000000000,ug.m-3,44.4264,26.1406
2022-12-28 17:00:00,2022-12-28 18:00:00,27.360000000000000000,ug.m-3,44.4264,26.1406
2022-12-28 18:00:00,2022-12-28 19:00:00,36.040000000000000000,ug.m-3,44.4264,26.1406
2022-12-28 19:00:00,2022-12-28 20:00:00,37.230000000000000000,ug.m-3,44.4264,26.1406
2022-12-28 20:00:00,2022-12-28 21:00:00,33.410000000000000000,ug.m-3,44.4264,26.1406
2022-12-28 21:00:00,2022-12-28 22:00:00,64.490000000000000000,ug.m-3,44.4264,26.1406
2022-12-28 22:00:00,2022-12-28 23:00:00,69.310000000000000000,ug.m-3,44.4264,26.1406
2022-12-28 23:00:00,2022-12-29 00:00:00,48.190000000000000000,ug.m-3,44.4264,26.1406
2022-12-29 00:00:00,2022-12-29 01:00:00,38.990000000000000000,ug.m-3,44.4264,26.1406
2022-12-29 01:00:00,2022-12-29 02:00:00,41.720000000000000000,ug.m-3,44.4264,26.1406
2022-12-29 02:00:00,2022-12-29 03:00:00,48.140000000000000000,ug.m-3,44.4264,26.1406
2022-12-29 03:00:00,2022-12-29 04:00:00,53.230000000000000000,ug.m-3,44.4264,26.1406
2022-12-29 04:00:00,2022-12-29 05:00:00,49.090000000000000000,ug.m-3,44.4264,26.1406
2022-12-29 05:00:00,2022-12-29 06:00:00,43.610000000000000000,ug.m-3,44.4264,26.1406
2022-12-29 06:00:00,2022-12-29 07:00:00,41.130000000000000000,ug.m-3,44.4264,26.1406
2022-12-29 07:00:00,2022-12-29 08:00:00,46.520000000000000000,ug.m-3,44.4264,26.1406
2022-12-29 08:00:00,2022-12-29 09:00:00,53.960000000000000000,ug.m-3,44.4264,26.1406
2022-12-29 09:00:00,2022-12-29 10:00:00,57.280000000000000000,ug.m-3,44.4264,26.1406
2022-12-29 10:00:00,2022-12-29 11:00:00,34.680000000000000000,ug.m-3,44.4264,26.1406
2022-12-29 11:00:00,2022-12-29 12:00:00,18.900000000000000000,ug.m-3,44.4264,26.1406
2022-12-29 12:00:00,2022-12-29 13:00:00,17.020000000000000000,ug.m-3,44.4264,26.1406
2022-12-29 13:00:00,2022-12-29 14:00:00,15.140000000000000000,ug.m-3,44.4264,26.1406
2022-12-29 14:00:00,2022-12-29 15:00:00,15.320000000000000000,ug.m-3,44.4264,26.1406
2022-12-29 15:00:00,2022-12-29 16:00:00,20.680000000000000000,ug.m-3,44.4264,26.1406
2022-12-29 16:00:00,2022-12-29 17:00:00,21.060000000000000000,ug.m-3,44.4264,26.1406
2022-12-29 17:00:00,2022-12-29 18:00:00,31.220000000000000000,ug.m-3,44.4264,26.1406
2022-12-29 18:00:00,2022-12-29 19:00:00,35.220000000000000000,ug.m-3,44.4264,26.1406
2022-12-29 19:00:00,2022-12-29 20:00:00,36.420000000000000000,ug.m-3,44.4264,26.1406
2022-12-29 20:00:00,2022-12-29 21:00:00,36.740000000000000000,ug.m-3,44.4264,26.1406
2022-12-29 21:00:00,2022-12-29 22:00:00,35.470000000000000000,ug.m-3,44.4264,26.1406
2022-12-29 22:00:00,2022-12-29 23:00:00,34.320000000000000000,ug.m-3,44.4264,26.1406
2022-12-29 23:00:00,2022-12-30 00:00:00,36.430000000000000000,ug.m-3,44.4264,26.1406
2022-12-30 00:00:00,2022-12-30 01:00:00,38.710000000000000000,ug.m-3,44.4264,26.1406
2022-12-30 01:00:00,2022-12-30 02:00:00,35.900000000000000000,ug.m-3,44.4264,26.1406
2022-12-30 02:00:00,2022-12-30 03:00:00,37.690000000000000000,ug.m-3,44.4264,26.1406
2022-12-30 03:00:00,2022-12-30 04:00:00,33.560000000000000000,ug.m-3,44.4264,26.1406
2022-12-30 04:00:00,2022-12-30 05:00:00,32.010000000000000000,ug.m-3,44.4264,26.1406
2022-12-30 05:00:00,2022-12-30 06:00:00,41.120000000000000000,ug.m-3,44.4264,26.1406
2022-12-30 06:00:00,2022-12-30 07:00:00,38.160000000000000000,ug.m-3,44.4264,26.1406
2022-12-30 07:00:00,2022-12-30 08:00:00,43.670000000000000000,ug.m-3,44.4264,26.1406
2022-12-30 08:00:00,2022-12-30 09:00:00,40.650000000000000000,ug.m-3,44.4264,26.1406
2022-12-30 09:00:00,2022-12-30 10:00:00,42.380000000000000000,ug.m-3,44.4264,26.1406
2022-12-30 10:00:00,2022-12-30 11:00:00,41.090000000000000000,ug.m-3,44.4264,26.1406
2022-12-30 11:00:00,2022-12-30 12:00:00,33.270000000000000000,ug.m-3,44.4264,26.1406
2022-12-30 12:00:00,2022-12-30 13:00:00,28.000000000000000000,ug.m-3,44.4264,26.1406
2022-12-30 13:00:00,2022-12-30 14:00:00,25.310000000000000000,ug.m-3,44.4264,26.1406
2022-12-30 14:00:00,2022-12-30 15:00:00,30.460000000000000000,ug.m-3,44.4264,26.1406
2022-12-30 15:00:00,2022-12-30 16:00:00,34.380000000000000000,ug.m-3,44.4264,26.1406
2022-12-30 16:00:00,2022-12-30 17:00:00,37.570000000000000000,ug.m-3,44.4264,26.1406
2022-12-30 17:00:00,2022-12-30 18:00:00,36.820000000000000000,ug.m-3,44.4264,26.1406
2022-12-30 18:00:00,2022-12-30 19:00:00,41.260000000000000000,ug.m-3,44.4264,26.1406
2022-12-30 19:00:00,2022-12-30 20:00:00,42.310000000000000000,ug.m-3,44.4264,26.1406
2022-12-30 20:00:00,2022-12-30 21:00:00,45.160000000000000000,ug.m-3,44.4264,26.1406
2022-12-30 21:00:00,2022-12-30 22:00:00,50.590000000000000000,ug.m-3,44.4264,26.1406
2022-12-30 22:00:00,2022-12-30 23:00:00,50.380000000000000000,ug.m-3,44.4264,26.1406
