start,end,pm10,pm2_5,no2,temperature,humidity,wind_speed,pressure,longitude,latitude
2022-01-01 00:00:00,2022-01-01 01:00:00,53.68,40.173682559999996,29.63,3.8,99.0,3.6,1017.7,26.127289,44.444925
2022-01-01 01:00:00,2022-01-01 02:00:00,50.13,37.51689096,22.5,3.9,99.0,7.2,1017.2,26.127289,44.444925
2022-01-01 02:00:00,2022-01-01 03:00:00,38.55,28.850511599999997,23.24,3.8,100.0,7.2,1017.0,26.127289,44.444925
2022-01-01 03:00:00,2022-01-01 04:00:00,32.87,24.599645039999995,25.12,3.9,99.0,7.2,1016.7,26.127289,44.444925
2022-01-01 04:00:00,2022-01-01 05:00:00,33.31,24.92893752,24.12,3.7,98.0,7.2,1016.2,26.127289,44.444925
2022-01-01 05:00:00,2022-01-01 06:00:00,36.34,27.19656528,23.99,2.9,100.0,7.2,1016.2,26.127289,44.444925
2022-01-01 06:00:00,2022-01-01 07:00:00,39.3,29.411805599999997,26.76,3.0,100.0,3.6,1016.8,26.127289,44.444925
2022-01-01 07:00:00,2022-01-01 08:00:00,42.64,31.911434879999998,25.75,3.7,100.0,3.6,1016.8,26.127289,44.444925
2022-01-01 08:00:00,2022-01-01 09:00:00,44.12,33.01905504,18.94,4.3,95.0,7.2,1017.5,26.127289,44.444925
2022-01-01 09:00:00,2022-01-01 10:00:00,44.7,33.4531224,23.2,6.6,87.0,3.6,1017.2,26.127289,44.444925
2022-01-01 10:00:00,2022-01-01 11:00:00,48.89,36.588884879999995,26.6,8.4,82.0,7.2,1016.8,26.127289,44.444925
2022-01-01 12:00:00,2022-01-01 13:00:00,39.85,29.8234212,27.09,9.9,82.0,3.6,1016.8,26.127289,44.444925
2022-01-01 13:00:00,2022-01-01 14:00:00,35.51,26.575399919999995,25.67,10.6,83.0,7.2,1016.5,26.127289,44.444925
2022-01-01 14:00:00,2022-01-01 15:00:00,36.19,27.084306479999995,29.08,12.0,81.0,7.2,1016.7,26.127289,44.444925
2022-01-01 15:00:00,2022-01-01 16:00:00,30.22,22.616406239999996,40.93,10.4,89.0,3.6,1017.3,26.127289,44.444925
2022-01-01 16:00:00,2022-01-01 17:00:00,28.36,21.22439712,52.22,8.6,95.0,3.6,1017.7,26.127289,44.444925
2022-01-01 17:00:00,2022-01-01 18:00:00,36.63,27.41359896,64.24,7.1,99.0,11.9,1018.3,26.127289,44.444925
2022-01-01 18:00:00,2022-01-01 19:00:00,50.91,38.10063672,75.74,7.2,100.0,3.6,1018.8,26.127289,44.444925
2022-01-01 19:00:00,2022-01-01 20:00:00,63.24,47.32831008,72.21,7.6,100.0,3.6,1019.4,26.127289,44.444925
2022-01-01 20:00:00,2022-01-01 21:00:00,76.14,56.98256687999999,65.32,6.9,100.0,3.6,1019.8,26.127289,44.444925
2022-01-01 21:00:00,2022-01-01 22:00:00,99.97,74.81674824,65.29,6.1,100.0,3.6,1020.3,26.127289,44.444925
2022-01-01 22:00:00,2022-01-01 23:00:00,92.44,69.18135647999999,54.26,5.9,99.0,7.2,1020.7,26.127289,44.444925
2022-01-01 23:00:00,2022-01-02 00:00:00,70.33,52.63440935999999,44.75,5.4,100.0,3.6,1020.9,26.127289,44.444925
2022-01-02 00:00:00,2022-01-02 01:00:00,49.69,37.18759848,35.06,4.8,100.0,7.2,1021.3,26.127289,44.444925
2022-01-02 01:00:00,2022-01-02 02:00:00,13.41,10.035936719999999,22.63,3.6,100.0,3.6,1021.8,26.127289,44.444925
2022-01-02 02:00:00,2022-01-02 03:00:00,11.0,8.232312,21.19,2.9,100.0,3.6,1021.8,26.127289,44.444925
2022-01-02 03:00:00,2022-01-02 04:00:00,12.17,9.10793064,19.33,2.7,100.0,3.6,1022.1,26.127289,44.444925
2022-01-02 04:00:00,2022-01-02 05:00:00,11.46,8.57657232,24.7,2.2,100.0,3.6,1022.7,26.127289,44.444925
2022-01-02 05:00:00,2022-01-02 06:00:00,16.25,12.16137,31.84,2.1,99.0,5.0,1023.4,26.127289,44.444925
2022-01-02 06:00:00,2022-01-02 07:00:00,19.15,14.331706799999997,33.52,1.6,100.0,3.6,1024.3,26.127289,44.444925
2022-01-02 07:00:00,2022-01-02 08:00:00,14.67,10.978910639999999,27.42,1.1,100.0,3.6,1025.4,26.127289,44.444925
2022-01-02 08:00:00,2022-01-02 09:00:00,10.18,7.618630559999999,28.64,2.6,100.0,3.6,1025.8,26.127289,44.444925
2022-01-02 09:00:00,2022-01-02 10:00:00,7.03,5.26119576,22.97,5.8,100.0,7.2,1026.0,26.127289,44.444925
2022-01-02 10:00:00,2022-01-02 11:00:00,6.94,5.1938404799999995,20.14,8.1,82.0,7.2,1026.0,26.127289,44.444925
2022-01-02 11:00:00,2022-01-02 12:00:00,13.18,9.863806559999999,24.47,7.5,82.0,7.2,1025.9,26.127289,44.444925
2022-01-02 13:00:00,2022-01-02 14:00:00,11.27,8.43437784,39.79,8.9,72.0,3.6,1024.7,26.127289,44.444925
2022-01-02 14:00:00,2022-01-02 15:00:00,14.03,10.499939759999998,37.88,8.5,74.0,3.6,1024.4,26.127289,44.444925
2022-01-02 15:00:00,2022-01-02 16:00:00,10.59,7.925471279999999,43.83,7.9,77.0,3.6,1024.1,26.127289,44.444925
2022-01-02 16:00:00,2022-01-02 17:00:00,15.28,11.435429759999998,47.58,7.2,78.0,4.0,1023.8,26.127289,44.444925
2022-01-02 17:00:00,2022-01-02 18:00:00,18.36,13.740477119999998,50.47,6.0,86.0,3.6,1023.6,26.127289,44.444925
2022-01-02 18:00:00,2022-01-02 19:00:00,20.96,15.68629632,35.95,6.7,89.0,3.6,1023.0,26.127289,44.444925
2022-01-02 19:00:00,2022-01-02 20:00:00,26.89,20.124260879999998,47.07,5.0,96.0,1.8,1022.4,26.127289,44.444925
2022-01-02 20:00:00,2022-01-02 21:00:00,34.01,25.452811919999995,54.03,4.3,99.0,3.6,1021.6,26.127289,44.444925
2022-01-02 21:00:00,2022-01-02 22:00:00,28.16,21.07471872,48.21,4.6,100.0,3.6,1020.8,26.127289,44.444925
2022-01-02 22:00:00,2022-01-02 23:00:00,37.86,28.33412112,36.15,4.8,100.0,3.6,1020.1,26.127289,44.444925
2022-01-02 23:00:00,2022-01-03 00:00:00,33.63,25.16842296,19.64,4.7,100.0,7.2,1019.3,26.127289,44.444925
2022-01-03 00:00:00,2022-01-03 01:00:00,19.02,14.234415839999999,12.02,4.4,100.0,7.2,1018.4,26.127289,44.444925
2022-01-03 01:00:00,2022-01-03 02:00:00,15.32,11.46536544,11.93,4.6,99.0,7.2,1017.8,26.127289,44.444925
2022-01-03 02:00:00,2022-01-03 03:00:00,15.13,11.32317096,11.91,4.5,100.0,7.2,1016.9,26.127289,44.444925
2022-01-03 03:00:00,2022-01-03 04:00:00,11.9,8.9058648,10.15,4.4,100.0,10.8,1015.6,26.127289,44.444925
2022-01-03 04:00:00,2022-01-03 05:00:00,9.62,7.199531039999999,11.89,4.3,100.0,10.8,1014.8,26.127289,44.444925
2022-01-03 05:00:00,2022-01-03 06:00:00,9.88,7.39411296,18.71,4.3,100.0,10.8,1014.5,26.127289,44.444925
2022-01-03 06:00:00,2022-01-03 07:00:00,14.42,10.79181264,31.78,4.1,100.0,10.8,1014.3,26.127289,44.444925
2022-01-03 07:00:00,2022-01-03 08:00:00,13.72,10.26793824,27.17,3.9,100.0,7.2,1014.1,26.127289,44.444925
2022-01-03 08:00:00,2022-01-03 09:00:00,12.4,9.2800608,19.62,4.3,100.0,10.8,1013.6,26.127289,44.444925
2022-01-03 09:00:00,2022-01-03 10:00:00,16.05,12.011691599999999,20.83,5.0,100.0,7.2,1013.0,26.127289,44.444925
2022-01-03 10:00:00,2022-01-03 11:00:00,18.7,13.994930399999998,20.32,5.1,100.0,10.8,1013.0,26.127289,44.444925
2022-01-03 11:00:00,2022-01-03 12:00:00,20.94,15.67132848,23.81,6.9,95.0,7.2,1011.9,26.127289,44.444925
2022-01-03 12:00:00,2022-01-03 13:00:00,22.09,16.531979279999998,25.03,8.4,81.0,7.2,1011.3,26.127289,44.444925
2022-01-03 14:00:00,2022-01-03 15:00:00,22.65,16.951078799999998,32.13,10.6,78.0,7.2,1010.7,26.127289,44.444925
2022-01-03 15:00:00,2022-01-03 16:00:00,23.04,17.242951679999997,42.81,9.5,86.0,3.6,1011.0,26.127289,44.444925
2022-01-03 16:00:00,2022-01-03 17:00:00,23.62,17.67701904,58.25,11.3,72.0,7.2,1011.3,26.127289,44.444925
2022-01-03 17:00:00,2022-01-03 18:00:00,17.16,12.84240672,56.2,11.3,66.0,3.6,1011.5,26.127289,44.444925
2022-01-03 18:00:00,2022-01-03 19:00:00,7.78,5.82248976,43.16,12.6,52.0,7.2,1011.6,26.127289,44.444925
2022-01-03 19:00:00,2022-01-03 20:00:00,6.51,4.8720319199999995,40.08,12.2,53.0,3.6,1011.6,26.127289,44.444925
2022-01-03 20:00:00,2022-01-03 21:00:00,3.52,2.63433984,23.32,11.2,57.0,10.8,1011.9,26.127289,44.444925
2022-01-03 21:00:00,2022-01-03 22:00:00,5.96,4.460416319999999,23.34,10.2,64.0,10.8,1011.8,26.127289,44.444925
2022-01-03 22:00:00,2022-01-03 23:00:00,2.34,1.7512372799999998,19.6,10.2,58.0,10.8,1011.8,26.127289,44.444925
2022-01-03 23:00:00,2022-01-04 00:00:00,7.92,5.92726464,21.52,7.5,71.0,3.6,1012.2,26.127289,44.444925
2022-01-04 00:00:00,2022-01-04 01:00:00,10.43,7.8057285599999995,22.37,6.2,75.0,15.1,1012.0,26.127289,44.444925
2022-01-04 01:00:00,2022-01-04 02:00:00,10.94,8.187408479999998,17.6,6.9,68.0,3.6,1012.3,26.127289,44.444925
2022-01-04 02:00:00,2022-01-04 03:00:00,11.97,8.95825224,18.01,5.0,76.0,3.6,1012.4,26.127289,44.444925
2022-01-04 03:00:00,2022-01-04 04:00:00,13.37,10.00600104,23.0,3.4,85.0,10.8,1012.9,26.127289,44.444925
2022-01-04 04:00:00,2022-01-04 05:00:00,15.29,11.442913679999998,39.65,3.6,84.0,7.2,1013.2,26.127289,44.444925
2022-01-04 05:00:00,2022-01-04 06:00:00,22.3,16.6891416,50.19,3.1,87.0,7.2,1013.7,26.127289,44.444925
2022-01-04 06:00:00,2022-01-04 07:00:00,24.61,18.417927119999998,53.52,2.3,90.0,3.6,1013.3,26.127289,44.444925
2022-01-04 07:00:00,2022-01-04 08:00:00,26.45,19.7949684,52.16,3.4,84.0,3.6,1013.9,26.127289,44.444925
2022-01-04 08:00:00,2022-01-04 09:00:00,37.25,27.877602,47.68,4.2,84.0,3.6,1014.3,26.127289,44.444925
2022-01-04 09:00:00,2022-01-04 10:00:00,38.32,28.67838144,34.73,5.8,78.0,7.2,1014.6,26.127289,44.444925
2022-01-04 10:00:00,2022-01-04 11:00:00,35.66,26.687658719999995,26.16,8.3,71.0,7.2,1013.9,26.127289,44.444925
2022-01-04 11:00:00,2022-01-04 12:00:00,33.26,24.89151792,25.29,10.5,65.0,7.2,1013.2,26.127289,44.444925
2022-01-04 12:00:00,2022-01-04 13:00:00,25.67,19.21122264,23.88,12.3,62.0,7.2,1012.6,26.127289,44.444925
2022-01-04 13:00:00,2022-01-04 14:00:00,23.12,17.30282304,23.68,12.8,62.0,7.2,1012.0,26.127289,44.444925
2022-01-04 15:00:00,2022-01-04 16:00:00,28.62,21.41897904,52.41,11.1,70.0,7.2,1011.1,26.127289,44.444925
2022-01-04 16:00:00,2022-01-04 17:00:00,30.61,22.90827912,50.18,8.4,79.0,7.2,1010.9,26.127289,44.444925
2022-01-04 17:00:00,2022-01-04 18:00:00,30.57,22.87834344,43.88,7.2,87.0,3.6,1010.9,26.127289,44.444925
2022-01-04 18:00:00,2022-01-04 19:00:00,37.96,28.40896032,57.61,6.5,91.0,3.6,1010.7,26.127289,44.444925
2022-01-04 19:00:00,2022-01-04 20:00:00,34.08,25.505199359999995,57.38,6.1,91.0,7.2,1010.1,26.127289,44.444925
2022-01-04 20:00:00,2022-01-04 21:00:00,38.79,29.030125679999998,66.79,6.0,91.0,7.2,1009.4,26.127289,44.444925
2022-01-04 21:00:00,2022-01-04 22:00:00,30.53,22.84840776,55.41,5.8,88.0,3.6,1009.4,26.127289,44.444925
2022-01-04 22:00:00,2022-01-04 23:00:00,28.52,21.344139839999997,50.16,5.3,91.0,3.6,1009.0,26.127289,44.444925
2022-01-04 23:00:00,2022-01-05 00:00:00,28.71,21.486334319999997,50.34,4.7,92.0,3.6,1008.7,26.127289,44.444925
2022-01-05 00:00:00,2022-01-05 01:00:00,36.41,27.248952719999995,38.63,4.4,91.0,3.6,1008.3,26.127289,44.444925
2022-01-05 01:00:00,2022-01-05 02:00:00,30.8,23.0504736,32.82,6.6,79.0,10.8,1008.1,26.127289,44.444925
2022-01-05 02:00:00,2022-01-05 03:00:00,27.76,20.775361919999998,37.34,4.8,86.0,3.6,1008.1,26.127289,44.444925
2022-01-05 03:00:00,2022-01-05 04:00:00,25.93,19.40580456,29.45,3.3,93.0,3.6,1008.0,26.127289,44.444925
2022-01-05 04:00:00,2022-01-05 05:00:00,25.56,19.128899519999997,26.73,2.9,95.0,3.6,1007.6,26.127289,44.444925
2022-01-05 05:00:00,2022-01-05 06:00:00,28.24,21.13459008,34.49,1.9,97.0,3.6,1007.5,26.127289,44.444925
2022-01-05 06:00:00,2022-01-05 07:00:00,29.47,22.055112239999996,44.54,2.1,97.0,3.6,1007.7,26.127289,44.444925
2022-01-05 07:00:00,2022-01-05 08:00:00,31.14,23.30492688,39.98,3.0,94.0,7.2,1007.7,26.127289,44.444925
2022-01-05 08:00:00,2022-01-05 09:00:00,29.52,22.09253184,36.61,6.0,82.0,7.2,1007.5,26.127289,44.444925
2022-01-05 09:00:00,2022-01-05 10:00:00,25.95,19.420772399999997,30.78,9.8,69.0,7.2,1007.4,26.127289,44.444925
2022-01-05 10:00:00,2022-01-05 11:00:00,25.79,19.30102968,29.47,10.9,65.0,10.8,1007.0,26.127289,44.444925
2022-01-05 11:00:00,2022-01-05 12:00:00,24.84,18.59005728,25.77,13.4,58.0,7.2,1006.6,26.127289,44.444925
2022-01-05 12:00:00,2022-01-05 13:00:00,19.74,14.773258079999998,27.87,14.4,55.0,7.2,1006.1,26.127289,44.444925
2022-01-05 13:00:00,2022-01-05 14:00:00,19.26,14.41402992,26.03,14.8,55.0,7.2,1005.5,26.127289,44.444925
2022-01-05 14:00:00,2022-01-05 15:00:00,18.42,13.78538064,28.1,13.9,59.0,14.4,1005.4,26.127289,44.444925
2022-01-05 16:00:00,2022-01-05 17:00:00,31.41,23.50699272,48.55,9.4,82.0,3.6,1005.7,26.127289,44.444925
2022-01-05 17:00:00,2022-01-05 18:00:00,45.68,34.18654656,59.0,7.2,92.0,3.6,1005.9,26.127289,44.444925
2022-01-05 18:00:00,2022-01-05 19:00:00,41.78,31.26781776,62.39,7.3,92.0,3.6,1005.8,26.127289,44.444925
2022-01-05 19:00:00,2022-01-05 20:00:00,49.45,37.0079844,60.28,6.5,95.0,3.6,1005.6,26.127289,44.444925
2022-01-05 20:00:00,2022-01-05 21:00:00,52.36,39.18580512,62.95,6.1,97.0,3.6,1005.8,26.127289,44.444925
2022-01-05 21:00:00,2022-01-05 22:00:00,63.71,47.680054319999996,79.67,5.8,95.0,3.6,1005.9,26.127289,44.444925
2022-01-05 22:00:00,2022-01-05 23:00:00,70.06,52.432343519999996,66.53,5.2,98.0,3.6,1005.9,26.127289,44.444925
2022-01-05 23:00:00,2022-01-06 00:00:00,54.82,41.02684944,56.32,4.5,100.0,3.6,1005.8,26.127289,44.444925
2022-01-06 00:00:00,2022-01-06 01:00:00,48.15,36.0350748,53.55,4.4,100.0,3.6,1005.8,26.127289,44.444925
2022-01-06 01:00:00,2022-01-06 02:00:00,44.13,33.026538959999996,49.44,4.1,100.0,3.6,1005.9,26.127289,44.444925
2022-01-06 02:00:00,2022-01-06 03:00:00,40.63,30.40716696,50.04,3.9,100.0,3.6,1005.9,26.127289,44.444925
2022-01-06 03:00:00,2022-01-06 04:00:00,47.2,35.3241024,47.81,3.6,100.0,3.6,1006.1,26.127289,44.444925
2022-01-06 04:00:00,2022-01-06 05:00:00,44.02,32.94421584,42.77,2.6,100.0,9.7,1006.3,26.127289,44.444925
2022-01-06 05:00:00,2022-01-06 06:00:00,37.8,28.289217599999997,45.64,2.8,100.0,3.6,1006.8,26.127289,44.444925
2022-01-06 06:00:00,2022-01-06 07:00:00,38.65,28.925350799999997,67.16,3.0,99.0,3.6,1007.0,26.127289,44.444925
2022-01-06 07:00:00,2022-01-06 08:00:00,32.68,24.457450559999998,68.71,3.0,100.0,7.2,1007.3,26.127289,44.444925
2022-01-06 08:00:00,2022-01-06 09:00:00,39.22,29.35193424,51.19,4.5,96.0,7.2,1007.9,26.127289,44.444925
2022-01-06 09:00:00,2022-01-06 10:00:00,32.09,24.01589928,38.7,8.7,78.0,10.8,1008.1,26.127289,44.444925
2022-01-06 10:00:00,2022-01-06 11:00:00,25.99,19.45070808,32.22,13.4,60.0,7.2,1007.7,26.127289,44.444925
2022-01-06 11:00:00,2022-01-06 12:00:00,20.59,15.40939128,36.71,16.1,48.0,3.6,1007.6,26.127289,44.444925
2022-01-06 12:00:00,2022-01-06 13:00:00,16.42,12.28859664,32.71,15.7,47.0,7.2,1007.3,26.127289,44.444925
2022-01-06 13:00:00,2022-01-06 14:00:00,17.2,12.872342399999999,32.14,15.0,53.0,3.6,1007.6,26.127289,44.444925
2022-01-06 14:00:00,2022-01-06 15:00:00,20.26,15.16242192,36.23,14.1,55.0,7.2,1008.1,26.127289,44.444925
2022-01-06 15:00:00,2022-01-06 16:00:00,20.87,15.61894104,42.69,12.3,66.0,7.2,1009.1,26.127289,44.444925
2022-01-06 17:00:00,2022-01-06 18:00:00,28.68,21.46388256,35.23,9.8,76.0,10.8,1009.9,26.127289,44.444925
2022-01-06 18:00:00,2022-01-06 19:00:00,33.85,25.3330692,25.75,9.2,75.0,10.8,1011.2,26.127289,44.444925
2022-01-06 19:00:00,2022-01-06 20:00:00,20.26,15.16242192,17.46,8.0,78.0,14.4,1012.2,26.127289,44.444925
2022-01-06 20:00:00,2022-01-06 21:00:00,7.62,5.702747039999999,17.35,6.9,77.0,10.8,1013.3,26.127289,44.444925
2022-01-06 21:00:00,2022-01-06 22:00:00,3.38,2.5295649599999996,17.15,6.2,78.0,10.8,1014.2,26.127289,44.444925
2022-01-06 22:00:00,2022-01-06 23:00:00,1.33,0.99536136,14.03,5.7,79.0,7.2,1015.4,26.127289,44.444925
2022-01-06 23:00:00,2022-01-07 00:00:00,8.96,6.70559232,12.96,5.2,80.0,3.6,1016.2,26.127289,44.444925
2022-01-07 00:00:00,2022-01-07 01:00:00,11.46,8.57657232,13.84,5.2,81.0,3.6,1016.6,26.127289,44.444925
2022-01-07 01:00:00,2022-01-07 02:00:00,11.54,8.63644368,10.46,4.8,82.0,3.6,1017.3,26.127289,44.444925
2022-01-07 02:00:00,2022-01-07 03:00:00,13.7,10.252970399999999,11.04,4.1,85.0,7.2,1017.6,26.127289,44.444925
2022-01-07 03:00:00,2022-01-07 04:00:00,16.09,12.041627279999998,11.31,3.9,86.0,3.6,1018.2,26.127289,44.444925
2022-01-07 04:00:00,2022-01-07 05:00:00,17.15,12.834922799999998,15.09,3.8,86.0,3.6,1019.3,26.127289,44.444925
2022-01-07 05:00:00,2022-01-07 06:00:00,19.33,14.466417359999998,27.22,3.8,87.0,1.8,1019.7,26.127289,44.444925
2022-01-07 06:00:00,2022-01-07 07:00:00,23.08,17.27288736,40.37,4.1,84.0,3.6,1020.5,26.127289,44.444925
2022-01-07 07:00:00,2022-01-07 08:00:00,30.81,23.05795752,40.51,4.1,85.0,3.6,1021.2,26.127289,44.444925
2022-01-07 08:00:00,2022-01-07 09:00:00,36.72,27.480954239999996,41.14,4.5,84.0,3.6,1021.8,26.127289,44.444925
2022-01-07 09:00:00,2022-01-07 10:00:00,32.9,24.622096799999998,43.4,3.9,93.0,3.6,1022.4,26.127289,44.444925
2022-01-07 10:00:00,2022-01-07 11:00:00,18.96,14.18951232,36.51,3.2,95.0,10.8,1023.0,26.127289,44.444925
2022-01-07 11:00:00,2022-01-07 12:00:00,14.37,10.754393039999998,42.99,1.4,92.0,7.2,1023.1,26.127289,44.444925
2022-01-07 12:00:00,2022-01-07 13:00:00,15.47,11.57762424,50.15,1.6,84.0,7.2,1023.3,26.127289,44.444925
2022-01-07 13:00:00,2022-01-07 14:00:00,13.07,9.781483439999999,54.99,2.1,75.0,7.2,1023.2,26.127289,44.444925
2022-01-07 14:00:00,2022-01-07 15:00:00,14.71,11.00884632,51.59,2.2,67.0,10.8,1023.4,26.127289,44.444925
2022-01-07 15:00:00,2022-01-07 16:00:00,18.79,14.062285679999999,44.14,2.1,72.0,7.2,1023.7,26.127289,44.444925
2022-01-07 16:00:00,2022-01-07 17:00:00,20.1,15.0426792,43.69,2.1,69.0,10.8,1024.1,26.127289,44.444925
2022-01-07 18:00:00,2022-01-07 19:00:00,20.03,14.99029176,38.05,2.1,69.0,7.2,1024.4,26.127289,44.444925
2022-01-07 19:00:00,2022-01-07 20:00:00,20.38,15.252228959999998,32.55,2.1,71.0,7.2,1024.3,26.127289,44.444925
2022-01-07 20:00:00,2022-01-07 21:00:00,20.5,15.342035999999998,34.31,2.1,72.0,7.2,1024.3,26.127289,44.444925
2022-01-07 21:00:00,2022-01-07 22:00:00,20.68,15.476746559999999,32.75,2.1,72.0,7.2,1024.2,26.127289,44.444925
2022-01-07 22:00:00,2022-01-07 23:00:00,19.0,14.219448,23.84,2.2,69.0,7.2,1024.0,26.127289,44.444925
2022-01-07 23:00:00,2022-01-08 00:00:00,17.14,12.827438879999999,20.74,2.0,72.0,7.2,1023.7,26.127289,44.444925
2022-01-08 00:00:00,2022-01-08 01:00:00,18.66,13.96499472,19.61,2.0,73.0,7.2,1023.2,26.127289,44.444925
2022-01-08 01:00:00,2022-01-08 02:00:00,13.99,10.470004079999999,19.16,2.1,70.0,7.2,1023.2,26.127289,44.444925
2022-01-08 02:00:00,2022-01-08 03:00:00,15.07,11.278267439999999,17.18,0.8,87.0,7.2,1022.9,26.127289,44.444925
2022-01-08 03:00:00,2022-01-08 04:00:00,13.96,10.44755232,14.71,0.4,92.0,7.2,1022.2,26.127289,44.444925
2022-01-08 04:00:00,2022-01-08 05:00:00,14.51,10.859167919999999,15.78,0.1,96.0,7.2,1021.9,26.127289,44.444925
2022-01-08 05:00:00,2022-01-08 06:00:00,14.03,10.499939759999998,20.61,0.1,99.0,7.2,1021.6,26.127289,44.444925
2022-01-08 06:00:00,2022-01-08 07:00:00,13.28,9.938645759999998,24.85,0.1,100.0,7.2,1021.4,26.127289,44.444925
2022-01-08 07:00:00,2022-01-08 08:00:00,13.21,9.88625832,42.33,0.3,100.0,7.2,1021.4,26.127289,44.444925
2022-01-08 08:00:00,2022-01-08 09:00:00,14.78,11.061233759999999,32.06,0.6,100.0,7.2,1021.0,26.127289,44.444925
2022-01-08 09:00:00,2022-01-08 10:00:00,16.87,12.62537304,35.51,0.7,100.0,7.2,1020.5,26.127289,44.444925
2022-01-08 10:00:00,2022-01-08 11:00:00,20.08,15.027711359999998,39.4,0.7,100.0,7.2,1019.8,26.127289,44.444925
2022-01-08 11:00:00,2022-01-08 12:00:00,20.17,15.09506664,45.65,0.9,99.0,7.2,1018.9,26.127289,44.444925
2022-01-08 12:00:00,2022-01-08 13:00:00,21.66,16.21017072,48.9,1.2,98.0,7.2,1018.1,26.127289,44.444925
2022-01-08 13:00:00,2022-01-08 14:00:00,19.52,14.608611839999998,47.96,1.4,98.0,7.2,1017.2,26.127289,44.444925
2022-01-08 14:00:00,2022-01-08 15:00:00,19.32,14.45893344,45.12,1.7,99.0,7.2,1016.6,26.127289,44.444925
2022-01-08 15:00:00,2022-01-08 16:00:00,20.02,14.982807839999998,44.82,2.0,99.0,7.2,1016.1,26.127289,44.444925
2022-01-08 16:00:00,2022-01-08 17:00:00,19.01,14.22693192,42.6,2.1,99.0,7.2,1015.9,26.127289,44.444925
2022-01-08 17:00:00,2022-01-08 18:00:00,16.56,12.393371519999999,46.18,2.2,100.0,7.2,1015.5,26.127289,44.444925
2022-01-08 19:00:00,2022-01-08 20:00:00,17.73,13.26899016,39.99,2.8,100.0,7.2,1014.3,26.127289,44.444925
2022-01-08 20:00:00,2022-01-08 21:00:00,16.26,12.16885392,39.23,3.0,99.0,7.2,1013.8,26.127289,44.444925
2022-01-08 21:00:00,2022-01-08 22:00:00,14.68,10.986394559999999,36.92,3.2,100.0,3.6,1012.9,26.127289,44.444925
2022-01-08 22:00:00,2022-01-08 23:00:00,14.91,11.158524719999999,29.12,3.5,100.0,3.6,1012.1,26.127289,44.444925
2022-01-08 23:00:00,2022-01-09 00:00:00,12.29,9.19773768,27.71,3.7,100.0,3.6,1011.2,26.127289,44.444925
2022-01-09 00:00:00,2022-01-09 01:00:00,10.93,8.17992456,26.7,3.8,100.0,3.6,1010.7,26.127289,44.444925
2022-01-09 01:00:00,2022-01-09 02:00:00,11.27,8.43437784,22.04,3.9,100.0,3.6,1010.1,26.127289,44.444925
2022-01-09 02:00:00,2022-01-09 03:00:00,11.21,8.38947432,20.98,4.0,100.0,3.6,1009.7,26.127289,44.444925
2022-01-09 03:00:00,2022-01-09 04:00:00,9.53,7.132175759999999,20.93,4.1,100.0,3.6,1008.6,26.127289,44.444925
2022-01-09 04:00:00,2022-01-09 05:00:00,7.85,5.874877199999999,21.93,4.2,100.0,3.6,1007.9,26.127289,44.444925
2022-01-09 05:00:00,2022-01-09 06:00:00,9.99,7.47643608,25.37,4.3,100.0,4.0,1007.9,26.127289,44.444925
2022-01-09 06:00:00,2022-01-09 07:00:00,10.57,7.910503439999999,28.24,4.4,99.0,2.5,1007.7,26.127289,44.444925
2022-01-09 07:00:00,2022-01-09 08:00:00,11.23,8.40444216,30.76,4.7,100.0,3.6,1007.8,26.127289,44.444925
2022-01-09 08:00:00,2022-01-09 09:00:00,11.92,8.920832639999999,28.46,4.7,100.0,3.6,1007.6,26.127289,44.444925
2022-01-09 09:00:00,2022-01-09 10:00:00,12.07,9.03309144,25.29,4.9,100.0,5.4,1007.0,26.127289,44.444925
2022-01-09 10:00:00,2022-01-09 11:00:00,14.44,10.806780479999999,28.77,5.2,99.0,3.6,1006.9,26.127289,44.444925
2022-01-09 11:00:00,2022-01-09 12:00:00,16.12,12.06407904,21.96,5.1,100.0,3.6,1006.3,26.127289,44.444925
2022-01-09 12:00:00,2022-01-09 13:00:00,13.5,10.103292,18.48,5.1,99.0,7.2,1006.0,26.127289,44.444925
2022-01-09 13:00:00,2022-01-09 14:00:00,14.81,11.08368552,21.31,5.2,97.0,3.6,1005.7,26.127289,44.444925
2022-01-09 14:00:00,2022-01-09 15:00:00,16.48,12.33350016,25.29,5.2,96.0,3.6,1005.6,26.127289,44.444925
2022-01-09 15:00:00,2022-01-09 16:00:00,19.54,14.623579679999999,25.48,4.9,97.0,3.6,1005.5,26.127289,44.444925
2022-01-09 16:00:00,2022-01-09 17:00:00,19.57,14.64603144,28.66,4.7,99.0,3.6,1005.5,26.127289,44.444925
2022-01-09 17:00:00,2022-01-09 18:00:00,20.04,14.997775679999998,28.73,4.6,100.0,3.6,1005.5,26.127289,44.444925
2022-01-09 18:00:00,2022-01-09 19:00:00,17.97,13.448604239999998,36.84,4.5,100.0,4.7,1005.5,26.127289,44.444925
2022-01-09 20:00:00,2022-01-09 21:00:00,10.66,7.9778587199999995,25.46,4.4,94.0,3.6,1005.7,26.127289,44.444925
2022-01-09 21:00:00,2022-01-09 22:00:00,15.16,11.34562272,26.05,4.2,95.0,3.6,1005.6,26.127289,44.444925
2022-01-09 22:00:00,2022-01-09 23:00:00,14.74,11.03129808,23.69,4.1,98.0,9.0,1005.7,26.127289,44.444925
2022-01-09 23:00:00,2022-01-10 00:00:00,17.8,13.3213776,27.3,4.4,98.0,3.6,1005.4,26.127289,44.444925
2022-01-10 00:00:00,2022-01-10 01:00:00,26.01,19.46567592,29.82,4.7,98.0,3.6,1005.1,26.127289,44.444925
2022-01-10 01:00:00,2022-01-10 02:00:00,25.18,18.84451056,24.06,4.9,98.0,3.6,1005.1,26.127289,44.444925
2022-01-10 02:00:00,2022-01-10 03:00:00,23.41,17.51985672,18.38,5.1,100.0,7.2,1005.0,26.127289,44.444925
2022-01-10 03:00:00,2022-01-10 04:00:00,16.22,12.138918239999999,16.24,5.3,100.0,7.2,1005.0,26.127289,44.444925
2022-01-10 04:00:00,2022-01-10 05:00:00,10.03,7.506371759999999,14.2,5.4,100.0,10.8,1005.4,26.127289,44.444925
2022-01-10 05:00:00,2022-01-10 06:00:00,6.71,5.0217103199999995,23.79,5.1,99.0,10.8,1006.2,26.127289,44.444925
2022-01-10 06:00:00,2022-01-10 07:00:00,5.59,4.183511279999999,35.76,4.7,98.0,10.8,1006.8,26.127289,44.444925
2022-01-10 07:00:00,2022-01-10 08:00:00,5.13,3.8392509599999998,42.41,4.4,98.0,10.8,1007.1,26.127289,44.444925
2022-01-10 08:00:00,2022-01-10 09:00:00,5.06,3.7868635199999994,34.41,4.5,95.0,10.8,1007.8,26.127289,44.444925
2022-01-10 09:00:00,2022-01-10 10:00:00,4.7,3.5174423999999997,32.83,4.6,93.0,10.8,1008.3,26.127289,44.444925
2022-01-10 10:00:00,2022-01-10 11:00:00,5.46,4.08622032,40.03,4.4,93.0,10.8,1008.4,26.127289,44.444925
2022-01-10 11:00:00,2022-01-10 12:00:00,7.74,5.7925540799999995,41.3,4.3,93.0,10.8,1008.4,26.127289,44.444925
2022-01-10 12:00:00,2022-01-10 13:00:00,10.43,7.8057285599999995,46.79,4.2,91.0,10.8,1008.7,26.127289,44.444925
2022-01-10 13:00:00,2022-01-10 14:00:00,11.17,8.359538639999998,42.82,4.1,89.0,10.8,1009.2,26.127289,44.444925
2022-01-10 14:00:00,2022-01-10 15:00:00,11.58,8.666379359999999,43.64,3.9,87.0,10.8,1009.8,26.127289,44.444925
2022-01-10 15:00:00,2022-01-10 16:00:00,13.77,10.30535784,44.87,3.6,86.0,14.4,1010.6,26.127289,44.444925
2022-01-10 16:00:00,2022-01-10 17:00:00,14.6,10.926523199999998,54.5,3.1,89.0,10.8,1011.5,26.127289,44.444925
2022-01-10 17:00:00,2022-01-10 18:00:00,15.12,11.315687039999998,43.86,3.2,85.0,14.4,1012.3,26.127289,44.444925
2022-01-10 18:00:00,2022-01-10 19:00:00,21.6,16.1652672,39.27,2.8,86.0,10.8,1013.2,26.127289,44.444925
2022-01-10 19:00:00,2022-01-10 20:00:00,22.68,16.973530559999997,29.58,2.5,82.0,14.4,1014.2,26.127289,44.444925
2022-01-10 21:00:00,2022-01-10 22:00:00,22.96,17.18308032,27.84,2.4,77.0,14.4,1015.1,26.127289,44.444925
2022-01-10 22:00:00,2022-01-10 23:00:00,24.38,18.245796959999996,15.88,1.9,77.0,18.0,1015.7,26.127289,44.444925
2022-01-10 23:00:00,2022-01-11 00:00:00,24.56,18.38050752,12.56,1.4,79.0,14.4,1016.4,26.127289,44.444925
2022-01-11 00:00:00,2022-01-11 01:00:00,23.58,17.647083359999996,10.58,1.0,80.0,14.4,1016.7,26.127289,44.444925
2022-01-11 01:00:00,2022-01-11 02:00:00,20.03,14.99029176,9.42,0.5,82.0,14.4,1017.3,26.127289,44.444925
2022-01-11 02:00:00,2022-01-11 03:00:00,16.85,12.6104052,8.38,0.1,83.0,14.4,1017.6,26.127289,44.444925
2022-01-11 03:00:00,2022-01-11 04:00:00,16.35,12.2362092,9.32,0.0,81.0,14.4,1018.0,26.127289,44.444925
2022-01-11 04:00:00,2022-01-11 05:00:00,17.3,12.9471816,11.48,-0.2,79.0,14.4,1018.7,26.127289,44.444925
2022-01-11 05:00:00,2022-01-11 06:00:00,20.24,15.147454079999997,19.41,-0.4,79.0,18.0,1019.6,26.127289,44.444925
2022-01-11 06:00:00,2022-01-11 07:00:00,19.38,14.503836959999997,29.34,-0.4,79.0,14.4,1020.3,26.127289,44.444925
2022-01-11 07:00:00,2022-01-11 08:00:00,17.92,13.41118464,43.74,-0.4,80.0,10.8,1020.9,26.127289,44.444925
2022-01-11 08:00:00,2022-01-11 09:00:00,14.84,11.106137279999999,31.05,0.0,76.0,10.8,1021.6,26.127289,44.444925
2022-01-11 09:00:00,2022-01-11 10:00:00,15.09,11.29323528,37.83,1.4,71.0,14.4,1022.2,26.127289,44.444925
2022-01-11 10:00:00,2022-01-11 11:00:00,12.95,9.691676399999999,33.01,1.1,72.0,18.0,1022.2,26.127289,44.444925
2022-01-11 11:00:00,2022-01-11 12:00:00,14.76,11.04626592,31.53,1.7,70.0,14.4,1022.6,26.127289,44.444925
2022-01-11 12:00:00,2022-01-11 13:00:00,19.41,14.526288719999998,47.18,0.6,75.0,10.8,1023.0,26.127289,44.444925
2022-01-11 13:00:00,2022-01-11 14:00:00,20.15,15.080098799999998,39.73,0.3,73.0,14.4,1023.4,26.127289,44.444925
2022-01-11 14:00:00,2022-01-11 15:00:00,21.97,16.442172239999998,43.06,0.3,75.0,10.8,1024.0,26.127289,44.444925
2022-01-11 15:00:00,2022-01-11 16:00:00,21.7,16.2401064,44.63,-0.2,74.0,10.8,1024.7,26.127289,44.444925
2022-01-11 16:00:00,2022-01-11 17:00:00,20.25,15.154938,47.86,-0.6,76.0,7.2,1025.3,26.127289,44.444925
2022-01-11 17:00:00,2022-01-11 18:00:00,20.01,14.97532392,41.93,-1.1,77.0,7.2,1026.1,26.127289,44.444925
2022-01-11 18:00:00,2022-01-11 19:00:00,20.27,15.169905839999998,40.28,-1.2,76.0,10.8,1026.7,26.127289,44.444925
2022-01-11 19:00:00,2022-01-11 20:00:00,18.05,13.508475599999999,35.08,-1.4,74.0,14.4,1027.1,26.127289,44.444925
2022-01-11 20:00:00,2022-01-11 21:00:00,13.76,10.297873919999999,26.51,-1.5,71.0,7.2,1027.4,26.127289,44.444925
2022-01-11 22:00:00,2022-01-11 23:00:00,12.04,9.010639679999999,19.56,-1.8,70.0,10.8,1028.1,26.127289,44.444925
2022-01-11 23:00:00,2022-01-12 00:00:00,16.12,12.06407904,15.18,-1.8,71.0,10.8,1028.4,26.127289,44.444925
2022-01-12 00:00:00,2022-01-12 01:00:00,18.31,13.703057519999998,12.16,-1.8,73.0,10.8,1028.7,26.127289,44.444925
2022-01-12 01:00:00,2022-01-12 02:00:00,15.3,11.4503976,13.76,-2.3,68.0,10.8,1029.3,26.127289,44.444925
2022-01-12 02:00:00,2022-01-12 03:00:00,12.06,9.02560752,10.48,-2.5,68.0,10.8,1029.2,26.127289,44.444925
2022-01-12 03:00:00,2022-01-12 04:00:00,9.91,7.416564719999999,10.5,-2.9,62.0,10.8,1029.3,26.127289,44.444925
2022-01-12 04:00:00,2022-01-12 05:00:00,11.65,8.7187668,16.94,-2.9,62.0,10.8,1029.7,26.127289,44.444925
2022-01-12 05:00:00,2022-01-12 06:00:00,14.74,11.03129808,25.97,-2.8,61.0,10.8,1030.0,26.127289,44.444925
2022-01-12 06:00:00,2022-01-12 07:00:00,16.7,12.498146399999998,40.34,-2.6,62.0,7.2,1030.6,26.127289,44.444925
2022-01-12 07:00:00,2022-01-12 08:00:00,18.69,13.98744648,53.01,-2.6,61.0,7.2,1031.2,26.127289,44.444925
2022-01-12 08:00:00,2022-01-12 09:00:00,21.56,16.135331519999998,50.32,-2.3,57.0,7.2,1031.6,26.127289,44.444925
2022-01-12 09:00:00,2022-01-12 10:00:00,20.81,15.574037519999997,41.81,-2.1,55.0,7.2,1032.2,26.127289,44.444925
2022-01-12 10:00:00,2022-01-12 11:00:00,20.91,15.648876719999999,39.1,-1.3,55.0,3.6,1032.2,26.127289,44.444925
2022-01-12 11:00:00,2022-01-12 12:00:00,23.76,17.78179392,33.5,-1.2,55.0,9.7,1032.2,26.127289,44.444925
2022-01-12 12:00:00,2022-01-12 13:00:00,26.32,19.69767744,26.34,-0.9,58.0,3.6,1032.0,26.127289,44.444925
2022-01-12 13:00:00,2022-01-12 14:00:00,29.98,22.43679216,27.68,-1.0,63.0,3.6,1032.1,26.127289,44.444925
2022-01-12 14:00:00,2022-01-12 15:00:00,26.33,19.705161359999998,29.43,-1.2,69.0,3.6,1032.2,26.127289,44.444925
2022-01-12 15:00:00,2022-01-12 16:00:00,25.93,19.40580456,32.61,-1.6,70.0,3.6,1032.5,26.127289,44.444925
2022-01-12 16:00:00,2022-01-12 17:00:00,24.39,18.25328088,29.0,-1.9,73.0,7.2,1032.9,26.127289,44.444925
2022-01-12 17:00:00,2022-01-12 18:00:00,23.26,17.40759792,27.26,-2.1,72.0,7.2,1033.5,26.127289,44.444925
2022-01-12 18:00:00,2022-01-12 19:00:00,24.87,18.61250904,31.83,-2.8,76.0,3.6,1033.8,26.127289,44.444925
2022-01-12 19:00:00,2022-01-12 20:00:00,25.68,19.218706559999998,34.15,-3.2,80.0,3.6,1034.0,26.127289,44.444925
2022-01-12 20:00:00,2022-01-12 21:00:00,26.93,20.15419656,35.56,-4.2,86.0,3.6,1034.2,26.127289,44.444925
2022-01-12 21:00:00,2022-01-12 22:00:00,29.99,22.444276079999998,35.95,-3.9,86.0,3.6,1034.5,26.127289,44.444925
2022-01-12 23:00:00,2022-01-13 00:00:00,26.91,20.13922872,29.71,-4.4,89.0,3.6,1034.8,26.127289,44.444925
2022-01-13 00:00:00,2022-01-13 01:00:00,25.11,18.79212312,29.72,-4.7,92.0,3.6,1035.1,26.127289,44.444925
2022-01-13 01:00:00,2022-01-13 02:00:00,24.55,18.3730236,23.68,-3.4,90.0,3.6,1035.1,26.127289,44.444925
2022-01-13 02:00:00,2022-01-13 03:00:00,24.23,18.13353816,20.11,-3.0,88.0,3.6,1035.2,26.127289,44.444925
2022-01-13 03:00:00,2022-01-13 04:00:00,27.32,20.44606944,25.61,-3.8,88.0,3.6,1035.1,26.127289,44.444925
2022-01-13 04:00:00,2022-01-13 05:00:00,27.8,20.8052976,30.44,-3.9,88.0,3.6,1035.1,26.127289,44.444925
2022-01-13 05:00:00,2022-01-13 06:00:00,27.75,20.767878,33.17,-3.8,88.0,3.6,1035.3,26.127289,44.444925
2022-01-13 06:00:00,2022-01-13 07:00:00,31.66,23.69409072,42.53,-3.2,88.0,3.6,1035.6,26.127289,44.444925
2022-01-13 07:00:00,2022-01-13 08:00:00,40.74,30.48949008,44.78,-3.6,87.0,3.6,1036.2,26.127289,44.444925
2022-01-13 08:00:00,2022-01-13 09:00:00,42.47,31.784208239999998,44.61,-3.1,86.0,3.6,1036.4,26.127289,44.444925
2022-01-13 09:00:00,2022-01-13 10:00:00,39.32,29.426773439999998,37.5,-2.4,85.0,3.6,1036.6,26.127289,44.444925
2022-01-13 10:00:00,2022-01-13 11:00:00,38.13,28.53618696,28.0,-1.3,84.0,7.2,1035.7,26.127289,44.444925
2022-01-13 11:00:00,2022-01-13 12:00:00,33.22,24.861582239999997,24.2,-0.6,78.0,7.2,1035.2,26.127289,44.444925
2022-01-13 12:00:00,2022-01-13 13:00:00,25.37,18.98670504,24.55,-0.4,67.0,10.8,1034.3,26.127289,44.444925
2022-01-13 13:00:00,2022-01-13 14:00:00,22.96,17.18308032,21.03,-0.7,69.0,10.8,1034.2,26.127289,44.444925
2022-01-13 14:00:00,2022-01-13 15:00:00,23.37,17.48992104,28.83,-0.7,69.0,10.8,1033.8,26.127289,44.444925
2022-01-13 15:00:00,2022-01-13 16:00:00,26.72,19.997034239999998,30.83,-1.4,71.0,10.8,1033.4,26.127289,44.444925
2022-01-13 16:00:00,2022-01-13 17:00:00,29.85,22.3395012,33.4,-1.9,75.0,10.8,1033.2,26.127289,44.444925
2022-01-13 17:00:00,2022-01-13 18:00:00,31.13,23.297442959999998,30.82,-2.4,78.0,14.4,1032.7,26.127289,44.444925
2022-01-13 18:00:00,2022-01-13 19:00:00,33.24,24.87655008,29.16,-2.9,82.0,14.4,1032.1,26.127289,44.444925
2022-01-13 19:00:00,2022-01-13 20:00:00,32.15,24.060802799999998,26.41,-3.0,84.0,10.8,1032.1,26.127289,44.444925
2022-01-13 20:00:00,2022-01-13 21:00:00,31.6,23.6491872,29.52,-3.0,85.0,10.8,1031.7,26.127289,44.444925
2022-01-13 21:00:00,2022-01-13 22:00:00,32.13,24.04583496,23.91,-3.3,87.0,10.8,1031.0,26.127289,44.444925
2022-01-13 22:00:00,2022-01-13 23:00:00,32.97,24.674484239999998,16.45,-3.4,88.0,10.8,1030.3,26.127289,44.444925
2022-01-14 00:00:00,2022-01-14 01:00:00,36.87,27.593213039999995,15.28,-3.4,87.0,10.8,1029.2,26.127289,44.444925
2022-01-14 01:00:00,2022-01-14 02:00:00,37.88,28.34908896,13.71,-3.7,87.0,10.8,1028.4,26.127289,44.444925
2022-01-14 02:00:00,2022-01-14 03:00:00,35.26,26.388301919999996,13.12,-3.8,87.0,10.8,1027.5,26.127289,44.444925
2022-01-14 03:00:00,2022-01-14 04:00:00,33.61,25.153455119999997,11.97,-4.0,86.0,7.2,1026.9,26.127289,44.444925
2022-01-14 04:00:00,2022-01-14 05:00:00,33.8,25.295649599999997,17.27,-4.0,86.0,10.8,1026.0,26.127289,44.444925
2022-01-14 05:00:00,2022-01-14 06:00:00,37.87,28.341605039999997,24.24,-4.1,87.0,10.8,1025.3,26.127289,44.444925
2022-01-14 06:00:00,2022-01-14 07:00:00,38.37,28.715801039999995,36.27,-4.0,86.0,10.8,1024.5,26.127289,44.444925
2022-01-14 07:00:00,2022-01-14 08:00:00,38.64,28.91786688,36.22,-3.8,85.0,10.8,1023.8,26.127289,44.444925
2022-01-14 08:00:00,2022-01-14 09:00:00,39.13,29.28457896,33.03,-2.5,82.0,10.8,1023.2,26.127289,44.444925
2022-01-14 09:00:00,2022-01-14 10:00:00,36.89,27.60818088,26.03,-0.4,76.0,14.4,1022.3,26.127289,44.444925
2022-01-14 10:00:00,2022-01-14 11:00:00,32.41,24.255384719999995,23.05,2.2,71.0,14.4,1020.9,26.127289,44.444925
2022-01-14 11:00:00,2022-01-14 12:00:00,29.1,21.7782072,22.57,3.2,69.0,14.4,1019.9,26.127289,44.444925
2022-01-14 12:00:00,2022-01-14 13:00:00,25.32,18.94928544,22.34,4.6,65.0,14.4,1018.5,26.127289,44.444925
2022-01-14 13:00:00,2022-01-14 14:00:00,20.88,15.626424959999998,23.29,5.6,66.0,18.0,1016.8,26.127289,44.444925
2022-01-14 14:00:00,2022-01-14 15:00:00,20.12,15.057647039999999,27.15,6.0,64.0,14.4,1016.3,26.127289,44.444925
2022-01-14 15:00:00,2022-01-14 16:00:00,19.2,14.369126399999999,36.55,5.2,70.0,10.8,1015.5,26.127289,44.444925
2022-01-14 16:00:00,2022-01-14 17:00:00,17.23,12.89479416,41.28,4.1,75.0,7.2,1015.0,26.127289,44.444925
2022-01-14 17:00:00,2022-01-14 18:00:00,16.81,12.580469519999998,45.43,3.3,79.0,7.2,1014.5,26.127289,44.444925
2022-01-14 18:00:00,2022-01-14 19:00:00,19.88,14.878032959999999,48.51,2.6,81.0,7.2,1014.8,26.127289,44.444925
2022-01-14 19:00:00,2022-01-14 20:00:00,21.4,16.015588799999996,42.93,2.5,81.0,10.8,1014.1,26.127289,44.444925
2022-01-14 20:00:00,2022-01-14 21:00:00,20.32,15.20732544,37.21,1.8,84.0,7.2,1014.3,26.127289,44.444925
2022-01-14 21:00:00,2022-01-14 22:00:00,22.54,16.86875568,44.47,0.7,88.0,3.6,1015.3,26.127289,44.444925
2022-01-14 22:00:00,2022-01-14 23:00:00,25.14,18.81457488,52.52,-0.7,94.0,3.6,1016.0,26.127289,44.444925
2022-01-14 23:00:00,2022-01-15 00:00:00,29.94,22.40685648,50.71,-0.7,94.0,7.2,1016.1,26.127289,44.444925
2022-01-15 01:00:00,2022-01-15 02:00:00,29.33,21.95033736,46.09,-1.5,96.0,3.6,1017.9,26.127289,44.444925
2022-01-15 02:00:00,2022-01-15 03:00:00,28.57,21.38155944,45.1,-1.8,96.0,7.2,1018.2,26.127289,44.444925
2022-01-15 03:00:00,2022-01-15 04:00:00,26.85,20.0943252,43.35,-1.8,94.0,3.6,1018.9,26.127289,44.444925
2022-01-15 04:00:00,2022-01-15 05:00:00,25.5,19.083996,38.59,-1.3,94.0,3.6,1019.9,26.127289,44.444925
2022-01-15 05:00:00,2022-01-15 06:00:00,25.37,18.98670504,40.79,-0.9,91.0,8.6,1020.6,26.127289,44.444925
2022-01-15 06:00:00,2022-01-15 07:00:00,27.43,20.528392559999997,40.37,-0.3,87.0,3.6,1021.0,26.127289,44.444925
2022-01-15 07:00:00,2022-01-15 08:00:00,28.84,21.58362528,45.42,-0.5,88.0,3.6,1021.6,26.127289,44.444925
2022-01-15 08:00:00,2022-01-15 09:00:00,26.73,20.00451816,35.16,2.0,77.0,3.6,1022.2,26.127289,44.444925
2022-01-15 09:00:00,2022-01-15 10:00:00,24.51,18.34308792,34.71,5.7,62.0,3.6,1022.5,26.127289,44.444925
2022-01-15 10:00:00,2022-01-15 11:00:00,20.47,15.319584239999998,27.7,7.9,54.0,7.2,1022.2,26.127289,44.444925
2022-01-15 11:00:00,2022-01-15 12:00:00,20.52,15.357003839999999,26.57,9.1,49.0,7.2,1021.7,26.127289,44.444925
2022-01-15 12:00:00,2022-01-15 13:00:00,14.08,10.53735936,27.48,9.8,39.0,3.6,1021.3,26.127289,44.444925
2022-01-15 13:00:00,2022-01-15 14:00:00,11.04,8.262247679999998,32.79,9.9,34.0,3.6,1021.0,26.127289,44.444925
2022-01-15 14:00:00,2022-01-15 15:00:00,10.49,7.85063208,29.39,9.0,31.0,7.2,1021.2,26.127289,44.444925
2022-01-15 15:00:00,2022-01-15 16:00:00,10.93,8.17992456,43.9,6.8,39.0,3.6,1021.6,26.127289,44.444925
2022-01-15 16:00:00,2022-01-15 17:00:00,11.77,8.80857384,49.41,4.7,40.0,7.2,1022.2,26.127289,44.444925
2022-01-15 17:00:00,2022-01-15 18:00:00,14.77,11.053749839999998,52.85,2.1,46.0,15.5,1023.0,26.127289,44.444925
2022-01-15 18:00:00,2022-01-15 19:00:00,15.89,11.89194888,58.53,1.8,47.0,14.8,1023.8,26.127289,44.444925
2022-01-15 19:00:00,2022-01-15 20:00:00,18.01,13.47853992,73.34,-0.1,54.0,13.7,1024.4,26.127289,44.444925
2022-01-15 20:00:00,2022-01-15 21:00:00,26.64,19.93716288,83.06,0.0,59.0,3.6,1025.1,26.127289,44.444925
2022-01-15 21:00:00,2022-01-15 22:00:00,35.37,26.470625039999994,90.02,-0.7,63.0,3.6,1024.4,26.127289,44.444925
2022-01-15 22:00:00,2022-01-15 23:00:00,43.23,32.35298615999999,92.52,-1.3,66.0,10.4,1025.5,26.127289,44.444925
2022-01-15 23:00:00,2022-01-16 00:00:00,51.31,38.39999352,100.99,-2.3,75.0,3.6,1025.9,26.127289,44.444925
2022-01-16 00:00:00,2022-01-16 01:00:00,54.59,40.85471928,96.32,-2.4,76.0,3.6,1026.5,26.127289,44.444925
2022-01-16 02:00:00,2022-01-16 03:00:00,60.27,45.105585839999996,51.01,-3.5,77.0,4.7,1026.7,26.127289,44.444925
2022-01-16 03:00:00,2022-01-16 04:00:00,52.3,39.14090159999999,50.46,-3.8,78.0,3.6,1027.2,26.127289,44.444925
2022-01-16 04:00:00,2022-01-16 05:00:00,51.46,38.512252319999995,43.54,-4.8,83.0,6.1,1027.4,26.127289,44.444925
2022-01-16 05:00:00,2022-01-16 06:00:00,35.44,26.523012479999995,30.23,-4.7,84.0,3.6,1028.0,26.127289,44.444925
2022-01-16 06:00:00,2022-01-16 07:00:00,40.15,30.047938799999997,32.91,-5.4,92.0,3.6,1027.9,26.127289,44.444925
2022-01-16 07:00:00,2022-01-16 08:00:00,40.02,29.95064784,29.8,-4.5,94.0,3.6,1028.4,26.127289,44.444925
2022-01-16 08:00:00,2022-01-16 09:00:00,42.54,31.83659568,30.44,-1.8,88.0,7.2,1028.7,26.127289,44.444925
2022-01-16 09:00:00,2022-01-16 10:00:00,43.3,32.4053736,29.57,0.6,77.0,7.2,1028.6,26.127289,44.444925
2022-01-16 10:00:00,2022-01-16 11:00:00,39.35,29.449225199999997,21.99,3.0,68.0,7.2,1027.9,26.127289,44.444925
2022-01-16 11:00:00,2022-01-16 12:00:00,35.2,26.3433984,20.46,4.1,64.0,7.2,1027.6,26.127289,44.444925
2022-01-16 12:00:00,2022-01-16 13:00:00,32.84,24.57719328,21.4,4.8,58.0,3.6,1026.8,26.127289,44.444925
2022-01-16 13:00:00,2022-01-16 14:00:00,27.7,20.730458399999996,20.37,6.1,49.0,3.6,1026.2,26.127289,44.444925
2022-01-16 14:00:00,2022-01-16 15:00:00,25.37,18.98670504,20.73,5.0,53.0,10.8,1025.9,26.127289,44.444925
2022-01-16 15:00:00,2022-01-16 16:00:00,28.52,21.344139839999997,29.0,3.4,60.0,7.2,1025.8,26.127289,44.444925
2022-01-16 16:00:00,2022-01-16 17:00:00,31.16,23.319894719999997,35.75,1.0,70.0,7.2,1025.3,26.127289,44.444925
2022-01-16 17:00:00,2022-01-16 18:00:00,33.85,25.3330692,47.85,0.1,77.0,7.2,1025.1,26.127289,44.444925
2022-01-16 18:00:00,2022-01-16 19:00:00,37.27,27.89256984,49.78,-0.7,81.0,3.6,1024.7,26.127289,44.444925
2022-01-16 19:00:00,2022-01-16 20:00:00,41.47,31.035816239999996,52.79,-0.9,83.0,3.6,1024.5,26.127289,44.444925
2022-01-16 20:00:00,2022-01-16 21:00:00,36.2,27.0917904,46.59,-0.5,80.0,3.6,1023.9,26.127289,44.444925
2022-01-16 21:00:00,2022-01-16 22:00:00,43.95,32.8918284,48.02,-1.9,88.0,3.6,1023.3,26.127289,44.444925
2022-01-16 22:00:00,2022-01-16 23:00:00,43.06,32.22575952,31.58,-2.0,90.0,3.6,1022.9,26.127289,44.444925
2022-01-16 23:00:00,2022-01-17 00:00:00,40.26,30.130261919999995,26.04,-1.8,90.0,7.2,1022.3,26.127289,44.444925
2022-01-17 00:00:00,2022-01-17 01:00:00,36.72,27.480954239999996,18.39,-2.5,92.0,7.2,1021.3,26.127289,44.444925
2022-01-17 01:00:00,2022-01-17 02:00:00,34.96,26.163784319999998,15.78,-2.2,93.0,7.2,1020.8,26.127289,44.444925
2022-01-17 03:00:00,2022-01-17 04:00:00,29.38,21.98775696,15.06,-1.3,90.0,7.2,1018.9,26.127289,44.444925
2022-01-17 04:00:00,2022-01-17 05:00:00,27.25,20.393682,20.07,-1.3,90.0,7.2,1018.4,26.127289,44.444925
2022-01-17 05:00:00,2022-01-17 06:00:00,27.53,20.60323176,31.01,-1.5,90.0,7.2,1017.8,26.127289,44.444925
2022-01-17 06:00:00,2022-01-17 07:00:00,30.38,22.736148959999998,40.15,-2.2,90.0,3.6,1017.1,26.127289,44.444925
2022-01-17 07:00:00,2022-01-17 08:00:00,30.28,22.661309759999998,36.02,-1.4,86.0,10.8,1016.7,26.127289,44.444925
2022-01-17 08:00:00,2022-01-17 09:00:00,27.28,20.41613376,24.88,0.1,77.0,10.8,1016.0,26.127289,44.444925
2022-01-17 09:00:00,2022-01-17 10:00:00,25.88,19.368384959999997,28.63,1.8,73.0,10.8,1016.6,26.127289,44.444925
2022-01-17 10:00:00,2022-01-17 11:00:00,22.25,16.651722,24.03,4.1,63.0,14.4,1015.0,26.127289,44.444925
2022-01-17 11:00:00,2022-01-17 12:00:00,20.84,15.596489279999998,23.15,5.8,56.0,14.4,1014.6,26.127289,44.444925
2022-01-17 12:00:00,2022-01-17 13:00:00,18.24,13.650670079999998,23.07,7.7,53.0,14.4,1013.5,26.127289,44.444925
2022-01-17 13:00:00,2022-01-17 14:00:00,17.86,13.366281119999998,22.36,7.5,58.0,14.4,1013.6,26.127289,44.444925
2022-01-17 14:00:00,2022-01-17 15:00:00,16.6,12.4233072,24.88,8.4,53.0,18.0,1011.7,26.127289,44.444925
2022-01-17 15:00:00,2022-01-17 16:00:00,18.53,13.86770376,24.68,6.3,63.0,18.0,1011.6,26.127289,44.444925
2022-01-17 16:00:00,2022-01-17 17:00:00,14.37,10.754393039999998,26.51,5.5,63.0,14.4,1010.8,26.127289,44.444925
2022-01-17 17:00:00,2022-01-17 18:00:00,11.11,8.314635119999998,25.23,5.1,64.0,14.4,1010.8,26.127289,44.444925
2022-01-17 18:00:00,2022-01-17 19:00:00,9.96,7.45398432,21.24,5.0,63.0,18.0,1010.7,26.127289,44.444925
2022-01-17 19:00:00,2022-01-17 20:00:00,9.63,7.20701496,18.06,4.8,65.0,18.0,1010.8,26.127289,44.444925
2022-01-17 20:00:00,2022-01-17 21:00:00,11.42,8.54663664,16.55,4.6,64.0,18.0,1010.4,26.127289,44.444925
2022-01-17 21:00:00,2022-01-17 22:00:00,11.2,8.3819904,17.48,4.4,67.0,10.8,1010.7,26.127289,44.444925
2022-01-17 22:00:00,2022-01-17 23:00:00,10.65,7.9703748,13.02,4.5,70.0,7.2,1011.1,26.127289,44.444925
2022-01-17 23:00:00,2022-01-18 00:00:00,8.37,6.264041039999999,10.8,3.7,75.0,10.8,1011.9,26.127289,44.444925
2022-01-18 00:00:00,2022-01-18 01:00:00,6.19,4.63254648,15.29,2.9,74.0,7.2,1013.4,26.127289,44.444925
2022-01-18 01:00:00,2022-01-18 02:00:00,4.52,3.3827318399999995,13.6,2.3,61.0,10.8,1016.1,26.127289,44.444925
2022-01-18 02:00:00,2022-01-18 03:00:00,4.54,3.3976996799999997,14.51,1.4,51.0,7.2,1017.5,26.127289,44.444925
2022-01-18 04:00:00,2022-01-18 05:00:00,4.55,3.4051835999999995,24.63,0.9,51.0,7.2,1019.2,26.127289,44.444925
2022-01-18 05:00:00,2022-01-18 06:00:00,6.67,4.991774639999999,39.45,0.0,56.0,3.6,1020.8,26.127289,44.444925
2022-01-18 06:00:00,2022-01-18 07:00:00,11.01,8.239795919999999,59.03,-1.2,66.0,7.2,1022.3,26.127289,44.444925
2022-01-18 07:00:00,2022-01-18 08:00:00,14.63,10.94897496,51.76,-0.2,59.0,10.8,1022.6,26.127289,44.444925
2022-01-18 08:00:00,2022-01-18 09:00:00,17.18,12.857374559999998,42.85,1.4,52.0,7.2,1023.1,26.127289,44.444925
2022-01-18 09:00:00,2022-01-18 10:00:00,14.1,10.552327199999999,31.77,4.4,44.0,3.6,1023.3,26.127289,44.444925
2022-01-18 10:00:00,2022-01-18 11:00:00,13.23,9.90122616,33.16,5.7,34.0,7.2,1023.4,26.127289,44.444925
2022-01-18 11:00:00,2022-01-18 12:00:00,12.62,9.444707039999999,31.2,4.7,37.0,3.6,1023.6,26.127289,44.444925
2022-01-18 12:00:00,2022-01-18 13:00:00,15.29,11.442913679999998,33.76,4.6,37.0,3.6,1023.9,26.127289,44.444925
2022-01-18 13:00:00,2022-01-18 14:00:00,14.5,10.851683999999999,29.49,5.8,31.0,7.2,1023.7,26.127289,44.444925
2022-01-18 14:00:00,2022-01-18 15:00:00,13.3,9.9536136,32.15,6.4,30.0,7.2,1023.7,26.127289,44.444925
2022-01-18 15:00:00,2022-01-18 16:00:00,11.13,8.32960296,33.4,3.9,32.0,7.2,1024.9,26.127289,44.444925
2022-01-18 16:00:00,2022-01-18 17:00:00,11.29,8.449345679999999,43.82,2.8,36.0,7.2,1025.5,26.127289,44.444925
2022-01-18 17:00:00,2022-01-18 18:00:00,21.03,15.738683759999999,61.84,1.4,42.0,3.6,1026.6,26.127289,44.444925
2022-01-18 18:00:00,2022-01-18 19:00:00,24.46,18.30566832,60.22,0.9,44.0,3.6,1027.7,26.127289,44.444925
2022-01-18 19:00:00,2022-01-18 20:00:00,25.57,19.13638344,47.74,0.1,49.0,3.6,1028.6,26.127289,44.444925
2022-01-18 20:00:00,2022-01-18 21:00:00,22.2,16.6143024,31.36,1.2,47.0,3.6,1029.0,26.127289,44.444925
2022-01-18 21:00:00,2022-01-18 22:00:00,22.13,16.56191496,31.16,0.9,50.0,3.6,1029.7,26.127289,44.444925
2022-01-18 22:00:00,2022-01-18 23:00:00,21.96,16.43468832,26.25,0.8,51.0,3.6,1029.7,26.127289,44.444925
2022-01-18 23:00:00,2022-01-19 00:00:00,19.1,14.2942872,24.38,0.7,52.0,3.6,1030.3,26.127289,44.444925
2022-01-19 00:00:00,2022-01-19 01:00:00,15.26,11.42046192,21.12,0.4,54.0,3.6,1030.5,26.127289,44.444925
2022-01-19 01:00:00,2022-01-19 02:00:00,17.2,12.872342399999999,21.84,-1.3,58.0,3.6,1030.9,26.127289,44.444925
2022-01-19 02:00:00,2022-01-19 03:00:00,19.62,14.68345104,32.8,-1.9,62.0,3.6,1030.6,26.127289,44.444925
2022-01-19 03:00:00,2022-01-19 04:00:00,20.44,15.29713248,38.77,-3.3,68.0,3.6,1030.8,26.127289,44.444925
2022-01-19 05:00:00,2022-01-19 06:00:00,25.05,18.747219599999998,58.21,-3.1,69.0,3.6,1031.5,26.127289,44.444925
2022-01-19 06:00:00,2022-01-19 07:00:00,29.24,21.882982079999998,69.47,-3.6,70.0,3.6,1031.5,26.127289,44.444925
2022-01-19 07:00:00,2022-01-19 08:00:00,53.45,40.0015524,89.14,-3.5,75.0,3.6,1032.1,26.127289,44.444925
2022-01-19 08:00:00,2022-01-19 09:00:00,53.01,39.672259919999995,53.71,-2.0,65.0,7.2,1032.1,26.127289,44.444925
2022-01-19 09:00:00,2022-01-19 10:00:00,41.21,30.841234319999998,37.74,0.7,56.0,7.2,1032.2,26.127289,44.444925
2022-01-19 10:00:00,2022-01-19 11:00:00,27.72,20.745426239999997,22.57,2.7,48.0,7.2,1032.0,26.127289,44.444925
2022-01-19 11:00:00,2022-01-19 12:00:00,23.14,17.31779088,22.73,4.2,41.0,7.2,1030.9,26.127289,44.444925
2022-01-19 12:00:00,2022-01-19 13:00:00,20.57,15.394423439999999,22.54,5.2,40.0,10.8,1029.8,26.127289,44.444925
2022-01-19 13:00:00,2022-01-19 14:00:00,22.72,17.003466239999998,21.12,5.2,40.0,10.8,1029.0,26.127289,44.444925
2022-01-19 14:00:00,2022-01-19 15:00:00,22.26,16.65920592,23.12,4.9,40.0,10.8,1028.5,26.127289,44.444925
2022-01-19 15:00:00,2022-01-19 16:00:00,21.0,15.716231999999998,36.45,3.6,44.0,7.2,1028.0,26.127289,44.444925
2022-01-19 16:00:00,2022-01-19 17:00:00,25.97,19.435740239999998,48.71,2.4,50.0,7.2,1027.9,26.127289,44.444925
2022-01-19 17:00:00,2022-01-19 18:00:00,25.53,19.10644776,53.34,1.6,52.0,7.2,1027.5,26.127289,44.444925
2022-01-19 18:00:00,2022-01-19 19:00:00,33.9,25.370488799999997,55.28,1.6,55.0,10.8,1027.5,26.127289,44.444925
2022-01-19 19:00:00,2022-01-19 20:00:00,32.97,24.674484239999998,53.35,-0.2,64.0,3.6,1027.3,26.127289,44.444925
2022-01-19 20:00:00,2022-01-19 21:00:00,31.97,23.92609224,52.29,0.2,61.0,7.2,1026.6,26.127289,44.444925
2022-01-19 21:00:00,2022-01-19 22:00:00,39.16,29.307030719999997,40.71,-1.1,69.0,7.2,1025.9,26.127289,44.444925
2022-01-19 22:00:00,2022-01-19 23:00:00,34.16,25.565070719999994,29.92,-2.2,76.0,3.6,1025.5,26.127289,44.444925
2022-01-19 23:00:00,2022-01-20 00:00:00,36.57,27.36869544,23.17,-2.3,78.0,7.2,1024.7,26.127289,44.444925
2022-01-20 00:00:00,2022-01-20 01:00:00,33.16,24.816678719999995,20.39,-2.1,76.0,3.6,1023.9,26.127289,44.444925
2022-01-20 01:00:00,2022-01-20 02:00:00,33.03,24.71938776,18.32,-3.3,84.0,7.2,1023.3,26.127289,44.444925
2022-01-20 02:00:00,2022-01-20 03:00:00,33.0,24.696935999999997,17.34,-3.3,83.0,7.2,1022.4,26.127289,44.444925
2022-01-20 03:00:00,2022-01-20 04:00:00,32.64,24.42751488,14.49,-3.8,85.0,7.2,1021.4,26.127289,44.444925
2022-01-20 04:00:00,2022-01-20 05:00:00,30.95,23.1627324,16.1,-3.8,84.0,7.2,1020.7,26.127289,44.444925
2022-01-20 06:00:00,2022-01-20 07:00:00,32.75,24.509838,38.6,-3.6,83.0,7.2,1020.2,26.127289,44.444925
2022-01-20 07:00:00,2022-01-20 08:00:00,37.09,27.75785928,41.47,-3.4,83.0,7.2,1019.7,26.127289,44.444925
2022-01-20 08:00:00,2022-01-20 09:00:00,33.22,24.861582239999997,35.5,-1.1,71.0,10.8,1018.9,26.127289,44.444925
2022-01-20 09:00:00,2022-01-20 10:00:00,26.8,20.0569056,28.57,2.6,56.0,10.8,1018.4,26.127289,44.444925
2022-01-20 10:00:00,2022-01-20 11:00:00,22.99,17.205532079999998,24.3,4.2,49.0,14.4,1017.8,26.127289,44.444925
2022-01-20 11:00:00,2022-01-20 12:00:00,23.93,17.90902056,19.29,5.5,45.0,18.0,1016.4,26.127289,44.444925
2022-01-20 12:00:00,2022-01-20 13:00:00,20.96,15.68629632,20.41,6.2,44.0,18.0,1015.7,26.127289,44.444925
2022-01-20 13:00:00,2022-01-20 14:00:00,22.67,16.96604664,23.64,7.2,44.0,14.4,1014.8,26.127289,44.444925
2022-01-20 14:00:00,2022-01-20 15:00:00,17.56,13.141763519999998,27.55,8.7,41.0,14.4,1014.2,26.127289,44.444925
2022-01-20 15:00:00,2022-01-20 16:00:00,15.5,11.600076,29.76,8.0,44.0,10.8,1014.3,26.127289,44.444925
2022-01-20 16:00:00,2022-01-20 17:00:00,15.66,11.71981872,28.83,7.1,47.0,10.8,1014.3,26.127289,44.444925
2022-01-20 17:00:00,2022-01-20 18:00:00,15.54,11.630011679999999,31.31,6.1,48.0,14.4,1014.4,26.127289,44.444925
2022-01-20 18:00:00,2022-01-20 19:00:00,14.62,10.941491039999999,31.04,5.4,48.0,10.8,1014.2,26.127289,44.444925
2022-01-20 19:00:00,2022-01-20 20:00:00,12.46,9.32496432,25.76,6.2,43.0,14.4,1014.2,26.127289,44.444925
2022-01-20 20:00:00,2022-01-20 21:00:00,13.32,9.96858144,24.56,5.4,48.0,10.8,1014.0,26.127289,44.444925
2022-01-20 21:00:00,2022-01-20 22:00:00,15.86,11.869497119999998,23.71,4.7,53.0,7.2,1014.1,26.127289,44.444925
2022-01-20 22:00:00,2022-01-20 23:00:00,16.28,12.18382176,20.06,4.8,55.0,10.8,1013.6,26.127289,44.444925
2022-01-20 23:00:00,2022-01-21 00:00:00,16.74,12.528082079999997,19.67,3.7,63.0,7.2,1013.7,26.127289,44.444925
2022-01-21 00:00:00,2022-01-21 01:00:00,15.51,11.607559919999998,16.22,3.9,65.0,10.8,1013.5,26.127289,44.444925
2022-01-21 01:00:00,2022-01-21 02:00:00,12.95,9.691676399999999,20.66,4.6,61.0,10.8,1013.8,26.127289,44.444925
2022-01-21 02:00:00,2022-01-21 03:00:00,12.57,9.40728744,14.73,4.2,62.0,7.2,1014.0,26.127289,44.444925
2022-01-21 03:00:00,2022-01-21 04:00:00,10.98,8.21734416,13.0,3.4,65.0,10.8,1014.1,26.127289,44.444925
2022-01-21 04:00:00,2022-01-21 05:00:00,10.73,8.030246159999999,14.29,2.9,71.0,10.8,1014.4,26.127289,44.444925
2022-01-21 05:00:00,2022-01-21 06:00:00,15.07,11.278267439999999,23.02,2.7,73.0,10.8,1014.9,26.127289,44.444925
2022-01-21 07:00:00,2022-01-21 08:00:00,19.78,14.80319376,47.38,2.4,72.0,3.6,1017.2,26.127289,44.444925
2022-01-21 08:00:00,2022-01-21 09:00:00,22.0,16.464624,49.9,3.1,61.0,3.6,1017.4,26.127289,44.444925
2022-01-21 09:00:00,2022-01-21 10:00:00,29.81,22.309565519999996,53.31,3.9,54.0,3.6,1017.6,26.127289,44.444925
2022-01-21 10:00:00,2022-01-21 11:00:00,17.74,13.276474079999998,38.42,4.8,45.0,3.6,1017.9,26.127289,44.444925
2022-01-21 11:00:00,2022-01-21 12:00:00,18.1,13.5458952,30.71,5.0,44.0,7.2,1017.5,26.127289,44.444925
2022-01-21 12:00:00,2022-01-21 13:00:00,11.45,8.569088399999998,21.32,5.0,28.0,10.8,1016.8,26.127289,44.444925
2022-01-21 13:00:00,2022-01-21 14:00:00,12.68,9.48961056,21.44,4.7,29.0,7.2,1016.8,26.127289,44.444925
2022-01-21 14:00:00,2022-01-21 15:00:00,14.18,10.61219856,25.56,4.8,37.0,10.8,1016.5,26.127289,44.444925
2022-01-21 15:00:00,2022-01-21 16:00:00,12.57,9.40728744,29.84,4.1,34.0,10.8,1016.5,26.127289,44.444925
2022-01-21 16:00:00,2022-01-21 17:00:00,14.24,10.65710208,37.7,2.4,43.0,3.6,1016.9,26.127289,44.444925
2022-01-21 17:00:00,2022-01-21 18:00:00,14.93,11.17349256,33.74,1.4,54.0,7.2,1017.1,26.127289,44.444925
2022-01-21 18:00:00,2022-01-21 19:00:00,18.86,14.114673119999999,44.31,0.3,62.0,3.6,1017.5,26.127289,44.444925
2022-01-21 19:00:00,2022-01-21 20:00:00,22.01,16.47210792,51.25,-0.9,71.0,15.1,1018.0,26.127289,44.444925
2022-01-21 20:00:00,2022-01-21 21:00:00,21.53,16.11287976,38.66,-0.8,66.0,3.6,1018.2,26.127289,44.444925
2022-01-21 21:00:00,2022-01-21 22:00:00,21.17,15.84345864,31.07,-1.7,69.0,3.6,1018.5,26.127289,44.444925
2022-01-21 22:00:00,2022-01-21 23:00:00,21.53,16.11287976,33.29,-2.0,67.0,3.6,1018.7,26.127289,44.444925
2022-01-21 23:00:00,2022-01-22 00:00:00,19.97,14.945388239999998,36.07,-2.7,74.0,3.6,1018.9,26.127289,44.444925
2022-01-22 00:00:00,2022-01-22 01:00:00,16.65,12.460726799999998,28.17,-3.3,72.0,3.6,1018.8,26.127289,44.444925
2022-01-22 01:00:00,2022-01-22 02:00:00,17.2,12.872342399999999,19.21,-3.6,73.0,14.0,1018.8,26.127289,44.444925
2022-01-22 02:00:00,2022-01-22 03:00:00,17.24,12.902278079999999,24.46,-3.7,70.0,3.6,1018.3,26.127289,44.444925
2022-01-22 03:00:00,2022-01-22 04:00:00,15.18,11.360590559999999,25.52,-4.7,74.0,3.6,1018.1,26.127289,44.444925
2022-01-22 04:00:00,2022-01-22 05:00:00,14.49,10.84420008,25.01,-5.4,78.0,3.6,1017.9,26.127289,44.444925
2022-01-22 05:00:00,2022-01-22 06:00:00,14.81,11.08368552,37.06,-5.9,79.0,7.2,1017.7,26.127289,44.444925
2022-01-22 06:00:00,2022-01-22 07:00:00,14.55,10.8891036,29.78,-6.2,80.0,7.2,1017.6,26.127289,44.444925
2022-01-22 08:00:00,2022-01-22 09:00:00,21.34,15.970685279999998,31.9,-4.2,70.0,7.2,1017.4,26.127289,44.444925
2022-01-22 09:00:00,2022-01-22 10:00:00,23.46,17.55727632,25.39,-1.8,61.0,7.2,1017.1,26.127289,44.444925
2022-01-22 10:00:00,2022-01-22 11:00:00,24.54,18.365539679999998,23.94,0.9,51.0,3.6,1016.4,26.127289,44.444925
2022-01-22 11:00:00,2022-01-22 12:00:00,20.76,15.53661792,24.16,2.7,41.0,3.6,1015.7,26.127289,44.444925
2022-01-22 12:00:00,2022-01-22 13:00:00,13.08,9.78896736,26.69,3.7,30.0,3.6,1015.2,26.127289,44.444925
2022-01-22 13:00:00,2022-01-22 14:00:00,9.79,7.326757679999999,20.23,3.9,25.0,7.2,1014.8,26.127289,44.444925
2022-01-22 14:00:00,2022-01-22 15:00:00,10.85,8.1200532,22.6,3.1,28.0,7.2,1015.0,26.127289,44.444925
2022-01-22 15:00:00,2022-01-22 16:00:00,12.77,9.556965839999998,34.12,1.7,34.0,7.2,1015.4,26.127289,44.444925
2022-01-22 16:00:00,2022-01-22 17:00:00,17.27,12.92472984,52.35,0.7,40.0,7.2,1016.2,26.127289,44.444925
2022-01-22 17:00:00,2022-01-22 18:00:00,21.02,15.731199839999999,57.15,-1.9,51.0,9.4,1017.1,26.127289,44.444925
2022-01-22 18:00:00,2022-01-22 19:00:00,26.13,19.55548296,56.14,-2.0,54.0,3.6,1018.0,26.127289,44.444925
2022-01-22 19:00:00,2022-01-22 20:00:00,25.77,19.28606184,50.19,-3.1,57.0,3.6,1018.7,26.127289,44.444925
2022-01-22 20:00:00,2022-01-22 21:00:00,22.54,16.86875568,40.76,-2.2,50.0,3.6,1019.4,26.127289,44.444925
2022-01-22 21:00:00,2022-01-22 22:00:00,31.95,23.9111244,48.13,-3.3,54.0,3.6,1020.0,26.127289,44.444925
2022-01-22 22:00:00,2022-01-22 23:00:00,20.92,15.65636064,32.56,-2.5,50.0,7.2,1020.2,26.127289,44.444925
2022-01-22 23:00:00,2022-01-23 00:00:00,19.66,14.713386719999999,31.67,-2.4,50.0,7.2,1020.7,26.127289,44.444925
2022-01-23 00:00:00,2022-01-23 01:00:00,18.38,13.755444959999998,27.66,-3.2,52.0,3.6,1020.9,26.127289,44.444925
2022-01-23 01:00:00,2022-01-23 02:00:00,19.83,14.840613359999997,33.36,-4.0,56.0,3.6,1021.4,26.127289,44.444925
2022-01-23 02:00:00,2022-01-23 03:00:00,25.89,19.37586888,32.49,-4.6,60.0,3.6,1021.5,26.127289,44.444925
2022-01-23 03:00:00,2022-01-23 04:00:00,28.05,20.9923956,31.11,-5.5,64.0,5.0,1021.6,26.127289,44.444925
2022-01-23 04:00:00,2022-01-23 05:00:00,28.23,21.12710616,30.02,-4.9,65.0,3.6,1021.8,26.127289,44.444925
2022-01-23 05:00:00,2022-01-23 06:00:00,23.77,17.789277839999997,28.43,-4.9,65.0,3.6,1022.0,26.127289,44.444925
2022-01-23 06:00:00,2022-01-23 07:00:00,22.12,16.55443104,37.17,-3.9,61.0,3.6,1022.4,26.127289,44.444925
2022-01-23 07:00:00,2022-01-23 08:00:00,20.25,15.154938,40.1,-2.6,56.0,8.3,1022.5,26.127289,44.444925
2022-01-23 09:00:00,2022-01-23 10:00:00,19.0,14.219448,30.28,-0.2,48.0,7.2,1022.4,26.127289,44.444925
2022-01-23 10:00:00,2022-01-23 11:00:00,14.83,11.09865336,22.76,-0.1,48.0,3.6,1022.3,26.127289,44.444925
2022-01-23 11:00:00,2022-01-23 12:00:00,19.86,14.863065119999998,21.37,-0.1,55.0,7.2,1021.7,26.127289,44.444925
2022-01-23 12:00:00,2022-01-23 13:00:00,18.12,13.56086304,17.88,-0.1,52.0,10.8,1021.5,26.127289,44.444925
2022-01-23 13:00:00,2022-01-23 14:00:00,17.91,13.40370072,21.75,0.9,49.0,7.2,1021.8,26.127289,44.444925
2022-01-23 14:00:00,2022-01-23 15:00:00,16.27,12.176337839999999,27.0,-0.1,55.0,3.6,1021.6,26.127289,44.444925
2022-01-23 15:00:00,2022-01-23 16:00:00,16.69,12.49066248,34.3,0.0,49.0,3.6,1021.9,26.127289,44.444925
2022-01-23 16:00:00,2022-01-23 17:00:00,22.76,17.03340192,46.49,-2.0,57.0,3.6,1022.6,26.127289,44.444925
2022-01-23 17:00:00,2022-01-23 18:00:00,26.53,19.85483976,67.24,-2.5,60.0,9.0,1023.5,26.127289,44.444925
2022-01-23 18:00:00,2022-01-23 19:00:00,29.95,22.414340399999997,53.71,-1.1,65.0,7.2,1024.6,26.127289,44.444925
2022-01-23 19:00:00,2022-01-23 20:00:00,26.22,19.622838239999997,45.92,-2.7,80.0,3.6,1025.3,26.127289,44.444925
2022-01-23 20:00:00,2022-01-23 21:00:00,21.9,16.389784799999997,48.56,-2.8,78.0,7.2,1025.8,26.127289,44.444925
2022-01-23 21:00:00,2022-01-23 22:00:00,19.27,14.42151384,42.13,-2.8,66.0,7.2,1026.4,26.127289,44.444925
2022-01-23 22:00:00,2022-01-23 23:00:00,21.22,15.880878239999998,28.94,-3.3,62.0,3.6,1027.2,26.127289,44.444925
2022-01-23 23:00:00,2022-01-24 00:00:00,20.18,15.10255056,23.76,-3.7,61.0,7.2,1027.6,26.127289,44.444925
2022-01-24 00:00:00,2022-01-24 01:00:00,18.54,13.875187679999998,20.58,-3.5,62.0,7.2,1028.1,26.127289,44.444925
2022-01-24 01:00:00,2022-01-24 02:00:00,17.59,13.164215279999999,18.69,-3.5,62.0,7.2,1028.6,26.127289,44.444925
2022-01-24 02:00:00,2022-01-24 03:00:00,17.46,13.06692432,19.3,-4.0,62.0,3.6,1028.6,26.127289,44.444925
2022-01-24 03:00:00,2022-01-24 04:00:00,17.19,12.86485848,22.3,-4.1,60.0,7.2,1029.1,26.127289,44.444925
2022-01-24 04:00:00,2022-01-24 05:00:00,18.9,14.144608799999999,21.55,-3.9,61.0,3.6,1029.9,26.127289,44.444925
2022-01-24 05:00:00,2022-01-24 06:00:00,19.67,14.72087064,25.43,-3.4,55.0,3.6,1030.3,26.127289,44.444925
2022-01-24 06:00:00,2022-01-24 07:00:00,18.52,13.86021984,28.64,-3.7,66.0,3.6,1031.1,26.127289,44.444925
2022-01-24 07:00:00,2022-01-24 08:00:00,19.83,14.840613359999997,30.8,-3.2,61.0,7.2,1031.9,26.127289,44.444925
2022-01-24 08:00:00,2022-01-24 09:00:00,22.35,16.7265612,32.22,-2.6,60.0,7.2,1031.9,26.127289,44.444925
2022-01-24 10:00:00,2022-01-24 11:00:00,20.02,14.982807839999998,23.33,0.0,46.0,7.2,1032.5,26.127289,44.444925
2022-01-24 11:00:00,2022-01-24 12:00:00,17.58,13.156731359999998,26.83,-0.1,45.0,7.2,1032.6,26.127289,44.444925
2022-01-24 12:00:00,2022-01-24 13:00:00,16.54,12.378403679999998,24.43,0.4,39.0,7.2,1032.6,26.127289,44.444925
2022-01-24 13:00:00,2022-01-24 14:00:00,15.94,11.929368479999999,28.25,1.5,34.0,3.6,1032.0,26.127289,44.444925
2022-01-24 14:00:00,2022-01-24 15:00:00,18.14,13.57583088,28.66,1.1,34.0,3.6,1032.2,26.127289,44.444925
2022-01-24 15:00:00,2022-01-24 16:00:00,21.05,15.7536516,25.87,0.4,36.0,7.2,1032.4,26.127289,44.444925
2022-01-24 16:00:00,2022-01-24 17:00:00,22.48,16.823852159999998,38.6,-0.6,42.0,3.6,1032.5,26.127289,44.444925
2022-01-24 17:00:00,2022-01-24 18:00:00,30.17,22.57898664,40.74,-1.8,48.0,7.2,1032.9,26.127289,44.444925
2022-01-24 18:00:00,2022-01-24 19:00:00,28.6,21.4040112,30.8,-2.3,56.0,7.2,1033.4,26.127289,44.444925
2022-01-24 19:00:00,2022-01-24 20:00:00,27.82,20.82026544,30.93,-3.0,62.0,7.2,1033.8,26.127289,44.444925
2022-01-24 20:00:00,2022-01-24 21:00:00,28.42,21.26930064,29.71,-3.9,68.0,7.2,1033.7,26.127289,44.444925
2022-01-24 21:00:00,2022-01-24 22:00:00,31.59,23.641703279999998,34.09,-4.3,70.0,7.2,1033.4,26.127289,44.444925
2022-01-24 22:00:00,2022-01-24 23:00:00,34.63,25.91681496,40.17,-4.7,70.0,3.6,1033.5,26.127289,44.444925
2022-01-24 23:00:00,2022-01-25 00:00:00,39.37,29.464193039999994,46.14,-5.4,72.0,3.6,1033.3,26.127289,44.444925
2022-01-25 00:00:00,2022-01-25 01:00:00,41.8,31.282785599999997,35.85,-4.6,62.0,3.6,1033.1,26.127289,44.444925
2022-01-25 01:00:00,2022-01-25 02:00:00,31.58,23.634219359999996,32.93,-4.5,59.0,5.8,1033.0,26.127289,44.444925
2022-01-25 02:00:00,2022-01-25 03:00:00,29.17,21.83059464,25.17,-3.9,52.0,3.6,1032.5,26.127289,44.444925
2022-01-25 03:00:00,2022-01-25 04:00:00,35.07,26.24610744,22.68,-4.0,53.0,3.6,1032.0,26.127289,44.444925
2022-01-25 04:00:00,2022-01-25 05:00:00,32.04,23.978479679999996,25.9,-4.4,55.0,5.0,1031.5,26.127289,44.444925
2022-01-25 05:00:00,2022-01-25 06:00:00,32.83,24.569709359999997,43.42,-5.3,66.0,3.6,1031.2,26.127289,44.444925
2022-01-25 06:00:00,2022-01-25 07:00:00,38.68,28.947802559999996,40.61,-6.5,76.0,7.2,1031.1,26.127289,44.444925
2022-01-25 07:00:00,2022-01-25 08:00:00,42.99,32.17337208,44.0,-6.6,72.0,3.6,1030.8,26.127289,44.444925
2022-01-25 08:00:00,2022-01-25 09:00:00,43.5,32.555051999999996,41.08,-5.6,71.0,3.6,1030.4,26.127289,44.444925
2022-01-25 09:00:00,2022-01-25 10:00:00,49.32,36.910693439999996,47.51,-3.2,60.0,3.6,1030.2,26.127289,44.444925
2022-01-25 11:00:00,2022-01-25 12:00:00,36.31,27.17411352,33.65,0.2,42.0,7.2,1029.1,26.127289,44.444925
2022-01-25 12:00:00,2022-01-25 13:00:00,30.25,22.638858,29.65,0.9,36.0,7.2,1028.2,26.127289,44.444925
2022-01-25 13:00:00,2022-01-25 14:00:00,25.69,19.22619048,27.99,1.9,34.0,7.2,1027.5,26.127289,44.444925
2022-01-25 14:00:00,2022-01-25 15:00:00,25.3,18.9343176,30.67,1.7,37.0,7.2,1027.1,26.127289,44.444925
2022-01-25 15:00:00,2022-01-25 16:00:00,27.41,20.51342472,37.57,0.4,43.0,7.2,1027.0,26.127289,44.444925
2022-01-25 16:00:00,2022-01-25 17:00:00,34.38,25.72971696,47.43,-0.9,47.0,7.2,1026.9,26.127289,44.444925
2022-01-25 17:00:00,2022-01-25 18:00:00,34.87,26.096429039999997,50.28,-1.4,50.0,7.2,1026.6,26.127289,44.444925
2022-01-25 18:00:00,2022-01-25 19:00:00,34.0,25.445327999999996,45.69,-1.9,51.0,7.2,1026.7,26.127289,44.444925
2022-01-25 19:00:00,2022-01-25 20:00:00,36.82,27.55579344,56.55,-2.4,53.0,3.6,1026.6,26.127289,44.444925
2022-01-25 20:00:00,2022-01-25 21:00:00,38.73,28.985222159999996,68.18,-4.1,59.0,9.4,1026.6,26.127289,44.444925
2022-01-25 21:00:00,2022-01-25 22:00:00,38.73,28.985222159999996,67.94,-4.6,64.0,3.6,1026.6,26.127289,44.444925
2022-01-25 22:00:00,2022-01-25 23:00:00,38.73,28.985222159999996,63.13,-5.4,51.0,7.9,1026.5,26.127289,44.444925
2022-01-25 23:00:00,2022-01-26 00:00:00,38.73,28.985222159999996,55.41,-3.0,61.0,3.6,1025.7,26.127289,44.444925
2022-01-26 00:00:00,2022-01-26 01:00:00,38.73,28.985222159999996,56.85,-2.7,55.0,3.6,1025.2,26.127289,44.444925
2022-01-26 01:00:00,2022-01-26 02:00:00,38.73,28.985222159999996,32.32,-3.3,61.0,7.2,1025.2,26.127289,44.444925
2022-01-26 02:00:00,2022-01-26 03:00:00,38.73,28.985222159999996,31.5,-3.4,63.0,3.6,1024.8,26.127289,44.444925
2022-01-26 03:00:00,2022-01-26 04:00:00,38.73,28.985222159999996,25.2,-3.5,63.0,7.2,1024.6,26.127289,44.444925
2022-01-26 04:00:00,2022-01-26 05:00:00,38.73,28.985222159999996,26.79,-3.6,67.0,7.2,1024.6,26.127289,44.444925
2022-01-26 05:00:00,2022-01-26 06:00:00,38.73,28.985222159999996,27.61,-3.7,71.0,7.2,1024.2,26.127289,44.444925
2022-01-26 06:00:00,2022-01-26 07:00:00,38.73,28.985222159999996,40.57,-4.0,71.0,7.2,1024.2,26.127289,44.444925
2022-01-26 07:00:00,2022-01-26 08:00:00,38.73,28.985222159999996,42.94,-3.3,66.0,3.6,1024.3,26.127289,44.444925
2022-01-26 08:00:00,2022-01-26 09:00:00,38.73,28.985222159999996,47.16,-3.0,64.0,3.6,1024.1,26.127289,44.444925
2022-01-26 09:00:00,2022-01-26 10:00:00,38.73,28.985222159999996,52.49,-1.5,58.0,3.6,1024.3,26.127289,44.444925
2022-01-26 12:00:00,2022-01-26 13:00:00,40.61,30.392199119999997,43.82,1.5,50.0,7.2,1023.1,26.127289,44.444925
2022-01-26 13:00:00,2022-01-26 14:00:00,40.92,30.624200639999998,45.65,1.9,49.0,7.2,1022.7,26.127289,44.444925
2022-01-26 14:00:00,2022-01-26 15:00:00,36.87,27.593213039999995,43.27,2.4,47.0,7.2,1022.6,26.127289,44.444925
2022-01-26 15:00:00,2022-01-26 16:00:00,36.03,26.964563759999997,53.75,2.4,50.0,3.6,1022.7,26.127289,44.444925
2022-01-26 16:00:00,2022-01-26 17:00:00,35.91,26.874756719999997,61.47,1.6,54.0,5.8,1023.0,26.127289,44.444925
2022-01-26 17:00:00,2022-01-26 18:00:00,42.47,31.784208239999998,76.02,1.1,56.0,5.8,1023.4,26.127289,44.444925
2022-01-26 18:00:00,2022-01-26 19:00:00,51.55,38.579607599999996,80.64,0.3,59.0,3.6,1023.7,26.127289,44.444925
2022-01-26 19:00:00,2022-01-26 20:00:00,60.83,45.52468535999999,72.72,-0.4,65.0,9.7,1023.8,26.127289,44.444925
2022-01-26 20:00:00,2022-01-26 21:00:00,62.07,46.452691439999995,78.16,-1.1,69.0,3.6,1024.0,26.127289,44.444925
2022-01-26 21:00:00,2022-01-26 22:00:00,72.74,54.438034079999994,86.19,-2.1,74.0,7.2,1024.2,26.127289,44.444925
2022-01-26 22:00:00,2022-01-26 23:00:00,94.0,70.34884799999999,79.31,-1.9,74.0,7.2,1024.2,26.127289,44.444925
2022-01-26 23:00:00,2022-01-27 00:00:00,78.1,58.44941519999999,67.65,-1.9,74.0,6.8,1024.1,26.127289,44.444925
2022-01-27 00:00:00,2022-01-27 01:00:00,83.41,62.42337671999999,64.93,-1.6,73.0,7.2,1023.9,26.127289,44.444925
2022-01-27 01:00:00,2022-01-27 02:00:00,55.19,41.303754479999995,51.83,-2.1,70.0,3.6,1024.2,26.127289,44.444925
2022-01-27 02:00:00,2022-01-27 03:00:00,39.12,29.277095039999995,38.87,-1.2,66.0,7.2,1024.1,26.127289,44.444925
2022-01-27 03:00:00,2022-01-27 04:00:00,31.38,23.484540959999997,32.68,-0.3,62.0,7.2,1023.5,26.127289,44.444925
2022-01-27 04:00:00,2022-01-27 05:00:00,27.48,20.56581216,31.25,-0.9,66.0,3.6,1023.3,26.127289,44.444925
2022-01-27 05:00:00,2022-01-27 06:00:00,31.52,23.589315839999998,45.41,-1.0,69.0,7.2,1023.7,26.127289,44.444925
2022-01-27 06:00:00,2022-01-27 07:00:00,41.39,30.975944879999997,41.51,-1.8,74.0,3.6,1023.9,26.127289,44.444925
2022-01-27 07:00:00,2022-01-27 08:00:00,50.83,38.040765359999995,37.45,-1.8,75.0,7.2,1024.3,26.127289,44.444925
2022-01-27 08:00:00,2022-01-27 09:00:00,56.21,42.067114319999995,34.29,-1.0,72.0,7.2,1024.4,26.127289,44.444925
2022-01-27 09:00:00,2022-01-27 10:00:00,52.42,39.230708639999996,35.19,-0.2,70.0,7.2,1024.4,26.127289,44.444925
2022-01-27 10:00:00,2022-01-27 11:00:00,48.75,36.484109999999994,34.61,1.4,63.0,7.2,1024.4,26.127289,44.444925
2022-01-27 11:00:00,2022-01-27 12:00:00,48.6,36.3718512,30.67,2.8,60.0,7.2,1023.9,26.127289,44.444925
2022-01-27 13:00:00,2022-01-27 14:00:00,30.2,22.6014384,24.99,8.1,46.0,7.2,1022.1,26.127289,44.444925
2022-01-27 14:00:00,2022-01-27 15:00:00,19.48,14.578676159999999,23.68,8.4,40.0,10.8,1021.5,26.127289,44.444925
2022-01-27 15:00:00,2022-01-27 16:00:00,20.5,15.342035999999998,31.24,7.2,47.0,10.8,1021.6,26.127289,44.444925
2022-01-27 16:00:00,2022-01-27 17:00:00,21.64,16.19520288,43.55,5.8,52.0,7.2,1021.5,26.127289,44.444925
2022-01-27 17:00:00,2022-01-27 18:00:00,24.56,18.38050752,39.24,4.2,59.0,7.2,1021.7,26.127289,44.444925
2022-01-27 18:00:00,2022-01-27 19:00:00,27.06,20.251487519999998,32.38,2.3,66.0,7.2,1021.5,26.127289,44.444925
2022-01-27 19:00:00,2022-01-27 20:00:00,25.8,19.308513599999998,28.85,2.6,63.0,10.8,1020.9,26.127289,44.444925
2022-01-27 20:00:00,2022-01-27 21:00:00,27.17,20.33381064,25.28,1.2,69.0,7.2,1020.7,26.127289,44.444925
2022-01-27 21:00:00,2022-01-27 22:00:00,28.24,21.13459008,21.15,1.5,68.0,10.8,1020.3,26.127289,44.444925
2022-01-27 22:00:00,2022-01-27 23:00:00,27.25,20.393682,16.33,0.4,73.0,7.2,1019.9,26.127289,44.444925
2022-01-27 23:00:00,2022-01-28 00:00:00,29.41,22.010208719999998,14.04,-0.6,78.0,7.2,1019.7,26.127289,44.444925
2022-01-28 00:00:00,2022-01-28 01:00:00,31.39,23.49202488,14.03,-1.2,81.0,7.2,1018.9,26.127289,44.444925
2022-01-28 01:00:00,2022-01-28 02:00:00,30.96,23.170216319999998,15.09,-1.6,83.0,7.2,1018.3,26.127289,44.444925
2022-01-28 02:00:00,2022-01-28 03:00:00,28.19,21.09717048,11.93,-1.2,81.0,7.2,1017.3,26.127289,44.444925
2022-01-28 03:00:00,2022-01-28 04:00:00,24.11,18.043731119999997,12.84,-1.6,82.0,10.8,1016.4,26.127289,44.444925
2022-01-28 04:00:00,2022-01-28 05:00:00,22.18,16.59933456,16.57,-1.8,81.0,7.2,1016.0,26.127289,44.444925
2022-01-28 05:00:00,2022-01-28 06:00:00,24.2,18.111086399999998,28.41,-1.8,80.0,7.2,1015.6,26.127289,44.444925
2022-01-28 06:00:00,2022-01-28 07:00:00,26.86,20.10180912,40.68,-1.8,81.0,3.6,1015.8,26.127289,44.444925
2022-01-28 07:00:00,2022-01-28 08:00:00,33.06,24.74183952,42.0,-0.6,78.0,3.6,1015.6,26.127289,44.444925
2022-01-28 08:00:00,2022-01-28 09:00:00,37.2,27.8401824,42.18,0.7,73.0,7.2,1016.0,26.127289,44.444925
2022-01-28 09:00:00,2022-01-28 10:00:00,38.93,29.13490056,34.09,1.9,66.0,7.2,1015.7,26.127289,44.444925
2022-01-28 10:00:00,2022-01-28 11:00:00,40.78,30.519425759999997,30.69,4.1,59.0,7.2,1015.8,26.127289,44.444925
2022-01-28 11:00:00,2022-01-28 12:00:00,36.27,27.14417784,26.19,6.7,51.0,10.8,1015.5,26.127289,44.444925
2022-01-28 12:00:00,2022-01-28 13:00:00,30.98,23.18518416,28.49,8.8,46.0,7.2,1014.8,26.127289,44.444925
2022-01-28 14:00:00,2022-01-28 15:00:00,32.41,24.255384719999995,62.46,9.8,46.0,3.6,1014.0,26.127289,44.444925
2022-01-28 15:00:00,2022-01-28 16:00:00,19.53,14.61609576,51.83,9.0,50.0,3.6,1014.1,26.127289,44.444925
2022-01-28 16:00:00,2022-01-28 17:00:00,18.8,14.069769599999999,52.02,8.2,41.0,7.2,1014.9,26.127289,44.444925
2022-01-28 17:00:00,2022-01-28 18:00:00,15.65,11.712334799999999,45.84,6.0,46.0,3.6,1015.4,26.127289,44.444925
2022-01-28 18:00:00,2022-01-28 19:00:00,26.45,19.7949684,54.76,5.1,46.0,7.2,1016.2,26.127289,44.444925
2022-01-28 19:00:00,2022-01-28 20:00:00,31.43,23.521960559999997,52.54,4.3,47.0,3.6,1017.4,26.127289,44.444925
2022-01-28 20:00:00,2022-01-28 21:00:00,22.95,17.1755964,46.55,2.4,54.0,7.2,1018.2,26.127289,44.444925
2022-01-28 21:00:00,2022-01-28 22:00:00,14.86,11.12110512,29.55,1.0,62.0,7.2,1018.3,26.127289,44.444925
2022-01-28 22:00:00,2022-01-28 23:00:00,15.32,11.46536544,25.79,0.0,68.0,7.2,1018.6,26.127289,44.444925
2022-01-28 23:00:00,2022-01-29 00:00:00,15.34,11.480333279999998,21.87,0.0,71.0,10.8,1018.9,26.127289,44.444925
2022-01-29 00:00:00,2022-01-29 01:00:00,16.16,12.094014719999999,23.37,-0.4,74.0,7.2,1018.8,26.127289,44.444925
2022-01-29 01:00:00,2022-01-29 02:00:00,17.32,12.96214944,28.16,-1.2,80.0,7.2,1019.3,26.127289,44.444925
2022-01-29 02:00:00,2022-01-29 03:00:00,18.48,13.83028416,18.78,-1.5,81.0,7.2,1019.3,26.127289,44.444925
2022-01-29 03:00:00,2022-01-29 04:00:00,19.17,14.34667464,18.51,-1.6,83.0,7.2,1019.6,26.127289,44.444925
2022-01-29 04:00:00,2022-01-29 05:00:00,19.44,14.54874048,21.91,-2.0,85.0,7.2,1020.1,26.127289,44.444925
2022-01-29 05:00:00,2022-01-29 06:00:00,20.9,15.641392799999998,30.68,-2.7,87.0,3.6,1020.8,26.127289,44.444925
2022-01-29 06:00:00,2022-01-29 07:00:00,22.66,16.95856272,35.03,-3.3,90.0,3.6,1021.7,26.127289,44.444925
2022-01-29 07:00:00,2022-01-29 08:00:00,28.18,21.089686559999997,42.09,-1.9,86.0,7.2,1022.8,26.127289,44.444925
2022-01-29 08:00:00,2022-01-29 09:00:00,36.06,26.98701552,53.1,-0.8,81.0,3.6,1023.4,26.127289,44.444925
2022-01-29 09:00:00,2022-01-29 10:00:00,38.86,29.082513119999998,57.65,1.0,74.0,6.1,1023.9,26.127289,44.444925
2022-01-29 10:00:00,2022-01-29 11:00:00,29.14,21.80814288,44.08,5.8,53.0,3.6,1024.0,26.127289,44.444925
2022-01-29 11:00:00,2022-01-29 12:00:00,24.52,18.350571839999997,39.48,7.1,51.0,3.6,1023.8,26.127289,44.444925
2022-01-29 12:00:00,2022-01-29 13:00:00,20.94,15.67132848,36.69,8.0,45.0,3.6,1023.4,26.127289,44.444925
2022-01-29 13:00:00,2022-01-29 14:00:00,18.25,13.658154,33.05,7.4,44.0,3.6,1022.9,26.127289,44.444925
2022-01-29 15:00:00,2022-01-29 16:00:00,15.93,11.921884559999999,25.44,6.6,45.0,7.2,1022.9,26.127289,44.444925
2022-01-29 16:00:00,2022-01-29 17:00:00,22.39,16.75649688,43.61,4.2,53.0,3.6,1023.0,26.127289,44.444925
2022-01-29 17:00:00,2022-01-29 18:00:00,34.88,26.10391296,52.35,2.4,60.0,3.6,1023.0,26.127289,44.444925
2022-01-29 18:00:00,2022-01-29 19:00:00,59.78,44.73887376,62.64,1.3,64.0,3.6,1022.9,26.127289,44.444925
2022-01-29 19:00:00,2022-01-29 20:00:00,37.42,28.00482864,35.93,0.4,70.0,7.2,1022.9,26.127289,44.444925
2022-01-29 20:00:00,2022-01-29 21:00:00,34.28,25.654877759999998,39.68,0.4,69.0,7.2,1022.4,26.127289,44.444925
2022-01-29 21:00:00,2022-01-29 22:00:00,36.84,27.57076128,47.89,-0.7,73.0,7.2,1022.1,26.127289,44.444925
2022-01-29 22:00:00,2022-01-29 23:00:00,38.26,28.633477919999997,44.01,-1.5,73.0,3.6,1021.6,26.127289,44.444925
2022-01-29 23:00:00,2022-01-30 00:00:00,38.64,28.91786688,36.65,-2.7,76.0,7.2,1021.3,26.127289,44.444925
2022-01-30 00:00:00,2022-01-30 01:00:00,30.84,23.080409279999998,26.76,-3.5,76.0,3.6,1020.4,26.127289,44.444925
2022-01-30 01:00:00,2022-01-30 02:00:00,27.72,20.745426239999997,22.02,-4.1,79.0,7.2,1019.9,26.127289,44.444925
2022-01-30 02:00:00,2022-01-30 03:00:00,23.7,17.736890399999997,14.36,-4.7,85.0,7.2,1018.9,26.127289,44.444925
2022-01-30 03:00:00,2022-01-30 04:00:00,18.95,14.182028399999998,12.23,-4.8,86.0,7.2,1017.8,26.127289,44.444925
2022-01-30 04:00:00,2022-01-30 05:00:00,17.62,13.18666704,14.89,-3.9,81.0,10.8,1016.8,26.127289,44.444925
2022-01-30 05:00:00,2022-01-30 06:00:00,16.34,12.228725279999999,13.03,-3.0,84.0,7.2,1015.4,26.127289,44.444925
2022-01-30 06:00:00,2022-01-30 07:00:00,14.34,10.73194128,12.24,-1.9,79.0,10.8,1014.2,26.127289,44.444925
2022-01-30 07:00:00,2022-01-30 08:00:00,13.62,10.193099039999998,13.93,-0.9,74.0,10.8,1013.6,26.127289,44.444925
2022-01-30 08:00:00,2022-01-30 09:00:00,13.34,9.983549279999998,14.97,-0.3,71.0,10.8,1013.2,26.127289,44.444925
2022-01-30 09:00:00,2022-01-30 10:00:00,13.79,10.320325679999998,16.68,1.2,65.0,10.8,1012.4,26.127289,44.444925
2022-01-30 10:00:00,2022-01-30 11:00:00,13.34,9.983549279999998,15.12,3.8,53.0,10.8,1011.5,26.127289,44.444925
2022-01-30 11:00:00,2022-01-30 12:00:00,12.72,9.51954624,19.44,5.0,48.0,7.2,1010.2,26.127289,44.444925
2022-01-30 12:00:00,2022-01-30 13:00:00,11.37,8.50921704,17.73,8.7,39.0,10.8,1008.6,26.127289,44.444925
2022-01-30 13:00:00,2022-01-30 14:00:00,11.12,8.322119039999999,16.02,10.2,37.0,10.8,1007.5,26.127289,44.444925
2022-01-30 14:00:00,2022-01-30 15:00:00,11.55,8.6439276,14.51,10.7,40.0,10.8,1006.9,26.127289,44.444925
2022-01-30 16:00:00,2022-01-30 17:00:00,7.4,5.5381008,25.34,8.7,45.0,7.2,1006.6,26.127289,44.444925
2022-01-30 17:00:00,2022-01-30 18:00:00,8.68,6.496042559999999,26.3,7.6,44.0,10.8,1006.8,26.127289,44.444925
2022-01-30 18:00:00,2022-01-30 19:00:00,10.87,8.135021039999998,25.84,6.7,44.0,7.2,1007.4,26.127289,44.444925
2022-01-30 19:00:00,2022-01-30 20:00:00,10.64,7.96289088,22.28,5.7,47.0,7.2,1008.6,26.127289,44.444925
2022-01-30 20:00:00,2022-01-30 21:00:00,9.97,7.46146824,20.92,5.0,53.0,10.8,1008.7,26.127289,44.444925
2022-01-30 21:00:00,2022-01-30 22:00:00,9.33,6.98249736,20.93,3.9,62.0,7.2,1009.2,26.127289,44.444925
2022-01-30 22:00:00,2022-01-30 23:00:00,8.08,6.047007359999999,17.57,3.5,67.0,7.2,1009.3,26.127289,44.444925
2022-01-30 23:00:00,2022-01-31 00:00:00,8.42,6.301460639999999,16.29,3.5,66.0,3.6,1009.6,26.127289,44.444925
2022-01-31 00:00:00,2022-01-31 01:00:00,12.2,9.130382399999998,10.28,4.1,60.0,7.2,1009.7,26.127289,44.444925
2022-01-31 01:00:00,2022-01-31 02:00:00,14.7,11.001362399999998,9.27,4.0,58.0,7.2,1009.9,26.127289,44.444925
2022-01-31 02:00:00,2022-01-31 03:00:00,14.85,11.113621199999999,7.99,3.9,57.0,7.2,1010.1,26.127289,44.444925
2022-01-31 03:00:00,2022-01-31 04:00:00,13.24,9.908710079999999,9.04,3.2,58.0,7.2,1010.2,26.127289,44.444925
2022-01-31 04:00:00,2022-01-31 05:00:00,11.49,8.59902408,11.18,2.3,61.0,3.6,1010.3,26.127289,44.444925
2022-01-31 05:00:00,2022-01-31 06:00:00,12.44,9.309996479999999,23.32,1.5,64.0,3.6,1010.6,26.127289,44.444925
2022-01-31 06:00:00,2022-01-31 07:00:00,15.25,11.412977999999999,41.55,1.6,63.0,7.2,1011.0,26.127289,44.444925
2022-01-31 07:00:00,2022-01-31 08:00:00,19.5,14.593644,48.03,1.4,64.0,7.2,1011.4,26.127289,44.444925
2022-01-31 08:00:00,2022-01-31 09:00:00,20.66,15.46177872,35.04,2.9,59.0,7.2,1011.2,26.127289,44.444925
2022-01-31 09:00:00,2022-01-31 10:00:00,21.35,15.9781692,28.25,6.2,47.0,7.2,1011.0,26.127289,44.444925
2022-01-31 10:00:00,2022-01-31 11:00:00,21.14,15.821006879999999,23.66,7.3,45.0,10.8,1010.7,26.127289,44.444925
2022-01-31 11:00:00,2022-01-31 12:00:00,17.96,13.44112032,20.66,8.9,37.0,14.4,1009.7,26.127289,44.444925
2022-01-31 12:00:00,2022-01-31 13:00:00,21.59,16.15778328,16.69,10.1,33.0,10.8,1009.0,26.127289,44.444925
2022-01-31 13:00:00,2022-01-31 14:00:00,21.33,15.963201359999998,17.23,9.0,35.0,18.0,1008.7,26.127289,44.444925
2022-01-31 14:00:00,2022-01-31 15:00:00,23.43,17.534824559999997,23.57,7.9,37.0,10.8,1008.2,26.127289,44.444925
2022-01-31 15:00:00,2022-01-31 16:00:00,28.44,21.284268479999998,33.14,7.0,41.0,7.2,1008.1,26.127289,44.444925
2022-01-31 17:00:00,2022-01-31 18:00:00,31.02,23.215119839999996,39.27,4.9,46.0,7.2,1008.1,26.127289,44.444925
2022-01-31 18:00:00,2022-01-31 19:00:00,31.09,23.267507279999997,33.22,4.3,48.0,7.2,1008.0,26.127289,44.444925
2022-01-31 19:00:00,2022-01-31 20:00:00,38.7,28.9627704,36.72,3.2,51.0,3.6,1007.7,26.127289,44.444925
2022-01-31 20:00:00,2022-01-31 21:00:00,38.7,28.9627704,40.29,2.3,56.0,3.6,1007.4,26.127289,44.444925
2022-01-31 21:00:00,2022-01-31 22:00:00,38.55,28.850511599999997,32.76,1.4,60.0,3.6,1007.2,26.127289,44.444925
2022-01-31 22:00:00,2022-01-31 23:00:00,42.62,31.896467039999997,37.53,1.5,60.0,7.2,1007.0,26.127289,44.444925
2022-01-31 23:00:00,2022-02-01 00:00:00,37.39,27.982376879999997,28.33,1.4,61.0,7.2,1006.9,26.127289,44.444925
2022-02-01 00:00:00,2022-02-01 01:00:00,27.99,20.68920036,20.98,0.6,64.0,3.6,1006.9,26.127289,44.444925
2022-02-01 01:00:00,2022-02-01 02:00:00,25.85,19.107389400000002,24.17,-0.1,68.0,3.6,1007.1,26.127289,44.444925
2022-02-01 02:00:00,2022-02-01 03:00:00,24.67,18.235175880000003,25.12,-0.7,69.0,4.7,1006.6,26.127289,44.444925
2022-02-01 03:00:00,2022-02-01 04:00:00,32.11,23.73455604,46.43,0.2,66.0,3.6,1006.4,26.127289,44.444925
2022-02-01 04:00:00,2022-02-01 05:00:00,33.98,25.11679272,48.5,-0.4,70.0,3.6,1006.7,26.127289,44.444925
2022-02-01 05:00:00,2022-02-01 06:00:00,41.47,30.65313108,52.2,-0.8,74.0,3.6,1006.7,26.127289,44.444925
2022-02-01 06:00:00,2022-02-01 07:00:00,49.6,36.662534400000006,57.76,0.2,68.0,3.6,1007.0,26.127289,44.444925
2022-02-01 07:00:00,2022-02-01 08:00:00,53.88,39.82615632,61.32,0.8,64.0,3.6,1007.5,26.127289,44.444925
2022-02-01 08:00:00,2022-02-01 09:00:00,45.93,33.94980252,57.52,1.6,55.0,7.2,1007.9,26.127289,44.444925
2022-02-01 09:00:00,2022-02-01 10:00:00,40.83,30.18006612,52.35,3.0,51.0,7.2,1008.4,26.127289,44.444925
2022-02-01 10:00:00,2022-02-01 11:00:00,41.4,30.6013896,50.71,4.5,50.0,7.2,1008.8,26.127289,44.444925
2022-02-01 11:00:00,2022-02-01 12:00:00,40.78,30.143107920000002,58.79,5.6,47.0,7.2,1008.0,26.127289,44.444925
2022-02-01 12:00:00,2022-02-01 13:00:00,33.82,24.998526480000002,49.41,5.9,46.0,7.2,1007.7,26.127289,44.444925
2022-02-01 13:00:00,2022-02-01 14:00:00,28.22,20.859208080000002,53.88,6.8,40.0,7.2,1007.5,26.127289,44.444925
2022-02-01 14:00:00,2022-02-01 15:00:00,27.55,20.363968200000002,56.47,6.6,40.0,7.2,1007.7,26.127289,44.444925
2022-02-01 15:00:00,2022-02-01 16:00:00,36.05,26.6468622,57.83,5.5,44.0,3.6,1008.5,26.127289,44.444925
2022-02-01 16:00:00,2022-02-01 17:00:00,36.77,27.179060280000005,64.01,4.6,47.0,7.2,1008.9,26.127289,44.444925
2022-02-01 18:00:00,2022-02-01 19:00:00,46.09,34.06806876,61.83,2.7,54.0,3.6,1009.8,26.127289,44.444925
2022-02-01 19:00:00,2022-02-01 20:00:00,39.76,29.38916064,55.66,3.0,52.0,9.7,1009.9,26.127289,44.444925
2022-02-01 20:00:00,2022-02-01 21:00:00,54.96,40.62445344,61.59,2.8,54.0,3.6,1010.1,26.127289,44.444925
2022-02-01 21:00:00,2022-02-01 22:00:00,58.25,43.056303,66.6,1.7,58.0,6.5,1010.0,26.127289,44.444925
2022-02-01 22:00:00,2022-02-01 23:00:00,58.17,42.99716988,56.64,2.0,58.0,3.6,1009.8,26.127289,44.444925
2022-02-01 23:00:00,2022-02-02 00:00:00,60.31,44.57898084000001,58.3,1.8,58.0,3.6,1009.6,26.127289,44.444925
2022-02-02 00:00:00,2022-02-02 01:00:00,52.41,38.73958524,56.9,1.0,63.0,3.6,1009.3,26.127289,44.444925
2022-02-02 01:00:00,2022-02-02 02:00:00,46.6,34.445042400000006,56.68,0.7,64.0,2.9,1009.1,26.127289,44.444925
2022-02-02 02:00:00,2022-02-02 03:00:00,49.03,36.24121092,47.5,0.5,64.0,3.6,1008.3,26.127289,44.444925
2022-02-02 03:00:00,2022-02-02 04:00:00,54.29,40.129213560000004,25.69,0.3,67.0,3.6,1008.1,26.127289,44.444925
2022-02-02 04:00:00,2022-02-02 05:00:00,40.74,30.113541360000003,21.97,0.4,77.0,7.2,1008.0,26.127289,44.444925
2022-02-02 05:00:00,2022-02-02 06:00:00,32.49,24.015438360000005,29.9,0.7,81.0,7.2,1007.9,26.127289,44.444925
2022-02-02 06:00:00,2022-02-02 07:00:00,32.6,24.096746400000004,35.74,0.6,82.0,3.6,1008.1,26.127289,44.444925
2022-02-02 07:00:00,2022-02-02 08:00:00,31.2,23.061916800000002,34.96,0.8,83.0,7.2,1008.1,26.127289,44.444925
2022-02-02 08:00:00,2022-02-02 09:00:00,34.32,25.36810848,27.01,1.8,80.0,7.2,1008.0,26.127289,44.444925
2022-02-02 09:00:00,2022-02-02 10:00:00,29.15,21.5466306,22.95,3.5,74.0,10.8,1007.8,26.127289,44.444925
2022-02-02 10:00:00,2022-02-02 11:00:00,24.67,18.235175880000003,23.88,3.4,75.0,10.8,1007.9,26.127289,44.444925
2022-02-02 11:00:00,2022-02-02 12:00:00,26.89,19.87611996,23.86,4.3,70.0,10.8,1007.3,26.127289,44.444925
2022-02-02 12:00:00,2022-02-02 13:00:00,25.47,18.82650708,24.56,4.8,66.0,10.8,1006.9,26.127289,44.444925
2022-02-02 13:00:00,2022-02-02 14:00:00,30.0,22.17492,25.12,5.3,64.0,7.2,1006.6,26.127289,44.444925
2022-02-02 14:00:00,2022-02-02 15:00:00,33.53,24.784168920000003,26.35,5.4,61.0,7.2,1006.6,26.127289,44.444925
2022-02-02 15:00:00,2022-02-02 16:00:00,31.76,23.475848640000002,31.24,5.2,62.0,7.2,1006.5,26.127289,44.444925
2022-02-02 16:00:00,2022-02-02 17:00:00,33.14,24.49589496,40.97,3.7,66.0,7.2,1006.6,26.127289,44.444925
2022-02-02 17:00:00,2022-02-02 18:00:00,36.81,27.208626840000004,45.27,2.0,74.0,3.6,1006.8,26.127289,44.444925
2022-02-02 19:00:00,2022-02-02 20:00:00,43.85,32.4123414,47.39,1.1,78.0,3.6,1007.4,26.127289,44.444925
2022-02-02 20:00:00,2022-02-02 21:00:00,39.75,29.381769000000002,34.44,0.6,81.0,7.2,1007.9,26.127289,44.444925
2022-02-02 21:00:00,2022-02-02 22:00:00,37.55,27.7556082,34.02,-0.4,85.0,3.6,1008.0,26.127289,44.444925
2022-02-02 22:00:00,2022-02-02 23:00:00,40.37,29.84005068,34.3,-0.5,85.0,3.6,1008.3,26.127289,44.444925
2022-02-02 23:00:00,2022-02-03 00:00:00,39.96,29.536993440000003,43.35,-0.6,86.0,3.6,1008.5,26.127289,44.444925
2022-02-03 00:00:00,2022-02-03 01:00:00,48.21,35.635096440000005,42.9,-0.4,81.0,2.2,1009.1,26.127289,44.444925
2022-02-03 01:00:00,2022-02-03 02:00:00,53.85,39.803981400000005,45.51,-1.5,87.0,6.5,1009.9,26.127289,44.444925
2022-02-03 02:00:00,2022-02-03 03:00:00,59.64,44.08374096,50.15,-1.7,88.0,3.6,1009.9,26.127289,44.444925
2022-02-03 03:00:00,2022-02-03 04:00:00,60.77,44.91899628,49.89,-2.1,88.0,3.6,1010.6,26.127289,44.444925
2022-02-03 04:00:00,2022-02-03 05:00:00,57.27,42.33192228000001,50.07,-1.8,86.0,3.6,1011.5,26.127289,44.444925
2022-02-03 05:00:00,2022-02-03 06:00:00,65.47,48.39306708,51.57,-2.3,87.0,3.6,1012.5,26.127289,44.444925
2022-02-03 06:00:00,2022-02-03 07:00:00,68.64,50.73621696,65.57,-2.6,87.0,3.6,1013.5,26.127289,44.444925
2022-02-03 07:00:00,2022-02-03 08:00:00,69.69,51.51233916,56.5,-1.3,83.0,3.6,1015.2,26.127289,44.444925
2022-02-03 08:00:00,2022-02-03 09:00:00,66.68,49.28745552000001,69.12,0.6,76.0,3.6,1015.6,26.127289,44.444925
2022-02-03 09:00:00,2022-02-03 10:00:00,63.77,47.13648828,67.09,6.1,56.0,3.6,1016.1,26.127289,44.444925
2022-02-03 10:00:00,2022-02-03 11:00:00,45.19,33.40282116,64.91,7.5,48.0,3.6,1016.5,26.127289,44.444925
2022-02-03 11:00:00,2022-02-03 12:00:00,34.28,25.33854192,55.23,9.1,44.0,12.6,1016.5,26.127289,44.444925
2022-02-03 12:00:00,2022-02-03 13:00:00,26.08,19.27739712,36.06,8.3,45.0,7.2,1016.7,26.127289,44.444925
2022-02-03 13:00:00,2022-02-03 14:00:00,24.98,18.464316720000003,37.82,7.6,45.0,3.6,1016.9,26.127289,44.444925
2022-02-03 14:00:00,2022-02-03 15:00:00,20.53,15.175036920000002,50.86,7.3,47.0,3.6,1017.5,26.127289,44.444925
2022-02-03 15:00:00,2022-02-03 16:00:00,24.11,17.82124404,67.83,7.0,49.0,3.6,1017.6,26.127289,44.444925
2022-02-03 16:00:00,2022-02-03 17:00:00,16.04,11.85619056,60.09,5.9,51.0,3.6,1018.1,26.127289,44.444925
2022-02-03 17:00:00,2022-02-03 18:00:00,17.33,12.80971212,65.43,4.9,52.0,7.2,1019.3,26.127289,44.444925
2022-02-03 18:00:00,2022-02-03 19:00:00,20.64,15.256344960000002,60.9,4.7,51.0,3.6,1020.1,26.127289,44.444925
2022-02-03 20:00:00,2022-02-03 21:00:00,26.53,19.610020920000004,46.09,2.9,61.0,3.6,1021.3,26.127289,44.444925
2022-02-03 21:00:00,2022-02-03 22:00:00,23.96,17.71036944,43.27,1.3,64.0,3.6,1021.6,26.127289,44.444925
2022-02-03 22:00:00,2022-02-03 23:00:00,18.1,13.378868400000002,35.06,1.4,60.0,3.6,1022.0,26.127289,44.444925
2022-02-03 23:00:00,2022-02-04 00:00:00,15.23,11.257467720000001,24.52,0.9,60.0,3.6,1022.5,26.127289,44.444925
2022-02-04 00:00:00,2022-02-04 01:00:00,12.16,8.98823424,21.88,-0.6,64.0,3.6,1022.7,26.127289,44.444925
2022-02-04 01:00:00,2022-02-04 02:00:00,15.06,11.13180984,31.0,-1.7,69.0,3.6,1022.9,26.127289,44.444925
2022-02-04 02:00:00,2022-02-04 03:00:00,15.4,11.383125600000001,25.91,-1.9,71.0,3.6,1023.0,26.127289,44.444925
2022-02-04 03:00:00,2022-02-04 04:00:00,15.94,11.78227416,29.05,-2.8,76.0,8.3,1023.0,26.127289,44.444925
2022-02-04 04:00:00,2022-02-04 05:00:00,18.48,13.659750720000002,31.99,-3.5,80.0,8.3,1022.8,26.127289,44.444925
2022-02-04 05:00:00,2022-02-04 06:00:00,21.22,15.68506008,45.31,-3.1,78.0,3.6,1022.7,26.127289,44.444925
2022-02-04 06:00:00,2022-02-04 07:00:00,23.92,17.68080288,61.89,-3.1,80.0,6.5,1023.0,26.127289,44.444925
2022-02-04 07:00:00,2022-02-04 08:00:00,38.18,28.22128152,75.65,-2.1,78.0,3.6,1023.2,26.127289,44.444925
2022-02-04 08:00:00,2022-02-04 09:00:00,37.01,27.35645964,51.12,0.3,65.0,7.2,1023.1,26.127289,44.444925
2022-02-04 09:00:00,2022-02-04 10:00:00,40.44,29.89179216,40.45,3.0,59.0,3.6,1022.7,26.127289,44.444925
2022-02-04 10:00:00,2022-02-04 11:00:00,35.57,26.292063480000003,32.57,5.2,47.0,7.2,1022.3,26.127289,44.444925
2022-02-04 11:00:00,2022-02-04 12:00:00,27.87,20.600500680000003,24.4,6.5,39.0,7.2,1021.5,26.127289,44.444925
2022-02-04 12:00:00,2022-02-04 13:00:00,21.95,16.2246498,19.96,7.7,35.0,7.2,1020.8,26.127289,44.444925
2022-02-04 13:00:00,2022-02-04 14:00:00,19.79,14.62805556,19.52,7.7,34.0,14.4,1020.2,26.127289,44.444925
2022-02-04 14:00:00,2022-02-04 15:00:00,17.53,12.957544920000002,22.71,7.3,34.0,10.8,1019.6,26.127289,44.444925
2022-02-04 15:00:00,2022-02-04 16:00:00,13.86,10.24481304,31.37,7.3,32.0,7.2,1019.2,26.127289,44.444925
2022-02-04 16:00:00,2022-02-04 17:00:00,16.45,12.159247800000001,42.29,5.4,38.0,7.2,1019.3,26.127289,44.444925
2022-02-04 17:00:00,2022-02-04 18:00:00,25.94,19.173914160000002,51.89,3.3,45.0,3.6,1019.1,26.127289,44.444925
2022-02-04 18:00:00,2022-02-04 19:00:00,35.78,26.44728792,56.73,1.7,53.0,7.2,1019.0,26.127289,44.444925
2022-02-04 19:00:00,2022-02-04 20:00:00,44.5,32.892798,59.76,1.9,51.0,3.6,1019.1,26.127289,44.444925
2022-02-04 21:00:00,2022-02-04 22:00:00,37.95,28.051273800000004,52.26,-0.3,59.0,3.6,1018.5,26.127289,44.444925
2022-02-04 22:00:00,2022-02-04 23:00:00,34.09,25.198100760000003,47.6,-1.1,63.0,3.6,1018.2,26.127289,44.444925
2022-02-04 23:00:00,2022-02-05 00:00:00,31.44,23.23931616,41.51,-1.2,65.0,3.6,1018.1,26.127289,44.444925
2022-02-05 00:00:00,2022-02-05 01:00:00,32.26,23.84543064,32.04,-1.2,65.0,7.2,1018.1,26.127289,44.444925
2022-02-05 01:00:00,2022-02-05 02:00:00,31.91,23.58672324,30.31,-1.1,63.0,3.6,1017.8,26.127289,44.444925
2022-02-05 02:00:00,2022-02-05 03:00:00,27.31,20.18656884,28.63,-1.4,64.0,3.6,1017.3,26.127289,44.444925
2022-02-05 03:00:00,2022-02-05 04:00:00,25.69,18.989123160000002,43.11,-0.9,64.0,3.6,1016.9,26.127289,44.444925
2022-02-05 04:00:00,2022-02-05 05:00:00,24.28,17.946901920000002,45.52,-1.4,66.0,3.6,1016.8,26.127289,44.444925
2022-02-05 05:00:00,2022-02-05 06:00:00,26.93,19.90568652,46.71,-0.9,65.0,7.2,1016.9,26.127289,44.444925
2022-02-05 06:00:00,2022-02-05 07:00:00,30.4,22.4705856,36.41,-1.7,68.0,7.2,1016.9,26.127289,44.444925
2022-02-05 07:00:00,2022-02-05 08:00:00,35.93,26.55816252,42.8,-1.5,69.0,3.6,1017.2,26.127289,44.444925
2022-02-05 08:00:00,2022-02-05 09:00:00,36.85,27.238193400000004,39.97,2.0,58.0,7.2,1017.2,26.127289,44.444925
2022-02-05 09:00:00,2022-02-05 10:00:00,38.11,28.16954004,31.63,5.2,48.0,7.2,1017.0,26.127289,44.444925
2022-02-05 10:00:00,2022-02-05 11:00:00,35.18,26.00378952,24.1,7.2,43.0,7.2,1016.6,26.127289,44.444925
2022-02-05 11:00:00,2022-02-05 12:00:00,26.77,19.78742028,17.58,9.4,38.0,10.8,1015.8,26.127289,44.444925
2022-02-05 12:00:00,2022-02-05 13:00:00,22.15,16.3724826,18.66,10.6,36.0,14.4,1015.3,26.127289,44.444925
2022-02-05 13:00:00,2022-02-05 14:00:00,22.99,16.99338036,19.06,11.6,35.0,10.8,1014.8,26.127289,44.444925
2022-02-05 14:00:00,2022-02-05 15:00:00,21.96,16.232041440000003,21.56,12.1,35.0,10.8,1014.8,26.127289,44.444925
2022-02-05 15:00:00,2022-02-05 16:00:00,29.89,22.09361196,29.91,10.9,40.0,7.2,1014.8,26.127289,44.444925
2022-02-05 16:00:00,2022-02-05 17:00:00,35.82,26.47685448,46.82,8.4,48.0,3.6,1015.3,26.127289,44.444925
2022-02-05 17:00:00,2022-02-05 18:00:00,38.05,28.1251902,46.8,7.3,55.0,7.2,1015.8,26.127289,44.444925
2022-02-05 18:00:00,2022-02-05 19:00:00,49.3,36.4407852,56.62,5.3,63.0,3.6,1016.1,26.127289,44.444925
2022-02-05 19:00:00,2022-02-05 20:00:00,45.48,33.61717872,48.84,4.6,66.0,3.6,1016.7,26.127289,44.444925
2022-02-05 20:00:00,2022-02-05 21:00:00,46.99,34.73331636,54.87,3.7,69.0,9.7,1017.6,26.127289,44.444925
2022-02-05 22:00:00,2022-02-05 23:00:00,63.25,46.752123000000005,52.4,3.6,66.0,3.6,1019.3,26.127289,44.444925
2022-02-05 23:00:00,2022-02-06 00:00:00,63.12,46.65603168,58.14,2.9,67.0,3.6,1020.3,26.127289,44.444925
2022-02-06 00:00:00,2022-02-06 01:00:00,65.95,48.74786580000001,63.17,2.2,68.0,5.0,1021.3,26.127289,44.444925
2022-02-06 01:00:00,2022-02-06 02:00:00,53.62,39.63397368,35.93,1.7,72.0,3.6,1022.5,26.127289,44.444925
2022-02-06 02:00:00,2022-02-06 03:00:00,47.69,35.25073116,30.72,1.6,76.0,3.6,1022.8,26.127289,44.444925
2022-02-06 03:00:00,2022-02-06 04:00:00,48.58,35.90858712,33.5,-3.6,88.0,6.8,1022.5,26.127289,44.444925
2022-02-06 04:00:00,2022-02-06 05:00:00,30.07,22.22666148,38.0,-0.6,84.0,3.6,1023.3,26.127289,44.444925
2022-02-06 05:00:00,2022-02-06 06:00:00,21.69,16.032467160000003,40.5,-0.4,86.0,3.6,1023.3,26.127289,44.444925
2022-02-06 06:00:00,2022-02-06 07:00:00,25.63,18.94477332,39.95,-3.3,91.0,6.8,1023.2,26.127289,44.444925
2022-02-06 07:00:00,2022-02-06 08:00:00,34.23,25.30158372,30.68,0.4,83.0,7.2,1023.6,26.127289,44.444925
2022-02-06 08:00:00,2022-02-06 09:00:00,33.81,24.991134840000004,25.86,2.1,69.0,7.2,1023.5,26.127289,44.444925
2022-02-06 09:00:00,2022-02-06 10:00:00,32.89,24.31110396,26.03,4.4,60.0,3.6,1023.4,26.127289,44.444925
2022-02-06 10:00:00,2022-02-06 11:00:00,33.18,24.52546152,25.66,6.2,52.0,7.2,1023.1,26.127289,44.444925
2022-02-06 11:00:00,2022-02-06 12:00:00,25.15,18.5899746,20.05,9.0,42.0,7.2,1022.0,26.127289,44.444925
2022-02-06 12:00:00,2022-02-06 13:00:00,15.23,11.257467720000001,13.56,8.1,52.0,18.0,1021.4,26.127289,44.444925
2022-02-06 13:00:00,2022-02-06 14:00:00,10.63,7.857313320000001,14.41,10.8,33.0,14.4,1020.6,26.127289,44.444925
2022-02-06 14:00:00,2022-02-06 15:00:00,11.49,8.49299436,17.03,10.6,29.0,10.8,1019.9,26.127289,44.444925
2022-02-06 15:00:00,2022-02-06 16:00:00,9.15,6.763350600000001,19.24,9.4,34.0,10.8,1019.2,26.127289,44.444925
2022-02-06 16:00:00,2022-02-06 17:00:00,10.1,7.4655564000000005,27.31,7.8,36.0,7.2,1019.1,26.127289,44.444925
2022-02-06 17:00:00,2022-02-06 18:00:00,14.92,11.02832688,37.48,5.6,42.0,7.2,1019.1,26.127289,44.444925
2022-02-06 18:00:00,2022-02-06 19:00:00,16.79,12.41056356,42.27,3.6,47.0,3.6,1018.9,26.127289,44.444925
2022-02-06 19:00:00,2022-02-06 20:00:00,25.6,18.922598400000002,45.98,3.1,50.0,3.6,1018.0,26.127289,44.444925
2022-02-06 20:00:00,2022-02-06 21:00:00,31.91,23.58672324,53.67,1.7,57.0,3.6,1017.7,26.127289,44.444925
2022-02-06 21:00:00,2022-02-06 22:00:00,21.13,15.61853532,42.69,1.5,58.0,7.2,1016.8,26.127289,44.444925
2022-02-06 23:00:00,2022-02-07 00:00:00,14.66,10.836144240000001,23.48,1.3,59.0,7.2,1014.6,26.127289,44.444925
2022-02-07 00:00:00,2022-02-07 01:00:00,11.95,8.8330098,18.92,0.6,62.0,7.2,1013.5,26.127289,44.444925
2022-02-07 01:00:00,2022-02-07 02:00:00,19.04,14.07368256,28.63,-0.3,65.0,3.6,1012.8,26.127289,44.444925
2022-02-07 02:00:00,2022-02-07 03:00:00,24.16,17.85820224,30.03,0.3,63.0,3.6,1011.8,26.127289,44.444925
2022-02-07 03:00:00,2022-02-07 04:00:00,24.69,18.249959160000003,33.13,0.4,61.0,7.2,1010.6,26.127289,44.444925
2022-02-07 04:00:00,2022-02-07 05:00:00,24.72,18.27213408,43.94,0.5,66.0,3.6,1010.0,26.127289,44.444925
2022-02-07 05:00:00,2022-02-07 06:00:00,24.71,18.264742440000003,60.1,0.9,64.0,7.2,1009.1,26.127289,44.444925
2022-02-07 06:00:00,2022-02-07 07:00:00,28.96,21.406189440000002,66.69,0.4,63.0,3.6,1008.6,26.127289,44.444925
2022-02-07 07:00:00,2022-02-07 08:00:00,29.34,21.687071760000002,54.94,1.5,60.0,7.2,1008.3,26.127289,44.444925
2022-02-07 08:00:00,2022-02-07 09:00:00,37.77,27.918224280000004,49.2,2.3,60.0,7.2,1008.0,26.127289,44.444925
2022-02-07 09:00:00,2022-02-07 10:00:00,36.41,26.912961239999998,43.12,4.3,57.0,7.2,1007.3,26.127289,44.444925
2022-02-07 10:00:00,2022-02-07 11:00:00,34.31,25.360716840000002,36.47,6.6,52.0,7.2,1006.7,26.127289,44.444925
2022-02-07 11:00:00,2022-02-07 12:00:00,35.34,26.122055760000006,36.17,8.3,49.0,10.8,1005.8,26.127289,44.444925
2022-02-07 12:00:00,2022-02-07 13:00:00,32.71,24.17805444,32.34,8.8,49.0,7.2,1005.0,26.127289,44.444925
2022-02-07 13:00:00,2022-02-07 14:00:00,27.62,20.415709680000003,38.38,7.8,66.0,7.2,1004.6,26.127289,44.444925
2022-02-07 14:00:00,2022-02-07 15:00:00,27.59,20.39353476,50.6,6.7,84.0,7.2,1004.3,26.127289,44.444925
2022-02-07 15:00:00,2022-02-07 16:00:00,30.16,22.29318624,52.71,6.5,89.0,3.6,1003.9,26.127289,44.444925
2022-02-07 16:00:00,2022-02-07 17:00:00,29.8,22.0270872,50.94,5.9,93.0,3.6,1003.6,26.127289,44.444925
2022-02-07 17:00:00,2022-02-07 18:00:00,32.8,24.2445792,51.69,5.6,97.0,3.6,1003.5,26.127289,44.444925
2022-02-07 18:00:00,2022-02-07 19:00:00,29.72,21.967954080000002,37.46,5.8,97.0,7.2,1003.5,26.127289,44.444925
2022-02-07 19:00:00,2022-02-07 20:00:00,21.79,16.10638356,29.76,6.2,96.0,7.2,1003.6,26.127289,44.444925
2022-02-07 20:00:00,2022-02-07 21:00:00,23.74,17.54775336,25.13,6.4,94.0,7.2,1004.0,26.127289,44.444925
2022-02-07 21:00:00,2022-02-07 22:00:00,30.02,22.18970328,24.76,5.9,93.0,7.2,1004.3,26.127289,44.444925
2022-02-07 22:00:00,2022-02-07 23:00:00,37.21,27.504292440000004,25.15,5.1,93.0,3.6,1005.1,26.127289,44.444925
2022-02-08 00:00:00,2022-02-08 01:00:00,45.55,33.6689202,32.05,4.2,97.0,3.6,1006.8,26.127289,44.444925
2022-02-08 01:00:00,2022-02-08 02:00:00,15.76,11.64922464,18.93,3.6,96.0,7.2,1007.8,26.127289,44.444925
2022-02-08 02:00:00,2022-02-08 03:00:00,3.52,2.6018572800000004,15.72,3.0,97.0,3.6,1008.7,26.127289,44.444925
2022-02-08 03:00:00,2022-02-08 04:00:00,3.77,2.78664828,15.17,2.6,97.0,7.2,1009.5,26.127289,44.444925
2022-02-08 04:00:00,2022-02-08 05:00:00,3.41,2.5205492400000002,18.48,2.0,97.0,7.2,1009.8,26.127289,44.444925
2022-02-08 05:00:00,2022-02-08 06:00:00,3.22,2.3801080800000003,21.2,1.9,97.0,7.2,1011.9,26.127289,44.444925
2022-02-08 06:00:00,2022-02-08 07:00:00,3.89,2.8753479600000005,41.43,1.8,97.0,3.6,1012.8,26.127289,44.444925
2022-02-08 07:00:00,2022-02-08 08:00:00,6.3,4.656733200000001,36.34,2.5,94.0,3.6,1013.8,26.127289,44.444925
2022-02-08 08:00:00,2022-02-08 09:00:00,11.37,8.40429468,41.76,3.3,91.0,3.6,1014.7,26.127289,44.444925
2022-02-08 09:00:00,2022-02-08 10:00:00,13.38,9.89001432,44.01,4.6,76.0,3.6,1015.8,26.127289,44.444925
2022-02-08 10:00:00,2022-02-08 11:00:00,8.12,6.00201168,27.07,8.0,46.0,10.8,1016.4,26.127289,44.444925
2022-02-08 11:00:00,2022-02-08 12:00:00,6.21,4.5902084400000005,22.91,8.6,36.0,10.8,1016.4,26.127289,44.444925
2022-02-08 12:00:00,2022-02-08 13:00:00,6.14,4.53846696,24.16,9.5,33.0,7.2,1016.7,26.127289,44.444925
2022-02-08 13:00:00,2022-02-08 14:00:00,6.49,4.7971743600000005,23.33,9.1,31.0,7.2,1016.9,26.127289,44.444925
2022-02-08 14:00:00,2022-02-08 15:00:00,6.35,4.6936914,29.54,9.4,31.0,7.2,1017.2,26.127289,44.444925
2022-02-08 15:00:00,2022-02-08 16:00:00,6.0,4.434984,41.44,7.6,32.0,7.2,1018.1,26.127289,44.444925
2022-02-08 16:00:00,2022-02-08 17:00:00,6.81,5.03370684,42.26,6.0,37.0,7.2,1019.4,26.127289,44.444925
2022-02-08 17:00:00,2022-02-08 18:00:00,9.58,7.081191120000001,46.59,4.8,42.0,7.2,1020.7,26.127289,44.444925
2022-02-08 18:00:00,2022-02-08 19:00:00,11.37,8.40429468,45.58,3.7,45.0,3.6,1021.3,26.127289,44.444925
2022-02-08 19:00:00,2022-02-08 20:00:00,12.66,9.35781624,40.11,3.3,48.0,7.2,1021.6,26.127289,44.444925
2022-02-08 20:00:00,2022-02-08 21:00:00,15.28,11.29442592,42.63,3.2,46.0,3.6,1022.1,26.127289,44.444925
2022-02-08 21:00:00,2022-02-08 22:00:00,25.39,18.76737396,59.64,1.5,52.0,3.6,1022.7,26.127289,44.444925
2022-02-08 22:00:00,2022-02-08 23:00:00,25.74,19.02608136,48.48,1.2,53.0,3.6,1022.5,26.127289,44.444925
2022-02-08 23:00:00,2022-02-09 00:00:00,21.49,15.88463436,27.96,1.3,54.0,3.6,1022.6,26.127289,44.444925
2022-02-09 01:00:00,2022-02-09 02:00:00,12.96,9.579565440000001,25.43,1.4,57.0,7.2,1022.7,26.127289,44.444925
2022-02-09 02:00:00,2022-02-09 03:00:00,10.26,7.58382264,21.6,2.1,55.0,3.6,1022.3,26.127289,44.444925
2022-02-09 03:00:00,2022-02-09 04:00:00,9.85,7.2807654,19.67,1.8,59.0,3.6,1022.2,26.127289,44.444925
2022-02-09 04:00:00,2022-02-09 05:00:00,10.03,7.41381492,17.34,1.8,60.0,3.6,1022.4,26.127289,44.444925
2022-02-09 05:00:00,2022-02-09 06:00:00,11.45,8.4634278,31.0,1.9,58.0,7.2,1022.6,26.127289,44.444925
2022-02-09 06:00:00,2022-02-09 07:00:00,14.81,10.94701884,42.7,1.1,63.0,7.2,1023.4,26.127289,44.444925
2022-02-09 07:00:00,2022-02-09 08:00:00,20.36,15.04937904,46.11,1.2,64.0,3.6,1023.9,26.127289,44.444925
2022-02-09 08:00:00,2022-02-09 09:00:00,24.88,18.39040032,44.0,2.1,62.0,3.6,1024.0,26.127289,44.444925
2022-02-09 09:00:00,2022-02-09 10:00:00,29.67,21.93099588,42.4,3.5,55.0,3.6,1024.6,26.127289,44.444925
2022-02-09 10:00:00,2022-02-09 11:00:00,29.96,22.14535344,40.74,7.7,45.0,3.6,1024.6,26.127289,44.444925
2022-02-09 11:00:00,2022-02-09 12:00:00,34.36,25.39767504,42.46,10.4,38.0,3.6,1024.3,26.127289,44.444925
2022-02-09 12:00:00,2022-02-09 13:00:00,17.21,12.72101244,34.5,12.3,36.0,7.2,1024.0,26.127289,44.444925
2022-02-09 13:00:00,2022-02-09 14:00:00,13.65,10.0895886,30.6,13.1,32.0,3.6,1023.8,26.127289,44.444925
2022-02-09 14:00:00,2022-02-09 15:00:00,14.21,10.50352044,34.57,12.6,33.0,3.6,1023.9,26.127289,44.444925
2022-02-09 15:00:00,2022-02-09 16:00:00,15.53,11.47921692,42.68,12.3,34.0,3.6,1024.1,26.127289,44.444925
2022-02-09 16:00:00,2022-02-09 17:00:00,17.29,12.78014556,73.41,9.4,43.0,7.2,1024.7,26.127289,44.444925
2022-02-09 17:00:00,2022-02-09 18:00:00,17.74,13.11276936,61.69,7.0,49.0,3.6,1025.7,26.127289,44.444925
2022-02-09 18:00:00,2022-02-09 19:00:00,24.32,17.97646848,68.68,5.3,55.0,3.6,1026.2,26.127289,44.444925
2022-02-09 19:00:00,2022-02-09 20:00:00,33.62,24.85069368,69.48,4.2,58.0,3.6,1026.9,26.127289,44.444925
2022-02-09 20:00:00,2022-02-09 21:00:00,35.32,26.107272480000002,70.45,3.5,63.0,3.6,1027.4,26.127289,44.444925
2022-02-09 21:00:00,2022-02-09 22:00:00,42.2,31.192720800000004,76.84,2.7,67.0,9.4,1027.7,26.127289,44.444925
2022-02-09 22:00:00,2022-02-09 23:00:00,55.2,40.801852800000006,77.75,1.8,72.0,6.1,1027.8,26.127289,44.444925
2022-02-09 23:00:00,2022-02-10 00:00:00,54.37,40.18834668,66.6,1.8,72.0,3.6,1028.2,26.127289,44.444925
2022-02-10 00:00:00,2022-02-10 01:00:00,60.05,44.3867982,57.52,1.4,73.0,3.6,1028.4,26.127289,44.444925
2022-02-10 02:00:00,2022-02-10 03:00:00,47.75,35.295081,43.46,-0.1,80.0,7.6,1028.2,26.127289,44.444925
2022-02-10 03:00:00,2022-02-10 04:00:00,46.99,34.73331636,39.25,-0.3,81.0,3.6,1028.5,26.127289,44.444925
2022-02-10 04:00:00,2022-02-10 05:00:00,46.84,34.62244176000001,41.81,0.1,77.0,10.1,1028.4,26.127289,44.444925
2022-02-10 05:00:00,2022-02-10 06:00:00,38.89,28.74608796,46.76,-0.3,80.0,3.6,1028.0,26.127289,44.444925
2022-02-10 06:00:00,2022-02-10 07:00:00,43.09,31.850576760000003,62.46,-1.4,82.0,7.2,1028.5,26.127289,44.444925
2022-02-10 07:00:00,2022-02-10 08:00:00,68.66,50.75100024,74.76,0.1,76.0,7.2,1028.5,26.127289,44.444925
2022-02-10 08:00:00,2022-02-10 09:00:00,71.15,52.59151860000001,60.37,3.1,66.0,7.2,1028.6,26.127289,44.444925
2022-02-10 09:00:00,2022-02-10 10:00:00,59.6,44.0541744,52.19,6.4,59.0,7.2,1028.1,26.127289,44.444925
2022-02-10 10:00:00,2022-02-10 11:00:00,45.22,33.42499608,34.39,8.8,54.0,7.2,1028.0,26.127289,44.444925
2022-02-10 11:00:00,2022-02-10 12:00:00,35.86,26.506421040000003,23.79,11.1,49.0,7.2,1027.1,26.127289,44.444925
2022-02-10 12:00:00,2022-02-10 13:00:00,31.71,23.43889044,25.98,12.4,45.0,7.2,1026.2,26.127289,44.444925
2022-02-10 13:00:00,2022-02-10 14:00:00,21.23,15.692451720000001,22.77,13.5,41.0,7.2,1025.6,26.127289,44.444925
2022-02-10 14:00:00,2022-02-10 15:00:00,18.87,13.948024680000001,21.15,13.0,41.0,10.8,1025.2,26.127289,44.444925
2022-02-10 15:00:00,2022-02-10 16:00:00,18.64,13.77801696,25.34,12.2,45.0,10.8,1024.8,26.127289,44.444925
2022-02-10 16:00:00,2022-02-10 17:00:00,22.92,16.941638880000003,43.89,9.9,56.0,3.6,1024.7,26.127289,44.444925
2022-02-10 17:00:00,2022-02-10 18:00:00,38.19,28.22867316,65.16,7.2,69.0,3.6,1024.8,26.127289,44.444925
2022-02-10 18:00:00,2022-02-10 19:00:00,50.2,37.1060328,67.08,6.2,75.0,3.6,1024.7,26.127289,44.444925
2022-02-10 19:00:00,2022-02-10 20:00:00,36.47,26.95731108,48.33,5.4,80.0,3.6,1024.2,26.127289,44.444925
2022-02-10 20:00:00,2022-02-10 21:00:00,33.87,25.03548468,45.9,5.1,81.0,7.2,1024.1,26.127289,44.444925
2022-02-10 21:00:00,2022-02-10 22:00:00,35.08,25.92987312,61.49,4.4,84.0,3.6,1023.6,26.127289,44.444925
2022-02-10 22:00:00,2022-02-10 23:00:00,28.92,21.376622880000003,46.5,3.7,86.0,3.6,1023.4,26.127289,44.444925
2022-02-11 23:00:00,2022-02-12 00:00:00,160.37,118.53973068,131.17,4.0,82.0,6.5,1021.7,26.127289,44.444925
2022-02-12 00:00:00,2022-02-12 01:00:00,145.33,107.42270412000002,100.62,4.1,81.0,7.2,1021.5,26.127289,44.444925
2022-02-12 01:00:00,2022-02-12 02:00:00,74.47,55.04554308,58.57,3.3,81.0,3.6,1021.8,26.127289,44.444925
2022-02-12 02:00:00,2022-02-12 03:00:00,51.53,38.089120920000006,33.35,2.8,81.0,3.6,1021.9,26.127289,44.444925
2022-02-12 04:00:00,2022-02-12 05:00:00,45.93,33.94980252,28.81,1.3,85.0,3.6,1022.8,26.127289,44.444925
2022-02-12 05:00:00,2022-02-12 06:00:00,45.41,33.56543724,35.9,1.1,85.0,7.2,1023.3,26.127289,44.444925
2022-02-12 06:00:00,2022-02-12 07:00:00,61.82,45.695118480000005,45.4,1.2,83.0,6.5,1024.3,26.127289,44.444925
2022-02-12 07:00:00,2022-02-12 08:00:00,66.28,48.99178992,58.06,2.7,78.0,4.0,1025.8,26.127289,44.444925
2022-02-12 08:00:00,2022-02-12 09:00:00,47.22,34.903324080000004,48.29,5.8,67.0,7.2,1027.0,26.127289,44.444925
2022-02-12 09:00:00,2022-02-12 10:00:00,19.1,14.118032400000002,29.31,8.1,63.0,7.2,1028.0,26.127289,44.444925
2022-02-12 10:00:00,2022-02-12 11:00:00,10.1,7.4655564000000005,27.79,7.8,55.0,7.2,1029.7,26.127289,44.444925
2022-02-12 11:00:00,2022-02-12 12:00:00,13.73,10.148721720000001,30.39,8.2,53.0,7.2,1029.8,26.127289,44.444925
2022-02-12 12:00:00,2022-02-12 13:00:00,14.1,10.422212400000001,32.0,7.8,51.0,7.2,1030.1,26.127289,44.444925
2022-02-12 13:00:00,2022-02-12 14:00:00,12.69,9.37999116,36.93,7.1,52.0,10.8,1030.6,26.127289,44.444925
2022-02-12 14:00:00,2022-02-12 15:00:00,14.71,10.873102440000002,39.09,6.6,53.0,7.2,1031.4,26.127289,44.444925
2022-02-12 15:00:00,2022-02-12 16:00:00,17.98,13.29016872,36.06,6.3,55.0,7.2,1032.1,26.127289,44.444925
2022-02-12 16:00:00,2022-02-12 17:00:00,21.87,16.165516680000003,42.53,5.7,56.0,3.6,1032.8,26.127289,44.444925
2022-02-12 17:00:00,2022-02-12 18:00:00,28.78,21.273139920000002,52.35,4.0,63.0,3.6,1033.5,26.127289,44.444925
2022-02-12 18:00:00,2022-02-12 19:00:00,32.07,23.704989480000002,59.04,3.1,66.0,3.6,1034.5,26.127289,44.444925
2022-02-12 19:00:00,2022-02-12 20:00:00,32.25,23.838039000000002,53.15,2.2,71.0,3.6,1035.1,26.127289,44.444925
2022-02-12 20:00:00,2022-02-12 21:00:00,22.21,16.41683244,41.94,4.1,56.0,7.2,1035.7,26.127289,44.444925
2022-02-12 21:00:00,2022-02-12 22:00:00,16.61,12.27751404,37.92,3.4,55.0,10.8,1036.3,26.127289,44.444925
2022-02-12 22:00:00,2022-02-12 23:00:00,14.15,10.4591706,30.88,3.0,55.0,7.2,1036.6,26.127289,44.444925
2022-02-12 23:00:00,2022-02-13 00:00:00,13.29,9.82348956,22.54,2.5,58.0,10.8,1036.8,26.127289,44.444925
2022-02-13 00:00:00,2022-02-13 01:00:00,13.13,9.705223320000002,20.23,2.1,61.0,10.8,1036.7,26.127289,44.444925
2022-02-13 01:00:00,2022-02-13 02:00:00,12.07,8.92170948,15.74,1.6,64.0,7.2,1037.0,26.127289,44.444925
2022-02-13 02:00:00,2022-02-13 03:00:00,11.43,8.44864452,15.88,1.0,68.0,7.2,1036.5,26.127289,44.444925
2022-02-13 03:00:00,2022-02-13 04:00:00,12.33,9.113892120000001,16.3,0.4,70.0,7.2,1036.3,26.127289,44.444925
2022-02-13 05:00:00,2022-02-13 06:00:00,15.11,11.16876804,20.35,-0.6,73.0,7.2,1036.2,26.127289,44.444925
2022-02-13 06:00:00,2022-02-13 07:00:00,15.45,11.4200838,24.36,-0.9,74.0,7.2,1036.4,26.127289,44.444925
2022-02-13 07:00:00,2022-02-13 08:00:00,16.32,12.063156480000002,21.78,-0.2,72.0,7.2,1036.4,26.127289,44.444925
2022-02-13 08:00:00,2022-02-13 09:00:00,18.54,13.70410056,26.4,1.2,69.0,7.2,1036.3,26.127289,44.444925
2022-02-13 09:00:00,2022-02-13 10:00:00,20.37,15.056770680000001,24.9,3.0,64.0,3.6,1035.8,26.127289,44.444925
2022-02-13 10:00:00,2022-02-13 11:00:00,22.02,16.276391280000002,23.81,5.5,56.0,3.6,1035.2,26.127289,44.444925
2022-02-13 11:00:00,2022-02-13 12:00:00,19.53,14.435872920000001,25.64,6.5,55.0,7.2,1034.2,26.127289,44.444925
2022-02-13 12:00:00,2022-02-13 13:00:00,15.27,11.28703428,26.69,7.0,47.0,3.6,1033.1,26.127289,44.444925
2022-02-13 13:00:00,2022-02-13 14:00:00,14.58,10.777011120000001,32.16,6.5,48.0,7.2,1032.3,26.127289,44.444925
2022-02-13 14:00:00,2022-02-13 15:00:00,15.19,11.22790116,32.12,7.0,44.0,3.6,1031.5,26.127289,44.444925
2022-02-13 15:00:00,2022-02-13 16:00:00,16.67,12.321863880000002,33.77,6.3,47.0,3.6,1031.0,26.127289,44.444925
2022-02-13 16:00:00,2022-02-13 17:00:00,19.23,14.214123720000002,47.09,4.8,51.0,3.6,1030.6,26.127289,44.444925
2022-02-13 17:00:00,2022-02-13 18:00:00,25.8,19.0704312,59.59,2.9,56.0,3.6,1030.5,26.127289,44.444925
2022-02-13 18:00:00,2022-02-13 19:00:00,30.11,22.25622804,62.89,2.0,59.0,3.6,1030.4,26.127289,44.444925
2022-02-13 19:00:00,2022-02-13 20:00:00,32.73,24.19283772,64.45,1.3,61.0,3.6,1030.0,26.127289,44.444925
2022-02-13 20:00:00,2022-02-13 21:00:00,31.57,23.33540748,60.85,1.0,64.0,8.3,1029.8,26.127289,44.444925
2022-02-13 21:00:00,2022-02-13 22:00:00,25.13,18.575191320000002,54.08,0.9,74.0,3.6,1029.8,26.127289,44.444925
2022-02-13 22:00:00,2022-02-13 23:00:00,14.23,10.51830372,34.18,0.0,79.0,3.6,1029.2,26.127289,44.444925
2022-02-13 23:00:00,2022-02-14 00:00:00,14.05,10.3852542,30.88,-0.8,86.0,3.6,1029.1,26.127289,44.444925
2022-02-14 00:00:00,2022-02-14 01:00:00,19.11,14.12542404,23.77,-1.5,89.0,3.6,1028.5,26.127289,44.444925
2022-02-14 01:00:00,2022-02-14 02:00:00,20.73,15.322869720000002,29.31,-1.2,89.0,5.4,1028.0,26.127289,44.444925
2022-02-14 02:00:00,2022-02-14 03:00:00,20.24,14.96067936,29.28,-1.1,90.0,5.0,1027.6,26.127289,44.444925
2022-02-14 03:00:00,2022-02-14 04:00:00,18.79,13.88889156,29.25,-0.6,88.0,3.6,1027.1,26.127289,44.444925
2022-02-14 04:00:00,2022-02-14 05:00:00,24.43,18.05777652,38.55,-1.7,92.0,5.8,1027.1,26.127289,44.444925
2022-02-14 06:00:00,2022-02-14 07:00:00,33.18,24.52546152,63.06,-2.5,96.0,3.6,1026.9,26.127289,44.444925
2022-02-14 07:00:00,2022-02-14 08:00:00,33.41,24.695469239999998,59.89,0.2,96.0,3.6,1027.0,26.127289,44.444925
2022-02-14 08:00:00,2022-02-14 09:00:00,36.13,26.705995320000003,59.93,2.9,78.0,3.6,1026.7,26.127289,44.444925
2022-02-14 09:00:00,2022-02-14 10:00:00,38.45,28.420855800000005,58.36,5.1,72.0,3.6,1026.6,26.127289,44.444925
2022-02-14 10:00:00,2022-02-14 11:00:00,29.2,21.5835888,44.31,6.5,65.0,3.6,1026.3,26.127289,44.444925
2022-02-14 11:00:00,2022-02-14 12:00:00,21.76,16.084208640000003,36.09,6.1,61.0,3.6,1025.5,26.127289,44.444925
2022-02-14 12:00:00,2022-02-14 13:00:00,21.45,15.8550678,42.36,7.5,51.0,3.6,1024.8,26.127289,44.444925
2022-02-14 13:00:00,2022-02-14 14:00:00,21.55,15.928984200000002,46.47,7.4,49.0,3.6,1024.4,26.127289,44.444925
2022-02-14 14:00:00,2022-02-14 15:00:00,22.34,16.51292376,45.35,8.4,45.0,3.6,1023.9,26.127289,44.444925
2022-02-14 15:00:00,2022-02-14 16:00:00,22.79,16.84554756,58.98,6.2,55.0,3.6,1023.8,26.127289,44.444925
2022-02-14 16:00:00,2022-02-14 17:00:00,26.37,19.491754680000003,66.45,5.6,58.0,3.6,1023.9,26.127289,44.444925
2022-02-14 17:00:00,2022-02-14 18:00:00,30.49,22.53711036,62.38,5.2,60.0,3.6,1024.1,26.127289,44.444925
2022-02-14 18:00:00,2022-02-14 19:00:00,29.33,21.67968012,63.04,4.0,64.0,0.0,1024.2,26.127289,44.444925
2022-02-14 19:00:00,2022-02-14 20:00:00,33.44,24.71764416,69.05,2.3,70.0,7.2,1024.2,26.127289,44.444925
2022-02-14 20:00:00,2022-02-14 21:00:00,32.94,24.34806216,66.34,2.8,68.0,6.5,1024.1,26.127289,44.444925
2022-02-14 21:00:00,2022-02-14 22:00:00,38.97,28.805221080000003,66.82,3.3,66.0,6.1,1024.0,26.127289,44.444925
2022-02-14 22:00:00,2022-02-14 23:00:00,29.93,22.12317852,53.37,3.4,66.0,3.6,1023.6,26.127289,44.444925
2022-02-16 23:00:00,2022-02-17 00:00:00,61.27,45.28857828,50.54,6.5,78.0,3.6,1013.9,26.127289,44.444925
2022-02-17 00:00:00,2022-02-17 01:00:00,54.9,40.5801036,36.73,5.8,82.0,3.6,1013.9,26.127289,44.444925
2022-02-17 01:00:00,2022-02-17 02:00:00,45.24,33.43977936,38.58,5.8,82.0,3.6,1013.4,26.127289,44.444925
2022-02-17 02:00:00,2022-02-17 03:00:00,28.22,20.859208080000002,32.93,5.1,85.0,3.6,1012.9,26.127289,44.444925
2022-02-17 03:00:00,2022-02-17 04:00:00,27.86,20.59310904,27.67,3.9,88.0,3.6,1012.3,26.127289,44.444925
2022-02-17 04:00:00,2022-02-17 05:00:00,31.17,23.03974188,27.52,3.3,91.0,7.2,1012.1,26.127289,44.444925
2022-02-17 05:00:00,2022-02-17 06:00:00,34.38,25.412458320000002,37.06,2.5,92.0,3.6,1011.6,26.127289,44.444925
2022-02-17 06:00:00,2022-02-17 07:00:00,39.52,29.211761280000005,37.43,1.3,92.0,7.2,1011.8,26.127289,44.444925
2022-02-17 07:00:00,2022-02-17 08:00:00,54.4,40.2105216,33.65,2.1,91.0,7.2,1011.5,26.127289,44.444925
2022-02-17 09:00:00,2022-02-17 10:00:00,52.98,39.16090872,34.87,8.1,74.0,7.2,1009.9,26.127289,44.444925
2022-02-17 10:00:00,2022-02-17 11:00:00,39.95,29.529601800000005,23.59,11.3,63.0,10.8,1009.0,26.127289,44.444925
2022-02-17 11:00:00,2022-02-17 12:00:00,37.63,27.814741320000003,24.48,12.3,59.0,10.8,1007.8,26.127289,44.444925
2022-02-17 12:00:00,2022-02-17 13:00:00,34.13,25.227667320000002,21.43,14.0,54.0,10.8,1006.4,26.127289,44.444925
2022-02-17 13:00:00,2022-02-17 14:00:00,34.31,25.360716840000002,21.25,15.0,51.0,14.4,1005.4,26.127289,44.444925
2022-02-17 14:00:00,2022-02-17 15:00:00,32.98,24.37762872,24.64,14.5,52.0,14.4,1004.3,26.127289,44.444925
2022-02-17 15:00:00,2022-02-17 16:00:00,29.82,22.04187048,28.17,14.6,49.0,14.4,1003.1,26.127289,44.444925
2022-02-17 16:00:00,2022-02-17 17:00:00,26.46,19.558279440000003,26.2,13.5,52.0,10.8,1002.8,26.127289,44.444925
2022-02-17 17:00:00,2022-02-17 18:00:00,34.69,25.64159916,36.4,11.9,61.0,7.2,1003.1,26.127289,44.444925
2022-02-17 18:00:00,2022-02-17 19:00:00,36.94,27.30471816,39.86,9.8,67.0,7.2,1003.0,26.127289,44.444925
2022-02-17 19:00:00,2022-02-17 20:00:00,36.02,26.624687280000003,35.22,9.2,70.0,7.2,1002.5,26.127289,44.444925
2022-02-17 20:00:00,2022-02-17 21:00:00,35.38,26.151622320000005,36.6,9.7,65.0,7.2,1002.8,26.127289,44.444925
2022-02-17 21:00:00,2022-02-17 22:00:00,35.81,26.469462840000002,38.26,9.7,65.0,10.8,1002.8,26.127289,44.444925
2022-02-17 22:00:00,2022-02-17 23:00:00,35.91,26.54337924,30.91,9.8,64.0,7.2,1003.1,26.127289,44.444925
2022-02-17 23:00:00,2022-02-18 00:00:00,37.45,27.681691800000003,21.74,8.8,69.0,10.8,1004.2,26.127289,44.444925
2022-02-18 00:00:00,2022-02-18 01:00:00,34.18,25.264625520000003,18.97,8.8,67.0,10.8,1004.2,26.127289,44.444925
2022-02-18 01:00:00,2022-02-18 02:00:00,27.95,20.6596338,13.47,8.8,67.0,10.8,1004.2,26.127289,44.444925
2022-02-18 02:00:00,2022-02-18 03:00:00,16.04,11.85619056,11.37,9.0,65.0,14.4,1004.0,26.127289,44.444925
2022-02-18 03:00:00,2022-02-18 04:00:00,10.45,7.7242638,11.66,9.8,56.0,14.4,1004.7,26.127289,44.444925
2022-02-18 04:00:00,2022-02-18 05:00:00,10.0,7.391640000000001,10.62,10.4,42.0,18.0,1005.0,26.127289,44.444925
2022-02-18 05:00:00,2022-02-18 06:00:00,7.21,5.32937244,17.31,8.9,56.0,10.8,1006.7,26.127289,44.444925
2022-02-18 06:00:00,2022-02-18 07:00:00,7.66,5.661996240000001,23.68,8.3,52.0,7.2,1007.9,26.127289,44.444925
2022-02-18 07:00:00,2022-02-18 08:00:00,7.72,5.70634608,28.37,8.2,51.0,7.2,1009.8,26.127289,44.444925
2022-02-18 08:00:00,2022-02-18 09:00:00,5.81,4.29454284,22.76,9.9,46.0,7.2,1010.3,26.127289,44.444925
2022-02-18 10:00:00,2022-02-18 11:00:00,4.64,3.42972096,19.14,12.1,34.0,10.8,1011.5,26.127289,44.444925
2022-02-18 11:00:00,2022-02-18 12:00:00,5.2,3.8436528000000005,21.3,12.4,32.0,10.8,1012.1,26.127289,44.444925
2022-02-18 12:00:00,2022-02-18 13:00:00,4.63,3.4223293200000002,20.69,14.5,24.0,7.2,1012.0,26.127289,44.444925
2022-02-18 13:00:00,2022-02-18 14:00:00,4.6,3.4001544,24.71,13.8,23.0,10.8,1012.5,26.127289,44.444925
2022-02-18 14:00:00,2022-02-18 15:00:00,9.28,6.85944192,29.68,14.0,21.0,10.8,1013.1,26.127289,44.444925
2022-02-18 15:00:00,2022-02-18 16:00:00,6.98,5.159364720000001,31.54,12.2,21.0,7.2,1013.7,26.127289,44.444925
2022-02-18 16:00:00,2022-02-18 17:00:00,7.44,5.49938016,34.89,10.6,28.0,7.2,1014.5,26.127289,44.444925
2022-02-18 17:00:00,2022-02-18 18:00:00,13.32,9.84566448,54.83,8.3,35.0,3.6,1015.8,26.127289,44.444925
2022-02-18 18:00:00,2022-02-18 19:00:00,17.15,12.6766626,62.98,6.7,42.0,3.6,1016.7,26.127289,44.444925
2022-02-18 19:00:00,2022-02-18 20:00:00,23.99,17.73254436,69.59,5.2,46.0,14.4,1017.3,26.127289,44.444925
2022-02-18 20:00:00,2022-02-18 21:00:00,37.14,27.452550960000003,80.4,5.0,51.0,3.6,1018.3,26.127289,44.444925
2022-02-18 21:00:00,2022-02-18 22:00:00,56.61,41.84407404,82.01,3.3,57.0,3.6,1018.3,26.127289,44.444925
2022-02-18 22:00:00,2022-02-18 23:00:00,62.58,46.256883120000005,66.18,3.3,55.0,3.6,1018.7,26.127289,44.444925
2022-02-18 23:00:00,2022-02-19 00:00:00,41.98,31.03010472,45.79,1.8,61.0,7.2,1018.7,26.127289,44.444925
2022-02-19 00:00:00,2022-02-19 01:00:00,31.81,23.51280684,44.22,3.3,57.0,3.6,1017.8,26.127289,44.444925
2022-02-19 01:00:00,2022-02-19 02:00:00,18.5,13.674534000000001,27.28,5.0,49.0,3.6,1017.7,26.127289,44.444925
2022-02-19 02:00:00,2022-02-19 03:00:00,23.5,17.370354000000003,19.56,2.6,57.0,7.2,1017.9,26.127289,44.444925
2022-02-19 03:00:00,2022-02-19 04:00:00,22.98,16.98598872,14.71,2.1,58.0,3.6,1018.0,26.127289,44.444925
2022-02-19 04:00:00,2022-02-19 05:00:00,25.71,19.00390644,22.88,0.8,63.0,3.6,1017.6,26.127289,44.444925
2022-02-19 05:00:00,2022-02-19 06:00:00,26.16,19.336530240000002,33.37,0.9,64.0,3.6,1017.7,26.127289,44.444925
2022-02-19 06:00:00,2022-02-19 07:00:00,30.78,22.751467920000003,40.18,-0.2,70.0,5.4,1017.8,26.127289,44.444925
2022-02-19 07:00:00,2022-02-19 08:00:00,30.39,22.46319396,39.73,3.1,60.0,3.6,1017.4,26.127289,44.444925
2022-02-19 08:00:00,2022-02-19 09:00:00,34.04,25.161142560000002,38.85,5.7,51.0,3.6,1017.2,26.127289,44.444925
2022-02-19 09:00:00,2022-02-19 10:00:00,33.08,24.45154512,30.0,9.7,43.0,3.6,1017.3,26.127289,44.444925
2022-02-19 11:00:00,2022-02-19 12:00:00,19.68,14.54674752,17.15,14.3,33.0,10.8,1016.2,26.127289,44.444925
2022-02-19 12:00:00,2022-02-19 13:00:00,16.84,12.44752176,17.22,16.1,26.0,10.8,1015.4,26.127289,44.444925
2022-02-19 13:00:00,2022-02-19 14:00:00,13.6,10.0526304,16.07,16.8,26.0,10.8,1014.7,26.127289,44.444925
2022-02-19 14:00:00,2022-02-19 15:00:00,15.36,11.35355904,19.22,17.2,25.0,10.8,1014.2,26.127289,44.444925
2022-02-19 15:00:00,2022-02-19 16:00:00,14.85,10.976585400000001,19.01,16.5,24.0,10.8,1014.3,26.127289,44.444925
2022-02-19 16:00:00,2022-02-19 17:00:00,18.44,13.630184160000002,33.35,14.5,29.0,7.2,1014.5,26.127289,44.444925
2022-02-19 17:00:00,2022-02-19 18:00:00,25.91,19.15173924,48.65,13.0,33.0,7.2,1015.1,26.127289,44.444925
2022-02-19 18:00:00,2022-02-19 19:00:00,27.46,20.297443440000002,45.04,12.4,35.0,7.2,1015.5,26.127289,44.444925
2022-02-19 19:00:00,2022-02-19 20:00:00,36.21,26.76512844,44.67,11.2,39.0,3.6,1016.0,26.127289,44.444925
2022-02-19 20:00:00,2022-02-19 21:00:00,40.03,29.588734920000004,37.92,11.7,38.0,3.6,1016.3,26.127289,44.444925
2022-02-19 21:00:00,2022-02-19 22:00:00,46.98,34.72592472,54.16,9.7,43.0,3.6,1016.4,26.127289,44.444925
2022-02-19 22:00:00,2022-02-19 23:00:00,47.65,35.2211646,50.1,7.5,51.0,7.2,1017.3,26.127289,44.444925
2022-02-19 23:00:00,2022-02-20 00:00:00,40.87,30.20963268,32.72,6.6,55.0,3.6,1017.1,26.127289,44.444925
2022-02-20 00:00:00,2022-02-20 01:00:00,44.39,32.81148996,28.91,7.4,54.0,3.6,1017.3,26.127289,44.444925
2022-02-20 01:00:00,2022-02-20 02:00:00,42.88,31.695352320000005,37.39,6.9,54.0,5.8,1017.4,26.127289,44.444925
2022-02-20 02:00:00,2022-02-20 03:00:00,39.62,29.28567768,31.21,6.9,55.0,3.6,1017.3,26.127289,44.444925
2022-02-20 03:00:00,2022-02-20 04:00:00,45.37,33.53587068,33.99,7.0,54.0,3.6,1017.7,26.127289,44.444925
2022-02-20 04:00:00,2022-02-20 05:00:00,57.06,42.17669784,32.25,7.0,58.0,3.6,1018.1,26.127289,44.444925
2022-02-20 05:00:00,2022-02-20 06:00:00,44.58,32.95193112,32.04,7.6,54.0,3.6,1018.4,26.127289,44.444925
2022-02-20 06:00:00,2022-02-20 07:00:00,28.64,21.16965696,28.35,9.2,50.0,7.2,1018.9,26.127289,44.444925
2022-02-20 07:00:00,2022-02-20 08:00:00,24.36,18.00603504,24.32,9.2,52.0,10.8,1019.5,26.127289,44.444925
2022-02-20 08:00:00,2022-02-20 09:00:00,20.46,15.123295440000001,32.33,8.2,65.0,10.8,1019.3,26.127289,44.444925
2022-02-20 09:00:00,2022-02-20 10:00:00,18.68,13.807583520000001,37.25,7.6,80.0,7.2,1019.4,26.127289,44.444925
2022-02-20 10:00:00,2022-02-20 11:00:00,18.77,13.87410828,35.79,8.4,82.0,7.2,1018.8,26.127289,44.444925
2022-02-20 12:00:00,2022-02-20 13:00:00,20.02,14.798063280000001,40.77,8.9,74.0,7.2,1017.8,26.127289,44.444925
2022-02-20 13:00:00,2022-02-20 14:00:00,19.25,14.228907000000001,34.37,9.4,74.0,3.6,1017.0,26.127289,44.444925
2022-02-20 14:00:00,2022-02-20 15:00:00,16.34,12.077939760000001,24.7,8.7,79.0,3.6,1016.9,26.127289,44.444925
2022-02-20 15:00:00,2022-02-20 16:00:00,16.98,12.551004720000002,25.11,8.5,79.0,3.6,1016.8,26.127289,44.444925
2022-02-20 16:00:00,2022-02-20 17:00:00,21.99,16.25421636,33.92,7.4,80.0,3.6,1016.3,26.127289,44.444925
2022-02-20 17:00:00,2022-02-20 18:00:00,26.37,19.491754680000003,47.78,7.2,81.0,3.6,1017.0,26.127289,44.444925
2022-02-20 18:00:00,2022-02-20 19:00:00,35.14,25.974222960000002,53.08,5.8,87.0,8.3,1017.5,26.127289,44.444925
2022-02-20 19:00:00,2022-02-20 20:00:00,31.67,23.409323880000002,62.65,5.5,88.0,3.6,1017.7,26.127289,44.444925
2022-02-20 20:00:00,2022-02-20 21:00:00,32.03,23.675422920000003,61.32,5.3,89.0,3.6,1017.9,26.127289,44.444925
2022-02-20 21:00:00,2022-02-20 22:00:00,30.12,22.26361968,48.11,4.8,90.0,3.6,1018.0,26.127289,44.444925
2022-02-20 22:00:00,2022-02-20 23:00:00,26.44,19.543496160000004,32.61,5.7,87.0,7.2,1017.8,26.127289,44.444925
2022-02-20 23:00:00,2022-02-21 00:00:00,26.14,19.321746960000002,23.53,4.9,89.0,7.2,1017.8,26.127289,44.444925
2022-02-21 00:00:00,2022-02-21 01:00:00,25.86,19.11478104,19.22,4.1,92.0,7.2,1017.7,26.127289,44.444925
2022-02-21 01:00:00,2022-02-21 02:00:00,28.4,20.9922576,15.54,2.5,96.0,7.2,1017.6,26.127289,44.444925
2022-02-21 02:00:00,2022-02-21 03:00:00,29.41,21.738813240000002,15.85,1.9,98.0,3.6,1017.1,26.127289,44.444925
2022-02-21 03:00:00,2022-02-21 04:00:00,39.58,29.25611112,14.16,1.5,98.0,7.2,1016.7,26.127289,44.444925
2022-02-21 04:00:00,2022-02-21 05:00:00,28.85,21.324881400000002,16.32,0.8,98.0,10.8,1016.3,26.127289,44.444925
2022-02-21 05:00:00,2022-02-21 06:00:00,26.54,19.61741256,28.14,1.0,100.0,7.2,1015.8,26.127289,44.444925
2022-02-21 06:00:00,2022-02-21 07:00:00,25.85,19.107389400000002,31.39,1.2,100.0,3.6,1015.4,26.127289,44.444925
2022-02-21 07:00:00,2022-02-21 08:00:00,27.91,20.630067240000002,32.97,1.7,100.0,7.2,1015.0,26.127289,44.444925
2022-02-21 08:00:00,2022-02-21 09:00:00,28.91,21.36923124,31.6,2.4,100.0,7.2,1014.4,26.127289,44.444925
2022-02-21 09:00:00,2022-02-21 10:00:00,26.31,19.44740484,23.59,4.7,100.0,3.6,1013.8,26.127289,44.444925
2022-02-21 10:00:00,2022-02-21 11:00:00,23.85,17.6290614,21.48,7.6,74.0,7.2,1013.0,26.127289,44.444925
2022-02-21 11:00:00,2022-02-21 12:00:00,16.2,11.9744568,18.43,10.1,62.0,7.2,1011.9,26.127289,44.444925
2022-02-21 13:00:00,2022-02-21 14:00:00,10.96,8.10123744,20.14,13.7,43.0,7.2,1009.2,26.127289,44.444925
2022-02-21 14:00:00,2022-02-21 15:00:00,9.38,6.933358320000001,22.34,14.2,40.0,10.8,1008.3,26.127289,44.444925
2022-02-21 15:00:00,2022-02-21 16:00:00,8.33,6.15723612,25.34,14.1,38.0,7.2,1007.5,26.127289,44.444925
2022-02-21 16:00:00,2022-02-21 17:00:00,8.65,6.3937686000000005,43.01,11.9,47.0,7.2,1007.1,26.127289,44.444925
2022-02-21 17:00:00,2022-02-21 18:00:00,14.42,10.65874488,58.13,9.0,59.0,3.6,1006.8,26.127289,44.444925
2022-02-21 18:00:00,2022-02-21 19:00:00,25.63,18.94477332,75.9,7.8,65.0,3.6,1006.4,26.127289,44.444925
2022-02-21 19:00:00,2022-02-21 20:00:00,38.11,28.16954004,85.32,7.0,70.0,3.6,1005.8,26.127289,44.444925
2022-02-21 20:00:00,2022-02-21 21:00:00,48.56,35.893803840000004,79.64,6.5,72.0,8.3,1005.2,26.127289,44.444925
2022-02-21 21:00:00,2022-02-21 22:00:00,46.15,34.1124186,81.58,5.9,75.0,10.1,1005.2,26.127289,44.444925
2022-02-21 22:00:00,2022-02-21 23:00:00,35.68,26.373371520000003,82.13,8.6,66.0,3.6,1004.8,26.127289,44.444925
2022-02-21 23:00:00,2022-02-22 00:00:00,40.58,29.99527512,77.34,5.9,76.0,3.6,1004.5,26.127289,44.444925
2022-02-22 00:00:00,2022-02-22 01:00:00,38.36,28.35433104,60.92,5.3,79.0,3.6,1004.0,26.127289,44.444925
2022-02-22 01:00:00,2022-02-22 02:00:00,35.84,26.491637760000003,46.41,6.0,76.0,3.6,1003.8,26.127289,44.444925
2022-02-22 02:00:00,2022-02-22 03:00:00,36.36,26.87600304,41.98,6.7,70.0,3.6,1003.6,26.127289,44.444925
2022-02-22 03:00:00,2022-02-22 04:00:00,35.44,26.19597216,36.55,6.0,81.0,5.4,1003.2,26.127289,44.444925
2022-02-22 04:00:00,2022-02-22 05:00:00,34.42,25.44202488,51.68,5.6,78.0,4.7,1003.3,26.127289,44.444925
2022-02-22 05:00:00,2022-02-22 06:00:00,35.95,26.572945800000003,57.85,4.9,85.0,3.6,1003.5,26.127289,44.444925
2022-02-22 06:00:00,2022-02-22 07:00:00,45.95,33.9645858,65.81,4.5,87.0,3.6,1003.8,26.127289,44.444925
2022-02-22 07:00:00,2022-02-22 08:00:00,56.0,41.393184000000005,74.47,7.3,76.0,4.7,1004.1,26.127289,44.444925
2022-02-22 08:00:00,2022-02-22 09:00:00,50.9,37.6234476,51.0,8.8,67.0,7.2,1005.2,26.127289,44.444925
2022-02-22 09:00:00,2022-02-22 10:00:00,44.48,32.87801472,46.84,10.8,61.0,3.6,1006.1,26.127289,44.444925
2022-02-22 10:00:00,2022-02-22 11:00:00,31.79,23.49802356,49.08,11.4,56.0,3.6,1006.8,26.127289,44.444925
2022-02-22 11:00:00,2022-02-22 12:00:00,28.31,20.925732840000002,51.7,11.9,55.0,7.2,1006.6,26.127289,44.444925
2022-02-22 12:00:00,2022-02-22 13:00:00,21.95,16.2246498,54.43,12.5,50.0,3.6,1006.9,26.127289,44.444925
2022-02-22 14:00:00,2022-02-22 15:00:00,23.85,17.6290614,60.24,12.6,57.0,3.6,1008.0,26.127289,44.444925
2022-02-22 15:00:00,2022-02-22 16:00:00,21.79,16.10638356,62.38,12.0,60.0,3.6,1008.8,26.127289,44.444925
2022-02-22 16:00:00,2022-02-22 17:00:00,23.13,17.09686332,61.94,11.4,60.0,7.2,1009.6,26.127289,44.444925
2022-02-22 17:00:00,2022-02-22 18:00:00,21.48,15.877242720000002,56.0,10.0,69.0,3.6,1011.0,26.127289,44.444925
2022-02-22 18:00:00,2022-02-22 19:00:00,24.47,18.08734308,56.75,9.5,67.0,3.6,1012.1,26.127289,44.444925
2022-02-22 19:00:00,2022-02-22 20:00:00,26.72,19.750462080000002,51.83,9.1,69.0,3.6,1012.9,26.127289,44.444925
2022-02-22 20:00:00,2022-02-22 21:00:00,28.87,21.339664680000002,42.46,8.7,70.0,3.6,1013.8,26.127289,44.444925
2022-02-22 21:00:00,2022-02-22 22:00:00,32.61,24.104138040000002,38.06,8.3,73.0,3.6,1014.7,26.127289,44.444925
2022-02-22 22:00:00,2022-02-22 23:00:00,32.14,23.756730960000002,35.11,7.6,82.0,7.9,1015.5,26.127289,44.444925
2022-02-22 23:00:00,2022-02-23 00:00:00,31.74,23.46106536,30.39,7.0,90.0,3.6,1016.1,26.127289,44.444925
2022-02-23 00:00:00,2022-02-23 01:00:00,29.12,21.524455680000003,24.43,6.7,92.0,3.6,1016.0,26.127289,44.444925
2022-02-23 01:00:00,2022-02-23 02:00:00,28.14,20.80007496,30.08,6.0,95.0,6.5,1016.3,26.127289,44.444925
2022-02-23 02:00:00,2022-02-23 03:00:00,25.69,18.989123160000002,24.12,6.3,93.0,3.6,1016.5,26.127289,44.444925
2022-02-23 03:00:00,2022-02-23 04:00:00,24.87,18.383008680000003,23.48,6.4,91.0,4.3,1017.2,26.127289,44.444925
2022-02-23 04:00:00,2022-02-23 05:00:00,23.36,17.26687104,25.92,6.6,84.0,3.6,1018.4,26.127289,44.444925
2022-02-23 05:00:00,2022-02-23 06:00:00,22.15,16.3724826,41.7,6.2,72.0,3.6,1018.8,26.127289,44.444925
2022-02-23 06:00:00,2022-02-23 07:00:00,20.01,14.790671640000003,45.41,6.4,63.0,3.6,1019.9,26.127289,44.444925
2022-02-23 07:00:00,2022-02-23 08:00:00,19.02,14.05889928,46.72,6.6,63.0,3.6,1020.5,26.127289,44.444925
2022-02-23 08:00:00,2022-02-23 09:00:00,16.61,12.27751404,47.93,7.8,58.0,3.6,1020.8,26.127289,44.444925
2022-02-23 09:00:00,2022-02-23 10:00:00,14.56,10.762227840000001,45.35,9.0,51.0,3.6,1020.5,26.127289,44.444925
2022-02-23 10:00:00,2022-02-23 11:00:00,16.88,12.47708832,41.66,11.6,44.0,3.6,1020.5,26.127289,44.444925
2022-02-23 11:00:00,2022-02-23 12:00:00,19.47,14.39152308,34.57,11.2,45.0,3.6,1020.5,26.127289,44.444925
2022-02-23 12:00:00,2022-02-23 13:00:00,18.67,13.800191880000002,26.93,10.6,50.0,7.2,1020.2,26.127289,44.444925
2022-02-23 13:00:00,2022-02-23 14:00:00,15.42,11.397908880000001,23.8,10.2,54.0,7.2,1020.1,26.127289,44.444925
2022-02-23 15:00:00,2022-02-23 16:00:00,19.13,14.14020732,31.17,8.8,67.0,3.6,1020.3,26.127289,44.444925
2022-02-23 16:00:00,2022-02-23 17:00:00,21.89,16.180299960000003,37.08,8.3,72.0,7.2,1020.4,26.127289,44.444925
2022-02-23 17:00:00,2022-02-23 18:00:00,25.47,18.82650708,33.54,8.1,75.0,7.2,1020.6,26.127289,44.444925
2022-02-23 18:00:00,2022-02-23 19:00:00,30.04,22.20448656,37.12,7.6,80.0,3.6,1020.5,26.127289,44.444925
2022-02-23 19:00:00,2022-02-23 20:00:00,29.15,21.5466306,41.27,5.8,88.0,3.6,1021.0,26.127289,44.444925
2022-02-23 20:00:00,2022-02-23 21:00:00,29.18,21.56880552,41.15,6.6,87.0,3.6,1020.8,26.127289,44.444925
2022-02-23 21:00:00,2022-02-23 22:00:00,33.1,24.466328400000002,50.19,6.3,94.0,6.5,1021.0,26.127289,44.444925
2022-02-23 22:00:00,2022-02-23 23:00:00,27.7,20.4748428,33.62,5.9,97.0,3.6,1021.3,26.127289,44.444925
2022-02-23 23:00:00,2022-02-24 00:00:00,12.45,9.2025918,29.08,4.9,95.0,3.6,1021.4,26.127289,44.444925
2022-02-24 00:00:00,2022-02-24 01:00:00,9.77,7.22163228,25.65,4.9,95.0,3.6,1021.4,26.127289,44.444925
2022-02-24 01:00:00,2022-02-24 02:00:00,12.67,9.36520788,17.76,5.2,86.0,7.2,1021.9,26.127289,44.444925
2022-02-24 02:00:00,2022-02-24 03:00:00,11.09,8.19732876,15.47,5.0,83.0,7.2,1022.5,26.127289,44.444925
2022-02-24 03:00:00,2022-02-24 04:00:00,8.29,6.127669559999999,17.37,4.7,83.0,3.6,1023.0,26.127289,44.444925
2022-02-24 04:00:00,2022-02-24 05:00:00,7.44,5.49938016,23.51,3.8,89.0,3.6,1023.6,26.127289,44.444925
2022-02-24 05:00:00,2022-02-24 06:00:00,9.28,6.85944192,36.4,3.1,89.0,3.6,1024.3,26.127289,44.444925
2022-02-24 06:00:00,2022-02-24 07:00:00,15.88,11.737924320000001,49.61,2.7,92.0,3.6,1025.1,26.127289,44.444925
2022-02-24 07:00:00,2022-02-24 08:00:00,24.01,17.74732764,50.94,5.1,79.0,3.6,1025.5,26.127289,44.444925
2022-02-24 08:00:00,2022-02-24 09:00:00,15.8,11.678791200000001,42.16,7.5,62.0,3.6,1025.9,26.127289,44.444925
2022-02-24 09:00:00,2022-02-24 10:00:00,10.51,7.76861364,34.04,8.5,50.0,7.2,1025.8,26.127289,44.444925
2022-02-24 10:00:00,2022-02-24 11:00:00,10.64,7.864704960000001,33.98,10.2,45.0,7.2,1025.6,26.127289,44.444925
2022-02-24 11:00:00,2022-02-24 12:00:00,10.49,7.75383036,39.18,9.8,51.0,7.2,1024.9,26.127289,44.444925
2022-02-24 12:00:00,2022-02-24 13:00:00,7.15,5.2850226000000005,28.85,9.2,40.0,7.2,1024.3,26.127289,44.444925
2022-02-24 13:00:00,2022-02-24 14:00:00,8.45,6.2459358,49.93,10.8,36.0,7.2,1023.8,26.127289,44.444925
2022-02-24 14:00:00,2022-02-24 15:00:00,8.31,6.142452840000001,39.84,10.1,37.0,3.6,1023.5,26.127289,44.444925
2022-02-24 16:00:00,2022-02-24 17:00:00,17.16,12.68405424,60.21,7.3,59.0,3.6,1023.5,26.127289,44.444925
2022-02-24 17:00:00,2022-02-24 18:00:00,26.56,19.63219584,72.1,5.2,66.0,3.6,1023.8,26.127289,44.444925
2022-02-24 18:00:00,2022-02-24 19:00:00,42.54,31.44403656,68.55,4.3,71.0,9.7,1023.8,26.127289,44.444925
2022-02-24 19:00:00,2022-02-24 20:00:00,40.25,29.751351000000003,63.26,4.0,70.0,3.6,1024.0,26.127289,44.444925
2022-02-24 20:00:00,2022-02-24 21:00:00,40.16,29.68482624,57.3,4.6,65.0,3.6,1023.9,26.127289,44.444925
2022-02-24 21:00:00,2022-02-24 22:00:00,31.82,23.52019848,53.36,3.2,69.0,3.6,1023.8,26.127289,44.444925
2022-02-24 22:00:00,2022-02-24 23:00:00,44.27,32.722790280000005,51.62,2.7,71.0,7.2,1023.7,26.127289,44.444925
2022-02-24 23:00:00,2022-02-25 00:00:00,34.85,25.759865400000002,44.31,1.7,77.0,3.6,1023.3,26.127289,44.444925
2022-02-25 00:00:00,2022-02-25 01:00:00,35.55,26.2772802,36.25,0.9,81.0,7.9,1022.9,26.127289,44.444925
2022-02-25 01:00:00,2022-02-25 02:00:00,26.93,19.90568652,34.86,0.7,81.0,6.8,1022.5,26.127289,44.444925
2022-02-25 02:00:00,2022-02-25 03:00:00,34.66,25.61942424,36.68,0.1,82.0,3.6,1022.1,26.127289,44.444925
2022-02-25 03:00:00,2022-02-25 04:00:00,25.32,18.71563248,37.42,-0.3,83.0,3.6,1021.4,26.127289,44.444925
2022-02-25 04:00:00,2022-02-25 05:00:00,21.9,16.1876916,39.35,-0.6,83.0,7.2,1021.2,26.127289,44.444925
2022-02-25 05:00:00,2022-02-25 06:00:00,21.47,15.86985108,48.5,-0.6,79.0,3.6,1021.2,26.127289,44.444925
2022-02-25 06:00:00,2022-02-25 07:00:00,31.64,23.38714896,70.48,-0.5,80.0,6.5,1020.9,26.127289,44.444925
2022-02-25 07:00:00,2022-02-25 08:00:00,48.84,36.100769760000006,67.54,4.1,62.0,5.4,1020.5,26.127289,44.444925
2022-02-25 08:00:00,2022-02-25 09:00:00,33.55,24.7989522,52.71,6.6,56.0,7.2,1020.4,26.127289,44.444925
2022-02-25 09:00:00,2022-02-25 10:00:00,24.2,17.8877688,28.28,7.2,57.0,10.8,1020.2,26.127289,44.444925
2022-02-25 10:00:00,2022-02-25 11:00:00,25.08,18.53823312,19.83,8.6,52.0,10.8,1019.6,26.127289,44.444925
2022-02-25 11:00:00,2022-02-25 12:00:00,22.67,16.756847880000002,17.59,10.8,48.0,10.8,1018.5,26.127289,44.444925
2022-02-25 12:00:00,2022-02-25 13:00:00,17.34,12.81710376,17.93,11.6,45.0,7.2,1017.4,26.127289,44.444925
2022-02-25 13:00:00,2022-02-25 14:00:00,15.07,11.13920148,18.11,13.0,40.0,7.2,1016.9,26.127289,44.444925
2022-02-25 14:00:00,2022-02-25 15:00:00,13.09,9.67565676,21.85,12.8,36.0,10.8,1016.3,26.127289,44.444925
2022-02-25 15:00:00,2022-02-25 16:00:00,15.98,11.811840720000001,22.46,12.2,36.0,10.8,1015.8,26.127289,44.444925
2022-02-25 17:00:00,2022-02-25 18:00:00,29.58,21.86447112,46.55,8.4,47.0,7.2,1016.8,26.127289,44.444925
2022-02-25 18:00:00,2022-02-25 19:00:00,33.58,24.82112712,57.23,7.4,51.0,7.2,1017.1,26.127289,44.444925
2022-02-25 19:00:00,2022-02-25 20:00:00,34.37,25.40506668,56.53,7.1,53.0,7.2,1017.6,26.127289,44.444925
2022-02-25 20:00:00,2022-02-25 21:00:00,40.85,30.194849400000003,63.58,5.7,58.0,3.6,1018.1,26.127289,44.444925
2022-02-25 21:00:00,2022-02-25 22:00:00,41.1,30.379640400000003,67.67,3.8,67.0,3.6,1018.6,26.127289,44.444925
2022-02-25 22:00:00,2022-02-25 23:00:00,49.09,36.28556076,67.19,3.6,65.0,3.6,1018.8,26.127289,44.444925
2022-02-25 23:00:00,2022-02-26 00:00:00,55.35,40.9127274,66.05,2.9,69.0,8.3,1018.8,26.127289,44.444925
2022-02-26 00:00:00,2022-02-26 01:00:00,49.41,36.52209324,65.21,2.2,73.0,6.8,1019.6,26.127289,44.444925
2022-02-26 01:00:00,2022-02-26 02:00:00,28.19,20.83703316,46.27,1.8,72.0,3.6,1020.0,26.127289,44.444925
2022-02-26 02:00:00,2022-02-26 03:00:00,29.88,22.08622032,37.42,1.9,64.0,3.6,1020.0,26.127289,44.444925
2022-02-26 03:00:00,2022-02-26 04:00:00,20.67,15.278519880000003,21.91,4.9,55.0,7.2,1020.2,26.127289,44.444925
2022-02-26 04:00:00,2022-02-26 05:00:00,22.09,16.328132760000003,18.23,5.4,58.0,10.8,1020.6,26.127289,44.444925
2022-02-26 05:00:00,2022-02-26 06:00:00,24.61,18.19082604,23.95,4.9,61.0,10.8,1021.4,26.127289,44.444925
2022-02-26 06:00:00,2022-02-26 07:00:00,28.66,21.18444024,36.69,4.6,66.0,7.2,1022.3,26.127289,44.444925
2022-02-26 07:00:00,2022-02-26 08:00:00,29.55,21.842296200000003,37.29,5.4,65.0,10.8,1022.8,26.127289,44.444925
2022-02-26 08:00:00,2022-02-26 09:00:00,29.87,22.07882868,36.11,7.1,62.0,10.8,1023.5,26.127289,44.444925
2022-02-26 09:00:00,2022-02-26 10:00:00,24.01,17.74732764,29.72,8.8,56.0,14.4,1023.6,26.127289,44.444925
2022-02-26 10:00:00,2022-02-26 11:00:00,18.93,13.99237452,23.61,11.4,51.0,10.8,1023.7,26.127289,44.444925
2022-02-26 11:00:00,2022-02-26 12:00:00,15.92,11.76749088,30.8,10.5,50.0,10.8,1023.8,26.127289,44.444925
2022-02-26 12:00:00,2022-02-26 13:00:00,14.02,10.363079280000001,32.64,10.4,50.0,10.8,1023.7,26.127289,44.444925
2022-02-26 13:00:00,2022-02-26 14:00:00,11.05,8.1677622,34.23,10.1,50.0,14.4,1023.9,26.127289,44.444925
2022-02-26 14:00:00,2022-02-26 15:00:00,12.68,9.37259952,28.05,10.0,50.0,10.8,1024.1,26.127289,44.444925
2022-02-26 15:00:00,2022-02-26 16:00:00,15.7,11.6048748,30.24,8.9,53.0,14.4,1024.4,26.127289,44.444925
2022-02-26 16:00:00,2022-02-26 17:00:00,16.99,12.55839636,40.55,8.0,56.0,10.8,1025.0,26.127289,44.444925
2022-02-26 18:00:00,2022-02-26 19:00:00,20.57,15.204603480000001,43.2,6.1,62.0,10.8,1026.2,26.127289,44.444925
2022-02-26 19:00:00,2022-02-26 20:00:00,19.97,14.76110508,39.76,5.5,64.0,10.8,1026.8,26.127289,44.444925
2022-02-26 20:00:00,2022-02-26 21:00:00,18.17,13.430609880000002,37.17,5.1,65.0,10.8,1027.1,26.127289,44.444925
2022-02-26 21:00:00,2022-02-26 22:00:00,18.99,14.03672436,40.39,5.1,65.0,10.8,1027.5,26.127289,44.444925
2022-02-26 22:00:00,2022-02-26 23:00:00,15.95,11.7896658,32.19,5.7,60.0,10.8,1027.4,26.127289,44.444925
2022-02-26 23:00:00,2022-02-27 00:00:00,12.23,9.039975720000001,22.91,6.2,55.0,10.8,1027.4,26.127289,44.444925
2022-02-27 00:00:00,2022-02-27 01:00:00,10.86,8.02732104,19.77,6.4,51.0,10.8,1027.6,26.127289,44.444925
2022-02-27 01:00:00,2022-02-27 02:00:00,11.35,8.3895114,13.3,6.2,51.0,10.8,1027.5,26.127289,44.444925
2022-02-27 02:00:00,2022-02-27 03:00:00,11.49,8.49299436,11.11,5.8,52.0,10.8,1027.6,26.127289,44.444925
2022-02-27 03:00:00,2022-02-27 04:00:00,12.89,9.527823960000001,11.72,5.1,55.0,7.2,1027.6,26.127289,44.444925
2022-02-27 04:00:00,2022-02-27 05:00:00,12.94,9.56478216,13.53,4.6,56.0,10.8,1027.7,26.127289,44.444925
2022-02-27 05:00:00,2022-02-27 06:00:00,12.79,9.45390756,16.22,3.7,57.0,10.8,1027.3,26.127289,44.444925
2022-02-27 06:00:00,2022-02-27 07:00:00,12.15,8.9808426,17.55,3.7,56.0,10.8,1028.2,26.127289,44.444925
2022-02-27 07:00:00,2022-02-27 08:00:00,13.31,9.83827284,18.27,4.1,56.0,7.2,1028.7,26.127289,44.444925
2022-02-27 08:00:00,2022-02-27 09:00:00,14.38,10.629178320000001,22.73,5.5,54.0,7.2,1028.7,26.127289,44.444925
2022-02-27 09:00:00,2022-02-27 10:00:00,15.31,11.316600840000001,23.29,6.2,51.0,14.4,1028.2,26.127289,44.444925
2022-02-27 10:00:00,2022-02-27 11:00:00,14.99,11.08006836,27.46,7.1,48.0,10.8,1027.8,26.127289,44.444925
2022-02-27 11:00:00,2022-02-27 12:00:00,13.4,9.9047976,27.76,8.1,43.0,14.4,1027.2,26.127289,44.444925
2022-02-27 12:00:00,2022-02-27 13:00:00,11.82,8.73691848,30.32,8.3,39.0,14.4,1026.6,26.127289,44.444925
2022-02-27 13:00:00,2022-02-27 14:00:00,12.67,9.36520788,37.32,8.2,40.0,10.8,1026.1,26.127289,44.444925
2022-02-27 14:00:00,2022-02-27 15:00:00,13.99,10.340904360000001,43.27,8.0,38.0,14.4,1025.4,26.127289,44.444925
2022-02-27 15:00:00,2022-02-27 16:00:00,14.28,10.55526192,32.55,7.9,39.0,7.2,1025.3,26.127289,44.444925
2022-02-27 16:00:00,2022-02-27 17:00:00,13.44,9.93436416,33.78,7.5,39.0,10.8,1025.1,26.127289,44.444925
2022-02-27 17:00:00,2022-02-27 18:00:00,16.24,12.00402336,37.93,7.0,42.0,10.8,1025.4,26.127289,44.444925
2022-02-27 19:00:00,2022-02-27 20:00:00,15.75,11.641833,41.99,6.3,43.0,10.8,1025.6,26.127289,44.444925
2022-02-27 20:00:00,2022-02-27 21:00:00,17.44,12.891020160000002,31.58,6.0,44.0,10.8,1025.4,26.127289,44.444925
2022-02-27 21:00:00,2022-02-27 22:00:00,18.95,14.0071578,26.93,5.7,48.0,10.8,1025.2,26.127289,44.444925
2022-02-27 22:00:00,2022-02-27 23:00:00,14.77,10.917452280000001,18.73,5.1,52.0,10.8,1024.8,26.127289,44.444925
2022-02-27 23:00:00,2022-02-28 00:00:00,15.16,11.20572624,14.87,4.7,54.0,10.8,1024.2,26.127289,44.444925
2022-02-28 00:00:00,2022-02-28 01:00:00,17.17,12.691445880000002,14.52,4.3,56.0,7.2,1024.5,26.127289,44.444925
2022-02-28 01:00:00,2022-02-28 02:00:00,16.48,12.18142272,11.44,2.9,68.0,10.8,1024.5,26.127289,44.444925
2022-02-28 02:00:00,2022-02-28 03:00:00,15.73,11.62704972,10.09,2.5,65.0,7.2,1024.3,26.127289,44.444925
2022-02-28 03:00:00,2022-02-28 04:00:00,13.76,10.17089664,12.49,3.2,55.0,7.2,1023.9,26.127289,44.444925
2022-02-28 04:00:00,2022-02-28 05:00:00,12.83,9.48347412,13.61,3.0,55.0,10.8,1023.5,26.127289,44.444925
2022-02-28 05:00:00,2022-02-28 06:00:00,13.82,10.215246480000001,27.0,2.3,61.0,10.8,1023.5,26.127289,44.444925
2022-02-28 06:00:00,2022-02-28 07:00:00,16.88,12.47708832,44.48,1.5,69.0,10.8,1023.8,26.127289,44.444925
2022-02-28 07:00:00,2022-02-28 08:00:00,17.43,12.88362852,45.63,2.4,60.0,10.8,1023.9,26.127289,44.444925
2022-02-28 08:00:00,2022-02-28 09:00:00,20.28,14.990245920000001,44.6,1.1,81.0,10.8,1024.7,26.127289,44.444925
2022-02-28 09:00:00,2022-02-28 10:00:00,22.07,16.31334948,49.03,1.8,83.0,10.8,1024.9,26.127289,44.444925
2022-02-28 10:00:00,2022-02-28 11:00:00,20.96,15.49287744,41.67,1.8,84.0,10.8,1025.3,26.127289,44.444925
2022-02-28 11:00:00,2022-02-28 12:00:00,22.32,16.49814048,45.18,1.3,86.0,10.8,1025.1,26.127289,44.444925
2022-02-28 12:00:00,2022-02-28 13:00:00,22.39,16.54988196,51.8,1.9,83.0,10.8,1025.1,26.127289,44.444925
2022-02-28 13:00:00,2022-02-28 14:00:00,20.6,15.226778400000002,45.98,2.8,72.0,10.8,1025.0,26.127289,44.444925
2022-02-28 14:00:00,2022-02-28 15:00:00,24.94,18.434750160000004,49.25,3.6,63.0,10.8,1024.7,26.127289,44.444925
2022-02-28 15:00:00,2022-02-28 16:00:00,23.77,17.56992828,49.87,3.1,63.0,10.8,1025.0,26.127289,44.444925
2022-02-28 16:00:00,2022-02-28 17:00:00,25.95,19.1813058,51.99,2.7,67.0,7.2,1025.7,26.127289,44.444925
2022-02-28 17:00:00,2022-02-28 18:00:00,21.99,16.25421636,52.51,2.5,65.0,10.8,1026.5,26.127289,44.444925
2022-02-28 18:00:00,2022-02-28 19:00:00,21.09,15.58896876,35.87,2.4,65.0,7.2,1027.1,26.127289,44.444925
2022-02-28 20:00:00,2022-02-28 21:00:00,24.7,18.2573508,39.96,1.4,80.0,3.6,1027.5,26.127289,44.444925
2022-02-28 21:00:00,2022-02-28 22:00:00,26.03,19.240438920000003,34.11,1.3,89.0,3.6,1027.5,26.127289,44.444925
2022-02-28 22:00:00,2022-02-28 23:00:00,21.14,15.625926960000001,24.78,0.7,90.0,3.6,1027.2,26.127289,44.444925
2022-02-28 23:00:00,2022-03-01 00:00:00,22.57,16.68293148,31.23,1.0,87.0,3.6,1026.9,26.127289,44.444925
2022-03-01 00:00:00,2022-03-01 01:00:00,22.02,14.13184146,25.33,1.1,84.0,3.6,1027.1,26.127289,44.444925
2022-03-01 01:00:00,2022-03-01 02:00:00,17.43,11.186103390000001,20.78,0.9,88.0,3.6,1026.9,26.127289,44.444925
2022-03-01 02:00:00,2022-03-01 03:00:00,15.02,9.63943046,18.16,1.1,87.0,3.6,1027.1,26.127289,44.444925
2022-03-01 03:00:00,2022-03-01 04:00:00,15.66,10.05016518,18.21,1.1,88.0,7.9,1027.1,26.127289,44.444925
2022-03-01 04:00:00,2022-03-01 05:00:00,16.06,10.30687438,26.11,0.9,91.0,3.6,1026.4,26.127289,44.444925
2022-03-01 05:00:00,2022-03-01 06:00:00,13.01,8.34946673,36.93,0.6,92.0,3.6,1026.3,26.127289,44.444925
2022-03-01 06:00:00,2022-03-01 07:00:00,13.25,8.50349225,40.78,0.4,90.0,3.6,1026.4,26.127289,44.444925
2022-03-01 07:00:00,2022-03-01 08:00:00,14.95,9.59450635,52.62,0.9,87.0,13.3,1026.7,26.127289,44.444925
2022-03-01 08:00:00,2022-03-01 09:00:00,15.86,10.17851978,54.26,1.4,85.0,13.3,1026.7,26.127289,44.444925
2022-03-01 09:00:00,2022-03-01 10:00:00,18.9,12.1295097,54.96,2.3,82.0,3.6,1026.8,26.127289,44.444925
2022-03-01 10:00:00,2022-03-01 11:00:00,14.24,9.13884752,40.98,1.5,83.0,3.6,1027.3,26.127289,44.444925
2022-03-01 11:00:00,2022-03-01 12:00:00,14.49,9.29929077,35.66,2.1,77.0,3.6,1026.9,26.127289,44.444925
2022-03-01 12:00:00,2022-03-01 13:00:00,15.48,9.93464604,43.57,0.9,90.0,3.6,1026.5,26.127289,44.444925
2022-03-01 13:00:00,2022-03-01 14:00:00,18.87,12.110256510000001,63.62,1.2,90.0,10.1,1026.0,26.127289,44.444925
2022-03-01 14:00:00,2022-03-01 15:00:00,27.37,17.56532701,69.74,1.0,92.0,3.6,1025.8,26.127289,44.444925
2022-03-01 15:00:00,2022-03-01 16:00:00,24.74,15.87746402,52.6,0.8,94.0,3.6,1025.4,26.127289,44.444925
2022-03-01 16:00:00,2022-03-01 17:00:00,23.18,14.876298140000001,53.91,0.6,96.0,3.6,1025.2,26.127289,44.444925
2022-03-01 17:00:00,2022-03-01 18:00:00,23.91,15.344792430000002,51.11,0.3,98.0,7.2,1025.2,26.127289,44.444925
2022-03-01 18:00:00,2022-03-01 19:00:00,26.28,16.865794440000002,49.05,0.2,99.0,3.6,1025.2,26.127289,44.444925
2022-03-01 19:00:00,2022-03-01 20:00:00,25.16,16.147008680000003,48.36,0.2,99.0,3.6,1025.3,26.127289,44.444925
2022-03-01 21:00:00,2022-03-01 22:00:00,12.11,7.77187103,38.58,-0.1,99.0,3.6,1025.1,26.127289,44.444925
2022-03-01 22:00:00,2022-03-01 23:00:00,10.66,6.84130018,26.99,-0.2,99.0,3.6,1024.5,26.127289,44.444925
2022-03-01 23:00:00,2022-03-02 00:00:00,9.0,5.775957,21.52,-0.3,100.0,3.6,1024.2,26.127289,44.444925
2022-03-02 00:00:00,2022-03-02 01:00:00,6.0,3.850638,14.38,-0.3,99.0,3.6,1023.9,26.127289,44.444925
2022-03-02 01:00:00,2022-03-02 02:00:00,7.37,4.72986701,14.27,-0.3,99.0,3.6,1023.4,26.127289,44.444925
2022-03-02 02:00:00,2022-03-02 03:00:00,10.61,6.80921153,16.78,-0.1,99.0,3.6,1022.7,26.127289,44.444925
2022-03-02 03:00:00,2022-03-02 04:00:00,12.36,7.93231428,20.69,0.1,100.0,3.6,1022.3,26.127289,44.444925
2022-03-02 04:00:00,2022-03-02 05:00:00,13.55,8.696024150000001,19.88,0.2,99.0,3.6,1021.6,26.127289,44.444925
2022-03-02 05:00:00,2022-03-02 06:00:00,12.79,8.20827667,29.66,0.0,100.0,3.6,1021.1,26.127289,44.444925
2022-03-02 06:00:00,2022-03-02 07:00:00,16.37,10.505824010000001,43.52,0.1,100.0,8.6,1021.1,26.127289,44.444925
2022-03-02 07:00:00,2022-03-02 08:00:00,20.04,12.86113092,41.87,1.1,99.0,3.6,1020.9,26.127289,44.444925
2022-03-02 08:00:00,2022-03-02 09:00:00,22.68,14.55541164,33.28,2.3,91.0,3.6,1020.6,26.127289,44.444925
2022-03-02 09:00:00,2022-03-02 10:00:00,23.87,15.319121510000002,32.35,3.2,86.0,7.2,1020.2,26.127289,44.444925
2022-03-02 10:00:00,2022-03-02 11:00:00,25.77,16.53849021,33.19,3.8,86.0,3.6,1019.9,26.127289,44.444925
2022-03-02 11:00:00,2022-03-02 12:00:00,23.82,15.287032860000002,28.89,4.4,80.0,3.6,1019.2,26.127289,44.444925
2022-03-02 12:00:00,2022-03-02 13:00:00,16.26,10.435228980000002,22.23,5.7,71.0,7.2,1018.1,26.127289,44.444925
2022-03-02 13:00:00,2022-03-02 14:00:00,10.93,7.01457889,24.48,6.7,66.0,7.2,1017.2,26.127289,44.444925
2022-03-02 14:00:00,2022-03-02 15:00:00,14.05,9.016910650000002,25.49,5.9,73.0,7.2,1016.5,26.127289,44.444925
2022-03-02 15:00:00,2022-03-02 16:00:00,12.86,8.25320078,34.42,4.7,76.0,7.2,1016.2,26.127289,44.444925
2022-03-02 16:00:00,2022-03-02 17:00:00,12.97,8.32379581,57.93,2.6,92.0,3.6,1016.8,26.127289,44.444925
2022-03-02 17:00:00,2022-03-02 18:00:00,17.82,11.43639486,65.99,2.4,97.0,3.6,1016.5,26.127289,44.444925
2022-03-02 18:00:00,2022-03-02 19:00:00,23.3,14.953310900000002,65.57,2.4,97.0,7.2,1016.6,26.127289,44.444925
2022-03-02 19:00:00,2022-03-02 20:00:00,31.94,20.498229620000004,63.88,1.8,97.0,3.6,1016.3,26.127289,44.444925
2022-03-02 20:00:00,2022-03-02 21:00:00,28.96,18.585746080000003,61.98,0.4,100.0,3.6,1016.1,26.127289,44.444925
2022-03-02 22:00:00,2022-03-02 23:00:00,33.52,21.512230960000004,42.56,0.2,99.0,3.6,1015.7,26.127289,44.444925
2022-03-02 23:00:00,2022-03-03 00:00:00,19.05,12.225775650000001,27.63,0.6,100.0,3.6,1015.7,26.127289,44.444925
2022-03-03 00:00:00,2022-03-03 01:00:00,10.34,6.635932820000001,18.91,0.7,99.0,3.6,1015.3,26.127289,44.444925
2022-03-03 01:00:00,2022-03-03 02:00:00,17.76,11.397888480000002,15.64,0.8,97.0,3.6,1014.8,26.127289,44.444925
2022-03-03 02:00:00,2022-03-03 03:00:00,8.55,5.487159150000001,14.4,0.4,97.0,7.2,1014.3,26.127289,44.444925
2022-03-03 03:00:00,2022-03-03 04:00:00,12.23,7.84888379,14.42,0.3,99.0,3.6,1014.0,26.127289,44.444925
2022-03-03 04:00:00,2022-03-03 05:00:00,16.9,10.8459637,19.47,0.2,100.0,3.6,1013.6,26.127289,44.444925
2022-03-03 05:00:00,2022-03-03 06:00:00,20.46,13.130675580000002,31.15,0.5,100.0,3.6,1013.4,26.127289,44.444925
2022-03-03 06:00:00,2022-03-03 07:00:00,24.29,15.58866617,50.24,0.7,100.0,3.6,1013.1,26.127289,44.444925
2022-03-03 07:00:00,2022-03-03 08:00:00,31.33,20.10674809,53.13,1.2,100.0,3.6,1013.5,26.127289,44.444925
2022-03-03 08:00:00,2022-03-03 09:00:00,29.0,18.611417,47.7,1.8,99.0,2.9,1013.6,26.127289,44.444925
2022-03-03 09:00:00,2022-03-03 10:00:00,34.14,21.910130220000003,50.32,3.9,82.0,1.1,1013.6,26.127289,44.444925
2022-03-03 10:00:00,2022-03-03 11:00:00,48.09,30.862863570000005,59.67,4.9,83.0,3.6,1013.5,26.127289,44.444925
2022-03-03 11:00:00,2022-03-03 12:00:00,50.26,32.255510980000004,55.23,5.4,79.0,7.2,1013.6,26.127289,44.444925
2022-03-03 12:00:00,2022-03-03 13:00:00,42.76,27.44221348,53.58,6.0,69.0,3.6,1013.3,26.127289,44.444925
2022-03-03 13:00:00,2022-03-03 14:00:00,31.44,20.177343120000003,39.99,7.5,59.0,7.2,1012.9,26.127289,44.444925
2022-03-03 14:00:00,2022-03-03 15:00:00,24.99,16.03790727,32.22,8.7,50.0,7.2,1012.7,26.127289,44.444925
2022-03-03 15:00:00,2022-03-03 16:00:00,18.19,11.67385087,44.09,8.5,46.0,3.6,1012.7,26.127289,44.444925
2022-03-03 16:00:00,2022-03-03 17:00:00,19.7,12.6429281,58.9,7.0,51.0,3.6,1012.8,26.127289,44.444925
2022-03-03 17:00:00,2022-03-03 18:00:00,28.45,18.25844185,81.53,4.6,62.0,3.6,1013.2,26.127289,44.444925
2022-03-03 18:00:00,2022-03-03 19:00:00,31.7,20.344204100000002,82.09,5.0,64.0,3.6,1013.7,26.127289,44.444925
2022-03-03 19:00:00,2022-03-03 20:00:00,41.09,26.370452570000005,68.86,5.1,68.0,3.6,1013.8,26.127289,44.444925
2022-03-03 20:00:00,2022-03-03 21:00:00,41.21,26.447465330000004,65.08,5.0,69.0,3.6,1014.1,26.127289,44.444925
2022-03-03 21:00:00,2022-03-03 22:00:00,40.25,25.831363250000003,57.54,5.0,65.0,3.6,1014.2,26.127289,44.444925
2022-03-03 23:00:00,2022-03-04 00:00:00,23.28,14.940475440000002,22.54,3.5,79.0,7.2,1014.3,26.127289,44.444925
2022-03-04 00:00:00,2022-03-04 01:00:00,21.86,14.02915778,21.85,3.0,81.0,3.6,1014.2,26.127289,44.444925
2022-03-04 01:00:00,2022-03-04 02:00:00,22.02,14.13184146,24.04,2.9,81.0,3.6,1014.4,26.127289,44.444925
2022-03-04 02:00:00,2022-03-04 03:00:00,23.37,14.998235010000002,20.65,2.6,83.0,3.6,1013.9,26.127289,44.444925
2022-03-04 03:00:00,2022-03-04 04:00:00,22.66,14.542576180000001,16.88,2.6,84.0,3.6,1014.3,26.127289,44.444925
2022-03-04 04:00:00,2022-03-04 05:00:00,22.44,14.401386120000002,21.15,2.9,82.0,7.2,1014.3,26.127289,44.444925
2022-03-04 05:00:00,2022-03-04 06:00:00,24.48,15.71060304,30.42,2.5,84.0,7.2,1014.3,26.127289,44.444925
2022-03-04 06:00:00,2022-03-04 07:00:00,26.56,17.04549088,42.06,2.5,83.0,7.2,1014.6,26.127289,44.444925
2022-03-04 07:00:00,2022-03-04 08:00:00,29.38,18.85529074,49.45,3.1,80.0,3.6,1015.2,26.127289,44.444925
2022-03-04 08:00:00,2022-03-04 09:00:00,32.1,20.600913300000002,39.93,4.4,75.0,7.2,1015.5,26.127289,44.444925
2022-03-04 09:00:00,2022-03-04 10:00:00,32.5,20.8576225,35.97,4.8,73.0,7.2,1015.7,26.127289,44.444925
2022-03-04 10:00:00,2022-03-04 11:00:00,29.41,18.87454393,35.21,5.9,70.0,7.2,1015.7,26.127289,44.444925
2022-03-04 11:00:00,2022-03-04 12:00:00,31.3,20.087494900000003,39.69,7.0,69.0,7.2,1015.2,26.127289,44.444925
2022-03-04 12:00:00,2022-03-04 13:00:00,27.74,17.80278302,39.74,8.7,59.0,3.6,1014.7,26.127289,44.444925
2022-03-04 13:00:00,2022-03-04 14:00:00,26.76,17.17384548,48.71,8.8,54.0,3.6,1014.5,26.127289,44.444925
2022-03-04 14:00:00,2022-03-04 15:00:00,26.78,17.186680940000002,46.61,8.8,54.0,7.2,1014.3,26.127289,44.444925
2022-03-04 15:00:00,2022-03-04 16:00:00,26.48,16.99414904,54.48,7.3,63.0,3.6,1014.4,26.127289,44.444925
2022-03-04 16:00:00,2022-03-04 17:00:00,24.85,15.948059050000001,56.35,6.3,63.0,7.2,1014.5,26.127289,44.444925
2022-03-04 17:00:00,2022-03-04 18:00:00,26.76,17.17384548,69.02,4.8,70.0,3.6,1015.1,26.127289,44.444925
2022-03-04 18:00:00,2022-03-04 19:00:00,33.9,21.7561047,74.31,4.3,71.0,3.6,1015.7,26.127289,44.444925
2022-03-04 19:00:00,2022-03-04 20:00:00,35.66,22.885625179999998,67.67,3.6,76.0,3.6,1015.9,26.127289,44.444925
2022-03-04 20:00:00,2022-03-04 21:00:00,31.77,20.389128210000003,57.74,3.1,80.0,3.6,1016.3,26.127289,44.444925
2022-03-04 21:00:00,2022-03-04 22:00:00,33.29,21.36462317,60.42,1.5,87.0,3.6,1016.5,26.127289,44.444925
2022-03-04 22:00:00,2022-03-04 23:00:00,36.68,23.54023364,53.32,1.4,87.0,3.6,1016.8,26.127289,44.444925
2022-03-05 00:00:00,2022-03-05 01:00:00,40.19,25.79285687,28.48,1.7,84.0,7.2,1017.3,26.127289,44.444925
2022-03-05 01:00:00,2022-03-05 02:00:00,28.58,18.34187234,20.29,1.7,82.0,7.2,1017.1,26.127289,44.444925
2022-03-05 02:00:00,2022-03-05 03:00:00,26.74,17.16101002,17.73,1.8,80.0,7.2,1016.9,26.127289,44.444925
2022-03-05 03:00:00,2022-03-05 04:00:00,26.91,17.27011143,16.2,1.5,81.0,7.2,1017.0,26.127289,44.444925
2022-03-05 04:00:00,2022-03-05 05:00:00,30.31,19.45213963,22.28,1.7,79.0,7.2,1017.4,26.127289,44.444925
2022-03-05 05:00:00,2022-03-05 06:00:00,34.62,22.218181259999998,27.76,1.6,76.0,7.2,1017.7,26.127289,44.444925
2022-03-05 06:00:00,2022-03-05 07:00:00,35.19,22.58399187,31.25,1.9,73.0,7.2,1018.4,26.127289,44.444925
2022-03-05 07:00:00,2022-03-05 08:00:00,39.39,25.279438470000002,32.38,2.3,70.0,7.2,1019.0,26.127289,44.444925
2022-03-05 08:00:00,2022-03-05 09:00:00,40.96,26.287022080000003,31.19,2.8,68.0,7.2,1019.5,26.127289,44.444925
2022-03-05 09:00:00,2022-03-05 10:00:00,44.16,28.34069568,32.57,4.6,62.0,7.2,1019.6,26.127289,44.444925
2022-03-05 10:00:00,2022-03-05 11:00:00,39.87,25.58748951,39.09,5.3,63.0,7.2,1019.8,26.127289,44.444925
2022-03-05 11:00:00,2022-03-05 12:00:00,32.81,21.056572130000003,33.51,5.3,65.0,7.2,1019.7,26.127289,44.444925
2022-03-05 12:00:00,2022-03-05 13:00:00,28.55,18.32261915,36.49,6.1,60.0,3.6,1019.6,26.127289,44.444925
2022-03-05 13:00:00,2022-03-05 14:00:00,32.04,20.56240692,39.99,6.0,62.0,7.2,1019.4,26.127289,44.444925
2022-03-05 14:00:00,2022-03-05 15:00:00,31.91,20.478976430000003,46.89,5.7,63.0,7.2,1019.2,26.127289,44.444925
2022-03-05 15:00:00,2022-03-05 16:00:00,32.54,20.88329342,49.33,5.4,64.0,7.2,1019.3,26.127289,44.444925
2022-03-05 16:00:00,2022-03-05 17:00:00,31.95,20.50464735,49.73,5.0,64.0,7.2,1019.3,26.127289,44.444925
2022-03-05 17:00:00,2022-03-05 18:00:00,34.03,21.839535190000003,54.02,4.7,63.0,7.2,1019.8,26.127289,44.444925
2022-03-05 18:00:00,2022-03-05 19:00:00,41.1,26.376870300000004,62.32,3.2,72.0,3.6,1020.4,26.127289,44.444925
2022-03-05 19:00:00,2022-03-05 20:00:00,45.08,28.93112684,59.86,3.0,71.0,7.2,1020.8,26.127289,44.444925
2022-03-05 20:00:00,2022-03-05 21:00:00,45.35,29.104405550000003,56.66,2.7,70.0,7.2,1021.2,26.127289,44.444925
2022-03-05 21:00:00,2022-03-05 22:00:00,41.8,26.8261114,53.12,2.2,70.0,10.8,1021.6,26.127289,44.444925
2022-03-05 22:00:00,2022-03-05 23:00:00,20.66,13.259030180000002,30.41,1.3,70.0,10.8,1022.0,26.127289,44.444925
2022-03-05 23:00:00,2022-03-06 00:00:00,14.46,9.280037580000002,31.61,1.0,68.0,7.2,1022.0,26.127289,44.444925
2022-03-06 01:00:00,2022-03-06 02:00:00,12.09,7.75903557,18.99,0.3,70.0,7.2,1021.8,26.127289,44.444925
2022-03-06 02:00:00,2022-03-06 03:00:00,11.83,7.592174590000001,16.41,0.3,70.0,7.2,1021.8,26.127289,44.444925
2022-03-06 03:00:00,2022-03-06 04:00:00,12.81,8.221112130000002,16.58,-0.2,74.0,7.2,1021.7,26.127289,44.444925
2022-03-06 04:00:00,2022-03-06 05:00:00,13.43,8.61901139,16.82,-0.6,79.0,7.2,1021.8,26.127289,44.444925
2022-03-06 05:00:00,2022-03-06 06:00:00,13.55,8.696024150000001,16.67,-1.1,81.0,7.2,1021.9,26.127289,44.444925
2022-03-06 06:00:00,2022-03-06 07:00:00,13.46,8.638264580000001,16.17,-1.1,82.0,7.2,1022.4,26.127289,44.444925
2022-03-06 07:00:00,2022-03-06 08:00:00,13.9,8.9206447,19.83,0.8,72.0,7.2,1022.4,26.127289,44.444925
2022-03-06 08:00:00,2022-03-06 09:00:00,12.48,8.00932704,22.9,2.1,67.0,7.2,1022.5,26.127289,44.444925
2022-03-06 09:00:00,2022-03-06 10:00:00,9.2,5.9043116,25.16,3.5,56.0,10.8,1022.2,26.127289,44.444925
2022-03-06 10:00:00,2022-03-06 11:00:00,8.8,5.647602400000001,25.35,3.2,57.0,10.8,1022.1,26.127289,44.444925
2022-03-06 11:00:00,2022-03-06 12:00:00,9.88,6.340717240000001,30.02,3.9,54.0,10.8,1021.6,26.127289,44.444925
2022-03-06 12:00:00,2022-03-06 13:00:00,10.41,6.680856930000001,31.28,3.5,56.0,10.8,1021.1,26.127289,44.444925
2022-03-06 13:00:00,2022-03-06 14:00:00,11.23,7.207110790000001,29.56,4.2,54.0,7.2,1020.6,26.127289,44.444925
2022-03-06 14:00:00,2022-03-06 15:00:00,12.59,8.07992207,34.3,3.2,58.0,10.8,1020.2,26.127289,44.444925
2022-03-06 15:00:00,2022-03-06 16:00:00,12.4,7.9579852,33.72,2.9,59.0,10.8,1019.9,26.127289,44.444925
2022-03-06 16:00:00,2022-03-06 17:00:00,13.15,8.43931495,37.61,2.6,62.0,10.8,1019.7,26.127289,44.444925
2022-03-06 17:00:00,2022-03-06 18:00:00,15.85,10.172102050000001,45.36,2.1,65.0,7.2,1019.8,26.127289,44.444925
2022-03-06 18:00:00,2022-03-06 19:00:00,20.64,13.246194720000002,41.92,2.0,67.0,7.2,1020.1,26.127289,44.444925
2022-03-06 19:00:00,2022-03-06 20:00:00,28.62,18.36754326,38.62,1.8,68.0,7.2,1020.0,26.127289,44.444925
2022-03-06 20:00:00,2022-03-06 21:00:00,35.24,22.616080520000004,34.45,0.6,85.0,7.2,1020.2,26.127289,44.444925
2022-03-06 21:00:00,2022-03-06 22:00:00,42.2,27.082820600000005,39.76,0.0,95.0,3.6,1020.1,26.127289,44.444925
2022-03-06 22:00:00,2022-03-06 23:00:00,42.92,27.54489716,33.61,-0.1,96.0,3.6,1019.8,26.127289,44.444925
2022-03-06 23:00:00,2022-03-07 00:00:00,39.03,25.048400190000002,27.55,-0.2,97.0,3.6,1019.4,26.127289,44.444925
2022-03-07 00:00:00,2022-03-07 01:00:00,45.8,29.3932034,21.25,-0.2,98.0,3.6,1019.3,26.127289,44.444925
2022-03-07 02:00:00,2022-03-07 03:00:00,13.34,8.56125182,14.47,-0.7,97.0,3.6,1018.4,26.127289,44.444925
2022-03-07 03:00:00,2022-03-07 04:00:00,13.09,8.40080857,15.18,-0.9,97.0,7.2,1018.5,26.127289,44.444925
2022-03-07 04:00:00,2022-03-07 05:00:00,13.11,8.41364403,23.0,-1.1,96.0,3.6,1018.6,26.127289,44.444925
2022-03-07 05:00:00,2022-03-07 06:00:00,14.88,9.549582240000001,40.43,-1.3,96.0,3.6,1018.2,26.127289,44.444925
2022-03-07 06:00:00,2022-03-07 07:00:00,17.64,11.320875720000002,53.1,-0.9,96.0,3.6,1018.0,26.127289,44.444925
2022-03-07 07:00:00,2022-03-07 08:00:00,18.91,12.13592743,53.3,0.5,90.0,3.6,1018.0,26.127289,44.444925
2022-03-07 08:00:00,2022-03-07 09:00:00,18.78,12.052496940000001,51.35,1.3,85.0,3.6,1017.9,26.127289,44.444925
2022-03-07 09:00:00,2022-03-07 10:00:00,14.88,9.549582240000001,43.53,1.2,83.0,3.6,1017.6,26.127289,44.444925
2022-03-07 10:00:00,2022-03-07 11:00:00,18.14,11.64176222,35.53,1.4,82.0,3.6,1017.5,26.127289,44.444925
2022-03-07 11:00:00,2022-03-07 12:00:00,16.4,10.5250772,37.15,1.8,74.0,3.6,1017.2,26.127289,44.444925
2022-03-07 12:00:00,2022-03-07 13:00:00,17.66,11.33371118,33.48,2.4,72.0,8.3,1016.6,26.127289,44.444925
2022-03-07 13:00:00,2022-03-07 14:00:00,20.1,12.899637300000002,42.21,3.2,69.0,3.6,1016.0,26.127289,44.444925
2022-03-07 14:00:00,2022-03-07 15:00:00,16.19,10.390304870000001,24.89,3.4,66.0,3.6,1015.9,26.127289,44.444925
2022-03-07 15:00:00,2022-03-07 16:00:00,17.09,10.967900570000001,26.56,3.4,64.0,3.6,1015.4,26.127289,44.444925
2022-03-07 16:00:00,2022-03-07 17:00:00,19.03,12.212940190000001,28.02,2.7,71.0,3.6,1015.5,26.127289,44.444925
2022-03-07 17:00:00,2022-03-07 18:00:00,19.98,12.822624540000001,30.5,2.7,66.0,7.2,1015.7,26.127289,44.444925
2022-03-07 18:00:00,2022-03-07 19:00:00,23.95,15.37046335,33.71,2.1,82.0,7.2,1016.2,26.127289,44.444925
2022-03-07 19:00:00,2022-03-07 20:00:00,23.36,14.991817280000001,33.39,1.9,83.0,7.2,1016.2,26.127289,44.444925
2022-03-07 20:00:00,2022-03-07 21:00:00,20.81,13.35529613,26.88,1.9,83.0,7.2,1016.5,26.127289,44.444925
2022-03-07 21:00:00,2022-03-07 22:00:00,20.1,12.899637300000002,22.88,1.3,87.0,7.2,1016.8,26.127289,44.444925
2022-03-07 22:00:00,2022-03-07 23:00:00,17.34,11.128343820000001,18.09,1.1,89.0,3.6,1016.9,26.127289,44.444925
2022-03-07 23:00:00,2022-03-08 00:00:00,22.61,14.51048753,13.58,1.1,90.0,7.2,1017.1,26.127289,44.444925
2022-03-08 00:00:00,2022-03-08 01:00:00,29.51,18.938721230000002,12.16,0.9,92.0,3.6,1017.2,26.127289,44.444925
2022-03-08 01:00:00,2022-03-08 02:00:00,26.5,17.0069845,11.83,0.7,95.0,3.6,1017.2,26.127289,44.444925
2022-03-08 03:00:00,2022-03-08 04:00:00,21.53,13.817372690000001,12.08,-1.0,92.0,7.2,1017.4,26.127289,44.444925
2022-03-08 04:00:00,2022-03-08 05:00:00,25.92,16.634756160000002,15.65,-1.2,86.0,7.2,1017.7,26.127289,44.444925
2022-03-08 05:00:00,2022-03-08 06:00:00,25.29,16.23043917,27.98,-1.2,86.0,7.2,1018.0,26.127289,44.444925
2022-03-08 06:00:00,2022-03-08 07:00:00,26.53,17.026237690000002,50.46,-1.1,83.0,7.2,1018.3,26.127289,44.444925
2022-03-08 07:00:00,2022-03-08 08:00:00,31.19,20.016899870000003,57.67,-1.2,91.0,7.2,1018.9,26.127289,44.444925
2022-03-08 08:00:00,2022-03-08 09:00:00,28.17,18.078745410000003,49.64,-0.2,88.0,3.6,1019.0,26.127289,44.444925
2022-03-08 09:00:00,2022-03-08 10:00:00,23.45,15.049576850000001,53.44,0.6,85.0,7.2,1018.8,26.127289,44.444925
2022-03-08 10:00:00,2022-03-08 11:00:00,24.5,15.7234385,44.0,2.3,73.0,3.6,1018.4,26.127289,44.444925
2022-03-08 11:00:00,2022-03-08 12:00:00,20.71,13.291118830000002,43.63,4.5,57.0,3.6,1018.0,26.127289,44.444925
2022-03-08 12:00:00,2022-03-08 13:00:00,20.02,12.848295460000001,33.72,5.6,49.0,3.6,1017.6,26.127289,44.444925
2022-03-08 13:00:00,2022-03-08 14:00:00,18.57,11.91772461,33.23,4.6,47.0,3.6,1017.5,26.127289,44.444925
2022-03-08 14:00:00,2022-03-08 15:00:00,19.02,12.20652246,45.63,4.9,53.0,7.2,1017.5,26.127289,44.444925
2022-03-08 15:00:00,2022-03-08 16:00:00,29.62,19.009316260000002,38.05,5.1,59.0,7.2,1017.3,26.127289,44.444925
2022-03-08 16:00:00,2022-03-08 17:00:00,29.87,19.169759510000002,36.84,3.4,65.0,7.2,1017.5,26.127289,44.444925
2022-03-08 17:00:00,2022-03-08 18:00:00,29.68,19.04782264,37.5,2.0,75.0,7.2,1018.0,26.127289,44.444925
2022-03-08 18:00:00,2022-03-08 19:00:00,31.42,20.16450766,46.74,1.0,80.0,3.6,1018.6,26.127289,44.444925
2022-03-08 19:00:00,2022-03-08 20:00:00,37.81,24.265437130000002,39.8,0.1,81.0,11.2,1018.7,26.127289,44.444925
2022-03-08 20:00:00,2022-03-08 21:00:00,32.91,21.12074943,37.91,-0.1,78.0,3.6,1018.9,26.127289,44.444925
2022-03-08 21:00:00,2022-03-08 22:00:00,30.83,19.78586159,47.55,-0.4,79.0,3.6,1018.8,26.127289,44.444925
2022-03-08 22:00:00,2022-03-08 23:00:00,31.48,20.203014040000003,46.95,-0.5,79.0,3.6,1018.5,26.127289,44.444925
2022-03-08 23:00:00,2022-03-09 00:00:00,32.56,20.896128880000003,47.83,-2.0,89.0,3.6,1018.7,26.127289,44.444925
2022-03-09 00:00:00,2022-03-09 01:00:00,37.17,23.85470241,53.48,-2.7,93.0,9.4,1019.0,26.127289,44.444925
2022-03-09 01:00:00,2022-03-09 02:00:00,38.14,24.47722222,43.75,-2.1,92.0,7.2,1018.4,26.127289,44.444925
2022-03-09 02:00:00,2022-03-09 03:00:00,35.83,22.99472659,27.51,-2.3,94.0,6.5,1018.4,26.127289,44.444925
2022-03-09 04:00:00,2022-03-09 05:00:00,34.26,21.98714298,42.89,-2.5,94.0,3.6,1018.0,26.127289,44.444925
2022-03-09 05:00:00,2022-03-09 06:00:00,35.81,22.98189113,46.4,-1.2,89.0,7.2,1018.4,26.127289,44.444925
2022-03-09 06:00:00,2022-03-09 07:00:00,13.56,8.70244188,51.86,-0.7,90.0,7.2,1018.8,26.127289,44.444925
2022-03-09 07:00:00,2022-03-09 08:00:00,9.74,6.2508690200000006,59.18,-0.1,79.0,7.2,1019.2,26.127289,44.444925
2022-03-09 08:00:00,2022-03-09 09:00:00,7.72,4.9544875600000005,54.58,-0.3,81.0,7.2,1019.8,26.127289,44.444925
2022-03-09 09:00:00,2022-03-09 10:00:00,7.01,4.4988287300000005,49.8,-1.1,89.0,10.8,1020.0,26.127289,44.444925
2022-03-09 10:00:00,2022-03-09 11:00:00,8.12,5.21119676,55.63,-1.2,88.0,7.2,1020.5,26.127289,44.444925
2022-03-09 11:00:00,2022-03-09 12:00:00,8.61,5.52566553,52.1,-0.4,85.0,7.2,1020.6,26.127289,44.444925
2022-03-09 12:00:00,2022-03-09 13:00:00,8.02,5.14701946,58.52,0.9,69.0,7.2,1020.3,26.127289,44.444925
2022-03-09 13:00:00,2022-03-09 14:00:00,8.93,5.73103289,51.39,1.1,65.0,3.6,1020.2,26.127289,44.444925
2022-03-09 14:00:00,2022-03-09 15:00:00,12.55,8.05425115,44.82,1.8,58.0,3.6,1020.3,26.127289,44.444925
2022-03-09 15:00:00,2022-03-09 16:00:00,12.12,7.77828876,49.56,1.1,68.0,13.7,1020.4,26.127289,44.444925
2022-03-09 16:00:00,2022-03-09 17:00:00,11.17,7.16860441,52.41,1.2,57.0,3.6,1020.3,26.127289,44.444925
2022-03-09 17:00:00,2022-03-09 18:00:00,14.33,9.19660709,56.11,1.0,60.0,3.6,1021.0,26.127289,44.444925
2022-03-09 18:00:00,2022-03-09 19:00:00,18.54,11.89847142,54.61,0.1,62.0,7.2,1021.8,26.127289,44.444925
2022-03-09 19:00:00,2022-03-09 20:00:00,18.59,11.93056007,59.68,-1.4,72.0,3.6,1022.2,26.127289,44.444925
2022-03-09 20:00:00,2022-03-09 21:00:00,24.66,15.82612218,62.51,-1.7,71.0,3.6,1022.7,26.127289,44.444925
2022-03-09 21:00:00,2022-03-09 22:00:00,25.8,16.5577434,53.07,-2.3,71.0,3.6,1022.8,26.127289,44.444925
2022-03-09 22:00:00,2022-03-09 23:00:00,21.36,13.70827128,48.16,-3.1,69.0,3.6,1022.7,26.127289,44.444925
2022-03-09 23:00:00,2022-03-10 00:00:00,19.66,12.617257180000001,40.94,-3.3,70.0,7.9,1022.6,26.127289,44.444925
2022-03-10 00:00:00,2022-03-10 01:00:00,26.94,17.28936462,31.57,-2.6,86.0,3.6,1022.9,26.127289,44.444925
2022-03-10 01:00:00,2022-03-10 02:00:00,31.4,20.1516722,33.93,-2.2,88.0,7.2,1023.0,26.127289,44.444925
2022-03-10 02:00:00,2022-03-10 03:00:00,28.15,18.06590995,32.62,-1.7,76.0,3.6,1022.8,26.127289,44.444925
2022-03-10 03:00:00,2022-03-10 04:00:00,28.05,18.00173265,25.63,-1.9,82.0,3.6,1023.1,26.127289,44.444925
2022-03-10 05:00:00,2022-03-10 06:00:00,26.3,16.8786299,42.83,-2.4,72.0,3.6,1023.4,26.127289,44.444925
2022-03-10 06:00:00,2022-03-10 07:00:00,24.13,15.48598249,54.5,-1.5,67.0,3.6,1024.2,26.127289,44.444925
2022-03-10 07:00:00,2022-03-10 08:00:00,22.11,14.18960103,52.44,0.2,58.0,3.6,1024.7,26.127289,44.444925
2022-03-10 08:00:00,2022-03-10 09:00:00,20.65,13.252612449999999,45.73,1.4,57.0,10.8,1025.0,26.127289,44.444925
2022-03-10 09:00:00,2022-03-10 10:00:00,20.75,13.316789750000002,41.56,1.8,57.0,7.2,1025.0,26.127289,44.444925
2022-03-10 10:00:00,2022-03-10 11:00:00,21.79,13.98423367,47.59,2.3,51.0,10.8,1025.1,26.127289,44.444925
2022-03-10 11:00:00,2022-03-10 12:00:00,22.07,14.16393011,40.95,2.1,61.0,3.6,1025.5,26.127289,44.444925
2022-03-10 12:00:00,2022-03-10 13:00:00,19.95,12.80337135,37.73,2.9,46.0,10.8,1025.1,26.127289,44.444925
2022-03-10 13:00:00,2022-03-10 14:00:00,19.03,12.212940190000001,47.44,3.0,44.0,7.2,1025.0,26.127289,44.444925
2022-03-10 14:00:00,2022-03-10 15:00:00,20.57,13.201270610000002,44.93,2.9,46.0,10.8,1025.5,26.127289,44.444925
2022-03-10 15:00:00,2022-03-10 16:00:00,19.71,12.649345830000001,52.56,1.6,48.0,10.8,1025.8,26.127289,44.444925
2022-03-10 16:00:00,2022-03-10 17:00:00,23.77,15.254944210000001,54.24,-0.1,66.0,7.2,1026.4,26.127289,44.444925
2022-03-10 17:00:00,2022-03-10 18:00:00,19.87,12.752029510000002,57.51,0.1,55.0,7.2,1027.2,26.127289,44.444925
2022-03-10 18:00:00,2022-03-10 19:00:00,21.9,14.0548287,53.42,-1.2,67.0,7.2,1027.9,26.127289,44.444925
2022-03-10 19:00:00,2022-03-10 20:00:00,22.55,14.471981150000001,53.19,-1.6,67.0,7.2,1028.3,26.127289,44.444925
2022-03-10 20:00:00,2022-03-10 21:00:00,22.8,14.632424400000001,47.81,-2.1,69.0,7.2,1028.8,26.127289,44.444925
2022-03-10 21:00:00,2022-03-10 22:00:00,20.18,12.950979140000001,45.99,-2.2,65.0,7.2,1029.0,26.127289,44.444925
2022-03-10 22:00:00,2022-03-10 23:00:00,18.04,11.57758492,29.06,-2.4,63.0,7.2,1029.1,26.127289,44.444925
2022-03-10 23:00:00,2022-03-11 00:00:00,15.47,9.928228310000001,28.53,-2.9,64.0,7.2,1029.3,26.127289,44.444925
2022-03-11 00:00:00,2022-03-11 01:00:00,9.45,6.06475485,23.45,-3.4,56.0,10.8,1029.2,26.127289,44.444925
2022-03-11 01:00:00,2022-03-11 02:00:00,7.83,5.02508259,16.07,-3.0,47.0,14.4,1029.0,26.127289,44.444925
2022-03-11 02:00:00,2022-03-11 03:00:00,8.96,5.750286080000001,16.59,-3.4,51.0,10.8,1029.0,26.127289,44.444925
2022-03-11 03:00:00,2022-03-11 04:00:00,10.71,6.873388830000001,21.18,-3.8,52.0,7.2,1029.3,26.127289,44.444925
2022-03-11 04:00:00,2022-03-11 05:00:00,10.71,6.873388830000001,31.33,-4.6,57.0,3.6,1029.4,26.127289,44.444925
2022-03-11 06:00:00,2022-03-11 07:00:00,12.35,7.92589655,46.34,-3.9,50.0,7.2,1029.9,26.127289,44.444925
2022-03-11 07:00:00,2022-03-11 08:00:00,13.0,8.343049,44.96,-1.7,43.0,3.6,1029.9,26.127289,44.444925
2022-03-11 08:00:00,2022-03-11 09:00:00,10.82,6.94398386,33.29,0.1,36.0,7.2,1029.4,26.127289,44.444925
2022-03-11 09:00:00,2022-03-11 10:00:00,11.37,7.29695901,26.93,1.2,33.0,7.2,1029.0,26.127289,44.444925
2022-03-11 10:00:00,2022-03-11 11:00:00,10.58,6.78995834,21.03,1.5,32.0,3.6,1028.7,26.127289,44.444925
2022-03-11 11:00:00,2022-03-11 12:00:00,10.16,6.520413680000001,25.88,1.2,32.0,7.2,1028.3,26.127289,44.444925
2022-03-11 12:00:00,2022-03-11 13:00:00,11.31,7.258452630000001,19.83,1.9,30.0,7.2,1027.6,26.127289,44.444925
2022-03-11 13:00:00,2022-03-11 14:00:00,14.05,9.016910650000002,23.6,2.9,31.0,3.6,1027.3,26.127289,44.444925
2022-03-11 14:00:00,2022-03-11 15:00:00,12.76,8.18902348,30.73,2.3,34.0,3.6,1027.3,26.127289,44.444925
2022-03-11 15:00:00,2022-03-11 16:00:00,14.65,9.40197445,53.7,1.0,44.0,7.2,1027.7,26.127289,44.444925
2022-03-11 16:00:00,2022-03-11 17:00:00,15.5,9.9474815,42.93,0.1,51.0,7.6,1028.0,26.127289,44.444925
2022-03-11 17:00:00,2022-03-11 18:00:00,18.33,11.76369909,54.56,-1.4,63.0,7.2,1028.9,26.127289,44.444925
2022-03-11 18:00:00,2022-03-11 19:00:00,15.74,10.101507020000001,46.29,-1.6,56.0,7.2,1029.8,26.127289,44.444925
2022-03-11 19:00:00,2022-03-11 20:00:00,11.05,7.091591650000001,52.23,-3.2,89.0,3.6,1030.2,26.127289,44.444925
2022-03-11 20:00:00,2022-03-11 21:00:00,13.11,8.41364403,51.12,-2.6,79.0,3.6,1030.2,26.127289,44.444925
2022-03-11 21:00:00,2022-03-11 22:00:00,14.09,9.042581570000001,47.0,-3.4,84.0,1.4,1030.3,26.127289,44.444925
2022-03-11 22:00:00,2022-03-11 23:00:00,13.08,8.39439084,37.74,-2.9,65.0,7.2,1030.4,26.127289,44.444925
2022-03-11 23:00:00,2022-03-12 00:00:00,13.48,8.651100040000001,29.74,-3.3,74.0,7.2,1030.8,26.127289,44.444925
2022-03-12 00:00:00,2022-03-12 01:00:00,18.86,12.10383878,27.42,-3.7,79.0,3.6,1031.1,26.127289,44.444925
2022-03-12 01:00:00,2022-03-12 02:00:00,22.4,14.3757152,24.68,-3.8,79.0,3.6,1031.1,26.127289,44.444925
2022-03-12 02:00:00,2022-03-12 03:00:00,24.48,15.71060304,23.47,-4.0,77.0,3.6,1030.9,26.127289,44.444925
2022-03-12 03:00:00,2022-03-12 04:00:00,27.12,17.40488376,24.12,-4.8,78.0,11.2,1031.0,26.127289,44.444925
2022-03-12 04:00:00,2022-03-12 05:00:00,28.35,18.194264550000003,30.89,-4.8,80.0,3.6,1031.3,26.127289,44.444925
2022-03-12 05:00:00,2022-03-12 06:00:00,31.6,20.2800268,39.36,-4.5,82.0,3.6,1031.5,26.127289,44.444925
2022-03-12 07:00:00,2022-03-12 08:00:00,30.7,19.702431100000002,26.6,-2.6,75.0,3.6,1031.9,26.127289,44.444925
2022-03-12 08:00:00,2022-03-12 09:00:00,35.5,22.7829415,21.39,-0.8,63.0,3.6,1032.1,26.127289,44.444925
2022-03-12 09:00:00,2022-03-12 10:00:00,32.15,20.63300195,23.55,1.4,46.0,3.6,1032.1,26.127289,44.444925
2022-03-12 10:00:00,2022-03-12 11:00:00,23.33,14.97256409,30.07,2.3,38.0,7.2,1032.2,26.127289,44.444925
2022-03-12 11:00:00,2022-03-12 12:00:00,22.03,14.138259190000001,26.73,4.1,37.0,7.2,1031.7,26.127289,44.444925
2022-03-12 12:00:00,2022-03-12 13:00:00,23.1,14.824956300000002,24.57,3.2,41.0,13.0,1031.1,26.127289,44.444925
2022-03-12 13:00:00,2022-03-12 14:00:00,20.34,13.053662820000001,21.19,5.0,32.0,3.6,1030.7,26.127289,44.444925
2022-03-12 14:00:00,2022-03-12 15:00:00,18.13,11.63534449,23.46,5.1,31.0,3.6,1030.2,26.127289,44.444925
2022-03-12 15:00:00,2022-03-12 16:00:00,20.48,13.143511040000002,28.92,5.0,32.0,3.6,1029.8,26.127289,44.444925
2022-03-12 16:00:00,2022-03-12 17:00:00,20.78,13.336042940000002,31.52,3.4,34.0,3.6,1029.4,26.127289,44.444925
2022-03-12 17:00:00,2022-03-12 18:00:00,26.77,17.18026321,36.94,1.9,43.0,7.2,1029.6,26.127289,44.444925
2022-03-12 18:00:00,2022-03-12 19:00:00,39.01,25.03556473,45.11,0.7,48.0,7.2,1029.7,26.127289,44.444925
2022-03-12 19:00:00,2022-03-12 20:00:00,43.15,27.69250495,46.02,-0.3,55.0,3.6,1029.9,26.127289,44.444925
2022-03-12 20:00:00,2022-03-12 21:00:00,35.47,22.76368831,38.88,0.3,52.0,7.2,1029.7,26.127289,44.444925
2022-03-12 21:00:00,2022-03-12 22:00:00,33.72,21.64058556,31.53,-0.3,55.0,7.2,1029.5,26.127289,44.444925
2022-03-12 22:00:00,2022-03-12 23:00:00,29.19,18.733353870000002,31.54,-1.2,60.0,7.2,1029.3,26.127289,44.444925
2022-03-12 23:00:00,2022-03-13 00:00:00,25.94,16.64759162,30.22,-0.8,59.0,7.2,1028.9,26.127289,44.444925
2022-03-13 00:00:00,2022-03-13 01:00:00,20.49,13.149928769999999,25.51,-0.5,56.0,7.2,1028.8,26.127289,44.444925
2022-03-13 01:00:00,2022-03-13 02:00:00,19.96,12.809789080000002,27.94,-0.4,55.0,3.6,1028.4,26.127289,44.444925
2022-03-13 02:00:00,2022-03-13 03:00:00,20.9,13.4130557,22.95,-0.2,54.0,7.2,1027.9,26.127289,44.444925
2022-03-13 03:00:00,2022-03-13 04:00:00,21.95,14.08691735,16.93,-0.2,54.0,3.6,1027.7,26.127289,44.444925
2022-03-13 04:00:00,2022-03-13 05:00:00,24.02,15.41538746,17.75,-0.6,56.0,3.6,1027.6,26.127289,44.444925
2022-03-13 05:00:00,2022-03-13 06:00:00,27.14,17.417719220000002,25.93,-0.7,59.0,3.6,1027.5,26.127289,44.444925
2022-03-13 06:00:00,2022-03-13 07:00:00,26.97,17.30861781,29.23,-0.6,60.0,3.6,1028.0,26.127289,44.444925
2022-03-13 08:00:00,2022-03-13 09:00:00,27.32,17.533238360000002,39.84,2.9,46.0,5.0,1028.2,26.127289,44.444925
2022-03-13 09:00:00,2022-03-13 10:00:00,30.77,19.747355210000002,36.18,3.6,49.0,3.6,1028.2,26.127289,44.444925
2022-03-13 10:00:00,2022-03-13 11:00:00,33.41,21.44163593,32.63,5.2,47.0,7.2,1028.3,26.127289,44.444925
2022-03-13 11:00:00,2022-03-13 12:00:00,24.77,15.89671721,20.83,7.2,39.0,3.6,1027.9,26.127289,44.444925
2022-03-13 12:00:00,2022-03-13 13:00:00,23.11,14.831374030000001,27.16,6.7,37.0,1.4,1027.6,26.127289,44.444925
2022-03-13 13:00:00,2022-03-13 14:00:00,19.81,12.71352313,23.5,7.2,35.0,3.6,1027.6,26.127289,44.444925
2022-03-13 14:00:00,2022-03-13 15:00:00,15.62,10.02449426,27.18,7.0,39.0,3.6,1027.9,26.127289,44.444925
2022-03-13 15:00:00,2022-03-13 16:00:00,17.34,11.128343820000001,37.63,5.5,44.0,7.2,1028.6,26.127289,44.444925
2022-03-13 16:00:00,2022-03-13 17:00:00,20.93,13.43230889,42.89,4.4,52.0,7.2,1029.5,26.127289,44.444925
2022-03-13 17:00:00,2022-03-13 18:00:00,23.03,14.780032190000002,42.75,3.6,56.0,3.6,1030.4,26.127289,44.444925
2022-03-13 18:00:00,2022-03-13 19:00:00,23.47,15.062412310000001,45.75,3.0,60.0,3.6,1031.0,26.127289,44.444925
2022-03-13 19:00:00,2022-03-13 20:00:00,23.63,15.165095990000001,43.38,2.7,63.0,3.6,1031.5,26.127289,44.444925
2022-03-13 20:00:00,2022-03-13 21:00:00,25.36,16.27536328,45.58,2.4,63.0,3.6,1032.1,26.127289,44.444925
2022-03-13 21:00:00,2022-03-13 22:00:00,24.57,15.76836261,44.59,2.2,62.0,3.6,1032.5,26.127289,44.444925
2022-03-13 22:00:00,2022-03-13 23:00:00,29.28,18.79111344,43.41,2.2,58.0,3.6,1032.7,26.127289,44.444925
2022-03-13 23:00:00,2022-03-14 00:00:00,28.11,18.040239030000002,38.1,1.7,60.0,4.0,1033.1,26.127289,44.444925
2022-03-14 00:00:00,2022-03-14 01:00:00,28.94,18.572910620000002,42.35,1.1,64.0,8.3,1033.4,26.127289,44.444925
2022-03-14 01:00:00,2022-03-14 02:00:00,35.02,22.474890460000005,58.8,0.4,70.0,6.5,1033.6,26.127289,44.444925
2022-03-14 02:00:00,2022-03-14 03:00:00,33.67,21.608496910000003,57.15,0.0,70.0,5.8,1033.8,26.127289,44.444925
2022-03-14 03:00:00,2022-03-14 04:00:00,33.07,21.223433110000002,44.52,0.7,67.0,3.6,1034.2,26.127289,44.444925
2022-03-14 04:00:00,2022-03-14 05:00:00,31.26,20.061823980000003,46.22,0.9,65.0,3.6,1034.8,26.127289,44.444925
2022-03-14 05:00:00,2022-03-14 06:00:00,33.69,21.62133237,59.34,1.3,63.0,3.6,1035.2,26.127289,44.444925
2022-03-14 06:00:00,2022-03-14 07:00:00,40.16,25.77360368,60.55,1.8,67.0,3.6,1035.8,26.127289,44.444925
2022-03-14 07:00:00,2022-03-14 08:00:00,40.44,25.95330012,52.38,3.8,59.0,3.6,1036.3,26.127289,44.444925
2022-03-14 09:00:00,2022-03-14 10:00:00,37.37,23.98305701,36.68,7.1,46.0,3.6,1036.9,26.127289,44.444925
2022-03-14 10:00:00,2022-03-14 11:00:00,32.07,20.58166011,32.4,6.2,46.0,3.6,1036.7,26.127289,44.444925
2022-03-14 11:00:00,2022-03-14 12:00:00,28.91,18.55365743,25.17,7.7,40.0,3.6,1036.5,26.127289,44.444925
2022-03-14 12:00:00,2022-03-14 13:00:00,34.63,22.224598990000004,28.88,7.1,41.0,3.2,1036.2,26.127289,44.444925
2022-03-14 13:00:00,2022-03-14 14:00:00,36.3,23.2963599,27.97,8.2,39.0,3.6,1035.7,26.127289,44.444925
2022-03-14 14:00:00,2022-03-14 15:00:00,39.9,25.6067427,32.47,9.0,38.0,3.6,1035.4,26.127289,44.444925
2022-03-14 15:00:00,2022-03-14 16:00:00,36.84,23.642917320000002,33.29,9.3,36.0,7.2,1035.2,26.127289,44.444925
2022-03-14 16:00:00,2022-03-14 17:00:00,32.43,20.81269839,29.93,7.4,42.0,7.2,1035.2,26.127289,44.444925
2022-03-14 17:00:00,2022-03-14 18:00:00,36.69,23.54665137,41.67,5.6,48.0,3.6,1035.4,26.127289,44.444925
2022-03-14 18:00:00,2022-03-14 19:00:00,41.98,26.94163054,50.46,4.1,56.0,3.6,1035.8,26.127289,44.444925
2022-03-14 19:00:00,2022-03-14 20:00:00,38.07,24.43229811,35.26,2.5,64.0,7.2,1036.0,26.127289,44.444925
2022-03-14 20:00:00,2022-03-14 21:00:00,36.24,23.25785352,29.44,1.9,66.0,7.2,1036.2,26.127289,44.444925
2022-03-14 21:00:00,2022-03-14 22:00:00,34.03,21.839535190000003,31.19,1.3,68.0,7.2,1036.3,26.127289,44.444925
2022-03-14 22:00:00,2022-03-14 23:00:00,29.65,19.02856945,22.76,1.1,68.0,7.2,1036.0,26.127289,44.444925
2022-03-14 23:00:00,2022-03-15 00:00:00,32.42,20.806280660000002,24.74,0.2,71.0,7.2,1036.0,26.127289,44.444925
2022-03-15 00:00:00,2022-03-15 01:00:00,31.2,20.023317600000002,23.75,1.7,60.0,10.8,1035.9,26.127289,44.444925
2022-03-15 01:00:00,2022-03-15 02:00:00,29.89,19.18259497,26.41,1.2,62.0,7.2,1035.6,26.127289,44.444925
2022-03-15 02:00:00,2022-03-15 03:00:00,30.97,19.87570981,31.83,1.5,60.0,7.2,1035.2,26.127289,44.444925
2022-03-15 03:00:00,2022-03-15 04:00:00,29.89,19.18259497,28.68,1.6,58.0,7.2,1035.4,26.127289,44.444925
2022-03-15 04:00:00,2022-03-15 05:00:00,33.21,21.313281330000002,25.54,0.9,60.0,3.6,1035.0,26.127289,44.444925
2022-03-15 05:00:00,2022-03-15 06:00:00,37.16,23.84828468,48.87,-0.9,71.0,7.2,1035.2,26.127289,44.444925
2022-03-15 06:00:00,2022-03-15 07:00:00,41.45,26.601490850000005,56.63,-0.2,69.0,3.6,1035.4,26.127289,44.444925
2022-03-15 07:00:00,2022-03-15 08:00:00,43.9,28.1738347,57.16,4.2,53.0,3.6,1035.4,26.127289,44.444925
2022-03-15 08:00:00,2022-03-15 09:00:00,50.62,32.48654926,56.4,6.8,44.0,3.6,1035.5,26.127289,44.444925
2022-03-15 10:00:00,2022-03-15 11:00:00,43.14,27.68608722,36.27,10.6,34.0,3.6,1034.7,26.127289,44.444925
2022-03-15 11:00:00,2022-03-15 12:00:00,41.11,26.383288030000003,28.21,12.4,28.0,7.2,1033.8,26.127289,44.444925
2022-03-15 12:00:00,2022-03-15 13:00:00,30.17,19.36229141,24.32,13.7,28.0,3.6,1032.8,26.127289,44.444925
2022-03-15 13:00:00,2022-03-15 14:00:00,28.9,18.5472397,27.98,12.9,25.0,3.6,1031.8,26.127289,44.444925
2022-03-15 14:00:00,2022-03-15 15:00:00,28.58,18.34187234,28.07,12.9,26.0,7.2,1030.9,26.127289,44.444925
2022-03-15 15:00:00,2022-03-15 16:00:00,24.97,16.02507181,32.45,12.3,27.0,7.2,1030.9,26.127289,44.444925
2022-03-15 16:00:00,2022-03-15 17:00:00,26.74,17.16101002,41.83,11.2,32.0,10.8,1030.5,26.127289,44.444925
2022-03-15 17:00:00,2022-03-15 18:00:00,32.67,20.966723910000002,61.55,8.8,38.0,7.2,1030.5,26.127289,44.444925
2022-03-15 18:00:00,2022-03-15 19:00:00,41.5,26.633579500000003,71.15,6.7,45.0,3.6,1030.6,26.127289,44.444925
2022-03-15 19:00:00,2022-03-15 20:00:00,51.53,33.07056269,89.86,4.8,53.0,3.6,1030.4,26.127289,44.444925
2022-03-15 20:00:00,2022-03-15 21:00:00,50.0,32.08865,73.58,4.1,55.0,3.6,1030.2,26.127289,44.444925
2022-03-15 21:00:00,2022-03-15 22:00:00,69.69,44.725160370000005,93.54,3.0,60.0,0.0,1029.9,26.127289,44.444925
2022-03-15 22:00:00,2022-03-15 23:00:00,62.67,40.21991391,84.69,3.2,59.0,3.6,1029.4,26.127289,44.444925
2022-03-15 23:00:00,2022-03-16 00:00:00,57.36,36.812099280000005,85.44,2.3,64.0,0.0,1029.1,26.127289,44.444925
2022-03-16 00:00:00,2022-03-16 01:00:00,66.24,42.51104352,78.82,2.3,64.0,0.0,1028.7,26.127289,44.444925
2022-03-16 01:00:00,2022-03-16 02:00:00,69.65,44.69948945000001,73.96,2.2,65.0,0.0,1027.9,26.127289,44.444925
2022-03-16 02:00:00,2022-03-16 03:00:00,64.31,41.272421630000004,68.44,2.4,67.0,3.6,1027.4,26.127289,44.444925
2022-03-16 03:00:00,2022-03-16 04:00:00,59.23,38.01221479,66.92,2.8,64.0,3.6,1026.4,26.127289,44.444925
2022-03-16 04:00:00,2022-03-16 05:00:00,69.49,44.596805769999996,66.18,2.8,66.0,3.6,1025.8,26.127289,44.444925
2022-03-16 05:00:00,2022-03-16 06:00:00,72.54,46.55421342,72.37,2.0,66.0,0.0,1025.6,26.127289,44.444925
2022-03-16 06:00:00,2022-03-16 07:00:00,75.08,48.18431684,88.19,2.2,66.0,0.0,1025.1,26.127289,44.444925
2022-03-16 07:00:00,2022-03-16 08:00:00,70.34,45.14231282000001,91.27,3.3,67.0,0.0,1025.1,26.127289,44.444925
2022-03-16 08:00:00,2022-03-16 09:00:00,62.84,40.32901532,81.9,4.8,62.0,0.0,1025.0,26.127289,44.444925
2022-03-16 09:00:00,2022-03-16 10:00:00,82.54,52.97194342000001,92.11,5.9,49.0,0.0,1024.8,26.127289,44.444925
2022-03-16 11:00:00,2022-03-16 12:00:00,105.74,67.86107702,89.29,7.7,46.0,3.6,1024.0,26.127289,44.444925
2022-03-16 12:00:00,2022-03-16 13:00:00,91.1,58.4655203,75.21,7.6,47.0,3.6,1024.1,26.127289,44.444925
2022-03-16 13:00:00,2022-03-16 14:00:00,100.21,64.31207233,70.18,7.6,48.0,3.6,1023.4,26.127289,44.444925
2022-03-16 14:00:00,2022-03-16 15:00:00,105.72,67.84824156,71.74,8.2,47.0,3.6,1023.4,26.127289,44.444925
2022-03-16 15:00:00,2022-03-16 16:00:00,96.54,61.95676542000001,73.34,7.6,49.0,3.6,1023.7,26.127289,44.444925
2022-03-16 16:00:00,2022-03-16 17:00:00,81.8,52.497031400000004,59.42,6.8,49.0,3.6,1024.3,26.127289,44.444925
2022-03-16 17:00:00,2022-03-16 18:00:00,97.3,62.4445129,58.57,6.1,53.0,3.6,1024.5,26.127289,44.444925
2022-03-16 18:00:00,2022-03-16 19:00:00,94.55,60.679637150000005,55.97,5.2,57.0,3.6,1025.0,26.127289,44.444925
2022-03-16 19:00:00,2022-03-16 20:00:00,74.9,48.068797700000005,55.33,5.2,63.0,7.2,1025.3,26.127289,44.444925
2022-03-16 20:00:00,2022-03-16 21:00:00,49.87,32.00521951,44.58,5.0,76.0,7.2,1025.8,26.127289,44.444925
2022-03-16 21:00:00,2022-03-16 22:00:00,27.43,17.603833390000002,36.05,4.1,80.0,7.2,1026.6,26.127289,44.444925
2022-03-16 22:00:00,2022-03-16 23:00:00,20.04,12.86113092,26.49,3.2,77.0,10.8,1027.2,26.127289,44.444925
2022-03-16 23:00:00,2022-03-17 00:00:00,16.0,10.268368,23.54,2.4,69.0,10.8,1028.2,26.127289,44.444925
2022-03-17 00:00:00,2022-03-17 01:00:00,11.03,7.07875619,17.12,2.0,63.0,10.8,1028.7,26.127289,44.444925
2022-03-17 01:00:00,2022-03-17 02:00:00,9.78,6.27653994,15.45,2.0,62.0,10.8,1029.1,26.127289,44.444925
2022-03-17 02:00:00,2022-03-17 03:00:00,8.98,5.76312154,14.42,1.8,58.0,10.8,1029.4,26.127289,44.444925
2022-03-17 03:00:00,2022-03-17 04:00:00,9.47,6.077590310000001,14.46,1.1,60.0,10.8,1029.9,26.127289,44.444925
2022-03-17 04:00:00,2022-03-17 05:00:00,10.7,6.8669711,19.79,1.6,58.0,10.8,1030.5,26.127289,44.444925
2022-03-17 05:00:00,2022-03-17 06:00:00,11.91,7.643516430000001,31.22,1.4,62.0,10.8,1031.6,26.127289,44.444925
2022-03-17 06:00:00,2022-03-17 07:00:00,15.05,9.65868365,47.05,1.1,64.0,10.8,1032.5,26.127289,44.444925
2022-03-17 07:00:00,2022-03-17 08:00:00,16.68,10.70477364,47.54,2.1,61.0,14.4,1033.1,26.127289,44.444925
2022-03-17 08:00:00,2022-03-17 09:00:00,16.82,10.794621860000001,41.01,4.5,52.0,7.2,1033.6,26.127289,44.444925
2022-03-17 09:00:00,2022-03-17 10:00:00,16.48,10.576419040000001,35.9,5.0,40.0,10.8,1034.0,26.127289,44.444925
2022-03-17 10:00:00,2022-03-17 11:00:00,15.33,9.838380090000001,38.47,5.3,39.0,10.8,1034.4,26.127289,44.444925
2022-03-17 12:00:00,2022-03-17 13:00:00,16.81,10.78820413,49.86,5.4,37.0,10.8,1034.5,26.127289,44.444925
2022-03-17 13:00:00,2022-03-17 14:00:00,18.67,11.981901910000001,47.77,6.2,36.0,7.2,1034.3,26.127289,44.444925
2022-03-17 14:00:00,2022-03-17 15:00:00,19.05,12.225775650000001,48.14,5.1,34.0,7.2,1034.5,26.127289,44.444925
2022-03-17 15:00:00,2022-03-17 16:00:00,20.85,13.380967050000002,52.76,5.0,33.0,7.2,1034.5,26.127289,44.444925
2022-03-17 16:00:00,2022-03-17 17:00:00,19.04,12.21935792,59.01,4.7,34.0,7.2,1034.6,26.127289,44.444925
2022-03-17 17:00:00,2022-03-17 18:00:00,19.67,12.623674910000002,63.13,3.6,35.0,3.6,1035.3,26.127289,44.444925
2022-03-17 18:00:00,2022-03-17 19:00:00,21.55,13.83020815,62.54,3.0,37.0,3.6,1036.0,26.127289,44.444925
2022-03-17 19:00:00,2022-03-17 20:00:00,23.97,15.38329881,53.69,2.2,39.0,3.6,1036.6,26.127289,44.444925
2022-03-17 20:00:00,2022-03-17 21:00:00,26.22,16.82728806,54.51,1.0,42.0,3.6,1037.4,26.127289,44.444925
2022-03-17 21:00:00,2022-03-17 22:00:00,26.13,16.76952849,49.12,1.2,42.0,3.6,1038.2,26.127289,44.444925
2022-03-17 22:00:00,2022-03-17 23:00:00,25.57,16.41013561,43.14,0.4,45.0,3.6,1038.8,26.127289,44.444925
2022-03-17 23:00:00,2022-03-18 00:00:00,22.14,14.208854220000001,33.71,0.0,43.0,7.2,1039.3,26.127289,44.444925
2022-03-18 00:00:00,2022-03-18 01:00:00,26.49,17.00056677,30.11,-0.5,45.0,3.6,1039.7,26.127289,44.444925
2022-03-18 01:00:00,2022-03-18 02:00:00,27.45,17.61666885,30.01,-1.1,48.0,3.6,1039.7,26.127289,44.444925
2022-03-18 02:00:00,2022-03-18 03:00:00,27.29,17.51398517,29.81,-1.3,46.0,3.6,1039.7,26.127289,44.444925
2022-03-18 03:00:00,2022-03-18 04:00:00,24.12,15.479564760000002,30.38,-1.3,44.0,7.2,1039.9,26.127289,44.444925
2022-03-18 04:00:00,2022-03-18 05:00:00,23.22,14.90196906,36.42,-1.2,44.0,7.2,1040.4,26.127289,44.444925
2022-03-18 05:00:00,2022-03-18 06:00:00,23.73,15.229273290000002,53.96,-1.6,45.0,7.2,1041.2,26.127289,44.444925
2022-03-18 06:00:00,2022-03-18 07:00:00,27.73,17.79636529,59.11,-0.7,44.0,7.2,1041.7,26.127289,44.444925
2022-03-18 07:00:00,2022-03-18 08:00:00,28.73,18.43813829,58.07,1.2,39.0,7.2,1041.9,26.127289,44.444925
2022-03-18 08:00:00,2022-03-18 09:00:00,24.97,16.02507181,43.34,3.2,36.0,7.2,1041.8,26.127289,44.444925
2022-03-18 09:00:00,2022-03-18 10:00:00,23.1,14.824956300000002,37.57,4.6,33.0,7.2,1041.9,26.127289,44.444925
2022-03-18 10:00:00,2022-03-18 11:00:00,21.78,13.977815940000001,39.19,5.2,32.0,7.2,1041.7,26.127289,44.444925
2022-03-18 11:00:00,2022-03-18 12:00:00,20.51,13.162764230000002,37.13,6.3,27.0,7.2,1041.4,26.127289,44.444925
2022-03-18 13:00:00,2022-03-18 14:00:00,18.74,12.02682602,43.02,7.7,24.0,7.2,1040.3,26.127289,44.444925
2022-03-18 14:00:00,2022-03-18 15:00:00,17.84,11.44923032,33.94,7.5,21.0,3.6,1039.8,26.127289,44.444925
2022-03-18 15:00:00,2022-03-18 16:00:00,24.01,15.408969730000003,54.29,6.2,26.0,7.2,1040.0,26.127289,44.444925
2022-03-18 16:00:00,2022-03-18 17:00:00,26.32,16.89146536,63.8,5.5,28.0,7.2,1040.2,26.127289,44.444925
2022-03-18 17:00:00,2022-03-18 18:00:00,29.68,19.04782264,54.44,3.7,33.0,3.6,1040.8,26.127289,44.444925
2022-03-18 18:00:00,2022-03-18 19:00:00,28.71,18.425302830000003,53.45,2.8,39.0,7.2,1041.5,26.127289,44.444925
2022-03-18 19:00:00,2022-03-18 20:00:00,32.2,20.665090600000003,45.4,1.6,45.0,7.2,1042.1,26.127289,44.444925
2022-03-18 20:00:00,2022-03-18 21:00:00,29.84,19.15050632,46.7,0.2,50.0,3.6,1042.6,26.127289,44.444925
2022-03-18 21:00:00,2022-03-18 22:00:00,31.51,20.222267230000003,46.05,-1.0,55.0,3.6,1042.6,26.127289,44.444925
2022-03-18 22:00:00,2022-03-18 23:00:00,22.55,14.471981150000001,42.99,-1.2,55.0,0.0,1042.5,26.127289,44.444925
2022-03-18 23:00:00,2022-03-19 00:00:00,21.79,13.98423367,42.31,-2.3,58.0,0.0,1042.8,26.127289,44.444925
2022-03-19 00:00:00,2022-03-19 01:00:00,22.31,14.31795563,43.32,-2.6,61.0,0.0,1042.9,26.127289,44.444925
2022-03-19 01:00:00,2022-03-19 02:00:00,26.91,17.27011143,43.1,-2.8,59.0,0.0,1042.5,26.127289,44.444925
2022-03-19 02:00:00,2022-03-19 03:00:00,24.32,15.60791936,44.4,-3.2,63.0,0.0,1042.3,26.127289,44.444925
2022-03-19 03:00:00,2022-03-19 04:00:00,28.49,18.28411277,56.6,-3.3,64.0,0.0,1042.2,26.127289,44.444925
2022-03-19 04:00:00,2022-03-19 05:00:00,28.01,17.97606173,52.92,-3.3,65.0,0.0,1042.1,26.127289,44.444925
2022-03-19 05:00:00,2022-03-19 06:00:00,33.17,21.287610410000003,46.59,-2.6,64.0,0.0,1042.2,26.127289,44.444925
2022-03-19 06:00:00,2022-03-19 07:00:00,31.36,20.12600128,42.51,-1.1,59.0,3.6,1042.6,26.127289,44.444925
2022-03-19 07:00:00,2022-03-19 08:00:00,32.95,21.146420350000003,37.08,0.4,51.0,7.2,1042.9,26.127289,44.444925
2022-03-19 08:00:00,2022-03-19 09:00:00,25.24,16.198350519999998,30.86,1.9,44.0,7.2,1043.1,26.127289,44.444925
2022-03-19 09:00:00,2022-03-19 10:00:00,22.01,14.125423730000001,31.78,3.3,40.0,10.8,1043.2,26.127289,44.444925
2022-03-19 10:00:00,2022-03-19 11:00:00,21.27,13.65051171,30.95,5.2,39.0,14.4,1043.0,26.127289,44.444925
2022-03-19 11:00:00,2022-03-19 12:00:00,19.44,12.476067120000002,38.11,3.9,39.0,7.2,1042.7,26.127289,44.444925
2022-03-19 12:00:00,2022-03-19 13:00:00,17.97,11.53266081,35.58,4.6,37.0,10.8,1041.9,26.127289,44.444925
2022-03-19 14:00:00,2022-03-19 15:00:00,18.7,12.0011551,36.97,5.8,32.0,10.8,1041.2,26.127289,44.444925
2022-03-19 15:00:00,2022-03-19 16:00:00,18.54,11.89847142,33.03,5.5,31.0,10.8,1040.9,26.127289,44.444925
2022-03-19 16:00:00,2022-03-19 17:00:00,18.75,12.03324375,37.05,4.5,34.0,10.8,1040.9,26.127289,44.444925
2022-03-19 17:00:00,2022-03-19 18:00:00,22.38,14.36287974,53.83,3.2,35.0,7.2,1041.4,26.127289,44.444925
2022-03-19 18:00:00,2022-03-19 19:00:00,25.36,16.27536328,58.43,2.3,40.0,3.6,1041.9,26.127289,44.444925
2022-03-19 19:00:00,2022-03-19 20:00:00,34.01,21.82669973,64.75,0.5,46.0,3.6,1042.7,26.127289,44.444925
2022-03-19 20:00:00,2022-03-19 21:00:00,32.21,20.67150833,62.26,0.2,47.0,3.6,1042.8,26.127289,44.444925
2022-03-19 21:00:00,2022-03-19 22:00:00,28.63,18.37396099,47.88,0.2,48.0,3.6,1042.9,26.127289,44.444925
2022-03-19 22:00:00,2022-03-19 23:00:00,30.77,19.747355210000002,42.54,0.6,44.0,3.6,1042.7,26.127289,44.444925
2022-03-19 23:00:00,2022-03-20 00:00:00,31.56,20.254355880000002,48.25,0.3,45.0,3.6,1042.5,26.127289,44.444925
2022-03-20 00:00:00,2022-03-20 01:00:00,31.87,20.453305510000003,45.58,-0.6,47.0,3.6,1042.5,26.127289,44.444925
2022-03-20 01:00:00,2022-03-20 02:00:00,30.03,19.27244319,45.03,-0.7,48.0,3.6,1042.3,26.127289,44.444925
2022-03-20 02:00:00,2022-03-20 03:00:00,28.42,18.239188660000003,44.33,-0.6,47.0,3.6,1042.3,26.127289,44.444925
2022-03-20 03:00:00,2022-03-20 04:00:00,27.73,17.79636529,40.63,-1.5,52.0,3.6,1042.2,26.127289,44.444925
2022-03-20 04:00:00,2022-03-20 05:00:00,26.89,17.257275970000002,39.33,-1.5,51.0,3.6,1042.2,26.127289,44.444925
2022-03-20 05:00:00,2022-03-20 06:00:00,27.26,17.49473198,47.69,-1.7,50.0,3.6,1042.4,26.127289,44.444925
2022-03-20 06:00:00,2022-03-20 07:00:00,27.05,17.35995965,43.8,-0.4,50.0,3.6,1042.8,26.127289,44.444925
2022-03-20 07:00:00,2022-03-20 08:00:00,25.12,16.121337760000003,37.18,3.1,36.0,7.2,1042.8,26.127289,44.444925
2022-03-20 08:00:00,2022-03-20 09:00:00,23.86,15.31270378,31.8,5.3,29.0,7.2,1042.7,26.127289,44.444925
2022-03-20 09:00:00,2022-03-20 10:00:00,26.93,17.28294689,30.73,7.0,25.0,10.8,1042.3,26.127289,44.444925
2022-03-20 10:00:00,2022-03-20 11:00:00,28.53,18.309783690000003,31.33,7.8,23.0,10.8,1041.6,26.127289,44.444925
2022-03-20 11:00:00,2022-03-20 12:00:00,29.68,19.04782264,40.46,7.4,23.0,10.8,1041.2,26.127289,44.444925
2022-03-20 12:00:00,2022-03-20 13:00:00,33.53,21.518648690000003,35.8,9.6,22.0,7.2,1040.2,26.127289,44.444925
2022-03-20 13:00:00,2022-03-20 14:00:00,33.47,21.48014231,41.13,9.6,22.0,10.8,1039.5,26.127289,44.444925
2022-03-20 15:00:00,2022-03-20 16:00:00,29.1,18.675594300000004,39.86,8.6,22.0,10.8,1038.6,26.127289,44.444925
2022-03-20 16:00:00,2022-03-20 17:00:00,31.11,19.96555803,47.48,7.8,24.0,7.2,1038.3,26.127289,44.444925
2022-03-20 17:00:00,2022-03-20 18:00:00,28.48,18.27769504,60.95,6.9,26.0,7.2,1038.3,26.127289,44.444925
2022-03-20 18:00:00,2022-03-20 19:00:00,30.94,19.856456620000003,67.36,5.6,32.0,7.2,1038.6,26.127289,44.444925
2022-03-20 19:00:00,2022-03-20 20:00:00,33.48,21.48656004,58.4,3.5,36.0,3.6,1038.7,26.127289,44.444925
2022-03-20 20:00:00,2022-03-20 21:00:00,30.98,19.882127540000003,56.92,3.4,36.0,3.6,1038.3,26.127289,44.444925
2022-03-20 21:00:00,2022-03-20 22:00:00,39.24,25.183172520000003,40.1,3.6,35.0,3.6,1038.2,26.127289,44.444925
2022-03-20 22:00:00,2022-03-20 23:00:00,37.17,23.85470241,42.21,3.2,38.0,3.6,1038.2,26.127289,44.444925
2022-03-20 23:00:00,2022-03-21 00:00:00,35.39,22.71234647,46.46,2.8,40.0,7.2,1038.2,26.127289,44.444925
2022-03-21 00:00:00,2022-03-21 01:00:00,34.94,22.42354862,41.04,0.4,45.0,3.6,1038.1,26.127289,44.444925
2022-03-21 01:00:00,2022-03-21 02:00:00,34.77,22.314447210000004,39.85,-0.7,50.0,3.6,1037.8,26.127289,44.444925
2022-03-21 02:00:00,2022-03-21 03:00:00,34.92,22.410713160000004,34.32,-1.1,50.0,3.6,1037.5,26.127289,44.444925
2022-03-21 03:00:00,2022-03-21 04:00:00,35.28,22.641751440000004,41.68,-1.6,53.0,3.6,1037.5,26.127289,44.444925
2022-03-21 04:00:00,2022-03-21 05:00:00,35.37,22.69951101,49.46,-1.9,55.0,3.6,1037.7,26.127289,44.444925
2022-03-21 05:00:00,2022-03-21 06:00:00,39.71,25.484805830000003,58.72,-1.7,54.0,3.6,1037.7,26.127289,44.444925
2022-03-21 06:00:00,2022-03-21 07:00:00,42.04,26.98013692,67.57,0.8,51.0,3.6,1037.6,26.127289,44.444925
2022-03-21 07:00:00,2022-03-21 08:00:00,44.51,28.56531623,77.53,4.6,37.0,7.2,1037.7,26.127289,44.444925
2022-03-21 08:00:00,2022-03-21 09:00:00,39.3,25.2216789,61.75,7.0,32.0,7.2,1037.8,26.127289,44.444925
2022-03-21 09:00:00,2022-03-21 10:00:00,34.36,22.051320280000002,54.08,9.2,29.0,10.8,1037.4,26.127289,44.444925
2022-03-21 10:00:00,2022-03-21 11:00:00,29.89,19.18259497,46.87,10.6,26.0,10.8,1036.9,26.127289,44.444925
2022-03-21 11:00:00,2022-03-21 12:00:00,25.07,16.08924911,48.54,11.6,24.0,10.8,1036.1,26.127289,44.444925
2022-03-21 12:00:00,2022-03-21 13:00:00,20.82,13.361713860000002,46.39,12.3,19.0,10.8,1035.2,26.127289,44.444925
2022-03-21 13:00:00,2022-03-21 14:00:00,23.35,14.985399550000002,51.39,12.7,17.0,10.8,1034.5,26.127289,44.444925
2022-03-21 14:00:00,2022-03-21 15:00:00,24.56,15.76194488,52.84,13.7,20.0,10.8,1033.8,26.127289,44.444925
2022-03-21 16:00:00,2022-03-21 17:00:00,26.75,17.16742775,70.4,12.0,24.0,7.2,1032.9,26.127289,44.444925
2022-03-21 17:00:00,2022-03-21 18:00:00,29.56,18.97080988,72.28,11.2,26.0,7.2,1032.9,26.127289,44.444925
2022-03-21 18:00:00,2022-03-21 19:00:00,31.53,20.23510269,78.46,10.1,27.0,3.6,1033.1,26.127289,44.444925
2022-03-21 19:00:00,2022-03-21 20:00:00,32.59,20.915382070000003,70.31,9.4,27.0,7.2,1033.1,26.127289,44.444925
2022-03-21 20:00:00,2022-03-21 21:00:00,34.72,22.282358560000002,66.67,8.6,29.0,3.6,1033.0,26.127289,44.444925
2022-03-21 21:00:00,2022-03-21 22:00:00,36.27,23.27710671,61.43,9.1,27.0,3.6,1033.0,26.127289,44.444925
2022-03-21 22:00:00,2022-03-21 23:00:00,35.97,23.08457481,42.51,9.1,28.0,3.6,1032.8,26.127289,44.444925
2022-03-21 23:00:00,2022-03-22 00:00:00,32.51,20.86404023,38.17,9.1,30.0,3.6,1032.5,26.127289,44.444925
2022-03-22 00:00:00,2022-03-22 01:00:00,26.68,17.12250364,27.32,8.8,33.0,7.2,1032.4,26.127289,44.444925
2022-03-22 01:00:00,2022-03-22 02:00:00,25.61,16.43580653,22.62,8.3,37.0,3.6,1032.2,26.127289,44.444925
2022-03-22 02:00:00,2022-03-22 03:00:00,24.63,15.80686899,22.22,7.6,42.0,7.2,1031.8,26.127289,44.444925
2022-03-22 03:00:00,2022-03-22 04:00:00,25.01,16.050742730000003,23.75,7.2,45.0,7.2,1031.6,26.127289,44.444925
2022-03-22 04:00:00,2022-03-22 05:00:00,27.99,17.96322627,30.66,6.3,50.0,7.2,1031.6,26.127289,44.444925
2022-03-22 05:00:00,2022-03-22 06:00:00,28.36,18.200682280000002,35.13,5.9,52.0,3.6,1031.5,26.127289,44.444925
2022-03-22 06:00:00,2022-03-22 07:00:00,30.03,19.27244319,51.75,7.6,46.0,7.2,1031.4,26.127289,44.444925
2022-03-22 07:00:00,2022-03-22 08:00:00,29.37,18.848873010000002,44.73,11.1,40.0,7.2,1031.2,26.127289,44.444925
2022-03-22 08:00:00,2022-03-22 09:00:00,34.25,21.980725250000003,51.69,13.6,39.0,10.8,1030.8,26.127289,44.444925
2022-03-22 09:00:00,2022-03-22 10:00:00,35.88,23.02681524,47.23,15.0,33.0,14.4,1030.2,26.127289,44.444925
2022-03-22 10:00:00,2022-03-22 11:00:00,33.22,21.31969906,45.89,16.0,29.0,14.4,1029.6,26.127289,44.444925
2022-03-22 11:00:00,2022-03-22 12:00:00,73.3,47.0419609,45.0,16.9,25.0,18.0,1029.0,26.127289,44.444925
2022-03-22 12:00:00,2022-03-22 13:00:00,153.16,98.29395268,44.62,16.0,26.0,18.0,1028.9,26.127289,44.444925
2022-03-22 13:00:00,2022-03-22 14:00:00,178.7,114.6848351,52.26,16.3,25.0,18.0,1028.3,26.127289,44.444925
2022-03-22 14:00:00,2022-03-22 15:00:00,127.57,81.87098161,46.35,15.6,24.0,14.4,1028.5,26.127289,44.444925
2022-03-22 15:00:00,2022-03-22 16:00:00,92.96,59.65921808,50.79,15.3,26.0,14.4,1028.4,26.127289,44.444925
2022-03-22 17:00:00,2022-03-22 18:00:00,85.02,54.56354046,43.39,10.8,41.0,14.4,1030.1,26.127289,44.444925
2022-03-22 18:00:00,2022-03-22 19:00:00,73.03,46.86868219,54.27,8.9,45.0,10.8,1031.1,26.127289,44.444925
2022-03-22 19:00:00,2022-03-22 20:00:00,65.32,41.92061236,48.88,7.7,53.0,7.2,1031.8,26.127289,44.444925
2022-03-22 20:00:00,2022-03-22 21:00:00,72.49,46.52212477,55.49,5.7,59.0,3.6,1032.3,26.127289,44.444925
2022-03-22 21:00:00,2022-03-22 22:00:00,61.47,39.44978631,54.7,5.3,60.0,3.6,1032.4,26.127289,44.444925
2022-03-22 22:00:00,2022-03-22 23:00:00,45.64,29.290519720000002,44.43,5.0,60.0,3.6,1032.4,26.127289,44.444925
2022-03-22 23:00:00,2022-03-23 00:00:00,43.67,28.026226910000002,46.49,4.0,62.0,3.6,1032.4,26.127289,44.444925
2022-03-23 00:00:00,2022-03-23 01:00:00,40.89,26.242097970000003,37.46,3.8,63.0,3.6,1032.2,26.127289,44.444925
2022-03-23 01:00:00,2022-03-23 02:00:00,37.72,24.20767756,23.71,3.9,62.0,3.6,1032.0,26.127289,44.444925
2022-03-23 02:00:00,2022-03-23 03:00:00,34.02,21.833117460000004,25.0,3.7,63.0,3.6,1031.8,26.127289,44.444925
2022-03-23 03:00:00,2022-03-23 04:00:00,34.72,22.282358560000002,27.93,2.5,68.0,3.6,1031.7,26.127289,44.444925
2022-03-23 04:00:00,2022-03-23 05:00:00,34.23,21.96788979,36.48,2.0,67.0,3.6,1031.7,26.127289,44.444925
2022-03-23 05:00:00,2022-03-23 06:00:00,37.43,24.02156339,55.32,1.6,69.0,3.6,1031.7,26.127289,44.444925
2022-03-23 06:00:00,2022-03-23 07:00:00,40.67,26.100907910000004,60.97,4.7,58.0,3.6,1031.8,26.127289,44.444925
2022-03-23 07:00:00,2022-03-23 08:00:00,39.52,25.362868960000004,64.64,7.7,46.0,7.2,1031.6,26.127289,44.444925
2022-03-23 08:00:00,2022-03-23 09:00:00,32.19,20.65867287,46.61,10.2,36.0,7.2,1031.5,26.127289,44.444925
2022-03-23 09:00:00,2022-03-23 10:00:00,30.46,19.54840558,45.37,12.1,31.0,7.2,1031.3,26.127289,44.444925
2022-03-23 10:00:00,2022-03-23 11:00:00,28.19,18.09158087,36.67,13.4,28.0,7.2,1030.7,26.127289,44.444925
2022-03-23 11:00:00,2022-03-23 12:00:00,24.84,15.94164132,40.15,14.7,24.0,10.8,1029.9,26.127289,44.444925
2022-03-23 12:00:00,2022-03-23 13:00:00,23.85,15.306286050000002,40.3,15.5,21.0,7.2,1028.8,26.127289,44.444925
2022-03-23 13:00:00,2022-03-23 14:00:00,27.21,17.462643330000002,42.04,16.1,20.0,10.8,1028.0,26.127289,44.444925
2022-03-23 14:00:00,2022-03-23 15:00:00,29.09,18.66917657,45.43,16.5,20.0,7.2,1027.3,26.127289,44.444925
2022-03-23 15:00:00,2022-03-23 16:00:00,27.7,17.7771121,50.97,15.8,22.0,7.2,1026.8,26.127289,44.444925
2022-03-23 16:00:00,2022-03-23 17:00:00,25.13,16.127755490000002,57.52,14.1,22.0,3.6,1026.6,26.127289,44.444925
2022-03-23 18:00:00,2022-03-23 19:00:00,47.2,30.291685600000005,92.0,9.7,27.0,0.0,1026.9,26.127289,44.444925
2022-03-23 19:00:00,2022-03-23 20:00:00,57.02,36.59389646,89.38,8.4,30.0,3.6,1027.0,26.127289,44.444925
2022-03-23 20:00:00,2022-03-23 21:00:00,53.78,34.514551940000004,84.68,7.1,36.0,3.6,1026.9,26.127289,44.444925
2022-03-23 21:00:00,2022-03-23 22:00:00,67.43,43.27475339000001,88.84,6.6,40.0,3.6,1026.7,26.127289,44.444925
2022-03-23 22:00:00,2022-03-23 23:00:00,86.18,55.307997140000005,83.75,5.7,39.0,0.0,1026.3,26.127289,44.444925
2022-03-23 23:00:00,2022-03-24 00:00:00,56.44,36.221668120000004,69.74,5.5,42.0,3.6,1025.5,26.127289,44.444925
2022-03-24 00:00:00,2022-03-24 01:00:00,46.38,29.765431740000004,63.08,4.9,46.0,7.2,1024.7,26.127289,44.444925
2022-03-24 01:00:00,2022-03-24 02:00:00,57.47,36.88269431,53.26,4.5,48.0,3.6,1024.0,26.127289,44.444925
2022-03-24 02:00:00,2022-03-24 03:00:00,53.49,34.32843777,28.31,6.3,50.0,3.6,1023.0,26.127289,44.444925
2022-03-24 03:00:00,2022-03-24 04:00:00,46.97,30.144077810000002,20.61,6.2,52.0,3.6,1022.5,26.127289,44.444925
2022-03-24 04:00:00,2022-03-24 05:00:00,48.83,31.33777559,25.58,4.5,57.0,3.6,1022.5,26.127289,44.444925
2022-03-24 05:00:00,2022-03-24 06:00:00,49.83,31.97954859,36.44,2.9,64.0,3.6,1022.2,26.127289,44.444925
2022-03-24 06:00:00,2022-03-24 07:00:00,56.75,36.420617750000005,61.77,5.2,54.0,3.6,1022.1,26.127289,44.444925
2022-03-24 07:00:00,2022-03-24 08:00:00,65.52,42.04896696,84.1,9.8,41.0,3.6,1021.9,26.127289,44.444925
2022-03-24 08:00:00,2022-03-24 09:00:00,48.22,30.94629406,58.46,14.5,28.0,3.6,1021.7,26.127289,44.444925
2022-03-24 09:00:00,2022-03-24 10:00:00,40.56,26.030312880000004,47.08,17.0,22.0,3.6,1021.3,26.127289,44.444925
2022-03-24 10:00:00,2022-03-24 11:00:00,31.97,20.51748281,46.17,19.7,18.0,7.2,1020.7,26.127289,44.444925
2022-03-24 11:00:00,2022-03-24 12:00:00,22.6,14.504069800000002,31.04,20.5,15.0,7.2,1019.9,26.127289,44.444925
2022-03-24 12:00:00,2022-03-24 13:00:00,22.82,14.645259860000001,26.35,21.7,13.0,3.6,1019.1,26.127289,44.444925
2022-03-24 13:00:00,2022-03-24 14:00:00,26.46,16.981313580000002,24.43,22.0,13.0,3.6,1018.2,26.127289,44.444925
2022-03-24 14:00:00,2022-03-24 15:00:00,23.17,14.869880410000002,23.83,21.7,15.0,10.8,1017.4,26.127289,44.444925
2022-03-24 15:00:00,2022-03-24 16:00:00,25.29,16.23043917,30.26,21.2,15.0,10.8,1016.6,26.127289,44.444925
2022-03-24 16:00:00,2022-03-24 17:00:00,27.2,17.4562256,34.35,19.2,19.0,10.8,1016.2,26.127289,44.444925
2022-03-24 17:00:00,2022-03-24 18:00:00,32.71,20.992394830000002,46.39,17.8,21.0,7.2,1016.4,26.127289,44.444925
2022-03-24 19:00:00,2022-03-24 20:00:00,59.09,37.92236657,85.22,11.6,41.0,3.6,1017.7,26.127289,44.444925
2022-03-24 20:00:00,2022-03-24 21:00:00,61.26,39.31501398,41.69,13.4,27.0,10.8,1018.2,26.127289,44.444925
2022-03-24 21:00:00,2022-03-24 22:00:00,47.13,30.246761490000004,43.05,11.6,28.0,10.8,1019.2,26.127289,44.444925
2022-03-24 22:00:00,2022-03-24 23:00:00,38.12,24.46438676,32.42,10.7,30.0,10.8,1019.7,26.127289,44.444925
2022-03-24 23:00:00,2022-03-25 00:00:00,33.1,21.242686300000003,27.11,10.0,29.0,10.8,1019.9,26.127289,44.444925
2022-03-25 00:00:00,2022-03-25 01:00:00,29.0,18.611417,17.8,9.4,28.0,10.8,1019.9,26.127289,44.444925
2022-03-25 01:00:00,2022-03-25 02:00:00,25.13,16.127755490000002,16.59,8.6,31.0,10.8,1020.1,26.127289,44.444925
2022-03-25 02:00:00,2022-03-25 03:00:00,23.01,14.767196730000002,16.3,8.2,34.0,10.8,1020.0,26.127289,44.444925
2022-03-25 03:00:00,2022-03-25 04:00:00,24.72,15.86462856,16.98,7.3,39.0,7.2,1020.3,26.127289,44.444925
2022-03-25 04:00:00,2022-03-25 05:00:00,25.66,16.46789518,24.24,6.8,41.0,7.2,1020.6,26.127289,44.444925
2022-03-25 05:00:00,2022-03-25 06:00:00,29.14,18.70126522,50.61,6.3,43.0,3.6,1020.7,26.127289,44.444925
2022-03-25 06:00:00,2022-03-25 07:00:00,34.46,22.115497580000003,65.39,7.5,41.0,7.2,1020.7,26.127289,44.444925
2022-03-25 07:00:00,2022-03-25 08:00:00,38.62,24.78527326,50.23,11.0,35.0,3.6,1020.9,26.127289,44.444925
2022-03-25 08:00:00,2022-03-25 09:00:00,43.11,27.66683403,43.73,11.1,34.0,7.2,1021.2,26.127289,44.444925
2022-03-25 09:00:00,2022-03-25 10:00:00,45.02,28.892620460000003,39.36,12.8,32.0,3.6,1020.7,26.127289,44.444925
2022-03-25 10:00:00,2022-03-25 11:00:00,39.98,25.65808454,24.53,13.5,26.0,7.2,1020.3,26.127289,44.444925
2022-03-25 11:00:00,2022-03-25 12:00:00,34.46,22.115497580000003,21.94,15.3,23.0,3.6,1019.7,26.127289,44.444925
2022-03-25 12:00:00,2022-03-25 13:00:00,30.35,19.47781055,18.72,15.5,24.0,7.2,1019.2,26.127289,44.444925
2022-03-25 13:00:00,2022-03-25 14:00:00,31.3,20.087494900000003,33.56,13.9,26.0,3.6,1019.4,26.127289,44.444925
2022-03-25 14:00:00,2022-03-25 15:00:00,49.49,31.761345770000002,47.55,8.2,65.0,18.0,1022.2,26.127289,44.444925
2022-03-25 15:00:00,2022-03-25 16:00:00,24.01,15.408969730000003,57.34,7.2,69.0,14.4,1023.7,26.127289,44.444925
2022-03-25 16:00:00,2022-03-25 17:00:00,44.96,28.854114080000002,57.68,7.6,56.0,10.8,1023.6,26.127289,44.444925
2022-03-25 17:00:00,2022-03-25 18:00:00,47.37,30.40078701,72.92,6.3,63.0,3.6,1024.3,26.127289,44.444925
2022-03-25 18:00:00,2022-03-25 19:00:00,48.33,31.01688909,65.05,5.0,72.0,3.6,1025.3,26.127289,44.444925
2022-03-25 20:00:00,2022-03-25 21:00:00,36.45,23.39262585,49.28,5.8,59.0,7.2,1026.6,26.127289,44.444925
2022-03-25 21:00:00,2022-03-25 22:00:00,32.84,21.075825320000003,51.78,5.3,59.0,7.2,1026.8,26.127289,44.444925
2022-03-25 22:00:00,2022-03-25 23:00:00,35.25,22.62249825,57.93,3.4,65.0,3.6,1027.4,26.127289,44.444925
2022-03-25 23:00:00,2022-03-26 00:00:00,36.9,23.6814237,45.13,3.1,65.0,3.6,1028.0,26.127289,44.444925
2022-03-26 00:00:00,2022-03-26 01:00:00,51.1,32.794600300000006,34.36,2.7,64.0,0.0,1028.4,26.127289,44.444925
2022-03-26 01:00:00,2022-03-26 02:00:00,50.28,32.26834644,21.49,2.8,73.0,3.6,1028.5,26.127289,44.444925
2022-03-26 02:00:00,2022-03-26 03:00:00,42.59,27.333112070000002,20.6,3.0,71.0,7.2,1028.6,26.127289,44.444925
2022-03-26 03:00:00,2022-03-26 04:00:00,33.21,21.313281330000002,18.62,3.1,70.0,3.6,1028.6,26.127289,44.444925
2022-03-26 04:00:00,2022-03-26 05:00:00,29.02,18.62425246,17.3,3.6,67.0,3.6,1028.4,26.127289,44.444925
2022-03-26 05:00:00,2022-03-26 06:00:00,30.65,19.67034245,18.73,3.6,67.0,3.6,1028.5,26.127289,44.444925
2022-03-26 06:00:00,2022-03-26 07:00:00,31.25,20.05540625,19.76,5.1,61.0,3.6,1028.5,26.127289,44.444925
2022-03-26 07:00:00,2022-03-26 08:00:00,28.09,18.02740357,17.23,8.3,50.0,3.6,1028.6,26.127289,44.444925
2022-03-26 08:00:00,2022-03-26 09:00:00,24.38,15.64642574,19.43,10.4,43.0,7.2,1028.7,26.127289,44.444925
2022-03-26 09:00:00,2022-03-26 10:00:00,19.82,12.719940860000001,14.1,12.1,37.0,10.8,1028.4,26.127289,44.444925
2022-03-26 10:00:00,2022-03-26 11:00:00,18.01,11.55833173,13.79,13.5,32.0,10.8,1027.9,26.127289,44.444925
2022-03-26 11:00:00,2022-03-26 12:00:00,17.65,11.327293449999999,13.04,14.6,30.0,7.2,1027.2,26.127289,44.444925
2022-03-26 12:00:00,2022-03-26 13:00:00,18.66,11.97548418,15.28,15.6,28.0,10.8,1026.2,26.127289,44.444925
2022-03-26 13:00:00,2022-03-26 14:00:00,19.85,12.739194050000002,14.6,16.0,25.0,10.8,1025.2,26.127289,44.444925
2022-03-26 14:00:00,2022-03-26 15:00:00,20.51,13.162764230000002,13.56,16.7,23.0,7.2,1024.0,26.127289,44.444925
2022-03-26 15:00:00,2022-03-26 16:00:00,23.1,14.824956300000002,15.99,16.6,25.0,10.8,1023.2,26.127289,44.444925
2022-03-26 16:00:00,2022-03-26 17:00:00,22.46,14.414221580000001,20.44,15.2,26.0,14.4,1022.8,26.127289,44.444925
2022-03-26 17:00:00,2022-03-26 18:00:00,25.21,16.17909733,29.35,13.7,29.0,7.2,1022.6,26.127289,44.444925
2022-03-26 18:00:00,2022-03-26 19:00:00,32.21,20.67150833,34.28,11.6,35.0,7.2,1022.7,26.127289,44.444925
2022-03-26 19:00:00,2022-03-26 20:00:00,29.65,19.02856945,30.08,10.8,38.0,7.2,1022.6,26.127289,44.444925
2022-03-26 21:00:00,2022-03-26 22:00:00,27.15,17.42413695,23.89,10.4,40.0,10.8,1022.8,26.127289,44.444925
2022-03-26 22:00:00,2022-03-26 23:00:00,26.69,17.12892137,23.65,9.8,42.0,7.2,1022.7,26.127289,44.444925
2022-03-26 23:00:00,2022-03-27 00:00:00,30.65,19.67034245,33.04,8.9,45.0,7.2,1022.7,26.127289,44.444925
2022-03-27 00:00:00,2022-03-27 01:00:00,35.67,22.89204291,30.45,7.4,50.0,7.2,1022.3,26.127289,44.444925
2022-03-27 02:00:00,2022-03-27 03:00:00,40.03,25.690173190000003,31.22,5.5,58.0,7.2,1021.9,26.127289,44.444925
2022-03-27 03:00:00,2022-03-27 04:00:00,41.13,26.396123490000004,37.5,5.2,58.0,7.2,1021.7,26.127289,44.444925
2022-03-27 04:00:00,2022-03-27 05:00:00,39.26,25.19600798,29.45,4.7,60.0,3.6,1022.0,26.127289,44.444925
2022-03-27 05:00:00,2022-03-27 06:00:00,42.56,27.31385888,27.13,5.4,59.0,3.6,1022.4,26.127289,44.444925
2022-03-27 06:00:00,2022-03-27 07:00:00,47.81,30.683167130000005,31.94,5.8,59.0,3.6,1022.8,26.127289,44.444925
2022-03-27 07:00:00,2022-03-27 08:00:00,48.39,31.05539547,29.14,10.1,47.0,3.6,1022.7,26.127289,44.444925
2022-03-27 08:00:00,2022-03-27 09:00:00,49.59,31.825523070000003,31.42,14.9,33.0,3.6,1023.1,26.127289,44.444925
2022-03-27 09:00:00,2022-03-27 10:00:00,47.21,30.298103330000004,29.23,17.7,29.0,3.6,1023.5,26.127289,44.444925
2022-03-27 10:00:00,2022-03-27 11:00:00,41.42,26.582237660000004,37.61,17.0,35.0,7.2,1023.7,26.127289,44.444925
2022-03-27 11:00:00,2022-03-27 12:00:00,40.27,25.844198710000004,29.72,17.5,36.0,7.2,1023.4,26.127289,44.444925
2022-03-27 12:00:00,2022-03-27 13:00:00,36.24,23.25785352,24.9,18.3,33.0,7.2,1022.9,26.127289,44.444925
2022-03-27 13:00:00,2022-03-27 14:00:00,35.66,22.885625179999998,32.92,18.9,35.0,3.6,1022.7,26.127289,44.444925
2022-03-27 14:00:00,2022-03-27 15:00:00,35.06,22.500561380000004,32.86,18.1,36.0,7.2,1022.4,26.127289,44.444925
2022-03-27 15:00:00,2022-03-27 16:00:00,34.67,22.250269910000004,42.99,18.5,33.0,7.2,1022.4,26.127289,44.444925
2022-03-27 16:00:00,2022-03-27 17:00:00,35.86,23.01397978,46.74,17.2,37.0,3.6,1022.8,26.127289,44.444925
2022-03-27 17:00:00,2022-03-27 18:00:00,33.37,21.41596501,51.57,15.1,43.0,3.6,1023.6,26.127289,44.444925
2022-03-27 18:00:00,2022-03-27 19:00:00,31.2,20.023317600000002,57.33,13.4,33.0,10.8,1025.2,26.127289,44.444925
2022-03-27 19:00:00,2022-03-27 20:00:00,26.77,17.18026321,49.9,11.8,32.0,7.2,1026.0,26.127289,44.444925
2022-03-27 20:00:00,2022-03-27 21:00:00,26.49,17.00056677,38.22,10.7,38.0,7.2,1027.0,26.127289,44.444925
2022-03-27 21:00:00,2022-03-27 22:00:00,28.47,18.271277310000002,29.54,9.2,41.0,7.2,1027.9,26.127289,44.444925
2022-03-27 23:00:00,2022-03-28 00:00:00,32.99,21.172091270000003,20.85,7.0,43.0,7.2,1029.5,26.127289,44.444925
2022-03-28 00:00:00,2022-03-28 01:00:00,62.78,40.29050894,22.89,6.8,42.0,7.2,1029.8,26.127289,44.444925
2022-03-28 01:00:00,2022-03-28 02:00:00,50.15,32.184915950000004,21.5,6.6,40.0,7.2,1029.8,26.127289,44.444925
2022-03-28 02:00:00,2022-03-28 03:00:00,37.12,23.82261376,19.26,6.5,33.0,7.2,1029.8,26.127289,44.444925
2022-03-28 03:00:00,2022-03-28 04:00:00,42.84,27.493555320000002,23.63,5.9,31.0,7.2,1029.7,26.127289,44.444925
2022-03-28 04:00:00,2022-03-28 05:00:00,24.54,15.74910942,27.43,3.2,41.0,3.6,1029.8,26.127289,44.444925
2022-03-28 05:00:00,2022-03-28 06:00:00,25.98,16.67326254,47.48,2.5,42.0,3.6,1030.1,26.127289,44.444925
2022-03-28 06:00:00,2022-03-28 07:00:00,33.38,21.422382740000003,58.28,5.5,35.0,3.6,1030.2,26.127289,44.444925
2022-03-28 07:00:00,2022-03-28 08:00:00,43.87,28.15458151,55.84,8.4,31.0,7.2,1029.9,26.127289,44.444925
2022-03-28 08:00:00,2022-03-28 09:00:00,49.11,31.51747203,47.01,11.9,24.0,7.2,1029.2,26.127289,44.444925
2022-03-28 09:00:00,2022-03-28 10:00:00,41.09,26.370452570000005,44.83,14.0,23.0,7.2,1028.6,26.127289,44.444925
2022-03-28 10:00:00,2022-03-28 11:00:00,42.66,27.37803618,34.71,15.0,24.0,7.2,1027.8,26.127289,44.444925
2022-03-28 11:00:00,2022-03-28 12:00:00,45.23,29.02739279,29.58,15.6,23.0,3.6,1026.9,26.127289,44.444925
2022-03-28 12:00:00,2022-03-28 13:00:00,46.55,29.87453315,32.04,16.7,21.0,3.6,1025.4,26.127289,44.444925
2022-03-28 13:00:00,2022-03-28 14:00:00,50.2,32.2170046,36.74,17.5,25.0,3.6,1024.1,26.127289,44.444925
2022-03-28 14:00:00,2022-03-28 15:00:00,56.22,36.080478060000004,31.7,18.5,22.0,3.6,1022.9,26.127289,44.444925
2022-03-28 15:00:00,2022-03-28 16:00:00,55.69,35.74033837,40.05,18.6,22.0,7.2,1021.9,26.127289,44.444925
2022-03-28 16:00:00,2022-03-28 17:00:00,58.1,37.2870113,45.2,16.9,24.0,7.2,1021.4,26.127289,44.444925
2022-03-28 17:00:00,2022-03-28 18:00:00,60.46,38.801595580000004,45.44,15.4,28.0,3.6,1020.9,26.127289,44.444925
2022-03-28 18:00:00,2022-03-28 19:00:00,57.58,36.95328934,53.57,12.8,36.0,3.6,1020.7,26.127289,44.444925
2022-03-28 19:00:00,2022-03-28 20:00:00,62.16,39.89260968,79.34,11.7,40.0,3.6,1020.6,26.127289,44.444925
2022-03-28 20:00:00,2022-03-28 21:00:00,69.32,44.487704359999995,62.16,11.5,42.0,3.6,1020.1,26.127289,44.444925
2022-03-28 21:00:00,2022-03-28 22:00:00,75.23,48.280582790000004,61.54,10.6,45.0,3.6,1019.5,26.127289,44.444925
2022-03-28 22:00:00,2022-03-28 23:00:00,62.74,40.264838020000006,43.3,9.3,50.0,3.6,1019.3,26.127289,44.444925
2022-03-30 23:00:00,2022-03-31 00:00:00,80.48,51.64989104000001,71.5,13.2,48.0,3.6,1005.4,26.127289,44.444925
2022-03-31 00:00:00,2022-03-31 01:00:00,65.2,41.843599600000005,49.34,10.4,73.0,8.6,1004.9,26.127289,44.444925
2022-03-31 02:00:00,2022-03-31 03:00:00,73.36,47.08046728,53.93,11.4,56.0,3.6,1004.1,26.127289,44.444925
2022-03-31 03:00:00,2022-03-31 04:00:00,70.27,45.09738871,44.06,10.0,60.0,0.0,1003.8,26.127289,44.444925
2022-03-31 04:00:00,2022-03-31 05:00:00,58.1,37.2870113,36.6,11.0,60.0,3.6,1004.0,26.127289,44.444925
2022-03-31 05:00:00,2022-03-31 06:00:00,54.69,35.09856537,41.7,11.5,60.0,3.6,1003.5,26.127289,44.444925
2022-03-31 06:00:00,2022-03-31 07:00:00,46.94,30.124824620000002,48.37,12.8,57.0,3.6,1003.6,26.127289,44.444925
2022-03-31 07:00:00,2022-03-31 08:00:00,48.15,30.90136995,53.79,14.4,51.0,7.2,1003.7,26.127289,44.444925
2022-03-31 08:00:00,2022-03-31 09:00:00,49.38,31.690750740000002,51.36,15.7,49.0,3.6,1003.8,26.127289,44.444925
2022-03-31 09:00:00,2022-03-31 10:00:00,43.57,27.96204961,37.54,18.4,46.0,3.6,1003.8,26.127289,44.444925
2022-03-31 10:00:00,2022-03-31 11:00:00,53.07,34.05889311,34.01,19.2,41.0,7.2,1003.1,26.127289,44.444925
2022-03-31 11:00:00,2022-03-31 12:00:00,45.02,28.892620460000003,27.78,21.0,37.0,7.2,1002.6,26.127289,44.444925
2022-03-31 12:00:00,2022-03-31 13:00:00,42.9,27.5320617,29.23,20.2,38.0,7.2,1002.3,26.127289,44.444925
2022-03-31 13:00:00,2022-03-31 14:00:00,42.74,27.42937802,25.53,21.0,38.0,10.8,1001.3,26.127289,44.444925
2022-03-31 14:00:00,2022-03-31 15:00:00,40.35,25.895540550000003,23.43,20.2,42.0,10.8,1001.3,26.127289,44.444925
2022-03-31 15:00:00,2022-03-31 16:00:00,48.14,30.894952220000004,31.21,20.4,42.0,3.6,1000.6,26.127289,44.444925
2022-03-31 16:00:00,2022-03-31 17:00:00,53.28,34.193665440000004,49.7,20.4,42.0,3.6,999.8,26.127289,44.444925
2022-03-31 17:00:00,2022-03-31 18:00:00,59.3,38.0571389,64.13,18.8,47.0,3.6,999.4,26.127289,44.444925
2022-03-31 18:00:00,2022-03-31 19:00:00,69.41,44.545463930000004,72.52,17.8,53.0,3.6,999.3,26.127289,44.444925
2022-03-31 19:00:00,2022-03-31 20:00:00,68.45,43.92936185000001,37.17,16.8,57.0,7.2,999.7,26.127289,44.444925
2022-03-31 20:00:00,2022-03-31 21:00:00,55.87,35.85585751,27.53,16.3,59.0,7.2,999.1,26.127289,44.444925
2022-03-31 21:00:00,2022-03-31 22:00:00,54.32,34.86110936,26.78,15.8,59.0,7.2,999.1,26.127289,44.444925
2022-03-31 22:00:00,2022-03-31 23:00:00,57.05,36.61314965,15.08,15.0,60.0,7.2,999.4,26.127289,44.444925
2022-03-31 23:00:00,2022-04-01 00:00:00,57.44,36.86344112,11.94,15.5,58.0,7.2,999.0,26.127289,44.444925
2022-04-01 00:00:00,2022-04-01 01:00:00,56.77,30.90030839,9.23,15.7,56.0,7.2,998.8,26.127289,44.444925
2022-04-01 01:00:00,2022-04-01 02:00:00,54.13,29.46333791,8.3,15.6,56.0,7.2,998.5,26.127289,44.444925
2022-04-01 03:00:00,2022-04-01 04:00:00,44.6,24.2760922,7.82,15.4,58.0,7.2,998.2,26.127289,44.444925
2022-04-01 04:00:00,2022-04-01 05:00:00,46.39,25.25040173,13.5,14.6,61.0,3.6,997.9,26.127289,44.444925
2022-04-01 05:00:00,2022-04-01 06:00:00,47.88,26.06141916,24.52,14.0,64.0,3.6,998.3,26.127289,44.444925
2022-04-01 06:00:00,2022-04-01 07:00:00,54.44,29.632073079999998,50.13,14.8,61.0,3.6,998.3,26.127289,44.444925
2022-04-01 07:00:00,2022-04-01 08:00:00,62.08,33.79057856,51.26,17.8,50.0,10.8,997.7,26.127289,44.444925
2022-04-01 08:00:00,2022-04-01 09:00:00,82.51,44.910770570000004,22.89,20.5,42.0,10.8,997.7,26.127289,44.444925
2022-04-01 09:00:00,2022-04-01 10:00:00,103.53,56.35210371,20.27,22.4,38.0,10.8,997.4,26.127289,44.444925
2022-04-01 10:00:00,2022-04-01 11:00:00,107.97,58.76882679,21.22,23.9,36.0,10.8,996.5,26.127289,44.444925
2022-04-01 11:00:00,2022-04-01 12:00:00,118.77,64.64734238999999,22.47,25.4,31.0,10.8,995.6,26.127289,44.444925
2022-04-01 12:00:00,2022-04-01 13:00:00,132.42,72.07713293999998,15.48,26.7,27.0,10.8,994.7,26.127289,44.444925
2022-04-01 13:00:00,2022-04-01 14:00:00,137.48,74.83132635999999,17.74,26.1,28.0,14.4,993.8,26.127289,44.444925
2022-04-01 14:00:00,2022-04-01 15:00:00,129.12,70.28091984,20.6,16.4,83.0,7.2,995.8,26.127289,44.444925
2022-04-01 15:00:00,2022-04-01 16:00:00,54.98,29.925998859999996,25.2,18.6,56.0,7.2,994.9,26.127289,44.444925
2022-04-01 16:00:00,2022-04-01 17:00:00,39.72,21.61987404,30.29,17.2,61.0,0.0,994.9,26.127289,44.444925
2022-04-01 17:00:00,2022-04-01 18:00:00,52.87,28.777511089999997,40.66,14.8,82.0,3.6,996.1,26.127289,44.444925
2022-04-01 18:00:00,2022-04-01 19:00:00,45.34,24.67887938,32.33,13.8,93.0,3.6,997.1,26.127289,44.444925
2022-04-01 19:00:00,2022-04-01 20:00:00,45.0,24.493814999999998,42.06,12.8,97.0,3.6,997.4,26.127289,44.444925
2022-04-01 20:00:00,2022-04-01 21:00:00,47.24,25.71306268,37.99,12.2,99.0,3.6,997.2,26.127289,44.444925
2022-04-01 21:00:00,2022-04-01 22:00:00,35.8,19.486190599999997,27.88,11.8,98.0,3.6,998.6,26.127289,44.444925
2022-04-01 22:00:00,2022-04-01 23:00:00,28.07,15.278697489999999,16.87,12.0,92.0,7.2,998.6,26.127289,44.444925
2022-04-01 23:00:00,2022-04-02 00:00:00,10.76,5.85674332,13.28,12.0,96.0,3.6,998.6,26.127289,44.444925
2022-04-02 00:00:00,2022-04-02 01:00:00,24.66,13.42261062,15.42,12.3,93.0,7.2,997.8,26.127289,44.444925
2022-04-02 01:00:00,2022-04-02 02:00:00,42.51,23.13849057,15.9,12.1,91.0,3.6,996.7,26.127289,44.444925
2022-04-02 02:00:00,2022-04-02 03:00:00,37.65,20.49315855,14.45,11.6,94.0,7.2,996.8,26.127289,44.444925
2022-04-02 04:00:00,2022-04-02 05:00:00,17.53,9.54170171,10.26,10.8,94.0,7.2,997.5,26.127289,44.444925
2022-04-02 05:00:00,2022-04-02 06:00:00,9.23,5.02395361,11.73,10.6,97.0,7.2,997.9,26.127289,44.444925
2022-04-02 06:00:00,2022-04-02 07:00:00,8.79,4.784458529999999,14.43,11.3,92.0,10.8,998.4,26.127289,44.444925
2022-04-02 07:00:00,2022-04-02 08:00:00,10.47,5.69889429,16.42,14.0,75.0,10.8,998.4,26.127289,44.444925
2022-04-02 08:00:00,2022-04-02 09:00:00,9.36,5.09471352,12.13,15.1,60.0,18.0,999.2,26.127289,44.444925
2022-04-02 09:00:00,2022-04-02 10:00:00,7.09,3.8591366299999996,9.09,15.8,53.0,21.6,999.5,26.127289,44.444925
2022-04-02 10:00:00,2022-04-02 11:00:00,8.25,4.49053275,9.19,17.5,48.0,18.0,999.4,26.127289,44.444925
2022-04-02 11:00:00,2022-04-02 12:00:00,6.85,3.7285029499999998,9.23,17.7,47.0,18.0,999.5,26.127289,44.444925
2022-04-02 12:00:00,2022-04-02 13:00:00,6.46,3.51622322,9.49,20.0,42.0,14.4,999.4,26.127289,44.444925
2022-04-02 13:00:00,2022-04-02 14:00:00,6.47,3.5216662899999998,10.53,18.2,42.0,14.4,999.6,26.127289,44.444925
2022-04-02 14:00:00,2022-04-02 15:00:00,7.97,4.33812679,11.41,18.7,41.0,14.4,999.1,26.127289,44.444925
2022-04-02 15:00:00,2022-04-02 16:00:00,9.72,5.29066404,11.8,16.6,42.0,18.0,999.1,26.127289,44.444925
2022-04-02 16:00:00,2022-04-02 17:00:00,9.1,4.9531937,14.74,17.1,40.0,14.4,999.8,26.127289,44.444925
2022-04-02 17:00:00,2022-04-02 18:00:00,8.93,4.86066151,14.7,14.3,49.0,7.2,1000.7,26.127289,44.444925
2022-04-02 18:00:00,2022-04-02 19:00:00,12.0,6.531684,23.33,12.2,71.0,7.2,1000.5,26.127289,44.444925
2022-04-02 19:00:00,2022-04-02 20:00:00,18.6,10.1241102,35.83,11.0,79.0,7.2,1001.2,26.127289,44.444925
2022-04-02 20:00:00,2022-04-02 21:00:00,17.27,9.400181889999999,29.52,10.4,76.0,10.8,1002.3,26.127289,44.444925
2022-04-02 21:00:00,2022-04-02 22:00:00,11.5,6.259530499999999,21.69,10.3,72.0,7.2,1002.8,26.127289,44.444925
2022-04-02 22:00:00,2022-04-02 23:00:00,10.19,5.54648833,21.69,9.9,71.0,7.2,1002.9,26.127289,44.444925
2022-04-02 23:00:00,2022-04-03 00:00:00,9.17,4.99129519,18.26,9.4,72.0,10.8,1002.8,26.127289,44.444925
2022-04-03 00:00:00,2022-04-03 01:00:00,7.56,4.11496092,13.73,8.5,71.0,10.8,1003.2,26.127289,44.444925
2022-04-03 01:00:00,2022-04-03 02:00:00,7.78,4.23470846,11.4,7.4,68.0,10.8,1003.5,26.127289,44.444925
2022-04-03 02:00:00,2022-04-03 03:00:00,8.88,4.83344616,11.17,6.0,70.0,14.4,1003.9,26.127289,44.444925
2022-04-03 03:00:00,2022-04-03 04:00:00,7.13,3.88090891,10.12,5.3,73.0,10.8,1003.8,26.127289,44.444925
2022-04-03 05:00:00,2022-04-03 06:00:00,9.03,4.915092209999999,14.11,4.2,80.0,7.2,1004.4,26.127289,44.444925
2022-04-03 06:00:00,2022-04-03 07:00:00,10.13,5.51382991,14.21,6.4,68.0,10.8,1004.7,26.127289,44.444925
2022-04-03 07:00:00,2022-04-03 08:00:00,10.6,5.7696542,12.64,8.4,61.0,14.4,1005.1,26.127289,44.444925
2022-04-03 08:00:00,2022-04-03 09:00:00,10.02,5.45395614,9.71,11.2,55.0,10.8,1005.5,26.127289,44.444925
2022-04-03 09:00:00,2022-04-03 10:00:00,10.02,5.45395614,9.15,11.2,52.0,18.0,1005.7,26.127289,44.444925
2022-04-03 10:00:00,2022-04-03 11:00:00,12.1,6.5861146999999995,8.74,12.0,47.0,21.6,1006.0,26.127289,44.444925
2022-04-03 11:00:00,2022-04-03 12:00:00,14.68,7.99042676,8.3,13.1,43.0,21.6,1006.1,26.127289,44.444925
2022-04-03 12:00:00,2022-04-03 13:00:00,18.25,9.93360275,8.8,13.1,42.0,21.6,1006.3,26.127289,44.444925
2022-04-03 13:00:00,2022-04-03 14:00:00,18.97,10.325503789999999,7.69,13.5,36.0,18.0,1007.0,26.127289,44.444925
2022-04-03 14:00:00,2022-04-03 15:00:00,19.46,10.59221422,9.19,13.1,38.0,21.6,1007.1,26.127289,44.444925
2022-04-03 15:00:00,2022-04-03 16:00:00,21.35,11.620954450000001,9.1,11.9,37.0,21.6,1007.7,26.127289,44.444925
2022-04-03 16:00:00,2022-04-03 17:00:00,20.27,11.03310289,9.47,10.5,43.0,18.0,1008.8,26.127289,44.444925
2022-04-03 17:00:00,2022-04-03 18:00:00,24.9,13.5532443,11.0,8.9,44.0,18.0,1009.8,26.127289,44.444925
2022-04-03 18:00:00,2022-04-03 19:00:00,19.16,10.42892212,14.62,7.0,52.0,10.8,1011.3,26.127289,44.444925
2022-04-03 19:00:00,2022-04-03 20:00:00,22.26,12.11627382,16.88,6.5,49.0,14.4,1012.7,26.127289,44.444925
2022-04-03 20:00:00,2022-04-03 21:00:00,15.6,8.491189199999999,15.44,5.3,57.0,10.8,1013.7,26.127289,44.444925
2022-04-03 21:00:00,2022-04-03 22:00:00,13.9,7.5658673,13.38,4.6,62.0,14.4,1014.6,26.127289,44.444925
2022-04-03 22:00:00,2022-04-03 23:00:00,13.45,7.3209291499999996,11.21,4.1,65.0,14.4,1015.7,26.127289,44.444925
2022-04-03 23:00:00,2022-04-04 00:00:00,11.94,6.49902558,10.45,3.3,69.0,10.8,1016.7,26.127289,44.444925
2022-04-04 00:00:00,2022-04-04 01:00:00,11.6,6.3139612,10.52,2.9,70.0,7.2,1017.4,26.127289,44.444925
2022-04-04 01:00:00,2022-04-04 02:00:00,11.54,6.281302779999999,12.34,2.0,74.0,3.6,1018.2,26.127289,44.444925
2022-04-04 02:00:00,2022-04-04 03:00:00,11.5,6.259530499999999,12.01,1.3,78.0,3.6,1018.8,26.127289,44.444925
2022-04-04 03:00:00,2022-04-04 04:00:00,12.67,6.89636969,13.22,0.6,83.0,3.6,1019.2,26.127289,44.444925
2022-04-04 04:00:00,2022-04-04 05:00:00,14.99,8.15916193,22.2,1.4,79.0,3.6,1019.7,26.127289,44.444925
2022-04-04 06:00:00,2022-04-04 07:00:00,18.29,9.955375029999999,42.2,3.3,77.0,3.6,1020.8,26.127289,44.444925
2022-04-04 07:00:00,2022-04-04 08:00:00,22.43,12.20880601,49.5,5.6,71.0,3.6,1021.2,26.127289,44.444925
2022-04-04 08:00:00,2022-04-04 09:00:00,24.63,13.406281409999998,42.07,7.3,64.0,3.6,1021.5,26.127289,44.444925
2022-04-04 09:00:00,2022-04-04 10:00:00,27.58,15.01198706,37.28,7.8,58.0,3.6,1021.6,26.127289,44.444925
2022-04-04 10:00:00,2022-04-04 11:00:00,24.11,13.12324177,29.02,8.6,51.0,7.2,1021.0,26.127289,44.444925
2022-04-04 11:00:00,2022-04-04 12:00:00,22.17,12.06728619,27.08,10.8,40.0,7.2,1020.0,26.127289,44.444925
2022-04-04 12:00:00,2022-04-04 13:00:00,15.69,8.54017683,18.04,11.0,34.0,16.2,1018.9,26.127289,44.444925
2022-04-04 13:00:00,2022-04-04 14:00:00,13.54,7.36991678,16.27,10.8,37.0,10.8,1018.8,26.127289,44.444925
2022-04-04 14:00:00,2022-04-04 15:00:00,16.59,9.030053129999999,15.97,10.6,40.0,14.4,1018.2,26.127289,44.444925
2022-04-04 15:00:00,2022-04-04 16:00:00,20.98,11.41956086,16.76,9.9,41.0,7.2,1017.8,26.127289,44.444925
2022-04-04 16:00:00,2022-04-04 17:00:00,21.99,11.969310929999999,17.76,8.9,43.0,10.8,1017.4,26.127289,44.444925
2022-04-04 17:00:00,2022-04-04 18:00:00,23.56,12.82387292,18.36,8.1,45.0,7.2,1017.0,26.127289,44.444925
2022-04-04 18:00:00,2022-04-04 19:00:00,25.02,13.618561139999999,23.23,6.9,53.0,7.2,1016.7,26.127289,44.444925
2022-04-04 19:00:00,2022-04-04 20:00:00,28.85,15.70325695,31.26,5.9,57.0,3.6,1017.0,26.127289,44.444925
2022-04-04 20:00:00,2022-04-04 21:00:00,30.93,16.83541551,34.23,4.2,63.0,3.6,1016.8,26.127289,44.444925
2022-04-04 21:00:00,2022-04-04 22:00:00,35.88,19.52973516,43.09,3.6,65.0,3.6,1016.6,26.127289,44.444925
2022-04-04 22:00:00,2022-04-04 23:00:00,29.01,15.79034607,25.81,3.2,69.0,3.6,1016.3,26.127289,44.444925
2022-04-04 23:00:00,2022-04-05 00:00:00,29.79,16.21490553,20.81,2.4,73.0,3.6,1016.1,26.127289,44.444925
2022-04-05 00:00:00,2022-04-05 01:00:00,27.48,14.95755636,17.62,2.2,73.0,3.6,1015.7,26.127289,44.444925
2022-04-05 01:00:00,2022-04-05 02:00:00,24.91,13.55868737,12.9,1.6,76.0,3.6,1015.2,26.127289,44.444925
2022-04-05 02:00:00,2022-04-05 03:00:00,24.15,13.145014049999999,11.69,1.5,77.0,3.6,1014.7,26.127289,44.444925
2022-04-05 03:00:00,2022-04-05 04:00:00,24.32,13.23754624,11.92,1.0,78.0,3.6,1014.4,26.127289,44.444925
2022-04-05 04:00:00,2022-04-05 05:00:00,24.58,13.37906606,17.16,0.7,77.0,7.2,1014.3,26.127289,44.444925
2022-04-05 05:00:00,2022-04-05 06:00:00,25.95,14.12476665,33.17,1.3,77.0,7.2,1014.4,26.127289,44.444925
2022-04-05 07:00:00,2022-04-05 08:00:00,33.45,18.207069150000002,47.08,7.3,51.0,7.2,1014.1,26.127289,44.444925
2022-04-05 08:00:00,2022-04-05 09:00:00,34.56,18.81124992,34.82,10.5,42.0,10.8,1013.9,26.127289,44.444925
2022-04-05 09:00:00,2022-04-05 10:00:00,28.93,15.74680151,25.74,12.5,38.0,10.8,1013.5,26.127289,44.444925
2022-04-05 10:00:00,2022-04-05 11:00:00,24.65,13.417167549999998,15.7,13.8,36.0,10.8,1012.7,26.127289,44.444925
2022-04-05 11:00:00,2022-04-05 12:00:00,20.86,11.35424402,15.22,14.6,34.0,14.4,1011.5,26.127289,44.444925
2022-04-05 12:00:00,2022-04-05 13:00:00,16.81,9.14980067,14.21,15.5,32.0,14.4,1010.6,26.127289,44.444925
2022-04-05 13:00:00,2022-04-05 14:00:00,15.96,8.68713972,13.05,16.0,30.0,18.0,1009.8,26.127289,44.444925
2022-04-05 14:00:00,2022-04-05 15:00:00,14.0,7.620298,15.13,16.2,29.0,14.4,1009.1,26.127289,44.444925
2022-04-05 15:00:00,2022-04-05 16:00:00,15.32,8.33878324,16.79,16.5,28.0,14.4,1008.4,26.127289,44.444925
2022-04-05 16:00:00,2022-04-05 17:00:00,13.85,7.538651949999999,17.28,15.4,29.0,10.8,1008.4,26.127289,44.444925
2022-04-05 17:00:00,2022-04-05 18:00:00,13.14,7.15219398,18.96,14.0,34.0,7.2,1008.6,26.127289,44.444925
2022-04-05 18:00:00,2022-04-05 19:00:00,15.42,8.393213939999999,25.67,12.1,39.0,7.2,1009.1,26.127289,44.444925
2022-04-05 19:00:00,2022-04-05 20:00:00,18.29,9.955375029999999,34.0,10.2,45.0,7.2,1009.6,26.127289,44.444925
2022-04-05 20:00:00,2022-04-05 21:00:00,25.19,13.71109333,33.39,8.5,51.0,3.6,1009.9,26.127289,44.444925
2022-04-05 21:00:00,2022-04-05 22:00:00,28.13,15.31135591,40.66,7.4,55.0,3.6,1010.1,26.127289,44.444925
2022-04-05 22:00:00,2022-04-05 23:00:00,25.32,13.78185324,40.08,7.6,56.0,7.2,1010.5,26.127289,44.444925
2022-04-05 23:00:00,2022-04-06 00:00:00,24.73,13.46071211,31.51,6.2,61.0,7.2,1011.1,26.127289,44.444925
2022-04-06 00:00:00,2022-04-06 01:00:00,24.86,13.531472019999999,25.2,5.6,61.0,3.6,1011.2,26.127289,44.444925
2022-04-06 01:00:00,2022-04-06 02:00:00,24.81,13.504256669999998,18.74,5.2,62.0,3.6,1011.4,26.127289,44.444925
2022-04-06 02:00:00,2022-04-06 03:00:00,24.05,13.09058335,16.39,4.6,67.0,3.6,1011.8,26.127289,44.444925
2022-04-06 03:00:00,2022-04-06 04:00:00,25.47,13.863499289999998,23.16,5.3,62.0,3.6,1011.7,26.127289,44.444925
2022-04-06 04:00:00,2022-04-06 05:00:00,27.31,14.865024169999998,33.75,4.7,68.0,3.6,1012.1,26.127289,44.444925
2022-04-06 05:00:00,2022-04-06 06:00:00,28.71,15.62705397,46.29,4.3,68.0,3.6,1012.5,26.127289,44.444925
2022-04-06 06:00:00,2022-04-06 07:00:00,33.81,18.40301967,59.84,8.3,54.0,0.0,1013.0,26.127289,44.444925
2022-04-06 08:00:00,2022-04-06 09:00:00,46.59,25.359263130000002,74.59,14.9,38.0,3.6,1013.6,26.127289,44.444925
2022-04-06 09:00:00,2022-04-06 10:00:00,51.43,27.99370901,75.52,16.1,34.0,3.6,1013.7,26.127289,44.444925
2022-04-06 10:00:00,2022-04-06 11:00:00,45.23,24.61900561,53.56,17.8,30.0,3.6,1013.3,26.127289,44.444925
2022-04-06 11:00:00,2022-04-06 12:00:00,35.7,19.4317599,40.91,19.1,26.0,7.2,1012.7,26.127289,44.444925
2022-04-06 12:00:00,2022-04-06 13:00:00,21.99,11.969310929999999,29.03,20.2,27.0,3.6,1012.2,26.127289,44.444925
2022-04-06 13:00:00,2022-04-06 14:00:00,17.39,9.46549873,24.01,20.9,29.0,7.2,1011.7,26.127289,44.444925
2022-04-06 14:00:00,2022-04-06 15:00:00,16.71,9.09536997,18.04,20.8,30.0,7.2,1011.1,26.127289,44.444925
2022-04-06 15:00:00,2022-04-06 16:00:00,19.91,10.83715237,28.69,21.0,29.0,3.6,1010.6,26.127289,44.444925
2022-04-06 16:00:00,2022-04-06 17:00:00,17.63,9.59613241,29.17,19.7,31.0,7.2,1010.5,26.127289,44.444925
2022-04-06 17:00:00,2022-04-06 18:00:00,15.8,8.6000506,30.22,17.2,37.0,3.6,1010.4,26.127289,44.444925
2022-04-06 18:00:00,2022-04-06 19:00:00,20.76,11.29981332,46.93,14.2,47.0,3.6,1010.4,26.127289,44.444925
2022-04-06 19:00:00,2022-04-06 20:00:00,36.71,19.98150997,72.94,13.2,51.0,3.6,1010.5,26.127289,44.444925
2022-04-06 20:00:00,2022-04-06 21:00:00,47.81,26.02331767,78.02,11.5,56.0,0.0,1010.4,26.127289,44.444925
2022-04-06 21:00:00,2022-04-06 22:00:00,60.18,32.75639526,86.96,10.5,62.0,3.6,1010.5,26.127289,44.444925
2022-04-06 22:00:00,2022-04-06 23:00:00,38.18,20.78164126,70.35,9.6,62.0,0.0,1010.0,26.127289,44.444925
2022-04-06 23:00:00,2022-04-07 00:00:00,36.51,19.87264857,62.11,9.1,62.0,3.6,1009.6,26.127289,44.444925
2022-04-07 00:00:00,2022-04-07 01:00:00,30.6,16.6557942,41.55,8.2,67.0,3.6,1008.9,26.127289,44.444925
2022-04-07 01:00:00,2022-04-07 02:00:00,26.75,14.56021225,33.81,7.0,73.0,3.6,1008.2,26.127289,44.444925
2022-04-07 02:00:00,2022-04-07 03:00:00,25.86,14.075779019999999,29.8,6.5,75.0,3.6,1007.4,26.127289,44.444925
2022-04-07 03:00:00,2022-04-07 04:00:00,23.55,12.81842985,30.14,5.5,79.0,0.0,1007.0,26.127289,44.444925
2022-04-07 04:00:00,2022-04-07 05:00:00,26.1,14.2064127,39.61,5.2,83.0,3.6,1005.8,26.127289,44.444925
2022-04-07 05:00:00,2022-04-07 06:00:00,27.11,14.75616277,49.78,7.2,71.0,3.6,1005.1,26.127289,44.444925
2022-04-07 06:00:00,2022-04-07 07:00:00,32.16,17.504913119999998,53.82,9.5,63.0,7.2,1004.4,26.127289,44.444925
2022-04-07 07:00:00,2022-04-07 08:00:00,37.8,20.574804599999997,52.1,12.0,52.0,7.2,1003.5,26.127289,44.444925
2022-04-07 09:00:00,2022-04-07 10:00:00,32.14,17.49402698,48.44,17.1,38.0,7.2,1001.7,26.127289,44.444925
2022-04-07 10:00:00,2022-04-07 11:00:00,31.28,17.02592296,46.43,19.5,27.0,7.2,1000.6,26.127289,44.444925
2022-04-07 11:00:00,2022-04-07 12:00:00,25.99,14.146538929999998,45.42,17.6,30.0,3.6,999.8,26.127289,44.444925
2022-04-07 12:00:00,2022-04-07 13:00:00,27.99,15.235152929999998,58.05,13.0,67.0,7.2,1000.0,26.127289,44.444925
2022-04-07 13:00:00,2022-04-07 14:00:00,30.75,16.73744025,51.24,10.7,94.0,7.2,1000.0,26.127289,44.444925
2022-04-07 14:00:00,2022-04-07 15:00:00,34.55,18.805806849999996,47.53,10.0,97.0,7.2,999.8,26.127289,44.444925
2022-04-07 15:00:00,2022-04-07 16:00:00,35.71,19.43720297,50.04,10.3,95.0,7.2,999.2,26.127289,44.444925
2022-04-07 16:00:00,2022-04-07 17:00:00,31.22,16.99326454,59.97,10.2,96.0,3.6,999.0,26.127289,44.444925
2022-04-07 17:00:00,2022-04-07 18:00:00,31.49,17.14022743,47.71,10.2,97.0,7.2,998.6,26.127289,44.444925
2022-04-07 18:00:00,2022-04-07 19:00:00,31.18,16.971492259999998,40.33,10.1,93.0,7.2,998.5,26.127289,44.444925
2022-04-07 19:00:00,2022-04-07 20:00:00,39.01,21.233416069999997,32.25,9.7,94.0,3.6,999.1,26.127289,44.444925
2022-04-07 20:00:00,2022-04-07 21:00:00,34.48,18.767705359999997,33.32,9.2,95.0,3.6,999.2,26.127289,44.444925
2022-04-07 21:00:00,2022-04-07 22:00:00,32.56,17.722635920000002,33.95,8.5,95.0,3.6,999.2,26.127289,44.444925
2022-04-07 22:00:00,2022-04-07 23:00:00,34.76,18.92011132,26.93,8.2,95.0,7.2,999.4,26.127289,44.444925
2022-04-07 23:00:00,2022-04-08 00:00:00,41.02,22.327473140000002,24.88,9.0,97.0,3.6,999.5,26.127289,44.444925
2022-04-08 00:00:00,2022-04-08 01:00:00,56.79,30.91119453,25.17,8.5,93.0,7.2,999.3,26.127289,44.444925
2022-04-08 01:00:00,2022-04-08 02:00:00,34.0,18.506438,18.01,8.7,89.0,7.2,999.2,26.127289,44.444925
2022-04-08 02:00:00,2022-04-08 03:00:00,25.38,13.814511659999999,12.47,8.5,90.0,10.8,999.5,26.127289,44.444925
2022-04-08 03:00:00,2022-04-08 04:00:00,29.21,15.89920747,12.07,7.6,93.0,7.2,999.5,26.127289,44.444925
2022-04-08 04:00:00,2022-04-08 05:00:00,27.77,15.11540539,18.13,7.5,92.0,3.6,1000.1,26.127289,44.444925
2022-04-08 05:00:00,2022-04-08 06:00:00,26.51,14.42957857,32.93,7.2,91.0,7.2,1001.0,26.127289,44.444925
2022-04-08 06:00:00,2022-04-08 07:00:00,24.35,13.25387545,37.04,9.2,81.0,7.2,1001.8,26.127289,44.444925
2022-04-08 07:00:00,2022-04-08 08:00:00,24.01,13.06881107,34.82,12.2,72.0,7.2,1002.6,26.127289,44.444925
2022-04-08 08:00:00,2022-04-08 09:00:00,22.54,12.26867978,24.31,15.2,62.0,7.2,1003.3,26.127289,44.444925
2022-04-08 10:00:00,2022-04-08 11:00:00,13.24,7.20662468,20.58,20.7,41.0,10.8,1003.6,26.127289,44.444925
2022-04-08 11:00:00,2022-04-08 12:00:00,9.6,5.2253472,17.26,21.6,43.0,10.8,1003.7,26.127289,44.444925
2022-04-08 12:00:00,2022-04-08 13:00:00,8.23,4.4796466100000005,15.78,22.1,35.0,14.4,1003.8,26.127289,44.444925
2022-04-08 13:00:00,2022-04-08 14:00:00,9.91,5.39408237,16.35,23.5,33.0,10.8,1003.8,26.127289,44.444925
2022-04-08 14:00:00,2022-04-08 15:00:00,9.85,5.36142395,15.18,22.7,33.0,10.8,1003.5,26.127289,44.444925
2022-04-08 15:00:00,2022-04-08 16:00:00,9.6,5.2253472,18.04,22.7,32.0,14.4,1003.8,26.127289,44.444925
2022-04-08 16:00:00,2022-04-08 17:00:00,11.04,6.009149279999999,18.51,21.2,37.0,14.4,1004.2,26.127289,44.444925
2022-04-08 17:00:00,2022-04-08 18:00:00,12.68,6.901812759999999,21.3,19.5,41.0,10.8,1004.7,26.127289,44.444925
2022-04-08 18:00:00,2022-04-08 19:00:00,18.05,9.82474135,24.61,18.0,45.0,7.2,1005.3,26.127289,44.444925
2022-04-08 19:00:00,2022-04-08 20:00:00,27.2,14.805150399999999,29.81,16.0,51.0,7.2,1005.7,26.127289,44.444925
2022-04-08 20:00:00,2022-04-08 21:00:00,28.37,15.44198959,32.02,13.7,61.0,7.2,1005.8,26.127289,44.444925
2022-04-08 21:00:00,2022-04-08 22:00:00,25.06,13.64033342,29.18,12.0,68.0,3.6,1006.0,26.127289,44.444925
2022-04-08 22:00:00,2022-04-08 23:00:00,28.4,15.458318799999999,45.12,11.5,70.0,3.6,1006.0,26.127289,44.444925
2022-04-08 23:00:00,2022-04-09 00:00:00,22.35,12.165261450000001,31.06,10.2,76.0,3.6,1005.9,26.127289,44.444925
2022-04-09 00:00:00,2022-04-09 01:00:00,24.54,13.35729378,38.48,10.5,74.0,3.6,1005.1,26.127289,44.444925
2022-04-09 01:00:00,2022-04-09 02:00:00,21.87,11.90399409,35.11,9.7,77.0,3.6,1004.8,26.127289,44.444925
2022-04-09 02:00:00,2022-04-09 03:00:00,22.14,12.05095698,42.68,9.0,80.0,3.6,1004.5,26.127289,44.444925
2022-04-09 03:00:00,2022-04-09 04:00:00,25.51,13.88527157,37.61,8.6,82.0,0.0,1004.5,26.127289,44.444925
2022-04-09 04:00:00,2022-04-09 05:00:00,25.97,14.135652789999998,40.56,9.2,79.0,3.6,1004.2,26.127289,44.444925
2022-04-09 05:00:00,2022-04-09 06:00:00,26.8,14.5874276,40.82,11.0,68.0,3.6,1004.0,26.127289,44.444925
2022-04-09 06:00:00,2022-04-09 07:00:00,30.14,16.40541298,31.6,13.2,62.0,3.6,1004.2,26.127289,44.444925
2022-04-09 07:00:00,2022-04-09 08:00:00,29.12,15.85021984,34.75,16.6,49.0,10.8,1003.9,26.127289,44.444925
2022-04-09 08:00:00,2022-04-09 09:00:00,21.43,11.66449901,20.25,18.7,45.0,10.8,1003.8,26.127289,44.444925
2022-04-09 09:00:00,2022-04-09 10:00:00,19.16,10.42892212,13.75,21.0,39.0,10.8,1003.4,26.127289,44.444925
2022-04-09 11:00:00,2022-04-09 12:00:00,14.98,8.15371886,12.48,23.7,34.0,10.8,1002.1,26.127289,44.444925
2022-04-09 12:00:00,2022-04-09 13:00:00,13.0,7.075991,11.12,23.5,34.0,7.2,1002.1,26.127289,44.444925
2022-04-09 13:00:00,2022-04-09 14:00:00,13.33,7.25561231,10.92,23.5,35.0,14.4,1001.6,26.127289,44.444925
2022-04-09 14:00:00,2022-04-09 15:00:00,12.88,7.010674160000001,13.77,23.2,35.0,14.4,1001.4,26.127289,44.444925
2022-04-09 15:00:00,2022-04-09 16:00:00,15.1,8.2190357,12.53,23.1,34.0,10.8,1001.0,26.127289,44.444925
2022-04-09 16:00:00,2022-04-09 17:00:00,13.34,7.26105538,13.19,22.0,40.0,7.2,1000.9,26.127289,44.444925
2022-04-09 17:00:00,2022-04-09 18:00:00,14.67,7.98498369,20.48,20.0,46.0,7.2,1001.0,26.127289,44.444925
2022-04-09 18:00:00,2022-04-09 19:00:00,24.77,13.48248439,38.08,16.5,56.0,3.6,1001.7,26.127289,44.444925
2022-04-09 19:00:00,2022-04-09 20:00:00,30.85,16.79187095,46.21,15.7,59.0,3.6,1002.3,26.127289,44.444925
2022-04-09 20:00:00,2022-04-09 21:00:00,32.54,17.711749779999998,54.43,15.1,62.0,3.6,1002.4,26.127289,44.444925
2022-04-09 21:00:00,2022-04-09 22:00:00,47.83,26.034203809999998,56.94,14.6,64.0,3.6,1002.7,26.127289,44.444925
2022-04-09 22:00:00,2022-04-09 23:00:00,49.51,26.948639569999997,56.82,13.1,70.0,3.6,1003.1,26.127289,44.444925
2022-04-09 23:00:00,2022-04-10 00:00:00,36.11,19.65492577,52.07,12.5,71.0,3.6,1003.4,26.127289,44.444925
2022-04-10 00:00:00,2022-04-10 01:00:00,31.28,17.02592296,42.99,12.2,71.0,3.6,1003.3,26.127289,44.444925
2022-04-10 01:00:00,2022-04-10 02:00:00,25.84,14.06489288,32.16,12.2,71.0,3.6,1003.4,26.127289,44.444925
2022-04-10 02:00:00,2022-04-10 03:00:00,21.69,11.806018830000001,26.19,12.0,71.0,3.6,1003.2,26.127289,44.444925
2022-04-10 03:00:00,2022-04-10 04:00:00,22.62,12.31222434,22.57,11.7,74.0,3.6,1003.8,26.127289,44.444925
2022-04-10 04:00:00,2022-04-10 05:00:00,22.27,12.12171689,23.95,10.5,75.0,7.2,1004.6,26.127289,44.444925
2022-04-10 05:00:00,2022-04-10 06:00:00,12.65,6.88548355,16.95,10.2,73.0,10.8,1004.8,26.127289,44.444925
2022-04-10 06:00:00,2022-04-10 07:00:00,10.58,5.7587680599999995,13.6,10.5,71.0,7.2,1004.8,26.127289,44.444925
2022-04-10 07:00:00,2022-04-10 08:00:00,10.32,5.61724824,13.91,10.2,70.0,3.6,1006.4,26.127289,44.444925
2022-04-10 08:00:00,2022-04-10 09:00:00,10.89,5.92750323,15.47,10.6,68.0,3.6,1007.2,26.127289,44.444925
2022-04-10 09:00:00,2022-04-10 10:00:00,13.7,7.4570058999999995,20.17,8.7,88.0,7.2,1007.4,26.127289,44.444925
2022-04-10 10:00:00,2022-04-10 11:00:00,16.19,8.81233033,26.32,8.2,96.0,7.2,1007.0,26.127289,44.444925
2022-04-10 12:00:00,2022-04-10 13:00:00,20.9,11.376016299999998,34.2,7.5,99.0,3.6,1007.9,26.127289,44.444925
2022-04-10 13:00:00,2022-04-10 14:00:00,23.08,12.562605559999998,32.53,7.7,99.0,7.2,1007.6,26.127289,44.444925
2022-04-10 14:00:00,2022-04-10 15:00:00,18.13,9.868285909999999,26.62,7.2,98.0,7.2,1007.9,26.127289,44.444925
2022-04-10 15:00:00,2022-04-10 16:00:00,11.67,6.3520626899999995,26.56,7.0,99.0,7.2,1008.0,26.127289,44.444925
2022-04-10 16:00:00,2022-04-10 17:00:00,8.53,4.642938709999999,30.4,6.0,99.0,7.2,1008.2,26.127289,44.444925
2022-04-10 17:00:00,2022-04-10 18:00:00,6.96,3.78837672,37.21,5.7,99.0,7.2,1008.3,26.127289,44.444925
2022-04-10 18:00:00,2022-04-10 19:00:00,7.12,3.87546584,37.24,5.6,99.0,3.6,1009.3,26.127289,44.444925
2022-04-10 19:00:00,2022-04-10 20:00:00,8.37,4.555849589999999,36.21,5.2,99.0,3.6,1009.5,26.127289,44.444925
2022-04-10 20:00:00,2022-04-10 21:00:00,7.01,3.8155920699999997,34.68,5.2,99.0,3.6,1010.3,26.127289,44.444925
2022-04-10 21:00:00,2022-04-10 22:00:00,7.74,4.21293618,29.2,5.0,99.0,3.6,1011.0,26.127289,44.444925
2022-04-10 22:00:00,2022-04-10 23:00:00,8.71,4.74091397,29.04,5.0,99.0,3.6,1011.4,26.127289,44.444925
2022-04-10 23:00:00,2022-04-11 00:00:00,8.96,4.87699072,26.01,4.7,100.0,3.6,1012.0,26.127289,44.444925
2022-04-11 00:00:00,2022-04-11 01:00:00,7.58,4.12584706,23.46,4.7,100.0,3.6,1012.0,26.127289,44.444925
2022-04-11 01:00:00,2022-04-11 02:00:00,5.83,3.17330981,11.41,5.0,97.0,7.2,1012.5,26.127289,44.444925
2022-04-11 02:00:00,2022-04-11 03:00:00,6.1,3.3202727,9.05,5.0,97.0,3.6,1013.1,26.127289,44.444925
2022-04-11 03:00:00,2022-04-11 04:00:00,6.31,3.43457717,10.85,5.0,97.0,3.6,1013.9,26.127289,44.444925
2022-04-11 04:00:00,2022-04-11 05:00:00,5.53,3.01001771,12.85,4.5,92.0,7.2,1014.4,26.127289,44.444925
2022-04-11 05:00:00,2022-04-11 06:00:00,2.25,1.22469075,12.36,4.2,93.0,7.2,1014.9,26.127289,44.444925
2022-04-11 06:00:00,2022-04-11 07:00:00,3.59,1.9540621299999998,18.88,5.5,91.0,3.6,1015.3,26.127289,44.444925
2022-04-11 07:00:00,2022-04-11 08:00:00,5.82,3.16786674,17.76,8.0,81.0,7.2,1015.5,26.127289,44.444925
2022-04-11 08:00:00,2022-04-11 09:00:00,7.03,3.82647821,20.08,9.5,71.0,3.6,1015.9,26.127289,44.444925
2022-04-11 09:00:00,2022-04-11 10:00:00,7.2,3.9190104,14.86,11.7,61.0,3.6,1015.8,26.127289,44.444925
2022-04-11 10:00:00,2022-04-11 11:00:00,8.59,4.67559713,15.75,7.7,90.0,0.0,1016.5,26.127289,44.444925
2022-04-11 11:00:00,2022-04-11 12:00:00,9.97,5.42674079,27.8,9.7,68.0,3.6,1016.5,26.127289,44.444925
2022-04-11 13:00:00,2022-04-11 14:00:00,11.48,6.24864436,30.01,12.7,44.0,7.2,1016.0,26.127289,44.444925
2022-04-11 14:00:00,2022-04-11 15:00:00,9.83,5.35053781,23.05,13.7,36.0,7.2,1015.6,26.127289,44.444925
2022-04-11 15:00:00,2022-04-11 16:00:00,8.25,4.49053275,21.07,12.7,34.0,3.6,1015.7,26.127289,44.444925
2022-04-11 16:00:00,2022-04-11 17:00:00,8.97,4.88243379,32.32,12.0,39.0,7.2,1016.0,26.127289,44.444925
2022-04-11 17:00:00,2022-04-11 18:00:00,9.72,5.29066404,28.08,11.0,46.0,3.6,1016.6,26.127289,44.444925
2022-04-11 18:00:00,2022-04-11 19:00:00,12.84,6.988901879999999,28.75,9.1,46.0,3.6,1017.5,26.127289,44.444925
2022-04-11 19:00:00,2022-04-11 20:00:00,11.37,6.18877059,38.66,7.2,53.0,0.0,1018.4,26.127289,44.444925
2022-04-11 20:00:00,2022-04-11 21:00:00,18.57,10.10778099,59.23,6.2,55.0,3.6,1018.7,26.127289,44.444925
2022-04-11 21:00:00,2022-04-11 22:00:00,12.83,6.98345881,36.43,6.0,56.0,3.6,1019.3,26.127289,44.444925
2022-04-11 22:00:00,2022-04-11 23:00:00,12.5,6.8038375,31.84,4.7,61.0,3.6,1019.9,26.127289,44.444925
2022-04-11 23:00:00,2022-04-12 00:00:00,13.12,7.14130784,35.07,4.1,68.0,3.6,1020.2,26.127289,44.444925
2022-04-12 00:00:00,2022-04-12 01:00:00,21.2,11.5393084,42.76,3.2,75.0,3.6,1020.2,26.127289,44.444925
2022-04-12 01:00:00,2022-04-12 02:00:00,18.65,10.15132555,37.29,3.0,77.0,3.6,1020.2,26.127289,44.444925
2022-04-12 02:00:00,2022-04-12 03:00:00,19.47,10.597657289999999,35.57,2.0,82.0,0.0,1020.1,26.127289,44.444925
2022-04-12 03:00:00,2022-04-12 04:00:00,19.82,10.78816474,30.67,1.5,82.0,0.0,1020.2,26.127289,44.444925
2022-04-12 04:00:00,2022-04-12 05:00:00,21.92,11.93120944,29.42,2.0,77.0,0.0,1020.2,26.127289,44.444925
2022-04-12 05:00:00,2022-04-12 06:00:00,23.36,12.71501152,48.82,2.5,73.0,3.6,1020.7,26.127289,44.444925
2022-04-12 06:00:00,2022-04-12 07:00:00,27.84,15.15350688,54.45,7.1,50.0,3.6,1020.8,26.127289,44.444925
2022-04-12 07:00:00,2022-04-12 08:00:00,31.85,17.33617795,62.83,10.2,43.0,3.6,1020.9,26.127289,44.444925
2022-04-12 08:00:00,2022-04-12 09:00:00,24.74,13.46615518,48.17,12.5,35.0,3.6,1020.9,26.127289,44.444925
2022-04-12 09:00:00,2022-04-12 10:00:00,11.7,6.3683919,24.31,12.1,28.0,3.6,1020.7,26.127289,44.444925
2022-04-12 10:00:00,2022-04-12 11:00:00,20.06,10.91879842,18.22,13.7,31.0,7.2,1020.2,26.127289,44.444925
2022-04-12 11:00:00,2022-04-12 12:00:00,8.14,4.4306589800000005,18.24,14.2,31.0,3.6,1020.0,26.127289,44.444925
2022-04-12 12:00:00,2022-04-12 13:00:00,10.98,5.97649086,17.04,14.7,28.0,3.6,1019.7,26.127289,44.444925
2022-04-12 14:00:00,2022-04-12 15:00:00,8.06,4.3871144200000005,25.09,14.7,28.0,7.2,1019.0,26.127289,44.444925
2022-04-12 15:00:00,2022-04-12 16:00:00,8.49,4.62116643,18.72,15.1,28.0,7.2,1019.1,26.127289,44.444925
2022-04-12 16:00:00,2022-04-12 17:00:00,8.04,4.376228279999999,18.76,14.0,26.0,3.6,1019.3,26.127289,44.444925
2022-04-12 17:00:00,2022-04-12 18:00:00,8.4,4.5721788,25.85,11.6,31.0,3.6,1019.4,26.127289,44.444925
2022-04-12 18:00:00,2022-04-12 19:00:00,10.53,5.73155271,36.67,9.2,42.0,0.0,1020.1,26.127289,44.444925
2022-04-12 19:00:00,2022-04-12 20:00:00,17.6,9.5798032,53.48,7.5,45.0,0.0,1020.6,26.127289,44.444925
2022-04-12 20:00:00,2022-04-12 21:00:00,21.83,11.882221809999999,67.67,6.5,53.0,0.0,1020.7,26.127289,44.444925
2022-04-12 21:00:00,2022-04-12 22:00:00,29.41,16.00806887,66.08,5.5,62.0,0.0,1020.9,26.127289,44.444925
2022-04-12 22:00:00,2022-04-12 23:00:00,36.96,20.11758672,75.3,6.5,62.0,0.0,1020.8,26.127289,44.444925
2022-04-12 23:00:00,2022-04-13 00:00:00,41.99,22.85545093,75.88,6.5,64.0,0.0,1020.5,26.127289,44.444925
2022-04-13 00:00:00,2022-04-13 01:00:00,44.54,24.24343378,68.85,6.7,70.0,3.6,1020.7,26.127289,44.444925
2022-04-13 01:00:00,2022-04-13 02:00:00,37.17,20.23189119,45.94,6.5,66.0,3.6,1021.0,26.127289,44.444925
2022-04-13 02:00:00,2022-04-13 03:00:00,23.98,13.05248186,25.28,6.6,59.0,3.6,1020.8,26.127289,44.444925
2022-04-13 03:00:00,2022-04-13 04:00:00,20.41,11.10930587,19.48,5.6,65.0,3.6,1021.1,26.127289,44.444925
2022-04-13 04:00:00,2022-04-13 05:00:00,23.82,12.96539274,25.93,4.0,70.0,3.6,1021.4,26.127289,44.444925
2022-04-13 05:00:00,2022-04-13 06:00:00,22.04,11.99652628,41.75,4.2,71.0,3.6,1022.0,26.127289,44.444925
2022-04-13 06:00:00,2022-04-13 07:00:00,25.97,14.135652789999998,59.85,8.2,52.0,3.6,1022.3,26.127289,44.444925
2022-04-13 07:00:00,2022-04-13 08:00:00,30.99,16.868073929999998,57.11,10.7,42.0,3.6,1022.3,26.127289,44.444925
2022-04-13 08:00:00,2022-04-13 09:00:00,25.63,13.95058841,38.49,12.6,38.0,3.6,1022.2,26.127289,44.444925
2022-04-13 09:00:00,2022-04-13 10:00:00,20.2,10.9950014,28.29,13.6,34.0,3.6,1021.9,26.127289,44.444925
2022-04-13 10:00:00,2022-04-13 11:00:00,16.05,8.73612735,26.43,14.0,30.0,7.2,1021.3,26.127289,44.444925
2022-04-13 11:00:00,2022-04-13 12:00:00,15.27,8.31156789,21.67,15.5,32.0,7.2,1021.1,26.127289,44.444925
2022-04-13 12:00:00,2022-04-13 13:00:00,15.45,8.40954315,13.66,14.0,31.0,3.6,1020.5,26.127289,44.444925
2022-04-13 13:00:00,2022-04-13 14:00:00,16.48,8.97017936,16.78,16.0,27.0,7.2,1019.6,26.127289,44.444925
2022-04-13 15:00:00,2022-04-13 16:00:00,14.94,8.13194658,19.81,16.0,29.0,7.2,1018.8,26.127289,44.444925
2022-04-13 16:00:00,2022-04-13 17:00:00,13.42,7.30459994,22.6,15.1,32.0,7.2,1018.9,26.127289,44.444925
2022-04-13 17:00:00,2022-04-13 18:00:00,15.03,8.18093421,23.13,13.5,37.0,3.6,1019.3,26.127289,44.444925
2022-04-13 18:00:00,2022-04-13 19:00:00,15.96,8.68713972,32.02,10.6,48.0,3.6,1019.9,26.127289,44.444925
2022-04-13 19:00:00,2022-04-13 20:00:00,19.55,10.64120185,39.68,9.7,55.0,3.6,1020.6,26.127289,44.444925
2022-04-13 20:00:00,2022-04-13 21:00:00,30.44,16.56870508,50.57,9.0,59.0,3.6,1020.9,26.127289,44.444925
2022-04-13 21:00:00,2022-04-13 22:00:00,31.9,17.3633933,43.42,9.7,51.0,3.6,1021.0,26.127289,44.444925
2022-04-13 22:00:00,2022-04-13 23:00:00,18.48,10.05879336,36.88,8.1,56.0,3.6,1021.3,26.127289,44.444925
2022-04-13 23:00:00,2022-04-14 00:00:00,20.75,11.29437025,43.04,6.7,65.0,3.6,1021.8,26.127289,44.444925
2022-04-14 00:00:00,2022-04-14 01:00:00,29.28,15.93730896,49.98,6.5,68.0,0.0,1021.7,26.127289,44.444925
2022-04-14 01:00:00,2022-04-14 02:00:00,27.36,14.892239519999999,53.62,6.5,69.0,3.6,1021.4,26.127289,44.444925
2022-04-14 02:00:00,2022-04-14 03:00:00,28.23,15.36578661,55.57,6.5,69.0,3.6,1021.3,26.127289,44.444925
2022-04-14 03:00:00,2022-04-14 04:00:00,30.24,16.45984368,48.44,5.5,74.0,3.6,1021.4,26.127289,44.444925
2022-04-14 04:00:00,2022-04-14 05:00:00,32.47,17.67364829,47.93,4.2,78.0,3.6,1021.7,26.127289,44.444925
2022-04-14 05:00:00,2022-04-14 06:00:00,36.56,19.89986392,60.05,4.7,78.0,0.0,1022.0,26.127289,44.444925
2022-04-14 06:00:00,2022-04-14 07:00:00,47.39,25.79470873,74.11,9.2,58.0,3.6,1022.3,26.127289,44.444925
2022-04-14 07:00:00,2022-04-14 08:00:00,58.53,31.85828871,84.79,13.5,44.0,3.6,1022.3,26.127289,44.444925
2022-04-14 08:00:00,2022-04-14 09:00:00,44.91,24.44482737,63.28,16.0,39.0,3.6,1022.2,26.127289,44.444925
2022-04-14 09:00:00,2022-04-14 10:00:00,32.55,17.717192849999996,44.06,17.2,27.0,3.6,1022.4,26.127289,44.444925
2022-04-14 10:00:00,2022-04-14 11:00:00,27.86,15.164393019999999,30.97,18.1,29.0,3.6,1022.1,26.127289,44.444925
2022-04-14 11:00:00,2022-04-14 12:00:00,21.95,11.947538649999998,21.8,19.2,27.0,7.2,1021.6,26.127289,44.444925
2022-04-14 12:00:00,2022-04-14 13:00:00,20.8,11.3215856,23.88,20.1,28.0,7.2,1021.3,26.127289,44.444925
2022-04-14 13:00:00,2022-04-14 14:00:00,18.63,10.140439409999999,18.67,20.5,28.0,10.8,1020.6,26.127289,44.444925
2022-04-14 14:00:00,2022-04-14 15:00:00,16.88,9.187902159999998,14.42,20.7,29.0,7.2,1020.4,26.127289,44.444925
2022-04-14 16:00:00,2022-04-14 17:00:00,15.49,8.43131543,26.14,18.5,32.0,7.2,1020.4,26.127289,44.444925
2022-04-14 17:00:00,2022-04-14 18:00:00,15.78,8.58916446,27.98,16.6,38.0,3.6,1020.3,26.127289,44.444925
2022-04-14 18:00:00,2022-04-14 19:00:00,15.86,8.63270902,28.29,14.1,46.0,3.6,1021.0,26.127289,44.444925
2022-04-14 19:00:00,2022-04-14 20:00:00,17.74,9.656006179999999,34.89,12.5,52.0,3.6,1021.5,26.127289,44.444925
2022-04-14 20:00:00,2022-04-14 21:00:00,25.44,13.84717008,54.24,11.1,60.0,3.6,1021.6,26.127289,44.444925
2022-04-14 21:00:00,2022-04-14 22:00:00,35.45,19.295683150000002,72.2,10.2,63.0,0.0,1021.8,26.127289,44.444925
2022-04-14 22:00:00,2022-04-14 23:00:00,33.12,18.027447839999997,73.47,9.7,69.0,3.6,1022.1,26.127289,44.444925
2022-04-14 23:00:00,2022-04-15 00:00:00,40.15,21.85392605,82.73,9.5,67.0,0.0,1022.0,26.127289,44.444925
2022-04-15 00:00:00,2022-04-15 01:00:00,49.25,26.80711975,86.21,8.5,69.0,0.0,1021.7,26.127289,44.444925
2022-04-15 01:00:00,2022-04-15 02:00:00,39.77,21.64708939,77.13,8.2,75.0,0.0,1021.4,26.127289,44.444925
2022-04-15 02:00:00,2022-04-15 03:00:00,47.29,25.74027803,71.38,7.6,78.0,0.0,1021.4,26.127289,44.444925
2022-04-15 03:00:00,2022-04-15 04:00:00,49.89,27.155476229999998,68.68,6.7,85.0,0.0,1020.9,26.127289,44.444925
2022-04-15 04:00:00,2022-04-15 05:00:00,41.32,22.490765239999998,56.38,6.1,86.0,3.6,1020.8,26.127289,44.444925
2022-04-15 05:00:00,2022-04-15 06:00:00,37.34,20.324423380000002,49.57,7.5,81.0,3.6,1020.7,26.127289,44.444925
2022-04-15 06:00:00,2022-04-15 07:00:00,36.06,19.62771042,53.03,12.7,53.0,3.6,1020.7,26.127289,44.444925
2022-04-15 07:00:00,2022-04-15 08:00:00,42.06,22.89355242,57.36,17.1,39.0,0.0,1020.4,26.127289,44.444925
2022-04-15 08:00:00,2022-04-15 09:00:00,46.42,25.26673094,64.97,18.7,39.0,3.6,1020.2,26.127289,44.444925
2022-04-15 09:00:00,2022-04-15 10:00:00,47.81,26.02331767,65.5,19.7,30.0,7.2,1019.9,26.127289,44.444925
2022-04-15 10:00:00,2022-04-15 11:00:00,34.31,18.67517317,36.92,22.1,35.0,3.6,1019.1,26.127289,44.444925
2022-04-15 11:00:00,2022-04-15 12:00:00,27.23,14.821479609999999,21.81,22.2,35.0,7.2,1018.4,26.127289,44.444925
2022-04-15 12:00:00,2022-04-15 13:00:00,24.45,13.30830615,19.23,23.0,33.0,7.2,1017.8,26.127289,44.444925
2022-04-15 13:00:00,2022-04-15 14:00:00,20.06,10.91879842,24.34,23.0,30.0,3.6,1017.0,26.127289,44.444925
2022-04-15 14:00:00,2022-04-15 15:00:00,19.7,10.7228479,22.06,23.0,31.0,7.2,1016.3,26.127289,44.444925
2022-04-15 15:00:00,2022-04-15 16:00:00,18.65,10.15132555,23.32,23.1,32.0,7.2,1015.7,26.127289,44.444925
2022-04-15 17:00:00,2022-04-15 18:00:00,15.21,8.27890947,25.54,19.2,36.0,7.2,1014.6,26.127289,44.444925
2022-04-15 18:00:00,2022-04-15 19:00:00,15.93,8.670810509999999,31.74,14.2,54.0,3.6,1014.9,26.127289,44.444925
2022-04-15 19:00:00,2022-04-15 20:00:00,25.1,13.6621057,43.4,13.1,60.0,0.0,1015.2,26.127289,44.444925
2022-04-15 20:00:00,2022-04-15 21:00:00,42.71,23.24735197,80.52,12.7,62.0,3.6,1015.4,26.127289,44.444925
2022-04-15 21:00:00,2022-04-15 22:00:00,56.21,30.59549647,74.82,12.5,61.0,3.6,1015.4,26.127289,44.444925
2022-04-15 22:00:00,2022-04-15 23:00:00,37.55,20.43872785,77.51,11.5,63.0,3.6,1015.1,26.127289,44.444925
2022-04-15 23:00:00,2022-04-16 00:00:00,34.42,18.73504694,59.29,10.6,69.0,3.6,1014.6,26.127289,44.444925
2022-04-16 00:00:00,2022-04-16 01:00:00,33.66,18.32137362,63.62,9.7,74.0,0.0,1014.1,26.127289,44.444925
2022-04-16 01:00:00,2022-04-16 02:00:00,35.79,19.48074753,63.2,9.5,75.0,3.6,1013.7,26.127289,44.444925
2022-04-16 02:00:00,2022-04-16 03:00:00,42.39,23.07317373,71.39,9.0,77.0,3.6,1013.5,26.127289,44.444925
2022-04-16 03:00:00,2022-04-16 04:00:00,53.14,28.92447398,74.9,9.0,80.0,3.6,1013.3,26.127289,44.444925
2022-04-16 04:00:00,2022-04-16 05:00:00,61.87,33.67627409,71.94,8.1,85.0,3.6,1014.1,26.127289,44.444925
2022-04-16 05:00:00,2022-04-16 06:00:00,49.63,27.013956410000002,74.53,9.7,77.0,3.6,1014.6,26.127289,44.444925
2022-04-16 06:00:00,2022-04-16 07:00:00,51.34,27.94472138,61.72,13.0,63.0,7.2,1014.6,26.127289,44.444925
2022-04-16 07:00:00,2022-04-16 08:00:00,40.81,22.21316867,36.31,15.5,58.0,7.2,1014.4,26.127289,44.444925
2022-04-16 08:00:00,2022-04-16 09:00:00,26.4,14.3697048,28.34,18.1,52.0,3.6,1014.4,26.127289,44.444925
2022-04-16 09:00:00,2022-04-16 10:00:00,21.25,11.56652375,25.21,19.0,49.0,3.6,1014.6,26.127289,44.444925
2022-04-16 10:00:00,2022-04-16 11:00:00,23.7,12.9000759,28.71,19.1,49.0,3.6,1013.9,26.127289,44.444925
2022-04-16 11:00:00,2022-04-16 12:00:00,24.96,13.58590272,31.87,20.6,44.0,3.6,1013.6,26.127289,44.444925
2022-04-16 12:00:00,2022-04-16 13:00:00,24.08,13.10691256,29.37,20.5,45.0,3.6,1013.3,26.127289,44.444925
2022-04-16 13:00:00,2022-04-16 14:00:00,24.65,13.417167549999998,25.31,20.7,46.0,3.6,1012.8,26.127289,44.444925
2022-04-16 14:00:00,2022-04-16 15:00:00,25.97,14.135652789999998,30.08,20.4,48.0,3.6,1012.8,26.127289,44.444925
2022-04-16 15:00:00,2022-04-16 16:00:00,29.11,15.84477677,29.5,19.9,46.0,3.6,1012.6,26.127289,44.444925
2022-04-16 16:00:00,2022-04-16 17:00:00,29.22,15.904650539999999,29.21,18.9,47.0,3.6,1012.1,26.127289,44.444925
2022-04-16 18:00:00,2022-04-16 19:00:00,35.32,19.22492324,32.5,15.0,59.0,0.0,1013.4,26.127289,44.444925
2022-04-16 19:00:00,2022-04-16 20:00:00,41.08,22.36013156,51.92,15.0,63.0,7.2,1014.7,26.127289,44.444925
2022-04-16 20:00:00,2022-04-16 21:00:00,27.54,14.990214779999999,55.41,13.7,67.0,7.2,1015.5,26.127289,44.444925
2022-04-16 21:00:00,2022-04-16 22:00:00,17.42,9.48182794,42.97,12.6,75.0,7.2,1016.1,26.127289,44.444925
2022-04-16 22:00:00,2022-04-16 23:00:00,14.04,7.6420702799999995,34.0,12.0,71.0,10.8,1016.8,26.127289,44.444925
2022-04-16 23:00:00,2022-04-17 00:00:00,8.15,4.43610205,25.54,11.8,71.0,10.8,1016.8,26.127289,44.444925
2022-04-17 00:00:00,2022-04-17 01:00:00,8.5,4.6266095,22.95,10.4,71.0,10.8,1016.9,26.127289,44.444925
2022-04-17 01:00:00,2022-04-17 02:00:00,9.34,5.08382738,18.57,8.9,68.0,10.8,1017.5,26.127289,44.444925
2022-04-17 02:00:00,2022-04-17 03:00:00,9.24,5.02939668,17.24,8.0,68.0,10.8,1017.7,26.127289,44.444925
2022-04-17 03:00:00,2022-04-17 04:00:00,14.58,7.93599606,15.98,6.0,86.0,10.8,1018.0,26.127289,44.444925
2022-04-17 04:00:00,2022-04-17 05:00:00,17.26,9.39473882,13.57,5.1,97.0,10.8,1018.3,26.127289,44.444925
2022-04-17 05:00:00,2022-04-17 06:00:00,15.09,8.213592629999999,13.28,4.8,95.0,10.8,1018.7,26.127289,44.444925
2022-04-17 06:00:00,2022-04-17 07:00:00,14.19,7.723716329999999,12.26,4.5,97.0,7.2,1019.0,26.127289,44.444925
2022-04-17 07:00:00,2022-04-17 08:00:00,11.36,6.18332752,11.24,3.8,97.0,10.8,1019.4,26.127289,44.444925
2022-04-17 08:00:00,2022-04-17 09:00:00,9.41,5.12192887,9.84,3.4,97.0,10.8,1019.9,26.127289,44.444925
2022-04-17 09:00:00,2022-04-17 10:00:00,9.3,5.0620551,12.81,3.6,98.0,10.8,1019.6,26.127289,44.444925
2022-04-17 10:00:00,2022-04-17 11:00:00,8.43,4.58850801,13.22,3.7,97.0,10.8,1019.6,26.127289,44.444925
2022-04-17 11:00:00,2022-04-17 12:00:00,9.24,5.02939668,22.17,4.1,97.0,10.8,1019.9,26.127289,44.444925
2022-04-17 12:00:00,2022-04-17 13:00:00,9.86,5.36686702,21.6,4.3,97.0,10.8,1019.2,26.127289,44.444925
2022-04-17 13:00:00,2022-04-17 14:00:00,10.96,5.96560472,31.88,4.7,97.0,10.8,1018.7,26.127289,44.444925
2022-04-17 14:00:00,2022-04-17 15:00:00,11.96,6.50991172,29.31,5.0,95.0,7.2,1018.1,26.127289,44.444925
2022-04-17 15:00:00,2022-04-17 16:00:00,11.87,6.46092409,30.11,5.2,94.0,7.2,1017.8,26.127289,44.444925
2022-04-17 16:00:00,2022-04-17 17:00:00,12.0,6.531684,34.99,5.4,93.0,7.2,1017.3,26.127289,44.444925
2022-04-17 17:00:00,2022-04-17 18:00:00,11.88,6.46636716,38.53,5.3,85.0,7.2,1016.9,26.127289,44.444925
2022-04-17 19:00:00,2022-04-17 20:00:00,10.0,5.44307,33.94,5.2,84.0,3.6,1017.4,26.127289,44.444925
2022-04-17 20:00:00,2022-04-17 21:00:00,11.27,6.13433989,39.98,5.5,80.0,3.6,1017.3,26.127289,44.444925
2022-04-17 21:00:00,2022-04-17 22:00:00,10.15,5.52471605,38.85,5.5,78.0,3.6,1017.1,26.127289,44.444925
2022-04-17 22:00:00,2022-04-17 23:00:00,10.16,5.5301591199999995,32.34,5.6,73.0,3.6,1016.6,26.127289,44.444925
2022-04-17 23:00:00,2022-04-18 00:00:00,8.59,4.67559713,23.86,6.2,65.0,7.2,1016.4,26.127289,44.444925
2022-04-18 00:00:00,2022-04-18 01:00:00,8.38,4.56129266,16.97,6.2,65.0,7.2,1015.9,26.127289,44.444925
2022-04-18 01:00:00,2022-04-18 02:00:00,6.59,3.5869831299999997,12.71,5.8,70.0,3.6,1015.6,26.127289,44.444925
2022-04-18 02:00:00,2022-04-18 03:00:00,8.54,4.648381779999999,13.77,5.8,66.0,3.6,1015.0,26.127289,44.444925
2022-04-18 03:00:00,2022-04-18 04:00:00,7.57,4.12040399,13.68,5.2,71.0,3.6,1014.6,26.127289,44.444925
2022-04-18 04:00:00,2022-04-18 05:00:00,10.29,5.600919029999999,19.73,4.3,86.0,3.6,1014.7,26.127289,44.444925
2022-04-18 05:00:00,2022-04-18 06:00:00,14.72,8.01219904,21.93,4.8,85.0,0.0,1014.7,26.127289,44.444925
2022-04-18 06:00:00,2022-04-18 07:00:00,17.72,9.645120039999998,33.57,6.0,78.0,0.0,1014.6,26.127289,44.444925
2022-04-18 07:00:00,2022-04-18 08:00:00,16.83,9.16068681,37.08,6.6,59.0,3.6,1014.6,26.127289,44.444925
2022-04-18 08:00:00,2022-04-18 09:00:00,13.2,7.1848524,42.37,8.1,52.0,0.0,1014.6,26.127289,44.444925
2022-04-18 09:00:00,2022-04-18 10:00:00,11.28,6.13978296,28.2,9.8,49.0,3.6,1014.4,26.127289,44.444925
2022-04-18 10:00:00,2022-04-18 11:00:00,11.6,6.3139612,30.53,11.0,46.0,7.2,1014.2,26.127289,44.444925
2022-04-18 11:00:00,2022-04-18 12:00:00,8.78,4.779015459999999,27.55,10.5,43.0,3.6,1014.1,26.127289,44.444925
2022-04-18 12:00:00,2022-04-18 13:00:00,8.0,4.354456,29.87,10.6,42.0,7.2,1013.7,26.127289,44.444925
2022-04-18 13:00:00,2022-04-18 14:00:00,8.52,4.63749564,31.74,8.8,47.0,3.6,1013.6,26.127289,44.444925
2022-04-18 14:00:00,2022-04-18 15:00:00,8.54,4.648381779999999,41.87,8.6,48.0,0.0,1013.6,26.127289,44.444925
2022-04-18 15:00:00,2022-04-18 16:00:00,9.22,5.01851054,46.49,9.5,44.0,3.6,1013.5,26.127289,44.444925
2022-04-18 16:00:00,2022-04-18 17:00:00,11.41,6.21054287,41.47,9.1,40.0,3.6,1013.4,26.127289,44.444925
2022-04-18 17:00:00,2022-04-18 18:00:00,11.5,6.259530499999999,47.17,8.3,49.0,3.6,1013.5,26.127289,44.444925
2022-04-18 18:00:00,2022-04-18 19:00:00,14.29,7.7781470299999995,41.53,7.0,56.0,3.6,1013.7,26.127289,44.444925
2022-04-18 20:00:00,2022-04-18 21:00:00,27.1,14.750719700000001,33.22,4.7,82.0,3.6,1014.3,26.127289,44.444925
2022-04-18 21:00:00,2022-04-18 22:00:00,19.57,10.65208799,28.14,4.1,89.0,3.6,1014.5,26.127289,44.444925
2022-04-18 22:00:00,2022-04-18 23:00:00,18.53,10.08600871,23.92,5.1,80.0,3.6,1014.2,26.127289,44.444925
2022-04-18 23:00:00,2022-04-19 00:00:00,12.45,6.77662215,16.12,5.3,79.0,3.6,1013.7,26.127289,44.444925
2022-04-19 00:00:00,2022-04-19 01:00:00,12.82,6.97801574,22.47,4.9,80.0,3.6,1013.2,26.127289,44.444925
2022-04-19 01:00:00,2022-04-19 02:00:00,12.53,6.82016671,14.47,4.7,85.0,3.6,1013.0,26.127289,44.444925
2022-04-19 02:00:00,2022-04-19 03:00:00,12.65,6.88548355,15.43,4.7,84.0,0.0,1012.6,26.127289,44.444925
2022-04-19 03:00:00,2022-04-19 04:00:00,13.14,7.15219398,17.2,5.1,82.0,3.6,1012.5,26.127289,44.444925
2022-04-19 04:00:00,2022-04-19 05:00:00,16.07,8.74701349,23.27,5.0,86.0,3.6,1013.0,26.127289,44.444925
2022-04-19 05:00:00,2022-04-19 06:00:00,17.55,9.55258785,34.04,5.2,85.0,7.2,1013.6,26.127289,44.444925
2022-04-19 06:00:00,2022-04-19 07:00:00,20.47,11.141964289999999,41.82,4.7,93.0,3.6,1014.3,26.127289,44.444925
2022-04-19 07:00:00,2022-04-19 08:00:00,20.64,11.23449648,37.94,3.9,95.0,3.6,1014.9,26.127289,44.444925
2022-04-19 08:00:00,2022-04-19 09:00:00,12.14,6.60788698,26.7,4.3,97.0,7.2,1015.0,26.127289,44.444925
2022-04-19 09:00:00,2022-04-19 10:00:00,11.69,6.36294883,27.25,4.4,97.0,3.6,1015.1,26.127289,44.444925
2022-04-19 10:00:00,2022-04-19 11:00:00,10.04,5.464842279999999,34.63,4.7,97.0,3.6,1015.0,26.127289,44.444925
2022-04-19 11:00:00,2022-04-19 12:00:00,10.24,5.57370368,37.02,5.5,91.0,3.6,1014.8,26.127289,44.444925
2022-04-19 12:00:00,2022-04-19 13:00:00,12.6,6.8582681999999995,31.76,7.3,90.0,3.6,1014.4,26.127289,44.444925
2022-04-19 13:00:00,2022-04-19 14:00:00,11.71,6.37383497,31.72,5.2,95.0,0.0,1014.5,26.127289,44.444925
2022-04-19 14:00:00,2022-04-19 15:00:00,10.39,5.65534973,38.66,5.5,98.0,3.6,1014.1,26.127289,44.444925
2022-04-19 15:00:00,2022-04-19 16:00:00,12.94,7.0433325799999995,51.97,6.4,89.0,3.6,1013.9,26.127289,44.444925
2022-04-19 16:00:00,2022-04-19 17:00:00,13.12,7.14130784,41.09,6.4,98.0,0.0,1013.5,26.127289,44.444925
2022-04-19 17:00:00,2022-04-19 18:00:00,13.41,7.29915687,66.7,6.2,95.0,3.6,1013.7,26.127289,44.444925
2022-04-19 18:00:00,2022-04-19 19:00:00,17.3,9.4165111,60.18,5.3,98.0,0.0,1014.1,26.127289,44.444925
2022-04-19 19:00:00,2022-04-19 20:00:00,18.15,9.87917205,54.05,4.3,95.0,7.2,1015.2,26.127289,44.444925
2022-04-19 21:00:00,2022-04-19 22:00:00,12.26,6.6732038199999995,52.79,4.3,99.0,0.0,1015.0,26.127289,44.444925
2022-04-19 22:00:00,2022-04-19 23:00:00,14.86,8.08840202,50.2,2.8,99.0,0.0,1014.8,26.127289,44.444925
2022-04-19 23:00:00,2022-04-20 00:00:00,16.8,9.1443576,48.5,2.6,99.0,3.6,1014.7,26.127289,44.444925
2022-04-20 00:00:00,2022-04-20 01:00:00,16.13,8.77967191,34.15,1.8,100.0,3.6,1014.4,26.127289,44.444925
2022-04-20 01:00:00,2022-04-20 02:00:00,12.15,6.61333005,16.04,1.2,100.0,3.6,1014.4,26.127289,44.444925
2022-04-20 02:00:00,2022-04-20 03:00:00,12.1,6.5861146999999995,15.58,0.5,100.0,3.6,1014.4,26.127289,44.444925
2022-04-20 03:00:00,2022-04-20 04:00:00,13.46,7.3263722200000005,15.56,1.3,100.0,3.6,1014.2,26.127289,44.444925
2022-04-20 04:00:00,2022-04-20 05:00:00,13.91,7.57131037,21.17,0.9,99.0,3.6,1014.6,26.127289,44.444925
2022-04-20 05:00:00,2022-04-20 06:00:00,14.92,8.121060439999999,30.38,1.9,100.0,3.6,1015.0,26.127289,44.444925
2022-04-20 06:00:00,2022-04-20 07:00:00,16.33,8.88853331,37.84,4.0,100.0,7.2,1014.9,26.127289,44.444925
2022-04-20 07:00:00,2022-04-20 08:00:00,20.68,11.25626876,39.52,7.6,84.0,7.2,1014.5,26.127289,44.444925
2022-04-20 08:00:00,2022-04-20 09:00:00,21.97,11.958424789999999,41.61,10.6,65.0,3.6,1014.2,26.127289,44.444925
2022-04-20 09:00:00,2022-04-20 10:00:00,19.0,10.341833,33.79,12.0,55.0,3.6,1013.5,26.127289,44.444925
2022-04-20 10:00:00,2022-04-20 11:00:00,17.59,9.57436013,29.56,13.3,56.0,7.2,1013.8,26.127289,44.444925
2022-04-20 11:00:00,2022-04-20 12:00:00,13.34,7.26105538,20.76,12.7,44.0,8.6,1013.4,26.127289,44.444925
2022-04-20 12:00:00,2022-04-20 13:00:00,10.3,5.6063621,18.51,12.9,43.0,10.8,1012.8,26.127289,44.444925
2022-04-20 13:00:00,2022-04-20 14:00:00,9.33,5.07838431,19.64,13.2,49.0,3.6,1012.4,26.127289,44.444925
2022-04-20 14:00:00,2022-04-20 15:00:00,9.73,5.29610711,19.82,12.5,46.0,7.2,1012.3,26.127289,44.444925
2022-04-20 15:00:00,2022-04-20 16:00:00,12.22,6.65143154,21.34,11.9,46.0,10.8,1012.2,26.127289,44.444925
2022-04-20 16:00:00,2022-04-20 17:00:00,9.59,5.21990413,24.18,11.2,49.0,3.6,1012.3,26.127289,44.444925
2022-04-20 17:00:00,2022-04-20 18:00:00,14.1,7.674728699999999,22.15,10.5,51.0,7.2,1012.3,26.127289,44.444925
2022-04-20 18:00:00,2022-04-20 19:00:00,14.68,7.99042676,28.51,9.9,58.0,7.2,1013.1,26.127289,44.444925
2022-04-20 19:00:00,2022-04-20 20:00:00,15.56,8.46941692,27.9,8.8,67.0,7.2,1013.8,26.127289,44.444925
2022-04-20 20:00:00,2022-04-20 21:00:00,15.1,8.2190357,20.47,7.8,80.0,7.2,1014.1,26.127289,44.444925
2022-04-20 22:00:00,2022-04-20 23:00:00,17.22,9.372966539999998,15.56,5.7,91.0,10.8,1014.3,26.127289,44.444925
2022-04-20 23:00:00,2022-04-21 00:00:00,16.37,8.91030559,11.32,4.9,93.0,7.2,1014.7,26.127289,44.444925
2022-04-21 00:00:00,2022-04-21 01:00:00,17.03,9.26954821,9.7,4.2,94.0,10.8,1014.8,26.127289,44.444925
2022-04-21 01:00:00,2022-04-21 02:00:00,17.29,9.41106803,9.52,3.7,95.0,7.2,1014.6,26.127289,44.444925
2022-04-21 02:00:00,2022-04-21 03:00:00,17.65,9.60701855,9.6,3.3,97.0,7.2,1015.0,26.127289,44.444925
2022-04-21 03:00:00,2022-04-21 04:00:00,16.65,9.06271155,9.23,3.7,96.0,7.2,1015.3,26.127289,44.444925
2022-04-21 04:00:00,2022-04-21 05:00:00,18.33,9.97714731,10.65,3.2,99.0,7.2,1015.5,26.127289,44.444925
2022-04-21 05:00:00,2022-04-21 06:00:00,21.51,11.708043570000001,18.97,3.7,97.0,7.2,1015.5,26.127289,44.444925
2022-04-21 06:00:00,2022-04-21 07:00:00,23.09,12.56804863,25.98,4.4,94.0,7.2,1015.6,26.127289,44.444925
2022-04-21 07:00:00,2022-04-21 08:00:00,26.77,14.57109839,25.04,5.3,89.0,10.8,1015.9,26.127289,44.444925
2022-04-21 08:00:00,2022-04-21 09:00:00,28.73,15.63794011,20.77,8.4,75.0,10.8,1015.9,26.127289,44.444925
2022-04-21 09:00:00,2022-04-21 10:00:00,28.42,15.469204940000001,17.86,11.1,64.0,7.2,1015.6,26.127289,44.444925
2022-04-21 10:00:00,2022-04-21 11:00:00,24.9,13.5532443,18.43,13.7,53.0,7.2,1015.0,26.127289,44.444925
2022-04-21 11:00:00,2022-04-21 12:00:00,19.04,10.36360528,16.52,15.0,47.0,10.8,1014.6,26.127289,44.444925
2022-04-21 12:00:00,2022-04-21 13:00:00,15.38,8.37144166,14.11,15.5,43.0,7.2,1014.5,26.127289,44.444925
2022-04-21 13:00:00,2022-04-21 14:00:00,12.4,6.7494068,15.41,16.6,44.0,10.8,1014.0,26.127289,44.444925
2022-04-21 14:00:00,2022-04-21 15:00:00,11.04,6.009149279999999,13.82,15.5,43.0,10.8,1013.8,26.127289,44.444925
2022-04-21 15:00:00,2022-04-21 16:00:00,10.2,5.551931399999999,14.19,15.9,35.0,10.8,1013.9,26.127289,44.444925
2022-04-21 16:00:00,2022-04-21 17:00:00,10.32,5.61724824,15.28,14.7,44.0,7.2,1013.8,26.127289,44.444925
2022-04-21 17:00:00,2022-04-21 18:00:00,11.32,6.16155524,14.7,13.0,50.0,7.2,1013.9,26.127289,44.444925
2022-04-21 18:00:00,2022-04-21 19:00:00,13.06,7.10864942,21.17,8.9,68.0,3.6,1014.2,26.127289,44.444925
2022-04-21 19:00:00,2022-04-21 20:00:00,19.84,10.79905088,47.36,8.0,78.0,3.6,1014.5,26.127289,44.444925
2022-04-21 20:00:00,2022-04-21 21:00:00,22.48,12.23602136,58.27,6.5,84.0,0.0,1014.4,26.127289,44.444925
2022-04-21 21:00:00,2022-04-21 22:00:00,30.71,16.71566797,64.94,6.5,86.0,3.6,1014.4,26.127289,44.444925
2022-04-21 23:00:00,2022-04-22 00:00:00,45.58,24.809513059999997,68.81,6.2,87.0,3.6,1014.5,26.127289,44.444925
2022-04-22 00:00:00,2022-04-22 01:00:00,44.14,24.02571098,53.92,6.2,87.0,3.6,1014.2,26.127289,44.444925
2022-04-22 01:00:00,2022-04-22 02:00:00,39.42,21.45658194,57.98,6.8,83.0,3.6,1014.3,26.127289,44.444925
2022-04-22 02:00:00,2022-04-22 03:00:00,27.82,15.14262074,43.3,7.1,81.0,3.6,1014.4,26.127289,44.444925
2022-04-22 03:00:00,2022-04-22 04:00:00,26.18,14.249957259999999,43.34,7.1,85.0,0.0,1013.8,26.127289,44.444925
2022-04-22 04:00:00,2022-04-22 05:00:00,33.38,18.16896766,58.1,7.4,82.0,0.0,1014.0,26.127289,44.444925
2022-04-22 05:00:00,2022-04-22 06:00:00,37.62,20.47682934,57.41,8.0,87.0,0.0,1014.0,26.127289,44.444925
2022-04-22 06:00:00,2022-04-22 07:00:00,37.12,20.204675839999997,57.59,9.1,83.0,3.6,1014.0,26.127289,44.444925
2022-04-22 07:00:00,2022-04-22 08:00:00,40.11,21.832153769999998,56.57,10.6,72.0,0.0,1014.4,26.127289,44.444925
2022-04-22 08:00:00,2022-04-22 09:00:00,38.38,20.89050266,53.56,9.4,87.0,0.0,1014.6,26.127289,44.444925
2022-04-22 09:00:00,2022-04-22 10:00:00,31.54,17.16744278,62.66,9.8,95.0,0.0,1014.4,26.127289,44.444925
2022-04-22 10:00:00,2022-04-22 11:00:00,35.74,19.45353218,55.63,12.2,85.0,3.6,1013.4,26.127289,44.444925
2022-04-22 11:00:00,2022-04-22 12:00:00,34.86,18.974542019999998,48.22,14.7,74.0,3.6,1013.1,26.127289,44.444925
2022-04-22 12:00:00,2022-04-22 13:00:00,36.27,19.74201489,40.49,16.0,68.0,3.6,1012.4,26.127289,44.444925
2022-04-22 13:00:00,2022-04-22 14:00:00,27.02,14.707175139999999,29.95,17.3,67.0,3.6,1011.6,26.127289,44.444925
2022-04-22 14:00:00,2022-04-22 15:00:00,21.7,11.8114619,25.08,16.9,69.0,7.2,1010.5,26.127289,44.444925
2022-04-22 15:00:00,2022-04-22 16:00:00,18.52,10.08056564,23.29,17.3,71.0,7.2,1009.4,26.127289,44.444925
2022-04-22 16:00:00,2022-04-22 17:00:00,17.38,9.46005566,23.99,16.5,74.0,7.2,1008.5,26.127289,44.444925
2022-04-22 17:00:00,2022-04-22 18:00:00,19.15,10.42347905,29.45,15.7,77.0,3.6,1007.6,26.127289,44.444925
2022-04-22 18:00:00,2022-04-22 19:00:00,21.75,11.83867725,31.39,14.6,75.0,3.6,1007.9,26.127289,44.444925
2022-04-22 19:00:00,2022-04-22 20:00:00,21.58,11.746145059999998,37.29,12.6,86.0,0.0,1008.0,26.127289,44.444925
2022-04-22 20:00:00,2022-04-22 21:00:00,26.78,14.57654146,44.14,11.2,95.0,3.6,1007.4,26.127289,44.444925
2022-04-22 21:00:00,2022-04-22 22:00:00,26.48,14.41324936,39.67,11.0,92.0,3.6,1006.7,26.127289,44.444925
2022-04-22 22:00:00,2022-04-22 23:00:00,24.51,13.34096457,42.82,9.7,96.0,3.6,1006.6,26.127289,44.444925
2022-04-23 00:00:00,2022-04-23 01:00:00,22.94,12.48640258,33.72,8.5,100.0,3.6,1006.0,26.127289,44.444925
2022-04-23 01:00:00,2022-04-23 02:00:00,25.99,14.146538929999998,27.92,8.3,99.0,3.6,1005.8,26.127289,44.444925
2022-04-23 02:00:00,2022-04-23 03:00:00,31.64,17.22187348,24.24,7.6,99.0,3.6,1005.6,26.127289,44.444925
2022-04-23 03:00:00,2022-04-23 04:00:00,35.5,19.3228985,23.6,7.0,100.0,3.6,1005.4,26.127289,44.444925
2022-04-23 04:00:00,2022-04-23 05:00:00,36.4,19.8127748,24.04,6.7,100.0,3.6,1005.6,26.127289,44.444925
2022-04-23 05:00:00,2022-04-23 06:00:00,36.02,19.605938140000003,23.16,7.9,100.0,3.6,1005.7,26.127289,44.444925
2022-04-23 06:00:00,2022-04-23 07:00:00,34.49,18.77314843,19.82,10.8,83.0,3.6,1005.4,26.127289,44.444925
2022-04-23 07:00:00,2022-04-23 08:00:00,34.51,18.78403457,20.68,13.6,71.0,3.6,1005.5,26.127289,44.444925
2022-04-23 08:00:00,2022-04-23 09:00:00,33.27,18.10909389,23.84,15.8,67.0,7.2,1006.2,26.127289,44.444925
2022-04-23 09:00:00,2022-04-23 10:00:00,27.55,14.99565785,17.75,17.2,65.0,10.8,1006.7,26.127289,44.444925
2022-04-23 10:00:00,2022-04-23 11:00:00,21.58,11.746145059999998,11.73,18.3,62.0,10.8,1006.7,26.127289,44.444925
2022-04-23 11:00:00,2022-04-23 12:00:00,13.75,7.48422125,8.65,17.6,58.0,10.8,1006.9,26.127289,44.444925
2022-04-23 12:00:00,2022-04-23 13:00:00,7.54,4.1040747799999995,8.4,18.4,62.0,14.4,1006.9,26.127289,44.444925
2022-04-23 13:00:00,2022-04-23 14:00:00,10.01,5.44851307,9.07,20.3,57.0,14.4,1006.4,26.127289,44.444925
2022-04-23 14:00:00,2022-04-23 15:00:00,10.4,5.6607928,6.9,20.9,52.0,14.4,1006.1,26.127289,44.444925
2022-04-23 15:00:00,2022-04-23 16:00:00,7.32,3.98432724,6.84,21.0,48.0,10.8,1006.2,26.127289,44.444925
2022-04-23 16:00:00,2022-04-23 17:00:00,5.51,2.99913157,6.98,19.2,51.0,3.6,1006.5,26.127289,44.444925
2022-04-23 17:00:00,2022-04-23 18:00:00,8.11,4.414329769999999,9.67,17.7,55.0,3.6,1006.9,26.127289,44.444925
2022-04-23 18:00:00,2022-04-23 19:00:00,6.95,3.78293365,15.42,16.5,58.0,7.2,1007.5,26.127289,44.444925
2022-04-23 19:00:00,2022-04-23 20:00:00,7.47,4.06597329,19.29,13.9,68.0,3.6,1008.3,26.127289,44.444925
2022-04-23 20:00:00,2022-04-23 21:00:00,13.29,7.23384003,25.8,12.5,74.0,3.6,1008.6,26.127289,44.444925
2022-04-23 21:00:00,2022-04-23 22:00:00,13.6,7.402575199999999,32.01,13.5,70.0,7.2,1009.1,26.127289,44.444925
2022-04-23 22:00:00,2022-04-23 23:00:00,12.89,7.01611723,25.02,11.7,80.0,3.6,1009.3,26.127289,44.444925
2022-04-23 23:00:00,2022-04-24 00:00:00,18.22,9.917273539999998,19.72,11.7,79.0,3.6,1009.6,26.127289,44.444925
2022-04-24 01:00:00,2022-04-24 02:00:00,22.31,12.143489169999999,29.82,9.3,88.0,3.6,1010.2,26.127289,44.444925
2022-04-24 02:00:00,2022-04-24 03:00:00,23.92,13.01982344,22.27,8.5,92.0,3.6,1010.3,26.127289,44.444925
2022-04-24 03:00:00,2022-04-24 04:00:00,27.71,15.08274697,24.83,7.9,93.0,3.6,1010.6,26.127289,44.444925
2022-04-24 04:00:00,2022-04-24 05:00:00,26.57,14.46223699,22.04,7.1,97.0,3.6,1011.2,26.127289,44.444925
2022-04-24 05:00:00,2022-04-24 06:00:00,28.96,15.76313072,26.1,8.3,99.0,0.0,1011.5,26.127289,44.444925
2022-04-24 06:00:00,2022-04-24 07:00:00,34.22,18.626185539999998,25.85,12.2,75.0,0.0,1011.9,26.127289,44.444925
2022-04-24 07:00:00,2022-04-24 08:00:00,34.36,18.70238852,20.42,15.1,63.0,3.6,1011.9,26.127289,44.444925
2022-04-24 08:00:00,2022-04-24 09:00:00,34.1,18.5608687,21.86,19.0,54.0,3.6,1011.7,26.127289,44.444925
2022-04-24 09:00:00,2022-04-24 10:00:00,24.43,13.29742001,16.64,20.7,48.0,0.0,1011.6,26.127289,44.444925
2022-04-24 10:00:00,2022-04-24 11:00:00,13.46,7.3263722200000005,11.14,22.4,41.0,3.6,1011.1,26.127289,44.444925
2022-04-24 11:00:00,2022-04-24 12:00:00,8.32,4.52863424,9.1,23.4,39.0,7.2,1010.6,26.127289,44.444925
2022-04-24 12:00:00,2022-04-24 13:00:00,6.98,3.7992628600000002,8.43,24.1,39.0,3.6,1010.4,26.127289,44.444925
2022-04-24 13:00:00,2022-04-24 14:00:00,6.83,3.71761681,10.39,24.1,40.0,3.6,1009.8,26.127289,44.444925
2022-04-24 14:00:00,2022-04-24 15:00:00,7.49,4.07685943,10.94,24.9,36.0,7.2,1009.4,26.127289,44.444925
2022-04-24 15:00:00,2022-04-24 16:00:00,6.25,3.40191875,9.64,25.1,36.0,3.6,1009.0,26.127289,44.444925
2022-04-24 16:00:00,2022-04-24 17:00:00,5.84,3.17875288,11.26,24.1,37.0,3.6,1008.6,26.127289,44.444925
2022-04-24 17:00:00,2022-04-24 18:00:00,7.03,3.82647821,16.91,19.7,54.0,0.0,1008.5,26.127289,44.444925
2022-04-24 18:00:00,2022-04-24 19:00:00,11.9,6.4772533,34.2,17.0,60.0,0.0,1008.6,26.127289,44.444925
2022-04-24 19:00:00,2022-04-24 20:00:00,15.85,8.62726595,62.39,15.8,66.0,0.0,1008.7,26.127289,44.444925
2022-04-24 20:00:00,2022-04-24 21:00:00,18.54,10.09145178,53.89,15.6,67.0,0.0,1008.6,26.127289,44.444925
2022-04-24 21:00:00,2022-04-24 22:00:00,13.51,7.353587569999999,35.0,15.5,68.0,0.0,1008.5,26.127289,44.444925
2022-04-24 22:00:00,2022-04-24 23:00:00,13.8,7.511436600000001,22.86,14.1,76.0,0.0,1008.2,26.127289,44.444925
2022-04-24 23:00:00,2022-04-25 00:00:00,12.91,7.02700337,20.83,12.8,82.0,0.0,1008.2,26.127289,44.444925
2022-04-25 00:00:00,2022-04-25 01:00:00,13.62,7.41346134,16.38,14.3,64.0,11.9,1007.7,26.127289,44.444925
2022-04-25 02:00:00,2022-04-25 03:00:00,14.75,8.028528249999999,26.57,10.6,85.0,0.0,1007.3,26.127289,44.444925
2022-04-25 03:00:00,2022-04-25 04:00:00,16.16,8.79600112,25.84,10.3,88.0,0.0,1007.1,26.127289,44.444925
2022-04-25 04:00:00,2022-04-25 05:00:00,15.46,8.41498622,21.46,11.1,94.0,0.0,1007.3,26.127289,44.444925
2022-04-25 05:00:00,2022-04-25 06:00:00,14.18,7.718273259999999,20.95,10.4,97.0,3.6,1007.2,26.127289,44.444925
2022-04-25 06:00:00,2022-04-25 07:00:00,13.8,7.511436600000001,21.83,13.3,80.0,3.6,1007.3,26.127289,44.444925
2022-04-25 07:00:00,2022-04-25 08:00:00,14.84,8.07751588,18.08,16.0,65.0,3.6,1007.5,26.127289,44.444925
2022-04-25 08:00:00,2022-04-25 09:00:00,16.62,9.046382340000001,18.34,18.8,54.0,3.6,1007.3,26.127289,44.444925
2022-04-25 09:00:00,2022-04-25 10:00:00,20.79,11.316142529999999,17.56,20.8,54.0,0.0,1007.0,26.127289,44.444925
2022-04-25 10:00:00,2022-04-25 11:00:00,24.19,13.16678633,20.39,22.3,49.0,3.6,1007.0,26.127289,44.444925
2022-04-25 11:00:00,2022-04-25 12:00:00,28.41,15.463761869999999,14.72,23.7,43.0,3.6,1006.4,26.127289,44.444925
2022-04-25 12:00:00,2022-04-25 13:00:00,33.12,18.027447839999997,13.32,25.1,46.0,7.2,1006.4,26.127289,44.444925
2022-04-25 13:00:00,2022-04-25 14:00:00,33.04,17.98390328,9.0,25.5,38.0,7.2,1006.3,26.127289,44.444925
2022-04-25 14:00:00,2022-04-25 15:00:00,28.68,15.61072476,9.95,21.9,43.0,19.1,1007.8,26.127289,44.444925
2022-04-25 15:00:00,2022-04-25 16:00:00,28.88,15.719586159999999,8.83,25.2,34.0,7.2,1006.3,26.127289,44.444925
2022-04-25 16:00:00,2022-04-25 17:00:00,25.7,13.988689899999999,9.05,23.8,32.0,3.6,1006.6,26.127289,44.444925
2022-04-25 17:00:00,2022-04-25 18:00:00,17.02,9.26410514,10.02,21.7,36.0,7.2,1007.2,26.127289,44.444925
2022-04-25 18:00:00,2022-04-25 19:00:00,15.09,8.213592629999999,14.99,20.1,37.0,3.6,1007.8,26.127289,44.444925
2022-04-25 19:00:00,2022-04-25 20:00:00,17.56,9.558030919999998,18.28,19.0,40.0,7.2,1008.9,26.127289,44.444925
2022-04-25 20:00:00,2022-04-25 21:00:00,12.6,6.8582681999999995,22.76,17.8,41.0,3.6,1009.4,26.127289,44.444925
2022-04-25 21:00:00,2022-04-25 22:00:00,13.99,7.61485493,28.31,16.7,44.0,3.6,1010.0,26.127289,44.444925
2022-04-25 22:00:00,2022-04-25 23:00:00,10.68,5.81319876,18.09,14.4,54.0,3.6,1010.9,26.127289,44.444925
2022-04-25 23:00:00,2022-04-26 00:00:00,13.26,7.217510819999999,25.92,12.3,62.0,0.0,1011.0,26.127289,44.444925
2022-04-26 00:00:00,2022-04-26 01:00:00,15.93,8.670810509999999,40.09,11.4,68.0,0.0,1011.1,26.127289,44.444925
2022-04-26 01:00:00,2022-04-26 02:00:00,18.75,10.20575625,48.55,10.9,74.0,0.0,1011.3,26.127289,44.444925
2022-04-26 03:00:00,2022-04-26 04:00:00,22.38,12.18159066,48.47,9.1,85.0,0.0,1011.8,26.127289,44.444925
2022-04-26 04:00:00,2022-04-26 05:00:00,33.04,17.98390328,52.12,8.7,90.0,0.0,1012.3,26.127289,44.444925
2022-04-26 05:00:00,2022-04-26 06:00:00,31.32,17.04769524,59.72,10.9,85.0,0.0,1012.8,26.127289,44.444925
2022-04-26 06:00:00,2022-04-26 07:00:00,36.16,19.682141119999997,57.98,15.5,61.0,3.6,1013.2,26.127289,44.444925
2022-04-26 07:00:00,2022-04-26 08:00:00,36.06,19.62771042,54.54,18.3,49.0,3.6,1013.4,26.127289,44.444925
2022-04-26 08:00:00,2022-04-26 09:00:00,22.24,12.105387679999998,32.06,19.1,49.0,2.9,1013.5,26.127289,44.444925
2022-04-26 09:00:00,2022-04-26 10:00:00,21.15,11.512093049999999,29.23,21.2,44.0,3.6,1013.8,26.127289,44.444925
2022-04-26 10:00:00,2022-04-26 11:00:00,18.3,9.960818100000001,22.14,22.5,40.0,3.6,1013.7,26.127289,44.444925
2022-04-26 11:00:00,2022-04-26 12:00:00,17.52,9.53625864,18.82,23.3,35.0,3.6,1013.3,26.127289,44.444925
2022-04-26 12:00:00,2022-04-26 13:00:00,17.5,9.5253725,18.14,23.9,36.0,7.2,1013.1,26.127289,44.444925
2022-04-26 13:00:00,2022-04-26 14:00:00,13.6,7.402575199999999,14.03,24.7,31.0,7.2,1012.6,26.127289,44.444925
2022-04-26 14:00:00,2022-04-26 15:00:00,12.16,6.61877312,16.56,23.9,32.0,7.2,1012.2,26.127289,44.444925
2022-04-26 15:00:00,2022-04-26 16:00:00,12.86,6.9997880199999996,14.5,24.5,30.0,0.0,1012.0,26.127289,44.444925
2022-04-26 16:00:00,2022-04-26 17:00:00,13.49,7.34270143,19.65,23.8,34.0,3.6,1011.9,26.127289,44.444925
2022-04-26 17:00:00,2022-04-26 18:00:00,13.69,7.451562829999999,19.32,21.2,41.0,7.2,1012.3,26.127289,44.444925
2022-04-26 18:00:00,2022-04-26 19:00:00,15.22,8.28435254,24.84,17.2,57.0,3.6,1012.9,26.127289,44.444925
2022-04-26 19:00:00,2022-04-26 20:00:00,17.75,9.66144925,29.88,15.6,64.0,3.6,1013.8,26.127289,44.444925
2022-04-26 20:00:00,2022-04-26 21:00:00,19.89,10.82626623,38.29,15.0,67.0,3.6,1014.1,26.127289,44.444925
2022-04-26 21:00:00,2022-04-26 22:00:00,29.53,16.07338571,59.75,14.0,71.0,0.0,1014.3,26.127289,44.444925
2022-04-26 22:00:00,2022-04-26 23:00:00,27.39,14.90856873,59.83,13.1,76.0,0.0,1014.5,26.127289,44.444925
2022-04-26 23:00:00,2022-04-27 00:00:00,36.97,20.12302979,68.72,12.6,78.0,3.6,1014.8,26.127289,44.444925
2022-04-27 00:00:00,2022-04-27 01:00:00,27.81,15.137177669999998,54.65,12.6,77.0,3.6,1015.0,26.127289,44.444925
2022-04-27 01:00:00,2022-04-27 02:00:00,21.42,11.65905594,31.58,11.5,82.0,0.0,1015.1,26.127289,44.444925
2022-04-27 02:00:00,2022-04-27 03:00:00,28.86,15.708700019999998,44.44,10.8,89.0,0.0,1015.3,26.127289,44.444925
2022-04-27 04:00:00,2022-04-27 05:00:00,18.75,10.20575625,20.31,12.7,73.0,3.6,1016.0,26.127289,44.444925
2022-04-27 05:00:00,2022-04-27 06:00:00,17.87,9.72676609,28.87,13.3,70.0,7.2,1016.5,26.127289,44.444925
2022-04-27 06:00:00,2022-04-27 07:00:00,20.94,11.39778858,33.33,14.3,69.0,7.2,1017.0,26.127289,44.444925
2022-04-27 07:00:00,2022-04-27 08:00:00,22.63,12.317667409999999,39.04,16.0,65.0,7.2,1017.5,26.127289,44.444925
2022-04-27 08:00:00,2022-04-27 09:00:00,23.97,13.047038789999998,36.93,18.1,62.0,7.2,1017.7,26.127289,44.444925
2022-04-27 09:00:00,2022-04-27 10:00:00,23.16,12.60615012,33.81,21.0,57.0,3.6,1017.5,26.127289,44.444925
2022-04-27 10:00:00,2022-04-27 11:00:00,24.58,13.37906606,31.02,22.6,46.0,3.6,1017.1,26.127289,44.444925
2022-04-27 11:00:00,2022-04-27 12:00:00,20.03,10.90246921,34.3,23.1,51.0,3.6,1016.6,26.127289,44.444925
2022-04-27 12:00:00,2022-04-27 13:00:00,17.7,9.6342339,33.34,24.4,43.0,3.6,1016.1,26.127289,44.444925
2022-04-27 13:00:00,2022-04-27 14:00:00,17.65,9.60701855,28.48,25.1,40.0,3.6,1015.3,26.127289,44.444925
2022-04-27 14:00:00,2022-04-27 15:00:00,16.68,9.07904076,34.77,25.5,39.0,3.6,1014.7,26.127289,44.444925
2022-04-27 15:00:00,2022-04-27 16:00:00,15.47,8.42042929,41.9,23.7,41.0,3.6,1014.3,26.127289,44.444925
2022-04-27 16:00:00,2022-04-27 17:00:00,18.52,10.08056564,50.39,22.9,37.0,3.6,1014.3,26.127289,44.444925
2022-04-27 17:00:00,2022-04-27 18:00:00,17.93,9.759424509999999,41.6,21.3,40.0,3.6,1014.4,26.127289,44.444925
2022-04-27 18:00:00,2022-04-27 19:00:00,16.33,8.88853331,44.1,19.1,43.0,3.6,1015.1,26.127289,44.444925
2022-04-27 19:00:00,2022-04-27 20:00:00,17.08,9.296763559999999,36.63,16.8,53.0,3.6,1016.1,26.127289,44.444925
2022-04-27 20:00:00,2022-04-27 21:00:00,14.31,7.78903317,30.28,15.7,56.0,3.6,1016.0,26.127289,44.444925
2022-04-27 21:00:00,2022-04-27 22:00:00,13.22,7.19573854,29.92,16.0,58.0,3.6,1017.3,26.127289,44.444925
2022-04-27 22:00:00,2022-04-27 23:00:00,13.83,7.52776581,22.38,13.7,88.0,7.2,1017.9,26.127289,44.444925
2022-04-27 23:00:00,2022-04-28 00:00:00,15.65,8.51840455,18.57,13.7,87.0,7.2,1017.5,26.127289,44.444925
2022-04-28 00:00:00,2022-04-28 01:00:00,14.96,8.14283272,14.63,13.6,85.0,7.2,1016.7,26.127289,44.444925
2022-04-28 01:00:00,2022-04-28 02:00:00,16.08,8.752456559999999,11.39,13.1,88.0,7.2,1016.9,26.127289,44.444925
2022-04-28 02:00:00,2022-04-28 03:00:00,17.98,9.78663986,10.3,13.1,85.0,3.6,1017.7,26.127289,44.444925
2022-04-28 03:00:00,2022-04-28 04:00:00,17.38,9.46005566,8.41,12.5,97.0,3.6,1018.4,26.127289,44.444925
2022-04-28 05:00:00,2022-04-28 06:00:00,18.22,9.917273539999998,25.38,11.8,100.0,7.2,1016.7,26.127289,44.444925
2022-04-28 06:00:00,2022-04-28 07:00:00,19.65,10.69563255,29.35,12.4,100.0,3.6,1017.6,26.127289,44.444925
2022-04-28 07:00:00,2022-04-28 08:00:00,20.35,11.076647450000001,41.87,13.0,98.0,0.0,1018.7,26.127289,44.444925
2022-04-28 08:00:00,2022-04-28 09:00:00,23.02,12.529947139999999,41.48,14.1,91.0,0.0,1019.0,26.127289,44.444925
2022-04-28 09:00:00,2022-04-28 10:00:00,23.56,12.82387292,37.62,13.8,86.0,3.6,1019.4,26.127289,44.444925
2022-04-28 10:00:00,2022-04-28 11:00:00,22.62,12.31222434,25.45,14.3,80.0,3.6,1019.7,26.127289,44.444925
2022-04-28 11:00:00,2022-04-28 12:00:00,19.29,10.499682029999999,20.79,14.2,86.0,7.2,1019.8,26.127289,44.444925
2022-04-28 12:00:00,2022-04-28 13:00:00,22.23,12.09994461,24.67,14.1,91.0,3.6,1019.6,26.127289,44.444925
2022-04-28 13:00:00,2022-04-28 14:00:00,22.97,12.502731789999999,28.88,14.9,93.0,3.6,1019.7,26.127289,44.444925
2022-04-28 14:00:00,2022-04-28 15:00:00,24.21,13.177672470000001,35.14,14.5,86.0,3.6,1019.6,26.127289,44.444925
2022-04-28 15:00:00,2022-04-28 16:00:00,22.25,12.11083075,40.93,13.6,91.0,7.2,1019.8,26.127289,44.444925
2022-04-28 16:00:00,2022-04-28 17:00:00,17.59,9.57436013,26.82,13.8,90.0,3.6,1019.3,26.127289,44.444925
2022-04-28 17:00:00,2022-04-28 18:00:00,20.77,11.30525639,30.77,13.8,90.0,3.6,1019.7,26.127289,44.444925
2022-04-28 18:00:00,2022-04-28 19:00:00,19.46,10.59221422,26.27,13.3,94.0,3.6,1020.2,26.127289,44.444925
2022-04-28 19:00:00,2022-04-28 20:00:00,19.59,10.66297413,29.26,12.7,97.0,3.6,1021.0,26.127289,44.444925
2022-04-28 20:00:00,2022-04-28 21:00:00,23.78,12.94362046,31.31,13.4,96.0,3.6,1021.3,26.127289,44.444925
2022-04-28 21:00:00,2022-04-28 22:00:00,20.63,11.229053409999999,23.56,13.4,97.0,3.6,1021.4,26.127289,44.444925
2022-04-28 22:00:00,2022-04-28 23:00:00,17.75,9.66144925,18.28,13.3,97.0,3.6,1021.4,26.127289,44.444925
2022-04-28 23:00:00,2022-04-29 00:00:00,14.93,8.12650351,13.4,12.9,95.0,3.6,1021.2,26.127289,44.444925
2022-04-29 00:00:00,2022-04-29 01:00:00,14.5,7.8924515,12.78,12.5,96.0,3.6,1021.1,26.127289,44.444925
2022-04-29 01:00:00,2022-04-29 02:00:00,16.46,8.959293220000001,9.1,11.4,96.0,3.6,1021.0,26.127289,44.444925
2022-04-29 02:00:00,2022-04-29 03:00:00,18.45,10.042464149999999,10.04,11.0,93.0,3.6,1021.1,26.127289,44.444925
2022-04-29 03:00:00,2022-04-29 04:00:00,18.63,10.140439409999999,10.95,10.2,95.0,3.6,1021.0,26.127289,44.444925
2022-04-29 04:00:00,2022-04-29 05:00:00,17.61,9.585246269999999,12.62,9.0,99.0,0.0,1021.7,26.127289,44.444925
2022-04-29 06:00:00,2022-04-29 07:00:00,9.44,5.13825808,31.85,12.5,91.0,3.6,1022.5,26.127289,44.444925
2022-04-29 07:00:00,2022-04-29 08:00:00,6.24,3.39647568,37.97,13.7,82.0,3.6,1022.8,26.127289,44.444925
2022-04-29 08:00:00,2022-04-29 09:00:00,7.61,4.14217627,35.61,14.3,82.0,7.2,1023.1,26.127289,44.444925
2022-04-29 09:00:00,2022-04-29 10:00:00,8.72,4.74635704,42.74,14.6,78.0,3.6,1023.2,26.127289,44.444925
2022-04-29 10:00:00,2022-04-29 11:00:00,8.94,4.86610458,41.9,14.8,78.0,7.2,1023.3,26.127289,44.444925
2022-04-29 11:00:00,2022-04-29 12:00:00,8.65,4.70825555,39.47,18.1,67.0,7.2,1022.9,26.127289,44.444925
2022-04-29 12:00:00,2022-04-29 13:00:00,8.48,4.6157233600000005,31.6,18.1,65.0,7.2,1022.5,26.127289,44.444925
2022-04-29 13:00:00,2022-04-29 14:00:00,7.04,3.83192128,33.24,18.4,63.0,7.2,1022.3,26.127289,44.444925
2022-04-29 14:00:00,2022-04-29 15:00:00,6.57,3.57609699,32.14,18.0,63.0,7.2,1022.1,26.127289,44.444925
2022-04-29 15:00:00,2022-04-29 16:00:00,7.37,4.01154259,38.25,16.6,63.0,7.2,1021.9,26.127289,44.444925
2022-04-29 16:00:00,2022-04-29 17:00:00,8.45,4.599394149999999,37.64,15.2,67.0,7.2,1021.9,26.127289,44.444925
2022-04-29 17:00:00,2022-04-29 18:00:00,9.95,5.415854649999999,43.03,14.2,73.0,7.2,1022.1,26.127289,44.444925
2022-04-29 18:00:00,2022-04-29 19:00:00,10.8,5.8785156,41.59,12.8,80.0,3.6,1023.0,26.127289,44.444925
2022-04-29 19:00:00,2022-04-29 20:00:00,10.75,5.8513002499999995,42.91,12.1,84.0,3.6,1023.4,26.127289,44.444925
2022-04-29 20:00:00,2022-04-29 21:00:00,13.35,7.266498449999999,34.9,11.8,82.0,3.6,1023.8,26.127289,44.444925
2022-04-29 21:00:00,2022-04-29 22:00:00,13.43,7.310043009999999,37.87,11.9,80.0,3.6,1023.9,26.127289,44.444925
2022-04-29 22:00:00,2022-04-29 23:00:00,12.46,6.782065220000001,31.1,10.3,89.0,3.6,1024.2,26.127289,44.444925
2022-04-29 23:00:00,2022-04-30 00:00:00,12.45,6.77662215,33.69,10.0,90.0,3.6,1024.0,26.127289,44.444925
2022-04-30 00:00:00,2022-04-30 01:00:00,12.5,6.8038375,30.33,10.0,90.0,3.6,1023.6,26.127289,44.444925
2022-04-30 01:00:00,2022-04-30 02:00:00,14.25,7.75637475,24.11,9.4,92.0,3.6,1023.4,26.127289,44.444925
2022-04-30 02:00:00,2022-04-30 03:00:00,14.38,7.8271346600000005,23.72,9.2,93.0,3.6,1023.2,26.127289,44.444925
2022-04-30 03:00:00,2022-04-30 04:00:00,12.13,6.60244391,21.72,8.5,95.0,3.6,1023.0,26.127289,44.444925
2022-04-30 04:00:00,2022-04-30 05:00:00,12.14,6.60788698,23.87,8.7,95.0,3.6,1022.9,26.127289,44.444925
2022-04-30 05:00:00,2022-04-30 06:00:00,13.48,7.33725836,25.51,10.0,89.0,3.6,1023.0,26.127289,44.444925
2022-04-30 07:00:00,2022-04-30 08:00:00,16.49,8.97562243,24.71,14.6,64.0,7.2,1023.5,26.127289,44.444925
2022-04-30 08:00:00,2022-04-30 09:00:00,14.02,7.631184139999999,21.12,16.3,59.0,7.2,1023.4,26.127289,44.444925
2022-04-30 09:00:00,2022-04-30 10:00:00,11.73,6.38472111,17.03,14.7,68.0,3.6,1023.3,26.127289,44.444925
2022-04-30 10:00:00,2022-04-30 11:00:00,11.59,6.3085181299999995,18.25,15.3,63.0,3.6,1023.2,26.127289,44.444925
2022-04-30 11:00:00,2022-04-30 12:00:00,12.14,6.60788698,18.2,18.6,52.0,3.6,1022.7,26.127289,44.444925
2022-04-30 12:00:00,2022-04-30 13:00:00,12.96,7.054218720000001,17.18,17.7,48.0,12.6,1021.5,26.127289,44.444925
2022-04-30 13:00:00,2022-04-30 14:00:00,13.2,7.1848524,17.3,16.9,56.0,3.6,1021.9,26.127289,44.444925
2022-04-30 14:00:00,2022-04-30 15:00:00,12.88,7.010674160000001,19.27,18.7,49.0,3.6,1021.4,26.127289,44.444925
2022-04-30 15:00:00,2022-04-30 16:00:00,12.57,6.84193899,19.65,17.3,50.0,7.2,1021.1,26.127289,44.444925
2022-04-30 16:00:00,2022-04-30 17:00:00,14.23,7.74548861,23.4,15.9,55.0,3.6,1021.0,26.127289,44.444925
2022-04-30 17:00:00,2022-04-30 18:00:00,16.27,8.855874889999999,34.56,14.8,59.0,3.6,1020.9,26.127289,44.444925
2022-04-30 18:00:00,2022-04-30 19:00:00,16.69,9.08448383,26.95,12.4,66.0,3.6,1021.3,26.127289,44.444925
2022-04-30 19:00:00,2022-04-30 20:00:00,19.78,10.76639246,34.24,10.8,73.0,3.6,1021.9,26.127289,44.444925
2022-04-30 20:00:00,2022-04-30 21:00:00,23.47,12.774885289999999,46.14,10.0,77.0,0.0,1022.1,26.127289,44.444925
2022-04-30 21:00:00,2022-04-30 22:00:00,30.09,16.37819763,50.13,9.4,80.0,0.0,1022.1,26.127289,44.444925
2022-04-30 22:00:00,2022-04-30 23:00:00,23.95,13.03615265,48.65,8.8,85.0,0.0,1022.3,26.127289,44.444925
2022-04-30 23:00:00,2022-05-01 00:00:00,21.07,11.46854849,41.53,8.3,87.0,3.6,1022.2,26.127289,44.444925
2022-05-01 00:00:00,2022-05-01 01:00:00,20.2,8.9344802,32.9,7.8,87.0,0.0,1022.2,26.127289,44.444925
2022-05-01 01:00:00,2022-05-01 02:00:00,18.54,8.20026054,31.48,7.4,90.0,3.6,1022.4,26.127289,44.444925
2022-05-01 02:00:00,2022-05-01 03:00:00,18.76,8.29756676,21.1,7.2,93.0,3.6,1022.1,26.127289,44.444925
2022-05-01 03:00:00,2022-05-01 04:00:00,17.79,7.86853479,22.38,7.2,90.0,3.6,1022.3,26.127289,44.444925
2022-05-01 04:00:00,2022-05-01 05:00:00,18.16,8.03218616,24.97,7.3,93.0,3.6,1022.5,26.127289,44.444925
2022-05-01 05:00:00,2022-05-01 06:00:00,18.39,8.13391539,25.16,8.7,90.0,3.6,1022.6,26.127289,44.444925
2022-05-01 06:00:00,2022-05-01 07:00:00,18.71,8.27545171,22.48,11.6,73.0,3.6,1022.4,26.127289,44.444925
2022-05-01 08:00:00,2022-05-01 09:00:00,16.73,7.39969573,15.86,16.9,51.0,10.1,1022.5,26.127289,44.444925
2022-05-01 09:00:00,2022-05-01 10:00:00,16.42,7.262582420000001,14.52,19.1,44.0,3.6,1022.4,26.127289,44.444925
2022-05-01 10:00:00,2022-05-01 11:00:00,13.59,6.01087059,11.02,18.9,47.0,0.0,1021.9,26.127289,44.444925
2022-05-01 11:00:00,2022-05-01 12:00:00,12.67,5.60395367,11.22,20.7,36.0,3.6,1021.6,26.127289,44.444925
2022-05-01 12:00:00,2022-05-01 13:00:00,13.53,5.98433253,9.97,19.6,41.0,3.6,1021.0,26.127289,44.444925
2022-05-01 13:00:00,2022-05-01 14:00:00,13.02,5.758759019999999,12.94,18.7,45.0,3.6,1020.3,26.127289,44.444925
2022-05-01 14:00:00,2022-05-01 15:00:00,14.81,6.55047781,12.71,20.7,39.0,3.6,1019.3,26.127289,44.444925
2022-05-01 15:00:00,2022-05-01 16:00:00,14.15,6.25855915,15.55,20.8,35.0,3.6,1018.9,26.127289,44.444925
2022-05-01 16:00:00,2022-05-01 17:00:00,15.18,6.71412918,13.56,18.7,41.0,3.6,1018.9,26.127289,44.444925
2022-05-01 17:00:00,2022-05-01 18:00:00,15.01,6.6389380099999995,16.76,16.4,47.0,0.0,1019.0,26.127289,44.444925
2022-05-01 18:00:00,2022-05-01 19:00:00,16.94,7.4925789400000005,20.07,14.1,55.0,0.0,1019.3,26.127289,44.444925
2022-05-01 19:00:00,2022-05-01 20:00:00,18.14,8.02334014,27.23,12.3,61.0,0.0,1019.9,26.127289,44.444925
2022-05-01 20:00:00,2022-05-01 21:00:00,18.56,8.209106559999999,30.65,12.5,59.0,0.0,1020.4,26.127289,44.444925
2022-05-01 21:00:00,2022-05-01 22:00:00,17.81,7.877380809999999,24.59,10.8,66.0,0.0,1020.4,26.127289,44.444925
2022-05-01 22:00:00,2022-05-01 23:00:00,17.07,7.5500780700000005,24.7,9.6,73.0,0.0,1020.6,26.127289,44.444925
2022-05-01 23:00:00,2022-05-02 00:00:00,18.81,8.319681809999999,28.83,8.5,78.0,0.0,1020.3,26.127289,44.444925
2022-05-02 00:00:00,2022-05-02 01:00:00,15.9,7.0325859,22.06,7.6,85.0,0.0,1020.1,26.127289,44.444925
2022-05-02 01:00:00,2022-05-02 02:00:00,23.86,10.55330186,26.16,6.6,94.0,0.0,1019.8,26.127289,44.444925
2022-05-02 02:00:00,2022-05-02 03:00:00,19.76,8.739867760000001,24.03,6.9,95.0,3.6,1019.9,26.127289,44.444925
2022-05-02 03:00:00,2022-05-02 04:00:00,15.43,6.82470443,18.06,6.2,93.0,0.0,1019.9,26.127289,44.444925
2022-05-02 04:00:00,2022-05-02 05:00:00,16.3,7.2095063,21.95,5.5,94.0,3.6,1019.7,26.127289,44.444925
2022-05-02 05:00:00,2022-05-02 06:00:00,20.26,8.961018260000001,43.96,7.9,83.0,3.6,1019.4,26.127289,44.444925
2022-05-02 06:00:00,2022-05-02 07:00:00,23.41,10.35426641,50.17,11.4,59.0,3.6,1019.4,26.127289,44.444925
2022-05-02 07:00:00,2022-05-02 08:00:00,26.48,11.71213048,53.04,15.3,43.0,3.6,1019.3,26.127289,44.444925
2022-05-02 09:00:00,2022-05-02 10:00:00,18.15,8.02776315,40.93,19.9,37.0,3.6,1019.1,26.127289,44.444925
2022-05-02 10:00:00,2022-05-02 11:00:00,17.21,7.612000210000001,33.18,20.4,36.0,3.6,1018.3,26.127289,44.444925
2022-05-02 11:00:00,2022-05-02 12:00:00,16.7,7.3864266999999995,36.24,20.6,32.0,7.2,1017.5,26.127289,44.444925
2022-05-02 12:00:00,2022-05-02 13:00:00,16.8,7.4306568,33.77,21.1,31.0,3.6,1017.0,26.127289,44.444925
2022-05-02 13:00:00,2022-05-02 14:00:00,17.66,7.81103566,39.59,19.9,34.0,3.6,1016.4,26.127289,44.444925
2022-05-02 14:00:00,2022-05-02 15:00:00,16.67,7.37315767,45.95,21.0,31.0,3.6,1015.8,26.127289,44.444925
2022-05-02 15:00:00,2022-05-02 16:00:00,16.33,7.222775329999999,43.07,20.3,35.0,3.6,1015.4,26.127289,44.444925
2022-05-02 16:00:00,2022-05-02 17:00:00,15.14,6.6964371400000005,41.32,18.0,33.0,3.6,1015.5,26.127289,44.444925
2022-05-02 17:00:00,2022-05-02 18:00:00,16.83,7.4439258299999995,53.24,16.3,38.0,3.6,1015.3,26.127289,44.444925
2022-05-02 18:00:00,2022-05-02 19:00:00,21.02,9.29716702,47.38,14.9,55.0,3.6,1015.4,26.127289,44.444925
2022-05-02 19:00:00,2022-05-02 20:00:00,19.01,8.40814201,37.02,14.2,56.0,3.6,1015.8,26.127289,44.444925
2022-05-02 20:00:00,2022-05-02 21:00:00,17.86,7.89949586,29.67,13.4,57.0,3.6,1016.5,26.127289,44.444925
2022-05-02 21:00:00,2022-05-02 22:00:00,17.88,7.908341879999999,27.75,12.0,67.0,3.6,1016.7,26.127289,44.444925
2022-05-02 22:00:00,2022-05-02 23:00:00,18.11,8.01007111,27.24,10.9,73.0,0.0,1016.9,26.127289,44.444925
2022-05-02 23:00:00,2022-05-03 00:00:00,19.02,8.41256502,23.05,10.2,78.0,0.0,1016.7,26.127289,44.444925
2022-05-03 00:00:00,2022-05-03 01:00:00,18.97,8.390449969999999,21.15,9.1,87.0,7.6,1016.0,26.127289,44.444925
2022-05-03 01:00:00,2022-05-03 02:00:00,19.33,8.549678329999999,20.54,8.0,93.0,0.0,1016.6,26.127289,44.444925
2022-05-03 02:00:00,2022-05-03 03:00:00,20.68,9.14678468,20.2,8.6,94.0,3.6,1016.4,26.127289,44.444925
2022-05-03 03:00:00,2022-05-03 04:00:00,21.82,9.65100782,18.56,8.6,95.0,3.6,1016.4,26.127289,44.444925
2022-05-03 04:00:00,2022-05-03 05:00:00,23.14,10.234845140000001,21.41,8.1,97.0,3.6,1016.3,26.127289,44.444925
2022-05-03 05:00:00,2022-05-03 06:00:00,26.77,11.84039777,37.18,10.4,88.0,3.6,1016.4,26.127289,44.444925
2022-05-03 06:00:00,2022-05-03 07:00:00,31.2,13.7997912,53.95,12.6,79.0,3.6,1016.4,26.127289,44.444925
2022-05-03 07:00:00,2022-05-03 08:00:00,32.21,14.24651521,55.72,13.3,70.0,3.6,1016.7,26.127289,44.444925
2022-05-03 08:00:00,2022-05-03 09:00:00,30.48,13.481334480000001,51.17,14.4,60.0,0.0,1016.7,26.127289,44.444925
2022-05-03 10:00:00,2022-05-03 11:00:00,23.14,10.234845140000001,53.04,16.8,51.0,3.6,1016.5,26.127289,44.444925
2022-05-03 11:00:00,2022-05-03 12:00:00,19.24,8.509871239999999,45.52,18.1,40.0,3.6,1016.1,26.127289,44.444925
2022-05-03 12:00:00,2022-05-03 13:00:00,16.46,7.28027446,45.47,18.2,43.0,3.6,1015.7,26.127289,44.444925
2022-05-03 13:00:00,2022-05-03 14:00:00,16.18,7.15643018,37.66,17.7,43.0,3.6,1015.2,26.127289,44.444925
2022-05-03 14:00:00,2022-05-03 15:00:00,17.08,7.55450108,41.12,16.7,43.0,3.6,1015.0,26.127289,44.444925
2022-05-03 15:00:00,2022-05-03 16:00:00,20.01,8.850443010000001,55.0,16.5,47.0,3.6,1015.1,26.127289,44.444925
2022-05-03 16:00:00,2022-05-03 17:00:00,21.62,9.56254762,36.03,16.7,45.0,7.2,1014.9,26.127289,44.444925
2022-05-03 17:00:00,2022-05-03 18:00:00,21.8,9.6421618,26.92,13.7,64.0,7.2,1015.5,26.127289,44.444925
2022-05-03 18:00:00,2022-05-03 19:00:00,13.74,6.07721574,19.16,12.5,71.0,7.2,1015.9,26.127289,44.444925
2022-05-03 19:00:00,2022-05-03 20:00:00,16.43,7.26700543,22.47,12.0,76.0,3.6,1016.4,26.127289,44.444925
2022-05-03 20:00:00,2022-05-03 21:00:00,16.78,7.42181078,21.08,11.6,74.0,7.2,1016.7,26.127289,44.444925
2022-05-03 21:00:00,2022-05-03 22:00:00,9.67,4.27705067,13.15,10.8,78.0,7.2,1016.8,26.127289,44.444925
2022-05-03 22:00:00,2022-05-03 23:00:00,10.84,4.79454284,12.64,10.4,80.0,7.2,1016.6,26.127289,44.444925
2022-05-03 23:00:00,2022-05-04 00:00:00,11.14,4.92723314,11.64,10.5,78.0,3.6,1016.4,26.127289,44.444925
2022-05-04 00:00:00,2022-05-04 01:00:00,10.86,4.80338886,9.1,9.6,83.0,3.6,1015.9,26.127289,44.444925
2022-05-04 01:00:00,2022-05-04 02:00:00,10.38,4.591084380000001,8.32,8.8,87.0,3.6,1015.9,26.127289,44.444925
2022-05-04 02:00:00,2022-05-04 03:00:00,11.25,4.97588625,9.1,8.7,87.0,3.6,1015.8,26.127289,44.444925
2022-05-04 03:00:00,2022-05-04 04:00:00,12.44,5.50222444,9.99,7.8,90.0,3.6,1015.8,26.127289,44.444925
2022-05-04 04:00:00,2022-05-04 05:00:00,11.47,5.07319247,12.04,7.9,88.0,7.2,1015.9,26.127289,44.444925
2022-05-04 05:00:00,2022-05-04 06:00:00,13.17,5.82510417,21.48,9.7,80.0,3.6,1016.2,26.127289,44.444925
2022-05-04 06:00:00,2022-05-04 07:00:00,17.26,7.634115260000001,29.49,10.8,76.0,3.6,1016.4,26.127289,44.444925
2022-05-04 07:00:00,2022-05-04 08:00:00,21.92,9.69523792,28.25,14.3,61.0,3.6,1016.7,26.127289,44.444925
2022-05-04 08:00:00,2022-05-04 09:00:00,28.1,12.4286581,31.84,16.8,58.0,5.4,1016.7,26.127289,44.444925
2022-05-04 09:00:00,2022-05-04 10:00:00,30.13,13.326529129999999,34.91,19.1,50.0,3.6,1016.7,26.127289,44.444925
2022-05-04 11:00:00,2022-05-04 12:00:00,25.33,11.203484329999998,39.16,20.7,43.0,3.6,1016.2,26.127289,44.444925
2022-05-04 12:00:00,2022-05-04 13:00:00,21.31,9.42543431,43.24,21.4,34.0,0.0,1016.3,26.127289,44.444925
2022-05-04 13:00:00,2022-05-04 14:00:00,17.9,7.917187899999999,37.11,21.8,37.0,3.6,1016.2,26.127289,44.444925
2022-05-04 14:00:00,2022-05-04 15:00:00,18.86,8.34179686,40.84,20.0,36.0,0.0,1016.3,26.127289,44.444925
2022-05-04 15:00:00,2022-05-04 16:00:00,18.89,8.35506589,45.55,18.1,48.0,7.2,1016.7,26.127289,44.444925
2022-05-04 16:00:00,2022-05-04 17:00:00,18.47,8.16929947,39.84,17.8,51.0,3.6,1016.7,26.127289,44.444925
2022-05-04 17:00:00,2022-05-04 18:00:00,15.1,6.6787450999999995,30.9,16.9,54.0,3.6,1016.7,26.127289,44.444925
2022-05-04 18:00:00,2022-05-04 19:00:00,15.85,7.01047085,33.09,14.2,62.0,3.6,1017.3,26.127289,44.444925
2022-05-04 19:00:00,2022-05-04 20:00:00,19.21,8.49660221,31.63,13.7,67.0,0.0,1017.9,26.127289,44.444925
2022-05-04 20:00:00,2022-05-04 21:00:00,19.04,8.421411039999999,37.6,12.5,76.0,3.6,1018.3,26.127289,44.444925
2022-05-04 21:00:00,2022-05-04 22:00:00,22.4,9.907542399999999,36.61,11.4,85.0,0.0,1018.7,26.127289,44.444925
2022-05-04 22:00:00,2022-05-04 23:00:00,24.39,10.78772139,38.6,10.7,88.0,0.0,1018.8,26.127289,44.444925
2022-05-04 23:00:00,2022-05-05 00:00:00,29.05,12.84884405,50.62,10.3,90.0,0.0,1019.2,26.127289,44.444925
2022-05-05 00:00:00,2022-05-05 01:00:00,29.27,12.94615027,43.34,11.5,84.0,3.6,1019.2,26.127289,44.444925
2022-05-05 01:00:00,2022-05-05 02:00:00,32.39,14.32612939,34.58,10.8,89.0,0.0,1019.4,26.127289,44.444925
2022-05-05 02:00:00,2022-05-05 03:00:00,30.95,13.68921595,27.88,9.3,95.0,3.6,1019.6,26.127289,44.444925
2022-05-05 03:00:00,2022-05-05 04:00:00,26.97,11.92885797,30.53,8.6,98.0,0.0,1020.1,26.127289,44.444925
2022-05-05 04:00:00,2022-05-05 05:00:00,31.31,13.84844431,39.3,9.5,97.0,0.0,1021.0,26.127289,44.444925
2022-05-05 05:00:00,2022-05-05 06:00:00,34.12,15.09131012,45.5,12.1,85.0,3.6,1021.4,26.127289,44.444925
2022-05-05 06:00:00,2022-05-05 07:00:00,27.69,12.247314690000001,53.77,13.5,66.0,3.6,1021.6,26.127289,44.444925
2022-05-05 07:00:00,2022-05-05 08:00:00,25.22,11.15483122,53.75,15.3,57.0,7.2,1022.1,26.127289,44.444925
2022-05-05 08:00:00,2022-05-05 09:00:00,25.16,11.12829316,49.2,18.6,44.0,7.2,1022.6,26.127289,44.444925
2022-05-05 09:00:00,2022-05-05 10:00:00,19.88,8.79294388,41.02,20.0,36.0,7.2,1022.7,26.127289,44.444925
2022-05-05 10:00:00,2022-05-05 11:00:00,17.07,7.5500780700000005,40.12,20.9,32.0,7.2,1022.8,26.127289,44.444925
2022-05-05 12:00:00,2022-05-05 13:00:00,16.88,7.4660408799999995,40.3,20.7,32.0,3.6,1022.6,26.127289,44.444925
2022-05-05 13:00:00,2022-05-05 14:00:00,17.04,7.53680904,41.45,21.3,28.0,3.6,1022.3,26.127289,44.444925
2022-05-05 14:00:00,2022-05-05 15:00:00,14.78,6.537208779999999,26.74,22.4,28.0,0.0,1021.9,26.127289,44.444925
2022-05-05 15:00:00,2022-05-05 16:00:00,15.93,7.04585493,33.0,22.2,29.0,3.6,1021.7,26.127289,44.444925
2022-05-05 16:00:00,2022-05-05 17:00:00,17.15,7.58546215,41.57,21.4,29.0,3.6,1021.7,26.127289,44.444925
2022-05-05 17:00:00,2022-05-05 18:00:00,18.83,8.328527829999999,44.36,18.0,41.0,0.0,1021.8,26.127289,44.444925
2022-05-05 18:00:00,2022-05-05 19:00:00,20.71,9.16005371,58.29,15.2,44.0,0.0,1022.3,26.127289,44.444925
2022-05-05 19:00:00,2022-05-05 20:00:00,28.12,12.43750412,65.13,13.6,52.0,3.6,1022.8,26.127289,44.444925
2022-05-05 20:00:00,2022-05-05 21:00:00,41.32,18.27587732,81.65,12.1,58.0,0.0,1023.1,26.127289,44.444925
2022-05-05 21:00:00,2022-05-05 22:00:00,40.15,17.75838515,77.58,11.3,62.0,0.0,1023.2,26.127289,44.444925
2022-05-05 22:00:00,2022-05-05 23:00:00,34.95,15.458419950000001,71.79,10.8,61.0,0.0,1023.4,26.127289,44.444925
2022-05-05 23:00:00,2022-05-06 00:00:00,32.95,14.57381795,67.5,9.7,67.0,0.0,1023.7,26.127289,44.444925
2022-05-06 00:00:00,2022-05-06 01:00:00,38.62,17.081664619999998,73.49,9.5,64.0,7.9,1023.7,26.127289,44.444925
2022-05-06 01:00:00,2022-05-06 02:00:00,36.38,16.09091038,56.38,9.2,75.0,3.6,1024.2,26.127289,44.444925
2022-05-06 02:00:00,2022-05-06 03:00:00,25.38,11.22559938,22.39,8.3,73.0,3.6,1024.1,26.127289,44.444925
2022-05-06 03:00:00,2022-05-06 04:00:00,22.88,10.119846879999999,23.24,8.7,70.0,3.6,1024.2,26.127289,44.444925
2022-05-06 04:00:00,2022-05-06 05:00:00,21.99,9.726198989999999,25.06,9.4,64.0,3.6,1024.4,26.127289,44.444925
2022-05-06 05:00:00,2022-05-06 06:00:00,24.46,10.81868246,41.96,9.7,64.0,3.6,1024.8,26.127289,44.444925
2022-05-06 06:00:00,2022-05-06 07:00:00,27.64,12.22519964,47.32,12.1,57.0,3.6,1025.0,26.127289,44.444925
2022-05-06 07:00:00,2022-05-06 08:00:00,31.2,13.7997912,42.28,15.3,47.0,3.6,1025.1,26.127289,44.444925
2022-05-06 08:00:00,2022-05-06 09:00:00,29.67,13.12307067,44.06,18.9,43.0,3.6,1025.0,26.127289,44.444925
2022-05-06 09:00:00,2022-05-06 10:00:00,29.22,12.924035219999999,44.1,20.9,37.0,3.6,1025.1,26.127289,44.444925
2022-05-06 10:00:00,2022-05-06 11:00:00,22.96,10.15523096,37.02,21.7,30.0,3.6,1024.7,26.127289,44.444925
2022-05-06 11:00:00,2022-05-06 12:00:00,19.68,8.70448368,37.89,22.4,30.0,3.6,1024.3,26.127289,44.444925
2022-05-06 13:00:00,2022-05-06 14:00:00,20.2,8.9344802,41.4,23.0,28.0,3.6,1023.1,26.127289,44.444925
2022-05-06 14:00:00,2022-05-06 15:00:00,19.33,8.549678329999999,42.68,22.1,30.0,3.6,1022.6,26.127289,44.444925
2022-05-06 15:00:00,2022-05-06 16:00:00,19.59,8.66467659,49.04,21.9,24.0,3.6,1022.3,26.127289,44.444925
2022-05-06 16:00:00,2022-05-06 17:00:00,21.34,9.43870334,51.6,21.2,26.0,3.6,1022.0,26.127289,44.444925
2022-05-06 17:00:00,2022-05-06 18:00:00,23.68,10.47368768,46.94,17.7,36.0,0.0,1022.0,26.127289,44.444925
2022-05-06 18:00:00,2022-05-06 19:00:00,27.25,12.05270225,55.56,14.9,41.0,0.0,1022.3,26.127289,44.444925
2022-05-06 19:00:00,2022-05-06 20:00:00,32.24,14.25978424,62.88,13.5,48.0,0.0,1022.7,26.127289,44.444925
2022-05-06 20:00:00,2022-05-06 21:00:00,35.04,15.49822704,75.47,13.8,52.0,3.6,1023.1,26.127289,44.444925
2022-05-06 21:00:00,2022-05-06 22:00:00,32.88,14.54285688,41.19,14.1,50.0,3.6,1023.2,26.127289,44.444925
2022-05-06 22:00:00,2022-05-06 23:00:00,33.89,14.989580890000001,34.42,12.1,56.0,3.6,1023.4,26.127289,44.444925
2022-05-06 23:00:00,2022-05-07 00:00:00,34.07,15.06919507,36.02,9.2,70.0,0.0,1023.6,26.127289,44.444925
2022-05-07 00:00:00,2022-05-07 01:00:00,34.03,15.051503030000001,31.8,7.7,80.0,0.0,1023.7,26.127289,44.444925
2022-05-07 01:00:00,2022-05-07 02:00:00,28.85,12.76038385,31.03,6.9,86.0,0.0,1023.7,26.127289,44.444925
2022-05-07 02:00:00,2022-05-07 03:00:00,29.02,12.83557502,32.44,7.4,88.0,3.6,1023.6,26.127289,44.444925
2022-05-07 03:00:00,2022-05-07 04:00:00,27.52,12.17212352,25.27,7.0,87.0,3.6,1023.5,26.127289,44.444925
2022-05-07 04:00:00,2022-05-07 05:00:00,28.61,12.65423161,25.57,6.7,87.0,3.6,1023.5,26.127289,44.444925
2022-05-07 05:00:00,2022-05-07 06:00:00,32.25,14.26420725,32.27,9.1,75.0,3.6,1023.7,26.127289,44.444925
2022-05-07 06:00:00,2022-05-07 07:00:00,33.88,14.985157880000001,32.96,10.7,70.0,3.6,1024.1,26.127289,44.444925
2022-05-07 07:00:00,2022-05-07 08:00:00,33.09,14.635740090000002,37.08,16.3,44.0,3.6,1024.1,26.127289,44.444925
2022-05-07 08:00:00,2022-05-07 09:00:00,31.15,13.77767615,29.7,16.5,39.0,3.6,1024.0,26.127289,44.444925
2022-05-07 09:00:00,2022-05-07 10:00:00,25.44,11.25213744,26.19,18.4,35.0,3.6,1024.2,26.127289,44.444925
2022-05-07 10:00:00,2022-05-07 11:00:00,113.41,50.161356409999996,27.85,19.3,37.0,3.6,1024.0,26.127289,44.444925
2022-05-07 11:00:00,2022-05-07 12:00:00,17.56,7.766805559999999,30.65,20.9,30.0,3.6,1023.5,26.127289,44.444925
2022-05-07 12:00:00,2022-05-07 13:00:00,8.73,3.8612877300000004,29.57,19.8,36.0,3.6,1022.9,26.127289,44.444925
2022-05-07 14:00:00,2022-05-07 15:00:00,6.37,2.81745737,28.04,22.5,35.0,3.6,1021.8,26.127289,44.444925
2022-05-07 15:00:00,2022-05-07 16:00:00,5.07,2.2424660700000003,28.35,19.8,41.0,12.2,1020.8,26.127289,44.444925
2022-05-07 16:00:00,2022-05-07 17:00:00,5.38,2.37957938,28.19,20.0,42.0,3.6,1021.3,26.127289,44.444925
2022-05-07 17:00:00,2022-05-07 18:00:00,5.63,2.49015463,32.09,17.2,45.0,3.6,1021.5,26.127289,44.444925
2022-05-07 18:00:00,2022-05-07 19:00:00,5.84,2.58303784,39.01,15.0,50.0,0.0,1021.9,26.127289,44.444925
2022-05-07 19:00:00,2022-05-07 20:00:00,6.84,3.02533884,39.82,13.7,56.0,0.0,1022.4,26.127289,44.444925
2022-05-07 20:00:00,2022-05-07 21:00:00,7.89,3.48975489,43.79,11.9,63.0,0.0,1022.9,26.127289,44.444925
2022-05-07 21:00:00,2022-05-07 22:00:00,6.94,3.0695689400000004,41.24,10.7,66.0,0.0,1023.1,26.127289,44.444925
2022-05-07 22:00:00,2022-05-07 23:00:00,6.5,2.8749565,34.95,9.7,70.0,0.0,1023.4,26.127289,44.444925
2022-05-07 23:00:00,2022-05-08 00:00:00,8.44,3.7330204399999998,35.02,8.4,77.0,0.0,1023.5,26.127289,44.444925
2022-05-08 00:00:00,2022-05-08 01:00:00,8.11,3.5870611099999996,28.81,7.7,81.0,0.0,1023.4,26.127289,44.444925
2022-05-08 01:00:00,2022-05-08 02:00:00,8.03,3.5516770299999996,30.31,7.3,84.0,0.0,1023.1,26.127289,44.444925
2022-05-08 02:00:00,2022-05-08 03:00:00,8.09,3.57821509,27.13,7.4,86.0,3.6,1023.1,26.127289,44.444925
2022-05-08 03:00:00,2022-05-08 04:00:00,8.49,3.7551354900000002,22.29,7.1,86.0,0.0,1023.3,26.127289,44.444925
2022-05-08 04:00:00,2022-05-08 05:00:00,9.59,4.24166659,25.81,7.3,88.0,3.6,1023.3,26.127289,44.444925
2022-05-08 05:00:00,2022-05-08 06:00:00,10.58,4.67954458,23.18,9.7,78.0,3.6,1023.5,26.127289,44.444925
2022-05-08 06:00:00,2022-05-08 07:00:00,10.63,4.70165963,20.13,11.0,75.0,3.6,1023.6,26.127289,44.444925
2022-05-08 07:00:00,2022-05-08 08:00:00,9.34,4.13109134,15.83,12.6,69.0,3.6,1023.6,26.127289,44.444925
2022-05-08 08:00:00,2022-05-08 09:00:00,9.75,4.31243475,11.17,16.1,46.0,3.6,1023.5,26.127289,44.444925
2022-05-08 09:00:00,2022-05-08 10:00:00,8.43,3.7285974299999998,12.32,18.8,44.0,3.6,1023.5,26.127289,44.444925
2022-05-08 10:00:00,2022-05-08 11:00:00,9.31,4.11782231,16.43,19.4,33.0,3.6,1023.1,26.127289,44.444925
2022-05-08 11:00:00,2022-05-08 12:00:00,8.76,3.87455676,17.08,20.8,27.0,3.6,1022.8,26.127289,44.444925
2022-05-08 12:00:00,2022-05-08 13:00:00,9.56,4.22839756,20.55,21.0,35.0,3.6,1022.3,26.127289,44.444925
2022-05-08 13:00:00,2022-05-08 14:00:00,8.62,3.81263462,19.92,22.2,29.0,3.6,1021.6,26.127289,44.444925
2022-05-08 15:00:00,2022-05-08 16:00:00,8.06,3.56494606,25.72,21.6,30.0,3.6,1020.7,26.127289,44.444925
2022-05-08 16:00:00,2022-05-08 17:00:00,8.4,3.7153284,24.84,20.6,29.0,3.6,1020.7,26.127289,44.444925
2022-05-08 17:00:00,2022-05-08 18:00:00,9.27,4.10013027,37.36,17.9,41.0,0.0,1020.7,26.127289,44.444925
2022-05-08 18:00:00,2022-05-08 19:00:00,12.6,5.5729926,39.8,15.1,50.0,0.0,1021.0,26.127289,44.444925
2022-05-08 19:00:00,2022-05-08 20:00:00,16.29,7.205083289999999,42.14,13.5,54.0,0.0,1021.4,26.127289,44.444925
2022-05-08 20:00:00,2022-05-08 21:00:00,17.68,7.81988168,45.31,14.3,59.0,3.6,1021.7,26.127289,44.444925
2022-05-08 21:00:00,2022-05-08 22:00:00,14.09,6.23202109,33.99,13.1,66.0,3.6,1021.9,26.127289,44.444925
2022-05-08 22:00:00,2022-05-08 23:00:00,13.51,5.97548651,26.67,11.2,74.0,0.0,1022.3,26.127289,44.444925
2022-05-08 23:00:00,2022-05-09 00:00:00,13.74,6.07721574,24.17,9.6,83.0,0.0,1022.4,26.127289,44.444925
2022-05-09 00:00:00,2022-05-09 01:00:00,14.12,6.24529012,23.49,8.4,88.0,0.0,1022.1,26.127289,44.444925
2022-05-09 01:00:00,2022-05-09 02:00:00,16.51,7.30238951,27.99,8.9,91.0,3.6,1022.2,26.127289,44.444925
2022-05-09 02:00:00,2022-05-09 03:00:00,14.49,6.40894149,17.63,8.9,90.0,3.6,1022.2,26.127289,44.444925
2022-05-09 03:00:00,2022-05-09 04:00:00,14.82,6.55490082,13.83,7.8,93.0,3.6,1022.3,26.127289,44.444925
2022-05-09 04:00:00,2022-05-09 05:00:00,18.05,7.98353305,19.0,7.3,97.0,3.6,1022.5,26.127289,44.444925
2022-05-09 05:00:00,2022-05-09 06:00:00,19.54,8.642561539999999,36.96,8.9,92.0,3.6,1022.7,26.127289,44.444925
2022-05-09 06:00:00,2022-05-09 07:00:00,21.98,9.72177598,39.11,10.7,82.0,3.6,1022.9,26.127289,44.444925
2022-05-09 07:00:00,2022-05-09 08:00:00,25.65,11.345020649999999,45.78,12.8,74.0,3.6,1023.2,26.127289,44.444925
2022-05-09 08:00:00,2022-05-09 09:00:00,28.27,12.50384927,46.04,18.6,46.0,3.6,1023.0,26.127289,44.444925
2022-05-09 09:00:00,2022-05-09 10:00:00,17.71,7.83315071,42.68,20.4,33.0,3.6,1023.0,26.127289,44.444925
2022-05-09 10:00:00,2022-05-09 11:00:00,16.81,7.4350798099999995,35.0,22.2,31.0,3.6,1023.0,26.127289,44.444925
2022-05-09 11:00:00,2022-05-09 12:00:00,14.82,6.55490082,44.07,22.7,29.0,3.6,1022.6,26.127289,44.444925
2022-05-09 12:00:00,2022-05-09 13:00:00,13.84,6.12144584,35.59,24.4,29.0,0.0,1022.3,26.127289,44.444925
2022-05-09 13:00:00,2022-05-09 14:00:00,14.01,6.19663701,33.08,24.8,26.0,3.6,1021.8,26.127289,44.444925
2022-05-09 14:00:00,2022-05-09 15:00:00,11.53,5.0997305299999995,40.67,24.2,26.0,3.6,1021.2,26.127289,44.444925
2022-05-09 16:00:00,2022-05-09 17:00:00,15.95,7.05470095,42.6,23.0,30.0,3.6,1020.6,26.127289,44.444925
2022-05-09 17:00:00,2022-05-09 18:00:00,15.53,6.86893453,37.14,19.3,39.0,0.0,1020.9,26.127289,44.444925
2022-05-09 18:00:00,2022-05-09 19:00:00,16.56,7.324504559999999,47.54,15.9,43.0,0.0,1021.2,26.127289,44.444925
2022-05-09 19:00:00,2022-05-09 20:00:00,21.51,9.51389451,64.41,14.3,49.0,0.0,1021.7,26.127289,44.444925
2022-05-09 20:00:00,2022-05-09 21:00:00,39.45,17.448774450000002,74.77,13.3,55.0,0.0,1021.9,26.127289,44.444925
2022-05-09 21:00:00,2022-05-09 22:00:00,37.43,16.55532643,83.0,12.9,60.0,3.6,1022.1,26.127289,44.444925
2022-05-09 22:00:00,2022-05-09 23:00:00,31.31,13.84844431,58.44,12.6,71.0,0.0,1022.1,26.127289,44.444925
2022-05-09 23:00:00,2022-05-10 00:00:00,22.17,9.80581317,34.71,12.2,77.0,3.6,1022.3,26.127289,44.444925
2022-05-10 00:00:00,2022-05-10 01:00:00,24.66,10.90714266,26.5,11.7,79.0,3.6,1022.0,26.127289,44.444925
2022-05-10 01:00:00,2022-05-10 02:00:00,25.57,11.30963657,22.33,11.2,82.0,0.0,1022.0,26.127289,44.444925
2022-05-10 02:00:00,2022-05-10 03:00:00,20.94,9.26178294,19.04,12.0,77.0,0.0,1021.7,26.127289,44.444925
2022-05-10 03:00:00,2022-05-10 04:00:00,16.89,7.47046389,15.35,13.0,77.0,0.0,1021.5,26.127289,44.444925
2022-05-10 04:00:00,2022-05-10 05:00:00,17.66,7.81103566,15.59,13.8,74.0,0.0,1021.8,26.127289,44.444925
2022-05-10 05:00:00,2022-05-10 06:00:00,20.67,9.142361670000001,28.82,14.2,74.0,3.6,1022.2,26.127289,44.444925
2022-05-10 06:00:00,2022-05-10 07:00:00,24.45,10.81425945,37.16,14.4,75.0,3.6,1022.2,26.127289,44.444925
2022-05-10 07:00:00,2022-05-10 08:00:00,27.98,12.37558198,52.04,14.9,75.0,3.6,1022.4,26.127289,44.444925
2022-05-10 08:00:00,2022-05-10 09:00:00,28.84,12.75596084,45.72,15.3,76.0,3.6,1022.5,26.127289,44.444925
2022-05-10 09:00:00,2022-05-10 10:00:00,27.08,11.97751108,46.73,14.4,94.0,3.6,1022.7,26.127289,44.444925
2022-05-10 10:00:00,2022-05-10 11:00:00,29.01,12.83115201,45.22,15.5,92.0,3.6,1022.9,26.127289,44.444925
2022-05-10 11:00:00,2022-05-10 12:00:00,26.33,11.645785329999999,46.15,16.3,85.0,3.6,1022.7,26.127289,44.444925
2022-05-10 12:00:00,2022-05-10 13:00:00,24.49,10.83195149,42.96,16.9,77.0,3.6,1022.1,26.127289,44.444925
2022-05-10 13:00:00,2022-05-10 14:00:00,20.34,8.99640234,41.7,20.7,58.0,3.6,1021.2,26.127289,44.444925
2022-05-10 14:00:00,2022-05-10 15:00:00,16.86,7.4571948599999995,34.69,21.9,52.0,3.6,1020.4,26.127289,44.444925
2022-05-10 15:00:00,2022-05-10 16:00:00,16.91,7.4793099100000004,38.59,22.2,47.0,0.0,1019.9,26.127289,44.444925
2022-05-10 17:00:00,2022-05-10 18:00:00,17.55,7.76238255,39.44,17.6,65.0,3.6,1019.4,26.127289,44.444925
2022-05-10 18:00:00,2022-05-10 19:00:00,19.67,8.700060670000001,41.01,15.2,77.0,3.6,1019.5,26.127289,44.444925
2022-05-10 19:00:00,2022-05-10 20:00:00,18.97,8.390449969999999,38.46,13.5,82.0,0.0,1019.7,26.127289,44.444925
2022-05-10 20:00:00,2022-05-10 21:00:00,20.24,8.95217224,38.41,12.3,90.0,0.0,1020.0,26.127289,44.444925
2022-05-10 21:00:00,2022-05-10 22:00:00,24.01,10.619647010000001,45.1,12.6,91.0,3.6,1020.2,26.127289,44.444925
2022-05-10 22:00:00,2022-05-10 23:00:00,23.43,10.36311243,41.41,11.7,96.0,0.0,1020.0,26.127289,44.444925
2022-05-10 23:00:00,2022-05-11 00:00:00,23.19,10.256960190000001,39.01,11.3,97.0,3.6,1020.0,26.127289,44.444925
2022-05-11 00:00:00,2022-05-11 01:00:00,21.31,9.42543431,27.49,10.5,99.0,0.0,1019.5,26.127289,44.444925
2022-05-11 01:00:00,2022-05-11 02:00:00,19.46,8.60717746,26.43,10.2,99.0,0.0,1019.3,26.127289,44.444925
2022-05-11 02:00:00,2022-05-11 03:00:00,22.01,9.73504501,25.85,10.1,100.0,0.0,1019.0,26.127289,44.444925
2022-05-11 03:00:00,2022-05-11 04:00:00,23.5,10.3940735,24.04,9.8,100.0,0.0,1019.3,26.127289,44.444925
2022-05-11 04:00:00,2022-05-11 05:00:00,22.43,9.92081143,22.58,9.5,100.0,0.0,1019.2,26.127289,44.444925
2022-05-11 05:00:00,2022-05-11 06:00:00,22.3,9.8633123,27.2,10.9,100.0,3.6,1019.7,26.127289,44.444925
2022-05-11 06:00:00,2022-05-11 07:00:00,26.58,11.756360579999999,39.37,14.8,73.0,3.6,1019.6,26.127289,44.444925
2022-05-11 07:00:00,2022-05-11 08:00:00,28.29,12.51269529,40.81,19.4,60.0,3.6,1019.8,26.127289,44.444925
2022-05-11 08:00:00,2022-05-11 09:00:00,24.47,10.82310547,30.83,20.7,55.0,3.6,1019.7,26.127289,44.444925
2022-05-11 09:00:00,2022-05-11 10:00:00,28.67,12.68076967,19.22,22.7,51.0,3.6,1019.5,26.127289,44.444925
2022-05-11 10:00:00,2022-05-11 11:00:00,14.94,6.6079769399999995,20.8,23.6,41.0,3.6,1019.1,26.127289,44.444925
2022-05-11 11:00:00,2022-05-11 12:00:00,11.73,5.1881907300000005,19.91,23.4,41.0,3.6,1018.7,26.127289,44.444925
2022-05-11 12:00:00,2022-05-11 13:00:00,12.18,5.38722618,18.57,25.3,38.0,3.6,1018.1,26.127289,44.444925
2022-05-11 13:00:00,2022-05-11 14:00:00,14.36,6.35144236,16.19,23.8,38.0,7.2,1017.8,26.127289,44.444925
2022-05-11 14:00:00,2022-05-11 15:00:00,12.12,5.36068812,21.97,25.7,34.0,7.2,1017.2,26.127289,44.444925
2022-05-11 15:00:00,2022-05-11 16:00:00,11.18,4.94492518,17.76,25.2,32.0,3.6,1016.7,26.127289,44.444925
2022-05-11 16:00:00,2022-05-11 17:00:00,10.77,4.76358177,20.63,25.0,30.0,3.6,1016.7,26.127289,44.444925
2022-05-11 18:00:00,2022-05-11 19:00:00,18.46,8.16487646,28.27,19.4,50.0,3.6,1017.2,26.127289,44.444925
2022-05-11 19:00:00,2022-05-11 20:00:00,16.71,7.39084971,35.19,16.7,61.0,3.6,1017.9,26.127289,44.444925
2022-05-11 20:00:00,2022-05-11 21:00:00,23.67,10.469264670000001,42.64,15.8,65.0,3.6,1018.4,26.127289,44.444925
2022-05-11 21:00:00,2022-05-11 22:00:00,27.1,11.986357100000001,38.79,15.5,68.0,3.6,1018.6,26.127289,44.444925
2022-05-11 22:00:00,2022-05-11 23:00:00,26.75,11.83155175,40.75,14.6,72.0,0.0,1018.9,26.127289,44.444925
2022-05-11 23:00:00,2022-05-12 00:00:00,28.18,12.46404218,54.3,14.2,74.0,3.6,1018.8,26.127289,44.444925
2022-05-12 00:00:00,2022-05-12 01:00:00,34.62,15.31246062,56.58,13.1,80.0,3.6,1018.7,26.127289,44.444925
2022-05-12 01:00:00,2022-05-12 02:00:00,26.36,11.659054359999999,31.63,12.3,83.0,0.0,1018.7,26.127289,44.444925
2022-05-12 02:00:00,2022-05-12 03:00:00,29.36,12.98595736,30.93,11.5,88.0,0.0,1018.9,26.127289,44.444925
2022-05-12 03:00:00,2022-05-12 04:00:00,30.52,13.49902652,33.7,10.9,88.0,3.6,1019.2,26.127289,44.444925
2022-05-12 04:00:00,2022-05-12 05:00:00,27.77,12.28269877,25.48,11.3,82.0,3.6,1019.6,26.127289,44.444925
2022-05-12 05:00:00,2022-05-12 06:00:00,31.21,13.80421421,36.21,13.0,75.0,3.6,1020.0,26.127289,44.444925
2022-05-12 06:00:00,2022-05-12 07:00:00,36.56,16.17052456,46.42,16.5,60.0,3.6,1020.1,26.127289,44.444925
2022-05-12 07:00:00,2022-05-12 08:00:00,35.51,15.70610851,54.66,22.7,43.0,3.6,1019.9,26.127289,44.444925
2022-05-12 08:00:00,2022-05-12 09:00:00,37.55,16.608402549999997,57.33,24.9,35.0,3.6,1019.8,26.127289,44.444925
2022-05-12 09:00:00,2022-05-12 10:00:00,26.95,11.92001195,28.37,25.9,34.0,7.2,1019.7,26.127289,44.444925
2022-05-12 10:00:00,2022-05-12 11:00:00,23.62,10.447149620000001,19.26,27.8,31.0,7.2,1019.7,26.127289,44.444925
2022-05-12 11:00:00,2022-05-12 12:00:00,22.98,10.16407698,21.49,28.0,29.0,7.2,1018.8,26.127289,44.444925
2022-05-12 12:00:00,2022-05-12 13:00:00,20.03,8.859289030000001,19.67,28.8,29.0,7.2,1018.3,26.127289,44.444925
2022-05-12 13:00:00,2022-05-12 14:00:00,21.4,9.4652414,19.1,29.0,25.0,10.8,1017.9,26.127289,44.444925
2022-05-12 14:00:00,2022-05-12 15:00:00,19.28,8.52756328,19.05,28.7,24.0,7.2,1017.3,26.127289,44.444925
2022-05-12 15:00:00,2022-05-12 16:00:00,18.18,8.04103218,20.01,28.8,26.0,7.2,1016.9,26.127289,44.444925
2022-05-12 16:00:00,2022-05-12 17:00:00,16.7,7.3864266999999995,19.67,27.8,27.0,7.2,1016.8,26.127289,44.444925
2022-05-12 17:00:00,2022-05-12 18:00:00,18.89,8.35506589,22.99,26.0,30.0,7.2,1016.7,26.127289,44.444925
2022-05-12 19:00:00,2022-05-12 20:00:00,22.19,9.81465919,36.37,19.1,52.0,3.6,1017.4,26.127289,44.444925
2022-05-12 20:00:00,2022-05-12 21:00:00,24.33,10.76118333,36.04,17.4,58.0,3.6,1017.9,26.127289,44.444925
2022-05-12 21:00:00,2022-05-12 22:00:00,28.11,12.43308111,42.14,16.7,61.0,3.6,1017.8,26.127289,44.444925
2022-05-12 22:00:00,2022-05-12 23:00:00,25.19,11.14156219,39.7,16.4,63.0,3.6,1017.7,26.127289,44.444925
2022-05-12 23:00:00,2022-05-13 00:00:00,24.71,10.92925771,27.91,15.2,68.0,3.6,1017.7,26.127289,44.444925
2022-05-13 00:00:00,2022-05-13 01:00:00,23.84,10.54445584,24.44,14.7,71.0,3.6,1017.5,26.127289,44.444925
2022-05-13 01:00:00,2022-05-13 02:00:00,21.75,9.62004675,21.15,13.9,75.0,3.6,1017.6,26.127289,44.444925
2022-05-13 02:00:00,2022-05-13 03:00:00,24.16,10.68599216,32.67,13.7,72.0,3.6,1017.4,26.127289,44.444925
2022-05-13 03:00:00,2022-05-13 04:00:00,23.8,10.5267638,20.99,14.0,70.0,3.6,1017.3,26.127289,44.444925
2022-05-13 04:00:00,2022-05-13 05:00:00,23.59,10.43388059,20.03,12.9,78.0,0.0,1017.6,26.127289,44.444925
2022-05-13 05:00:00,2022-05-13 06:00:00,31.44,13.90594344,44.99,15.7,64.0,3.6,1017.7,26.127289,44.444925
2022-05-13 06:00:00,2022-05-13 07:00:00,37.7,16.6747477,59.75,19.3,50.0,3.6,1017.9,26.127289,44.444925
2022-05-13 07:00:00,2022-05-13 08:00:00,36.79,16.27225379,49.89,23.8,42.0,7.2,1017.5,26.127289,44.444925
2022-05-13 08:00:00,2022-05-13 09:00:00,34.37,15.20188537,41.72,26.3,38.0,3.6,1017.6,26.127289,44.444925
2022-05-13 09:00:00,2022-05-13 10:00:00,31.25,13.82190625,33.81,27.9,32.0,3.6,1017.3,26.127289,44.444925
2022-05-13 11:00:00,2022-05-13 12:00:00,26.99,11.93770399,26.81,29.3,28.0,3.6,1016.2,26.127289,44.444925
2022-05-13 12:00:00,2022-05-13 13:00:00,26.78,11.844820780000001,29.64,30.3,26.0,3.6,1015.4,26.127289,44.444925
2022-05-13 13:00:00,2022-05-13 14:00:00,28.25,12.49500325,36.54,30.8,28.0,3.6,1014.6,26.127289,44.444925
2022-05-13 14:00:00,2022-05-13 15:00:00,28.59,12.64538559,45.37,30.8,28.0,3.6,1013.8,26.127289,44.444925
2022-05-13 15:00:00,2022-05-13 16:00:00,27.48,12.15443148,36.94,30.0,28.0,7.2,1013.1,26.127289,44.444925
2022-05-13 16:00:00,2022-05-13 17:00:00,24.94,11.03098694,30.45,29.5,29.0,3.6,1012.8,26.127289,44.444925
2022-05-13 17:00:00,2022-05-13 18:00:00,27.96,12.36673596,36.14,27.5,35.0,3.6,1012.5,26.127289,44.444925
2022-05-13 18:00:00,2022-05-13 19:00:00,25.99,11.495402989999999,33.42,23.4,48.0,3.6,1012.8,26.127289,44.444925
2022-05-13 20:00:00,2022-05-13 21:00:00,32.22,14.25093822,38.72,19.4,62.0,0.0,1013.5,26.127289,44.444925
2022-05-13 21:00:00,2022-05-13 22:00:00,34.45,15.237269450000001,60.68,19.2,61.0,3.6,1013.2,26.127289,44.444925
2022-05-13 22:00:00,2022-05-13 23:00:00,45.25,20.01412025,47.85,18.5,63.0,3.6,1013.1,26.127289,44.444925
2022-05-13 23:00:00,2022-05-14 00:00:00,32.69,14.458819689999999,44.72,18.6,63.0,3.6,1012.8,26.127289,44.444925
2022-05-14 00:00:00,2022-05-14 01:00:00,31.64,13.99440364,50.34,17.6,67.0,3.6,1013.0,26.127289,44.444925
2022-05-14 01:00:00,2022-05-14 02:00:00,37.11,16.41379011,53.2,18.4,67.0,3.6,1012.5,26.127289,44.444925
2022-05-14 02:00:00,2022-05-14 03:00:00,32.7,14.463242700000002,36.68,18.3,72.0,3.6,1012.3,26.127289,44.444925
2022-05-14 03:00:00,2022-05-14 04:00:00,20.09,8.88582709,21.53,17.7,75.0,3.6,1011.9,26.127289,44.444925
2022-05-14 04:00:00,2022-05-14 05:00:00,19.54,8.642561539999999,22.19,17.0,80.0,3.6,1012.5,26.127289,44.444925
2022-05-14 05:00:00,2022-05-14 06:00:00,22.09,9.77042909,25.36,17.9,80.0,0.0,1013.0,26.127289,44.444925
2022-05-14 06:00:00,2022-05-14 07:00:00,24.29,10.74349129,28.59,20.3,69.0,3.6,1013.5,26.127289,44.444925
2022-05-14 07:00:00,2022-05-14 08:00:00,27.17,12.017318170000001,25.61,23.1,54.0,3.6,1013.8,26.127289,44.444925
2022-05-14 08:00:00,2022-05-14 09:00:00,27.84,12.31365984,27.49,24.7,49.0,5.0,1013.5,26.127289,44.444925
2022-05-14 09:00:00,2022-05-14 10:00:00,27.86,12.32250586,26.29,26.4,43.0,3.6,1013.8,26.127289,44.444925
2022-05-14 10:00:00,2022-05-14 11:00:00,25.51,11.28309851,16.68,26.5,47.0,7.2,1013.7,26.127289,44.444925
2022-05-14 11:00:00,2022-05-14 12:00:00,26.95,11.92001195,15.48,28.8,43.0,3.6,1013.6,26.127289,44.444925
2022-05-14 12:00:00,2022-05-14 13:00:00,29.53,13.06114853,13.98,28.7,39.0,3.6,1013.2,26.127289,44.444925
2022-05-14 13:00:00,2022-05-14 14:00:00,27.56,12.18981556,15.5,28.8,39.0,3.6,1012.6,26.127289,44.444925
2022-05-14 14:00:00,2022-05-14 15:00:00,23.41,10.35426641,13.45,27.8,42.0,7.2,1012.5,26.127289,44.444925
2022-05-14 15:00:00,2022-05-14 16:00:00,24.91,11.01771791,12.75,26.6,45.0,3.6,1012.4,26.127289,44.444925
2022-05-14 16:00:00,2022-05-14 17:00:00,26.97,11.92885797,11.89,25.8,50.0,0.0,1012.1,26.127289,44.444925
2022-05-14 17:00:00,2022-05-14 18:00:00,27.87,12.32692887,18.26,22.9,60.0,3.6,1013.1,26.127289,44.444925
2022-05-14 18:00:00,2022-05-14 19:00:00,28.06,12.41096606,35.5,21.7,62.0,3.6,1013.4,26.127289,44.444925
2022-05-14 19:00:00,2022-05-14 20:00:00,24.11,10.66387711,31.82,21.2,64.0,3.6,1013.9,26.127289,44.444925
2022-05-14 21:00:00,2022-05-14 22:00:00,24.54,10.85406654,36.49,20.4,69.0,3.6,1015.1,26.127289,44.444925
2022-05-14 22:00:00,2022-05-14 23:00:00,23.24,10.27907524,31.6,19.8,68.0,7.2,1015.3,26.127289,44.444925
2022-05-14 23:00:00,2022-05-15 00:00:00,24.79,10.96464179,24.76,18.9,64.0,7.2,1015.9,26.127289,44.444925
2022-05-15 00:00:00,2022-05-15 01:00:00,22.04,9.74831404,23.8,18.2,64.0,3.6,1016.3,26.127289,44.444925
2022-05-15 01:00:00,2022-05-15 02:00:00,20.46,9.04947846,20.22,18.0,64.0,7.2,1016.2,26.127289,44.444925
2022-05-15 02:00:00,2022-05-15 03:00:00,19.99,8.84159699,17.68,17.5,62.0,7.2,1016.7,26.127289,44.444925
2022-05-15 03:00:00,2022-05-15 04:00:00,20.19,8.930057190000001,14.87,16.5,65.0,3.6,1016.8,26.127289,44.444925
2022-05-15 04:00:00,2022-05-15 05:00:00,19.39,8.57621639,17.38,16.4,62.0,3.6,1017.2,26.127289,44.444925
2022-05-15 05:00:00,2022-05-15 06:00:00,17.4,7.6960374,16.56,16.6,62.0,3.6,1017.6,26.127289,44.444925
2022-05-15 06:00:00,2022-05-15 07:00:00,17.34,7.66949934,15.92,18.1,59.0,3.6,1018.2,26.127289,44.444925
2022-05-15 07:00:00,2022-05-15 08:00:00,16.67,7.37315767,16.06,18.4,58.0,3.6,1018.4,26.127289,44.444925
2022-05-15 08:00:00,2022-05-15 09:00:00,16.69,7.38200369,17.06,18.2,56.0,3.6,1018.7,26.127289,44.444925
2022-05-15 09:00:00,2022-05-15 10:00:00,17.68,7.81988168,22.29,19.5,55.0,3.6,1018.8,26.127289,44.444925
2022-05-15 10:00:00,2022-05-15 11:00:00,17.01,7.5235400100000005,18.25,21.4,48.0,3.6,1018.4,26.127289,44.444925
2022-05-15 11:00:00,2022-05-15 12:00:00,19.33,8.549678329999999,16.45,22.0,48.0,0.0,1018.4,26.127289,44.444925
2022-05-15 12:00:00,2022-05-15 13:00:00,21.02,9.29716702,16.04,23.4,50.0,0.0,1017.9,26.127289,44.444925
2022-05-15 13:00:00,2022-05-15 14:00:00,20.24,8.95217224,13.42,23.9,45.0,3.6,1017.4,26.127289,44.444925
2022-05-15 14:00:00,2022-05-15 15:00:00,21.87,9.67312287,15.83,24.7,39.0,3.6,1016.7,26.127289,44.444925
2022-05-15 15:00:00,2022-05-15 16:00:00,21.6,9.5537016,12.1,24.5,38.0,3.6,1016.5,26.127289,44.444925
2022-05-15 16:00:00,2022-05-15 17:00:00,22.77,10.071193769999999,12.14,24.3,39.0,3.6,1016.3,26.127289,44.444925
2022-05-15 17:00:00,2022-05-15 18:00:00,20.42,9.031786420000001,11.38,22.3,43.0,3.6,1016.6,26.127289,44.444925
2022-05-15 18:00:00,2022-05-15 19:00:00,21.76,9.62446976,17.82,21.1,48.0,3.6,1017.2,26.127289,44.444925
2022-05-15 19:00:00,2022-05-15 20:00:00,19.22,8.501025219999999,23.47,19.9,57.0,3.6,1017.8,26.127289,44.444925
2022-05-15 20:00:00,2022-05-15 21:00:00,21.65,9.57581665,26.52,17.8,65.0,3.6,1018.1,26.127289,44.444925
2022-05-15 22:00:00,2022-05-15 23:00:00,21.78,9.63331578,31.91,16.6,70.0,3.6,1018.3,26.127289,44.444925
2022-05-15 23:00:00,2022-05-16 00:00:00,20.71,9.16005371,21.66,16.1,74.0,3.6,1018.6,26.127289,44.444925
2022-05-16 00:00:00,2022-05-16 01:00:00,24.02,10.62407002,23.53,15.9,75.0,0.0,1018.4,26.127289,44.444925
2022-05-16 01:00:00,2022-05-16 02:00:00,24.61,10.88502761,25.82,16.3,75.0,0.0,1018.3,26.127289,44.444925
2022-05-16 02:00:00,2022-05-16 03:00:00,23.19,10.256960190000001,25.43,16.3,79.0,3.6,1018.2,26.127289,44.444925
2022-05-16 03:00:00,2022-05-16 04:00:00,23.64,10.45599564,26.1,15.8,81.0,0.0,1018.3,26.127289,44.444925
2022-05-16 04:00:00,2022-05-16 05:00:00,22.71,10.04465571,34.01,15.4,82.0,0.0,1018.7,26.127289,44.444925
2022-05-16 05:00:00,2022-05-16 06:00:00,26.87,11.884627870000001,53.39,17.0,72.0,0.0,1019.2,26.127289,44.444925
2022-05-16 06:00:00,2022-05-16 07:00:00,26.07,11.53078707,54.01,18.4,62.0,3.6,1019.5,26.127289,44.444925
2022-05-16 07:00:00,2022-05-16 08:00:00,29.27,12.94615027,59.13,20.8,49.0,3.6,1019.9,26.127289,44.444925
2022-05-16 08:00:00,2022-05-16 09:00:00,31.89,14.10497889,44.03,20.3,52.0,3.6,1019.9,26.127289,44.444925
2022-05-16 09:00:00,2022-05-16 10:00:00,29.22,12.924035219999999,46.83,22.5,54.0,3.6,1019.9,26.127289,44.444925
2022-05-16 10:00:00,2022-05-16 11:00:00,30.28,13.392874280000001,43.78,23.2,44.0,3.6,1019.8,26.127289,44.444925
2022-05-16 11:00:00,2022-05-16 12:00:00,29.08,12.862113079999999,43.69,24.9,41.0,3.6,1019.2,26.127289,44.444925
2022-05-16 12:00:00,2022-05-16 13:00:00,24.6,10.8806046,48.04,25.9,41.0,3.6,1018.4,26.127289,44.444925
2022-05-16 13:00:00,2022-05-16 14:00:00,25.59,11.31848259,50.26,26.0,36.0,3.6,1017.4,26.127289,44.444925
2022-05-16 14:00:00,2022-05-16 15:00:00,25.62,11.33175162,47.49,27.5,34.0,3.6,1016.6,26.127289,44.444925
2022-05-16 15:00:00,2022-05-16 16:00:00,25.36,11.21675336,26.83,26.2,36.0,3.6,1016.6,26.127289,44.444925
2022-05-16 16:00:00,2022-05-16 17:00:00,25.92,11.46444192,27.44,26.2,38.0,3.6,1016.2,26.127289,44.444925
2022-05-16 17:00:00,2022-05-16 18:00:00,24.54,10.85406654,34.2,23.9,43.0,3.6,1015.9,26.127289,44.444925
2022-05-16 18:00:00,2022-05-16 19:00:00,27.35,12.096932350000001,43.48,21.1,57.0,3.6,1016.4,26.127289,44.444925
2022-05-16 19:00:00,2022-05-16 20:00:00,31.47,13.91921247,46.28,18.9,66.0,0.0,1017.0,26.127289,44.444925
2022-05-16 20:00:00,2022-05-16 21:00:00,43.79,19.36836079,64.59,17.9,70.0,0.0,1017.1,26.127289,44.444925
2022-05-16 21:00:00,2022-05-16 22:00:00,48.85,21.60640385,58.18,18.8,68.0,3.6,1017.0,26.127289,44.444925
2022-05-16 23:00:00,2022-05-17 00:00:00,22.98,10.16407698,22.52,16.7,78.0,3.6,1017.0,26.127289,44.444925
2022-05-17 00:00:00,2022-05-17 01:00:00,19.26,8.51871726,15.78,16.7,76.0,3.6,1016.7,26.127289,44.444925
2022-05-17 01:00:00,2022-05-17 02:00:00,18.29,8.08968529,15.48,14.3,90.0,0.0,1016.6,26.127289,44.444925
2022-05-17 02:00:00,2022-05-17 03:00:00,19.94,8.819481940000001,17.51,14.2,91.0,0.0,1016.4,26.127289,44.444925
2022-05-17 03:00:00,2022-05-17 04:00:00,26.54,11.738668539999999,23.06,13.8,96.0,0.0,1016.2,26.127289,44.444925
2022-05-17 04:00:00,2022-05-17 05:00:00,27.86,12.32250586,22.53,14.0,96.0,0.0,1016.1,26.127289,44.444925
2022-05-17 05:00:00,2022-05-17 06:00:00,36.94,16.33859894,45.7,17.3,78.0,3.6,1016.3,26.127289,44.444925
2022-05-17 06:00:00,2022-05-17 07:00:00,43.28,19.14278728,57.79,20.3,67.0,0.0,1016.2,26.127289,44.444925
2022-05-17 07:00:00,2022-05-17 08:00:00,45.11,19.95219811,67.77,23.4,56.0,0.0,1016.1,26.127289,44.444925
2022-05-17 08:00:00,2022-05-17 09:00:00,50.4,22.2919704,72.58,25.5,51.0,3.6,1016.1,26.127289,44.444925
2022-05-17 09:00:00,2022-05-17 10:00:00,47.32,20.92968332,65.86,26.7,44.0,3.6,1015.7,26.127289,44.444925
2022-05-17 10:00:00,2022-05-17 11:00:00,33.63,14.87458263,53.08,27.4,42.0,3.6,1015.2,26.127289,44.444925
2022-05-17 11:00:00,2022-05-17 12:00:00,32.31,14.29074531,59.71,28.3,37.0,3.6,1014.6,26.127289,44.444925
2022-05-17 12:00:00,2022-05-17 13:00:00,29.13,12.88422813,45.72,29.3,29.0,3.6,1013.7,26.127289,44.444925
2022-05-17 13:00:00,2022-05-17 14:00:00,24.69,10.92041169,30.58,28.7,31.0,3.6,1013.0,26.127289,44.444925
2022-05-17 14:00:00,2022-05-17 15:00:00,23.21,10.265806210000001,25.5,28.1,33.0,9.0,1011.8,26.127289,44.444925
2022-05-17 15:00:00,2022-05-17 16:00:00,23.97,10.60195497,28.3,28.9,28.0,0.0,1011.5,26.127289,44.444925
2022-05-17 16:00:00,2022-05-17 17:00:00,24.08,10.65060808,29.1,27.5,28.0,3.6,1011.1,26.127289,44.444925
2022-05-17 17:00:00,2022-05-17 18:00:00,23.09,10.212730089999999,24.66,26.4,30.0,3.6,1011.0,26.127289,44.444925
2022-05-17 18:00:00,2022-05-17 19:00:00,27.89,12.33577489,43.56,23.3,45.0,7.2,1011.5,26.127289,44.444925
2022-05-17 19:00:00,2022-05-17 20:00:00,26.03,11.51309503,32.18,21.1,53.0,3.6,1011.7,26.127289,44.444925
2022-05-17 20:00:00,2022-05-17 21:00:00,23.82,10.53560982,30.98,19.3,59.0,3.6,1011.6,26.127289,44.444925
2022-05-17 21:00:00,2022-05-17 22:00:00,25.52,11.28752152,34.6,17.3,85.0,3.6,1011.4,26.127289,44.444925
2022-05-17 22:00:00,2022-05-17 23:00:00,27.22,12.03943322,28.99,16.6,95.0,0.0,1011.5,26.127289,44.444925
2022-05-18 00:00:00,2022-05-18 01:00:00,24.63,10.89387363,25.42,15.6,99.0,0.0,1012.8,26.127289,44.444925
2022-05-18 01:00:00,2022-05-18 02:00:00,21.48,9.50062548,16.13,15.7,99.0,0.0,1012.7,26.127289,44.444925
2022-05-18 02:00:00,2022-05-18 03:00:00,22.47,9.938503469999999,16.08,14.9,99.0,3.6,1012.6,26.127289,44.444925
2022-05-18 03:00:00,2022-05-18 04:00:00,12.33,5.45357133,11.47,12.7,99.0,7.2,1013.1,26.127289,44.444925
2022-05-18 04:00:00,2022-05-18 05:00:00,8.75,3.87013375,11.55,12.3,99.0,7.2,1013.4,26.127289,44.444925
2022-05-18 05:00:00,2022-05-18 06:00:00,9.7,4.2903196999999995,22.69,11.3,99.0,10.8,1014.7,26.127289,44.444925
2022-05-18 06:00:00,2022-05-18 07:00:00,10.93,4.83434993,35.19,11.0,99.0,7.2,1015.6,26.127289,44.444925
2022-05-18 07:00:00,2022-05-18 08:00:00,13.83,6.11702283,44.36,9.8,97.0,7.2,1017.2,26.127289,44.444925
2022-05-18 08:00:00,2022-05-18 09:00:00,20.18,8.92563418,49.74,10.2,97.0,3.6,1018.1,26.127289,44.444925
2022-05-18 09:00:00,2022-05-18 10:00:00,20.43,9.03620943,47.74,10.2,95.0,3.6,1018.9,26.127289,44.444925
2022-05-18 10:00:00,2022-05-18 11:00:00,21.09,9.32812809,39.65,10.7,92.0,3.6,1019.6,26.127289,44.444925
2022-05-18 11:00:00,2022-05-18 12:00:00,23.08,10.208307079999999,41.29,12.6,66.0,3.6,1020.2,26.127289,44.444925
2022-05-18 12:00:00,2022-05-18 13:00:00,21.64,9.57139364,44.8,14.6,57.0,3.6,1020.5,26.127289,44.444925
2022-05-18 13:00:00,2022-05-18 14:00:00,20.97,9.27505197,48.27,13.3,68.0,0.0,1021.3,26.127289,44.444925
2022-05-18 14:00:00,2022-05-18 15:00:00,19.83,8.77082883,29.4,16.7,45.0,3.6,1021.3,26.127289,44.444925
2022-05-18 15:00:00,2022-05-18 16:00:00,24.58,10.87175858,23.68,17.2,43.0,3.6,1021.6,26.127289,44.444925
2022-05-18 16:00:00,2022-05-18 17:00:00,18.81,8.319681809999999,22.54,16.6,44.0,7.2,1022.2,26.127289,44.444925
2022-05-18 17:00:00,2022-05-18 18:00:00,19.41,8.58506241,24.55,14.9,58.0,7.2,1023.1,26.127289,44.444925
2022-05-18 18:00:00,2022-05-18 19:00:00,20.07,8.87698107,19.2,13.3,67.0,3.6,1024.2,26.127289,44.444925
2022-05-18 19:00:00,2022-05-18 20:00:00,25.43,11.24771443,24.76,12.5,70.0,3.6,1025.3,26.127289,44.444925
2022-05-18 20:00:00,2022-05-18 21:00:00,26.33,11.645785329999999,25.87,11.0,80.0,3.6,1026.0,26.127289,44.444925
2022-05-18 21:00:00,2022-05-18 22:00:00,20.23,8.94774923,24.72,9.9,87.0,3.6,1026.4,26.127289,44.444925
2022-05-18 22:00:00,2022-05-18 23:00:00,22.25,9.84119725,24.28,11.1,77.0,7.2,1026.7,26.127289,44.444925
2022-05-18 23:00:00,2022-05-19 00:00:00,16.33,7.222775329999999,12.74,11.0,81.0,7.2,1026.8,26.127289,44.444925
2022-05-19 01:00:00,2022-05-19 02:00:00,16.34,7.22719834,16.62,10.3,88.0,3.6,1027.3,26.127289,44.444925
2022-05-19 02:00:00,2022-05-19 03:00:00,19.08,8.439103079999999,13.22,8.8,96.0,0.0,1027.6,26.127289,44.444925
2022-05-19 03:00:00,2022-05-19 04:00:00,19.48,8.61602348,11.8,7.9,96.0,0.0,1027.9,26.127289,44.444925
2022-05-19 04:00:00,2022-05-19 05:00:00,19.61,8.67352261,11.07,8.6,97.0,3.6,1028.2,26.127289,44.444925
2022-05-19 05:00:00,2022-05-19 06:00:00,21.48,9.50062548,19.86,10.0,89.0,0.0,1028.3,26.127289,44.444925
2022-05-19 06:00:00,2022-05-19 07:00:00,25.76,11.39367376,32.02,14.0,64.0,3.6,1028.2,26.127289,44.444925
2022-05-19 07:00:00,2022-05-19 08:00:00,29.9,13.224799899999999,41.69,16.8,45.0,0.0,1028.2,26.127289,44.444925
2022-05-19 08:00:00,2022-05-19 09:00:00,18.31,8.09853131,37.33,19.0,38.0,3.6,1028.1,26.127289,44.444925
2022-05-19 09:00:00,2022-05-19 10:00:00,13.35,5.90471835,28.51,19.3,32.0,3.6,1028.0,26.127289,44.444925
2022-05-19 10:00:00,2022-05-19 11:00:00,13.41,5.9312564100000005,23.25,20.8,31.0,3.6,1027.7,26.127289,44.444925
2022-05-19 11:00:00,2022-05-19 12:00:00,12.13,5.365111130000001,19.48,21.2,36.0,3.6,1027.3,26.127289,44.444925
2022-05-19 12:00:00,2022-05-19 13:00:00,12.12,5.36068812,16.13,21.2,37.0,10.8,1026.7,26.127289,44.444925
2022-05-19 13:00:00,2022-05-19 14:00:00,13.11,5.798566109999999,14.35,21.9,37.0,3.6,1026.2,26.127289,44.444925
2022-05-19 14:00:00,2022-05-19 15:00:00,15.36,6.79374336,18.22,22.0,35.0,7.2,1025.8,26.127289,44.444925
2022-05-19 15:00:00,2022-05-19 16:00:00,15.09,6.6743220899999995,23.38,22.0,36.0,3.6,1025.5,26.127289,44.444925
2022-05-19 16:00:00,2022-05-19 17:00:00,15.19,6.71855219,22.54,21.7,37.0,3.6,1025.1,26.127289,44.444925
2022-05-19 17:00:00,2022-05-19 18:00:00,15.15,6.7008601500000005,27.53,19.9,39.0,3.6,1025.1,26.127289,44.444925
2022-05-19 18:00:00,2022-05-19 19:00:00,17.28,7.642961280000001,22.13,17.4,49.0,3.6,1025.3,26.127289,44.444925
2022-05-19 19:00:00,2022-05-19 20:00:00,17.67,7.815458670000001,31.58,14.5,66.0,3.6,1025.6,26.127289,44.444925
2022-05-19 20:00:00,2022-05-19 21:00:00,25.56,11.305213559999999,40.29,13.1,73.0,3.6,1025.9,26.127289,44.444925
2022-05-19 21:00:00,2022-05-19 22:00:00,23.0,10.172923,37.62,12.6,74.0,3.6,1025.9,26.127289,44.444925
2022-05-19 22:00:00,2022-05-19 23:00:00,21.5,9.5094715,35.8,12.4,77.0,3.6,1025.7,26.127289,44.444925
2022-05-19 23:00:00,2022-05-20 00:00:00,17.48,7.73142148,25.85,12.8,71.0,3.6,1025.6,26.127289,44.444925
2022-05-20 00:00:00,2022-05-20 01:00:00,15.15,6.7008601500000005,20.61,12.8,63.0,3.6,1025.7,26.127289,44.444925
2022-05-20 02:00:00,2022-05-20 03:00:00,15.69,6.93970269,29.32,9.9,85.0,3.6,1025.4,26.127289,44.444925
2022-05-20 03:00:00,2022-05-20 04:00:00,17.04,7.53680904,27.76,9.3,88.0,0.0,1025.4,26.127289,44.444925
2022-05-20 04:00:00,2022-05-20 05:00:00,18.82,8.32410482,31.19,9.2,91.0,0.0,1025.5,26.127289,44.444925
2022-05-20 05:00:00,2022-05-20 06:00:00,24.85,10.99117985,37.41,12.9,74.0,7.2,1025.8,26.127289,44.444925
2022-05-20 06:00:00,2022-05-20 07:00:00,31.65,13.99882665,46.8,15.6,61.0,3.6,1025.8,26.127289,44.444925
2022-05-20 07:00:00,2022-05-20 08:00:00,30.95,13.68921595,47.89,19.3,50.0,3.6,1025.6,26.127289,44.444925
2022-05-20 08:00:00,2022-05-20 09:00:00,47.94,21.20390994,53.43,22.2,48.0,3.6,1025.7,26.127289,44.444925
2022-05-20 09:00:00,2022-05-20 10:00:00,39.53,17.484158530000002,46.78,23.4,43.0,3.6,1025.4,26.127289,44.444925
2022-05-20 10:00:00,2022-05-20 11:00:00,25.85,11.43348085,27.98,23.9,34.0,7.2,1024.9,26.127289,44.444925
2022-05-20 11:00:00,2022-05-20 12:00:00,19.86,8.78409786,20.76,25.9,33.0,3.6,1024.1,26.127289,44.444925
2022-05-20 12:00:00,2022-05-20 13:00:00,16.49,7.293543489999999,17.84,26.3,32.0,7.2,1023.4,26.127289,44.444925
2022-05-20 13:00:00,2022-05-20 14:00:00,16.4,7.253736399999999,20.48,26.3,30.0,7.2,1022.6,26.127289,44.444925
2022-05-20 14:00:00,2022-05-20 15:00:00,15.33,6.78047433,17.47,26.6,29.0,7.2,1021.9,26.127289,44.444925
2022-05-20 15:00:00,2022-05-20 16:00:00,12.93,5.71895193,19.04,26.5,30.0,7.2,1021.3,26.127289,44.444925
2022-05-20 16:00:00,2022-05-20 17:00:00,14.1,6.2364441,17.85,26.3,27.0,7.2,1020.5,26.127289,44.444925
2022-05-20 17:00:00,2022-05-20 18:00:00,14.47,6.40009547,17.23,24.4,29.0,7.2,1020.1,26.127289,44.444925
2022-05-20 18:00:00,2022-05-20 19:00:00,19.1,8.4479491,24.7,20.9,41.0,3.6,1020.0,26.127289,44.444925
2022-05-20 19:00:00,2022-05-20 20:00:00,18.46,8.16487646,35.29,18.0,55.0,3.6,1020.1,26.127289,44.444925
2022-05-20 20:00:00,2022-05-20 21:00:00,25.39,11.23002239,40.42,17.0,59.0,3.6,1019.6,26.127289,44.444925
2022-05-20 21:00:00,2022-05-20 22:00:00,20.6,9.111400600000001,34.59,16.8,60.0,3.6,1019.0,26.127289,44.444925
2022-05-20 22:00:00,2022-05-20 23:00:00,21.16,9.35908916,27.33,16.2,58.0,3.6,1018.8,26.127289,44.444925
2022-05-20 23:00:00,2022-05-21 00:00:00,19.41,8.58506241,25.88,17.2,49.0,3.6,1018.5,26.127289,44.444925
2022-05-21 00:00:00,2022-05-21 01:00:00,16.74,7.4041187399999995,26.66,13.5,68.0,3.6,1018.2,26.127289,44.444925
2022-05-21 01:00:00,2022-05-21 02:00:00,16.67,7.37315767,21.78,12.1,78.0,3.6,1017.9,26.127289,44.444925
2022-05-21 03:00:00,2022-05-21 04:00:00,17.5,7.7402675,23.62,11.6,77.0,3.6,1017.2,26.127289,44.444925
2022-05-21 04:00:00,2022-05-21 05:00:00,17.57,7.77122857,21.81,12.0,74.0,3.6,1017.2,26.127289,44.444925
2022-05-21 05:00:00,2022-05-21 06:00:00,23.25,10.28349825,32.18,13.7,68.0,7.2,1017.3,26.127289,44.444925
2022-05-21 06:00:00,2022-05-21 07:00:00,23.69,10.478110690000001,25.49,16.8,61.0,3.6,1016.8,26.127289,44.444925
2022-05-21 07:00:00,2022-05-21 08:00:00,26.14,11.56174814,22.46,20.3,50.0,7.2,1016.5,26.127289,44.444925
2022-05-21 08:00:00,2022-05-21 09:00:00,21.69,9.59350869,17.74,23.1,47.0,3.6,1015.8,26.127289,44.444925
2022-05-21 09:00:00,2022-05-21 10:00:00,21.25,9.39889625,16.22,25.6,39.0,7.2,1015.5,26.127289,44.444925
2022-05-21 10:00:00,2022-05-21 11:00:00,17.79,7.86853479,14.64,27.2,35.0,7.2,1015.1,26.127289,44.444925
2022-05-21 11:00:00,2022-05-21 12:00:00,15.16,6.7052831600000005,14.62,28.2,27.0,7.2,1014.1,26.127289,44.444925
2022-05-21 12:00:00,2022-05-21 13:00:00,12.21,5.400495210000001,11.74,28.8,27.0,10.8,1013.7,26.127289,44.444925
2022-05-21 13:00:00,2022-05-21 14:00:00,12.83,5.67472183,12.52,29.3,26.0,7.2,1012.9,26.127289,44.444925
2022-05-21 14:00:00,2022-05-21 15:00:00,13.42,5.93567942,12.31,30.1,23.0,7.2,1012.1,26.127289,44.444925
2022-05-21 15:00:00,2022-05-21 16:00:00,13.79,6.09933079,11.39,29.6,26.0,7.2,1011.0,26.127289,44.444925
2022-05-21 16:00:00,2022-05-21 17:00:00,13.53,5.98433253,11.82,28.9,28.0,7.2,1010.4,26.127289,44.444925
2022-05-21 17:00:00,2022-05-21 18:00:00,14.72,6.51067072,15.37,26.9,34.0,3.6,1010.1,26.127289,44.444925
2022-05-21 18:00:00,2022-05-21 19:00:00,17.66,7.81103566,20.93,24.5,45.0,3.6,1009.8,26.127289,44.444925
2022-05-21 19:00:00,2022-05-21 20:00:00,25.38,11.22559938,26.87,21.8,53.0,3.6,1009.7,26.127289,44.444925
2022-05-21 20:00:00,2022-05-21 21:00:00,25.66,11.34944366,28.21,20.4,58.0,3.6,1009.5,26.127289,44.444925
2022-05-21 21:00:00,2022-05-21 22:00:00,22.79,10.080039789999999,24.99,21.0,56.0,3.6,1009.0,26.127289,44.444925
2022-05-21 22:00:00,2022-05-21 23:00:00,26.3,11.6325163,27.52,20.0,63.0,0.0,1009.1,26.127289,44.444925
2022-05-21 23:00:00,2022-05-22 00:00:00,24.0,10.615224,23.98,19.0,68.0,3.6,1009.1,26.127289,44.444925
2022-05-22 00:00:00,2022-05-22 01:00:00,29.25,12.93730425,35.08,18.2,70.0,0.0,1009.0,26.127289,44.444925
2022-05-22 01:00:00,2022-05-22 02:00:00,28.65,12.67192365,33.16,17.2,74.0,0.0,1009.4,26.127289,44.444925
2022-05-22 02:00:00,2022-05-22 03:00:00,28.31,12.52154131,33.61,16.0,78.0,0.0,1009.6,26.127289,44.444925
2022-05-22 04:00:00,2022-05-22 05:00:00,24.25,10.72579925,25.37,16.1,72.0,3.6,1010.6,26.127289,44.444925
2022-05-22 05:00:00,2022-05-22 06:00:00,21.92,9.69523792,16.7,17.2,62.0,3.6,1010.5,26.127289,44.444925
2022-05-22 06:00:00,2022-05-22 07:00:00,21.4,9.4652414,14.39,20.2,49.0,3.6,1010.5,26.127289,44.444925
2022-05-22 07:00:00,2022-05-22 08:00:00,20.33,8.99197933,12.01,21.9,48.0,3.6,1010.8,26.127289,44.444925
2022-05-22 08:00:00,2022-05-22 09:00:00,22.31,9.867735309999999,12.45,22.7,43.0,3.6,1010.1,26.127289,44.444925
2022-05-22 09:00:00,2022-05-22 10:00:00,23.82,10.53560982,13.13,23.6,43.0,3.6,1009.4,26.127289,44.444925
2022-05-22 10:00:00,2022-05-22 11:00:00,27.02,11.95097302,11.59,24.5,44.0,7.2,1008.6,26.127289,44.444925
2022-05-22 11:00:00,2022-05-22 12:00:00,29.04,12.84442104,10.02,25.8,38.0,3.6,1007.9,26.127289,44.444925
2022-05-22 12:00:00,2022-05-22 13:00:00,25.86,11.43790386,9.58,26.5,36.0,7.2,1007.0,26.127289,44.444925
2022-05-22 13:00:00,2022-05-22 14:00:00,26.35,11.65463135,9.16,26.6,34.0,3.6,1006.3,26.127289,44.444925
2022-05-22 14:00:00,2022-05-22 15:00:00,18.63,8.24006763,8.52,26.2,29.0,3.6,1006.0,26.127289,44.444925
2022-05-22 15:00:00,2022-05-22 16:00:00,16.38,7.244890379999999,8.09,25.3,41.0,7.2,1006.5,26.127289,44.444925
2022-05-22 16:00:00,2022-05-22 17:00:00,23.59,10.43388059,21.76,24.5,35.0,3.6,1006.6,26.127289,44.444925
2022-05-22 17:00:00,2022-05-22 18:00:00,18.62,8.23564462,25.51,22.2,35.0,7.2,1007.3,26.127289,44.444925
2022-05-22 18:00:00,2022-05-22 19:00:00,16.67,7.37315767,28.61,20.7,39.0,3.6,1007.8,26.127289,44.444925
2022-05-22 19:00:00,2022-05-22 20:00:00,19.2,8.492179199999999,30.96,20.3,41.0,3.6,1008.3,26.127289,44.444925
2022-05-22 20:00:00,2022-05-22 21:00:00,16.38,7.244890379999999,24.43,19.3,44.0,3.6,1009.0,26.127289,44.444925
2022-05-22 21:00:00,2022-05-22 22:00:00,17.15,7.58546215,28.65,19.1,44.0,7.2,1009.5,26.127289,44.444925
2022-05-22 22:00:00,2022-05-22 23:00:00,14.37,6.35586537,31.71,18.0,52.0,7.2,1009.9,26.127289,44.444925
2022-05-22 23:00:00,2022-05-23 00:00:00,13.56,5.9976015600000006,22.07,17.3,53.0,3.6,1010.2,26.127289,44.444925
2022-05-23 00:00:00,2022-05-23 01:00:00,12.02,5.31645802,15.66,16.7,55.0,3.6,1010.2,26.127289,44.444925
2022-05-23 01:00:00,2022-05-23 02:00:00,11.98,5.29876598,14.02,15.2,60.0,3.6,1010.2,26.127289,44.444925
2022-05-23 02:00:00,2022-05-23 03:00:00,11.87,5.25011287,10.5,14.6,59.0,3.6,1010.2,26.127289,44.444925
2022-05-23 03:00:00,2022-05-23 04:00:00,11.4,5.0422314,12.48,14.2,58.0,3.6,1010.4,26.127289,44.444925
2022-05-23 05:00:00,2022-05-23 06:00:00,14.81,6.55047781,32.7,15.1,58.0,3.6,1010.4,26.127289,44.444925
2022-05-23 06:00:00,2022-05-23 07:00:00,19.43,8.593908429999999,46.78,16.0,54.0,3.6,1010.5,26.127289,44.444925
2022-05-23 07:00:00,2022-05-23 08:00:00,21.28,9.41216528,43.87,18.6,51.0,3.6,1010.4,26.127289,44.444925
2022-05-23 08:00:00,2022-05-23 09:00:00,22.74,10.057924739999999,42.74,19.6,49.0,5.4,1010.0,26.127289,44.444925
2022-05-23 09:00:00,2022-05-23 10:00:00,18.74,8.288720739999999,36.31,19.4,42.0,3.6,1010.5,26.127289,44.444925
2022-05-23 10:00:00,2022-05-23 11:00:00,19.93,8.81505893,34.23,21.3,43.0,3.6,1010.2,26.127289,44.444925
2022-05-23 11:00:00,2022-05-23 12:00:00,23.16,10.243691160000001,37.05,20.9,51.0,3.6,1010.3,26.127289,44.444925
2022-05-23 12:00:00,2022-05-23 13:00:00,20.53,9.080439530000001,39.27,21.6,48.0,3.6,1009.8,26.127289,44.444925
2022-05-23 13:00:00,2022-05-23 14:00:00,20.68,9.14678468,36.68,22.8,43.0,3.6,1009.5,26.127289,44.444925
2022-05-23 14:00:00,2022-05-23 15:00:00,23.21,10.265806210000001,37.78,22.6,41.0,3.6,1009.1,26.127289,44.444925
2022-05-23 15:00:00,2022-05-23 16:00:00,22.92,10.13753892,35.18,24.0,36.0,7.2,1009.1,26.127289,44.444925
2022-05-23 16:00:00,2022-05-23 17:00:00,21.57,9.54043257,32.21,21.7,42.0,3.6,1009.1,26.127289,44.444925
2022-05-23 17:00:00,2022-05-23 18:00:00,23.97,10.60195497,41.11,18.9,55.0,3.6,1009.7,26.127289,44.444925
2022-05-23 18:00:00,2022-05-23 19:00:00,22.75,10.06234775,42.01,18.4,58.0,3.6,1009.9,26.127289,44.444925
2022-05-23 19:00:00,2022-05-23 20:00:00,21.39,9.46081839,32.34,17.5,60.0,3.6,1010.6,26.127289,44.444925
2022-05-23 20:00:00,2022-05-23 21:00:00,20.89,9.23966789,29.2,16.1,63.0,3.6,1011.4,26.127289,44.444925
2022-05-23 21:00:00,2022-05-23 22:00:00,20.13,8.90351913,35.26,14.7,70.0,11.5,1011.9,26.127289,44.444925
2022-05-23 22:00:00,2022-05-23 23:00:00,15.11,6.6831681099999996,23.11,15.9,64.0,3.6,1012.2,26.127289,44.444925
2022-05-23 23:00:00,2022-05-24 00:00:00,14.64,6.47528664,20.01,15.1,71.0,3.6,1012.5,26.127289,44.444925
2022-05-24 00:00:00,2022-05-24 01:00:00,17.27,7.63853827,20.13,14.6,75.0,3.6,1012.7,26.127289,44.444925
2022-05-24 01:00:00,2022-05-24 02:00:00,17.73,7.84199673,17.06,13.9,73.0,3.6,1012.7,26.127289,44.444925
2022-05-24 02:00:00,2022-05-24 03:00:00,16.59,7.33777359,14.26,12.8,78.0,3.6,1012.4,26.127289,44.444925
2022-05-24 03:00:00,2022-05-24 04:00:00,17.76,7.855265760000001,14.68,13.3,72.0,3.6,1012.5,26.127289,44.444925
2022-05-24 04:00:00,2022-05-24 05:00:00,16.36,7.23604436,16.84,13.4,71.0,3.6,1012.8,26.127289,44.444925
2022-05-24 06:00:00,2022-05-24 07:00:00,21.27,9.40774227,33.86,17.2,61.0,3.6,1013.1,26.127289,44.444925
2022-05-24 07:00:00,2022-05-24 08:00:00,20.56,9.09370856,35.4,18.7,54.0,3.6,1013.0,26.127289,44.444925
2022-05-24 08:00:00,2022-05-24 09:00:00,18.53,8.19583753,37.88,20.8,49.0,7.2,1012.9,26.127289,44.444925
2022-05-24 09:00:00,2022-05-24 10:00:00,19.75,8.73544475,43.63,21.8,49.0,3.6,1012.8,26.127289,44.444925
2022-05-24 10:00:00,2022-05-24 11:00:00,17.27,7.63853827,38.98,22.3,49.0,3.6,1012.9,26.127289,44.444925
2022-05-24 11:00:00,2022-05-24 12:00:00,17.48,7.73142148,43.2,23.6,42.0,3.6,1012.7,26.127289,44.444925
2022-05-24 12:00:00,2022-05-24 13:00:00,18.41,8.14276141,32.67,22.7,45.0,3.6,1012.1,26.127289,44.444925
2022-05-24 13:00:00,2022-05-24 14:00:00,19.96,8.828327960000001,42.7,22.9,45.0,0.0,1011.3,26.127289,44.444925
2022-05-24 14:00:00,2022-05-24 15:00:00,20.76,9.182168760000001,45.34,22.1,48.0,0.0,1011.7,26.127289,44.444925
2022-05-24 15:00:00,2022-05-24 16:00:00,22.35,9.88542735,45.28,19.9,66.0,3.6,1012.1,26.127289,44.444925
2022-05-24 16:00:00,2022-05-24 17:00:00,19.85,8.779674850000001,41.35,18.5,73.0,3.6,1012.3,26.127289,44.444925
2022-05-24 17:00:00,2022-05-24 18:00:00,26.75,11.83155175,47.19,17.8,81.0,3.6,1012.1,26.127289,44.444925
2022-05-24 18:00:00,2022-05-24 19:00:00,29.64,13.10980164,40.28,17.8,74.0,3.6,1012.5,26.127289,44.444925
2022-05-24 19:00:00,2022-05-24 20:00:00,22.42,9.91638842,36.03,16.3,80.0,3.6,1013.5,26.127289,44.444925
2022-05-24 20:00:00,2022-05-24 21:00:00,22.53,9.96504153,31.98,15.6,82.0,3.6,1013.9,26.127289,44.444925
2022-05-24 21:00:00,2022-05-24 22:00:00,22.3,9.8633123,40.7,14.9,81.0,3.6,1014.3,26.127289,44.444925
2022-05-24 22:00:00,2022-05-24 23:00:00,17.61,7.78892061,32.67,13.6,81.0,3.6,1014.5,26.127289,44.444925
2022-05-24 23:00:00,2022-05-25 00:00:00,14.79,6.541631789999999,25.8,12.3,88.0,0.0,1014.8,26.127289,44.444925
2022-05-25 00:00:00,2022-05-25 01:00:00,14.13,6.24971313,21.75,12.2,88.0,3.6,1014.9,26.127289,44.444925
2022-05-25 01:00:00,2022-05-25 02:00:00,12.96,5.73222096,21.37,12.2,88.0,3.6,1015.3,26.127289,44.444925
2022-05-25 02:00:00,2022-05-25 03:00:00,14.1,6.2364441,16.82,12.7,84.0,3.6,1015.5,26.127289,44.444925
2022-05-25 03:00:00,2022-05-25 04:00:00,14.75,6.52393975,16.38,11.5,89.0,3.6,1015.8,26.127289,44.444925
2022-05-25 04:00:00,2022-05-25 05:00:00,15.44,6.82912744,24.01,11.9,91.0,3.6,1016.2,26.127289,44.444925
2022-05-25 05:00:00,2022-05-25 06:00:00,18.53,8.19583753,31.31,13.1,87.0,3.6,1016.4,26.127289,44.444925
2022-05-25 07:00:00,2022-05-25 08:00:00,28.82,12.74711482,43.2,18.5,66.0,3.6,1016.9,26.127289,44.444925
2022-05-25 08:00:00,2022-05-25 09:00:00,34.23,15.13996323,40.66,20.9,64.0,3.6,1016.8,26.127289,44.444925
2022-05-25 09:00:00,2022-05-25 10:00:00,33.86,14.97631186,46.43,23.0,53.0,3.6,1016.8,26.127289,44.444925
2022-05-25 10:00:00,2022-05-25 11:00:00,29.2,12.9151892,38.41,24.3,48.0,3.6,1017.0,26.127289,44.444925
2022-05-25 11:00:00,2022-05-25 12:00:00,25.46,11.26098346,42.74,26.1,51.0,0.0,1016.5,26.127289,44.444925
2022-05-25 12:00:00,2022-05-25 13:00:00,24.29,10.74349129,37.62,26.7,48.0,0.0,1015.7,26.127289,44.444925
2022-05-25 13:00:00,2022-05-25 14:00:00,23.18,10.25253718,38.99,27.2,42.0,3.6,1015.6,26.127289,44.444925
2022-05-25 14:00:00,2022-05-25 15:00:00,24.83,10.98233383,43.95,27.2,45.0,3.6,1015.1,26.127289,44.444925
2022-05-25 15:00:00,2022-05-25 16:00:00,21.7,9.5979317,32.69,27.7,42.0,3.6,1014.7,26.127289,44.444925
2022-05-25 16:00:00,2022-05-25 17:00:00,25.52,11.28752152,42.75,27.5,43.0,3.6,1014.6,26.127289,44.444925
2022-05-25 17:00:00,2022-05-25 18:00:00,23.08,10.208307079999999,42.69,25.7,48.0,3.6,1014.6,26.127289,44.444925
2022-05-25 18:00:00,2022-05-25 19:00:00,20.28,8.969864280000001,24.01,22.2,62.0,0.0,1014.7,26.127289,44.444925
2022-05-25 19:00:00,2022-05-25 20:00:00,25.81,11.415788809999999,34.11,20.0,70.0,0.0,1015.3,26.127289,44.444925
2022-05-25 20:00:00,2022-05-25 21:00:00,52.45,23.19868745,57.9,19.0,75.0,0.0,1015.7,26.127289,44.444925
2022-05-25 21:00:00,2022-05-25 22:00:00,40.4,17.8689604,74.92,18.3,80.0,0.0,1015.7,26.127289,44.444925
2022-05-25 22:00:00,2022-05-25 23:00:00,29.44,13.02134144,44.04,17.2,83.0,0.0,1015.8,26.127289,44.444925
2022-05-25 23:00:00,2022-05-26 00:00:00,23.25,10.28349825,30.17,16.3,85.0,0.0,1015.4,26.127289,44.444925
2022-05-26 00:00:00,2022-05-26 01:00:00,21.42,9.47408742,23.27,16.4,79.0,6.5,1015.0,26.127289,44.444925
2022-05-26 01:00:00,2022-05-26 02:00:00,19.26,8.51871726,25.92,14.8,90.0,0.0,1014.6,26.127289,44.444925
2022-05-26 02:00:00,2022-05-26 03:00:00,19.57,8.655830570000001,21.38,16.2,83.0,3.6,1015.0,26.127289,44.444925
2022-05-26 03:00:00,2022-05-26 04:00:00,22.78,10.07561678,18.86,15.9,82.0,2.2,1014.8,26.127289,44.444925
2022-05-26 04:00:00,2022-05-26 05:00:00,36.52,16.15283252,23.39,16.5,89.0,0.0,1015.4,26.127289,44.444925
2022-05-26 05:00:00,2022-05-26 06:00:00,33.32,14.73746932,43.45,19.0,80.0,3.6,1015.6,26.127289,44.444925
2022-05-26 06:00:00,2022-05-26 07:00:00,34.63,15.316883630000001,56.3,22.1,62.0,3.6,1016.3,26.127289,44.444925
2022-05-26 08:00:00,2022-05-26 09:00:00,19.09,8.44352609,32.48,26.7,44.0,3.6,1016.7,26.127289,44.444925
2022-05-26 09:00:00,2022-05-26 10:00:00,16.34,7.22719834,25.63,27.7,44.0,7.2,1017.0,26.127289,44.444925
2022-05-26 10:00:00,2022-05-26 11:00:00,19.55,8.64698455,19.37,28.5,42.0,10.8,1016.9,26.127289,44.444925
2022-05-26 11:00:00,2022-05-26 12:00:00,20.84,9.21755284,18.82,29.8,39.0,3.6,1016.7,26.127289,44.444925
2022-05-26 12:00:00,2022-05-26 13:00:00,18.64,8.24449064,18.26,30.3,35.0,10.8,1016.1,26.127289,44.444925
2022-05-26 13:00:00,2022-05-26 14:00:00,16.86,7.4571948599999995,19.92,30.9,31.0,7.2,1015.7,26.127289,44.444925
2022-05-26 15:00:00,2022-05-26 16:00:00,15.54,6.87335754,24.57,29.0,35.0,3.6,1015.2,26.127289,44.444925
2022-05-26 16:00:00,2022-05-26 17:00:00,17.0,7.519117,37.57,28.9,37.0,3.6,1015.2,26.127289,44.444925
2022-05-26 17:00:00,2022-05-26 18:00:00,16.28,7.20066028,36.49,27.1,48.0,3.6,1015.9,26.127289,44.444925
2022-05-26 18:00:00,2022-05-26 19:00:00,23.8,10.5267638,60.26,25.0,53.0,3.6,1016.6,26.127289,44.444925
2022-05-26 19:00:00,2022-05-26 20:00:00,22.69,10.03580969,50.99,22.3,60.0,3.6,1017.3,26.127289,44.444925
2022-05-26 20:00:00,2022-05-26 21:00:00,22.21,9.82350521,48.96,21.7,67.0,3.6,1017.8,26.127289,44.444925
2022-05-26 21:00:00,2022-05-26 22:00:00,20.25,8.95659525,45.59,20.4,71.0,0.0,1018.4,26.127289,44.444925
2022-05-26 22:00:00,2022-05-26 23:00:00,18.44,8.15603044,42.89,19.0,79.0,3.6,1018.8,26.127289,44.444925
2022-05-26 23:00:00,2022-05-27 00:00:00,21.36,9.44754936,32.93,18.7,84.0,3.6,1019.0,26.127289,44.444925
2022-05-27 00:00:00,2022-05-27 01:00:00,22.42,9.91638842,28.31,18.5,85.0,3.6,1019.1,26.127289,44.444925
2022-05-27 01:00:00,2022-05-27 02:00:00,24.46,10.81868246,21.16,17.5,89.0,3.6,1019.3,26.127289,44.444925
2022-05-27 02:00:00,2022-05-27 03:00:00,25.33,11.203484329999998,20.46,16.9,91.0,3.6,1019.2,26.127289,44.444925
2022-05-27 03:00:00,2022-05-27 04:00:00,24.29,10.74349129,20.43,17.1,90.0,3.6,1019.1,26.127289,44.444925
2022-05-27 04:00:00,2022-05-27 05:00:00,26.66,11.79174466,24.07,16.3,93.0,3.6,1019.4,26.127289,44.444925
2022-05-27 05:00:00,2022-05-27 06:00:00,33.5,14.8170835,34.97,19.1,81.0,3.6,1019.5,26.127289,44.444925
2022-05-27 06:00:00,2022-05-27 07:00:00,27.84,12.31365984,45.72,21.7,70.0,3.6,1019.6,26.127289,44.444925
2022-05-27 07:00:00,2022-05-27 08:00:00,26.79,11.84924379,52.19,23.0,62.0,3.6,1019.8,26.127289,44.444925
2022-05-27 09:00:00,2022-05-27 10:00:00,17.28,7.642961280000001,39.82,26.2,40.0,3.6,1019.4,26.127289,44.444925
2022-05-27 10:00:00,2022-05-27 11:00:00,17.17,7.594308170000001,42.44,26.6,37.0,3.6,1018.9,26.127289,44.444925
2022-05-27 11:00:00,2022-05-27 12:00:00,15.03,6.6477840299999995,34.48,25.9,40.0,0.0,1018.4,26.127289,44.444925
2022-05-27 12:00:00,2022-05-27 13:00:00,14.41,6.37355741,27.85,26.4,38.0,0.0,1017.6,26.127289,44.444925
2022-05-27 13:00:00,2022-05-27 14:00:00,16.87,7.46161787,32.02,28.2,36.0,3.6,1016.7,26.127289,44.444925
2022-05-27 14:00:00,2022-05-27 15:00:00,19.1,8.4479491,37.32,29.0,33.0,3.6,1015.8,26.127289,44.444925
2022-05-27 15:00:00,2022-05-27 16:00:00,19.41,8.58506241,25.48,28.6,33.0,3.6,1015.0,26.127289,44.444925
2022-05-27 16:00:00,2022-05-27 17:00:00,16.8,7.4306568,21.67,27.8,36.0,7.2,1014.3,26.127289,44.444925
2022-05-27 17:00:00,2022-05-27 18:00:00,20.6,9.111400600000001,22.22,26.2,38.0,3.6,1013.9,26.127289,44.444925
2022-05-27 18:00:00,2022-05-27 19:00:00,20.45,9.04505545,23.16,24.2,46.0,3.6,1013.5,26.127289,44.444925
2022-05-27 19:00:00,2022-05-27 20:00:00,21.63,9.56697063,32.75,20.5,59.0,3.6,1013.5,26.127289,44.444925
2022-05-27 20:00:00,2022-05-27 21:00:00,26.05,11.52194105,40.56,19.1,65.0,3.6,1013.7,26.127289,44.444925
2022-05-27 21:00:00,2022-05-27 22:00:00,22.19,9.81465919,42.6,19.0,65.0,3.6,1013.5,26.127289,44.444925
2022-05-27 22:00:00,2022-05-27 23:00:00,17.09,7.55892409,22.9,18.0,66.0,3.6,1013.3,26.127289,44.444925
2022-05-27 23:00:00,2022-05-28 00:00:00,15.37,6.79816637,18.71,17.0,71.0,3.6,1012.9,26.127289,44.444925
2022-05-28 00:00:00,2022-05-28 01:00:00,15.12,6.68759112,18.72,16.4,74.0,3.6,1012.2,26.127289,44.444925
2022-05-28 01:00:00,2022-05-28 02:00:00,17.34,7.66949934,17.36,15.6,81.0,0.0,1011.7,26.127289,44.444925
2022-05-28 02:00:00,2022-05-28 03:00:00,19.07,8.43468007,22.17,15.5,81.0,0.0,1011.6,26.127289,44.444925
2022-05-28 03:00:00,2022-05-28 04:00:00,23.57,10.42503457,27.29,15.1,82.0,0.0,1011.6,26.127289,44.444925
2022-05-28 04:00:00,2022-05-28 05:00:00,30.05,13.29114505,40.52,15.9,82.0,0.0,1011.7,26.127289,44.444925
2022-05-28 05:00:00,2022-05-28 06:00:00,25.77,11.39809677,31.57,18.8,68.0,3.6,1011.9,26.127289,44.444925
2022-05-28 06:00:00,2022-05-28 07:00:00,30.9,13.6671009,42.19,21.5,64.0,0.0,1011.9,26.127289,44.444925
2022-05-28 07:00:00,2022-05-28 08:00:00,41.38,18.30241538,48.9,23.8,52.0,3.6,1011.6,26.127289,44.444925
2022-05-28 08:00:00,2022-05-28 09:00:00,39.25,17.36031425,40.25,23.2,55.0,3.6,1011.1,26.127289,44.444925
2022-05-28 10:00:00,2022-05-28 11:00:00,37.53,16.59955653,14.98,26.2,47.0,6.8,1010.4,26.127289,44.444925
2022-05-28 11:00:00,2022-05-28 12:00:00,22.31,9.867735309999999,13.37,28.2,44.0,3.6,1010.2,26.127289,44.444925
2022-05-28 12:00:00,2022-05-28 13:00:00,18.44,8.15603044,12.47,29.5,35.0,7.2,1009.6,26.127289,44.444925
2022-05-28 13:00:00,2022-05-28 14:00:00,15.43,6.82470443,11.13,29.2,37.0,3.6,1008.9,26.127289,44.444925
2022-05-28 14:00:00,2022-05-28 15:00:00,18.39,8.13391539,12.07,29.6,35.0,7.2,1008.0,26.127289,44.444925
2022-05-28 15:00:00,2022-05-28 16:00:00,17.81,7.877380809999999,12.59,28.0,40.0,3.6,1008.1,26.127289,44.444925
2022-05-28 16:00:00,2022-05-28 17:00:00,18.66,8.25333666,12.17,18.7,95.0,10.8,1009.8,26.127289,44.444925
2022-05-28 17:00:00,2022-05-28 18:00:00,25.91,11.46001891,18.62,19.2,99.0,0.0,1008.8,26.127289,44.444925
2022-05-28 18:00:00,2022-05-28 19:00:00,34.04,15.05592604,45.27,18.5,100.0,7.2,1009.6,26.127289,44.444925
2022-05-28 19:00:00,2022-05-28 20:00:00,33.55,14.839198549999999,35.0,18.0,100.0,3.6,1009.9,26.127289,44.444925
2022-05-28 20:00:00,2022-05-28 21:00:00,27.45,12.14116245,30.73,17.6,100.0,3.6,1010.0,26.127289,44.444925
2022-05-28 21:00:00,2022-05-28 22:00:00,21.25,9.39889625,23.33,16.9,100.0,3.6,1011.7,26.127289,44.444925
2022-05-28 22:00:00,2022-05-28 23:00:00,14.79,6.541631789999999,16.82,16.8,100.0,3.6,1011.4,26.127289,44.444925
2022-05-28 23:00:00,2022-05-29 00:00:00,14.17,6.26740517,20.36,16.6,100.0,0.0,1011.0,26.127289,44.444925
2022-05-29 00:00:00,2022-05-29 01:00:00,11.44,5.0599234399999995,19.59,16.4,99.0,0.0,1011.4,26.127289,44.444925
2022-05-29 01:00:00,2022-05-29 02:00:00,11.31,5.00242431,16.11,16.2,100.0,0.0,1010.8,26.127289,44.444925
2022-05-29 02:00:00,2022-05-29 03:00:00,11.12,4.918387119999999,14.46,16.5,100.0,0.0,1011.7,26.127289,44.444925
2022-05-29 03:00:00,2022-05-29 04:00:00,13.74,6.07721574,13.9,16.4,100.0,3.6,1011.8,26.127289,44.444925
2022-05-29 04:00:00,2022-05-29 05:00:00,13.82,6.11259982,14.46,16.1,100.0,3.6,1011.9,26.127289,44.444925
2022-05-29 05:00:00,2022-05-29 06:00:00,12.1,5.3518421,13.94,15.4,100.0,3.6,1012.4,26.127289,44.444925
2022-05-29 06:00:00,2022-05-29 07:00:00,10.14,4.484932140000001,11.56,14.7,100.0,7.2,1012.5,26.127289,44.444925
2022-05-29 07:00:00,2022-05-29 08:00:00,8.58,3.79494258,11.11,14.9,99.0,3.6,1013.1,26.127289,44.444925
2022-05-29 08:00:00,2022-05-29 09:00:00,10.24,4.52916224,11.98,16.2,97.0,7.2,1012.8,26.127289,44.444925
2022-05-29 09:00:00,2022-05-29 10:00:00,12.32,5.44914832,11.74,21.9,61.0,20.9,1011.4,26.127289,44.444925
2022-05-29 11:00:00,2022-05-29 12:00:00,14.13,6.24971313,16.55,22.7,61.0,19.1,1010.4,26.127289,44.444925
2022-05-29 12:00:00,2022-05-29 13:00:00,14.0,6.192214,18.43,21.8,68.0,3.6,1011.5,26.127289,44.444925
2022-05-29 13:00:00,2022-05-29 14:00:00,15.82,6.99720182,14.58,22.1,68.0,7.2,1011.0,26.127289,44.444925
2022-05-29 14:00:00,2022-05-29 15:00:00,20.19,8.930057190000001,16.92,22.3,72.0,7.2,1009.8,26.127289,44.444925
2022-05-29 15:00:00,2022-05-29 16:00:00,18.89,8.35506589,17.42,22.1,73.0,7.2,1009.3,26.127289,44.444925
2022-05-29 16:00:00,2022-05-29 17:00:00,15.3,6.7672053000000005,16.24,20.5,76.0,7.2,1009.2,26.127289,44.444925
2022-05-29 17:00:00,2022-05-29 18:00:00,14.96,6.61682296,20.31,20.0,79.0,7.2,1008.3,26.127289,44.444925
2022-05-29 18:00:00,2022-05-29 19:00:00,14.01,6.19663701,18.86,19.8,80.0,7.2,1008.0,26.127289,44.444925
2022-05-29 19:00:00,2022-05-29 20:00:00,13.19,5.8339501899999995,18.17,18.9,86.0,7.2,1007.6,26.127289,44.444925
2022-05-29 20:00:00,2022-05-29 21:00:00,17.14,7.581039140000001,16.58,18.2,89.0,7.2,1007.9,26.127289,44.444925
2022-05-29 21:00:00,2022-05-29 22:00:00,22.99,10.168499989999999,18.91,17.8,89.0,3.6,1009.3,26.127289,44.444925
2022-05-29 22:00:00,2022-05-29 23:00:00,19.11,8.452372109999999,16.42,17.3,84.0,0.0,1010.4,26.127289,44.444925
2022-05-29 23:00:00,2022-05-30 00:00:00,14.51,6.41778751,15.62,16.4,89.0,3.6,1008.8,26.127289,44.444925
2022-05-30 00:00:00,2022-05-30 01:00:00,14.61,6.462017609999999,15.33,16.2,93.0,3.6,1007.7,26.127289,44.444925
2022-05-30 01:00:00,2022-05-30 02:00:00,17.0,7.519117,14.57,16.0,93.0,3.6,1007.4,26.127289,44.444925
2022-05-30 02:00:00,2022-05-30 03:00:00,16.99,7.51469399,11.81,16.1,94.0,3.6,1007.6,26.127289,44.444925
2022-05-30 03:00:00,2022-05-30 04:00:00,18.51,8.18699151,12.52,16.1,93.0,3.6,1007.8,26.127289,44.444925
2022-05-30 04:00:00,2022-05-30 05:00:00,18.23,8.06314723,16.74,16.3,93.0,3.6,1008.3,26.127289,44.444925
2022-05-30 05:00:00,2022-05-30 06:00:00,21.0,9.288321,24.24,16.9,89.0,3.6,1008.8,26.127289,44.444925
2022-05-30 06:00:00,2022-05-30 07:00:00,21.22,9.38562722,26.38,17.0,89.0,0.0,1009.5,26.127289,44.444925
2022-05-30 07:00:00,2022-05-30 08:00:00,21.75,9.62004675,30.32,18.3,82.0,0.0,1009.9,26.127289,44.444925
2022-05-30 08:00:00,2022-05-30 09:00:00,22.91,10.13311591,29.55,19.9,73.0,3.6,1010.3,26.127289,44.444925
2022-05-30 09:00:00,2022-05-30 10:00:00,22.79,10.080039789999999,30.06,20.0,72.0,3.6,1011.1,26.127289,44.444925
2022-05-30 10:00:00,2022-05-30 11:00:00,19.84,8.77525184,20.66,22.2,64.0,7.2,1011.2,26.127289,44.444925
2022-05-30 12:00:00,2022-05-30 13:00:00,18.53,8.19583753,23.92,24.3,53.0,9.4,1010.5,26.127289,44.444925
2022-05-30 13:00:00,2022-05-30 14:00:00,18.2,8.0498782,18.81,25.0,54.0,3.6,1011.1,26.127289,44.444925
2022-05-30 14:00:00,2022-05-30 15:00:00,16.35,7.231621350000001,20.27,26.3,50.0,3.6,1010.9,26.127289,44.444925
2022-05-30 15:00:00,2022-05-30 16:00:00,14.55,6.43547955,16.81,25.8,51.0,7.2,1011.0,26.127289,44.444925
2022-05-30 16:00:00,2022-05-30 17:00:00,13.38,5.9179873800000005,18.36,25.6,53.0,7.2,1011.1,26.127289,44.444925
2022-05-30 17:00:00,2022-05-30 18:00:00,13.33,5.89587233,19.28,24.0,56.0,3.6,1011.7,26.127289,44.444925
2022-05-30 18:00:00,2022-05-30 19:00:00,17.09,7.55892409,17.59,22.4,63.0,3.6,1011.8,26.127289,44.444925
2022-05-30 19:00:00,2022-05-30 20:00:00,16.28,7.20066028,22.23,19.9,74.0,0.0,1012.6,26.127289,44.444925
2022-05-30 20:00:00,2022-05-30 21:00:00,27.59,12.20308459,41.11,18.3,84.0,3.6,1013.0,26.127289,44.444925
2022-05-30 21:00:00,2022-05-30 22:00:00,22.12,9.78369812,54.56,17.6,89.0,3.6,1013.4,26.127289,44.444925
2022-05-30 22:00:00,2022-05-30 23:00:00,30.72,13.58748672,48.65,16.7,94.0,3.6,1013.7,26.127289,44.444925
2022-05-30 23:00:00,2022-05-31 00:00:00,24.54,10.85406654,39.52,16.6,94.0,3.6,1013.6,26.127289,44.444925
2022-05-31 00:00:00,2022-05-31 01:00:00,25.04,11.07521704,28.54,17.8,88.0,3.6,1013.9,26.127289,44.444925
2022-05-31 01:00:00,2022-05-31 02:00:00,21.53,9.52274053,22.26,17.2,90.0,3.6,1014.1,26.127289,44.444925
2022-05-31 02:00:00,2022-05-31 03:00:00,19.67,8.700060670000001,16.62,17.0,90.0,3.6,1014.2,26.127289,44.444925
2022-05-31 03:00:00,2022-05-31 04:00:00,21.98,9.72177598,15.96,16.3,94.0,3.6,1014.7,26.127289,44.444925
2022-05-31 04:00:00,2022-05-31 05:00:00,27.29,12.07039429,21.58,16.9,93.0,0.0,1015.0,26.127289,44.444925
2022-05-31 05:00:00,2022-05-31 06:00:00,35.46,15.68399346,26.91,18.5,84.0,3.6,1015.4,26.127289,44.444925
2022-05-31 10:00:00,2022-05-31 11:00:00,42.32,18.71817832,21.61,28.3,48.0,0.0,1015.4,26.127289,44.444925
2022-05-31 11:00:00,2022-05-31 12:00:00,33.1,14.6401631,24.63,27.0,50.0,4.7,1015.2,26.127289,44.444925
2022-05-31 13:00:00,2022-05-31 14:00:00,24.05,10.63733905,22.63,30.0,45.0,3.6,1014.2,26.127289,44.444925
2022-05-31 14:00:00,2022-05-31 15:00:00,23.07,10.20388407,25.31,28.7,47.0,3.6,1014.2,26.127289,44.444925
2022-05-31 15:00:00,2022-05-31 16:00:00,26.64,11.78289864,54.39,17.1,96.0,7.2,1015.2,26.127289,44.444925
2022-05-31 16:00:00,2022-05-31 17:00:00,29.04,12.84442104,63.53,16.9,100.0,3.6,1015.2,26.127289,44.444925
2022-05-31 17:00:00,2022-05-31 18:00:00,22.3,9.8633123,69.82,17.2,100.0,3.6,1015.4,26.127289,44.444925
2022-05-31 18:00:00,2022-05-31 19:00:00,15.72,6.95297172,57.86,17.0,99.0,0.0,1016.2,26.127289,44.444925
2022-05-31 19:00:00,2022-05-31 20:00:00,16.42,7.262582420000001,45.54,16.9,100.0,0.0,1016.4,26.127289,44.444925
2022-05-31 20:00:00,2022-05-31 21:00:00,16.2,7.1652762,41.2,16.8,100.0,3.6,1016.8,26.127289,44.444925
2022-05-31 21:00:00,2022-05-31 22:00:00,18.16,8.03218616,31.11,16.7,100.0,0.0,1015.9,26.127289,44.444925
2022-05-31 22:00:00,2022-05-31 23:00:00,17.12,7.5721931200000006,32.92,16.5,100.0,0.0,1016.1,26.127289,44.444925
2022-05-31 23:00:00,2022-06-01 00:00:00,16.17,7.152007170000001,29.19,16.1,100.0,0.0,1016.5,26.127289,44.444925
2022-06-01 00:00:00,2022-06-01 01:00:00,17.5,9.589895,26.44,16.1,100.0,3.6,1016.9,26.127289,44.444925
2022-06-01 01:00:00,2022-06-01 02:00:00,21.47,11.765431179999998,27.09,15.4,100.0,0.0,1016.5,26.127289,44.444925
2022-06-01 02:00:00,2022-06-01 03:00:00,20.61,11.294156339999999,25.51,15.8,100.0,0.0,1016.1,26.127289,44.444925
2022-06-01 03:00:00,2022-06-01 04:00:00,19.47,10.669443179999998,21.78,15.6,100.0,0.0,1016.2,26.127289,44.444925
2022-06-01 04:00:00,2022-06-01 05:00:00,19.85,10.8776809,25.75,15.9,100.0,3.6,1016.5,26.127289,44.444925
2022-06-01 05:00:00,2022-06-01 06:00:00,21.39,11.72159166,23.19,16.7,100.0,3.6,1016.6,26.127289,44.444925
2022-06-01 06:00:00,2022-06-01 07:00:00,21.46,11.75995124,23.96,19.6,98.0,3.6,1016.6,26.127289,44.444925
2022-06-01 07:00:00,2022-06-01 08:00:00,21.01,11.51335394,27.04,23.2,81.0,3.6,1016.4,26.127289,44.444925
2022-06-01 08:00:00,2022-06-01 09:00:00,23.95,13.124456299999999,28.44,25.7,57.0,3.6,1016.3,26.127289,44.444925
2022-06-01 09:00:00,2022-06-01 10:00:00,25.05,13.7272497,25.45,28.0,53.0,0.0,1016.2,26.127289,44.444925
2022-06-01 10:00:00,2022-06-01 11:00:00,25.51,13.97932694,23.26,28.5,53.0,3.6,1015.9,26.127289,44.444925
2022-06-01 11:00:00,2022-06-01 12:00:00,21.69,11.88598986,20.44,29.7,46.0,3.6,1015.6,26.127289,44.444925
2022-06-01 12:00:00,2022-06-01 13:00:00,23.93,13.113496419999999,22.36,27.5,55.0,3.6,1015.3,26.127289,44.444925
2022-06-01 14:00:00,2022-06-01 15:00:00,20.62,11.29963628,21.11,30.5,38.0,3.6,1014.5,26.127289,44.444925
2022-06-01 15:00:00,2022-06-01 16:00:00,18.55,10.1652887,18.01,28.5,50.0,3.6,1014.7,26.127289,44.444925
2022-06-01 16:00:00,2022-06-01 17:00:00,18.65,10.220088099999998,19.18,28.9,48.0,3.6,1014.5,26.127289,44.444925
2022-06-01 17:00:00,2022-06-01 18:00:00,18.99,10.406406059999998,16.49,27.0,49.0,3.6,1014.7,26.127289,44.444925
2022-06-01 18:00:00,2022-06-01 19:00:00,16.7,9.1514998,15.21,25.4,57.0,0.0,1015.0,26.127289,44.444925
2022-06-01 19:00:00,2022-06-01 20:00:00,19.94,10.927000360000001,30.87,21.9,69.0,0.0,1015.2,26.127289,44.444925
2022-06-01 20:00:00,2022-06-01 21:00:00,21.45,11.754471299999999,35.62,20.0,73.0,0.0,1015.6,26.127289,44.444925
2022-06-01 21:00:00,2022-06-01 22:00:00,24.48,13.41489312,43.79,19.9,74.0,0.0,1015.5,26.127289,44.444925
2022-06-01 22:00:00,2022-06-01 23:00:00,29.32,16.06718408,43.65,18.6,81.0,0.0,1015.7,26.127289,44.444925
2022-06-01 23:00:00,2022-06-02 00:00:00,23.53,12.89429882,35.03,18.0,86.0,3.6,1015.8,26.127289,44.444925
2022-06-02 00:00:00,2022-06-02 01:00:00,25.0,13.69985,23.71,17.5,89.0,0.0,1016.0,26.127289,44.444925
2022-06-02 01:00:00,2022-06-02 02:00:00,27.55,15.0972347,29.94,17.3,90.0,0.0,1015.9,26.127289,44.444925
2022-06-02 02:00:00,2022-06-02 03:00:00,25.17,13.79300898,28.69,17.7,91.0,3.6,1015.6,26.127289,44.444925
2022-06-02 03:00:00,2022-06-02 04:00:00,24.39,13.365573659999999,29.67,16.7,92.0,0.0,1015.6,26.127289,44.444925
2022-06-02 04:00:00,2022-06-02 05:00:00,22.97,12.587422179999999,21.39,16.4,95.0,0.0,1015.7,26.127289,44.444925
2022-06-02 05:00:00,2022-06-02 06:00:00,26.1,14.302643400000001,26.13,19.1,82.0,0.0,1016.1,26.127289,44.444925
2022-06-02 06:00:00,2022-06-02 07:00:00,28.08,15.387671519999998,31.81,23.3,61.0,0.0,1016.2,26.127289,44.444925
2022-06-02 07:00:00,2022-06-02 08:00:00,30.59,16.76313646,40.05,25.4,59.0,3.6,1016.2,26.127289,44.444925
2022-06-02 08:00:00,2022-06-02 09:00:00,31.32,17.16317208,43.9,27.3,53.0,0.0,1016.2,26.127289,44.444925
2022-06-02 09:00:00,2022-06-02 10:00:00,34.84,19.092110960000003,44.72,28.2,53.0,3.6,1016.2,26.127289,44.444925
2022-06-02 10:00:00,2022-06-02 11:00:00,27.81,15.23971314,29.71,30.1,40.0,3.6,1016.3,26.127289,44.444925
2022-06-02 11:00:00,2022-06-02 12:00:00,26.82,14.697199079999999,43.5,31.0,44.0,0.0,1016.0,26.127289,44.444925
2022-06-02 12:00:00,2022-06-02 13:00:00,27.52,15.08079488,41.4,30.5,39.0,0.0,1015.6,26.127289,44.444925
2022-06-02 13:00:00,2022-06-02 14:00:00,28.65,15.700028099999999,44.43,32.2,40.0,3.6,1015.0,26.127289,44.444925
2022-06-02 15:00:00,2022-06-02 16:00:00,26.97,14.77939818,59.06,31.4,38.0,0.0,1014.6,26.127289,44.444925
2022-06-02 16:00:00,2022-06-02 17:00:00,19.16,10.49956504,24.56,30.6,34.0,3.6,1014.5,26.127289,44.444925
2022-06-02 17:00:00,2022-06-02 18:00:00,19.1,10.466685400000001,34.86,28.9,41.0,3.6,1014.5,26.127289,44.444925
2022-06-02 18:00:00,2022-06-02 19:00:00,20.29,11.118798259999998,29.51,25.0,53.0,0.0,1014.8,26.127289,44.444925
2022-06-02 19:00:00,2022-06-02 20:00:00,18.42,10.09404948,33.83,22.9,59.0,0.0,1015.2,26.127289,44.444925
2022-06-02 20:00:00,2022-06-02 21:00:00,24.06,13.18473564,55.71,22.9,62.0,0.0,1015.7,26.127289,44.444925
2022-06-02 21:00:00,2022-06-02 22:00:00,34.36,18.82907384,69.33,21.8,69.0,3.6,1015.8,26.127289,44.444925
2022-06-02 22:00:00,2022-06-02 23:00:00,25.52,13.984806879999999,45.37,20.6,77.0,0.0,1016.1,26.127289,44.444925
2022-06-02 23:00:00,2022-06-03 00:00:00,28.1,15.398631400000001,47.34,20.3,80.0,0.0,1016.3,26.127289,44.444925
2022-06-03 00:00:00,2022-06-03 01:00:00,27.0,14.795838,38.44,18.9,90.0,0.0,1016.5,26.127289,44.444925
2022-06-03 01:00:00,2022-06-03 02:00:00,24.29,13.310774259999999,29.84,18.3,90.0,0.0,1016.9,26.127289,44.444925
2022-06-03 02:00:00,2022-06-03 03:00:00,23.23,12.72990062,28.77,19.5,83.0,3.6,1017.0,26.127289,44.444925
2022-06-03 03:00:00,2022-06-03 04:00:00,22.6,12.3846644,19.39,20.3,75.0,7.2,1017.3,26.127289,44.444925
2022-06-03 04:00:00,2022-06-03 05:00:00,21.98,12.04490812,17.21,19.6,79.0,3.6,1018.0,26.127289,44.444925
2022-06-03 05:00:00,2022-06-03 06:00:00,18.34,10.05020996,24.57,20.6,74.0,3.6,1018.8,26.127289,44.444925
2022-06-03 06:00:00,2022-06-03 07:00:00,19.46,10.66396324,35.38,23.1,62.0,7.2,1019.1,26.127289,44.444925
2022-06-03 07:00:00,2022-06-03 08:00:00,24.08,13.19569552,45.59,24.8,59.0,7.2,1019.4,26.127289,44.444925
2022-06-03 08:00:00,2022-06-03 09:00:00,25.92,14.20400448,45.54,26.6,51.0,7.2,1019.6,26.127289,44.444925
2022-06-03 09:00:00,2022-06-03 10:00:00,28.58,15.66166852,45.88,27.6,50.0,7.2,1019.8,26.127289,44.444925
2022-06-03 10:00:00,2022-06-03 11:00:00,27.81,15.23971314,47.11,28.5,51.0,7.2,1019.7,26.127289,44.444925
2022-06-03 11:00:00,2022-06-03 12:00:00,26.43,14.483481419999999,48.33,29.3,48.0,7.2,1019.4,26.127289,44.444925
2022-06-03 12:00:00,2022-06-03 13:00:00,22.2,12.165466799999999,52.09,29.9,47.0,7.2,1019.6,26.127289,44.444925
2022-06-03 13:00:00,2022-06-03 14:00:00,23.79,13.03677726,57.11,30.1,45.0,7.2,1019.4,26.127289,44.444925
2022-06-03 14:00:00,2022-06-03 15:00:00,24.41,13.37653354,54.54,28.6,48.0,7.2,1019.2,26.127289,44.444925
2022-06-03 16:00:00,2022-06-03 17:00:00,22.56,12.362744639999999,55.28,26.4,52.0,3.6,1019.5,26.127289,44.444925
2022-06-03 17:00:00,2022-06-03 18:00:00,21.39,11.72159166,51.67,25.3,53.0,3.6,1019.2,26.127289,44.444925
2022-06-03 18:00:00,2022-06-03 19:00:00,23.03,12.62030182,58.47,24.1,56.0,3.6,1019.9,26.127289,44.444925
2022-06-03 19:00:00,2022-06-03 20:00:00,22.84,12.51618296,45.03,22.8,60.0,3.6,1020.3,26.127289,44.444925
2022-06-03 20:00:00,2022-06-03 21:00:00,25.15,13.782049099999998,58.4,21.8,61.0,3.6,1020.2,26.127289,44.444925
2022-06-03 21:00:00,2022-06-03 22:00:00,24.08,13.19569552,50.58,21.0,65.0,3.6,1020.1,26.127289,44.444925
2022-06-03 22:00:00,2022-06-03 23:00:00,24.71,13.54093174,47.92,21.2,63.0,3.6,1020.8,26.127289,44.444925
2022-06-03 23:00:00,2022-06-04 00:00:00,21.14,11.58459316,38.01,20.5,69.0,3.6,1020.9,26.127289,44.444925
2022-06-04 00:00:00,2022-06-04 01:00:00,23.33,12.784700019999999,32.29,20.4,67.0,3.6,1020.6,26.127289,44.444925
2022-06-04 01:00:00,2022-06-04 02:00:00,22.8,12.4942632,33.69,19.7,68.0,3.6,1020.3,26.127289,44.444925
2022-06-04 02:00:00,2022-06-04 03:00:00,20.54,11.255796759999999,29.94,19.2,68.0,3.6,1020.1,26.127289,44.444925
2022-06-04 03:00:00,2022-06-04 04:00:00,25.01,13.70532994,34.53,18.7,71.0,3.6,1019.9,26.127289,44.444925
2022-06-04 04:00:00,2022-06-04 05:00:00,19.99,10.95440006,27.4,18.7,74.0,3.6,1020.4,26.127289,44.444925
2022-06-04 05:00:00,2022-06-04 06:00:00,20.81,11.40375514,26.17,19.9,71.0,3.6,1020.4,26.127289,44.444925
2022-06-04 06:00:00,2022-06-04 07:00:00,19.6,10.7406824,29.66,22.8,63.0,3.6,1020.4,26.127289,44.444925
2022-06-04 07:00:00,2022-06-04 08:00:00,22.57,12.36822458,26.81,25.8,59.0,3.6,1020.4,26.127289,44.444925
2022-06-04 08:00:00,2022-06-04 09:00:00,22.34,12.242185959999999,24.44,26.6,57.0,3.6,1020.1,26.127289,44.444925
2022-06-04 09:00:00,2022-06-04 10:00:00,25.95,14.220444299999999,25.9,27.4,52.0,3.6,1019.8,26.127289,44.444925
2022-06-04 10:00:00,2022-06-04 11:00:00,25.08,13.743689519999998,26.75,28.3,48.0,3.6,1019.5,26.127289,44.444925
2022-06-04 11:00:00,2022-06-04 12:00:00,24.79,13.584771259999998,28.28,29.3,45.0,3.6,1019.0,26.127289,44.444925
2022-06-04 12:00:00,2022-06-04 13:00:00,22.65,12.412064099999998,25.91,29.7,45.0,7.2,1018.1,26.127289,44.444925
2022-06-04 13:00:00,2022-06-04 14:00:00,22.91,12.55454254,23.29,29.9,45.0,3.6,1017.6,26.127289,44.444925
2022-06-04 14:00:00,2022-06-04 15:00:00,24.39,13.365573659999999,19.99,29.5,48.0,0.0,1017.0,26.127289,44.444925
2022-06-04 15:00:00,2022-06-04 16:00:00,25.84,14.16016496,24.69,30.4,41.0,0.0,1016.2,26.127289,44.444925
2022-06-04 17:00:00,2022-06-04 18:00:00,24.04,13.17377576,24.69,28.4,46.0,3.6,1015.7,26.127289,44.444925
2022-06-04 18:00:00,2022-06-04 19:00:00,24.17,13.24501498,19.79,24.5,58.0,3.6,1015.9,26.127289,44.444925
2022-06-04 19:00:00,2022-06-04 20:00:00,26.75,14.6588395,32.27,22.8,66.0,0.0,1016.0,26.127289,44.444925
2022-06-04 20:00:00,2022-06-04 21:00:00,29.31,16.06170414,48.83,22.4,68.0,0.0,1016.3,26.127289,44.444925
2022-06-04 21:00:00,2022-06-04 22:00:00,46.85,25.6735189,84.98,21.2,74.0,0.0,1015.8,26.127289,44.444925
2022-06-04 22:00:00,2022-06-04 23:00:00,48.42,26.53386948,73.36,20.4,78.0,0.0,1015.8,26.127289,44.444925
2022-06-04 23:00:00,2022-06-05 00:00:00,36.08,19.77162352,68.02,20.1,77.0,0.0,1016.0,26.127289,44.444925
2022-06-05 00:00:00,2022-06-05 01:00:00,35.17,19.27294898,67.29,19.9,78.0,0.0,1015.4,26.127289,44.444925
2022-06-05 01:00:00,2022-06-05 02:00:00,37.87,20.75253278,62.66,19.4,81.0,0.0,1015.0,26.127289,44.444925
2022-06-05 02:00:00,2022-06-05 03:00:00,27.7,15.179433799999998,53.36,19.8,80.0,3.6,1014.8,26.127289,44.444925
2022-06-05 03:00:00,2022-06-05 04:00:00,25.06,13.732729639999999,37.49,19.2,80.0,0.0,1014.7,26.127289,44.444925
2022-06-05 04:00:00,2022-06-05 05:00:00,28.3,15.5082302,30.22,21.3,75.0,3.6,1014.4,26.127289,44.444925
2022-06-05 05:00:00,2022-06-05 06:00:00,25.02,13.71080988,27.34,22.0,73.0,3.6,1014.3,26.127289,44.444925
2022-06-05 06:00:00,2022-06-05 07:00:00,21.82,11.95722908,17.83,24.5,63.0,7.2,1014.2,26.127289,44.444925
2022-06-05 07:00:00,2022-06-05 08:00:00,22.04,12.07778776,15.48,26.7,58.0,3.6,1014.0,26.127289,44.444925
2022-06-05 08:00:00,2022-06-05 09:00:00,23.76,13.02033744,14.73,28.8,52.0,3.6,1013.8,26.127289,44.444925
2022-06-05 09:00:00,2022-06-05 10:00:00,20.85,11.4256749,13.33,29.8,50.0,3.6,1013.7,26.127289,44.444925
2022-06-05 10:00:00,2022-06-05 11:00:00,25.29,13.85876826,12.03,30.6,49.0,3.6,1013.1,26.127289,44.444925
2022-06-05 11:00:00,2022-06-05 12:00:00,24.49,13.42037306,13.76,30.8,46.0,3.6,1012.7,26.127289,44.444925
2022-06-05 12:00:00,2022-06-05 13:00:00,22.31,12.225746139999998,12.66,31.5,38.0,3.6,1012.2,26.127289,44.444925
2022-06-05 13:00:00,2022-06-05 14:00:00,21.12,11.573633280000001,13.5,30.7,42.0,3.6,1011.9,26.127289,44.444925
2022-06-05 14:00:00,2022-06-05 15:00:00,24.46,13.40393324,21.88,32.6,43.0,3.6,1011.7,26.127289,44.444925
2022-06-05 15:00:00,2022-06-05 16:00:00,21.82,11.95722908,14.9,30.9,45.0,3.6,1011.4,26.127289,44.444925
2022-06-05 16:00:00,2022-06-05 17:00:00,21.8,11.9462692,21.22,26.9,60.0,3.6,1011.7,26.127289,44.444925
2022-06-05 18:00:00,2022-06-05 19:00:00,19.27,10.55984438,34.13,24.5,59.0,7.2,1013.0,26.127289,44.444925
2022-06-05 19:00:00,2022-06-05 20:00:00,17.67,9.68305398,35.29,23.2,63.0,7.2,1013.8,26.127289,44.444925
2022-06-05 20:00:00,2022-06-05 21:00:00,17.0,9.315897999999999,29.69,21.2,75.0,3.6,1013.8,26.127289,44.444925
2022-06-05 21:00:00,2022-06-05 22:00:00,20.32,11.13523808,25.22,18.3,98.0,3.6,1015.0,26.127289,44.444925
2022-06-05 22:00:00,2022-06-05 23:00:00,29.3,16.0562242,23.59,18.0,99.0,3.6,1014.6,26.127289,44.444925
2022-06-05 23:00:00,2022-06-06 00:00:00,24.14,13.22857516,21.27,17.5,99.0,7.2,1014.8,26.127289,44.444925
2022-06-06 00:00:00,2022-06-06 01:00:00,16.57,9.08026058,15.15,16.9,99.0,7.2,1014.6,26.127289,44.444925
2022-06-06 01:00:00,2022-06-06 02:00:00,12.01,6.58140794,11.76,16.5,99.0,7.2,1014.5,26.127289,44.444925
2022-06-06 02:00:00,2022-06-06 03:00:00,11.74,6.43344956,13.17,16.3,99.0,7.2,1013.9,26.127289,44.444925
2022-06-06 03:00:00,2022-06-06 04:00:00,9.74,5.3374615599999995,11.87,16.4,99.0,3.6,1014.9,26.127289,44.444925
2022-06-06 04:00:00,2022-06-06 05:00:00,12.72,6.97048368,13.08,16.2,100.0,7.2,1014.5,26.127289,44.444925
2022-06-06 05:00:00,2022-06-06 06:00:00,12.11,6.6362073399999995,21.89,16.4,99.0,3.6,1015.6,26.127289,44.444925
2022-06-06 06:00:00,2022-06-06 07:00:00,8.38,4.59218972,30.94,16.9,96.0,7.2,1016.3,26.127289,44.444925
2022-06-06 07:00:00,2022-06-06 08:00:00,12.54,6.871844759999999,36.95,18.1,88.0,7.2,1016.4,26.127289,44.444925
2022-06-06 08:00:00,2022-06-06 09:00:00,12.97,7.10748218,37.13,21.4,75.0,7.2,1016.4,26.127289,44.444925
2022-06-06 09:00:00,2022-06-06 10:00:00,14.57,7.98427258,39.4,22.8,66.0,7.2,1016.5,26.127289,44.444925
2022-06-06 10:00:00,2022-06-06 11:00:00,15.35,8.4117079,42.98,25.0,56.0,7.2,1016.5,26.127289,44.444925
2022-06-06 11:00:00,2022-06-06 12:00:00,13.09,7.17324146,44.38,24.0,58.0,3.6,1016.3,26.127289,44.444925
2022-06-06 12:00:00,2022-06-06 13:00:00,16.63,9.11314022,40.53,25.3,52.0,7.2,1016.0,26.127289,44.444925
2022-06-06 13:00:00,2022-06-06 14:00:00,16.72,9.16245968,41.59,25.2,57.0,7.2,1015.6,26.127289,44.444925
2022-06-06 14:00:00,2022-06-06 15:00:00,16.6,9.096700400000001,41.57,23.5,52.0,21.6,1015.3,26.127289,44.444925
2022-06-06 15:00:00,2022-06-06 16:00:00,16.03,8.78434382,50.7,23.8,54.0,7.2,1015.4,26.127289,44.444925
2022-06-06 16:00:00,2022-06-06 17:00:00,16.14,8.84462316,50.95,23.9,52.0,3.6,1015.8,26.127289,44.444925
2022-06-06 17:00:00,2022-06-06 18:00:00,16.06,8.800783639999999,53.35,21.5,57.0,3.6,1016.9,26.127289,44.444925
2022-06-06 19:00:00,2022-06-06 20:00:00,15.53,8.510346819999999,43.13,18.1,69.0,3.6,1017.3,26.127289,44.444925
2022-06-06 20:00:00,2022-06-06 21:00:00,17.41,9.540575539999999,33.26,16.8,76.0,0.0,1017.5,26.127289,44.444925
2022-06-06 21:00:00,2022-06-06 22:00:00,20.23,11.08591862,36.44,15.9,78.0,0.0,1017.3,26.127289,44.444925
2022-06-06 22:00:00,2022-06-06 23:00:00,22.18,12.15450692,36.38,15.5,83.0,0.0,1017.4,26.127289,44.444925
2022-06-06 23:00:00,2022-06-07 00:00:00,24.13,13.22309522,46.58,15.0,89.0,0.0,1017.0,26.127289,44.444925
2022-06-07 00:00:00,2022-06-07 01:00:00,22.67,12.42302398,46.78,14.8,94.0,0.0,1016.9,26.127289,44.444925
2022-06-07 01:00:00,2022-06-07 02:00:00,17.73,9.71593362,27.92,14.9,90.0,0.0,1016.3,26.127289,44.444925
2022-06-07 02:00:00,2022-06-07 03:00:00,17.2,9.4254968,19.22,14.3,94.0,0.0,1016.1,26.127289,44.444925
2022-06-07 03:00:00,2022-06-07 04:00:00,16.82,9.21725908,16.41,13.9,96.0,0.0,1016.0,26.127289,44.444925
2022-06-07 04:00:00,2022-06-07 05:00:00,19.68,10.78452192,18.57,15.4,88.0,3.6,1016.1,26.127289,44.444925
2022-06-07 05:00:00,2022-06-07 06:00:00,19.84,10.872200959999999,23.56,17.8,75.0,3.6,1016.0,26.127289,44.444925
2022-06-07 06:00:00,2022-06-07 07:00:00,20.01,10.96535994,31.88,21.4,59.0,3.6,1016.2,26.127289,44.444925
2022-06-07 07:00:00,2022-06-07 08:00:00,21.75,11.9188695,41.12,23.5,57.0,3.6,1016.0,26.127289,44.444925
2022-06-07 08:00:00,2022-06-07 09:00:00,24.16,13.23953504,39.51,24.8,48.0,3.6,1015.7,26.127289,44.444925
2022-06-07 09:00:00,2022-06-07 10:00:00,19.01,10.41736594,32.15,26.1,46.0,3.6,1015.4,26.127289,44.444925
2022-06-07 10:00:00,2022-06-07 11:00:00,15.49,8.48842706,27.83,27.2,40.0,3.6,1014.9,26.127289,44.444925
2022-06-07 11:00:00,2022-06-07 12:00:00,14.88,8.15415072,39.69,27.2,39.0,3.6,1014.4,26.127289,44.444925
2022-06-07 12:00:00,2022-06-07 13:00:00,13.01,7.129401939999999,50.03,24.8,53.0,3.6,1014.3,26.127289,44.444925
2022-06-07 13:00:00,2022-06-07 14:00:00,14.46,7.923993240000001,55.75,24.4,50.0,3.6,1013.8,26.127289,44.444925
2022-06-07 14:00:00,2022-06-07 15:00:00,15.89,8.70762466,55.58,25.7,49.0,3.6,1013.5,26.127289,44.444925
2022-06-07 15:00:00,2022-06-07 16:00:00,15.09,8.26922946,54.95,23.9,50.0,3.6,1013.3,26.127289,44.444925
2022-06-07 16:00:00,2022-06-07 17:00:00,15.17,8.313068979999999,59.75,23.9,51.0,3.6,1012.9,26.127289,44.444925
2022-06-07 17:00:00,2022-06-07 18:00:00,15.86,8.69118484,56.26,22.5,48.0,7.2,1013.1,26.127289,44.444925
2022-06-07 18:00:00,2022-06-07 19:00:00,19.21,10.52696474,49.77,20.9,54.0,3.6,1013.0,26.127289,44.444925
2022-06-07 20:00:00,2022-06-07 21:00:00,22.93,12.56550242,43.68,17.4,73.0,3.6,1013.5,26.127289,44.444925
2022-06-07 21:00:00,2022-06-07 22:00:00,25.45,13.946447299999999,41.9,16.7,79.0,3.6,1013.3,26.127289,44.444925
2022-06-07 22:00:00,2022-06-07 23:00:00,24.79,13.584771259999998,34.07,16.2,82.0,3.6,1013.5,26.127289,44.444925
2022-06-07 23:00:00,2022-06-08 00:00:00,23.62,12.94361828,30.2,15.9,84.0,3.6,1013.4,26.127289,44.444925
2022-06-08 00:00:00,2022-06-08 01:00:00,21.23,11.63391262,27.83,16.3,87.0,0.0,1013.0,26.127289,44.444925
2022-06-08 01:00:00,2022-06-08 02:00:00,23.01,12.60934194,22.96,15.7,93.0,3.6,1012.5,26.127289,44.444925
2022-06-08 02:00:00,2022-06-08 03:00:00,24.62,13.49161228,20.24,15.8,93.0,0.0,1012.1,26.127289,44.444925
2022-06-08 03:00:00,2022-06-08 04:00:00,23.36,12.80113984,20.25,15.1,98.0,0.0,1012.3,26.127289,44.444925
2022-06-08 04:00:00,2022-06-08 05:00:00,25.36,13.89712784,26.79,15.8,98.0,0.0,1012.5,26.127289,44.444925
2022-06-08 05:00:00,2022-06-08 06:00:00,27.74,15.20135356,36.74,17.8,88.0,3.6,1012.7,26.127289,44.444925
2022-06-08 06:00:00,2022-06-08 07:00:00,28.29,15.50275026,38.77,19.3,84.0,0.0,1012.9,26.127289,44.444925
2022-06-08 07:00:00,2022-06-08 08:00:00,26.27,14.39580238,44.6,22.0,68.0,3.6,1012.9,26.127289,44.444925
2022-06-08 08:00:00,2022-06-08 09:00:00,24.89,13.63957066,40.86,22.6,58.0,14.0,1012.0,26.127289,44.444925
2022-06-08 09:00:00,2022-06-08 10:00:00,23.27,12.75182038,40.39,23.1,55.0,15.1,1012.1,26.127289,44.444925
2022-06-08 10:00:00,2022-06-08 11:00:00,30.6,16.7686164,45.67,23.1,64.0,3.6,1012.1,26.127289,44.444925
2022-06-08 11:00:00,2022-06-08 12:00:00,16.0,8.767904,45.98,25.5,53.0,3.6,1011.4,26.127289,44.444925
2022-06-08 12:00:00,2022-06-08 13:00:00,14.61,8.00619234,52.5,26.7,46.0,3.6,1010.8,26.127289,44.444925
2022-06-08 13:00:00,2022-06-08 14:00:00,15.42,8.45006748,44.28,26.5,48.0,3.6,1010.8,26.127289,44.444925
2022-06-08 14:00:00,2022-06-08 15:00:00,14.98,8.20895012,51.09,25.2,53.0,3.6,1010.4,26.127289,44.444925
2022-06-08 15:00:00,2022-06-08 16:00:00,16.92,9.27205848,57.39,26.2,46.0,3.6,1010.2,26.127289,44.444925
2022-06-08 16:00:00,2022-06-08 17:00:00,17.84,9.776212959999999,57.52,24.4,55.0,3.6,1009.8,26.127289,44.444925
2022-06-08 17:00:00,2022-06-08 18:00:00,18.38,10.07212972,53.42,22.9,58.0,3.6,1010.0,26.127289,44.444925
2022-06-08 18:00:00,2022-06-08 19:00:00,20.8,11.3982752,50.91,22.2,59.0,3.6,1010.0,26.127289,44.444925
2022-06-08 19:00:00,2022-06-08 20:00:00,24.98,13.68889012,43.08,20.7,70.0,3.6,1010.3,26.127289,44.444925
2022-06-08 21:00:00,2022-06-08 22:00:00,33.1,18.1386014,47.4,18.0,79.0,0.0,1010.6,26.127289,44.444925
2022-06-08 22:00:00,2022-06-08 23:00:00,23.38,12.812099719999999,36.45,16.9,84.0,0.0,1010.3,26.127289,44.444925
2022-06-08 23:00:00,2022-06-09 00:00:00,21.5,11.781870999999999,32.87,15.9,85.0,0.0,1009.8,26.127289,44.444925
2022-06-09 00:00:00,2022-06-09 01:00:00,21.66,11.86955004,36.2,15.9,87.0,0.0,1009.6,26.127289,44.444925
2022-06-09 01:00:00,2022-06-09 02:00:00,27.27,14.943796379999998,37.64,15.3,91.0,0.0,1009.5,26.127289,44.444925
2022-06-09 02:00:00,2022-06-09 03:00:00,29.65,16.2480221,32.36,15.1,92.0,0.0,1009.4,26.127289,44.444925
2022-06-09 03:00:00,2022-06-09 04:00:00,21.9,12.001068599999998,25.04,15.6,91.0,0.0,1009.1,26.127289,44.444925
2022-06-09 04:00:00,2022-06-09 05:00:00,22.82,12.50522308,27.57,17.2,85.0,3.6,1008.9,26.127289,44.444925
2022-06-09 05:00:00,2022-06-09 06:00:00,22.74,12.461383559999998,32.62,19.5,80.0,3.6,1008.9,26.127289,44.444925
2022-06-09 06:00:00,2022-06-09 07:00:00,21.36,11.70515184,37.49,21.2,70.0,3.6,1009.2,26.127289,44.444925
2022-06-09 07:00:00,2022-06-09 08:00:00,20.04,10.98179976,37.95,23.9,57.0,3.6,1009.1,26.127289,44.444925
2022-06-09 08:00:00,2022-06-09 09:00:00,21.42,11.73803148,43.25,24.7,54.0,3.6,1009.0,26.127289,44.444925
2022-06-09 09:00:00,2022-06-09 10:00:00,19.63,10.75712222,48.93,23.8,63.0,3.6,1009.1,26.127289,44.444925
2022-06-09 10:00:00,2022-06-09 11:00:00,22.42,12.286025480000001,51.85,22.1,64.0,3.6,1009.1,26.127289,44.444925
2022-06-09 11:00:00,2022-06-09 12:00:00,22.62,12.39562428,40.14,23.8,54.0,3.6,1008.7,26.127289,44.444925
2022-06-09 12:00:00,2022-06-09 13:00:00,20.95,11.4804743,31.43,25.1,55.0,0.0,1007.9,26.127289,44.444925
2022-06-09 13:00:00,2022-06-09 14:00:00,20.49,11.228397059999999,38.93,27.7,44.0,3.6,1007.2,26.127289,44.444925
2022-06-09 14:00:00,2022-06-09 15:00:00,24.48,13.41489312,37.2,27.9,44.0,0.0,1006.5,26.127289,44.444925
2022-06-09 15:00:00,2022-06-09 16:00:00,21.49,11.776391059999998,54.39,26.9,45.0,3.6,1006.1,26.127289,44.444925
2022-06-09 16:00:00,2022-06-09 17:00:00,23.02,12.61482188,58.04,21.8,65.0,3.6,1007.0,26.127289,44.444925
2022-06-09 17:00:00,2022-06-09 18:00:00,29.11,15.95210534,60.99,17.8,98.0,0.0,1007.5,26.127289,44.444925
2022-06-09 18:00:00,2022-06-09 19:00:00,30.13,16.51105922,66.22,17.8,99.0,0.0,1007.4,26.127289,44.444925
2022-06-09 19:00:00,2022-06-09 20:00:00,30.06,16.47269964,61.66,17.4,99.0,3.6,1007.8,26.127289,44.444925
2022-06-09 20:00:00,2022-06-09 21:00:00,32.33,17.71664602,61.21,16.9,99.0,3.6,1008.1,26.127289,44.444925
2022-06-09 22:00:00,2022-06-09 23:00:00,22.4,12.2750656,37.25,17.1,99.0,3.6,1008.0,26.127289,44.444925
2022-06-09 23:00:00,2022-06-10 00:00:00,19.66,10.77356204,33.45,16.7,100.0,3.6,1008.0,26.127289,44.444925
2022-06-10 00:00:00,2022-06-10 01:00:00,17.1,9.370697400000001,24.07,16.3,99.0,3.6,1008.0,26.127289,44.444925
2022-06-10 01:00:00,2022-06-10 02:00:00,19.89,10.899600659999999,19.06,15.9,99.0,3.6,1008.5,26.127289,44.444925
2022-06-10 02:00:00,2022-06-10 03:00:00,21.69,11.88598986,18.92,15.7,100.0,3.6,1008.7,26.127289,44.444925
2022-06-10 03:00:00,2022-06-10 04:00:00,22.46,12.30794524,17.77,15.9,99.0,3.6,1008.9,26.127289,44.444925
2022-06-10 04:00:00,2022-06-10 05:00:00,24.61,13.48613234,18.84,16.5,99.0,3.6,1009.4,26.127289,44.444925
2022-06-10 05:00:00,2022-06-10 06:00:00,27.58,15.113674519999998,30.6,17.1,98.0,3.6,1009.7,26.127289,44.444925
2022-06-10 06:00:00,2022-06-10 07:00:00,27.94,15.31095236,34.09,18.2,91.0,7.2,1010.3,26.127289,44.444925
2022-06-10 07:00:00,2022-06-10 08:00:00,24.58,13.469692519999999,37.0,19.0,89.0,3.6,1010.7,26.127289,44.444925
2022-06-10 08:00:00,2022-06-10 09:00:00,20.52,11.24483688,37.51,21.3,78.0,7.2,1010.6,26.127289,44.444925
2022-06-10 09:00:00,2022-06-10 10:00:00,19.4,10.631083599999998,44.02,22.6,73.0,7.2,1010.7,26.127289,44.444925
2022-06-10 10:00:00,2022-06-10 11:00:00,18.93,10.37352642,42.54,22.6,72.0,7.2,1010.8,26.127289,44.444925
2022-06-10 11:00:00,2022-06-10 12:00:00,16.64,9.11862016,42.62,24.9,68.0,7.2,1010.7,26.127289,44.444925
2022-06-10 12:00:00,2022-06-10 13:00:00,15.99,8.762424059999999,48.93,25.2,62.0,7.2,1010.3,26.127289,44.444925
2022-06-10 13:00:00,2022-06-10 14:00:00,16.21,8.882982740000001,50.31,23.8,64.0,3.6,1010.1,26.127289,44.444925
2022-06-10 14:00:00,2022-06-10 15:00:00,17.54,9.61181476,58.91,21.8,72.0,15.5,1010.3,26.127289,44.444925
2022-06-10 15:00:00,2022-06-10 16:00:00,16.88,9.250138719999999,50.03,23.9,68.0,3.6,1010.1,26.127289,44.444925
2022-06-10 16:00:00,2022-06-10 17:00:00,17.71,9.70497374,49.91,23.1,70.0,3.6,1010.4,26.127289,44.444925
2022-06-10 17:00:00,2022-06-10 18:00:00,16.68,9.14053992,52.36,21.6,75.0,7.2,1010.9,26.127289,44.444925
2022-06-10 18:00:00,2022-06-10 19:00:00,14.94,8.18703036,43.77,20.5,81.0,3.6,1011.4,26.127289,44.444925
2022-06-10 19:00:00,2022-06-10 20:00:00,16.34,8.95422196,36.93,20.0,84.0,3.6,1011.6,26.127289,44.444925
2022-06-10 20:00:00,2022-06-10 21:00:00,18.04,9.88581176,37.84,19.4,88.0,3.6,1011.8,26.127289,44.444925
2022-06-10 21:00:00,2022-06-10 22:00:00,19.71,10.80096174,38.21,19.4,82.0,3.6,1012.0,26.127289,44.444925
2022-06-10 23:00:00,2022-06-11 00:00:00,18.48,10.12692912,34.62,18.9,81.0,3.6,1012.1,26.127289,44.444925
2022-06-11 00:00:00,2022-06-11 01:00:00,17.21,9.43097674,23.93,18.8,82.0,3.6,1011.8,26.127289,44.444925
2022-06-11 01:00:00,2022-06-11 02:00:00,18.19,9.96801086,20.54,18.1,89.0,0.0,1011.5,26.127289,44.444925
2022-06-11 02:00:00,2022-06-11 03:00:00,20.09,11.00919946,20.08,18.2,91.0,3.6,1011.5,26.127289,44.444925
2022-06-11 03:00:00,2022-06-11 04:00:00,22.0,12.055868,19.8,18.1,92.0,3.6,1011.5,26.127289,44.444925
2022-06-11 04:00:00,2022-06-11 05:00:00,20.66,11.321556039999999,21.24,18.2,92.0,3.6,1011.9,26.127289,44.444925
2022-06-11 05:00:00,2022-06-11 06:00:00,21.21,11.62295274,21.64,18.6,91.0,3.6,1012.2,26.127289,44.444925
2022-06-11 06:00:00,2022-06-11 07:00:00,20.58,11.277716519999998,24.77,19.0,89.0,3.6,1012.5,26.127289,44.444925
2022-06-11 07:00:00,2022-06-11 08:00:00,20.8,11.3982752,21.59,20.8,80.0,3.6,1012.7,26.127289,44.444925
2022-06-11 08:00:00,2022-06-11 09:00:00,21.42,11.73803148,19.08,20.4,80.0,3.6,1013.2,26.127289,44.444925
2022-06-11 09:00:00,2022-06-11 10:00:00,21.31,11.677752139999999,23.29,20.1,85.0,3.6,1013.5,26.127289,44.444925
2022-06-11 10:00:00,2022-06-11 11:00:00,21.72,11.90242968,22.4,19.2,94.0,0.0,1013.6,26.127289,44.444925
2022-06-11 11:00:00,2022-06-11 12:00:00,24.28,13.30529432,22.2,20.1,92.0,3.6,1013.3,26.127289,44.444925
2022-06-11 12:00:00,2022-06-11 13:00:00,19.08,10.455725519999998,21.1,20.0,91.0,3.6,1013.1,26.127289,44.444925
2022-06-11 13:00:00,2022-06-11 14:00:00,21.86,11.979148839999999,25.39,20.8,87.0,3.6,1012.9,26.127289,44.444925
2022-06-11 14:00:00,2022-06-11 15:00:00,16.96,9.29397824,20.1,19.1,93.0,3.6,1012.6,26.127289,44.444925
2022-06-11 15:00:00,2022-06-11 16:00:00,15.27,8.367868379999999,24.38,20.6,89.0,3.6,1012.1,26.127289,44.444925
2022-06-11 16:00:00,2022-06-11 17:00:00,15.37,8.42266778,15.68,21.2,83.0,3.6,1011.6,26.127289,44.444925
2022-06-11 17:00:00,2022-06-11 18:00:00,13.78,7.551357319999999,15.82,19.6,91.0,3.6,1011.6,26.127289,44.444925
2022-06-11 18:00:00,2022-06-11 19:00:00,16.15,8.850103099999998,22.02,19.4,92.0,3.6,1011.7,26.127289,44.444925
2022-06-11 19:00:00,2022-06-11 20:00:00,16.86,9.23917884,17.97,18.9,93.0,3.6,1012.0,26.127289,44.444925
2022-06-11 20:00:00,2022-06-11 21:00:00,17.98,9.85293212,20.48,18.6,94.0,0.0,1012.3,26.127289,44.444925
2022-06-11 21:00:00,2022-06-11 22:00:00,16.6,9.096700400000001,20.23,18.4,95.0,3.6,1012.2,26.127289,44.444925
2022-06-11 22:00:00,2022-06-11 23:00:00,15.45,8.4665073,21.6,17.6,97.0,3.6,1012.0,26.127289,44.444925
2022-06-12 00:00:00,2022-06-12 01:00:00,16.06,8.800783639999999,22.02,18.1,96.0,0.0,1011.8,26.127289,44.444925
2022-06-12 01:00:00,2022-06-12 02:00:00,17.25,9.4528965,20.24,18.0,96.0,0.0,1011.8,26.127289,44.444925
2022-06-12 02:00:00,2022-06-12 03:00:00,16.52,9.052860879999999,17.9,17.5,99.0,0.0,1011.4,26.127289,44.444925
2022-06-12 03:00:00,2022-06-12 04:00:00,16.49,9.036421059999999,20.72,17.6,98.0,0.0,1011.4,26.127289,44.444925
2022-06-12 04:00:00,2022-06-12 05:00:00,15.14,8.29662916,15.04,17.5,95.0,0.0,1011.4,26.127289,44.444925
2022-06-12 05:00:00,2022-06-12 06:00:00,14.8,8.1103112,16.02,18.5,90.0,0.0,1011.3,26.127289,44.444925
2022-06-12 06:00:00,2022-06-12 07:00:00,17.75,9.7268935,20.06,20.0,85.0,0.0,1011.4,26.127289,44.444925
2022-06-12 07:00:00,2022-06-12 08:00:00,18.73,10.26392762,21.53,21.1,78.0,3.6,1011.5,26.127289,44.444925
2022-06-12 08:00:00,2022-06-12 09:00:00,16.31,8.93778214,16.71,23.8,74.0,3.6,1011.6,26.127289,44.444925
2022-06-12 09:00:00,2022-06-12 10:00:00,13.41,7.3485995399999995,11.53,24.0,74.0,3.6,1011.8,26.127289,44.444925
2022-06-12 10:00:00,2022-06-12 11:00:00,14.42,7.902073479999999,13.18,25.8,67.0,3.6,1011.6,26.127289,44.444925
2022-06-12 11:00:00,2022-06-12 12:00:00,18.22,9.984450679999998,17.15,28.3,56.0,7.2,1010.8,26.127289,44.444925
2022-06-12 12:00:00,2022-06-12 13:00:00,16.24,8.89942256,18.23,27.3,55.0,7.2,1010.4,26.127289,44.444925
2022-06-12 13:00:00,2022-06-12 14:00:00,17.42,9.546055480000001,18.87,28.7,51.0,7.2,1010.1,26.127289,44.444925
2022-06-12 14:00:00,2022-06-12 15:00:00,19.03,10.42832582,21.62,27.6,48.0,10.8,1010.7,26.127289,44.444925
2022-06-12 15:00:00,2022-06-12 16:00:00,16.31,8.93778214,19.6,24.8,61.0,7.2,1011.4,26.127289,44.444925
2022-06-12 16:00:00,2022-06-12 17:00:00,18.3,10.0282902,24.62,23.6,62.0,3.6,1011.8,26.127289,44.444925
2022-06-12 17:00:00,2022-06-12 18:00:00,14.37,7.874673779999999,24.81,23.3,62.0,3.6,1012.2,26.127289,44.444925
2022-06-12 18:00:00,2022-06-12 19:00:00,15.29,8.378828259999999,22.82,23.0,60.0,0.0,1012.6,26.127289,44.444925
2022-06-12 19:00:00,2022-06-12 20:00:00,16.62,9.107660280000001,20.6,21.5,65.0,3.6,1013.1,26.127289,44.444925
2022-06-12 20:00:00,2022-06-12 21:00:00,13.43,7.359559419999999,20.93,20.3,64.0,3.6,1013.2,26.127289,44.444925
2022-06-12 21:00:00,2022-06-12 22:00:00,12.78,7.003363319999999,27.41,20.4,64.0,0.0,1013.4,26.127289,44.444925
2022-06-12 22:00:00,2022-06-12 23:00:00,12.83,7.03076302,32.96,20.6,68.0,0.0,1013.3,26.127289,44.444925
2022-06-12 23:00:00,2022-06-13 00:00:00,15.66,8.58158604,23.41,20.1,78.0,3.6,1013.2,26.127289,44.444925
2022-06-13 01:00:00,2022-06-13 02:00:00,16.7,9.1514998,23.24,19.7,76.0,0.0,1012.6,26.127289,44.444925
2022-06-13 02:00:00,2022-06-13 03:00:00,18.97,10.395446179999999,21.17,19.5,74.0,0.0,1012.7,26.127289,44.444925
2022-06-13 03:00:00,2022-06-13 04:00:00,19.92,10.916040480000001,12.54,19.3,74.0,0.0,1012.9,26.127289,44.444925
2022-06-13 04:00:00,2022-06-13 05:00:00,24.6,13.4806524,12.39,19.3,75.0,3.6,1013.2,26.127289,44.444925
2022-06-13 05:00:00,2022-06-13 06:00:00,19.04,10.433805759999998,23.49,19.5,75.0,3.6,1013.4,26.127289,44.444925
2022-06-13 06:00:00,2022-06-13 07:00:00,19.75,10.8228815,26.36,23.7,59.0,3.6,1013.5,26.127289,44.444925
2022-06-13 07:00:00,2022-06-13 08:00:00,18.7,10.2474878,14.41,25.3,57.0,3.6,1013.7,26.127289,44.444925
2022-06-13 08:00:00,2022-06-13 09:00:00,16.31,8.93778214,14.21,26.8,50.0,3.6,1013.6,26.127289,44.444925
2022-06-13 09:00:00,2022-06-13 10:00:00,15.75,8.630905499999999,16.24,28.7,50.0,3.6,1013.5,26.127289,44.444925
2022-06-13 10:00:00,2022-06-13 11:00:00,16.15,8.850103099999998,16.6,28.0,47.0,3.6,1013.4,26.127289,44.444925
2022-06-13 11:00:00,2022-06-13 12:00:00,17.07,9.35425758,17.67,29.1,44.0,3.6,1013.1,26.127289,44.444925
2022-06-13 12:00:00,2022-06-13 13:00:00,18.2,9.973490799999999,16.87,29.7,50.0,0.0,1012.5,26.127289,44.444925
2022-06-13 13:00:00,2022-06-13 14:00:00,22.52,12.34082488,12.62,21.8,82.0,3.6,1013.2,26.127289,44.444925
2022-06-13 14:00:00,2022-06-13 15:00:00,29.44,16.13294336,38.57,22.7,94.0,0.0,1012.4,26.127289,44.444925
2022-06-13 15:00:00,2022-06-13 16:00:00,28.81,15.787707139999998,41.78,27.8,70.0,0.0,1011.6,26.127289,44.444925
2022-06-13 16:00:00,2022-06-13 17:00:00,20.32,11.13523808,27.2,24.5,66.0,3.6,1012.2,26.127289,44.444925
2022-06-13 17:00:00,2022-06-13 18:00:00,18.41,10.08856954,31.27,23.2,67.0,3.6,1012.0,26.127289,44.444925
2022-06-13 18:00:00,2022-06-13 19:00:00,17.56,9.62277464,30.41,23.7,62.0,3.6,1012.2,26.127289,44.444925
2022-06-13 19:00:00,2022-06-13 20:00:00,22.02,12.06682788,19.82,21.1,73.0,0.0,1011.9,26.127289,44.444925
2022-06-13 20:00:00,2022-06-13 21:00:00,20.55,11.2612767,44.76,19.7,80.0,0.0,1012.5,26.127289,44.444925
2022-06-13 21:00:00,2022-06-13 22:00:00,29.46,16.14390324,65.43,19.0,86.0,3.6,1013.1,26.127289,44.444925
2022-06-13 22:00:00,2022-06-13 23:00:00,28.06,15.376711639999998,62.9,19.1,85.0,3.6,1013.0,26.127289,44.444925
2022-06-13 23:00:00,2022-06-14 00:00:00,26.34,14.434161959999999,44.22,18.8,85.0,3.6,1012.8,26.127289,44.444925
2022-06-14 00:00:00,2022-06-14 01:00:00,27.4,15.0150356,31.1,17.4,90.0,3.6,1012.6,26.127289,44.444925
2022-06-14 02:00:00,2022-06-14 03:00:00,22.83,12.51070302,20.69,16.6,96.0,3.6,1012.2,26.127289,44.444925
2022-06-14 03:00:00,2022-06-14 04:00:00,23.2,12.7134608,18.9,16.2,98.0,0.0,1012.3,26.127289,44.444925
2022-06-14 04:00:00,2022-06-14 05:00:00,22.97,12.587422179999999,21.8,16.6,96.0,0.0,1012.7,26.127289,44.444925
2022-06-14 05:00:00,2022-06-14 06:00:00,24.16,13.23953504,27.38,19.8,81.0,3.6,1012.9,26.127289,44.444925
2022-06-14 06:00:00,2022-06-14 07:00:00,24.82,13.60121108,29.03,23.0,67.0,3.6,1013.0,26.127289,44.444925
2022-06-14 07:00:00,2022-06-14 08:00:00,27.32,14.97119608,41.31,24.1,55.0,3.6,1013.5,26.127289,44.444925
2022-06-14 08:00:00,2022-06-14 09:00:00,27.82,15.24519308,42.0,24.5,60.0,3.6,1013.8,26.127289,44.444925
2022-06-14 09:00:00,2022-06-14 10:00:00,26.65,14.604040099999999,39.62,25.0,60.0,3.6,1014.0,26.127289,44.444925
2022-06-14 10:00:00,2022-06-14 11:00:00,32.0,17.535808,46.53,28.0,50.0,3.6,1013.9,26.127289,44.444925
2022-06-14 11:00:00,2022-06-14 12:00:00,29.39,16.10554366,55.52,28.9,49.0,3.6,1013.4,26.127289,44.444925
2022-06-14 12:00:00,2022-06-14 13:00:00,28.73,15.74386762,58.63,29.3,43.0,3.6,1012.9,26.127289,44.444925
2022-06-14 13:00:00,2022-06-14 14:00:00,30.37,16.64257778,56.0,26.7,57.0,3.6,1012.9,26.127289,44.444925
2022-06-14 14:00:00,2022-06-14 15:00:00,32.75,17.946803499999998,62.66,17.9,96.0,10.8,1014.8,26.127289,44.444925
2022-06-14 15:00:00,2022-06-14 16:00:00,22.22,12.176426679999999,36.95,17.4,99.0,3.6,1014.6,26.127289,44.444925
2022-06-14 16:00:00,2022-06-14 17:00:00,21.21,11.62295274,61.16,17.3,100.0,0.0,1014.9,26.127289,44.444925
2022-06-14 17:00:00,2022-06-14 18:00:00,19.06,10.444765639999998,60.99,17.2,100.0,3.6,1016.2,26.127289,44.444925
2022-06-14 18:00:00,2022-06-14 19:00:00,18.95,10.384486299999999,53.2,16.8,99.0,3.6,1016.0,26.127289,44.444925
2022-06-14 19:00:00,2022-06-14 20:00:00,18.38,10.07212972,47.55,15.8,99.0,0.0,1016.8,26.127289,44.444925
2022-06-14 20:00:00,2022-06-14 21:00:00,19.59,10.73520246,43.8,16.0,100.0,3.6,1017.9,26.127289,44.444925
2022-06-14 21:00:00,2022-06-14 22:00:00,21.47,11.765431179999998,41.68,16.5,99.0,3.6,1018.4,26.127289,44.444925
2022-06-14 22:00:00,2022-06-14 23:00:00,30.67,16.80697598,38.15,15.4,100.0,3.6,1019.3,26.127289,44.444925
2022-06-14 23:00:00,2022-06-15 00:00:00,15.03,8.23634982,26.5,15.3,99.0,3.6,1019.3,26.127289,44.444925
2022-06-15 00:00:00,2022-06-15 01:00:00,13.76,7.54039744,20.38,14.6,100.0,7.2,1019.5,26.127289,44.444925
2022-06-15 01:00:00,2022-06-15 02:00:00,11.33,6.20877202,15.84,14.5,99.0,3.6,1019.3,26.127289,44.444925
2022-06-15 03:00:00,2022-06-15 04:00:00,11.46,6.28001124,18.92,14.8,93.0,3.6,1019.4,26.127289,44.444925
2022-06-15 04:00:00,2022-06-15 05:00:00,11.83,6.48276902,22.41,15.8,86.0,3.6,1019.8,26.127289,44.444925
2022-06-15 05:00:00,2022-06-15 06:00:00,14.48,7.93495312,37.43,16.3,83.0,3.6,1019.9,26.127289,44.444925
2022-06-15 06:00:00,2022-06-15 07:00:00,15.41,8.44458754,41.2,17.6,77.0,3.6,1020.3,26.127289,44.444925
2022-06-15 07:00:00,2022-06-15 08:00:00,17.81,9.759773139999998,49.2,18.7,70.0,3.6,1020.9,26.127289,44.444925
2022-06-15 08:00:00,2022-06-15 09:00:00,19.26,10.55436444,51.96,22.4,55.0,7.2,1020.9,26.127289,44.444925
2022-06-15 09:00:00,2022-06-15 10:00:00,16.4,8.987101599999999,48.13,21.7,60.0,3.6,1021.1,26.127289,44.444925
2022-06-15 10:00:00,2022-06-15 11:00:00,16.62,9.107660280000001,34.83,21.9,62.0,3.6,1021.4,26.127289,44.444925
2022-06-15 11:00:00,2022-06-15 12:00:00,17.64,9.66661416,45.33,23.3,54.0,3.6,1021.2,26.127289,44.444925
2022-06-15 12:00:00,2022-06-15 13:00:00,15.9,8.7131046,31.21,25.5,48.0,3.6,1020.6,26.127289,44.444925
2022-06-15 13:00:00,2022-06-15 14:00:00,13.86,7.59519684,35.72,24.8,55.0,3.6,1020.4,26.127289,44.444925
2022-06-15 14:00:00,2022-06-15 15:00:00,13.42,7.354079479999999,37.87,23.9,45.0,3.6,1020.0,26.127289,44.444925
2022-06-15 15:00:00,2022-06-15 16:00:00,15.31,8.38978814,41.27,23.7,51.0,0.0,1019.7,26.127289,44.444925
2022-06-15 16:00:00,2022-06-15 17:00:00,16.31,8.93778214,49.5,24.8,40.0,0.0,1019.3,26.127289,44.444925
2022-06-15 17:00:00,2022-06-15 18:00:00,17.29,9.474816259999999,32.99,23.6,44.0,0.0,1019.4,26.127289,44.444925
2022-06-15 18:00:00,2022-06-15 19:00:00,26.05,14.2752437,27.73,20.7,52.0,0.0,1019.6,26.127289,44.444925
2022-06-15 19:00:00,2022-06-15 20:00:00,31.38,17.19605172,32.81,18.4,65.0,0.0,1019.9,26.127289,44.444925
2022-06-15 20:00:00,2022-06-15 21:00:00,15.88,8.70214472,49.69,18.1,67.0,0.0,1020.2,26.127289,44.444925
2022-06-15 21:00:00,2022-06-15 22:00:00,18.27,10.01185038,54.35,17.9,69.0,0.0,1020.4,26.127289,44.444925
2022-06-15 22:00:00,2022-06-15 23:00:00,21.05,11.5352737,63.96,17.0,73.0,0.0,1020.5,26.127289,44.444925
2022-06-15 23:00:00,2022-06-16 00:00:00,25.77,14.12180538,62.79,15.6,81.0,0.0,1020.5,26.127289,44.444925
2022-06-16 00:00:00,2022-06-16 01:00:00,27.63,15.141074219999998,46.19,15.1,82.0,0.0,1020.5,26.127289,44.444925
2022-06-16 01:00:00,2022-06-16 02:00:00,20.83,11.41471502,31.73,14.8,87.0,0.0,1020.3,26.127289,44.444925
2022-06-16 02:00:00,2022-06-16 03:00:00,19.05,10.4392857,24.4,15.2,90.0,0.0,1020.3,26.127289,44.444925
2022-06-16 04:00:00,2022-06-16 05:00:00,27.55,15.0972347,47.58,14.5,98.0,0.0,1020.4,26.127289,44.444925
2022-06-16 05:00:00,2022-06-16 06:00:00,28.19,15.44795086,39.89,17.2,90.0,3.6,1020.2,26.127289,44.444925
2022-06-16 06:00:00,2022-06-16 07:00:00,31.38,17.19605172,42.11,21.5,64.0,0.0,1020.1,26.127289,44.444925
2022-06-16 07:00:00,2022-06-16 08:00:00,30.87,16.91657478,43.39,23.7,63.0,3.6,1020.4,26.127289,44.444925
2022-06-16 08:00:00,2022-06-16 09:00:00,22.81,12.49974314,32.07,24.0,52.0,3.6,1020.2,26.127289,44.444925
2022-06-16 09:00:00,2022-06-16 10:00:00,22.39,12.26958566,37.93,24.2,56.0,2.9,1020.4,26.127289,44.444925
2022-06-16 10:00:00,2022-06-16 11:00:00,19.66,10.77356204,25.86,24.7,49.0,0.0,1020.0,26.127289,44.444925
2022-06-16 11:00:00,2022-06-16 12:00:00,19.74,10.817401559999999,31.99,25.9,47.0,0.0,1019.6,26.127289,44.444925
2022-06-16 12:00:00,2022-06-16 13:00:00,19.38,10.620123719999999,36.05,27.3,43.0,3.6,1019.1,26.127289,44.444925
2022-06-16 13:00:00,2022-06-16 14:00:00,17.81,9.759773139999998,22.78,27.7,41.0,3.6,1018.7,26.127289,44.444925
2022-06-16 14:00:00,2022-06-16 15:00:00,17.91,9.81457254,22.29,27.7,40.0,3.6,1018.2,26.127289,44.444925
2022-06-16 15:00:00,2022-06-16 16:00:00,17.69,9.69401386,36.86,27.3,40.0,3.6,1017.8,26.127289,44.444925
2022-06-16 16:00:00,2022-06-16 17:00:00,17.71,9.70497374,28.46,27.0,39.0,7.2,1017.4,26.127289,44.444925
2022-06-16 17:00:00,2022-06-16 18:00:00,19.39,10.62560366,23.18,24.5,50.0,3.6,1017.4,26.127289,44.444925
2022-06-16 18:00:00,2022-06-16 19:00:00,18.07,9.90225158,35.07,23.4,52.0,0.0,1017.5,26.127289,44.444925
2022-06-16 19:00:00,2022-06-16 20:00:00,19.1,10.466685400000001,29.18,22.0,63.0,3.6,1017.4,26.127289,44.444925
2022-06-16 20:00:00,2022-06-16 21:00:00,26.59,14.57116046,40.98,20.6,68.0,0.0,1017.9,26.127289,44.444925
2022-06-16 21:00:00,2022-06-16 22:00:00,30.47,16.69737718,54.15,20.1,72.0,0.0,1017.9,26.127289,44.444925
2022-06-16 22:00:00,2022-06-16 23:00:00,33.12,18.149561279999997,63.3,20.6,72.0,3.6,1018.6,26.127289,44.444925
2022-06-16 23:00:00,2022-06-17 00:00:00,26.2,14.3574428,35.62,18.5,80.0,0.0,1018.4,26.127289,44.444925
2022-06-17 00:00:00,2022-06-17 01:00:00,23.44,12.84497936,29.33,20.0,71.0,3.6,1017.9,26.127289,44.444925
2022-06-17 01:00:00,2022-06-17 02:00:00,23.11,12.664141339999999,29.19,19.5,67.0,3.6,1017.5,26.127289,44.444925
2022-06-17 02:00:00,2022-06-17 03:00:00,18.02,9.87485188,20.13,17.6,76.0,0.0,1017.3,26.127289,44.444925
2022-06-17 03:00:00,2022-06-17 04:00:00,16.27,8.91586238,15.9,17.6,77.0,0.0,1017.4,26.127289,44.444925
2022-06-17 05:00:00,2022-06-17 06:00:00,15.31,8.38978814,27.05,18.5,77.0,3.6,1017.5,26.127289,44.444925
2022-06-17 06:00:00,2022-06-17 07:00:00,17.38,9.524135719999999,36.04,21.7,60.0,3.6,1017.1,26.127289,44.444925
2022-06-17 07:00:00,2022-06-17 08:00:00,24.28,13.30529432,42.91,22.6,56.0,3.6,1017.0,26.127289,44.444925
2022-06-17 08:00:00,2022-06-17 09:00:00,25.43,13.93548742,31.98,23.5,57.0,3.6,1016.9,26.127289,44.444925
2022-06-17 09:00:00,2022-06-17 10:00:00,27.81,15.23971314,30.0,26.4,51.0,3.6,1016.6,26.127289,44.444925
2022-06-17 10:00:00,2022-06-17 11:00:00,27.84,15.25615296,32.49,26.6,49.0,3.6,1016.2,26.127289,44.444925
2022-06-17 11:00:00,2022-06-17 12:00:00,22.95,12.5764623,19.11,28.6,40.0,3.6,1015.6,26.127289,44.444925
2022-06-17 12:00:00,2022-06-17 13:00:00,19.15,10.4940851,21.28,29.8,39.0,3.6,1015.1,26.127289,44.444925
2022-06-17 13:00:00,2022-06-17 14:00:00,21.53,11.798310820000001,30.65,28.1,41.0,3.6,1014.7,26.127289,44.444925
2022-06-17 14:00:00,2022-06-17 15:00:00,23.05,12.6312617,32.95,26.5,48.0,3.6,1014.9,26.127289,44.444925
2022-06-17 15:00:00,2022-06-17 16:00:00,22.95,12.5764623,34.44,20.8,85.0,7.2,1015.8,26.127289,44.444925
2022-06-17 16:00:00,2022-06-17 17:00:00,24.2,13.2614548,54.68,22.2,76.0,3.6,1015.2,26.127289,44.444925
2022-06-17 17:00:00,2022-06-17 18:00:00,23.93,13.113496419999999,52.88,20.6,79.0,3.6,1015.1,26.127289,44.444925
2022-06-17 18:00:00,2022-06-17 19:00:00,22.06,12.08874764,47.14,19.5,84.0,0.0,1015.3,26.127289,44.444925
2022-06-17 19:00:00,2022-06-17 20:00:00,25.4,13.919047599999999,52.38,19.3,78.0,0.0,1015.8,26.127289,44.444925
2022-06-17 20:00:00,2022-06-17 21:00:00,27.19,14.89995686,43.49,18.8,82.0,3.6,1016.7,26.127289,44.444925
2022-06-17 21:00:00,2022-06-17 22:00:00,25.31,13.86972814,47.49,18.3,86.0,0.0,1016.9,26.127289,44.444925
2022-06-17 22:00:00,2022-06-17 23:00:00,23.83,13.058697019999999,47.84,18.1,91.0,3.6,1017.7,26.127289,44.444925
2022-06-17 23:00:00,2022-06-18 00:00:00,25.39,13.91356766,32.72,17.5,88.0,3.6,1017.7,26.127289,44.444925
2022-06-18 00:00:00,2022-06-18 01:00:00,18.74,10.26940756,24.4,18.3,76.0,3.6,1017.7,26.127289,44.444925
2022-06-18 01:00:00,2022-06-18 02:00:00,15.73,8.61994562,21.86,17.9,79.0,3.6,1018.0,26.127289,44.444925
2022-06-18 02:00:00,2022-06-18 03:00:00,19.36,10.609163839999999,31.19,17.5,79.0,3.6,1017.7,26.127289,44.444925
2022-06-18 03:00:00,2022-06-18 04:00:00,16.81,9.211779139999999,25.02,17.8,75.0,3.6,1017.9,26.127289,44.444925
2022-06-18 04:00:00,2022-06-18 05:00:00,14.01,7.677395939999999,24.78,17.5,77.0,3.6,1018.5,26.127289,44.444925
2022-06-18 06:00:00,2022-06-18 07:00:00,16.24,8.89942256,32.06,19.6,70.0,3.6,1019.4,26.127289,44.444925
2022-06-18 07:00:00,2022-06-18 08:00:00,13.79,7.556837259999999,29.69,19.7,67.0,3.6,1019.8,26.127289,44.444925
2022-06-18 08:00:00,2022-06-18 09:00:00,13.68,7.49655792,31.65,21.8,61.0,3.6,1019.9,26.127289,44.444925
2022-06-18 09:00:00,2022-06-18 10:00:00,13.32,7.29928008,21.3,24.7,50.0,3.6,1019.8,26.127289,44.444925
2022-06-18 10:00:00,2022-06-18 11:00:00,15.29,8.378828259999999,20.97,24.3,49.0,3.6,1019.6,26.127289,44.444925
2022-06-18 11:00:00,2022-06-18 12:00:00,13.55,7.4253187,17.06,25.6,47.0,3.6,1019.3,26.127289,44.444925
2022-06-18 12:00:00,2022-06-18 13:00:00,13.93,7.63355642,23.43,26.6,38.0,3.6,1019.0,26.127289,44.444925
2022-06-18 13:00:00,2022-06-18 14:00:00,12.78,7.003363319999999,17.94,26.7,42.0,3.6,1018.7,26.127289,44.444925
2022-06-18 14:00:00,2022-06-18 15:00:00,12.24,6.70744656,17.53,26.9,39.0,3.6,1018.3,26.127289,44.444925
2022-06-18 15:00:00,2022-06-18 16:00:00,10.75,5.890935499999999,16.36,23.4,59.0,3.6,1018.4,26.127289,44.444925
2022-06-18 16:00:00,2022-06-18 17:00:00,12.85,7.0417229,22.02,22.9,52.0,3.6,1018.5,26.127289,44.444925
2022-06-18 17:00:00,2022-06-18 18:00:00,13.24,7.25544056,24.47,21.6,57.0,0.0,1018.7,26.127289,44.444925
2022-06-18 18:00:00,2022-06-18 19:00:00,26.15,14.3300431,21.79,20.4,57.0,0.0,1018.9,26.127289,44.444925
2022-06-18 19:00:00,2022-06-18 20:00:00,22.97,12.587422179999999,29.17,19.2,67.0,0.0,1019.4,26.127289,44.444925
2022-06-18 20:00:00,2022-06-18 21:00:00,19.85,10.8776809,29.62,17.9,69.0,0.0,1019.9,26.127289,44.444925
2022-06-18 21:00:00,2022-06-18 22:00:00,21.08,11.551713519999998,31.08,16.3,76.0,0.0,1020.0,26.127289,44.444925
2022-06-18 22:00:00,2022-06-18 23:00:00,16.42,8.99806148,34.83,15.7,80.0,0.0,1020.0,26.127289,44.444925
2022-06-18 23:00:00,2022-06-19 00:00:00,13.47,7.38147918,30.48,15.4,82.0,0.0,1020.1,26.127289,44.444925
2022-06-19 00:00:00,2022-06-19 01:00:00,14.48,7.93495312,28.36,15.3,86.0,0.0,1020.3,26.127289,44.444925
2022-06-19 01:00:00,2022-06-19 02:00:00,16.57,9.08026058,22.54,14.7,92.0,0.0,1020.2,26.127289,44.444925
2022-06-19 02:00:00,2022-06-19 03:00:00,22.91,12.55454254,25.79,14.9,91.0,3.6,1020.4,26.127289,44.444925
2022-06-19 03:00:00,2022-06-19 04:00:00,17.06,9.34877764,24.68,13.8,97.0,3.6,1020.5,26.127289,44.444925
2022-06-19 04:00:00,2022-06-19 05:00:00,15.98,8.75694412,23.65,13.9,95.0,0.0,1020.8,26.127289,44.444925
2022-06-19 05:00:00,2022-06-19 06:00:00,13.69,7.50203786,18.39,16.4,82.0,3.6,1020.8,26.127289,44.444925
2022-06-19 07:00:00,2022-06-19 08:00:00,12.19,6.680046859999999,20.15,24.6,46.0,3.6,1020.5,26.127289,44.444925
2022-06-19 08:00:00,2022-06-19 09:00:00,9.7,5.315541799999999,17.39,25.3,39.0,3.6,1020.2,26.127289,44.444925
2022-06-19 09:00:00,2022-06-19 10:00:00,8.84,4.84426696,12.76,26.5,36.0,3.6,1019.8,26.127289,44.444925
2022-06-19 10:00:00,2022-06-19 11:00:00,8.54,4.67986876,12.62,28.0,36.0,3.6,1019.4,26.127289,44.444925
2022-06-19 11:00:00,2022-06-19 12:00:00,9.58,5.24978252,10.82,26.7,40.0,3.6,1019.0,26.127289,44.444925
2022-06-19 12:00:00,2022-06-19 13:00:00,9.56,5.23882264,12.75,27.7,36.0,3.6,1018.7,26.127289,44.444925
2022-06-19 13:00:00,2022-06-19 14:00:00,10.06,5.51281964,9.49,28.7,33.0,0.0,1018.2,26.127289,44.444925
2022-06-19 14:00:00,2022-06-19 15:00:00,11.41,6.25261154,13.17,27.6,32.0,3.6,1017.7,26.127289,44.444925
2022-06-19 15:00:00,2022-06-19 16:00:00,9.94,5.447060359999999,11.43,29.7,29.0,0.0,1017.1,26.127289,44.444925
2022-06-19 16:00:00,2022-06-19 17:00:00,9.16,5.01962504,13.04,29.0,28.0,3.6,1016.8,26.127289,44.444925
2022-06-19 17:00:00,2022-06-19 18:00:00,11.08,6.07177352,13.65,26.2,38.0,0.0,1016.7,26.127289,44.444925
2022-06-19 18:00:00,2022-06-19 19:00:00,10.58,5.79777652,15.77,22.6,44.0,0.0,1016.9,26.127289,44.444925
2022-06-19 19:00:00,2022-06-19 20:00:00,17.8,9.7542932,26.26,21.3,51.0,3.6,1017.0,26.127289,44.444925
2022-06-19 20:00:00,2022-06-19 21:00:00,26.09,14.29716346,44.01,19.9,60.0,0.0,1017.2,26.127289,44.444925
2022-06-19 21:00:00,2022-06-19 22:00:00,33.86,18.555076839999998,70.45,18.4,63.0,0.0,1017.1,26.127289,44.444925
2022-06-19 22:00:00,2022-06-19 23:00:00,50.14,27.47641916,57.93,18.0,65.0,0.0,1016.9,26.127289,44.444925
2022-06-19 23:00:00,2022-06-20 00:00:00,61.07,33.465993579999996,44.07,17.9,67.0,0.0,1016.6,26.127289,44.444925
2022-06-20 00:00:00,2022-06-20 01:00:00,24.32,13.32721408,42.74,17.4,70.0,0.0,1016.3,26.127289,44.444925
2022-06-20 01:00:00,2022-06-20 02:00:00,17.6,9.6446944,32.99,16.5,72.0,0.0,1015.8,26.127289,44.444925
2022-06-20 02:00:00,2022-06-20 03:00:00,18.27,10.01185038,28.84,15.4,78.0,0.0,1015.5,26.127289,44.444925
2022-06-20 03:00:00,2022-06-20 04:00:00,21.14,11.58459316,33.86,16.0,77.0,0.0,1015.4,26.127289,44.444925
2022-06-20 04:00:00,2022-06-20 05:00:00,18.6,10.1926884,33.61,16.2,80.0,0.0,1015.5,26.127289,44.444925
2022-06-20 05:00:00,2022-06-20 06:00:00,23.73,13.00389762,38.21,18.5,72.0,0.0,1015.2,26.127289,44.444925
2022-06-20 06:00:00,2022-06-20 07:00:00,23.16,12.691541039999999,53.98,21.8,60.0,3.6,1014.9,26.127289,44.444925
2022-06-20 08:00:00,2022-06-20 09:00:00,31.99,17.53032806,55.23,26.0,43.0,3.6,1014.0,26.127289,44.444925
2022-06-20 09:00:00,2022-06-20 10:00:00,27.87,15.27259278,44.69,27.3,42.0,3.6,1013.6,26.127289,44.444925
2022-06-20 10:00:00,2022-06-20 11:00:00,46.21,25.32280274,35.69,27.7,40.0,3.6,1013.4,26.127289,44.444925
2022-06-20 11:00:00,2022-06-20 12:00:00,28.79,15.776747259999999,42.28,29.1,44.0,0.0,1012.7,26.127289,44.444925
2022-06-20 12:00:00,2022-06-20 13:00:00,20.98,11.49691412,30.19,30.2,35.0,0.0,1012.0,26.127289,44.444925
2022-06-20 13:00:00,2022-06-20 14:00:00,23.37,12.80661978,51.55,30.1,34.0,3.6,1011.4,26.127289,44.444925
2022-06-20 14:00:00,2022-06-20 15:00:00,22.88,12.53810272,45.54,29.0,42.0,3.6,1010.7,26.127289,44.444925
2022-06-20 15:00:00,2022-06-20 16:00:00,24.36,13.349133839999999,60.35,25.8,49.0,0.0,1010.6,26.127289,44.444925
2022-06-20 16:00:00,2022-06-20 17:00:00,27.45,15.0424353,75.34,29.2,32.0,3.6,1009.9,26.127289,44.444925
2022-06-20 17:00:00,2022-06-20 18:00:00,24.73,13.55189162,69.04,26.4,43.0,3.6,1010.1,26.127289,44.444925
2022-06-20 18:00:00,2022-06-20 19:00:00,26.15,14.3300431,68.21,25.5,42.0,3.6,1010.1,26.127289,44.444925
2022-06-20 19:00:00,2022-06-20 20:00:00,28.38,15.552069719999999,65.46,24.2,43.0,3.6,1009.9,26.127289,44.444925
2022-06-20 20:00:00,2022-06-20 21:00:00,30.21,16.55489874,62.67,22.5,45.0,0.0,1010.3,26.127289,44.444925
2022-06-20 21:00:00,2022-06-20 22:00:00,24.78,13.57929132,57.53,19.2,74.0,7.2,1010.3,26.127289,44.444925
2022-06-20 22:00:00,2022-06-20 23:00:00,25.0,13.69985,58.68,22.3,50.0,3.6,1009.4,26.127289,44.444925
2022-06-20 23:00:00,2022-06-21 00:00:00,21.16,11.59555304,32.41,20.7,61.0,3.6,1009.3,26.127289,44.444925
2022-06-21 00:00:00,2022-06-21 01:00:00,20.16,11.04755904,18.91,18.6,73.0,3.6,1009.0,26.127289,44.444925
2022-06-21 01:00:00,2022-06-21 02:00:00,26.18,14.34648292,19.73,18.3,77.0,3.6,1008.8,26.127289,44.444925
2022-06-21 02:00:00,2022-06-21 03:00:00,23.27,12.75182038,14.76,17.4,82.0,3.6,1008.2,26.127289,44.444925
2022-06-21 03:00:00,2022-06-21 04:00:00,22.4,12.2750656,13.94,17.3,83.0,3.6,1007.9,26.127289,44.444925
2022-06-21 04:00:00,2022-06-21 05:00:00,23.17,12.697020980000001,15.78,17.9,81.0,3.6,1007.3,26.127289,44.444925
2022-06-21 05:00:00,2022-06-21 06:00:00,32.19,17.63992686,27.1,19.3,75.0,3.6,1007.1,26.127289,44.444925
2022-06-21 06:00:00,2022-06-21 07:00:00,42.7,23.3993438,34.98,21.9,66.0,7.2,1006.7,26.127289,44.444925
2022-06-21 07:00:00,2022-06-21 08:00:00,50.19,27.50381886,33.13,24.9,60.0,7.2,1006.6,26.127289,44.444925
2022-06-21 09:00:00,2022-06-21 10:00:00,41.34,22.65407196,26.06,30.3,47.0,7.2,1006.2,26.127289,44.444925
2022-06-21 10:00:00,2022-06-21 11:00:00,33.77,18.505757380000002,22.44,32.4,37.0,3.6,1005.9,26.127289,44.444925
2022-06-21 11:00:00,2022-06-21 12:00:00,28.87,15.82058678,22.63,33.4,33.0,3.6,1005.2,26.127289,44.444925
2022-06-21 12:00:00,2022-06-21 13:00:00,27.5,15.069835,24.23,33.5,32.0,7.2,1004.8,26.127289,44.444925
2022-06-21 13:00:00,2022-06-21 14:00:00,27.11,14.856117339999999,19.23,35.0,31.0,3.6,1004.1,26.127289,44.444925
2022-06-21 14:00:00,2022-06-21 15:00:00,22.92,12.56002248,25.09,32.8,34.0,3.6,1003.8,26.127289,44.444925
2022-06-21 15:00:00,2022-06-21 16:00:00,36.2,19.8373828,41.34,27.1,31.0,0.0,1004.2,26.127289,44.444925
2022-06-21 16:00:00,2022-06-21 17:00:00,37.93,20.78541242,57.43,31.1,38.0,3.6,1004.1,26.127289,44.444925
2022-06-22 13:00:00,2022-06-22 14:00:00,15.7,8.603505799999999,36.91,28.7,23.0,3.6,1008.2,26.127289,44.444925
2022-06-22 14:00:00,2022-06-22 15:00:00,12.94,7.091042359999999,37.93,29.4,28.0,3.6,1008.0,26.127289,44.444925
2022-06-22 15:00:00,2022-06-22 16:00:00,10.85,5.9457349,44.16,28.4,32.0,3.6,1007.9,26.127289,44.444925
2022-06-22 16:00:00,2022-06-22 17:00:00,10.68,5.85257592,40.66,27.9,33.0,3.6,1008.1,26.127289,44.444925
2022-06-22 17:00:00,2022-06-22 18:00:00,12.02,6.58688788,49.15,25.7,35.0,3.6,1008.2,26.127289,44.444925
2022-06-22 18:00:00,2022-06-22 19:00:00,12.71,6.96500374,44.46,22.9,46.0,3.6,1008.9,26.127289,44.444925
2022-06-22 19:00:00,2022-06-22 20:00:00,11.22,6.14849268,52.73,20.6,50.0,3.6,1009.3,26.127289,44.444925
2022-06-22 20:00:00,2022-06-22 21:00:00,16.25,8.9049025,50.01,19.6,49.0,3.6,1010.2,26.127289,44.444925
2022-06-22 21:00:00,2022-06-22 22:00:00,20.68,11.332515919999999,46.01,18.1,48.0,0.0,1010.8,26.127289,44.444925
2022-06-22 22:00:00,2022-06-22 23:00:00,12.12,6.641687279999999,34.2,17.1,52.0,0.0,1011.1,26.127289,44.444925
2022-06-22 23:00:00,2022-06-23 00:00:00,20.39,11.17359766,27.71,16.5,53.0,0.0,1011.3,26.127289,44.444925
2022-06-23 00:00:00,2022-06-23 01:00:00,20.96,11.48595424,30.15,16.1,60.0,3.6,1011.3,26.127289,44.444925
2022-06-23 01:00:00,2022-06-23 02:00:00,21.9,12.001068599999998,39.14,14.8,68.0,0.0,1011.5,26.127289,44.444925
2022-06-23 02:00:00,2022-06-23 03:00:00,25.1,13.7546494,33.63,14.4,76.0,0.0,1011.3,26.127289,44.444925
2022-06-23 03:00:00,2022-06-23 04:00:00,21.67,11.87502998,24.99,14.8,70.0,0.0,1011.4,26.127289,44.444925
2022-06-23 04:00:00,2022-06-23 05:00:00,31.76,17.40428944,27.42,14.2,75.0,0.0,1011.7,26.127289,44.444925
2022-06-23 05:00:00,2022-06-23 06:00:00,31.58,17.305650519999997,35.37,17.5,67.0,0.0,1012.0,26.127289,44.444925
2022-06-23 06:00:00,2022-06-23 07:00:00,32.45,17.7824053,50.86,22.7,41.0,3.6,1012.5,26.127289,44.444925
2022-06-23 07:00:00,2022-06-23 08:00:00,25.82,14.14920508,45.07,24.3,36.0,7.2,1012.2,26.127289,44.444925
2022-06-23 08:00:00,2022-06-23 09:00:00,21.15,11.5900731,29.75,25.3,33.0,7.2,1011.7,26.127289,44.444925
2022-06-23 09:00:00,2022-06-23 10:00:00,20.7,11.343475799999998,24.06,25.5,33.0,3.6,1011.3,26.127289,44.444925
2022-06-23 10:00:00,2022-06-23 11:00:00,18.28,10.017330320000001,23.71,27.1,30.0,11.2,1011.0,26.127289,44.444925
2022-06-23 11:00:00,2022-06-23 12:00:00,20.01,10.96535994,24.67,26.1,35.0,3.6,1011.4,26.127289,44.444925
2022-06-23 12:00:00,2022-06-23 13:00:00,19.01,10.41736594,17.05,25.9,31.0,3.6,1011.5,26.127289,44.444925
2022-06-23 14:00:00,2022-06-23 15:00:00,22.59,12.37918446,24.96,27.9,37.0,3.6,1011.1,26.127289,44.444925
2022-06-23 15:00:00,2022-06-23 16:00:00,15.96,8.74598424,20.53,27.0,33.0,3.6,1011.2,26.127289,44.444925
2022-06-23 16:00:00,2022-06-23 17:00:00,14.44,7.913033359999999,18.66,27.1,35.0,3.6,1011.2,26.127289,44.444925
2022-06-23 17:00:00,2022-06-23 18:00:00,16.15,8.850103099999998,21.02,25.9,36.0,3.6,1011.5,26.127289,44.444925
2022-06-23 18:00:00,2022-06-23 19:00:00,17.99,9.85841206,20.98,24.5,39.0,3.6,1012.0,26.127289,44.444925
2022-06-23 19:00:00,2022-06-23 20:00:00,22.68,12.428503919999999,30.51,20.2,50.0,0.0,1012.6,26.127289,44.444925
2022-06-23 20:00:00,2022-06-23 21:00:00,34.13,18.70303522,55.65,18.3,56.0,0.0,1013.1,26.127289,44.444925
2022-06-23 21:00:00,2022-06-23 22:00:00,32.49,17.80432506,66.31,19.6,55.0,0.0,1013.8,26.127289,44.444925
2022-06-23 22:00:00,2022-06-23 23:00:00,25.46,13.95192724,36.43,18.8,57.0,3.6,1014.0,26.127289,44.444925
2022-06-23 23:00:00,2022-06-24 00:00:00,27.31,14.96571614,38.59,16.6,66.0,0.0,1014.0,26.127289,44.444925
2022-06-24 00:00:00,2022-06-24 01:00:00,27.68,15.168473919999999,33.57,18.3,64.0,8.3,1013.0,26.127289,44.444925
2022-06-24 01:00:00,2022-06-24 02:00:00,23.47,12.861419179999999,30.68,16.0,69.0,0.0,1014.1,26.127289,44.444925
2022-06-24 02:00:00,2022-06-24 03:00:00,20.02,10.97083988,27.81,15.4,70.0,0.0,1014.0,26.127289,44.444925
2022-06-24 03:00:00,2022-06-24 04:00:00,25.38,13.90808772,37.92,15.1,74.0,0.0,1013.7,26.127289,44.444925
2022-06-24 04:00:00,2022-06-24 05:00:00,29.94,16.40694036,40.38,15.8,75.0,3.6,1013.7,26.127289,44.444925
2022-06-24 05:00:00,2022-06-24 06:00:00,36.16,19.815463039999997,45.09,18.5,69.0,3.6,1014.0,26.127289,44.444925
2022-06-24 06:00:00,2022-06-24 07:00:00,26.5,14.521841,37.58,22.2,52.0,3.6,1014.3,26.127289,44.444925
2022-06-24 07:00:00,2022-06-24 08:00:00,24.67,13.51901198,32.87,24.7,43.0,3.6,1014.3,26.127289,44.444925
2022-06-24 08:00:00,2022-06-24 09:00:00,22.3,12.2202662,34.07,25.9,41.0,3.6,1014.2,26.127289,44.444925
2022-06-24 09:00:00,2022-06-24 10:00:00,19.73,10.81192162,26.28,27.1,39.0,3.6,1013.8,26.127289,44.444925
2022-06-24 10:00:00,2022-06-24 11:00:00,20.3,11.124278200000001,23.81,27.9,34.0,3.6,1013.7,26.127289,44.444925
2022-06-24 11:00:00,2022-06-24 12:00:00,19.87,10.88864078,31.02,29.2,35.0,0.0,1013.4,26.127289,44.444925
2022-06-24 12:00:00,2022-06-24 13:00:00,18.42,10.09404948,36.03,28.9,38.0,3.6,1013.0,26.127289,44.444925
2022-06-24 13:00:00,2022-06-24 14:00:00,13.67,7.49107798,29.78,27.5,38.0,0.0,1013.0,26.127289,44.444925
2022-06-24 15:00:00,2022-06-24 16:00:00,15.25,8.3569085,25.96,30.4,28.0,3.6,1012.0,26.127289,44.444925
2022-06-24 16:00:00,2022-06-24 17:00:00,14.4,7.8911136,19.95,29.5,28.0,3.6,1011.8,26.127289,44.444925
2022-06-24 17:00:00,2022-06-24 18:00:00,14.11,7.73219534,20.56,28.7,32.0,3.6,1011.9,26.127289,44.444925
2022-06-24 18:00:00,2022-06-24 19:00:00,15.31,8.38978814,28.35,26.0,37.0,3.6,1012.2,26.127289,44.444925
2022-06-24 19:00:00,2022-06-24 20:00:00,13.48,7.38695912,31.4,23.4,48.0,3.6,1012.2,26.127289,44.444925
2022-06-24 20:00:00,2022-06-24 21:00:00,34.26,18.77427444,57.74,21.3,54.0,0.0,1012.5,26.127289,44.444925
2022-06-24 21:00:00,2022-06-24 22:00:00,37.2,20.3853768,61.78,19.9,60.0,0.0,1012.7,26.127289,44.444925
2022-06-24 22:00:00,2022-06-24 23:00:00,33.51,18.363278939999997,59.77,20.7,61.0,0.0,1012.8,26.127289,44.444925
2022-06-24 23:00:00,2022-06-25 00:00:00,31.32,17.16317208,49.92,19.2,64.0,0.0,1012.9,26.127289,44.444925
2022-06-25 00:00:00,2022-06-25 01:00:00,28.59,15.66714846,48.56,20.0,63.0,0.0,1012.6,26.127289,44.444925
2022-06-25 01:00:00,2022-06-25 02:00:00,23.85,13.0696569,45.46,20.6,60.0,0.0,1012.5,26.127289,44.444925
2022-06-25 02:00:00,2022-06-25 03:00:00,21.1,11.5626734,36.89,20.0,60.0,0.0,1012.5,26.127289,44.444925
2022-06-25 03:00:00,2022-06-25 04:00:00,22.05,12.0832677,33.72,18.3,65.0,0.0,1013.0,26.127289,44.444925
2022-06-25 04:00:00,2022-06-25 05:00:00,19.16,10.49956504,28.63,19.2,65.0,0.0,1013.2,26.127289,44.444925
2022-06-25 05:00:00,2022-06-25 06:00:00,20.34,11.14619796,25.79,20.7,66.0,3.6,1013.2,26.127289,44.444925
2022-06-25 06:00:00,2022-06-25 07:00:00,20.59,11.28319646,24.48,22.4,63.0,0.0,1013.6,26.127289,44.444925
2022-06-25 07:00:00,2022-06-25 08:00:00,23.4,12.823059599999999,23.64,25.8,48.0,0.0,1013.6,26.127289,44.444925
2022-06-25 08:00:00,2022-06-25 09:00:00,20.33,11.14071802,24.67,27.7,42.0,0.0,1013.2,26.127289,44.444925
2022-06-25 09:00:00,2022-06-25 10:00:00,21.02,11.518833879999999,29.36,28.3,37.0,3.6,1013.1,26.127289,44.444925
2022-06-25 10:00:00,2022-06-25 11:00:00,22.36,12.253145839999998,22.13,29.0,37.0,3.6,1013.1,26.127289,44.444925
2022-06-25 11:00:00,2022-06-25 12:00:00,22.18,12.15450692,21.87,28.1,47.0,3.6,1012.9,26.127289,44.444925
2022-06-25 12:00:00,2022-06-25 13:00:00,19.98,10.94892012,22.65,28.5,38.0,0.0,1012.8,26.127289,44.444925
2022-06-25 13:00:00,2022-06-25 14:00:00,20.49,11.228397059999999,24.75,28.8,36.0,3.6,1012.6,26.127289,44.444925
2022-06-25 14:00:00,2022-06-25 15:00:00,18.31,10.03377014,21.11,29.4,40.0,0.0,1012.3,26.127289,44.444925
2022-06-25 16:00:00,2022-06-25 17:00:00,20.17,11.05303898,30.22,27.1,43.0,3.6,1012.0,26.127289,44.444925
2022-06-25 17:00:00,2022-06-25 18:00:00,28.61,15.67810834,37.64,26.0,47.0,0.0,1012.1,26.127289,44.444925
2022-06-25 18:00:00,2022-06-25 19:00:00,32.79,17.968723259999997,36.17,25.1,49.0,3.6,1012.1,26.127289,44.444925
2022-06-25 19:00:00,2022-06-25 20:00:00,35.43,19.41542742,45.87,24.2,50.0,0.0,1012.7,26.127289,44.444925
2022-06-25 20:00:00,2022-06-25 21:00:00,30.24,16.571338559999997,44.21,22.3,57.0,0.0,1013.3,26.127289,44.444925
2022-06-25 21:00:00,2022-06-25 22:00:00,26.79,14.680759259999999,47.63,21.6,60.0,0.0,1013.2,26.127289,44.444925
2022-06-25 22:00:00,2022-06-25 23:00:00,26.33,14.428682019999998,45.48,20.6,64.0,0.0,1013.2,26.127289,44.444925
2022-06-25 23:00:00,2022-06-26 00:00:00,30.63,16.785056219999998,42.25,19.9,68.0,0.0,1013.4,26.127289,44.444925
2022-06-26 00:00:00,2022-06-26 01:00:00,42.24,23.147266560000002,40.67,20.0,71.0,0.0,1013.6,26.127289,44.444925
2022-06-26 01:00:00,2022-06-26 02:00:00,34.77,19.05375138,28.88,18.9,82.0,0.0,1013.9,26.127289,44.444925
2022-06-26 02:00:00,2022-06-26 03:00:00,26.83,14.702679019999998,24.28,18.6,84.0,3.6,1014.3,26.127289,44.444925
2022-06-26 03:00:00,2022-06-26 04:00:00,29.9,16.385020599999997,29.58,17.9,89.0,0.0,1014.5,26.127289,44.444925
2022-06-26 04:00:00,2022-06-26 05:00:00,33.07,18.12216158,27.79,19.2,87.0,0.0,1014.5,26.127289,44.444925
2022-06-26 05:00:00,2022-06-26 06:00:00,30.52,16.72477688,22.43,20.3,80.0,3.6,1014.8,26.127289,44.444925
2022-06-26 06:00:00,2022-06-26 07:00:00,31.02,16.998773879999998,24.5,20.9,76.0,0.0,1015.1,26.127289,44.444925
2022-06-26 07:00:00,2022-06-26 08:00:00,33.1,18.1386014,20.32,21.9,75.0,3.6,1015.3,26.127289,44.444925
2022-06-26 08:00:00,2022-06-26 09:00:00,29.65,16.2480221,21.03,23.2,69.0,0.0,1015.4,26.127289,44.444925
2022-06-26 09:00:00,2022-06-26 10:00:00,31.0,16.987814,22.43,25.8,59.0,0.0,1015.5,26.127289,44.444925
2022-06-26 10:00:00,2022-06-26 11:00:00,30.66,16.80149604,28.02,28.3,51.0,3.6,1015.4,26.127289,44.444925
2022-06-26 11:00:00,2022-06-26 12:00:00,26.63,14.59308022,19.08,26.6,51.0,3.6,1015.4,26.127289,44.444925
2022-06-26 12:00:00,2022-06-26 13:00:00,26.88,14.730078719999998,14.5,24.9,60.0,7.2,1015.5,26.127289,44.444925
2022-06-26 13:00:00,2022-06-26 14:00:00,27.45,15.0424353,13.64,24.3,59.0,7.2,1016.0,26.127289,44.444925
2022-06-26 14:00:00,2022-06-26 15:00:00,20.33,11.14071802,24.98,25.9,52.0,3.6,1016.4,26.127289,44.444925
2022-06-26 15:00:00,2022-06-26 16:00:00,10.25,5.6169385,28.7,19.7,88.0,3.6,1016.4,26.127289,44.444925
2022-06-26 17:00:00,2022-06-26 18:00:00,17.45,9.5624953,30.14,21.2,77.0,3.6,1015.9,26.127289,44.444925
2022-06-26 18:00:00,2022-06-26 19:00:00,17.35,9.5076959,24.45,20.4,76.0,3.6,1016.1,26.127289,44.444925
2022-06-26 19:00:00,2022-06-26 20:00:00,14.96,8.19799024,26.7,19.5,77.0,3.6,1016.7,26.127289,44.444925
2022-06-26 20:00:00,2022-06-26 21:00:00,13.07,7.16228158,28.3,17.9,83.0,0.0,1017.3,26.127289,44.444925
2022-06-26 21:00:00,2022-06-26 22:00:00,13.14,7.20064116,26.26,17.3,90.0,0.0,1017.6,26.127289,44.444925
2022-06-26 22:00:00,2022-06-26 23:00:00,12.77,6.997883379999999,31.56,16.8,93.0,3.6,1017.5,26.127289,44.444925
2022-06-26 23:00:00,2022-06-27 00:00:00,12.26,6.71840644,21.76,16.6,94.0,3.6,1017.5,26.127289,44.444925
2022-06-27 00:00:00,2022-06-27 01:00:00,13.13,7.19516122,20.36,16.6,93.0,3.6,1017.5,26.127289,44.444925
2022-06-27 01:00:00,2022-06-27 02:00:00,13.42,7.354079479999999,16.97,16.7,93.0,0.0,1017.5,26.127289,44.444925
2022-06-27 02:00:00,2022-06-27 03:00:00,14.66,8.03359204,18.93,16.7,91.0,0.0,1017.4,26.127289,44.444925
2022-06-27 03:00:00,2022-06-27 04:00:00,16.3,8.9323022,17.4,16.4,91.0,0.0,1017.5,26.127289,44.444925
2022-06-27 04:00:00,2022-06-27 05:00:00,17.53,9.60633482,16.96,16.8,90.0,0.0,1017.9,26.127289,44.444925
2022-06-27 05:00:00,2022-06-27 06:00:00,18.38,10.07212972,22.72,19.5,75.0,3.6,1018.0,26.127289,44.444925
2022-06-27 06:00:00,2022-06-27 07:00:00,20.85,11.4256749,34.04,23.0,64.0,3.6,1018.0,26.127289,44.444925
2022-06-27 07:00:00,2022-06-27 08:00:00,21.62,11.84763028,34.53,25.7,56.0,3.6,1018.2,26.127289,44.444925
2022-06-27 08:00:00,2022-06-27 09:00:00,19.53,10.702322820000001,35.2,27.5,51.0,3.6,1018.1,26.127289,44.444925
2022-06-27 09:00:00,2022-06-27 10:00:00,19.52,10.69684288,39.95,28.7,47.0,3.6,1017.8,26.127289,44.444925
2022-06-27 10:00:00,2022-06-27 11:00:00,17.19,9.42001686,34.03,27.9,45.0,3.6,1017.5,26.127289,44.444925
2022-06-27 11:00:00,2022-06-27 12:00:00,16.26,8.910382440000001,31.9,28.8,40.0,3.6,1017.3,26.127289,44.444925
2022-06-27 12:00:00,2022-06-27 13:00:00,16.1,8.8227034,27.83,31.1,37.0,3.6,1016.7,26.127289,44.444925
2022-06-27 13:00:00,2022-06-27 14:00:00,15.87,8.696664779999999,28.67,31.8,39.0,3.6,1016.2,26.127289,44.444925
2022-06-27 14:00:00,2022-06-27 15:00:00,16.16,8.855583039999999,23.62,31.2,38.0,3.6,1016.1,26.127289,44.444925
2022-06-27 15:00:00,2022-06-27 16:00:00,19.76,10.82836144,38.92,30.4,39.0,3.6,1015.7,26.127289,44.444925
2022-06-27 16:00:00,2022-06-27 17:00:00,18.97,10.395446179999999,28.58,25.3,62.0,3.6,1016.6,26.127289,44.444925
2022-06-27 18:00:00,2022-06-27 19:00:00,19.56,10.71876264,46.64,24.0,69.0,3.6,1016.9,26.127289,44.444925
2022-06-27 19:00:00,2022-06-27 20:00:00,21.2,11.6174728,36.78,23.4,75.0,3.6,1017.0,26.127289,44.444925
2022-06-27 20:00:00,2022-06-27 21:00:00,21.39,11.72159166,34.65,22.4,74.0,0.0,1017.1,26.127289,44.444925
2022-06-27 21:00:00,2022-06-27 22:00:00,21.35,11.6996719,38.0,22.5,70.0,3.6,1017.3,26.127289,44.444925
2022-06-27 22:00:00,2022-06-27 23:00:00,18.7,10.2474878,28.98,22.2,74.0,3.6,1016.8,26.127289,44.444925
2022-06-27 23:00:00,2022-06-28 00:00:00,16.57,9.08026058,19.56,21.7,75.0,3.6,1016.7,26.127289,44.444925
2022-06-28 00:00:00,2022-06-28 01:00:00,15.96,8.74598424,14.77,21.9,73.0,3.6,1016.8,26.127289,44.444925
2022-06-28 01:00:00,2022-06-28 02:00:00,15.45,8.4665073,12.31,21.0,75.0,3.6,1016.7,26.127289,44.444925
2022-06-28 02:00:00,2022-06-28 03:00:00,17.19,9.42001686,14.4,19.7,80.0,3.6,1016.6,26.127289,44.444925
2022-06-28 03:00:00,2022-06-28 04:00:00,16.65,9.1241001,16.09,19.6,79.0,0.0,1016.6,26.127289,44.444925
2022-06-28 04:00:00,2022-06-28 05:00:00,18.18,9.962530919999999,21.08,20.5,76.0,0.0,1016.9,26.127289,44.444925
2022-06-28 05:00:00,2022-06-28 06:00:00,19.97,10.94344018,27.47,21.6,74.0,0.0,1016.7,26.127289,44.444925
2022-06-28 06:00:00,2022-06-28 07:00:00,22.57,12.36822458,38.34,22.6,76.0,0.0,1016.8,26.127289,44.444925
2022-06-28 07:00:00,2022-06-28 08:00:00,28.04,15.365751759999998,48.69,26.5,57.0,3.6,1017.2,26.127289,44.444925
2022-06-28 08:00:00,2022-06-28 09:00:00,31.06,17.020693639999998,47.25,24.7,67.0,3.6,1017.2,26.127289,44.444925
2022-06-28 09:00:00,2022-06-28 10:00:00,33.5,18.357799,51.26,22.9,82.0,0.0,1017.6,26.127289,44.444925
2022-06-28 10:00:00,2022-06-28 11:00:00,36.61,20.06206034,55.17,22.8,92.0,0.0,1017.6,26.127289,44.444925
2022-06-28 11:00:00,2022-06-28 12:00:00,37.42,20.50593548,68.0,22.4,91.0,3.6,1017.3,26.127289,44.444925
2022-06-28 12:00:00,2022-06-28 13:00:00,39.2,21.4813648,61.03,22.8,80.0,0.0,1016.9,26.127289,44.444925
2022-06-28 13:00:00,2022-06-28 14:00:00,31.84,17.44812896,42.76,24.2,71.0,3.6,1016.2,26.127289,44.444925
2022-06-28 14:00:00,2022-06-28 15:00:00,25.78,14.12728532,51.23,27.9,53.0,3.6,1015.6,26.127289,44.444925
2022-06-28 15:00:00,2022-06-28 16:00:00,20.09,11.00919946,32.3,30.3,40.0,3.6,1015.1,26.127289,44.444925
2022-06-28 16:00:00,2022-06-28 17:00:00,18.62,10.20364828,27.12,29.9,40.0,3.6,1014.7,26.127289,44.444925
2022-06-28 17:00:00,2022-06-28 18:00:00,21.74,11.913389559999999,26.25,29.0,41.0,3.6,1014.8,26.127289,44.444925
2022-06-28 19:00:00,2022-06-28 20:00:00,22.64,12.40658416,35.46,25.7,54.0,0.0,1015.2,26.127289,44.444925
2022-06-28 20:00:00,2022-06-28 21:00:00,24.26,13.29433444,33.43,24.9,56.0,3.6,1015.7,26.127289,44.444925
2022-06-28 21:00:00,2022-06-28 22:00:00,30.5,16.713817,35.76,24.1,61.0,3.6,1015.9,26.127289,44.444925
2022-06-28 22:00:00,2022-06-28 23:00:00,22.69,12.43398386,31.67,22.8,67.0,3.6,1015.9,26.127289,44.444925
2022-06-28 23:00:00,2022-06-29 00:00:00,20.11,11.02015934,29.69,22.0,71.0,3.6,1015.9,26.127289,44.444925
2022-06-29 00:00:00,2022-06-29 01:00:00,18.18,9.962530919999999,21.27,20.1,79.0,3.6,1016.2,26.127289,44.444925
2022-06-29 01:00:00,2022-06-29 02:00:00,19.08,10.455725519999998,17.26,19.7,80.0,3.6,1016.2,26.127289,44.444925
2022-06-29 02:00:00,2022-06-29 03:00:00,20.68,11.332515919999999,21.52,18.0,88.0,3.6,1016.0,26.127289,44.444925
2022-06-29 03:00:00,2022-06-29 04:00:00,22.15,12.138067099999999,18.31,17.9,92.0,3.6,1016.3,26.127289,44.444925
2022-06-29 04:00:00,2022-06-29 05:00:00,24.03,13.16829582,23.13,18.0,93.0,3.6,1016.3,26.127289,44.444925
2022-06-29 05:00:00,2022-06-29 06:00:00,26.22,14.368402679999999,27.43,20.3,86.0,0.0,1016.5,26.127289,44.444925
2022-06-29 06:00:00,2022-06-29 07:00:00,29.33,16.072664019999998,37.71,24.9,68.0,3.6,1016.4,26.127289,44.444925
2022-06-29 07:00:00,2022-06-29 08:00:00,31.86,17.45908884,48.63,27.9,55.0,3.6,1016.2,26.127289,44.444925
2022-06-29 08:00:00,2022-06-29 09:00:00,30.09,16.48913946,48.35,29.4,49.0,3.6,1015.9,26.127289,44.444925
2022-06-29 09:00:00,2022-06-29 10:00:00,30.89,16.92753466,55.31,32.3,35.0,3.6,1015.8,26.127289,44.444925
2022-06-29 10:00:00,2022-06-29 11:00:00,25.83,14.154685019999999,41.14,33.9,31.0,3.6,1015.6,26.127289,44.444925
2022-06-29 11:00:00,2022-06-29 12:00:00,22.44,12.29698536,39.92,33.6,28.0,3.6,1015.4,26.127289,44.444925
2022-06-29 12:00:00,2022-06-29 13:00:00,20.99,11.502394059999999,45.65,34.4,29.0,3.6,1015.0,26.127289,44.444925
2022-06-29 13:00:00,2022-06-29 14:00:00,20.07,10.99823958,51.56,34.6,26.0,3.6,1014.2,26.127289,44.444925
2022-06-29 14:00:00,2022-06-29 15:00:00,19.41,10.63656354,52.37,34.9,28.0,3.6,1013.6,26.127289,44.444925
2022-06-29 15:00:00,2022-06-29 16:00:00,17.87,9.792652780000001,41.8,33.8,30.0,0.0,1013.5,26.127289,44.444925
2022-06-29 16:00:00,2022-06-29 17:00:00,23.76,13.02033744,40.91,28.3,51.0,3.6,1014.2,26.127289,44.444925
2022-06-29 17:00:00,2022-06-29 18:00:00,29.95,16.412420299999997,64.04,26.5,60.0,3.6,1013.5,26.127289,44.444925
2022-06-29 18:00:00,2022-06-29 19:00:00,25.98,14.23688412,48.49,26.0,59.0,0.0,1013.3,26.127289,44.444925
2022-06-29 20:00:00,2022-06-29 21:00:00,44.98,24.64877012,75.73,22.7,75.0,0.0,1013.9,26.127289,44.444925
2022-06-29 21:00:00,2022-06-29 22:00:00,41.07,22.50611358,76.14,21.9,79.0,0.0,1014.4,26.127289,44.444925
2022-06-29 22:00:00,2022-06-29 23:00:00,37.59,20.59909446,64.24,21.5,78.0,0.0,1014.4,26.127289,44.444925
2022-06-29 23:00:00,2022-06-30 00:00:00,33.38,18.292039720000002,54.67,20.7,85.0,0.0,1014.3,26.127289,44.444925
2022-06-30 00:00:00,2022-06-30 01:00:00,40.13,21.99099922,53.6,20.3,88.0,3.6,1014.3,26.127289,44.444925
2022-06-30 01:00:00,2022-06-30 02:00:00,41.38,22.67599172,58.87,19.4,90.0,0.0,1014.2,26.127289,44.444925
2022-06-30 02:00:00,2022-06-30 03:00:00,39.57,21.68412258,53.44,18.9,93.0,0.0,1014.2,26.127289,44.444925
2022-06-30 03:00:00,2022-06-30 04:00:00,40.68,22.29239592,54.98,18.7,93.0,0.0,1014.0,26.127289,44.444925
2022-06-30 04:00:00,2022-06-30 05:00:00,40.51,22.19923694,48.07,19.3,96.0,0.0,1014.1,26.127289,44.444925
2022-06-30 05:00:00,2022-06-30 06:00:00,38.0,20.823771999999998,46.22,22.5,86.0,3.6,1014.4,26.127289,44.444925
2022-06-30 06:00:00,2022-06-30 07:00:00,38.2,20.933370800000002,41.09,26.4,67.0,0.0,1014.3,26.127289,44.444925
2022-06-30 07:00:00,2022-06-30 08:00:00,40.24,22.05127856,55.23,29.1,52.0,3.6,1014.5,26.127289,44.444925
2022-06-30 08:00:00,2022-06-30 09:00:00,36.41,19.952461539999998,66.75,30.6,43.0,3.6,1014.4,26.127289,44.444925
2022-06-30 09:00:00,2022-06-30 10:00:00,33.18,18.182440919999998,66.0,31.8,39.0,3.6,1014.2,26.127289,44.444925
2022-06-30 10:00:00,2022-06-30 11:00:00,32.13,17.607047220000002,56.01,32.4,36.0,3.6,1014.0,26.127289,44.444925
2022-06-30 11:00:00,2022-06-30 12:00:00,28.51,15.623308940000001,63.5,33.5,26.0,3.6,1013.6,26.127289,44.444925
2022-06-30 12:00:00,2022-06-30 13:00:00,23.37,12.80661978,60.46,34.5,27.0,3.6,1012.9,26.127289,44.444925
2022-06-30 13:00:00,2022-06-30 14:00:00,22.62,12.39562428,53.16,34.6,23.0,3.6,1012.5,26.127289,44.444925
2022-06-30 14:00:00,2022-06-30 15:00:00,23.86,13.075136839999999,64.65,36.0,24.0,3.6,1012.1,26.127289,44.444925
2022-06-30 15:00:00,2022-06-30 16:00:00,24.93,13.66149042,62.74,35.6,26.0,3.6,1012.0,26.127289,44.444925
2022-06-30 16:00:00,2022-06-30 17:00:00,26.57,14.56020058,72.01,34.9,24.0,3.6,1011.8,26.127289,44.444925
2022-06-30 17:00:00,2022-06-30 18:00:00,25.43,13.93548742,73.73,31.7,34.0,3.6,1012.3,26.127289,44.444925
2022-06-30 18:00:00,2022-06-30 19:00:00,29.84,16.35214096,62.41,28.6,40.0,3.6,1012.6,26.127289,44.444925
2022-06-30 19:00:00,2022-06-30 20:00:00,53.17,29.13684098,55.48,26.9,55.0,7.2,1013.1,26.127289,44.444925
2022-06-30 21:00:00,2022-06-30 22:00:00,41.27,22.61571238,37.74,25.1,60.0,3.6,1013.6,26.127289,44.444925
2022-06-30 22:00:00,2022-06-30 23:00:00,35.84,19.640104960000002,37.6,24.0,65.0,3.6,1013.7,26.127289,44.444925
2022-06-30 23:00:00,2022-07-01 00:00:00,32.31,17.70568614,31.33,23.3,67.0,3.6,1013.9,26.127289,44.444925
2022-07-01 00:00:00,2022-07-01 01:00:00,28.91,14.43028195,19.74,22.3,70.0,3.6,1014.2,26.127289,44.444925
2022-07-01 01:00:00,2022-07-01 02:00:00,24.02,11.9894629,22.85,21.8,75.0,3.6,1014.1,26.127289,44.444925
2022-07-01 02:00:00,2022-07-01 03:00:00,25.59,12.77312055,20.02,20.7,81.0,3.6,1013.9,26.127289,44.444925
2022-07-01 03:00:00,2022-07-01 04:00:00,27.36,13.6566072,15.67,20.7,82.0,3.6,1013.9,26.127289,44.444925
2022-07-01 04:00:00,2022-07-01 05:00:00,29.24,14.5949998,18.23,20.9,84.0,3.6,1014.5,26.127289,44.444925
2022-07-01 05:00:00,2022-07-01 06:00:00,33.48,16.7113746,28.05,22.2,81.0,3.6,1014.8,26.127289,44.444925
2022-07-01 06:00:00,2022-07-01 07:00:00,36.48,18.2088096,37.18,23.3,75.0,3.6,1014.9,26.127289,44.444925
2022-07-01 07:00:00,2022-07-01 08:00:00,35.11,17.52498095,42.4,27.0,57.0,3.6,1015.1,26.127289,44.444925
2022-07-01 08:00:00,2022-07-01 09:00:00,30.79,15.36867455,37.77,29.3,45.0,11.9,1014.5,26.127289,44.444925
2022-07-01 09:00:00,2022-07-01 10:00:00,30.55,15.24887975,39.55,32.0,44.0,3.6,1014.6,26.127289,44.444925
2022-07-01 10:00:00,2022-07-01 11:00:00,28.76,14.355410200000001,48.01,33.1,36.0,3.6,1014.6,26.127289,44.444925
2022-07-01 11:00:00,2022-07-01 12:00:00,29.92,14.9344184,53.84,34.3,35.0,3.6,1014.2,26.127289,44.444925
2022-07-01 12:00:00,2022-07-01 13:00:00,28.35,14.150760750000002,50.15,34.7,34.0,3.6,1013.7,26.127289,44.444925
2022-07-01 13:00:00,2022-07-01 14:00:00,28.13,14.04094885,53.43,34.9,29.0,3.6,1013.3,26.127289,44.444925
2022-07-01 14:00:00,2022-07-01 15:00:00,27.92,13.936128400000001,53.18,34.8,37.0,3.6,1012.9,26.127289,44.444925
2022-07-01 15:00:00,2022-07-01 16:00:00,27.54,13.746453299999999,49.36,34.3,35.0,3.6,1012.8,26.127289,44.444925
2022-07-01 16:00:00,2022-07-01 17:00:00,30.91,15.42857195,63.18,32.9,36.0,3.6,1013.0,26.127289,44.444925
2022-07-01 17:00:00,2022-07-01 18:00:00,32.91,16.42686195,64.15,30.4,44.0,3.6,1013.0,26.127289,44.444925
2022-07-01 18:00:00,2022-07-01 19:00:00,30.38,15.1640251,52.52,28.6,44.0,3.6,1013.4,26.127289,44.444925
2022-07-01 19:00:00,2022-07-01 20:00:00,32.57,16.257152650000002,52.15,27.8,50.0,3.6,1013.8,26.127289,44.444925
2022-07-01 20:00:00,2022-07-01 21:00:00,34.17,17.05578465,53.71,25.8,59.0,0.0,1014.7,26.127289,44.444925
2022-07-01 22:00:00,2022-07-01 23:00:00,38.49,19.21209105,47.36,23.9,71.0,0.0,1015.1,26.127289,44.444925
2022-07-01 23:00:00,2022-07-02 00:00:00,32.32,16.1323664,36.13,22.9,76.0,0.0,1015.4,26.127289,44.444925
2022-07-02 00:00:00,2022-07-02 01:00:00,31.84,15.8927768,28.67,21.8,80.0,0.0,1015.7,26.127289,44.444925
2022-07-02 01:00:00,2022-07-02 02:00:00,28.49,14.22064105,22.02,20.9,82.0,0.0,1015.9,26.127289,44.444925
2022-07-02 02:00:00,2022-07-02 03:00:00,27.57,13.76142765,26.66,20.4,82.0,0.0,1016.0,26.127289,44.444925
2022-07-02 03:00:00,2022-07-02 04:00:00,33.78,16.861118100000002,35.86,20.6,80.0,0.0,1016.2,26.127289,44.444925
2022-07-02 04:00:00,2022-07-02 05:00:00,34.73,17.335305849999997,27.22,20.8,84.0,3.6,1016.8,26.127289,44.444925
2022-07-02 05:00:00,2022-07-02 06:00:00,28.95,14.450247749999999,27.18,23.0,75.0,3.6,1016.9,26.127289,44.444925
2022-07-02 06:00:00,2022-07-02 07:00:00,32.31,16.12737495,33.01,26.6,59.0,3.6,1017.2,26.127289,44.444925
2022-07-02 07:00:00,2022-07-02 08:00:00,26.39,13.17243655,28.91,29.3,52.0,0.0,1017.3,26.127289,44.444925
2022-07-02 08:00:00,2022-07-02 09:00:00,23.72,11.8397194,22.49,31.2,40.0,3.6,1017.6,26.127289,44.444925
2022-07-02 09:00:00,2022-07-02 10:00:00,21.84,10.9013268,19.48,32.3,34.0,3.6,1017.6,26.127289,44.444925
2022-07-02 10:00:00,2022-07-02 11:00:00,23.78,11.8696681,15.76,32.2,36.0,0.0,1017.7,26.127289,44.444925
2022-07-02 11:00:00,2022-07-02 12:00:00,25.9,12.9278555,16.8,33.4,34.0,0.0,1017.5,26.127289,44.444925
2022-07-02 12:00:00,2022-07-02 13:00:00,25.28,12.6183856,13.14,34.5,33.0,3.6,1017.2,26.127289,44.444925
2022-07-02 13:00:00,2022-07-02 14:00:00,27.18,13.5667611,12.92,34.7,30.0,0.0,1016.9,26.127289,44.444925
2022-07-02 14:00:00,2022-07-02 15:00:00,26.82,13.387068900000001,13.06,33.9,34.0,0.0,1016.6,26.127289,44.444925
2022-07-02 15:00:00,2022-07-02 16:00:00,26.99,13.47192355,13.24,34.2,34.0,0.0,1016.3,26.127289,44.444925
2022-07-02 16:00:00,2022-07-02 17:00:00,31.92,15.932708400000001,16.09,32.8,36.0,3.6,1016.0,26.127289,44.444925
2022-07-02 17:00:00,2022-07-02 18:00:00,35.19,17.56491255,15.66,30.6,41.0,0.0,1016.6,26.127289,44.444925
2022-07-02 18:00:00,2022-07-02 19:00:00,36.1,18.0191345,22.04,29.7,39.0,3.6,1017.1,26.127289,44.444925
2022-07-02 19:00:00,2022-07-02 20:00:00,38.49,19.21209105,23.45,28.2,42.0,3.6,1017.4,26.127289,44.444925
2022-07-02 20:00:00,2022-07-02 21:00:00,44.08,22.0023116,35.11,28.0,51.0,3.6,1018.1,26.127289,44.444925
2022-07-02 21:00:00,2022-07-02 22:00:00,31.62,15.782964900000001,20.98,25.4,61.0,3.6,1018.1,26.127289,44.444925
2022-07-02 23:00:00,2022-07-03 00:00:00,32.96,16.4518192,35.32,25.5,55.0,7.2,1018.2,26.127289,44.444925
2022-07-03 00:00:00,2022-07-03 01:00:00,25.77,12.86296665,27.89,24.2,58.0,3.6,1018.0,26.127289,44.444925
2022-07-03 01:00:00,2022-07-03 02:00:00,23.88,11.9195826,22.06,22.1,65.0,0.0,1018.0,26.127289,44.444925
2022-07-03 02:00:00,2022-07-03 03:00:00,27.29,13.62166705,33.48,21.4,68.0,0.0,1018.1,26.127289,44.444925
2022-07-03 03:00:00,2022-07-03 04:00:00,23.99,11.97448855,21.43,20.8,66.0,0.0,1018.2,26.127289,44.444925
2022-07-03 04:00:00,2022-07-03 05:00:00,22.09,11.02611305,28.5,21.2,67.0,0.0,1018.5,26.127289,44.444925
2022-07-03 05:00:00,2022-07-03 06:00:00,23.44,11.699958800000001,27.22,22.4,70.0,0.0,1018.6,26.127289,44.444925
2022-07-03 06:00:00,2022-07-03 07:00:00,22.37,11.16587365,23.12,23.7,61.0,3.6,1018.7,26.127289,44.444925
2022-07-03 07:00:00,2022-07-03 08:00:00,21.81,10.886352449999999,19.57,26.9,50.0,0.0,1018.8,26.127289,44.444925
2022-07-03 08:00:00,2022-07-03 09:00:00,19.71,9.83814795,16.24,29.7,36.0,4.0,1018.3,26.127289,44.444925
2022-07-03 09:00:00,2022-07-03 10:00:00,21.8,10.881361,22.57,31.6,32.0,3.6,1018.7,26.127289,44.444925
2022-07-03 10:00:00,2022-07-03 11:00:00,22.23,11.09599335,18.46,28.5,44.0,3.6,1019.0,26.127289,44.444925
2022-07-03 11:00:00,2022-07-03 12:00:00,18.66,9.3140457,14.25,30.1,40.0,3.6,1018.5,26.127289,44.444925
2022-07-03 12:00:00,2022-07-03 13:00:00,19.82,9.8930539,11.55,31.0,40.0,7.2,1017.9,26.127289,44.444925
2022-07-03 13:00:00,2022-07-03 14:00:00,19.37,9.66843865,11.33,32.7,38.0,3.6,1017.2,26.127289,44.444925
2022-07-03 14:00:00,2022-07-03 15:00:00,20.75,10.35725875,12.03,32.8,35.0,3.6,1016.6,26.127289,44.444925
2022-07-03 15:00:00,2022-07-03 16:00:00,21.28,10.6218056,11.44,32.0,35.0,3.6,1016.5,26.127289,44.444925
2022-07-03 16:00:00,2022-07-03 17:00:00,21.44,10.7016688,12.02,32.2,36.0,3.6,1016.1,26.127289,44.444925
2022-07-03 17:00:00,2022-07-03 18:00:00,24.69,12.323890050000001,10.97,30.3,39.0,3.6,1016.5,26.127289,44.444925
2022-07-03 18:00:00,2022-07-03 19:00:00,23.29,11.62508705,18.12,27.4,46.0,0.0,1016.1,26.127289,44.444925
2022-07-03 19:00:00,2022-07-03 20:00:00,31.97,15.95766565,26.56,25.3,53.0,0.0,1016.2,26.127289,44.444925
2022-07-03 20:00:00,2022-07-03 21:00:00,38.24,19.087304800000002,55.39,26.5,50.0,3.6,1016.7,26.127289,44.444925
2022-07-03 21:00:00,2022-07-03 22:00:00,30.85,15.398623250000002,53.05,24.9,49.0,3.6,1017.0,26.127289,44.444925
2022-07-03 22:00:00,2022-07-03 23:00:00,20.19,10.07773755,29.57,23.9,48.0,3.6,1016.9,26.127289,44.444925
2022-07-04 00:00:00,2022-07-04 01:00:00,16.36,8.166012199999999,16.53,21.4,48.0,6.8,1016.3,26.127289,44.444925
2022-07-04 01:00:00,2022-07-04 02:00:00,16.11,8.04122595,17.94,20.2,54.0,3.6,1016.5,26.127289,44.444925
2022-07-04 02:00:00,2022-07-04 03:00:00,14.77,7.37237165,14.73,19.5,59.0,0.0,1016.6,26.127289,44.444925
2022-07-04 03:00:00,2022-07-04 04:00:00,14.03,7.003004349999999,13.09,19.0,57.0,0.0,1016.9,26.127289,44.444925
2022-07-04 04:00:00,2022-07-04 05:00:00,14.83,7.40232035,14.35,19.5,58.0,0.0,1017.1,26.127289,44.444925
2022-07-04 05:00:00,2022-07-04 06:00:00,18.67,9.319037150000002,44.75,21.5,61.0,0.0,1017.0,26.127289,44.444925
2022-07-04 06:00:00,2022-07-04 07:00:00,28.85,14.400333250000001,67.16,26.2,42.0,0.0,1017.0,26.127289,44.444925
2022-07-04 07:00:00,2022-07-04 08:00:00,25.23,12.59342835,53.38,27.8,29.0,3.6,1017.0,26.127289,44.444925
2022-07-04 08:00:00,2022-07-04 09:00:00,22.11,11.03609595,46.11,28.7,32.0,3.6,1016.9,26.127289,44.444925
2022-07-04 09:00:00,2022-07-04 10:00:00,26.8,13.377086,29.55,27.7,49.0,3.2,1017.0,26.127289,44.444925
2022-07-04 10:00:00,2022-07-04 11:00:00,27.8,13.876231,35.67,31.7,32.0,0.0,1016.3,26.127289,44.444925
2022-07-04 11:00:00,2022-07-04 12:00:00,29.82,14.8845039,39.04,31.6,32.0,3.6,1016.0,26.127289,44.444925
2022-07-04 12:00:00,2022-07-04 13:00:00,28.74,14.345427299999999,50.76,34.6,29.0,3.6,1015.0,26.127289,44.444925
2022-07-04 13:00:00,2022-07-04 14:00:00,31.4,15.673153,52.73,34.0,30.0,3.6,1014.8,26.127289,44.444925
2022-07-04 14:00:00,2022-07-04 15:00:00,32.74,16.342007300000002,37.26,34.4,29.0,3.6,1014.2,26.127289,44.444925
2022-07-04 15:00:00,2022-07-04 16:00:00,33.55,16.74631475,55.74,34.6,29.0,0.0,1013.9,26.127289,44.444925
2022-07-04 16:00:00,2022-07-04 17:00:00,34.03,16.985904350000002,43.26,32.1,43.0,3.6,1013.6,26.127289,44.444925
2022-07-04 17:00:00,2022-07-04 18:00:00,39.45,19.691270250000002,34.35,28.6,52.0,3.6,1014.0,26.127289,44.444925
2022-07-04 18:00:00,2022-07-04 19:00:00,29.79,14.86952955,25.77,27.1,55.0,3.6,1013.9,26.127289,44.444925
2022-07-04 19:00:00,2022-07-04 20:00:00,29.54,14.7447433,34.29,25.6,61.0,3.6,1014.3,26.127289,44.444925
2022-07-04 20:00:00,2022-07-04 21:00:00,36.38,18.158895100000002,32.45,26.1,62.0,0.0,1014.7,26.127289,44.444925
2022-07-04 21:00:00,2022-07-04 22:00:00,47.66,23.7892507,50.76,24.6,66.0,3.6,1015.0,26.127289,44.444925
2022-07-04 22:00:00,2022-07-04 23:00:00,41.5,20.7145175,58.14,23.1,69.0,3.6,1015.2,26.127289,44.444925
2022-07-04 23:00:00,2022-07-05 00:00:00,39.28,19.606415600000002,41.27,22.6,60.0,3.6,1015.3,26.127289,44.444925
2022-07-05 01:00:00,2022-07-05 02:00:00,19.07,9.518695150000001,22.11,20.3,65.0,0.0,1015.2,26.127289,44.444925
2022-07-05 02:00:00,2022-07-05 03:00:00,15.92,7.9463884,18.28,20.3,65.0,0.0,1014.7,26.127289,44.444925
2022-07-05 03:00:00,2022-07-05 04:00:00,15.8,7.886491,17.51,20.0,70.0,0.0,1015.0,26.127289,44.444925
2022-07-05 04:00:00,2022-07-05 05:00:00,17.68,8.8248836,23.97,19.9,73.0,0.0,1015.0,26.127289,44.444925
2022-07-05 05:00:00,2022-07-05 06:00:00,23.55,11.754864750000001,42.15,22.8,67.0,0.0,1015.2,26.127289,44.444925
2022-07-05 06:00:00,2022-07-05 07:00:00,41.68,20.8043636,54.53,23.4,62.0,0.0,1015.4,26.127289,44.444925
2022-07-05 07:00:00,2022-07-05 08:00:00,41.24,20.5847398,60.62,27.7,47.0,0.0,1015.4,26.127289,44.444925
2022-07-05 08:00:00,2022-07-05 09:00:00,29.75,14.84956375,55.89,30.6,31.0,4.7,1014.9,26.127289,44.444925
2022-07-05 09:00:00,2022-07-05 10:00:00,35.64,17.789527800000002,57.0,32.6,33.0,3.6,1015.0,26.127289,44.444925
2022-07-05 10:00:00,2022-07-05 11:00:00,35.26,17.5998527,56.84,33.7,31.0,3.6,1014.6,26.127289,44.444925
2022-07-05 11:00:00,2022-07-05 12:00:00,34.54,17.2404683,62.14,34.0,31.0,3.6,1014.2,26.127289,44.444925
2022-07-05 12:00:00,2022-07-05 13:00:00,36.06,17.999168700000002,40.58,34.8,30.0,3.6,1013.6,26.127289,44.444925
2022-07-05 13:00:00,2022-07-05 14:00:00,37.27,18.603134150000002,49.62,35.2,29.0,3.6,1013.0,26.127289,44.444925
2022-07-05 14:00:00,2022-07-05 15:00:00,36.97,18.45339065,55.0,33.2,32.0,6.5,1012.4,26.127289,44.444925
2022-07-05 15:00:00,2022-07-05 16:00:00,39.2,19.566484000000003,66.75,34.4,30.0,3.6,1012.2,26.127289,44.444925
2022-07-05 16:00:00,2022-07-05 17:00:00,39.17,19.55150965,85.54,33.7,31.0,3.6,1011.8,26.127289,44.444925
2022-07-05 17:00:00,2022-07-05 18:00:00,36.96,18.4483992,81.76,31.8,34.0,3.6,1011.8,26.127289,44.444925
2022-07-05 18:00:00,2022-07-05 19:00:00,36.72,18.3286044,88.19,30.8,37.0,3.6,1012.1,26.127289,44.444925
2022-07-05 19:00:00,2022-07-05 20:00:00,39.19,19.56149255,63.16,28.8,43.0,3.6,1012.5,26.127289,44.444925
2022-07-05 20:00:00,2022-07-05 21:00:00,41.08,20.5048766,32.22,26.4,53.0,0.0,1012.9,26.127289,44.444925
2022-07-05 21:00:00,2022-07-05 22:00:00,38.99,19.46166355,54.22,26.7,48.0,3.6,1012.9,26.127289,44.444925
2022-07-05 22:00:00,2022-07-05 23:00:00,32.64,16.2920928,33.21,25.1,54.0,3.6,1013.3,26.127289,44.444925
2022-07-05 23:00:00,2022-07-06 00:00:00,32.83,16.38693035,31.58,23.4,60.0,0.0,1013.2,26.127289,44.444925
2022-07-06 00:00:00,2022-07-06 01:00:00,28.81,14.38036745,25.73,24.4,55.0,3.6,1013.0,26.127289,44.444925
2022-07-06 02:00:00,2022-07-06 03:00:00,25.37,12.663308650000001,16.37,22.3,64.0,0.0,1013.1,26.127289,44.444925
2022-07-06 03:00:00,2022-07-06 04:00:00,25.39,12.67329155,12.81,19.6,76.0,0.0,1013.0,26.127289,44.444925
2022-07-06 04:00:00,2022-07-06 05:00:00,26.64,13.2972228,21.58,20.0,77.0,0.0,1012.8,26.127289,44.444925
2022-07-06 05:00:00,2022-07-06 06:00:00,32.62,16.2821099,37.79,22.6,63.0,3.6,1012.7,26.127289,44.444925
2022-07-06 06:00:00,2022-07-06 07:00:00,38.5,19.2170825,46.55,24.6,56.0,3.6,1012.7,26.127289,44.444925
2022-07-06 08:00:00,2022-07-06 09:00:00,46.05,22.98562725,39.8,29.4,44.0,3.6,1012.6,26.127289,44.444925
2022-07-06 09:00:00,2022-07-06 10:00:00,37.18,18.5582111,34.29,30.4,42.0,3.6,1012.5,26.127289,44.444925
2022-07-06 10:00:00,2022-07-06 11:00:00,39.52,19.726210400000003,27.28,30.1,44.0,7.2,1012.4,26.127289,44.444925
2022-07-06 11:00:00,2022-07-06 12:00:00,42.93,21.42829485,24.68,29.4,52.0,10.8,1012.3,26.127289,44.444925
2022-07-06 12:00:00,2022-07-06 13:00:00,41.65,20.78938925,20.17,30.2,48.0,7.2,1012.2,26.127289,44.444925
2022-07-06 13:00:00,2022-07-06 14:00:00,40.28,20.1055606,18.9,30.6,49.0,7.2,1011.8,26.127289,44.444925
2022-07-06 14:00:00,2022-07-06 15:00:00,34.14,17.0408103,19.47,31.4,41.0,7.2,1011.3,26.127289,44.444925
2022-07-06 15:00:00,2022-07-06 16:00:00,31.06,15.5034437,20.9,30.4,42.0,7.2,1011.3,26.127289,44.444925
2022-07-06 16:00:00,2022-07-06 17:00:00,26.69,13.32218005,21.21,29.1,47.0,7.2,1011.3,26.127289,44.444925
2022-07-06 17:00:00,2022-07-06 18:00:00,23.4,11.679993,22.04,25.9,61.0,3.6,1011.5,26.127289,44.444925
2022-07-06 18:00:00,2022-07-06 19:00:00,30.16,15.0542132,22.06,25.1,66.0,3.6,1011.7,26.127289,44.444925
2022-07-06 19:00:00,2022-07-06 20:00:00,28.7,14.3254615,19.96,24.6,69.0,3.6,1011.9,26.127289,44.444925
2022-07-06 20:00:00,2022-07-06 21:00:00,29.76,14.8545552,22.46,23.6,74.0,3.6,1012.1,26.127289,44.444925
2022-07-06 21:00:00,2022-07-06 22:00:00,28.43,14.19069235,22.63,23.1,76.0,3.6,1012.1,26.127289,44.444925
2022-07-06 22:00:00,2022-07-06 23:00:00,26.53,13.24231685,20.66,23.1,76.0,0.0,1012.5,26.127289,44.444925
2022-07-06 23:00:00,2022-07-07 00:00:00,24.27,12.11424915,15.48,22.8,79.0,0.0,1012.5,26.127289,44.444925
2022-07-07 00:00:00,2022-07-07 01:00:00,23.81,11.88464245,17.08,21.7,82.0,0.0,1012.8,26.127289,44.444925
2022-07-07 01:00:00,2022-07-07 02:00:00,23.92,11.939548400000001,18.49,22.5,74.0,3.6,1013.2,26.127289,44.444925
2022-07-07 03:00:00,2022-07-07 04:00:00,8.79,4.38748455,10.61,18.4,99.0,3.6,1013.6,26.127289,44.444925
2022-07-07 04:00:00,2022-07-07 05:00:00,8.55,4.267689750000001,12.3,18.0,99.0,3.6,1013.9,26.127289,44.444925
2022-07-07 05:00:00,2022-07-07 06:00:00,7.37,3.6786986500000003,19.07,16.8,98.0,3.6,1014.9,26.127289,44.444925
2022-07-07 06:00:00,2022-07-07 07:00:00,10.98,5.4806121,30.98,16.8,99.0,0.0,1015.7,26.127289,44.444925
2022-07-07 07:00:00,2022-07-07 08:00:00,12.95,6.46392775,44.58,16.5,100.0,3.6,1016.3,26.127289,44.444925
2022-07-07 08:00:00,2022-07-07 09:00:00,17.36,8.6651572,44.55,16.6,100.0,3.6,1016.0,26.127289,44.444925
2022-07-07 09:00:00,2022-07-07 10:00:00,16.97,8.47049065,49.23,17.0,100.0,3.6,1016.9,26.127289,44.444925
2022-07-07 10:00:00,2022-07-07 11:00:00,12.92,6.4489534,40.04,17.9,98.0,0.0,1016.9,26.127289,44.444925
2022-07-07 11:00:00,2022-07-07 12:00:00,17.73,8.84984085,34.23,19.8,90.0,3.6,1016.5,26.127289,44.444925
2022-07-07 12:00:00,2022-07-07 13:00:00,17.03,8.50043935,33.43,21.2,82.0,0.0,1016.4,26.127289,44.444925
2022-07-07 13:00:00,2022-07-07 14:00:00,19.05,9.50871225,31.43,20.9,83.0,3.6,1016.3,26.127289,44.444925
2022-07-07 14:00:00,2022-07-07 15:00:00,22.41,11.18583945,44.2,22.2,77.0,3.6,1016.1,26.127289,44.444925
2022-07-07 15:00:00,2022-07-07 16:00:00,24.39,12.17414655,51.65,23.8,76.0,0.0,1015.7,26.127289,44.444925
2022-07-07 16:00:00,2022-07-07 17:00:00,21.54,10.7515833,48.97,24.3,58.0,8.6,1014.3,26.127289,44.444925
2022-07-07 17:00:00,2022-07-07 18:00:00,15.7,7.8365765,46.8,23.2,62.0,6.5,1014.6,26.127289,44.444925
2022-07-07 18:00:00,2022-07-07 19:00:00,14.6,7.287517,40.89,21.3,69.0,7.2,1015.1,26.127289,44.444925
2022-07-07 19:00:00,2022-07-07 20:00:00,16.03,8.00129435,37.18,20.6,69.0,7.2,1015.9,26.127289,44.444925
2022-07-07 20:00:00,2022-07-07 21:00:00,16.06,8.0162687,29.72,19.8,70.0,6.5,1016.0,26.127289,44.444925
2022-07-07 21:00:00,2022-07-07 22:00:00,15.62,7.7966448999999995,29.03,19.4,73.0,5.8,1015.9,26.127289,44.444925
2022-07-07 22:00:00,2022-07-07 23:00:00,13.05,6.513842250000001,27.19,17.9,85.0,6.1,1016.1,26.127289,44.444925
2022-07-07 23:00:00,2022-07-08 00:00:00,13.54,6.7584233,31.41,17.4,86.0,6.8,1015.9,26.127289,44.444925
2022-07-08 00:00:00,2022-07-08 01:00:00,17.34,8.6551743,28.01,17.1,89.0,6.1,1015.6,26.127289,44.444925
2022-07-08 01:00:00,2022-07-08 02:00:00,13.6,6.788372,19.51,16.9,92.0,6.5,1015.5,26.127289,44.444925
2022-07-08 02:00:00,2022-07-08 03:00:00,12.12,6.0496374,15.24,16.6,97.0,0.0,1015.6,26.127289,44.444925
2022-07-08 04:00:00,2022-07-08 05:00:00,14.89,7.43226905,17.96,17.6,94.0,0.0,1016.2,26.127289,44.444925
2022-07-08 05:00:00,2022-07-08 06:00:00,18.19,9.079447550000001,26.08,19.2,86.0,3.6,1016.4,26.127289,44.444925
2022-07-08 06:00:00,2022-07-08 07:00:00,19.26,9.6135327,32.83,21.1,77.0,3.6,1016.3,26.127289,44.444925
2022-07-08 07:00:00,2022-07-08 08:00:00,19.26,9.6135327,31.22,22.2,72.0,3.6,1016.2,26.127289,44.444925
2022-07-08 08:00:00,2022-07-08 09:00:00,19.75,9.85811375,28.52,26.0,52.0,3.6,1016.0,26.127289,44.444925
2022-07-08 09:00:00,2022-07-08 10:00:00,14.86,7.417294699999999,30.15,26.8,49.0,3.6,1015.6,26.127289,44.444925
2022-07-08 10:00:00,2022-07-08 11:00:00,16.54,8.2558583,34.05,28.3,46.0,3.6,1015.1,26.127289,44.444925
2022-07-08 11:00:00,2022-07-08 12:00:00,14.11,7.0429359499999995,33.97,26.5,46.0,3.6,1014.9,26.127289,44.444925
2022-07-08 12:00:00,2022-07-08 13:00:00,12.97,6.4739106500000005,34.9,29.4,38.0,3.6,1014.2,26.127289,44.444925
2022-07-08 13:00:00,2022-07-08 14:00:00,15.14,7.5570553,33.44,29.0,43.0,0.0,1013.6,26.127289,44.444925
2022-07-08 14:00:00,2022-07-08 15:00:00,15.18,7.5770211,46.17,29.9,37.0,3.6,1013.2,26.127289,44.444925
2022-07-08 15:00:00,2022-07-08 16:00:00,13.3,6.6386285,50.59,30.2,31.0,3.6,1012.8,26.127289,44.444925
2022-07-08 16:00:00,2022-07-08 17:00:00,10.55,5.2659797500000005,40.64,29.2,36.0,3.6,1012.4,26.127289,44.444925
2022-07-08 17:00:00,2022-07-08 18:00:00,12.43,6.20437235,41.11,26.5,45.0,3.6,1012.5,26.127289,44.444925
2022-07-08 18:00:00,2022-07-08 19:00:00,15.22,7.5969869,51.75,24.8,48.0,3.6,1012.9,26.127289,44.444925
2022-07-08 19:00:00,2022-07-08 20:00:00,19.59,9.77825055,51.44,23.0,51.0,3.6,1013.4,26.127289,44.444925
2022-07-08 20:00:00,2022-07-08 21:00:00,24.77,12.36382165,58.75,22.4,54.0,3.6,1014.0,26.127289,44.444925
2022-07-08 21:00:00,2022-07-08 22:00:00,24.91,12.43370195,49.82,21.2,54.0,3.6,1013.8,26.127289,44.444925
2022-07-08 22:00:00,2022-07-08 23:00:00,23.14,11.5502153,51.32,21.8,53.0,3.6,1013.5,26.127289,44.444925
2022-07-08 23:00:00,2022-07-09 00:00:00,22.88,11.4204376,40.78,21.0,57.0,3.6,1013.2,26.127289,44.444925
2022-07-09 00:00:00,2022-07-09 01:00:00,21.62,10.791514900000001,29.37,19.4,57.0,11.2,1013.1,26.127289,44.444925
2022-07-09 01:00:00,2022-07-09 02:00:00,20.05,10.00785725,25.05,19.7,59.0,3.6,1013.3,26.127289,44.444925
2022-07-09 02:00:00,2022-07-09 03:00:00,17.5,8.7350375,20.33,19.9,58.0,3.6,1013.2,26.127289,44.444925
2022-07-09 03:00:00,2022-07-09 04:00:00,16.52,8.2458754,18.01,19.9,57.0,7.2,1013.3,26.127289,44.444925
2022-07-09 05:00:00,2022-07-09 06:00:00,18.26,9.114387700000002,30.21,20.3,59.0,7.2,1013.7,26.127289,44.444925
2022-07-09 06:00:00,2022-07-09 07:00:00,18.89,9.42884905,29.93,22.9,50.0,7.2,1013.6,26.127289,44.444925
2022-07-09 07:00:00,2022-07-09 08:00:00,19.51,9.73831895,33.5,24.6,47.0,7.2,1013.4,26.127289,44.444925
2022-07-09 08:00:00,2022-07-09 09:00:00,19.23,9.598558350000001,31.54,26.4,42.0,7.2,1013.3,26.127289,44.444925
2022-07-09 09:00:00,2022-07-09 10:00:00,20.81,10.38720745,34.44,27.2,39.0,7.2,1013.2,26.127289,44.444925
2022-07-09 10:00:00,2022-07-09 11:00:00,19.99,9.977908549999999,30.38,28.5,37.0,3.6,1013.0,26.127289,44.444925
2022-07-09 11:00:00,2022-07-09 12:00:00,18.2,9.084439,29.07,29.3,33.0,3.6,1012.6,26.127289,44.444925
2022-07-09 12:00:00,2022-07-09 13:00:00,17.09,8.53038805,17.88,28.2,38.0,3.6,1012.4,26.127289,44.444925
2022-07-09 13:00:00,2022-07-09 14:00:00,23.29,11.62508705,21.64,30.1,31.0,3.6,1011.7,26.127289,44.444925
2022-07-09 14:00:00,2022-07-09 15:00:00,17.92,8.9446784,17.05,29.6,38.0,3.6,1011.2,26.127289,44.444925
2022-07-09 15:00:00,2022-07-09 16:00:00,21.93,10.94624985,16.62,27.7,39.0,3.6,1011.0,26.127289,44.444925
2022-07-09 16:00:00,2022-07-09 17:00:00,21.0,10.482045,17.58,25.4,49.0,3.6,1011.1,26.127289,44.444925
2022-07-09 17:00:00,2022-07-09 18:00:00,19.1,9.5336695,11.44,24.2,48.0,3.6,1011.2,26.127289,44.444925
2022-07-09 18:00:00,2022-07-09 19:00:00,21.58,10.7715491,22.03,23.9,49.0,3.6,1011.3,26.127289,44.444925
2022-07-09 19:00:00,2022-07-09 20:00:00,30.04,14.994315799999999,26.73,23.2,53.0,0.0,1011.9,26.127289,44.444925
2022-07-09 20:00:00,2022-07-09 21:00:00,25.74,12.8479923,26.2,21.1,64.0,0.0,1012.2,26.127289,44.444925
2022-07-09 21:00:00,2022-07-09 22:00:00,22.38,11.1708651,33.8,21.6,63.0,0.0,1012.0,26.127289,44.444925
2022-07-09 22:00:00,2022-07-09 23:00:00,22.04,11.0011558,41.18,22.4,55.0,3.6,1011.9,26.127289,44.444925
2022-07-09 23:00:00,2022-07-10 00:00:00,20.89,10.427139050000001,34.99,22.0,56.0,3.6,1011.9,26.127289,44.444925
2022-07-10 00:00:00,2022-07-10 01:00:00,22.89,11.42542905,27.84,21.9,55.0,3.6,1011.8,26.127289,44.444925
2022-07-10 01:00:00,2022-07-10 02:00:00,23.47,11.71493315,21.89,21.3,57.0,3.6,1011.7,26.127289,44.444925
2022-07-10 02:00:00,2022-07-10 03:00:00,22.97,11.46536065,23.03,20.7,62.0,0.0,1011.4,26.127289,44.444925
2022-07-10 03:00:00,2022-07-10 04:00:00,22.52,11.2407454,22.66,19.7,67.0,0.0,1011.2,26.127289,44.444925
2022-07-10 04:00:00,2022-07-10 05:00:00,21.36,10.6617372,22.11,20.0,65.0,0.0,1011.4,26.127289,44.444925
2022-07-10 06:00:00,2022-07-10 07:00:00,26.15,13.05264175,27.6,20.0,74.0,3.6,1011.6,26.127289,44.444925
2022-07-10 07:00:00,2022-07-10 08:00:00,31.87,15.907751150000001,24.41,21.6,65.0,7.2,1011.6,26.127289,44.444925
2022-07-10 08:00:00,2022-07-10 09:00:00,27.06,13.5068637,15.08,23.8,56.0,7.2,1011.3,26.127289,44.444925
2022-07-10 09:00:00,2022-07-10 10:00:00,25.16,12.5584882,11.7,24.7,52.0,7.2,1011.2,26.127289,44.444925
2022-07-10 10:00:00,2022-07-10 11:00:00,22.84,11.4004718,11.52,25.8,48.0,11.5,1010.0,26.127289,44.444925
2022-07-10 11:00:00,2022-07-10 12:00:00,20.81,10.38720745,11.55,26.3,48.0,11.5,1010.0,26.127289,44.444925
2022-07-10 12:00:00,2022-07-10 13:00:00,19.94,9.9529513,12.69,24.3,54.0,10.8,1010.1,26.127289,44.444925
2022-07-10 13:00:00,2022-07-10 14:00:00,22.93,11.44539485,12.63,22.8,75.0,3.6,1009.7,26.127289,44.444925
2022-07-10 14:00:00,2022-07-10 15:00:00,19.57,9.76826765,15.18,27.6,44.0,7.2,1009.0,26.127289,44.444925
2022-07-10 15:00:00,2022-07-10 16:00:00,19.01,9.48874645,11.53,25.0,46.0,10.8,1008.9,26.127289,44.444925
2022-07-10 16:00:00,2022-07-10 17:00:00,14.06,7.0179787000000005,13.3,23.9,47.0,7.2,1009.6,26.127289,44.444925
2022-07-10 17:00:00,2022-07-10 18:00:00,10.1,5.0413645,16.15,21.9,53.0,3.6,1010.5,26.127289,44.444925
2022-07-10 18:00:00,2022-07-10 19:00:00,9.32,4.6520314,18.37,19.0,73.0,3.6,1010.5,26.127289,44.444925
2022-07-10 19:00:00,2022-07-10 20:00:00,9.89,4.93654405,23.26,19.5,65.0,3.6,1011.1,26.127289,44.444925
2022-07-10 20:00:00,2022-07-10 21:00:00,10.32,5.1511764,31.1,17.0,75.0,0.0,1011.8,26.127289,44.444925
2022-07-10 21:00:00,2022-07-10 22:00:00,18.83,9.39890035,26.45,16.7,83.0,3.6,1012.0,26.127289,44.444925
2022-07-10 22:00:00,2022-07-10 23:00:00,11.24,5.6103898,22.9,17.6,83.0,3.6,1012.1,26.127289,44.444925
2022-07-10 23:00:00,2022-07-11 00:00:00,11.19,5.58543255,17.62,17.0,83.0,0.0,1012.3,26.127289,44.444925
2022-07-11 00:00:00,2022-07-11 01:00:00,11.12,5.5504923999999995,14.25,16.5,80.0,0.0,1012.5,26.127289,44.444925
2022-07-11 01:00:00,2022-07-11 02:00:00,11.59,5.78509055,15.15,14.7,93.0,3.6,1012.6,26.127289,44.444925
2022-07-11 02:00:00,2022-07-11 03:00:00,10.66,5.3208857,18.72,14.6,90.0,3.6,1012.7,26.127289,44.444925
2022-07-11 03:00:00,2022-07-11 04:00:00,10.41,5.19609945,17.4,14.4,92.0,0.0,1013.0,26.127289,44.444925
2022-07-11 04:00:00,2022-07-11 05:00:00,10.49,5.23603105,20.77,15.4,87.0,3.6,1013.7,26.127289,44.444925
2022-07-11 05:00:00,2022-07-11 06:00:00,14.18,7.0778761,36.63,17.5,80.0,0.0,1013.7,26.127289,44.444925
2022-07-11 07:00:00,2022-07-11 08:00:00,21.56,10.761566199999999,43.93,19.4,70.0,3.6,1014.4,26.127289,44.444925
2022-07-11 08:00:00,2022-07-11 09:00:00,19.59,9.77825055,39.89,22.2,65.0,3.6,1014.7,26.127289,44.444925
2022-07-11 09:00:00,2022-07-11 10:00:00,24.77,12.36382165,26.16,22.8,50.0,3.6,1014.5,26.127289,44.444925
2022-07-11 10:00:00,2022-07-11 11:00:00,17.53,8.75001185,31.59,23.5,48.0,3.6,1014.2,26.127289,44.444925
2022-07-11 11:00:00,2022-07-11 12:00:00,16.4,8.185977999999999,26.01,25.5,44.0,3.6,1014.1,26.127289,44.444925
2022-07-11 12:00:00,2022-07-11 13:00:00,15.15,7.56204675,17.86,25.0,42.0,3.6,1013.7,26.127289,44.444925
2022-07-11 13:00:00,2022-07-11 14:00:00,14.86,7.417294699999999,20.24,27.1,31.0,7.2,1013.6,26.127289,44.444925
2022-07-11 14:00:00,2022-07-11 15:00:00,13.53,6.75343185,22.03,24.5,48.0,3.6,1014.1,26.127289,44.444925
2022-07-11 15:00:00,2022-07-11 16:00:00,15.62,7.7966448999999995,27.47,26.3,42.0,3.6,1014.0,26.127289,44.444925
2022-07-11 16:00:00,2022-07-11 17:00:00,16.1,8.0362345,39.0,26.0,43.0,3.6,1014.2,26.127289,44.444925
2022-07-11 17:00:00,2022-07-11 18:00:00,14.76,7.3673802,33.26,24.4,44.0,3.6,1014.6,26.127289,44.444925
2022-07-11 18:00:00,2022-07-11 19:00:00,14.11,7.0429359499999995,28.37,23.1,45.0,0.0,1015.0,26.127289,44.444925
2022-07-11 19:00:00,2022-07-11 20:00:00,16.12,8.0462174,30.92,21.5,53.0,0.0,1015.4,26.127289,44.444925
2022-07-11 20:00:00,2022-07-11 21:00:00,17.82,8.894763900000001,38.09,20.4,56.0,0.0,1015.9,26.127289,44.444925
2022-07-11 21:00:00,2022-07-11 22:00:00,19.1,9.5336695,42.46,19.9,61.0,3.6,1016.2,26.127289,44.444925
2022-07-11 22:00:00,2022-07-11 23:00:00,17.85,8.90973825,36.86,20.5,51.0,3.6,1016.7,26.127289,44.444925
2022-07-11 23:00:00,2022-07-12 00:00:00,11.98,5.9797571000000005,28.75,19.9,52.0,3.6,1016.8,26.127289,44.444925
2022-07-12 00:00:00,2022-07-12 01:00:00,10.32,5.1511764,20.15,18.7,54.0,3.6,1017.1,26.127289,44.444925
2022-07-12 01:00:00,2022-07-12 02:00:00,9.92,4.9515184,15.53,18.2,60.0,3.6,1017.1,26.127289,44.444925
2022-07-12 02:00:00,2022-07-12 03:00:00,8.6,4.292647,15.1,19.0,54.0,3.6,1016.9,26.127289,44.444925
2022-07-12 03:00:00,2022-07-12 04:00:00,7.73,3.85839085,15.39,17.8,60.0,0.0,1017.2,26.127289,44.444925
2022-07-12 04:00:00,2022-07-12 05:00:00,9.58,4.7818091,16.37,17.2,61.0,0.0,1017.8,26.127289,44.444925
2022-07-12 05:00:00,2022-07-12 06:00:00,11.0,5.490595,24.32,18.0,62.0,0.0,1018.0,26.127289,44.444925
2022-07-12 06:00:00,2022-07-12 07:00:00,11.79,5.884919549999999,38.06,20.3,56.0,3.6,1018.3,26.127289,44.444925
2022-07-12 08:00:00,2022-07-12 09:00:00,13.64,6.8083378,37.16,22.9,42.0,3.6,1018.4,26.127289,44.444925
2022-07-12 09:00:00,2022-07-12 10:00:00,14.06,7.0179787000000005,37.35,22.7,49.0,7.9,1018.2,26.127289,44.444925
2022-07-12 10:00:00,2022-07-12 11:00:00,17.62,8.794934900000001,32.24,24.5,38.0,3.6,1018.0,26.127289,44.444925
2022-07-12 11:00:00,2022-07-12 12:00:00,15.86,7.9164397,26.55,24.6,36.0,7.2,1017.6,26.127289,44.444925
2022-07-12 12:00:00,2022-07-12 13:00:00,14.24,7.1078248,26.55,27.8,30.0,3.6,1017.2,26.127289,44.444925
2022-07-12 13:00:00,2022-07-12 14:00:00,13.35,6.66358575,26.3,27.5,29.0,3.6,1017.0,26.127289,44.444925
2022-07-12 14:00:00,2022-07-12 15:00:00,12.54,6.2592783,16.07,27.2,27.0,3.6,1016.6,26.127289,44.444925
2022-07-12 15:00:00,2022-07-12 16:00:00,11.7,5.8399965,19.19,28.1,26.0,3.6,1016.3,26.127289,44.444925
2022-07-12 16:00:00,2022-07-12 17:00:00,13.42,6.6985259,22.96,27.5,25.0,7.2,1016.2,26.127289,44.444925
2022-07-12 17:00:00,2022-07-12 18:00:00,15.15,7.56204675,27.52,26.1,25.0,3.6,1016.2,26.127289,44.444925
2022-07-12 18:00:00,2022-07-12 19:00:00,15.33,7.65189285,28.68,22.9,33.0,0.0,1016.5,26.127289,44.444925
2022-07-12 19:00:00,2022-07-12 20:00:00,14.01,6.99302145,31.35,22.2,42.0,7.2,1017.2,26.127289,44.444925
2022-07-12 20:00:00,2022-07-12 21:00:00,13.16,6.5687482,26.74,21.2,45.0,3.6,1017.6,26.127289,44.444925
2022-07-12 21:00:00,2022-07-12 22:00:00,11.79,5.884919549999999,30.43,20.7,46.0,7.2,1017.6,26.127289,44.444925
2022-07-12 22:00:00,2022-07-12 23:00:00,10.84,5.4107318,24.68,15.9,80.0,7.2,1018.0,26.127289,44.444925
2022-07-12 23:00:00,2022-07-13 00:00:00,7.87,3.92827115,19.39,17.8,64.0,7.2,1018.9,26.127289,44.444925
2022-07-13 00:00:00,2022-07-13 01:00:00,7.98,3.9831771000000002,13.53,15.4,69.0,8.3,1017.7,26.127289,44.444925
2022-07-13 01:00:00,2022-07-13 02:00:00,7.06,3.5239637,19.84,16.5,62.0,0.0,1018.2,26.127289,44.444925
2022-07-13 02:00:00,2022-07-13 03:00:00,8.65,4.3176042500000005,19.24,15.7,66.0,0.0,1018.2,26.127289,44.444925
2022-07-13 03:00:00,2022-07-13 04:00:00,9.21,4.59712545,19.24,14.7,70.0,0.0,1018.1,26.127289,44.444925
2022-07-13 04:00:00,2022-07-13 05:00:00,11.06,5.5205437,17.95,13.6,77.0,0.0,1018.3,26.127289,44.444925
2022-07-13 05:00:00,2022-07-13 06:00:00,13.47,6.723483150000001,23.38,16.4,62.0,3.6,1018.2,26.127289,44.444925
2022-07-14 20:00:00,2022-07-14 21:00:00,14.09,7.03295305,67.89,23.0,43.0,3.6,1015.3,26.127289,44.444925
2022-07-14 21:00:00,2022-07-14 22:00:00,22.11,11.03609595,91.48,21.8,46.0,0.0,1015.3,26.127289,44.444925
2022-07-14 22:00:00,2022-07-14 23:00:00,23.45,11.70495025,94.38,20.9,49.0,0.0,1015.1,26.127289,44.444925
2022-07-14 23:00:00,2022-07-15 00:00:00,18.46,9.2142167,55.85,20.8,50.0,3.6,1014.7,26.127289,44.444925
2022-07-15 00:00:00,2022-07-15 01:00:00,21.67,10.816472150000001,64.14,19.6,55.0,0.0,1014.4,26.127289,44.444925
2022-07-15 01:00:00,2022-07-15 02:00:00,21.43,10.69667735,62.15,18.6,61.0,0.0,1014.3,26.127289,44.444925
2022-07-15 02:00:00,2022-07-15 03:00:00,20.64,10.3023528,58.01,18.4,67.0,3.6,1014.0,26.127289,44.444925
2022-07-15 03:00:00,2022-07-15 04:00:00,11.5,5.7401675,29.7,17.5,69.0,0.0,1013.8,26.127289,44.444925
2022-07-15 04:00:00,2022-07-15 05:00:00,10.49,5.23603105,25.8,18.3,65.0,0.0,1013.7,26.127289,44.444925
2022-07-15 05:00:00,2022-07-15 06:00:00,12.43,6.20437235,35.77,19.8,65.0,3.6,1014.1,26.127289,44.444925
2022-07-15 06:00:00,2022-07-15 07:00:00,21.06,10.5119937,58.62,24.1,49.0,3.6,1013.9,26.127289,44.444925
2022-07-15 07:00:00,2022-07-15 08:00:00,32.52,16.232195400000002,68.82,27.5,39.0,0.0,1013.7,26.127289,44.444925
2022-07-15 08:00:00,2022-07-15 09:00:00,31.86,15.9027597,67.47,30.2,33.0,3.6,1013.6,26.127289,44.444925
2022-07-15 09:00:00,2022-07-15 10:00:00,30.2,15.074178999999999,51.16,31.8,29.0,3.6,1013.4,26.127289,44.444925
2022-07-15 10:00:00,2022-07-15 11:00:00,35.24,17.589869800000002,42.86,33.5,27.0,3.6,1012.8,26.127289,44.444925
2022-07-15 11:00:00,2022-07-15 12:00:00,28.5,14.2256325,30.21,34.3,25.0,3.6,1012.3,26.127289,44.444925
2022-07-15 12:00:00,2022-07-15 13:00:00,23.82,11.8896339,34.58,34.2,26.0,3.6,1011.8,26.127289,44.444925
2022-07-15 13:00:00,2022-07-15 14:00:00,24.89,12.42371905,42.18,35.5,19.0,3.6,1011.5,26.127289,44.444925
2022-07-15 14:00:00,2022-07-15 15:00:00,17.36,8.6651572,26.27,35.4,22.0,3.6,1011.2,26.127289,44.444925
2022-07-15 15:00:00,2022-07-15 16:00:00,20.7,10.3323015,35.82,34.7,22.0,3.6,1010.8,26.127289,44.444925
2022-07-15 16:00:00,2022-07-15 17:00:00,16.79,8.38064455,35.37,34.9,23.0,3.6,1010.9,26.127289,44.444925
2022-07-15 17:00:00,2022-07-15 18:00:00,18.66,9.3140457,36.06,33.5,23.0,0.0,1010.9,26.127289,44.444925
2022-07-15 18:00:00,2022-07-15 19:00:00,24.12,12.039377400000001,26.1,30.8,30.0,3.6,1011.1,26.127289,44.444925
2022-07-15 19:00:00,2022-07-15 20:00:00,24.74,12.3488473,44.78,29.0,34.0,3.6,1011.6,26.127289,44.444925
2022-07-15 21:00:00,2022-07-15 22:00:00,36.03,17.98419435,78.65,26.1,49.0,3.6,1012.6,26.127289,44.444925
2022-07-15 22:00:00,2022-07-15 23:00:00,22.37,11.16587365,54.37,25.5,48.0,3.6,1013.0,26.127289,44.444925
2022-07-15 23:00:00,2022-07-16 00:00:00,18.77,9.36895165,48.35,25.4,49.0,3.6,1013.3,26.127289,44.444925
2022-07-16 00:00:00,2022-07-16 01:00:00,17.35,8.66016575,39.63,24.5,53.0,3.6,1013.6,26.127289,44.444925
2022-07-16 01:00:00,2022-07-16 02:00:00,16.39,8.18098655,33.29,23.7,57.0,7.2,1013.8,26.127289,44.444925
2022-07-16 02:00:00,2022-07-16 03:00:00,16.71,8.34071295,25.01,23.2,58.0,3.6,1013.9,26.127289,44.444925
2022-07-16 03:00:00,2022-07-16 04:00:00,21.02,10.4920279,28.68,23.0,59.0,3.6,1014.0,26.127289,44.444925
2022-07-16 04:00:00,2022-07-16 05:00:00,18.61,9.28908845,29.46,22.5,62.0,3.6,1014.7,26.127289,44.444925
2022-07-16 05:00:00,2022-07-16 06:00:00,18.89,9.42884905,30.84,23.5,59.0,7.2,1015.0,26.127289,44.444925
2022-07-16 06:00:00,2022-07-16 07:00:00,20.41,10.18754945,36.47,25.5,52.0,7.2,1015.2,26.127289,44.444925
2022-07-16 07:00:00,2022-07-16 08:00:00,20.28,10.122660600000001,28.58,27.7,46.0,3.6,1015.4,26.127289,44.444925
2022-07-16 08:00:00,2022-07-16 09:00:00,20.76,10.3622502,26.03,30.0,39.0,3.6,1015.2,26.127289,44.444925
2022-07-16 09:00:00,2022-07-16 10:00:00,21.8,10.881361,21.46,31.5,38.0,7.2,1015.1,26.127289,44.444925
2022-07-16 10:00:00,2022-07-16 11:00:00,22.56,11.2607112,21.65,32.1,35.0,3.6,1015.2,26.127289,44.444925
2022-07-16 11:00:00,2022-07-16 12:00:00,23.56,11.7598562,22.29,33.2,34.0,3.6,1014.7,26.127289,44.444925
2022-07-16 12:00:00,2022-07-16 13:00:00,22.22,11.0910019,18.02,33.6,30.0,3.6,1014.4,26.127289,44.444925
2022-07-16 13:00:00,2022-07-16 14:00:00,23.39,11.675001550000001,17.01,31.5,35.0,3.6,1014.4,26.127289,44.444925
2022-07-16 14:00:00,2022-07-16 15:00:00,27.08,13.5168466,12.52,21.2,99.0,3.6,1015.3,26.127289,44.444925
2022-07-16 15:00:00,2022-07-16 16:00:00,30.25,15.09913625,18.87,24.7,77.0,7.2,1015.0,26.127289,44.444925
2022-07-16 16:00:00,2022-07-16 17:00:00,29.03,14.49017935,18.72,28.0,64.0,3.6,1014.7,26.127289,44.444925
2022-07-16 17:00:00,2022-07-16 18:00:00,26.27,13.11253915,21.79,27.6,60.0,3.6,1014.5,26.127289,44.444925
2022-07-16 18:00:00,2022-07-16 19:00:00,25.48,12.7182146,25.64,24.0,75.0,0.0,1014.8,26.127289,44.444925
2022-07-16 19:00:00,2022-07-16 20:00:00,27.41,13.68156445,29.49,22.2,82.0,0.0,1015.6,26.127289,44.444925
2022-07-16 20:00:00,2022-07-16 21:00:00,31.81,15.877802449999999,40.84,21.5,83.0,0.0,1016.1,26.127289,44.444925
2022-07-16 22:00:00,2022-07-16 23:00:00,27.18,13.5667611,45.21,19.7,91.0,0.0,1016.8,26.127289,44.444925
2022-07-16 23:00:00,2022-07-17 00:00:00,27.75,13.85127375,36.62,19.2,94.0,0.0,1017.0,26.127289,44.444925
2022-07-17 00:00:00,2022-07-17 01:00:00,25.3,12.6283685,41.96,19.0,96.0,0.0,1017.0,26.127289,44.444925
2022-07-17 01:00:00,2022-07-17 02:00:00,25.76,12.8579752,47.38,18.5,98.0,0.0,1017.2,26.127289,44.444925
2022-07-17 02:00:00,2022-07-17 03:00:00,32.32,16.1323664,44.95,18.2,100.0,3.6,1017.3,26.127289,44.444925
2022-07-17 03:00:00,2022-07-17 04:00:00,36.43,18.18385235,40.96,18.7,99.0,3.6,1017.4,26.127289,44.444925
2022-07-17 04:00:00,2022-07-17 05:00:00,28.77,14.36040165,31.31,18.0,92.0,0.0,1017.9,26.127289,44.444925
2022-07-17 05:00:00,2022-07-17 06:00:00,20.98,10.4720621,25.91,20.2,68.0,0.0,1018.5,26.127289,44.444925
2022-07-17 06:00:00,2022-07-17 07:00:00,19.5,9.7333275,25.07,23.5,57.0,3.6,1019.1,26.127289,44.444925
2022-07-17 07:00:00,2022-07-17 08:00:00,20.11,10.03780595,21.81,26.0,48.0,0.0,1019.2,26.127289,44.444925
2022-07-17 08:00:00,2022-07-17 09:00:00,21.27,10.61681415,23.17,27.1,44.0,3.6,1019.1,26.127289,44.444925
2022-07-17 09:00:00,2022-07-17 10:00:00,19.86,9.9130197,16.62,29.0,34.0,3.6,1019.0,26.127289,44.444925
2022-07-17 10:00:00,2022-07-17 11:00:00,20.99,10.477053549999999,11.74,30.2,29.0,3.6,1018.7,26.127289,44.444925
2022-07-17 11:00:00,2022-07-17 12:00:00,16.06,8.0162687,10.09,31.2,25.0,0.0,1018.3,26.127289,44.444925
2022-07-17 12:00:00,2022-07-17 13:00:00,15.0,7.487175,9.39,32.5,24.0,3.6,1017.8,26.127289,44.444925
2022-07-17 13:00:00,2022-07-17 14:00:00,16.34,8.1560293,9.43,31.7,24.0,3.6,1017.3,26.127289,44.444925
2022-07-17 14:00:00,2022-07-17 15:00:00,16.78,8.375653100000001,9.11,31.7,23.0,3.6,1017.0,26.127289,44.444925
2022-07-17 15:00:00,2022-07-17 16:00:00,17.27,8.62023415,9.65,32.1,27.0,3.6,1016.7,26.127289,44.444925
2022-07-17 16:00:00,2022-07-17 17:00:00,15.65,7.811619250000001,8.67,31.7,22.0,3.6,1016.5,26.127289,44.444925
2022-07-17 17:00:00,2022-07-17 18:00:00,14.72,7.347414400000001,11.51,29.6,25.0,3.6,1016.8,26.127289,44.444925
2022-07-17 18:00:00,2022-07-17 19:00:00,13.0,6.488885,13.31,27.3,37.0,3.6,1017.5,26.127289,44.444925
2022-07-17 19:00:00,2022-07-17 20:00:00,19.19,9.578592550000002,36.6,26.0,32.0,7.2,1018.7,26.127289,44.444925
2022-07-17 20:00:00,2022-07-17 21:00:00,15.73,7.851550850000001,40.35,24.7,41.0,7.2,1019.8,26.127289,44.444925
2022-07-17 21:00:00,2022-07-17 22:00:00,15.21,7.591995450000001,43.73,23.6,41.0,7.2,1020.8,26.127289,44.444925
2022-07-17 23:00:00,2022-07-18 00:00:00,12.77,6.37408165,24.75,21.5,40.0,10.8,1022.3,26.127289,44.444925
2022-07-18 00:00:00,2022-07-18 01:00:00,11.36,5.6702872,15.67,21.1,39.0,23.4,1022.7,26.127289,44.444925
2022-07-18 01:00:00,2022-07-18 02:00:00,9.04,4.5122708,13.24,20.4,42.0,7.2,1023.1,26.127289,44.444925
2022-07-18 02:00:00,2022-07-18 03:00:00,10.6,5.290937,16.93,17.5,59.0,7.2,1023.4,26.127289,44.444925
2022-07-18 03:00:00,2022-07-18 04:00:00,9.95,4.96649275,12.08,16.3,65.0,7.2,1023.8,26.127289,44.444925
2022-07-18 04:00:00,2022-07-18 05:00:00,8.94,4.4623563,18.41,17.9,52.0,7.2,1024.1,26.127289,44.444925
2022-07-18 05:00:00,2022-07-18 06:00:00,9.82,4.9016039000000005,28.78,18.8,50.0,3.6,1024.7,26.127289,44.444925
2022-07-18 06:00:00,2022-07-18 07:00:00,12.09,6.03466305,39.31,18.9,51.0,0.0,1025.3,26.127289,44.444925
2022-07-18 07:00:00,2022-07-18 08:00:00,16.52,8.2458754,46.95,20.5,47.0,3.6,1025.5,26.127289,44.444925
2022-07-18 08:00:00,2022-07-18 09:00:00,19.01,9.48874645,46.75,21.4,47.0,3.6,1025.3,26.127289,44.444925
2022-07-18 09:00:00,2022-07-18 10:00:00,17.45,8.710080249999999,45.49,24.9,35.0,3.6,1024.9,26.127289,44.444925
2022-07-18 10:00:00,2022-07-18 11:00:00,16.29,8.13107205,40.36,26.4,35.0,3.6,1024.5,26.127289,44.444925
2022-07-18 11:00:00,2022-07-18 12:00:00,15.54,7.7567132999999995,41.62,27.4,29.0,3.6,1024.1,26.127289,44.444925
2022-07-18 12:00:00,2022-07-18 13:00:00,16.38,8.1759951,47.47,28.5,27.0,3.6,1023.5,26.127289,44.444925
2022-07-18 13:00:00,2022-07-18 14:00:00,16.04,8.006285799999999,43.38,27.9,26.0,0.0,1022.8,26.127289,44.444925
2022-07-18 14:00:00,2022-07-18 15:00:00,17.78,8.874798100000001,43.76,28.1,26.0,3.6,1022.5,26.127289,44.444925
2022-07-18 15:00:00,2022-07-18 16:00:00,17.28,8.6252256,36.01,29.0,28.0,3.6,1022.1,26.127289,44.444925
2022-07-18 16:00:00,2022-07-18 17:00:00,19.79,9.878079549999999,60.22,28.9,26.0,3.6,1021.7,26.127289,44.444925
2022-07-18 17:00:00,2022-07-18 18:00:00,18.34,9.1543193,67.04,27.4,26.0,0.0,1021.6,26.127289,44.444925
2022-07-18 18:00:00,2022-07-18 19:00:00,17.64,8.8049178,34.26,23.1,36.0,3.6,1021.9,26.127289,44.444925
2022-07-18 19:00:00,2022-07-18 20:00:00,17.8,8.884781,45.86,21.5,39.0,0.0,1022.3,26.127289,44.444925
2022-07-18 20:00:00,2022-07-18 21:00:00,25.74,12.8479923,65.37,20.3,43.0,0.0,1022.8,26.127289,44.444925
2022-07-18 21:00:00,2022-07-18 22:00:00,33.27,16.60655415,63.52,19.5,46.0,0.0,1022.8,26.127289,44.444925
2022-07-18 22:00:00,2022-07-18 23:00:00,25.61,12.78310345,46.02,17.9,49.0,0.0,1023.2,26.127289,44.444925
2022-07-19 00:00:00,2022-07-19 01:00:00,22.32,11.1409164,45.45,16.0,59.0,0.0,1023.3,26.127289,44.444925
2022-07-19 01:00:00,2022-07-19 02:00:00,25.08,12.5185566,38.57,15.5,64.0,3.6,1023.3,26.127289,44.444925
2022-07-19 02:00:00,2022-07-19 03:00:00,21.89,10.92628405,38.75,15.5,64.0,3.6,1023.1,26.127289,44.444925
2022-07-19 03:00:00,2022-07-19 04:00:00,19.82,9.8930539,21.6,14.7,63.0,3.6,1023.3,26.127289,44.444925
2022-07-19 04:00:00,2022-07-19 05:00:00,19.56,9.7632762,30.96,15.1,64.0,3.6,1023.5,26.127289,44.444925
2022-07-19 05:00:00,2022-07-19 06:00:00,19.34,9.6534643,37.6,17.0,61.0,3.6,1023.4,26.127289,44.444925
2022-07-19 06:00:00,2022-07-19 07:00:00,24.43,12.19411235,52.24,21.5,44.0,3.6,1023.4,26.127289,44.444925
2022-07-19 07:00:00,2022-07-19 08:00:00,26.18,13.0676161,56.45,25.2,35.0,3.6,1023.3,26.127289,44.444925
2022-07-19 08:00:00,2022-07-19 09:00:00,24.84,12.3987618,60.98,26.7,29.0,0.0,1023.4,26.127289,44.444925
2022-07-19 09:00:00,2022-07-19 10:00:00,24.18,12.0693261,56.35,28.5,25.0,3.6,1023.1,26.127289,44.444925
2022-07-19 10:00:00,2022-07-19 11:00:00,30.29,15.11910205,44.36,29.0,23.0,0.0,1022.6,26.127289,44.444925
2022-07-19 11:00:00,2022-07-19 12:00:00,20.53,10.247446850000001,45.74,30.0,22.0,3.6,1022.1,26.127289,44.444925
2022-07-19 12:00:00,2022-07-19 13:00:00,21.25,10.60683125,38.52,30.2,23.0,0.0,1021.5,26.127289,44.444925
2022-07-19 13:00:00,2022-07-19 14:00:00,21.0,10.482045,38.87,31.5,24.0,3.6,1020.9,26.127289,44.444925
2022-07-19 14:00:00,2022-07-19 15:00:00,17.85,8.90973825,42.62,30.5,22.0,3.6,1020.4,26.127289,44.444925
2022-07-19 15:00:00,2022-07-19 16:00:00,16.88,8.425567599999999,38.96,30.7,23.0,3.6,1020.0,26.127289,44.444925
2022-07-19 16:00:00,2022-07-19 17:00:00,17.99,8.97961855,42.9,30.1,27.0,3.6,1019.6,26.127289,44.444925
2022-07-19 17:00:00,2022-07-19 18:00:00,19.51,9.73831895,64.32,29.7,24.0,0.0,1019.5,26.127289,44.444925
2022-07-19 18:00:00,2022-07-19 19:00:00,20.24,10.1026948,51.66,26.2,31.0,3.6,1019.8,26.127289,44.444925
2022-07-19 19:00:00,2022-07-19 20:00:00,25.81,12.88293245,45.17,22.5,41.0,3.6,1020.1,26.127289,44.444925
2022-07-19 20:00:00,2022-07-19 21:00:00,42.44,21.1837138,72.46,21.2,44.0,3.6,1020.4,26.127289,44.444925
2022-07-19 21:00:00,2022-07-19 22:00:00,52.77,26.339881650000002,99.38,20.0,50.0,0.0,1020.6,26.127289,44.444925
2022-07-19 22:00:00,2022-07-19 23:00:00,27.65,13.801359249999999,70.4,19.0,54.0,0.0,1020.7,26.127289,44.444925
2022-07-19 23:00:00,2022-07-20 00:00:00,31.98,15.962657100000001,68.06,20.0,50.0,3.6,1021.0,26.127289,44.444925
2022-07-20 01:00:00,2022-07-20 02:00:00,21.62,10.791514900000001,21.96,17.0,64.0,0.0,1020.9,26.127289,44.444925
2022-07-20 02:00:00,2022-07-20 03:00:00,27.0,13.476915,27.02,16.1,68.0,0.0,1020.9,26.127289,44.444925
2022-07-20 03:00:00,2022-07-20 04:00:00,27.11,13.53182095,36.17,16.2,69.0,0.0,1020.8,26.127289,44.444925
2022-07-20 04:00:00,2022-07-20 05:00:00,25.92,12.9378384,47.88,16.2,72.0,0.0,1021.1,26.127289,44.444925
2022-07-20 05:00:00,2022-07-20 06:00:00,24.21,12.08430045,42.5,18.6,64.0,0.0,1021.1,26.127289,44.444925
2022-07-20 06:00:00,2022-07-20 07:00:00,26.14,13.0476503,58.27,23.6,45.0,0.0,1021.0,26.127289,44.444925
2022-07-20 07:00:00,2022-07-20 08:00:00,27.48,13.7165046,61.31,26.5,36.0,3.6,1021.1,26.127289,44.444925
2022-07-20 08:00:00,2022-07-20 09:00:00,30.42,15.183990900000001,70.99,27.4,35.0,1.8,1020.6,26.127289,44.444925
2022-07-20 09:00:00,2022-07-20 10:00:00,37.31,18.62309995,76.15,30.3,29.0,3.6,1020.5,26.127289,44.444925
2022-07-20 10:00:00,2022-07-20 11:00:00,38.01,18.97250145,68.56,30.8,28.0,0.0,1019.9,26.127289,44.444925
2022-07-20 11:00:00,2022-07-20 12:00:00,33.7,16.821186500000003,61.91,32.5,24.0,3.6,1019.1,26.127289,44.444925
2022-07-20 12:00:00,2022-07-20 13:00:00,25.43,12.69325735,39.64,32.6,24.0,3.6,1018.5,26.127289,44.444925
2022-07-20 13:00:00,2022-07-20 14:00:00,24.66,12.3089157,29.97,33.6,26.0,3.6,1017.9,26.127289,44.444925
2022-07-20 14:00:00,2022-07-20 15:00:00,19.46,9.7133617,31.38,34.0,20.0,3.6,1017.2,26.127289,44.444925
2022-07-20 15:00:00,2022-07-20 16:00:00,16.36,8.166012199999999,25.39,33.3,21.0,3.6,1016.5,26.127289,44.444925
2022-07-20 16:00:00,2022-07-20 17:00:00,16.73,8.350695850000001,27.2,32.6,25.0,3.6,1015.9,26.127289,44.444925
2022-07-20 17:00:00,2022-07-20 18:00:00,18.49,9.229191049999999,32.42,31.3,27.0,3.6,1015.7,26.127289,44.444925
2022-07-20 18:00:00,2022-07-20 19:00:00,23.35,11.655035750000001,35.92,28.0,33.0,3.6,1015.6,26.127289,44.444925
2022-07-20 19:00:00,2022-07-20 20:00:00,22.81,11.385497449999999,43.61,24.6,42.0,0.0,1015.7,26.127289,44.444925
2022-07-20 20:00:00,2022-07-20 21:00:00,30.69,15.318760050000002,70.96,23.7,45.0,3.6,1015.8,26.127289,44.444925
2022-07-20 21:00:00,2022-07-20 22:00:00,33.81,16.87609245,75.93,23.7,47.0,3.6,1015.7,26.127289,44.444925
2022-07-20 22:00:00,2022-07-20 23:00:00,34.19,17.06576755,76.02,23.4,48.0,0.0,1015.5,26.127289,44.444925
2022-07-20 23:00:00,2022-07-21 00:00:00,36.48,18.2088096,80.11,21.3,55.0,0.0,1015.3,26.127289,44.444925
2022-07-21 00:00:00,2022-07-21 01:00:00,34.19,17.06576755,77.05,22.0,55.0,0.0,1015.1,26.127289,44.444925
2022-07-21 02:00:00,2022-07-21 03:00:00,25.6,12.778112,46.97,20.3,62.0,0.0,1014.9,26.127289,44.444925
2022-07-21 03:00:00,2022-07-21 04:00:00,19.65,9.80819925,32.74,19.3,64.0,0.0,1014.9,26.127289,44.444925
2022-07-21 04:00:00,2022-07-21 05:00:00,17.22,8.5952769,28.05,19.7,64.0,0.0,1015.4,26.127289,44.444925
2022-07-21 05:00:00,2022-07-21 06:00:00,22.48,11.2207796,43.64,22.8,56.0,3.6,1015.5,26.127289,44.444925
2022-07-21 06:00:00,2022-07-21 07:00:00,25.07,12.51356515,66.23,25.8,45.0,7.2,1015.8,26.127289,44.444925
2022-07-21 07:00:00,2022-07-21 08:00:00,29.35,14.64990575,54.15,28.7,41.0,3.6,1015.8,26.127289,44.444925
2022-07-21 08:00:00,2022-07-21 09:00:00,32.67,16.30706715,62.82,30.4,36.0,3.6,1015.5,26.127289,44.444925
2022-07-21 09:00:00,2022-07-21 10:00:00,33.86,16.9010497,59.04,31.2,33.0,3.6,1015.4,26.127289,44.444925
2022-07-21 10:00:00,2022-07-21 11:00:00,31.67,15.807922150000001,66.35,31.5,34.0,3.6,1015.2,26.127289,44.444925
2022-07-21 11:00:00,2022-07-21 12:00:00,30.63,15.28881135,54.38,31.3,32.0,3.6,1014.9,26.127289,44.444925
2022-07-21 12:00:00,2022-07-21 13:00:00,31.54,15.7430333,65.73,33.2,30.0,0.0,1014.5,26.127289,44.444925
2022-07-21 13:00:00,2022-07-21 14:00:00,33.04,16.4917508,47.1,34.3,30.0,3.6,1014.0,26.127289,44.444925
2022-07-21 14:00:00,2022-07-21 15:00:00,31.95,15.94768275,51.97,32.4,30.0,3.6,1013.5,26.127289,44.444925
2022-07-21 15:00:00,2022-07-21 16:00:00,33.99,16.96593855,68.74,32.0,32.0,3.6,1013.3,26.127289,44.444925
2022-07-21 16:00:00,2022-07-21 17:00:00,36.54,18.2387583,89.06,32.6,31.0,3.6,1013.0,26.127289,44.444925
2022-07-21 17:00:00,2022-07-21 18:00:00,35.16,17.5499382,79.32,30.7,36.0,0.0,1013.1,26.127289,44.444925
2022-07-21 18:00:00,2022-07-21 19:00:00,35.22,17.579886899999998,72.95,28.6,38.0,0.0,1013.1,26.127289,44.444925
2022-07-21 19:00:00,2022-07-21 20:00:00,33.11,16.52669095,60.54,25.5,44.0,0.0,1013.7,26.127289,44.444925
2022-07-21 20:00:00,2022-07-21 21:00:00,39.98,19.955817099999997,61.62,24.5,45.0,0.0,1014.2,26.127289,44.444925
2022-07-21 21:00:00,2022-07-21 22:00:00,32.96,16.4518192,54.04,23.7,45.0,0.0,1014.5,26.127289,44.444925
2022-07-21 22:00:00,2022-07-21 23:00:00,28.55,14.250589750000001,52.28,22.0,48.0,0.0,1014.9,26.127289,44.444925
2022-07-21 23:00:00,2022-07-22 00:00:00,26.5,13.2273425,35.86,20.5,52.0,0.0,1014.9,26.127289,44.444925
2022-07-22 00:00:00,2022-07-22 01:00:00,30.29,15.11910205,36.71,19.1,59.0,3.6,1015.3,26.127289,44.444925
2022-07-22 01:00:00,2022-07-22 02:00:00,27.18,13.5667611,32.85,18.6,58.0,0.0,1015.7,26.127289,44.444925
2022-07-22 03:00:00,2022-07-22 04:00:00,29.59,14.76970055,24.29,17.0,64.0,0.0,1015.8,26.127289,44.444925
2022-07-22 04:00:00,2022-07-22 05:00:00,26.3,13.127513500000001,32.29,17.5,58.0,0.0,1016.0,26.127289,44.444925
2022-07-22 05:00:00,2022-07-22 06:00:00,24.7,12.3288815,52.5,20.5,54.0,3.6,1016.0,26.127289,44.444925
2022-07-22 06:00:00,2022-07-22 07:00:00,27.8,13.876231,65.2,24.5,38.0,3.6,1016.1,26.127289,44.444925
2022-07-22 07:00:00,2022-07-22 08:00:00,26.31,13.13250495,61.46,28.6,31.0,3.6,1016.2,26.127289,44.444925
2022-07-22 08:00:00,2022-07-22 09:00:00,26.34,13.1474793,52.83,30.5,27.0,7.2,1016.2,26.127289,44.444925
2022-07-22 09:00:00,2022-07-22 10:00:00,24.99,12.473633549999999,49.83,31.5,26.0,3.6,1016.1,26.127289,44.444925
2022-07-22 10:00:00,2022-07-22 11:00:00,23.78,11.8696681,45.46,33.5,23.0,3.6,1016.0,26.127289,44.444925
2022-07-22 11:00:00,2022-07-22 12:00:00,21.93,10.94624985,33.34,33.7,21.0,3.6,1015.7,26.127289,44.444925
2022-07-22 12:00:00,2022-07-22 13:00:00,23.74,11.849702299999999,32.75,34.7,21.0,3.6,1015.4,26.127289,44.444925
2022-07-22 13:00:00,2022-07-22 14:00:00,25.81,12.88293245,44.25,34.0,21.0,3.6,1015.0,26.127289,44.444925
2022-07-22 14:00:00,2022-07-22 15:00:00,26.82,13.387068900000001,40.99,35.2,20.0,3.6,1014.6,26.127289,44.444925
2022-07-22 15:00:00,2022-07-22 16:00:00,28.06,14.006008699999999,36.57,35.6,21.0,0.0,1014.2,26.127289,44.444925
2022-07-22 16:00:00,2022-07-22 17:00:00,25.82,12.8879239,26.19,35.2,20.0,3.6,1013.9,26.127289,44.444925
2022-07-22 17:00:00,2022-07-22 18:00:00,27.74,13.846282299999999,28.09,33.3,23.0,3.6,1013.8,26.127289,44.444925
2022-07-22 18:00:00,2022-07-22 19:00:00,27.83,13.89120535,39.51,29.3,31.0,3.6,1013.9,26.127289,44.444925
2022-07-22 19:00:00,2022-07-22 20:00:00,31.09,15.51841805,46.05,26.3,39.0,3.6,1014.3,26.127289,44.444925
2022-07-22 20:00:00,2022-07-22 21:00:00,47.41,23.664464449999997,69.74,25.2,41.0,3.6,1014.6,26.127289,44.444925
2022-07-22 21:00:00,2022-07-22 22:00:00,56.59,28.24661555,88.64,24.2,43.0,3.6,1014.9,26.127289,44.444925
2022-07-22 22:00:00,2022-07-22 23:00:00,46.05,22.98562725,51.38,23.5,48.0,0.0,1015.5,26.127289,44.444925
2022-07-22 23:00:00,2022-07-23 00:00:00,51.29,25.60114705,75.48,22.4,50.0,0.0,1015.4,26.127289,44.444925
2022-07-23 00:00:00,2022-07-23 01:00:00,46.11,23.01557595,71.02,21.9,50.0,0.0,1015.4,26.127289,44.444925
2022-07-23 01:00:00,2022-07-23 02:00:00,35.41,17.67472445,54.27,20.9,53.0,0.0,1015.6,26.127289,44.444925
2022-07-23 02:00:00,2022-07-23 03:00:00,32.15,16.047511749999998,44.4,19.9,59.0,0.0,1015.6,26.127289,44.444925
2022-07-23 04:00:00,2022-07-23 05:00:00,30.9,15.4235805,38.21,20.0,61.0,3.6,1016.2,26.127289,44.444925
2022-07-23 05:00:00,2022-07-23 06:00:00,30.64,15.2938028,40.98,21.9,59.0,3.6,1016.4,26.127289,44.444925
2022-07-23 06:00:00,2022-07-23 07:00:00,32.08,16.012571599999998,43.66,25.4,46.0,3.6,1016.6,26.127289,44.444925
2022-07-23 07:00:00,2022-07-23 08:00:00,37.85,18.89263825,38.2,29.5,38.0,3.6,1016.7,26.127289,44.444925
2022-07-23 08:00:00,2022-07-23 09:00:00,38.74,19.3368773,32.24,32.5,31.0,3.6,1016.5,26.127289,44.444925
2022-07-23 09:00:00,2022-07-23 10:00:00,31.95,15.94768275,24.27,33.6,26.0,3.6,1016.2,26.127289,44.444925
2022-07-23 10:00:00,2022-07-23 11:00:00,28.16,14.0559232,20.95,34.9,26.0,3.6,1015.8,26.127289,44.444925
2022-07-23 11:00:00,2022-07-23 12:00:00,29.34,14.6449143,19.54,37.2,23.0,3.6,1015.3,26.127289,44.444925
2022-07-23 12:00:00,2022-07-23 13:00:00,29.54,14.7447433,15.42,37.3,20.0,3.6,1014.7,26.127289,44.444925
2022-07-23 13:00:00,2022-07-23 14:00:00,30.93,15.43855485,17.13,37.3,20.0,7.2,1014.3,26.127289,44.444925
2022-07-23 14:00:00,2022-07-23 15:00:00,34.51,17.22549395,18.66,37.9,20.0,3.6,1013.6,26.127289,44.444925
2022-07-23 15:00:00,2022-07-23 16:00:00,34.35,17.145630750000002,13.59,37.5,20.0,3.6,1013.6,26.127289,44.444925
2022-07-23 16:00:00,2022-07-23 17:00:00,32.61,16.27711845,13.92,37.0,23.0,3.6,1012.9,26.127289,44.444925
2022-07-23 17:00:00,2022-07-23 18:00:00,41.52,20.7245004,13.9,33.8,26.0,0.0,1013.2,26.127289,44.444925
2022-07-23 18:00:00,2022-07-23 19:00:00,36.59,18.26371555,22.77,30.1,32.0,0.0,1013.1,26.127289,44.444925
2022-07-23 19:00:00,2022-07-23 20:00:00,37.05,18.49332225,56.87,28.8,37.0,0.0,1013.2,26.127289,44.444925
2022-07-23 20:00:00,2022-07-23 21:00:00,34.65,17.29537425,45.45,26.6,42.0,0.0,1013.7,26.127289,44.444925
2022-07-23 21:00:00,2022-07-23 22:00:00,38.7,19.316911500000003,79.71,25.8,45.0,0.0,1014.1,26.127289,44.444925
2022-07-23 22:00:00,2022-07-23 23:00:00,37.59,18.762860550000003,55.71,24.2,52.0,0.0,1013.9,26.127289,44.444925
2022-07-23 23:00:00,2022-07-24 00:00:00,36.62,18.2786899,42.94,22.3,59.0,0.0,1014.1,26.127289,44.444925
2022-07-24 00:00:00,2022-07-24 01:00:00,30.01,14.979341450000002,32.32,21.5,62.0,0.0,1014.3,26.127289,44.444925
2022-07-24 01:00:00,2022-07-24 02:00:00,29.07,14.51014515,36.25,20.8,67.0,0.0,1014.0,26.127289,44.444925
2022-07-24 02:00:00,2022-07-24 03:00:00,25.4,12.678282999999999,30.28,19.9,70.0,0.0,1014.0,26.127289,44.444925
2022-07-24 03:00:00,2022-07-24 04:00:00,22.45,11.20580525,23.27,19.2,71.0,0.0,1013.5,26.127289,44.444925
2022-07-24 05:00:00,2022-07-24 06:00:00,24.53,12.244026850000001,30.02,21.4,67.0,0.0,1013.2,26.127289,44.444925
2022-07-24 06:00:00,2022-07-24 07:00:00,26.29,13.122522049999999,30.98,24.5,51.0,0.0,1012.9,26.127289,44.444925
2022-07-24 07:00:00,2022-07-24 08:00:00,26.36,13.1574622,28.01,29.3,41.0,0.0,1012.5,26.127289,44.444925
2022-07-24 08:00:00,2022-07-24 09:00:00,26.79,13.37209455,27.27,31.6,36.0,4.3,1012.4,26.127289,44.444925
2022-07-24 09:00:00,2022-07-24 10:00:00,30.49,15.21893105,21.09,33.1,30.0,3.6,1012.0,26.127289,44.444925
2022-07-24 10:00:00,2022-07-24 11:00:00,31.17,15.55834965,18.27,35.6,25.0,3.6,1011.6,26.127289,44.444925
2022-07-24 11:00:00,2022-07-24 12:00:00,34.97,17.45510065,16.59,36.7,25.0,3.6,1011.2,26.127289,44.444925
2022-07-24 12:00:00,2022-07-24 13:00:00,32.87,16.406896149999998,14.19,38.3,19.0,3.6,1010.5,26.127289,44.444925
2022-07-24 13:00:00,2022-07-24 14:00:00,34.16,17.050793199999998,11.73,39.6,19.0,3.6,1010.0,26.127289,44.444925
2022-07-24 14:00:00,2022-07-24 15:00:00,34.39,17.16559655,10.28,38.6,19.0,3.6,1009.4,26.127289,44.444925
2022-07-24 15:00:00,2022-07-24 16:00:00,33.89,16.91602405,9.92,38.9,19.0,3.6,1009.0,26.127289,44.444925
2022-07-24 16:00:00,2022-07-24 17:00:00,32.85,16.39691325,12.24,36.2,26.0,3.6,1009.1,26.127289,44.444925
2022-07-24 17:00:00,2022-07-24 18:00:00,32.11,16.02754595,53.69,32.9,34.0,7.2,1009.5,26.127289,44.444925
2022-07-24 18:00:00,2022-07-24 19:00:00,32.81,16.376947450000003,30.07,31.2,34.0,3.6,1010.0,26.127289,44.444925
2022-07-24 19:00:00,2022-07-24 20:00:00,31.67,15.807922150000001,35.25,29.4,46.0,7.2,1012.4,26.127289,44.444925
2022-07-24 20:00:00,2022-07-24 21:00:00,33.89,16.91602405,33.47,26.6,59.0,7.2,1012.8,26.127289,44.444925
2022-07-24 21:00:00,2022-07-24 22:00:00,29.53,14.739751850000001,38.54,25.4,61.0,7.2,1012.6,26.127289,44.444925
2022-07-24 22:00:00,2022-07-24 23:00:00,24.8,12.378796000000001,25.82,23.9,70.0,3.6,1013.2,26.127289,44.444925
2022-07-24 23:00:00,2022-07-25 00:00:00,25.79,12.87294955,27.03,23.9,74.0,7.2,1015.6,26.127289,44.444925
2022-07-25 00:00:00,2022-07-25 01:00:00,27.5,13.7264875,12.51,23.8,72.0,0.0,1015.8,26.127289,44.444925
2022-07-25 01:00:00,2022-07-25 02:00:00,25.0,12.478625000000001,16.52,23.2,77.0,3.6,1015.0,26.127289,44.444925
2022-07-25 02:00:00,2022-07-25 03:00:00,23.96,11.959514200000001,16.35,23.6,72.0,3.6,1014.9,26.127289,44.444925
2022-07-25 03:00:00,2022-07-25 04:00:00,18.53,9.24915685,13.22,21.4,90.0,0.0,1014.9,26.127289,44.444925
2022-07-25 04:00:00,2022-07-25 05:00:00,18.11,9.03951595,15.84,20.4,97.0,0.0,1015.0,26.127289,44.444925
2022-07-25 06:00:00,2022-07-25 07:00:00,25.36,12.658317199999999,43.32,23.4,76.0,7.2,1015.3,26.127289,44.444925
2022-07-25 07:00:00,2022-07-25 08:00:00,43.06,21.493183700000003,47.3,26.7,59.0,7.2,1015.3,26.127289,44.444925
2022-07-25 08:00:00,2022-07-25 09:00:00,32.35,16.14734075,47.48,28.7,46.0,7.2,1015.4,26.127289,44.444925
2022-07-25 09:00:00,2022-07-25 10:00:00,26.32,13.1374964,53.33,30.7,41.0,3.6,1015.2,26.127289,44.444925
2022-07-25 10:00:00,2022-07-25 11:00:00,24.93,12.44368485,41.3,31.1,38.0,3.6,1015.1,26.127289,44.444925
2022-07-25 11:00:00,2022-07-25 12:00:00,22.99,11.47534355,43.21,31.7,34.0,3.6,1014.6,26.127289,44.444925
2022-07-25 12:00:00,2022-07-25 13:00:00,24.32,12.1392064,44.63,31.6,35.0,3.6,1014.1,26.127289,44.444925
2022-07-25 13:00:00,2022-07-25 14:00:00,24.76,12.358830200000002,41.46,32.7,34.0,3.6,1013.3,26.127289,44.444925
2022-07-25 14:00:00,2022-07-25 15:00:00,24.63,12.293941349999999,41.19,32.5,34.0,3.6,1012.6,26.127289,44.444925
2022-07-25 15:00:00,2022-07-25 16:00:00,25.28,12.6183856,31.17,30.7,37.0,3.6,1012.2,26.127289,44.444925
2022-07-25 16:00:00,2022-07-25 17:00:00,25.4,12.678282999999999,36.18,32.7,32.0,3.6,1011.5,26.127289,44.444925
2022-07-25 17:00:00,2022-07-25 18:00:00,25.73,12.843000850000001,42.6,30.8,36.0,3.6,1011.6,26.127289,44.444925
2022-07-25 18:00:00,2022-07-25 19:00:00,25.83,12.892915349999999,29.62,28.8,41.0,3.6,1011.7,26.127289,44.444925
2022-07-25 19:00:00,2022-07-25 20:00:00,28.18,14.0659061,44.64,26.8,51.0,3.6,1012.1,26.127289,44.444925
2022-07-25 20:00:00,2022-07-25 21:00:00,28.94,14.4452563,44.97,25.3,57.0,3.6,1012.2,26.127289,44.444925
2022-07-25 21:00:00,2022-07-25 22:00:00,33.98,16.9609471,50.72,24.3,60.0,0.0,1012.4,26.127289,44.444925
2022-07-25 22:00:00,2022-07-25 23:00:00,37.68,18.8077836,53.5,24.7,60.0,0.0,1012.6,26.127289,44.444925
2022-07-25 23:00:00,2022-07-26 00:00:00,31.94,15.942691300000002,44.52,24.5,59.0,0.0,1012.5,26.127289,44.444925
2022-07-26 00:00:00,2022-07-26 01:00:00,26.17,13.062624650000002,24.43,21.2,68.0,7.6,1012.5,26.127289,44.444925
2022-07-26 01:00:00,2022-07-26 02:00:00,25.58,12.7681291,24.84,22.2,62.0,0.0,1012.2,26.127289,44.444925
2022-07-26 02:00:00,2022-07-26 03:00:00,22.8,11.380506,18.73,21.4,67.0,3.6,1011.9,26.127289,44.444925
2022-07-26 03:00:00,2022-07-26 04:00:00,24.34,12.1491893,25.1,20.2,72.0,3.6,1011.9,26.127289,44.444925
2022-07-26 04:00:00,2022-07-26 05:00:00,25.72,12.838009399999999,27.35,20.5,73.0,0.0,1011.9,26.127289,44.444925
2022-07-26 05:00:00,2022-07-26 06:00:00,27.55,13.751444750000001,38.06,22.8,68.0,0.0,1011.7,26.127289,44.444925
2022-07-26 07:00:00,2022-07-26 08:00:00,33.47,16.70638315,62.65,27.8,50.0,3.6,1011.3,26.127289,44.444925
2022-07-26 08:00:00,2022-07-26 09:00:00,39.99,19.960808550000003,66.99,30.0,45.0,3.6,1011.2,26.127289,44.444925
2022-07-26 09:00:00,2022-07-26 10:00:00,37.93,18.93256985,58.36,32.1,37.0,3.6,1010.7,26.127289,44.444925
2022-07-26 10:00:00,2022-07-26 11:00:00,37.16,18.548228199999997,45.98,33.3,35.0,3.6,1010.3,26.127289,44.444925
2022-07-26 11:00:00,2022-07-26 12:00:00,33.62,16.7812549,33.94,35.0,32.0,3.6,1009.8,26.127289,44.444925
2022-07-26 12:00:00,2022-07-26 13:00:00,29.68,14.814623600000001,24.05,35.7,29.0,3.6,1009.2,26.127289,44.444925
2022-07-26 13:00:00,2022-07-26 14:00:00,31.14,15.543375300000001,23.09,35.2,27.0,3.6,1008.6,26.127289,44.444925
2022-07-26 14:00:00,2022-07-26 15:00:00,31.84,15.8927768,30.72,33.7,32.0,7.6,1008.0,26.127289,44.444925
2022-07-26 15:00:00,2022-07-26 16:00:00,29.62,14.7846749,41.02,35.3,26.0,3.6,1007.8,26.127289,44.444925
2022-07-26 16:00:00,2022-07-26 17:00:00,29.6,14.774692000000002,33.36,35.2,27.0,3.6,1007.5,26.127289,44.444925
2022-07-26 17:00:00,2022-07-26 18:00:00,27.92,13.936128400000001,31.67,33.5,29.0,3.6,1007.5,26.127289,44.444925
2022-07-26 18:00:00,2022-07-26 19:00:00,25.53,12.743171850000001,32.58,30.5,35.0,3.6,1007.6,26.127289,44.444925
2022-07-26 19:00:00,2022-07-26 20:00:00,26.93,13.44197485,46.97,27.3,45.0,0.0,1007.9,26.127289,44.444925
2022-07-26 20:00:00,2022-07-26 21:00:00,41.46,20.6945517,87.16,26.5,49.0,0.0,1008.0,26.127289,44.444925
2022-07-26 21:00:00,2022-07-26 22:00:00,53.97,26.93885565,115.79,25.2,54.0,0.0,1008.1,26.127289,44.444925
2022-07-26 22:00:00,2022-07-26 23:00:00,51.65,25.78083925,113.24,24.9,56.0,3.6,1008.1,26.127289,44.444925
2022-07-26 23:00:00,2022-07-27 00:00:00,54.24,27.0736248,108.78,24.3,55.0,3.6,1007.9,26.127289,44.444925
2022-07-27 00:00:00,2022-07-27 01:00:00,45.81,22.865832450000003,86.02,23.7,56.0,3.6,1008.1,26.127289,44.444925
2022-07-27 01:00:00,2022-07-27 02:00:00,37.18,18.5582111,42.32,22.9,60.0,0.0,1008.2,26.127289,44.444925
2022-07-27 02:00:00,2022-07-27 03:00:00,39.48,19.706244599999998,41.8,22.7,62.0,3.6,1008.4,26.127289,44.444925
2022-07-27 03:00:00,2022-07-27 04:00:00,36.71,18.32361295,48.49,22.1,67.0,0.0,1008.4,26.127289,44.444925
2022-07-27 04:00:00,2022-07-27 05:00:00,37.92,18.9275784,43.14,21.8,70.0,0.0,1008.6,26.127289,44.444925
2022-07-27 05:00:00,2022-07-27 06:00:00,40.78,20.3551331,54.77,24.2,63.0,3.6,1008.5,26.127289,44.444925
2022-07-27 06:00:00,2022-07-27 07:00:00,44.16,22.042243199999998,69.59,27.7,47.0,3.6,1008.8,26.127289,44.444925
2022-07-27 08:00:00,2022-07-27 09:00:00,48.4,24.158618,97.89,31.3,39.0,0.0,1008.9,26.127289,44.444925
2022-07-27 09:00:00,2022-07-27 10:00:00,47.19,23.55465255,70.11,34.8,32.0,3.6,1008.8,26.127289,44.444925
2022-07-27 10:00:00,2022-07-27 11:00:00,45.23,22.576328349999997,51.63,36.1,28.0,3.6,1008.7,26.127289,44.444925
2022-07-27 11:00:00,2022-07-27 12:00:00,39.18,19.5565011,47.6,37.5,23.0,7.2,1008.4,26.127289,44.444925
2022-07-27 12:00:00,2022-07-27 13:00:00,29.53,14.739751850000001,33.58,37.1,23.0,7.2,1008.1,26.127289,44.444925
2022-07-27 13:00:00,2022-07-27 14:00:00,32.47,16.20723815,27.31,38.6,20.0,3.6,1007.6,26.127289,44.444925
2022-07-27 14:00:00,2022-07-27 15:00:00,32.46,16.2022467,41.7,35.4,30.0,6.8,1007.6,26.127289,44.444925
2022-07-27 15:00:00,2022-07-27 16:00:00,32.22,16.0824519,43.0,37.0,21.0,7.2,1006.9,26.127289,44.444925
2022-07-27 16:00:00,2022-07-27 17:00:00,25.96,12.9578042,36.08,37.6,20.0,3.6,1006.8,26.127289,44.444925
2022-07-27 17:00:00,2022-07-27 18:00:00,31.94,15.942691300000002,52.93,31.2,38.0,7.2,1008.0,26.127289,44.444925
2022-07-27 18:00:00,2022-07-27 19:00:00,32.51,16.22720395,78.89,29.0,45.0,7.2,1008.9,26.127289,44.444925
2022-07-27 19:00:00,2022-07-27 20:00:00,26.42,13.187410900000001,57.08,28.1,48.0,7.2,1009.5,26.127289,44.444925
2022-07-27 20:00:00,2022-07-27 21:00:00,26.63,13.29223135,56.39,27.6,50.0,7.2,1010.2,26.127289,44.444925
2022-07-27 21:00:00,2022-07-27 22:00:00,26.68,13.3171886,39.66,27.4,53.0,7.2,1010.5,26.127289,44.444925
2022-07-27 22:00:00,2022-07-27 23:00:00,27.44,13.6965388,29.56,26.2,58.0,7.2,1011.4,26.127289,44.444925
2022-07-27 23:00:00,2022-07-28 00:00:00,28.14,14.0459403,25.1,24.7,64.0,7.2,1011.9,26.127289,44.444925
2022-07-28 00:00:00,2022-07-28 01:00:00,22.41,11.18583945,22.48,24.0,67.0,10.8,1012.0,26.127289,44.444925
2022-07-28 01:00:00,2022-07-28 02:00:00,23.48,11.7199246,15.16,23.4,67.0,10.8,1012.1,26.127289,44.444925
2022-07-28 02:00:00,2022-07-28 03:00:00,21.62,10.791514900000001,11.57,23.1,67.0,7.2,1012.3,26.127289,44.444925
2022-07-28 03:00:00,2022-07-28 04:00:00,18.28,9.1243706,11.67,22.3,70.0,3.6,1012.7,26.127289,44.444925
2022-07-28 04:00:00,2022-07-28 05:00:00,16.09,8.03124305,13.98,22.2,69.0,7.2,1012.8,26.127289,44.444925
2022-07-28 05:00:00,2022-07-28 06:00:00,17.77,8.86980665,20.57,22.7,67.0,7.2,1013.6,26.127289,44.444925
2022-07-28 06:00:00,2022-07-28 07:00:00,21.14,10.5519253,36.31,23.9,64.0,3.6,1014.4,26.127289,44.444925
2022-07-28 07:00:00,2022-07-28 08:00:00,24.9,12.4287105,38.46,25.3,59.0,7.2,1014.5,26.127289,44.444925
2022-07-28 09:00:00,2022-07-28 10:00:00,27.64,13.7963678,52.8,26.8,56.0,3.6,1014.8,26.127289,44.444925
2022-07-28 10:00:00,2022-07-28 11:00:00,27.85,13.90118825,51.8,26.8,57.0,3.6,1015.1,26.127289,44.444925
2022-07-28 11:00:00,2022-07-28 12:00:00,27.23,13.59171835,56.89,31.6,44.0,7.2,1014.8,26.127289,44.444925
2022-07-28 12:00:00,2022-07-28 13:00:00,28.69,14.32047005,56.82,30.3,45.0,7.2,1014.7,26.127289,44.444925
2022-07-28 13:00:00,2022-07-28 14:00:00,28.19,14.070897550000002,55.47,31.4,45.0,7.2,1014.5,26.127289,44.444925
2022-07-28 14:00:00,2022-07-28 15:00:00,30.59,15.26884555,59.24,32.2,42.0,7.2,1013.8,26.127289,44.444925
2022-07-28 15:00:00,2022-07-28 16:00:00,30.93,15.43855485,67.25,30.6,46.0,7.2,1013.9,26.127289,44.444925
2022-07-28 16:00:00,2022-07-28 17:00:00,29.59,14.76970055,79.41,30.5,46.0,7.2,1013.8,26.127289,44.444925
2022-07-28 17:00:00,2022-07-28 18:00:00,28.51,14.230623950000002,72.58,28.1,52.0,3.6,1014.4,26.127289,44.444925
2022-07-28 18:00:00,2022-07-28 19:00:00,27.62,13.7863849,59.12,25.9,60.0,3.6,1015.3,26.127289,44.444925
2022-07-28 19:00:00,2022-07-28 20:00:00,26.03,12.99274435,55.39,25.6,61.0,3.6,1016.0,26.127289,44.444925
2022-07-28 20:00:00,2022-07-28 21:00:00,23.57,11.76484765,39.93,23.3,74.0,3.6,1016.3,26.127289,44.444925
2022-07-28 21:00:00,2022-07-28 22:00:00,22.73,11.34556585,36.78,22.0,82.0,3.6,1016.3,26.127289,44.444925
2022-07-28 22:00:00,2022-07-28 23:00:00,19.17,9.56860965,33.89,22.4,77.0,3.6,1016.7,26.127289,44.444925
2022-07-28 23:00:00,2022-07-29 00:00:00,20.27,10.11766915,30.67,22.7,73.0,3.6,1017.0,26.127289,44.444925
2022-07-29 00:00:00,2022-07-29 01:00:00,19.18,9.5736011,26.62,22.5,73.0,3.6,1017.1,26.127289,44.444925
2022-07-29 01:00:00,2022-07-29 02:00:00,19.62,9.7932249,22.42,21.6,76.0,3.6,1016.8,26.127289,44.444925
2022-07-29 02:00:00,2022-07-29 03:00:00,21.81,10.886352449999999,20.27,20.9,80.0,3.6,1016.9,26.127289,44.444925
2022-07-29 03:00:00,2022-07-29 04:00:00,25.54,12.7481633,24.52,21.7,77.0,3.6,1016.7,26.127289,44.444925
2022-07-29 04:00:00,2022-07-29 05:00:00,26.52,13.2373254,22.73,21.3,78.0,3.6,1016.9,26.127289,44.444925
2022-07-29 05:00:00,2022-07-29 06:00:00,27.2,13.576744,33.87,22.0,76.0,3.6,1017.2,26.127289,44.444925
2022-07-29 06:00:00,2022-07-29 07:00:00,25.09,12.52354805,41.49,23.6,71.0,3.6,1017.3,26.127289,44.444925
2022-07-29 07:00:00,2022-07-29 08:00:00,32.93,16.43684485,47.29,26.9,58.0,3.6,1017.3,26.127289,44.444925
2022-07-29 08:00:00,2022-07-29 09:00:00,24.45,12.20409525,37.01,28.8,48.0,3.6,1017.1,26.127289,44.444925
2022-07-29 10:00:00,2022-07-29 11:00:00,22.25,11.10597625,40.68,31.5,36.0,8.3,1016.0,26.127289,44.444925
2022-07-29 11:00:00,2022-07-29 12:00:00,21.48,10.7216346,54.51,33.1,32.0,3.6,1016.3,26.127289,44.444925
2022-07-29 12:00:00,2022-07-29 13:00:00,20.51,10.23746395,51.73,33.4,30.0,0.0,1015.6,26.127289,44.444925
2022-07-29 13:00:00,2022-07-29 14:00:00,21.35,10.65674575,58.18,34.5,28.0,3.6,1014.9,26.127289,44.444925
2022-07-29 14:00:00,2022-07-29 15:00:00,20.62,10.2923699,53.61,34.7,27.0,3.6,1014.2,26.127289,44.444925
2022-07-29 15:00:00,2022-07-29 16:00:00,21.74,10.8514123,55.23,35.6,28.0,0.0,1014.0,26.127289,44.444925
2022-07-29 16:00:00,2022-07-29 17:00:00,21.77,10.866386649999999,79.52,34.3,30.0,0.0,1013.7,26.127289,44.444925
2022-07-29 17:00:00,2022-07-29 18:00:00,20.69,10.327310050000001,60.2,31.7,36.0,3.6,1013.8,26.127289,44.444925
2022-07-29 18:00:00,2022-07-29 19:00:00,23.65,11.80477925,55.78,29.9,43.0,3.6,1014.2,26.127289,44.444925
2022-07-29 19:00:00,2022-07-29 20:00:00,29.48,14.714794600000001,61.25,29.0,51.0,3.6,1014.6,26.127289,44.444925
2022-07-29 20:00:00,2022-07-29 21:00:00,30.74,15.3437173,55.25,26.9,64.0,3.6,1015.7,26.127289,44.444925
2022-07-29 21:00:00,2022-07-29 22:00:00,28.53,14.24060685,50.73,24.8,69.0,7.2,1015.9,26.127289,44.444925
2022-07-29 22:00:00,2022-07-29 23:00:00,26.91,13.43199195,41.93,24.0,75.0,3.6,1016.1,26.127289,44.444925
2022-07-29 23:00:00,2022-07-30 00:00:00,25.77,12.86296665,31.64,23.6,80.0,3.6,1016.4,26.127289,44.444925
2022-07-30 00:00:00,2022-07-30 01:00:00,22.8,11.380506,31.49,23.0,80.0,3.6,1016.0,26.127289,44.444925
2022-07-30 01:00:00,2022-07-30 02:00:00,25.57,12.763137650000001,30.36,22.2,82.0,3.6,1015.9,26.127289,44.444925
2022-07-30 02:00:00,2022-07-30 03:00:00,17.34,8.6551743,21.8,22.1,80.0,3.6,1015.8,26.127289,44.444925
2022-07-30 03:00:00,2022-07-30 04:00:00,15.25,7.61196125,20.59,21.5,83.0,3.6,1015.7,26.127289,44.444925
2022-07-30 04:00:00,2022-07-30 05:00:00,16.22,8.0961319,22.84,21.1,83.0,3.6,1015.7,26.127289,44.444925
2022-07-30 05:00:00,2022-07-30 06:00:00,19.08,9.5236866,20.04,21.7,81.0,3.6,1015.7,26.127289,44.444925
2022-07-30 06:00:00,2022-07-30 07:00:00,18.39,9.17927655,20.64,23.7,73.0,3.6,1015.6,26.127289,44.444925
2022-07-30 07:00:00,2022-07-30 08:00:00,19.91,9.93797695,23.55,27.0,62.0,3.6,1015.4,26.127289,44.444925
2022-07-30 08:00:00,2022-07-30 09:00:00,20.11,10.03780595,19.08,29.1,54.0,3.6,1015.0,26.127289,44.444925
2022-07-30 09:00:00,2022-07-30 10:00:00,20.35,10.15760075,15.45,31.6,43.0,3.6,1014.8,26.127289,44.444925
2022-07-30 11:00:00,2022-07-30 12:00:00,20.69,10.327310050000001,29.45,35.0,31.0,3.6,1013.5,26.127289,44.444925
2022-07-30 12:00:00,2022-07-30 13:00:00,20.09,10.02782305,21.75,36.0,30.0,3.6,1012.7,26.127289,44.444925
2022-07-30 13:00:00,2022-07-30 14:00:00,20.24,10.1026948,15.37,35.7,28.0,3.6,1011.8,26.127289,44.444925
2022-07-30 14:00:00,2022-07-30 15:00:00,21.78,10.871378100000001,14.64,36.0,25.0,3.6,1010.7,26.127289,44.444925
2022-07-30 15:00:00,2022-07-30 16:00:00,20.19,10.07773755,16.19,36.5,23.0,3.6,1010.1,26.127289,44.444925
2022-07-30 16:00:00,2022-07-30 17:00:00,21.32,10.6417714,16.58,35.5,23.0,3.6,1009.7,26.127289,44.444925
2022-07-30 17:00:00,2022-07-30 18:00:00,21.23,10.59684835,18.81,32.2,35.0,3.6,1010.0,26.127289,44.444925
2022-07-30 18:00:00,2022-07-30 19:00:00,29.74,14.8445723,20.7,30.1,45.0,3.6,1010.6,26.127289,44.444925
2022-07-30 19:00:00,2022-07-30 20:00:00,30.8,15.373666,19.27,28.2,48.0,0.0,1010.8,26.127289,44.444925
2022-07-30 20:00:00,2022-07-30 21:00:00,32.57,16.257152650000002,30.04,27.1,58.0,0.0,1010.8,26.127289,44.444925
2022-07-30 21:00:00,2022-07-30 22:00:00,29.94,14.9444013,44.77,26.5,59.0,0.0,1010.7,26.127289,44.444925
2022-07-30 22:00:00,2022-07-30 23:00:00,29.47,14.709803149999999,40.04,27.0,52.0,3.6,1010.9,26.127289,44.444925
2022-07-30 23:00:00,2022-07-31 00:00:00,30.01,14.979341450000002,50.08,25.7,59.0,7.2,1011.1,26.127289,44.444925
2022-07-31 00:00:00,2022-07-31 01:00:00,24.1,12.0293945,13.76,23.7,76.0,0.0,1011.2,26.127289,44.444925
2022-07-31 01:00:00,2022-07-31 02:00:00,23.12,11.5402324,13.92,21.5,98.0,3.6,1011.7,26.127289,44.444925
2022-07-31 02:00:00,2022-07-31 03:00:00,27.64,13.7963678,23.65,21.7,99.0,3.6,1011.6,26.127289,44.444925
2022-07-31 03:00:00,2022-07-31 04:00:00,24.09,12.02440305,18.77,20.2,96.0,3.6,1011.3,26.127289,44.444925
2022-07-31 04:00:00,2022-07-31 05:00:00,16.39,8.18098655,12.6,20.2,95.0,7.2,1011.7,26.127289,44.444925
2022-07-31 05:00:00,2022-07-31 06:00:00,18.43,9.19924235,12.77,20.7,93.0,3.6,1011.7,26.127289,44.444925
2022-07-31 06:00:00,2022-07-31 07:00:00,21.49,10.72662605,12.9,21.0,90.0,3.6,1011.9,26.127289,44.444925
2022-07-31 07:00:00,2022-07-31 08:00:00,23.33,11.645052849999999,13.35,21.2,91.0,3.6,1011.8,26.127289,44.444925
2022-07-31 08:00:00,2022-07-31 09:00:00,26.03,12.99274435,15.6,22.2,85.0,3.6,1011.9,26.127289,44.444925
2022-07-31 09:00:00,2022-07-31 10:00:00,25.34,12.6483343,13.18,24.2,71.0,3.6,1011.8,26.127289,44.444925
2022-07-31 10:00:00,2022-07-31 11:00:00,19.84,9.9030368,12.58,29.0,53.0,7.2,1011.2,26.127289,44.444925
2022-07-31 12:00:00,2022-07-31 13:00:00,33.92,16.9309984,11.72,29.0,53.0,10.8,1010.0,26.127289,44.444925
2022-07-31 13:00:00,2022-07-31 14:00:00,36.34,18.1389293,10.68,28.2,53.0,10.8,1009.6,26.127289,44.444925
2022-07-31 14:00:00,2022-07-31 15:00:00,25.16,12.5584882,10.53,31.0,43.0,10.8,1008.9,26.127289,44.444925
2022-07-31 15:00:00,2022-07-31 16:00:00,14.3,7.137773500000001,10.41,29.5,42.0,7.2,1008.9,26.127289,44.444925
2022-07-31 16:00:00,2022-07-31 17:00:00,10.01,4.99644145,12.58,23.2,64.0,7.2,1009.9,26.127289,44.444925
2022-07-31 17:00:00,2022-07-31 18:00:00,7.7,3.8434165,19.69,23.2,66.0,3.6,1009.7,26.127289,44.444925
2022-07-31 18:00:00,2022-07-31 19:00:00,6.58,3.2843741,23.89,22.9,69.0,3.6,1010.2,26.127289,44.444925
2022-07-31 19:00:00,2022-07-31 20:00:00,7.89,3.93825405,22.25,22.1,76.0,3.6,1010.7,26.127289,44.444925
2022-07-31 20:00:00,2022-07-31 21:00:00,12.49,6.23432105,24.98,20.3,86.0,0.0,1010.5,26.127289,44.444925
2022-07-31 21:00:00,2022-07-31 22:00:00,15.22,7.5969869,33.88,20.4,87.0,0.0,1010.7,26.127289,44.444925
2022-07-31 22:00:00,2022-07-31 23:00:00,13.58,6.7783891,32.35,19.6,91.0,0.0,1010.6,26.127289,44.444925
2022-07-31 23:00:00,2022-08-01 00:00:00,14.21,7.09285045,28.02,20.4,91.0,3.6,1010.7,26.127289,44.444925
2022-08-01 00:00:00,2022-08-01 01:00:00,18.35,7.71476205,19.62,19.8,94.0,3.6,1010.2,26.127289,44.444925
2022-08-01 01:00:00,2022-08-01 02:00:00,17.12,7.197641760000001,14.96,18.3,98.0,0.0,1010.2,26.127289,44.444925
2022-08-01 02:00:00,2022-08-01 03:00:00,12.96,5.44868208,13.47,18.1,99.0,3.6,1010.0,26.127289,44.444925
2022-08-01 03:00:00,2022-08-01 04:00:00,14.91,6.26850693,16.18,18.3,96.0,3.6,1009.7,26.127289,44.444925
2022-08-01 04:00:00,2022-08-01 05:00:00,30.92,12.99947916,25.76,17.4,89.0,3.6,1009.8,26.127289,44.444925
2022-08-01 05:00:00,2022-08-01 06:00:00,15.83,6.65529609,25.39,18.2,76.0,7.2,1009.7,26.127289,44.444925
2022-08-01 06:00:00,2022-08-01 07:00:00,14.21,5.9742108300000005,31.83,20.0,72.0,3.6,1009.7,26.127289,44.444925
2022-08-01 07:00:00,2022-08-01 08:00:00,18.7,7.861910099999999,36.81,23.1,69.0,0.0,1009.7,26.127289,44.444925
2022-08-01 08:00:00,2022-08-01 09:00:00,16.95,7.126169849999999,31.28,26.2,51.0,3.6,1009.8,26.127289,44.444925
2022-08-01 09:00:00,2022-08-01 10:00:00,10.27,4.31774421,37.64,27.6,48.0,3.6,1010.0,26.127289,44.444925
2022-08-01 10:00:00,2022-08-01 11:00:00,11.17,4.69612491,28.46,27.4,52.0,3.6,1010.1,26.127289,44.444925
2022-08-01 11:00:00,2022-08-01 12:00:00,10.71,4.50273033,24.56,28.0,49.0,3.6,1010.2,26.127289,44.444925
2022-08-01 13:00:00,2022-08-01 14:00:00,10.78,4.53215994,31.44,27.8,45.0,0.0,1009.7,26.127289,44.444925
2022-08-01 14:00:00,2022-08-01 15:00:00,10.11,4.250476529999999,30.34,28.6,42.0,3.6,1009.5,26.127289,44.444925
2022-08-01 15:00:00,2022-08-01 16:00:00,9.56,4.01924388,36.41,25.7,49.0,6.8,1010.1,26.127289,44.444925
2022-08-01 16:00:00,2022-08-01 17:00:00,7.55,3.17419365,22.18,26.1,47.0,5.0,1009.9,26.127289,44.444925
2022-08-01 17:00:00,2022-08-01 18:00:00,9.88,4.15377924,31.07,25.9,49.0,3.6,1010.1,26.127289,44.444925
2022-08-01 18:00:00,2022-08-01 19:00:00,9.62,4.04446926,25.64,23.2,54.0,0.0,1010.5,26.127289,44.444925
2022-08-01 19:00:00,2022-08-01 20:00:00,8.59,3.61143357,29.54,21.5,59.0,0.0,1011.2,26.127289,44.444925
2022-08-01 20:00:00,2022-08-01 21:00:00,12.9,5.4234567,37.47,22.8,65.0,3.6,1011.8,26.127289,44.444925
2022-08-01 21:00:00,2022-08-01 22:00:00,12.16,5.11234368,37.25,21.4,72.0,3.6,1012.2,26.127289,44.444925
2022-08-01 22:00:00,2022-08-01 23:00:00,12.98,5.45709054,34.82,20.4,76.0,3.6,1012.2,26.127289,44.444925
2022-08-01 23:00:00,2022-08-02 00:00:00,12.63,5.30994249,29.65,19.5,80.0,0.0,1012.4,26.127289,44.444925
2022-08-02 00:00:00,2022-08-02 01:00:00,11.66,4.90213218,25.4,18.7,83.0,3.6,1012.6,26.127289,44.444925
2022-08-02 01:00:00,2022-08-02 02:00:00,10.39,4.36819497,19.35,18.1,88.0,0.0,1012.7,26.127289,44.444925
2022-08-02 02:00:00,2022-08-02 03:00:00,12.73,5.35198479,17.75,17.6,90.0,0.0,1012.7,26.127289,44.444925
2022-08-02 03:00:00,2022-08-02 04:00:00,13.98,5.87751354,16.21,16.9,93.0,0.0,1012.7,26.127289,44.444925
2022-08-02 04:00:00,2022-08-02 05:00:00,15.79,6.638479169999999,24.61,16.9,94.0,0.0,1013.1,26.127289,44.444925
2022-08-02 05:00:00,2022-08-02 06:00:00,15.99,6.72256377,30.46,19.0,83.0,0.0,1013.5,26.127289,44.444925
2022-08-02 06:00:00,2022-08-02 07:00:00,17.65,7.42046595,42.42,22.1,70.0,3.6,1013.7,26.127289,44.444925
2022-08-02 07:00:00,2022-08-02 08:00:00,19.24,8.08893852,50.98,23.3,64.0,3.6,1014.1,26.127289,44.444925
2022-08-02 08:00:00,2022-08-02 09:00:00,24.28,10.20787044,47.42,25.9,55.0,3.6,1013.9,26.127289,44.444925
2022-08-02 09:00:00,2022-08-02 10:00:00,20.59,8.656509569999999,45.89,27.7,46.0,3.6,1013.9,26.127289,44.444925
2022-08-02 10:00:00,2022-08-02 11:00:00,19.24,8.08893852,38.24,28.7,40.0,3.6,1013.6,26.127289,44.444925
2022-08-02 11:00:00,2022-08-02 12:00:00,13.89,5.83967547,24.14,28.2,41.0,3.6,1013.4,26.127289,44.444925
2022-08-02 12:00:00,2022-08-02 13:00:00,9.57,4.02344811,35.58,31.2,34.0,3.6,1012.9,26.127289,44.444925
2022-08-02 14:00:00,2022-08-02 15:00:00,11.56,4.86008988,30.75,30.6,35.0,3.6,1012.4,26.127289,44.444925
2022-08-02 15:00:00,2022-08-02 16:00:00,10.85,4.56158955,35.05,31.3,34.0,3.6,1012.5,26.127289,44.444925
2022-08-02 16:00:00,2022-08-02 17:00:00,9.38,3.94356774,30.11,31.1,34.0,3.6,1012.3,26.127289,44.444925
2022-08-02 17:00:00,2022-08-02 18:00:00,10.2,4.2883146,33.37,27.9,41.0,3.6,1012.8,26.127289,44.444925
2022-08-02 18:00:00,2022-08-02 19:00:00,12.9,5.4234567,48.26,25.4,48.0,3.6,1013.3,26.127289,44.444925
2022-08-02 19:00:00,2022-08-02 20:00:00,15.22,6.39883806,44.05,25.1,54.0,3.6,1014.2,26.127289,44.444925
2022-08-02 20:00:00,2022-08-02 21:00:00,19.91,8.37062193,44.28,24.9,56.0,3.6,1014.8,26.127289,44.444925
2022-08-02 21:00:00,2022-08-02 22:00:00,23.82,10.01447586,45.44,23.7,61.0,3.6,1014.9,26.127289,44.444925
2022-08-02 22:00:00,2022-08-02 23:00:00,18.93,7.95860739,33.34,22.6,65.0,3.6,1015.3,26.127289,44.444925
2022-08-02 23:00:00,2022-08-03 00:00:00,16.29,6.84869067,27.62,21.6,69.0,0.0,1015.4,26.127289,44.444925
2022-08-03 00:00:00,2022-08-03 01:00:00,15.66,6.58382418,21.43,20.6,73.0,3.6,1015.4,26.127289,44.444925
2022-08-03 01:00:00,2022-08-03 02:00:00,17.04,7.1640079199999995,18.36,20.0,76.0,0.0,1015.6,26.127289,44.444925
2022-08-03 02:00:00,2022-08-03 03:00:00,15.73,6.61325379,17.17,19.3,80.0,0.0,1015.7,26.127289,44.444925
2022-08-03 03:00:00,2022-08-03 04:00:00,16.31,6.857099129999999,19.93,18.4,85.0,0.0,1015.5,26.127289,44.444925
2022-08-03 04:00:00,2022-08-03 05:00:00,17.11,7.19343753,20.18,17.9,87.0,0.0,1015.8,26.127289,44.444925
2022-08-03 05:00:00,2022-08-03 06:00:00,19.08,8.021670839999999,33.91,20.2,76.0,3.6,1016.2,26.127289,44.444925
2022-08-03 06:00:00,2022-08-03 07:00:00,24.08,10.123785839999998,43.07,23.4,64.0,0.0,1016.2,26.127289,44.444925
2022-08-03 07:00:00,2022-08-03 08:00:00,24.22,10.182645059999999,43.06,26.2,47.0,3.6,1016.4,26.127289,44.444925
2022-08-03 08:00:00,2022-08-03 09:00:00,22.02,9.257714459999999,46.18,28.4,41.0,3.6,1016.3,26.127289,44.444925
2022-08-03 09:00:00,2022-08-03 10:00:00,21.92,9.21567216,39.58,30.0,34.0,3.6,1016.2,26.127289,44.444925
2022-08-03 10:00:00,2022-08-03 11:00:00,19.04,8.004853919999999,33.31,32.8,33.0,3.6,1015.9,26.127289,44.444925
2022-08-03 11:00:00,2022-08-03 12:00:00,19.52,8.20665696,32.13,31.6,32.0,3.6,1015.7,26.127289,44.444925
2022-08-03 12:00:00,2022-08-03 13:00:00,18.36,7.718966279999999,27.24,32.0,30.0,3.6,1015.0,26.127289,44.444925
2022-08-03 13:00:00,2022-08-03 14:00:00,18.35,7.71476205,28.92,33.2,27.0,3.6,1014.5,26.127289,44.444925
2022-08-03 15:00:00,2022-08-03 16:00:00,16.58,6.970613339999999,31.19,33.4,27.0,3.6,1013.7,26.127289,44.444925
2022-08-03 16:00:00,2022-08-03 17:00:00,16.88,7.096740239999999,42.42,30.7,32.0,0.0,1013.6,26.127289,44.444925
2022-08-03 17:00:00,2022-08-03 18:00:00,15.93,6.69733839,38.14,30.3,33.0,3.6,1013.6,26.127289,44.444925
2022-08-03 18:00:00,2022-08-03 19:00:00,19.09,8.02587507,53.95,27.3,39.0,0.0,1014.3,26.127289,44.444925
2022-08-03 19:00:00,2022-08-03 20:00:00,20.36,8.55981228,52.35,26.2,41.0,3.6,1015.1,26.127289,44.444925
2022-08-03 20:00:00,2022-08-03 21:00:00,20.8,8.7447984,48.65,24.3,46.0,3.6,1015.7,26.127289,44.444925
2022-08-03 21:00:00,2022-08-03 22:00:00,21.71,9.12738333,49.18,22.2,54.0,3.6,1016.0,26.127289,44.444925
2022-08-03 22:00:00,2022-08-03 23:00:00,21.57,9.06852411,38.03,22.8,53.0,3.6,1016.2,26.127289,44.444925
2022-08-03 23:00:00,2022-08-04 00:00:00,17.17,7.218662910000001,29.6,23.5,50.0,3.6,1016.5,26.127289,44.444925
2022-08-04 00:00:00,2022-08-04 01:00:00,15.88,6.67631724,22.53,22.1,61.0,3.6,1016.6,26.127289,44.444925
2022-08-04 01:00:00,2022-08-04 02:00:00,17.99,7.563409769999999,19.46,20.3,68.0,0.0,1016.8,26.127289,44.444925
2022-08-04 02:00:00,2022-08-04 03:00:00,18.98,7.97962854,19.12,19.3,72.0,0.0,1017.0,26.127289,44.444925
2022-08-04 03:00:00,2022-08-04 04:00:00,18.74,7.8787270199999995,20.6,18.6,75.0,0.0,1016.7,26.127289,44.444925
2022-08-04 04:00:00,2022-08-04 05:00:00,18.66,7.84509318,25.19,18.6,76.0,0.0,1016.8,26.127289,44.444925
2022-08-04 05:00:00,2022-08-04 06:00:00,22.83,9.598257089999999,43.16,20.8,69.0,0.0,1016.9,26.127289,44.444925
2022-08-04 06:00:00,2022-08-04 07:00:00,25.95,10.90997685,55.54,24.0,56.0,3.6,1017.1,26.127289,44.444925
2022-08-04 07:00:00,2022-08-04 08:00:00,30.7,12.9069861,45.54,27.0,46.0,3.6,1017.0,26.127289,44.444925
2022-08-04 08:00:00,2022-08-04 09:00:00,24.52,10.30877196,38.7,29.2,41.0,3.6,1016.8,26.127289,44.444925
2022-08-04 09:00:00,2022-08-04 10:00:00,22.35,9.396454050000001,37.35,30.1,37.0,3.6,1016.6,26.127289,44.444925
2022-08-04 10:00:00,2022-08-04 11:00:00,21.62,9.08954526,34.94,31.3,36.0,3.6,1016.2,26.127289,44.444925
2022-08-04 11:00:00,2022-08-04 12:00:00,21.74,9.13999602,39.59,32.5,30.0,3.6,1015.9,26.127289,44.444925
2022-08-04 12:00:00,2022-08-04 13:00:00,18.39,7.73157897,29.17,33.4,27.0,3.6,1015.5,26.127289,44.444925
2022-08-04 13:00:00,2022-08-04 14:00:00,19.72,8.290741559999999,41.88,33.7,25.0,3.6,1015.0,26.127289,44.444925
2022-08-04 14:00:00,2022-08-04 15:00:00,19.25,8.09314275,36.23,31.2,32.0,3.6,1014.7,26.127289,44.444925
2022-08-04 16:00:00,2022-08-04 17:00:00,21.7,9.1231791,46.06,30.9,36.0,3.6,1014.3,26.127289,44.444925
2022-08-04 17:00:00,2022-08-04 18:00:00,21.7,9.1231791,52.48,29.6,39.0,3.6,1014.4,26.127289,44.444925
2022-08-04 18:00:00,2022-08-04 19:00:00,22.19,9.32918637,50.09,28.2,43.0,3.6,1014.8,26.127289,44.444925
2022-08-04 19:00:00,2022-08-04 20:00:00,25.08,10.54420884,44.15,26.2,49.0,3.6,1015.3,26.127289,44.444925
2022-08-04 20:00:00,2022-08-04 21:00:00,25.18,10.58625114,50.83,24.0,55.0,3.6,1015.5,26.127289,44.444925
2022-08-04 21:00:00,2022-08-04 22:00:00,28.25,11.87694975,43.48,24.8,55.0,3.6,1015.8,26.127289,44.444925
2022-08-04 22:00:00,2022-08-04 23:00:00,30.95,13.01209185,37.28,24.4,56.0,3.6,1015.9,26.127289,44.444925
2022-08-04 23:00:00,2022-08-05 00:00:00,22.98,9.66132054,32.38,23.0,60.0,3.6,1016.0,26.127289,44.444925
2022-08-05 00:00:00,2022-08-05 01:00:00,20.57,8.64810111,27.53,23.1,61.0,3.6,1015.9,26.127289,44.444925
2022-08-05 01:00:00,2022-08-05 02:00:00,18.77,7.89133971,22.5,22.7,63.0,3.6,1015.8,26.127289,44.444925
2022-08-05 02:00:00,2022-08-05 03:00:00,18.59,7.81566357,19.38,22.3,65.0,0.0,1015.6,26.127289,44.444925
2022-08-05 03:00:00,2022-08-05 04:00:00,18.58,7.811459339999999,19.96,21.6,67.0,0.0,1015.6,26.127289,44.444925
2022-08-05 04:00:00,2022-08-05 05:00:00,18.12,7.61806476,19.28,20.7,73.0,0.0,1015.8,26.127289,44.444925
2022-08-05 05:00:00,2022-08-05 06:00:00,21.11,8.875129529999999,29.98,21.9,68.0,0.0,1015.8,26.127289,44.444925
2022-08-05 06:00:00,2022-08-05 07:00:00,21.44,9.01386912,39.19,24.8,56.0,3.6,1015.5,26.127289,44.444925
2022-08-05 07:00:00,2022-08-05 08:00:00,23.11,9.71597553,38.71,28.4,46.0,3.6,1015.5,26.127289,44.444925
2022-08-05 08:00:00,2022-08-05 09:00:00,25.63,10.775441489999999,46.08,30.6,39.0,3.6,1015.3,26.127289,44.444925
2022-08-05 09:00:00,2022-08-05 10:00:00,23.24,9.77063052,41.09,32.5,37.0,3.6,1015.0,26.127289,44.444925
2022-08-05 10:00:00,2022-08-05 11:00:00,23.38,9.82948974,42.69,33.6,31.0,3.6,1014.5,26.127289,44.444925
2022-08-05 11:00:00,2022-08-05 12:00:00,17.82,7.49193786,26.13,32.6,31.0,0.0,1014.0,26.127289,44.444925
2022-08-05 12:00:00,2022-08-05 13:00:00,19.78,8.315966940000001,40.68,34.9,27.0,3.6,1013.5,26.127289,44.444925
2022-08-05 13:00:00,2022-08-05 14:00:00,19.7,8.282333099999999,40.52,34.6,27.0,3.6,1013.1,26.127289,44.444925
2022-08-05 14:00:00,2022-08-05 15:00:00,20.76,8.72798148,42.93,35.7,27.0,3.6,1012.6,26.127289,44.444925
2022-08-05 15:00:00,2022-08-05 16:00:00,20.18,8.48413614,44.4,33.8,31.0,0.0,1012.2,26.127289,44.444925
2022-08-05 17:00:00,2022-08-05 18:00:00,21.13,8.883537989999999,60.39,31.1,38.0,0.0,1011.8,26.127289,44.444925
2022-08-05 18:00:00,2022-08-05 19:00:00,23.1,9.7117713,45.41,28.6,45.0,0.0,1012.3,26.127289,44.444925
2022-08-05 19:00:00,2022-08-05 20:00:00,25.18,10.58625114,49.78,26.7,50.0,0.0,1012.9,26.127289,44.444925
2022-08-05 20:00:00,2022-08-05 21:00:00,27.47,11.549019809999999,51.06,25.2,54.0,0.0,1013.0,26.127289,44.444925
2022-08-05 21:00:00,2022-08-05 22:00:00,28.22,11.864337059999999,60.31,24.2,61.0,7.2,1012.7,26.127289,44.444925
2022-08-05 22:00:00,2022-08-05 23:00:00,28.42,11.948421660000001,53.47,23.6,65.0,7.2,1012.7,26.127289,44.444925
2022-08-05 23:00:00,2022-08-06 00:00:00,29.4,12.360436199999999,42.92,24.3,60.0,3.6,1012.7,26.127289,44.444925
2022-08-06 00:00:00,2022-08-06 01:00:00,30.69,12.90278187,41.36,23.7,63.0,3.6,1012.7,26.127289,44.444925
2022-08-06 01:00:00,2022-08-06 02:00:00,26.7,11.2252941,39.1,23.7,62.0,3.6,1012.5,26.127289,44.444925
2022-08-06 02:00:00,2022-08-06 03:00:00,25.92,10.89736416,31.76,23.0,66.0,3.6,1012.6,26.127289,44.444925
2022-08-06 03:00:00,2022-08-06 04:00:00,24.26,10.19946198,24.45,23.1,67.0,3.6,1012.6,26.127289,44.444925
2022-08-06 04:00:00,2022-08-06 05:00:00,24.59,10.338201569999999,22.41,23.8,66.0,3.6,1012.7,26.127289,44.444925
2022-08-06 05:00:00,2022-08-06 06:00:00,24.29,10.21207467,26.84,24.2,64.0,3.6,1012.9,26.127289,44.444925
2022-08-06 06:00:00,2022-08-06 07:00:00,25.11,10.556821529999999,28.31,25.5,61.0,3.6,1013.1,26.127289,44.444925
2022-08-06 07:00:00,2022-08-06 08:00:00,26.92,11.31778716,29.04,29.5,49.0,3.6,1012.8,26.127289,44.444925
2022-08-06 08:00:00,2022-08-06 09:00:00,26.39,11.09496297,24.15,31.7,42.0,3.6,1012.7,26.127289,44.444925
2022-08-06 09:00:00,2022-08-06 10:00:00,23.8,10.006067400000001,20.61,32.8,38.0,3.6,1012.5,26.127289,44.444925
2022-08-06 10:00:00,2022-08-06 11:00:00,22.61,9.50576403,14.73,31.5,40.0,3.6,1012.5,26.127289,44.444925
2022-08-06 11:00:00,2022-08-06 12:00:00,23.76,9.98925048,17.18,31.8,39.0,3.6,1012.2,26.127289,44.444925
2022-08-06 12:00:00,2022-08-06 13:00:00,21.75,9.144200249999999,20.13,34.5,34.0,7.2,1011.8,26.127289,44.444925
2022-08-06 13:00:00,2022-08-06 14:00:00,21.61,9.08534103,22.54,33.4,36.0,3.6,1011.6,26.127289,44.444925
2022-08-06 14:00:00,2022-08-06 15:00:00,21.58,9.07272834,18.7,34.4,34.0,7.2,1011.3,26.127289,44.444925
2022-08-06 15:00:00,2022-08-06 16:00:00,22.65,9.52258095,16.37,32.4,37.0,3.6,1011.2,26.127289,44.444925
2022-08-06 16:00:00,2022-08-06 17:00:00,23.97,10.077539309999999,22.0,32.6,36.0,3.6,1010.8,26.127289,44.444925
2022-08-06 18:00:00,2022-08-06 19:00:00,26.01,10.93520223,24.64,28.5,47.0,3.6,1011.3,26.127289,44.444925
2022-08-06 19:00:00,2022-08-06 20:00:00,30.54,12.839718419999999,24.52,27.1,51.0,3.6,1011.7,26.127289,44.444925
2022-08-06 20:00:00,2022-08-06 21:00:00,31.01,13.037317230000001,30.73,26.6,51.0,3.6,1011.9,26.127289,44.444925
2022-08-06 21:00:00,2022-08-06 22:00:00,29.32,12.32680236,52.25,26.5,51.0,3.6,1012.0,26.127289,44.444925
2022-08-06 22:00:00,2022-08-06 23:00:00,23.82,10.01447586,42.29,26.1,51.0,3.6,1012.3,26.127289,44.444925
2022-08-06 23:00:00,2022-08-07 00:00:00,19.44,8.17302312,47.96,25.5,54.0,3.6,1012.2,26.127289,44.444925
2022-08-07 00:00:00,2022-08-07 01:00:00,19.43,8.168818889999999,34.6,24.3,61.0,3.6,1012.1,26.127289,44.444925
2022-08-07 01:00:00,2022-08-07 02:00:00,20.28,8.52617844,27.76,23.8,65.0,3.6,1012.3,26.127289,44.444925
2022-08-07 02:00:00,2022-08-07 03:00:00,20.54,8.63548842,27.33,23.4,67.0,3.6,1012.3,26.127289,44.444925
2022-08-07 03:00:00,2022-08-07 04:00:00,20.34,8.551403819999999,23.61,22.2,70.0,3.6,1012.5,26.127289,44.444925
2022-08-07 04:00:00,2022-08-07 05:00:00,18.03,7.58022669,13.58,21.6,71.0,3.6,1012.8,26.127289,44.444925
2022-08-07 05:00:00,2022-08-07 06:00:00,19.58,8.231882339999999,17.31,24.4,63.0,3.6,1013.0,26.127289,44.444925
2022-08-07 06:00:00,2022-08-07 07:00:00,20.41,8.58083343,17.18,26.0,56.0,3.6,1013.2,26.127289,44.444925
2022-08-07 07:00:00,2022-08-07 08:00:00,21.22,8.92137606,17.24,28.6,49.0,7.2,1013.3,26.127289,44.444925
2022-08-07 08:00:00,2022-08-07 09:00:00,22.34,9.39224982,18.47,30.9,45.0,7.2,1013.6,26.127289,44.444925
2022-08-07 09:00:00,2022-08-07 10:00:00,23.71,9.96822933,17.45,32.7,39.0,7.2,1013.7,26.127289,44.444925
2022-08-07 10:00:00,2022-08-07 11:00:00,26.68,11.21688564,15.58,33.8,37.0,7.2,1013.5,26.127289,44.444925
2022-08-07 11:00:00,2022-08-07 12:00:00,29.05,12.21328815,16.56,34.6,34.0,7.2,1013.3,26.127289,44.444925
2022-08-07 12:00:00,2022-08-07 13:00:00,29.39,12.35623197,16.67,34.9,32.0,7.2,1013.0,26.127289,44.444925
2022-08-07 13:00:00,2022-08-07 14:00:00,25.03,10.52318769,17.02,35.3,31.0,3.6,1012.6,26.127289,44.444925
2022-08-07 14:00:00,2022-08-07 15:00:00,23.85,10.02708855,15.21,34.7,29.0,7.2,1012.2,26.127289,44.444925
2022-08-07 15:00:00,2022-08-07 16:00:00,25.64,10.77964572,15.65,34.3,28.0,7.2,1012.0,26.127289,44.444925
2022-08-07 16:00:00,2022-08-07 17:00:00,23.59,9.91777857,16.9,33.2,29.0,7.2,1012.0,26.127289,44.444925
2022-08-07 17:00:00,2022-08-07 18:00:00,19.74,8.299150019999999,19.29,31.4,34.0,3.6,1012.2,26.127289,44.444925
2022-08-07 19:00:00,2022-08-07 20:00:00,24.02,10.09856046,27.21,28.2,42.0,3.6,1013.8,26.127289,44.444925
2022-08-07 20:00:00,2022-08-07 21:00:00,26.47,11.12859681,35.47,28.1,50.0,7.2,1014.6,26.127289,44.444925
2022-08-07 21:00:00,2022-08-07 22:00:00,27.28,11.469139440000001,39.92,26.8,54.0,7.2,1015.0,26.127289,44.444925
2022-08-07 22:00:00,2022-08-07 23:00:00,21.77,9.152608709999999,31.0,26.6,56.0,3.6,1015.4,26.127289,44.444925
2022-08-07 23:00:00,2022-08-08 00:00:00,22.04,9.266122919999999,22.42,26.2,56.0,7.2,1015.5,26.127289,44.444925
2022-08-08 00:00:00,2022-08-08 01:00:00,21.5,9.0390945,13.64,23.5,63.0,20.2,1015.5,26.127289,44.444925
2022-08-08 01:00:00,2022-08-08 02:00:00,20.07,8.43788961,12.77,24.6,61.0,3.6,1016.1,26.127289,44.444925
2022-08-08 02:00:00,2022-08-08 03:00:00,19.01,7.99224123,11.59,23.9,63.0,7.2,1016.1,26.127289,44.444925
2022-08-08 03:00:00,2022-08-08 04:00:00,17.77,7.47091671,10.08,23.0,66.0,3.6,1016.5,26.127289,44.444925
2022-08-08 04:00:00,2022-08-08 05:00:00,17.25,7.25229675,12.28,22.6,67.0,3.6,1016.9,26.127289,44.444925
2022-08-08 05:00:00,2022-08-08 06:00:00,18.54,7.79464242,24.73,22.3,70.0,3.6,1017.2,26.127289,44.444925
2022-08-08 06:00:00,2022-08-08 07:00:00,20.56,8.64389688,29.54,23.6,65.0,7.2,1017.6,26.127289,44.444925
2022-08-08 07:00:00,2022-08-08 08:00:00,25.94,10.90577262,33.48,26.5,55.0,7.2,1017.9,26.127289,44.444925
2022-08-08 08:00:00,2022-08-08 09:00:00,25.28,10.62829344,35.95,28.7,48.0,7.2,1017.7,26.127289,44.444925
2022-08-08 09:00:00,2022-08-08 10:00:00,23.47,9.867327809999999,38.86,30.0,45.0,3.6,1017.7,26.127289,44.444925
2022-08-08 10:00:00,2022-08-08 11:00:00,23.98,10.08174354,38.01,31.9,40.0,7.2,1017.3,26.127289,44.444925
2022-08-08 11:00:00,2022-08-08 12:00:00,24.35,10.23730005,38.5,33.4,37.0,3.6,1016.5,26.127289,44.444925
2022-08-08 12:00:00,2022-08-08 13:00:00,25.28,10.62829344,41.77,34.7,34.0,3.6,1015.8,26.127289,44.444925
2022-08-08 13:00:00,2022-08-08 14:00:00,26.36,11.08235028,45.23,34.9,32.0,3.6,1015.7,26.127289,44.444925
2022-08-08 14:00:00,2022-08-08 15:00:00,26.54,11.158026419999999,39.2,35.1,31.0,3.6,1015.2,26.127289,44.444925
2022-08-08 15:00:00,2022-08-08 16:00:00,27.15,11.41448445,50.83,34.1,32.0,3.6,1014.8,26.127289,44.444925
2022-08-08 16:00:00,2022-08-08 17:00:00,26.29,11.052920669999999,73.05,33.3,31.0,3.6,1014.6,26.127289,44.444925
2022-08-08 17:00:00,2022-08-08 18:00:00,25.2,10.5946596,62.88,31.0,37.0,3.6,1014.8,26.127289,44.444925
2022-08-08 18:00:00,2022-08-08 19:00:00,26.95,11.33039985,56.77,28.5,42.0,3.6,1015.8,26.127289,44.444925
2022-08-08 20:00:00,2022-08-08 21:00:00,23.43,9.850510889999999,27.48,27.0,50.0,3.6,1016.6,26.127289,44.444925
2022-08-08 21:00:00,2022-08-08 22:00:00,26.96,11.33460408,40.38,26.1,53.0,3.6,1016.5,26.127289,44.444925
2022-08-08 22:00:00,2022-08-08 23:00:00,26.43,11.11177989,31.67,26.5,53.0,3.6,1016.8,26.127289,44.444925
2022-08-08 23:00:00,2022-08-09 00:00:00,23.61,9.92618703,29.11,25.9,56.0,7.2,1016.8,26.127289,44.444925
2022-08-09 00:00:00,2022-08-09 01:00:00,20.34,8.551403819999999,20.29,24.4,61.0,17.3,1016.1,26.127289,44.444925
2022-08-09 01:00:00,2022-08-09 02:00:00,19.24,8.08893852,17.4,23.5,66.0,3.6,1016.7,26.127289,44.444925
2022-08-09 02:00:00,2022-08-09 03:00:00,21.39,8.99284797,15.52,23.3,67.0,3.6,1016.6,26.127289,44.444925
2022-08-09 03:00:00,2022-08-09 04:00:00,21.03,8.84149569,16.44,22.6,69.0,3.6,1016.6,26.127289,44.444925
2022-08-09 04:00:00,2022-08-09 05:00:00,21.95,9.22828485,19.24,22.3,71.0,3.6,1016.9,26.127289,44.444925
2022-08-09 05:00:00,2022-08-09 06:00:00,23.49,9.875736269999999,30.81,22.8,69.0,3.6,1016.8,26.127289,44.444925
2022-08-09 06:00:00,2022-08-09 07:00:00,26.74,11.24211102,44.34,24.8,62.0,7.2,1016.7,26.127289,44.444925
2022-08-09 07:00:00,2022-08-09 08:00:00,27.17,11.42289291,44.98,27.8,53.0,3.6,1017.1,26.127289,44.444925
2022-08-09 08:00:00,2022-08-09 09:00:00,26.99,11.34721677,45.66,29.8,46.0,7.2,1017.0,26.127289,44.444925
2022-08-09 09:00:00,2022-08-09 10:00:00,26.59,11.17904757,49.16,31.4,39.0,16.6,1016.1,26.127289,44.444925
2022-08-09 10:00:00,2022-08-09 11:00:00,27.64,11.62049172,46.46,32.6,37.0,7.2,1016.4,26.127289,44.444925
2022-08-09 11:00:00,2022-08-09 12:00:00,29.24,12.293168519999998,54.7,33.3,31.0,15.8,1015.5,26.127289,44.444925
2022-08-09 12:00:00,2022-08-09 13:00:00,29.43,12.37304889,56.89,35.5,24.0,3.6,1015.5,26.127289,44.444925
2022-08-09 13:00:00,2022-08-09 14:00:00,28.95,12.17124585,53.28,36.5,21.0,3.6,1014.8,26.127289,44.444925
2022-08-09 14:00:00,2022-08-09 15:00:00,27.24,11.45232252,58.67,33.3,27.0,14.8,1014.3,26.127289,44.444925
2022-08-09 15:00:00,2022-08-09 16:00:00,26.45,11.12018835,59.68,34.9,22.0,3.6,1014.0,26.127289,44.444925
2022-08-09 16:00:00,2022-08-09 17:00:00,27.2,11.435505599999999,66.77,33.6,24.0,7.2,1013.9,26.127289,44.444925
2022-08-09 17:00:00,2022-08-09 18:00:00,28.48,11.97364704,76.51,31.5,30.0,3.6,1014.2,26.127289,44.444925
2022-08-09 18:00:00,2022-08-09 19:00:00,29.06,12.21749238,75.58,29.9,33.0,3.6,1014.5,26.127289,44.444925
2022-08-09 19:00:00,2022-08-09 20:00:00,36.0,15.135228,46.79,27.4,42.0,3.6,1015.3,26.127289,44.444925
2022-08-09 21:00:00,2022-08-09 22:00:00,28.83,12.12079509,42.08,25.6,52.0,7.2,1016.7,26.127289,44.444925
2022-08-09 22:00:00,2022-08-09 23:00:00,27.74,11.662534019999999,37.9,24.5,56.0,7.2,1016.6,26.127289,44.444925
2022-08-09 23:00:00,2022-08-10 00:00:00,21.51,9.04329873,26.51,22.9,62.0,3.6,1016.5,26.127289,44.444925
2022-08-10 00:00:00,2022-08-10 01:00:00,18.55,7.79884665,21.09,22.1,65.0,3.6,1016.4,26.127289,44.444925
2022-08-10 01:00:00,2022-08-10 02:00:00,15.4,6.4745142,13.27,21.7,66.0,3.6,1016.2,26.127289,44.444925
2022-08-10 02:00:00,2022-08-10 03:00:00,12.76,5.36459748,14.31,21.6,67.0,3.6,1016.6,26.127289,44.444925
2022-08-10 03:00:00,2022-08-10 04:00:00,9.86,4.1453707799999995,12.12,21.4,72.0,3.6,1017.3,26.127289,44.444925
2022-08-10 04:00:00,2022-08-10 05:00:00,8.37,3.5189405099999997,13.62,21.2,72.0,3.6,1017.5,26.127289,44.444925
2022-08-10 05:00:00,2022-08-10 06:00:00,9.01,3.78801123,15.31,21.6,70.0,3.6,1017.8,26.127289,44.444925
2022-08-10 06:00:00,2022-08-10 07:00:00,12.21,5.1333648300000005,26.93,23.3,62.0,3.6,1017.8,26.127289,44.444925
2022-08-10 07:00:00,2022-08-10 08:00:00,17.47,7.344789809999999,42.6,25.2,55.0,3.6,1017.8,26.127289,44.444925
2022-08-10 08:00:00,2022-08-10 09:00:00,21.26,8.93819298,46.08,26.6,51.0,3.6,1018.0,26.127289,44.444925
2022-08-10 09:00:00,2022-08-10 10:00:00,24.94,10.485349620000001,45.44,25.8,54.0,3.6,1018.2,26.127289,44.444925
2022-08-10 10:00:00,2022-08-10 11:00:00,21.94,9.22408062,46.49,27.4,46.0,7.2,1018.2,26.127289,44.444925
2022-08-10 11:00:00,2022-08-10 12:00:00,20.61,8.664918029999999,39.73,26.7,45.0,3.6,1018.1,26.127289,44.444925
2022-08-10 12:00:00,2022-08-10 13:00:00,21.74,9.13999602,47.28,26.7,46.0,3.6,1017.7,26.127289,44.444925
2022-08-10 13:00:00,2022-08-10 14:00:00,22.88,9.61927824,36.95,26.8,48.0,3.6,1017.3,26.127289,44.444925
2022-08-10 14:00:00,2022-08-10 15:00:00,22.37,9.404862510000001,32.56,27.6,46.0,3.6,1016.8,26.127289,44.444925
2022-08-10 15:00:00,2022-08-10 16:00:00,24.32,10.22468736,39.38,28.0,44.0,14.8,1015.0,26.127289,44.444925
2022-08-10 16:00:00,2022-08-10 17:00:00,20.18,8.48413614,49.66,26.3,51.0,15.5,1015.2,26.127289,44.444925
2022-08-10 17:00:00,2022-08-10 18:00:00,17.32,7.28172636,46.93,25.2,46.0,13.7,1015.6,26.127289,44.444925
2022-08-10 18:00:00,2022-08-10 19:00:00,14.58,6.12976734,46.54,23.9,48.0,16.9,1016.6,26.127289,44.444925
2022-08-10 19:00:00,2022-08-10 20:00:00,13.71,5.76399933,32.19,21.8,52.0,3.6,1018.4,26.127289,44.444925
2022-08-10 20:00:00,2022-08-10 21:00:00,12.64,5.31414672,25.91,21.4,52.0,7.2,1018.2,26.127289,44.444925
2022-08-10 22:00:00,2022-08-10 23:00:00,11.48,4.82645604,29.89,20.9,54.0,3.6,1017.9,26.127289,44.444925
2022-08-10 23:00:00,2022-08-11 00:00:00,9.23,3.88050429,23.73,19.7,58.0,3.6,1017.5,26.127289,44.444925
2022-08-11 00:00:00,2022-08-11 01:00:00,8.93,3.7543773899999997,17.5,20.5,59.0,0.0,1017.3,26.127289,44.444925
2022-08-11 01:00:00,2022-08-11 02:00:00,9.32,3.91834236,15.64,20.2,65.0,0.0,1017.3,26.127289,44.444925
2022-08-11 02:00:00,2022-08-11 03:00:00,9.75,4.09912425,14.48,18.8,70.0,0.0,1017.1,26.127289,44.444925
2022-08-11 03:00:00,2022-08-11 04:00:00,12.02,5.05348446,15.32,18.9,67.0,3.6,1016.9,26.127289,44.444925
2022-08-11 04:00:00,2022-08-11 05:00:00,11.02,4.6330614599999995,14.4,18.4,71.0,3.6,1017.0,26.127289,44.444925
2022-08-11 05:00:00,2022-08-11 06:00:00,14.9,6.2643027,25.87,19.9,69.0,3.6,1017.0,26.127289,44.444925
2022-08-11 06:00:00,2022-08-11 07:00:00,18.35,7.71476205,34.45,21.0,61.0,3.6,1017.1,26.127289,44.444925
2022-08-11 07:00:00,2022-08-11 08:00:00,17.7,7.4414871,29.86,23.9,49.0,3.6,1016.9,26.127289,44.444925
2022-08-11 08:00:00,2022-08-11 09:00:00,18.34,7.71055782,29.87,25.6,42.0,3.6,1016.9,26.127289,44.444925
2022-08-11 09:00:00,2022-08-11 10:00:00,14.58,6.12976734,25.03,27.4,39.0,3.6,1016.6,26.127289,44.444925
2022-08-11 10:00:00,2022-08-11 11:00:00,15.54,6.533373419999999,24.33,26.6,39.0,0.0,1016.5,26.127289,44.444925
2022-08-11 11:00:00,2022-08-11 12:00:00,14.96,6.28952808,21.91,27.3,38.0,0.0,1016.2,26.127289,44.444925
2022-08-11 12:00:00,2022-08-11 13:00:00,16.27,6.84028221,31.32,28.3,37.0,0.0,1015.9,26.127289,44.444925
2022-08-11 13:00:00,2022-08-11 14:00:00,14.92,6.27271116,27.11,29.2,32.0,3.6,1015.6,26.127289,44.444925
2022-08-11 14:00:00,2022-08-11 15:00:00,16.02,6.73517646,32.46,29.0,36.0,3.6,1015.4,26.127289,44.444925
2022-08-11 15:00:00,2022-08-11 16:00:00,20.18,8.48413614,45.72,27.8,36.0,3.6,1015.1,26.127289,44.444925
2022-08-11 16:00:00,2022-08-11 17:00:00,21.13,8.883537989999999,59.29,27.8,36.0,3.6,1014.9,26.127289,44.444925
2022-08-11 17:00:00,2022-08-11 18:00:00,20.15,8.47152345,56.0,27.2,38.0,0.0,1014.7,26.127289,44.444925
2022-08-11 18:00:00,2022-08-11 19:00:00,20.94,8.803657620000001,56.3,23.5,48.0,0.0,1015.1,26.127289,44.444925
2022-08-11 19:00:00,2022-08-11 20:00:00,21.06,8.85410838,58.09,22.7,51.0,0.0,1015.8,26.127289,44.444925
2022-08-11 20:00:00,2022-08-11 21:00:00,24.26,10.19946198,53.42,22.8,50.0,3.6,1016.3,26.127289,44.444925
2022-08-11 21:00:00,2022-08-11 22:00:00,19.73,8.29494579,41.86,21.2,55.0,3.6,1016.5,26.127289,44.444925
2022-08-11 23:00:00,2022-08-12 00:00:00,19.23,8.08473429,32.45,20.4,59.0,3.6,1016.8,26.127289,44.444925
2022-08-12 00:00:00,2022-08-12 01:00:00,17.94,7.5423886200000005,28.81,20.9,56.0,3.6,1016.5,26.127289,44.444925
2022-08-12 01:00:00,2022-08-12 02:00:00,15.82,6.65109186,23.83,18.9,62.0,3.6,1016.5,26.127289,44.444925
2022-08-12 02:00:00,2022-08-12 03:00:00,14.84,6.23907732,21.37,17.8,68.0,0.0,1016.5,26.127289,44.444925
2022-08-12 03:00:00,2022-08-12 04:00:00,15.91,6.68892993,23.18,16.9,74.0,0.0,1016.4,26.127289,44.444925
2022-08-12 04:00:00,2022-08-12 05:00:00,15.95,6.70574685,22.71,16.7,76.0,0.0,1016.2,26.127289,44.444925
2022-08-12 05:00:00,2022-08-12 06:00:00,19.56,8.223473879999998,30.78,18.4,71.0,3.6,1016.3,26.127289,44.444925
2022-08-12 06:00:00,2022-08-12 07:00:00,22.55,9.48053865,38.67,21.8,56.0,0.0,1016.2,26.127289,44.444925
2022-08-12 07:00:00,2022-08-12 08:00:00,23.25,9.77483475,35.17,25.0,43.0,3.6,1016.2,26.127289,44.444925
2022-08-12 08:00:00,2022-08-12 09:00:00,22.21,9.33759483,37.55,27.2,38.0,3.6,1015.8,26.127289,44.444925
2022-08-12 09:00:00,2022-08-12 10:00:00,21.12,8.87933376,32.16,28.4,37.0,3.6,1015.8,26.127289,44.444925
2022-08-12 10:00:00,2022-08-12 11:00:00,22.37,9.404862510000001,25.07,30.7,32.0,3.6,1015.1,26.127289,44.444925
2022-08-12 11:00:00,2022-08-12 12:00:00,20.46,8.60185458,21.5,32.3,29.0,3.6,1014.4,26.127289,44.444925
2022-08-12 12:00:00,2022-08-12 13:00:00,19.7,8.282333099999999,35.0,33.1,28.0,3.6,1014.0,26.127289,44.444925
2022-08-12 13:00:00,2022-08-12 14:00:00,22.51,9.46372173,52.36,33.0,28.0,0.0,1013.5,26.127289,44.444925
2022-08-12 14:00:00,2022-08-12 15:00:00,21.43,9.00966489,50.67,32.0,27.0,0.0,1013.0,26.127289,44.444925
2022-08-12 15:00:00,2022-08-12 16:00:00,20.84,8.761615319999999,39.89,31.3,29.0,3.6,1012.8,26.127289,44.444925
2022-08-12 16:00:00,2022-08-12 17:00:00,23.12,9.72017976,59.46,31.5,26.0,3.6,1012.5,26.127289,44.444925
2022-08-12 17:00:00,2022-08-12 18:00:00,25.89,10.88475147,50.05,29.1,40.0,7.2,1012.4,26.127289,44.444925
2022-08-12 18:00:00,2022-08-12 19:00:00,42.17,17.729237910000002,50.42,27.0,48.0,3.6,1013.0,26.127289,44.444925
2022-08-12 19:00:00,2022-08-12 20:00:00,37.25,15.66075675,40.4,25.9,51.0,3.6,1013.5,26.127289,44.444925
2022-08-12 20:00:00,2022-08-12 21:00:00,34.77,14.61810771,39.69,24.8,55.0,3.6,1013.8,26.127289,44.444925
2022-08-12 21:00:00,2022-08-12 22:00:00,29.95,12.59166885,35.49,23.8,59.0,3.6,1013.7,26.127289,44.444925
2022-08-12 22:00:00,2022-08-12 23:00:00,26.49,11.13700527,30.97,23.3,61.0,3.6,1013.5,26.127289,44.444925
2022-08-13 00:00:00,2022-08-13 01:00:00,23.44,9.85471512,21.52,22.2,65.0,3.6,1013.2,26.127289,44.444925
2022-08-13 01:00:00,2022-08-13 02:00:00,22.45,9.43849635,19.82,21.0,70.0,3.6,1013.0,26.127289,44.444925
2022-08-13 02:00:00,2022-08-13 03:00:00,24.21,10.17844083,30.42,19.7,76.0,0.0,1012.8,26.127289,44.444925
2022-08-13 03:00:00,2022-08-13 04:00:00,21.94,9.22408062,23.64,18.9,80.0,0.0,1012.5,26.127289,44.444925
2022-08-13 04:00:00,2022-08-13 05:00:00,22.45,9.43849635,18.6,18.0,84.0,0.0,1012.3,26.127289,44.444925
2022-08-13 05:00:00,2022-08-13 06:00:00,23.95,10.069130849999999,24.09,19.6,78.0,0.0,1012.5,26.127289,44.444925
2022-08-13 06:00:00,2022-08-13 07:00:00,24.82,10.43489886,27.58,22.6,65.0,3.6,1012.3,26.127289,44.444925
2022-08-13 07:00:00,2022-08-13 08:00:00,24.82,10.43489886,18.77,25.6,55.0,0.0,1012.0,26.127289,44.444925
2022-08-13 08:00:00,2022-08-13 09:00:00,26.48,11.13280104,19.43,28.3,46.0,3.6,1011.7,26.127289,44.444925
2022-08-13 09:00:00,2022-08-13 10:00:00,26.44,11.11598412,15.24,29.5,42.0,3.6,1011.2,26.127289,44.444925
2022-08-13 10:00:00,2022-08-13 11:00:00,27.42,11.52799866,16.58,30.7,39.0,3.6,1010.5,26.127289,44.444925
2022-08-13 11:00:00,2022-08-13 12:00:00,25.41,10.68294843,13.84,32.9,36.0,3.6,1009.8,26.127289,44.444925
2022-08-13 12:00:00,2022-08-13 13:00:00,24.32,10.22468736,12.35,30.9,36.0,0.0,1009.4,26.127289,44.444925
2022-08-13 13:00:00,2022-08-13 14:00:00,23.08,9.703362839999999,12.09,31.7,33.0,3.6,1008.8,26.127289,44.444925
2022-08-13 14:00:00,2022-08-13 15:00:00,21.73,9.13579179,13.79,32.0,32.0,3.6,1008.4,26.127289,44.444925
2022-08-13 15:00:00,2022-08-13 16:00:00,21.36,8.980235279999999,13.85,33.2,31.0,0.0,1008.0,26.127289,44.444925
2022-08-13 16:00:00,2022-08-13 17:00:00,20.49,8.614467269999999,12.92,31.9,33.0,0.0,1007.7,26.127289,44.444925
2022-08-13 17:00:00,2022-08-13 18:00:00,21.27,8.94239721,12.51,29.6,37.0,3.6,1007.5,26.127289,44.444925
2022-08-13 18:00:00,2022-08-13 19:00:00,22.37,9.404862510000001,18.52,25.9,45.0,0.0,1007.9,26.127289,44.444925
2022-08-13 19:00:00,2022-08-13 20:00:00,27.1,11.3934633,32.62,25.2,52.0,0.0,1008.5,26.127289,44.444925
2022-08-13 20:00:00,2022-08-13 21:00:00,29.76,12.51178848,36.96,25.8,52.0,0.0,1008.9,26.127289,44.444925
2022-08-13 21:00:00,2022-08-13 22:00:00,30.85,12.97004955,34.26,25.8,55.0,3.6,1008.6,26.127289,44.444925
2022-08-13 22:00:00,2022-08-13 23:00:00,24.02,10.09856046,24.62,25.0,58.0,3.6,1009.3,26.127289,44.444925
2022-08-13 23:00:00,2022-08-14 00:00:00,21.04,8.84569992,17.47,23.3,64.0,3.6,1009.0,26.127289,44.444925
2022-08-14 01:00:00,2022-08-14 02:00:00,29.99,12.60848577,32.74,21.5,76.0,0.0,1007.9,26.127289,44.444925
2022-08-14 02:00:00,2022-08-14 03:00:00,24.89,10.46432847,27.03,21.5,73.0,3.6,1007.7,26.127289,44.444925
2022-08-14 03:00:00,2022-08-14 04:00:00,20.36,8.55981228,27.24,20.6,75.0,0.0,1007.9,26.127289,44.444925
2022-08-14 04:00:00,2022-08-14 05:00:00,20.9,8.786840699999999,26.41,21.5,72.0,0.0,1007.9,26.127289,44.444925
2022-08-14 05:00:00,2022-08-14 06:00:00,21.73,9.13579179,22.56,22.4,71.0,0.0,1007.9,26.127289,44.444925
2022-08-14 06:00:00,2022-08-14 07:00:00,22.54,9.476334419999999,19.72,23.1,73.0,3.6,1007.8,26.127289,44.444925
2022-08-14 07:00:00,2022-08-14 08:00:00,25.22,10.60306806,22.52,23.0,75.0,3.6,1007.6,26.127289,44.444925
2022-08-14 08:00:00,2022-08-14 09:00:00,28.98,12.18385854,24.09,26.7,61.0,3.6,1007.5,26.127289,44.444925
2022-08-14 09:00:00,2022-08-14 10:00:00,26.68,11.21688564,13.96,22.7,73.0,7.2,1007.7,26.127289,44.444925
2022-08-14 10:00:00,2022-08-14 11:00:00,14.32,6.02045736,9.9,23.1,80.0,3.6,1007.0,26.127289,44.444925
2022-08-14 11:00:00,2022-08-14 12:00:00,16.14,6.78562722,11.14,25.0,66.0,3.6,1006.2,26.127289,44.444925
2022-08-14 12:00:00,2022-08-14 13:00:00,20.11,8.45470653,15.73,29.8,47.0,7.2,1005.9,26.127289,44.444925
2022-08-14 13:00:00,2022-08-14 14:00:00,19.96,8.39164308,13.29,28.8,50.0,3.6,1005.4,26.127289,44.444925
2022-08-14 14:00:00,2022-08-14 15:00:00,21.13,8.883537989999999,9.3,27.8,55.0,3.6,1005.5,26.127289,44.444925
2022-08-14 15:00:00,2022-08-14 16:00:00,24.95,10.48955385,9.87,25.5,61.0,3.6,1005.6,26.127289,44.444925
2022-08-14 16:00:00,2022-08-14 17:00:00,20.32,8.54299536,9.66,25.3,61.0,7.2,1005.3,26.127289,44.444925
2022-08-14 17:00:00,2022-08-14 18:00:00,17.2,7.231275599999999,12.41,24.1,66.0,3.6,1005.5,26.127289,44.444925
2022-08-14 18:00:00,2022-08-14 19:00:00,19.19,8.06791737,12.74,23.9,64.0,7.2,1005.9,26.127289,44.444925
2022-08-14 19:00:00,2022-08-14 20:00:00,16.92,7.113557160000001,15.57,20.5,95.0,3.6,1006.6,26.127289,44.444925
2022-08-14 20:00:00,2022-08-14 21:00:00,16.62,6.98743026,15.44,19.1,99.0,0.0,1007.0,26.127289,44.444925
2022-08-14 21:00:00,2022-08-14 22:00:00,18.34,7.71055782,18.75,19.1,99.0,3.6,1005.8,26.127289,44.444925
2022-08-14 22:00:00,2022-08-14 23:00:00,13.9,5.8438797000000005,17.87,18.9,100.0,3.6,1006.3,26.127289,44.444925
2022-08-14 23:00:00,2022-08-15 00:00:00,14.86,6.24748578,18.61,18.8,100.0,0.0,1006.8,26.127289,44.444925
2022-08-15 00:00:00,2022-08-15 01:00:00,14.6,6.1381758,13.87,19.1,99.0,3.6,1006.6,26.127289,44.444925
2022-08-15 02:00:00,2022-08-15 03:00:00,14.99,6.30214077,11.31,18.9,99.0,3.6,1006.8,26.127289,44.444925
2022-08-15 03:00:00,2022-08-15 04:00:00,15.21,6.39463383,10.25,18.7,100.0,3.6,1006.5,26.127289,44.444925
2022-08-15 04:00:00,2022-08-15 05:00:00,17.89,7.52136747,13.43,19.0,99.0,3.6,1007.0,26.127289,44.444925
2022-08-15 05:00:00,2022-08-15 06:00:00,19.41,8.16041043,16.21,19.2,100.0,0.0,1007.1,26.127289,44.444925
2022-08-15 06:00:00,2022-08-15 07:00:00,18.91,7.95019893,17.0,19.0,99.0,3.6,1007.6,26.127289,44.444925
2022-08-15 07:00:00,2022-08-15 08:00:00,23.76,9.98925048,18.85,19.4,100.0,3.6,1007.6,26.127289,44.444925
2022-08-15 08:00:00,2022-08-15 09:00:00,22.94,9.64450362,16.77,19.7,98.0,3.6,1007.1,26.127289,44.444925
2022-08-15 09:00:00,2022-08-15 10:00:00,20.11,8.45470653,16.81,22.1,92.0,3.6,1007.5,26.127289,44.444925
2022-08-15 10:00:00,2022-08-15 11:00:00,16.33,6.865507589999999,16.77,23.6,78.0,7.2,1007.5,26.127289,44.444925
2022-08-15 11:00:00,2022-08-15 12:00:00,18.64,7.83668472,11.63,26.7,64.0,3.6,1007.3,26.127289,44.444925
2022-08-15 12:00:00,2022-08-15 13:00:00,14.22,5.978415060000001,10.56,27.6,56.0,7.2,1006.8,26.127289,44.444925
2022-08-15 13:00:00,2022-08-15 14:00:00,12.81,5.38561863,10.98,29.2,48.0,7.2,1006.0,26.127289,44.444925
2022-08-15 14:00:00,2022-08-15 15:00:00,15.94,6.70154262,12.87,27.4,55.0,9.0,1006.2,26.127289,44.444925
2022-08-15 15:00:00,2022-08-15 16:00:00,13.94,5.86069662,12.66,30.5,44.0,3.6,1005.8,26.127289,44.444925
2022-08-15 16:00:00,2022-08-15 17:00:00,13.89,5.83967547,13.14,29.7,43.0,3.6,1005.9,26.127289,44.444925
2022-08-15 17:00:00,2022-08-15 18:00:00,16.07,6.75619761,18.82,27.8,51.0,3.6,1006.5,26.127289,44.444925
2022-08-15 18:00:00,2022-08-15 19:00:00,15.7,6.6006411,24.06,22.0,86.0,3.6,1006.8,26.127289,44.444925
2022-08-15 19:00:00,2022-08-15 20:00:00,15.51,6.52076073,41.53,21.6,86.0,3.6,1007.2,26.127289,44.444925
2022-08-15 20:00:00,2022-08-15 21:00:00,16.36,6.878120279999999,35.97,20.9,85.0,0.0,1007.6,26.127289,44.444925
2022-08-15 21:00:00,2022-08-15 22:00:00,16.69,7.01685987,35.19,19.2,92.0,0.0,1007.9,26.127289,44.444925
2022-08-15 22:00:00,2022-08-15 23:00:00,16.26,6.836077980000001,37.65,18.7,94.0,0.0,1007.9,26.127289,44.444925
2022-08-15 23:00:00,2022-08-16 00:00:00,14.82,6.23066886,35.77,18.7,93.0,3.6,1007.8,26.127289,44.444925
2022-08-16 00:00:00,2022-08-16 01:00:00,17.79,7.479325169999999,33.94,18.8,95.0,3.6,1008.0,26.127289,44.444925
2022-08-16 01:00:00,2022-08-16 02:00:00,16.57,6.96640911,28.67,18.2,96.0,3.6,1008.2,26.127289,44.444925
2022-08-16 03:00:00,2022-08-16 04:00:00,14.26,5.99523198,21.71,18.4,96.0,3.6,1008.1,26.127289,44.444925
2022-08-16 04:00:00,2022-08-16 05:00:00,15.78,6.634274939999999,26.24,18.1,96.0,0.0,1008.3,26.127289,44.444925
2022-08-16 05:00:00,2022-08-16 06:00:00,19.21,8.07632583,37.68,18.9,95.0,3.6,1008.3,26.127289,44.444925
2022-08-16 06:00:00,2022-08-16 07:00:00,22.41,9.42167943,39.9,21.9,78.0,3.6,1008.2,26.127289,44.444925
2022-08-16 07:00:00,2022-08-16 08:00:00,23.94,10.06492662,43.14,24.4,69.0,3.6,1008.1,26.127289,44.444925
2022-08-16 08:00:00,2022-08-16 09:00:00,22.74,9.56041902,28.97,26.5,64.0,11.2,1008.5,26.127289,44.444925
2022-08-16 09:00:00,2022-08-16 10:00:00,19.3,8.1141639,22.47,28.0,60.0,10.1,1008.3,26.127289,44.444925
2022-08-16 10:00:00,2022-08-16 11:00:00,22.24,9.35020752,22.27,29.3,56.0,10.8,1008.0,26.127289,44.444925
2022-08-16 11:00:00,2022-08-16 12:00:00,21.94,9.22408062,22.77,30.2,51.0,13.7,1008.0,26.127289,44.444925
2022-08-16 12:00:00,2022-08-16 13:00:00,20.64,8.67753072,21.43,33.5,35.0,10.8,1007.2,26.127289,44.444925
2022-08-16 13:00:00,2022-08-16 14:00:00,22.2,9.3333906,25.37,33.2,30.0,7.2,1006.7,26.127289,44.444925
2022-08-16 14:00:00,2022-08-16 15:00:00,22.43,9.43008789,23.9,34.7,28.0,10.8,1006.6,26.127289,44.444925
2022-08-16 15:00:00,2022-08-16 16:00:00,25.61,10.76703303,25.37,32.6,31.0,7.2,1006.6,26.127289,44.444925
2022-08-16 16:00:00,2022-08-16 17:00:00,27.58,11.595266339999998,23.29,30.9,43.0,3.6,1006.8,26.127289,44.444925
2022-08-16 17:00:00,2022-08-16 18:00:00,23.85,10.02708855,48.16,27.8,54.0,3.6,1007.1,26.127289,44.444925
2022-08-16 18:00:00,2022-08-16 19:00:00,21.31,8.95921413,43.26,25.5,56.0,0.0,1008.0,26.127289,44.444925
2022-08-16 19:00:00,2022-08-16 20:00:00,20.46,8.60185458,44.08,23.8,62.0,0.0,1008.4,26.127289,44.444925
2022-08-16 20:00:00,2022-08-16 21:00:00,26.45,11.12018835,57.79,23.6,74.0,2.9,1008.5,26.127289,44.444925
2022-08-16 21:00:00,2022-08-16 22:00:00,34.94,14.689579619999998,79.52,22.8,72.0,3.6,1008.8,26.127289,44.444925
2022-08-16 22:00:00,2022-08-16 23:00:00,38.66,16.253553179999997,83.24,22.3,72.0,3.6,1009.1,26.127289,44.444925
2022-08-16 23:00:00,2022-08-17 00:00:00,35.95,15.11420685,63.55,22.5,70.0,0.0,1009.2,26.127289,44.444925
2022-08-17 00:00:00,2022-08-17 01:00:00,31.35,13.18026105,43.45,20.2,82.0,0.0,1009.1,26.127289,44.444925
2022-08-17 01:00:00,2022-08-17 02:00:00,30.89,12.98686647,34.74,20.0,83.0,3.6,1008.8,26.127289,44.444925
2022-08-17 02:00:00,2022-08-17 03:00:00,31.49,13.239120269999999,32.79,19.5,88.0,0.0,1008.9,26.127289,44.444925
2022-08-17 04:00:00,2022-08-17 05:00:00,28.08,11.805477839999998,30.11,18.7,90.0,0.0,1009.2,26.127289,44.444925
2022-08-17 05:00:00,2022-08-17 06:00:00,26.99,11.34721677,32.91,20.0,86.0,3.6,1009.3,26.127289,44.444925
2022-08-17 06:00:00,2022-08-17 07:00:00,31.54,13.26014142,46.22,22.4,75.0,3.6,1009.5,26.127289,44.444925
2022-08-17 07:00:00,2022-08-17 08:00:00,38.12,16.026524759999997,58.41,25.5,62.0,3.6,1009.6,26.127289,44.444925
2022-08-17 08:00:00,2022-08-17 09:00:00,43.96,18.48179508,51.56,29.1,46.0,3.6,1009.5,26.127289,44.444925
2022-08-17 09:00:00,2022-08-17 10:00:00,27.85,11.70878055,33.52,31.0,39.0,3.6,1009.2,26.127289,44.444925
2022-08-17 10:00:00,2022-08-17 11:00:00,23.69,9.95982087,30.78,32.3,36.0,7.2,1008.9,26.127289,44.444925
2022-08-17 11:00:00,2022-08-17 12:00:00,23.14,9.72858822,28.13,34.2,32.0,3.6,1008.7,26.127289,44.444925
2022-08-17 12:00:00,2022-08-17 13:00:00,23.33,9.808468589999999,25.69,33.9,32.0,3.6,1008.1,26.127289,44.444925
2022-08-17 13:00:00,2022-08-17 14:00:00,24.01,10.09435623,23.82,34.7,29.0,3.6,1007.7,26.127289,44.444925
2022-08-17 14:00:00,2022-08-17 15:00:00,22.69,9.53939787,36.74,35.7,28.0,7.2,1007.4,26.127289,44.444925
2022-08-17 15:00:00,2022-08-17 16:00:00,20.6,8.6607138,38.02,31.7,40.0,3.6,1007.9,26.127289,44.444925
2022-08-17 16:00:00,2022-08-17 17:00:00,22.42,9.42588366,42.87,32.7,33.0,3.6,1008.1,26.127289,44.444925
2022-08-17 17:00:00,2022-08-17 18:00:00,24.08,10.123785839999998,39.36,29.8,39.0,3.6,1008.5,26.127289,44.444925
2022-08-17 18:00:00,2022-08-17 19:00:00,24.94,10.485349620000001,38.07,26.9,48.0,0.0,1009.0,26.127289,44.444925
2022-08-17 19:00:00,2022-08-17 20:00:00,28.64,12.04091472,68.17,25.3,56.0,0.0,1009.4,26.127289,44.444925
2022-08-17 20:00:00,2022-08-17 21:00:00,29.45,12.38145735,82.41,25.5,56.0,0.0,1009.8,26.127289,44.444925
2022-08-17 21:00:00,2022-08-17 22:00:00,30.25,12.71779575,62.13,24.5,62.0,0.0,1010.0,26.127289,44.444925
2022-08-17 22:00:00,2022-08-17 23:00:00,27.02,11.35982946,65.72,24.7,66.0,3.6,1010.4,26.127289,44.444925
2022-08-17 23:00:00,2022-08-18 00:00:00,21.26,8.93819298,34.54,24.3,69.0,3.6,1010.3,26.127289,44.444925
2022-08-18 00:00:00,2022-08-18 01:00:00,18.88,7.937586239999999,21.18,23.4,74.0,3.6,1010.5,26.127289,44.444925
2022-08-18 01:00:00,2022-08-18 02:00:00,18.48,7.76941704,20.06,23.1,73.0,0.0,1010.4,26.127289,44.444925
2022-08-18 02:00:00,2022-08-18 03:00:00,17.25,7.25229675,17.3,21.8,77.0,0.0,1010.7,26.127289,44.444925
2022-08-18 03:00:00,2022-08-18 04:00:00,16.41,6.89914143,18.85,20.8,82.0,0.0,1010.9,26.127289,44.444925
2022-08-18 05:00:00,2022-08-18 06:00:00,19.36,8.13938928,35.46,21.5,81.0,0.0,1011.6,26.127289,44.444925
2022-08-18 06:00:00,2022-08-18 07:00:00,20.27,8.52197421,46.01,23.6,68.0,3.6,1011.6,26.127289,44.444925
2022-08-18 07:00:00,2022-08-18 08:00:00,23.9,10.0481097,50.96,25.4,64.0,3.6,1011.9,26.127289,44.444925
2022-08-18 08:00:00,2022-08-18 09:00:00,27.06,11.376646379999999,49.77,29.0,54.0,0.0,1011.7,26.127289,44.444925
2022-08-18 09:00:00,2022-08-18 10:00:00,27.11,11.39766753,53.52,29.3,50.0,3.6,1011.8,26.127289,44.444925
2022-08-18 10:00:00,2022-08-18 11:00:00,25.42,10.68715266,43.06,29.3,48.0,3.6,1011.7,26.127289,44.444925
2022-08-18 11:00:00,2022-08-18 12:00:00,29.44,12.37725312,35.76,29.1,47.0,3.6,1011.6,26.127289,44.444925
2022-08-18 12:00:00,2022-08-18 13:00:00,26.97,11.33880831,36.83,31.9,42.0,0.0,1010.8,26.127289,44.444925
2022-08-18 13:00:00,2022-08-18 14:00:00,26.52,11.149617959999999,37.76,29.7,56.0,4.3,1010.1,26.127289,44.444925
2022-08-18 14:00:00,2022-08-18 15:00:00,31.14,13.09197222,49.73,31.8,43.0,3.6,1009.9,26.127289,44.444925
2022-08-18 15:00:00,2022-08-18 16:00:00,38.06,16.00129938,71.74,33.4,40.0,0.0,1009.4,26.127289,44.444925
2022-08-18 16:00:00,2022-08-18 17:00:00,35.12,14.765255759999999,64.98,32.2,42.0,3.6,1009.5,26.127289,44.444925
2022-08-18 17:00:00,2022-08-18 18:00:00,34.94,14.689579619999998,60.82,29.2,48.0,3.6,1010.0,26.127289,44.444925
2022-08-18 18:00:00,2022-08-18 19:00:00,34.3,14.420508899999998,54.31,27.1,59.0,3.6,1010.7,26.127289,44.444925
2022-08-18 19:00:00,2022-08-18 20:00:00,33.63,14.13882549,44.31,25.7,63.0,3.6,1011.2,26.127289,44.444925
2022-08-18 20:00:00,2022-08-18 21:00:00,35.89,15.08898147,49.14,25.6,62.0,3.6,1011.6,26.127289,44.444925
2022-08-18 21:00:00,2022-08-18 22:00:00,31.06,13.058338379999999,40.89,24.3,66.0,0.0,1011.5,26.127289,44.444925
2022-08-18 22:00:00,2022-08-18 23:00:00,27.43,11.532202889999999,36.8,22.8,72.0,0.0,1011.5,26.127289,44.444925
2022-08-18 23:00:00,2022-08-19 00:00:00,32.63,13.71840249,44.7,22.2,75.0,3.6,1011.8,26.127289,44.444925
2022-08-19 00:00:00,2022-08-19 01:00:00,32.5,13.6637475,40.41,21.3,80.0,0.0,1011.6,26.127289,44.444925
2022-08-19 01:00:00,2022-08-19 02:00:00,27.33,11.490160589999999,33.06,20.8,83.0,3.6,1011.7,26.127289,44.444925
2022-08-19 02:00:00,2022-08-19 03:00:00,27.26,11.460730980000001,27.83,20.4,86.0,0.0,1011.7,26.127289,44.444925
2022-08-19 03:00:00,2022-08-19 04:00:00,28.88,12.141816239999999,27.12,21.4,82.0,3.6,1012.0,26.127289,44.444925
2022-08-19 04:00:00,2022-08-19 05:00:00,29.86,12.55383078,31.08,20.9,83.0,0.0,1012.1,26.127289,44.444925
2022-08-19 06:00:00,2022-08-19 07:00:00,33.54,14.10098742,44.6,24.7,66.0,3.6,1012.4,26.127289,44.444925
2022-08-19 07:00:00,2022-08-19 08:00:00,34.31,14.42471313,39.23,27.5,57.0,3.6,1012.4,26.127289,44.444925
2022-08-19 08:00:00,2022-08-19 09:00:00,32.51,13.667951729999999,33.56,30.0,47.0,3.6,1012.1,26.127289,44.444925
2022-08-19 09:00:00,2022-08-19 10:00:00,30.97,13.02050031,30.08,31.4,43.0,0.0,1011.9,26.127289,44.444925
2022-08-19 10:00:00,2022-08-19 11:00:00,29.51,12.40668273,29.13,32.6,42.0,0.0,1011.7,26.127289,44.444925
2022-08-19 11:00:00,2022-08-19 12:00:00,27.47,11.549019809999999,36.24,33.9,35.0,3.6,1011.2,26.127289,44.444925
2022-08-19 12:00:00,2022-08-19 13:00:00,25.12,10.56102576,35.68,33.7,37.0,3.6,1010.8,26.127289,44.444925
2022-08-19 13:00:00,2022-08-19 14:00:00,27.22,11.443914059999999,34.07,35.5,32.0,3.6,1010.3,26.127289,44.444925
2022-08-19 14:00:00,2022-08-19 15:00:00,25.89,10.88475147,43.5,33.6,34.0,0.0,1010.1,26.127289,44.444925
2022-08-19 15:00:00,2022-08-19 16:00:00,27.47,11.549019809999999,45.91,34.3,35.0,3.6,1010.0,26.127289,44.444925
2022-08-19 16:00:00,2022-08-19 17:00:00,25.83,10.85952609,62.3,33.6,29.0,3.6,1009.8,26.127289,44.444925
2022-08-19 17:00:00,2022-08-19 18:00:00,25.37,10.66613151,63.86,30.1,42.0,3.6,1009.9,26.127289,44.444925
2022-08-19 18:00:00,2022-08-19 19:00:00,30.87,12.97845801,53.03,28.0,49.0,0.0,1010.3,26.127289,44.444925
2022-08-19 19:00:00,2022-08-19 20:00:00,34.87,14.660150009999999,57.46,26.7,54.0,0.0,1011.2,26.127289,44.444925
2022-08-19 20:00:00,2022-08-19 21:00:00,38.79,16.30820817,61.41,25.4,58.0,0.0,1011.4,26.127289,44.444925
2022-08-19 21:00:00,2022-08-19 22:00:00,38.36,16.127426279999998,52.64,24.6,60.0,0.0,1011.6,26.127289,44.444925
2022-08-19 22:00:00,2022-08-19 23:00:00,38.3,16.1022009,53.83,24.4,61.0,0.0,1011.8,26.127289,44.444925
2022-08-19 23:00:00,2022-08-20 00:00:00,39.38,16.55625774,38.67,23.7,65.0,0.0,1011.6,26.127289,44.444925
2022-08-20 00:00:00,2022-08-20 01:00:00,38.09,16.01391207,38.46,22.7,73.0,3.6,1011.4,26.127289,44.444925
2022-08-20 01:00:00,2022-08-20 02:00:00,37.88,15.92562324,37.98,22.0,72.0,0.0,1011.2,26.127289,44.444925
2022-08-20 02:00:00,2022-08-20 03:00:00,33.73,14.180867789999999,31.1,21.6,72.0,3.6,1010.9,26.127289,44.444925
2022-08-20 03:00:00,2022-08-20 04:00:00,32.53,13.67636019,29.5,21.1,75.0,3.6,1010.6,26.127289,44.444925
2022-08-20 04:00:00,2022-08-20 05:00:00,28.52,11.99046396,21.7,20.9,75.0,0.0,1011.0,26.127289,44.444925
2022-08-20 05:00:00,2022-08-20 06:00:00,27.6,11.6036748,23.73,22.0,75.0,3.6,1011.1,26.127289,44.444925
2022-08-20 07:00:00,2022-08-20 08:00:00,29.57,12.43190811,29.71,27.4,55.0,3.6,1011.1,26.127289,44.444925
2022-08-20 08:00:00,2022-08-20 09:00:00,32.08,13.487169839999998,22.28,30.5,45.0,3.6,1010.9,26.127289,44.444925
2022-08-20 09:00:00,2022-08-20 10:00:00,33.53,14.09678319,26.41,30.6,45.0,10.8,1010.6,26.127289,44.444925
2022-08-20 10:00:00,2022-08-20 11:00:00,34.21,14.38267083,26.25,34.9,33.0,3.6,1009.8,26.127289,44.444925
2022-08-20 11:00:00,2022-08-20 12:00:00,32.96,13.857142080000001,22.99,34.5,33.0,3.6,1009.3,26.127289,44.444925
2022-08-20 12:00:00,2022-08-20 13:00:00,31.57,13.27275411,20.11,32.3,39.0,8.6,1009.1,26.127289,44.444925
2022-08-20 13:00:00,2022-08-20 14:00:00,33.69,14.164050869999999,21.29,32.4,37.0,7.2,1008.7,26.127289,44.444925
2022-08-20 14:00:00,2022-08-20 15:00:00,32.86,13.815099779999999,20.1,35.3,30.0,3.6,1007.9,26.127289,44.444925
2022-08-20 15:00:00,2022-08-20 16:00:00,32.01,13.457740229999999,18.72,35.0,30.0,3.6,1007.4,26.127289,44.444925
2022-08-20 16:00:00,2022-08-20 17:00:00,33.33,14.01269859,20.98,33.8,32.0,3.6,1007.3,26.127289,44.444925
2022-08-20 17:00:00,2022-08-20 18:00:00,34.87,14.660150009999999,28.77,30.5,41.0,3.6,1007.6,26.127289,44.444925
2022-08-20 18:00:00,2022-08-20 19:00:00,37.12,15.606101759999998,36.19,27.8,46.0,3.6,1008.2,26.127289,44.444925
2022-08-20 19:00:00,2022-08-20 20:00:00,42.37,17.81332251,44.74,27.1,50.0,3.6,1008.3,26.127289,44.444925
2022-08-20 20:00:00,2022-08-20 21:00:00,47.65,20.033155949999998,50.49,27.6,54.0,0.0,1009.1,26.127289,44.444925
2022-08-20 21:00:00,2022-08-20 22:00:00,41.89,17.61151947,38.11,26.2,60.0,0.0,1008.8,26.127289,44.444925
2022-08-20 22:00:00,2022-08-20 23:00:00,35.27,14.828319210000002,35.57,24.5,65.0,0.0,1008.7,26.127289,44.444925
2022-08-20 23:00:00,2022-08-21 00:00:00,32.76,13.773057479999999,31.17,24.4,64.0,3.6,1008.8,26.127289,44.444925
2022-08-21 00:00:00,2022-08-21 01:00:00,35.76,15.034326479999999,27.96,22.5,73.0,0.0,1008.8,26.127289,44.444925
2022-08-21 01:00:00,2022-08-21 02:00:00,34.54,14.521410419999999,27.39,21.7,76.0,0.0,1008.8,26.127289,44.444925
2022-08-21 02:00:00,2022-08-21 03:00:00,35.52,14.933424960000002,31.89,20.8,81.0,0.0,1008.5,26.127289,44.444925
2022-08-21 03:00:00,2022-08-21 04:00:00,34.45,14.483572350000001,23.91,20.5,83.0,0.0,1008.3,26.127289,44.444925
2022-08-21 04:00:00,2022-08-21 05:00:00,33.64,14.14302972,22.53,19.8,88.0,0.0,1008.3,26.127289,44.444925
2022-08-21 05:00:00,2022-08-21 06:00:00,33.17,13.94543091,24.87,21.3,85.0,0.0,1008.3,26.127289,44.444925
2022-08-21 06:00:00,2022-08-21 07:00:00,35.56,14.95024188,24.86,23.9,73.0,3.6,1008.5,26.127289,44.444925
2022-08-21 08:00:00,2022-08-21 09:00:00,29.85,12.549626550000001,19.12,30.0,49.0,3.6,1008.2,26.127289,44.444925
2022-08-21 09:00:00,2022-08-21 10:00:00,28.62,12.03250626,17.13,31.1,41.0,3.6,1007.7,26.127289,44.444925
2022-08-21 10:00:00,2022-08-21 11:00:00,28.97,12.17965431,20.12,32.4,38.0,3.6,1007.2,26.127289,44.444925
2022-08-21 11:00:00,2022-08-21 12:00:00,29.19,12.27214737,17.07,30.8,43.0,13.3,1007.0,26.127289,44.444925
2022-08-21 12:00:00,2022-08-21 13:00:00,28.76,12.09136548,16.79,32.9,35.0,3.6,1006.2,26.127289,44.444925
2022-08-21 13:00:00,2022-08-21 14:00:00,28.46,11.96523858,20.51,32.9,38.0,3.6,1005.5,26.127289,44.444925
2022-08-21 14:00:00,2022-08-21 15:00:00,32.2,13.5376206,21.72,31.2,40.0,3.6,1005.3,26.127289,44.444925
2022-08-21 15:00:00,2022-08-21 16:00:00,32.35,13.60068405,22.43,28.8,50.0,3.6,1005.7,26.127289,44.444925
2022-08-21 16:00:00,2022-08-21 17:00:00,32.85,13.81089555,19.36,26.6,59.0,3.6,1005.7,26.127289,44.444925
2022-08-21 17:00:00,2022-08-21 18:00:00,30.57,12.85233111,20.16,26.3,59.0,3.6,1005.3,26.127289,44.444925
2022-08-21 18:00:00,2022-08-21 19:00:00,27.39,11.51538597,21.18,25.9,60.0,3.6,1005.7,26.127289,44.444925
2022-08-21 19:00:00,2022-08-21 20:00:00,25.74,10.82168802,24.24,25.1,66.0,3.6,1006.5,26.127289,44.444925
2022-08-21 20:00:00,2022-08-21 21:00:00,29.41,12.36464043,32.56,23.1,74.0,7.2,1007.0,26.127289,44.444925
2022-08-21 21:00:00,2022-08-21 22:00:00,21.51,9.04329873,16.92,22.8,81.0,3.6,1006.9,26.127289,44.444925
2022-08-21 22:00:00,2022-08-21 23:00:00,22.47,9.44690481,15.63,22.6,79.0,0.0,1006.6,26.127289,44.444925
2022-08-21 23:00:00,2022-08-22 00:00:00,23.17,9.74120091,16.06,22.8,79.0,3.6,1006.6,26.127289,44.444925
2022-08-22 00:00:00,2022-08-22 01:00:00,25.25,10.61568075,20.99,22.5,78.0,0.0,1007.8,26.127289,44.444925
2022-08-22 01:00:00,2022-08-22 02:00:00,21.41,9.00125643,11.49,21.8,85.0,0.0,1007.4,26.127289,44.444925
2022-08-22 02:00:00,2022-08-22 03:00:00,23.24,9.77063052,10.4,21.7,84.0,3.6,1007.6,26.127289,44.444925
2022-08-22 03:00:00,2022-08-22 04:00:00,20.13,8.46311499,9.51,21.8,81.0,3.6,1007.3,26.127289,44.444925
2022-08-22 04:00:00,2022-08-22 05:00:00,19.41,8.16041043,11.76,21.7,81.0,3.6,1007.2,26.127289,44.444925
2022-08-22 05:00:00,2022-08-22 06:00:00,20.59,8.656509569999999,19.21,22.2,81.0,3.6,1007.5,26.127289,44.444925
2022-08-22 06:00:00,2022-08-22 07:00:00,28.02,11.78025246,32.22,23.0,77.0,0.0,1008.2,26.127289,44.444925
2022-08-22 07:00:00,2022-08-22 08:00:00,33.81,14.21450163,37.7,23.5,78.0,3.6,1008.7,26.127289,44.444925
2022-08-22 09:00:00,2022-08-22 10:00:00,40.36,16.96827228,34.99,26.2,67.0,3.6,1008.5,26.127289,44.444925
2022-08-22 10:00:00,2022-08-22 11:00:00,42.38,17.81752674,32.16,29.2,56.0,3.6,1008.5,26.127289,44.444925
2022-08-22 11:00:00,2022-08-22 12:00:00,33.24,13.97486052,35.61,29.1,53.0,0.0,1008.3,26.127289,44.444925
2022-08-22 12:00:00,2022-08-22 13:00:00,28.16,11.83911168,38.83,29.8,51.0,3.6,1007.7,26.127289,44.444925
2022-08-22 13:00:00,2022-08-22 14:00:00,31.59,13.28116257,40.71,31.4,44.0,3.6,1007.1,26.127289,44.444925
2022-08-22 14:00:00,2022-08-22 15:00:00,30.34,12.75563382,40.1,30.7,45.0,3.6,1007.2,26.127289,44.444925
2022-08-22 15:00:00,2022-08-22 16:00:00,29.06,12.21749238,24.04,29.7,54.0,3.6,1007.3,26.127289,44.444925
2022-08-22 16:00:00,2022-08-22 17:00:00,23.96,10.07333508,21.2,28.7,57.0,3.6,1007.6,26.127289,44.444925
2022-08-22 17:00:00,2022-08-22 18:00:00,22.73,9.55621479,28.2,26.9,60.0,3.6,1007.9,26.127289,44.444925
2022-08-22 18:00:00,2022-08-22 19:00:00,23.87,10.03549701,38.03,24.7,66.0,3.6,1008.4,26.127289,44.444925
2022-08-22 19:00:00,2022-08-22 20:00:00,20.75,8.72377725,30.6,23.8,71.0,3.6,1009.2,26.127289,44.444925
2022-08-22 20:00:00,2022-08-22 21:00:00,21.44,9.01386912,33.7,23.3,75.0,3.6,1009.6,26.127289,44.444925
2022-08-22 21:00:00,2022-08-22 22:00:00,23.88,10.03970124,28.81,22.8,78.0,3.6,1009.6,26.127289,44.444925
2022-08-22 22:00:00,2022-08-22 23:00:00,23.99,10.085947769999999,20.42,21.0,87.0,0.0,1009.5,26.127289,44.444925
2022-08-22 23:00:00,2022-08-23 00:00:00,25.43,10.69135689,19.34,20.6,89.0,0.0,1009.4,26.127289,44.444925
2022-08-23 00:00:00,2022-08-23 01:00:00,22.47,9.44690481,17.39,21.2,86.0,3.6,1009.2,26.127289,44.444925
2022-08-23 01:00:00,2022-08-23 02:00:00,23.72,9.972433559999999,18.68,20.7,88.0,3.6,1009.6,26.127289,44.444925
2022-08-23 02:00:00,2022-08-23 03:00:00,22.68,9.53519364,14.86,19.9,93.0,3.6,1009.7,26.127289,44.444925
2022-08-23 03:00:00,2022-08-23 04:00:00,22.43,9.43008789,13.25,19.8,95.0,3.6,1009.6,26.127289,44.444925
2022-08-23 04:00:00,2022-08-23 05:00:00,22.84,9.60246132,19.2,19.9,93.0,3.6,1010.3,26.127289,44.444925
2022-08-23 05:00:00,2022-08-23 06:00:00,25.01,10.51477923,30.32,21.2,86.0,3.6,1010.8,26.127289,44.444925
2022-08-23 06:00:00,2022-08-23 07:00:00,26.99,11.34721677,34.49,22.7,76.0,7.2,1010.8,26.127289,44.444925
2022-08-23 07:00:00,2022-08-23 08:00:00,28.84,12.124999319999999,37.0,25.0,69.0,3.6,1010.7,26.127289,44.444925
2022-08-23 08:00:00,2022-08-23 09:00:00,30.62,12.87335226,37.08,27.4,62.0,3.6,1011.1,26.127289,44.444925
2022-08-23 10:00:00,2022-08-23 11:00:00,35.89,15.08898147,43.7,27.1,65.0,5.8,1011.1,26.127289,44.444925
2022-08-23 11:00:00,2022-08-23 12:00:00,39.44,16.581483119999998,43.5,32.7,46.0,3.6,1010.6,26.127289,44.444925
2022-08-23 12:00:00,2022-08-23 13:00:00,41.92,17.624132160000002,41.5,31.5,50.0,3.6,1010.7,26.127289,44.444925
2022-08-23 13:00:00,2022-08-23 14:00:00,43.15,18.14125245,50.0,31.9,49.0,7.2,1010.4,26.127289,44.444925
2022-08-23 14:00:00,2022-08-23 15:00:00,46.89,19.71363447,52.85,33.0,42.0,3.6,1009.8,26.127289,44.444925
2022-08-23 15:00:00,2022-08-23 16:00:00,42.68,17.94365364,50.3,33.0,41.0,3.6,1009.8,26.127289,44.444925
2022-08-23 16:00:00,2022-08-23 17:00:00,43.22,18.17068206,59.26,30.6,49.0,3.6,1010.1,26.127289,44.444925
2022-08-23 17:00:00,2022-08-23 18:00:00,46.15,19.40252145,63.83,25.3,84.0,0.0,1010.4,26.127289,44.444925
2022-08-23 18:00:00,2022-08-23 19:00:00,48.81,20.52084663,49.45,22.7,83.0,3.6,1011.8,26.127289,44.444925
2022-08-23 19:00:00,2022-08-23 20:00:00,30.49,12.81869727,29.35,19.4,98.0,3.6,1012.0,26.127289,44.444925
2022-08-23 20:00:00,2022-08-23 21:00:00,24.49,10.296159269999999,23.73,17.8,99.0,3.6,1012.4,26.127289,44.444925
2022-08-23 21:00:00,2022-08-23 22:00:00,16.12,6.77721876,36.1,18.2,100.0,0.0,1012.9,26.127289,44.444925
2022-08-23 22:00:00,2022-08-23 23:00:00,20.35,8.55560805,30.04,18.8,100.0,3.6,1013.0,26.127289,44.444925
2022-08-23 23:00:00,2022-08-24 00:00:00,15.57,6.54598611,27.62,17.9,100.0,3.6,1012.5,26.127289,44.444925
2022-08-24 00:00:00,2022-08-24 01:00:00,12.16,5.11234368,16.64,18.0,100.0,3.6,1012.6,26.127289,44.444925
2022-08-24 01:00:00,2022-08-24 02:00:00,12.1,5.087118299999999,16.52,18.5,100.0,7.2,1013.9,26.127289,44.444925
2022-08-24 02:00:00,2022-08-24 03:00:00,12.48,5.2468790400000005,13.38,17.9,100.0,3.6,1013.8,26.127289,44.444925
2022-08-24 03:00:00,2022-08-24 04:00:00,16.38,6.886528739999999,13.13,18.0,100.0,3.6,1014.1,26.127289,44.444925
2022-08-24 04:00:00,2022-08-24 05:00:00,16.36,6.878120279999999,13.06,18.2,100.0,3.6,1013.9,26.127289,44.444925
2022-08-24 05:00:00,2022-08-24 06:00:00,15.6,6.5585987999999995,13.71,18.6,99.0,3.6,1013.9,26.127289,44.444925
2022-08-24 06:00:00,2022-08-24 07:00:00,17.44,7.332177120000001,20.93,20.2,89.0,3.6,1013.7,26.127289,44.444925
2022-08-24 07:00:00,2022-08-24 08:00:00,17.52,7.365810959999999,26.11,23.6,75.0,3.6,1013.5,26.127289,44.444925
2022-08-24 08:00:00,2022-08-24 09:00:00,20.29,8.53038267,25.49,25.9,66.0,3.6,1013.7,26.127289,44.444925
2022-08-24 09:00:00,2022-08-24 10:00:00,27.49,11.557428269999999,42.11,28.0,56.0,7.2,1013.4,26.127289,44.444925
2022-08-24 11:00:00,2022-08-24 12:00:00,43.24,18.17909052,47.54,30.8,42.0,3.6,1013.1,26.127289,44.444925
2022-08-24 12:00:00,2022-08-24 13:00:00,46.85,19.69681755,51.85,30.6,44.0,7.2,1012.7,26.127289,44.444925
2022-08-24 13:00:00,2022-08-24 14:00:00,54.83,23.05179309,52.29,31.8,44.0,3.6,1012.1,26.127289,44.444925
2022-08-24 14:00:00,2022-08-24 15:00:00,57.95,24.36351285,59.22,32.1,46.0,3.6,1012.0,26.127289,44.444925
2022-08-24 15:00:00,2022-08-24 16:00:00,61.6,25.8980568,59.19,31.1,49.0,3.6,1012.1,26.127289,44.444925
2022-08-24 16:00:00,2022-08-24 17:00:00,63.23,26.583346289999998,56.3,29.6,52.0,3.6,1011.8,26.127289,44.444925
2022-08-24 17:00:00,2022-08-24 18:00:00,62.43,26.24700789,54.84,28.2,55.0,3.6,1011.8,26.127289,44.444925
2022-08-24 18:00:00,2022-08-24 19:00:00,62.43,26.24700789,72.81,26.5,60.0,3.6,1012.3,26.127289,44.444925
2022-08-24 19:00:00,2022-08-24 20:00:00,64.48,27.10887504,56.58,26.0,61.0,7.2,1012.8,26.127289,44.444925
2022-08-24 20:00:00,2022-08-24 21:00:00,56.65,23.81696295,39.97,25.8,61.0,3.6,1013.2,26.127289,44.444925
2022-08-24 21:00:00,2022-08-24 22:00:00,57.04,23.98092792,46.07,25.1,64.0,3.6,1013.4,26.127289,44.444925
2022-08-24 22:00:00,2022-08-24 23:00:00,62.28,26.18394444,41.73,23.8,69.0,3.6,1013.3,26.127289,44.444925
2022-08-25 23:00:00,2022-08-26 00:00:00,51.27,21.55508721,25.83,23.5,49.0,3.6,1010.3,26.127289,44.444925
2022-08-26 00:00:00,2022-08-26 01:00:00,44.57,18.73825311,19.9,22.2,51.0,3.6,1010.1,26.127289,44.444925
2022-08-26 01:00:00,2022-08-26 02:00:00,41.47,17.434941809999998,20.39,21.9,56.0,3.6,1009.7,26.127289,44.444925
2022-08-26 02:00:00,2022-08-26 03:00:00,40.19,16.896800369999998,21.01,22.4,52.0,3.6,1009.5,26.127289,44.444925
2022-08-26 03:00:00,2022-08-26 04:00:00,33.43,14.05474089,14.76,22.4,49.0,3.6,1009.6,26.127289,44.444925
2022-08-26 04:00:00,2022-08-26 05:00:00,28.58,12.01568934,16.79,22.0,50.0,3.6,1009.8,26.127289,44.444925
2022-08-26 05:00:00,2022-08-26 06:00:00,28.98,12.18385854,25.01,21.6,51.0,3.6,1009.9,26.127289,44.444925
2022-08-26 06:00:00,2022-08-26 07:00:00,29.74,12.50338002,40.09,23.0,49.0,3.6,1009.8,26.127289,44.444925
2022-08-26 07:00:00,2022-08-26 08:00:00,30.12,12.663140760000001,39.04,26.0,39.0,7.2,1009.9,26.127289,44.444925
2022-08-26 08:00:00,2022-08-26 09:00:00,31.19,13.11299337,35.39,29.9,32.0,3.6,1009.6,26.127289,44.444925
2022-08-26 09:00:00,2022-08-26 10:00:00,31.41,13.20548643,35.69,28.9,35.0,14.0,1009.7,26.127289,44.444925
2022-08-26 10:00:00,2022-08-26 11:00:00,33.04,13.89077592,41.35,32.8,25.0,3.6,1008.9,26.127289,44.444925
2022-08-26 11:00:00,2022-08-26 12:00:00,36.84,15.48838332,42.26,34.2,25.0,3.6,1008.5,26.127289,44.444925
2022-08-26 13:00:00,2022-08-26 14:00:00,51.49,21.64758027,54.98,34.2,24.0,3.6,1007.8,26.127289,44.444925
2022-08-26 14:00:00,2022-08-26 15:00:00,49.41,20.77310043,53.35,34.0,26.0,3.6,1007.5,26.127289,44.444925
2022-08-26 15:00:00,2022-08-26 16:00:00,54.15,22.765905449999998,69.32,32.2,28.0,7.2,1007.7,26.127289,44.444925
2022-08-26 16:00:00,2022-08-26 17:00:00,59.26,24.914266979999997,67.49,31.2,31.0,7.2,1007.8,26.127289,44.444925
2022-08-26 17:00:00,2022-08-26 18:00:00,56.87,23.90945601,65.94,29.5,34.0,3.6,1008.0,26.127289,44.444925
2022-08-26 18:00:00,2022-08-26 19:00:00,63.36,26.638001279999997,63.55,26.8,41.0,3.6,1008.4,26.127289,44.444925
2022-08-26 19:00:00,2022-08-26 20:00:00,72.02,30.278864459999998,61.07,26.9,43.0,3.6,1009.0,26.127289,44.444925
2022-08-26 20:00:00,2022-08-26 21:00:00,84.78,35.64346194,47.74,25.5,47.0,3.6,1009.5,26.127289,44.444925
2022-08-26 21:00:00,2022-08-26 22:00:00,91.34,38.40143682,38.0,23.3,53.0,3.6,1009.6,26.127289,44.444925
2022-08-26 22:00:00,2022-08-26 23:00:00,84.56,35.55096888,40.39,22.7,54.0,0.0,1009.8,26.127289,44.444925
2022-08-28 23:00:00,2022-08-29 00:00:00,78.03,32.80560669,89.91,22.4,63.0,3.6,1013.1,26.127289,44.444925
2022-08-29 00:00:00,2022-08-29 01:00:00,44.53,18.72143619,57.52,21.6,69.0,3.6,1013.4,26.127289,44.444925
2022-08-29 01:00:00,2022-08-29 02:00:00,39.34,16.53944082,46.92,20.5,73.0,0.0,1013.3,26.127289,44.444925
2022-08-29 02:00:00,2022-08-29 03:00:00,40.98,17.228934539999997,39.93,20.2,77.0,0.0,1013.3,26.127289,44.444925
2022-08-29 03:00:00,2022-08-29 04:00:00,34.59,14.542431570000002,32.89,20.2,77.0,0.0,1013.4,26.127289,44.444925
2022-08-29 04:00:00,2022-08-29 05:00:00,30.5,12.8229015,28.18,19.8,78.0,3.6,1013.8,26.127289,44.444925
2022-08-29 05:00:00,2022-08-29 06:00:00,29.79,12.524401169999999,35.16,20.2,76.0,3.6,1014.5,26.127289,44.444925
2022-08-29 06:00:00,2022-08-29 07:00:00,35.33,14.853544589999998,53.58,22.7,65.0,3.6,1014.7,26.127289,44.444925
2022-08-29 07:00:00,2022-08-29 08:00:00,37.02,15.564059460000001,50.97,26.8,52.0,3.6,1014.5,26.127289,44.444925
2022-08-29 08:00:00,2022-08-29 09:00:00,41.02,17.24575146,40.63,30.1,41.0,3.6,1014.6,26.127289,44.444925
2022-08-29 09:00:00,2022-08-29 10:00:00,41.45,17.42653335,40.47,32.8,34.0,3.6,1014.4,26.127289,44.444925
2022-08-29 10:00:00,2022-08-29 11:00:00,42.4,17.8259352,44.8,33.1,33.0,4.3,1014.2,26.127289,44.444925
2022-08-29 11:00:00,2022-08-29 12:00:00,40.44,17.001906119999997,43.26,33.7,30.0,0.0,1014.1,26.127289,44.444925
2022-08-29 12:00:00,2022-08-29 13:00:00,41.25,17.34244875,48.16,36.0,23.0,3.6,1013.6,26.127289,44.444925
2022-08-29 13:00:00,2022-08-29 14:00:00,40.09,16.854758070000003,32.33,36.4,21.0,3.6,1013.1,26.127289,44.444925
2022-08-29 14:00:00,2022-08-29 15:00:00,42.43,17.83854789,44.47,35.5,22.0,3.6,1012.7,26.127289,44.444925
2022-08-29 16:00:00,2022-08-29 17:00:00,45.4,19.0872042,58.91,34.1,26.0,0.0,1011.9,26.127289,44.444925
2022-08-29 17:00:00,2022-08-29 18:00:00,47.42,19.93645866,78.46,29.4,33.0,0.0,1012.3,26.127289,44.444925
2022-08-29 18:00:00,2022-08-29 19:00:00,54.53,22.92566619,100.53,27.4,48.0,10.8,1013.8,26.127289,44.444925
2022-08-29 19:00:00,2022-08-29 20:00:00,65.58,27.57134034,125.73,26.0,45.0,0.0,1013.3,26.127289,44.444925
2022-08-29 20:00:00,2022-08-29 21:00:00,53.81,22.62296163,82.21,24.9,50.0,0.0,1013.5,26.127289,44.444925
2022-08-29 21:00:00,2022-08-29 22:00:00,51.63,21.70643949,66.59,24.2,52.0,0.0,1013.6,26.127289,44.444925
2022-08-29 22:00:00,2022-08-29 23:00:00,50.46,21.21454458,62.36,23.0,57.0,0.0,1013.7,26.127289,44.444925
2022-08-29 23:00:00,2022-08-30 00:00:00,48.42,20.35688166,50.32,22.5,62.0,3.6,1013.9,26.127289,44.444925
2022-08-30 00:00:00,2022-08-30 01:00:00,45.34,19.06197882,46.04,22.0,68.0,3.6,1013.9,26.127289,44.444925
2022-08-30 01:00:00,2022-08-30 02:00:00,50.72,21.323854559999997,25.84,20.4,71.0,0.0,1013.8,26.127289,44.444925
2022-08-30 02:00:00,2022-08-30 03:00:00,55.67,23.40494841,33.73,19.8,71.0,3.6,1013.8,26.127289,44.444925
2022-08-30 03:00:00,2022-08-30 04:00:00,58.52,24.60315396,24.95,20.7,69.0,3.6,1014.3,26.127289,44.444925
2022-08-30 04:00:00,2022-08-30 05:00:00,55.98,23.535279539999998,28.46,20.9,65.0,3.6,1014.9,26.127289,44.444925
2022-08-30 05:00:00,2022-08-30 06:00:00,51.69,21.73166487,32.59,20.8,66.0,0.0,1015.5,26.127289,44.444925
2022-08-30 06:00:00,2022-08-30 07:00:00,46.47,19.53705681,37.61,22.9,65.0,3.6,1015.9,26.127289,44.444925
2022-08-30 07:00:00,2022-08-30 08:00:00,43.77,18.40191471,41.0,26.1,56.0,3.6,1015.9,26.127289,44.444925
2022-08-30 08:00:00,2022-08-30 09:00:00,42.85,18.01512555,53.68,29.7,46.0,3.6,1015.8,26.127289,44.444925
2022-08-30 09:00:00,2022-08-30 10:00:00,42.48,17.859569039999997,44.33,31.2,42.0,3.6,1015.7,26.127289,44.444925
2022-08-30 10:00:00,2022-08-30 11:00:00,46.84,19.69261332,51.44,32.9,37.0,3.6,1015.4,26.127289,44.444925
2022-08-30 11:00:00,2022-08-30 12:00:00,47.78,20.08781094,47.22,33.9,32.0,3.6,1015.0,26.127289,44.444925
2022-08-30 12:00:00,2022-08-30 13:00:00,47.64,20.02895172,40.41,34.3,29.0,3.6,1014.3,26.127289,44.444925
2022-08-30 13:00:00,2022-08-30 14:00:00,49.18,20.676403139999998,55.17,33.0,29.0,11.2,1013.3,26.127289,44.444925
2022-08-30 14:00:00,2022-08-30 15:00:00,49.89,20.97490347,60.3,31.7,38.0,3.6,1013.0,26.127289,44.444925
2022-08-30 15:00:00,2022-08-30 16:00:00,48.81,20.52084663,59.58,30.7,40.0,3.6,1012.8,26.127289,44.444925
2022-08-30 17:00:00,2022-08-30 18:00:00,52.2,21.946080600000002,66.77,27.9,46.0,0.0,1012.5,26.127289,44.444925
2022-08-30 18:00:00,2022-08-30 19:00:00,49.17,20.67219891,61.91,26.9,52.0,7.2,1013.7,26.127289,44.444925
2022-08-30 19:00:00,2022-08-30 20:00:00,37.57,15.79529211,45.46,26.4,55.0,3.6,1014.3,26.127289,44.444925
2022-08-30 20:00:00,2022-08-30 21:00:00,32.95,13.852937850000002,49.45,24.3,65.0,8.6,1014.6,26.127289,44.444925
2022-08-30 21:00:00,2022-08-30 22:00:00,25.39,10.67453997,45.32,25.2,56.0,7.2,1014.5,26.127289,44.444925
2022-08-30 22:00:00,2022-08-30 23:00:00,24.94,10.485349620000001,39.01,24.0,59.0,3.6,1015.2,26.127289,44.444925
2022-08-30 23:00:00,2022-08-31 00:00:00,20.28,8.52617844,14.57,23.8,61.0,7.2,1014.5,26.127289,44.444925
2022-08-31 00:00:00,2022-08-31 01:00:00,19.51,8.202452730000001,18.98,23.0,66.0,3.6,1014.3,26.127289,44.444925
2022-08-31 01:00:00,2022-08-31 02:00:00,19.96,8.39164308,21.99,22.4,68.0,3.6,1014.1,26.127289,44.444925
2022-08-31 02:00:00,2022-08-31 03:00:00,21.07,8.85831261,19.96,22.7,66.0,3.6,1014.5,26.127289,44.444925
2022-08-31 03:00:00,2022-08-31 04:00:00,20.85,8.76581955,12.79,22.4,73.0,0.0,1014.9,26.127289,44.444925
2022-08-31 04:00:00,2022-08-31 05:00:00,24.12,10.14060276,16.23,22.5,72.0,3.6,1015.1,26.127289,44.444925
2022-08-31 05:00:00,2022-08-31 06:00:00,31.31,13.163444129999998,26.15,19.4,99.0,3.6,1015.3,26.127289,44.444925
2022-08-31 06:00:00,2022-08-31 07:00:00,32.64,13.72260672,40.37,20.1,99.0,3.6,1015.2,26.127289,44.444925
2022-08-31 07:00:00,2022-08-31 08:00:00,34.07,14.32381161,43.86,22.0,94.0,3.6,1015.3,26.127289,44.444925
2022-08-31 08:00:00,2022-08-31 09:00:00,34.21,14.38267083,38.28,26.3,66.0,3.6,1015.2,26.127289,44.444925
2022-08-31 09:00:00,2022-08-31 10:00:00,32.78,13.78146594,47.48,26.6,57.0,3.6,1015.3,26.127289,44.444925
2022-08-31 10:00:00,2022-08-31 11:00:00,31.35,13.18026105,47.0,28.7,52.0,3.6,1014.6,26.127289,44.444925
2022-08-31 11:00:00,2022-08-31 12:00:00,29.29,12.31418967,36.64,30.2,46.0,3.6,1014.2,26.127289,44.444925
2022-08-31 12:00:00,2022-08-31 13:00:00,28.47,11.969442809999999,41.48,28.7,53.0,3.6,1013.5,26.127289,44.444925
2022-08-31 13:00:00,2022-08-31 14:00:00,28.59,12.019893569999999,32.81,30.3,50.0,3.6,1012.9,26.127289,44.444925
2022-08-31 14:00:00,2022-08-31 15:00:00,29.8,12.5286054,39.3,30.1,47.0,3.6,1012.5,26.127289,44.444925
2022-08-31 15:00:00,2022-08-31 16:00:00,27.95,11.750822849999999,44.46,29.0,48.0,3.6,1012.4,26.127289,44.444925
2022-08-31 16:00:00,2022-08-31 17:00:00,27.27,11.46493521,48.95,26.4,61.0,3.6,1012.7,26.127289,44.444925
2022-08-31 18:00:00,2022-08-31 19:00:00,24.52,10.30877196,52.4,21.2,91.0,3.6,1013.5,26.127289,44.444925
2022-08-31 19:00:00,2022-08-31 20:00:00,23.49,9.875736269999999,57.34,20.7,83.0,3.6,1013.9,26.127289,44.444925
2022-08-31 20:00:00,2022-08-31 21:00:00,22.27,9.362820209999999,39.08,21.4,79.0,3.6,1014.2,26.127289,44.444925
2022-08-31 21:00:00,2022-08-31 22:00:00,23.07,9.69915861,31.79,21.3,81.0,3.6,1014.7,26.127289,44.444925
2022-08-31 22:00:00,2022-08-31 23:00:00,25.69,10.80066687,22.24,18.6,99.0,3.6,1015.3,26.127289,44.444925
2022-08-31 23:00:00,2022-09-01 00:00:00,21.2,8.9129676,18.42,18.3,100.0,3.6,1015.0,26.127289,44.444925
2022-09-01 00:00:00,2022-09-01 01:00:00,16.6,8.579012800000001,17.69,18.2,100.0,3.6,1014.4,26.127289,44.444925
2022-09-01 01:00:00,2022-09-01 02:00:00,17.75,9.173342000000002,19.37,17.6,100.0,3.6,1014.3,26.127289,44.444925
2022-09-01 02:00:00,2022-09-01 03:00:00,18.06,9.33355248,13.37,17.4,99.0,3.6,1014.1,26.127289,44.444925
2022-09-01 03:00:00,2022-09-01 04:00:00,17.48,9.033803840000001,15.62,19.1,74.0,14.0,1013.6,26.127289,44.444925
2022-09-01 04:00:00,2022-09-01 05:00:00,17.47,9.02863576,19.26,17.4,96.0,3.6,1013.9,26.127289,44.444925
2022-09-01 05:00:00,2022-09-01 06:00:00,18.32,9.467922560000002,30.14,17.7,93.0,3.6,1014.0,26.127289,44.444925
2022-09-01 06:00:00,2022-09-01 07:00:00,21.55,11.137212400000001,41.78,18.9,87.0,3.6,1014.3,26.127289,44.444925
2022-09-01 07:00:00,2022-09-01 08:00:00,24.56,12.692804480000001,45.98,21.0,77.0,3.6,1014.5,26.127289,44.444925
2022-09-01 08:00:00,2022-09-01 09:00:00,24.58,12.70314064,42.28,22.1,69.0,7.2,1014.7,26.127289,44.444925
2022-09-01 09:00:00,2022-09-01 10:00:00,24.37,12.594610960000002,47.35,25.4,55.0,7.2,1014.4,26.127289,44.444925
2022-09-01 10:00:00,2022-09-01 11:00:00,21.8,11.266414400000002,43.67,26.3,56.0,7.2,1013.9,26.127289,44.444925
2022-09-01 11:00:00,2022-09-01 12:00:00,20.53,10.610068240000002,45.31,27.5,51.0,7.2,1013.6,26.127289,44.444925
2022-09-01 12:00:00,2022-09-01 13:00:00,21.33,11.02351464,44.12,27.8,50.0,7.2,1013.1,26.127289,44.444925
2022-09-01 13:00:00,2022-09-01 14:00:00,21.94,11.338767520000001,46.99,29.0,41.0,13.3,1011.3,26.127289,44.444925
2022-09-01 14:00:00,2022-09-01 15:00:00,21.14,10.925321120000001,48.48,27.8,50.0,7.2,1012.6,26.127289,44.444925
2022-09-01 15:00:00,2022-09-01 16:00:00,22.19,11.467969520000002,49.52,27.2,49.0,3.6,1012.5,26.127289,44.444925
2022-09-01 16:00:00,2022-09-01 17:00:00,22.19,11.467969520000002,53.3,25.5,53.0,7.2,1012.6,26.127289,44.444925
2022-09-01 17:00:00,2022-09-01 18:00:00,19.22,9.93304976,53.9,24.1,54.0,7.2,1012.6,26.127289,44.444925
2022-09-01 19:00:00,2022-09-01 20:00:00,20.81,10.75477448,50.58,22.5,56.0,3.6,1013.5,26.127289,44.444925
2022-09-01 20:00:00,2022-09-01 21:00:00,19.99,10.33099192,44.64,22.3,60.0,3.6,1014.0,26.127289,44.444925
2022-09-01 21:00:00,2022-09-01 22:00:00,21.39,11.05452312,36.46,22.2,61.0,7.2,1014.6,26.127289,44.444925
2022-09-01 22:00:00,2022-09-01 23:00:00,20.44,10.563555520000001,26.52,22.2,59.0,7.2,1014.7,26.127289,44.444925
2022-09-01 23:00:00,2022-09-02 00:00:00,18.55,9.586788400000001,19.54,21.8,62.0,7.2,1014.8,26.127289,44.444925
2022-09-02 00:00:00,2022-09-02 01:00:00,18.42,9.519603360000001,20.52,21.1,66.0,7.2,1014.5,26.127289,44.444925
2022-09-02 01:00:00,2022-09-02 02:00:00,17.26,8.920106080000002,16.24,20.3,59.0,7.2,1014.4,26.127289,44.444925
2022-09-02 02:00:00,2022-09-02 03:00:00,13.84,7.152622720000001,14.49,19.9,60.0,7.2,1014.9,26.127289,44.444925
2022-09-02 03:00:00,2022-09-02 04:00:00,14.61,7.5505648800000005,15.93,19.5,59.0,7.2,1014.7,26.127289,44.444925
2022-09-02 04:00:00,2022-09-02 05:00:00,17.12,8.847752960000001,15.53,19.1,60.0,7.2,1015.0,26.127289,44.444925
2022-09-02 05:00:00,2022-09-02 06:00:00,18.04,9.32321632,26.62,19.1,59.0,7.2,1015.4,26.127289,44.444925
2022-09-02 06:00:00,2022-09-02 07:00:00,19.39,10.02090712,36.64,19.3,59.0,7.2,1015.8,26.127289,44.444925
2022-09-02 07:00:00,2022-09-02 08:00:00,20.33,10.50670664,39.33,19.6,58.0,7.2,1015.8,26.127289,44.444925
2022-09-02 08:00:00,2022-09-02 09:00:00,20.17,10.424017360000002,36.03,21.3,57.0,7.2,1015.9,26.127289,44.444925
2022-09-02 09:00:00,2022-09-02 10:00:00,22.05,11.395616400000002,37.36,22.5,55.0,7.2,1016.0,26.127289,44.444925
2022-09-02 10:00:00,2022-09-02 11:00:00,22.13,11.43696104,39.25,24.3,52.0,7.2,1015.7,26.127289,44.444925
2022-09-02 11:00:00,2022-09-02 12:00:00,24.21,12.511921680000002,39.51,24.3,51.0,7.2,1015.3,26.127289,44.444925
2022-09-02 12:00:00,2022-09-02 13:00:00,25.59,13.22511672,48.35,25.0,49.0,7.2,1014.2,26.127289,44.444925
2022-09-02 13:00:00,2022-09-02 14:00:00,28.45,14.703187600000001,52.62,25.2,48.0,7.2,1014.0,26.127289,44.444925
2022-09-02 14:00:00,2022-09-02 15:00:00,26.65,13.7729332,49.27,21.6,67.0,7.2,1013.9,26.127289,44.444925
2022-09-02 15:00:00,2022-09-02 16:00:00,27.82,14.377598560000001,52.28,18.5,89.0,0.0,1015.0,26.127289,44.444925
2022-09-02 16:00:00,2022-09-02 17:00:00,46.67,24.11942936,51.67,16.8,99.0,3.6,1015.0,26.127289,44.444925
2022-09-02 17:00:00,2022-09-02 18:00:00,22.7,11.7315416,49.47,16.5,99.0,7.2,1015.0,26.127289,44.444925
2022-09-02 18:00:00,2022-09-02 19:00:00,23.64,12.217341120000002,61.12,15.8,100.0,7.2,1015.0,26.127289,44.444925
2022-09-02 20:00:00,2022-09-02 21:00:00,18.98,9.80901584,35.83,15.4,99.0,3.6,1015.7,26.127289,44.444925
2022-09-02 21:00:00,2022-09-02 22:00:00,17.95,9.276703600000001,31.59,15.0,98.0,7.2,1015.8,26.127289,44.444925
2022-09-02 22:00:00,2022-09-02 23:00:00,17.87,9.235358960000001,28.07,14.5,99.0,7.2,1015.8,26.127289,44.444925
2022-09-02 23:00:00,2022-09-03 00:00:00,15.11,7.80896888,24.21,14.3,100.0,7.2,1015.7,26.127289,44.444925
2022-09-03 00:00:00,2022-09-03 01:00:00,14.82,7.659094560000001,19.69,14.1,100.0,7.2,1015.5,26.127289,44.444925
2022-09-03 01:00:00,2022-09-03 02:00:00,14.88,7.690103040000001,16.44,14.1,100.0,7.2,1015.2,26.127289,44.444925
2022-09-03 02:00:00,2022-09-03 03:00:00,15.46,7.989851680000001,15.76,14.2,100.0,3.6,1015.4,26.127289,44.444925
2022-09-03 03:00:00,2022-09-03 04:00:00,14.31,7.395522480000001,15.27,14.1,100.0,3.6,1015.6,26.127289,44.444925
2022-09-03 04:00:00,2022-09-03 05:00:00,13.68,7.069933440000001,17.1,14.2,100.0,3.6,1015.7,26.127289,44.444925
2022-09-03 05:00:00,2022-09-03 06:00:00,13.49,6.971739920000001,18.26,14.1,100.0,7.2,1015.9,26.127289,44.444925
2022-09-03 06:00:00,2022-09-03 07:00:00,13.94,7.204303520000001,25.89,14.1,99.0,7.2,1016.3,26.127289,44.444925
2022-09-03 07:00:00,2022-09-03 08:00:00,14.37,7.42653096,20.75,14.1,98.0,3.6,1016.9,26.127289,44.444925
2022-09-03 08:00:00,2022-09-03 09:00:00,16.0,8.268928,25.49,14.1,99.0,3.6,1017.4,26.127289,44.444925
2022-09-03 09:00:00,2022-09-03 10:00:00,14.34,7.411026720000001,25.43,14.1,100.0,3.6,1017.6,26.127289,44.444925
2022-09-03 10:00:00,2022-09-03 11:00:00,14.06,7.266320480000001,24.23,14.5,99.0,3.6,1017.8,26.127289,44.444925
2022-09-03 11:00:00,2022-09-03 12:00:00,12.14,6.274049120000001,27.84,14.8,99.0,3.6,1018.2,26.127289,44.444925
2022-09-03 12:00:00,2022-09-03 13:00:00,11.97,6.186191760000001,23.41,14.7,99.0,3.6,1018.6,26.127289,44.444925
2022-09-03 13:00:00,2022-09-03 14:00:00,12.69,6.55829352,25.65,15.1,98.0,3.6,1018.8,26.127289,44.444925
2022-09-03 14:00:00,2022-09-03 15:00:00,12.98,6.708167840000001,21.39,15.1,96.0,3.6,1018.8,26.127289,44.444925
2022-09-03 15:00:00,2022-09-03 16:00:00,14.87,7.6849349600000005,22.2,15.2,97.0,3.6,1018.9,26.127289,44.444925
2022-09-03 16:00:00,2022-09-03 17:00:00,13.83,7.14745464,19.52,15.2,94.0,0.0,1019.2,26.127289,44.444925
2022-09-03 17:00:00,2022-09-03 18:00:00,15.5,8.010524,20.38,14.9,97.0,3.6,1019.5,26.127289,44.444925
2022-09-03 18:00:00,2022-09-03 19:00:00,15.27,7.89165816,25.72,14.7,97.0,3.6,1020.2,26.127289,44.444925
2022-09-03 19:00:00,2022-09-03 20:00:00,14.97,7.736615760000001,21.78,14.6,95.0,3.6,1020.6,26.127289,44.444925
2022-09-03 21:00:00,2022-09-03 22:00:00,15.96,8.248255680000002,26.17,14.6,92.0,0.0,1021.2,26.127289,44.444925
2022-09-03 22:00:00,2022-09-03 23:00:00,16.15,8.3464492,31.59,14.6,94.0,0.0,1021.4,26.127289,44.444925
2022-09-03 23:00:00,2022-09-04 00:00:00,14.77,7.633254160000001,23.98,14.6,95.0,0.0,1021.5,26.127289,44.444925
2022-09-04 00:00:00,2022-09-04 01:00:00,13.93,7.19913544,20.99,14.6,95.0,0.0,1021.3,26.127289,44.444925
2022-09-04 01:00:00,2022-09-04 02:00:00,14.23,7.354177840000001,19.25,14.6,96.0,0.0,1021.4,26.127289,44.444925
2022-09-04 02:00:00,2022-09-04 03:00:00,14.03,7.250816240000001,19.05,14.5,89.0,3.6,1021.8,26.127289,44.444925
2022-09-04 03:00:00,2022-09-04 04:00:00,12.22,6.315393760000001,15.19,14.2,89.0,0.0,1021.8,26.127289,44.444925
2022-09-04 04:00:00,2022-09-04 05:00:00,12.51,6.46526808,17.43,14.2,88.0,0.0,1021.9,26.127289,44.444925
2022-09-04 05:00:00,2022-09-04 06:00:00,11.83,6.113838640000001,15.51,14.6,86.0,0.0,1022.5,26.127289,44.444925
2022-09-04 06:00:00,2022-09-04 07:00:00,13.06,6.749512480000001,18.06,14.9,84.0,3.6,1022.9,26.127289,44.444925
2022-09-04 07:00:00,2022-09-04 08:00:00,14.38,7.431699040000001,16.8,15.5,77.0,0.0,1023.6,26.127289,44.444925
2022-09-04 08:00:00,2022-09-04 09:00:00,15.62,8.07254096,17.23,16.4,75.0,0.0,1023.6,26.127289,44.444925
2022-09-04 09:00:00,2022-09-04 10:00:00,16.18,8.36195344,14.32,17.3,77.0,3.6,1023.5,26.127289,44.444925
2022-09-04 10:00:00,2022-09-04 11:00:00,16.86,8.713382880000001,14.66,19.3,68.0,3.6,1023.5,26.127289,44.444925
2022-09-04 11:00:00,2022-09-04 12:00:00,18.4,9.5092672,13.47,20.2,62.0,3.6,1023.5,26.127289,44.444925
2022-09-04 12:00:00,2022-09-04 13:00:00,16.71,8.635861680000001,13.06,21.0,61.0,3.6,1023.3,26.127289,44.444925
2022-09-04 13:00:00,2022-09-04 14:00:00,16.97,8.77023176,14.78,20.0,66.0,3.6,1022.8,26.127289,44.444925
2022-09-04 14:00:00,2022-09-04 15:00:00,14.76,7.628086080000001,16.75,20.8,59.0,3.6,1022.6,26.127289,44.444925
2022-09-04 15:00:00,2022-09-04 16:00:00,14.53,7.50922024,17.22,19.7,67.0,3.6,1022.8,26.127289,44.444925
2022-09-04 16:00:00,2022-09-04 17:00:00,15.72,8.124221760000001,17.54,19.0,70.0,3.6,1022.9,26.127289,44.444925
2022-09-04 17:00:00,2022-09-04 18:00:00,15.66,8.09321328,24.09,18.3,72.0,3.6,1022.9,26.127289,44.444925
2022-09-04 18:00:00,2022-09-04 19:00:00,15.48,8.00018784,25.62,17.4,73.0,3.6,1023.3,26.127289,44.444925
2022-09-04 19:00:00,2022-09-04 20:00:00,16.32,8.434306560000001,29.8,16.2,79.0,0.0,1023.9,26.127289,44.444925
2022-09-04 20:00:00,2022-09-04 21:00:00,17.27,8.92527416,32.23,14.3,88.0,0.0,1024.1,26.127289,44.444925
2022-09-04 22:00:00,2022-09-04 23:00:00,14.3,7.390354400000001,31.88,13.5,97.0,3.6,1024.1,26.127289,44.444925
2022-09-04 23:00:00,2022-09-05 00:00:00,17.78,9.188846240000002,26.96,13.4,98.0,3.6,1024.1,26.127289,44.444925
2022-09-05 00:00:00,2022-09-05 01:00:00,21.53,11.126876240000001,25.79,13.1,99.0,0.0,1024.0,26.127289,44.444925
2022-09-05 01:00:00,2022-09-05 02:00:00,24.39,12.604947120000002,21.1,12.7,99.0,3.6,1023.9,26.127289,44.444925
2022-09-05 02:00:00,2022-09-05 03:00:00,21.37,11.044186960000001,18.47,12.4,100.0,3.6,1023.9,26.127289,44.444925
2022-09-05 03:00:00,2022-09-05 04:00:00,18.53,9.576452240000002,16.96,12.2,100.0,3.6,1024.0,26.127289,44.444925
2022-09-05 04:00:00,2022-09-05 05:00:00,21.97,11.35427176,21.16,12.6,100.0,0.0,1024.1,26.127289,44.444925
2022-09-05 05:00:00,2022-09-05 06:00:00,21.42,11.070027360000001,30.46,12.6,100.0,0.0,1024.6,26.127289,44.444925
2022-09-05 06:00:00,2022-09-05 07:00:00,18.99,9.81418392,32.68,15.6,93.0,3.6,1024.7,26.127289,44.444925
2022-09-05 07:00:00,2022-09-05 08:00:00,15.23,7.870985840000001,34.77,18.3,68.0,3.6,1024.9,26.127289,44.444925
2022-09-05 08:00:00,2022-09-05 09:00:00,16.16,8.351617280000001,31.26,21.0,55.0,3.6,1025.1,26.127289,44.444925
2022-09-05 09:00:00,2022-09-05 10:00:00,14.47,7.478211760000001,28.99,22.8,48.0,3.6,1025.1,26.127289,44.444925
2022-09-05 10:00:00,2022-09-05 11:00:00,13.65,7.0544292,28.77,24.3,44.0,3.6,1024.8,26.127289,44.444925
2022-09-05 11:00:00,2022-09-05 12:00:00,14.48,7.4833798400000004,27.46,24.4,45.0,3.6,1024.5,26.127289,44.444925
2022-09-05 12:00:00,2022-09-05 13:00:00,13.8,7.131950400000001,24.6,22.8,46.0,0.0,1024.0,26.127289,44.444925
2022-09-05 13:00:00,2022-09-05 14:00:00,15.22,7.865817760000001,25.52,24.6,43.0,3.6,1023.4,26.127289,44.444925
2022-09-05 14:00:00,2022-09-05 15:00:00,14.3,7.390354400000001,27.67,23.5,49.0,0.0,1023.3,26.127289,44.444925
2022-09-05 15:00:00,2022-09-05 16:00:00,14.05,7.261152400000001,35.26,22.1,58.0,0.0,1023.2,26.127289,44.444925
2022-09-05 16:00:00,2022-09-05 17:00:00,16.83,8.697878639999999,50.26,20.9,60.0,0.0,1023.2,26.127289,44.444925
2022-09-05 17:00:00,2022-09-05 18:00:00,19.07,9.855528560000002,53.27,20.1,60.0,0.0,1023.1,26.127289,44.444925
2022-09-05 18:00:00,2022-09-05 19:00:00,18.99,9.81418392,55.58,19.1,63.0,0.0,1023.7,26.127289,44.444925
2022-09-05 19:00:00,2022-09-05 20:00:00,19.87,10.268974960000001,61.53,18.4,74.0,0.0,1024.2,26.127289,44.444925
2022-09-05 20:00:00,2022-09-05 21:00:00,20.02,10.346496160000001,43.39,17.4,80.0,0.0,1023.8,26.127289,44.444925
2022-09-05 21:00:00,2022-09-05 22:00:00,21.22,10.96666576,41.19,18.1,69.0,0.0,1023.8,26.127289,44.444925
2022-09-05 23:00:00,2022-09-06 00:00:00,18.92,9.778007360000002,32.67,16.9,72.0,0.0,1023.6,26.127289,44.444925
2022-09-06 00:00:00,2022-09-06 01:00:00,21.03,10.868472240000001,26.78,17.2,74.0,3.6,1023.6,26.127289,44.444925
2022-09-06 01:00:00,2022-09-06 02:00:00,19.38,10.01573904,22.04,17.3,74.0,3.6,1023.4,26.127289,44.444925
2022-09-06 02:00:00,2022-09-06 03:00:00,16.98,8.77539984,16.45,17.0,75.0,3.6,1023.4,26.127289,44.444925
2022-09-06 03:00:00,2022-09-06 04:00:00,16.14,8.341281120000001,16.82,15.2,94.0,3.6,1023.1,26.127289,44.444925
2022-09-06 04:00:00,2022-09-06 05:00:00,15.2,7.8554816,20.2,15.1,94.0,0.0,1023.2,26.127289,44.444925
2022-09-06 05:00:00,2022-09-06 06:00:00,16.56,8.55834048,31.62,15.2,89.0,3.6,1023.7,26.127289,44.444925
2022-09-06 06:00:00,2022-09-06 07:00:00,18.66,9.64363728,39.83,15.3,94.0,0.0,1023.7,26.127289,44.444925
2022-09-06 07:00:00,2022-09-06 08:00:00,21.4,11.0596912,50.7,15.8,95.0,0.0,1023.6,26.127289,44.444925
2022-09-06 08:00:00,2022-09-06 09:00:00,24.42,12.620451360000002,53.99,19.0,71.0,3.6,1023.7,26.127289,44.444925
2022-09-06 09:00:00,2022-09-06 10:00:00,24.03,12.418896240000002,43.95,20.5,58.0,3.6,1023.7,26.127289,44.444925
2022-09-06 10:00:00,2022-09-06 11:00:00,23.44,12.113979520000001,36.97,22.7,50.0,0.0,1023.0,26.127289,44.444925
2022-09-06 11:00:00,2022-09-06 12:00:00,23.9,12.3517112,36.05,23.7,38.0,0.0,1022.5,26.127289,44.444925
2022-09-06 12:00:00,2022-09-06 13:00:00,37.38,19.318283040000004,28.12,24.2,40.0,3.6,1022.1,26.127289,44.444925
2022-09-06 13:00:00,2022-09-06 14:00:00,25.75,13.307806000000001,40.32,25.8,42.0,3.6,1021.4,26.127289,44.444925
2022-09-06 14:00:00,2022-09-06 15:00:00,22.41,11.581667280000001,45.66,24.0,50.0,3.6,1021.0,26.127289,44.444925
2022-09-06 15:00:00,2022-09-06 16:00:00,23.89,12.346543120000002,44.83,24.7,44.0,0.0,1020.5,26.127289,44.444925
2022-09-06 16:00:00,2022-09-06 17:00:00,22.27,11.50931416,54.07,22.9,48.0,0.0,1020.3,26.127289,44.444925
2022-09-06 17:00:00,2022-09-06 18:00:00,21.89,11.312927120000001,33.71,20.4,59.0,0.0,1020.1,26.127289,44.444925
2022-09-06 18:00:00,2022-09-06 19:00:00,24.94,12.889191520000002,34.11,17.6,67.0,0.0,1020.6,26.127289,44.444925
2022-09-06 19:00:00,2022-09-06 20:00:00,31.86,16.465502880000003,60.02,16.4,72.0,0.0,1021.1,26.127289,44.444925
2022-09-06 20:00:00,2022-09-06 21:00:00,43.06,22.253752480000003,88.72,16.0,76.0,0.0,1021.1,26.127289,44.444925
2022-09-06 21:00:00,2022-09-06 22:00:00,38.16,19.72139328,76.69,15.8,78.0,0.0,1021.1,26.127289,44.444925
2022-09-06 22:00:00,2022-09-06 23:00:00,27.04,13.97448832,58.42,15.1,79.0,0.0,1021.2,26.127289,44.444925
2022-09-07 00:00:00,2022-09-07 01:00:00,20.46,10.573891680000001,30.55,13.5,85.0,0.0,1021.0,26.127289,44.444925
2022-09-07 01:00:00,2022-09-07 02:00:00,16.06,8.29993648,20.44,13.0,89.0,0.0,1021.0,26.127289,44.444925
2022-09-07 02:00:00,2022-09-07 03:00:00,15.38,7.948507040000001,19.25,13.1,89.0,0.0,1021.1,26.127289,44.444925
2022-09-07 03:00:00,2022-09-07 04:00:00,19.55,10.1035964,26.29,12.6,95.0,0.0,1020.9,26.127289,44.444925
2022-09-07 04:00:00,2022-09-07 05:00:00,20.32,10.50153856,29.49,12.3,96.0,0.0,1020.9,26.127289,44.444925
2022-09-07 05:00:00,2022-09-07 06:00:00,21.71,11.219901680000001,42.31,12.8,96.0,3.6,1021.3,26.127289,44.444925
2022-09-07 06:00:00,2022-09-07 07:00:00,23.94,12.372383520000001,47.12,15.3,80.0,3.6,1021.5,26.127289,44.444925
2022-09-07 07:00:00,2022-09-07 08:00:00,27.31,14.11402648,43.35,18.2,63.0,3.6,1021.2,26.127289,44.444925
2022-09-07 08:00:00,2022-09-07 09:00:00,27.49,14.20705192,43.62,20.8,55.0,3.6,1021.5,26.127289,44.444925
2022-09-07 09:00:00,2022-09-07 10:00:00,24.12,12.465408960000001,47.14,22.6,51.0,7.2,1021.0,26.127289,44.444925
2022-09-07 10:00:00,2022-09-07 11:00:00,26.16,13.51969728,37.66,24.7,46.0,0.0,1020.6,26.127289,44.444925
2022-09-07 11:00:00,2022-09-07 12:00:00,24.17,12.491249360000001,33.14,25.6,42.0,3.6,1020.1,26.127289,44.444925
2022-09-07 18:00:00,2022-09-07 19:00:00,33.93,17.535295440000002,65.17,20.4,58.0,0.0,1018.5,26.127289,44.444925
2022-09-07 19:00:00,2022-09-07 20:00:00,47.75,24.677582,73.32,20.0,63.0,0.0,1018.7,26.127289,44.444925
2022-09-07 20:00:00,2022-09-07 21:00:00,44.32,22.90493056,71.23,18.3,74.0,3.6,1018.7,26.127289,44.444925
2022-09-07 21:00:00,2022-09-07 22:00:00,38.58,19.93845264,56.58,17.3,82.0,0.0,1018.9,26.127289,44.444925
2022-09-07 22:00:00,2022-09-07 23:00:00,35.39,18.289835120000003,46.01,17.2,83.0,0.0,1018.9,26.127289,44.444925
2022-09-07 23:00:00,2022-09-08 00:00:00,32.43,16.760083440000002,37.91,16.1,88.0,0.0,1018.9,26.127289,44.444925
2022-09-08 01:00:00,2022-09-08 02:00:00,27.38,14.150203040000001,41.17,14.5,89.0,0.0,1018.4,26.127289,44.444925
2022-09-08 02:00:00,2022-09-08 03:00:00,28.26,14.604994080000003,35.29,14.3,90.0,0.0,1018.2,26.127289,44.444925
2022-09-08 03:00:00,2022-09-08 04:00:00,30.29,15.654114320000001,35.79,14.1,95.0,0.0,1018.1,26.127289,44.444925
2022-09-08 04:00:00,2022-09-08 05:00:00,30.79,15.91251832,33.02,13.7,99.0,0.0,1018.0,26.127289,44.444925
2022-09-08 05:00:00,2022-09-08 06:00:00,33.7,17.416429600000004,35.63,14.2,99.0,0.0,1018.0,26.127289,44.444925
2022-09-08 06:00:00,2022-09-08 07:00:00,38.56,19.928116480000003,41.46,16.9,86.0,0.0,1018.2,26.127289,44.444925
2022-09-08 07:00:00,2022-09-08 08:00:00,41.59,21.494044720000005,53.77,20.3,64.0,3.6,1018.3,26.127289,44.444925
2022-09-08 08:00:00,2022-09-08 09:00:00,40.79,21.08059832,52.81,22.4,56.0,3.6,1018.5,26.127289,44.444925
2022-09-08 09:00:00,2022-09-08 10:00:00,31.24,16.14508192,38.24,25.5,47.0,3.6,1018.3,26.127289,44.444925
2022-09-08 10:00:00,2022-09-08 11:00:00,28.38,14.66701104,50.53,26.6,40.0,3.6,1017.8,26.127289,44.444925
2022-09-08 11:00:00,2022-09-08 12:00:00,25.86,13.364654880000002,42.0,28.2,35.0,3.6,1017.4,26.127289,44.444925
2022-09-08 12:00:00,2022-09-08 13:00:00,22.64,11.700533120000001,34.61,28.9,37.0,0.0,1016.7,26.127289,44.444925
2022-09-08 13:00:00,2022-09-08 14:00:00,20.27,10.47569816,27.98,29.8,32.0,3.6,1016.1,26.127289,44.444925
2022-09-08 14:00:00,2022-09-08 15:00:00,19.51,10.082924080000002,26.79,29.9,30.0,3.6,1016.1,26.127289,44.444925
2022-09-08 15:00:00,2022-09-08 16:00:00,18.43,9.52477144,26.85,29.2,31.0,3.6,1016.1,26.127289,44.444925
2022-09-08 16:00:00,2022-09-08 17:00:00,17.46,9.023467680000001,30.21,27.3,37.0,3.6,1015.9,26.127289,44.444925
2022-09-08 17:00:00,2022-09-08 18:00:00,18.69,9.659141520000002,35.14,23.2,47.0,0.0,1016.0,26.127289,44.444925
2022-09-08 18:00:00,2022-09-08 19:00:00,31.99,16.53268792,81.17,21.0,52.0,0.0,1016.2,26.127289,44.444925
2022-09-08 19:00:00,2022-09-08 20:00:00,41.29,21.339002320000002,94.86,19.5,62.0,0.0,1016.3,26.127289,44.444925
2022-09-08 20:00:00,2022-09-08 21:00:00,51.92,26.832671360000003,93.33,18.8,67.0,0.0,1016.6,26.127289,44.444925
2022-09-08 21:00:00,2022-09-08 22:00:00,55.81,28.843054480000003,92.93,19.2,65.0,0.0,1016.8,26.127289,44.444925
2022-09-08 22:00:00,2022-09-08 23:00:00,43.57,22.517324560000002,74.66,19.6,63.0,3.6,1016.7,26.127289,44.444925
2022-09-08 23:00:00,2022-09-09 00:00:00,30.47,15.747139760000001,44.44,18.3,69.0,0.0,1016.5,26.127289,44.444925
2022-09-09 00:00:00,2022-09-09 01:00:00,22.72,11.741877760000001,30.38,18.3,70.0,3.6,1016.3,26.127289,44.444925
2022-09-09 02:00:00,2022-09-09 03:00:00,19.71,10.186285680000001,30.58,15.2,87.0,0.0,1016.3,26.127289,44.444925
2022-09-09 03:00:00,2022-09-09 04:00:00,20.53,10.610068240000002,29.77,15.2,88.0,0.0,1016.4,26.127289,44.444925
2022-09-09 04:00:00,2022-09-09 05:00:00,21.89,11.312927120000001,29.56,14.7,90.0,0.0,1016.4,26.127289,44.444925
2022-09-09 05:00:00,2022-09-09 06:00:00,26.34,13.61272272,43.33,15.0,93.0,0.0,1016.2,26.127289,44.444925
2022-09-09 06:00:00,2022-09-09 07:00:00,30.25,15.633442,49.54,17.7,81.0,3.6,1016.2,26.127289,44.444925
2022-09-09 07:00:00,2022-09-09 08:00:00,30.34,15.679954720000001,55.81,21.7,57.0,0.0,1015.7,26.127289,44.444925
2022-09-09 08:00:00,2022-09-09 09:00:00,27.3,14.1088584,53.51,25.1,49.0,0.0,1015.8,26.127289,44.444925
2022-09-09 09:00:00,2022-09-09 10:00:00,27.8,14.367262400000001,41.47,26.1,44.0,3.6,1015.8,26.127289,44.444925
2022-09-09 10:00:00,2022-09-09 11:00:00,31.25,16.15025,43.01,27.7,41.0,3.6,1015.2,26.127289,44.444925
2022-09-09 11:00:00,2022-09-09 12:00:00,34.67,17.917733360000003,59.23,28.8,38.0,3.6,1015.1,26.127289,44.444925
2022-09-09 15:00:00,2022-09-09 16:00:00,35.38,18.284667040000002,65.0,28.1,45.0,3.6,1013.3,26.127289,44.444925
2022-09-09 16:00:00,2022-09-09 17:00:00,40.34,20.848034720000005,68.33,26.1,55.0,3.6,1013.6,26.127289,44.444925
2022-09-09 17:00:00,2022-09-09 18:00:00,40.29,20.82219432,59.78,24.9,57.0,3.6,1013.5,26.127289,44.444925
2022-09-09 18:00:00,2022-09-09 19:00:00,38.76,20.03147808,72.52,24.3,61.0,3.6,1013.9,26.127289,44.444925
2022-09-09 19:00:00,2022-09-09 20:00:00,43.28,22.367450240000004,68.45,23.1,66.0,3.6,1014.2,26.127289,44.444925
2022-09-09 20:00:00,2022-09-09 21:00:00,38.75,20.026310000000002,66.02,21.9,71.0,0.0,1014.2,26.127289,44.444925
2022-09-09 21:00:00,2022-09-09 22:00:00,39.59,20.460428720000003,49.7,21.7,71.0,3.6,1014.2,26.127289,44.444925
2022-09-09 22:00:00,2022-09-09 23:00:00,38.09,19.685216720000003,55.4,21.3,72.0,0.0,1014.2,26.127289,44.444925
2022-09-09 23:00:00,2022-09-10 00:00:00,37.64,19.45265312,56.29,20.7,75.0,0.0,1014.0,26.127289,44.444925
2022-09-10 00:00:00,2022-09-10 01:00:00,36.78,19.008198240000002,58.33,18.8,83.0,0.0,1013.6,26.127289,44.444925
2022-09-10 01:00:00,2022-09-10 02:00:00,20.0,10.336160000000001,47.32,18.0,84.0,0.0,1013.6,26.127289,44.444925
2022-09-10 02:00:00,2022-09-10 03:00:00,21.31,11.01317848,44.39,19.1,82.0,3.6,1013.5,26.127289,44.444925
2022-09-10 03:00:00,2022-09-10 04:00:00,15.06,7.783128480000001,31.94,18.6,86.0,3.6,1013.1,26.127289,44.444925
2022-09-10 04:00:00,2022-09-10 05:00:00,14.09,7.28182472,33.33,18.7,90.0,3.6,1013.3,26.127289,44.444925
2022-09-10 05:00:00,2022-09-10 06:00:00,15.46,7.989851680000001,32.7,19.2,90.0,3.6,1013.4,26.127289,44.444925
2022-09-10 06:00:00,2022-09-10 07:00:00,18.02,9.31288016,39.86,20.0,86.0,3.6,1013.2,26.127289,44.444925
2022-09-10 07:00:00,2022-09-10 08:00:00,19.1,9.871032800000002,33.54,22.7,72.0,3.6,1012.9,26.127289,44.444925
2022-09-10 08:00:00,2022-09-10 09:00:00,19.71,10.186285680000001,28.73,24.9,64.0,3.6,1013.1,26.127289,44.444925
2022-09-10 09:00:00,2022-09-10 10:00:00,21.73,11.230237840000001,27.92,27.1,52.0,3.6,1012.9,26.127289,44.444925
2022-09-10 10:00:00,2022-09-10 11:00:00,24.8,12.816838400000002,22.17,28.9,46.0,0.0,1012.3,26.127289,44.444925
2022-09-10 11:00:00,2022-09-10 12:00:00,28.15,14.5481452,26.9,27.9,53.0,2.5,1011.6,26.127289,44.444925
2022-09-10 12:00:00,2022-09-10 13:00:00,32.26,16.67222608,33.18,29.7,43.0,3.6,1011.0,26.127289,44.444925
2022-09-10 13:00:00,2022-09-10 14:00:00,35.43,18.310507440000002,20.92,29.2,48.0,3.6,1010.6,26.127289,44.444925
2022-09-10 14:00:00,2022-09-10 15:00:00,32.62,16.85827696,17.85,31.4,41.0,3.6,1009.7,26.127289,44.444925
2022-09-10 15:00:00,2022-09-10 16:00:00,31.9,16.4861752,16.94,30.7,43.0,3.6,1009.0,26.127289,44.444925
2022-09-10 17:00:00,2022-09-10 18:00:00,32.28,16.682562240000003,18.82,25.8,65.0,3.6,1009.8,26.127289,44.444925
2022-09-10 18:00:00,2022-09-10 19:00:00,31.5,16.279452000000003,22.49,22.9,79.0,3.6,1010.1,26.127289,44.444925
2022-09-10 19:00:00,2022-09-10 20:00:00,33.77,17.452606160000002,31.58,22.6,74.0,7.2,1010.6,26.127289,44.444925
2022-09-10 20:00:00,2022-09-10 21:00:00,23.43,12.10881144,30.26,22.0,80.0,7.2,1010.8,26.127289,44.444925
2022-09-10 21:00:00,2022-09-10 22:00:00,25.65,13.2561252,28.12,21.1,87.0,7.2,1011.1,26.127289,44.444925
2022-09-10 22:00:00,2022-09-10 23:00:00,23.98,12.39305584,24.97,20.2,92.0,3.6,1011.3,26.127289,44.444925
2022-09-10 23:00:00,2022-09-11 00:00:00,23.05,11.9124244,23.13,20.5,91.0,7.2,1011.4,26.127289,44.444925
2022-09-11 00:00:00,2022-09-11 01:00:00,25.56,13.20961248,19.54,20.4,94.0,7.2,1011.2,26.127289,44.444925
2022-09-11 01:00:00,2022-09-11 02:00:00,32.88,16.99264704,19.21,19.9,95.0,3.6,1010.8,26.127289,44.444925
2022-09-11 02:00:00,2022-09-11 03:00:00,35.01,18.09344808,16.71,19.7,95.0,7.2,1010.8,26.127289,44.444925
2022-09-11 03:00:00,2022-09-11 04:00:00,32.55,16.8221004,16.03,18.6,96.0,3.6,1010.6,26.127289,44.444925
2022-09-11 04:00:00,2022-09-11 05:00:00,26.61,13.752260880000001,15.52,17.1,92.0,0.0,1010.8,26.127289,44.444925
2022-09-11 05:00:00,2022-09-11 06:00:00,20.65,10.6720852,17.8,16.8,92.0,3.6,1011.3,26.127289,44.444925
2022-09-11 06:00:00,2022-09-11 07:00:00,18.74,9.68498192,18.25,17.4,86.0,3.6,1011.5,26.127289,44.444925
2022-09-11 07:00:00,2022-09-11 08:00:00,19.09,9.865864720000001,20.41,20.2,73.0,3.6,1011.4,26.127289,44.444925
2022-09-11 08:00:00,2022-09-11 09:00:00,19.17,9.907209360000001,20.56,23.2,61.0,3.6,1011.3,26.127289,44.444925
2022-09-11 09:00:00,2022-09-11 10:00:00,16.66,8.610021280000002,19.81,25.4,51.0,3.6,1011.2,26.127289,44.444925
2022-09-11 10:00:00,2022-09-11 11:00:00,15.07,7.788296560000001,20.59,26.2,47.0,7.2,1010.7,26.127289,44.444925
2022-09-11 11:00:00,2022-09-11 12:00:00,11.12,5.74690496,13.0,26.6,45.0,7.2,1010.4,26.127289,44.444925
2022-09-11 12:00:00,2022-09-11 13:00:00,11.07,5.72106456,12.21,28.5,34.0,7.2,1009.8,26.127289,44.444925
2022-09-11 13:00:00,2022-09-11 14:00:00,9.69,5.00786952,12.39,27.3,36.0,7.2,1009.3,26.127289,44.444925
2022-09-11 14:00:00,2022-09-11 15:00:00,8.36,4.32051488,13.15,29.1,31.0,7.2,1009.0,26.127289,44.444925
2022-09-11 15:00:00,2022-09-11 16:00:00,6.7,3.4626136000000005,13.19,28.2,32.0,7.2,1008.6,26.127289,44.444925
2022-09-11 16:00:00,2022-09-11 17:00:00,7.35,3.7985388,15.28,26.1,34.0,3.6,1008.3,26.127289,44.444925
2022-09-11 18:00:00,2022-09-11 19:00:00,10.05,5.1939204000000005,33.13,20.1,61.0,3.6,1009.5,26.127289,44.444925
2022-09-11 19:00:00,2022-09-11 20:00:00,10.34,5.34379472,38.5,18.6,67.0,0.0,1009.9,26.127289,44.444925
2022-09-11 20:00:00,2022-09-11 21:00:00,9.58,4.95102064,41.56,19.7,63.0,0.0,1010.1,26.127289,44.444925
2022-09-11 21:00:00,2022-09-11 22:00:00,9.54,4.93034832,39.57,18.9,68.0,0.0,1010.1,26.127289,44.444925
2022-09-11 22:00:00,2022-09-11 23:00:00,10.15,5.2456012,44.68,17.7,74.0,0.0,1010.0,26.127289,44.444925
2022-09-11 23:00:00,2022-09-12 00:00:00,15.33,7.922666640000001,46.28,17.3,78.0,0.0,1010.0,26.127289,44.444925
2022-09-12 00:00:00,2022-09-12 01:00:00,13.75,7.106110000000001,33.92,16.4,81.0,0.0,1009.8,26.127289,44.444925
2022-09-12 01:00:00,2022-09-12 02:00:00,11.98,6.1913598400000005,35.24,16.9,79.0,3.6,1009.9,26.127289,44.444925
2022-09-12 02:00:00,2022-09-12 03:00:00,10.71,5.5350136800000005,38.52,15.6,86.0,0.0,1009.7,26.127289,44.444925
2022-09-12 03:00:00,2022-09-12 04:00:00,9.08,4.692616640000001,29.87,15.3,83.0,3.6,1009.6,26.127289,44.444925
2022-09-12 04:00:00,2022-09-12 05:00:00,9.86,5.09572688,34.27,14.0,90.0,3.6,1010.0,26.127289,44.444925
2022-09-12 05:00:00,2022-09-12 06:00:00,10.97,5.6693837600000005,39.39,14.2,90.0,3.6,1010.2,26.127289,44.444925
2022-09-12 06:00:00,2022-09-12 07:00:00,14.96,7.731447680000001,47.96,16.2,77.0,3.6,1010.4,26.127289,44.444925
2022-09-12 07:00:00,2022-09-12 08:00:00,18.67,9.648805360000003,49.56,18.9,64.0,3.6,1010.5,26.127289,44.444925
2022-09-12 08:00:00,2022-09-12 09:00:00,26.32,13.602386560000001,52.69,21.4,51.0,3.6,1010.4,26.127289,44.444925
2022-09-12 09:00:00,2022-09-12 10:00:00,16.69,8.625525520000002,34.54,23.5,46.0,3.6,1010.1,26.127289,44.444925
2022-09-12 10:00:00,2022-09-12 11:00:00,12.65,6.537621200000001,31.1,24.8,43.0,3.6,1009.6,26.127289,44.444925
2022-09-12 11:00:00,2022-09-12 12:00:00,10.84,5.6021987200000005,24.75,26.1,36.0,3.6,1009.1,26.127289,44.444925
2022-09-12 12:00:00,2022-09-12 13:00:00,10.86,5.61253488,22.33,25.9,34.0,3.6,1008.8,26.127289,44.444925
2022-09-12 13:00:00,2022-09-12 14:00:00,10.32,5.33345856,26.2,25.4,34.0,3.6,1008.5,26.127289,44.444925
2022-09-12 14:00:00,2022-09-12 15:00:00,10.04,5.18875232,32.28,22.0,53.0,7.2,1009.3,26.127289,44.444925
2022-09-12 15:00:00,2022-09-12 16:00:00,14.83,7.6642626400000005,35.63,22.5,51.0,3.6,1009.4,26.127289,44.444925
2022-09-12 16:00:00,2022-09-12 17:00:00,8.89,4.594423120000001,35.97,22.1,51.0,3.6,1009.4,26.127289,44.444925
2022-09-12 17:00:00,2022-09-12 18:00:00,8.37,4.32568296,38.5,19.2,58.0,3.6,1009.7,26.127289,44.444925
2022-09-12 19:00:00,2022-09-12 20:00:00,13.23,6.837369840000001,56.73,18.4,44.0,3.6,1011.1,26.127289,44.444925
2022-09-12 20:00:00,2022-09-12 21:00:00,12.67,6.547957360000001,42.27,18.1,48.0,3.6,1011.5,26.127289,44.444925
2022-09-12 21:00:00,2022-09-12 22:00:00,13.14,6.790857120000001,42.45,17.0,53.0,3.6,1012.1,26.127289,44.444925
2022-09-12 22:00:00,2022-09-12 23:00:00,14.22,7.349009760000001,35.12,15.4,72.0,3.6,1012.5,26.127289,44.444925
2022-09-12 23:00:00,2022-09-13 00:00:00,14.33,7.405858640000001,24.44,14.4,75.0,3.6,1012.8,26.127289,44.444925
2022-09-13 00:00:00,2022-09-13 01:00:00,11.45,5.917451600000001,18.72,13.2,81.0,0.0,1012.6,26.127289,44.444925
2022-09-13 01:00:00,2022-09-13 02:00:00,10.8,5.5815264,16.01,12.0,87.0,0.0,1012.5,26.127289,44.444925
2022-09-13 02:00:00,2022-09-13 03:00:00,10.56,5.457492480000001,21.61,11.1,91.0,0.0,1012.6,26.127289,44.444925
2022-09-13 03:00:00,2022-09-13 04:00:00,11.37,5.87610696,23.66,10.8,94.0,0.0,1012.5,26.127289,44.444925
2022-09-13 04:00:00,2022-09-13 05:00:00,13.05,6.744344400000001,31.81,11.5,91.0,0.0,1012.5,26.127289,44.444925
2022-09-13 05:00:00,2022-09-13 06:00:00,16.05,8.2947684,36.66,11.6,89.0,0.0,1012.4,26.127289,44.444925
2022-09-13 06:00:00,2022-09-13 07:00:00,19.35,10.000234800000001,52.6,13.8,77.0,3.6,1012.6,26.127289,44.444925
2022-09-13 07:00:00,2022-09-13 08:00:00,20.46,10.573891680000001,55.22,16.8,65.0,0.0,1012.6,26.127289,44.444925
2022-09-13 08:00:00,2022-09-13 09:00:00,19.63,10.14494104,48.77,18.7,61.0,3.6,1012.7,26.127289,44.444925
2022-09-13 09:00:00,2022-09-13 10:00:00,22.4,11.5764992,38.25,21.5,52.0,7.2,1012.3,26.127289,44.444925
2022-09-13 10:00:00,2022-09-13 11:00:00,17.74,9.16817392,24.48,22.8,38.0,7.2,1011.8,26.127289,44.444925
2022-09-13 11:00:00,2022-09-13 12:00:00,14.63,7.560901040000001,21.57,24.4,35.0,3.6,1011.3,26.127289,44.444925
2022-09-13 12:00:00,2022-09-13 13:00:00,13.23,6.837369840000001,20.6,23.1,34.0,14.0,1011.2,26.127289,44.444925
2022-09-13 13:00:00,2022-09-13 14:00:00,13.69,7.0751015200000005,25.93,24.3,32.0,3.6,1010.7,26.127289,44.444925
2022-09-13 14:00:00,2022-09-13 15:00:00,14.22,7.349009760000001,46.51,24.0,33.0,3.6,1010.6,26.127289,44.444925
2022-09-13 15:00:00,2022-09-13 16:00:00,12.86,6.64615088,41.21,22.3,39.0,7.2,1011.0,26.127289,44.444925
2022-09-13 16:00:00,2022-09-13 17:00:00,17.49,9.03897192,69.1,21.4,43.0,3.6,1011.3,26.127289,44.444925
2022-09-13 17:00:00,2022-09-13 18:00:00,17.36,8.97178688,76.44,20.2,44.0,3.6,1011.9,26.127289,44.444925
2022-09-13 18:00:00,2022-09-13 19:00:00,17.76,9.178510080000002,62.75,18.7,51.0,3.6,1012.6,26.127289,44.444925
2022-09-13 20:00:00,2022-09-13 21:00:00,14.88,7.690103040000001,57.41,18.3,49.0,3.6,1013.5,26.127289,44.444925
2022-09-13 21:00:00,2022-09-13 22:00:00,12.44,6.42909152,48.22,17.7,51.0,3.6,1013.6,26.127289,44.444925
2022-09-13 22:00:00,2022-09-13 23:00:00,9.91,5.121567280000001,34.98,15.5,57.0,3.6,1013.8,26.127289,44.444925
2022-09-13 23:00:00,2022-09-14 00:00:00,8.38,4.330851040000001,30.56,13.6,65.0,3.6,1013.9,26.127289,44.444925
2022-09-14 00:00:00,2022-09-14 01:00:00,9.26,4.785642080000001,28.11,13.0,70.0,0.0,1013.9,26.127289,44.444925
2022-09-14 01:00:00,2022-09-14 02:00:00,8.15,4.211985200000001,25.22,12.3,76.0,3.6,1014.0,26.127289,44.444925
2022-09-14 02:00:00,2022-09-14 03:00:00,8.03,4.14996824,20.52,11.5,81.0,0.0,1013.8,26.127289,44.444925
2022-09-14 03:00:00,2022-09-14 04:00:00,8.16,4.217153280000001,22.59,10.8,87.0,0.0,1013.8,26.127289,44.444925
2022-09-14 04:00:00,2022-09-14 05:00:00,10.45,5.4006436,33.0,10.6,91.0,0.0,1013.9,26.127289,44.444925
2022-09-14 05:00:00,2022-09-14 06:00:00,13.73,7.0957738400000006,43.89,10.8,91.0,0.0,1014.2,26.127289,44.444925
2022-09-14 06:00:00,2022-09-14 07:00:00,16.84,8.703046720000001,51.22,13.7,75.0,0.0,1014.1,26.127289,44.444925
2022-09-14 07:00:00,2022-09-14 08:00:00,21.85,11.292254800000002,55.15,17.8,58.0,0.0,1014.4,26.127289,44.444925
2022-09-14 08:00:00,2022-09-14 09:00:00,26.31,13.59721848,62.14,20.5,50.0,3.6,1014.2,26.127289,44.444925
2022-09-14 09:00:00,2022-09-14 10:00:00,32.98,17.04432784,64.29,21.5,47.0,6.8,1014.3,26.127289,44.444925
2022-09-14 10:00:00,2022-09-14 11:00:00,29.32,15.15281056,48.83,23.9,41.0,7.2,1013.5,26.127289,44.444925
2022-09-14 11:00:00,2022-09-14 12:00:00,26.4,13.643731200000001,33.03,25.7,34.0,7.2,1013.0,26.127289,44.444925
2022-09-14 12:00:00,2022-09-14 13:00:00,18.74,9.68498192,23.45,26.6,31.0,7.2,1012.2,26.127289,44.444925
2022-09-14 13:00:00,2022-09-14 14:00:00,15.67,8.098381360000001,21.74,27.3,29.0,7.2,1011.9,26.127289,44.444925
2022-09-14 14:00:00,2022-09-14 15:00:00,15.99,8.26375992,26.61,27.8,26.0,7.2,1011.7,26.127289,44.444925
2022-09-14 15:00:00,2022-09-14 16:00:00,15.57,8.046700560000001,24.85,27.4,26.0,3.6,1011.7,26.127289,44.444925
2022-09-14 16:00:00,2022-09-14 17:00:00,24.53,12.677300240000001,32.85,25.8,29.0,7.2,1011.0,26.127289,44.444925
2022-09-14 17:00:00,2022-09-14 18:00:00,13.75,7.106110000000001,42.39,22.3,37.0,3.6,1010.8,26.127289,44.444925
2022-09-14 18:00:00,2022-09-14 19:00:00,24.55,12.6876364,65.64,20.2,44.0,3.6,1011.0,26.127289,44.444925
2022-09-14 19:00:00,2022-09-14 20:00:00,28.73,14.847893840000001,72.52,18.6,52.0,3.6,1010.8,26.127289,44.444925
2022-09-14 21:00:00,2022-09-14 22:00:00,28.08,14.511968640000001,76.91,17.5,61.0,3.6,1011.0,26.127289,44.444925
2022-09-14 22:00:00,2022-09-14 23:00:00,27.62,14.274236960000001,73.67,16.8,64.0,3.6,1010.7,26.127289,44.444925
2022-09-14 23:00:00,2022-09-15 00:00:00,31.56,16.31046048,75.18,15.7,68.0,0.0,1010.4,26.127289,44.444925
2022-09-15 00:00:00,2022-09-15 01:00:00,30.01,15.509408080000002,58.87,15.9,69.0,3.6,1010.0,26.127289,44.444925
2022-09-15 01:00:00,2022-09-15 02:00:00,25.92,13.395663360000002,35.41,15.6,71.0,0.0,1009.7,26.127289,44.444925
2022-09-15 02:00:00,2022-09-15 03:00:00,24.67,12.749653360000002,34.55,15.7,71.0,3.6,1009.5,26.127289,44.444925
2022-09-15 03:00:00,2022-09-15 04:00:00,23.97,12.38788776,38.94,15.7,72.0,0.0,1009.0,26.127289,44.444925
2022-09-15 04:00:00,2022-09-15 05:00:00,19.61,10.134604880000001,37.92,15.5,75.0,3.6,1009.2,26.127289,44.444925
2022-09-15 05:00:00,2022-09-15 06:00:00,22.0,11.369776000000002,63.58,15.6,75.0,3.6,1009.0,26.127289,44.444925
2022-09-15 06:00:00,2022-09-15 07:00:00,27.05,13.979656400000001,72.82,18.3,65.0,7.2,1009.1,26.127289,44.444925
2022-09-15 07:00:00,2022-09-15 08:00:00,32.84,16.971974720000002,63.47,21.0,56.0,7.2,1008.8,26.127289,44.444925
2022-09-15 08:00:00,2022-09-15 09:00:00,30.42,15.721299360000001,41.96,25.2,47.0,7.2,1008.7,26.127289,44.444925
2022-09-15 09:00:00,2022-09-15 10:00:00,34.62,17.89189296,38.87,27.6,40.0,7.2,1008.8,26.127289,44.444925
2022-09-15 10:00:00,2022-09-15 11:00:00,31.28,16.165754240000002,28.83,30.5,32.0,10.8,1008.1,26.127289,44.444925
2022-09-15 11:00:00,2022-09-15 12:00:00,33.06,17.085672480000003,25.57,32.2,28.0,10.8,1007.6,26.127289,44.444925
2022-09-15 12:00:00,2022-09-15 13:00:00,33.95,17.545631600000004,23.25,33.2,26.0,10.8,1006.9,26.127289,44.444925
2022-09-15 13:00:00,2022-09-15 14:00:00,36.46,18.84281968,22.79,32.9,28.0,14.4,1006.6,26.127289,44.444925
2022-09-15 14:00:00,2022-09-15 15:00:00,40.28,20.817026240000004,22.47,33.4,27.0,10.8,1006.5,26.127289,44.444925
2022-09-15 15:00:00,2022-09-15 16:00:00,37.26,19.25626608,23.25,32.5,29.0,7.2,1006.7,26.127289,44.444925
2022-09-15 16:00:00,2022-09-15 17:00:00,34.16,17.65416128,26.4,30.6,33.0,7.2,1006.7,26.127289,44.444925
2022-09-15 17:00:00,2022-09-15 18:00:00,33.59,17.359580720000004,32.74,29.0,36.0,3.6,1006.6,26.127289,44.444925
2022-09-15 18:00:00,2022-09-15 19:00:00,33.94,17.54046352,47.25,28.2,39.0,3.6,1006.5,26.127289,44.444925
2022-09-15 19:00:00,2022-09-15 20:00:00,41.45,21.421691600000003,57.1,26.9,44.0,3.6,1006.7,26.127289,44.444925
2022-09-15 20:00:00,2022-09-15 21:00:00,27.95,14.444783600000001,52.0,26.8,43.0,3.6,1006.4,26.127289,44.444925
2022-09-15 22:00:00,2022-09-15 23:00:00,26.42,13.654067360000003,35.76,23.5,54.0,3.6,1006.3,26.127289,44.444925
2022-09-15 23:00:00,2022-09-16 00:00:00,26.79,13.845286320000001,42.32,23.6,53.0,3.6,1006.1,26.127289,44.444925
2022-09-16 00:00:00,2022-09-16 01:00:00,24.57,12.697972560000002,46.29,20.8,63.0,3.6,1005.6,26.127289,44.444925
2022-09-16 01:00:00,2022-09-16 02:00:00,29.68,15.33886144,21.11,19.8,66.0,3.6,1005.5,26.127289,44.444925
2022-09-16 02:00:00,2022-09-16 03:00:00,33.52,17.323404160000003,22.53,19.0,70.0,3.6,1005.4,26.127289,44.444925
2022-09-16 03:00:00,2022-09-16 04:00:00,32.64,16.868613120000003,20.67,21.0,62.0,7.2,1005.5,26.127289,44.444925
2022-09-16 04:00:00,2022-09-16 05:00:00,30.57,15.798820560000001,19.42,21.4,58.0,7.2,1005.4,26.127289,44.444925
2022-09-16 05:00:00,2022-09-16 06:00:00,28.94,14.956423520000001,30.61,21.1,60.0,7.2,1005.5,26.127289,44.444925
2022-09-16 06:00:00,2022-09-16 07:00:00,28.86,14.915078880000001,36.98,22.7,56.0,10.8,1006.1,26.127289,44.444925
2022-09-16 07:00:00,2022-09-16 08:00:00,29.77,15.385374160000001,27.94,25.0,52.0,7.2,1006.1,26.127289,44.444925
2022-09-16 08:00:00,2022-09-16 09:00:00,26.81,13.855622480000001,25.73,26.6,47.0,7.2,1006.4,26.127289,44.444925
2022-09-16 09:00:00,2022-09-16 10:00:00,25.64,13.25095712,22.52,27.9,43.0,22.7,1006.6,26.127289,44.444925
2022-09-16 10:00:00,2022-09-16 11:00:00,18.54,9.58162032,21.34,30.7,34.0,3.6,1006.2,26.127289,44.444925
2022-09-16 11:00:00,2022-09-16 12:00:00,14.12,7.297328960000001,23.04,30.2,33.0,7.2,1006.6,26.127289,44.444925
2022-09-16 12:00:00,2022-09-16 13:00:00,12.83,6.630646640000001,23.58,29.9,33.0,7.2,1006.2,26.127289,44.444925
2022-09-16 13:00:00,2022-09-16 14:00:00,13.78,7.12161424,26.46,29.8,33.0,10.8,1005.8,26.127289,44.444925
2022-09-16 14:00:00,2022-09-16 15:00:00,15.66,8.09321328,24.03,29.0,36.0,10.8,1005.5,26.127289,44.444925
2022-09-16 15:00:00,2022-09-16 16:00:00,18.24,9.42657792,31.2,28.5,38.0,7.2,1005.5,26.127289,44.444925
2022-09-16 16:00:00,2022-09-16 17:00:00,18.21,9.411073680000001,36.44,27.6,41.0,7.2,1005.5,26.127289,44.444925
2022-09-16 17:00:00,2022-09-16 18:00:00,22.62,11.690196960000002,40.28,26.2,45.0,7.2,1005.1,26.127289,44.444925
2022-09-16 18:00:00,2022-09-16 19:00:00,26.23,13.555873840000002,39.42,25.0,51.0,3.6,1005.5,26.127289,44.444925
2022-09-16 19:00:00,2022-09-16 20:00:00,29.2,15.090793600000001,39.06,24.5,53.0,7.2,1005.3,26.127289,44.444925
2022-09-16 20:00:00,2022-09-16 21:00:00,30.15,15.5817612,37.0,23.3,59.0,3.6,1005.9,26.127289,44.444925
2022-09-16 21:00:00,2022-09-16 22:00:00,35.06,18.11928848,32.15,22.7,61.0,3.6,1006.0,26.127289,44.444925
2022-09-16 23:00:00,2022-09-17 00:00:00,22.96,11.865911680000002,44.74,19.2,74.0,3.6,1005.6,26.127289,44.444925
2022-09-17 00:00:00,2022-09-17 01:00:00,20.63,10.66174904,37.89,19.5,74.0,3.6,1005.1,26.127289,44.444925
2022-09-17 01:00:00,2022-09-17 02:00:00,18.73,9.679813840000001,29.52,18.5,78.0,3.6,1005.1,26.127289,44.444925
2022-09-17 02:00:00,2022-09-17 03:00:00,13.73,7.0957738400000006,29.15,16.5,87.0,3.6,1005.1,26.127289,44.444925
2022-09-17 03:00:00,2022-09-17 04:00:00,10.68,5.51950944,24.69,16.6,85.0,3.6,1004.6,26.127289,44.444925
2022-09-17 04:00:00,2022-09-17 05:00:00,9.17,4.739129360000001,24.84,16.2,87.0,0.0,1004.0,26.127289,44.444925
2022-09-17 05:00:00,2022-09-17 06:00:00,9.76,5.04404608,29.73,16.0,87.0,0.0,1003.5,26.127289,44.444925
2022-09-17 06:00:00,2022-09-17 07:00:00,13.9,7.183631200000001,41.88,19.2,74.0,0.0,1003.3,26.127289,44.444925
2022-09-17 07:00:00,2022-09-17 08:00:00,22.38,11.566163040000001,67.02,22.2,63.0,0.0,1003.4,26.127289,44.444925
2022-09-17 08:00:00,2022-09-17 09:00:00,21.48,11.101035840000002,59.47,23.0,64.0,0.0,1003.0,26.127289,44.444925
2022-09-17 09:00:00,2022-09-17 10:00:00,21.13,10.92015304,48.68,24.0,59.0,3.6,1002.6,26.127289,44.444925
2022-09-17 10:00:00,2022-09-17 11:00:00,31.75,16.408654000000002,52.76,25.5,52.0,3.6,1003.0,26.127289,44.444925
2022-09-17 11:00:00,2022-09-17 12:00:00,29.41,15.199323280000002,38.07,25.0,58.0,3.6,1002.7,26.127289,44.444925
2022-09-17 12:00:00,2022-09-17 13:00:00,24.36,12.58944288,22.52,24.7,58.0,3.6,1002.8,26.127289,44.444925
2022-09-17 13:00:00,2022-09-17 14:00:00,22.56,11.659188480000001,16.91,24.7,56.0,3.6,1003.2,26.127289,44.444925
2022-09-17 14:00:00,2022-09-17 15:00:00,22.07,11.405952560000001,19.82,24.2,59.0,3.6,1002.2,26.127289,44.444925
2022-09-17 15:00:00,2022-09-17 16:00:00,20.03,10.351664240000002,21.28,24.2,59.0,3.6,1001.5,26.127289,44.444925
2022-09-17 16:00:00,2022-09-17 17:00:00,17.27,8.92527416,14.48,23.2,62.0,3.6,1001.6,26.127289,44.444925
2022-09-17 17:00:00,2022-09-17 18:00:00,17.1,8.837416800000002,19.1,21.7,68.0,3.6,1000.9,26.127289,44.444925
2022-09-17 18:00:00,2022-09-17 19:00:00,19.72,10.19145376,31.07,20.2,75.0,3.6,1001.3,26.127289,44.444925
2022-09-17 19:00:00,2022-09-17 20:00:00,23.44,12.113979520000001,36.34,19.7,78.0,3.6,1000.7,26.127289,44.444925
2022-09-17 20:00:00,2022-09-17 21:00:00,37.2,19.225257600000003,45.7,20.2,76.0,3.6,1001.3,26.127289,44.444925
2022-09-17 21:00:00,2022-09-17 22:00:00,24.43,12.625619440000001,39.2,19.5,79.0,0.0,1000.1,26.127289,44.444925
2022-09-17 22:00:00,2022-09-17 23:00:00,25.35,13.101082800000002,42.65,18.2,87.0,0.0,999.7,26.127289,44.444925
2022-09-18 00:00:00,2022-09-18 01:00:00,15.16,7.834809280000001,41.32,16.7,97.0,0.0,998.8,26.127289,44.444925
2022-09-18 01:00:00,2022-09-18 02:00:00,15.71,8.11905368,39.84,17.1,95.0,0.0,998.7,26.127289,44.444925
2022-09-18 02:00:00,2022-09-18 03:00:00,11.35,5.8657708,30.83,18.2,86.0,7.2,999.0,26.127289,44.444925
2022-09-18 03:00:00,2022-09-18 04:00:00,10.38,5.364467040000001,14.55,17.7,74.0,10.8,1000.4,26.127289,44.444925
2022-09-18 04:00:00,2022-09-18 05:00:00,10.21,5.276609680000001,10.77,14.7,73.0,14.4,1001.4,26.127289,44.444925
2022-09-18 05:00:00,2022-09-18 06:00:00,8.99,4.646103920000001,9.59,13.7,71.0,14.4,1003.2,26.127289,44.444925
2022-09-18 06:00:00,2022-09-18 07:00:00,7.48,3.8657238400000007,9.33,13.7,64.0,14.4,1004.4,26.127289,44.444925
2022-09-18 07:00:00,2022-09-18 08:00:00,9.59,4.95618872,10.0,14.0,61.0,14.4,1004.7,26.127289,44.444925
2022-09-18 08:00:00,2022-09-18 09:00:00,13.5,6.976908000000001,8.45,16.5,51.0,18.0,1005.1,26.127289,44.444925
2022-09-18 09:00:00,2022-09-18 10:00:00,16.22,8.38262576,8.55,18.2,46.0,14.4,1005.4,26.127289,44.444925
2022-09-18 10:00:00,2022-09-18 11:00:00,12.35,6.3825788,8.68,19.7,40.0,18.0,1005.7,26.127289,44.444925
2022-09-18 11:00:00,2022-09-18 12:00:00,12.15,6.279217200000001,9.4,21.7,34.0,14.4,1006.4,26.127289,44.444925
2022-09-18 12:00:00,2022-09-18 13:00:00,9.86,5.09572688,9.72,21.7,34.0,14.4,1006.9,26.127289,44.444925
2022-09-18 13:00:00,2022-09-18 14:00:00,7.81,4.03627048,9.7,22.5,34.0,10.8,1007.3,26.127289,44.444925
2022-09-18 14:00:00,2022-09-18 15:00:00,7.91,4.08795128,9.77,21.2,33.0,10.8,1007.8,26.127289,44.444925
2022-09-18 15:00:00,2022-09-18 16:00:00,7.72,3.9897577600000003,9.7,20.5,34.0,14.4,1008.5,26.127289,44.444925
2022-09-18 16:00:00,2022-09-18 17:00:00,9.15,4.728793200000001,11.11,18.7,36.0,10.8,1009.4,26.127289,44.444925
2022-09-18 17:00:00,2022-09-18 18:00:00,9.91,5.121567280000001,12.09,17.5,35.0,7.2,1010.3,26.127289,44.444925
2022-09-18 18:00:00,2022-09-18 19:00:00,8.73,4.511733840000001,14.87,16.3,40.0,7.2,1011.4,26.127289,44.444925
2022-09-18 19:00:00,2022-09-18 20:00:00,7.28,3.7623622400000003,15.93,15.5,41.0,7.2,1012.3,26.127289,44.444925
2022-09-18 20:00:00,2022-09-18 21:00:00,7.14,3.69000912,17.92,14.3,46.0,7.2,1013.0,26.127289,44.444925
2022-09-18 21:00:00,2022-09-18 22:00:00,6.67,3.4471093600000002,17.97,13.5,49.0,7.2,1013.4,26.127289,44.444925
2022-09-18 22:00:00,2022-09-18 23:00:00,5.55,2.8682844000000003,13.06,12.8,51.0,10.8,1013.7,26.127289,44.444925
2022-09-18 23:00:00,2022-09-19 00:00:00,3.82,1.97420656,13.07,11.6,56.0,7.2,1013.9,26.127289,44.444925
2022-09-19 01:00:00,2022-09-19 02:00:00,2.58,1.33336464,11.6,10.9,60.0,3.6,1013.9,26.127289,44.444925
2022-09-19 02:00:00,2022-09-19 03:00:00,2.34,1.20933072,13.02,9.5,67.0,7.2,1014.3,26.127289,44.444925
2022-09-19 03:00:00,2022-09-19 04:00:00,2.66,1.3747092800000003,11.3,9.4,69.0,7.2,1014.5,26.127289,44.444925
2022-09-19 04:00:00,2022-09-19 05:00:00,3.85,1.9897108000000001,17.15,9.9,67.0,3.6,1014.5,26.127289,44.444925
2022-09-19 05:00:00,2022-09-19 06:00:00,5.79,2.9923183200000003,24.87,9.5,70.0,3.6,1014.9,26.127289,44.444925
2022-09-19 06:00:00,2022-09-19 07:00:00,9.69,5.00786952,37.63,10.9,64.0,3.6,1015.0,26.127289,44.444925
2022-09-19 07:00:00,2022-09-19 08:00:00,11.08,5.72623264,38.47,13.1,56.0,7.2,1015.2,26.127289,44.444925
2022-09-19 08:00:00,2022-09-19 09:00:00,14.23,7.354177840000001,29.93,16.1,45.0,3.6,1015.3,26.127289,44.444925
2022-09-19 09:00:00,2022-09-19 10:00:00,16.27,8.40846616,31.2,18.8,39.0,7.2,1015.0,26.127289,44.444925
2022-09-19 10:00:00,2022-09-19 11:00:00,14.04,7.2559843200000005,22.74,20.4,34.0,7.2,1014.3,26.127289,44.444925
2022-09-19 11:00:00,2022-09-19 12:00:00,10.06,5.19908848,18.54,22.2,29.0,7.2,1013.7,26.127289,44.444925
2022-09-19 12:00:00,2022-09-19 13:00:00,7.72,3.9897577600000003,15.98,23.0,26.0,7.2,1012.9,26.127289,44.444925
2022-09-19 13:00:00,2022-09-19 14:00:00,8.57,4.42904456,20.53,21.3,30.0,14.0,1012.6,26.127289,44.444925
2022-09-19 14:00:00,2022-09-19 15:00:00,9.23,4.77013784,19.68,23.2,24.0,3.6,1012.2,26.127289,44.444925
2022-09-19 15:00:00,2022-09-19 16:00:00,10.21,5.276609680000001,24.75,22.7,25.0,3.6,1011.9,26.127289,44.444925
2022-09-19 16:00:00,2022-09-19 17:00:00,10.73,5.545349840000001,22.83,20.6,28.0,7.2,1012.1,26.127289,44.444925
2022-09-19 17:00:00,2022-09-19 18:00:00,10.1,5.2197608,34.13,15.8,42.0,0.0,1012.0,26.127289,44.444925
2022-09-19 18:00:00,2022-09-19 19:00:00,16.74,8.65136592,61.3,14.5,46.0,0.0,1012.1,26.127289,44.444925
2022-09-19 19:00:00,2022-09-19 20:00:00,37.32,19.28727456,88.15,13.4,50.0,0.0,1012.1,26.127289,44.444925
2022-09-19 20:00:00,2022-09-19 21:00:00,44.54,23.01862832,83.73,14.6,47.0,3.6,1011.6,26.127289,44.444925
2022-09-19 21:00:00,2022-09-19 22:00:00,37.88,19.576687040000003,77.84,16.2,44.0,3.6,1013.1,26.127289,44.444925
2022-09-19 22:00:00,2022-09-19 23:00:00,18.46,9.54027568,31.63,15.7,53.0,3.6,1013.5,26.127289,44.444925
2022-09-19 23:00:00,2022-09-20 00:00:00,7.87,4.06727896,11.6,14.2,65.0,10.8,1013.8,26.127289,44.444925
2022-09-20 00:00:00,2022-09-20 01:00:00,4.8,2.4806784,9.29,12.1,83.0,10.8,1014.3,26.127289,44.444925
2022-09-20 02:00:00,2022-09-20 03:00:00,7.75,4.005262,10.71,10.8,87.0,7.2,1014.1,26.127289,44.444925
2022-09-20 03:00:00,2022-09-20 04:00:00,8.11,4.19131288,9.84,10.0,89.0,7.2,1014.0,26.127289,44.444925
2022-09-20 04:00:00,2022-09-20 05:00:00,8.66,4.47555728,12.43,9.7,87.0,3.6,1014.3,26.127289,44.444925
2022-09-20 05:00:00,2022-09-20 06:00:00,10.18,5.261105440000001,21.42,9.2,87.0,3.6,1014.8,26.127289,44.444925
2022-09-20 06:00:00,2022-09-20 07:00:00,10.79,5.57635832,26.74,9.7,81.0,3.6,1015.2,26.127289,44.444925
2022-09-20 07:00:00,2022-09-20 08:00:00,12.47,6.444595760000001,29.11,12.3,67.0,7.2,1015.7,26.127289,44.444925
2022-09-20 08:00:00,2022-09-20 09:00:00,14.26,7.3696820800000005,29.76,14.3,53.0,3.6,1015.9,26.127289,44.444925
2022-09-20 09:00:00,2022-09-20 10:00:00,11.57,5.979468560000001,25.97,16.0,47.0,7.2,1015.8,26.127289,44.444925
2022-09-20 10:00:00,2022-09-20 11:00:00,7.3,3.7726984000000003,18.35,18.3,37.0,7.2,1015.3,26.127289,44.444925
2022-09-20 11:00:00,2022-09-20 12:00:00,6.08,3.14219264,18.97,18.0,34.0,7.2,1015.1,26.127289,44.444925
2022-09-20 12:00:00,2022-09-20 13:00:00,6.39,3.30240312,19.62,20.2,35.0,3.6,1014.5,26.127289,44.444925
2022-09-20 13:00:00,2022-09-20 14:00:00,6.42,3.3179073600000004,19.53,19.5,32.0,3.6,1014.2,26.127289,44.444925
2022-09-20 14:00:00,2022-09-20 15:00:00,5.36,2.7700908800000006,20.16,18.2,35.0,7.2,1014.3,26.127289,44.444925
2022-09-20 15:00:00,2022-09-20 16:00:00,7.08,3.6590006400000004,23.0,19.0,34.0,3.6,1014.3,26.127289,44.444925
2022-09-20 16:00:00,2022-09-20 17:00:00,7.88,4.07244704,22.59,17.5,38.0,3.6,1014.3,26.127289,44.444925
2022-09-20 17:00:00,2022-09-20 18:00:00,8.24,4.258497920000001,30.11,15.1,47.0,3.6,1014.8,26.127289,44.444925
2022-09-20 18:00:00,2022-09-20 19:00:00,12.75,6.589302000000001,54.47,13.1,58.0,3.6,1015.4,26.127289,44.444925
2022-09-20 19:00:00,2022-09-20 20:00:00,17.08,8.82708064,50.64,13.5,56.0,0.0,1015.8,26.127289,44.444925
2022-09-20 20:00:00,2022-09-20 21:00:00,13.57,7.013084560000001,59.95,14.5,49.0,3.6,1016.0,26.127289,44.444925
2022-09-20 21:00:00,2022-09-20 22:00:00,7.95,4.1086236000000005,44.8,13.0,53.0,3.6,1016.3,26.127289,44.444925
2022-09-20 22:00:00,2022-09-20 23:00:00,6.02,3.11118416,40.45,11.6,58.0,3.6,1016.6,26.127289,44.444925
2022-09-20 23:00:00,2022-09-21 00:00:00,6.37,3.2920669600000005,32.29,9.7,66.0,0.0,1016.8,26.127289,44.444925
2022-09-21 00:00:00,2022-09-21 01:00:00,5.6,2.8941248,26.1,8.6,72.0,0.0,1016.7,26.127289,44.444925
2022-09-21 01:00:00,2022-09-21 02:00:00,5.51,2.84761208,29.06,9.6,70.0,0.0,1016.8,26.127289,44.444925
2022-09-21 03:00:00,2022-09-21 04:00:00,7.6,3.9277408,30.8,10.2,73.0,0.0,1017.0,26.127289,44.444925
2022-09-21 04:00:00,2022-09-21 05:00:00,9.51,4.91484408,30.58,11.0,65.0,3.6,1017.1,26.127289,44.444925
2022-09-21 05:00:00,2022-09-21 06:00:00,11.87,6.13451096,41.81,11.0,66.0,0.0,1017.4,26.127289,44.444925
2022-09-21 06:00:00,2022-09-21 07:00:00,19.24,9.94338592,56.89,12.5,68.0,0.0,1017.5,26.127289,44.444925
2022-09-21 07:00:00,2022-09-21 08:00:00,17.8,9.199182400000002,58.51,13.7,61.0,0.0,1017.5,26.127289,44.444925
2022-09-21 08:00:00,2022-09-21 09:00:00,18.43,9.52477144,63.49,16.5,46.0,3.6,1017.6,26.127289,44.444925
2022-09-21 09:00:00,2022-09-21 10:00:00,14.06,7.266320480000001,57.85,18.2,38.0,3.6,1017.4,26.127289,44.444925
2022-09-21 10:00:00,2022-09-21 11:00:00,11.51,5.94846008,38.45,17.6,39.0,3.6,1017.0,26.127289,44.444925
2022-09-21 11:00:00,2022-09-21 12:00:00,11.0,5.684888000000001,35.47,17.5,37.0,0.0,1016.8,26.127289,44.444925
2022-09-21 12:00:00,2022-09-21 13:00:00,10.23,5.2869458400000005,36.95,18.5,34.0,3.6,1016.4,26.127289,44.444925
2022-09-21 13:00:00,2022-09-21 14:00:00,9.66,4.9923652800000005,30.96,21.2,30.0,3.6,1015.9,26.127289,44.444925
2022-09-21 14:00:00,2022-09-21 15:00:00,8.8,4.547910400000001,29.98,18.5,38.0,3.6,1015.8,26.127289,44.444925
2022-09-21 15:00:00,2022-09-21 16:00:00,9.84,5.08539072,41.69,17.7,39.0,3.6,1015.8,26.127289,44.444925
2022-09-21 16:00:00,2022-09-21 17:00:00,7.48,3.8657238400000007,30.15,17.0,39.0,0.0,1015.8,26.127289,44.444925
2022-09-21 17:00:00,2022-09-21 18:00:00,13.94,7.204303520000001,44.81,14.1,49.0,0.0,1016.4,26.127289,44.444925
2022-09-21 18:00:00,2022-09-21 19:00:00,12.15,6.279217200000001,51.75,13.7,54.0,3.6,1017.0,26.127289,44.444925
2022-09-21 19:00:00,2022-09-21 20:00:00,14.9,7.700439200000001,57.23,14.6,50.0,3.6,1017.4,26.127289,44.444925
2022-09-21 20:00:00,2022-09-21 21:00:00,13.72,7.090605760000001,50.37,14.7,49.0,0.0,1017.3,26.127289,44.444925
2022-09-21 21:00:00,2022-09-21 22:00:00,15.09,7.7986327200000005,40.71,13.2,61.0,3.6,1017.4,26.127289,44.444925
2022-09-21 22:00:00,2022-09-21 23:00:00,12.57,6.496276560000001,39.73,12.5,59.0,0.0,1017.7,26.127289,44.444925
2022-09-21 23:00:00,2022-09-22 00:00:00,12.18,6.29472144,35.36,11.2,64.0,0.0,1017.7,26.127289,44.444925
2022-09-22 00:00:00,2022-09-22 01:00:00,11.18,5.777913440000001,27.03,10.0,70.0,0.0,1017.6,26.127289,44.444925
2022-09-22 01:00:00,2022-09-22 02:00:00,10.09,5.214592720000001,26.71,9.1,76.0,0.0,1017.5,26.127289,44.444925
2022-09-22 02:00:00,2022-09-22 03:00:00,9.9,5.116399200000001,28.41,8.6,79.0,0.0,1017.6,26.127289,44.444925
2022-09-22 04:00:00,2022-09-22 05:00:00,12.06,6.232704480000001,39.53,7.7,83.0,0.0,1017.8,26.127289,44.444925
2022-09-22 05:00:00,2022-09-22 06:00:00,10.66,5.509173280000001,42.82,7.5,87.0,0.0,1018.0,26.127289,44.444925
2022-09-22 06:00:00,2022-09-22 07:00:00,14.13,7.302497040000001,57.12,8.7,84.0,0.0,1018.0,26.127289,44.444925
2022-09-22 07:00:00,2022-09-22 08:00:00,20.79,10.74443832,73.17,14.2,55.0,3.6,1017.7,26.127289,44.444925
2022-09-22 08:00:00,2022-09-22 09:00:00,18.26,9.436914080000001,60.64,15.0,53.0,7.2,1017.9,26.127289,44.444925
2022-09-22 09:00:00,2022-09-22 10:00:00,18.77,9.70048616,45.25,16.6,46.0,3.6,1017.7,26.127289,44.444925
2022-09-22 10:00:00,2022-09-22 11:00:00,17.52,9.05447616,39.96,17.6,44.0,0.0,1017.3,26.127289,44.444925
2022-09-22 11:00:00,2022-09-22 12:00:00,15.18,7.8451454400000005,37.81,18.7,41.0,7.2,1017.0,26.127289,44.444925
2022-09-22 12:00:00,2022-09-22 13:00:00,13.75,7.106110000000001,25.76,19.2,42.0,7.2,1016.7,26.127289,44.444925
2022-09-22 13:00:00,2022-09-22 14:00:00,13.28,6.86321024,24.37,20.2,39.0,7.2,1016.2,26.127289,44.444925
2022-09-22 14:00:00,2022-09-22 15:00:00,14.85,7.6745988,22.67,19.0,39.0,3.6,1016.0,26.127289,44.444925
2022-09-22 15:00:00,2022-09-22 16:00:00,14.35,7.4161948,37.58,17.2,45.0,3.6,1016.2,26.127289,44.444925
2022-09-22 16:00:00,2022-09-22 17:00:00,12.41,6.413587280000001,39.97,16.2,49.0,0.0,1016.4,26.127289,44.444925
2022-09-22 17:00:00,2022-09-22 18:00:00,12.78,6.60480624,46.5,14.7,56.0,0.0,1016.6,26.127289,44.444925
2022-09-22 18:00:00,2022-09-22 19:00:00,13.75,7.106110000000001,54.06,15.0,57.0,7.2,1017.5,26.127289,44.444925
2022-09-22 19:00:00,2022-09-22 20:00:00,15.79,8.16039832,52.62,13.2,67.0,3.6,1017.8,26.127289,44.444925
2022-09-22 20:00:00,2022-09-22 21:00:00,16.72,8.64102976,48.21,10.7,80.0,3.6,1018.0,26.127289,44.444925
2022-09-22 21:00:00,2022-09-22 22:00:00,12.74,6.584133920000001,46.89,11.5,79.0,0.0,1018.3,26.127289,44.444925
2022-09-22 22:00:00,2022-09-22 23:00:00,12.16,6.28438528,40.0,13.0,69.0,3.6,1018.7,26.127289,44.444925
2022-09-22 23:00:00,2022-09-23 00:00:00,11.04,5.70556032,28.62,11.1,80.0,0.0,1018.1,26.127289,44.444925
2022-09-23 00:00:00,2022-09-23 01:00:00,8.24,4.258497920000001,28.62,10.5,83.0,0.0,1018.1,26.127289,44.444925
2022-09-23 01:00:00,2022-09-23 02:00:00,12.02,6.212032160000001,33.85,10.2,86.0,3.6,1018.0,26.127289,44.444925
2022-09-23 02:00:00,2022-09-23 03:00:00,11.55,5.969132400000001,35.29,9.6,83.0,0.0,1018.2,26.127289,44.444925
2022-09-23 03:00:00,2022-09-23 04:00:00,8.53,4.40837224,32.17,11.0,79.0,3.6,1018.5,26.127289,44.444925
2022-09-23 05:00:00,2022-09-23 06:00:00,10.15,5.2456012,38.7,10.7,91.0,0.0,1018.8,26.127289,44.444925
2022-09-23 06:00:00,2022-09-23 07:00:00,13.06,6.749512480000001,48.78,11.7,74.0,3.6,1018.9,26.127289,44.444925
2022-09-23 07:00:00,2022-09-23 08:00:00,17.64,9.116493120000001,64.52,13.5,62.0,3.6,1019.1,26.127289,44.444925
2022-09-23 08:00:00,2022-09-23 09:00:00,21.13,10.92015304,51.61,13.6,63.0,3.6,1019.5,26.127289,44.444925
2022-09-23 09:00:00,2022-09-23 10:00:00,17.07,8.821912560000001,45.01,15.2,56.0,3.6,1019.6,26.127289,44.444925
2022-09-23 10:00:00,2022-09-23 11:00:00,15.3,7.907162400000001,31.27,16.7,47.0,3.6,1019.3,26.127289,44.444925
2022-09-23 11:00:00,2022-09-23 12:00:00,13.78,7.12161424,30.54,17.1,49.0,7.2,1019.1,26.127289,44.444925
2022-09-23 12:00:00,2022-09-23 13:00:00,12.94,6.687495520000001,28.43,17.6,47.0,3.6,1018.3,26.127289,44.444925
2022-09-23 13:00:00,2022-09-23 14:00:00,14.0,7.235312,34.26,18.5,43.0,7.2,1017.5,26.127289,44.444925
2022-09-23 14:00:00,2022-09-23 15:00:00,11.33,5.85543464,24.24,19.1,40.0,3.6,1017.3,26.127289,44.444925
2022-09-23 15:00:00,2022-09-23 16:00:00,11.63,6.0104770400000005,23.3,14.6,66.0,7.2,1017.9,26.127289,44.444925
2022-09-23 16:00:00,2022-09-23 17:00:00,12.42,6.4187553600000005,32.25,13.2,72.0,3.6,1017.9,26.127289,44.444925
2022-09-23 17:00:00,2022-09-23 18:00:00,8.42,4.351523360000001,47.44,11.6,78.0,0.0,1018.0,26.127289,44.444925
2022-09-23 18:00:00,2022-09-23 19:00:00,14.08,7.276656640000001,67.98,10.5,83.0,0.0,1018.3,26.127289,44.444925
2022-09-23 19:00:00,2022-09-23 20:00:00,23.58,12.18633264,82.16,10.6,81.0,3.6,1018.3,26.127289,44.444925
2022-09-23 20:00:00,2022-09-23 21:00:00,28.86,14.915078880000001,80.84,9.7,87.0,0.0,1018.6,26.127289,44.444925
2022-09-23 21:00:00,2022-09-23 22:00:00,24.15,12.4809132,68.36,12.1,81.0,3.6,1018.7,26.127289,44.444925
2022-09-23 22:00:00,2022-09-23 23:00:00,14.98,7.741783840000001,43.1,12.2,77.0,0.0,1018.7,26.127289,44.444925
2022-09-23 23:00:00,2022-09-24 00:00:00,11.57,5.979468560000001,51.08,11.2,82.0,0.0,1018.7,26.127289,44.444925
2022-09-24 00:00:00,2022-09-24 01:00:00,14.8,7.648758400000001,53.85,9.2,92.0,0.0,1018.5,26.127289,44.444925
2022-09-24 01:00:00,2022-09-24 02:00:00,15.34,7.927834720000001,59.49,8.6,97.0,3.6,1018.3,26.127289,44.444925
2022-09-24 02:00:00,2022-09-24 03:00:00,12.7,6.5634616,46.54,8.2,99.0,0.0,1018.3,26.127289,44.444925
2022-09-24 03:00:00,2022-09-24 04:00:00,9.55,4.935516400000001,30.47,7.5,99.0,0.0,1018.5,26.127289,44.444925
2022-09-24 04:00:00,2022-09-24 05:00:00,11.91,6.155183280000001,42.1,7.2,100.0,0.0,1018.8,26.127289,44.444925
2022-09-24 06:00:00,2022-09-24 07:00:00,18.69,9.659141520000002,36.63,8.7,99.0,0.0,1019.7,26.127289,44.444925
2022-09-24 07:00:00,2022-09-24 08:00:00,21.1,10.904648800000002,41.46,14.0,67.0,3.6,1020.0,26.127289,44.444925
2022-09-24 08:00:00,2022-09-24 09:00:00,17.02,8.796072160000001,36.85,15.2,56.0,3.6,1020.4,26.127289,44.444925
2022-09-24 09:00:00,2022-09-24 10:00:00,17.16,8.86842528,32.93,17.0,49.0,7.2,1020.4,26.127289,44.444925
2022-09-24 10:00:00,2022-09-24 11:00:00,12.98,6.708167840000001,19.25,18.5,42.0,3.6,1020.3,26.127289,44.444925
2022-09-24 11:00:00,2022-09-24 12:00:00,10.75,5.555686000000001,17.8,19.5,35.0,10.8,1019.8,26.127289,44.444925
2022-09-24 12:00:00,2022-09-24 13:00:00,9.63,4.976861040000001,15.55,20.2,31.0,7.2,1019.2,26.127289,44.444925
2022-09-24 13:00:00,2022-09-24 14:00:00,8.89,4.594423120000001,16.02,20.5,29.0,7.2,1019.2,26.127289,44.444925
2022-09-24 14:00:00,2022-09-24 15:00:00,8.96,4.63059968,19.69,20.7,30.0,7.2,1018.9,26.127289,44.444925
2022-09-24 15:00:00,2022-09-24 16:00:00,9.59,4.95618872,17.2,19.2,31.0,7.2,1018.8,26.127289,44.444925
2022-09-24 16:00:00,2022-09-24 17:00:00,10.19,5.26627352,18.35,17.6,36.0,3.6,1018.8,26.127289,44.444925
2022-09-24 17:00:00,2022-09-24 18:00:00,10.69,5.52467752,28.05,13.2,48.0,0.0,1019.0,26.127289,44.444925
2022-09-24 18:00:00,2022-09-24 19:00:00,18.03,9.318048240000001,74.93,12.5,56.0,3.6,1019.6,26.127289,44.444925
2022-09-24 19:00:00,2022-09-24 20:00:00,32.47,16.78075576,93.86,11.5,60.0,3.6,1019.7,26.127289,44.444925
2022-09-24 20:00:00,2022-09-24 21:00:00,48.5,25.065188000000003,110.36,9.7,70.0,0.0,1019.9,26.127289,44.444925
2022-09-24 21:00:00,2022-09-24 22:00:00,37.56,19.411308480000002,99.89,10.2,71.0,3.6,1020.1,26.127289,44.444925
2022-09-24 22:00:00,2022-09-24 23:00:00,49.57,25.61817256,97.58,8.6,77.0,0.0,1020.2,26.127289,44.444925
2022-09-24 23:00:00,2022-09-25 00:00:00,44.27,22.879090160000004,88.88,9.0,76.0,3.6,1020.1,26.127289,44.444925
2022-09-25 00:00:00,2022-09-25 01:00:00,45.8,23.669806400000002,85.47,8.1,78.0,0.0,1020.1,26.127289,44.444925
2022-09-25 01:00:00,2022-09-25 02:00:00,36.73,18.98235784,75.98,7.7,80.0,0.0,1019.8,26.127289,44.444925
2022-09-25 02:00:00,2022-09-25 03:00:00,38.49,19.891939920000002,71.41,7.5,87.0,0.0,1019.6,26.127289,44.444925
2022-09-25 03:00:00,2022-09-25 04:00:00,32.96,17.033991680000003,64.96,7.0,91.0,0.0,1019.6,26.127289,44.444925
2022-09-25 04:00:00,2022-09-25 05:00:00,28.36,14.65667488,49.28,6.5,95.0,0.0,1019.8,26.127289,44.444925
2022-09-25 05:00:00,2022-09-25 06:00:00,25.76,13.312974080000002,43.52,6.5,97.0,0.0,1020.0,26.127289,44.444925
2022-09-25 07:00:00,2022-09-25 08:00:00,18.37,9.493762960000002,33.02,13.6,58.0,3.6,1019.6,26.127289,44.444925
2022-09-25 08:00:00,2022-09-25 09:00:00,21.36,11.03901888,29.66,16.7,46.0,3.6,1019.7,26.127289,44.444925
2022-09-25 09:00:00,2022-09-25 10:00:00,18.38,9.49893104,28.08,19.6,41.0,3.6,1019.1,26.127289,44.444925
2022-09-25 10:00:00,2022-09-25 11:00:00,19.91,10.28964728,31.96,22.0,35.0,3.6,1018.4,26.127289,44.444925
2022-09-25 11:00:00,2022-09-25 12:00:00,30.12,15.566256960000002,37.35,22.7,30.0,0.0,1017.8,26.127289,44.444925
2022-09-25 12:00:00,2022-09-25 13:00:00,16.29,8.418802320000001,37.13,24.0,26.0,3.6,1017.3,26.127289,44.444925
2022-09-25 13:00:00,2022-09-25 14:00:00,14.41,7.447203280000001,30.31,24.7,25.0,3.6,1016.6,26.127289,44.444925
2022-09-25 14:00:00,2022-09-25 15:00:00,13.99,7.230143920000001,29.33,25.1,24.0,3.6,1015.9,26.127289,44.444925
2022-09-25 15:00:00,2022-09-25 16:00:00,13.96,7.214639680000001,29.32,24.2,24.0,0.0,1015.5,26.127289,44.444925
2022-09-25 16:00:00,2022-09-25 17:00:00,16.46,8.506659680000002,55.03,20.0,33.0,3.6,1015.2,26.127289,44.444925
2022-09-25 17:00:00,2022-09-25 18:00:00,17.59,9.090652720000001,69.13,16.1,42.0,0.0,1015.1,26.127289,44.444925
2022-09-25 18:00:00,2022-09-25 19:00:00,26.88,13.89179904,110.28,14.2,50.0,0.0,1014.9,26.127289,44.444925
2022-09-25 19:00:00,2022-09-25 20:00:00,38.54,19.917780320000002,122.41,14.2,56.0,0.0,1014.9,26.127289,44.444925
2022-09-25 20:00:00,2022-09-25 21:00:00,46.99,24.284807920000002,132.89,13.5,57.0,0.0,1015.2,26.127289,44.444925
2022-09-25 21:00:00,2022-09-25 22:00:00,58.74,30.357301920000005,133.76,13.5,58.0,0.0,1015.2,26.127289,44.444925
2022-09-25 22:00:00,2022-09-25 23:00:00,65.7,33.954285600000006,128.74,13.5,63.0,0.0,1014.8,26.127289,44.444925
2022-09-25 23:00:00,2022-09-26 00:00:00,63.72,32.931005760000005,112.77,13.5,63.0,0.0,1014.4,26.127289,44.444925
2022-09-26 00:00:00,2022-09-26 01:00:00,68.24,35.26697792,106.08,13.2,68.0,0.0,1014.0,26.127289,44.444925
2022-09-26 01:00:00,2022-09-26 02:00:00,62.98,32.548567840000004,99.77,12.7,71.0,0.0,1013.6,26.127289,44.444925
2022-09-26 02:00:00,2022-09-26 03:00:00,63.58,32.85865264,89.15,13.7,66.0,3.6,1013.3,26.127289,44.444925
2022-09-26 03:00:00,2022-09-26 04:00:00,58.59,30.279780720000005,84.58,13.7,60.0,3.6,1013.1,26.127289,44.444925
2022-09-26 04:00:00,2022-09-26 05:00:00,48.96,25.302919680000002,76.77,13.0,66.0,3.6,1012.9,26.127289,44.444925
2022-09-26 05:00:00,2022-09-26 06:00:00,56.31,29.101458480000005,77.09,12.5,71.0,3.6,1012.8,26.127289,44.444925
2022-09-26 06:00:00,2022-09-26 07:00:00,54.5,28.166036000000002,88.73,14.7,58.0,3.6,1012.7,26.127289,44.444925
2022-09-26 08:00:00,2022-09-26 09:00:00,40.72,21.044421760000002,80.02,21.5,38.0,3.6,1012.5,26.127289,44.444925
2022-09-26 09:00:00,2022-09-26 10:00:00,35.62,18.40870096,67.96,23.7,30.0,7.2,1011.7,26.127289,44.444925
2022-09-26 10:00:00,2022-09-26 11:00:00,24.5,12.661796,44.99,24.2,29.0,7.2,1011.4,26.127289,44.444925
2022-09-26 11:00:00,2022-09-26 12:00:00,21.02,10.86330416,38.3,26.2,27.0,7.2,1010.7,26.127289,44.444925
2022-09-26 12:00:00,2022-09-26 13:00:00,19.66,10.160445280000001,38.35,24.5,32.0,7.2,1010.4,26.127289,44.444925
2022-09-26 13:00:00,2022-09-26 14:00:00,18.33,9.47309064,39.16,25.5,31.0,3.6,1009.7,26.127289,44.444925
2022-09-26 14:00:00,2022-09-26 15:00:00,17.0,8.785736,34.46,26.0,29.0,7.2,1009.4,26.127289,44.444925
2022-09-26 15:00:00,2022-09-26 16:00:00,16.67,8.615189360000002,29.5,26.2,31.0,3.6,1008.6,26.127289,44.444925
2022-09-26 16:00:00,2022-09-26 17:00:00,14.47,7.478211760000001,32.43,23.2,40.0,3.6,1008.5,26.127289,44.444925
2022-09-26 17:00:00,2022-09-26 18:00:00,19.29,9.96922632,66.03,19.7,52.0,0.0,1008.4,26.127289,44.444925
2022-09-26 18:00:00,2022-09-26 19:00:00,32.74,16.920293920000002,82.18,19.1,59.0,0.0,1008.6,26.127289,44.444925
2022-09-26 19:00:00,2022-09-26 20:00:00,25.92,13.395663360000002,84.43,18.1,75.0,0.0,1008.5,26.127289,44.444925
2022-09-26 20:00:00,2022-09-26 21:00:00,39.0,20.155512,96.16,19.1,64.0,0.0,1007.9,26.127289,44.444925
2022-09-26 21:00:00,2022-09-26 22:00:00,25.24,13.04423392,66.99,18.0,68.0,0.0,1007.5,26.127289,44.444925
2022-09-26 22:00:00,2022-09-26 23:00:00,22.42,11.586835360000002,39.52,18.6,66.0,0.0,1007.0,26.127289,44.444925
2022-09-26 23:00:00,2022-09-27 00:00:00,22.09,11.41628872,32.79,17.2,74.0,0.0,1006.7,26.127289,44.444925
2022-09-27 00:00:00,2022-09-27 01:00:00,20.02,10.346496160000001,31.25,17.6,72.0,3.6,1006.5,26.127289,44.444925
2022-09-27 01:00:00,2022-09-27 02:00:00,18.25,9.431746,19.21,16.2,90.0,0.0,1006.0,26.127289,44.444925
2022-09-27 02:00:00,2022-09-27 03:00:00,18.39,9.504099120000001,14.78,15.6,96.0,0.0,1005.3,26.127289,44.444925
2022-09-27 03:00:00,2022-09-27 04:00:00,18.27,9.44208216,16.91,15.5,98.0,0.0,1004.4,26.127289,44.444925
2022-09-27 04:00:00,2022-09-27 05:00:00,15.57,8.046700560000001,22.38,15.7,95.0,3.6,1004.6,26.127289,44.444925
2022-09-27 05:00:00,2022-09-27 06:00:00,14.41,7.447203280000001,34.95,15.5,96.0,3.6,1004.4,26.127289,44.444925
2022-09-27 06:00:00,2022-09-27 07:00:00,18.79,9.71082232,44.86,15.5,96.0,3.6,1003.8,26.127289,44.444925
2022-09-27 07:00:00,2022-09-27 08:00:00,21.62,11.173388960000002,48.49,16.7,92.0,3.6,1003.9,26.127289,44.444925
2022-09-27 09:00:00,2022-09-27 10:00:00,24.14,12.475745120000001,34.92,18.2,85.0,7.2,1003.8,26.127289,44.444925
2022-09-27 10:00:00,2022-09-27 11:00:00,22.3,11.524818400000001,30.48,18.5,82.0,3.6,1003.5,26.127289,44.444925
2022-09-27 11:00:00,2022-09-27 12:00:00,22.14,11.44212912,30.76,19.0,76.0,7.2,1002.9,26.127289,44.444925
2022-09-27 12:00:00,2022-09-27 13:00:00,18.3,9.457586400000002,27.56,21.0,67.0,7.2,1002.4,26.127289,44.444925
2022-09-27 13:00:00,2022-09-27 14:00:00,15.99,8.26375992,27.57,21.5,66.0,7.2,1002.2,26.127289,44.444925
2022-09-27 14:00:00,2022-09-27 15:00:00,14.8,7.648758400000001,27.34,20.1,71.0,7.2,1002.1,26.127289,44.444925
2022-09-27 15:00:00,2022-09-27 16:00:00,16.29,8.418802320000001,36.53,20.2,75.0,3.6,1001.4,26.127289,44.444925
2022-09-27 16:00:00,2022-09-27 17:00:00,19.94,10.30515152,45.04,20.0,75.0,3.6,1001.8,26.127289,44.444925
2022-09-27 17:00:00,2022-09-27 18:00:00,18.91,9.772839280000001,45.06,17.1,89.0,3.6,1001.5,26.127289,44.444925
2022-09-27 18:00:00,2022-09-27 19:00:00,28.13,14.53780904,78.27,16.6,94.0,3.6,1001.6,26.127289,44.444925
2022-09-27 19:00:00,2022-09-27 20:00:00,27.62,14.274236960000001,76.26,15.1,99.0,3.6,1002.1,26.127289,44.444925
2022-09-27 20:00:00,2022-09-27 21:00:00,26.0,13.437008,71.52,15.7,92.0,7.2,1003.9,26.127289,44.444925
2022-09-27 21:00:00,2022-09-27 22:00:00,18.15,9.3800652,44.48,14.5,99.0,3.6,1002.6,26.127289,44.444925
2022-09-27 22:00:00,2022-09-27 23:00:00,9.87,5.10089496,33.01,13.7,100.0,7.2,1002.5,26.127289,44.444925
2022-09-27 23:00:00,2022-09-28 00:00:00,6.91,3.5711432800000003,19.28,13.5,99.0,7.2,1002.5,26.127289,44.444925
2022-09-28 00:00:00,2022-09-28 01:00:00,6.78,3.5039582400000002,11.65,13.1,99.0,7.2,1002.8,26.127289,44.444925
2022-09-28 01:00:00,2022-09-28 02:00:00,7.56,3.90706848,11.74,13.0,99.0,7.2,1002.5,26.127289,44.444925
2022-09-28 02:00:00,2022-09-28 03:00:00,7.6,3.9277408,10.36,12.7,99.0,7.2,1002.5,26.127289,44.444925
2022-09-28 03:00:00,2022-09-28 04:00:00,7.38,3.8140430400000005,10.98,12.2,99.0,7.2,1003.0,26.127289,44.444925
2022-09-28 04:00:00,2022-09-28 05:00:00,9.92,5.1267353600000005,14.24,11.5,99.0,3.6,1003.2,26.127289,44.444925
2022-09-28 05:00:00,2022-09-28 06:00:00,15.79,8.16039832,29.66,11.5,99.0,3.6,1003.5,26.127289,44.444925
2022-09-28 06:00:00,2022-09-28 07:00:00,20.13,10.40334504,41.42,12.0,99.0,7.2,1004.1,26.127289,44.444925
2022-09-28 07:00:00,2022-09-28 08:00:00,23.34,12.062298720000001,39.77,13.7,94.0,7.2,1004.1,26.127289,44.444925
2022-09-28 08:00:00,2022-09-28 09:00:00,17.63,9.11132504,34.83,17.1,75.0,7.2,1004.4,26.127289,44.444925
2022-09-28 10:00:00,2022-09-28 11:00:00,10.1,5.2197608,22.96,22.2,61.0,7.2,1004.2,26.127289,44.444925
2022-09-28 11:00:00,2022-09-28 12:00:00,9.52,4.920012160000001,22.06,23.7,52.0,7.2,1004.1,26.127289,44.444925
2022-09-28 12:00:00,2022-09-28 13:00:00,10.07,5.204256560000001,21.52,25.0,44.0,10.8,1004.0,26.127289,44.444925
2022-09-28 13:00:00,2022-09-28 14:00:00,9.25,4.780474000000001,21.03,25.2,40.0,10.8,1003.7,26.127289,44.444925
2022-09-28 14:00:00,2022-09-28 15:00:00,9.62,4.97169296,20.61,25.1,42.0,10.8,1003.9,26.127289,44.444925
2022-09-28 15:00:00,2022-09-28 16:00:00,10.88,5.622871040000001,24.72,24.7,43.0,7.2,1004.2,26.127289,44.444925
2022-09-28 16:00:00,2022-09-28 17:00:00,9.68,5.00270144,25.99,22.7,49.0,3.6,1004.6,26.127289,44.444925
2022-09-28 17:00:00,2022-09-28 18:00:00,12.41,6.413587280000001,40.23,20.5,56.0,3.6,1004.9,26.127289,44.444925
2022-09-28 18:00:00,2022-09-28 19:00:00,20.01,10.341328080000002,73.07,17.5,69.0,3.6,1005.3,26.127289,44.444925
2022-09-28 19:00:00,2022-09-28 20:00:00,29.38,15.183819040000001,93.71,17.0,72.0,0.0,1005.4,26.127289,44.444925
2022-09-28 20:00:00,2022-09-28 21:00:00,25.3,13.075242400000002,93.88,18.0,72.0,3.6,1005.7,26.127289,44.444925
2022-09-28 21:00:00,2022-09-28 22:00:00,39.53,20.429420240000002,100.17,16.5,79.0,3.6,1006.0,26.127289,44.444925
2022-09-28 22:00:00,2022-09-28 23:00:00,41.18,21.282153440000002,99.17,15.0,87.0,3.6,1006.5,26.127289,44.444925
2022-09-28 23:00:00,2022-09-29 00:00:00,39.79,20.563790320000003,86.26,16.0,84.0,0.0,1006.6,26.127289,44.444925
2022-09-29 00:00:00,2022-09-29 01:00:00,32.51,16.80142808,79.92,16.2,82.0,0.0,1006.6,26.127289,44.444925
2022-09-29 01:00:00,2022-09-29 02:00:00,22.5,11.62818,75.82,15.5,91.0,0.0,1006.0,26.127289,44.444925
2022-09-29 02:00:00,2022-09-29 03:00:00,19.23,9.938217840000002,69.84,15.0,91.0,0.0,1005.6,26.127289,44.444925
2022-09-29 03:00:00,2022-09-29 04:00:00,20.61,10.65141288,72.22,14.5,96.0,3.6,1005.6,26.127289,44.444925
2022-09-29 04:00:00,2022-09-29 05:00:00,21.5,11.111372000000001,63.85,13.5,98.0,0.0,1005.9,26.127289,44.444925
2022-09-29 05:00:00,2022-09-29 06:00:00,20.92,10.811623360000002,54.24,13.0,99.0,0.0,1006.0,26.127289,44.444925
2022-09-29 06:00:00,2022-09-29 07:00:00,18.84,9.73666272,49.23,15.1,92.0,3.6,1006.3,26.127289,44.444925
2022-09-29 07:00:00,2022-09-29 08:00:00,20.51,10.599732080000003,56.79,18.7,67.0,3.6,1006.3,26.127289,44.444925
2022-09-29 08:00:00,2022-09-29 09:00:00,26.61,13.752260880000001,66.27,20.6,60.0,0.0,1006.4,26.127289,44.444925
2022-09-29 09:00:00,2022-09-29 10:00:00,23.89,12.346543120000002,64.56,23.5,50.0,0.0,1006.3,26.127289,44.444925
2022-09-29 11:00:00,2022-09-29 12:00:00,24.72,12.77549376,62.71,26.7,42.0,3.6,1006.2,26.127289,44.444925
2022-09-29 12:00:00,2022-09-29 13:00:00,22.74,11.75221392,50.77,25.7,45.0,7.2,1006.1,26.127289,44.444925
2022-09-29 13:00:00,2022-09-29 14:00:00,23.12,11.948600960000002,46.6,28.0,40.0,3.6,1006.0,26.127289,44.444925
2022-09-29 14:00:00,2022-09-29 15:00:00,20.45,10.5687236,39.28,28.2,35.0,7.2,1005.8,26.127289,44.444925
2022-09-29 15:00:00,2022-09-29 16:00:00,16.77,8.66687016,32.42,26.2,39.0,3.6,1006.0,26.127289,44.444925
2022-09-29 16:00:00,2022-09-29 17:00:00,14.78,7.638422240000001,35.36,24.5,44.0,3.6,1006.4,26.127289,44.444925
2022-09-29 17:00:00,2022-09-29 18:00:00,18.84,9.73666272,57.01,22.1,52.0,0.0,1007.3,26.127289,44.444925
2022-09-29 18:00:00,2022-09-29 19:00:00,23.44,12.113979520000001,44.18,21.0,61.0,0.0,1007.7,26.127289,44.444925
2022-09-29 19:00:00,2022-09-29 20:00:00,29.81,15.40604648,65.91,18.5,70.0,0.0,1008.6,26.127289,44.444925
2022-09-29 20:00:00,2022-09-29 21:00:00,19.4,10.0260752,57.14,18.0,70.0,0.0,1008.9,26.127289,44.444925
2022-09-29 21:00:00,2022-09-29 22:00:00,16.71,8.635861680000001,58.65,16.1,78.0,3.6,1009.6,26.127289,44.444925
2022-09-29 22:00:00,2022-09-29 23:00:00,19.4,10.0260752,67.45,15.1,83.0,3.6,1010.2,26.127289,44.444925
2022-09-29 23:00:00,2022-09-30 00:00:00,17.41,8.997627280000001,58.63,14.7,87.0,3.6,1010.5,26.127289,44.444925
2022-09-30 00:00:00,2022-09-30 01:00:00,24.52,12.67213216,65.46,13.7,94.0,0.0,1010.8,26.127289,44.444925
2022-09-30 01:00:00,2022-09-30 02:00:00,22.75,11.757382000000002,55.56,14.1,91.0,3.6,1011.3,26.127289,44.444925
2022-09-30 02:00:00,2022-09-30 03:00:00,22.01,11.374944080000002,48.09,12.7,97.0,0.0,1011.4,26.127289,44.444925
2022-09-30 03:00:00,2022-09-30 04:00:00,22.43,11.592003440000001,38.22,12.7,98.0,3.6,1011.6,26.127289,44.444925
2022-09-30 04:00:00,2022-09-30 05:00:00,20.65,10.6720852,38.92,12.7,97.0,3.6,1012.1,26.127289,44.444925
2022-09-30 05:00:00,2022-09-30 06:00:00,17.85,9.225022800000001,49.22,12.7,98.0,0.0,1012.5,26.127289,44.444925
2022-09-30 06:00:00,2022-09-30 07:00:00,22.07,11.405952560000001,60.28,14.7,91.0,0.0,1012.7,26.127289,44.444925
2022-09-30 07:00:00,2022-09-30 08:00:00,27.07,13.989992560000001,68.49,19.5,68.0,0.0,1013.2,26.127289,44.444925
2022-09-30 08:00:00,2022-09-30 09:00:00,27.77,14.351758160000001,66.68,23.5,50.0,0.0,1013.5,26.127289,44.444925
2022-09-30 09:00:00,2022-09-30 10:00:00,23.22,12.00028176,62.3,26.0,42.0,3.6,1013.9,26.127289,44.444925
2022-09-30 10:00:00,2022-09-30 11:00:00,19.63,10.14494104,53.27,27.1,40.0,3.6,1014.1,26.127289,44.444925
2022-09-30 12:00:00,2022-09-30 13:00:00,16.16,8.351617280000001,30.78,29.0,36.0,3.6,1013.6,26.127289,44.444925
2022-09-30 13:00:00,2022-09-30 14:00:00,16.06,8.29993648,26.53,29.2,34.0,7.2,1013.6,26.127289,44.444925
2022-09-30 14:00:00,2022-09-30 15:00:00,15.15,7.829641200000001,26.52,29.5,33.0,7.2,1013.7,26.127289,44.444925
2022-09-30 15:00:00,2022-09-30 16:00:00,15.64,8.082877120000001,29.35,28.1,35.0,3.6,1014.1,26.127289,44.444925
2022-09-30 16:00:00,2022-09-30 17:00:00,15.58,8.05186864,32.46,25.6,42.0,3.6,1014.9,26.127289,44.444925
2022-09-30 17:00:00,2022-09-30 18:00:00,58.84,30.408982720000004,46.12,22.6,50.0,0.0,1015.7,26.127289,44.444925
2022-09-30 18:00:00,2022-09-30 19:00:00,18.33,9.47309064,71.74,21.5,55.0,3.6,1016.2,26.127289,44.444925
2022-09-30 19:00:00,2022-09-30 20:00:00,19.42,10.036411360000002,86.52,21.2,58.0,3.6,1016.7,26.127289,44.444925
2022-09-30 20:00:00,2022-09-30 21:00:00,22.36,11.555826880000001,77.19,18.2,70.0,0.0,1017.2,26.127289,44.444925
2022-09-30 21:00:00,2022-09-30 22:00:00,21.37,11.044186960000001,64.41,19.5,65.0,3.6,1017.4,26.127289,44.444925
2022-09-30 22:00:00,2022-09-30 23:00:00,21.54,11.13204432,78.37,18.2,71.0,0.0,1017.8,26.127289,44.444925
2022-09-30 23:00:00,2022-10-01 00:00:00,18.14,9.374897120000002,71.09,16.5,80.0,0.0,1018.1,26.127289,44.444925
2022-10-01 00:00:00,2022-10-01 01:00:00,23.87,12.501888630000002,73.45,15.7,84.0,3.6,1018.7,26.127289,44.444925
2022-10-01 01:00:00,2022-10-01 02:00:00,24.49,12.826613009999999,73.89,15.5,83.0,3.6,1018.9,26.127289,44.444925
2022-10-01 02:00:00,2022-10-01 03:00:00,23.37,12.24001413,66.58,14.2,90.0,3.6,1018.7,26.127289,44.444925
2022-10-01 03:00:00,2022-10-01 04:00:00,20.01,10.480217490000001,50.35,13.7,95.0,0.0,1019.1,26.127289,44.444925
2022-10-01 04:00:00,2022-10-01 05:00:00,23.11,12.103839390000001,52.13,13.6,97.0,0.0,1019.1,26.127289,44.444925
2022-10-01 05:00:00,2022-10-01 06:00:00,28.42,14.884946580000001,53.47,13.6,98.0,0.0,1019.4,26.127289,44.444925
2022-10-01 06:00:00,2022-10-01 07:00:00,29.31,15.35108319,52.57,14.7,95.0,3.6,1019.6,26.127289,44.444925
2022-10-01 07:00:00,2022-10-01 08:00:00,21.79,11.41249071,50.8,21.0,66.0,3.6,1019.3,26.127289,44.444925
2022-10-01 08:00:00,2022-10-01 09:00:00,24.03,12.585688470000001,54.69,23.7,52.0,3.6,1019.0,26.127289,44.444925
2022-10-01 09:00:00,2022-10-01 10:00:00,26.0,13.617474000000001,55.7,25.7,47.0,0.0,1018.5,26.127289,44.444925
2022-10-01 10:00:00,2022-10-01 11:00:00,29.22,15.30394578,60.7,27.2,43.0,3.6,1017.7,26.127289,44.444925
2022-10-01 11:00:00,2022-10-01 12:00:00,34.49,18.06410301,68.25,28.0,40.0,3.6,1017.2,26.127289,44.444925
2022-10-01 13:00:00,2022-10-01 14:00:00,25.13,13.16181237,35.05,28.5,39.0,3.6,1015.5,26.127289,44.444925
2022-10-01 14:00:00,2022-10-01 15:00:00,23.6,12.360476400000001,40.19,28.6,37.0,7.2,1014.8,26.127289,44.444925
2022-10-01 15:00:00,2022-10-01 16:00:00,17.66,9.249407340000001,25.81,27.0,37.0,3.6,1014.1,26.127289,44.444925
2022-10-01 16:00:00,2022-10-01 17:00:00,19.54,10.23405546,38.06,24.5,48.0,3.6,1013.4,26.127289,44.444925
2022-10-01 17:00:00,2022-10-01 18:00:00,25.95,13.59128655,52.68,22.7,53.0,0.0,1012.1,26.127289,44.444925
2022-10-01 18:00:00,2022-10-01 19:00:00,32.05,16.78615545,63.02,23.7,52.0,7.2,1011.8,26.127289,44.444925
2022-10-01 19:00:00,2022-10-01 20:00:00,30.81,16.13670669,36.55,22.2,59.0,7.2,1010.9,26.127289,44.444925
2022-10-01 20:00:00,2022-10-01 21:00:00,23.94,12.538551060000001,34.6,21.5,62.0,3.6,1010.7,26.127289,44.444925
2022-10-01 21:00:00,2022-10-01 22:00:00,23.98,12.55950102,35.64,22.0,62.0,3.6,1011.0,26.127289,44.444925
2022-10-01 22:00:00,2022-10-01 23:00:00,19.52,10.22358048,24.78,20.5,73.0,7.2,1011.3,26.127289,44.444925
2022-10-01 23:00:00,2022-10-02 00:00:00,18.58,9.73125642,17.31,17.2,100.0,3.6,1010.5,26.127289,44.444925
2022-10-02 00:00:00,2022-10-02 01:00:00,17.76,9.301782240000001,14.06,17.1,100.0,7.2,1009.9,26.127289,44.444925
2022-10-02 01:00:00,2022-10-02 02:00:00,17.87,9.35939463,19.12,17.1,100.0,7.2,1009.1,26.127289,44.444925
2022-10-02 02:00:00,2022-10-02 03:00:00,15.19,7.9557473100000005,10.88,17.1,100.0,7.2,1008.4,26.127289,44.444925
2022-10-02 03:00:00,2022-10-02 04:00:00,14.89,7.798622610000001,11.57,17.2,100.0,7.2,1008.7,26.127289,44.444925
2022-10-02 04:00:00,2022-10-02 05:00:00,18.89,9.89361861,10.22,16.2,99.0,7.2,1008.6,26.127289,44.444925
2022-10-02 05:00:00,2022-10-02 06:00:00,17.29,9.05562021,12.06,15.1,98.0,7.2,1008.7,26.127289,44.444925
2022-10-02 06:00:00,2022-10-02 07:00:00,14.23,7.45294827,12.99,15.1,94.0,10.8,1009.3,26.127289,44.444925
2022-10-02 07:00:00,2022-10-02 08:00:00,13.68,7.16488632,14.41,17.7,80.0,7.2,1009.9,26.127289,44.444925
2022-10-02 08:00:00,2022-10-02 09:00:00,13.74,7.196311260000001,14.61,20.5,61.0,10.8,1010.2,26.127289,44.444925
2022-10-02 09:00:00,2022-10-02 10:00:00,11.74,6.148813260000001,13.11,23.1,46.0,3.6,1010.6,26.127289,44.444925
2022-10-02 10:00:00,2022-10-02 11:00:00,8.97,4.69802853,13.03,23.5,37.0,7.2,1010.9,26.127289,44.444925
2022-10-02 11:00:00,2022-10-02 12:00:00,8.48,4.441391520000001,12.28,23.7,32.0,10.8,1011.2,26.127289,44.444925
2022-10-02 12:00:00,2022-10-02 13:00:00,9.84,5.15369016,13.45,24.2,30.0,7.2,1011.3,26.127289,44.444925
2022-10-02 14:00:00,2022-10-02 15:00:00,11.1,5.8136139,17.95,23.7,31.0,7.2,1011.8,26.127289,44.444925
2022-10-02 15:00:00,2022-10-02 16:00:00,9.67,5.06465283,14.81,22.0,29.0,7.2,1012.5,26.127289,44.444925
2022-10-02 16:00:00,2022-10-02 17:00:00,8.19,4.28950431,14.08,20.2,36.0,3.6,1012.9,26.127289,44.444925
2022-10-02 17:00:00,2022-10-02 18:00:00,8.58,4.49376642,20.51,18.6,35.0,3.6,1013.4,26.127289,44.444925
2022-10-02 18:00:00,2022-10-02 19:00:00,9.18,4.80801582,27.32,17.2,41.0,3.6,1013.7,26.127289,44.444925
2022-10-02 19:00:00,2022-10-02 20:00:00,10.88,5.698389120000001,38.16,16.7,44.0,3.6,1013.3,26.127289,44.444925
2022-10-02 20:00:00,2022-10-02 21:00:00,11.57,6.059775930000001,41.19,16.2,47.0,3.6,1013.7,26.127289,44.444925
2022-10-02 21:00:00,2022-10-02 22:00:00,10.24,5.36318976,32.95,15.2,52.0,7.2,1013.6,26.127289,44.444925
2022-10-02 22:00:00,2022-10-02 23:00:00,9.45,4.94942805,28.15,15.1,53.0,3.6,1013.6,26.127289,44.444925
2022-10-02 23:00:00,2022-10-03 00:00:00,6.95,3.64005555,23.67,14.1,58.0,3.6,1013.5,26.127289,44.444925
2022-10-03 00:00:00,2022-10-03 01:00:00,8.43,4.41520407,20.2,12.1,68.0,0.0,1013.9,26.127289,44.444925
2022-10-03 01:00:00,2022-10-03 02:00:00,7.72,4.04334228,18.11,10.6,77.0,0.0,1013.3,26.127289,44.444925
2022-10-03 02:00:00,2022-10-03 03:00:00,7.07,3.7029054300000004,15.41,9.5,82.0,0.0,1013.3,26.127289,44.444925
2022-10-03 03:00:00,2022-10-03 04:00:00,7.56,3.95954244,21.4,10.5,77.0,7.2,1013.4,26.127289,44.444925
2022-10-03 04:00:00,2022-10-03 05:00:00,8.54,4.47281646,27.73,11.1,74.0,3.6,1013.4,26.127289,44.444925
2022-10-03 05:00:00,2022-10-03 06:00:00,10.51,5.50460199,41.12,11.5,70.0,3.6,1013.2,26.127289,44.444925
2022-10-03 06:00:00,2022-10-03 07:00:00,13.25,6.93967425,48.6,12.7,66.0,3.6,1013.1,26.127289,44.444925
2022-10-03 07:00:00,2022-10-03 08:00:00,15.91,8.33284659,54.22,12.5,70.0,3.6,1013.3,26.127289,44.444925
2022-10-03 08:00:00,2022-10-03 09:00:00,21.81,11.42296569,50.28,14.2,64.0,3.6,1013.2,26.127289,44.444925
2022-10-03 09:00:00,2022-10-03 10:00:00,19.64,10.28643036,37.38,16.6,58.0,7.2,1012.7,26.127289,44.444925
2022-10-03 10:00:00,2022-10-03 11:00:00,14.91,7.80909759,25.51,18.7,57.0,7.2,1012.2,26.127289,44.444925
2022-10-03 11:00:00,2022-10-03 12:00:00,12.04,6.30593796,19.7,19.5,58.0,10.8,1011.8,26.127289,44.444925
2022-10-03 12:00:00,2022-10-03 13:00:00,9.66,5.05941534,19.51,20.2,57.0,10.8,1011.3,26.127289,44.444925
2022-10-03 13:00:00,2022-10-03 14:00:00,11.94,6.25356306,18.97,21.7,48.0,7.2,1010.8,26.127289,44.444925
2022-10-03 15:00:00,2022-10-03 16:00:00,14.38,7.531510620000001,60.52,15.0,86.0,3.6,1011.7,26.127289,44.444925
2022-10-03 16:00:00,2022-10-03 17:00:00,12.38,6.484012620000001,57.06,13.1,95.0,0.0,1012.0,26.127289,44.444925
2022-10-03 17:00:00,2022-10-03 18:00:00,20.36,10.66352964,80.35,11.7,97.0,3.6,1012.8,26.127289,44.444925
2022-10-03 18:00:00,2022-10-03 19:00:00,27.04,14.16217296,76.19,11.7,92.0,3.6,1013.3,26.127289,44.444925
2022-10-03 19:00:00,2022-10-03 20:00:00,21.86,11.44915314,59.41,11.0,96.0,3.6,1013.6,26.127289,44.444925
2022-10-03 20:00:00,2022-10-03 21:00:00,22.69,11.88386481,57.45,10.1,97.0,3.6,1013.9,26.127289,44.444925
2022-10-03 21:00:00,2022-10-03 22:00:00,20.68,10.83112932,60.3,9.3,98.0,0.0,1014.4,26.127289,44.444925
2022-10-03 22:00:00,2022-10-03 23:00:00,23.09,12.09336441,56.48,9.5,94.0,3.6,1014.7,26.127289,44.444925
2022-10-03 23:00:00,2022-10-04 00:00:00,22.92,12.004327080000001,53.05,9.6,85.0,0.0,1014.7,26.127289,44.444925
2022-10-04 00:00:00,2022-10-04 01:00:00,15.44,8.08668456,27.61,8.5,90.0,3.6,1014.7,26.127289,44.444925
2022-10-04 01:00:00,2022-10-04 02:00:00,12.84,6.7249371600000005,26.49,9.1,83.0,3.6,1015.1,26.127289,44.444925
2022-10-04 02:00:00,2022-10-04 03:00:00,11.25,5.89217625,26.04,9.0,83.0,3.6,1015.3,26.127289,44.444925
2022-10-04 03:00:00,2022-10-04 04:00:00,8.65,4.530428850000001,17.79,7.7,90.0,3.6,1015.6,26.127289,44.444925
2022-10-04 04:00:00,2022-10-04 05:00:00,11.18,5.85551382,23.09,7.2,94.0,3.6,1016.1,26.127289,44.444925
2022-10-04 05:00:00,2022-10-04 06:00:00,12.03,6.30070047,37.2,6.6,97.0,3.6,1016.7,26.127289,44.444925
2022-10-04 06:00:00,2022-10-04 07:00:00,16.29,8.53187121,47.62,9.2,86.0,0.0,1017.7,26.127289,44.444925
2022-10-04 07:00:00,2022-10-04 08:00:00,19.51,10.218342990000002,48.33,11.7,72.0,3.6,1018.4,26.127289,44.444925
2022-10-04 08:00:00,2022-10-04 09:00:00,28.45,14.90065905,61.99,14.5,58.0,3.6,1018.9,26.127289,44.444925
2022-10-04 09:00:00,2022-10-04 10:00:00,17.35,9.087045150000002,53.77,15.0,53.0,0.0,1019.2,26.127289,44.444925
2022-10-04 10:00:00,2022-10-04 11:00:00,17.87,9.35939463,60.03,18.2,47.0,3.6,1019.3,26.127289,44.444925
2022-10-04 11:00:00,2022-10-04 12:00:00,13.39,7.012999110000001,55.76,19.1,37.0,3.6,1019.4,26.127289,44.444925
2022-10-04 12:00:00,2022-10-04 13:00:00,11.88,6.22213812,33.92,18.6,46.0,0.0,1019.4,26.127289,44.444925
2022-10-04 13:00:00,2022-10-04 14:00:00,16.01,8.385221490000001,39.24,16.5,50.0,3.6,1019.5,26.127289,44.444925
2022-10-04 14:00:00,2022-10-04 15:00:00,18.49,9.68411901,49.99,19.5,36.0,0.0,1019.5,26.127289,44.444925
2022-10-04 16:00:00,2022-10-04 17:00:00,16.56,8.67328344,34.7,16.1,50.0,3.6,1020.3,26.127289,44.444925
2022-10-04 17:00:00,2022-10-04 18:00:00,20.53,10.75256697,54.0,12.5,66.0,3.6,1021.2,26.127289,44.444925
2022-10-04 18:00:00,2022-10-04 19:00:00,17.48,9.15513252,65.27,11.7,71.0,3.6,1021.9,26.127289,44.444925
2022-10-04 19:00:00,2022-10-04 20:00:00,31.58,16.53999342,81.99,10.7,78.0,3.6,1022.5,26.127289,44.444925
2022-10-04 20:00:00,2022-10-04 21:00:00,42.92,22.47930708,79.81,10.0,80.0,3.6,1023.3,26.127289,44.444925
2022-10-04 21:00:00,2022-10-04 22:00:00,19.85,10.396417650000002,65.26,10.5,73.0,3.6,1023.8,26.127289,44.444925
2022-10-04 22:00:00,2022-10-04 23:00:00,13.56,7.102036440000001,49.76,10.0,71.0,3.6,1024.1,26.127289,44.444925
2022-10-04 23:00:00,2022-10-05 00:00:00,11.39,5.965501110000001,47.8,10.0,70.0,3.6,1024.4,26.127289,44.444925
2022-10-05 00:00:00,2022-10-05 01:00:00,9.55,5.001802950000001,35.03,9.2,74.0,3.6,1025.2,26.127289,44.444925
2022-10-05 01:00:00,2022-10-05 02:00:00,10.3,5.394614700000001,33.41,7.7,86.0,3.6,1025.6,26.127289,44.444925
2022-10-05 02:00:00,2022-10-05 03:00:00,16.07,8.41664643,34.55,7.2,91.0,0.0,1025.9,26.127289,44.444925
2022-10-05 03:00:00,2022-10-05 04:00:00,16.11,8.43759639,41.94,6.6,96.0,0.0,1026.8,26.127289,44.444925
2022-10-05 04:00:00,2022-10-05 05:00:00,18.91,9.90409359,47.09,6.6,95.0,0.0,1027.3,26.127289,44.444925
2022-10-05 05:00:00,2022-10-05 06:00:00,22.92,12.004327080000001,47.3,6.2,95.0,0.0,1028.0,26.127289,44.444925
2022-10-05 06:00:00,2022-10-05 07:00:00,28.68,15.02112132,59.08,7.6,90.0,0.0,1028.5,26.127289,44.444925
2022-10-05 07:00:00,2022-10-05 08:00:00,41.7,21.8403333,77.84,14.0,57.0,0.0,1028.9,26.127289,44.444925
2022-10-05 08:00:00,2022-10-05 09:00:00,33.51,17.55082899,77.51,16.1,50.0,3.6,1029.1,26.127289,44.444925
2022-10-05 09:00:00,2022-10-05 10:00:00,20.06,10.50640494,64.29,17.2,49.0,3.6,1029.5,26.127289,44.444925
2022-10-05 10:00:00,2022-10-05 11:00:00,17.04,8.92468296,49.78,18.6,43.0,3.6,1029.6,26.127289,44.444925
2022-10-05 11:00:00,2022-10-05 12:00:00,14.98,7.84576002,39.83,19.1,41.0,0.0,1029.2,26.127289,44.444925
2022-10-05 12:00:00,2022-10-05 13:00:00,14.47,7.578648030000001,40.33,17.5,48.0,0.0,1029.0,26.127289,44.444925
2022-10-05 13:00:00,2022-10-05 14:00:00,16.21,8.489971290000002,38.86,20.2,37.0,0.0,1028.3,26.127289,44.444925
2022-10-05 14:00:00,2022-10-05 15:00:00,18.67,9.77839383,48.39,20.2,40.0,3.6,1028.1,26.127289,44.444925
2022-10-05 15:00:00,2022-10-05 16:00:00,20.07,10.51164243,41.88,18.5,40.0,3.6,1028.1,26.127289,44.444925
2022-10-05 17:00:00,2022-10-05 18:00:00,18.05,9.453669450000001,59.76,12.7,64.0,3.6,1028.7,26.127289,44.444925
2022-10-05 18:00:00,2022-10-05 19:00:00,22.1,11.574852900000002,66.02,11.8,70.0,3.6,1029.1,26.127289,44.444925
2022-10-05 19:00:00,2022-10-05 20:00:00,43.5,22.7830815,78.23,11.1,75.0,3.6,1029.5,26.127289,44.444925
2022-10-05 20:00:00,2022-10-05 21:00:00,39.09,20.473348410000003,74.89,10.8,75.0,3.6,1029.6,26.127289,44.444925
2022-10-05 21:00:00,2022-10-05 22:00:00,29.97,15.69675753,72.28,10.0,79.0,3.6,1029.9,26.127289,44.444925
2022-10-05 22:00:00,2022-10-05 23:00:00,21.49,11.25536601,61.91,10.1,80.0,3.6,1029.6,26.127289,44.444925
2022-10-05 23:00:00,2022-10-06 00:00:00,17.83,9.33844467,48.31,10.0,78.0,3.6,1029.2,26.127289,44.444925
2022-10-06 00:00:00,2022-10-06 01:00:00,16.31,8.54234619,40.12,8.8,83.0,3.6,1029.1,26.127289,44.444925
2022-10-06 01:00:00,2022-10-06 02:00:00,19.08,9.993130919999999,39.52,8.6,85.0,3.6,1028.6,26.127289,44.444925
2022-10-06 02:00:00,2022-10-06 03:00:00,20.98,10.988254020000001,44.38,8.6,83.0,3.6,1028.3,26.127289,44.444925
2022-10-06 03:00:00,2022-10-06 04:00:00,20.53,10.75256697,30.21,8.5,87.0,3.6,1028.3,26.127289,44.444925
2022-10-06 04:00:00,2022-10-06 05:00:00,20.45,10.71066705,32.42,8.7,83.0,3.6,1028.2,26.127289,44.444925
2022-10-06 05:00:00,2022-10-06 06:00:00,21.77,11.40201573,46.68,8.4,84.0,3.6,1028.2,26.127289,44.444925
2022-10-06 06:00:00,2022-10-06 07:00:00,27.58,14.44499742,52.9,9.3,82.0,3.6,1028.3,26.127289,44.444925
2022-10-06 07:00:00,2022-10-06 08:00:00,33.38,17.482741620000002,47.26,12.3,70.0,3.6,1028.4,26.127289,44.444925
2022-10-06 08:00:00,2022-10-06 09:00:00,38.13,19.97054937,47.65,15.9,57.0,3.6,1028.5,26.127289,44.444925
2022-10-06 09:00:00,2022-10-06 10:00:00,28.9,15.136346099999999,35.22,18.1,48.0,7.2,1028.3,26.127289,44.444925
2022-10-06 10:00:00,2022-10-06 11:00:00,21.91,11.47534059,28.98,20.4,43.0,7.2,1027.9,26.127289,44.444925
2022-10-06 11:00:00,2022-10-06 12:00:00,16.12,8.44283388,29.42,21.1,38.0,7.2,1027.2,26.127289,44.444925
2022-10-06 12:00:00,2022-10-06 13:00:00,16.98,8.893258020000001,28.23,22.1,37.0,7.2,1026.6,26.127289,44.444925
2022-10-06 13:00:00,2022-10-06 14:00:00,16.17,8.46902133,27.96,23.1,35.0,7.2,1026.2,26.127289,44.444925
2022-10-06 14:00:00,2022-10-06 15:00:00,16.85,8.82517065,27.27,22.9,36.0,3.6,1025.9,26.127289,44.444925
2022-10-06 15:00:00,2022-10-06 16:00:00,21.5,11.2606035,32.43,21.3,38.0,7.2,1025.8,26.127289,44.444925
2022-10-06 16:00:00,2022-10-06 17:00:00,20.36,10.66352964,43.44,17.8,48.0,3.6,1026.0,26.127289,44.444925
2022-10-06 18:00:00,2022-10-06 19:00:00,34.51,18.074577989999998,102.28,13.7,67.0,0.0,1026.9,26.127289,44.444925
2022-10-06 19:00:00,2022-10-06 20:00:00,54.1,28.3348209,114.8,12.7,73.0,3.6,1027.3,26.127289,44.444925
2022-10-06 20:00:00,2022-10-06 21:00:00,51.24,26.83689876,109.24,12.1,77.0,3.6,1027.7,26.127289,44.444925
2022-10-06 21:00:00,2022-10-06 22:00:00,54.72,28.65954528,102.07,11.9,78.0,3.6,1027.7,26.127289,44.444925
2022-10-06 22:00:00,2022-10-06 23:00:00,51.68,27.06734832,100.74,10.7,84.0,0.0,1027.9,26.127289,44.444925
2022-10-06 23:00:00,2022-10-07 00:00:00,42.07,22.03412043,74.46,10.5,87.0,3.6,1027.9,26.127289,44.444925
2022-10-07 00:00:00,2022-10-07 01:00:00,35.87,18.78687663,52.06,10.2,85.0,3.6,1028.2,26.127289,44.444925
2022-10-07 01:00:00,2022-10-07 02:00:00,31.72,16.61331828,41.85,9.6,78.0,3.6,1028.3,26.127289,44.444925
2022-10-07 02:00:00,2022-10-07 03:00:00,22.24,11.64817776,36.53,9.1,83.0,3.6,1028.1,26.127289,44.444925
2022-10-07 03:00:00,2022-10-07 04:00:00,19.68,10.30738032,29.67,8.7,84.0,0.0,1028.1,26.127289,44.444925
2022-10-07 04:00:00,2022-10-07 05:00:00,18.19,9.526994310000001,31.16,8.8,87.0,0.0,1028.2,26.127289,44.444925
2022-10-07 05:00:00,2022-10-07 06:00:00,18.6,9.7417314,47.79,8.1,92.0,0.0,1028.6,26.127289,44.444925
2022-10-07 06:00:00,2022-10-07 07:00:00,24.66,12.915650340000001,60.53,10.2,83.0,0.0,1028.7,26.127289,44.444925
2022-10-07 07:00:00,2022-10-07 08:00:00,27.97,14.64925953,65.16,14.7,62.0,3.6,1028.7,26.127289,44.444925
2022-10-07 08:00:00,2022-10-07 09:00:00,29.01,15.193958490000002,59.17,17.4,57.0,3.6,1028.7,26.127289,44.444925
2022-10-07 09:00:00,2022-10-07 10:00:00,34.53,18.08505297,63.04,20.4,54.0,7.2,1028.3,26.127289,44.444925
2022-10-07 10:00:00,2022-10-07 11:00:00,31.17,16.325256330000002,52.64,21.3,51.0,7.2,1027.8,26.127289,44.444925
2022-10-07 11:00:00,2022-10-07 12:00:00,30.42,15.932444580000002,70.31,23.5,43.0,7.2,1026.9,26.127289,44.444925
2022-10-07 12:00:00,2022-10-07 13:00:00,28.31,14.82733419,60.73,23.8,41.0,7.2,1026.2,26.127289,44.444925
2022-10-07 13:00:00,2022-10-07 14:00:00,30.29,15.86435721,62.5,22.8,41.0,7.2,1025.8,26.127289,44.444925
2022-10-07 14:00:00,2022-10-07 15:00:00,33.26,17.41989174,76.67,21.3,47.0,7.2,1025.6,26.127289,44.444925
2022-10-07 15:00:00,2022-10-07 16:00:00,29.58,15.49249542,76.35,20.6,48.0,3.6,1025.3,26.127289,44.444925
2022-10-07 16:00:00,2022-10-07 17:00:00,29.4,15.3982206,75.26,18.0,56.0,3.6,1025.4,26.127289,44.444925
2022-10-07 17:00:00,2022-10-07 18:00:00,31.12,16.29906888,78.63,15.2,65.0,3.6,1025.7,26.127289,44.444925
2022-10-07 19:00:00,2022-10-07 20:00:00,34.97,18.31550253,71.9,13.7,73.0,3.6,1025.8,26.127289,44.444925
2022-10-07 20:00:00,2022-10-07 21:00:00,39.14,20.49953586,77.64,13.0,78.0,3.6,1025.8,26.127289,44.444925
2022-10-07 21:00:00,2022-10-07 22:00:00,33.96,17.786516040000002,75.03,13.5,78.0,3.6,1025.8,26.127289,44.444925
2022-10-07 22:00:00,2022-10-07 23:00:00,28.03,14.680684470000001,65.03,14.0,79.0,3.6,1025.5,26.127289,44.444925
2022-10-07 23:00:00,2022-10-08 00:00:00,23.02,12.05670198,56.93,14.0,79.0,3.6,1024.9,26.127289,44.444925
2022-10-08 00:00:00,2022-10-08 01:00:00,21.98,11.51200302,45.55,13.6,82.0,3.6,1024.9,26.127289,44.444925
2022-10-08 01:00:00,2022-10-08 02:00:00,24.75,12.96278775,38.22,12.6,85.0,3.6,1024.5,26.127289,44.444925
2022-10-08 02:00:00,2022-10-08 03:00:00,22.42,11.742452580000002,35.46,12.5,88.0,0.0,1024.1,26.127289,44.444925
2022-10-08 03:00:00,2022-10-08 04:00:00,20.74,10.86255426,36.9,11.7,93.0,3.6,1024.1,26.127289,44.444925
2022-10-08 04:00:00,2022-10-08 05:00:00,20.99,10.99349151,35.23,11.7,94.0,0.0,1024.0,26.127289,44.444925
2022-10-08 05:00:00,2022-10-08 06:00:00,22.33,11.695315169999999,41.08,11.8,92.0,3.6,1023.8,26.127289,44.444925
2022-10-08 06:00:00,2022-10-08 07:00:00,24.84,13.00992516,46.43,12.4,90.0,3.6,1023.9,26.127289,44.444925
2022-10-08 07:00:00,2022-10-08 08:00:00,28.12,14.72782188,48.21,15.8,69.0,3.6,1023.8,26.127289,44.444925
2022-10-08 08:00:00,2022-10-08 09:00:00,29.64,15.523920360000002,44.37,18.6,57.0,3.6,1023.6,26.127289,44.444925
2022-10-08 09:00:00,2022-10-08 10:00:00,29.23,15.30918327,47.32,20.0,52.0,3.6,1023.1,26.127289,44.444925
2022-10-08 10:00:00,2022-10-08 11:00:00,34.37,18.00125313,35.11,22.7,45.0,3.6,1022.5,26.127289,44.444925
2022-10-08 11:00:00,2022-10-08 12:00:00,30.57,16.01100693,29.81,23.0,40.0,3.6,1021.7,26.127289,44.444925
2022-10-08 12:00:00,2022-10-08 13:00:00,22.13,11.59056537,32.84,21.3,46.0,3.6,1020.9,26.127289,44.444925
2022-10-08 13:00:00,2022-10-08 14:00:00,20.06,10.50640494,32.77,22.9,40.0,0.0,1020.2,26.127289,44.444925
2022-10-08 14:00:00,2022-10-08 15:00:00,22.21,11.63246529,36.19,23.3,39.0,3.6,1019.6,26.127289,44.444925
2022-10-08 15:00:00,2022-10-08 16:00:00,20.47,10.72114203,30.68,21.9,43.0,3.6,1019.3,26.127289,44.444925
2022-10-08 16:00:00,2022-10-08 17:00:00,27.1,14.193597900000002,34.3,17.0,57.0,0.0,1019.4,26.127289,44.444925
2022-10-08 17:00:00,2022-10-08 18:00:00,32.46,17.000892540000002,75.95,15.0,66.0,0.0,1019.6,26.127289,44.444925
2022-10-08 18:00:00,2022-10-08 19:00:00,47.13,24.684290370000003,104.93,14.3,71.0,0.0,1019.9,26.127289,44.444925
2022-10-08 20:00:00,2022-10-08 21:00:00,87.65,45.906599850000006,120.43,14.8,70.0,0.0,1020.3,26.127289,44.444925
2022-10-08 21:00:00,2022-10-08 22:00:00,61.36,32.13723864,107.31,15.1,67.0,0.0,1020.3,26.127289,44.444925
2022-10-08 22:00:00,2022-10-08 23:00:00,57.81,30.277929690000004,105.74,13.9,75.0,0.0,1020.1,26.127289,44.444925
2022-10-08 23:00:00,2022-10-09 00:00:00,57.19,29.95320531,95.08,12.0,82.0,0.0,1019.5,26.127289,44.444925
2022-10-09 00:00:00,2022-10-09 01:00:00,61.85,32.393875650000005,88.79,11.3,85.0,0.0,1019.3,26.127289,44.444925
2022-10-09 01:00:00,2022-10-09 02:00:00,60.4,31.6344396,94.7,10.9,90.0,0.0,1019.1,26.127289,44.444925
2022-10-09 02:00:00,2022-10-09 03:00:00,57.96,30.356492040000003,72.47,10.2,96.0,0.0,1019.2,26.127289,44.444925
2022-10-09 03:00:00,2022-10-09 04:00:00,39.49,20.68284801,56.27,9.8,97.0,0.0,1019.0,26.127289,44.444925
2022-10-09 04:00:00,2022-10-09 05:00:00,39.32,20.59381068,58.01,9.7,97.0,0.0,1019.2,26.127289,44.444925
2022-10-09 05:00:00,2022-10-09 06:00:00,37.66,19.72438734,51.84,9.7,99.0,0.0,1019.2,26.127289,44.444925
2022-10-09 06:00:00,2022-10-09 07:00:00,35.53,18.608801970000002,42.23,10.7,92.0,0.0,1019.8,26.127289,44.444925
2022-10-09 07:00:00,2022-10-09 08:00:00,30.92,16.194319080000003,35.34,14.6,66.0,0.0,1020.2,26.127289,44.444925
2022-10-09 08:00:00,2022-10-09 09:00:00,26.09,13.664611410000001,28.12,17.9,53.0,3.6,1020.2,26.127289,44.444925
2022-10-09 09:00:00,2022-10-09 10:00:00,28.17,14.75400933,32.48,20.4,49.0,3.6,1020.2,26.127289,44.444925
2022-10-09 10:00:00,2022-10-09 11:00:00,26.41,13.832211090000001,19.2,22.9,46.0,3.6,1020.0,26.127289,44.444925
2022-10-09 11:00:00,2022-10-09 12:00:00,26.59,13.92648591,13.24,24.3,41.0,3.6,1019.8,26.127289,44.444925
2022-10-09 12:00:00,2022-10-09 13:00:00,25.53,13.37131197,15.35,23.8,40.0,3.6,1019.5,26.127289,44.444925
2022-10-09 13:00:00,2022-10-09 14:00:00,21.67,11.349640830000002,17.39,24.7,39.0,3.6,1019.3,26.127289,44.444925
2022-10-09 14:00:00,2022-10-09 15:00:00,20.93,10.962066570000001,25.77,24.5,40.0,3.6,1019.3,26.127289,44.444925
2022-10-09 15:00:00,2022-10-09 16:00:00,22.21,11.63246529,40.63,23.5,42.0,0.0,1019.6,26.127289,44.444925
2022-10-09 16:00:00,2022-10-09 17:00:00,24.75,12.96278775,55.76,18.8,54.0,0.0,1020.1,26.127289,44.444925
2022-10-09 17:00:00,2022-10-09 18:00:00,34.22,17.92269078,86.38,16.7,63.0,0.0,1020.8,26.127289,44.444925
2022-10-09 18:00:00,2022-10-09 19:00:00,39.42,20.64618558,105.4,17.0,63.0,0.0,1021.6,26.127289,44.444925
2022-10-09 19:00:00,2022-10-09 20:00:00,34.19,17.90697831,81.21,17.0,62.0,3.6,1022.0,26.127289,44.444925
2022-10-09 21:00:00,2022-10-09 22:00:00,38.21,20.012449290000003,36.18,16.1,64.0,3.6,1023.5,26.127289,44.444925
2022-10-09 22:00:00,2022-10-09 23:00:00,25.73,13.476061770000001,26.63,16.0,61.0,7.2,1023.9,26.127289,44.444925
2022-10-09 23:00:00,2022-10-10 00:00:00,23.17,12.135264330000002,21.44,15.5,64.0,3.6,1024.3,26.127289,44.444925
2022-10-10 00:00:00,2022-10-10 01:00:00,21.76,11.396778240000002,17.75,15.3,63.0,3.6,1024.8,26.127289,44.444925
2022-10-10 01:00:00,2022-10-10 02:00:00,18.92,9.909331080000001,14.41,15.1,56.0,7.2,1025.3,26.127289,44.444925
2022-10-10 02:00:00,2022-10-10 03:00:00,14.08,7.37438592,12.27,14.6,58.0,7.2,1025.5,26.127289,44.444925
2022-10-10 03:00:00,2022-10-10 04:00:00,12.51,6.55209999,13.48,14.3,61.0,7.2,1026.0,26.127289,44.444925
2022-10-10 04:00:00,2022-10-10 05:00:00,13.24,6.9344367600000005,14.59,13.9,62.0,7.2,1026.5,26.127289,44.444925
2022-10-10 05:00:00,2022-10-10 06:00:00,13.18,6.90301182,23.8,13.3,59.0,7.2,1026.9,26.127289,44.444925
2022-10-10 06:00:00,2022-10-10 07:00:00,15.59,8.16524691,39.34,13.4,59.0,3.6,1027.6,26.127289,44.444925
2022-10-10 07:00:00,2022-10-10 08:00:00,16.6,8.694233400000002,48.68,14.6,55.0,3.6,1028.1,26.127289,44.444925
2022-10-10 08:00:00,2022-10-10 09:00:00,19.06,9.982655939999999,44.69,15.5,50.0,7.2,1028.4,26.127289,44.444925
2022-10-10 09:00:00,2022-10-10 10:00:00,19.47,10.19739303,44.17,17.3,45.0,7.2,1028.3,26.127289,44.444925
2022-10-10 10:00:00,2022-10-10 11:00:00,18.25,9.55841925,39.36,16.9,44.0,3.6,1028.3,26.127289,44.444925
2022-10-10 11:00:00,2022-10-10 12:00:00,20.05,10.50116745,41.63,19.0,39.0,3.6,1027.7,26.127289,44.444925
2022-10-10 12:00:00,2022-10-10 13:00:00,21.6,11.3129784,46.53,19.9,38.0,3.6,1027.1,26.127289,44.444925
2022-10-10 13:00:00,2022-10-10 14:00:00,21.26,11.13490374,42.07,18.8,41.0,3.6,1026.7,26.127289,44.444925
2022-10-10 14:00:00,2022-10-10 15:00:00,23.45,12.28191405,43.02,18.4,43.0,3.6,1026.3,26.127289,44.444925
2022-10-10 15:00:00,2022-10-10 16:00:00,25.65,13.43416185,57.18,17.4,47.0,0.0,1026.2,26.127289,44.444925
2022-10-10 16:00:00,2022-10-10 17:00:00,24.96,13.072775040000002,63.49,14.9,57.0,0.0,1026.2,26.127289,44.444925
2022-10-10 17:00:00,2022-10-10 18:00:00,27.84,14.581172160000001,68.1,13.5,62.0,3.6,1026.3,26.127289,44.444925
2022-10-10 18:00:00,2022-10-10 19:00:00,35.02,18.34168998,69.92,12.7,67.0,3.6,1026.5,26.127289,44.444925
2022-10-10 19:00:00,2022-10-10 20:00:00,35.37,18.52500213,67.46,11.9,68.0,0.0,1026.6,26.127289,44.444925
2022-10-10 20:00:00,2022-10-10 21:00:00,30.01,15.717707490000002,57.96,10.9,72.0,0.0,1026.5,26.127289,44.444925
2022-10-10 22:00:00,2022-10-10 23:00:00,29.12,15.251570880000001,48.06,12.1,65.0,0.0,1026.3,26.127289,44.444925
2022-10-10 23:00:00,2022-10-11 00:00:00,25.17,13.182762330000001,37.27,12.8,64.0,3.6,1025.7,26.127289,44.444925
2022-10-11 00:00:00,2022-10-11 01:00:00,25.97,13.60176153,31.37,11.3,71.0,3.6,1025.5,26.127289,44.444925
2022-10-11 01:00:00,2022-10-11 02:00:00,28.07,14.70163443,32.86,10.9,72.0,3.6,1025.3,26.127289,44.444925
2022-10-11 02:00:00,2022-10-11 03:00:00,29.25,15.31965825,28.7,11.0,69.0,3.6,1024.6,26.127289,44.444925
2022-10-11 03:00:00,2022-10-11 04:00:00,26.78,14.025998220000002,24.85,9.9,72.0,3.6,1024.7,26.127289,44.444925
2022-10-11 04:00:00,2022-10-11 05:00:00,25.87,13.54938663,28.53,9.0,73.0,3.6,1024.4,26.127289,44.444925
2022-10-11 05:00:00,2022-10-11 06:00:00,25.48,13.34512452,39.39,9.1,72.0,3.6,1024.3,26.127289,44.444925
2022-10-11 06:00:00,2022-10-11 07:00:00,27.16,14.225022840000001,58.44,10.1,70.0,3.6,1024.2,26.127289,44.444925
2022-10-11 07:00:00,2022-10-11 08:00:00,31.95,16.73378055,61.96,11.7,67.0,3.6,1024.2,26.127289,44.444925
2022-10-11 08:00:00,2022-10-11 09:00:00,35.24,18.45691476,57.6,13.5,64.0,3.6,1024.3,26.127289,44.444925
2022-10-11 09:00:00,2022-10-11 10:00:00,34.35,17.99077815,54.32,15.6,59.0,3.6,1024.1,26.127289,44.444925
2022-10-11 10:00:00,2022-10-11 11:00:00,35.26,18.467389739999998,53.7,16.9,61.0,3.6,1023.9,26.127289,44.444925
2022-10-11 11:00:00,2022-10-11 12:00:00,30.92,16.194319080000003,51.77,18.0,55.0,3.6,1023.5,26.127289,44.444925
2022-10-11 12:00:00,2022-10-11 13:00:00,30.24,15.83816976,55.2,18.7,55.0,3.6,1022.7,26.127289,44.444925
2022-10-11 13:00:00,2022-10-11 14:00:00,32.91,17.236579589999998,60.21,19.2,53.0,3.6,1022.4,26.127289,44.444925
2022-10-11 14:00:00,2022-10-11 15:00:00,34.29,17.95935321,63.84,19.0,52.0,3.6,1022.3,26.127289,44.444925
2022-10-11 15:00:00,2022-10-11 16:00:00,31.06,16.26764394,72.44,18.3,58.0,0.0,1021.9,26.127289,44.444925
2022-10-11 16:00:00,2022-10-11 17:00:00,29.41,15.40345809,58.42,16.4,65.0,3.6,1022.0,26.127289,44.444925
2022-10-11 17:00:00,2022-10-11 18:00:00,31.83,16.67093067,71.46,15.8,66.0,3.6,1022.5,26.127289,44.444925
2022-10-11 18:00:00,2022-10-11 19:00:00,39.68,20.782360320000002,75.68,15.3,68.0,3.6,1022.6,26.127289,44.444925
2022-10-11 19:00:00,2022-10-11 20:00:00,42.12,22.06030788,64.93,14.8,70.0,3.6,1022.8,26.127289,44.444925
2022-10-11 20:00:00,2022-10-11 21:00:00,44.61,23.36444289,58.78,14.8,69.0,3.6,1022.8,26.127289,44.444925
2022-10-11 21:00:00,2022-10-11 22:00:00,40.48,21.20135952,57.28,14.8,72.0,3.6,1023.0,26.127289,44.444925
2022-10-11 23:00:00,2022-10-12 00:00:00,37.64,19.713912360000002,43.79,14.4,71.0,3.6,1022.9,26.127289,44.444925
2022-10-12 00:00:00,2022-10-12 01:00:00,36.16,18.93876384,31.79,14.2,71.0,0.0,1023.0,26.127289,44.444925
2022-10-12 01:00:00,2022-10-12 02:00:00,39.84,20.866160160000003,29.7,13.6,78.0,0.0,1023.1,26.127289,44.444925
2022-10-12 02:00:00,2022-10-12 03:00:00,41.41,21.68844609,28.54,13.5,77.0,3.6,1023.1,26.127289,44.444925
2022-10-12 03:00:00,2022-10-12 04:00:00,40.87,21.40562163,26.62,13.1,81.0,0.0,1023.4,26.127289,44.444925
2022-10-12 04:00:00,2022-10-12 05:00:00,39.09,20.473348410000003,28.93,13.1,82.0,3.6,1023.5,26.127289,44.444925
2022-10-12 05:00:00,2022-10-12 06:00:00,38.12,19.965311879999998,37.67,13.2,80.0,3.6,1023.8,26.127289,44.444925
2022-10-12 06:00:00,2022-10-12 07:00:00,30.91,16.18908159,42.94,13.2,82.0,3.6,1024.3,26.127289,44.444925
2022-10-12 07:00:00,2022-10-12 08:00:00,33.44,17.51416656,46.11,13.7,77.0,3.6,1025.0,26.127289,44.444925
2022-10-12 08:00:00,2022-10-12 09:00:00,40.5,21.211834500000002,46.68,14.4,72.0,3.6,1025.2,26.127289,44.444925
2022-10-12 09:00:00,2022-10-12 10:00:00,40.81,21.37419669,49.57,16.6,66.0,0.0,1025.1,26.127289,44.444925
2022-10-12 10:00:00,2022-10-12 11:00:00,39.89,20.89234761,41.88,17.8,60.0,3.6,1025.1,26.127289,44.444925
2022-10-12 11:00:00,2022-10-12 12:00:00,35.59,18.640226910000003,41.04,19.5,52.0,3.6,1024.9,26.127289,44.444925
2022-10-12 12:00:00,2022-10-12 13:00:00,29.56,15.48202044,45.56,20.2,45.0,3.6,1024.3,26.127289,44.444925
2022-10-12 13:00:00,2022-10-12 14:00:00,31.51,16.503330990000002,56.52,19.6,44.0,0.0,1024.1,26.127289,44.444925
2022-10-12 14:00:00,2022-10-12 15:00:00,33.0,17.283717,72.82,20.0,44.0,3.6,1023.9,26.127289,44.444925
2022-10-12 15:00:00,2022-10-12 16:00:00,30.43,15.937682070000001,68.78,18.7,51.0,3.6,1024.0,26.127289,44.444925
2022-10-12 16:00:00,2022-10-12 17:00:00,29.09,15.23585841,75.62,16.0,59.0,0.0,1024.2,26.127289,44.444925
2022-10-12 17:00:00,2022-10-12 18:00:00,29.95,15.68628255,86.42,13.9,64.0,0.0,1024.6,26.127289,44.444925
2022-10-12 18:00:00,2022-10-12 19:00:00,39.23,20.54667327,93.78,12.6,71.0,0.0,1024.7,26.127289,44.444925
2022-10-12 19:00:00,2022-10-12 20:00:00,51.78,27.11972322,90.86,11.8,77.0,0.0,1024.9,26.127289,44.444925
2022-10-12 20:00:00,2022-10-12 21:00:00,71.36,37.37472864,100.15,11.1,81.0,0.0,1024.9,26.127289,44.444925
2022-10-12 21:00:00,2022-10-12 22:00:00,57.66,30.19936734,100.23,10.5,83.0,0.0,1024.9,26.127289,44.444925
2022-10-12 22:00:00,2022-10-12 23:00:00,74.44,38.98787556,99.55,9.9,92.0,0.0,1025.1,26.127289,44.444925
2022-10-13 00:00:00,2022-10-13 01:00:00,57.57,30.15222993,70.94,9.4,95.0,0.0,1025.2,26.127289,44.444925
2022-10-13 01:00:00,2022-10-13 02:00:00,50.07,26.22411243,66.27,8.7,96.0,0.0,1024.9,26.127289,44.444925
2022-10-13 02:00:00,2022-10-13 03:00:00,48.32,25.30755168,59.86,8.6,95.0,3.6,1025.1,26.127289,44.444925
2022-10-13 03:00:00,2022-10-13 04:00:00,50.21,26.29743729,44.34,8.5,95.0,3.6,1024.8,26.127289,44.444925
2022-10-13 04:00:00,2022-10-13 05:00:00,50.32,26.35504968,38.24,9.3,92.0,3.6,1024.8,26.127289,44.444925
2022-10-13 05:00:00,2022-10-13 06:00:00,50.35,26.37076215,50.06,8.7,93.0,3.6,1024.9,26.127289,44.444925
2022-10-13 06:00:00,2022-10-13 07:00:00,50.72,26.56454928,60.46,10.6,85.0,3.6,1024.9,26.127289,44.444925
2022-10-13 07:00:00,2022-10-13 08:00:00,49.67,26.01461283,59.06,13.3,71.0,3.6,1025.1,26.127289,44.444925
2022-10-13 08:00:00,2022-10-13 09:00:00,50.13,26.255537370000003,56.51,15.1,60.0,3.6,1025.0,26.127289,44.444925
2022-10-13 09:00:00,2022-10-13 10:00:00,48.68,25.49610132,57.89,17.9,52.0,3.6,1024.8,26.127289,44.444925
2022-10-13 10:00:00,2022-10-13 11:00:00,45.67,23.919616830000002,42.84,19.8,47.0,3.6,1024.5,26.127289,44.444925
2022-10-13 11:00:00,2022-10-13 12:00:00,38.36,20.09101164,51.66,20.7,43.0,0.0,1023.9,26.127289,44.444925
2022-10-13 12:00:00,2022-10-13 13:00:00,32.97,17.26800453,56.74,20.3,39.0,3.6,1023.1,26.127289,44.444925
2022-10-13 13:00:00,2022-10-13 14:00:00,27.53,14.418809970000002,51.21,20.9,36.0,3.6,1022.7,26.127289,44.444925
2022-10-13 14:00:00,2022-10-13 15:00:00,28.74,15.05254626,66.73,21.3,32.0,0.0,1022.3,26.127289,44.444925
2022-10-13 15:00:00,2022-10-13 16:00:00,29.12,15.251570880000001,66.35,18.0,43.0,0.0,1022.1,26.127289,44.444925
2022-10-13 16:00:00,2022-10-13 17:00:00,29.45,15.42440805,71.42,16.0,48.0,0.0,1022.4,26.127289,44.444925
2022-10-13 17:00:00,2022-10-13 18:00:00,37.9,19.8500871,79.85,14.9,51.0,0.0,1022.4,26.127289,44.444925
2022-10-13 18:00:00,2022-10-13 19:00:00,43.62,22.84593138,102.37,14.8,51.0,0.0,1022.3,26.127289,44.444925
2022-10-13 19:00:00,2022-10-13 20:00:00,48.84,25.579901160000002,95.87,14.5,61.0,7.2,1022.4,26.127289,44.444925
2022-10-13 20:00:00,2022-10-13 21:00:00,54.18,28.37672082,75.94,14.0,68.0,3.6,1022.9,26.127289,44.444925
2022-10-13 21:00:00,2022-10-13 22:00:00,48.02,25.150426980000002,51.07,13.9,70.0,3.6,1022.9,26.127289,44.444925
2022-10-13 22:00:00,2022-10-13 23:00:00,38.92,20.384311080000003,38.3,12.5,80.0,11.2,1022.5,26.127289,44.444925
2022-10-13 23:00:00,2022-10-14 00:00:00,37.76,19.77676224,36.04,11.2,86.0,9.4,1022.2,26.127289,44.444925
2022-10-14 01:00:00,2022-10-14 02:00:00,33.42,17.50369158,29.65,10.2,90.0,9.4,1021.7,26.127289,44.444925
2022-10-14 02:00:00,2022-10-14 03:00:00,32.58,17.06374242,27.42,10.7,95.0,3.6,1022.0,26.127289,44.444925
2022-10-14 03:00:00,2022-10-14 04:00:00,33.7,17.6503413,21.22,10.3,97.0,3.6,1022.1,26.127289,44.444925
2022-10-14 04:00:00,2022-10-14 05:00:00,32.9,17.2313421,25.17,11.1,93.0,3.6,1021.9,26.127289,44.444925
2022-10-14 05:00:00,2022-10-14 06:00:00,30.63,16.04243187,35.93,10.4,95.0,3.6,1021.7,26.127289,44.444925
2022-10-14 06:00:00,2022-10-14 07:00:00,30.64,16.04766936,46.91,11.5,89.0,3.6,1021.6,26.127289,44.444925
2022-10-14 07:00:00,2022-10-14 08:00:00,46.73,24.47479077,54.45,12.8,81.0,3.6,1021.8,26.127289,44.444925
2022-10-14 08:00:00,2022-10-14 09:00:00,44.26,23.18113074,49.38,15.0,70.0,3.6,1021.7,26.127289,44.444925
2022-10-14 09:00:00,2022-10-14 10:00:00,31.17,16.325256330000002,45.95,17.1,61.0,3.6,1021.4,26.127289,44.444925
2022-10-14 10:00:00,2022-10-14 11:00:00,26.53,13.895060970000001,52.11,18.4,56.0,3.6,1021.5,26.127289,44.444925
2022-10-14 11:00:00,2022-10-14 12:00:00,24.75,12.96278775,54.34,16.9,61.0,3.6,1021.5,26.127289,44.444925
2022-10-14 12:00:00,2022-10-14 13:00:00,26.36,13.80602364,54.11,18.8,55.0,3.6,1020.8,26.127289,44.444925
2022-10-14 13:00:00,2022-10-14 14:00:00,28.68,15.02112132,53.75,19.2,53.0,7.2,1020.3,26.127289,44.444925
2022-10-14 14:00:00,2022-10-14 15:00:00,32.58,17.06374242,57.23,17.3,57.0,7.2,1020.2,26.127289,44.444925
2022-10-14 15:00:00,2022-10-14 16:00:00,35.06,18.36263994,68.13,15.8,63.0,7.2,1020.4,26.127289,44.444925
2022-10-14 16:00:00,2022-10-14 17:00:00,34.96,18.31026504,77.82,14.8,68.0,3.6,1020.5,26.127289,44.444925
2022-10-14 17:00:00,2022-10-14 18:00:00,33.73,17.666053769999998,63.16,14.8,69.0,3.6,1020.8,26.127289,44.444925
2022-10-14 18:00:00,2022-10-14 19:00:00,39.85,20.871397650000002,58.81,14.1,72.0,3.6,1021.0,26.127289,44.444925
2022-10-14 19:00:00,2022-10-14 20:00:00,50.1,26.239824900000002,55.3,13.1,78.0,3.6,1021.3,26.127289,44.444925
2022-10-14 20:00:00,2022-10-14 21:00:00,45.21,23.67869229,51.51,13.1,67.0,3.6,1021.9,26.127289,44.444925
2022-10-14 21:00:00,2022-10-14 22:00:00,21.79,11.41249071,42.25,12.6,65.0,3.6,1022.4,26.127289,44.444925
2022-10-14 22:00:00,2022-10-14 23:00:00,15.92,8.33808408,37.79,11.8,67.0,3.6,1022.3,26.127289,44.444925
2022-10-14 23:00:00,2022-10-15 00:00:00,14.43,7.55769807,38.0,10.2,74.0,3.6,1022.3,26.127289,44.444925
2022-10-15 00:00:00,2022-10-15 01:00:00,14.56,7.6257854400000005,35.0,9.2,78.0,3.6,1022.5,26.127289,44.444925
2022-10-15 02:00:00,2022-10-15 03:00:00,18.34,9.60555666,36.25,7.9,83.0,3.6,1022.3,26.127289,44.444925
2022-10-15 03:00:00,2022-10-15 04:00:00,17.98,9.41700702,27.83,7.4,85.0,3.6,1022.3,26.127289,44.444925
2022-10-15 04:00:00,2022-10-15 05:00:00,17.15,8.98229535,30.13,7.9,80.0,3.6,1022.2,26.127289,44.444925
2022-10-15 05:00:00,2022-10-15 06:00:00,20.65,10.81541685,41.17,8.8,73.0,3.6,1022.3,26.127289,44.444925
2022-10-15 06:00:00,2022-10-15 07:00:00,25.05,13.119912450000001,51.58,9.3,71.0,3.6,1022.6,26.127289,44.444925
2022-10-15 07:00:00,2022-10-15 08:00:00,28.43,14.89018407,50.24,11.6,61.0,7.2,1022.8,26.127289,44.444925
2022-10-15 08:00:00,2022-10-15 09:00:00,29.52,15.46107048,54.59,14.0,53.0,7.2,1022.9,26.127289,44.444925
2022-10-15 09:00:00,2022-10-15 10:00:00,26.19,13.716986310000001,46.91,16.0,50.0,3.6,1023.0,26.127289,44.444925
2022-10-15 10:00:00,2022-10-15 11:00:00,26.67,13.96838583,37.18,17.6,46.0,3.6,1022.9,26.127289,44.444925
2022-10-15 11:00:00,2022-10-15 12:00:00,26.74,14.00504826,31.66,17.6,46.0,3.6,1022.7,26.127289,44.444925
2022-10-15 12:00:00,2022-10-15 13:00:00,30.64,16.04766936,30.33,18.8,44.0,3.6,1022.2,26.127289,44.444925
2022-10-15 13:00:00,2022-10-15 14:00:00,29.82,15.61819518,25.38,18.0,43.0,3.6,1022.2,26.127289,44.444925
2022-10-15 14:00:00,2022-10-15 15:00:00,28.85,15.11015865,26.14,16.9,45.0,3.6,1022.3,26.127289,44.444925
2022-10-15 15:00:00,2022-10-15 16:00:00,30.19,15.811982310000001,30.77,15.2,51.0,3.6,1022.1,26.127289,44.444925
2022-10-15 16:00:00,2022-10-15 17:00:00,29.1,15.241095900000001,39.06,12.9,60.0,3.6,1022.3,26.127289,44.444925
2022-10-15 17:00:00,2022-10-15 18:00:00,39.63,20.756172870000004,73.83,10.7,70.0,0.0,1022.9,26.127289,44.444925
2022-10-15 18:00:00,2022-10-15 19:00:00,54.82,28.71192018,80.35,10.3,72.0,0.0,1023.4,26.127289,44.444925
2022-10-15 19:00:00,2022-10-15 20:00:00,72.45,37.94561505,94.1,9.4,78.0,0.0,1023.8,26.127289,44.444925
2022-10-15 20:00:00,2022-10-15 21:00:00,79.96,41.87897004,94.83,9.1,80.0,0.0,1024.2,26.127289,44.444925
2022-10-15 21:00:00,2022-10-15 22:00:00,69.26,36.27485574000001,80.13,8.7,83.0,0.0,1024.5,26.127289,44.444925
2022-10-15 22:00:00,2022-10-15 23:00:00,55.78,29.214719220000003,71.98,7.7,90.0,0.0,1024.7,26.127289,44.444925
2022-10-15 23:00:00,2022-10-16 00:00:00,51.96,27.21399804,66.96,7.1,93.0,3.6,1025.0,26.127289,44.444925
2022-10-16 00:00:00,2022-10-16 01:00:00,61.09,31.995826410000003,57.19,6.4,97.0,3.6,1025.4,26.127289,44.444925
2022-10-16 01:00:00,2022-10-16 02:00:00,57.13,29.921780370000004,44.25,5.6,97.0,3.6,1025.8,26.127289,44.444925
2022-10-16 03:00:00,2022-10-16 04:00:00,46.6,24.4067034,30.05,5.4,97.0,3.6,1026.3,26.127289,44.444925
2022-10-16 04:00:00,2022-10-16 05:00:00,43.45,22.756894050000003,29.95,4.2,98.0,3.6,1026.6,26.127289,44.444925
2022-10-16 05:00:00,2022-10-16 06:00:00,32.67,17.110879830000002,35.07,3.9,98.0,3.6,1026.8,26.127289,44.444925
2022-10-16 06:00:00,2022-10-16 07:00:00,29.89,15.65485761,37.78,5.6,95.0,3.6,1027.4,26.127289,44.444925
2022-10-16 07:00:00,2022-10-16 08:00:00,27.06,14.17264794,35.87,9.0,71.0,3.6,1028.0,26.127289,44.444925
2022-10-16 08:00:00,2022-10-16 09:00:00,27.5,14.403097500000001,37.94,12.0,59.0,3.6,1028.3,26.127289,44.444925
2022-10-16 09:00:00,2022-10-16 10:00:00,28.53,14.94255897,39.17,14.4,50.0,3.6,1028.2,26.127289,44.444925
2022-10-16 10:00:00,2022-10-16 11:00:00,31.26,16.37239374,31.04,15.6,47.0,3.6,1028.2,26.127289,44.444925
2022-10-16 11:00:00,2022-10-16 12:00:00,33.74,17.67129126,19.19,16.8,45.0,3.6,1027.7,26.127289,44.444925
2022-10-16 12:00:00,2022-10-16 13:00:00,39.77,20.829497730000003,21.17,17.5,43.0,3.6,1027.4,26.127289,44.444925
2022-10-16 13:00:00,2022-10-16 14:00:00,34.65,18.14790285,16.53,18.2,40.0,3.6,1027.2,26.127289,44.444925
2022-10-16 14:00:00,2022-10-16 15:00:00,33.92,17.765566080000003,17.86,17.8,41.0,0.0,1027.5,26.127289,44.444925
2022-10-16 15:00:00,2022-10-16 16:00:00,31.99,16.754730509999998,22.11,16.2,46.0,0.0,1027.9,26.127289,44.444925
2022-10-16 16:00:00,2022-10-16 17:00:00,30.74,16.10004426,47.44,12.4,59.0,0.0,1028.4,26.127289,44.444925
2022-10-16 17:00:00,2022-10-16 18:00:00,35.33,18.50405217,81.58,10.7,63.0,0.0,1029.1,26.127289,44.444925
2022-10-16 18:00:00,2022-10-16 19:00:00,54.37,28.47623313,95.58,9.9,65.0,0.0,1029.7,26.127289,44.444925
2022-10-16 19:00:00,2022-10-16 20:00:00,61.05,31.97487645,89.04,8.8,69.0,0.0,1030.1,26.127289,44.444925
2022-10-16 20:00:00,2022-10-16 21:00:00,56.37,29.523731129999998,86.06,8.5,69.0,0.0,1030.7,26.127289,44.444925
2022-10-16 21:00:00,2022-10-16 22:00:00,41.42,21.693683580000002,75.93,7.9,72.0,0.0,1031.2,26.127289,44.444925
2022-10-16 22:00:00,2022-10-16 23:00:00,32.07,16.79663043,63.41,7.4,74.0,6.8,1031.7,26.127289,44.444925
2022-10-16 23:00:00,2022-10-17 00:00:00,34.36,17.99601564,59.07,6.4,81.0,8.3,1032.1,26.127289,44.444925
2022-10-17 00:00:00,2022-10-17 01:00:00,45.71,23.940566790000002,43.07,6.0,82.0,5.8,1032.1,26.127289,44.444925
2022-10-17 01:00:00,2022-10-17 02:00:00,43.03,22.53691947,37.1,5.7,85.0,5.8,1032.0,26.127289,44.444925
2022-10-17 02:00:00,2022-10-17 03:00:00,36.45,19.09065105,29.21,5.3,87.0,6.1,1032.2,26.127289,44.444925
2022-10-17 04:00:00,2022-10-17 05:00:00,30.0,15.71247,39.7,3.8,93.0,0.0,1033.3,26.127289,44.444925
2022-10-17 05:00:00,2022-10-17 06:00:00,35.04,18.35216496,55.55,3.6,97.0,0.0,1033.6,26.127289,44.444925
2022-10-17 06:00:00,2022-10-17 07:00:00,39.63,20.756172870000004,59.22,4.5,95.0,0.0,1034.1,26.127289,44.444925
2022-10-17 07:00:00,2022-10-17 08:00:00,42.19,22.09697031,70.12,9.7,64.0,3.6,1034.7,26.127289,44.444925
2022-10-17 08:00:00,2022-10-17 09:00:00,47.53,24.89378997,78.84,13.3,49.0,3.6,1034.7,26.127289,44.444925
2022-10-17 09:00:00,2022-10-17 10:00:00,36.86,19.30538814,74.5,15.6,41.0,3.6,1034.7,26.127289,44.444925
2022-10-17 10:00:00,2022-10-17 11:00:00,34.59,18.116477910000004,66.51,17.7,33.0,3.6,1034.6,26.127289,44.444925
2022-10-17 11:00:00,2022-10-17 12:00:00,27.65,14.48165985,52.21,18.3,34.0,3.6,1034.1,26.127289,44.444925
2022-10-17 12:00:00,2022-10-17 13:00:00,24.57,12.868512930000001,36.73,19.1,31.0,3.6,1033.4,26.127289,44.444925
2022-10-17 13:00:00,2022-10-17 14:00:00,33.85,17.728903650000003,59.91,20.1,29.0,0.0,1032.9,26.127289,44.444925
2022-10-17 14:00:00,2022-10-17 15:00:00,31.09,16.28335641,53.38,20.0,30.0,3.6,1032.9,26.127289,44.444925
2022-10-17 15:00:00,2022-10-17 16:00:00,35.4,18.5407146,54.72,17.8,34.0,0.0,1033.1,26.127289,44.444925
2022-10-17 16:00:00,2022-10-17 17:00:00,32.41,16.97470509,63.97,13.4,48.0,0.0,1033.3,26.127289,44.444925
2022-10-17 17:00:00,2022-10-17 18:00:00,43.99,23.03971851,113.0,11.1,57.0,0.0,1033.9,26.127289,44.444925
2022-10-17 18:00:00,2022-10-17 19:00:00,66.7,34.934058300000004,130.21,9.7,66.0,0.0,1034.2,26.127289,44.444925
2022-10-17 19:00:00,2022-10-17 20:00:00,93.18,48.802931820000005,127.06,9.1,68.0,0.0,1034.4,26.127289,44.444925
2022-10-17 20:00:00,2022-10-17 21:00:00,105.53,55.27123197,126.32,8.6,73.0,3.6,1034.7,26.127289,44.444925
2022-10-17 21:00:00,2022-10-17 22:00:00,109.8,57.5076402,125.43,7.5,75.0,0.0,1034.8,26.127289,44.444925
2022-10-17 22:00:00,2022-10-17 23:00:00,108.99,57.08340351,110.6,7.0,84.0,6.1,1033.8,26.127289,44.444925
2022-10-17 23:00:00,2022-10-18 00:00:00,112.72,59.03698728,107.4,6.1,90.0,6.8,1033.8,26.127289,44.444925
2022-10-18 00:00:00,2022-10-18 01:00:00,109.86,57.539065140000005,103.37,5.3,93.0,6.5,1033.4,26.127289,44.444925
2022-10-18 01:00:00,2022-10-18 02:00:00,96.47,50.52606603,92.62,5.4,93.0,0.0,1034.1,26.127289,44.444925
2022-10-18 02:00:00,2022-10-18 03:00:00,82.61,43.26690489,80.64,4.7,93.0,0.0,1033.7,26.127289,44.444925
2022-10-18 03:00:00,2022-10-18 04:00:00,68.43,35.84014407000001,72.34,3.7,91.0,0.0,1033.5,26.127289,44.444925
2022-10-18 05:00:00,2022-10-18 06:00:00,69.51,36.40579299,78.74,3.3,97.0,0.0,1033.3,26.127289,44.444925
2022-10-18 06:00:00,2022-10-18 07:00:00,79.49,41.63280801,86.27,4.9,97.0,0.0,1033.3,26.127289,44.444925
2022-10-18 07:00:00,2022-10-18 08:00:00,84.47,44.241078030000004,87.13,9.3,72.0,3.6,1033.5,26.127289,44.444925
2022-10-18 08:00:00,2022-10-18 09:00:00,94.36,49.42095564,101.31,13.9,51.0,3.6,1033.3,26.127289,44.444925
2022-10-18 09:00:00,2022-10-18 10:00:00,77.24,40.45437276,100.65,16.1,42.0,3.6,1032.7,26.127289,44.444925
2022-10-18 10:00:00,2022-10-18 11:00:00,79.43,41.601383070000004,104.6,18.0,35.0,3.6,1032.1,26.127289,44.444925
2022-10-18 11:00:00,2022-10-18 12:00:00,63.87,33.45184863,90.49,19.2,34.0,0.0,1031.1,26.127289,44.444925
2022-10-18 12:00:00,2022-10-18 13:00:00,46.96,24.595253040000003,79.77,18.9,34.0,3.6,1030.0,26.127289,44.444925
2022-10-18 13:00:00,2022-10-18 14:00:00,45.72,23.94580428,67.46,20.4,31.0,3.6,1029.0,26.127289,44.444925
2022-10-18 14:00:00,2022-10-18 15:00:00,44.23,23.16541827,79.91,20.1,31.0,3.6,1028.3,26.127289,44.444925
2022-10-18 15:00:00,2022-10-18 16:00:00,42.37,22.19124513,91.71,16.7,42.0,3.6,1027.5,26.127289,44.444925
2022-10-18 16:00:00,2022-10-18 17:00:00,40.94,21.44228406,105.15,13.8,51.0,0.0,1027.2,26.127289,44.444925
2022-10-18 17:00:00,2022-10-18 18:00:00,48.76,25.53800124,121.47,11.6,59.0,3.6,1027.1,26.127289,44.444925
2022-10-18 18:00:00,2022-10-18 19:00:00,60.49,31.68157701,130.72,9.7,67.0,0.0,1026.6,26.127289,44.444925
2022-10-18 19:00:00,2022-10-18 20:00:00,83.19,43.57067931,133.39,9.3,68.0,3.6,1026.1,26.127289,44.444925
2022-10-18 20:00:00,2022-10-18 21:00:00,101.54,53.18147346000001,137.39,8.4,70.0,0.0,1025.6,26.127289,44.444925
2022-10-18 21:00:00,2022-10-18 22:00:00,104.26,54.60607074000001,144.36,8.1,72.0,3.6,1025.1,26.127289,44.444925
2022-10-18 22:00:00,2022-10-18 23:00:00,132.37,69.32865513,128.86,6.7,76.0,0.0,1024.4,26.127289,44.444925
2022-10-19 23:00:00,2022-10-20 00:00:00,25.41,13.30846209,36.7,14.0,65.0,0.0,1018.7,26.127289,44.444925
2022-10-20 00:00:00,2022-10-20 01:00:00,16.11,8.43759639,25.92,13.4,69.0,3.6,1019.0,26.127289,44.444925
2022-10-20 01:00:00,2022-10-20 02:00:00,12.68,6.64113732,18.93,12.5,70.0,0.0,1019.4,26.127289,44.444925
2022-10-20 02:00:00,2022-10-20 03:00:00,13.36,6.99728664,16.1,12.5,64.0,3.6,1019.6,26.127289,44.444925
2022-10-20 03:00:00,2022-10-20 04:00:00,14.25,7.46342325,19.32,12.2,63.0,3.6,1020.3,26.127289,44.444925
2022-10-20 04:00:00,2022-10-20 05:00:00,14.41,7.54722309,22.98,9.5,73.0,0.0,1020.8,26.127289,44.444925
2022-10-20 05:00:00,2022-10-20 06:00:00,16.6,8.694233400000002,43.03,8.7,76.0,0.0,1021.5,26.127289,44.444925
2022-10-20 07:00:00,2022-10-20 08:00:00,21.32,11.166328680000001,64.86,10.9,65.0,3.6,1023.4,26.127289,44.444925
2022-10-20 08:00:00,2022-10-20 09:00:00,21.32,11.166328680000001,58.47,12.9,57.0,3.6,1023.6,26.127289,44.444925
2022-10-20 09:00:00,2022-10-20 10:00:00,22.19,11.621990310000001,44.47,14.1,51.0,3.6,1024.3,26.127289,44.444925
2022-10-20 10:00:00,2022-10-20 11:00:00,26.33,13.790311169999999,48.37,15.1,45.0,3.6,1024.6,26.127289,44.444925
2022-10-20 11:00:00,2022-10-20 12:00:00,27.01,14.14646049,46.82,15.3,43.0,3.6,1024.5,26.127289,44.444925
2022-10-20 12:00:00,2022-10-20 13:00:00,29.25,15.31965825,36.07,16.1,41.0,3.6,1023.8,26.127289,44.444925
2022-10-20 13:00:00,2022-10-20 14:00:00,34.37,18.00125313,46.92,16.7,40.0,3.6,1023.7,26.127289,44.444925
2022-10-20 14:00:00,2022-10-20 15:00:00,33.87,17.73937863,45.02,16.2,40.0,3.6,1023.5,26.127289,44.444925
2022-10-20 15:00:00,2022-10-20 16:00:00,37.24,19.50441276,57.54,14.9,45.0,3.6,1023.5,26.127289,44.444925
2022-10-20 16:00:00,2022-10-20 17:00:00,37.23,19.49917527,68.8,12.4,55.0,0.0,1023.8,26.127289,44.444925
2022-10-20 17:00:00,2022-10-20 18:00:00,39.8,20.8452102,74.9,10.6,60.0,0.0,1024.7,26.127289,44.444925
2022-10-20 18:00:00,2022-10-20 19:00:00,44.42,23.26493058,66.18,9.1,64.0,0.0,1025.3,26.127289,44.444925
2022-10-20 19:00:00,2022-10-20 20:00:00,43.41,22.73594409,63.86,8.8,66.0,0.0,1025.6,26.127289,44.444925
2022-10-20 20:00:00,2022-10-20 21:00:00,48.72,25.51705128,67.75,11.2,58.0,3.6,1026.5,26.127289,44.444925
2022-10-20 21:00:00,2022-10-20 22:00:00,37.15,19.45727535,49.03,10.0,43.0,3.6,1027.4,26.127289,44.444925
2022-10-20 22:00:00,2022-10-20 23:00:00,21.2,11.1034788,28.01,7.9,59.0,14.8,1027.9,26.127289,44.444925
2022-10-20 23:00:00,2022-10-21 00:00:00,15.08,7.89813492,28.21,7.4,52.0,14.4,1028.1,26.127289,44.444925
2022-10-21 00:00:00,2022-10-21 01:00:00,15.06,7.887659940000001,21.08,7.3,50.0,13.0,1028.5,26.127289,44.444925
2022-10-21 01:00:00,2022-10-21 02:00:00,17.12,8.96658288,16.26,6.9,53.0,11.2,1028.3,26.127289,44.444925
2022-10-21 02:00:00,2022-10-21 03:00:00,18.07,9.464144430000001,16.05,7.3,51.0,3.6,1028.5,26.127289,44.444925
2022-10-21 03:00:00,2022-10-21 04:00:00,17.79,9.31749471,16.46,7.0,54.0,3.6,1028.7,26.127289,44.444925
2022-10-21 04:00:00,2022-10-21 05:00:00,18.56,9.72078144,23.07,6.6,56.0,7.2,1028.7,26.127289,44.444925
2022-10-21 05:00:00,2022-10-21 06:00:00,21.07,11.03539143,35.45,6.5,58.0,3.6,1028.5,26.127289,44.444925
2022-10-21 06:00:00,2022-10-21 07:00:00,25.53,13.37131197,59.31,6.1,60.0,3.6,1028.8,26.127289,44.444925
2022-10-21 08:00:00,2022-10-21 09:00:00,35.09,18.37835241,52.82,9.6,48.0,3.6,1029.0,26.127289,44.444925
2022-10-21 09:00:00,2022-10-21 10:00:00,32.99,17.27847951,48.31,11.6,42.0,3.6,1028.5,26.127289,44.444925
2022-10-21 10:00:00,2022-10-21 11:00:00,29.73,15.571057770000001,45.13,13.4,37.0,3.6,1028.3,26.127289,44.444925
2022-10-21 11:00:00,2022-10-21 12:00:00,26.48,13.868873520000001,42.19,14.8,33.0,3.6,1027.4,26.127289,44.444925
2022-10-21 12:00:00,2022-10-21 13:00:00,26.13,13.68556137,50.5,15.5,34.0,3.6,1026.7,26.127289,44.444925
2022-10-21 13:00:00,2022-10-21 14:00:00,26.04,13.63842396,50.44,15.8,34.0,3.6,1025.8,26.127289,44.444925
2022-10-21 14:00:00,2022-10-21 15:00:00,27.88,14.60212212,58.95,16.0,34.0,3.6,1025.5,26.127289,44.444925
2022-10-21 15:00:00,2022-10-21 16:00:00,31.57,16.53475593,70.14,14.2,43.0,0.0,1025.4,26.127289,44.444925
2022-10-21 16:00:00,2022-10-21 17:00:00,31.72,16.61331828,72.02,10.6,53.0,0.0,1025.7,26.127289,44.444925
2022-10-21 17:00:00,2022-10-21 18:00:00,36.47,19.10112603,87.55,8.9,59.0,0.0,1025.7,26.127289,44.444925
2022-10-21 18:00:00,2022-10-21 19:00:00,45.59,23.877716910000004,95.96,8.0,66.0,0.0,1025.6,26.127289,44.444925
2022-10-21 19:00:00,2022-10-21 20:00:00,64.53,33.79752297,108.61,7.1,70.0,0.0,1025.7,26.127289,44.444925
2022-10-21 20:00:00,2022-10-21 21:00:00,58.11,30.43505439,93.21,6.7,73.0,0.0,1025.6,26.127289,44.444925
2022-10-21 21:00:00,2022-10-21 22:00:00,66.54,34.850258460000006,96.01,6.4,72.0,0.0,1025.6,26.127289,44.444925
2022-10-21 22:00:00,2022-10-21 23:00:00,78.79,41.26618371000001,107.44,5.9,74.0,0.0,1025.3,26.127289,44.444925
2022-10-22 23:00:00,2022-10-23 00:00:00,38.53,20.18004897,38.24,13.7,58.0,3.6,1017.1,26.127289,44.444925
2022-10-23 00:00:00,2022-10-23 01:00:00,33.71,17.65557879,35.69,14.0,57.0,3.6,1016.9,26.127289,44.444925
2022-10-23 01:00:00,2022-10-23 02:00:00,32.1,16.8123429,38.36,11.9,65.0,3.6,1016.5,26.127289,44.444925
2022-10-23 02:00:00,2022-10-23 03:00:00,33.07,17.32037943,27.45,11.4,69.0,3.6,1016.3,26.127289,44.444925
2022-10-23 03:00:00,2022-10-23 04:00:00,34.1,17.859840900000002,24.99,12.4,65.0,7.2,1016.3,26.127289,44.444925
2022-10-23 04:00:00,2022-10-23 05:00:00,33.65,17.62415385,21.18,13.6,60.0,7.2,1016.3,26.127289,44.444925
2022-10-23 05:00:00,2022-10-23 06:00:00,34.74,18.195040260000003,18.7,12.9,63.0,7.2,1017.2,26.127289,44.444925
2022-10-23 06:00:00,2022-10-23 07:00:00,37.26,19.51488774,19.57,12.4,67.0,7.2,1018.1,26.127289,44.444925
2022-10-23 07:00:00,2022-10-23 08:00:00,38.73,20.28479877,21.49,13.7,64.0,7.2,1019.0,26.127289,44.444925
2022-10-23 08:00:00,2022-10-23 09:00:00,37.39,19.58297511,25.98,16.5,56.0,7.2,1019.7,26.127289,44.444925
2022-10-23 10:00:00,2022-10-23 11:00:00,28.04,14.68592196,22.38,23.6,39.0,3.6,1020.1,26.127289,44.444925
2022-10-23 11:00:00,2022-10-23 12:00:00,20.56,10.76827944,21.89,24.4,37.0,3.6,1019.6,26.127289,44.444925
2022-10-23 12:00:00,2022-10-23 13:00:00,17.56,9.19703244,25.32,25.1,34.0,3.6,1019.3,26.127289,44.444925
2022-10-23 13:00:00,2022-10-23 14:00:00,20.26,10.611154740000002,25.39,25.1,34.0,0.0,1019.1,26.127289,44.444925
2022-10-23 14:00:00,2022-10-23 15:00:00,15.04,7.87718496,21.62,24.5,35.0,0.0,1019.2,26.127289,44.444925
2022-10-23 15:00:00,2022-10-23 16:00:00,16.92,8.861833080000002,38.34,21.0,44.0,0.0,1019.4,26.127289,44.444925
2022-10-23 16:00:00,2022-10-23 17:00:00,28.6,14.979221400000002,68.47,17.3,54.0,0.0,1019.7,26.127289,44.444925
2022-10-23 17:00:00,2022-10-23 18:00:00,44.35,23.22826815,109.34,16.2,56.0,3.6,1020.8,26.127289,44.444925
2022-10-23 18:00:00,2022-10-23 19:00:00,21.3,11.155853700000002,55.16,14.3,62.0,0.0,1021.7,26.127289,44.444925
2022-10-23 19:00:00,2022-10-23 20:00:00,24.61,12.88946289,65.28,13.0,67.0,0.0,1022.2,26.127289,44.444925
2022-10-23 20:00:00,2022-10-23 21:00:00,26.29,13.76936121,70.48,12.1,72.0,3.6,1022.7,26.127289,44.444925
2022-10-23 21:00:00,2022-10-23 22:00:00,33.87,17.73937863,81.7,10.8,79.0,0.0,1022.8,26.127289,44.444925
2022-10-23 22:00:00,2022-10-23 23:00:00,33.7,17.6503413,67.0,10.0,82.0,0.0,1022.9,26.127289,44.444925
2022-10-23 23:00:00,2022-10-24 00:00:00,32.07,16.79663043,61.36,9.3,86.0,0.0,1023.0,26.127289,44.444925
2022-10-24 00:00:00,2022-10-24 01:00:00,27.53,14.418809970000002,65.99,8.7,90.0,0.0,1023.3,26.127289,44.444925
2022-10-24 01:00:00,2022-10-24 02:00:00,31.47,16.48238103,65.13,9.0,89.0,0.0,1023.0,26.127289,44.444925
2022-10-24 02:00:00,2022-10-24 03:00:00,28.86,15.11539614,61.88,8.5,93.0,0.0,1023.1,26.127289,44.444925
2022-10-24 03:00:00,2022-10-24 04:00:00,30.39,15.916732110000002,56.36,7.9,97.0,3.6,1022.8,26.127289,44.444925
2022-10-24 04:00:00,2022-10-24 05:00:00,24.58,12.87375042,56.65,8.0,94.0,3.6,1022.7,26.127289,44.444925
2022-10-24 05:00:00,2022-10-24 06:00:00,20.32,10.64257968,54.87,7.9,95.0,3.6,1022.6,26.127289,44.444925
2022-10-24 06:00:00,2022-10-24 07:00:00,22.1,11.574852900000002,61.26,8.3,93.0,0.0,1023.1,26.127289,44.444925
2022-10-24 07:00:00,2022-10-24 08:00:00,29.07,15.22538343,69.3,11.7,75.0,3.6,1023.3,26.127289,44.444925
2022-10-24 08:00:00,2022-10-24 09:00:00,32.34,16.93804266,66.68,14.8,62.0,3.6,1023.1,26.127289,44.444925
2022-10-24 09:00:00,2022-10-24 10:00:00,33.46,17.52464154,65.65,17.5,55.0,3.6,1022.9,26.127289,44.444925
2022-10-24 11:00:00,2022-10-24 12:00:00,40.74,21.33753426,60.63,21.6,44.0,3.6,1022.0,26.127289,44.444925
2022-10-24 12:00:00,2022-10-24 13:00:00,36.28,19.00161372,60.29,22.5,40.0,3.6,1021.5,26.127289,44.444925
2022-10-24 13:00:00,2022-10-24 14:00:00,32.43,16.985180070000002,43.79,23.6,36.0,3.6,1020.6,26.127289,44.444925
2022-10-24 14:00:00,2022-10-24 15:00:00,28.15,14.74353435,43.83,22.4,38.0,3.6,1020.4,26.127289,44.444925
2022-10-24 15:00:00,2022-10-24 16:00:00,25.23,13.21418727,35.33,20.3,45.0,3.6,1020.1,26.127289,44.444925
2022-10-24 16:00:00,2022-10-24 17:00:00,26.19,13.716986310000001,60.15,15.9,60.0,0.0,1019.9,26.127289,44.444925
2022-10-24 17:00:00,2022-10-24 18:00:00,46.28,24.239103720000003,106.94,14.7,67.0,0.0,1020.3,26.127289,44.444925
2022-10-24 18:00:00,2022-10-24 19:00:00,58.67,30.728353830000003,113.31,14.1,70.0,3.6,1020.2,26.127289,44.444925
2022-10-24 19:00:00,2022-10-24 20:00:00,89.4,46.8231606,107.86,13.1,75.0,3.6,1020.2,26.127289,44.444925
2022-10-24 20:00:00,2022-10-24 21:00:00,68.13,35.68301937,92.54,12.9,75.0,3.6,1019.8,26.127289,44.444925
2022-10-24 21:00:00,2022-10-24 22:00:00,73.78,38.642201220000004,96.78,11.8,80.0,0.0,1019.7,26.127289,44.444925
2022-10-24 22:00:00,2022-10-24 23:00:00,63.43,33.221399070000004,100.04,12.0,78.0,3.6,1019.5,26.127289,44.444925
2022-10-24 23:00:00,2022-10-25 00:00:00,35.64,18.66641436,71.42,11.5,81.0,3.6,1019.3,26.127289,44.444925
2022-10-25 00:00:00,2022-10-25 01:00:00,34.98,18.32074002,68.43,11.4,81.0,3.6,1019.2,26.127289,44.444925
2022-10-25 01:00:00,2022-10-25 02:00:00,31.38,16.43524362,58.43,10.9,84.0,0.0,1019.0,26.127289,44.444925
2022-10-25 02:00:00,2022-10-25 03:00:00,34.7,18.174090300000003,46.53,11.1,84.0,3.6,1018.4,26.127289,44.444925
2022-10-25 03:00:00,2022-10-25 04:00:00,38.15,19.98102435,58.7,10.3,86.0,3.6,1018.2,26.127289,44.444925
2022-10-25 04:00:00,2022-10-25 05:00:00,42.35,22.18077015,60.62,10.3,87.0,3.6,1018.0,26.127289,44.444925
2022-10-25 05:00:00,2022-10-25 06:00:00,49.12,25.72655088,70.02,10.0,86.0,3.6,1017.8,26.127289,44.444925
2022-10-25 06:00:00,2022-10-25 07:00:00,57.9,30.325067100000002,77.24,10.1,87.0,3.6,1018.0,26.127289,44.444925
2022-10-25 07:00:00,2022-10-25 08:00:00,62.5,32.7343125,74.55,13.7,71.0,3.6,1018.2,26.127289,44.444925
2022-10-25 08:00:00,2022-10-25 09:00:00,61.3,32.1058137,68.83,16.3,62.0,3.6,1017.8,26.127289,44.444925
2022-10-25 09:00:00,2022-10-25 10:00:00,55.63,29.136156870000004,60.08,20.5,50.0,7.2,1017.0,26.127289,44.444925
2022-10-25 10:00:00,2022-10-25 11:00:00,55.68,29.162344320000003,54.09,23.0,44.0,7.2,1016.7,26.127289,44.444925
2022-10-25 12:00:00,2022-10-25 13:00:00,36.17,18.944001330000003,33.51,24.7,39.0,10.8,1015.2,26.127289,44.444925
2022-10-25 13:00:00,2022-10-25 14:00:00,39.2,20.530960800000003,26.81,25.1,39.0,10.8,1014.6,26.127289,44.444925
2022-10-25 14:00:00,2022-10-25 15:00:00,47.74,25.003777260000003,28.36,24.5,41.0,10.8,1014.4,26.127289,44.444925
2022-10-25 15:00:00,2022-10-25 16:00:00,48.73,25.52228877,28.06,23.4,44.0,7.2,1014.4,26.127289,44.444925
2022-10-25 16:00:00,2022-10-25 17:00:00,68.43,35.84014407000001,40.54,20.6,53.0,3.6,1014.5,26.127289,44.444925
2022-10-25 17:00:00,2022-10-25 18:00:00,52.33,27.40778517,71.25,21.3,52.0,3.6,1014.6,26.127289,44.444925
2022-10-25 18:00:00,2022-10-25 19:00:00,56.88,29.79084312,58.98,18.1,62.0,3.6,1015.1,26.127289,44.444925
2022-10-25 19:00:00,2022-10-25 20:00:00,50.53,26.46503697,66.56,17.4,63.0,3.6,1015.3,26.127289,44.444925
2022-10-25 20:00:00,2022-10-25 21:00:00,45.79,23.98246671,56.66,17.3,64.0,3.6,1015.9,26.127289,44.444925
2022-10-25 21:00:00,2022-10-25 22:00:00,45.62,23.89342938,52.17,15.0,73.0,0.0,1016.6,26.127289,44.444925
2022-10-25 22:00:00,2022-10-25 23:00:00,47.34,24.794277660000002,55.12,14.5,76.0,0.0,1016.9,26.127289,44.444925
2022-10-25 23:00:00,2022-10-26 00:00:00,50.78,26.595974220000002,61.18,13.5,81.0,0.0,1017.5,26.127289,44.444925
2022-10-26 00:00:00,2022-10-26 01:00:00,45.43,23.79391707,61.82,13.4,82.0,3.6,1018.5,26.127289,44.444925
2022-10-26 01:00:00,2022-10-26 02:00:00,34.23,17.92792827,51.28,14.0,81.0,0.0,1019.0,26.127289,44.444925
2022-10-26 02:00:00,2022-10-26 03:00:00,38.06,19.93388694,47.69,13.9,83.0,3.6,1019.1,26.127289,44.444925
2022-10-26 03:00:00,2022-10-26 04:00:00,38.17,19.99149933,36.92,13.2,85.0,3.6,1019.5,26.127289,44.444925
2022-10-26 04:00:00,2022-10-26 05:00:00,36.89,19.321100610000002,37.28,12.8,88.0,0.0,1020.0,26.127289,44.444925
2022-10-26 05:00:00,2022-10-26 06:00:00,37.08,19.42061292,51.89,12.3,90.0,0.0,1020.1,26.127289,44.444925
2022-10-26 06:00:00,2022-10-26 07:00:00,41.25,21.604646250000002,70.69,12.1,92.0,0.0,1020.7,26.127289,44.444925
2022-10-26 07:00:00,2022-10-26 08:00:00,47.0,24.616203000000002,74.71,15.4,72.0,3.6,1021.3,26.127289,44.444925
2022-10-26 08:00:00,2022-10-26 09:00:00,45.71,23.940566790000002,64.01,16.1,69.0,3.6,1021.6,26.127289,44.444925
2022-10-26 09:00:00,2022-10-26 10:00:00,40.13,21.01804737,39.28,20.3,54.0,3.6,1021.5,26.127289,44.444925
2022-10-26 10:00:00,2022-10-26 11:00:00,29.96,15.69152004,41.1,19.9,55.0,3.6,1021.8,26.127289,44.444925
2022-10-26 11:00:00,2022-10-26 12:00:00,29.44,15.419170560000001,39.44,21.9,48.0,3.6,1021.3,26.127289,44.444925
2022-10-26 13:00:00,2022-10-26 14:00:00,26.11,13.67508639,38.53,22.7,44.0,3.6,1020.9,26.127289,44.444925
2022-10-26 14:00:00,2022-10-26 15:00:00,27.49,14.39786001,37.81,22.4,44.0,3.6,1021.0,26.127289,44.444925
2022-10-26 15:00:00,2022-10-26 16:00:00,23.87,12.501888630000002,48.16,20.6,50.0,3.6,1021.3,26.127289,44.444925
2022-10-26 16:00:00,2022-10-26 17:00:00,29.57,15.48725793,75.22,16.2,64.0,0.0,1021.9,26.127289,44.444925
2022-10-26 17:00:00,2022-10-26 18:00:00,42.52,22.26980748,97.56,14.6,74.0,0.0,1022.6,26.127289,44.444925
2022-10-26 18:00:00,2022-10-26 19:00:00,63.12,33.05903688,115.0,14.1,77.0,0.0,1023.0,26.127289,44.444925
2022-10-26 19:00:00,2022-10-26 20:00:00,65.66,34.38935934,110.91,14.8,74.0,0.0,1023.3,26.127289,44.444925
2022-10-26 20:00:00,2022-10-26 21:00:00,75.15,39.35973735,112.34,14.2,80.0,3.6,1024.3,26.127289,44.444925
2022-10-26 21:00:00,2022-10-26 22:00:00,61.68,32.30483832,93.17,14.0,74.0,0.0,1024.8,26.127289,44.444925
2022-10-26 22:00:00,2022-10-26 23:00:00,34.64,18.142665360000002,70.66,13.2,72.0,0.0,1025.2,26.127289,44.444925
2022-10-26 23:00:00,2022-10-27 00:00:00,21.6,11.3129784,54.0,12.2,73.0,0.0,1025.5,26.127289,44.444925
2022-10-27 00:00:00,2022-10-27 01:00:00,16.05,8.40617145,40.91,11.3,77.0,0.0,1025.7,26.127289,44.444925
2022-10-27 01:00:00,2022-10-27 02:00:00,15.79,8.26999671,39.6,11.1,78.0,0.0,1026.0,26.127289,44.444925
2022-10-27 02:00:00,2022-10-27 03:00:00,14.28,7.47913572,33.48,11.7,77.0,3.6,1025.9,26.127289,44.444925
2022-10-27 03:00:00,2022-10-27 04:00:00,13.94,7.30106106,30.92,11.4,79.0,3.6,1026.3,26.127289,44.444925
2022-10-27 04:00:00,2022-10-27 05:00:00,15.09,7.90337241,29.78,10.9,81.0,3.6,1026.9,26.127289,44.444925
2022-10-27 05:00:00,2022-10-27 06:00:00,18.49,9.68411901,49.07,10.5,85.0,3.6,1027.3,26.127289,44.444925
2022-10-27 06:00:00,2022-10-27 07:00:00,24.21,12.679963290000002,66.97,11.4,80.0,3.6,1027.9,26.127289,44.444925
2022-10-27 07:00:00,2022-10-27 08:00:00,29.7,15.5553453,70.91,14.7,66.0,3.6,1028.5,26.127289,44.444925
2022-10-27 08:00:00,2022-10-27 09:00:00,32.22,16.87519278,73.35,15.8,60.0,3.6,1028.9,26.127289,44.444925
2022-10-27 09:00:00,2022-10-27 10:00:00,32.56,17.053267440000003,69.98,19.2,51.0,0.0,1028.9,26.127289,44.444925
2022-10-27 10:00:00,2022-10-27 11:00:00,36.08,18.89686392,60.67,20.8,45.0,3.6,1028.8,26.127289,44.444925
2022-10-27 11:00:00,2022-10-27 12:00:00,27.26,14.277397740000001,62.98,22.5,38.0,3.6,1028.4,26.127289,44.444925
2022-10-27 12:00:00,2022-10-27 13:00:00,24.22,12.68520078,61.05,22.1,37.0,3.6,1028.1,26.127289,44.444925
2022-10-27 14:00:00,2022-10-27 15:00:00,23.86,12.49665114,53.01,21.9,36.0,0.0,1027.7,26.127289,44.444925
2022-10-27 15:00:00,2022-10-27 16:00:00,24.43,12.79518807,57.96,19.1,43.0,0.0,1027.7,26.127289,44.444925
2022-10-27 16:00:00,2022-10-27 17:00:00,26.7,13.9840983,60.61,15.6,54.0,0.0,1028.0,26.127289,44.444925
2022-10-27 17:00:00,2022-10-27 18:00:00,34.87,18.26312763,91.89,14.5,60.0,0.0,1028.2,26.127289,44.444925
2022-10-27 18:00:00,2022-10-27 19:00:00,69.61,36.45816789,126.73,13.3,65.0,0.0,1028.6,26.127289,44.444925
2022-10-27 19:00:00,2022-10-27 20:00:00,85.09,44.56580241,134.57,12.9,68.0,3.6,1028.8,26.127289,44.444925
2022-10-27 20:00:00,2022-10-27 21:00:00,97.92,51.28550208,129.38,11.3,75.0,0.0,1029.0,26.127289,44.444925
2022-10-27 21:00:00,2022-10-27 22:00:00,121.55,63.66169095,107.04,10.9,76.0,0.0,1029.2,26.127289,44.444925
2022-10-27 22:00:00,2022-10-27 23:00:00,96.22,50.39512878,109.43,10.2,79.0,0.0,1029.6,26.127289,44.444925
2022-10-27 23:00:00,2022-10-28 00:00:00,67.34,35.26925766,96.95,9.6,82.0,0.0,1029.9,26.127289,44.444925
2022-10-28 00:00:00,2022-10-28 01:00:00,69.16,36.22248084,97.64,9.2,86.0,0.0,1030.0,26.127289,44.444925
2022-10-28 01:00:00,2022-10-28 02:00:00,74.88,39.218325119999996,95.58,8.9,90.0,3.6,1030.1,26.127289,44.444925
2022-10-28 02:00:00,2022-10-28 03:00:00,55.32,28.97379468,80.86,8.9,90.0,3.6,1030.1,26.127289,44.444925
2022-10-28 03:00:00,2022-10-28 04:00:00,40.53,21.227546970000002,54.33,8.4,85.0,3.6,1029.9,26.127289,44.444925
2022-10-28 04:00:00,2022-10-28 05:00:00,32.56,17.053267440000003,44.12,8.0,88.0,3.6,1030.2,26.127289,44.444925
2022-10-28 05:00:00,2022-10-28 06:00:00,28.56,14.95827144,43.47,8.3,90.0,3.6,1030.2,26.127289,44.444925
2022-10-28 06:00:00,2022-10-28 07:00:00,30.47,15.95863203,59.39,8.4,90.0,3.6,1030.5,26.127289,44.444925
2022-10-28 07:00:00,2022-10-28 08:00:00,34.08,17.84936592,58.35,10.6,77.0,3.6,1030.7,26.127289,44.444925
2022-10-28 08:00:00,2022-10-28 09:00:00,38.65,20.24289885,55.4,13.0,67.0,3.6,1030.7,26.127289,44.444925
2022-10-28 09:00:00,2022-10-28 10:00:00,41.39,21.67797111,50.82,16.0,54.0,3.6,1030.6,26.127289,44.444925
2022-10-28 10:00:00,2022-10-28 11:00:00,42.12,22.06030788,51.74,17.9,48.0,3.6,1030.2,26.127289,44.444925
2022-10-28 11:00:00,2022-10-28 12:00:00,42.29,22.14934521,53.31,20.3,44.0,0.0,1029.6,26.127289,44.444925
2022-10-28 12:00:00,2022-10-28 13:00:00,37.72,19.75581228,44.3,21.6,39.0,3.6,1029.0,26.127289,44.444925
2022-10-28 13:00:00,2022-10-28 14:00:00,42.58,22.30123242,60.2,22.6,36.0,3.6,1028.4,26.127289,44.444925
2022-10-28 15:00:00,2022-10-28 16:00:00,29.42,15.408695580000002,50.11,18.8,47.0,0.0,1028.0,26.127289,44.444925
2022-10-28 16:00:00,2022-10-28 17:00:00,42.06,22.028882940000003,67.82,15.0,60.0,0.0,1028.2,26.127289,44.444925
2022-10-28 17:00:00,2022-10-28 18:00:00,44.9,23.5163301,110.37,13.7,69.0,0.0,1028.3,26.127289,44.444925
2022-10-28 18:00:00,2022-10-28 19:00:00,63.61,33.31567389,139.76,12.4,75.0,0.0,1028.3,26.127289,44.444925
2022-10-28 19:00:00,2022-10-28 20:00:00,93.58,49.01243142,165.85,12.4,75.0,3.6,1028.1,26.127289,44.444925
2022-10-28 20:00:00,2022-10-28 21:00:00,91.29,47.81304621,141.55,11.4,79.0,0.0,1028.4,26.127289,44.444925
2022-10-28 21:00:00,2022-10-28 22:00:00,96.91,50.75651559,139.48,10.7,81.0,0.0,1028.4,26.127289,44.444925
2022-10-28 22:00:00,2022-10-28 23:00:00,108.28,56.71154172,130.08,10.7,81.0,3.6,1028.3,26.127289,44.444925
2022-10-29 23:00:00,2022-10-30 00:00:00,46.94,24.58477806,61.7,10.3,83.0,3.6,1023.0,26.127289,44.444925
2022-10-30 00:00:00,2022-10-30 01:00:00,44.02,23.055430980000004,57.07,10.5,80.0,3.6,1022.6,26.127289,44.444925
2022-10-30 01:00:00,2022-10-30 02:00:00,36.04,18.875913960000002,45.57,9.6,84.0,3.6,1022.4,26.127289,44.444925
2022-10-30 02:00:00,2022-10-30 03:00:00,37.34,19.55678766,33.17,11.9,73.0,3.6,1021.6,26.127289,44.444925
2022-10-30 03:00:00,2022-10-30 04:00:00,34.83,18.24217767,28.39,9.4,84.0,3.6,1021.1,26.127289,44.444925
2022-10-30 04:00:00,2022-10-30 05:00:00,33.55,17.57177895,27.09,9.0,87.0,3.6,1021.2,26.127289,44.444925
2022-10-30 05:00:00,2022-10-30 06:00:00,32.54,17.04279246,24.64,8.8,87.0,7.2,1021.2,26.127289,44.444925
2022-10-30 06:00:00,2022-10-30 07:00:00,37.22,19.49393778,23.7,8.8,87.0,7.2,1021.4,26.127289,44.444925
2022-10-30 07:00:00,2022-10-30 08:00:00,42.23,22.11792027,24.97,11.1,76.0,3.6,1021.6,26.127289,44.444925
2022-10-30 08:00:00,2022-10-30 09:00:00,45.56,23.862004440000003,25.95,14.8,65.0,7.2,1021.2,26.127289,44.444925
2022-10-30 09:00:00,2022-10-30 10:00:00,45.5,23.830579500000002,24.39,16.9,59.0,3.6,1020.6,26.127289,44.444925
2022-10-30 10:00:00,2022-10-30 11:00:00,38.94,20.39478606,29.27,18.8,56.0,7.2,1020.6,26.127289,44.444925
2022-10-30 11:00:00,2022-10-30 12:00:00,36.47,19.10112603,30.11,22.0,45.0,3.6,1019.8,26.127289,44.444925
2022-10-30 12:00:00,2022-10-30 13:00:00,37.72,19.75581228,35.65,23.0,44.0,3.6,1019.4,26.127289,44.444925
2022-10-30 13:00:00,2022-10-30 14:00:00,36.84,19.294913160000004,42.05,22.4,43.0,3.6,1018.8,26.127289,44.444925
2022-10-30 14:00:00,2022-10-30 15:00:00,39.04,20.44716096,65.2,23.3,39.0,3.6,1018.5,26.127289,44.444925
2022-10-30 16:00:00,2022-10-30 17:00:00,56.51,29.59705599,91.84,16.8,59.0,0.0,1018.4,26.127289,44.444925
2022-10-30 17:00:00,2022-10-30 18:00:00,59.76,31.29924024,101.15,16.0,63.0,0.0,1018.5,26.127289,44.444925
2022-10-30 18:00:00,2022-10-30 19:00:00,70.33,36.83526717,107.73,15.8,64.0,0.0,1018.9,26.127289,44.444925
2022-10-30 19:00:00,2022-10-30 20:00:00,76.17,39.89396133,107.04,14.6,69.0,0.0,1019.1,26.127289,44.444925
2022-10-30 20:00:00,2022-10-30 21:00:00,67.06,35.12260794,103.17,14.5,72.0,0.0,1019.0,26.127289,44.444925
2022-10-30 21:00:00,2022-10-30 22:00:00,61.62,32.27341338,91.95,14.0,73.0,0.0,1019.0,26.127289,44.444925
2022-10-30 22:00:00,2022-10-30 23:00:00,54.94,28.77477006,78.87,13.6,76.0,0.0,1019.2,26.127289,44.444925
2022-10-30 23:00:00,2022-10-31 00:00:00,44.91,23.52156759,68.51,14.1,75.0,3.6,1019.4,26.127289,44.444925
2022-10-31 00:00:00,2022-10-31 01:00:00,42.56,22.290757440000004,62.02,14.3,75.0,0.0,1019.4,26.127289,44.444925
2022-10-31 01:00:00,2022-10-31 02:00:00,38.93,20.389548570000002,52.29,13.0,77.0,3.6,1019.5,26.127289,44.444925
2022-10-31 02:00:00,2022-10-31 03:00:00,32.36,16.94851764,30.5,13.4,77.0,3.6,1019.7,26.127289,44.444925
2022-10-31 03:00:00,2022-10-31 04:00:00,31.09,16.28335641,24.95,11.8,85.0,3.6,1020.1,26.127289,44.444925
2022-10-31 04:00:00,2022-10-31 05:00:00,28.34,14.84304666,38.09,10.4,91.0,3.6,1020.6,26.127289,44.444925
2022-10-31 05:00:00,2022-10-31 06:00:00,28.54,14.94779646,58.76,9.8,94.0,0.0,1020.8,26.127289,44.444925
2022-10-31 06:00:00,2022-10-31 07:00:00,33.1,17.336091900000003,73.34,10.3,92.0,0.0,1021.2,26.127289,44.444925
2022-10-31 07:00:00,2022-10-31 08:00:00,32.47,17.00613003,79.47,14.1,70.0,0.0,1021.6,26.127289,44.444925
2022-10-31 08:00:00,2022-10-31 09:00:00,27.96,14.644022040000001,60.9,17.2,61.0,3.6,1021.6,26.127289,44.444925
2022-10-31 09:00:00,2022-10-31 10:00:00,36.26,18.99113874,55.84,18.1,58.0,3.6,1021.9,26.127289,44.444925
2022-10-31 10:00:00,2022-10-31 11:00:00,38.83,20.33717367,36.44,19.6,54.0,7.2,1021.7,26.127289,44.444925
2022-10-31 11:00:00,2022-10-31 12:00:00,34.39,18.01172811,29.77,22.3,46.0,3.6,1021.4,26.127289,44.444925
2022-10-31 12:00:00,2022-10-31 13:00:00,35.39,18.535477110000002,29.71,22.9,43.0,3.6,1020.8,26.127289,44.444925
2022-10-31 13:00:00,2022-10-31 14:00:00,35.72,18.70831428,33.04,22.8,45.0,7.2,1020.4,26.127289,44.444925
2022-10-31 14:00:00,2022-10-31 15:00:00,37.17,19.46775033,38.12,22.5,45.0,3.6,1020.5,26.127289,44.444925
2022-10-31 15:00:00,2022-10-31 16:00:00,42.48,22.248857519999998,66.32,20.2,52.0,3.6,1020.6,26.127289,44.444925
2022-10-31 17:00:00,2022-10-31 18:00:00,57.45,30.089380050000003,128.42,15.7,66.0,3.6,1021.4,26.127289,44.444925
2022-10-31 18:00:00,2022-10-31 19:00:00,76.6,40.1191734,137.75,14.6,72.0,3.6,1021.9,26.127289,44.444925
2022-10-31 19:00:00,2022-10-31 20:00:00,98.8,51.7464012,135.51,13.4,78.0,0.0,1022.1,26.127289,44.444925
2022-10-31 20:00:00,2022-10-31 21:00:00,102.51,53.689509990000005,150.54,12.6,82.0,0.0,1022.5,26.127289,44.444925
2022-10-31 21:00:00,2022-10-31 22:00:00,105.27,55.13505723,128.79,12.0,88.0,0.0,1023.0,26.127289,44.444925
2022-10-31 22:00:00,2022-10-31 23:00:00,81.08,42.46556892,93.4,11.7,92.0,0.0,1023.2,26.127289,44.444925
2022-10-31 23:00:00,2022-11-01 00:00:00,71.12,37.249028880000004,65.2,11.6,89.0,3.6,1023.5,26.127289,44.444925
2022-11-01 00:00:00,2022-11-01 01:00:00,62.6,40.57732,36.71,11.4,89.0,3.6,1023.8,26.127289,44.444925
2022-11-01 01:00:00,2022-11-01 02:00:00,45.77,29.668114000000003,27.88,11.0,88.0,3.6,1023.9,26.127289,44.444925
2022-11-01 02:00:00,2022-11-01 03:00:00,33.22,21.533203999999998,25.47,9.6,90.0,0.0,1023.9,26.127289,44.444925
2022-11-01 03:00:00,2022-11-01 04:00:00,29.08,18.849656,27.82,10.4,82.0,3.6,1024.0,26.127289,44.444925
2022-11-01 04:00:00,2022-11-01 05:00:00,29.98,19.433036,34.24,9.4,85.0,3.6,1024.2,26.127289,44.444925
2022-11-01 05:00:00,2022-11-01 06:00:00,33.83,21.928606,47.95,8.9,85.0,3.6,1024.2,26.127289,44.444925
2022-11-01 06:00:00,2022-11-01 07:00:00,38.88,25.202016,59.14,9.8,82.0,3.6,1024.4,26.127289,44.444925
2022-11-01 07:00:00,2022-11-01 08:00:00,40.82,26.459524000000002,65.35,11.6,73.0,3.6,1024.7,26.127289,44.444925
2022-11-01 08:00:00,2022-11-01 09:00:00,45.67,29.603294,68.26,13.8,64.0,3.6,1024.6,26.127289,44.444925
2022-11-01 09:00:00,2022-11-01 10:00:00,41.72,27.042904,58.67,17.4,51.0,3.6,1024.1,26.127289,44.444925
2022-11-01 10:00:00,2022-11-01 11:00:00,39.22,25.422404,61.83,19.1,44.0,3.6,1023.9,26.127289,44.444925
2022-11-01 11:00:00,2022-11-01 12:00:00,36.28,23.516696,55.74,20.9,42.0,3.6,1023.4,26.127289,44.444925
2022-11-01 12:00:00,2022-11-01 13:00:00,40.92,26.524344000000003,57.09,22.4,40.0,0.0,1022.5,26.127289,44.444925
2022-11-01 13:00:00,2022-11-01 14:00:00,41.45,26.867890000000003,51.73,23.1,40.0,3.6,1022.0,26.127289,44.444925
2022-11-01 14:00:00,2022-11-01 15:00:00,42.23,27.373485999999996,63.66,22.5,42.0,3.6,1021.6,26.127289,44.444925
2022-11-01 15:00:00,2022-11-01 16:00:00,42.79,27.736477999999998,79.11,20.0,50.0,3.6,1021.7,26.127289,44.444925
2022-11-01 16:00:00,2022-11-01 17:00:00,62.85,40.73937,139.98,16.2,63.0,0.0,1021.6,26.127289,44.444925
2022-11-01 18:00:00,2022-11-01 19:00:00,98.76,64.016232,172.92,13.9,76.0,3.6,1021.7,26.127289,44.444925
2022-11-01 19:00:00,2022-11-01 20:00:00,101.83,66.00620599999999,157.62,13.7,77.0,3.6,1021.6,26.127289,44.444925
2022-11-01 20:00:00,2022-11-01 21:00:00,110.22,71.444604,150.69,12.8,81.0,3.6,1021.6,26.127289,44.444925
2022-11-01 21:00:00,2022-11-01 22:00:00,101.98,66.103436,121.3,12.2,83.0,3.6,1021.3,26.127289,44.444925
2022-11-01 22:00:00,2022-11-01 23:00:00,90.88,58.908415999999995,108.47,11.7,84.0,0.0,1021.0,26.127289,44.444925
2022-11-01 23:00:00,2022-11-02 00:00:00,85.4,55.356280000000005,90.14,11.2,86.0,3.6,1020.7,26.127289,44.444925
2022-11-02 00:00:00,2022-11-02 01:00:00,76.97,49.891954,82.5,10.8,87.0,3.6,1020.2,26.127289,44.444925
2022-11-02 01:00:00,2022-11-02 02:00:00,67.68,43.87017600000001,71.88,10.2,89.0,3.6,1020.0,26.127289,44.444925
2022-11-02 02:00:00,2022-11-02 03:00:00,57.02,36.960364,49.61,10.3,87.0,7.2,1019.5,26.127289,44.444925
2022-11-02 03:00:00,2022-11-02 04:00:00,57.88,37.517816,29.28,9.8,88.0,7.2,1019.1,26.127289,44.444925
2022-11-02 04:00:00,2022-11-02 05:00:00,55.14,35.741748,31.58,9.4,89.0,7.2,1018.9,26.127289,44.444925
2022-11-02 05:00:00,2022-11-02 06:00:00,51.32,33.265624,38.52,9.5,89.0,7.2,1018.8,26.127289,44.444925
2022-11-02 06:00:00,2022-11-02 07:00:00,52.56,34.069392,47.59,9.1,89.0,7.2,1018.8,26.127289,44.444925
2022-11-02 07:00:00,2022-11-02 08:00:00,53.51,34.685182,48.53,10.7,82.0,7.2,1019.0,26.127289,44.444925
2022-11-02 08:00:00,2022-11-02 09:00:00,53.75,34.84075,45.88,14.7,68.0,7.2,1018.7,26.127289,44.444925
2022-11-02 09:00:00,2022-11-02 10:00:00,52.99,34.348118,39.44,19.3,54.0,7.2,1018.4,26.127289,44.444925
2022-11-02 10:00:00,2022-11-02 11:00:00,49.95,32.377590000000005,37.56,21.7,46.0,3.6,1018.2,26.127289,44.444925
2022-11-02 11:00:00,2022-11-02 12:00:00,54.79,35.514877999999996,44.59,23.5,41.0,3.6,1017.6,26.127289,44.444925
2022-11-02 12:00:00,2022-11-02 13:00:00,51.51,33.388782,46.76,25.4,37.0,3.6,1016.9,26.127289,44.444925
2022-11-02 13:00:00,2022-11-02 14:00:00,61.41,39.805962,74.43,26.3,33.0,3.6,1016.4,26.127289,44.444925
2022-11-02 17:00:00,2022-11-02 18:00:00,71.76,46.514832000000006,108.0,15.9,63.0,3.6,1017.4,26.127289,44.444925
2022-11-02 18:00:00,2022-11-02 19:00:00,63.28,41.018096,100.84,14.8,66.0,3.6,1017.7,26.127289,44.444925
2022-11-02 19:00:00,2022-11-02 20:00:00,58.82,38.127124,79.03,14.5,66.0,3.6,1017.9,26.127289,44.444925
2022-11-02 20:00:00,2022-11-02 21:00:00,55.11,35.722302,72.19,13.1,72.0,3.6,1018.7,26.127289,44.444925
2022-11-02 21:00:00,2022-11-02 22:00:00,50.85,32.96097,72.32,13.7,70.0,3.6,1019.2,26.127289,44.444925
2022-11-02 22:00:00,2022-11-02 23:00:00,42.07,27.269774,44.6,14.5,66.0,3.6,1019.4,26.127289,44.444925
2022-11-02 23:00:00,2022-11-03 00:00:00,38.16,24.735311999999997,33.2,14.9,66.0,3.6,1019.9,26.127289,44.444925
2022-11-03 00:00:00,2022-11-03 01:00:00,34.95,22.654590000000002,19.95,14.6,68.0,3.6,1020.8,26.127289,44.444925
2022-11-03 01:00:00,2022-11-03 02:00:00,34.91,22.628662,18.65,13.5,72.0,3.6,1021.3,26.127289,44.444925
2022-11-03 02:00:00,2022-11-03 03:00:00,35.67,23.121294000000002,24.73,13.5,72.0,0.0,1021.6,26.127289,44.444925
2022-11-03 03:00:00,2022-11-03 04:00:00,37.87,24.547334,24.6,12.6,76.0,0.0,1021.8,26.127289,44.444925
2022-11-03 04:00:00,2022-11-03 05:00:00,41.85,27.12717,36.09,12.4,78.0,0.0,1022.2,26.127289,44.444925
2022-11-03 05:00:00,2022-11-03 06:00:00,48.53,31.457146,45.59,11.2,86.0,0.0,1022.6,26.127289,44.444925
2022-11-03 08:00:00,2022-11-03 09:00:00,53.42,34.626844,59.37,14.8,70.0,3.6,1024.1,26.127289,44.444925
2022-11-03 09:00:00,2022-11-03 10:00:00,49.17,31.871994,47.27,16.5,62.0,3.6,1023.8,26.127289,44.444925
2022-11-03 10:00:00,2022-11-03 11:00:00,45.87,29.732933999999997,59.23,17.9,56.0,3.6,1023.3,26.127289,44.444925
2022-11-03 11:00:00,2022-11-03 12:00:00,37.05,24.01581,52.49,18.8,52.0,3.6,1022.8,26.127289,44.444925
2022-11-03 12:00:00,2022-11-03 13:00:00,31.49,20.411818,55.28,18.4,48.0,3.6,1022.1,26.127289,44.444925
2022-11-03 13:00:00,2022-11-03 14:00:00,31.84,20.638688,58.57,19.3,45.0,3.6,1021.5,26.127289,44.444925
2022-11-03 14:00:00,2022-11-03 15:00:00,34.81,22.563842,76.71,18.1,49.0,3.6,1021.3,26.127289,44.444925
2022-11-03 15:00:00,2022-11-03 16:00:00,36.95,23.95099,81.19,16.4,54.0,3.6,1021.2,26.127289,44.444925
2022-11-03 16:00:00,2022-11-03 17:00:00,39.9,25.86318,100.09,14.0,62.0,0.0,1021.1,26.127289,44.444925
2022-11-03 18:00:00,2022-11-03 19:00:00,55.44,35.936208,100.09,11.7,72.0,0.0,1021.0,26.127289,44.444925
2022-11-03 19:00:00,2022-11-03 20:00:00,66.22,42.923804,98.83,10.7,78.0,0.0,1020.8,26.127289,44.444925
2022-11-03 20:00:00,2022-11-03 21:00:00,65.88,42.703416,92.96,10.3,82.0,0.0,1020.5,26.127289,44.444925
2022-11-03 21:00:00,2022-11-03 22:00:00,54.56,35.365792,91.47,9.6,84.0,0.0,1020.6,26.127289,44.444925
2022-11-03 22:00:00,2022-11-03 23:00:00,51.23,33.207285999999996,79.65,8.7,89.0,0.0,1020.3,26.127289,44.444925
2022-11-03 23:00:00,2022-11-04 00:00:00,50.95,33.02579,69.61,8.3,90.0,0.0,1019.8,26.127289,44.444925
2022-11-04 00:00:00,2022-11-04 01:00:00,49.43,32.040526,60.46,8.2,90.0,3.6,1019.4,26.127289,44.444925
2022-11-04 01:00:00,2022-11-04 02:00:00,49.81,32.286842,49.25,8.0,90.0,3.6,1019.0,26.127289,44.444925
2022-11-04 02:00:00,2022-11-04 03:00:00,46.79,30.329278,36.57,7.7,92.0,3.6,1018.6,26.127289,44.444925
2022-11-04 03:00:00,2022-11-04 04:00:00,42.93,27.827226,28.65,7.3,93.0,3.6,1018.1,26.127289,44.444925
2022-11-04 04:00:00,2022-11-04 05:00:00,42.74,27.704068,34.9,7.4,92.0,3.6,1017.8,26.127289,44.444925
2022-11-04 05:00:00,2022-11-04 06:00:00,41.42,26.848444,49.18,7.2,91.0,3.6,1017.7,26.127289,44.444925
2022-11-04 06:00:00,2022-11-04 07:00:00,43.33,28.086506,61.09,6.8,95.0,3.6,1017.6,26.127289,44.444925
2022-11-04 07:00:00,2022-11-04 08:00:00,44.32,28.728224,57.76,9.4,82.0,3.6,1017.6,26.127289,44.444925
2022-11-04 08:00:00,2022-11-04 09:00:00,46.89,30.394098,50.85,11.6,71.0,3.6,1017.2,26.127289,44.444925
2022-11-04 09:00:00,2022-11-04 10:00:00,42.86,27.781852,47.56,14.6,60.0,3.6,1016.5,26.127289,44.444925
2022-11-04 10:00:00,2022-11-04 11:00:00,36.27,23.510214,50.57,16.3,53.0,3.6,1015.9,26.127289,44.444925
2022-11-04 11:00:00,2022-11-04 12:00:00,37.33,24.197305999999998,52.17,17.4,49.0,3.6,1014.9,26.127289,44.444925
2022-11-04 12:00:00,2022-11-04 13:00:00,41.48,26.887335999999998,56.2,18.8,46.0,3.6,1014.0,26.127289,44.444925
2022-11-04 13:00:00,2022-11-04 14:00:00,39.2,25.40944,63.65,19.0,45.0,0.0,1013.3,26.127289,44.444925
2022-11-04 14:00:00,2022-11-04 15:00:00,40.67,26.362294000000002,82.91,18.6,47.0,3.6,1012.7,26.127289,44.444925
2022-11-04 15:00:00,2022-11-04 16:00:00,43.34,28.092988000000002,85.91,15.9,56.0,0.0,1012.5,26.127289,44.444925
2022-11-04 16:00:00,2022-11-04 17:00:00,49.99,32.403518,97.79,13.4,67.0,3.6,1012.3,26.127289,44.444925
2022-11-04 17:00:00,2022-11-04 18:00:00,53.84,34.899088,97.81,12.6,72.0,3.6,1012.3,26.127289,44.444925
2022-11-04 19:00:00,2022-11-04 20:00:00,62.6,40.57732,85.51,11.9,75.0,3.6,1012.2,26.127289,44.444925
2022-11-04 20:00:00,2022-11-04 21:00:00,62.83,40.726406,84.71,12.1,76.0,3.6,1012.0,26.127289,44.444925
2022-11-04 21:00:00,2022-11-04 22:00:00,70.68,45.814776,73.81,11.7,77.0,3.6,1012.2,26.127289,44.444925
2022-11-04 22:00:00,2022-11-04 23:00:00,70.32,45.581424,59.26,11.3,79.0,3.6,1011.9,26.127289,44.444925
2022-11-04 23:00:00,2022-11-05 00:00:00,66.33,42.995106,56.57,10.1,85.0,3.6,1011.9,26.127289,44.444925
2022-11-05 00:00:00,2022-11-05 01:00:00,53.19,34.477758,47.83,10.1,88.0,3.6,1011.6,26.127289,44.444925
2022-11-05 01:00:00,2022-11-05 02:00:00,52.59,34.088838,37.26,9.2,94.0,3.6,1012.0,26.127289,44.444925
2022-11-05 02:00:00,2022-11-05 03:00:00,49.59,32.144238,32.15,9.8,92.0,3.6,1011.7,26.127289,44.444925
2022-11-05 03:00:00,2022-11-05 04:00:00,38.95,25.247390000000003,27.87,10.2,91.0,3.6,1011.5,26.127289,44.444925
2022-11-05 04:00:00,2022-11-05 05:00:00,32.01,20.748882,30.82,10.0,94.0,0.0,1011.5,26.127289,44.444925
2022-11-05 05:00:00,2022-11-05 06:00:00,30.98,20.081236,30.62,9.8,95.0,3.6,1011.7,26.127289,44.444925
2022-11-05 06:00:00,2022-11-05 07:00:00,34.12,22.116584,34.98,10.1,95.0,3.6,1011.9,26.127289,44.444925
2022-11-05 07:00:00,2022-11-05 08:00:00,44.86,29.078252,32.36,11.1,94.0,3.6,1012.7,26.127289,44.444925
2022-11-05 09:00:00,2022-11-05 10:00:00,58.97,38.224354,36.09,14.2,84.0,3.6,1012.5,26.127289,44.444925
2022-11-05 10:00:00,2022-11-05 11:00:00,59.19,38.366958,38.02,16.7,73.0,3.6,1012.2,26.127289,44.444925
2022-11-05 11:00:00,2022-11-05 12:00:00,55.03,35.670446,41.38,18.1,68.0,7.2,1012.0,26.127289,44.444925
2022-11-05 12:00:00,2022-11-05 13:00:00,51.29,33.246178,49.65,20.3,63.0,7.2,1011.6,26.127289,44.444925
2022-11-05 13:00:00,2022-11-05 14:00:00,48.44,31.398808,57.28,21.3,58.0,7.2,1011.4,26.127289,44.444925
2022-11-05 14:00:00,2022-11-05 15:00:00,45.23,29.318085999999997,55.82,19.4,65.0,7.2,1011.5,26.127289,44.444925
2022-11-05 15:00:00,2022-11-05 16:00:00,43.3,28.067059999999998,52.39,18.2,70.0,7.2,1012.1,26.127289,44.444925
2022-11-05 16:00:00,2022-11-05 17:00:00,42.86,27.781852,51.21,16.5,77.0,7.2,1012.5,26.127289,44.444925
2022-11-05 17:00:00,2022-11-05 18:00:00,42.56,27.587392,47.51,15.7,79.0,7.2,1013.0,26.127289,44.444925
2022-11-05 18:00:00,2022-11-05 19:00:00,43.41,28.138361999999997,46.42,15.2,82.0,7.2,1013.5,26.127289,44.444925
2022-11-05 20:00:00,2022-11-05 21:00:00,49.02,31.774764,39.72,15.1,85.0,7.2,1014.4,26.127289,44.444925
2022-11-05 21:00:00,2022-11-05 22:00:00,44.82,29.052324,33.4,15.0,86.0,7.2,1014.7,26.127289,44.444925
2022-11-05 22:00:00,2022-11-05 23:00:00,41.77,27.075314000000002,34.56,14.9,86.0,7.2,1015.0,26.127289,44.444925
2022-11-05 23:00:00,2022-11-06 00:00:00,42.8,27.742959999999997,29.05,14.8,88.0,7.2,1015.1,26.127289,44.444925
2022-11-06 00:00:00,2022-11-06 01:00:00,43.37,28.112433999999997,27.56,14.9,88.0,7.2,1015.2,26.127289,44.444925
2022-11-06 01:00:00,2022-11-06 02:00:00,41.15,26.67343,26.37,14.7,88.0,7.2,1015.2,26.127289,44.444925
2022-11-06 02:00:00,2022-11-06 03:00:00,43.02,27.885564000000002,28.49,14.8,88.0,7.2,1015.1,26.127289,44.444925
2022-11-06 03:00:00,2022-11-06 04:00:00,47.65,30.88673,20.39,14.7,87.0,7.2,1015.4,26.127289,44.444925
2022-11-06 04:00:00,2022-11-06 05:00:00,44.34,28.741188,18.66,14.7,87.0,7.2,1015.8,26.127289,44.444925
2022-11-06 05:00:00,2022-11-06 06:00:00,37.88,24.553816,18.02,14.5,87.0,7.2,1015.8,26.127289,44.444925
2022-11-06 06:00:00,2022-11-06 07:00:00,33.55,21.74711,17.46,14.5,88.0,7.2,1016.2,26.127289,44.444925
2022-11-06 07:00:00,2022-11-06 08:00:00,31.06,20.133091999999998,22.21,14.7,87.0,7.2,1017.1,26.127289,44.444925
2022-11-06 08:00:00,2022-11-06 09:00:00,30.98,20.081236,24.48,15.1,83.0,7.2,1017.4,26.127289,44.444925
2022-11-06 09:00:00,2022-11-06 10:00:00,30.28,19.627496,25.4,15.8,79.0,7.2,1017.7,26.127289,44.444925
2022-11-06 10:00:00,2022-11-06 11:00:00,33.42,21.662844,33.18,16.5,75.0,7.2,1017.9,26.127289,44.444925
2022-11-06 11:00:00,2022-11-06 12:00:00,35.35,22.91387,37.92,17.2,73.0,7.2,1017.7,26.127289,44.444925
2022-11-06 12:00:00,2022-11-06 13:00:00,36.85,23.88617,35.77,18.2,70.0,7.2,1017.1,26.127289,44.444925
2022-11-06 13:00:00,2022-11-06 14:00:00,35.98,23.322235999999997,35.54,18.3,64.0,7.2,1017.1,26.127289,44.444925
2022-11-06 14:00:00,2022-11-06 15:00:00,36.16,23.438912,40.75,17.5,67.0,10.8,1017.3,26.127289,44.444925
2022-11-06 15:00:00,2022-11-06 16:00:00,36.13,23.419466,43.78,16.6,71.0,7.2,1017.7,26.127289,44.444925
2022-11-06 16:00:00,2022-11-06 17:00:00,37.53,24.326946,43.39,15.6,76.0,7.2,1018.1,26.127289,44.444925
2022-11-06 17:00:00,2022-11-06 18:00:00,33.1,21.45542,45.06,15.3,77.0,7.2,1018.8,26.127289,44.444925
2022-11-06 18:00:00,2022-11-06 19:00:00,26.64,17.268048,42.75,15.1,78.0,7.2,1019.4,26.127289,44.444925
2022-11-06 19:00:00,2022-11-06 20:00:00,20.89,13.540898,35.58,14.7,78.0,10.8,1020.0,26.127289,44.444925
2022-11-06 21:00:00,2022-11-06 22:00:00,19.72,12.782504,31.21,14.3,77.0,7.2,1020.8,26.127289,44.444925
2022-11-06 22:00:00,2022-11-06 23:00:00,17.93,11.622226,29.17,14.1,76.0,7.2,1021.0,26.127289,44.444925
2022-11-06 23:00:00,2022-11-07 00:00:00,16.32,10.578624,27.51,13.6,79.0,7.2,1021.3,26.127289,44.444925
2022-11-07 00:00:00,2022-11-07 01:00:00,16.52,10.708264,19.22,13.4,79.0,3.6,1021.4,26.127289,44.444925
2022-11-07 01:00:00,2022-11-07 02:00:00,18.15,11.76483,14.25,13.4,79.0,3.6,1021.7,26.127289,44.444925
2022-11-07 02:00:00,2022-11-07 03:00:00,19.16,12.419512,14.17,13.3,78.0,3.6,1021.5,26.127289,44.444925
2022-11-07 03:00:00,2022-11-07 04:00:00,20.33,13.177905999999998,13.23,13.3,78.0,3.6,1021.6,26.127289,44.444925
2022-11-07 04:00:00,2022-11-07 05:00:00,22.15,14.357629999999999,19.22,13.3,77.0,3.6,1021.8,26.127289,44.444925
2022-11-07 05:00:00,2022-11-07 06:00:00,24.35,15.78367,33.36,13.1,76.0,3.6,1021.7,26.127289,44.444925
2022-11-07 06:00:00,2022-11-07 07:00:00,27.06,17.540292,45.48,12.9,79.0,3.6,1022.0,26.127289,44.444925
2022-11-07 07:00:00,2022-11-07 08:00:00,28.75,18.63575,58.38,13.1,78.0,3.6,1022.8,26.127289,44.444925
2022-11-07 08:00:00,2022-11-07 09:00:00,30.81,19.971042,51.19,13.5,73.0,3.6,1023.1,26.127289,44.444925
2022-11-07 09:00:00,2022-11-07 10:00:00,29.76,19.290432000000003,46.82,13.1,70.0,7.2,1023.4,26.127289,44.444925
2022-11-07 10:00:00,2022-11-07 11:00:00,33.97,22.019354,38.74,14.4,64.0,3.6,1023.3,26.127289,44.444925
2022-11-07 11:00:00,2022-11-07 12:00:00,34.29,22.226778,34.05,15.8,57.0,3.6,1022.5,26.127289,44.444925
2022-11-07 12:00:00,2022-11-07 13:00:00,39.0,25.2798,37.6,16.2,53.0,3.6,1021.8,26.127289,44.444925
2022-11-07 13:00:00,2022-11-07 14:00:00,37.21,24.119522,54.5,16.6,52.0,3.6,1021.4,26.127289,44.444925
2022-11-07 14:00:00,2022-11-07 15:00:00,38.08,24.683456,57.64,15.3,56.0,0.0,1021.2,26.127289,44.444925
2022-11-07 15:00:00,2022-11-07 16:00:00,37.71,24.443622,59.62,13.3,65.0,0.0,1021.1,26.127289,44.444925
2022-11-07 16:00:00,2022-11-07 17:00:00,41.74,27.055868,74.3,11.4,75.0,3.6,1021.3,26.127289,44.444925
2022-11-07 17:00:00,2022-11-07 18:00:00,70.32,45.581424,97.47,10.6,80.0,3.6,1021.6,26.127289,44.444925
2022-11-07 18:00:00,2022-11-07 19:00:00,77.88,50.481815999999995,99.65,9.8,84.0,3.6,1021.7,26.127289,44.444925
2022-11-07 19:00:00,2022-11-07 20:00:00,72.46,46.968571999999995,90.59,9.7,85.0,3.6,1021.6,26.127289,44.444925
2022-11-07 20:00:00,2022-11-07 21:00:00,80.51,52.186582,80.47,9.4,86.0,3.6,1021.7,26.127289,44.444925
2022-11-07 22:00:00,2022-11-07 23:00:00,57.1,37.01222,73.45,7.9,92.0,3.6,1022.2,26.127289,44.444925
2022-11-07 23:00:00,2022-11-08 00:00:00,44.64,28.935648,61.49,8.1,92.0,0.0,1022.0,26.127289,44.444925
2022-11-08 00:00:00,2022-11-08 01:00:00,42.64,27.639248000000002,57.29,9.0,89.0,0.0,1021.8,26.127289,44.444925
2022-11-08 01:00:00,2022-11-08 02:00:00,41.79,27.088278,56.85,7.2,94.0,7.6,1021.5,26.127289,44.444925
2022-11-08 02:00:00,2022-11-08 03:00:00,35.92,23.283344,29.69,9.1,87.0,3.6,1021.7,26.127289,44.444925
2022-11-08 03:00:00,2022-11-08 04:00:00,37.51,24.313982,30.23,8.9,87.0,3.6,1021.6,26.127289,44.444925
2022-11-08 04:00:00,2022-11-08 05:00:00,36.84,23.879688,31.85,8.5,90.0,3.6,1021.7,26.127289,44.444925
2022-11-08 05:00:00,2022-11-08 06:00:00,35.87,23.250933999999997,48.86,8.5,88.0,3.6,1021.5,26.127289,44.444925
2022-11-08 06:00:00,2022-11-08 07:00:00,35.77,23.186114000000003,56.95,9.3,86.0,3.6,1021.6,26.127289,44.444925
2022-11-08 07:00:00,2022-11-08 08:00:00,39.97,25.908554,57.87,9.4,84.0,3.6,1022.0,26.127289,44.444925
2022-11-08 08:00:00,2022-11-08 09:00:00,47.12,30.543183999999997,52.21,10.1,82.0,3.6,1022.0,26.127289,44.444925
2022-11-08 09:00:00,2022-11-08 10:00:00,52.77,34.205514,44.9,13.5,70.0,3.6,1022.1,26.127289,44.444925
2022-11-08 10:00:00,2022-11-08 11:00:00,46.76,30.309832,32.33,17.1,58.0,7.2,1022.0,26.127289,44.444925
2022-11-08 11:00:00,2022-11-08 12:00:00,42.59,27.606838000000003,32.68,16.6,60.0,7.2,1021.7,26.127289,44.444925
2022-11-08 12:00:00,2022-11-08 13:00:00,40.49,26.245618,34.02,16.7,61.0,7.2,1021.6,26.127289,44.444925
2022-11-08 13:00:00,2022-11-08 14:00:00,38.22,24.774203999999997,38.76,16.5,62.0,3.6,1021.5,26.127289,44.444925
2022-11-08 14:00:00,2022-11-08 15:00:00,43.73,28.345785999999997,54.22,16.0,65.0,3.6,1021.5,26.127289,44.444925
2022-11-08 15:00:00,2022-11-08 16:00:00,62.41,40.454162,72.0,15.5,66.0,3.6,1021.6,26.127289,44.444925
2022-11-08 16:00:00,2022-11-08 17:00:00,66.43,43.059926000000004,70.6,14.2,71.0,3.6,1022.0,26.127289,44.444925
2022-11-08 17:00:00,2022-11-08 18:00:00,72.9,47.253780000000006,70.19,12.7,77.0,0.0,1022.5,26.127289,44.444925
2022-11-08 18:00:00,2022-11-08 19:00:00,62.29,40.376378,64.53,12.5,79.0,3.6,1022.8,26.127289,44.444925
2022-11-08 19:00:00,2022-11-08 20:00:00,58.17,37.705794000000004,62.63,11.4,79.0,3.6,1022.7,26.127289,44.444925
2022-11-08 20:00:00,2022-11-08 21:00:00,58.94,38.204907999999996,64.39,10.2,83.0,0.0,1022.9,26.127289,44.444925
2022-11-08 21:00:00,2022-11-08 22:00:00,52.86,34.263852,52.52,10.4,83.0,0.0,1023.4,26.127289,44.444925
2022-11-10 00:00:00,2022-11-10 01:00:00,77.11,49.982701999999996,60.59,6.6,100.0,0.0,1023.8,26.127289,44.444925
2022-11-10 01:00:00,2022-11-10 02:00:00,70.42,45.646244,51.44,6.3,100.0,0.0,1023.8,26.127289,44.444925
2022-11-10 02:00:00,2022-11-10 03:00:00,64.95,42.100590000000004,43.05,5.9,100.0,0.0,1023.5,26.127289,44.444925
2022-11-10 03:00:00,2022-11-10 04:00:00,66.24,42.936767999999994,40.3,5.5,100.0,3.6,1023.6,26.127289,44.444925
2022-11-10 04:00:00,2022-11-10 05:00:00,60.91,39.481862,37.87,5.2,100.0,3.6,1023.7,26.127289,44.444925
2022-11-10 05:00:00,2022-11-10 06:00:00,53.74,34.834268,41.65,4.6,100.0,0.0,1023.8,26.127289,44.444925
2022-11-10 06:00:00,2022-11-10 07:00:00,54.58,35.378755999999996,50.58,4.9,100.0,0.0,1024.1,26.127289,44.444925
2022-11-10 07:00:00,2022-11-10 08:00:00,51.34,33.278588,51.9,6.8,100.0,3.6,1024.7,26.127289,44.444925
2022-11-10 08:00:00,2022-11-10 09:00:00,49.58,32.137755999999996,60.86,9.1,99.0,0.0,1024.8,26.127289,44.444925
2022-11-10 09:00:00,2022-11-10 10:00:00,50.89,32.986898000000004,72.16,13.1,69.0,3.6,1024.8,26.127289,44.444925
2022-11-10 10:00:00,2022-11-10 11:00:00,52.05,33.73881,73.3,14.6,63.0,3.6,1024.9,26.127289,44.444925
2022-11-10 11:00:00,2022-11-10 12:00:00,58.46,37.893772,84.62,16.1,56.0,0.0,1024.6,26.127289,44.444925
2022-11-10 12:00:00,2022-11-10 13:00:00,58.82,38.127124,87.43,17.2,54.0,3.6,1024.2,26.127289,44.444925
2022-11-10 13:00:00,2022-11-10 14:00:00,57.93,37.550226,77.31,17.6,53.0,0.0,1024.2,26.127289,44.444925
2022-11-10 14:00:00,2022-11-10 15:00:00,56.05,36.33161,92.37,17.1,54.0,0.0,1024.2,26.127289,44.444925
2022-11-10 15:00:00,2022-11-10 16:00:00,51.14,33.148948,104.45,14.5,66.0,3.6,1024.6,26.127289,44.444925
2022-11-10 16:00:00,2022-11-10 17:00:00,57.71,37.407622,109.4,11.8,78.0,0.0,1025.1,26.127289,44.444925
2022-11-10 17:00:00,2022-11-10 18:00:00,68.15,44.17483,105.71,11.0,82.0,3.6,1025.5,26.127289,44.444925
2022-11-10 18:00:00,2022-11-10 19:00:00,94.07,60.97617399999999,112.51,10.2,85.0,3.6,1025.6,26.127289,44.444925
2022-11-10 19:00:00,2022-11-10 20:00:00,85.33,55.310905999999996,109.34,9.4,90.0,3.6,1025.8,26.127289,44.444925
2022-11-10 20:00:00,2022-11-10 21:00:00,75.98,49.250236,89.21,9.5,89.0,3.6,1026.2,26.127289,44.444925
2022-11-10 21:00:00,2022-11-10 22:00:00,74.97,48.595554,78.35,9.4,89.0,3.6,1026.4,26.127289,44.444925
2022-11-10 22:00:00,2022-11-10 23:00:00,76.94,49.872507999999996,75.71,8.5,92.0,3.6,1026.6,26.127289,44.444925
2022-11-10 23:00:00,2022-11-11 00:00:00,73.83,47.856606,61.51,8.3,92.0,3.6,1026.8,26.127289,44.444925
2022-11-11 01:00:00,2022-11-11 02:00:00,69.11,44.797102,44.09,7.7,93.0,3.6,1026.8,26.127289,44.444925
2022-11-11 02:00:00,2022-11-11 03:00:00,68.11,44.148902,45.79,7.9,91.0,3.6,1026.5,26.127289,44.444925
2022-11-11 03:00:00,2022-11-11 04:00:00,71.63,46.430566,46.97,8.0,90.0,3.6,1027.0,26.127289,44.444925
2022-11-11 04:00:00,2022-11-11 05:00:00,67.73,43.902586,42.7,9.1,86.0,3.6,1027.6,26.127289,44.444925
2022-11-11 05:00:00,2022-11-11 06:00:00,44.12,28.598584,40.81,10.2,81.0,7.2,1027.9,26.127289,44.444925
2022-11-11 06:00:00,2022-11-11 07:00:00,33.44,21.675808,48.06,9.6,93.0,3.6,1028.7,26.127289,44.444925
2022-11-11 07:00:00,2022-11-11 08:00:00,32.9,21.325779999999998,56.73,9.4,99.0,3.6,1029.6,26.127289,44.444925
2022-11-11 08:00:00,2022-11-11 09:00:00,24.58,15.932756,55.67,10.3,99.0,3.6,1030.1,26.127289,44.444925
2022-11-11 09:00:00,2022-11-11 10:00:00,21.81,14.137241999999999,59.04,10.5,99.0,3.6,1030.7,26.127289,44.444925
2022-11-11 10:00:00,2022-11-11 11:00:00,10.73,6.955186,67.34,10.5,99.0,7.2,1031.0,26.127289,44.444925
2022-11-11 11:00:00,2022-11-11 12:00:00,8.82,5.717124,68.11,10.6,99.0,3.6,1031.0,26.127289,44.444925
2022-11-11 12:00:00,2022-11-11 13:00:00,9.51,6.164382,68.35,10.6,95.0,7.2,1030.9,26.127289,44.444925
2022-11-11 13:00:00,2022-11-11 14:00:00,9.99,6.475518,71.4,10.8,92.0,3.6,1030.7,26.127289,44.444925
2022-11-11 14:00:00,2022-11-11 15:00:00,12.5,8.1025,76.5,10.8,88.0,3.6,1031.0,26.127289,44.444925
2022-11-11 15:00:00,2022-11-11 16:00:00,12.9,8.36178,64.64,10.5,90.0,3.6,1031.2,26.127289,44.444925
2022-11-11 16:00:00,2022-11-11 17:00:00,13.41,8.692362,69.17,9.9,93.0,0.0,1031.4,26.127289,44.444925
2022-11-11 17:00:00,2022-11-11 18:00:00,28.0,18.1496,71.64,10.4,92.0,3.6,1032.1,26.127289,44.444925
2022-11-11 18:00:00,2022-11-11 19:00:00,45.39,29.421798,58.49,10.1,96.0,0.0,1032.3,26.127289,44.444925
2022-11-11 19:00:00,2022-11-11 20:00:00,52.04,33.732328,45.26,9.4,98.0,3.6,1032.3,26.127289,44.444925
2022-11-11 20:00:00,2022-11-11 21:00:00,45.12,29.246783999999998,44.37,8.7,99.0,0.0,1032.7,26.127289,44.444925
2022-11-11 21:00:00,2022-11-11 22:00:00,38.72,25.098304,46.62,9.1,100.0,3.6,1032.9,26.127289,44.444925
2022-11-11 22:00:00,2022-11-11 23:00:00,41.79,27.088278,39.54,9.4,99.0,3.6,1033.1,26.127289,44.444925
2022-11-11 23:00:00,2022-11-12 00:00:00,41.78,27.081796,39.8,9.3,99.0,0.0,1032.9,26.127289,44.444925
2022-11-12 00:00:00,2022-11-12 01:00:00,37.62,24.385284,37.5,9.1,99.0,0.0,1032.9,26.127289,44.444925
2022-11-12 02:00:00,2022-11-12 03:00:00,29.59,19.180238,40.11,8.6,100.0,0.0,1032.6,26.127289,44.444925
2022-11-12 03:00:00,2022-11-12 04:00:00,29.06,18.836692,37.83,8.1,99.0,0.0,1032.4,26.127289,44.444925
2022-11-12 04:00:00,2022-11-12 05:00:00,25.33,16.418906,34.6,7.5,99.0,3.6,1032.7,26.127289,44.444925
2022-11-12 05:00:00,2022-11-12 06:00:00,20.65,13.38533,37.75,6.1,99.0,0.0,1033.0,26.127289,44.444925
2022-11-12 06:00:00,2022-11-12 07:00:00,21.54,13.962228,43.06,5.6,99.0,0.0,1033.3,26.127289,44.444925
2022-11-12 07:00:00,2022-11-12 08:00:00,22.38,14.506715999999999,42.12,7.1,100.0,3.6,1033.8,26.127289,44.444925
2022-11-12 08:00:00,2022-11-12 09:00:00,26.24,17.008768,40.99,10.2,82.0,7.2,1033.8,26.127289,44.444925
2022-11-12 09:00:00,2022-11-12 10:00:00,27.14,17.592148,36.29,11.5,76.0,3.6,1034.1,26.127289,44.444925
2022-11-12 10:00:00,2022-11-12 11:00:00,25.86,16.762452,34.58,13.9,65.0,3.6,1033.8,26.127289,44.444925
2022-11-12 11:00:00,2022-11-12 12:00:00,21.72,14.078904,37.86,15.1,57.0,3.6,1033.5,26.127289,44.444925
2022-11-12 12:00:00,2022-11-12 13:00:00,17.49,11.337017999999999,35.02,15.4,51.0,3.6,1033.4,26.127289,44.444925
2022-11-12 13:00:00,2022-11-12 14:00:00,18.01,11.674082,43.24,15.7,46.0,3.6,1033.1,26.127289,44.444925
2022-11-12 14:00:00,2022-11-12 15:00:00,17.09,11.077738,45.86,14.3,56.0,3.6,1033.3,26.127289,44.444925
2022-11-12 15:00:00,2022-11-12 16:00:00,16.07,10.416574,48.93,11.8,63.0,0.0,1033.3,26.127289,44.444925
2022-11-12 16:00:00,2022-11-12 17:00:00,20.76,13.456632,72.58,9.4,74.0,0.0,1033.3,26.127289,44.444925
2022-11-12 17:00:00,2022-11-12 18:00:00,33.36,21.623952,81.86,8.7,79.0,0.0,1033.5,26.127289,44.444925
2022-11-12 18:00:00,2022-11-12 19:00:00,43.16,27.976311999999997,96.85,8.2,84.0,3.6,1033.7,26.127289,44.444925
2022-11-12 19:00:00,2022-11-12 20:00:00,45.46,29.467172,88.75,7.0,91.0,0.0,1033.9,26.127289,44.444925
2022-11-12 20:00:00,2022-11-12 21:00:00,50.03,32.429446,84.42,7.0,92.0,3.6,1033.9,26.127289,44.444925
2022-11-12 21:00:00,2022-11-12 22:00:00,65.27,42.308014,88.13,6.6,95.0,3.6,1034.1,26.127289,44.444925
2022-11-12 22:00:00,2022-11-12 23:00:00,93.04,60.308528,86.41,5.6,97.0,0.0,1034.3,26.127289,44.444925
2022-11-12 23:00:00,2022-11-13 00:00:00,84.76,54.941432000000006,68.78,5.2,99.0,0.0,1034.2,26.127289,44.444925
2022-11-13 00:00:00,2022-11-13 01:00:00,77.49,50.229017999999996,64.57,4.9,99.0,0.0,1034.1,26.127289,44.444925
2022-11-13 01:00:00,2022-11-13 02:00:00,63.64,41.251448,59.78,5.1,98.0,0.0,1033.6,26.127289,44.444925
2022-11-13 03:00:00,2022-11-13 04:00:00,58.07,37.640974,52.18,4.1,97.0,0.0,1033.6,26.127289,44.444925
2022-11-13 04:00:00,2022-11-13 05:00:00,51.43,33.336926,50.02,3.7,98.0,0.0,1033.3,26.127289,44.444925
2022-11-13 05:00:00,2022-11-13 06:00:00,43.3,28.067059999999998,49.43,3.7,97.0,3.6,1033.0,26.127289,44.444925
2022-11-13 06:00:00,2022-11-13 07:00:00,39.26,25.448331999999997,54.53,3.2,99.0,0.0,1033.1,26.127289,44.444925
2022-11-13 07:00:00,2022-11-13 08:00:00,37.42,24.255644,48.06,4.5,93.0,7.2,1033.3,26.127289,44.444925
2022-11-13 08:00:00,2022-11-13 09:00:00,45.12,29.246783999999998,41.2,7.1,82.0,3.6,1033.3,26.127289,44.444925
2022-11-13 09:00:00,2022-11-13 10:00:00,31.07,20.139574,28.61,10.7,68.0,7.2,1032.8,26.127289,44.444925
2022-11-13 10:00:00,2022-11-13 11:00:00,27.53,17.844946,22.06,13.2,60.0,7.2,1032.2,26.127289,44.444925
2022-11-13 11:00:00,2022-11-13 12:00:00,23.39,15.161398,18.48,14.5,56.0,3.6,1031.6,26.127289,44.444925
2022-11-13 12:00:00,2022-11-13 13:00:00,19.35,12.542670000000001,20.35,15.6,52.0,7.2,1030.8,26.127289,44.444925
2022-11-13 13:00:00,2022-11-13 14:00:00,18.25,11.829649999999999,20.19,15.7,53.0,3.6,1030.3,26.127289,44.444925
2022-11-13 14:00:00,2022-11-13 15:00:00,16.68,10.811976,24.29,14.6,60.0,7.2,1030.1,26.127289,44.444925
2022-11-13 15:00:00,2022-11-13 16:00:00,20.74,13.443667999999999,35.26,12.9,68.0,7.2,1030.0,26.127289,44.444925
2022-11-13 16:00:00,2022-11-13 17:00:00,29.86,19.355252,38.65,11.0,88.0,7.2,1030.0,26.127289,44.444925
2022-11-13 17:00:00,2022-11-13 18:00:00,33.14,21.481348,44.82,9.2,96.0,3.6,1030.0,26.127289,44.444925
2022-11-13 18:00:00,2022-11-13 19:00:00,36.12,23.412983999999998,58.95,8.1,99.0,3.6,1030.2,26.127289,44.444925
2022-11-13 19:00:00,2022-11-13 20:00:00,33.24,21.546168,75.68,7.5,100.0,0.0,1030.0,26.127289,44.444925
2022-11-13 20:00:00,2022-11-13 21:00:00,33.41,21.656361999999998,75.11,7.3,100.0,0.0,1029.9,26.127289,44.444925
2022-11-13 21:00:00,2022-11-13 22:00:00,37.6,24.372320000000002,70.48,6.7,99.0,3.6,1029.7,26.127289,44.444925
2022-11-13 22:00:00,2022-11-13 23:00:00,43.82,28.404124,60.18,5.7,100.0,3.6,1029.7,26.127289,44.444925
2022-11-13 23:00:00,2022-11-14 00:00:00,38.7,25.085340000000002,51.24,4.8,100.0,7.2,1029.5,26.127289,44.444925
2022-11-14 00:00:00,2022-11-14 01:00:00,40.72,26.394704,50.72,4.3,100.0,3.6,1029.3,26.127289,44.444925
2022-11-14 01:00:00,2022-11-14 02:00:00,46.36,30.050552,47.7,3.7,100.0,3.6,1029.3,26.127289,44.444925
2022-11-14 02:00:00,2022-11-14 03:00:00,40.98,26.563235999999996,45.9,4.2,100.0,0.0,1029.0,26.127289,44.444925
2022-11-14 04:00:00,2022-11-14 05:00:00,32.06,20.781292,31.22,4.4,100.0,3.6,1029.2,26.127289,44.444925
2022-11-14 05:00:00,2022-11-14 06:00:00,30.54,19.796028,35.01,4.5,100.0,3.6,1029.2,26.127289,44.444925
2022-11-14 06:00:00,2022-11-14 07:00:00,32.22,20.885004,50.04,5.1,100.0,3.6,1029.6,26.127289,44.444925
2022-11-14 07:00:00,2022-11-14 08:00:00,35.3,22.881459999999997,53.88,5.5,100.0,3.6,1029.9,26.127289,44.444925
2022-11-14 08:00:00,2022-11-14 09:00:00,40.22,26.070604,49.45,6.9,98.0,0.0,1029.7,26.127289,44.444925
2022-11-14 09:00:00,2022-11-14 10:00:00,39.15,25.377029999999998,49.73,8.4,88.0,3.6,1029.5,26.127289,44.444925
2022-11-14 10:00:00,2022-11-14 11:00:00,34.34,22.259188,42.3,9.3,81.0,3.6,1029.2,26.127289,44.444925
2022-11-14 11:00:00,2022-11-14 12:00:00,31.47,20.398854,46.53,9.9,76.0,3.6,1028.5,26.127289,44.444925
2022-11-14 12:00:00,2022-11-14 13:00:00,32.42,21.014644,63.21,9.4,79.0,3.6,1028.1,26.127289,44.444925
2022-11-14 13:00:00,2022-11-14 14:00:00,29.0,18.7978,50.99,9.5,78.0,0.0,1027.7,26.127289,44.444925
2022-11-14 14:00:00,2022-11-14 15:00:00,27.9,18.08478,58.93,9.4,77.0,3.6,1027.6,26.127289,44.444925
2022-11-14 15:00:00,2022-11-14 16:00:00,27.23,17.650486,49.1,9.2,79.0,0.0,1027.3,26.127289,44.444925
2022-11-14 16:00:00,2022-11-14 17:00:00,21.89,14.189098,52.47,8.7,83.0,3.6,1027.2,26.127289,44.444925
2022-11-14 17:00:00,2022-11-14 18:00:00,17.63,11.427766,45.18,8.3,84.0,3.6,1027.3,26.127289,44.444925
2022-11-14 18:00:00,2022-11-14 19:00:00,17.81,11.544441999999998,46.59,8.1,83.0,3.6,1027.3,26.127289,44.444925
2022-11-14 19:00:00,2022-11-14 20:00:00,18.33,11.881505999999998,42.97,7.8,84.0,3.6,1027.1,26.127289,44.444925
2022-11-14 20:00:00,2022-11-14 21:00:00,22.05,14.292810000000001,37.58,7.7,85.0,3.6,1027.0,26.127289,44.444925
2022-11-14 21:00:00,2022-11-14 22:00:00,22.53,14.603946,35.17,7.7,83.0,3.6,1026.9,26.127289,44.444925
2022-11-14 22:00:00,2022-11-14 23:00:00,21.84,14.156687999999999,27.59,7.6,84.0,0.0,1026.7,26.127289,44.444925
2022-11-14 23:00:00,2022-11-15 00:00:00,20.55,13.32051,22.3,7.6,83.0,3.6,1026.2,26.127289,44.444925
2022-11-15 00:00:00,2022-11-15 01:00:00,21.32,13.819624000000001,21.69,7.5,83.0,3.6,1025.7,26.127289,44.444925
2022-11-15 01:00:00,2022-11-15 02:00:00,22.31,14.461341999999998,15.65,7.4,84.0,0.0,1025.4,26.127289,44.444925
2022-11-15 02:00:00,2022-11-15 03:00:00,23.3,15.103060000000001,14.14,7.6,79.0,0.0,1024.9,26.127289,44.444925
2022-11-15 03:00:00,2022-11-15 04:00:00,24.22,15.699404,12.08,7.4,82.0,3.6,1024.4,26.127289,44.444925
2022-11-15 05:00:00,2022-11-15 06:00:00,24.05,15.58921,30.22,7.4,83.0,3.6,1023.8,26.127289,44.444925
2022-11-15 06:00:00,2022-11-15 07:00:00,24.05,15.58921,35.99,7.4,84.0,3.6,1023.6,26.127289,44.444925
2022-11-15 07:00:00,2022-11-15 08:00:00,28.45,18.44129,40.84,7.6,82.0,3.6,1023.5,26.127289,44.444925
2022-11-15 08:00:00,2022-11-15 09:00:00,28.62,18.551484000000002,34.65,7.7,79.0,3.6,1023.4,26.127289,44.444925
2022-11-15 09:00:00,2022-11-15 10:00:00,29.75,19.28395,39.72,7.8,78.0,3.6,1023.2,26.127289,44.444925
2022-11-15 10:00:00,2022-11-15 11:00:00,28.95,18.76539,34.14,7.8,79.0,3.6,1022.6,26.127289,44.444925
2022-11-15 11:00:00,2022-11-15 12:00:00,28.11,18.220902,29.7,7.9,78.0,3.6,1021.8,26.127289,44.444925
2022-11-15 12:00:00,2022-11-15 13:00:00,25.65,16.62633,30.97,7.9,76.0,7.2,1021.1,26.127289,44.444925
2022-11-15 13:00:00,2022-11-15 14:00:00,22.66,14.688212,28.78,7.6,79.0,7.2,1020.4,26.127289,44.444925
2022-11-15 14:00:00,2022-11-15 15:00:00,21.85,14.163170000000001,32.31,7.5,79.0,3.6,1019.9,26.127289,44.444925
2022-11-15 15:00:00,2022-11-15 16:00:00,22.55,14.61691,34.14,7.3,80.0,3.6,1019.3,26.127289,44.444925
2022-11-15 16:00:00,2022-11-15 17:00:00,23.06,14.947491999999999,39.04,7.1,81.0,7.2,1018.7,26.127289,44.444925
2022-11-15 17:00:00,2022-11-15 18:00:00,24.76,16.049432,38.83,7.0,82.0,7.2,1018.3,26.127289,44.444925
2022-11-15 18:00:00,2022-11-15 19:00:00,25.88,16.775416,34.14,7.0,84.0,3.6,1017.7,26.127289,44.444925
2022-11-15 19:00:00,2022-11-15 20:00:00,27.81,18.026442,34.39,7.0,85.0,7.2,1017.2,26.127289,44.444925
2022-11-15 20:00:00,2022-11-15 21:00:00,29.18,18.914476,30.8,6.9,85.0,7.2,1016.7,26.127289,44.444925
2022-11-15 21:00:00,2022-11-15 22:00:00,30.19,19.569158,23.55,6.9,87.0,7.2,1016.3,26.127289,44.444925
2022-11-15 22:00:00,2022-11-15 23:00:00,29.39,19.050598,20.69,6.7,90.0,7.2,1015.6,26.127289,44.444925
2022-11-15 23:00:00,2022-11-16 00:00:00,29.73,19.270986,17.84,6.3,92.0,7.2,1014.7,26.127289,44.444925
2022-11-16 00:00:00,2022-11-16 01:00:00,30.27,19.621014,15.53,6.4,94.0,7.2,1013.9,26.127289,44.444925
2022-11-16 01:00:00,2022-11-16 02:00:00,30.8,19.96456,14.67,6.7,93.0,7.2,1013.2,26.127289,44.444925
2022-11-16 02:00:00,2022-11-16 03:00:00,31.65,20.51553,12.97,6.8,93.0,7.2,1012.3,26.127289,44.444925
2022-11-16 03:00:00,2022-11-16 04:00:00,31.16,20.197912,12.98,6.8,94.0,7.2,1011.8,26.127289,44.444925
2022-11-16 04:00:00,2022-11-16 05:00:00,41.55,26.932709999999997,16.84,6.9,93.0,7.2,1011.3,26.127289,44.444925
2022-11-16 06:00:00,2022-11-16 07:00:00,39.31,25.480742000000003,31.13,7.0,91.0,10.8,1010.2,26.127289,44.444925
2022-11-16 07:00:00,2022-11-16 08:00:00,36.89,23.912098,30.67,6.8,93.0,10.8,1009.8,26.127289,44.444925
2022-11-16 08:00:00,2022-11-16 09:00:00,37.99,24.625118,28.03,6.9,93.0,10.8,1009.5,26.127289,44.444925
2022-11-16 09:00:00,2022-11-16 10:00:00,39.13,25.364066,29.46,7.2,93.0,10.8,1009.3,26.127289,44.444925
2022-11-16 10:00:00,2022-11-16 11:00:00,35.35,22.91387,23.48,7.9,91.0,7.2,1008.6,26.127289,44.444925
2022-11-16 11:00:00,2022-11-16 12:00:00,37.73,24.456585999999998,26.61,8.4,88.0,7.2,1007.8,26.127289,44.444925
2022-11-16 12:00:00,2022-11-16 13:00:00,41.63,26.984566,25.38,9.1,87.0,10.8,1007.1,26.127289,44.444925
2022-11-16 13:00:00,2022-11-16 14:00:00,40.03,25.947446,27.67,9.6,84.0,10.8,1006.6,26.127289,44.444925
2022-11-16 14:00:00,2022-11-16 15:00:00,33.48,21.701735999999997,31.06,10.1,82.0,7.2,1006.0,26.127289,44.444925
2022-11-16 15:00:00,2022-11-16 16:00:00,29.51,19.128382000000002,39.91,9.2,87.0,7.2,1005.7,26.127289,44.444925
2022-11-16 16:00:00,2022-11-16 17:00:00,30.43,19.724726,45.97,8.6,92.0,7.2,1005.5,26.127289,44.444925
2022-11-16 17:00:00,2022-11-16 18:00:00,34.71,22.499022,52.48,7.4,97.0,3.6,1005.8,26.127289,44.444925
2022-11-16 18:00:00,2022-11-16 19:00:00,35.16,22.790712,49.5,7.1,98.0,7.2,1005.5,26.127289,44.444925
2022-11-16 19:00:00,2022-11-16 20:00:00,35.37,22.926834,40.07,6.8,99.0,7.2,1005.4,26.127289,44.444925
2022-11-16 20:00:00,2022-11-16 21:00:00,33.32,21.598024,39.65,6.4,100.0,3.6,1005.3,26.127289,44.444925
2022-11-16 21:00:00,2022-11-16 22:00:00,30.46,19.744172,39.54,6.3,100.0,3.6,1005.2,26.127289,44.444925
2022-11-16 22:00:00,2022-11-16 23:00:00,31.0,20.0942,47.03,6.7,100.0,0.0,1004.8,26.127289,44.444925
2022-11-16 23:00:00,2022-11-17 00:00:00,30.25,19.60805,52.32,7.7,100.0,3.6,1004.4,26.127289,44.444925
2022-11-17 00:00:00,2022-11-17 01:00:00,29.56,19.160792,48.96,8.1,99.0,3.6,1003.8,26.127289,44.444925
2022-11-17 01:00:00,2022-11-17 02:00:00,30.08,19.497856,50.87,7.9,97.0,3.6,1003.2,26.127289,44.444925
2022-11-17 02:00:00,2022-11-17 03:00:00,31.29,20.282178,46.48,7.9,97.0,0.0,1002.6,26.127289,44.444925
2022-11-17 03:00:00,2022-11-17 04:00:00,30.21,19.582122000000002,44.26,7.9,97.0,0.0,1002.2,26.127289,44.444925
2022-11-17 04:00:00,2022-11-17 05:00:00,29.36,19.031152,41.22,8.2,97.0,3.6,1001.8,26.127289,44.444925
2022-11-17 05:00:00,2022-11-17 06:00:00,28.05,18.182010000000002,43.72,8.3,96.0,0.0,1001.3,26.127289,44.444925
2022-11-17 07:00:00,2022-11-17 08:00:00,36.73,23.808386,78.94,9.4,91.0,0.0,1000.6,26.127289,44.444925
2022-11-17 08:00:00,2022-11-17 09:00:00,48.55,31.47011,87.1,10.4,89.0,0.0,999.9,26.127289,44.444925
2022-11-17 09:00:00,2022-11-17 10:00:00,44.42,28.793044000000002,71.85,11.1,83.0,0.0,999.9,26.127289,44.444925
2022-11-17 10:00:00,2022-11-17 11:00:00,36.88,23.905616000000002,48.55,11.7,82.0,7.2,999.8,26.127289,44.444925
2022-11-17 11:00:00,2022-11-17 12:00:00,30.18,19.562676,32.9,13.0,84.0,10.8,999.2,26.127289,44.444925
2022-11-17 12:00:00,2022-11-17 13:00:00,25.47,16.509653999999998,28.46,12.9,86.0,10.8,999.4,26.127289,44.444925
2022-11-17 13:00:00,2022-11-17 14:00:00,31.27,20.269213999999998,25.62,12.0,85.0,7.2,999.9,26.127289,44.444925
2022-11-17 14:00:00,2022-11-17 15:00:00,24.82,16.088324,25.56,12.2,80.0,10.8,1000.2,26.127289,44.444925
2022-11-17 15:00:00,2022-11-17 16:00:00,22.57,14.629874000000001,36.0,12.1,82.0,7.2,1000.6,26.127289,44.444925
2022-11-17 16:00:00,2022-11-17 17:00:00,23.29,15.096578,43.83,11.3,88.0,3.6,1001.1,26.127289,44.444925
2022-11-17 17:00:00,2022-11-17 18:00:00,24.21,15.692922000000001,44.61,10.0,91.0,7.2,1002.0,26.127289,44.444925
2022-11-17 18:00:00,2022-11-17 19:00:00,17.67,11.453694,43.82,10.0,86.0,7.2,1002.4,26.127289,44.444925
2022-11-17 19:00:00,2022-11-17 20:00:00,18.39,11.920398,36.71,9.2,87.0,7.2,1002.9,26.127289,44.444925
2022-11-17 20:00:00,2022-11-17 21:00:00,18.03,11.687046,36.7,8.4,90.0,3.6,1003.5,26.127289,44.444925
2022-11-17 21:00:00,2022-11-17 22:00:00,18.49,11.985218,41.3,6.7,95.0,3.6,1004.0,26.127289,44.444925
2022-11-17 22:00:00,2022-11-17 23:00:00,21.93,14.215026,52.08,5.7,99.0,0.0,1004.6,26.127289,44.444925
2022-11-17 23:00:00,2022-11-18 00:00:00,20.58,13.339955999999999,40.73,4.9,99.0,3.6,1004.9,26.127289,44.444925
2022-11-18 00:00:00,2022-11-18 01:00:00,19.5,12.6399,33.38,4.1,100.0,0.0,1005.1,26.127289,44.444925
2022-11-18 01:00:00,2022-11-18 02:00:00,17.99,11.661117999999998,26.24,3.8,100.0,3.6,1005.1,26.127289,44.444925
2022-11-18 02:00:00,2022-11-18 03:00:00,18.51,11.998182000000002,32.65,3.2,100.0,3.6,1005.4,26.127289,44.444925
2022-11-18 03:00:00,2022-11-18 04:00:00,23.91,15.498462,35.79,3.1,100.0,0.0,1005.5,26.127289,44.444925
2022-11-18 04:00:00,2022-11-18 05:00:00,24.13,15.641065999999999,26.24,5.3,100.0,3.6,1005.3,26.127289,44.444925
2022-11-18 05:00:00,2022-11-18 06:00:00,18.41,11.933362,26.34,5.4,99.0,3.6,1005.6,26.127289,44.444925
2022-11-18 06:00:00,2022-11-18 07:00:00,17.57,11.388874,32.04,5.4,100.0,3.6,1006.0,26.127289,44.444925
2022-11-18 08:00:00,2022-11-18 09:00:00,20.27,13.139014,29.25,7.8,85.0,3.6,1005.9,26.127289,44.444925
2022-11-18 09:00:00,2022-11-18 10:00:00,24.6,15.945720000000001,33.04,10.1,72.0,3.6,1005.6,26.127289,44.444925
2022-11-18 10:00:00,2022-11-18 11:00:00,26.93,17.456026,46.03,11.4,66.0,3.6,1005.4,26.127289,44.444925
2022-11-18 11:00:00,2022-11-18 12:00:00,29.73,19.270986,59.78,12.2,64.0,3.6,1004.0,26.127289,44.444925
2022-11-18 12:00:00,2022-11-18 13:00:00,32.35,20.96927,63.46,13.3,60.0,0.0,1003.5,26.127289,44.444925
2022-11-18 13:00:00,2022-11-18 14:00:00,31.82,20.625724,53.03,13.2,61.0,3.6,1003.1,26.127289,44.444925
2022-11-18 14:00:00,2022-11-18 15:00:00,31.44,20.379408,55.36,11.9,68.0,3.6,1002.9,26.127289,44.444925
2022-11-18 15:00:00,2022-11-18 16:00:00,33.81,21.915642000000002,56.71,10.9,73.0,7.2,1002.4,26.127289,44.444925
2022-11-18 16:00:00,2022-11-18 17:00:00,32.88,21.312816,51.97,10.3,76.0,7.2,1001.8,26.127289,44.444925
2022-11-18 17:00:00,2022-11-18 18:00:00,34.81,22.563842,52.44,9.7,79.0,3.6,1001.4,26.127289,44.444925
2022-11-18 18:00:00,2022-11-18 19:00:00,36.14,23.425948,47.73,9.9,79.0,3.6,1000.8,26.127289,44.444925
2022-11-18 19:00:00,2022-11-18 20:00:00,34.81,22.563842,39.76,9.6,83.0,3.6,1000.8,26.127289,44.444925
2022-11-18 20:00:00,2022-11-18 21:00:00,30.43,19.724726,37.31,9.4,85.0,3.6,1000.7,26.127289,44.444925
2022-11-18 21:00:00,2022-11-18 22:00:00,34.11,22.110102,40.08,8.8,92.0,3.6,1000.1,26.127289,44.444925
2022-11-18 22:00:00,2022-11-18 23:00:00,34.01,22.045282,39.36,8.5,92.0,0.0,1000.6,26.127289,44.444925
2022-11-18 23:00:00,2022-11-19 00:00:00,33.02,21.403564000000003,37.81,8.4,94.0,3.6,1001.5,26.127289,44.444925
2022-11-19 00:00:00,2022-11-19 01:00:00,29.48,19.108936,25.56,8.3,92.0,7.2,1001.8,26.127289,44.444925
2022-11-19 01:00:00,2022-11-19 02:00:00,27.17,17.611594,19.81,9.8,93.0,10.8,1002.4,26.127289,44.444925
2022-11-19 02:00:00,2022-11-19 03:00:00,29.59,19.180238,19.53,9.8,93.0,10.8,1003.4,26.127289,44.444925
2022-11-19 03:00:00,2022-11-19 04:00:00,31.54,20.444228,20.06,9.2,93.0,10.8,1004.5,26.127289,44.444925
2022-11-19 04:00:00,2022-11-19 05:00:00,31.58,20.470156,18.59,8.6,94.0,7.2,1005.8,26.127289,44.444925
2022-11-19 05:00:00,2022-11-19 06:00:00,24.03,15.576246000000001,18.25,8.4,93.0,10.8,1006.7,26.127289,44.444925
2022-11-19 06:00:00,2022-11-19 07:00:00,16.05,10.40361,21.88,8.5,91.0,10.8,1007.5,26.127289,44.444925
2022-11-19 07:00:00,2022-11-19 08:00:00,11.59,7.512638,19.42,10.1,84.0,10.8,1008.5,26.127289,44.444925
2022-11-19 09:00:00,2022-11-19 10:00:00,8.48,5.496736,16.56,12.9,70.0,10.8,1011.0,26.127289,44.444925
2022-11-19 10:00:00,2022-11-19 11:00:00,7.15,4.6346300000000005,15.91,14.2,63.0,10.8,1011.6,26.127289,44.444925
2022-11-19 11:00:00,2022-11-19 12:00:00,7.1,4.60222,17.4,15.1,58.0,10.8,1011.9,26.127289,44.444925
2022-11-19 12:00:00,2022-11-19 13:00:00,7.96,5.159672,19.51,14.7,60.0,7.2,1011.9,26.127289,44.444925
2022-11-19 13:00:00,2022-11-19 14:00:00,8.81,5.710642,23.59,14.9,60.0,7.2,1012.4,26.127289,44.444925
2022-11-19 14:00:00,2022-11-19 15:00:00,11.18,7.246875999999999,33.41,14.9,60.0,3.6,1013.0,26.127289,44.444925
2022-11-19 15:00:00,2022-11-19 16:00:00,13.15,8.52383,39.19,13.4,68.0,0.0,1013.5,26.127289,44.444925
2022-11-19 16:00:00,2022-11-19 17:00:00,18.6,12.05652,57.07,11.6,88.0,0.0,1014.1,26.127289,44.444925
2022-11-19 17:00:00,2022-11-19 18:00:00,28.7,18.60334,66.02,11.1,97.0,0.0,1015.2,26.127289,44.444925
2022-11-19 18:00:00,2022-11-19 19:00:00,29.12,18.875584,41.03,10.6,92.0,7.2,1014.7,26.127289,44.444925
2022-11-19 19:00:00,2022-11-19 20:00:00,29.75,19.28395,34.87,10.2,88.0,7.2,1014.9,26.127289,44.444925
2022-11-19 20:00:00,2022-11-19 21:00:00,21.11,13.683501999999999,30.52,9.1,96.0,7.2,1014.9,26.127289,44.444925
2022-11-19 21:00:00,2022-11-19 22:00:00,16.15,10.46843,33.14,8.5,90.0,7.2,1014.9,26.127289,44.444925
2022-11-19 22:00:00,2022-11-19 23:00:00,17.62,11.421284,24.85,8.6,89.0,7.2,1013.6,26.127289,44.444925
2022-11-19 23:00:00,2022-11-20 00:00:00,17.35,11.24627,23.5,7.8,88.0,7.2,1012.9,26.127289,44.444925
2022-11-20 00:00:00,2022-11-20 01:00:00,18.79,12.179678,18.87,7.2,91.0,7.2,1013.1,26.127289,44.444925
2022-11-20 01:00:00,2022-11-20 02:00:00,21.68,14.052976,21.65,6.4,94.0,10.8,1012.3,26.127289,44.444925
2022-11-20 02:00:00,2022-11-20 03:00:00,23.48,15.219736000000001,20.66,6.3,96.0,7.2,1011.9,26.127289,44.444925
2022-11-20 03:00:00,2022-11-20 04:00:00,20.45,13.25569,20.87,6.0,97.0,7.2,1011.4,26.127289,44.444925
2022-11-20 04:00:00,2022-11-20 05:00:00,14.96,9.697072,16.08,5.8,97.0,7.2,1011.3,26.127289,44.444925
2022-11-20 05:00:00,2022-11-20 06:00:00,12.34,7.998788,16.53,5.8,99.0,7.2,1010.2,26.127289,44.444925
2022-11-20 06:00:00,2022-11-20 07:00:00,11.77,7.629314,18.36,6.0,99.0,7.2,1012.0,26.127289,44.444925
2022-11-20 07:00:00,2022-11-20 08:00:00,8.68,5.626376,20.15,6.3,99.0,7.2,1012.7,26.127289,44.444925
2022-11-20 08:00:00,2022-11-20 09:00:00,8.69,5.632858,22.32,7.4,95.0,7.2,1011.6,26.127289,44.444925
2022-11-20 10:00:00,2022-11-20 11:00:00,10.78,6.987596,31.27,8.3,94.0,0.0,1012.2,26.127289,44.444925
2022-11-20 11:00:00,2022-11-20 12:00:00,13.44,8.711808,31.14,8.5,92.0,3.6,1012.4,26.127289,44.444925
2022-11-20 12:00:00,2022-11-20 13:00:00,16.39,10.623998,37.39,8.3,98.0,3.6,1012.2,26.127289,44.444925
2022-11-20 13:00:00,2022-11-20 14:00:00,18.51,11.998182000000002,36.39,8.4,99.0,0.0,1012.4,26.127289,44.444925
2022-11-20 14:00:00,2022-11-20 15:00:00,19.48,12.626936,40.11,8.7,99.0,3.6,1011.5,26.127289,44.444925
2022-11-20 15:00:00,2022-11-20 16:00:00,20.81,13.489042,41.08,8.3,100.0,3.6,1012.0,26.127289,44.444925
2022-11-20 16:00:00,2022-11-20 17:00:00,19.5,12.6399,34.37,8.0,100.0,3.6,1012.6,26.127289,44.444925
2022-11-20 17:00:00,2022-11-20 18:00:00,21.12,13.689984,39.75,7.9,100.0,0.0,1011.7,26.127289,44.444925
2022-11-20 18:00:00,2022-11-20 19:00:00,19.94,12.925108000000002,34.5,8.0,100.0,3.6,1010.8,26.127289,44.444925
2022-11-20 19:00:00,2022-11-20 20:00:00,26.41,17.118962,34.8,8.3,100.0,3.6,1011.0,26.127289,44.444925
2022-11-20 20:00:00,2022-11-20 21:00:00,21.71,14.072422000000001,36.6,8.4,100.0,0.0,1011.3,26.127289,44.444925
2022-11-20 21:00:00,2022-11-20 22:00:00,15.85,10.27397,34.52,8.5,100.0,0.0,1010.6,26.127289,44.444925
2022-11-20 22:00:00,2022-11-20 23:00:00,25.73,16.678186,36.38,8.8,100.0,3.6,1010.0,26.127289,44.444925
2022-11-20 23:00:00,2022-11-21 00:00:00,20.97,13.592754,30.99,8.4,100.0,3.6,1009.6,26.127289,44.444925
2022-11-21 00:00:00,2022-11-21 01:00:00,15.72,10.189704,18.91,7.7,99.0,3.6,1008.5,26.127289,44.444925
2022-11-21 01:00:00,2022-11-21 02:00:00,9.34,6.054188,17.13,7.4,100.0,3.6,1007.6,26.127289,44.444925
2022-11-21 02:00:00,2022-11-21 03:00:00,3.81,2.469642,15.14,6.4,100.0,7.2,1006.5,26.127289,44.444925
2022-11-21 03:00:00,2022-11-21 04:00:00,1.96,1.270472,16.61,7.1,99.0,7.2,1005.3,26.127289,44.444925
2022-11-21 04:00:00,2022-11-21 05:00:00,1.58,1.024156,13.37,5.1,100.0,14.4,1003.6,26.127289,44.444925
2022-11-21 05:00:00,2022-11-21 06:00:00,3.45,2.23629,20.91,5.2,100.0,7.2,1005.2,26.127289,44.444925
2022-11-21 06:00:00,2022-11-21 07:00:00,5.03,3.260446,30.42,5.0,100.0,7.2,1003.0,26.127289,44.444925
2022-11-21 07:00:00,2022-11-21 08:00:00,6.27,4.064214,35.05,5.4,100.0,7.2,1003.3,26.127289,44.444925
2022-11-21 08:00:00,2022-11-21 09:00:00,8.36,5.418952,31.73,5.2,100.0,7.2,1003.2,26.127289,44.444925
2022-11-21 09:00:00,2022-11-21 10:00:00,8.97,5.814354000000001,38.32,5.5,100.0,7.2,1003.9,26.127289,44.444925
2022-11-21 11:00:00,2022-11-21 12:00:00,10.45,6.773689999999999,41.4,5.9,100.0,0.0,1004.7,26.127289,44.444925
2022-11-21 12:00:00,2022-11-21 13:00:00,14.38,9.321116,40.96,6.5,100.0,3.6,1004.6,26.127289,44.444925
2022-11-21 13:00:00,2022-11-21 14:00:00,17.21,11.155522000000001,34.01,7.5,99.0,3.6,1004.8,26.127289,44.444925
2022-11-21 14:00:00,2022-11-21 15:00:00,10.43,6.760726,27.62,8.1,100.0,10.8,1005.2,26.127289,44.444925
2022-11-21 15:00:00,2022-11-21 16:00:00,6.86,4.446652,28.67,7.6,96.0,10.8,1005.6,26.127289,44.444925
2022-11-21 16:00:00,2022-11-21 17:00:00,6.84,4.433688,31.68,7.1,91.0,10.8,1005.8,26.127289,44.444925
2022-11-21 17:00:00,2022-11-21 18:00:00,8.07,5.230974,33.18,7.2,91.0,7.2,1006.2,26.127289,44.444925
2022-11-21 18:00:00,2022-11-21 19:00:00,10.05,6.514410000000001,32.51,7.2,88.0,7.2,1006.5,26.127289,44.444925
2022-11-21 19:00:00,2022-11-21 20:00:00,12.88,8.348816000000001,29.28,7.3,90.0,3.6,1007.3,26.127289,44.444925
2022-11-21 20:00:00,2022-11-21 21:00:00,14.55,9.43131,32.19,7.0,90.0,3.6,1008.2,26.127289,44.444925
2022-11-21 21:00:00,2022-11-21 22:00:00,16.24,10.526767999999999,30.16,5.8,95.0,3.6,1008.7,26.127289,44.444925
2022-11-21 22:00:00,2022-11-21 23:00:00,19.76,12.808432000000002,28.39,5.0,97.0,0.0,1008.9,26.127289,44.444925
2022-11-21 23:00:00,2022-11-22 00:00:00,19.06,12.354692,34.64,4.6,99.0,3.6,1009.1,26.127289,44.444925
2022-11-22 00:00:00,2022-11-22 01:00:00,20.8,13.482560000000001,30.49,5.2,99.0,3.6,1009.5,26.127289,44.444925
2022-11-22 01:00:00,2022-11-22 02:00:00,18.55,12.02411,22.54,5.7,97.0,3.6,1010.0,26.127289,44.444925
2022-11-22 02:00:00,2022-11-22 03:00:00,16.95,10.986989999999999,19.67,5.8,97.0,3.6,1010.3,26.127289,44.444925
2022-11-22 03:00:00,2022-11-22 04:00:00,18.65,12.08893,21.24,5.9,97.0,0.0,1010.4,26.127289,44.444925
2022-11-22 04:00:00,2022-11-22 05:00:00,18.08,11.719456,21.84,5.8,99.0,3.6,1010.5,26.127289,44.444925
2022-11-22 05:00:00,2022-11-22 06:00:00,18.97,12.296354,27.67,5.5,99.0,0.0,1010.8,26.127289,44.444925
2022-11-22 06:00:00,2022-11-22 07:00:00,26.22,16.995804,32.9,5.3,98.0,3.6,1011.6,26.127289,44.444925
2022-11-22 07:00:00,2022-11-22 08:00:00,27.9,18.08478,36.94,5.2,99.0,3.6,1012.4,26.127289,44.444925
2022-11-22 08:00:00,2022-11-22 09:00:00,28.79,18.661678,36.25,5.6,98.0,3.6,1012.7,26.127289,44.444925
2022-11-22 09:00:00,2022-11-22 10:00:00,28.98,18.784836,40.09,5.9,95.0,0.0,1012.8,26.127289,44.444925
2022-11-22 13:00:00,2022-11-22 14:00:00,27.05,17.53381,58.4,9.5,74.0,0.0,1011.6,26.127289,44.444925
2022-11-22 14:00:00,2022-11-22 15:00:00,30.1,19.510820000000002,69.74,8.4,80.0,3.6,1011.4,26.127289,44.444925
2022-11-22 15:00:00,2022-11-22 16:00:00,33.39,21.643398,66.07,6.1,93.0,3.6,1011.3,26.127289,44.444925
2022-11-22 16:00:00,2022-11-22 17:00:00,39.56,25.642792,75.52,5.2,98.0,0.0,1011.5,26.127289,44.444925
2022-11-22 17:00:00,2022-11-22 18:00:00,43.44,28.157808,64.73,6.0,98.0,3.6,1011.5,26.127289,44.444925
2022-11-22 18:00:00,2022-11-22 19:00:00,42.1,27.28922,56.99,6.5,95.0,3.6,1011.3,26.127289,44.444925
2022-11-22 19:00:00,2022-11-22 20:00:00,37.31,24.184342,48.65,6.6,90.0,3.6,1010.4,26.127289,44.444925
2022-11-22 20:00:00,2022-11-22 21:00:00,30.53,19.789546,43.03,6.9,88.0,3.6,1009.9,26.127289,44.444925
2022-11-22 21:00:00,2022-11-22 22:00:00,24.33,15.770705999999999,42.47,6.7,89.0,3.6,1009.8,26.127289,44.444925
2022-11-22 22:00:00,2022-11-22 23:00:00,23.82,15.440124,32.61,6.4,90.0,3.6,1008.8,26.127289,44.444925
2022-11-22 23:00:00,2022-11-23 00:00:00,21.45,13.903889999999999,28.08,6.4,93.0,3.6,1008.3,26.127289,44.444925
2022-11-23 00:00:00,2022-11-23 01:00:00,19.72,12.782504,26.43,5.9,99.0,7.2,1007.1,26.127289,44.444925
2022-11-23 04:00:00,2022-11-23 05:00:00,15.94,10.332308,26.14,6.5,99.0,7.2,1005.0,26.127289,44.444925
2022-11-23 05:00:00,2022-11-23 06:00:00,16.45,10.662889999999999,38.1,7.0,99.0,3.6,1004.6,26.127289,44.444925
2022-11-23 06:00:00,2022-11-23 07:00:00,17.44,11.304608,50.16,7.6,100.0,3.6,1004.2,26.127289,44.444925
2022-11-24 12:00:00,2022-11-24 13:00:00,23.17,15.018794000000002,28.41,9.7,89.0,7.2,1008.6,26.127289,44.444925
2022-11-24 14:00:00,2022-11-24 15:00:00,6.28,4.070696,28.0,8.9,82.0,10.8,1008.9,26.127289,44.444925
2022-11-24 15:00:00,2022-11-24 16:00:00,9.42,6.106044,35.4,8.1,79.0,10.8,1009.3,26.127289,44.444925
2022-11-24 16:00:00,2022-11-24 17:00:00,10.09,6.540338,35.63,8.3,76.0,10.8,1009.6,26.127289,44.444925
2022-11-24 17:00:00,2022-11-24 18:00:00,11.68,7.570976,37.62,7.2,79.0,7.2,1009.8,26.127289,44.444925
2022-11-24 18:00:00,2022-11-24 19:00:00,14.76,9.567432,39.62,6.0,83.0,3.6,1010.1,26.127289,44.444925
2022-11-24 19:00:00,2022-11-24 20:00:00,14.89,9.651698,37.36,5.7,86.0,7.2,1010.2,26.127289,44.444925
2022-11-24 20:00:00,2022-11-24 21:00:00,11.63,7.538566,34.31,5.5,86.0,7.2,1010.3,26.127289,44.444925
2022-11-24 21:00:00,2022-11-24 22:00:00,11.13,7.214466000000001,34.42,5.3,89.0,3.6,1010.6,26.127289,44.444925
2022-11-24 22:00:00,2022-11-24 23:00:00,10.28,6.663495999999999,26.92,5.9,78.0,13.0,1011.2,26.127289,44.444925
2022-11-24 23:00:00,2022-11-25 00:00:00,9.4,6.0930800000000005,26.66,6.2,86.0,7.2,1011.2,26.127289,44.444925
2022-11-25 00:00:00,2022-11-25 01:00:00,8.85,5.7365699999999995,23.36,6.3,85.0,3.6,1011.5,26.127289,44.444925
2022-11-25 01:00:00,2022-11-25 02:00:00,12.47,8.083054,25.58,6.4,87.0,3.6,1012.0,26.127289,44.444925
2022-11-25 02:00:00,2022-11-25 03:00:00,27.23,17.650486,21.66,6.1,91.0,3.6,1012.3,26.127289,44.444925
2022-11-25 03:00:00,2022-11-25 04:00:00,33.32,21.598024,18.22,5.6,95.0,3.6,1012.9,26.127289,44.444925
2022-11-25 04:00:00,2022-11-25 05:00:00,31.68,20.534976,19.7,5.5,97.0,3.6,1013.5,26.127289,44.444925
2022-11-25 05:00:00,2022-11-25 06:00:00,25.71,16.665222,27.18,5.4,98.0,3.6,1014.0,26.127289,44.444925
2022-11-25 06:00:00,2022-11-25 07:00:00,24.53,15.900346,41.53,5.2,92.0,0.0,1014.8,26.127289,44.444925
2022-11-25 07:00:00,2022-11-25 08:00:00,23.43,15.187326,44.69,5.3,91.0,3.6,1015.7,26.127289,44.444925
2022-11-25 08:00:00,2022-11-25 09:00:00,23.06,14.947491999999999,39.11,5.9,83.0,3.6,1016.1,26.127289,44.444925
2022-11-25 09:00:00,2022-11-25 10:00:00,26.63,17.261566,41.75,6.2,84.0,3.6,1016.9,26.127289,44.444925
2022-11-25 10:00:00,2022-11-25 11:00:00,30.16,19.549712,36.05,6.8,82.0,3.6,1017.2,26.127289,44.444925
2022-11-25 11:00:00,2022-11-25 12:00:00,32.98,21.377636,45.91,8.0,75.0,3.6,1017.0,26.127289,44.444925
2022-11-25 12:00:00,2022-11-25 13:00:00,30.18,19.562676,33.06,8.0,75.0,0.0,1016.9,26.127289,44.444925
2022-11-25 13:00:00,2022-11-25 14:00:00,32.58,21.118356,36.76,8.6,74.0,3.6,1017.0,26.127289,44.444925
2022-11-25 15:00:00,2022-11-25 16:00:00,37.5,24.3075,60.19,6.2,90.0,3.6,1017.6,26.127289,44.444925
2022-11-25 16:00:00,2022-11-25 17:00:00,40.32,26.135424,60.27,4.8,97.0,3.6,1018.0,26.127289,44.444925
2022-11-25 17:00:00,2022-11-25 18:00:00,42.48,27.535535999999997,66.22,4.8,99.0,0.0,1018.3,26.127289,44.444925
2022-11-25 18:00:00,2022-11-25 19:00:00,54.0,35.0028,75.24,4.7,99.0,0.0,1018.7,26.127289,44.444925
2022-11-25 19:00:00,2022-11-25 20:00:00,71.09,46.080538000000004,73.47,3.9,100.0,0.0,1019.3,26.127289,44.444925
2022-11-25 20:00:00,2022-11-25 21:00:00,61.35,39.767070000000004,55.02,3.4,100.0,0.0,1020.0,26.127289,44.444925
2022-11-25 21:00:00,2022-11-25 22:00:00,46.16,29.920911999999998,48.37,3.0,100.0,3.6,1020.7,26.127289,44.444925
2022-11-25 22:00:00,2022-11-25 23:00:00,42.77,27.723514,38.6,3.0,100.0,3.6,1021.3,26.127289,44.444925
2022-11-25 23:00:00,2022-11-26 00:00:00,30.12,19.523784,32.2,2.4,100.0,3.6,1021.7,26.127289,44.444925
2022-11-26 00:00:00,2022-11-26 01:00:00,22.37,14.500234,32.21,1.4,99.0,0.0,1022.4,26.127289,44.444925
2022-11-26 01:00:00,2022-11-26 02:00:00,21.62,14.014084,28.13,1.4,99.0,0.0,1022.8,26.127289,44.444925
2022-11-26 02:00:00,2022-11-26 03:00:00,22.22,14.403004,32.92,0.8,99.0,0.0,1023.2,26.127289,44.444925
2022-11-26 03:00:00,2022-11-26 04:00:00,22.77,14.759514,35.93,0.9,100.0,0.0,1023.5,26.127289,44.444925
2022-11-26 04:00:00,2022-11-26 05:00:00,23.26,15.077132,34.57,0.9,100.0,0.0,1023.5,26.127289,44.444925
2022-11-26 05:00:00,2022-11-26 06:00:00,22.22,14.403004,34.9,0.7,100.0,0.0,1024.4,26.127289,44.444925
2022-11-26 06:00:00,2022-11-26 07:00:00,27.93,18.104226,47.74,0.4,100.0,3.6,1025.1,26.127289,44.444925
2022-11-26 07:00:00,2022-11-26 08:00:00,34.7,22.49254,38.79,2.2,100.0,0.0,1025.8,26.127289,44.444925
2022-11-26 08:00:00,2022-11-26 09:00:00,36.43,23.613926,34.26,3.1,100.0,3.6,1026.1,26.127289,44.444925
2022-11-26 09:00:00,2022-11-26 10:00:00,43.26,28.041131999999998,39.62,4.2,92.0,3.6,1026.6,26.127289,44.444925
2022-11-26 10:00:00,2022-11-26 11:00:00,42.83,27.762406,33.77,6.2,81.0,3.6,1026.2,26.127289,44.444925
2022-11-26 11:00:00,2022-11-26 12:00:00,40.82,26.459524000000002,37.51,7.6,77.0,3.6,1026.2,26.127289,44.444925
2022-11-26 12:00:00,2022-11-26 13:00:00,39.42,25.552044000000002,33.8,6.5,81.0,7.2,1026.3,26.127289,44.444925
2022-11-26 13:00:00,2022-11-26 14:00:00,41.19,26.699358,33.67,5.9,85.0,7.2,1026.2,26.127289,44.444925
2022-11-26 14:00:00,2022-11-26 15:00:00,42.16,27.328111999999997,39.75,5.2,87.0,7.2,1026.3,26.127289,44.444925
2022-11-26 16:00:00,2022-11-26 17:00:00,41.74,27.055868,47.6,3.1,98.0,3.6,1027.6,26.127289,44.444925
2022-11-26 17:00:00,2022-11-26 18:00:00,46.58,30.193156,56.27,2.8,99.0,3.6,1027.7,26.127289,44.444925
2022-11-26 18:00:00,2022-11-26 19:00:00,40.71,26.388222,49.5,3.3,99.0,3.6,1028.0,26.127289,44.444925
2022-11-26 19:00:00,2022-11-26 20:00:00,35.1,22.751820000000002,41.18,3.3,100.0,0.0,1028.3,26.127289,44.444925
2022-11-26 20:00:00,2022-11-26 21:00:00,42.54,27.574428,40.95,4.0,99.0,3.6,1028.7,26.127289,44.444925
2022-11-26 21:00:00,2022-11-26 22:00:00,38.53,24.975146000000002,49.99,4.3,99.0,3.6,1028.8,26.127289,44.444925
2022-11-26 22:00:00,2022-11-26 23:00:00,34.05,22.071209999999997,56.03,0.0,98.0,7.2,1028.9,26.127289,44.444925
2022-11-26 23:00:00,2022-11-27 00:00:00,29.74,19.277468,62.73,5.3,85.0,0.0,1028.7,26.127289,44.444925
2022-11-27 00:00:00,2022-11-27 01:00:00,17.92,11.615744000000001,55.94,5.2,82.0,3.6,1028.5,26.127289,44.444925
2022-11-27 01:00:00,2022-11-27 02:00:00,21.97,14.240953999999999,54.33,5.7,76.0,3.6,1028.5,26.127289,44.444925
2022-11-27 02:00:00,2022-11-27 03:00:00,18.44,11.952808000000001,45.91,5.4,75.0,3.6,1028.6,26.127289,44.444925
2022-11-27 03:00:00,2022-11-27 04:00:00,16.4,10.630479999999999,33.49,5.6,71.0,3.6,1028.7,26.127289,44.444925
2022-11-27 04:00:00,2022-11-27 05:00:00,14.42,9.347044,46.53,5.2,74.0,0.0,1028.8,26.127289,44.444925
2022-11-27 05:00:00,2022-11-27 06:00:00,15.58,10.098956,57.5,4.8,76.0,0.0,1028.8,26.127289,44.444925
2022-11-27 06:00:00,2022-11-27 07:00:00,13.51,8.757182,54.76,4.7,80.0,3.6,1029.2,26.127289,44.444925
2022-11-27 07:00:00,2022-11-27 08:00:00,18.0,11.6676,49.77,5.6,81.0,3.6,1029.2,26.127289,44.444925
2022-11-27 08:00:00,2022-11-27 09:00:00,29.25,18.95985,53.32,5.8,82.0,3.6,1029.3,26.127289,44.444925
2022-11-27 09:00:00,2022-11-27 10:00:00,25.52,16.542064,40.49,7.4,73.0,3.6,1029.3,26.127289,44.444925
2022-11-27 10:00:00,2022-11-27 11:00:00,23.15,15.00583,38.58,7.9,69.0,3.6,1029.2,26.127289,44.444925
2022-11-27 11:00:00,2022-11-27 12:00:00,22.47,14.565054,37.2,8.2,61.0,3.6,1028.8,26.127289,44.444925
2022-11-27 12:00:00,2022-11-27 13:00:00,19.84,12.860288,43.0,8.3,64.0,3.6,1028.1,26.127289,44.444925
2022-11-27 13:00:00,2022-11-27 14:00:00,30.37,19.685834,49.05,8.1,69.0,3.6,1027.7,26.127289,44.444925
2022-11-27 14:00:00,2022-11-27 15:00:00,32.36,20.975752,38.6,7.2,77.0,3.6,1027.7,26.127289,44.444925
2022-11-27 15:00:00,2022-11-27 16:00:00,36.03,23.354646,42.56,6.7,82.0,3.6,1027.8,26.127289,44.444925
2022-11-27 17:00:00,2022-11-27 18:00:00,31.56,20.457192,45.52,5.5,88.0,3.6,1027.8,26.127289,44.444925
2022-11-27 18:00:00,2022-11-27 19:00:00,39.56,25.642792,55.14,5.1,91.0,3.6,1027.7,26.127289,44.444925
2022-11-27 19:00:00,2022-11-27 20:00:00,42.89,27.801298,60.8,4.8,93.0,3.6,1027.9,26.127289,44.444925
2022-11-27 20:00:00,2022-11-27 21:00:00,38.89,25.208498,57.44,4.6,95.0,0.0,1027.9,26.127289,44.444925
2022-11-27 21:00:00,2022-11-27 22:00:00,40.47,26.232654,55.71,4.6,95.0,0.0,1027.7,26.127289,44.444925
2022-11-27 22:00:00,2022-11-27 23:00:00,36.29,23.523177999999998,44.14,5.1,89.0,8.3,1027.5,26.127289,44.444925
2022-11-27 23:00:00,2022-11-28 00:00:00,35.78,23.192596,28.48,4.9,97.0,3.6,1027.7,26.127289,44.444925
2022-11-28 00:00:00,2022-11-28 01:00:00,28.51,18.480182,23.27,4.7,98.0,3.6,1027.4,26.127289,44.444925
2022-11-28 01:00:00,2022-11-28 02:00:00,28.64,18.564448,24.78,4.5,99.0,3.6,1027.2,26.127289,44.444925
2022-11-28 02:00:00,2022-11-28 03:00:00,25.81,16.730041999999997,22.25,4.6,98.0,3.6,1027.1,26.127289,44.444925
2022-11-28 03:00:00,2022-11-28 04:00:00,21.7,14.06594,20.8,4.5,98.0,3.6,1026.6,26.127289,44.444925
2022-11-28 04:00:00,2022-11-28 05:00:00,19.86,12.873251999999999,22.84,4.3,97.0,3.6,1026.7,26.127289,44.444925
2022-11-28 05:00:00,2022-11-28 06:00:00,24.98,16.192036,31.16,4.1,95.0,3.6,1026.8,26.127289,44.444925
2022-11-28 06:00:00,2022-11-28 07:00:00,31.0,20.0942,40.24,3.7,94.0,3.6,1027.1,26.127289,44.444925
2022-11-28 07:00:00,2022-11-28 08:00:00,29.72,19.264504,44.64,3.8,95.0,3.6,1027.6,26.127289,44.444925
2022-11-28 08:00:00,2022-11-28 09:00:00,26.33,17.067106,48.46,3.6,88.0,7.2,1027.5,26.127289,44.444925
2022-11-28 09:00:00,2022-11-28 10:00:00,23.89,15.485498,54.14,4.1,84.0,7.2,1027.3,26.127289,44.444925
2022-11-28 10:00:00,2022-11-28 11:00:00,24.19,15.679958000000001,52.74,5.1,79.0,7.2,1026.3,26.127289,44.444925
2022-11-28 11:00:00,2022-11-28 12:00:00,25.03,16.224446,53.0,6.0,74.0,7.2,1025.6,26.127289,44.444925
2022-11-28 12:00:00,2022-11-28 13:00:00,24.13,15.641065999999999,54.27,5.8,73.0,7.2,1025.2,26.127289,44.444925
2022-11-28 13:00:00,2022-11-28 14:00:00,22.81,14.785442,51.98,5.3,75.0,7.2,1025.2,26.127289,44.444925
2022-11-28 14:00:00,2022-11-28 15:00:00,21.11,13.683501999999999,55.93,5.7,76.0,3.6,1025.2,26.127289,44.444925
2022-11-28 15:00:00,2022-11-28 16:00:00,22.91,14.850262,62.08,4.8,76.0,7.2,1025.5,26.127289,44.444925
2022-11-28 16:00:00,2022-11-28 17:00:00,23.02,14.921564,58.97,4.1,80.0,7.2,1025.5,26.127289,44.444925
2022-11-28 18:00:00,2022-11-28 19:00:00,24.68,15.997576,55.88,3.2,85.0,3.6,1025.2,26.127289,44.444925
2022-11-28 19:00:00,2022-11-28 20:00:00,24.74,16.036468,52.32,3.0,86.0,7.2,1025.0,26.127289,44.444925
2022-11-28 20:00:00,2022-11-28 21:00:00,22.0,14.2604,41.21,2.9,84.0,7.2,1025.0,26.127289,44.444925
2022-11-28 21:00:00,2022-11-28 22:00:00,20.58,13.339955999999999,37.07,2.7,84.0,7.2,1024.9,26.127289,44.444925
2022-11-28 22:00:00,2022-11-28 23:00:00,15.8,10.24156,36.98,3.1,85.0,14.4,1024.4,26.127289,44.444925
2022-11-28 23:00:00,2022-11-29 00:00:00,15.35,9.949869999999999,29.38,2.6,83.0,7.2,1024.8,26.127289,44.444925
2022-11-29 00:00:00,2022-11-29 01:00:00,14.98,9.710036,23.55,2.6,80.0,7.2,1024.3,26.127289,44.444925
2022-11-29 01:00:00,2022-11-29 02:00:00,15.53,10.066545999999999,19.65,2.7,80.0,7.2,1024.3,26.127289,44.444925
2022-11-29 02:00:00,2022-11-29 03:00:00,16.42,10.643444,16.41,2.6,81.0,7.2,1023.9,26.127289,44.444925
2022-11-29 03:00:00,2022-11-29 04:00:00,15.39,9.975798000000001,16.95,2.7,80.0,7.2,1023.9,26.127289,44.444925
2022-11-29 04:00:00,2022-11-29 05:00:00,15.62,10.124884,21.98,2.7,82.0,7.2,1024.0,26.127289,44.444925
2022-11-29 05:00:00,2022-11-29 06:00:00,16.37,10.611034,34.96,2.7,81.0,7.2,1024.0,26.127289,44.444925
2022-11-29 06:00:00,2022-11-29 07:00:00,19.32,12.523224,54.38,2.5,87.0,7.2,1024.1,26.127289,44.444925
2022-11-29 07:00:00,2022-11-29 08:00:00,21.91,14.202062,52.83,2.7,91.0,3.6,1024.6,26.127289,44.444925
2022-11-29 08:00:00,2022-11-29 09:00:00,23.29,15.096578,51.25,3.2,88.0,3.6,1024.6,26.127289,44.444925
2022-11-29 09:00:00,2022-11-29 10:00:00,23.17,15.018794000000002,42.54,4.0,84.0,7.2,1024.5,26.127289,44.444925
2022-11-29 10:00:00,2022-11-29 11:00:00,16.2,10.50084,48.38,5.2,83.0,7.2,1024.0,26.127289,44.444925
2022-11-29 11:00:00,2022-11-29 12:00:00,13.13,8.510866,49.87,5.7,82.0,7.2,1023.5,26.127289,44.444925
2022-11-29 12:00:00,2022-11-29 13:00:00,9.57,6.203274,49.87,5.4,89.0,7.2,1023.4,26.127289,44.444925
2022-11-29 13:00:00,2022-11-29 14:00:00,10.04,6.507928,44.14,5.2,95.0,7.2,1023.2,26.127289,44.444925
2022-11-29 14:00:00,2022-11-29 15:00:00,10.1,6.546819999999999,41.06,5.2,94.0,7.2,1023.1,26.127289,44.444925
2022-11-29 15:00:00,2022-11-29 16:00:00,10.13,6.566266000000001,40.94,4.8,93.0,7.2,1023.4,26.127289,44.444925
2022-11-29 16:00:00,2022-11-29 17:00:00,12.3,7.972860000000001,40.69,4.6,95.0,7.2,1023.8,26.127289,44.444925
2022-11-29 17:00:00,2022-11-29 18:00:00,12.9,8.36178,39.38,4.2,97.0,7.2,1024.0,26.127289,44.444925
2022-11-29 19:00:00,2022-11-29 20:00:00,10.84,7.026488,32.42,4.3,95.0,10.8,1024.7,26.127289,44.444925
2022-11-29 20:00:00,2022-11-29 21:00:00,10.06,6.520892,27.22,4.2,95.0,10.8,1025.0,26.127289,44.444925
2022-11-29 21:00:00,2022-11-29 22:00:00,10.38,6.728316,23.79,4.1,95.0,7.2,1025.1,26.127289,44.444925
2022-11-29 22:00:00,2022-11-29 23:00:00,9.82,6.365324,23.2,3.9,92.0,20.9,1024.9,26.127289,44.444925
2022-11-29 23:00:00,2022-11-30 00:00:00,10.25,6.64405,26.79,4.1,93.0,7.2,1025.0,26.127289,44.444925
2022-11-30 00:00:00,2022-11-30 01:00:00,11.23,7.279286,20.44,4.0,92.0,10.8,1024.9,26.127289,44.444925
2022-11-30 01:00:00,2022-11-30 02:00:00,11.8,7.64876,15.69,3.9,92.0,7.2,1024.9,26.127289,44.444925
2022-11-30 02:00:00,2022-11-30 03:00:00,12.4,8.03768,15.98,3.8,91.0,7.2,1024.7,26.127289,44.444925
2022-11-30 03:00:00,2022-11-30 04:00:00,8.89,5.762498000000001,16.29,3.6,90.0,7.2,1024.6,26.127289,44.444925
2022-11-30 04:00:00,2022-11-30 05:00:00,9.42,6.106044,16.97,3.5,89.0,10.8,1024.9,26.127289,44.444925
2022-11-30 05:00:00,2022-11-30 06:00:00,9.45,6.125489999999999,22.64,3.5,89.0,7.2,1025.0,26.127289,44.444925
2022-11-30 06:00:00,2022-11-30 07:00:00,8.07,5.230974,30.46,3.4,89.0,7.2,1024.8,26.127289,44.444925
2022-11-30 07:00:00,2022-11-30 08:00:00,8.23,5.3346860000000005,32.25,3.3,86.0,10.8,1025.5,26.127289,44.444925
2022-11-30 08:00:00,2022-11-30 09:00:00,10.08,6.533856,28.56,3.7,84.0,7.2,1025.9,26.127289,44.444925
2022-11-30 09:00:00,2022-11-30 10:00:00,11.54,7.480227999999999,32.38,4.0,84.0,7.2,1026.1,26.127289,44.444925
2022-11-30 10:00:00,2022-11-30 11:00:00,8.45,5.477289999999999,34.86,4.6,79.0,10.8,1025.7,26.127289,44.444925
2022-11-30 11:00:00,2022-11-30 12:00:00,7.75,5.02355,36.75,4.6,78.0,10.8,1025.4,26.127289,44.444925
2022-11-30 12:00:00,2022-11-30 13:00:00,8.68,5.626376,37.33,5.0,76.0,7.2,1025.3,26.127289,44.444925
2022-11-30 13:00:00,2022-11-30 14:00:00,10.26,6.650532,43.5,4.5,78.0,10.8,1025.6,26.127289,44.444925
2022-11-30 14:00:00,2022-11-30 15:00:00,14.53,9.418346,35.09,4.4,76.0,10.8,1025.8,26.127289,44.444925
2022-11-30 15:00:00,2022-11-30 16:00:00,9.78,6.339396,38.83,4.0,80.0,7.2,1025.8,26.127289,44.444925
2022-11-30 16:00:00,2022-11-30 17:00:00,10.54,6.832027999999999,37.95,3.7,80.0,7.2,1026.1,26.127289,44.444925
2022-11-30 17:00:00,2022-11-30 18:00:00,12.81,8.303442,47.2,3.4,81.0,7.2,1026.6,26.127289,44.444925
2022-11-30 18:00:00,2022-11-30 19:00:00,14.64,9.489648,33.98,3.0,82.0,7.2,1026.5,26.127289,44.444925
2022-11-30 20:00:00,2022-11-30 21:00:00,19.88,12.886216,28.09,2.6,82.0,7.2,1027.0,26.127289,44.444925
2022-11-30 21:00:00,2022-11-30 22:00:00,21.47,13.916853999999999,33.61,2.4,82.0,10.8,1027.3,26.127289,44.444925
2022-11-30 22:00:00,2022-11-30 23:00:00,22.18,14.377076,21.75,2.9,76.0,19.4,1026.0,26.127289,44.444925
2022-11-30 23:00:00,2022-12-01 00:00:00,21.57,13.981674,21.73,2.0,82.0,10.8,1027.1,26.127289,44.444925
2022-12-01 00:00:00,2022-12-01 01:00:00,20.8,15.673840000000002,17.1,1.8,84.0,7.2,1027.1,26.127289,44.444925
2022-12-01 01:00:00,2022-12-01 02:00:00,24.65,18.5750075,16.77,1.5,85.0,7.2,1026.6,26.127289,44.444925
2022-12-01 02:00:00,2022-12-01 03:00:00,22.08,16.638384,15.58,1.6,85.0,7.2,1026.3,26.127289,44.444925
2022-12-01 03:00:00,2022-12-01 04:00:00,18.9,14.242094999999999,15.54,1.5,85.0,7.2,1025.9,26.127289,44.444925
2022-12-01 04:00:00,2022-12-01 05:00:00,18.01,13.571435500000002,18.16,1.6,85.0,7.2,1026.0,26.127289,44.444925
2022-12-01 05:00:00,2022-12-01 06:00:00,17.63,13.2850865,17.88,1.6,84.0,7.2,1025.8,26.127289,44.444925
2022-12-01 06:00:00,2022-12-01 07:00:00,18.1,13.639255000000002,18.92,1.6,83.0,10.8,1026.0,26.127289,44.444925
2022-12-01 07:00:00,2022-12-01 08:00:00,17.73,13.360441500000002,20.59,1.1,92.0,7.2,1026.3,26.127289,44.444925
2022-12-01 08:00:00,2022-12-01 09:00:00,15.58,11.740309000000002,22.93,0.5,95.0,10.8,1026.3,26.127289,44.444925
2022-12-01 09:00:00,2022-12-01 10:00:00,13.27,9.9996085,25.6,0.6,97.0,10.8,1026.3,26.127289,44.444925
2022-12-01 10:00:00,2022-12-01 11:00:00,12.48,9.404304000000002,25.98,0.9,96.0,10.8,1025.9,26.127289,44.444925
2022-12-01 11:00:00,2022-12-01 12:00:00,12.38,9.328949000000001,29.11,0.9,95.0,10.8,1025.5,26.127289,44.444925
2022-12-01 12:00:00,2022-12-01 13:00:00,13.19,9.9393245,36.04,1.0,96.0,10.8,1025.2,26.127289,44.444925
2022-12-01 13:00:00,2022-12-01 14:00:00,15.33,11.5519215,40.76,1.3,97.0,7.2,1024.8,26.127289,44.444925
2022-12-01 14:00:00,2022-12-01 15:00:00,15.77,11.8834835,34.67,1.2,96.0,7.2,1024.8,26.127289,44.444925
2022-12-01 15:00:00,2022-12-01 16:00:00,16.18,12.192439,37.59,1.3,96.0,7.2,1024.7,26.127289,44.444925
2022-12-01 16:00:00,2022-12-01 17:00:00,15.87,11.9588385,38.55,1.4,96.0,10.8,1024.6,26.127289,44.444925
2022-12-01 17:00:00,2022-12-01 18:00:00,18.36,13.835178,47.38,1.1,97.0,7.2,1024.9,26.127289,44.444925
2022-12-01 18:00:00,2022-12-01 19:00:00,17.46,13.156983000000002,47.55,1.2,96.0,10.8,1024.8,26.127289,44.444925
2022-12-01 19:00:00,2022-12-01 20:00:00,15.39,11.597134500000001,48.55,1.0,97.0,10.8,1025.2,26.127289,44.444925
2022-12-01 21:00:00,2022-12-01 22:00:00,16.22,12.222581,34.15,0.6,99.0,7.2,1025.7,26.127289,44.444925
2022-12-01 22:00:00,2022-12-01 23:00:00,15.11,11.3861405,30.45,0.7,89.0,13.3,1025.6,26.127289,44.444925
2022-12-01 23:00:00,2022-12-02 00:00:00,15.85,11.9437675,25.33,0.5,98.0,7.2,1025.3,26.127289,44.444925
2022-12-02 00:00:00,2022-12-02 01:00:00,15.86,11.951303000000001,24.03,0.6,95.0,7.2,1025.0,26.127289,44.444925
2022-12-02 01:00:00,2022-12-02 02:00:00,13.25,9.9845375,15.47,0.8,94.0,7.2,1025.3,26.127289,44.444925
2022-12-02 02:00:00,2022-12-02 03:00:00,11.54,8.695967,16.72,0.8,94.0,7.2,1025.2,26.127289,44.444925
2022-12-02 03:00:00,2022-12-02 04:00:00,12.01,9.0501355,15.67,0.8,94.0,3.6,1025.1,26.127289,44.444925
2022-12-02 04:00:00,2022-12-02 05:00:00,12.22,9.208381000000001,18.92,0.7,94.0,7.2,1025.2,26.127289,44.444925
2022-12-02 05:00:00,2022-12-02 06:00:00,12.11,9.1254905,20.63,0.7,94.0,7.2,1025.5,26.127289,44.444925
2022-12-02 06:00:00,2022-12-02 07:00:00,16.58,12.493858999999999,30.98,0.7,96.0,7.2,1025.8,26.127289,44.444925
2022-12-02 07:00:00,2022-12-02 08:00:00,23.12,17.422076,26.97,0.8,96.0,7.2,1026.1,26.127289,44.444925
2022-12-02 08:00:00,2022-12-02 09:00:00,22.1,16.653455,27.02,1.1,93.0,7.2,1026.6,26.127289,44.444925
2022-12-02 09:00:00,2022-12-02 10:00:00,22.01,16.585635500000002,28.64,2.0,90.0,3.6,1026.5,26.127289,44.444925
2022-12-02 10:00:00,2022-12-02 11:00:00,21.85,16.465067500000004,25.92,2.7,82.0,3.6,1026.3,26.127289,44.444925
2022-12-02 11:00:00,2022-12-02 12:00:00,19.68,14.829864,31.67,3.2,81.0,3.6,1026.1,26.127289,44.444925
2022-12-02 12:00:00,2022-12-02 13:00:00,20.29,15.2895295,35.74,4.1,80.0,3.6,1025.9,26.127289,44.444925
2022-12-02 13:00:00,2022-12-02 14:00:00,23.27,17.5351085,41.5,4.2,77.0,3.6,1025.7,26.127289,44.444925
2022-12-02 14:00:00,2022-12-02 15:00:00,19.24,14.498302,37.07,4.1,79.0,3.6,1026.0,26.127289,44.444925
2022-12-02 15:00:00,2022-12-02 16:00:00,19.51,14.701760500000002,35.89,3.6,82.0,0.0,1026.5,26.127289,44.444925
2022-12-02 16:00:00,2022-12-02 17:00:00,20.96,15.794408000000002,42.23,3.4,85.0,3.6,1026.8,26.127289,44.444925
2022-12-02 17:00:00,2022-12-02 18:00:00,26.29,19.8108295,37.52,3.4,84.0,3.6,1027.2,26.127289,44.444925
2022-12-02 18:00:00,2022-12-02 19:00:00,28.17,21.227503500000005,40.16,3.3,85.0,3.6,1027.5,26.127289,44.444925
2022-12-02 19:00:00,2022-12-02 20:00:00,32.41,24.422555499999998,40.85,3.3,86.0,0.0,1027.6,26.127289,44.444925
2022-12-02 20:00:00,2022-12-02 21:00:00,34.79,26.2160045,36.19,3.2,89.0,3.6,1027.9,26.127289,44.444925
2022-12-02 22:00:00,2022-12-02 23:00:00,37.16,28.001918,34.49,1.2,89.0,5.0,1028.2,26.127289,44.444925
2022-12-02 23:00:00,2022-12-03 00:00:00,36.83,27.7532465,28.56,2.3,96.0,0.0,1028.5,26.127289,44.444925
2022-12-03 00:00:00,2022-12-03 01:00:00,32.48,24.475303999999998,23.98,2.3,93.0,3.6,1028.4,26.127289,44.444925
2022-12-03 01:00:00,2022-12-03 02:00:00,27.27,20.549308500000002,22.54,2.4,88.0,0.0,1028.6,26.127289,44.444925
2022-12-03 02:00:00,2022-12-03 03:00:00,26.91,20.2780305,20.9,2.2,88.0,3.6,1028.7,26.127289,44.444925
2022-12-03 03:00:00,2022-12-03 04:00:00,27.66,20.843193000000003,19.75,2.2,87.0,0.0,1028.8,26.127289,44.444925
2022-12-03 04:00:00,2022-12-03 05:00:00,28.16,21.219968,21.59,2.2,89.0,0.0,1029.2,26.127289,44.444925
2022-12-03 05:00:00,2022-12-03 06:00:00,29.6,22.305080000000004,26.97,2.1,87.0,3.6,1029.4,26.127289,44.444925
2022-12-03 06:00:00,2022-12-03 07:00:00,27.93,21.046651500000003,27.8,2.2,87.0,3.6,1029.5,26.127289,44.444925
2022-12-03 07:00:00,2022-12-03 08:00:00,28.98,21.837879,29.34,2.4,87.0,3.6,1030.0,26.127289,44.444925
2022-12-03 08:00:00,2022-12-03 09:00:00,33.07,24.919898500000002,29.82,2.6,87.0,3.6,1030.3,26.127289,44.444925
2022-12-03 09:00:00,2022-12-03 10:00:00,34.74,26.178327000000003,27.62,2.7,90.0,3.6,1030.6,26.127289,44.444925
2022-12-03 10:00:00,2022-12-03 11:00:00,37.39,28.175234500000002,32.39,3.1,89.0,3.6,1030.3,26.127289,44.444925
2022-12-03 11:00:00,2022-12-03 12:00:00,37.61,28.3410155,29.94,2.8,93.0,3.6,1030.2,26.127289,44.444925
2022-12-03 12:00:00,2022-12-03 13:00:00,36.09,27.195619500000003,31.48,2.9,90.0,3.6,1030.0,26.127289,44.444925
2022-12-03 13:00:00,2022-12-03 14:00:00,34.02,25.635771000000005,34.99,2.9,89.0,3.6,1029.9,26.127289,44.444925
2022-12-03 14:00:00,2022-12-03 15:00:00,31.42,23.676541000000004,36.49,2.8,90.0,3.6,1030.0,26.127289,44.444925
2022-12-03 15:00:00,2022-12-03 16:00:00,30.87,23.2620885,38.43,2.8,91.0,3.6,1030.6,26.127289,44.444925
2022-12-03 16:00:00,2022-12-03 17:00:00,29.34,22.109157,38.76,2.8,91.0,3.6,1030.8,26.127289,44.444925
2022-12-03 17:00:00,2022-12-03 18:00:00,24.11,18.1680905,40.9,2.9,86.0,3.6,1031.2,26.127289,44.444925
2022-12-03 18:00:00,2022-12-03 19:00:00,24.31,18.318800500000002,37.39,2.7,87.0,7.2,1031.7,26.127289,44.444925
2022-12-03 19:00:00,2022-12-03 20:00:00,25.13,18.9367115,33.65,2.0,93.0,7.2,1032.1,26.127289,44.444925
2022-12-03 20:00:00,2022-12-03 21:00:00,20.87,15.726588500000002,34.88,1.8,92.0,7.2,1032.3,26.127289,44.444925
2022-12-03 21:00:00,2022-12-03 22:00:00,18.32,13.805036000000001,29.96,1.6,89.0,7.2,1032.6,26.127289,44.444925
2022-12-03 23:00:00,2022-12-04 00:00:00,16.66,12.554143000000002,31.43,1.2,88.0,3.6,1032.6,26.127289,44.444925
2022-12-04 00:00:00,2022-12-04 01:00:00,20.41,15.379955500000001,27.13,1.2,90.0,3.6,1032.3,26.127289,44.444925
2022-12-04 01:00:00,2022-12-04 02:00:00,18.18,13.699539000000001,25.36,1.1,97.0,3.6,1032.3,26.127289,44.444925
2022-12-04 02:00:00,2022-12-04 03:00:00,10.79,8.1308045,20.08,1.4,98.0,3.6,1032.3,26.127289,44.444925
2022-12-04 03:00:00,2022-12-04 04:00:00,8.2,6.17911,19.74,1.5,99.0,3.6,1032.1,26.127289,44.444925
2022-12-04 04:00:00,2022-12-04 05:00:00,6.95,5.237172500000001,21.32,1.6,99.0,7.2,1032.1,26.127289,44.444925
2022-12-04 05:00:00,2022-12-04 06:00:00,7.19,5.4180245000000005,21.99,1.7,99.0,3.6,1032.1,26.127289,44.444925
2022-12-04 06:00:00,2022-12-04 07:00:00,8.51,6.4127105,20.34,1.8,99.0,7.2,1032.1,26.127289,44.444925
2022-12-04 07:00:00,2022-12-04 08:00:00,10.14,7.640997000000001,24.09,2.0,99.0,3.6,1032.7,26.127289,44.444925
2022-12-04 08:00:00,2022-12-04 09:00:00,10.0,7.535500000000001,22.52,2.3,99.0,7.2,1032.8,26.127289,44.444925
2022-12-04 09:00:00,2022-12-04 10:00:00,10.14,7.640997000000001,28.52,2.8,99.0,7.2,1033.1,26.127289,44.444925
2022-12-04 10:00:00,2022-12-04 11:00:00,9.8,7.384790000000001,32.94,2.9,99.0,3.6,1032.6,26.127289,44.444925
2022-12-04 11:00:00,2022-12-04 12:00:00,10.38,7.821849000000001,39.19,3.1,99.0,7.2,1032.0,26.127289,44.444925
2022-12-04 12:00:00,2022-12-04 13:00:00,11.8,8.891890000000002,41.62,3.4,99.0,7.2,1031.4,26.127289,44.444925
2022-12-04 13:00:00,2022-12-04 14:00:00,12.37,9.3214135,40.12,3.4,99.0,7.2,1031.1,26.127289,44.444925
2022-12-04 14:00:00,2022-12-04 15:00:00,14.41,10.858655500000001,48.81,3.4,99.0,7.2,1031.0,26.127289,44.444925
2022-12-04 15:00:00,2022-12-04 16:00:00,18.29,13.782429500000001,50.88,3.1,99.0,7.2,1031.4,26.127289,44.444925
2022-12-04 16:00:00,2022-12-04 17:00:00,19.06,14.362663,39.98,3.0,99.0,7.2,1031.6,26.127289,44.444925
2022-12-04 17:00:00,2022-12-04 18:00:00,15.83,11.928696500000001,46.39,3.0,99.0,3.6,1031.8,26.127289,44.444925
2022-12-04 18:00:00,2022-12-04 19:00:00,16.33,12.3054715,41.43,3.0,99.0,7.2,1031.9,26.127289,44.444925
2022-12-04 19:00:00,2022-12-04 20:00:00,15.35,11.566992500000001,39.08,3.1,99.0,7.2,1032.0,26.127289,44.444925
2022-12-04 20:00:00,2022-12-04 21:00:00,14.79,11.1450045,36.97,3.2,99.0,7.2,1032.1,26.127289,44.444925
2022-12-04 21:00:00,2022-12-04 22:00:00,8.8,6.631240000000001,36.55,3.0,99.0,7.2,1032.1,26.127289,44.444925
2022-12-04 22:00:00,2022-12-04 23:00:00,7.32,5.515986000000001,30.92,2.9,99.0,7.2,1031.7,26.127289,44.444925
2022-12-05 00:00:00,2022-12-05 01:00:00,6.54,4.928217,24.45,2.5,100.0,7.2,1031.3,26.127289,44.444925
2022-12-05 01:00:00,2022-12-05 02:00:00,6.27,4.7247585,20.38,2.3,100.0,3.6,1031.5,26.127289,44.444925
2022-12-05 02:00:00,2022-12-05 03:00:00,7.66,5.772193000000001,19.77,2.1,100.0,3.6,1031.1,26.127289,44.444925
2022-12-05 03:00:00,2022-12-05 04:00:00,8.87,6.6839885,20.99,1.8,100.0,3.6,1030.9,26.127289,44.444925
2022-12-05 04:00:00,2022-12-05 05:00:00,9.42,7.098441,22.6,1.5,100.0,7.2,1031.0,26.127289,44.444925
2022-12-05 05:00:00,2022-12-05 06:00:00,10.63,8.010236500000001,34.46,1.4,100.0,3.6,1030.8,26.127289,44.444925
2022-12-05 06:00:00,2022-12-05 07:00:00,11.55,8.7035025,51.55,1.3,100.0,3.6,1031.0,26.127289,44.444925
2022-12-05 07:00:00,2022-12-05 08:00:00,13.34,10.052357,52.24,1.4,100.0,3.6,1031.1,26.127289,44.444925
2022-12-05 08:00:00,2022-12-05 09:00:00,14.74,11.107327000000002,53.27,2.1,99.0,3.6,1031.3,26.127289,44.444925
2022-12-05 09:00:00,2022-12-05 10:00:00,14.71,11.084720500000001,42.98,2.6,97.0,3.6,1031.6,26.127289,44.444925
2022-12-05 10:00:00,2022-12-05 11:00:00,16.6,12.508930000000001,43.92,3.7,97.0,3.6,1030.8,26.127289,44.444925
2022-12-05 11:00:00,2022-12-05 12:00:00,17.75,13.375512500000001,54.57,3.8,96.0,3.6,1030.2,26.127289,44.444925
2022-12-05 12:00:00,2022-12-05 13:00:00,17.47,13.1645185,51.52,3.8,98.0,3.6,1029.7,26.127289,44.444925
2022-12-05 13:00:00,2022-12-05 14:00:00,15.38,11.589599000000002,53.14,4.0,96.0,3.6,1029.1,26.127289,44.444925
2022-12-05 14:00:00,2022-12-05 15:00:00,14.42,10.866191,49.7,3.9,98.0,3.6,1028.7,26.127289,44.444925
2022-12-05 15:00:00,2022-12-05 16:00:00,14.24,10.730552000000001,51.91,3.6,99.0,3.6,1028.7,26.127289,44.444925
2022-12-05 16:00:00,2022-12-05 17:00:00,15.32,11.544386000000001,52.96,3.6,100.0,3.6,1028.6,26.127289,44.444925
2022-12-05 17:00:00,2022-12-05 18:00:00,15.08,11.363534000000001,47.8,3.5,100.0,3.6,1028.6,26.127289,44.444925
2022-12-05 18:00:00,2022-12-05 19:00:00,14.79,11.1450045,49.56,3.5,100.0,3.6,1028.7,26.127289,44.444925
2022-12-05 19:00:00,2022-12-05 20:00:00,11.33,8.5377215,42.74,3.5,100.0,3.6,1028.5,26.127289,44.444925
2022-12-05 20:00:00,2022-12-05 21:00:00,10.17,7.663603500000001,36.58,3.5,100.0,3.6,1028.2,26.127289,44.444925
2022-12-05 21:00:00,2022-12-05 22:00:00,10.85,8.1760175,36.72,3.5,100.0,3.6,1028.0,26.127289,44.444925
2022-12-05 22:00:00,2022-12-05 23:00:00,11.45,8.6281475,34.07,3.8,94.0,10.1,1027.5,26.127289,44.444925
2022-12-05 23:00:00,2022-12-06 00:00:00,13.01,9.8036855,31.09,3.7,100.0,3.6,1027.0,26.127289,44.444925
2022-12-06 01:00:00,2022-12-06 02:00:00,12.62,9.509801,25.64,3.7,100.0,3.6,1025.9,26.127289,44.444925
2022-12-06 02:00:00,2022-12-06 03:00:00,9.32,7.023086000000001,23.87,3.8,100.0,3.6,1025.5,26.127289,44.444925
2022-12-06 03:00:00,2022-12-06 04:00:00,5.09,3.8355695,20.8,3.6,100.0,3.6,1025.0,26.127289,44.444925
2022-12-06 04:00:00,2022-12-06 05:00:00,3.75,2.8258125,22.91,3.8,100.0,3.6,1024.7,26.127289,44.444925
2022-12-06 05:00:00,2022-12-06 06:00:00,5.58,4.204809,36.11,3.9,100.0,3.6,1024.6,26.127289,44.444925
2022-12-06 06:00:00,2022-12-06 07:00:00,9.58,7.219009000000001,45.53,3.8,100.0,3.6,1024.3,26.127289,44.444925
2022-12-06 07:00:00,2022-12-06 08:00:00,12.75,9.607762500000002,50.12,4.1,99.0,3.6,1024.2,26.127289,44.444925
2022-12-06 08:00:00,2022-12-06 09:00:00,15.75,11.868412500000002,49.85,4.2,100.0,3.6,1024.0,26.127289,44.444925
2022-12-06 09:00:00,2022-12-06 10:00:00,21.96,16.547958,48.31,4.6,100.0,0.0,1024.1,26.127289,44.444925
2022-12-06 10:00:00,2022-12-06 11:00:00,27.33,20.5945215,48.94,5.0,100.0,3.6,1023.2,26.127289,44.444925
2022-12-06 11:00:00,2022-12-06 12:00:00,24.08,18.145484,42.54,5.2,100.0,3.6,1022.3,26.127289,44.444925
2022-12-06 12:00:00,2022-12-06 13:00:00,26.62,20.059501,42.91,5.3,99.0,3.6,1021.8,26.127289,44.444925
2022-12-06 13:00:00,2022-12-06 14:00:00,27.86,20.993903,39.78,5.3,100.0,3.6,1021.3,26.127289,44.444925
2022-12-06 14:00:00,2022-12-06 15:00:00,28.68,21.611814000000003,45.07,5.3,100.0,3.6,1020.9,26.127289,44.444925
2022-12-06 15:00:00,2022-12-06 16:00:00,28.09,21.1672195,42.77,5.2,100.0,0.0,1020.6,26.127289,44.444925
2022-12-06 16:00:00,2022-12-06 17:00:00,29.87,22.508538500000004,39.69,5.3,100.0,0.0,1020.4,26.127289,44.444925
2022-12-06 17:00:00,2022-12-06 18:00:00,27.13,20.4438115,49.42,5.4,100.0,0.0,1020.1,26.127289,44.444925
2022-12-06 18:00:00,2022-12-06 19:00:00,27.59,20.790444500000003,45.35,5.4,100.0,0.0,1019.9,26.127289,44.444925
2022-12-06 19:00:00,2022-12-06 20:00:00,31.98,24.098529000000003,39.19,5.4,99.0,0.0,1019.3,26.127289,44.444925
2022-12-06 20:00:00,2022-12-06 21:00:00,27.17,20.473953500000004,39.64,5.3,99.0,3.6,1018.9,26.127289,44.444925
2022-12-06 21:00:00,2022-12-06 22:00:00,23.92,18.024916,38.18,5.1,99.0,3.6,1018.7,26.127289,44.444925
2022-12-06 22:00:00,2022-12-06 23:00:00,22.55,16.992552500000002,33.59,3.2,98.0,6.5,1018.0,26.127289,44.444925
2022-12-06 23:00:00,2022-12-07 00:00:00,19.26,14.513373000000001,30.33,4.9,100.0,3.6,1018.3,26.127289,44.444925
2022-12-07 00:00:00,2022-12-07 01:00:00,20.68,15.583414000000001,27.94,4.9,99.0,0.0,1017.6,26.127289,44.444925
2022-12-07 02:00:00,2022-12-07 03:00:00,20.8,15.673840000000002,20.31,4.7,100.0,3.6,1017.3,26.127289,44.444925
2022-12-07 03:00:00,2022-12-07 04:00:00,19.22,14.483231,19.24,4.7,100.0,7.2,1017.0,26.127289,44.444925
2022-12-07 04:00:00,2022-12-07 05:00:00,16.56,12.478788,19.1,4.6,100.0,7.2,1016.9,26.127289,44.444925
2022-12-07 05:00:00,2022-12-07 06:00:00,13.99,10.5421645,23.71,4.6,99.0,3.6,1016.7,26.127289,44.444925
2022-12-07 06:00:00,2022-12-07 07:00:00,13.25,9.9845375,29.47,4.7,99.0,7.2,1016.7,26.127289,44.444925
2022-12-07 07:00:00,2022-12-07 08:00:00,16.57,12.486323500000001,31.16,4.9,99.0,3.6,1017.0,26.127289,44.444925
2022-12-07 08:00:00,2022-12-07 09:00:00,17.27,13.013808500000001,27.61,4.9,97.0,7.2,1017.0,26.127289,44.444925
2022-12-07 09:00:00,2022-12-07 10:00:00,17.83,13.4357965,27.67,4.8,97.0,7.2,1017.1,26.127289,44.444925
2022-12-07 10:00:00,2022-12-07 11:00:00,14.83,11.1751465,25.11,4.7,96.0,7.2,1016.8,26.127289,44.444925
2022-12-07 11:00:00,2022-12-07 12:00:00,17.05,12.8480275,26.36,4.7,97.0,7.2,1016.2,26.127289,44.444925
2022-12-07 12:00:00,2022-12-07 13:00:00,17.93,13.5111515,24.46,4.8,97.0,7.2,1015.9,26.127289,44.444925
2022-12-07 13:00:00,2022-12-07 14:00:00,18.97,14.2948435,25.54,4.4,98.0,3.6,1015.3,26.127289,44.444925
2022-12-07 14:00:00,2022-12-07 15:00:00,22.75,17.143262500000002,37.67,4.8,97.0,3.6,1015.2,26.127289,44.444925
2022-12-07 15:00:00,2022-12-07 16:00:00,26.83,20.2177465,48.86,4.9,97.0,0.0,1015.0,26.127289,44.444925
2022-12-07 16:00:00,2022-12-07 17:00:00,32.13,24.211561500000002,56.98,4.9,97.0,0.0,1015.1,26.127289,44.444925
2022-12-07 17:00:00,2022-12-07 18:00:00,37.33,28.1300215,59.57,4.8,98.0,3.6,1015.1,26.127289,44.444925
2022-12-07 18:00:00,2022-12-07 19:00:00,39.94,30.096787,57.91,4.6,98.0,0.0,1015.3,26.127289,44.444925
2022-12-07 19:00:00,2022-12-07 20:00:00,54.89,41.362359500000004,66.35,4.7,99.0,3.6,1015.6,26.127289,44.444925
2022-12-07 20:00:00,2022-12-07 21:00:00,49.54,37.330867000000005,51.78,4.8,99.0,0.0,1015.3,26.127289,44.444925
2022-12-07 21:00:00,2022-12-07 22:00:00,58.03,43.7285065,56.58,4.6,99.0,0.0,1015.4,26.127289,44.444925
2022-12-07 22:00:00,2022-12-07 23:00:00,56.18,42.334439,53.05,2.6,99.0,6.1,1015.7,26.127289,44.444925
2022-12-07 23:00:00,2022-12-08 00:00:00,48.11,36.253290500000006,41.58,4.8,100.0,3.6,1015.8,26.127289,44.444925
2022-12-08 00:00:00,2022-12-08 01:00:00,35.81,26.984625500000003,39.38,4.7,100.0,3.6,1016.1,26.127289,44.444925
2022-12-08 01:00:00,2022-12-08 02:00:00,35.52,26.766096000000005,35.81,4.5,100.0,3.6,1016.3,26.127289,44.444925
2022-12-08 03:00:00,2022-12-08 04:00:00,42.19,31.7922745,30.67,4.8,99.0,3.6,1016.4,26.127289,44.444925
2022-12-08 04:00:00,2022-12-08 05:00:00,30.88,23.269624,25.95,5.0,100.0,0.0,1017.0,26.127289,44.444925
2022-12-08 05:00:00,2022-12-08 06:00:00,36.9,27.805995,32.12,5.1,100.0,3.6,1017.0,26.127289,44.444925
2022-12-08 06:00:00,2022-12-08 07:00:00,48.59,36.6149945,42.44,5.1,100.0,0.0,1017.1,26.127289,44.444925
2022-12-08 07:00:00,2022-12-08 08:00:00,27.08,20.406134,44.45,5.2,100.0,0.0,1017.6,26.127289,44.444925
2022-12-08 08:00:00,2022-12-08 09:00:00,41.46,31.242183000000004,43.46,5.7,99.0,3.6,1018.2,26.127289,44.444925
2022-12-08 09:00:00,2022-12-08 10:00:00,36.95,27.843672500000004,47.28,6.3,97.0,0.0,1018.2,26.127289,44.444925
2022-12-08 10:00:00,2022-12-08 11:00:00,37.93,28.582151500000002,50.85,6.0,99.0,0.0,1017.8,26.127289,44.444925
2022-12-08 11:00:00,2022-12-08 12:00:00,31.1,23.435405000000003,51.62,6.5,95.0,3.6,1017.3,26.127289,44.444925
2022-12-08 12:00:00,2022-12-08 13:00:00,29.89,22.523609500000003,49.86,6.9,91.0,3.6,1016.8,26.127289,44.444925
2022-12-08 13:00:00,2022-12-08 14:00:00,30.88,23.269624,50.8,7.0,90.0,3.6,1016.9,26.127289,44.444925
2022-12-08 14:00:00,2022-12-08 15:00:00,31.5,23.736825000000003,54.88,6.7,91.0,3.6,1016.5,26.127289,44.444925
2022-12-08 15:00:00,2022-12-08 16:00:00,30.88,23.269624,58.29,6.4,93.0,3.6,1016.6,26.127289,44.444925
2022-12-08 16:00:00,2022-12-08 17:00:00,27.28,20.556844,58.91,6.1,94.0,3.6,1016.6,26.127289,44.444925
2022-12-08 17:00:00,2022-12-08 18:00:00,29.39,22.1468345,46.79,5.9,95.0,3.6,1016.7,26.127289,44.444925
2022-12-08 18:00:00,2022-12-08 19:00:00,30.36,22.877778000000003,44.6,5.5,99.0,3.6,1016.5,26.127289,44.444925
2022-12-08 19:00:00,2022-12-08 20:00:00,28.41,21.408355500000003,39.33,5.4,99.0,3.6,1016.5,26.127289,44.444925
2022-12-08 20:00:00,2022-12-08 21:00:00,29.3,22.079015000000002,35.95,5.4,99.0,3.6,1016.0,26.127289,44.444925
2022-12-08 21:00:00,2022-12-08 22:00:00,34.69,26.1406495,35.21,5.4,100.0,3.6,1016.0,26.127289,44.444925
2022-12-08 22:00:00,2022-12-08 23:00:00,31.72,23.902606000000002,29.04,6.1,97.0,7.9,1015.4,26.127289,44.444925
2022-12-08 23:00:00,2022-12-09 00:00:00,27.71,20.880870500000004,27.48,5.5,100.0,3.6,1015.4,26.127289,44.444925
2022-12-09 00:00:00,2022-12-09 01:00:00,25.43,19.1627765,23.5,5.5,100.0,3.6,1015.2,26.127289,44.444925
2022-12-09 01:00:00,2022-12-09 02:00:00,28.19,21.242574500000003,24.83,5.6,100.0,3.6,1016.0,26.127289,44.444925
2022-12-09 02:00:00,2022-12-09 03:00:00,26.09,19.6601195,25.02,5.5,100.0,3.6,1015.8,26.127289,44.444925
2022-12-09 04:00:00,2022-12-09 05:00:00,22.47,16.9322685,24.27,5.4,100.0,7.2,1015.6,26.127289,44.444925
2022-12-09 05:00:00,2022-12-09 06:00:00,22.27,16.7815585,26.79,5.3,99.0,7.2,1015.7,26.127289,44.444925
2022-12-09 06:00:00,2022-12-09 07:00:00,23.55,17.746102500000003,31.07,5.3,100.0,7.2,1015.9,26.127289,44.444925
2022-12-09 07:00:00,2022-12-09 08:00:00,18.53,13.963281500000003,31.53,5.2,100.0,7.2,1016.6,26.127289,44.444925
2022-12-09 08:00:00,2022-12-09 09:00:00,20.16,15.191568000000002,31.85,5.2,99.0,7.2,1016.5,26.127289,44.444925
2022-12-09 09:00:00,2022-12-09 10:00:00,21.12,15.914976000000001,31.78,5.3,100.0,3.6,1016.6,26.127289,44.444925
2022-12-09 10:00:00,2022-12-09 11:00:00,23.16,17.452218000000002,34.33,5.7,100.0,3.6,1016.3,26.127289,44.444925
2022-12-09 11:00:00,2022-12-09 12:00:00,28.06,21.144613,37.61,6.1,99.0,3.6,1015.5,26.127289,44.444925
2022-12-09 12:00:00,2022-12-09 13:00:00,30.89,23.277159500000003,39.56,7.3,95.0,3.6,1014.6,26.127289,44.444925
2022-12-09 13:00:00,2022-12-09 14:00:00,35.06,26.419463000000004,46.86,8.5,87.0,3.6,1014.3,26.127289,44.444925
2022-12-09 14:00:00,2022-12-09 15:00:00,40.02,30.157071000000006,61.56,7.8,90.0,0.0,1014.2,26.127289,44.444925
2022-12-09 15:00:00,2022-12-09 16:00:00,53.15,40.0511825,73.69,6.4,97.0,3.6,1014.1,26.127289,44.444925
2022-12-09 16:00:00,2022-12-09 17:00:00,62.92,47.413366,71.49,5.4,100.0,3.6,1013.7,26.127289,44.444925
2022-12-09 17:00:00,2022-12-09 18:00:00,75.28,56.727244000000006,71.35,5.9,100.0,3.6,1013.0,26.127289,44.444925
2022-12-09 18:00:00,2022-12-09 19:00:00,74.75,56.3278625,60.31,5.8,100.0,0.0,1012.6,26.127289,44.444925
2022-12-09 19:00:00,2022-12-09 20:00:00,66.86,50.382353,56.12,6.1,100.0,3.6,1012.2,26.127289,44.444925
2022-12-09 20:00:00,2022-12-09 21:00:00,42.56,32.071088,56.01,5.6,100.0,3.6,1011.8,26.127289,44.444925
2022-12-09 21:00:00,2022-12-09 22:00:00,29.74,22.410577,40.07,5.4,100.0,3.6,1011.4,26.127289,44.444925
2022-12-09 22:00:00,2022-12-09 23:00:00,27.67,20.850728500000002,38.01,4.0,100.0,6.1,1011.0,26.127289,44.444925
2022-12-09 23:00:00,2022-12-10 00:00:00,22.27,16.7815585,37.91,5.4,100.0,3.6,1010.2,26.127289,44.444925
2022-12-10 00:00:00,2022-12-10 01:00:00,29.37,22.1317635,35.95,5.3,100.0,3.6,1009.9,26.127289,44.444925
2022-12-10 01:00:00,2022-12-10 02:00:00,28.09,21.1672195,34.13,5.4,99.0,3.6,1009.5,26.127289,44.444925
2022-12-10 02:00:00,2022-12-10 03:00:00,24.22,18.250981,36.03,5.2,100.0,0.0,1008.9,26.127289,44.444925
2022-12-10 03:00:00,2022-12-10 04:00:00,25.08,18.899034,36.37,5.4,100.0,0.0,1008.8,26.127289,44.444925
2022-12-10 05:00:00,2022-12-10 06:00:00,30.32,22.847636,36.92,5.2,100.0,3.6,1008.6,26.127289,44.444925
2022-12-10 06:00:00,2022-12-10 07:00:00,21.7,16.352035,34.6,5.3,100.0,3.6,1008.2,26.127289,44.444925
2022-12-10 07:00:00,2022-12-10 08:00:00,20.57,15.500523500000002,36.05,5.6,100.0,3.6,1008.3,26.127289,44.444925
2022-12-10 08:00:00,2022-12-10 09:00:00,25.64,19.321022000000003,39.11,7.1,99.0,3.6,1008.2,26.127289,44.444925
2022-12-10 09:00:00,2022-12-10 10:00:00,30.5,22.983275000000003,37.58,7.9,92.0,3.6,1007.6,26.127289,44.444925
2022-12-10 10:00:00,2022-12-10 11:00:00,36.51,27.512110500000002,42.68,9.9,83.0,3.6,1006.9,26.127289,44.444925
2022-12-10 11:00:00,2022-12-10 12:00:00,42.09,31.716919500000003,50.38,11.2,76.0,3.6,1006.3,26.127289,44.444925
2022-12-10 12:00:00,2022-12-10 13:00:00,48.47,36.5245685,57.02,12.5,78.0,3.6,1005.6,26.127289,44.444925
2022-12-10 13:00:00,2022-12-10 14:00:00,34.63,26.095436500000005,45.34,14.6,68.0,7.2,1004.9,26.127289,44.444925
2022-12-10 14:00:00,2022-12-10 15:00:00,40.05,30.1796775,51.53,13.4,76.0,3.6,1004.7,26.127289,44.444925
2022-12-10 15:00:00,2022-12-10 16:00:00,48.01,36.177935500000004,69.81,12.1,81.0,0.0,1004.2,26.127289,44.444925
2022-12-10 16:00:00,2022-12-10 17:00:00,64.07,48.279948499999996,99.25,10.0,91.0,0.0,1003.7,26.127289,44.444925
2022-12-10 17:00:00,2022-12-10 18:00:00,66.28,49.945294000000004,84.66,9.5,92.0,0.0,1003.4,26.127289,44.444925
2022-12-10 18:00:00,2022-12-10 19:00:00,65.86,49.628803000000005,62.49,9.3,95.0,0.0,1003.0,26.127289,44.444925
2022-12-10 19:00:00,2022-12-10 20:00:00,66.16,49.854868,56.55,8.6,99.0,0.0,1002.6,26.127289,44.444925
2022-12-10 20:00:00,2022-12-10 21:00:00,66.31,49.967900500000006,59.33,8.5,100.0,0.0,1002.0,26.127289,44.444925
2022-12-10 21:00:00,2022-12-10 22:00:00,63.65,47.963457500000004,55.1,8.6,99.0,3.6,1001.4,26.127289,44.444925
2022-12-10 22:00:00,2022-12-10 23:00:00,54.02,40.706771,44.27,8.6,94.0,8.3,999.6,26.127289,44.444925
2022-12-10 23:00:00,2022-12-11 00:00:00,49.38,37.210299000000006,43.96,8.6,99.0,3.6,999.4,26.127289,44.444925
2022-12-11 00:00:00,2022-12-11 01:00:00,45.69,34.4296995,37.66,7.9,100.0,3.6,997.6,26.127289,44.444925
2022-12-11 01:00:00,2022-12-11 02:00:00,43.1,32.478005,34.85,8.1,100.0,3.6,997.0,26.127289,44.444925
2022-12-11 02:00:00,2022-12-11 03:00:00,38.91,29.3206305,32.94,8.9,100.0,3.6,995.8,26.127289,44.444925
2022-12-11 03:00:00,2022-12-11 04:00:00,38.12,28.725326,32.08,8.8,99.0,3.6,994.9,26.127289,44.444925
2022-12-11 04:00:00,2022-12-11 05:00:00,32.57,24.543123500000004,31.42,8.7,100.0,3.6,994.0,26.127289,44.444925
2022-12-11 06:00:00,2022-12-11 07:00:00,27.95,21.061722500000002,44.13,9.1,100.0,0.0,993.3,26.127289,44.444925
2022-12-11 07:00:00,2022-12-11 08:00:00,31.33,23.6087215,50.16,9.6,100.0,0.0,994.0,26.127289,44.444925
2022-12-11 08:00:00,2022-12-11 09:00:00,23.18,17.467289,32.75,13.0,95.0,7.2,994.7,26.127289,44.444925
2022-12-11 09:00:00,2022-12-11 10:00:00,15.37,11.5820635,22.71,16.6,74.0,7.2,995.2,26.127289,44.444925
2022-12-11 10:00:00,2022-12-11 11:00:00,13.46,10.142783000000001,18.26,17.0,63.0,7.2,995.0,26.127289,44.444925
2022-12-11 11:00:00,2022-12-11 12:00:00,19.35,14.581192500000002,21.9,15.4,72.0,10.8,995.1,26.127289,44.444925
2022-12-11 12:00:00,2022-12-11 13:00:00,18.88,14.227024,25.07,17.0,63.0,7.2,994.7,26.127289,44.444925
2022-12-11 13:00:00,2022-12-11 14:00:00,20.42,15.387491000000002,24.5,15.1,73.0,7.2,995.4,26.127289,44.444925
2022-12-11 14:00:00,2022-12-11 15:00:00,26.92,20.285566000000003,23.69,13.8,82.0,10.8,995.5,26.127289,44.444925
2022-12-11 15:00:00,2022-12-11 16:00:00,14.98,11.288179000000001,23.36,10.5,95.0,14.4,996.2,26.127289,44.444925
2022-12-11 16:00:00,2022-12-11 17:00:00,11.52,8.680896,20.98,8.0,99.0,14.4,997.1,26.127289,44.444925
2022-12-11 17:00:00,2022-12-11 18:00:00,9.01,6.7894855000000005,22.83,7.1,99.0,10.8,997.5,26.127289,44.444925
2022-12-11 18:00:00,2022-12-11 19:00:00,8.51,6.4127105,20.62,5.8,99.0,10.8,998.6,26.127289,44.444925
2022-12-11 19:00:00,2022-12-11 20:00:00,7.69,5.794799500000001,19.72,5.0,99.0,14.4,999.0,26.127289,44.444925
2022-12-11 20:00:00,2022-12-11 21:00:00,10.29,7.7540295,18.55,4.5,99.0,14.4,999.5,26.127289,44.444925
2022-12-11 21:00:00,2022-12-11 22:00:00,14.87,11.2052885,17.19,4.1,99.0,10.8,1000.2,26.127289,44.444925
2022-12-11 22:00:00,2022-12-11 23:00:00,16.44,12.388362000000003,14.69,3.7,97.0,10.8,1000.5,26.127289,44.444925
2022-12-11 23:00:00,2022-12-12 00:00:00,18.19,13.707074500000003,12.12,3.5,96.0,10.8,1000.9,26.127289,44.444925
2022-12-12 00:00:00,2022-12-12 01:00:00,20.7,15.598485,10.59,3.0,93.0,14.4,1001.3,26.127289,44.444925
2022-12-12 01:00:00,2022-12-12 02:00:00,20.86,15.719053,10.39,2.4,91.0,10.8,1002.1,26.127289,44.444925
2022-12-12 02:00:00,2022-12-12 03:00:00,19.2,14.468160000000001,10.42,2.0,90.0,7.2,1002.3,26.127289,44.444925
2022-12-12 03:00:00,2022-12-12 04:00:00,17.92,13.503616000000003,11.22,1.7,90.0,7.2,1003.2,26.127289,44.444925
2022-12-12 04:00:00,2022-12-12 05:00:00,17.73,13.360441500000002,17.34,1.8,89.0,7.2,1003.6,26.127289,44.444925
2022-12-12 05:00:00,2022-12-12 06:00:00,23.4,17.63307,30.51,1.5,91.0,7.2,1004.0,26.127289,44.444925
2022-12-12 07:00:00,2022-12-12 08:00:00,17.59,13.2549445,41.94,1.1,93.0,7.2,1005.9,26.127289,44.444925
2022-12-12 08:00:00,2022-12-12 09:00:00,18.65,14.0537075,36.32,2.3,87.0,7.2,1006.7,26.127289,44.444925
2022-12-12 09:00:00,2022-12-12 10:00:00,17.41,13.119305500000001,28.56,4.0,78.0,7.2,1007.0,26.127289,44.444925
2022-12-12 10:00:00,2022-12-12 11:00:00,16.41,12.3657555,27.13,5.0,74.0,7.2,1006.9,26.127289,44.444925
2022-12-12 11:00:00,2022-12-12 12:00:00,16.09,12.124619500000001,23.54,6.6,69.0,10.8,1006.8,26.127289,44.444925
2022-12-12 12:00:00,2022-12-12 13:00:00,17.54,13.217267,28.9,7.1,68.0,10.8,1006.9,26.127289,44.444925
2022-12-12 13:00:00,2022-12-12 14:00:00,19.1,14.392805000000003,25.16,6.9,67.0,10.8,1006.9,26.127289,44.444925
2022-12-12 14:00:00,2022-12-12 15:00:00,20.39,15.364884500000002,32.74,6.2,71.0,10.8,1007.0,26.127289,44.444925
2022-12-12 15:00:00,2022-12-12 16:00:00,22.1,16.653455,46.75,5.9,77.0,7.2,1007.0,26.127289,44.444925
2022-12-12 16:00:00,2022-12-12 17:00:00,22.43,16.9021265,37.17,5.3,81.0,10.8,1007.3,26.127289,44.444925
2022-12-12 17:00:00,2022-12-12 18:00:00,18.95,14.2797725,35.56,5.1,84.0,7.2,1007.9,26.127289,44.444925
2022-12-12 18:00:00,2022-12-12 19:00:00,13.73,10.346241500000001,27.65,5.0,74.0,14.4,1008.5,26.127289,44.444925
2022-12-12 19:00:00,2022-12-12 20:00:00,13.97,10.527093500000001,37.61,3.8,91.0,3.6,1008.8,26.127289,44.444925
2022-12-12 20:00:00,2022-12-12 21:00:00,14.93,11.2505015,22.29,3.1,95.0,10.8,1009.7,26.127289,44.444925
2022-12-12 21:00:00,2022-12-12 22:00:00,13.88,10.459274,17.71,2.1,94.0,10.8,1010.6,26.127289,44.444925
2022-12-12 22:00:00,2022-12-12 23:00:00,12.39,9.336484500000001,19.15,1.5,96.0,12.6,1010.4,26.127289,44.444925
2022-12-12 23:00:00,2022-12-13 00:00:00,12.67,9.5474785,14.89,1.1,95.0,7.2,1010.6,26.127289,44.444925
2022-12-13 00:00:00,2022-12-13 01:00:00,12.24,9.223452,11.79,1.0,94.0,7.2,1010.9,26.127289,44.444925
2022-12-13 01:00:00,2022-12-13 02:00:00,11.08,8.349334,11.05,0.5,91.0,7.2,1011.2,26.127289,44.444925
2022-12-13 02:00:00,2022-12-13 03:00:00,10.36,7.806778,11.83,-0.3,90.0,7.2,1011.3,26.127289,44.444925
2022-12-13 03:00:00,2022-12-13 04:00:00,10.37,7.8143135,15.06,-0.9,90.0,7.2,1011.3,26.127289,44.444925
2022-12-13 04:00:00,2022-12-13 05:00:00,11.11,8.371940500000001,18.88,-0.9,90.0,7.2,1011.9,26.127289,44.444925
2022-12-13 05:00:00,2022-12-13 06:00:00,11.74,8.846677000000001,29.99,-1.4,90.0,3.6,1012.5,26.127289,44.444925
2022-12-13 06:00:00,2022-12-13 07:00:00,12.83,9.6680465,44.74,-1.7,88.0,7.2,1012.8,26.127289,44.444925
2022-12-13 08:00:00,2022-12-13 09:00:00,18.58,14.000959,44.9,-0.6,80.0,7.2,1014.4,26.127289,44.444925
2022-12-13 09:00:00,2022-12-13 10:00:00,19.79,14.9127545,36.75,0.4,79.0,7.2,1015.3,26.127289,44.444925
2022-12-13 10:00:00,2022-12-13 11:00:00,19.71,14.852470500000003,29.92,1.5,70.0,7.2,1015.3,26.127289,44.444925
2022-12-13 11:00:00,2022-12-13 12:00:00,19.68,14.829864,34.11,3.1,66.0,7.2,1014.6,26.127289,44.444925
2022-12-13 12:00:00,2022-12-13 13:00:00,19.97,15.0483935,28.26,3.6,62.0,7.2,1014.2,26.127289,44.444925
2022-12-13 13:00:00,2022-12-13 14:00:00,18.72,14.106456,33.1,3.9,55.0,7.2,1014.2,26.127289,44.444925
2022-12-13 14:00:00,2022-12-13 15:00:00,18.81,14.1742755,37.36,2.8,55.0,7.2,1014.7,26.127289,44.444925
2022-12-13 15:00:00,2022-12-13 16:00:00,16.28,12.267794000000002,42.32,1.7,60.0,7.2,1015.2,26.127289,44.444925
2022-12-13 16:00:00,2022-12-13 17:00:00,23.12,17.422076,70.42,-2.0,74.0,9.0,1015.8,26.127289,44.444925
2022-12-13 17:00:00,2022-12-13 18:00:00,28.54,21.506317,57.73,-0.8,78.0,3.6,1016.7,26.127289,44.444925
2022-12-13 18:00:00,2022-12-13 19:00:00,35.1,26.449605000000002,56.99,-1.6,86.0,0.0,1016.6,26.127289,44.444925
2022-12-13 19:00:00,2022-12-13 20:00:00,35.5,26.751025000000002,67.52,-2.2,93.0,0.0,1016.7,26.127289,44.444925
2022-12-13 20:00:00,2022-12-13 21:00:00,48.92,36.863666,70.04,-1.7,94.0,3.6,1017.1,26.127289,44.444925
2022-12-13 21:00:00,2022-12-13 22:00:00,46.62,35.130501,54.17,-1.4,93.0,3.6,1017.5,26.127289,44.444925
2022-12-13 22:00:00,2022-12-13 23:00:00,42.91,32.3348305,50.18,-3.1,83.0,4.0,1017.6,26.127289,44.444925
2022-12-13 23:00:00,2022-12-14 00:00:00,32.64,24.595872000000004,45.48,-1.0,89.0,0.0,1017.5,26.127289,44.444925
2022-12-14 00:00:00,2022-12-14 01:00:00,34.99,26.366714500000004,55.42,-1.2,91.0,0.0,1017.9,26.127289,44.444925
2022-12-14 01:00:00,2022-12-14 02:00:00,54.18,40.827339,62.08,-2.1,96.0,3.6,1018.0,26.127289,44.444925
2022-12-14 02:00:00,2022-12-14 03:00:00,54.64,41.173972000000006,60.8,-2.4,96.0,0.0,1017.9,26.127289,44.444925
2022-12-14 03:00:00,2022-12-14 04:00:00,45.96,34.633158,56.53,-3.0,98.0,0.0,1018.2,26.127289,44.444925
2022-12-14 04:00:00,2022-12-14 05:00:00,46.55,35.0777525,51.2,-2.1,99.0,3.6,1018.2,26.127289,44.444925
2022-12-14 05:00:00,2022-12-14 06:00:00,47.19,35.5600245,45.4,-1.7,96.0,3.6,1017.9,26.127289,44.444925
2022-12-14 06:00:00,2022-12-14 07:00:00,46.22,34.829081,59.36,-1.1,92.0,3.6,1018.0,26.127289,44.444925
2022-12-14 07:00:00,2022-12-14 08:00:00,45.75,34.4749125,49.83,-0.6,88.0,3.6,1018.0,26.127289,44.444925
2022-12-14 09:00:00,2022-12-14 10:00:00,41.64,31.377822000000002,51.18,0.8,84.0,3.6,1018.4,26.127289,44.444925
2022-12-14 10:00:00,2022-12-14 11:00:00,40.16,30.262567999999998,53.04,2.0,75.0,7.2,1017.6,26.127289,44.444925
2022-12-14 11:00:00,2022-12-14 12:00:00,35.48,26.735954,54.39,2.5,73.0,7.2,1017.1,26.127289,44.444925
2022-12-14 12:00:00,2022-12-14 13:00:00,35.02,26.389321000000002,52.8,2.9,76.0,7.2,1016.5,26.127289,44.444925
2022-12-14 13:00:00,2022-12-14 14:00:00,36.47,27.4819685,59.15,3.1,79.0,7.2,1016.2,26.127289,44.444925
2022-12-14 14:00:00,2022-12-14 15:00:00,38.04,28.665042,55.73,2.5,84.0,7.2,1016.2,26.127289,44.444925
2022-12-14 15:00:00,2022-12-14 16:00:00,36.36,27.399078000000003,62.04,1.8,86.0,7.2,1015.9,26.127289,44.444925
2022-12-14 16:00:00,2022-12-14 17:00:00,36.52,27.519646000000005,68.39,1.8,87.0,7.2,1015.5,26.127289,44.444925
2022-12-14 17:00:00,2022-12-14 18:00:00,37.61,28.3410155,60.72,1.9,90.0,7.2,1014.8,26.127289,44.444925
2022-12-14 18:00:00,2022-12-14 19:00:00,38.89,29.3055595,56.72,2.2,89.0,7.2,1015.0,26.127289,44.444925
2022-12-14 19:00:00,2022-12-14 20:00:00,38.12,28.725326,56.82,2.3,90.0,3.6,1014.6,26.127289,44.444925
2022-12-14 20:00:00,2022-12-14 21:00:00,35.8,26.97709,53.97,2.4,91.0,3.6,1013.7,26.127289,44.444925
2022-12-14 21:00:00,2022-12-14 22:00:00,31.1,23.435405000000003,48.81,2.4,96.0,3.6,1012.9,26.127289,44.444925
2022-12-14 22:00:00,2022-12-14 23:00:00,25.96,19.562158000000004,45.34,4.8,88.0,10.4,1012.5,26.127289,44.444925
2022-12-14 23:00:00,2022-12-15 00:00:00,24.22,18.250981,46.08,3.0,99.0,3.6,1011.1,26.127289,44.444925
2022-12-15 00:00:00,2022-12-15 01:00:00,19.83,14.9428965,37.07,3.3,100.0,3.6,1010.2,26.127289,44.444925
2022-12-15 01:00:00,2022-12-15 02:00:00,16.88,12.719924,34.98,3.6,99.0,3.6,1009.9,26.127289,44.444925
2022-12-15 02:00:00,2022-12-15 03:00:00,14.31,10.783300500000001,28.5,3.5,100.0,3.6,1009.7,26.127289,44.444925
2022-12-15 03:00:00,2022-12-15 04:00:00,15.01,11.310785500000001,28.1,3.7,100.0,3.6,1009.1,26.127289,44.444925
2022-12-15 04:00:00,2022-12-15 05:00:00,13.41,10.1051055,34.16,3.7,100.0,3.6,1008.8,26.127289,44.444925
2022-12-15 05:00:00,2022-12-15 06:00:00,14.54,10.956617,43.43,3.9,100.0,3.6,1008.8,26.127289,44.444925
2022-12-15 06:00:00,2022-12-15 07:00:00,13.39,10.090034500000002,51.03,4.2,100.0,3.6,1009.1,26.127289,44.444925
2022-12-15 07:00:00,2022-12-15 08:00:00,16.3,12.282865000000001,52.4,4.6,100.0,3.6,1009.7,26.127289,44.444925
2022-12-15 08:00:00,2022-12-15 09:00:00,21.92,16.517816000000003,57.33,4.7,99.0,3.6,1011.0,26.127289,44.444925
2022-12-15 10:00:00,2022-12-15 11:00:00,17.96,13.533758000000002,40.69,5.9,95.0,7.2,1011.8,26.127289,44.444925
2022-12-15 11:00:00,2022-12-15 12:00:00,14.81,11.160075500000001,30.22,6.2,93.0,10.8,1011.9,26.127289,44.444925
2022-12-15 12:00:00,2022-12-15 13:00:00,15.89,11.973909500000001,33.07,6.3,90.0,7.2,1012.1,26.127289,44.444925
2022-12-15 13:00:00,2022-12-15 14:00:00,16.26,12.252723000000001,28.44,6.4,86.0,10.8,1012.6,26.127289,44.444925
2022-12-15 14:00:00,2022-12-15 15:00:00,22.25,16.7664875,36.34,5.9,88.0,10.8,1013.4,26.127289,44.444925
2022-12-15 15:00:00,2022-12-15 16:00:00,20.12,15.161426000000002,34.41,5.2,91.0,10.8,1014.2,26.127289,44.444925
2022-12-15 16:00:00,2022-12-15 17:00:00,20.5,15.447775000000002,37.01,4.4,94.0,10.8,1014.8,26.127289,44.444925
2022-12-15 17:00:00,2022-12-15 18:00:00,22.84,17.211082,33.21,4.3,95.0,7.2,1015.7,26.127289,44.444925
2022-12-15 18:00:00,2022-12-15 19:00:00,27.21,20.504095500000002,36.96,3.9,95.0,3.6,1016.3,26.127289,44.444925
2022-12-15 19:00:00,2022-12-15 20:00:00,29.23,22.026266500000002,37.42,3.7,97.0,7.2,1016.6,26.127289,44.444925
2022-12-15 20:00:00,2022-12-15 21:00:00,33.53,25.266531500000003,34.4,3.6,98.0,3.6,1016.9,26.127289,44.444925
2022-12-15 21:00:00,2022-12-15 22:00:00,37.78,28.469119000000003,33.79,3.1,99.0,7.2,1017.4,26.127289,44.444925
2022-12-15 22:00:00,2022-12-15 23:00:00,38.39,28.928784500000003,37.23,1.6,100.0,2.5,1017.1,26.127289,44.444925
2022-12-15 23:00:00,2022-12-16 00:00:00,45.24,34.090602000000004,49.83,2.8,100.0,3.6,1017.0,26.127289,44.444925
2022-12-16 00:00:00,2022-12-16 01:00:00,41.52,31.287396000000005,42.47,0.2,99.0,4.3,1017.0,26.127289,44.444925
2022-12-16 01:00:00,2022-12-16 02:00:00,27.68,20.858264000000002,33.16,0.4,99.0,6.8,1016.4,26.127289,44.444925
2022-12-16 02:00:00,2022-12-16 03:00:00,23.17,17.4597535,33.54,-0.1,100.0,8.3,1015.9,26.127289,44.444925
2022-12-16 03:00:00,2022-12-16 04:00:00,19.14,14.422947,26.62,2.1,100.0,3.6,1016.4,26.127289,44.444925
2022-12-16 04:00:00,2022-12-16 05:00:00,17.02,12.825421,28.7,2.2,99.0,7.2,1015.5,26.127289,44.444925
2022-12-16 05:00:00,2022-12-16 06:00:00,17.09,12.8781695,34.93,2.2,100.0,7.2,1015.6,26.127289,44.444925
2022-12-16 06:00:00,2022-12-16 07:00:00,18.0,13.5639,47.13,2.4,100.0,7.2,1015.6,26.127289,44.444925
2022-12-16 07:00:00,2022-12-16 08:00:00,18.49,13.9331395,48.29,2.2,100.0,7.2,1015.5,26.127289,44.444925
2022-12-16 08:00:00,2022-12-16 09:00:00,21.46,16.171183000000003,48.05,2.6,100.0,3.6,1016.5,26.127289,44.444925
2022-12-16 09:00:00,2022-12-16 10:00:00,24.14,18.190697,47.02,3.4,100.0,3.6,1016.2,26.127289,44.444925
2022-12-16 11:00:00,2022-12-16 12:00:00,33.99,25.613164500000003,44.68,5.5,94.0,3.6,1014.5,26.127289,44.444925
2022-12-16 12:00:00,2022-12-16 13:00:00,39.59,29.833044500000003,49.32,5.9,93.0,3.6,1014.7,26.127289,44.444925
2022-12-16 13:00:00,2022-12-16 14:00:00,44.12,33.246626,58.83,6.6,89.0,0.0,1014.6,26.127289,44.444925
2022-12-16 14:00:00,2022-12-16 15:00:00,50.33,37.9261715,61.22,6.6,90.0,3.6,1014.4,26.127289,44.444925
2022-12-16 15:00:00,2022-12-16 16:00:00,66.47,50.088468500000005,65.35,5.6,95.0,3.6,1014.4,26.127289,44.444925
2022-12-16 16:00:00,2022-12-16 17:00:00,60.03,45.2356065,54.43,5.6,97.0,3.6,1015.2,26.127289,44.444925
2022-12-16 17:00:00,2022-12-16 18:00:00,58.08,43.766184,55.29,4.9,98.0,0.0,1014.7,26.127289,44.444925
2022-12-16 18:00:00,2022-12-16 19:00:00,62.01,46.727635500000005,58.5,5.1,99.0,0.0,1014.3,26.127289,44.444925
2022-12-16 19:00:00,2022-12-16 20:00:00,65.61,49.4404155,58.1,5.3,99.0,7.2,1015.7,26.127289,44.444925
2022-12-16 20:00:00,2022-12-16 21:00:00,63.38,47.75999900000001,52.6,5.4,100.0,3.6,1013.4,26.127289,44.444925
2022-12-16 21:00:00,2022-12-16 22:00:00,46.93,35.364101500000004,39.17,5.0,100.0,3.6,1014.3,26.127289,44.444925
2022-12-16 22:00:00,2022-12-16 23:00:00,38.36,28.906178,31.76,4.7,100.0,3.6,1014.3,26.127289,44.444925
2022-12-16 23:00:00,2022-12-17 00:00:00,32.92,24.806866000000003,26.63,4.9,100.0,7.2,1016.5,26.127289,44.444925
2022-12-17 00:00:00,2022-12-17 01:00:00,33.71,25.402170500000004,37.93,5.2,100.0,3.6,1014.9,26.127289,44.444925
2022-12-17 01:00:00,2022-12-17 02:00:00,32.56,24.535588000000004,43.55,5.0,100.0,3.6,1014.0,26.127289,44.444925
2022-12-17 02:00:00,2022-12-17 03:00:00,36.22,27.293581,28.92,4.5,100.0,3.6,1014.3,26.127289,44.444925
2022-12-17 03:00:00,2022-12-17 04:00:00,27.75,20.911012500000002,23.34,4.1,100.0,7.2,1014.3,26.127289,44.444925
2022-12-17 04:00:00,2022-12-17 05:00:00,26.21,19.7505455,22.97,3.8,100.0,7.2,1013.4,26.127289,44.444925
2022-12-17 05:00:00,2022-12-17 06:00:00,24.4,18.38662,22.62,3.6,100.0,7.2,1013.2,26.127289,44.444925
2022-12-17 06:00:00,2022-12-17 07:00:00,22.36,16.849378,26.98,4.2,99.0,7.2,1013.8,26.127289,44.444925
2022-12-17 07:00:00,2022-12-17 08:00:00,19.94,15.025787000000003,32.87,3.6,100.0,0.0,1013.1,26.127289,44.444925
2022-12-17 08:00:00,2022-12-17 09:00:00,22.11,16.6609905,43.87,5.6,100.0,3.6,1013.0,26.127289,44.444925
2022-12-17 09:00:00,2022-12-17 10:00:00,22.63,17.0528365,20.74,9.8,86.0,3.6,1015.6,26.127289,44.444925
2022-12-17 10:00:00,2022-12-17 11:00:00,9.35,7.0456925,28.95,13.6,77.0,7.2,1014.7,26.127289,44.444925
2022-12-17 12:00:00,2022-12-17 13:00:00,8.66,6.525743,37.93,14.2,78.0,7.2,1013.1,26.127289,44.444925
2022-12-17 13:00:00,2022-12-17 14:00:00,14.63,11.024436500000002,32.94,13.1,84.0,10.8,1014.4,26.127289,44.444925
2022-12-17 14:00:00,2022-12-17 15:00:00,25.09,18.9065695,26.85,9.6,91.0,10.8,1015.5,26.127289,44.444925
2022-12-17 15:00:00,2022-12-17 16:00:00,23.36,17.602928000000002,27.07,8.9,92.0,7.2,1016.0,26.127289,44.444925
2022-12-17 16:00:00,2022-12-17 17:00:00,27.83,20.9712965,30.42,8.2,96.0,7.2,1016.5,26.127289,44.444925
2022-12-17 17:00:00,2022-12-17 18:00:00,27.8,20.948690000000003,31.78,8.8,96.0,10.8,1017.4,26.127289,44.444925
2022-12-17 18:00:00,2022-12-17 19:00:00,28.91,21.7851305,37.0,8.3,97.0,7.2,1018.3,26.127289,44.444925
2022-12-17 19:00:00,2022-12-17 20:00:00,28.14,21.204897000000003,28.35,7.9,97.0,10.8,1019.2,26.127289,44.444925
2022-12-17 20:00:00,2022-12-17 21:00:00,31.97,24.0909935,21.71,8.1,100.0,10.8,1020.4,26.127289,44.444925
2022-12-17 21:00:00,2022-12-17 22:00:00,28.83,21.7248465,22.81,7.7,98.0,10.8,1021.1,26.127289,44.444925
2022-12-17 22:00:00,2022-12-17 23:00:00,13.29,10.0146795,19.37,6.4,95.0,10.8,1021.6,26.127289,44.444925
2022-12-17 23:00:00,2022-12-18 00:00:00,12.21,9.200845500000002,19.42,5.8,93.0,10.8,1022.2,26.127289,44.444925
2022-12-18 00:00:00,2022-12-18 01:00:00,15.44,11.634812,19.63,4.7,94.0,7.2,1022.9,26.127289,44.444925
2022-12-18 01:00:00,2022-12-18 02:00:00,18.15,13.6769325,19.92,4.0,95.0,3.6,1024.1,26.127289,44.444925
2022-12-18 02:00:00,2022-12-18 03:00:00,20.61,15.530665500000001,18.23,4.1,93.0,7.2,1024.7,26.127289,44.444925
2022-12-18 03:00:00,2022-12-18 04:00:00,23.9,18.009845,17.06,4.1,92.0,3.6,1025.6,26.127289,44.444925
2022-12-18 04:00:00,2022-12-18 05:00:00,28.65,21.5892075,19.23,3.9,92.0,7.2,1026.5,26.127289,44.444925
2022-12-18 05:00:00,2022-12-18 06:00:00,29.3,22.079015000000002,22.82,3.5,97.0,3.6,1027.4,26.127289,44.444925
2022-12-18 06:00:00,2022-12-18 07:00:00,26.98,20.330779000000003,30.77,3.6,99.0,0.0,1028.3,26.127289,44.444925
2022-12-18 07:00:00,2022-12-18 08:00:00,31.32,23.601186000000002,29.33,3.3,99.0,3.6,1029.3,26.127289,44.444925
2022-12-18 08:00:00,2022-12-18 09:00:00,34.2,25.771410000000003,31.63,3.2,99.0,3.6,1030.5,26.127289,44.444925
2022-12-18 09:00:00,2022-12-18 10:00:00,28.14,21.204897000000003,34.33,2.8,99.0,3.6,1031.9,26.127289,44.444925
2022-12-18 10:00:00,2022-12-18 11:00:00,22.83,17.2035465,34.75,3.6,99.0,7.2,1031.8,26.127289,44.444925
2022-12-18 11:00:00,2022-12-18 12:00:00,20.85,15.711517500000003,37.38,3.4,85.0,7.2,1032.2,26.127289,44.444925
2022-12-18 13:00:00,2022-12-18 14:00:00,26.52,19.984146000000003,36.55,3.1,86.0,7.2,1033.0,26.127289,44.444925
2022-12-18 14:00:00,2022-12-18 15:00:00,28.63,21.5741365,32.83,3.0,86.0,7.2,1033.8,26.127289,44.444925
2022-12-18 15:00:00,2022-12-18 16:00:00,30.51,22.990810500000002,48.54,2.8,87.0,7.2,1034.8,26.127289,44.444925
2022-12-18 16:00:00,2022-12-18 17:00:00,29.15,21.9659825,40.85,2.5,90.0,3.6,1035.3,26.127289,44.444925
2022-12-18 17:00:00,2022-12-18 18:00:00,27.74,20.903477,41.21,2.3,90.0,3.6,1036.3,26.127289,44.444925
2022-12-18 18:00:00,2022-12-18 19:00:00,27.96,21.069258,41.63,1.6,94.0,3.6,1037.2,26.127289,44.444925
2022-12-18 19:00:00,2022-12-18 20:00:00,26.36,19.863578,44.94,1.5,97.0,3.6,1037.6,26.127289,44.444925
2022-12-18 20:00:00,2022-12-18 21:00:00,26.8,20.195140000000002,48.93,1.6,94.0,3.6,1038.3,26.127289,44.444925
2022-12-18 21:00:00,2022-12-18 22:00:00,26.28,19.803294,37.02,1.7,92.0,3.6,1038.9,26.127289,44.444925
2022-12-18 22:00:00,2022-12-18 23:00:00,25.38,19.125099000000002,35.0,1.8,88.0,3.6,1039.1,26.127289,44.444925
2022-12-18 23:00:00,2022-12-19 00:00:00,24.96,18.808608000000003,27.39,1.7,88.0,3.6,1039.4,26.127289,44.444925
2022-12-19 00:00:00,2022-12-19 01:00:00,28.37,21.3782135,23.23,1.0,84.0,7.2,1039.5,26.127289,44.444925
2022-12-19 01:00:00,2022-12-19 02:00:00,30.53,23.0058815,23.46,0.5,86.0,7.2,1040.2,26.127289,44.444925
2022-12-19 02:00:00,2022-12-19 03:00:00,31.78,23.947819000000003,18.45,-0.4,84.0,3.6,1040.5,26.127289,44.444925
2022-12-19 03:00:00,2022-12-19 04:00:00,30.53,23.0058815,17.24,-0.8,83.0,7.2,1040.8,26.127289,44.444925
2022-12-19 04:00:00,2022-12-19 05:00:00,29.26,22.048873000000004,20.5,-1.2,85.0,3.6,1041.0,26.127289,44.444925
2022-12-19 06:00:00,2022-12-19 07:00:00,24.31,18.318800500000002,43.92,-2.0,82.0,7.2,1042.4,26.127289,44.444925
2022-12-19 07:00:00,2022-12-19 08:00:00,25.54,19.245667,53.17,-1.9,80.0,3.6,1043.1,26.127289,44.444925
2022-12-19 08:00:00,2022-12-19 09:00:00,29.19,21.996124500000004,50.74,-1.6,81.0,3.6,1043.8,26.127289,44.444925
2022-12-19 09:00:00,2022-12-19 10:00:00,31.68,23.872464,55.24,-1.4,79.0,3.6,1044.1,26.127289,44.444925
2022-12-19 10:00:00,2022-12-19 11:00:00,31.65,23.849857500000002,52.15,-1.1,78.0,3.6,1043.8,26.127289,44.444925
2022-12-19 11:00:00,2022-12-19 12:00:00,31.38,23.646399000000002,50.13,-0.7,78.0,3.6,1043.3,26.127289,44.444925
2022-12-19 12:00:00,2022-12-19 13:00:00,31.49,23.7292895,45.13,-0.9,78.0,3.6,1043.1,26.127289,44.444925
2022-12-19 14:00:00,2022-12-19 15:00:00,33.9,25.545345,50.59,-1.4,79.0,3.6,1043.2,26.127289,44.444925
2022-12-19 15:00:00,2022-12-19 16:00:00,34.19,25.7638745,52.42,-1.3,82.0,3.6,1043.3,26.127289,44.444925
2022-12-19 16:00:00,2022-12-19 17:00:00,36.69,27.6477495,54.27,-1.9,86.0,3.6,1043.3,26.127289,44.444925
2022-12-19 17:00:00,2022-12-19 18:00:00,37.09,27.949169500000004,54.52,-2.0,86.0,3.6,1043.6,26.127289,44.444925
2022-12-19 18:00:00,2022-12-19 19:00:00,36.19,27.2709745,47.9,-2.1,84.0,3.6,1043.8,26.127289,44.444925
2022-12-19 19:00:00,2022-12-19 20:00:00,36.06,27.173013000000005,46.96,-2.2,84.0,3.6,1043.9,26.127289,44.444925
2022-12-19 20:00:00,2022-12-19 21:00:00,35.63,26.848986500000002,36.48,-2.6,87.0,3.6,1043.7,26.127289,44.444925
2022-12-19 21:00:00,2022-12-19 22:00:00,36.1,27.203155000000002,47.16,-2.0,86.0,0.0,1043.7,26.127289,44.444925
2022-12-19 22:00:00,2022-12-19 23:00:00,37.28,28.092344000000004,42.99,-3.1,89.0,0.0,1043.3,26.127289,44.444925
2022-12-19 23:00:00,2022-12-20 00:00:00,38.88,29.298024000000005,42.49,-3.6,94.0,0.0,1043.0,26.127289,44.444925
2022-12-20 00:00:00,2022-12-20 01:00:00,40.54,30.548917000000003,37.26,-3.7,95.0,0.0,1042.5,26.127289,44.444925
2022-12-20 01:00:00,2022-12-20 02:00:00,40.31,30.375600500000004,34.32,-4.1,96.0,0.0,1042.5,26.127289,44.444925
2022-12-20 02:00:00,2022-12-20 03:00:00,40.58,30.579059,37.63,-4.5,97.0,3.6,1041.9,26.127289,44.444925
2022-12-20 03:00:00,2022-12-20 04:00:00,41.89,31.566209500000003,43.59,-4.8,97.0,3.6,1041.1,26.127289,44.444925
2022-12-20 04:00:00,2022-12-20 05:00:00,37.78,28.469119000000003,40.02,-4.8,97.0,3.6,1040.7,26.127289,44.444925
2022-12-20 05:00:00,2022-12-20 06:00:00,42.5,32.025875,46.98,-4.8,97.0,3.6,1040.3,26.127289,44.444925
2022-12-20 06:00:00,2022-12-20 07:00:00,45.25,34.0981375,50.93,-4.9,97.0,3.6,1040.3,26.127289,44.444925
2022-12-20 07:00:00,2022-12-20 08:00:00,44.9,33.834395,56.53,-4.2,97.0,3.6,1040.1,26.127289,44.444925
2022-12-20 08:00:00,2022-12-20 09:00:00,45.35,34.1734925,51.07,-2.6,94.0,3.6,1039.9,26.127289,44.444925
2022-12-20 09:00:00,2022-12-20 10:00:00,44.57,33.5857235,50.97,-0.2,80.0,3.6,1039.3,26.127289,44.444925
2022-12-20 10:00:00,2022-12-20 11:00:00,45.11,33.9926405,46.07,0.6,74.0,3.6,1038.5,26.127289,44.444925
2022-12-20 11:00:00,2022-12-20 12:00:00,46.69,35.1832495,38.48,1.7,69.0,7.2,1037.4,26.127289,44.444925
2022-12-20 12:00:00,2022-12-20 13:00:00,43.49,32.7718895,38.93,1.7,68.0,7.2,1036.5,26.127289,44.444925
2022-12-20 13:00:00,2022-12-20 14:00:00,42.17,31.777203500000002,43.41,1.4,72.0,3.6,1035.7,26.127289,44.444925
2022-12-20 15:00:00,2022-12-20 16:00:00,44.35,33.419942500000005,62.17,0.1,81.0,3.6,1034.5,26.127289,44.444925
2022-12-20 16:00:00,2022-12-20 17:00:00,47.79,36.0121545,67.59,-1.1,88.0,3.6,1034.1,26.127289,44.444925
2022-12-20 17:00:00,2022-12-20 18:00:00,42.37,31.9279135,61.72,-1.8,92.0,3.6,1033.8,26.127289,44.444925
2022-12-20 18:00:00,2022-12-20 19:00:00,41.06,30.940763000000004,63.94,-1.7,91.0,3.6,1033.2,26.127289,44.444925
2022-12-20 19:00:00,2022-12-20 20:00:00,40.77,30.722233500000005,65.2,-1.8,91.0,3.6,1032.8,26.127289,44.444925
2022-12-20 20:00:00,2022-12-20 21:00:00,40.54,30.548917000000003,59.36,-1.7,91.0,3.6,1032.0,26.127289,44.444925
2022-12-20 21:00:00,2022-12-20 22:00:00,39.46,29.735083000000003,54.16,-1.9,90.0,3.6,1031.6,26.127289,44.444925
2022-12-20 22:00:00,2022-12-20 23:00:00,41.39,31.189434500000004,42.09,-2.4,94.0,3.6,1030.9,26.127289,44.444925
2022-12-20 23:00:00,2022-12-21 00:00:00,39.22,29.554231,29.53,-2.7,95.0,7.2,1030.5,26.127289,44.444925
2022-12-21 00:00:00,2022-12-21 01:00:00,41.27,31.099008500000004,19.78,-3.2,96.0,10.8,1029.9,26.127289,44.444925
2022-12-21 01:00:00,2022-12-21 02:00:00,38.43,28.9589265,16.22,-3.4,99.0,7.2,1029.7,26.127289,44.444925
2022-12-21 02:00:00,2022-12-21 03:00:00,34.46,25.967333000000004,15.73,-3.4,99.0,7.2,1028.9,26.127289,44.444925
2022-12-21 03:00:00,2022-12-21 04:00:00,33.99,25.613164500000003,15.48,-3.3,99.0,7.2,1028.2,26.127289,44.444925
2022-12-21 04:00:00,2022-12-21 05:00:00,35.19,26.5174245,17.65,-3.3,99.0,10.8,1027.5,26.127289,44.444925
2022-12-21 05:00:00,2022-12-21 06:00:00,32.95,24.829472500000005,23.63,-3.1,98.0,7.2,1027.1,26.127289,44.444925
