start,end,pm10,pm2_5,no2,latitude,longitude
2022-01-02 00:00:00,2022-01-02 01:00:00,46.48,42.36,30.2,44.4264,26.1406
2022-01-02 01:00:00,2022-01-02 02:00:00,33.5,30.73,18.84,44.4264,26.1406
2022-01-02 02:00:00,2022-01-02 03:00:00,19.34,17.39,16.96,44.4264,26.1406
2022-01-02 03:00:00,2022-01-02 04:00:00,14.99,12.92,14.68,44.4264,26.1406
2022-01-02 04:00:00,2022-01-02 05:00:00,16.07,13.79,17.5,44.4264,26.1406
2022-01-02 05:00:00,2022-01-02 06:00:00,18.31,15.59,29.27,44.4264,26.1406
2022-01-02 06:00:00,2022-01-02 07:00:00,20.72,17.65,29.78,44.4264,26.1406
2022-01-02 07:00:00,2022-01-02 08:00:00,22.32,19.13,29.18,44.4264,26.1406
2022-01-02 08:00:00,2022-01-02 09:00:00,17.46,14.33,19.88,44.4264,26.1406
2022-01-02 09:00:00,2022-01-02 10:00:00,12.01,10.13,17.09,44.4264,26.1406
2022-01-02 10:00:00,2022-01-02 11:00:00,15.96,13.99,11.3,44.4264,26.1406
2022-01-02 11:00:00,2022-01-02 12:00:00,17.17,13.53,13.83,44.4264,26.1406
2022-01-02 12:00:00,2022-01-02 13:00:00,18.77,14.09,18.77,44.4264,26.1406
2022-01-02 13:00:00,2022-01-02 14:00:00,19.99,13.09,19.55,44.4264,26.1406
2022-01-02 14:00:00,2022-01-02 15:00:00,19.28,10.73,24.51,44.4264,26.1406
2022-01-02 15:00:00,2022-01-02 16:00:00,21.31,12.68,27.21,44.4264,26.1406
2022-01-02 16:00:00,2022-01-02 17:00:00,21.81,13.04,27.01,44.4264,26.1406
2022-01-02 17:00:00,2022-01-02 18:00:00,19.84,13.6,25.88,44.4264,26.1406
2022-01-02 18:00:00,2022-01-02 19:00:00,18.23,15.16,21.54,44.4264,26.1406
2022-01-02 19:00:00,2022-01-02 20:00:00,18.2,15.52,19.43,44.4264,26.1406
2022-01-02 20:00:00,2022-01-02 21:00:00,22.01,20.15,28.42,44.4264,26.1406
2022-01-02 21:00:00,2022-01-02 22:00:00,22.11,18.26,34.8,44.4264,26.1406
2022-01-02 22:00:00,2022-01-02 23:00:00,21.76,17.34,14.47,44.4264,26.1406
2022-01-02 23:00:00,2022-01-03 00:00:00,19.37,14.88,10.2,44.4264,26.1406
2022-01-03 01:00:00,2022-01-03 02:00:00,12.33,9.14,8.72,44.4264,26.1406
2022-01-03 02:00:00,2022-01-03 03:00:00,9.21,7.41,8.01,44.4264,26.1406
2022-01-03 03:00:00,2022-01-03 04:00:00,8.8,6.69,7.08,44.4264,26.1406
2022-01-03 04:00:00,2022-01-03 05:00:00,12.74,10.63,8.18,44.4264,26.1406
2022-01-03 05:00:00,2022-01-03 06:00:00,12.34,10.37,11.81,44.4264,26.1406
2022-01-03 06:00:00,2022-01-03 07:00:00,10.87,8.33,15.66,44.4264,26.1406
2022-01-03 07:00:00,2022-01-03 08:00:00,13.17,10.0,19.13,44.4264,26.1406
2022-01-03 08:00:00,2022-01-03 09:00:00,14.43,10.94,15.09,44.4264,26.1406
2022-01-03 09:00:00,2022-01-03 10:00:00,13.04,9.76,13.77,44.4264,26.1406
2022-01-03 10:00:00,2022-01-03 11:00:00,16.73,13.73,12.03,44.4264,26.1406
2022-01-03 11:00:00,2022-01-03 12:00:00,20.44,18.26,14.2,44.4264,26.1406
2022-01-03 12:00:00,2022-01-03 13:00:00,19.16,15.66,14.3,44.4264,26.1406
2022-01-03 13:00:00,2022-01-03 14:00:00,25.07,20.39,14.37,44.4264,26.1406
2022-01-03 14:00:00,2022-01-03 15:00:00,20.98,15.9,21.57,44.4264,26.1406
2022-01-03 15:00:00,2022-01-03 16:00:00,21.7,15.03,28.13,44.4264,26.1406
2022-01-03 16:00:00,2022-01-03 17:00:00,23.79,16.41,35.67,44.4264,26.1406
2022-01-03 17:00:00,2022-01-03 18:00:00,24.16,16.48,20.05,44.4264,26.1406
2022-01-03 18:00:00,2022-01-03 19:00:00,17.71,11.32,18.56,44.4264,26.1406
2022-01-03 19:00:00,2022-01-03 20:00:00,15.01,9.45,15.68,44.4264,26.1406
2022-01-03 20:00:00,2022-01-03 21:00:00,11.84,7.65,13.75,44.4264,26.1406
2022-01-03 21:00:00,2022-01-03 22:00:00,8.53,6.09,10.65,44.4264,26.1406
2022-01-03 22:00:00,2022-01-03 23:00:00,7.49,3.31,6.5,44.4264,26.1406
2022-01-03 23:00:00,2022-01-04 00:00:00,7.97,4.88,11.43,44.4264,26.1406
2022-01-04 00:00:00,2022-01-04 01:00:00,9.19,6.6,10.01,44.4264,26.1406
2022-01-04 02:00:00,2022-01-04 03:00:00,11.99,10.28,12.27,44.4264,26.1406
2022-01-04 03:00:00,2022-01-04 04:00:00,10.52,9.9,14.4,44.4264,26.1406
2022-01-04 04:00:00,2022-01-04 05:00:00,11.84,9.47,27.85,44.4264,26.1406
2022-01-04 05:00:00,2022-01-04 06:00:00,15.77,9.99,41.28,44.4264,26.1406
2022-01-04 06:00:00,2022-01-04 07:00:00,23.41,11.75,44.63,44.4264,26.1406
2022-01-04 07:00:00,2022-01-04 08:00:00,21.17,12.12,35.12,44.4264,26.1406
2022-01-04 08:00:00,2022-01-04 09:00:00,20.05,11.36,35.2,44.4264,26.1406
2022-01-04 09:00:00,2022-01-04 10:00:00,33.99,17.3,31.4,44.4264,26.1406
2022-01-04 10:00:00,2022-01-04 11:00:00,31.3,20.01,17.14,44.4264,26.1406
2022-01-04 11:00:00,2022-01-04 12:00:00,23.49,16.19,12.79,44.4264,26.1406
2022-01-04 12:00:00,2022-01-04 13:00:00,22.57,16.11,12.05,44.4264,26.1406
2022-01-04 13:00:00,2022-01-04 14:00:00,22.48,13.89,12.57,44.4264,26.1406
2022-01-04 14:00:00,2022-01-04 15:00:00,20.07,13.18,17.46,44.4264,26.1406
2022-01-04 15:00:00,2022-01-04 16:00:00,18.78,10.72,30.48,44.4264,26.1406
2022-01-04 16:00:00,2022-01-04 17:00:00,23.37,11.55,36.55,44.4264,26.1406
2022-01-04 17:00:00,2022-01-04 18:00:00,27.69,18.96,33.19,44.4264,26.1406
2022-01-04 18:00:00,2022-01-04 19:00:00,23.6,16.8,32.91,44.4264,26.1406
2022-01-04 19:00:00,2022-01-04 20:00:00,20.65,14.74,28.5,44.4264,26.1406
2022-01-04 20:00:00,2022-01-04 21:00:00,18.4,12.84,30.67,44.4264,26.1406
2022-01-04 21:00:00,2022-01-04 22:00:00,20.29,14.56,27.17,44.4264,26.1406
2022-01-04 22:00:00,2022-01-04 23:00:00,34.55,29.68,43.98,44.4264,26.1406
2022-01-04 23:00:00,2022-01-05 00:00:00,41.65,36.06,38.73,44.4264,26.1406
2022-01-05 00:00:00,2022-01-05 01:00:00,37.68,32.77,23.98,44.4264,26.1406
2022-01-05 01:00:00,2022-01-05 02:00:00,35.15,31.77,24.04,44.4264,26.1406
2022-01-05 03:00:00,2022-01-05 04:00:00,25.08,21.75,22.62,44.4264,26.1406
2022-01-05 04:00:00,2022-01-05 05:00:00,27.18,24.72,17.31,44.4264,26.1406
2022-01-05 05:00:00,2022-01-05 06:00:00,29.47,26.6,22.12,44.4264,26.1406
2022-01-05 06:00:00,2022-01-05 07:00:00,24.74,21.0,24.32,44.4264,26.1406
2022-01-05 07:00:00,2022-01-05 08:00:00,25.9,21.88,24.12,44.4264,26.1406
2022-01-05 08:00:00,2022-01-05 09:00:00,24.42,19.51,17.88,44.4264,26.1406
2022-01-05 09:00:00,2022-01-05 10:00:00,27.61,21.04,16.33,44.4264,26.1406
2022-01-05 10:00:00,2022-01-05 11:00:00,29.89,22.38,15.05,44.4264,26.1406
2022-01-05 11:00:00,2022-01-05 12:00:00,27.2,20.34,11.53,44.4264,26.1406
2022-01-05 12:00:00,2022-01-05 13:00:00,24.11,18.03,12.9,44.4264,26.1406
2022-01-05 13:00:00,2022-01-05 14:00:00,19.15,12.22,12.44,44.4264,26.1406
2022-01-05 14:00:00,2022-01-05 15:00:00,21.87,15.17,12.35,44.4264,26.1406
2022-01-05 15:00:00,2022-01-05 16:00:00,19.1,12.45,20.68,44.4264,26.1406
2022-01-05 16:00:00,2022-01-05 17:00:00,24.14,15.23,31.47,44.4264,26.1406
2022-01-05 17:00:00,2022-01-05 18:00:00,27.92,18.38,46.73,44.4264,26.1406
2022-01-05 18:00:00,2022-01-05 19:00:00,43.5,28.65,53.39,44.4264,26.1406
2022-01-05 19:00:00,2022-01-05 20:00:00,45.67,32.12,57.0,44.4264,26.1406
2022-01-05 20:00:00,2022-01-05 21:00:00,53.53,38.76,52.39,44.4264,26.1406
2022-01-05 21:00:00,2022-01-05 22:00:00,79.87,68.9,50.03,44.4264,26.1406
2022-01-05 22:00:00,2022-01-05 23:00:00,69.46,61.21,45.68,44.4264,26.1406
2022-01-05 23:00:00,2022-01-06 00:00:00,65.57,57.76,41.42,44.4264,26.1406
2022-01-06 00:00:00,2022-01-06 01:00:00,48.65,42.14,39.91,44.4264,26.1406
2022-01-06 01:00:00,2022-01-06 02:00:00,48.59,42.81,38.49,44.4264,26.1406
2022-01-06 02:00:00,2022-01-06 03:00:00,40.86,36.69,36.11,44.4264,26.1406
2022-01-06 04:00:00,2022-01-06 05:00:00,41.74,36.38,36.88,44.4264,26.1406
2022-01-06 05:00:00,2022-01-06 06:00:00,40.94,34.81,38.41,44.4264,26.1406
2022-01-06 06:00:00,2022-01-06 07:00:00,39.62,32.75,44.05,44.4264,26.1406
2022-01-06 07:00:00,2022-01-06 08:00:00,33.53,28.92,44.03,44.4264,26.1406
2022-01-06 08:00:00,2022-01-06 09:00:00,39.27,34.31,36.59,44.4264,26.1406
2022-01-06 09:00:00,2022-01-06 10:00:00,36.9,30.83,23.41,44.4264,26.1406
2022-01-06 10:00:00,2022-01-06 11:00:00,32.36,25.0,17.47,44.4264,26.1406
2022-01-06 11:00:00,2022-01-06 12:00:00,24.82,17.19,11.3,44.4264,26.1406
2022-01-06 12:00:00,2022-01-06 13:00:00,22.0,14.57,11.83,44.4264,26.1406
2022-01-06 13:00:00,2022-01-06 14:00:00,21.89,14.5,13.83,44.4264,26.1406
2022-01-06 14:00:00,2022-01-06 15:00:00,26.29,16.15,19.51,44.4264,26.1406
2022-01-06 15:00:00,2022-01-06 16:00:00,26.94,17.39,18.18,44.4264,26.1406
2022-01-06 16:00:00,2022-01-06 17:00:00,26.9,18.15,22.14,44.4264,26.1406
2022-01-06 17:00:00,2022-01-06 18:00:00,29.68,22.07,20.2,44.4264,26.1406
2022-01-06 18:00:00,2022-01-06 19:00:00,28.58,21.78,17.25,44.4264,26.1406
2022-01-06 19:00:00,2022-01-06 20:00:00,21.53,15.26,14.48,44.4264,26.1406
2022-01-06 20:00:00,2022-01-06 21:00:00,16.32,13.3,13.78,44.4264,26.1406
2022-01-06 21:00:00,2022-01-06 22:00:00,12.04,9.14,11.29,44.4264,26.1406
2022-01-06 22:00:00,2022-01-06 23:00:00,11.02,8.37,8.68,44.4264,26.1406
2022-01-06 23:00:00,2022-01-07 00:00:00,4.93,3.32,7.66,44.4264,26.1406
2022-01-07 00:00:00,2022-01-07 01:00:00,5.38,3.61,8.83,44.4264,26.1406
2022-01-07 01:00:00,2022-01-07 02:00:00,9.42,7.34,9.21,44.4264,26.1406
2022-01-07 02:00:00,2022-01-07 03:00:00,10.3,8.54,7.85,44.4264,26.1406
2022-01-07 03:00:00,2022-01-07 04:00:00,9.51,7.88,9.88,44.4264,26.1406
2022-01-07 05:00:00,2022-01-07 06:00:00,12.61,10.91,23.09,44.4264,26.1406
2022-01-07 06:00:00,2022-01-07 07:00:00,13.39,9.74,29.68,44.4264,26.1406
2022-01-07 07:00:00,2022-01-07 08:00:00,19.67,11.38,35.31,44.4264,26.1406
2022-01-07 08:00:00,2022-01-07 09:00:00,30.84,16.95,34.67,44.4264,26.1406
2022-01-07 09:00:00,2022-01-07 10:00:00,27.26,16.26,29.69,44.4264,26.1406
2022-01-07 10:00:00,2022-01-07 11:00:00,21.47,14.26,17.85,44.4264,26.1406
2022-01-07 11:00:00,2022-01-07 12:00:00,10.94,7.61,15.61,44.4264,26.1406
2022-01-07 12:00:00,2022-01-07 13:00:00,6.55,3.9,17.97,44.4264,26.1406
2022-01-07 13:00:00,2022-01-07 14:00:00,9.57,6.24,22.82,44.4264,26.1406
2022-01-07 14:00:00,2022-01-07 15:00:00,10.8,6.06,19.7,44.4264,26.1406
2022-01-07 15:00:00,2022-01-07 16:00:00,15.19,9.1,19.69,44.4264,26.1406
2022-01-07 16:00:00,2022-01-07 17:00:00,14.76,8.29,21.41,44.4264,26.1406
2022-01-07 17:00:00,2022-01-07 18:00:00,18.55,11.69,18.12,44.4264,26.1406
2022-01-07 18:00:00,2022-01-07 19:00:00,17.58,11.81,16.0,44.4264,26.1406
2022-01-07 19:00:00,2022-01-07 20:00:00,15.6,9.83,16.44,44.4264,26.1406
2022-01-07 20:00:00,2022-01-07 21:00:00,13.54,7.78,14.59,44.4264,26.1406
2022-01-07 21:00:00,2022-01-07 22:00:00,14.67,9.87,13.25,44.4264,26.1406
2022-01-07 22:00:00,2022-01-07 23:00:00,14.45,10.29,10.79,44.4264,26.1406
2022-01-07 23:00:00,2022-01-08 00:00:00,14.05,9.99,10.21,44.4264,26.1406
2022-01-08 00:00:00,2022-01-08 01:00:00,13.31,10.11,8.93,44.4264,26.1406
2022-01-08 01:00:00,2022-01-08 02:00:00,13.78,10.45,7.37,44.4264,26.1406
2022-01-08 02:00:00,2022-01-08 03:00:00,12.58,9.83,7.09,44.4264,26.1406
2022-01-08 03:00:00,2022-01-08 04:00:00,16.74,12.91,8.28,44.4264,26.1406
2022-01-08 04:00:00,2022-01-08 05:00:00,13.0,10.35,8.73,44.4264,26.1406
2022-01-08 06:00:00,2022-01-08 07:00:00,10.45,8.16,15.84,44.4264,26.1406
2022-01-08 07:00:00,2022-01-08 08:00:00,8.58,7.13,18.47,44.4264,26.1406
2022-01-08 08:00:00,2022-01-08 09:00:00,9.01,7.39,20.79,44.4264,26.1406
2022-01-08 09:00:00,2022-01-08 10:00:00,8.59,6.58,20.72,44.4264,26.1406
2022-01-08 10:00:00,2022-01-08 11:00:00,14.64,11.57,20.58,44.4264,26.1406
2022-01-08 11:00:00,2022-01-08 12:00:00,16.04,12.82,18.6,44.4264,26.1406
2022-01-08 12:00:00,2022-01-08 13:00:00,17.8,15.56,17.92,44.4264,26.1406
2022-01-08 13:00:00,2022-01-08 14:00:00,12.85,10.75,21.5,44.4264,26.1406
2022-01-08 14:00:00,2022-01-08 15:00:00,13.57,11.23,20.41,44.4264,26.1406
2022-01-08 15:00:00,2022-01-08 16:00:00,13.41,11.38,20.13,44.4264,26.1406
2022-01-08 16:00:00,2022-01-08 17:00:00,15.41,14.28,15.63,44.4264,26.1406
2022-01-08 17:00:00,2022-01-08 18:00:00,12.89,11.62,20.35,44.4264,26.1406
2022-01-08 18:00:00,2022-01-08 19:00:00,13.46,12.56,24.68,44.4264,26.1406
2022-01-08 19:00:00,2022-01-08 20:00:00,14.85,14.36,20.3,44.4264,26.1406
2022-01-08 20:00:00,2022-01-08 21:00:00,10.17,9.04,17.28,44.4264,26.1406
2022-01-08 21:00:00,2022-01-08 22:00:00,8.61,6.29,16.54,44.4264,26.1406
2022-01-08 22:00:00,2022-01-08 23:00:00,9.15,7.47,15.8,44.4264,26.1406
2022-01-08 23:00:00,2022-01-09 00:00:00,9.32,7.22,13.63,44.4264,26.1406
2022-01-09 00:00:00,2022-01-09 01:00:00,5.02,2.54,12.74,44.4264,26.1406
2022-01-09 01:00:00,2022-01-09 02:00:00,3.88,1.21,13.57,44.4264,26.1406
2022-01-09 02:00:00,2022-01-09 03:00:00,5.81,3.24,13.2,44.4264,26.1406
2022-01-09 03:00:00,2022-01-09 04:00:00,3.85,0.63,13.89,44.4264,26.1406
2022-01-09 04:00:00,2022-01-09 05:00:00,7.38,5.37,13.14,44.4264,26.1406
2022-01-09 05:00:00,2022-01-09 06:00:00,7.02,4.26,17.68,44.4264,26.1406
2022-01-09 07:00:00,2022-01-09 08:00:00,9.73,6.51,15.0,44.4264,26.1406
2022-01-09 08:00:00,2022-01-09 09:00:00,6.71,3.77,13.03,44.4264,26.1406
2022-01-09 09:00:00,2022-01-09 10:00:00,7.49,3.85,13.5,44.4264,26.1406
2022-01-09 10:00:00,2022-01-09 11:00:00,8.59,5.57,15.29,44.4264,26.1406
2022-01-09 11:00:00,2022-01-09 12:00:00,10.36,8.1,12.43,44.4264,26.1406
2022-01-09 12:00:00,2022-01-09 13:00:00,14.0,11.83,10.22,44.4264,26.1406
2022-01-09 13:00:00,2022-01-09 14:00:00,13.1,11.15,11.19,44.4264,26.1406
2022-01-09 14:00:00,2022-01-09 15:00:00,13.41,11.65,13.73,44.4264,26.1406
2022-01-09 15:00:00,2022-01-09 16:00:00,14.94,12.41,18.63,44.4264,26.1406
2022-01-09 16:00:00,2022-01-09 17:00:00,19.73,15.45,20.32,44.4264,26.1406
2022-01-09 17:00:00,2022-01-09 18:00:00,18.97,14.97,22.67,44.4264,26.1406
2022-01-09 18:00:00,2022-01-09 19:00:00,16.89,12.54,26.32,44.4264,26.1406
2022-01-09 19:00:00,2022-01-09 20:00:00,16.96,13.13,28.66,44.4264,26.1406
2022-01-09 20:00:00,2022-01-09 21:00:00,11.54,9.58,16.48,44.4264,26.1406
2022-01-09 21:00:00,2022-01-09 22:00:00,12.41,10.94,16.61,44.4264,26.1406
2022-01-09 22:00:00,2022-01-09 23:00:00,13.14,11.65,9.24,44.4264,26.1406
2022-01-09 23:00:00,2022-01-10 00:00:00,13.63,11.31,13.05,44.4264,26.1406
2022-01-10 00:00:00,2022-01-10 01:00:00,20.06,15.39,23.22,44.4264,26.1406
2022-01-10 01:00:00,2022-01-10 02:00:00,23.51,17.14,21.17,44.4264,26.1406
2022-01-10 02:00:00,2022-01-10 03:00:00,23.06,19.64,16.29,44.4264,26.1406
2022-01-10 03:00:00,2022-01-10 04:00:00,16.72,13.32,10.84,44.4264,26.1406
2022-01-10 04:00:00,2022-01-10 05:00:00,13.67,11.69,10.34,44.4264,26.1406
2022-01-10 05:00:00,2022-01-10 06:00:00,11.08,9.51,13.07,44.4264,26.1406
2022-01-10 06:00:00,2022-01-10 07:00:00,7.18,5.58,15.56,44.4264,26.1406
2022-01-10 08:00:00,2022-01-10 09:00:00,6.28,3.43,16.47,44.4264,26.1406
2022-01-10 09:00:00,2022-01-10 10:00:00,7.62,5.2,14.01,44.4264,26.1406
2022-01-10 10:00:00,2022-01-10 11:00:00,8.09,5.45,14.35,44.4264,26.1406
2022-01-10 11:00:00,2022-01-10 12:00:00,9.82,7.08,13.72,44.4264,26.1406
2022-01-10 12:00:00,2022-01-10 13:00:00,9.16,5.9,14.12,44.4264,26.1406
2022-01-10 13:00:00,2022-01-10 14:00:00,14.64,10.53,14.82,44.4264,26.1406
2022-01-10 14:00:00,2022-01-10 15:00:00,14.24,10.01,16.66,44.4264,26.1406
2022-01-10 15:00:00,2022-01-10 16:00:00,11.92,8.71,19.6,44.4264,26.1406
2022-01-10 16:00:00,2022-01-10 17:00:00,12.9,10.48,20.63,44.4264,26.1406
2022-01-10 17:00:00,2022-01-10 18:00:00,12.53,8.76,16.4,44.4264,26.1406
2022-01-10 18:00:00,2022-01-10 19:00:00,13.34,9.35,13.93,44.4264,26.1406
2022-01-10 19:00:00,2022-01-10 20:00:00,18.23,15.04,11.68,44.4264,26.1406
2022-01-10 20:00:00,2022-01-10 21:00:00,18.79,15.23,10.64,44.4264,26.1406
2022-01-10 21:00:00,2022-01-10 22:00:00,18.97,16.05,10.09,44.4264,26.1406
2022-01-10 22:00:00,2022-01-10 23:00:00,19.5,16.95,8.14,44.4264,26.1406
2022-01-10 23:00:00,2022-01-11 00:00:00,22.53,20.67,7.62,44.4264,26.1406
2022-01-11 00:00:00,2022-01-11 01:00:00,22.83,20.27,7.05,44.4264,26.1406
2022-01-11 01:00:00,2022-01-11 02:00:00,18.33,15.85,6.47,44.4264,26.1406
2022-01-11 02:00:00,2022-01-11 03:00:00,17.0,16.17,6.05,44.4264,26.1406
2022-01-11 03:00:00,2022-01-11 04:00:00,15.2,13.5,6.63,44.4264,26.1406
2022-01-11 04:00:00,2022-01-11 05:00:00,16.72,14.9,7.61,44.4264,26.1406
2022-01-11 05:00:00,2022-01-11 06:00:00,20.06,17.58,10.23,44.4264,26.1406
2022-01-11 06:00:00,2022-01-11 07:00:00,24.29,21.64,12.4,44.4264,26.1406
2022-01-11 07:00:00,2022-01-11 08:00:00,21.89,18.66,13.44,44.4264,26.1406
2022-01-11 09:00:00,2022-01-11 10:00:00,15.13,9.13,11.37,44.4264,26.1406
2022-01-11 10:00:00,2022-01-11 11:00:00,19.8,13.7,11.8,44.4264,26.1406
2022-01-11 11:00:00,2022-01-11 12:00:00,13.38,7.14,11.55,44.4264,26.1406
2022-01-11 12:00:00,2022-01-11 13:00:00,14.91,10.25,13.95,44.4264,26.1406
2022-01-11 13:00:00,2022-01-11 14:00:00,16.51,11.25,13.52,44.4264,26.1406
2022-01-11 14:00:00,2022-01-11 15:00:00,19.53,13.55,15.48,44.4264,26.1406
2022-01-11 15:00:00,2022-01-11 16:00:00,22.41,16.27,17.85,44.4264,26.1406
2022-01-11 16:00:00,2022-01-11 17:00:00,19.17,13.41,17.47,44.4264,26.1406
2022-01-11 17:00:00,2022-01-11 18:00:00,19.58,14.45,16.86,44.4264,26.1406
2022-01-11 18:00:00,2022-01-11 19:00:00,16.5,12.48,14.78,44.4264,26.1406
2022-01-11 19:00:00,2022-01-11 20:00:00,16.38,12.59,13.21,44.4264,26.1406
2022-01-11 20:00:00,2022-01-11 21:00:00,17.19,13.45,11.2,44.4264,26.1406
2022-01-11 21:00:00,2022-01-11 22:00:00,15.83,11.68,9.78,44.4264,26.1406
2022-01-11 22:00:00,2022-01-11 23:00:00,12.95,9.98,8.05,44.4264,26.1406
2022-01-11 23:00:00,2022-01-12 00:00:00,12.5,9.88,6.97,44.4264,26.1406
2022-01-12 00:00:00,2022-01-12 01:00:00,10.77,7.52,6.51,44.4264,26.1406
2022-01-12 01:00:00,2022-01-12 02:00:00,11.52,8.59,5.42,44.4264,26.1406
2022-01-12 02:00:00,2022-01-12 03:00:00,9.57,5.75,5.14,44.4264,26.1406
2022-01-12 03:00:00,2022-01-12 04:00:00,11.56,9.87,5.74,44.4264,26.1406
2022-01-12 04:00:00,2022-01-12 05:00:00,10.02,8.03,7.43,44.4264,26.1406
2022-01-12 05:00:00,2022-01-12 06:00:00,8.69,5.47,13.14,44.4264,26.1406
2022-01-12 06:00:00,2022-01-12 07:00:00,12.19,8.24,21.1,44.4264,26.1406
2022-01-12 07:00:00,2022-01-12 08:00:00,17.4,12.29,20.99,44.4264,26.1406
2022-01-12 08:00:00,2022-01-12 09:00:00,18.51,12.89,20.55,44.4264,26.1406
2022-01-12 10:00:00,2022-01-12 11:00:00,15.27,11.29,12.66,44.4264,26.1406
2022-01-12 11:00:00,2022-01-12 12:00:00,17.82,13.53,13.49,44.4264,26.1406
2022-01-12 12:00:00,2022-01-12 13:00:00,20.65,15.34,14.7,44.4264,26.1406
2022-01-12 13:00:00,2022-01-12 14:00:00,21.26,15.91,10.05,44.4264,26.1406
2022-01-12 14:00:00,2022-01-12 15:00:00,19.9,15.78,10.84,44.4264,26.1406
2022-01-12 15:00:00,2022-01-12 16:00:00,18.01,13.06,14.42,44.4264,26.1406
2022-01-12 16:00:00,2022-01-12 17:00:00,21.26,16.24,14.09,44.4264,26.1406
2022-01-12 17:00:00,2022-01-12 18:00:00,22.54,17.88,16.42,44.4264,26.1406
2022-01-12 18:00:00,2022-01-12 19:00:00,20.54,15.83,21.01,44.4264,26.1406
2022-01-12 19:00:00,2022-01-12 20:00:00,25.59,19.04,26.24,44.4264,26.1406
2022-01-12 20:00:00,2022-01-12 21:00:00,26.44,21.26,28.38,44.4264,26.1406
2022-01-12 21:00:00,2022-01-12 22:00:00,28.84,23.47,26.99,44.4264,26.1406
2022-01-12 22:00:00,2022-01-12 23:00:00,26.97,23.08,24.0,44.4264,26.1406
2022-01-12 23:00:00,2022-01-13 00:00:00,22.06,19.21,18.78,44.4264,26.1406
2022-01-13 00:00:00,2022-01-13 01:00:00,19.17,16.62,21.89,44.4264,26.1406
2022-01-13 01:00:00,2022-01-13 02:00:00,24.38,20.25,19.12,44.4264,26.1406
2022-01-13 02:00:00,2022-01-13 03:00:00,19.09,16.02,9.71,44.4264,26.1406
2022-01-13 03:00:00,2022-01-13 04:00:00,22.33,19.5,22.44,44.4264,26.1406
2022-01-13 04:00:00,2022-01-13 05:00:00,25.46,21.3,28.02,44.4264,26.1406
2022-01-13 05:00:00,2022-01-13 06:00:00,31.62,23.48,38.66,44.4264,26.1406
2022-01-13 06:00:00,2022-01-13 07:00:00,43.91,25.06,40.97,44.4264,26.1406
2022-01-13 07:00:00,2022-01-13 08:00:00,45.6,28.18,38.74,44.4264,26.1406
2022-01-13 08:00:00,2022-01-13 09:00:00,39.82,24.76,28.35,44.4264,26.1406
2022-01-13 09:00:00,2022-01-13 10:00:00,31.87,23.17,26.2,44.4264,26.1406
2022-01-13 11:00:00,2022-01-13 12:00:00,31.24,22.83,13.96,44.4264,26.1406
2022-01-13 12:00:00,2022-01-13 13:00:00,23.4,15.18,12.75,44.4264,26.1406
2022-01-13 13:00:00,2022-01-13 14:00:00,20.27,13.92,11.82,44.4264,26.1406
2022-01-13 14:00:00,2022-01-13 15:00:00,26.13,21.11,12.09,44.4264,26.1406
2022-01-13 15:00:00,2022-01-13 16:00:00,24.29,19.52,16.37,44.4264,26.1406
2022-01-13 16:00:00,2022-01-13 17:00:00,30.12,25.03,22.16,44.4264,26.1406
2022-01-13 17:00:00,2022-01-13 18:00:00,31.37,26.95,18.04,44.4264,26.1406
2022-01-13 18:00:00,2022-01-13 19:00:00,30.33,25.88,16.23,44.4264,26.1406
2022-01-13 19:00:00,2022-01-13 20:00:00,35.79,31.65,18.73,44.4264,26.1406
2022-01-13 20:00:00,2022-01-13 21:00:00,31.85,30.08,16.65,44.4264,26.1406
2022-01-13 21:00:00,2022-01-13 22:00:00,31.92,30.04,13.69,44.4264,26.1406
2022-01-13 22:00:00,2022-01-13 23:00:00,30.15,27.53,11.59,44.4264,26.1406
2022-01-13 23:00:00,2022-01-14 00:00:00,31.17,28.74,11.28,44.4264,26.1406
2022-01-14 00:00:00,2022-01-14 01:00:00,33.75,32.31,10.22,44.4264,26.1406
2022-01-14 01:00:00,2022-01-14 02:00:00,37.18,34.83,13.99,44.4264,26.1406
2022-01-14 02:00:00,2022-01-14 03:00:00,35.19,32.15,17.56,44.4264,26.1406
2022-01-14 03:00:00,2022-01-14 04:00:00,34.57,31.43,12.83,44.4264,26.1406
2022-01-14 04:00:00,2022-01-14 05:00:00,32.73,30.59,16.3,44.4264,26.1406
2022-01-14 05:00:00,2022-01-14 06:00:00,35.07,32.02,19.02,44.4264,26.1406
2022-01-14 06:00:00,2022-01-14 07:00:00,38.55,35.26,23.61,44.4264,26.1406
2022-01-14 07:00:00,2022-01-14 08:00:00,38.5,34.86,24.68,44.4264,26.1406
2022-01-14 08:00:00,2022-01-14 09:00:00,40.95,35.57,20.34,44.4264,26.1406
2022-01-14 09:00:00,2022-01-14 10:00:00,40.77,35.7,14.5,44.4264,26.1406
2022-01-14 10:00:00,2022-01-14 11:00:00,34.43,28.63,13.18,44.4264,26.1406
2022-01-14 12:00:00,2022-01-14 13:00:00,29.23,24.43,13.33,44.4264,26.1406
2022-01-14 13:00:00,2022-01-14 14:00:00,26.72,20.26,14.1,44.4264,26.1406
2022-01-14 14:00:00,2022-01-14 15:00:00,24.52,18.14,14.35,44.4264,26.1406
2022-01-14 15:00:00,2022-01-14 16:00:00,26.51,22.31,17.95,44.4264,26.1406
2022-01-14 16:00:00,2022-01-14 17:00:00,19.98,14.77,24.6,44.4264,26.1406
2022-01-14 17:00:00,2022-01-14 18:00:00,24.17,19.71,23.03,44.4264,26.1406
2022-01-14 18:00:00,2022-01-14 19:00:00,27.47,23.02,26.38,44.4264,26.1406
2022-01-14 19:00:00,2022-01-14 20:00:00,25.71,21.96,21.49,44.4264,26.1406
2022-01-14 20:00:00,2022-01-14 21:00:00,20.1,16.31,22.56,44.4264,26.1406
2022-01-14 21:00:00,2022-01-14 22:00:00,21.83,18.87,23.29,44.4264,26.1406
2022-01-14 22:00:00,2022-01-14 23:00:00,27.64,25.24,34.95,44.4264,26.1406
2022-01-14 23:00:00,2022-01-15 00:00:00,35.05,29.28,42.86,44.4264,26.1406
2022-01-15 00:00:00,2022-01-15 01:00:00,31.26,26.82,38.54,44.4264,26.1406
2022-01-15 01:00:00,2022-01-15 02:00:00,25.36,21.37,38.74,44.4264,26.1406
2022-01-15 02:00:00,2022-01-15 03:00:00,17.87,15.06,35.56,44.4264,26.1406
2022-01-15 03:00:00,2022-01-15 04:00:00,18.71,15.63,26.06,44.4264,26.1406
2022-01-15 04:00:00,2022-01-15 05:00:00,27.03,24.96,27.58,44.4264,26.1406
2022-01-15 05:00:00,2022-01-15 06:00:00,25.07,23.19,30.04,44.4264,26.1406
2022-01-15 06:00:00,2022-01-15 07:00:00,24.45,21.09,23.13,44.4264,26.1406
2022-01-15 07:00:00,2022-01-15 08:00:00,22.35,19.6,20.41,44.4264,26.1406
2022-01-15 08:00:00,2022-01-15 09:00:00,24.37,21.35,27.66,44.4264,26.1406
2022-01-15 09:00:00,2022-01-15 10:00:00,26.93,22.03,17.66,44.4264,26.1406
2022-01-15 10:00:00,2022-01-15 11:00:00,20.54,15.62,10.3,44.4264,26.1406
2022-01-15 11:00:00,2022-01-15 12:00:00,20.96,17.74,8.23,44.4264,26.1406
2022-01-15 13:00:00,2022-01-15 14:00:00,17.77,15.69,5.32,44.4264,26.1406
2022-01-15 14:00:00,2022-01-15 15:00:00,12.66,10.36,5.92,44.4264,26.1406
2022-01-15 15:00:00,2022-01-15 16:00:00,10.89,8.43,8.14,44.4264,26.1406
2022-01-15 16:00:00,2022-01-15 17:00:00,16.22,10.73,28.37,44.4264,26.1406
2022-01-15 17:00:00,2022-01-15 18:00:00,23.69,13.48,29.68,44.4264,26.1406
2022-01-15 18:00:00,2022-01-15 19:00:00,28.35,18.27,50.06,44.4264,26.1406
2022-01-15 19:00:00,2022-01-15 20:00:00,54.35,30.56,63.63,44.4264,26.1406
2022-01-15 20:00:00,2022-01-15 21:00:00,50.52,27.86,71.6,44.4264,26.1406
2022-01-15 21:00:00,2022-01-15 22:00:00,81.6,53.84,56.76,44.4264,26.1406
2022-01-15 22:00:00,2022-01-15 23:00:00,79.41,59.51,68.76,44.4264,26.1406
2022-01-15 23:00:00,2022-01-16 00:00:00,77.45,56.38,58.65,44.4264,26.1406
2022-01-16 00:00:00,2022-01-16 01:00:00,101.4,82.98,70.49,44.4264,26.1406
2022-01-16 01:00:00,2022-01-16 02:00:00,78.57,63.77,64.22,44.4264,26.1406
2022-01-16 02:00:00,2022-01-16 03:00:00,41.05,30.45,50.94,44.4264,26.1406
2022-01-16 03:00:00,2022-01-16 04:00:00,41.62,33.16,44.12,44.4264,26.1406
2022-01-16 04:00:00,2022-01-16 05:00:00,35.16,30.27,39.78,44.4264,26.1406
2022-01-16 05:00:00,2022-01-16 06:00:00,27.58,22.62,27.07,44.4264,26.1406
2022-01-16 06:00:00,2022-01-16 07:00:00,26.34,21.66,27.23,44.4264,26.1406
2022-01-16 07:00:00,2022-01-16 08:00:00,27.9,23.72,23.11,44.4264,26.1406
2022-01-16 08:00:00,2022-01-16 09:00:00,25.79,21.15,20.13,44.4264,26.1406
2022-01-16 09:00:00,2022-01-16 10:00:00,30.34,24.94,20.01,44.4264,26.1406
2022-01-16 10:00:00,2022-01-16 11:00:00,33.36,23.82,15.83,44.4264,26.1406
2022-01-16 11:00:00,2022-01-16 12:00:00,36.23,27.74,13.69,44.4264,26.1406
2022-01-16 12:00:00,2022-01-16 13:00:00,33.55,26.59,11.35,44.4264,26.1406
2022-01-16 14:00:00,2022-01-16 15:00:00,28.84,25.89,10.83,44.4264,26.1406
2022-01-16 15:00:00,2022-01-16 16:00:00,25.39,22.24,13.52,44.4264,26.1406
2022-01-16 16:00:00,2022-01-16 17:00:00,28.69,23.39,27.2,44.4264,26.1406
2022-01-16 17:00:00,2022-01-16 18:00:00,40.16,33.53,31.25,44.4264,26.1406
2022-01-16 18:00:00,2022-01-16 19:00:00,42.61,36.21,31.34,44.4264,26.1406
2022-01-16 19:00:00,2022-01-16 20:00:00,40.39,35.15,26.71,44.4264,26.1406
2022-01-16 20:00:00,2022-01-16 21:00:00,38.97,34.9,24.26,44.4264,26.1406
2022-01-16 21:00:00,2022-01-16 22:00:00,40.24,35.61,31.49,44.4264,26.1406
2022-01-16 22:00:00,2022-01-16 23:00:00,45.45,39.91,27.69,44.4264,26.1406
2022-01-16 23:00:00,2022-01-17 00:00:00,41.26,36.91,16.2,44.4264,26.1406
2022-01-17 00:00:00,2022-01-17 01:00:00,37.21,34.19,13.28,44.4264,26.1406
2022-01-17 01:00:00,2022-01-17 02:00:00,32.76,29.29,15.23,44.4264,26.1406
2022-01-17 02:00:00,2022-01-17 03:00:00,34.5,30.89,16.07,44.4264,26.1406
2022-01-17 03:00:00,2022-01-17 04:00:00,33.6,30.69,15.24,44.4264,26.1406
2022-01-17 04:00:00,2022-01-17 05:00:00,34.06,31.39,14.07,44.4264,26.1406
2022-01-17 05:00:00,2022-01-17 06:00:00,30.33,27.46,19.52,44.4264,26.1406
2022-01-17 06:00:00,2022-01-17 07:00:00,31.41,27.9,26.4,44.4264,26.1406
2022-01-17 07:00:00,2022-01-17 08:00:00,39.95,35.34,24.18,44.4264,26.1406
2022-01-17 08:00:00,2022-01-17 09:00:00,32.61,27.37,16.64,44.4264,26.1406
2022-01-17 09:00:00,2022-01-17 10:00:00,27.98,22.81,15.17,44.4264,26.1406
2022-01-17 10:00:00,2022-01-17 11:00:00,24.14,17.61,13.23,44.4264,26.1406
2022-01-17 11:00:00,2022-01-17 12:00:00,30.41,21.11,10.75,44.4264,26.1406
2022-01-17 12:00:00,2022-01-17 13:00:00,24.25,15.93,12.45,44.4264,26.1406
2022-01-17 13:00:00,2022-01-17 14:00:00,22.06,13.41,12.25,44.4264,26.1406
2022-01-17 15:00:00,2022-01-17 16:00:00,25.25,14.09,14.35,44.4264,26.1406
2022-01-17 16:00:00,2022-01-17 17:00:00,21.99,12.14,15.12,44.4264,26.1406
2022-01-17 17:00:00,2022-01-17 18:00:00,17.69,12.35,14.45,44.4264,26.1406
2022-01-17 18:00:00,2022-01-17 19:00:00,16.44,10.01,12.55,44.4264,26.1406
2022-01-17 19:00:00,2022-01-17 20:00:00,17.43,10.58,11.05,44.4264,26.1406
2022-01-17 20:00:00,2022-01-17 21:00:00,14.3,7.35,9.42,44.4264,26.1406
2022-01-17 21:00:00,2022-01-17 22:00:00,17.47,10.87,8.26,44.4264,26.1406
2022-01-17 22:00:00,2022-01-17 23:00:00,14.98,10.37,6.92,44.4264,26.1406
2022-01-17 23:00:00,2022-01-18 00:00:00,14.4,10.6,6.88,44.4264,26.1406
2022-01-18 00:00:00,2022-01-18 01:00:00,11.22,10.49,6.56,44.4264,26.1406
2022-01-18 01:00:00,2022-01-18 02:00:00,8.97,7.63,6.18,44.4264,26.1406
2022-01-18 02:00:00,2022-01-18 03:00:00,5.25,1.8,6.37,44.4264,26.1406
2022-01-18 03:00:00,2022-01-18 04:00:00,3.34,1.47,6.98,44.4264,26.1406
2022-01-18 04:00:00,2022-01-18 05:00:00,4.69,2.7,11.03,44.4264,26.1406
2022-01-18 05:00:00,2022-01-18 06:00:00,7.75,4.18,27.96,44.4264,26.1406
2022-01-18 06:00:00,2022-01-18 07:00:00,10.07,3.2,36.13,44.4264,26.1406
2022-01-18 07:00:00,2022-01-18 08:00:00,18.31,7.53,38.2,44.4264,26.1406
2022-01-18 08:00:00,2022-01-18 09:00:00,16.96,5.75,22.69,44.4264,26.1406
2022-01-18 09:00:00,2022-01-18 10:00:00,16.16,7.95,7.48,44.4264,26.1406
2022-01-18 10:00:00,2022-01-18 11:00:00,12.27,6.21,6.57,44.4264,26.1406
2022-01-18 11:00:00,2022-01-18 12:00:00,17.24,12.33,8.04,44.4264,26.1406
2022-01-18 12:00:00,2022-01-18 13:00:00,12.64,8.2,7.14,44.4264,26.1406
2022-01-18 13:00:00,2022-01-18 14:00:00,8.28,4.46,5.14,44.4264,26.1406
2022-01-18 14:00:00,2022-01-18 15:00:00,7.08,3.99,4.0,44.4264,26.1406
2022-01-18 16:00:00,2022-01-18 17:00:00,13.26,6.12,11.24,44.4264,26.1406
2022-01-18 17:00:00,2022-01-18 18:00:00,19.11,11.44,16.35,44.4264,26.1406
2022-01-18 18:00:00,2022-01-18 19:00:00,18.67,11.43,17.36,44.4264,26.1406
2022-01-18 19:00:00,2022-01-18 20:00:00,21.63,14.87,21.7,44.4264,26.1406
2022-01-18 20:00:00,2022-01-18 21:00:00,23.74,17.17,16.32,44.4264,26.1406
2022-01-18 21:00:00,2022-01-18 22:00:00,17.3,12.3,17.85,44.4264,26.1406
2022-01-18 22:00:00,2022-01-18 23:00:00,17.25,13.04,14.16,44.4264,26.1406
2022-01-18 23:00:00,2022-01-19 00:00:00,13.09,9.6,11.4,44.4264,26.1406
2022-01-19 00:00:00,2022-01-19 01:00:00,10.54,7.25,11.3,44.4264,26.1406
2022-01-19 01:00:00,2022-01-19 02:00:00,10.11,7.47,14.96,44.4264,26.1406
2022-01-19 02:00:00,2022-01-19 03:00:00,12.22,9.9,12.41,44.4264,26.1406
2022-01-19 03:00:00,2022-01-19 04:00:00,12.59,9.93,15.35,44.4264,26.1406
2022-01-19 04:00:00,2022-01-19 05:00:00,10.78,8.45,18.42,44.4264,26.1406
2022-01-19 05:00:00,2022-01-19 06:00:00,8.55,5.71,31.26,44.4264,26.1406
2022-01-19 06:00:00,2022-01-19 07:00:00,17.94,11.98,51.08,44.4264,26.1406
2022-01-19 07:00:00,2022-01-19 08:00:00,38.58,15.09,69.31,44.4264,26.1406
2022-01-19 08:00:00,2022-01-19 09:00:00,56.24,27.89,44.27,44.4264,26.1406
2022-01-19 09:00:00,2022-01-19 10:00:00,38.54,17.94,27.09,44.4264,26.1406
2022-01-19 10:00:00,2022-01-19 11:00:00,25.59,14.6,13.58,44.4264,26.1406
2022-01-19 11:00:00,2022-01-19 12:00:00,15.44,9.93,8.74,44.4264,26.1406
2022-01-19 12:00:00,2022-01-19 13:00:00,11.53,7.26,8.26,44.4264,26.1406
2022-01-19 13:00:00,2022-01-19 14:00:00,17.63,12.61,7.54,44.4264,26.1406
2022-01-19 14:00:00,2022-01-19 15:00:00,17.56,12.31,10.47,44.4264,26.1406
2022-01-19 15:00:00,2022-01-19 16:00:00,22.96,15.38,18.6,44.4264,26.1406
2022-01-19 17:00:00,2022-01-19 18:00:00,20.23,12.99,32.51,44.4264,26.1406
2022-01-19 18:00:00,2022-01-19 19:00:00,24.16,16.49,31.03,44.4264,26.1406
2022-01-19 19:00:00,2022-01-19 20:00:00,28.7,21.54,27.65,44.4264,26.1406
2022-01-19 20:00:00,2022-01-19 21:00:00,23.36,17.36,29.13,44.4264,26.1406
2022-01-19 21:00:00,2022-01-19 22:00:00,25.94,20.5,25.26,44.4264,26.1406
2022-01-19 22:00:00,2022-01-19 23:00:00,27.2,22.21,17.5,44.4264,26.1406
2022-01-19 23:00:00,2022-01-20 00:00:00,24.24,18.77,14.46,44.4264,26.1406
2022-01-20 00:00:00,2022-01-20 01:00:00,27.53,22.99,13.56,44.4264,26.1406
2022-01-20 01:00:00,2022-01-20 02:00:00,29.69,24.71,14.16,44.4264,26.1406
2022-01-20 02:00:00,2022-01-20 03:00:00,26.07,19.9,15.19,44.4264,26.1406
2022-01-20 03:00:00,2022-01-20 04:00:00,31.03,25.49,14.03,44.4264,26.1406
2022-01-20 04:00:00,2022-01-20 05:00:00,31.46,25.93,15.95,44.4264,26.1406
2022-01-20 05:00:00,2022-01-20 06:00:00,31.6,25.17,19.7,44.4264,26.1406
2022-01-20 06:00:00,2022-01-20 07:00:00,33.36,25.8,25.45,44.4264,26.1406
2022-01-20 07:00:00,2022-01-20 08:00:00,35.61,27.41,27.38,44.4264,26.1406
2022-01-20 08:00:00,2022-01-20 09:00:00,36.66,28.94,19.89,44.4264,26.1406
2022-01-20 09:00:00,2022-01-20 10:00:00,32.32,23.04,13.51,44.4264,26.1406
2022-01-20 10:00:00,2022-01-20 11:00:00,28.96,16.69,13.38,44.4264,26.1406
2022-01-20 11:00:00,2022-01-20 12:00:00,32.7,16.44,9.73,44.4264,26.1406
2022-01-20 12:00:00,2022-01-20 13:00:00,31.71,16.77,11.22,44.4264,26.1406
2022-01-20 13:00:00,2022-01-20 14:00:00,30.12,18.26,12.82,44.4264,26.1406
2022-01-20 14:00:00,2022-01-20 15:00:00,28.88,15.47,11.78,44.4264,26.1406
2022-01-20 15:00:00,2022-01-20 16:00:00,24.89,10.93,14.36,44.4264,26.1406
2022-01-20 16:00:00,2022-01-20 17:00:00,22.46,12.71,17.04,44.4264,26.1406
2022-01-20 18:00:00,2022-01-20 19:00:00,16.44,9.68,18.61,44.4264,26.1406
2022-01-20 19:00:00,2022-01-20 20:00:00,12.14,5.47,17.53,44.4264,26.1406
2022-01-20 20:00:00,2022-01-20 21:00:00,14.55,9.46,17.77,44.4264,26.1406
2022-01-20 21:00:00,2022-01-20 22:00:00,13.71,9.27,20.39,44.4264,26.1406
2022-01-20 22:00:00,2022-01-20 23:00:00,17.52,13.4,16.23,44.4264,26.1406
2022-01-20 23:00:00,2022-01-21 00:00:00,13.46,10.01,10.77,44.4264,26.1406
2022-01-21 00:00:00,2022-01-21 01:00:00,14.36,11.14,10.9,44.4264,26.1406
2022-01-21 01:00:00,2022-01-21 02:00:00,11.71,9.14,11.32,44.4264,26.1406
2022-01-21 02:00:00,2022-01-21 03:00:00,12.9,10.96,14.6,44.4264,26.1406
2022-01-21 03:00:00,2022-01-21 04:00:00,10.89,8.27,13.6,44.4264,26.1406
2022-01-21 04:00:00,2022-01-21 05:00:00,9.93,7.47,16.96,44.4264,26.1406
2022-01-21 05:00:00,2022-01-21 06:00:00,12.55,10.95,16.94,44.4264,26.1406
2022-01-21 06:00:00,2022-01-21 07:00:00,19.6,17.45,20.38,44.4264,26.1406
2022-01-21 07:00:00,2022-01-21 08:00:00,17.08,11.48,32.59,44.4264,26.1406
2022-01-21 08:00:00,2022-01-21 09:00:00,24.65,13.43,31.58,44.4264,26.1406
2022-01-21 09:00:00,2022-01-21 10:00:00,31.0,15.52,29.16,44.4264,26.1406
2022-01-21 10:00:00,2022-01-21 11:00:00,18.97,9.23,12.58,44.4264,26.1406
2022-01-21 11:00:00,2022-01-21 12:00:00,13.97,7.54,11.77,44.4264,26.1406
2022-01-21 12:00:00,2022-01-21 13:00:00,14.32,9.68,6.2,44.4264,26.1406
2022-01-21 13:00:00,2022-01-21 14:00:00,15.26,9.8,8.75,44.4264,26.1406
2022-01-21 14:00:00,2022-01-21 15:00:00,16.05,7.23,12.06,44.4264,26.1406
2022-01-21 15:00:00,2022-01-21 16:00:00,17.73,8.68,12.11,44.4264,26.1406
2022-01-21 16:00:00,2022-01-21 17:00:00,18.01,8.94,16.64,44.4264,26.1406
2022-01-21 17:00:00,2022-01-21 18:00:00,18.01,9.2,17.82,44.4264,26.1406
2022-01-21 19:00:00,2022-01-21 20:00:00,16.47,10.16,30.4,44.4264,26.1406
2022-01-21 20:00:00,2022-01-21 21:00:00,23.16,16.79,18.03,44.4264,26.1406
2022-01-21 21:00:00,2022-01-21 22:00:00,14.19,11.04,12.13,44.4264,26.1406
2022-01-21 22:00:00,2022-01-21 23:00:00,14.23,12.1,16.58,44.4264,26.1406
2022-01-21 23:00:00,2022-01-22 00:00:00,16.39,13.2,24.54,44.4264,26.1406
2022-01-22 00:00:00,2022-01-22 01:00:00,13.5,10.04,13.53,44.4264,26.1406
2022-01-22 01:00:00,2022-01-22 02:00:00,13.57,9.6,15.31,44.4264,26.1406
2022-01-22 02:00:00,2022-01-22 03:00:00,15.49,11.38,17.39,44.4264,26.1406
2022-01-22 03:00:00,2022-01-22 04:00:00,13.86,11.12,13.25,44.4264,26.1406
2022-01-22 04:00:00,2022-01-22 05:00:00,13.83,11.51,18.74,44.4264,26.1406
2022-01-22 05:00:00,2022-01-22 06:00:00,12.96,10.79,26.11,44.4264,26.1406
2022-01-22 06:00:00,2022-01-22 07:00:00,12.34,8.19,23.67,44.4264,26.1406
2022-01-22 07:00:00,2022-01-22 08:00:00,12.96,8.57,25.44,44.4264,26.1406
2022-01-22 08:00:00,2022-01-22 09:00:00,16.54,9.68,20.06,44.4264,26.1406
2022-01-22 09:00:00,2022-01-22 10:00:00,21.58,14.0,15.26,44.4264,26.1406
2022-01-22 10:00:00,2022-01-22 11:00:00,20.24,13.92,9.03,44.4264,26.1406
2022-01-22 11:00:00,2022-01-22 12:00:00,11.99,8.01,5.98,44.4264,26.1406
2022-01-22 12:00:00,2022-01-22 13:00:00,7.79,5.38,4.21,44.4264,26.1406
2022-01-22 13:00:00,2022-01-22 14:00:00,10.23,8.9,3.39,44.4264,26.1406
2022-01-22 14:00:00,2022-01-22 15:00:00,7.71,6.29,5.24,44.4264,26.1406
2022-01-22 15:00:00,2022-01-22 16:00:00,12.25,8.73,6.89,44.4264,26.1406
2022-01-22 16:00:00,2022-01-22 17:00:00,13.79,10.59,17.75,44.4264,26.1406
2022-01-22 17:00:00,2022-01-22 18:00:00,15.64,11.22,29.6,44.4264,26.1406
2022-01-22 18:00:00,2022-01-22 19:00:00,12.45,8.71,25.21,44.4264,26.1406
2022-01-22 20:00:00,2022-01-22 21:00:00,26.89,22.22,31.76,44.4264,26.1406
2022-01-22 21:00:00,2022-01-22 22:00:00,40.88,35.65,25.73,44.4264,26.1406
2022-01-22 22:00:00,2022-01-22 23:00:00,36.6,32.05,24.18,44.4264,26.1406
2022-01-22 23:00:00,2022-01-23 00:00:00,32.72,29.64,19.23,44.4264,26.1406
2022-01-23 00:00:00,2022-01-23 01:00:00,25.66,23.19,16.28,44.4264,26.1406
2022-01-23 01:00:00,2022-01-23 02:00:00,21.19,19.2,16.13,44.4264,26.1406
2022-01-23 02:00:00,2022-01-23 03:00:00,26.43,23.75,16.9,44.4264,26.1406
2022-01-23 03:00:00,2022-01-23 04:00:00,29.62,26.94,17.62,44.4264,26.1406
2022-01-23 04:00:00,2022-01-23 05:00:00,27.48,25.97,19.21,44.4264,26.1406
2022-01-23 05:00:00,2022-01-23 06:00:00,20.91,18.75,23.02,44.4264,26.1406
2022-01-23 06:00:00,2022-01-23 07:00:00,23.07,20.59,20.43,44.4264,26.1406
2022-01-23 07:00:00,2022-01-23 08:00:00,23.93,21.08,25.62,44.4264,26.1406
2022-01-23 08:00:00,2022-01-23 09:00:00,23.33,19.4,26.13,44.4264,26.1406
2022-01-23 09:00:00,2022-01-23 10:00:00,21.6,16.31,25.58,44.4264,26.1406
2022-01-23 10:00:00,2022-01-23 11:00:00,25.3,19.4,24.18,44.4264,26.1406
2022-01-23 11:00:00,2022-01-23 12:00:00,19.83,16.32,13.4,44.4264,26.1406
2022-01-23 12:00:00,2022-01-23 13:00:00,20.24,18.5,11.07,44.4264,26.1406
2022-01-23 13:00:00,2022-01-23 14:00:00,18.21,15.07,7.47,44.4264,26.1406
2022-01-23 14:00:00,2022-01-23 15:00:00,14.14,10.02,6.1,44.4264,26.1406
2022-01-23 15:00:00,2022-01-23 16:00:00,10.5,8.5,8.26,44.4264,26.1406
2022-01-23 16:00:00,2022-01-23 17:00:00,22.71,18.71,33.6,44.4264,26.1406
2022-01-23 17:00:00,2022-01-23 18:00:00,37.22,26.57,55.97,44.4264,26.1406
2022-01-23 18:00:00,2022-01-23 19:00:00,40.39,27.36,36.57,44.4264,26.1406
2022-01-23 19:00:00,2022-01-23 20:00:00,21.92,15.29,30.17,44.4264,26.1406
2022-01-23 21:00:00,2022-01-23 22:00:00,20.63,14.93,13.85,44.4264,26.1406
2022-01-23 22:00:00,2022-01-23 23:00:00,14.12,8.14,13.77,44.4264,26.1406
2022-01-23 23:00:00,2022-01-24 00:00:00,15.19,12.13,11.15,44.4264,26.1406
2022-01-24 00:00:00,2022-01-24 01:00:00,17.98,15.76,8.17,44.4264,26.1406
2022-01-24 01:00:00,2022-01-24 02:00:00,13.47,12.41,11.12,44.4264,26.1406
2022-01-24 02:00:00,2022-01-24 03:00:00,15.13,14.34,15.75,44.4264,26.1406
2022-01-24 03:00:00,2022-01-24 04:00:00,13.96,12.33,18.53,44.4264,26.1406
2022-01-24 04:00:00,2022-01-24 05:00:00,20.22,18.15,22.3,44.4264,26.1406
2022-01-24 05:00:00,2022-01-24 06:00:00,21.74,19.14,24.9,44.4264,26.1406
2022-01-24 06:00:00,2022-01-24 07:00:00,17.6,13.38,20.12,44.4264,26.1406
2022-01-24 07:00:00,2022-01-24 08:00:00,18.79,15.15,23.12,44.4264,26.1406
2022-01-24 08:00:00,2022-01-24 09:00:00,19.04,14.39,14.37,44.4264,26.1406
2022-01-24 09:00:00,2022-01-24 10:00:00,13.36,8.63,7.31,44.4264,26.1406
2022-01-24 10:00:00,2022-01-24 11:00:00,14.87,11.82,6.01,44.4264,26.1406
2022-01-24 11:00:00,2022-01-24 12:00:00,13.2,10.82,5.18,44.4264,26.1406
2022-01-24 12:00:00,2022-01-24 13:00:00,10.59,8.17,5.97,44.4264,26.1406
2022-01-24 13:00:00,2022-01-24 14:00:00,11.99,8.79,5.49,44.4264,26.1406
2022-01-24 14:00:00,2022-01-24 15:00:00,12.96,10.53,5.82,44.4264,26.1406
2022-01-24 15:00:00,2022-01-24 16:00:00,16.21,13.21,11.45,44.4264,26.1406
2022-01-24 16:00:00,2022-01-24 17:00:00,20.44,15.42,20.46,44.4264,26.1406
2022-01-24 17:00:00,2022-01-24 18:00:00,24.47,17.14,24.94,44.4264,26.1406
2022-01-24 18:00:00,2022-01-24 19:00:00,26.37,19.24,18.67,44.4264,26.1406
2022-01-24 19:00:00,2022-01-24 20:00:00,24.67,20.04,21.61,44.4264,26.1406
2022-01-24 20:00:00,2022-01-24 21:00:00,24.08,20.47,28.04,44.4264,26.1406
2022-01-24 22:00:00,2022-01-24 23:00:00,31.85,26.48,33.12,44.4264,26.1406
2022-01-24 23:00:00,2022-01-25 00:00:00,35.24,30.28,25.33,44.4264,26.1406
2022-01-25 00:00:00,2022-01-25 01:00:00,37.05,31.89,17.8,44.4264,26.1406
2022-01-25 01:00:00,2022-01-25 02:00:00,32.25,27.56,16.17,44.4264,26.1406
2022-01-25 02:00:00,2022-01-25 03:00:00,32.4,29.44,15.6,44.4264,26.1406
2022-01-25 03:00:00,2022-01-25 04:00:00,32.58,29.9,19.86,44.4264,26.1406
2022-01-25 04:00:00,2022-01-25 05:00:00,31.8,29.64,23.88,44.4264,26.1406
2022-01-25 05:00:00,2022-01-25 06:00:00,35.82,30.11,38.02,44.4264,26.1406
2022-01-25 06:00:00,2022-01-25 07:00:00,42.54,33.16,31.31,44.4264,26.1406
2022-01-25 07:00:00,2022-01-25 08:00:00,43.69,34.28,35.95,44.4264,26.1406
2022-01-25 08:00:00,2022-01-25 09:00:00,51.4,39.08,36.77,44.4264,26.1406
2022-01-25 09:00:00,2022-01-25 10:00:00,50.45,34.25,34.13,44.4264,26.1406
2022-01-25 10:00:00,2022-01-25 11:00:00,54.37,38.8,29.64,44.4264,26.1406
2022-01-25 11:00:00,2022-01-25 12:00:00,43.6,31.3,23.19,44.4264,26.1406
2022-01-25 12:00:00,2022-01-25 13:00:00,32.28,23.56,17.0,44.4264,26.1406
2022-01-25 13:00:00,2022-01-25 14:00:00,28.64,21.57,12.97,44.4264,26.1406
2022-01-25 14:00:00,2022-01-25 15:00:00,24.61,19.02,11.97,44.4264,26.1406
2022-01-25 15:00:00,2022-01-25 16:00:00,24.38,18.21,15.42,44.4264,26.1406
2022-01-25 16:00:00,2022-01-25 17:00:00,26.41,19.19,34.79,44.4264,26.1406
2022-01-25 17:00:00,2022-01-25 18:00:00,29.0,20.22,42.06,44.4264,26.1406
2022-01-25 18:00:00,2022-01-25 19:00:00,33.62,24.06,43.87,44.4264,26.1406
2022-01-25 19:00:00,2022-01-25 20:00:00,44.15,32.54,46.47,44.4264,26.1406
2022-01-25 20:00:00,2022-01-25 21:00:00,48.88,38.25,47.72,44.4264,26.1406
2022-01-25 21:00:00,2022-01-25 22:00:00,50.22,40.19,46.19,44.4264,26.1406
2022-01-27 00:00:00,2022-01-27 01:00:00,65.78,51.71,51.29,44.4264,26.1406
2022-01-27 01:00:00,2022-01-27 02:00:00,39.97,30.61,37.66,44.4264,26.1406
2022-01-27 02:00:00,2022-01-27 03:00:00,33.7,29.71,31.37,44.4264,26.1406
2022-01-27 03:00:00,2022-01-27 04:00:00,33.21,29.21,30.04,44.4264,26.1406
2022-01-27 04:00:00,2022-01-27 05:00:00,27.28,22.59,29.32,44.4264,26.1406
2022-01-27 05:00:00,2022-01-27 06:00:00,25.75,21.5,32.06,44.4264,26.1406
2022-01-27 06:00:00,2022-01-27 07:00:00,31.26,25.9,39.29,44.4264,26.1406
2022-01-27 07:00:00,2022-01-27 08:00:00,37.42,28.83,34.77,44.4264,26.1406
2022-01-27 08:00:00,2022-01-27 09:00:00,39.83,27.73,28.68,44.4264,26.1406
2022-01-27 09:00:00,2022-01-27 10:00:00,42.68,30.89,29.08,44.4264,26.1406
2022-01-27 10:00:00,2022-01-27 11:00:00,44.0,31.37,22.73,44.4264,26.1406
2022-01-27 11:00:00,2022-01-27 12:00:00,36.92,25.29,20.68,44.4264,26.1406
2022-01-27 12:00:00,2022-01-27 13:00:00,32.33,21.67,15.07,44.4264,26.1406
2022-01-27 13:00:00,2022-01-27 14:00:00,26.76,17.51,12.28,44.4264,26.1406
2022-01-27 14:00:00,2022-01-27 15:00:00,20.05,12.81,11.96,44.4264,26.1406
2022-01-27 15:00:00,2022-01-27 16:00:00,24.34,15.64,21.36,44.4264,26.1406
2022-01-27 16:00:00,2022-01-27 17:00:00,23.62,14.08,28.96,44.4264,26.1406
2022-01-27 17:00:00,2022-01-27 18:00:00,24.62,18.33,25.23,44.4264,26.1406
2022-01-27 18:00:00,2022-01-27 19:00:00,24.64,18.94,23.58,44.4264,26.1406
2022-01-27 19:00:00,2022-01-27 20:00:00,19.1,12.81,21.07,44.4264,26.1406
2022-01-27 20:00:00,2022-01-27 21:00:00,20.55,15.39,20.36,44.4264,26.1406
2022-01-27 21:00:00,2022-01-27 22:00:00,22.93,19.2,18.0,44.4264,26.1406
2022-01-27 22:00:00,2022-01-27 23:00:00,21.32,17.57,15.01,44.4264,26.1406
2022-01-27 23:00:00,2022-01-28 00:00:00,19.89,16.4,14.61,44.4264,26.1406
2022-01-28 01:00:00,2022-01-28 02:00:00,20.81,18.64,13.2,44.4264,26.1406
2022-01-28 02:00:00,2022-01-28 03:00:00,24.48,21.8,15.32,44.4264,26.1406
2022-01-28 03:00:00,2022-01-28 04:00:00,21.55,19.37,12.2,44.4264,26.1406
2022-01-28 04:00:00,2022-01-28 05:00:00,19.42,17.16,16.26,44.4264,26.1406
2022-01-28 05:00:00,2022-01-28 06:00:00,22.47,21.27,29.67,44.4264,26.1406
2022-01-28 06:00:00,2022-01-28 07:00:00,25.02,22.03,35.63,44.4264,26.1406
2022-01-28 07:00:00,2022-01-28 08:00:00,31.41,25.47,34.08,44.4264,26.1406
2022-01-28 08:00:00,2022-01-28 09:00:00,31.83,24.3,26.65,44.4264,26.1406
2022-01-28 09:00:00,2022-01-28 10:00:00,23.1,19.0,21.67,44.4264,26.1406
2022-01-28 11:00:00,2022-01-28 12:00:00,7.95,4.89,14.16,44.4264,26.1406
2022-01-28 12:00:00,2022-01-28 13:00:00,30.59,22.47,10.05,44.4264,26.1406
2022-01-28 13:00:00,2022-01-28 14:00:00,27.77,22.3,11.98,44.4264,26.1406
2022-01-28 14:00:00,2022-01-28 15:00:00,27.9,19.35,22.65,44.4264,26.1406
2022-01-28 15:00:00,2022-01-28 16:00:00,22.16,11.54,15.8,44.4264,26.1406
2022-01-28 16:00:00,2022-01-28 17:00:00,23.34,9.93,10.01,44.4264,26.1406
2022-01-28 17:00:00,2022-01-28 18:00:00,19.9,11.82,14.72,44.4264,26.1406
2022-01-28 18:00:00,2022-01-28 19:00:00,23.54,16.76,16.46,44.4264,26.1406
2022-01-28 19:00:00,2022-01-28 20:00:00,27.62,22.05,14.42,44.4264,26.1406
2022-01-28 20:00:00,2022-01-28 21:00:00,26.55,21.34,31.36,44.4264,26.1406
2022-01-28 21:00:00,2022-01-28 22:00:00,22.23,15.71,21.84,44.4264,26.1406
2022-01-28 22:00:00,2022-01-28 23:00:00,16.7,12.71,20.37,44.4264,26.1406
2022-01-28 23:00:00,2022-01-29 00:00:00,18.96,16.28,14.31,44.4264,26.1406
2022-01-29 00:00:00,2022-01-29 01:00:00,19.06,14.87,12.32,44.4264,26.1406
2022-01-29 02:00:00,2022-01-29 03:00:00,19.22,13.51,18.92,44.4264,26.1406
2022-01-29 03:00:00,2022-01-29 04:00:00,20.36,13.25,21.16,44.4264,26.1406
2022-01-29 04:00:00,2022-01-29 05:00:00,19.83,13.02,26.69,44.4264,26.1406
2022-01-29 05:00:00,2022-01-29 06:00:00,21.7,14.65,31.52,44.4264,26.1406
2022-01-29 06:00:00,2022-01-29 07:00:00,22.56,15.98,36.52,44.4264,26.1406
2022-01-29 07:00:00,2022-01-29 08:00:00,25.21,16.98,34.42,44.4264,26.1406
2022-01-29 08:00:00,2022-01-29 09:00:00,32.57,23.11,29.53,44.4264,26.1406
2022-01-29 09:00:00,2022-01-29 10:00:00,31.87,22.17,33.46,44.4264,26.1406
2022-01-29 10:00:00,2022-01-29 11:00:00,44.77,30.03,36.78,44.4264,26.1406
2022-01-29 11:00:00,2022-01-29 12:00:00,39.44,23.49,25.88,44.4264,26.1406
2022-01-29 12:00:00,2022-01-29 13:00:00,24.21,16.41,16.99,44.4264,26.1406
2022-01-29 13:00:00,2022-01-29 14:00:00,16.39,9.57,12.35,44.4264,26.1406
2022-01-29 14:00:00,2022-01-29 15:00:00,11.53,6.68,10.19,44.4264,26.1406
2022-01-29 15:00:00,2022-01-29 16:00:00,14.67,10.34,12.88,44.4264,26.1406
2022-01-29 16:00:00,2022-01-29 17:00:00,17.82,13.52,24.56,44.4264,26.1406
2022-01-29 17:00:00,2022-01-29 18:00:00,18.18,11.36,45.67,44.4264,26.1406
2022-01-29 18:00:00,2022-01-29 19:00:00,26.27,17.48,36.48,44.4264,26.1406
2022-01-29 19:00:00,2022-01-29 20:00:00,26.79,20.16,26.18,44.4264,26.1406
2022-01-29 20:00:00,2022-01-29 21:00:00,26.68,22.03,25.58,44.4264,26.1406
2022-01-29 21:00:00,2022-01-29 22:00:00,36.71,31.82,34.27,44.4264,26.1406
2022-01-29 22:00:00,2022-01-29 23:00:00,36.41,30.31,39.74,44.4264,26.1406
2022-01-29 23:00:00,2022-01-30 00:00:00,38.62,32.71,38.3,44.4264,26.1406
2022-01-30 00:00:00,2022-01-30 01:00:00,30.2,25.54,24.42,44.4264,26.1406
2022-01-30 01:00:00,2022-01-30 02:00:00,30.66,25.81,21.29,44.4264,26.1406
2022-01-30 03:00:00,2022-01-30 04:00:00,15.2,13.11,14.8,44.4264,26.1406
2022-01-30 04:00:00,2022-01-30 05:00:00,19.34,17.31,15.03,44.4264,26.1406
2022-01-30 05:00:00,2022-01-30 06:00:00,19.01,17.35,14.24,44.4264,26.1406
2022-01-30 06:00:00,2022-01-30 07:00:00,15.46,12.59,13.56,44.4264,26.1406
2022-01-30 07:00:00,2022-01-30 08:00:00,15.9,12.2,14.02,44.4264,26.1406
2022-01-30 08:00:00,2022-01-30 09:00:00,16.87,13.95,14.36,44.4264,26.1406
2022-01-30 09:00:00,2022-01-30 10:00:00,18.12,15.58,13.48,44.4264,26.1406
2022-01-30 10:00:00,2022-01-30 11:00:00,19.27,14.68,8.95,44.4264,26.1406
2022-01-30 11:00:00,2022-01-30 12:00:00,20.71,16.35,8.8,44.4264,26.1406
2022-01-30 12:00:00,2022-01-30 13:00:00,16.42,10.58,6.88,44.4264,26.1406
2022-01-30 13:00:00,2022-01-30 14:00:00,19.45,10.36,7.35,44.4264,26.1406
2022-01-30 14:00:00,2022-01-30 15:00:00,35.23,9.78,7.34,44.4264,26.1406
2022-01-30 15:00:00,2022-01-30 16:00:00,16.65,4.29,8.33,44.4264,26.1406
2022-01-30 16:00:00,2022-01-30 17:00:00,11.75,6.28,10.73,44.4264,26.1406
2022-01-30 17:00:00,2022-01-30 18:00:00,11.11,5.38,13.18,44.4264,26.1406
2022-01-30 18:00:00,2022-01-30 19:00:00,14.41,9.24,10.58,44.4264,26.1406
2022-01-30 19:00:00,2022-01-30 20:00:00,14.59,10.12,9.0,44.4264,26.1406
2022-01-30 20:00:00,2022-01-30 21:00:00,10.83,4.87,7.07,44.4264,26.1406
2022-01-30 21:00:00,2022-01-30 22:00:00,10.95,1.04,8.35,44.4264,26.1406
2022-01-30 22:00:00,2022-01-30 23:00:00,14.0,7.52,7.59,44.4264,26.1406
2022-01-30 23:00:00,2022-01-31 00:00:00,10.67,3.63,6.39,44.4264,26.1406
2022-01-31 00:00:00,2022-01-31 01:00:00,18.85,6.79,6.03,44.4264,26.1406
2022-01-31 01:00:00,2022-01-31 02:00:00,25.71,7.53,5.98,44.4264,26.1406
2022-01-31 02:00:00,2022-01-31 03:00:00,23.42,4.47,5.61,44.4264,26.1406
2022-01-31 04:00:00,2022-01-31 05:00:00,14.69,4.64,6.77,44.4264,26.1406
2022-01-31 05:00:00,2022-01-31 06:00:00,13.78,4.54,21.66,44.4264,26.1406
2022-01-31 06:00:00,2022-01-31 07:00:00,18.97,6.98,25.18,44.4264,26.1406
2022-01-31 07:00:00,2022-01-31 08:00:00,15.51,3.62,24.99,44.4264,26.1406
2022-01-31 08:00:00,2022-01-31 09:00:00,19.25,6.24,17.21,44.4264,26.1406
2022-01-31 09:00:00,2022-01-31 10:00:00,19.81,6.3,11.41,44.4264,26.1406
2022-01-31 10:00:00,2022-01-31 11:00:00,21.09,7.34,10.65,44.4264,26.1406
2022-01-31 11:00:00,2022-01-31 12:00:00,18.99,5.67,7.47,44.4264,26.1406
2022-01-31 12:00:00,2022-01-31 13:00:00,22.11,7.54,7.24,44.4264,26.1406
2022-01-31 13:00:00,2022-01-31 14:00:00,24.44,6.87,8.32,44.4264,26.1406
2022-01-31 14:00:00,2022-01-31 15:00:00,20.76,5.4,10.6,44.4264,26.1406
2022-01-31 15:00:00,2022-01-31 16:00:00,19.32,6.26,17.15,44.4264,26.1406
2022-01-31 16:00:00,2022-01-31 17:00:00,21.31,9.05,22.11,44.4264,26.1406
2022-01-31 17:00:00,2022-01-31 18:00:00,22.79,11.29,21.68,44.4264,26.1406
2022-01-31 18:00:00,2022-01-31 19:00:00,23.38,12.44,24.95,44.4264,26.1406
2022-01-31 19:00:00,2022-01-31 20:00:00,23.54,12.2,22.04,44.4264,26.1406
2022-01-31 20:00:00,2022-01-31 21:00:00,25.18,13.17,28.51,44.4264,26.1406
2022-01-31 21:00:00,2022-01-31 22:00:00,30.15,17.99,25.83,44.4264,26.1406
2022-01-31 22:00:00,2022-01-31 23:00:00,29.64,19.67,27.42,44.4264,26.1406
2022-01-31 23:00:00,2022-02-01 00:00:00,28.87,16.72,24.13,44.4264,26.1406
2022-02-01 00:00:00,2022-02-01 01:00:00,20.63,11.3,14.16,44.4264,26.1406
2022-02-01 01:00:00,2022-02-01 02:00:00,20.97,14.14,21.1,44.4264,26.1406
2022-02-01 02:00:00,2022-02-01 03:00:00,23.9,17.17,32.26,44.4264,26.1406
2022-02-01 03:00:00,2022-02-01 04:00:00,29.36,21.27,43.01,44.4264,26.1406
2022-02-01 05:00:00,2022-02-01 06:00:00,36.44,23.09,45.44,44.4264,26.1406
2022-02-01 06:00:00,2022-02-01 07:00:00,36.42,21.49,45.38,44.4264,26.1406
2022-02-01 07:00:00,2022-02-01 08:00:00,45.71,28.41,42.66,44.4264,26.1406
2022-02-01 08:00:00,2022-02-01 09:00:00,40.9,23.22,39.7,44.4264,26.1406
2022-02-01 09:00:00,2022-02-01 10:00:00,41.16,23.09,32.14,44.4264,26.1406
2022-02-01 10:00:00,2022-02-01 11:00:00,38.08,21.4,26.91,44.4264,26.1406
2022-02-01 11:00:00,2022-02-01 12:00:00,35.65,20.47,21.76,44.4264,26.1406
2022-02-01 12:00:00,2022-02-01 13:00:00,37.2,19.85,17.43,44.4264,26.1406
2022-02-01 13:00:00,2022-02-01 14:00:00,27.96,11.87,15.17,44.4264,26.1406
2022-02-01 14:00:00,2022-02-01 15:00:00,22.39,8.89,19.64,44.4264,26.1406
2022-02-01 15:00:00,2022-02-01 16:00:00,23.81,12.7,24.53,44.4264,26.1406
2022-02-01 16:00:00,2022-02-01 17:00:00,26.67,13.95,32.03,44.4264,26.1406
2022-02-01 17:00:00,2022-02-01 18:00:00,27.83,15.43,41.64,44.4264,26.1406
2022-02-01 18:00:00,2022-02-01 19:00:00,35.47,20.8,51.54,44.4264,26.1406
2022-02-01 19:00:00,2022-02-01 20:00:00,53.06,32.97,54.07,44.4264,26.1406
2022-02-01 20:00:00,2022-02-01 21:00:00,76.75,52.76,50.19,44.4264,26.1406
2022-02-01 21:00:00,2022-02-01 22:00:00,61.01,44.76,46.81,44.4264,26.1406
2022-02-01 22:00:00,2022-02-01 23:00:00,51.8,38.65,49.57,44.4264,26.1406
2022-02-01 23:00:00,2022-02-02 00:00:00,53.58,39.9,49.11,44.4264,26.1406
2022-02-02 00:00:00,2022-02-02 01:00:00,57.31,43.14,44.66,44.4264,26.1406
2022-02-02 01:00:00,2022-02-02 02:00:00,61.56,46.87,47.44,44.4264,26.1406
2022-02-02 02:00:00,2022-02-02 03:00:00,57.25,44.72,44.44,44.4264,26.1406
2022-02-02 03:00:00,2022-02-02 04:00:00,56.44,46.65,34.05,44.4264,26.1406
2022-02-02 04:00:00,2022-02-02 05:00:00,49.05,40.25,17.88,44.4264,26.1406
2022-02-02 06:00:00,2022-02-02 07:00:00,31.28,21.46,28.16,44.4264,26.1406
2022-02-02 07:00:00,2022-02-02 08:00:00,32.19,23.18,26.06,44.4264,26.1406
2022-02-02 08:00:00,2022-02-02 09:00:00,32.73,23.42,23.42,44.4264,26.1406
2022-02-02 09:00:00,2022-02-02 10:00:00,28.17,20.5,17.06,44.4264,26.1406
2022-02-02 10:00:00,2022-02-02 11:00:00,22.89,16.59,13.99,44.4264,26.1406
2022-02-02 11:00:00,2022-02-02 12:00:00,23.63,17.48,11.44,44.4264,26.1406
2022-02-02 12:00:00,2022-02-02 13:00:00,21.89,15.92,11.97,44.4264,26.1406
2022-02-02 13:00:00,2022-02-02 14:00:00,26.18,19.95,13.94,44.4264,26.1406
2022-02-02 14:00:00,2022-02-02 15:00:00,34.24,27.97,16.04,44.4264,26.1406
2022-02-02 15:00:00,2022-02-02 16:00:00,34.72,26.67,16.98,44.4264,26.1406
2022-02-02 16:00:00,2022-02-02 17:00:00,27.82,19.59,26.75,44.4264,26.1406
2022-02-02 17:00:00,2022-02-02 18:00:00,33.48,23.66,33.54,44.4264,26.1406
2022-02-02 18:00:00,2022-02-02 19:00:00,40.99,30.43,35.99,44.4264,26.1406
2022-02-02 19:00:00,2022-02-02 20:00:00,48.3,35.97,45.42,44.4264,26.1406
2022-02-02 20:00:00,2022-02-02 21:00:00,69.99,54.94,33.05,44.4264,26.1406
2022-02-02 21:00:00,2022-02-02 22:00:00,41.15,31.24,26.19,44.4264,26.1406
2022-02-02 22:00:00,2022-02-02 23:00:00,32.86,24.85,32.64,44.4264,26.1406
2022-02-02 23:00:00,2022-02-03 00:00:00,39.41,31.11,32.4,44.4264,26.1406
2022-02-03 00:00:00,2022-02-03 01:00:00,50.0,40.69,39.23,44.4264,26.1406
2022-02-03 01:00:00,2022-02-03 02:00:00,56.08,45.18,39.55,44.4264,26.1406
2022-02-03 02:00:00,2022-02-03 03:00:00,63.79,53.05,37.81,44.4264,26.1406
2022-02-03 03:00:00,2022-02-03 04:00:00,67.43,58.36,36.5,44.4264,26.1406
2022-02-03 04:00:00,2022-02-03 05:00:00,67.37,57.56,40.72,44.4264,26.1406
2022-02-03 05:00:00,2022-02-03 06:00:00,67.35,57.44,39.1,44.4264,26.1406
2022-02-03 07:00:00,2022-02-03 08:00:00,76.43,61.89,37.51,44.4264,26.1406
2022-02-03 08:00:00,2022-02-03 09:00:00,64.37,50.93,36.72,44.4264,26.1406
2022-02-03 09:00:00,2022-02-03 10:00:00,61.01,47.11,32.19,44.4264,26.1406
2022-02-03 10:00:00,2022-02-03 11:00:00,47.06,33.35,24.41,44.4264,26.1406
2022-02-03 11:00:00,2022-02-03 12:00:00,32.05,23.07,17.33,44.4264,26.1406
2022-02-03 12:00:00,2022-02-03 13:00:00,24.93,18.81,13.21,44.4264,26.1406
2022-02-03 13:00:00,2022-02-03 14:00:00,21.57,15.87,17.86,44.4264,26.1406
2022-02-03 14:00:00,2022-02-03 15:00:00,20.9,14.65,17.73,44.4264,26.1406
2022-02-03 15:00:00,2022-02-03 16:00:00,21.24,13.22,31.2,44.4264,26.1406
2022-02-03 16:00:00,2022-02-03 17:00:00,19.48,11.55,26.32,44.4264,26.1406
2022-02-03 17:00:00,2022-02-03 18:00:00,19.28,11.02,30.72,44.4264,26.1406
2022-02-03 18:00:00,2022-02-03 19:00:00,12.28,6.76,22.26,44.4264,26.1406
2022-02-03 19:00:00,2022-02-03 20:00:00,14.43,8.42,27.45,44.4264,26.1406
2022-02-03 20:00:00,2022-02-03 21:00:00,22.51,14.84,40.57,44.4264,26.1406
2022-02-03 21:00:00,2022-02-03 22:00:00,26.84,15.48,39.47,44.4264,26.1406
2022-02-03 22:00:00,2022-02-03 23:00:00,20.72,14.75,17.8,44.4264,26.1406
2022-02-03 23:00:00,2022-02-04 00:00:00,14.92,12.09,13.76,44.4264,26.1406
2022-02-04 00:00:00,2022-02-04 01:00:00,13.9,10.94,20.81,44.4264,26.1406
2022-02-04 01:00:00,2022-02-04 02:00:00,14.52,11.71,32.42,44.4264,26.1406
2022-02-04 02:00:00,2022-02-04 03:00:00,18.98,14.8,26.32,44.4264,26.1406
2022-02-04 03:00:00,2022-02-04 04:00:00,19.51,15.66,47.62,44.4264,26.1406
2022-02-04 04:00:00,2022-02-04 05:00:00,25.53,19.37,48.07,44.4264,26.1406
2022-02-04 05:00:00,2022-02-04 06:00:00,27.79,21.67,46.24,44.4264,26.1406
2022-02-04 06:00:00,2022-02-04 07:00:00,40.01,33.52,45.81,44.4264,26.1406
2022-02-04 08:00:00,2022-02-04 09:00:00,39.31,28.82,42.19,44.4264,26.1406
2022-02-04 09:00:00,2022-02-04 10:00:00,37.44,24.65,33.04,44.4264,26.1406
2022-02-04 10:00:00,2022-02-04 11:00:00,32.03,21.84,18.72,44.4264,26.1406
2022-02-04 11:00:00,2022-02-04 12:00:00,22.77,14.69,12.68,44.4264,26.1406
2022-02-04 12:00:00,2022-02-04 13:00:00,20.18,12.24,9.32,44.4264,26.1406
2022-02-04 13:00:00,2022-02-04 14:00:00,17.76,10.32,8.41,44.4264,26.1406
2022-02-04 14:00:00,2022-02-04 15:00:00,16.3,9.75,10.25,44.4264,26.1406
2022-02-04 15:00:00,2022-02-04 16:00:00,17.76,10.23,12.32,44.4264,26.1406
2022-02-04 16:00:00,2022-02-04 17:00:00,17.19,9.72,30.12,44.4264,26.1406
2022-02-04 17:00:00,2022-02-04 18:00:00,24.28,16.09,35.71,44.4264,26.1406
2022-02-04 18:00:00,2022-02-04 19:00:00,28.37,19.01,35.94,44.4264,26.1406
2022-02-04 19:00:00,2022-02-04 20:00:00,27.86,20.46,28.6,44.4264,26.1406
2022-02-04 20:00:00,2022-02-04 21:00:00,27.8,21.6,28.74,44.4264,26.1406
2022-02-04 21:00:00,2022-02-04 22:00:00,33.02,28.0,31.47,44.4264,26.1406
2022-02-04 22:00:00,2022-02-04 23:00:00,29.34,24.34,36.66,44.4264,26.1406
2022-02-04 23:00:00,2022-02-05 00:00:00,30.45,25.96,28.2,44.4264,26.1406
2022-02-05 00:00:00,2022-02-05 01:00:00,30.25,26.58,33.58,44.4264,26.1406
2022-02-05 01:00:00,2022-02-05 02:00:00,28.87,24.96,35.11,44.4264,26.1406
2022-02-05 02:00:00,2022-02-05 03:00:00,27.72,24.32,25.3,44.4264,26.1406
2022-02-05 03:00:00,2022-02-05 04:00:00,26.6,23.54,16.81,44.4264,26.1406
2022-02-05 04:00:00,2022-02-05 05:00:00,29.29,26.07,29.41,44.4264,26.1406
2022-02-05 05:00:00,2022-02-05 06:00:00,31.3,27.59,32.95,44.4264,26.1406
2022-02-05 06:00:00,2022-02-05 07:00:00,32.19,27.26,38.17,44.4264,26.1406
2022-02-05 07:00:00,2022-02-05 08:00:00,32.74,26.94,42.5,44.4264,26.1406
2022-02-05 09:00:00,2022-02-05 10:00:00,40.08,31.52,23.11,44.4264,26.1406
2022-02-05 10:00:00,2022-02-05 11:00:00,40.19,32.63,16.65,44.4264,26.1406
2022-02-05 11:00:00,2022-02-05 12:00:00,33.87,27.31,12.67,44.4264,26.1406
2022-02-05 12:00:00,2022-02-05 13:00:00,28.73,21.32,10.83,44.4264,26.1406
2022-02-05 13:00:00,2022-02-05 14:00:00,29.7,22.18,10.36,44.4264,26.1406
2022-02-05 14:00:00,2022-02-05 15:00:00,24.94,18.56,11.57,44.4264,26.1406
2022-02-05 15:00:00,2022-02-05 16:00:00,27.51,20.59,13.94,44.4264,26.1406
2022-02-05 16:00:00,2022-02-05 17:00:00,32.43,24.42,28.85,44.4264,26.1406
2022-02-05 17:00:00,2022-02-05 18:00:00,41.24,30.71,29.58,44.4264,26.1406
2022-02-05 18:00:00,2022-02-05 19:00:00,41.17,32.67,32.85,44.4264,26.1406
2022-02-05 19:00:00,2022-02-05 20:00:00,46.95,37.74,34.94,44.4264,26.1406
2022-02-05 20:00:00,2022-02-05 21:00:00,48.63,39.89,32.97,44.4264,26.1406
2022-02-05 21:00:00,2022-02-05 22:00:00,62.06,51.93,31.57,44.4264,26.1406
2022-02-05 22:00:00,2022-02-05 23:00:00,66.13,57.23,25.02,44.4264,26.1406
2022-02-05 23:00:00,2022-02-06 00:00:00,66.31,57.96,29.96,44.4264,26.1406
2022-02-06 00:00:00,2022-02-06 01:00:00,71.29,63.2,33.41,44.4264,26.1406
2022-02-06 01:00:00,2022-02-06 02:00:00,69.48,60.75,41.42,44.4264,26.1406
2022-02-06 02:00:00,2022-02-06 03:00:00,52.2,45.44,24.15,44.4264,26.1406
2022-02-06 03:00:00,2022-02-06 04:00:00,45.94,39.72,16.66,44.4264,26.1406
2022-02-06 04:00:00,2022-02-06 05:00:00,29.09,25.01,18.7,44.4264,26.1406
2022-02-06 05:00:00,2022-02-06 06:00:00,20.52,17.13,18.61,44.4264,26.1406
2022-02-06 06:00:00,2022-02-06 07:00:00,20.81,17.07,23.18,44.4264,26.1406
2022-02-06 07:00:00,2022-02-06 08:00:00,32.45,25.79,28.38,44.4264,26.1406
2022-02-06 08:00:00,2022-02-06 09:00:00,36.03,29.43,21.0,44.4264,26.1406
2022-02-06 10:00:00,2022-02-06 11:00:00,39.0,32.44,18.01,44.4264,26.1406
2022-02-06 11:00:00,2022-02-06 12:00:00,32.75,27.42,12.66,44.4264,26.1406
2022-02-06 12:00:00,2022-02-06 13:00:00,22.51,15.1,8.44,44.4264,26.1406
2022-02-06 13:00:00,2022-02-06 14:00:00,16.22,9.05,8.85,44.4264,26.1406
2022-02-06 14:00:00,2022-02-06 15:00:00,20.72,11.6,10.26,44.4264,26.1406
2022-02-06 15:00:00,2022-02-06 16:00:00,20.36,14.47,12.17,44.4264,26.1406
2022-02-06 16:00:00,2022-02-06 17:00:00,18.41,13.12,17.84,44.4264,26.1406
2022-02-06 17:00:00,2022-02-06 18:00:00,21.73,16.06,20.25,44.4264,26.1406
2022-02-06 18:00:00,2022-02-06 19:00:00,23.43,18.13,26.06,44.4264,26.1406
2022-02-06 19:00:00,2022-02-06 20:00:00,20.51,14.89,23.23,44.4264,26.1406
2022-02-06 20:00:00,2022-02-06 21:00:00,21.4,16.34,28.82,44.4264,26.1406
2022-02-06 21:00:00,2022-02-06 22:00:00,22.47,16.85,25.47,44.4264,26.1406
2022-02-06 22:00:00,2022-02-06 23:00:00,18.1,14.1,17.57,44.4264,26.1406
2022-02-06 23:00:00,2022-02-07 00:00:00,15.3,12.02,13.86,44.4264,26.1406
2022-02-07 00:00:00,2022-02-07 01:00:00,17.86,14.91,13.12,44.4264,26.1406
2022-02-07 01:00:00,2022-02-07 02:00:00,21.96,17.85,32.07,44.4264,26.1406
2022-02-07 02:00:00,2022-02-07 03:00:00,33.92,29.32,24.78,44.4264,26.1406
2022-02-07 03:00:00,2022-02-07 04:00:00,29.36,24.65,15.68,44.4264,26.1406
2022-02-07 04:00:00,2022-02-07 05:00:00,28.43,24.69,22.92,44.4264,26.1406
2022-02-07 05:00:00,2022-02-07 06:00:00,29.35,24.31,44.14,44.4264,26.1406
2022-02-07 06:00:00,2022-02-07 07:00:00,41.71,26.97,59.52,44.4264,26.1406
2022-02-07 07:00:00,2022-02-07 08:00:00,34.44,23.99,43.14,44.4264,26.1406
2022-02-07 08:00:00,2022-02-07 09:00:00,38.19,25.52,30.56,44.4264,26.1406
2022-02-07 09:00:00,2022-02-07 10:00:00,38.34,24.83,29.87,44.4264,26.1406
2022-02-07 11:00:00,2022-02-07 12:00:00,38.97,24.18,26.48,44.4264,26.1406
2022-02-07 12:00:00,2022-02-07 13:00:00,36.84,25.11,25.21,44.4264,26.1406
2022-02-07 13:00:00,2022-02-07 14:00:00,33.73,24.38,24.73,44.4264,26.1406
2022-02-07 14:00:00,2022-02-07 15:00:00,25.51,19.16,36.69,44.4264,26.1406
2022-02-07 15:00:00,2022-02-07 16:00:00,26.76,21.26,45.78,44.4264,26.1406
2022-02-07 16:00:00,2022-02-07 17:00:00,28.18,24.16,34.13,44.4264,26.1406
2022-02-07 17:00:00,2022-02-07 18:00:00,25.34,22.72,35.95,44.4264,26.1406
2022-02-07 18:00:00,2022-02-07 19:00:00,24.58,21.63,33.89,44.4264,26.1406
2022-02-07 19:00:00,2022-02-07 20:00:00,22.1,18.76,22.27,44.4264,26.1406
2022-02-07 20:00:00,2022-02-07 21:00:00,21.61,19.28,18.52,44.4264,26.1406
2022-02-07 21:00:00,2022-02-07 22:00:00,22.69,20.89,16.25,44.4264,26.1406
2022-02-07 22:00:00,2022-02-07 23:00:00,33.64,31.23,16.39,44.4264,26.1406
2022-02-07 23:00:00,2022-02-08 00:00:00,42.99,40.61,15.89,44.4264,26.1406
2022-02-08 00:00:00,2022-02-08 01:00:00,39.78,36.05,16.05,44.4264,26.1406
2022-02-08 01:00:00,2022-02-08 02:00:00,28.17,25.47,13.88,44.4264,26.1406
2022-02-08 02:00:00,2022-02-08 03:00:00,12.01,10.72,14.3,44.4264,26.1406
2022-02-08 03:00:00,2022-02-08 04:00:00,3.55,2.99,11.23,44.4264,26.1406
2022-02-08 04:00:00,2022-02-08 05:00:00,5.02,4.37,15.39,44.4264,26.1406
2022-02-08 05:00:00,2022-02-08 06:00:00,4.3,3.73,19.67,44.4264,26.1406
2022-02-08 06:00:00,2022-02-08 07:00:00,2.79,1.21,22.77,44.4264,26.1406
2022-02-08 07:00:00,2022-02-08 08:00:00,7.18,6.22,21.0,44.4264,26.1406
2022-02-08 08:00:00,2022-02-08 09:00:00,7.77,6.87,15.5,44.4264,26.1406
2022-02-08 09:00:00,2022-02-08 10:00:00,10.59,8.91,13.0,44.4264,26.1406
2022-02-08 10:00:00,2022-02-08 11:00:00,11.69,5.79,6.53,44.4264,26.1406
2022-02-08 12:00:00,2022-02-08 13:00:00,8.19,4.57,6.17,44.4264,26.1406
2022-02-08 13:00:00,2022-02-08 14:00:00,11.61,5.81,6.04,44.4264,26.1406
2022-02-08 14:00:00,2022-02-08 15:00:00,12.06,7.89,5.79,44.4264,26.1406
2022-02-08 15:00:00,2022-02-08 16:00:00,8.41,4.0,7.29,44.4264,26.1406
2022-02-08 16:00:00,2022-02-08 17:00:00,7.26,2.9,9.29,44.4264,26.1406
2022-02-08 17:00:00,2022-02-08 18:00:00,13.79,8.73,14.68,44.4264,26.1406
2022-02-08 18:00:00,2022-02-08 19:00:00,22.11,16.67,23.84,44.4264,26.1406
2022-02-08 19:00:00,2022-02-08 20:00:00,26.53,19.92,25.45,44.4264,26.1406
2022-02-08 20:00:00,2022-02-08 21:00:00,27.72,21.6,22.25,44.4264,26.1406
2022-02-08 21:00:00,2022-02-08 22:00:00,30.18,22.85,43.36,44.4264,26.1406
2022-02-08 22:00:00,2022-02-08 23:00:00,29.65,21.48,35.32,44.4264,26.1406
2022-02-08 23:00:00,2022-02-09 00:00:00,23.47,18.07,18.05,44.4264,26.1406
2022-02-09 00:00:00,2022-02-09 01:00:00,17.73,15.19,18.52,44.4264,26.1406
2022-02-09 01:00:00,2022-02-09 02:00:00,16.69,13.67,17.16,44.4264,26.1406
2022-02-09 02:00:00,2022-02-09 03:00:00,10.99,8.34,13.24,44.4264,26.1406
2022-02-09 03:00:00,2022-02-09 04:00:00,10.85,7.92,11.47,44.4264,26.1406
2022-02-09 04:00:00,2022-02-09 05:00:00,11.43,8.64,15.22,44.4264,26.1406
2022-02-09 05:00:00,2022-02-09 06:00:00,17.68,14.13,26.83,44.4264,26.1406
2022-02-09 06:00:00,2022-02-09 07:00:00,16.22,10.26,27.42,44.4264,26.1406
2022-02-09 07:00:00,2022-02-09 08:00:00,14.94,8.87,35.1,44.4264,26.1406
2022-02-09 08:00:00,2022-02-09 09:00:00,21.7,13.53,29.58,44.4264,26.1406
2022-02-09 09:00:00,2022-02-09 10:00:00,29.18,17.96,26.75,44.4264,26.1406
2022-02-09 10:00:00,2022-02-09 11:00:00,28.05,17.22,24.19,44.4264,26.1406
2022-02-09 11:00:00,2022-02-09 12:00:00,32.37,19.39,26.35,44.4264,26.1406
2022-02-09 13:00:00,2022-02-09 14:00:00,17.02,11.45,10.8,44.4264,26.1406
2022-02-09 14:00:00,2022-02-09 15:00:00,8.31,4.09,9.1,44.4264,26.1406
2022-02-09 15:00:00,2022-02-09 16:00:00,9.9,7.18,9.64,44.4264,26.1406
2022-02-09 16:00:00,2022-02-09 17:00:00,14.63,10.04,23.44,44.4264,26.1406
2022-02-09 17:00:00,2022-02-09 18:00:00,13.54,6.6,42.28,44.4264,26.1406
2022-02-09 18:00:00,2022-02-09 19:00:00,17.73,9.82,51.17,44.4264,26.1406
2022-02-09 19:00:00,2022-02-09 20:00:00,27.95,14.87,56.74,44.4264,26.1406
2022-02-09 20:00:00,2022-02-09 21:00:00,35.99,18.16,64.82,44.4264,26.1406
2022-02-09 21:00:00,2022-02-09 22:00:00,41.57,21.76,70.93,44.4264,26.1406
2022-02-09 22:00:00,2022-02-09 23:00:00,45.03,24.6,65.7,44.4264,26.1406
2022-02-09 23:00:00,2022-02-10 00:00:00,49.57,36.33,51.67,44.4264,26.1406
2022-02-10 00:00:00,2022-02-10 01:00:00,57.68,44.05,45.65,44.4264,26.1406
2022-02-10 01:00:00,2022-02-10 02:00:00,47.06,39.01,44.5,44.4264,26.1406
2022-02-10 02:00:00,2022-02-10 03:00:00,49.01,41.95,40.9,44.4264,26.1406
2022-02-10 03:00:00,2022-02-10 04:00:00,47.71,41.87,33.9,44.4264,26.1406
2022-02-10 04:00:00,2022-02-10 05:00:00,43.55,39.25,28.06,44.4264,26.1406
2022-02-10 05:00:00,2022-02-10 06:00:00,38.22,34.1,35.08,44.4264,26.1406
2022-02-10 06:00:00,2022-02-10 07:00:00,48.57,41.96,38.15,44.4264,26.1406
2022-02-10 07:00:00,2022-02-10 08:00:00,60.72,50.44,48.35,44.4264,26.1406
2022-02-10 08:00:00,2022-02-10 09:00:00,69.21,49.97,50.78,44.4264,26.1406
2022-02-10 09:00:00,2022-02-10 10:00:00,56.14,40.7,37.66,44.4264,26.1406
2022-02-10 10:00:00,2022-02-10 11:00:00,43.48,30.09,24.09,44.4264,26.1406
2022-02-10 11:00:00,2022-02-10 12:00:00,34.06,23.29,16.54,44.4264,26.1406
2022-02-10 12:00:00,2022-02-10 13:00:00,27.21,20.27,15.15,44.4264,26.1406
2022-02-10 14:00:00,2022-02-10 15:00:00,16.7,9.99,14.92,44.4264,26.1406
2022-02-10 15:00:00,2022-02-10 16:00:00,17.48,9.78,15.59,44.4264,26.1406
2022-02-10 16:00:00,2022-02-10 17:00:00,23.5,16.33,24.11,44.4264,26.1406
2022-02-10 17:00:00,2022-02-10 18:00:00,26.63,17.19,44.72,44.4264,26.1406
2022-02-10 18:00:00,2022-02-10 19:00:00,32.09,18.9,52.04,44.4264,26.1406
2022-02-10 19:00:00,2022-02-10 20:00:00,39.53,26.11,40.26,44.4264,26.1406
2022-02-10 20:00:00,2022-02-10 21:00:00,36.64,27.87,40.48,44.4264,26.1406
2022-02-10 21:00:00,2022-02-10 22:00:00,35.1,27.06,46.44,44.4264,26.1406
2022-02-10 22:00:00,2022-02-10 23:00:00,39.51,31.21,51.04,44.4264,26.1406
2022-02-10 23:00:00,2022-02-11 00:00:00,53.74,45.23,49.86,44.4264,26.1406
2022-02-11 00:00:00,2022-02-11 01:00:00,70.71,62.14,47.16,44.4264,26.1406
2022-02-11 01:00:00,2022-02-11 02:00:00,57.94,49.87,47.96,44.4264,26.1406
2022-02-11 02:00:00,2022-02-11 03:00:00,48.07,41.21,42.33,44.4264,26.1406
2022-02-11 03:00:00,2022-02-11 04:00:00,43.5,38.06,34.02,44.4264,26.1406
2022-02-11 04:00:00,2022-02-11 05:00:00,37.31,33.38,37.7,44.4264,26.1406
2022-02-11 05:00:00,2022-02-11 06:00:00,37.05,32.62,44.44,44.4264,26.1406
2022-02-11 06:00:00,2022-02-11 07:00:00,43.93,37.97,50.64,44.4264,26.1406
2022-02-11 07:00:00,2022-02-11 08:00:00,43.71,35.93,40.46,44.4264,26.1406
2022-02-11 08:00:00,2022-02-11 09:00:00,46.63,36.1,37.66,44.4264,26.1406
2022-02-11 09:00:00,2022-02-11 10:00:00,42.23,32.8,25.96,44.4264,26.1406
2022-02-11 10:00:00,2022-02-11 11:00:00,38.28,30.7,16.84,44.4264,26.1406
2022-02-11 11:00:00,2022-02-11 12:00:00,43.18,35.45,14.76,44.4264,26.1406
2022-02-11 12:00:00,2022-02-11 13:00:00,37.54,30.17,13.2,44.4264,26.1406
2022-02-11 13:00:00,2022-02-11 14:00:00,37.28,29.63,13.07,44.4264,26.1406
2022-02-11 15:00:00,2022-02-11 16:00:00,30.42,22.05,22.47,44.4264,26.1406
2022-02-11 16:00:00,2022-02-11 17:00:00,33.16,22.29,46.47,44.4264,26.1406
2022-02-11 17:00:00,2022-02-11 18:00:00,44.07,29.01,64.51,44.4264,26.1406
2022-02-11 18:00:00,2022-02-11 19:00:00,63.1,43.11,80.16,44.4264,26.1406
2022-02-11 19:00:00,2022-02-11 20:00:00,86.1,60.52,90.32,44.4264,26.1406
2022-02-11 20:00:00,2022-02-11 21:00:00,102.55,63.58,89.65,44.4264,26.1406
2022-02-11 21:00:00,2022-02-11 22:00:00,137.28,93.7,103.43,44.4264,26.1406
2022-02-11 22:00:00,2022-02-11 23:00:00,132.38,86.75,87.64,44.4264,26.1406
2022-02-11 23:00:00,2022-02-12 00:00:00,153.8,115.27,94.01,44.4264,26.1406
2022-02-12 00:00:00,2022-02-12 01:00:00,120.14,86.42,79.19,44.4264,26.1406
2022-02-12 01:00:00,2022-02-12 02:00:00,66.13,51.43,40.18,44.4264,26.1406
2022-02-12 02:00:00,2022-02-12 03:00:00,44.86,37.72,38.28,44.4264,26.1406
2022-02-12 03:00:00,2022-02-12 04:00:00,56.2,49.18,48.09,44.4264,26.1406
2022-02-12 04:00:00,2022-02-12 05:00:00,56.03,49.71,42.93,44.4264,26.1406
2022-02-12 05:00:00,2022-02-12 06:00:00,48.96,42.25,36.43,44.4264,26.1406
2022-02-12 06:00:00,2022-02-12 07:00:00,48.76,41.52,37.92,44.4264,26.1406
2022-02-12 07:00:00,2022-02-12 08:00:00,72.53,61.62,40.14,44.4264,26.1406
2022-02-12 08:00:00,2022-02-12 09:00:00,86.1,69.05,38.79,44.4264,26.1406
2022-02-12 09:00:00,2022-02-12 10:00:00,45.79,30.44,21.18,44.4264,26.1406
2022-02-12 10:00:00,2022-02-12 11:00:00,23.84,8.33,19.33,44.4264,26.1406
2022-02-12 11:00:00,2022-02-12 12:00:00,26.74,10.37,20.43,44.4264,26.1406
2022-02-12 12:00:00,2022-02-12 13:00:00,25.93,7.93,20.69,44.4264,26.1406
2022-02-12 13:00:00,2022-02-12 14:00:00,20.05,7.19,17.35,44.4264,26.1406
2022-02-12 14:00:00,2022-02-12 15:00:00,17.64,8.73,17.56,44.4264,26.1406
2022-02-12 16:00:00,2022-02-12 17:00:00,22.18,10.9,32.17,44.4264,26.1406
2022-02-12 17:00:00,2022-02-12 18:00:00,28.47,10.44,44.03,44.4264,26.1406
2022-02-12 18:00:00,2022-02-12 19:00:00,30.69,12.89,49.03,44.4264,26.1406
2022-02-12 19:00:00,2022-02-12 20:00:00,31.23,16.95,39.38,44.4264,26.1406
2022-02-12 20:00:00,2022-02-12 21:00:00,23.99,15.51,19.04,44.4264,26.1406
2022-02-12 21:00:00,2022-02-12 22:00:00,18.76,13.37,13.84,44.4264,26.1406
2022-02-12 22:00:00,2022-02-12 23:00:00,14.05,10.56,11.47,44.4264,26.1406
2022-02-12 23:00:00,2022-02-13 00:00:00,10.08,7.41,9.98,44.4264,26.1406
2022-02-13 00:00:00,2022-02-13 01:00:00,14.02,11.8,9.16,44.4264,26.1406
2022-02-13 01:00:00,2022-02-13 02:00:00,13.87,11.99,8.41,44.4264,26.1406
2022-02-13 02:00:00,2022-02-13 03:00:00,12.2,10.54,9.25,44.4264,26.1406
2022-02-13 03:00:00,2022-02-13 04:00:00,11.28,9.05,8.54,44.4264,26.1406
2022-02-13 04:00:00,2022-02-13 05:00:00,11.91,9.27,9.78,44.4264,26.1406
2022-02-13 05:00:00,2022-02-13 06:00:00,14.14,11.06,15.37,44.4264,26.1406
2022-02-13 06:00:00,2022-02-13 07:00:00,11.51,7.87,17.53,44.4264,26.1406
2022-02-13 07:00:00,2022-02-13 08:00:00,12.69,9.18,14.69,44.4264,26.1406
2022-02-13 08:00:00,2022-02-13 09:00:00,13.25,9.31,11.86,44.4264,26.1406
2022-02-13 09:00:00,2022-02-13 10:00:00,17.51,13.86,14.06,44.4264,26.1406
2022-02-13 10:00:00,2022-02-13 11:00:00,17.05,13.67,12.52,44.4264,26.1406
2022-02-13 11:00:00,2022-02-13 12:00:00,18.39,12.65,13.35,44.4264,26.1406
2022-02-13 12:00:00,2022-02-13 13:00:00,18.7,12.51,12.72,44.4264,26.1406
2022-02-13 13:00:00,2022-02-13 14:00:00,11.25,6.77,15.39,44.4264,26.1406
2022-02-13 14:00:00,2022-02-13 15:00:00,14.13,10.25,15.27,44.4264,26.1406
2022-02-13 15:00:00,2022-02-13 16:00:00,13.44,8.5,13.22,44.4264,26.1406
2022-02-13 17:00:00,2022-02-13 18:00:00,19.58,10.89,33.98,44.4264,26.1406
2022-02-13 18:00:00,2022-02-13 19:00:00,27.45,16.98,64.4,44.4264,26.1406
2022-02-13 19:00:00,2022-02-13 20:00:00,30.87,19.35,62.61,44.4264,26.1406
2022-02-13 20:00:00,2022-02-13 21:00:00,26.1,17.38,53.04,44.4264,26.1406
2022-02-13 21:00:00,2022-02-13 22:00:00,35.36,26.54,55.76,44.4264,26.1406
2022-02-13 22:00:00,2022-02-13 23:00:00,26.44,18.12,22.89,44.4264,26.1406
2022-02-13 23:00:00,2022-02-14 00:00:00,19.42,14.23,19.46,44.4264,26.1406
2022-02-14 00:00:00,2022-02-14 01:00:00,17.72,13.05,20.82,44.4264,26.1406
2022-02-14 01:00:00,2022-02-14 02:00:00,18.33,13.11,25.41,44.4264,26.1406
2022-02-14 02:00:00,2022-02-14 03:00:00,18.91,13.48,25.39,44.4264,26.1406
2022-02-14 03:00:00,2022-02-14 04:00:00,24.0,18.76,37.19,44.4264,26.1406
2022-02-14 04:00:00,2022-02-14 05:00:00,26.23,21.34,44.98,44.4264,26.1406
2022-02-14 05:00:00,2022-02-14 06:00:00,24.54,16.38,49.45,44.4264,26.1406
2022-02-14 06:00:00,2022-02-14 07:00:00,29.11,17.08,52.71,44.4264,26.1406
2022-02-14 07:00:00,2022-02-14 08:00:00,34.58,20.35,53.47,44.4264,26.1406
2022-02-14 08:00:00,2022-02-14 09:00:00,37.46,19.87,56.29,44.4264,26.1406
2022-02-14 09:00:00,2022-02-14 10:00:00,36.79,20.95,48.03,44.4264,26.1406
2022-02-14 10:00:00,2022-02-14 11:00:00,31.77,17.59,33.07,44.4264,26.1406
2022-02-14 11:00:00,2022-02-14 12:00:00,30.8,18.96,22.56,44.4264,26.1406
2022-02-14 12:00:00,2022-02-14 13:00:00,19.83,12.74,13.96,44.4264,26.1406
2022-02-14 13:00:00,2022-02-14 14:00:00,15.67,10.53,17.42,44.4264,26.1406
2022-02-14 14:00:00,2022-02-14 15:00:00,17.78,11.08,17.03,44.4264,26.1406
2022-02-14 15:00:00,2022-02-14 16:00:00,21.1,14.39,20.96,44.4264,26.1406
2022-02-14 16:00:00,2022-02-14 17:00:00,21.3,13.64,41.03,44.4264,26.1406
2022-02-14 18:00:00,2022-02-14 19:00:00,29.03,18.33,55.22,44.4264,26.1406
2022-02-14 19:00:00,2022-02-14 20:00:00,33.0,16.92,63.61,44.4264,26.1406
2022-02-14 20:00:00,2022-02-14 21:00:00,35.69,17.35,68.65,44.4264,26.1406
2022-02-14 21:00:00,2022-02-14 22:00:00,49.8,34.72,66.27,44.4264,26.1406
2022-02-14 22:00:00,2022-02-14 23:00:00,75.72,60.72,64.36,44.4264,26.1406
2022-02-14 23:00:00,2022-02-15 00:00:00,68.65,53.24,59.69,44.4264,26.1406
2022-02-15 00:00:00,2022-02-15 01:00:00,74.22,55.33,55.46,44.4264,26.1406
2022-02-15 01:00:00,2022-02-15 02:00:00,64.25,46.34,52.01,44.4264,26.1406
2022-02-15 02:00:00,2022-02-15 03:00:00,59.05,45.04,50.15,44.4264,26.1406
2022-02-15 03:00:00,2022-02-15 04:00:00,63.81,49.2,46.82,44.4264,26.1406
2022-02-15 04:00:00,2022-02-15 05:00:00,63.54,50.2,41.46,44.4264,26.1406
2022-02-15 05:00:00,2022-02-15 06:00:00,59.57,48.74,39.53,44.4264,26.1406
2022-02-15 06:00:00,2022-02-15 07:00:00,64.12,51.18,44.19,44.4264,26.1406
2022-02-15 07:00:00,2022-02-15 08:00:00,77.27,59.01,50.21,44.4264,26.1406
2022-02-15 08:00:00,2022-02-15 09:00:00,76.61,58.74,53.13,44.4264,26.1406
2022-02-15 09:00:00,2022-02-15 10:00:00,67.71,53.74,43.38,44.4264,26.1406
2022-02-15 10:00:00,2022-02-15 11:00:00,52.37,41.07,33.76,44.4264,26.1406
2022-02-15 11:00:00,2022-02-15 12:00:00,38.53,25.52,26.3,44.4264,26.1406
2022-02-15 12:00:00,2022-02-15 13:00:00,33.63,21.1,18.18,44.4264,26.1406
2022-02-15 13:00:00,2022-02-15 14:00:00,34.67,24.33,16.32,44.4264,26.1406
2022-02-15 14:00:00,2022-02-15 15:00:00,39.57,25.39,17.09,44.4264,26.1406
2022-02-15 15:00:00,2022-02-15 16:00:00,38.61,27.84,17.09,44.4264,26.1406
2022-02-15 16:00:00,2022-02-15 17:00:00,35.71,25.94,26.42,44.4264,26.1406
2022-02-15 17:00:00,2022-02-15 18:00:00,37.21,26.65,49.62,44.4264,26.1406
2022-02-15 19:00:00,2022-02-15 20:00:00,58.71,42.51,75.53,44.4264,26.1406
2022-02-15 20:00:00,2022-02-15 21:00:00,75.81,54.43,73.87,44.4264,26.1406
2022-02-15 21:00:00,2022-02-15 22:00:00,97.54,74.76,79.53,44.4264,26.1406
2022-02-15 22:00:00,2022-02-15 23:00:00,126.33,105.51,79.47,44.4264,26.1406
2022-02-15 23:00:00,2022-02-16 00:00:00,115.51,97.68,68.98,44.4264,26.1406
2022-02-16 00:00:00,2022-02-16 01:00:00,108.61,86.25,60.5,44.4264,26.1406
2022-02-16 01:00:00,2022-02-16 02:00:00,103.58,87.0,64.65,44.4264,26.1406
2022-02-16 02:00:00,2022-02-16 03:00:00,97.13,86.2,58.7,44.4264,26.1406
2022-02-16 03:00:00,2022-02-16 04:00:00,97.89,87.34,53.87,44.4264,26.1406
2022-02-16 04:00:00,2022-02-16 05:00:00,98.18,87.22,48.07,44.4264,26.1406
2022-02-16 05:00:00,2022-02-16 06:00:00,100.23,88.46,53.16,44.4264,26.1406
2022-02-16 06:00:00,2022-02-16 07:00:00,98.56,86.72,52.18,44.4264,26.1406
2022-02-16 07:00:00,2022-02-16 08:00:00,107.73,90.1,64.62,44.4264,26.1406
2022-02-16 08:00:00,2022-02-16 09:00:00,121.64,97.16,66.78,44.4264,26.1406
2022-02-16 09:00:00,2022-02-16 10:00:00,139.08,101.86,80.12,44.4264,26.1406
2022-02-16 10:00:00,2022-02-16 11:00:00,101.55,76.25,75.33,44.4264,26.1406
2022-02-16 11:00:00,2022-02-16 12:00:00,83.91,52.75,48.04,44.4264,26.1406
2022-02-16 12:00:00,2022-02-16 13:00:00,47.03,30.6,14.34,44.4264,26.1406
2022-02-16 13:00:00,2022-02-16 14:00:00,35.83,25.74,13.37,44.4264,26.1406
2022-02-16 14:00:00,2022-02-16 15:00:00,26.94,17.12,11.65,44.4264,26.1406
2022-02-16 15:00:00,2022-02-16 16:00:00,37.62,23.48,12.84,44.4264,26.1406
2022-02-16 17:00:00,2022-02-16 18:00:00,50.2,33.15,26.39,44.4264,26.1406
2022-02-16 18:00:00,2022-02-16 19:00:00,59.8,41.28,45.4,44.4264,26.1406
2022-02-16 20:00:00,2022-02-16 21:00:00,78.35,58.64,49.52,44.4264,26.1406
2022-02-16 21:00:00,2022-02-16 22:00:00,70.73,55.4,59.51,44.4264,26.1406
2022-02-16 22:00:00,2022-02-16 23:00:00,102.59,82.17,58.17,44.4264,26.1406
2022-02-16 23:00:00,2022-02-17 00:00:00,117.49,102.52,53.42,44.4264,26.1406
2022-02-17 00:00:00,2022-02-17 01:00:00,84.28,71.84,47.78,44.4264,26.1406
2022-02-17 01:00:00,2022-02-17 02:00:00,59.92,51.91,28.6,44.4264,26.1406
2022-02-17 02:00:00,2022-02-17 03:00:00,32.46,27.32,26.97,44.4264,26.1406
2022-02-17 03:00:00,2022-02-17 04:00:00,23.25,18.61,23.33,44.4264,26.1406
2022-02-17 04:00:00,2022-02-17 05:00:00,23.55,19.87,27.62,44.4264,26.1406
2022-02-17 05:00:00,2022-02-17 06:00:00,25.2,21.55,31.79,44.4264,26.1406
2022-02-17 06:00:00,2022-02-17 07:00:00,30.87,25.53,28.46,44.4264,26.1406
2022-02-17 07:00:00,2022-02-17 08:00:00,37.42,29.6,24.49,44.4264,26.1406
2022-02-17 08:00:00,2022-02-17 09:00:00,49.15,39.95,24.96,44.4264,26.1406
2022-02-17 09:00:00,2022-02-17 10:00:00,48.08,39.18,24.14,44.4264,26.1406
2022-02-17 10:00:00,2022-02-17 11:00:00,43.02,31.71,14.84,44.4264,26.1406
2022-02-17 11:00:00,2022-02-17 12:00:00,43.41,29.67,14.65,44.4264,26.1406
2022-02-17 12:00:00,2022-02-17 13:00:00,42.74,25.05,13.07,44.4264,26.1406
2022-02-17 13:00:00,2022-02-17 14:00:00,45.15,24.43,13.73,44.4264,26.1406
2022-02-17 14:00:00,2022-02-17 15:00:00,49.19,24.85,14.16,44.4264,26.1406
2022-02-17 15:00:00,2022-02-17 16:00:00,42.92,22.8,14.63,44.4264,26.1406
2022-02-17 16:00:00,2022-02-17 17:00:00,41.81,20.44,19.31,44.4264,26.1406
2022-02-17 17:00:00,2022-02-17 18:00:00,34.03,22.82,25.79,44.4264,26.1406
2022-02-17 18:00:00,2022-02-17 19:00:00,36.68,26.91,27.87,44.4264,26.1406
2022-02-17 19:00:00,2022-02-17 20:00:00,35.01,25.32,28.83,44.4264,26.1406
2022-02-17 21:00:00,2022-02-17 22:00:00,36.58,28.36,21.93,44.4264,26.1406
2022-02-17 22:00:00,2022-02-17 23:00:00,32.0,23.74,18.09,44.4264,26.1406
2022-02-17 23:00:00,2022-02-18 00:00:00,34.77,27.0,14.43,44.4264,26.1406
2022-02-18 00:00:00,2022-02-18 01:00:00,29.18,24.75,18.88,44.4264,26.1406
2022-02-18 01:00:00,2022-02-18 02:00:00,24.95,20.68,15.64,44.4264,26.1406
2022-02-18 02:00:00,2022-02-18 03:00:00,22.39,16.52,9.49,44.4264,26.1406
2022-02-18 03:00:00,2022-02-18 04:00:00,19.55,11.51,7.66,44.4264,26.1406
2022-02-18 04:00:00,2022-02-18 05:00:00,23.89,2.47,7.47,44.4264,26.1406
2022-02-18 05:00:00,2022-02-18 06:00:00,19.65,4.07,9.23,44.4264,26.1406
2022-02-18 06:00:00,2022-02-18 07:00:00,10.17,2.97,8.93,44.4264,26.1406
2022-02-18 07:00:00,2022-02-18 08:00:00,12.78,5.45,9.13,44.4264,26.1406
2022-02-18 08:00:00,2022-02-18 09:00:00,12.44,5.2,7.22,44.4264,26.1406
2022-02-18 09:00:00,2022-02-18 10:00:00,16.23,4.06,5.67,44.4264,26.1406
2022-02-18 10:00:00,2022-02-18 11:00:00,7.72,0.13,5.28,44.4264,26.1406
2022-02-18 11:00:00,2022-02-18 12:00:00,12.77,2.15,5.24,44.4264,26.1406
2022-02-18 12:00:00,2022-02-18 13:00:00,9.93,4.14,4.91,44.4264,26.1406
2022-02-18 13:00:00,2022-02-18 14:00:00,4.57,1.55,5.1,44.4264,26.1406
2022-02-18 16:00:00,2022-02-18 17:00:00,7.62,3.87,10.67,44.4264,26.1406
2022-02-18 17:00:00,2022-02-18 18:00:00,15.84,7.07,25.22,44.4264,26.1406
2022-02-18 18:00:00,2022-02-18 19:00:00,27.67,16.55,34.64,44.4264,26.1406
2022-02-18 19:00:00,2022-02-18 20:00:00,30.44,13.94,57.54,44.4264,26.1406
2022-02-18 20:00:00,2022-02-18 21:00:00,51.84,35.17,61.73,44.4264,26.1406
2022-02-18 22:00:00,2022-02-18 23:00:00,63.35,33.5,47.62,44.4264,26.1406
2022-02-18 23:00:00,2022-02-19 00:00:00,42.11,29.13,43.27,44.4264,26.1406
2022-02-19 00:00:00,2022-02-19 01:00:00,24.48,15.92,14.17,44.4264,26.1406
2022-02-19 01:00:00,2022-02-19 02:00:00,15.0,11.01,12.15,44.4264,26.1406
2022-02-19 02:00:00,2022-02-19 03:00:00,10.56,7.21,10.89,44.4264,26.1406
2022-02-19 03:00:00,2022-02-19 04:00:00,15.11,11.56,13.07,44.4264,26.1406
2022-02-19 04:00:00,2022-02-19 05:00:00,21.21,15.53,17.44,44.4264,26.1406
2022-02-19 05:00:00,2022-02-19 06:00:00,20.81,14.21,22.92,44.4264,26.1406
2022-02-19 06:00:00,2022-02-19 07:00:00,21.42,13.94,33.34,44.4264,26.1406
2022-02-19 07:00:00,2022-02-19 08:00:00,24.69,14.98,32.61,44.4264,26.1406
2022-02-19 08:00:00,2022-02-19 09:00:00,28.12,16.35,33.0,44.4264,26.1406
2022-02-19 09:00:00,2022-02-19 10:00:00,28.26,15.24,21.26,44.4264,26.1406
2022-02-19 10:00:00,2022-02-19 11:00:00,22.75,12.21,18.1,44.4264,26.1406
2022-02-19 11:00:00,2022-02-19 12:00:00,21.72,14.35,11.5,44.4264,26.1406
2022-02-19 12:00:00,2022-02-19 13:00:00,16.96,10.46,8.3,44.4264,26.1406
2022-02-19 13:00:00,2022-02-19 14:00:00,15.71,8.0,8.08,44.4264,26.1406
2022-02-19 14:00:00,2022-02-19 15:00:00,14.13,6.31,7.65,44.4264,26.1406
2022-02-19 15:00:00,2022-02-19 16:00:00,16.4,8.32,9.45,44.4264,26.1406
2022-02-19 16:00:00,2022-02-19 17:00:00,18.92,9.58,13.8,44.4264,26.1406
2022-02-19 17:00:00,2022-02-19 18:00:00,26.4,17.12,21.93,44.4264,26.1406
2022-02-19 18:00:00,2022-02-19 19:00:00,25.84,16.82,24.15,44.4264,26.1406
2022-02-19 19:00:00,2022-02-19 20:00:00,32.24,22.88,16.56,44.4264,26.1406
2022-02-19 20:00:00,2022-02-19 21:00:00,37.71,28.99,13.88,44.4264,26.1406
2022-02-19 21:00:00,2022-02-19 22:00:00,42.34,34.92,13.61,44.4264,26.1406
2022-02-19 23:00:00,2022-02-20 00:00:00,47.89,36.45,28.38,44.4264,26.1406
2022-02-20 00:00:00,2022-02-20 01:00:00,34.78,27.59,19.47,44.4264,26.1406
2022-02-20 01:00:00,2022-02-20 02:00:00,32.72,25.95,16.5,44.4264,26.1406
2022-02-20 02:00:00,2022-02-20 03:00:00,39.51,32.28,17.62,44.4264,26.1406
2022-02-20 03:00:00,2022-02-20 04:00:00,41.32,33.69,21.03,44.4264,26.1406
2022-02-20 04:00:00,2022-02-20 05:00:00,42.19,34.38,29.32,44.4264,26.1406
2022-02-20 05:00:00,2022-02-20 06:00:00,46.86,38.57,30.28,44.4264,26.1406
2022-02-20 06:00:00,2022-02-20 07:00:00,36.57,29.02,15.91,44.4264,26.1406
2022-02-20 07:00:00,2022-02-20 08:00:00,24.02,18.0,14.33,44.4264,26.1406
2022-02-20 08:00:00,2022-02-20 09:00:00,20.64,14.75,15.02,44.4264,26.1406
2022-02-20 09:00:00,2022-02-20 10:00:00,20.18,15.84,19.06,44.4264,26.1406
2022-02-20 10:00:00,2022-02-20 11:00:00,18.64,15.75,15.11,44.4264,26.1406
2022-02-20 11:00:00,2022-02-20 12:00:00,12.79,9.77,12.99,44.4264,26.1406
2022-02-20 12:00:00,2022-02-20 13:00:00,13.74,11.42,13.44,44.4264,26.1406
2022-02-20 13:00:00,2022-02-20 14:00:00,14.84,12.41,12.43,44.4264,26.1406
2022-02-20 14:00:00,2022-02-20 15:00:00,16.05,14.24,10.3,44.4264,26.1406
2022-02-20 15:00:00,2022-02-20 16:00:00,13.75,12.43,8.82,44.4264,26.1406
2022-02-20 16:00:00,2022-02-20 17:00:00,15.83,13.94,11.55,44.4264,26.1406
2022-02-20 17:00:00,2022-02-20 18:00:00,21.63,18.33,17.97,44.4264,26.1406
2022-02-20 18:00:00,2022-02-20 19:00:00,28.82,23.61,31.43,44.4264,26.1406
2022-02-20 19:00:00,2022-02-20 20:00:00,29.05,23.25,44.18,44.4264,26.1406
2022-02-20 20:00:00,2022-02-20 21:00:00,27.86,21.86,27.68,44.4264,26.1406
2022-02-20 21:00:00,2022-02-20 22:00:00,31.16,26.95,20.87,44.4264,26.1406
2022-02-20 22:00:00,2022-02-20 23:00:00,26.89,23.88,16.3,44.4264,26.1406
2022-02-21 00:00:00,2022-02-21 01:00:00,22.5,20.67,22.58,44.4264,26.1406
2022-02-21 01:00:00,2022-02-21 02:00:00,24.54,22.95,22.57,44.4264,26.1406
2022-02-21 02:00:00,2022-02-21 03:00:00,22.22,18.33,17.33,44.4264,26.1406
2022-02-21 03:00:00,2022-02-21 04:00:00,28.35,24.49,16.42,44.4264,26.1406
2022-02-21 04:00:00,2022-02-21 05:00:00,26.85,23.37,20.49,44.4264,26.1406
2022-02-21 05:00:00,2022-02-21 06:00:00,20.35,17.16,21.15,44.4264,26.1406
2022-02-21 06:00:00,2022-02-21 07:00:00,18.75,15.46,25.5,44.4264,26.1406
2022-02-21 07:00:00,2022-02-21 08:00:00,20.15,15.9,24.91,44.4264,26.1406
2022-02-21 08:00:00,2022-02-21 09:00:00,21.33,16.95,21.91,44.4264,26.1406
2022-02-21 09:00:00,2022-02-21 10:00:00,23.32,19.1,26.3,44.4264,26.1406
2022-02-21 10:00:00,2022-02-21 11:00:00,27.07,21.87,19.03,44.4264,26.1406
2022-02-21 11:00:00,2022-02-21 12:00:00,23.52,18.43,12.15,44.4264,26.1406
2022-02-21 12:00:00,2022-02-21 13:00:00,21.29,16.81,13.68,44.4264,26.1406
2022-02-21 13:00:00,2022-02-21 14:00:00,16.77,11.64,12.85,44.4264,26.1406
2022-02-21 14:00:00,2022-02-21 15:00:00,11.89,5.75,13.61,44.4264,26.1406
2022-02-21 15:00:00,2022-02-21 16:00:00,13.29,6.59,14.64,44.4264,26.1406
2022-02-21 16:00:00,2022-02-21 17:00:00,12.8,8.01,18.31,44.4264,26.1406
2022-02-21 17:00:00,2022-02-21 18:00:00,19.29,12.41,37.19,44.4264,26.1406
2022-02-21 18:00:00,2022-02-21 19:00:00,25.09,13.54,61.05,44.4264,26.1406
2022-02-21 19:00:00,2022-02-21 20:00:00,37.02,18.99,77.74,44.4264,26.1406
2022-02-21 20:00:00,2022-02-21 21:00:00,55.73,26.87,74.67,44.4264,26.1406
2022-02-21 21:00:00,2022-02-21 22:00:00,78.44,54.52,69.86,44.4264,26.1406
2022-02-21 22:00:00,2022-02-21 23:00:00,116.06,95.29,70.52,44.4264,26.1406
2022-02-21 23:00:00,2022-02-22 00:00:00,76.38,61.42,60.45,44.4264,26.1406
2022-02-22 01:00:00,2022-02-22 02:00:00,48.41,42.09,47.81,44.4264,26.1406
2022-02-22 02:00:00,2022-02-22 03:00:00,43.2,38.81,42.14,44.4264,26.1406
2022-02-22 03:00:00,2022-02-22 04:00:00,31.16,27.16,40.58,44.4264,26.1406
2022-02-22 04:00:00,2022-02-22 05:00:00,28.0,24.08,42.66,44.4264,26.1406
2022-02-22 05:00:00,2022-02-22 06:00:00,34.58,27.42,37.6,44.4264,26.1406
2022-02-22 06:00:00,2022-02-22 07:00:00,43.98,34.5,45.9,44.4264,26.1406
2022-02-22 07:00:00,2022-02-22 08:00:00,55.2,40.02,40.95,44.4264,26.1406
2022-02-22 08:00:00,2022-02-22 09:00:00,53.73,38.19,32.81,44.4264,26.1406
2022-02-22 09:00:00,2022-02-22 10:00:00,45.44,34.74,23.3,44.4264,26.1406
2022-02-22 10:00:00,2022-02-22 11:00:00,36.99,28.11,27.11,44.4264,26.1406
2022-02-22 11:00:00,2022-02-22 12:00:00,36.54,25.8,21.68,44.4264,26.1406
2022-02-22 12:00:00,2022-02-22 13:00:00,32.73,21.52,33.42,44.4264,26.1406
2022-02-22 13:00:00,2022-02-22 14:00:00,25.65,17.31,23.91,44.4264,26.1406
2022-02-22 14:00:00,2022-02-22 15:00:00,25.98,18.26,32.22,44.4264,26.1406
2022-02-22 15:00:00,2022-02-22 16:00:00,30.34,18.5,36.74,44.4264,26.1406
2022-02-22 16:00:00,2022-02-22 17:00:00,23.66,13.03,37.2,44.4264,26.1406
2022-02-22 17:00:00,2022-02-22 18:00:00,24.95,16.77,35.85,44.4264,26.1406
2022-02-22 18:00:00,2022-02-22 19:00:00,22.84,15.98,39.5,44.4264,26.1406
2022-02-22 19:00:00,2022-02-22 20:00:00,27.27,16.41,32.91,44.4264,26.1406
2022-02-22 20:00:00,2022-02-22 21:00:00,27.09,21.71,26.56,44.4264,26.1406
2022-02-22 21:00:00,2022-02-22 22:00:00,29.52,24.95,30.33,44.4264,26.1406
2022-02-22 22:00:00,2022-02-22 23:00:00,31.23,25.09,37.06,44.4264,26.1406
2022-02-22 23:00:00,2022-02-23 00:00:00,30.31,25.46,30.02,44.4264,26.1406
2022-02-23 00:00:00,2022-02-23 01:00:00,27.73,24.65,22.75,44.4264,26.1406
2022-02-23 02:00:00,2022-02-23 03:00:00,26.58,23.8,21.13,44.4264,26.1406
2022-02-23 03:00:00,2022-02-23 04:00:00,19.72,17.24,22.38,44.4264,26.1406
2022-02-23 04:00:00,2022-02-23 05:00:00,23.85,20.84,28.23,44.4264,26.1406
2022-02-23 05:00:00,2022-02-23 06:00:00,26.37,22.93,36.71,44.4264,26.1406
2022-02-23 06:00:00,2022-02-23 07:00:00,29.39,19.51,39.66,44.4264,26.1406
2022-02-23 07:00:00,2022-02-23 08:00:00,29.87,19.1,37.58,44.4264,26.1406
2022-02-23 08:00:00,2022-02-23 09:00:00,27.75,16.83,33.22,44.4264,26.1406
2022-02-23 09:00:00,2022-02-23 10:00:00,24.74,11.96,25.42,44.4264,26.1406
2022-02-23 10:00:00,2022-02-23 11:00:00,21.68,12.31,20.66,44.4264,26.1406
2022-02-23 11:00:00,2022-02-23 12:00:00,21.41,12.87,22.73,44.4264,26.1406
2022-02-23 12:00:00,2022-02-23 13:00:00,25.21,16.77,12.85,44.4264,26.1406
2022-02-23 13:00:00,2022-02-23 14:00:00,19.4,15.0,8.39,44.4264,26.1406
2022-02-23 14:00:00,2022-02-23 15:00:00,17.53,14.05,9.58,44.4264,26.1406
2022-02-23 15:00:00,2022-02-23 16:00:00,16.14,10.29,14.31,44.4264,26.1406
2022-02-23 16:00:00,2022-02-23 17:00:00,19.79,15.79,23.71,44.4264,26.1406
2022-02-23 17:00:00,2022-02-23 18:00:00,22.63,15.72,31.32,44.4264,26.1406
2022-02-23 18:00:00,2022-02-23 19:00:00,23.36,17.98,27.78,44.4264,26.1406
2022-02-23 19:00:00,2022-02-23 20:00:00,30.5,24.55,37.44,44.4264,26.1406
2022-02-23 20:00:00,2022-02-23 21:00:00,49.22,40.99,45.21,44.4264,26.1406
2022-02-23 21:00:00,2022-02-23 22:00:00,54.63,46.28,44.62,44.4264,26.1406
2022-02-23 22:00:00,2022-02-23 23:00:00,51.1,45.32,24.79,44.4264,26.1406
2022-02-23 23:00:00,2022-02-24 00:00:00,18.32,16.2,12.28,44.4264,26.1406
2022-02-24 00:00:00,2022-02-24 01:00:00,10.2,8.18,9.85,44.4264,26.1406
2022-02-24 01:00:00,2022-02-24 02:00:00,9.35,7.94,10.73,44.4264,26.1406
2022-02-24 03:00:00,2022-02-24 04:00:00,8.39,6.27,10.74,44.4264,26.1406
2022-02-24 04:00:00,2022-02-24 05:00:00,8.17,7.32,13.97,44.4264,26.1406
2022-02-24 05:00:00,2022-02-24 06:00:00,9.3,7.01,38.32,44.4264,26.1406
2022-02-24 06:00:00,2022-02-24 07:00:00,13.44,10.06,37.97,44.4264,26.1406
2022-02-24 07:00:00,2022-02-24 08:00:00,15.82,12.76,18.95,44.4264,26.1406
2022-02-24 08:00:00,2022-02-24 09:00:00,18.05,15.61,16.84,44.4264,26.1406
2022-02-24 09:00:00,2022-02-24 10:00:00,13.77,11.49,13.49,44.4264,26.1406
2022-02-24 10:00:00,2022-02-24 11:00:00,10.73,8.68,10.04,44.4264,26.1406
2022-02-24 11:00:00,2022-02-24 12:00:00,9.33,6.72,7.95,44.4264,26.1406
2022-02-24 12:00:00,2022-02-24 13:00:00,9.67,7.37,7.59,44.4264,26.1406
2022-02-24 13:00:00,2022-02-24 14:00:00,5.35,3.35,6.59,44.4264,26.1406
2022-02-24 14:00:00,2022-02-24 15:00:00,7.54,5.58,10.73,44.4264,26.1406
2022-02-24 15:00:00,2022-02-24 16:00:00,8.31,4.44,21.07,44.4264,26.1406
2022-02-24 16:00:00,2022-02-24 17:00:00,16.81,8.32,32.03,44.4264,26.1406
2022-02-24 17:00:00,2022-02-24 18:00:00,21.3,11.07,58.56,44.4264,26.1406
2022-02-24 18:00:00,2022-02-24 19:00:00,29.86,14.22,64.47,44.4264,26.1406
2022-02-24 19:00:00,2022-02-24 20:00:00,32.6,17.28,58.75,44.4264,26.1406
2022-02-24 20:00:00,2022-02-24 21:00:00,32.56,19.33,40.88,44.4264,26.1406
2022-02-24 21:00:00,2022-02-24 22:00:00,26.92,18.18,38.22,44.4264,26.1406
2022-02-24 22:00:00,2022-02-24 23:00:00,39.11,27.49,54.0,44.4264,26.1406
2022-02-24 23:00:00,2022-02-25 00:00:00,31.75,22.12,40.92,44.4264,26.1406
2022-02-25 00:00:00,2022-02-25 01:00:00,27.22,21.38,44.91,44.4264,26.1406
2022-02-25 01:00:00,2022-02-25 02:00:00,37.51,31.07,42.52,44.4264,26.1406
2022-02-25 02:00:00,2022-02-25 03:00:00,40.19,33.92,36.35,44.4264,26.1406
2022-02-25 04:00:00,2022-02-25 05:00:00,34.04,29.33,35.94,44.4264,26.1406
2022-02-25 05:00:00,2022-02-25 06:00:00,31.45,26.91,39.39,44.4264,26.1406
2022-02-25 06:00:00,2022-02-25 07:00:00,33.52,25.96,40.35,44.4264,26.1406
2022-02-25 07:00:00,2022-02-25 08:00:00,38.61,29.08,33.9,44.4264,26.1406
2022-02-25 08:00:00,2022-02-25 09:00:00,43.75,31.11,34.53,44.4264,26.1406
2022-02-25 09:00:00,2022-02-25 10:00:00,37.45,25.97,25.22,44.4264,26.1406
2022-02-25 10:00:00,2022-02-25 11:00:00,24.16,16.48,14.3,44.4264,26.1406
2022-02-25 11:00:00,2022-02-25 12:00:00,20.53,14.63,11.13,44.4264,26.1406
2022-02-25 12:00:00,2022-02-25 13:00:00,18.51,14.19,9.96,44.4264,26.1406
2022-02-25 13:00:00,2022-02-25 14:00:00,16.48,12.14,8.54,44.4264,26.1406
2022-02-25 14:00:00,2022-02-25 15:00:00,14.63,11.29,8.44,44.4264,26.1406
2022-02-25 15:00:00,2022-02-25 16:00:00,16.45,12.24,11.5,44.4264,26.1406
2022-02-25 16:00:00,2022-02-25 17:00:00,17.84,12.31,19.07,44.4264,26.1406
2022-02-25 17:00:00,2022-02-25 18:00:00,21.41,13.35,29.54,44.4264,26.1406
2022-02-25 18:00:00,2022-02-25 19:00:00,24.65,17.61,44.55,44.4264,26.1406
2022-02-25 19:00:00,2022-02-25 20:00:00,26.61,19.08,31.84,44.4264,26.1406
2022-02-25 20:00:00,2022-02-25 21:00:00,25.48,18.69,39.91,44.4264,26.1406
2022-02-25 21:00:00,2022-02-25 22:00:00,40.99,31.36,57.34,44.4264,26.1406
2022-02-25 22:00:00,2022-02-25 23:00:00,57.19,47.0,44.82,44.4264,26.1406
2022-02-25 23:00:00,2022-02-26 00:00:00,49.03,40.51,50.8,44.4264,26.1406
2022-02-26 00:00:00,2022-02-26 01:00:00,52.65,44.71,47.75,44.4264,26.1406
2022-02-26 01:00:00,2022-02-26 02:00:00,57.28,48.52,43.13,44.4264,26.1406
2022-02-26 02:00:00,2022-02-26 03:00:00,48.89,41.87,40.34,44.4264,26.1406
2022-02-26 03:00:00,2022-02-26 04:00:00,42.03,37.04,25.35,44.4264,26.1406
2022-02-26 05:00:00,2022-02-26 06:00:00,19.03,13.7,13.54,44.4264,26.1406
2022-02-26 06:00:00,2022-02-26 07:00:00,21.77,15.38,15.61,44.4264,26.1406
2022-02-26 07:00:00,2022-02-26 08:00:00,27.27,19.76,16.79,44.4264,26.1406
2022-02-26 08:00:00,2022-02-26 09:00:00,25.04,15.87,14.31,44.4264,26.1406
2022-02-26 09:00:00,2022-02-26 10:00:00,28.26,17.7,10.44,44.4264,26.1406
2022-02-26 10:00:00,2022-02-26 11:00:00,23.22,14.09,10.4,44.4264,26.1406
2022-02-26 11:00:00,2022-02-26 12:00:00,22.92,13.28,9.93,44.4264,26.1406
2022-02-26 12:00:00,2022-02-26 13:00:00,20.16,12.52,11.21,44.4264,26.1406
2022-02-26 13:00:00,2022-02-26 14:00:00,16.75,8.27,9.33,44.4264,26.1406
2022-02-26 14:00:00,2022-02-26 15:00:00,16.52,9.21,10.32,44.4264,26.1406
2022-02-26 15:00:00,2022-02-26 16:00:00,20.45,13.5,9.86,44.4264,26.1406
2022-02-26 16:00:00,2022-02-26 17:00:00,18.38,10.87,11.09,44.4264,26.1406
2022-02-26 17:00:00,2022-02-26 18:00:00,16.41,11.63,12.65,44.4264,26.1406
2022-02-26 18:00:00,2022-02-26 19:00:00,17.8,14.11,13.04,44.4264,26.1406
2022-02-26 19:00:00,2022-02-26 20:00:00,16.59,13.87,12.97,44.4264,26.1406
2022-02-26 20:00:00,2022-02-26 21:00:00,14.27,11.51,14.55,44.4264,26.1406
2022-02-26 21:00:00,2022-02-26 22:00:00,15.64,12.92,13.58,44.4264,26.1406
2022-02-26 22:00:00,2022-02-26 23:00:00,15.67,13.4,12.2,44.4264,26.1406
2022-02-26 23:00:00,2022-02-27 00:00:00,13.75,11.02,10.01,44.4264,26.1406
2022-02-27 00:00:00,2022-02-27 01:00:00,11.37,7.93,8.64,44.4264,26.1406
2022-02-27 01:00:00,2022-02-27 02:00:00,12.11,9.2,7.51,44.4264,26.1406
2022-02-27 02:00:00,2022-02-27 03:00:00,13.99,10.52,7.22,44.4264,26.1406
2022-02-27 03:00:00,2022-02-27 04:00:00,10.68,7.63,7.31,44.4264,26.1406
2022-02-27 04:00:00,2022-02-27 05:00:00,11.05,7.48,7.74,44.4264,26.1406
2022-02-27 06:00:00,2022-02-27 07:00:00,10.8,7.26,10.05,44.4264,26.1406
2022-02-27 07:00:00,2022-02-27 08:00:00,14.12,10.35,9.43,44.4264,26.1406
2022-02-27 08:00:00,2022-02-27 09:00:00,14.01,10.29,9.15,44.4264,26.1406
2022-02-27 09:00:00,2022-02-27 10:00:00,15.39,10.5,9.01,44.4264,26.1406
2022-02-27 10:00:00,2022-02-27 11:00:00,14.43,8.7,9.18,44.4264,26.1406
2022-02-27 11:00:00,2022-02-27 12:00:00,11.01,3.99,7.87,44.4264,26.1406
2022-02-27 12:00:00,2022-02-27 13:00:00,10.85,1.75,8.44,44.4264,26.1406
2022-02-27 13:00:00,2022-02-27 14:00:00,12.11,3.74,8.74,44.4264,26.1406
2022-02-27 14:00:00,2022-02-27 15:00:00,13.84,7.25,9.39,44.4264,26.1406
2022-02-27 15:00:00,2022-02-27 16:00:00,13.42,8.18,9.67,44.4264,26.1406
2022-02-27 16:00:00,2022-02-27 17:00:00,15.14,8.3,12.65,44.4264,26.1406
2022-02-27 17:00:00,2022-02-27 18:00:00,15.94,9.05,12.44,44.4264,26.1406
2022-02-27 18:00:00,2022-02-27 19:00:00,17.04,11.78,15.01,44.4264,26.1406
2022-02-27 19:00:00,2022-02-27 20:00:00,12.18,6.84,11.91,44.4264,26.1406
2022-02-27 20:00:00,2022-02-27 21:00:00,12.61,7.8,12.35,44.4264,26.1406
2022-02-27 21:00:00,2022-02-27 22:00:00,12.07,7.16,8.86,44.4264,26.1406
2022-02-27 22:00:00,2022-02-27 23:00:00,15.67,10.37,7.34,44.4264,26.1406
2022-02-27 23:00:00,2022-02-28 00:00:00,12.11,7.61,7.2,44.4264,26.1406
2022-02-28 00:00:00,2022-02-28 01:00:00,11.38,6.69,6.85,44.4264,26.1406
2022-02-28 01:00:00,2022-02-28 02:00:00,10.68,6.14,6.09,44.4264,26.1406
2022-02-28 02:00:00,2022-02-28 03:00:00,9.82,5.63,5.73,44.4264,26.1406
2022-02-28 03:00:00,2022-02-28 04:00:00,10.55,7.98,6.47,44.4264,26.1406
2022-02-28 04:00:00,2022-02-28 05:00:00,8.08,5.08,6.21,44.4264,26.1406
2022-02-28 05:00:00,2022-02-28 06:00:00,8.6,5.18,8.74,44.4264,26.1406
2022-02-28 07:00:00,2022-02-28 08:00:00,8.04,3.78,13.38,44.4264,26.1406
2022-02-28 08:00:00,2022-02-28 09:00:00,13.22,5.78,11.62,44.4264,26.1406
2022-02-28 09:00:00,2022-02-28 10:00:00,17.96,9.18,9.44,44.4264,26.1406
2022-02-28 10:00:00,2022-02-28 11:00:00,13.36,7.78,11.8,44.4264,26.1406
2022-02-28 11:00:00,2022-02-28 12:00:00,11.69,6.8,11.98,44.4264,26.1406
2022-02-28 12:00:00,2022-02-28 13:00:00,17.6,12.78,10.14,44.4264,26.1406
2022-02-28 13:00:00,2022-02-28 14:00:00,14.87,9.66,11.58,44.4264,26.1406
2022-02-28 14:00:00,2022-02-28 15:00:00,14.68,9.33,13.19,44.4264,26.1406
2022-02-28 15:00:00,2022-02-28 16:00:00,16.0,11.31,11.75,44.4264,26.1406
2022-02-28 16:00:00,2022-02-28 17:00:00,10.6,7.14,12.65,44.4264,26.1406
2022-02-28 17:00:00,2022-02-28 18:00:00,15.48,12.4,15.27,44.4264,26.1406
2022-02-28 18:00:00,2022-02-28 19:00:00,16.9,14.22,11.75,44.4264,26.1406
2022-02-28 19:00:00,2022-02-28 20:00:00,16.13,13.1,15.9,44.4264,26.1406
2022-02-28 20:00:00,2022-02-28 21:00:00,19.7,16.31,18.24,44.4264,26.1406
2022-02-28 21:00:00,2022-02-28 22:00:00,25.6,22.37,14.14,44.4264,26.1406
2022-02-28 22:00:00,2022-02-28 23:00:00,23.79,20.49,14.5,44.4264,26.1406
2022-02-28 23:00:00,2022-03-01 00:00:00,23.62,20.98,15.3,44.4264,26.1406
2022-03-01 00:00:00,2022-03-01 01:00:00,22.68,20.4,22.68,44.4264,26.1406
2022-03-01 01:00:00,2022-03-01 02:00:00,22.54,20.38,10.94,44.4264,26.1406
2022-03-01 02:00:00,2022-03-01 03:00:00,19.44,16.59,11.93,44.4264,26.1406
2022-03-01 03:00:00,2022-03-01 04:00:00,17.58,14.85,12.26,44.4264,26.1406
2022-03-01 04:00:00,2022-03-01 05:00:00,15.61,13.94,20.72,44.4264,26.1406
2022-03-01 05:00:00,2022-03-01 06:00:00,17.54,14.93,32.55,44.4264,26.1406
2022-03-01 06:00:00,2022-03-01 07:00:00,16.07,12.96,39.68,44.4264,26.1406
2022-03-01 08:00:00,2022-03-01 09:00:00,19.34,14.56,45.83,44.4264,26.1406
2022-03-01 09:00:00,2022-03-01 10:00:00,25.29,18.8,42.33,44.4264,26.1406
2022-03-01 10:00:00,2022-03-01 11:00:00,24.22,18.49,21.08,44.4264,26.1406
2022-03-01 11:00:00,2022-03-01 12:00:00,12.32,9.64,18.55,44.4264,26.1406
2022-03-01 12:00:00,2022-03-01 13:00:00,16.71,15.99,18.06,44.4264,26.1406
2022-03-01 13:00:00,2022-03-01 14:00:00,17.68,15.99,50.14,44.4264,26.1406
2022-03-01 14:00:00,2022-03-01 15:00:00,21.53,17.39,53.67,44.4264,26.1406
2022-03-01 15:00:00,2022-03-01 16:00:00,22.54,19.88,42.78,44.4264,26.1406
2022-03-01 16:00:00,2022-03-01 17:00:00,21.19,18.28,41.61,44.4264,26.1406
2022-03-01 17:00:00,2022-03-01 18:00:00,17.09,14.96,33.53,44.4264,26.1406
2022-03-01 18:00:00,2022-03-01 19:00:00,15.74,14.78,32.59,44.4264,26.1406
2022-03-01 19:00:00,2022-03-01 20:00:00,15.69,14.3,35.93,44.4264,26.1406
2022-03-01 20:00:00,2022-03-01 21:00:00,19.01,17.29,30.23,44.4264,26.1406
2022-03-01 21:00:00,2022-03-01 22:00:00,14.01,12.8,17.49,44.4264,26.1406
2022-03-01 22:00:00,2022-03-01 23:00:00,9.43,9.22,17.09,44.4264,26.1406
2022-03-01 23:00:00,2022-03-02 00:00:00,8.42,7.78,14.39,44.4264,26.1406
2022-03-02 01:00:00,2022-03-02 02:00:00,9.77,9.27,13.02,44.4264,26.1406
2022-03-02 02:00:00,2022-03-02 03:00:00,11.28,10.57,17.8,44.4264,26.1406
2022-03-02 03:00:00,2022-03-02 04:00:00,16.13,14.4,17.75,44.4264,26.1406
2022-03-02 04:00:00,2022-03-02 05:00:00,12.41,10.13,12.42,44.4264,26.1406
2022-03-02 05:00:00,2022-03-02 06:00:00,13.26,11.31,21.48,44.4264,26.1406
2022-03-02 06:00:00,2022-03-02 07:00:00,18.03,15.32,34.34,44.4264,26.1406
2022-03-02 07:00:00,2022-03-02 08:00:00,22.27,19.94,31.93,44.4264,26.1406
2022-03-02 09:00:00,2022-03-02 10:00:00,27.37,23.82,22.28,44.4264,26.1406
2022-03-02 10:00:00,2022-03-02 11:00:00,27.82,24.22,21.9,44.4264,26.1406
2022-03-02 11:00:00,2022-03-02 12:00:00,22.43,19.2,14.19,44.4264,26.1406
2022-03-02 12:00:00,2022-03-02 13:00:00,17.28,14.98,14.88,44.4264,26.1406
2022-03-02 13:00:00,2022-03-02 14:00:00,12.82,9.81,16.21,44.4264,26.1406
2022-03-02 14:00:00,2022-03-02 15:00:00,15.77,12.51,12.34,44.4264,26.1406
2022-03-02 15:00:00,2022-03-02 16:00:00,16.84,13.47,15.61,44.4264,26.1406
2022-03-02 16:00:00,2022-03-02 17:00:00,14.44,11.87,24.06,44.4264,26.1406
2022-03-02 17:00:00,2022-03-02 18:00:00,18.9,16.16,52.89,44.4264,26.1406
2022-03-02 18:00:00,2022-03-02 19:00:00,25.4,22.39,59.08,44.4264,26.1406
2022-03-02 19:00:00,2022-03-02 20:00:00,27.02,23.87,58.8,44.4264,26.1406
2022-03-02 20:00:00,2022-03-02 21:00:00,28.1,23.88,63.7,44.4264,26.1406
2022-03-02 21:00:00,2022-03-02 22:00:00,33.58,28.24,57.84,44.4264,26.1406
2022-03-02 22:00:00,2022-03-02 23:00:00,32.1,26.95,49.38,44.4264,26.1406
2022-03-02 23:00:00,2022-03-03 00:00:00,26.14,21.44,17.02,44.4264,26.1406
2022-03-03 00:00:00,2022-03-03 01:00:00,17.25,14.54,11.38,44.4264,26.1406
2022-03-03 01:00:00,2022-03-03 02:00:00,14.18,12.47,10.92,44.4264,26.1406
2022-03-03 02:00:00,2022-03-03 03:00:00,13.31,11.72,10.68,44.4264,26.1406
2022-03-03 03:00:00,2022-03-03 04:00:00,13.94,12.86,12.75,44.4264,26.1406
2022-03-03 04:00:00,2022-03-03 05:00:00,14.28,12.02,17.34,44.4264,26.1406
2022-03-03 05:00:00,2022-03-03 06:00:00,16.18,13.45,24.67,44.4264,26.1406
2022-03-03 06:00:00,2022-03-03 07:00:00,16.37,13.17,20.09,44.4264,26.1406
2022-03-03 07:00:00,2022-03-03 08:00:00,17.43,13.7,29.01,44.4264,26.1406
2022-03-03 08:00:00,2022-03-03 09:00:00,19.28,15.22,25.67,44.4264,26.1406
2022-03-03 10:00:00,2022-03-03 11:00:00,34.62,32.47,26.36,44.4264,26.1406
2022-03-03 11:00:00,2022-03-03 12:00:00,44.68,37.18,43.29,44.4264,26.1406
2022-03-03 12:00:00,2022-03-03 13:00:00,52.12,39.57,42.96,44.4264,26.1406
2022-03-03 13:00:00,2022-03-03 14:00:00,44.97,33.4,26.84,44.4264,26.1406
2022-03-03 14:00:00,2022-03-03 15:00:00,28.32,22.07,14.86,44.4264,26.1406
2022-03-03 15:00:00,2022-03-03 16:00:00,20.79,15.98,13.11,44.4264,26.1406
2022-03-03 16:00:00,2022-03-03 17:00:00,20.78,13.62,27.86,44.4264,26.1406
2022-03-03 17:00:00,2022-03-03 18:00:00,31.2,19.6,42.97,44.4264,26.1406
2022-03-03 18:00:00,2022-03-03 19:00:00,38.47,22.91,61.99,44.4264,26.1406
2022-03-03 19:00:00,2022-03-03 20:00:00,44.63,26.24,71.32,44.4264,26.1406
2022-03-03 20:00:00,2022-03-03 21:00:00,50.75,28.32,65.34,44.4264,26.1406
2022-03-03 21:00:00,2022-03-03 22:00:00,48.23,30.38,51.2,44.4264,26.1406
2022-03-03 22:00:00,2022-03-03 23:00:00,39.96,27.84,40.39,44.4264,26.1406
2022-03-03 23:00:00,2022-03-04 00:00:00,28.92,21.78,22.16,44.4264,26.1406
2022-03-04 00:00:00,2022-03-04 01:00:00,19.83,16.13,24.15,44.4264,26.1406
2022-03-04 01:00:00,2022-03-04 02:00:00,21.78,18.72,21.97,44.4264,26.1406
2022-03-04 02:00:00,2022-03-04 03:00:00,20.6,18.0,14.57,44.4264,26.1406
2022-03-04 03:00:00,2022-03-04 04:00:00,23.59,20.33,18.1,44.4264,26.1406
2022-03-04 04:00:00,2022-03-04 05:00:00,21.15,18.33,17.6,44.4264,26.1406
2022-03-04 05:00:00,2022-03-04 06:00:00,20.85,16.32,28.74,44.4264,26.1406
2022-03-04 06:00:00,2022-03-04 07:00:00,25.84,17.7,34.43,44.4264,26.1406
2022-03-04 07:00:00,2022-03-04 08:00:00,31.03,19.39,35.31,44.4264,26.1406
2022-03-04 08:00:00,2022-03-04 09:00:00,31.34,20.57,23.61,44.4264,26.1406
2022-03-04 09:00:00,2022-03-04 10:00:00,29.16,20.22,22.39,44.4264,26.1406
2022-03-04 11:00:00,2022-03-04 12:00:00,26.11,19.29,19.56,44.4264,26.1406
2022-03-04 12:00:00,2022-03-04 13:00:00,29.33,23.4,18.83,44.4264,26.1406
2022-03-04 13:00:00,2022-03-04 14:00:00,32.47,23.85,20.59,44.4264,26.1406
2022-03-04 14:00:00,2022-03-04 15:00:00,26.66,21.72,19.42,44.4264,26.1406
2022-03-04 15:00:00,2022-03-04 16:00:00,26.61,20.7,21.15,44.4264,26.1406
2022-03-04 16:00:00,2022-03-04 17:00:00,27.42,20.48,27.64,44.4264,26.1406
2022-03-04 17:00:00,2022-03-04 18:00:00,29.49,21.57,36.16,44.4264,26.1406
2022-03-04 18:00:00,2022-03-04 19:00:00,30.61,21.41,40.88,44.4264,26.1406
2022-03-04 19:00:00,2022-03-04 20:00:00,33.76,22.84,45.74,44.4264,26.1406
2022-03-04 20:00:00,2022-03-04 21:00:00,34.17,22.46,41.29,44.4264,26.1406
2022-03-04 21:00:00,2022-03-04 22:00:00,29.92,19.46,43.93,44.4264,26.1406
2022-03-04 22:00:00,2022-03-04 23:00:00,32.36,21.91,43.75,44.4264,26.1406
2022-03-04 23:00:00,2022-03-05 00:00:00,32.78,24.33,29.61,44.4264,26.1406
2022-03-05 00:00:00,2022-03-05 01:00:00,32.53,27.75,16.15,44.4264,26.1406
2022-03-05 01:00:00,2022-03-05 02:00:00,25.24,22.08,10.7,44.4264,26.1406
2022-03-05 02:00:00,2022-03-05 03:00:00,18.42,15.33,10.16,44.4264,26.1406
2022-03-05 03:00:00,2022-03-05 04:00:00,15.78,12.28,11.44,44.4264,26.1406
2022-03-05 04:00:00,2022-03-05 05:00:00,19.31,15.02,13.34,44.4264,26.1406
2022-03-05 05:00:00,2022-03-05 06:00:00,24.07,19.79,15.76,44.4264,26.1406
2022-03-05 06:00:00,2022-03-05 07:00:00,25.99,21.42,18.49,44.4264,26.1406
2022-03-05 07:00:00,2022-03-05 08:00:00,29.82,23.97,17.18,44.4264,26.1406
2022-03-05 08:00:00,2022-03-05 09:00:00,33.11,26.45,16.46,44.4264,26.1406
2022-03-05 09:00:00,2022-03-05 10:00:00,33.45,26.99,14.81,44.4264,26.1406
2022-03-05 10:00:00,2022-03-05 11:00:00,33.12,26.21,13.65,44.4264,26.1406
2022-03-05 12:00:00,2022-03-05 13:00:00,26.49,20.89,14.66,44.4264,26.1406
2022-03-05 13:00:00,2022-03-05 14:00:00,28.22,21.66,16.18,44.4264,26.1406
2022-03-05 14:00:00,2022-03-05 15:00:00,27.52,21.96,13.77,44.4264,26.1406
2022-03-05 15:00:00,2022-03-05 16:00:00,28.37,22.82,14.62,44.4264,26.1406
2022-03-05 16:00:00,2022-03-05 17:00:00,26.11,21.97,14.78,44.4264,26.1406
2022-03-05 17:00:00,2022-03-05 18:00:00,24.75,19.97,19.09,44.4264,26.1406
2022-03-05 18:00:00,2022-03-05 19:00:00,29.75,24.29,28.46,44.4264,26.1406
2022-03-05 19:00:00,2022-03-05 20:00:00,35.26,28.15,39.67,44.4264,26.1406
2022-03-05 20:00:00,2022-03-05 21:00:00,38.65,31.12,33.16,44.4264,26.1406
2022-03-05 21:00:00,2022-03-05 22:00:00,38.37,31.64,22.57,44.4264,26.1406
2022-03-05 22:00:00,2022-03-05 23:00:00,30.42,25.07,13.97,44.4264,26.1406
2022-03-05 23:00:00,2022-03-06 00:00:00,13.35,10.0,12.84,44.4264,26.1406
2022-03-06 00:00:00,2022-03-06 01:00:00,9.26,7.37,11.46,44.4264,26.1406
2022-03-06 01:00:00,2022-03-06 02:00:00,12.33,10.73,10.93,44.4264,26.1406
2022-03-06 02:00:00,2022-03-06 03:00:00,12.63,11.06,10.13,44.4264,26.1406
2022-03-06 03:00:00,2022-03-06 04:00:00,12.0,9.97,9.9,44.4264,26.1406
2022-03-06 04:00:00,2022-03-06 05:00:00,14.4,12.87,10.72,44.4264,26.1406
2022-03-06 05:00:00,2022-03-06 06:00:00,12.89,10.99,12.2,44.4264,26.1406
2022-03-06 06:00:00,2022-03-06 07:00:00,11.51,8.64,9.72,44.4264,26.1406
2022-03-06 07:00:00,2022-03-06 08:00:00,12.4,9.31,10.11,44.4264,26.1406
2022-03-06 08:00:00,2022-03-06 09:00:00,11.24,7.42,9.05,44.4264,26.1406
2022-03-06 09:00:00,2022-03-06 10:00:00,15.36,8.52,8.91,44.4264,26.1406
2022-03-06 10:00:00,2022-03-06 11:00:00,11.86,7.73,9.66,44.4264,26.1406
2022-03-06 11:00:00,2022-03-06 12:00:00,12.81,8.81,9.29,44.4264,26.1406
2022-03-06 13:00:00,2022-03-06 14:00:00,14.64,10.19,11.48,44.4264,26.1406
2022-03-06 14:00:00,2022-03-06 15:00:00,9.97,5.79,11.45,44.4264,26.1406
2022-03-06 15:00:00,2022-03-06 16:00:00,10.59,6.53,11.56,44.4264,26.1406
2022-03-06 16:00:00,2022-03-06 17:00:00,11.94,7.96,11.41,44.4264,26.1406
2022-03-06 17:00:00,2022-03-06 18:00:00,13.1,10.01,16.24,44.4264,26.1406
2022-03-06 18:00:00,2022-03-06 19:00:00,16.88,12.69,17.08,44.4264,26.1406
2022-03-06 19:00:00,2022-03-06 20:00:00,16.95,12.92,16.38,44.4264,26.1406
2022-03-06 20:00:00,2022-03-06 21:00:00,18.05,13.36,14.55,44.4264,26.1406
2022-03-06 21:00:00,2022-03-06 22:00:00,20.26,16.77,20.6,44.4264,26.1406
2022-03-06 22:00:00,2022-03-06 23:00:00,25.41,23.28,17.61,44.4264,26.1406
2022-03-06 23:00:00,2022-03-07 00:00:00,30.09,26.56,13.81,44.4264,26.1406
2022-03-07 00:00:00,2022-03-07 01:00:00,24.4,21.19,10.32,44.4264,26.1406
2022-03-07 01:00:00,2022-03-07 02:00:00,23.44,21.53,10.24,44.4264,26.1406
2022-03-07 02:00:00,2022-03-07 03:00:00,19.54,18.33,8.95,44.4264,26.1406
2022-03-07 03:00:00,2022-03-07 04:00:00,8.34,8.04,10.03,44.4264,26.1406
2022-03-07 04:00:00,2022-03-07 05:00:00,12.48,10.64,13.38,44.4264,26.1406
2022-03-07 05:00:00,2022-03-07 06:00:00,11.78,9.25,19.98,44.4264,26.1406
2022-03-07 06:00:00,2022-03-07 07:00:00,12.79,10.46,19.82,44.4264,26.1406
2022-03-07 07:00:00,2022-03-07 08:00:00,12.05,9.48,17.84,44.4264,26.1406
2022-03-07 08:00:00,2022-03-07 09:00:00,12.86,10.42,18.28,44.4264,26.1406
2022-03-07 09:00:00,2022-03-07 10:00:00,8.59,5.52,15.73,44.4264,26.1406
2022-03-07 10:00:00,2022-03-07 11:00:00,13.72,11.31,13.14,44.4264,26.1406
2022-03-07 11:00:00,2022-03-07 12:00:00,12.06,10.57,11.86,44.4264,26.1406
2022-03-07 12:00:00,2022-03-07 13:00:00,14.47,11.4,11.65,44.4264,26.1406
2022-03-07 14:00:00,2022-03-07 15:00:00,9.12,6.69,7.42,44.4264,26.1406
2022-03-07 15:00:00,2022-03-07 16:00:00,13.89,12.93,6.48,44.4264,26.1406
2022-03-07 16:00:00,2022-03-07 17:00:00,10.25,8.33,9.9,44.4264,26.1406
2022-03-07 17:00:00,2022-03-07 18:00:00,14.44,12.11,17.07,44.4264,26.1406
2022-03-07 18:00:00,2022-03-07 19:00:00,17.59,13.94,19.0,44.4264,26.1406
2022-03-07 19:00:00,2022-03-07 20:00:00,20.13,16.57,20.46,44.4264,26.1406
2022-03-07 20:00:00,2022-03-07 21:00:00,18.01,14.97,19.12,44.4264,26.1406
2022-03-07 21:00:00,2022-03-07 22:00:00,16.85,14.01,17.51,44.4264,26.1406
2022-03-07 22:00:00,2022-03-07 23:00:00,15.98,14.41,14.26,44.4264,26.1406
2022-03-07 23:00:00,2022-03-08 00:00:00,16.46,14.63,11.43,44.4264,26.1406
2022-03-08 00:00:00,2022-03-08 01:00:00,16.28,15.62,12.48,44.4264,26.1406
2022-03-08 01:00:00,2022-03-08 02:00:00,18.42,17.56,10.11,44.4264,26.1406
2022-03-08 02:00:00,2022-03-08 03:00:00,15.86,14.53,8.73,44.4264,26.1406
2022-03-08 03:00:00,2022-03-08 04:00:00,14.78,11.83,8.58,44.4264,26.1406
2022-03-08 04:00:00,2022-03-08 05:00:00,17.07,14.9,10.0,44.4264,26.1406
2022-03-08 05:00:00,2022-03-08 06:00:00,18.47,16.54,14.83,44.4264,26.1406
2022-03-08 06:00:00,2022-03-08 07:00:00,20.69,18.52,21.25,44.4264,26.1406
2022-03-08 07:00:00,2022-03-08 08:00:00,26.49,23.36,25.49,44.4264,26.1406
2022-03-08 08:00:00,2022-03-08 09:00:00,24.84,20.56,25.91,44.4264,26.1406
2022-03-08 09:00:00,2022-03-08 10:00:00,24.34,19.64,23.84,44.4264,26.1406
2022-03-08 10:00:00,2022-03-08 11:00:00,23.96,19.3,20.1,44.4264,26.1406
2022-03-08 11:00:00,2022-03-08 12:00:00,23.9,18.59,14.14,44.4264,26.1406
2022-03-08 12:00:00,2022-03-08 13:00:00,20.67,17.46,12.11,44.4264,26.1406
2022-03-08 13:00:00,2022-03-08 14:00:00,24.03,19.4,13.26,44.4264,26.1406
2022-03-08 15:00:00,2022-03-08 16:00:00,27.66,21.58,24.3,44.4264,26.1406
2022-03-08 16:00:00,2022-03-08 17:00:00,29.99,24.39,24.82,44.4264,26.1406
2022-03-08 17:00:00,2022-03-08 18:00:00,26.74,22.13,27.36,44.4264,26.1406
2022-03-08 18:00:00,2022-03-08 19:00:00,27.56,22.52,36.64,44.4264,26.1406
2022-03-08 19:00:00,2022-03-08 20:00:00,30.9,24.78,26.47,44.4264,26.1406
2022-03-08 20:00:00,2022-03-08 21:00:00,34.56,29.49,28.91,44.4264,26.1406
2022-03-08 21:00:00,2022-03-08 22:00:00,34.6,30.08,37.5,44.4264,26.1406
2022-03-08 22:00:00,2022-03-08 23:00:00,32.57,28.48,40.1,44.4264,26.1406
2022-03-08 23:00:00,2022-03-09 00:00:00,33.55,29.77,36.3,44.4264,26.1406
2022-03-09 00:00:00,2022-03-09 01:00:00,33.76,29.88,43.03,44.4264,26.1406
2022-03-09 01:00:00,2022-03-09 02:00:00,34.65,30.35,34.91,44.4264,26.1406
2022-03-09 02:00:00,2022-03-09 03:00:00,31.27,28.68,26.91,44.4264,26.1406
2022-03-09 03:00:00,2022-03-09 04:00:00,33.18,31.0,30.29,44.4264,26.1406
2022-03-09 04:00:00,2022-03-09 05:00:00,32.71,29.72,32.42,44.4264,26.1406
2022-03-09 05:00:00,2022-03-09 06:00:00,38.66,35.17,36.0,44.4264,26.1406
2022-03-09 06:00:00,2022-03-09 07:00:00,28.2,25.48,28.52,44.4264,26.1406
2022-03-09 07:00:00,2022-03-09 08:00:00,10.46,6.87,25.26,44.4264,26.1406
2022-03-09 08:00:00,2022-03-09 09:00:00,13.74,8.41,20.09,44.4264,26.1406
2022-03-09 09:00:00,2022-03-09 10:00:00,11.25,6.42,20.53,44.4264,26.1406
2022-03-09 10:00:00,2022-03-09 11:00:00,12.81,9.24,23.64,44.4264,26.1406
2022-03-09 11:00:00,2022-03-09 12:00:00,14.53,11.41,26.04,44.4264,26.1406
2022-03-09 12:00:00,2022-03-09 13:00:00,10.49,7.41,20.6,44.4264,26.1406
2022-03-09 13:00:00,2022-03-09 14:00:00,11.35,7.55,22.49,44.4264,26.1406
2022-03-09 14:00:00,2022-03-09 15:00:00,13.11,7.36,21.96,44.4264,26.1406
2022-03-09 16:00:00,2022-03-09 17:00:00,13.16,6.62,21.78,44.4264,26.1406
2022-03-09 17:00:00,2022-03-09 18:00:00,16.2,11.12,21.4,44.4264,26.1406
2022-03-09 18:00:00,2022-03-09 19:00:00,16.38,11.56,32.17,44.4264,26.1406
2022-03-09 19:00:00,2022-03-09 20:00:00,8.79,2.93,40.58,44.4264,26.1406
2022-03-09 20:00:00,2022-03-09 21:00:00,17.81,12.8,46.42,44.4264,26.1406
2022-03-09 21:00:00,2022-03-09 22:00:00,20.89,17.13,43.14,44.4264,26.1406
2022-03-09 22:00:00,2022-03-09 23:00:00,21.56,18.79,44.27,44.4264,26.1406
2022-03-09 23:00:00,2022-03-10 00:00:00,26.82,24.16,45.62,44.4264,26.1406
2022-03-10 00:00:00,2022-03-10 01:00:00,31.03,28.69,32.41,44.4264,26.1406
2022-03-10 01:00:00,2022-03-10 02:00:00,28.92,27.72,15.79,44.4264,26.1406
2022-03-10 02:00:00,2022-03-10 03:00:00,25.02,24.16,19.68,44.4264,26.1406
2022-03-10 03:00:00,2022-03-10 04:00:00,22.12,20.65,11.41,44.4264,26.1406
2022-03-10 04:00:00,2022-03-10 05:00:00,13.26,12.3,13.88,44.4264,26.1406
2022-03-10 05:00:00,2022-03-10 06:00:00,12.79,11.26,27.02,44.4264,26.1406
2022-03-10 06:00:00,2022-03-10 07:00:00,20.13,17.23,34.39,44.4264,26.1406
2022-03-10 07:00:00,2022-03-10 08:00:00,23.24,18.29,21.02,44.4264,26.1406
2022-03-10 08:00:00,2022-03-10 09:00:00,18.63,13.09,9.79,44.4264,26.1406
2022-03-10 09:00:00,2022-03-10 10:00:00,14.18,10.39,9.04,44.4264,26.1406
2022-03-10 10:00:00,2022-03-10 11:00:00,15.73,11.57,9.51,44.4264,26.1406
2022-03-10 11:00:00,2022-03-10 12:00:00,13.72,9.67,8.53,44.4264,26.1406
2022-03-10 12:00:00,2022-03-10 13:00:00,17.83,13.11,10.0,44.4264,26.1406
2022-03-10 13:00:00,2022-03-10 14:00:00,15.39,11.73,12.21,44.4264,26.1406
2022-03-10 14:00:00,2022-03-10 15:00:00,15.56,9.82,12.78,44.4264,26.1406
2022-03-10 15:00:00,2022-03-10 16:00:00,12.82,8.32,11.72,44.4264,26.1406
2022-03-10 17:00:00,2022-03-10 18:00:00,15.15,10.54,25.26,44.4264,26.1406
2022-03-10 18:00:00,2022-03-10 19:00:00,13.18,8.0,19.71,44.4264,26.1406
2022-03-10 19:00:00,2022-03-10 20:00:00,16.26,10.75,21.76,44.4264,26.1406
2022-03-10 20:00:00,2022-03-10 21:00:00,14.65,10.28,15.91,44.4264,26.1406
2022-03-10 21:00:00,2022-03-10 22:00:00,12.81,10.3,14.37,44.4264,26.1406
2022-03-10 22:00:00,2022-03-10 23:00:00,14.54,12.29,10.89,44.4264,26.1406
2022-03-10 23:00:00,2022-03-11 00:00:00,13.2,11.51,9.28,44.4264,26.1406
2022-03-11 00:00:00,2022-03-11 01:00:00,12.16,10.68,9.78,44.4264,26.1406
2022-03-11 01:00:00,2022-03-11 02:00:00,11.16,9.35,7.49,44.4264,26.1406
2022-03-11 02:00:00,2022-03-11 03:00:00,10.62,9.07,9.15,44.4264,26.1406
2022-03-11 03:00:00,2022-03-11 04:00:00,12.92,11.32,10.68,44.4264,26.1406
2022-03-11 04:00:00,2022-03-11 05:00:00,15.85,14.59,12.97,44.4264,26.1406
2022-03-11 05:00:00,2022-03-11 06:00:00,17.36,15.41,19.95,44.4264,26.1406
2022-03-11 06:00:00,2022-03-11 07:00:00,22.21,16.86,26.55,44.4264,26.1406
2022-03-11 07:00:00,2022-03-11 08:00:00,20.46,15.37,14.36,44.4264,26.1406
2022-03-11 08:00:00,2022-03-11 09:00:00,16.27,14.1,7.48,44.4264,26.1406
2022-03-11 09:00:00,2022-03-11 10:00:00,15.94,13.5,6.84,44.4264,26.1406
2022-03-11 10:00:00,2022-03-11 11:00:00,15.01,12.57,5.35,44.4264,26.1406
2022-03-11 11:00:00,2022-03-11 12:00:00,15.35,12.74,5.19,44.4264,26.1406
2022-03-11 12:00:00,2022-03-11 13:00:00,13.77,11.95,5.26,44.4264,26.1406
2022-03-11 13:00:00,2022-03-11 14:00:00,12.6,11.18,5.12,44.4264,26.1406
2022-03-11 14:00:00,2022-03-11 15:00:00,8.5,6.31,5.52,44.4264,26.1406
2022-03-11 15:00:00,2022-03-11 16:00:00,14.46,11.87,7.63,44.4264,26.1406
2022-03-11 16:00:00,2022-03-11 17:00:00,13.56,10.7,10.63,44.4264,26.1406
2022-03-11 18:00:00,2022-03-11 19:00:00,21.2,12.34,22.45,44.4264,26.1406
2022-03-11 19:00:00,2022-03-11 20:00:00,15.27,8.78,13.16,44.4264,26.1406
2022-03-11 20:00:00,2022-03-11 21:00:00,9.78,7.23,8.96,44.4264,26.1406
2022-03-11 21:00:00,2022-03-11 22:00:00,9.63,8.22,14.38,44.4264,26.1406
2022-03-11 22:00:00,2022-03-11 23:00:00,12.14,8.93,21.28,44.4264,26.1406
2022-03-11 23:00:00,2022-03-12 00:00:00,15.16,9.26,12.48,44.4264,26.1406
2022-03-12 00:00:00,2022-03-12 01:00:00,17.88,12.88,10.85,44.4264,26.1406
2022-03-12 01:00:00,2022-03-12 02:00:00,17.61,13.49,11.26,44.4264,26.1406
2022-03-12 02:00:00,2022-03-12 03:00:00,16.03,11.49,11.12,44.4264,26.1406
2022-03-12 03:00:00,2022-03-12 04:00:00,17.31,13.27,14.4,44.4264,26.1406
2022-03-12 04:00:00,2022-03-12 05:00:00,18.8,15.23,30.91,44.4264,26.1406
2022-03-12 05:00:00,2022-03-12 06:00:00,21.95,17.83,25.35,44.4264,26.1406
2022-03-12 06:00:00,2022-03-12 07:00:00,20.98,16.78,27.0,44.4264,26.1406
2022-03-12 07:00:00,2022-03-12 08:00:00,20.83,16.56,18.08,44.4264,26.1406
2022-03-12 08:00:00,2022-03-12 09:00:00,23.99,20.5,9.64,44.4264,26.1406
2022-03-12 09:00:00,2022-03-12 10:00:00,21.04,16.86,7.68,44.4264,26.1406
2022-03-12 10:00:00,2022-03-12 11:00:00,14.95,10.49,7.4,44.4264,26.1406
2022-03-12 11:00:00,2022-03-12 12:00:00,14.04,9.81,5.79,44.4264,26.1406
2022-03-12 12:00:00,2022-03-12 13:00:00,12.13,8.42,5.83,44.4264,26.1406
2022-03-12 13:00:00,2022-03-12 14:00:00,15.54,12.89,5.36,44.4264,26.1406
2022-03-12 14:00:00,2022-03-12 15:00:00,12.57,9.83,5.15,44.4264,26.1406
2022-03-12 15:00:00,2022-03-12 16:00:00,11.92,8.13,5.17,44.4264,26.1406
2022-03-12 16:00:00,2022-03-12 17:00:00,15.54,13.18,6.33,44.4264,26.1406
2022-03-12 17:00:00,2022-03-12 18:00:00,15.27,11.36,15.69,44.4264,26.1406
2022-03-12 19:00:00,2022-03-12 20:00:00,27.6,21.61,24.23,44.4264,26.1406
2022-03-12 20:00:00,2022-03-12 21:00:00,27.45,21.84,23.99,44.4264,26.1406
2022-03-12 21:00:00,2022-03-12 22:00:00,25.08,21.43,15.63,44.4264,26.1406
2022-03-12 22:00:00,2022-03-12 23:00:00,24.64,22.13,15.2,44.4264,26.1406
2022-03-12 23:00:00,2022-03-13 00:00:00,24.35,21.31,11.42,44.4264,26.1406
2022-03-13 00:00:00,2022-03-13 01:00:00,20.64,17.79,10.14,44.4264,26.1406
2022-03-13 01:00:00,2022-03-13 02:00:00,19.99,17.43,9.17,44.4264,26.1406
2022-03-13 02:00:00,2022-03-13 03:00:00,19.14,17.23,9.77,44.4264,26.1406
2022-03-13 03:00:00,2022-03-13 04:00:00,20.62,17.88,8.98,44.4264,26.1406
2022-03-13 04:00:00,2022-03-13 05:00:00,21.37,18.9,9.71,44.4264,26.1406
2022-03-13 05:00:00,2022-03-13 06:00:00,21.61,18.85,15.28,44.4264,26.1406
2022-03-13 06:00:00,2022-03-13 07:00:00,23.44,20.1,19.52,44.4264,26.1406
2022-03-13 07:00:00,2022-03-13 08:00:00,24.45,20.53,19.6,44.4264,26.1406
2022-03-13 08:00:00,2022-03-13 09:00:00,24.93,19.83,15.64,44.4264,26.1406
2022-03-13 09:00:00,2022-03-13 10:00:00,26.56,21.31,24.83,44.4264,26.1406
2022-03-13 10:00:00,2022-03-13 11:00:00,32.36,24.5,23.6,44.4264,26.1406
2022-03-13 11:00:00,2022-03-13 12:00:00,34.71,27.3,13.55,44.4264,26.1406
2022-03-13 12:00:00,2022-03-13 13:00:00,25.22,21.06,10.86,44.4264,26.1406
2022-03-13 13:00:00,2022-03-13 14:00:00,25.42,20.03,9.1,44.4264,26.1406
2022-03-13 14:00:00,2022-03-13 15:00:00,19.97,15.54,8.03,44.4264,26.1406
2022-03-13 15:00:00,2022-03-13 16:00:00,18.81,15.96,8.13,44.4264,26.1406
2022-03-13 16:00:00,2022-03-13 17:00:00,21.11,17.29,14.21,44.4264,26.1406
2022-03-13 17:00:00,2022-03-13 18:00:00,24.91,18.52,20.53,44.4264,26.1406
2022-03-13 18:00:00,2022-03-13 19:00:00,28.58,21.37,32.36,44.4264,26.1406
2022-03-13 20:00:00,2022-03-13 21:00:00,30.86,20.66,36.34,44.4264,26.1406
2022-03-13 21:00:00,2022-03-13 22:00:00,29.88,20.25,29.72,44.4264,26.1406
2022-03-13 22:00:00,2022-03-13 23:00:00,28.77,20.72,35.43,44.4264,26.1406
2022-03-13 23:00:00,2022-03-14 00:00:00,29.6,21.86,37.78,44.4264,26.1406
2022-03-14 00:00:00,2022-03-14 01:00:00,32.51,26.35,42.33,44.4264,26.1406
2022-03-14 01:00:00,2022-03-14 02:00:00,42.33,35.4,43.33,44.4264,26.1406
2022-03-14 02:00:00,2022-03-14 03:00:00,37.51,31.49,31.83,44.4264,26.1406
2022-03-14 03:00:00,2022-03-14 04:00:00,37.04,31.62,32.52,44.4264,26.1406
2022-03-14 04:00:00,2022-03-14 05:00:00,36.11,30.12,33.78,44.4264,26.1406
2022-03-14 05:00:00,2022-03-14 06:00:00,37.69,32.07,33.83,44.4264,26.1406
2022-03-14 06:00:00,2022-03-14 07:00:00,39.59,32.62,46.59,44.4264,26.1406
2022-03-14 07:00:00,2022-03-14 08:00:00,38.68,24.92,30.67,44.4264,26.1406
2022-03-14 08:00:00,2022-03-14 09:00:00,32.74,23.15,17.51,44.4264,26.1406
2022-03-14 09:00:00,2022-03-14 10:00:00,27.63,20.59,12.86,44.4264,26.1406
2022-03-14 10:00:00,2022-03-14 11:00:00,30.67,25.69,10.0,44.4264,26.1406
2022-03-14 11:00:00,2022-03-14 12:00:00,23.85,19.76,9.46,44.4264,26.1406
2022-03-14 12:00:00,2022-03-14 13:00:00,25.97,21.49,8.7,44.4264,26.1406
2022-03-14 13:00:00,2022-03-14 14:00:00,25.83,21.56,10.79,44.4264,26.1406
2022-03-14 14:00:00,2022-03-14 15:00:00,30.58,24.32,11.87,44.4264,26.1406
2022-03-14 15:00:00,2022-03-14 16:00:00,34.19,27.35,13.43,44.4264,26.1406
2022-03-14 16:00:00,2022-03-14 17:00:00,34.61,25.91,17.68,44.4264,26.1406
2022-03-14 17:00:00,2022-03-14 18:00:00,32.76,22.9,26.37,44.4264,26.1406
2022-03-14 18:00:00,2022-03-14 19:00:00,40.62,28.27,33.32,44.4264,26.1406
2022-03-14 19:00:00,2022-03-14 20:00:00,40.76,27.32,27.77,44.4264,26.1406
2022-03-14 21:00:00,2022-03-14 22:00:00,33.0,25.83,18.71,44.4264,26.1406
2022-03-14 22:00:00,2022-03-14 23:00:00,30.72,25.28,23.3,44.4264,26.1406
2022-03-14 23:00:00,2022-03-15 00:00:00,31.61,26.97,18.56,44.4264,26.1406
2022-03-15 00:00:00,2022-03-15 01:00:00,33.33,28.57,21.49,44.4264,26.1406
2022-03-15 01:00:00,2022-03-15 02:00:00,35.62,30.29,29.63,44.4264,26.1406
2022-03-15 02:00:00,2022-03-15 03:00:00,31.57,26.31,15.73,44.4264,26.1406
2022-03-15 03:00:00,2022-03-15 04:00:00,30.55,27.08,16.33,44.4264,26.1406
2022-03-15 04:00:00,2022-03-15 05:00:00,32.73,28.57,18.08,44.4264,26.1406
2022-03-15 05:00:00,2022-03-15 06:00:00,37.1,31.36,39.98,44.4264,26.1406
2022-03-15 06:00:00,2022-03-15 07:00:00,48.37,35.26,45.46,44.4264,26.1406
2022-03-15 07:00:00,2022-03-15 08:00:00,52.27,40.12,28.74,44.4264,26.1406
2022-03-15 08:00:00,2022-03-15 09:00:00,56.48,44.85,20.7,44.4264,26.1406
2022-03-15 09:00:00,2022-03-15 10:00:00,52.88,41.87,27.97,44.4264,26.1406
2022-03-15 10:00:00,2022-03-15 11:00:00,54.04,38.4,21.18,44.4264,26.1406
2022-03-15 11:00:00,2022-03-15 12:00:00,42.34,31.0,14.35,44.4264,26.1406
2022-03-15 12:00:00,2022-03-15 13:00:00,31.24,22.76,10.78,44.4264,26.1406
2022-03-15 13:00:00,2022-03-15 14:00:00,23.56,16.59,10.38,44.4264,26.1406
2022-03-15 14:00:00,2022-03-15 15:00:00,25.39,18.16,12.22,44.4264,26.1406
2022-03-15 15:00:00,2022-03-15 16:00:00,25.01,18.78,13.21,44.4264,26.1406
2022-03-15 16:00:00,2022-03-15 17:00:00,27.63,20.6,19.17,44.4264,26.1406
2022-03-15 17:00:00,2022-03-15 18:00:00,29.11,19.38,34.3,44.4264,26.1406
2022-03-15 18:00:00,2022-03-15 19:00:00,35.35,24.18,41.55,44.4264,26.1406
2022-03-15 19:00:00,2022-03-15 20:00:00,44.33,31.07,63.62,44.4264,26.1406
2022-03-15 20:00:00,2022-03-15 21:00:00,51.3,35.44,54.04,44.4264,26.1406
2022-03-15 22:00:00,2022-03-15 23:00:00,57.93,39.59,64.94,44.4264,26.1406
2022-03-15 23:00:00,2022-03-16 00:00:00,76.88,61.37,71.2,44.4264,26.1406
2022-03-16 00:00:00,2022-03-16 01:00:00,84.16,70.22,70.35,44.4264,26.1406
2022-03-16 01:00:00,2022-03-16 02:00:00,72.28,58.59,62.64,44.4264,26.1406
2022-03-16 02:00:00,2022-03-16 03:00:00,76.12,63.41,58.69,44.4264,26.1406
2022-03-16 03:00:00,2022-03-16 04:00:00,82.45,73.46,57.36,44.4264,26.1406
2022-03-16 04:00:00,2022-03-16 05:00:00,79.72,70.64,50.47,44.4264,26.1406
2022-03-16 05:00:00,2022-03-16 06:00:00,75.76,66.53,44.06,44.4264,26.1406
2022-03-16 06:00:00,2022-03-16 07:00:00,78.51,69.49,44.59,44.4264,26.1406
2022-03-16 07:00:00,2022-03-16 08:00:00,94.48,79.27,53.15,44.4264,26.1406
2022-03-16 08:00:00,2022-03-16 09:00:00,124.28,93.58,68.25,44.4264,26.1406
2022-03-16 09:00:00,2022-03-16 10:00:00,104.14,73.45,76.94,44.4264,26.1406
2022-03-16 10:00:00,2022-03-16 11:00:00,80.36,49.5,70.56,44.4264,26.1406
2022-03-16 11:00:00,2022-03-16 12:00:00,87.81,56.1,68.57,44.4264,26.1406
2022-03-16 12:00:00,2022-03-16 13:00:00,87.48,55.28,62.07,44.4264,26.1406
2022-03-16 13:00:00,2022-03-16 14:00:00,82.21,55.25,63.39,44.4264,26.1406
2022-03-16 14:00:00,2022-03-16 15:00:00,92.43,62.59,68.07,44.4264,26.1406
2022-03-16 15:00:00,2022-03-16 16:00:00,89.41,60.73,47.89,44.4264,26.1406
2022-03-16 16:00:00,2022-03-16 17:00:00,71.7,51.47,25.67,44.4264,26.1406
2022-03-16 17:00:00,2022-03-16 18:00:00,69.13,55.36,30.73,44.4264,26.1406
2022-03-16 18:00:00,2022-03-16 19:00:00,78.5,65.05,32.05,44.4264,26.1406
2022-03-16 19:00:00,2022-03-16 20:00:00,73.13,59.09,28.26,44.4264,26.1406
2022-03-16 20:00:00,2022-03-16 21:00:00,52.88,39.91,19.14,44.4264,26.1406
2022-03-16 21:00:00,2022-03-16 22:00:00,36.39,23.11,14.92,44.4264,26.1406
2022-03-16 23:00:00,2022-03-17 00:00:00,25.09,11.35,9.74,44.4264,26.1406
2022-03-17 00:00:00,2022-03-17 01:00:00,18.94,8.39,9.04,44.4264,26.1406
2022-03-17 01:00:00,2022-03-17 02:00:00,13.42,6.1,9.08,44.4264,26.1406
2022-03-17 02:00:00,2022-03-17 03:00:00,13.66,7.53,8.63,44.4264,26.1406
2022-03-17 03:00:00,2022-03-17 04:00:00,13.88,8.03,10.59,44.4264,26.1406
2022-03-17 04:00:00,2022-03-17 05:00:00,11.05,6.12,10.63,44.4264,26.1406
2022-03-17 05:00:00,2022-03-17 06:00:00,18.97,10.77,16.19,44.4264,26.1406
2022-03-17 06:00:00,2022-03-17 07:00:00,17.73,9.73,19.36,44.4264,26.1406
2022-03-17 07:00:00,2022-03-17 08:00:00,19.94,10.66,17.05,44.4264,26.1406
2022-03-17 08:00:00,2022-03-17 09:00:00,22.4,11.13,13.49,44.4264,26.1406
2022-03-17 09:00:00,2022-03-17 10:00:00,22.29,7.3,12.68,44.4264,26.1406
2022-03-17 10:00:00,2022-03-17 11:00:00,29.45,10.06,11.46,44.4264,26.1406
2022-03-17 11:00:00,2022-03-17 12:00:00,21.2,9.85,12.99,44.4264,26.1406
2022-03-17 12:00:00,2022-03-17 13:00:00,13.26,5.5,12.2,44.4264,26.1406
2022-03-17 13:00:00,2022-03-17 14:00:00,20.16,11.58,12.0,44.4264,26.1406
2022-03-17 14:00:00,2022-03-17 15:00:00,21.98,11.89,14.08,44.4264,26.1406
2022-03-17 15:00:00,2022-03-17 16:00:00,16.85,10.12,15.84,44.4264,26.1406
2022-03-17 16:00:00,2022-03-17 17:00:00,16.02,8.59,20.24,44.4264,26.1406
2022-03-17 17:00:00,2022-03-17 18:00:00,18.09,10.97,27.46,44.4264,26.1406
2022-03-17 18:00:00,2022-03-17 19:00:00,20.56,13.23,31.83,44.4264,26.1406
2022-03-17 19:00:00,2022-03-17 20:00:00,22.65,12.97,30.24,44.4264,26.1406
2022-03-17 20:00:00,2022-03-17 21:00:00,22.34,12.05,37.21,44.4264,26.1406
2022-03-17 21:00:00,2022-03-17 22:00:00,25.06,14.85,30.44,44.4264,26.1406
2022-03-17 22:00:00,2022-03-17 23:00:00,23.02,14.93,25.89,44.4264,26.1406
2022-03-18 00:00:00,2022-03-18 01:00:00,19.55,15.25,16.13,44.4264,26.1406
2022-03-18 01:00:00,2022-03-18 02:00:00,22.27,18.09,13.58,44.4264,26.1406
2022-03-18 02:00:00,2022-03-18 03:00:00,21.07,16.73,12.54,44.4264,26.1406
2022-03-18 03:00:00,2022-03-18 04:00:00,18.94,15.37,14.96,44.4264,26.1406
2022-03-18 04:00:00,2022-03-18 05:00:00,20.17,16.26,21.45,44.4264,26.1406
2022-03-18 05:00:00,2022-03-18 06:00:00,18.54,14.23,27.9,44.4264,26.1406
2022-03-18 06:00:00,2022-03-18 07:00:00,25.83,19.78,28.85,44.4264,26.1406
2022-03-18 07:00:00,2022-03-18 08:00:00,25.75,18.71,18.54,44.4264,26.1406
2022-03-18 08:00:00,2022-03-18 09:00:00,24.41,16.81,10.16,44.4264,26.1406
2022-03-18 09:00:00,2022-03-18 10:00:00,21.33,15.75,9.45,44.4264,26.1406
2022-03-18 10:00:00,2022-03-18 11:00:00,18.64,11.87,9.71,44.4264,26.1406
2022-03-18 11:00:00,2022-03-18 12:00:00,18.34,12.42,7.31,44.4264,26.1406
2022-03-18 12:00:00,2022-03-18 13:00:00,13.75,8.25,9.34,44.4264,26.1406
2022-03-18 13:00:00,2022-03-18 14:00:00,16.89,10.59,8.24,44.4264,26.1406
2022-03-18 14:00:00,2022-03-18 15:00:00,12.31,8.87,7.49,44.4264,26.1406
2022-03-18 15:00:00,2022-03-18 16:00:00,18.52,13.04,18.52,44.4264,26.1406
2022-03-18 16:00:00,2022-03-18 17:00:00,26.35,16.7,16.68,44.4264,26.1406
2022-03-18 17:00:00,2022-03-18 18:00:00,21.23,11.14,18.3,44.4264,26.1406
2022-03-18 18:00:00,2022-03-18 19:00:00,27.0,14.92,22.79,44.4264,26.1406
2022-03-18 19:00:00,2022-03-18 20:00:00,30.48,17.55,31.37,44.4264,26.1406
2022-03-18 20:00:00,2022-03-18 21:00:00,26.91,15.7,29.28,44.4264,26.1406
2022-03-18 21:00:00,2022-03-18 22:00:00,26.11,16.81,24.76,44.4264,26.1406
2022-03-18 22:00:00,2022-03-18 23:00:00,29.27,19.26,22.57,44.4264,26.1406
2022-03-18 23:00:00,2022-03-19 00:00:00,23.09,17.04,32.99,44.4264,26.1406
2022-03-19 01:00:00,2022-03-19 02:00:00,32.54,25.85,50.48,44.4264,26.1406
2022-03-19 02:00:00,2022-03-19 03:00:00,35.29,27.94,53.2,44.4264,26.1406
2022-03-19 03:00:00,2022-03-19 04:00:00,38.75,30.4,49.17,44.4264,26.1406
2022-03-19 04:00:00,2022-03-19 05:00:00,33.75,27.1,48.68,44.4264,26.1406
2022-03-19 05:00:00,2022-03-19 06:00:00,28.36,22.97,49.91,44.4264,26.1406
2022-03-19 06:00:00,2022-03-19 07:00:00,30.88,23.06,38.85,44.4264,26.1406
2022-03-19 07:00:00,2022-03-19 08:00:00,32.75,23.78,17.08,44.4264,26.1406
2022-03-19 08:00:00,2022-03-19 09:00:00,25.73,19.59,11.85,44.4264,26.1406
2022-03-19 09:00:00,2022-03-19 10:00:00,20.43,15.1,8.96,44.4264,26.1406
2022-03-19 10:00:00,2022-03-19 11:00:00,20.12,11.39,8.88,44.4264,26.1406
2022-03-19 11:00:00,2022-03-19 12:00:00,19.21,10.8,8.46,44.4264,26.1406
2022-03-19 12:00:00,2022-03-19 13:00:00,18.65,10.26,8.82,44.4264,26.1406
2022-03-19 13:00:00,2022-03-19 14:00:00,16.18,7.4,10.08,44.4264,26.1406
2022-03-19 14:00:00,2022-03-19 15:00:00,14.08,7.64,8.69,44.4264,26.1406
2022-03-19 15:00:00,2022-03-19 16:00:00,13.2,6.43,9.5,44.4264,26.1406
2022-03-19 16:00:00,2022-03-19 17:00:00,16.99,10.43,10.69,44.4264,26.1406
2022-03-19 17:00:00,2022-03-19 18:00:00,15.17,8.53,15.55,44.4264,26.1406
2022-03-19 18:00:00,2022-03-19 19:00:00,18.48,12.12,25.15,44.4264,26.1406
2022-03-19 19:00:00,2022-03-19 20:00:00,21.85,15.04,32.9,44.4264,26.1406
2022-03-19 20:00:00,2022-03-19 21:00:00,21.56,15.65,30.99,44.4264,26.1406
2022-03-19 21:00:00,2022-03-19 22:00:00,23.61,17.53,21.99,44.4264,26.1406
2022-03-19 22:00:00,2022-03-19 23:00:00,26.8,22.58,25.79,44.4264,26.1406
2022-03-19 23:00:00,2022-03-20 00:00:00,39.06,34.65,23.9,44.4264,26.1406
2022-03-20 00:00:00,2022-03-20 01:00:00,38.37,33.25,18.31,44.4264,26.1406
2022-03-20 02:00:00,2022-03-20 03:00:00,21.51,18.12,13.83,44.4264,26.1406
2022-03-20 03:00:00,2022-03-20 04:00:00,25.33,22.61,13.93,44.4264,26.1406
2022-03-20 04:00:00,2022-03-20 05:00:00,25.93,22.2,16.49,44.4264,26.1406
2022-03-20 05:00:00,2022-03-20 06:00:00,24.06,20.75,19.47,44.4264,26.1406
2022-03-20 06:00:00,2022-03-20 07:00:00,27.4,23.96,20.99,44.4264,26.1406
2022-03-20 07:00:00,2022-03-20 08:00:00,31.29,26.43,20.56,44.4264,26.1406
2022-03-20 08:00:00,2022-03-20 09:00:00,27.66,22.94,10.63,44.4264,26.1406
2022-03-20 09:00:00,2022-03-20 10:00:00,23.19,17.98,9.81,44.4264,26.1406
2022-03-20 10:00:00,2022-03-20 11:00:00,23.6,16.26,9.66,44.4264,26.1406
2022-03-20 11:00:00,2022-03-20 12:00:00,28.7,20.51,11.07,44.4264,26.1406
2022-03-20 12:00:00,2022-03-20 13:00:00,34.26,26.29,10.45,44.4264,26.1406
2022-03-20 13:00:00,2022-03-20 14:00:00,39.1,28.1,11.72,44.4264,26.1406
2022-03-20 14:00:00,2022-03-20 15:00:00,32.04,23.69,12.02,44.4264,26.1406
2022-03-20 15:00:00,2022-03-20 16:00:00,31.57,23.33,12.61,44.4264,26.1406
2022-03-20 16:00:00,2022-03-20 17:00:00,29.8,22.13,16.59,44.4264,26.1406
2022-03-20 17:00:00,2022-03-20 18:00:00,30.38,22.79,24.9,44.4264,26.1406
2022-03-20 18:00:00,2022-03-20 19:00:00,24.95,17.78,28.48,44.4264,26.1406
2022-03-20 19:00:00,2022-03-20 20:00:00,26.84,20.55,41.72,44.4264,26.1406
2022-03-20 20:00:00,2022-03-20 21:00:00,42.13,34.06,34.67,44.4264,26.1406
2022-03-20 21:00:00,2022-03-20 22:00:00,44.02,35.32,25.84,44.4264,26.1406
2022-03-20 22:00:00,2022-03-20 23:00:00,42.84,36.87,18.65,44.4264,26.1406
2022-03-20 23:00:00,2022-03-21 00:00:00,35.95,31.75,22.36,44.4264,26.1406
2022-03-21 00:00:00,2022-03-21 01:00:00,29.57,25.38,22.41,44.4264,26.1406
2022-03-21 01:00:00,2022-03-21 02:00:00,31.11,26.76,25.25,44.4264,26.1406
2022-03-21 03:00:00,2022-03-21 04:00:00,37.29,32.25,39.07,44.4264,26.1406
2022-03-21 04:00:00,2022-03-21 05:00:00,37.46,31.62,45.27,44.4264,26.1406
2022-03-21 05:00:00,2022-03-21 06:00:00,39.16,32.26,44.93,44.4264,26.1406
2022-03-21 06:00:00,2022-03-21 07:00:00,47.23,38.52,60.07,44.4264,26.1406
2022-03-21 07:00:00,2022-03-21 08:00:00,64.09,48.11,52.24,44.4264,26.1406
2022-03-21 08:00:00,2022-03-21 09:00:00,47.34,33.08,21.05,44.4264,26.1406
2022-03-21 09:00:00,2022-03-21 10:00:00,31.87,23.21,13.74,44.4264,26.1406
2022-03-21 10:00:00,2022-03-21 11:00:00,27.74,19.7,13.06,44.4264,26.1406
2022-03-21 11:00:00,2022-03-21 12:00:00,24.82,16.12,12.65,44.4264,26.1406
2022-03-21 12:00:00,2022-03-21 13:00:00,24.34,14.62,10.88,44.4264,26.1406
2022-03-21 13:00:00,2022-03-21 14:00:00,20.36,12.79,11.78,44.4264,26.1406
2022-03-21 14:00:00,2022-03-21 15:00:00,24.62,15.93,13.56,44.4264,26.1406
2022-03-21 15:00:00,2022-03-21 16:00:00,21.22,12.57,15.88,44.4264,26.1406
2022-03-21 16:00:00,2022-03-21 17:00:00,24.56,14.49,20.72,44.4264,26.1406
2022-03-21 17:00:00,2022-03-21 18:00:00,27.12,16.78,25.18,44.4264,26.1406
2022-03-21 18:00:00,2022-03-21 19:00:00,29.95,20.77,29.41,44.4264,26.1406
2022-03-21 19:00:00,2022-03-21 20:00:00,29.32,20.06,30.45,44.4264,26.1406
2022-03-21 20:00:00,2022-03-21 21:00:00,37.17,26.53,30.63,44.4264,26.1406
2022-03-21 21:00:00,2022-03-21 22:00:00,45.5,32.16,36.92,44.4264,26.1406
2022-03-21 22:00:00,2022-03-21 23:00:00,46.87,32.83,28.1,44.4264,26.1406
2022-03-21 23:00:00,2022-03-22 00:00:00,45.1,33.73,20.98,44.4264,26.1406
2022-03-22 00:00:00,2022-03-22 01:00:00,34.05,25.34,16.38,44.4264,26.1406
2022-03-22 01:00:00,2022-03-22 02:00:00,23.22,16.85,14.28,44.4264,26.1406
2022-03-22 02:00:00,2022-03-22 03:00:00,22.03,16.15,17.18,44.4264,26.1406
2022-03-22 04:00:00,2022-03-22 05:00:00,22.25,16.27,20.25,44.4264,26.1406
2022-03-22 05:00:00,2022-03-22 06:00:00,26.16,19.41,35.01,44.4264,26.1406
2022-03-22 06:00:00,2022-03-22 07:00:00,37.99,26.59,42.03,44.4264,26.1406
2022-03-22 07:00:00,2022-03-22 08:00:00,38.6,24.94,19.42,44.4264,26.1406
2022-03-22 08:00:00,2022-03-22 09:00:00,27.12,16.06,11.79,44.4264,26.1406
2022-03-22 09:00:00,2022-03-22 10:00:00,44.93,15.09,9.56,44.4264,26.1406
2022-03-22 10:00:00,2022-03-22 11:00:00,37.68,14.3,9.12,44.4264,26.1406
2022-03-22 11:00:00,2022-03-22 12:00:00,47.26,10.24,10.52,44.4264,26.1406
2022-03-22 12:00:00,2022-03-22 13:00:00,241.26,15.14,10.43,44.4264,26.1406
2022-03-22 13:00:00,2022-03-22 14:00:00,338.61,23.84,11.06,44.4264,26.1406
2022-03-22 14:00:00,2022-03-22 15:00:00,306.68,26.34,12.06,44.4264,26.1406
2022-03-22 15:00:00,2022-03-22 16:00:00,178.3,19.23,12.83,44.4264,26.1406
2022-03-22 16:00:00,2022-03-22 17:00:00,101.62,13.14,16.17,44.4264,26.1406
2022-03-22 17:00:00,2022-03-22 18:00:00,89.19,14.28,18.28,44.4264,26.1406
2022-03-22 18:00:00,2022-03-22 19:00:00,92.07,14.09,21.57,44.4264,26.1406
2022-03-22 19:00:00,2022-03-22 20:00:00,45.4,16.18,26.36,44.4264,26.1406
2022-03-22 20:00:00,2022-03-22 21:00:00,38.58,22.55,24.11,44.4264,26.1406
2022-03-22 21:00:00,2022-03-22 22:00:00,32.12,16.86,28.37,44.4264,26.1406
2022-03-22 22:00:00,2022-03-22 23:00:00,30.71,15.78,25.8,44.4264,26.1406
2022-03-22 23:00:00,2022-03-23 00:00:00,31.36,14.83,29.86,44.4264,26.1406
2022-03-23 00:00:00,2022-03-23 01:00:00,40.7,24.46,24.38,44.4264,26.1406
2022-03-23 01:00:00,2022-03-23 02:00:00,37.24,21.85,25.95,44.4264,26.1406
2022-03-23 02:00:00,2022-03-23 03:00:00,35.34,20.36,23.79,44.4264,26.1406
2022-03-23 03:00:00,2022-03-23 04:00:00,31.04,18.9,23.36,44.4264,26.1406
2022-03-23 05:00:00,2022-03-23 06:00:00,35.35,23.13,47.74,44.4264,26.1406
2022-03-23 06:00:00,2022-03-23 07:00:00,44.01,25.48,50.25,44.4264,26.1406
2022-03-23 07:00:00,2022-03-23 08:00:00,52.29,30.75,37.85,44.4264,26.1406
2022-03-23 08:00:00,2022-03-23 09:00:00,31.12,14.36,16.62,44.4264,26.1406
2022-03-23 09:00:00,2022-03-23 10:00:00,18.44,6.4,12.49,44.4264,26.1406
2022-03-23 10:00:00,2022-03-23 11:00:00,22.49,10.66,10.93,44.4264,26.1406
2022-03-23 11:00:00,2022-03-23 12:00:00,22.57,11.33,9.72,44.4264,26.1406
2022-03-23 12:00:00,2022-03-23 13:00:00,22.56,12.32,10.43,44.4264,26.1406
2022-03-23 13:00:00,2022-03-23 14:00:00,22.91,11.21,10.19,44.4264,26.1406
2022-03-23 14:00:00,2022-03-23 15:00:00,27.25,13.74,12.25,44.4264,26.1406
2022-03-23 15:00:00,2022-03-23 16:00:00,28.59,15.56,17.18,44.4264,26.1406
2022-03-23 16:00:00,2022-03-23 17:00:00,28.57,16.81,22.52,44.4264,26.1406
2022-03-23 17:00:00,2022-03-23 18:00:00,23.99,13.64,39.58,44.4264,26.1406
2022-03-23 18:00:00,2022-03-23 19:00:00,31.79,15.87,79.34,44.4264,26.1406
2022-03-23 19:00:00,2022-03-23 20:00:00,43.8,19.77,87.18,44.4264,26.1406
2022-03-23 20:00:00,2022-03-23 21:00:00,53.63,24.76,74.01,44.4264,26.1406
2022-03-23 21:00:00,2022-03-23 22:00:00,85.66,49.56,67.21,44.4264,26.1406
2022-03-23 22:00:00,2022-03-23 23:00:00,105.05,59.36,76.6,44.4264,26.1406
2022-03-23 23:00:00,2022-03-24 00:00:00,91.23,54.18,68.94,44.4264,26.1406
2022-03-24 00:00:00,2022-03-24 01:00:00,81.8,52.88,67.47,44.4264,26.1406
2022-03-24 01:00:00,2022-03-24 02:00:00,78.78,55.73,42.18,44.4264,26.1406
2022-03-24 02:00:00,2022-03-24 03:00:00,59.31,42.7,32.3,44.4264,26.1406
2022-03-24 03:00:00,2022-03-24 04:00:00,52.74,37.27,26.27,44.4264,26.1406
2022-03-24 04:00:00,2022-03-24 05:00:00,46.2,30.92,16.04,44.4264,26.1406
2022-03-24 06:00:00,2022-03-24 07:00:00,45.79,31.5,25.76,44.4264,26.1406
2022-03-24 07:00:00,2022-03-24 08:00:00,52.1,31.32,32.55,44.4264,26.1406
2022-03-24 08:00:00,2022-03-24 09:00:00,61.22,35.53,32.55,44.4264,26.1406
2022-03-24 09:00:00,2022-03-24 10:00:00,47.32,29.59,22.11,44.4264,26.1406
2022-03-24 10:00:00,2022-03-24 11:00:00,33.39,20.67,11.62,44.4264,26.1406
2022-03-24 11:00:00,2022-03-24 12:00:00,23.49,14.95,6.94,44.4264,26.1406
2022-03-24 12:00:00,2022-03-24 13:00:00,20.8,13.42,6.84,44.4264,26.1406
2022-03-24 13:00:00,2022-03-24 14:00:00,19.32,11.58,8.35,44.4264,26.1406
2022-03-24 14:00:00,2022-03-24 15:00:00,23.79,12.83,10.49,44.4264,26.1406
2022-03-24 15:00:00,2022-03-24 16:00:00,23.94,12.51,12.81,44.4264,26.1406
2022-03-24 16:00:00,2022-03-24 17:00:00,28.19,16.47,13.52,44.4264,26.1406
2022-03-24 17:00:00,2022-03-24 18:00:00,29.3,16.99,20.98,44.4264,26.1406
2022-03-24 18:00:00,2022-03-24 19:00:00,37.35,20.37,59.64,44.4264,26.1406
2022-03-24 19:00:00,2022-03-24 20:00:00,56.93,28.85,62.41,44.4264,26.1406
2022-03-24 20:00:00,2022-03-24 21:00:00,54.26,26.04,16.04,44.4264,26.1406
2022-03-24 21:00:00,2022-03-24 22:00:00,53.5,26.5,13.77,44.4264,26.1406
2022-03-24 22:00:00,2022-03-24 23:00:00,39.87,17.32,11.48,44.4264,26.1406
2022-03-24 23:00:00,2022-03-25 00:00:00,36.07,13.81,9.19,44.4264,26.1406
2022-03-25 00:00:00,2022-03-25 01:00:00,36.57,14.3,8.1,44.4264,26.1406
2022-03-25 01:00:00,2022-03-25 02:00:00,28.99,14.88,7.76,44.4264,26.1406
2022-03-25 02:00:00,2022-03-25 03:00:00,24.59,12.65,8.58,44.4264,26.1406
2022-03-25 03:00:00,2022-03-25 04:00:00,23.09,12.11,9.73,44.4264,26.1406
2022-03-25 04:00:00,2022-03-25 05:00:00,21.24,11.11,15.54,44.4264,26.1406
2022-03-25 05:00:00,2022-03-25 06:00:00,24.48,11.98,37.17,44.4264,26.1406
2022-03-25 07:00:00,2022-03-25 08:00:00,40.88,17.54,21.52,44.4264,26.1406
2022-03-25 08:00:00,2022-03-25 09:00:00,33.18,14.45,15.29,44.4264,26.1406
2022-03-25 09:00:00,2022-03-25 10:00:00,33.99,17.39,22.34,44.4264,26.1406
2022-03-25 10:00:00,2022-03-25 11:00:00,34.16,17.54,12.9,44.4264,26.1406
2022-03-25 11:00:00,2022-03-25 12:00:00,28.01,15.03,8.38,44.4264,26.1406
2022-03-25 12:00:00,2022-03-25 13:00:00,31.69,15.08,8.97,44.4264,26.1406
2022-03-25 13:00:00,2022-03-25 14:00:00,34.98,19.33,10.41,44.4264,26.1406
2022-03-25 14:00:00,2022-03-25 15:00:00,53.72,16.28,15.42,44.4264,26.1406
2022-03-25 15:00:00,2022-03-25 16:00:00,61.87,13.69,18.35,44.4264,26.1406
2022-03-25 16:00:00,2022-03-25 17:00:00,26.91,9.88,22.99,44.4264,26.1406
2022-03-25 17:00:00,2022-03-25 18:00:00,27.21,12.44,31.39,44.4264,26.1406
2022-03-25 18:00:00,2022-03-25 19:00:00,31.32,14.87,35.13,44.4264,26.1406
2022-03-25 19:00:00,2022-03-25 20:00:00,33.35,17.75,33.49,44.4264,26.1406
2022-03-25 20:00:00,2022-03-25 21:00:00,28.0,16.38,21.78,44.4264,26.1406
2022-03-25 21:00:00,2022-03-25 22:00:00,21.79,15.16,26.57,44.4264,26.1406
2022-03-25 22:00:00,2022-03-25 23:00:00,19.73,13.82,23.06,44.4264,26.1406
2022-03-25 23:00:00,2022-03-26 00:00:00,24.12,19.41,19.11,44.4264,26.1406
2022-03-26 00:00:00,2022-03-26 01:00:00,30.93,24.42,26.0,44.4264,26.1406
2022-03-26 01:00:00,2022-03-26 02:00:00,37.99,29.4,18.57,44.4264,26.1406
2022-03-26 02:00:00,2022-03-26 03:00:00,35.4,29.47,14.03,44.4264,26.1406
2022-03-26 03:00:00,2022-03-26 04:00:00,28.58,22.17,10.63,44.4264,26.1406
2022-03-26 04:00:00,2022-03-26 05:00:00,28.2,24.25,9.87,44.4264,26.1406
2022-03-26 05:00:00,2022-03-26 06:00:00,26.24,22.69,11.1,44.4264,26.1406
2022-03-26 06:00:00,2022-03-26 07:00:00,20.84,14.35,11.24,44.4264,26.1406
2022-03-26 08:00:00,2022-03-26 09:00:00,28.3,21.87,10.46,44.4264,26.1406
2022-03-26 09:00:00,2022-03-26 10:00:00,26.45,18.99,8.97,44.4264,26.1406
2022-03-26 10:00:00,2022-03-26 11:00:00,24.93,16.0,7.49,44.4264,26.1406
2022-03-26 11:00:00,2022-03-26 12:00:00,18.15,11.29,7.21,44.4264,26.1406
2022-03-26 12:00:00,2022-03-26 13:00:00,17.92,10.62,7.41,44.4264,26.1406
2022-03-26 13:00:00,2022-03-26 14:00:00,23.14,15.78,7.0,44.4264,26.1406
2022-03-26 14:00:00,2022-03-26 15:00:00,28.27,18.6,7.18,44.4264,26.1406
2022-03-26 15:00:00,2022-03-26 16:00:00,27.31,17.35,9.23,44.4264,26.1406
2022-03-26 16:00:00,2022-03-26 17:00:00,25.31,15.35,10.1,44.4264,26.1406
2022-03-26 17:00:00,2022-03-26 18:00:00,22.16,12.93,18.08,44.4264,26.1406
2022-03-26 18:00:00,2022-03-26 19:00:00,27.07,16.53,20.4,44.4264,26.1406
2022-03-26 19:00:00,2022-03-26 20:00:00,34.38,21.81,22.19,44.4264,26.1406
2022-03-26 20:00:00,2022-03-26 21:00:00,28.63,17.58,14.54,44.4264,26.1406
2022-03-26 21:00:00,2022-03-26 22:00:00,26.84,15.45,13.11,44.4264,26.1406
2022-03-26 22:00:00,2022-03-26 23:00:00,28.35,17.03,11.74,44.4264,26.1406
2022-03-26 23:00:00,2022-03-27 00:00:00,33.2,22.39,14.34,44.4264,26.1406
2022-03-27 00:00:00,2022-03-27 01:00:00,32.45,22.15,19.58,44.4264,26.1406
2022-03-27 02:00:00,2022-03-27 03:00:00,32.05,21.38,13.25,44.4264,26.1406
2022-03-27 03:00:00,2022-03-27 04:00:00,34.94,24.4,13.35,44.4264,26.1406
2022-03-27 04:00:00,2022-03-27 05:00:00,34.66,25.76,25.6,44.4264,26.1406
2022-03-27 05:00:00,2022-03-27 06:00:00,37.33,28.19,27.41,44.4264,26.1406
2022-03-27 06:00:00,2022-03-27 07:00:00,40.62,31.74,18.3,44.4264,26.1406
2022-03-27 07:00:00,2022-03-27 08:00:00,44.67,35.53,25.98,44.4264,26.1406
2022-03-27 08:00:00,2022-03-27 09:00:00,43.12,33.32,20.3,44.4264,26.1406
2022-03-27 10:00:00,2022-03-27 11:00:00,34.89,23.62,10.11,44.4264,26.1406
2022-03-27 11:00:00,2022-03-27 12:00:00,38.69,20.11,19.61,44.4264,26.1406
2022-03-27 12:00:00,2022-03-27 13:00:00,45.02,25.36,17.59,44.4264,26.1406
2022-03-27 13:00:00,2022-03-27 14:00:00,40.34,24.99,16.78,44.4264,26.1406
2022-03-27 14:00:00,2022-03-27 15:00:00,39.76,22.62,18.71,44.4264,26.1406
2022-03-27 15:00:00,2022-03-27 16:00:00,34.69,19.27,24.39,44.4264,26.1406
2022-03-27 16:00:00,2022-03-27 17:00:00,36.06,21.48,25.75,44.4264,26.1406
2022-03-27 17:00:00,2022-03-27 18:00:00,36.77,20.65,29.13,44.4264,26.1406
2022-03-27 18:00:00,2022-03-27 19:00:00,40.89,19.48,35.15,44.4264,26.1406
2022-03-27 19:00:00,2022-03-27 20:00:00,36.06,12.55,17.32,44.4264,26.1406
2022-03-27 20:00:00,2022-03-27 21:00:00,39.18,12.26,17.34,44.4264,26.1406
2022-03-27 21:00:00,2022-03-27 22:00:00,39.89,13.27,21.02,44.4264,26.1406
2022-03-27 22:00:00,2022-03-27 23:00:00,48.5,8.41,22.13,44.4264,26.1406
2022-03-28 23:00:00,2022-03-29 00:00:00,61.56,30.84,37.18,44.4264,26.1406
2022-03-29 00:00:00,2022-03-29 01:00:00,58.36,30.31,36.43,44.4264,26.1406
2022-03-29 01:00:00,2022-03-29 02:00:00,63.36,36.18,45.87,44.4264,26.1406
2022-03-29 02:00:00,2022-03-29 03:00:00,57.22,30.43,22.26,44.4264,26.1406
2022-03-29 03:00:00,2022-03-29 04:00:00,51.59,25.51,26.73,44.4264,26.1406
2022-03-29 04:00:00,2022-03-29 05:00:00,48.62,24.49,28.37,44.4264,26.1406
2022-03-29 05:00:00,2022-03-29 06:00:00,50.77,28.0,46.06,44.4264,26.1406
2022-03-29 06:00:00,2022-03-29 07:00:00,49.04,25.52,59.78,44.4264,26.1406
2022-03-29 07:00:00,2022-03-29 08:00:00,59.94,32.19,53.36,44.4264,26.1406
2022-03-29 08:00:00,2022-03-29 09:00:00,71.97,37.65,43.96,44.4264,26.1406
2022-03-29 09:00:00,2022-03-29 10:00:00,86.86,46.11,27.32,44.4264,26.1406
2022-03-29 10:00:00,2022-03-29 11:00:00,65.72,30.5,12.55,44.4264,26.1406
2022-03-29 12:00:00,2022-03-29 13:00:00,51.57,26.05,9.48,44.4264,26.1406
2022-03-29 13:00:00,2022-03-29 14:00:00,50.95,25.65,9.69,44.4264,26.1406
2022-03-29 14:00:00,2022-03-29 15:00:00,44.9,21.24,9.79,44.4264,26.1406
2022-03-29 15:00:00,2022-03-29 16:00:00,43.99,22.75,10.23,44.4264,26.1406
2022-03-29 16:00:00,2022-03-29 17:00:00,43.0,23.12,12.55,44.4264,26.1406
2022-03-29 17:00:00,2022-03-29 18:00:00,42.24,20.54,13.7,44.4264,26.1406
2022-03-29 18:00:00,2022-03-29 19:00:00,44.03,23.12,23.37,44.4264,26.1406
2022-03-29 19:00:00,2022-03-29 20:00:00,46.55,26.68,25.52,44.4264,26.1406
2022-03-29 20:00:00,2022-03-29 21:00:00,47.92,25.88,42.72,44.4264,26.1406
2022-03-29 21:00:00,2022-03-29 22:00:00,73.99,33.57,39.53,44.4264,26.1406
2022-03-29 22:00:00,2022-03-29 23:00:00,51.79,30.75,33.36,44.4264,26.1406
2022-03-29 23:00:00,2022-03-30 00:00:00,49.38,29.91,18.38,44.4264,26.1406
2022-03-30 00:00:00,2022-03-30 01:00:00,51.9,34.22,16.02,44.4264,26.1406
2022-03-30 01:00:00,2022-03-30 02:00:00,50.96,35.2,22.07,44.4264,26.1406
2022-03-30 02:00:00,2022-03-30 03:00:00,59.56,41.09,25.07,44.4264,26.1406
2022-03-30 03:00:00,2022-03-30 04:00:00,46.12,31.6,19.67,44.4264,26.1406
2022-03-30 04:00:00,2022-03-30 05:00:00,42.75,29.65,22.36,44.4264,26.1406
2022-03-30 05:00:00,2022-03-30 06:00:00,41.33,27.35,31.98,44.4264,26.1406
2022-03-30 06:00:00,2022-03-30 07:00:00,46.8,33.2,30.68,44.4264,26.1406
2022-03-30 07:00:00,2022-03-30 08:00:00,48.35,33.17,31.48,44.4264,26.1406
2022-03-30 08:00:00,2022-03-30 09:00:00,55.06,35.6,25.47,44.4264,26.1406
2022-03-30 09:00:00,2022-03-30 10:00:00,59.36,38.51,20.67,44.4264,26.1406
2022-03-30 10:00:00,2022-03-30 11:00:00,55.59,34.94,16.1,44.4264,26.1406
2022-03-30 11:00:00,2022-03-30 12:00:00,51.43,29.76,11.5,44.4264,26.1406
2022-03-30 13:00:00,2022-03-30 14:00:00,49.19,26.96,10.19,44.4264,26.1406
2022-03-30 14:00:00,2022-03-30 15:00:00,54.99,28.59,9.79,44.4264,26.1406
2022-03-30 15:00:00,2022-03-30 16:00:00,55.89,30.78,11.12,44.4264,26.1406
2022-03-30 16:00:00,2022-03-30 17:00:00,51.01,31.14,13.3,44.4264,26.1406
2022-03-30 17:00:00,2022-03-30 18:00:00,45.46,26.47,17.07,44.4264,26.1406
2022-03-30 18:00:00,2022-03-30 19:00:00,45.25,26.71,30.22,44.4264,26.1406
2022-03-30 19:00:00,2022-03-30 20:00:00,48.44,26.76,31.27,44.4264,26.1406
2022-03-30 20:00:00,2022-03-30 21:00:00,57.93,30.74,50.86,44.4264,26.1406
2022-03-30 21:00:00,2022-03-30 22:00:00,80.2,46.51,72.6,44.4264,26.1406
2022-03-30 22:00:00,2022-03-30 23:00:00,88.67,38.59,70.3,44.4264,26.1406
2022-03-30 23:00:00,2022-03-31 00:00:00,90.83,36.64,71.4,44.4264,26.1406
2022-03-31 00:00:00,2022-03-31 01:00:00,78.12,39.65,50.4,44.4264,26.1406
2022-03-31 01:00:00,2022-03-31 02:00:00,63.65,33.96,43.29,44.4264,26.1406
2022-03-31 02:00:00,2022-03-31 03:00:00,65.87,36.58,45.66,44.4264,26.1406
2022-03-31 03:00:00,2022-03-31 04:00:00,66.97,34.05,43.59,44.4264,26.1406
2022-03-31 04:00:00,2022-03-31 05:00:00,64.28,33.77,37.49,44.4264,26.1406
2022-03-31 05:00:00,2022-03-31 06:00:00,57.16,31.38,35.03,44.4264,26.1406
2022-03-31 06:00:00,2022-03-31 07:00:00,49.88,28.27,48.4,44.4264,26.1406
2022-03-31 07:00:00,2022-03-31 08:00:00,65.32,32.27,58.59,44.4264,26.1406
2022-03-31 08:00:00,2022-03-31 09:00:00,68.23,33.9,49.21,44.4264,26.1406
2022-03-31 09:00:00,2022-03-31 10:00:00,63.76,31.08,40.43,44.4264,26.1406
2022-03-31 10:00:00,2022-03-31 11:00:00,59.38,23.12,25.89,44.4264,26.1406
2022-03-31 11:00:00,2022-03-31 12:00:00,51.49,19.47,20.69,44.4264,26.1406
2022-03-31 12:00:00,2022-03-31 13:00:00,39.08,9.32,12.1,44.4264,26.1406
2022-03-31 14:00:00,2022-03-31 15:00:00,39.42,8.64,13.54,44.4264,26.1406
2022-03-31 15:00:00,2022-03-31 16:00:00,38.25,7.95,13.4,44.4264,26.1406
2022-03-31 16:00:00,2022-03-31 17:00:00,39.14,9.98,17.04,44.4264,26.1406
2022-03-31 17:00:00,2022-03-31 18:00:00,43.15,11.25,49.62,44.4264,26.1406
2022-03-31 18:00:00,2022-03-31 19:00:00,49.39,8.86,48.56,44.4264,26.1406
2022-03-31 19:00:00,2022-03-31 20:00:00,56.97,15.87,23.56,44.4264,26.1406
2022-03-31 20:00:00,2022-03-31 21:00:00,58.83,16.85,19.07,44.4264,26.1406
2022-03-31 21:00:00,2022-03-31 22:00:00,59.26,8.26,12.44,44.4264,26.1406
2022-03-31 22:00:00,2022-03-31 23:00:00,47.6,6.9,9.5,44.4264,26.1406
2022-03-31 23:00:00,2022-04-01 00:00:00,42.8,7.27,8.16,44.4264,26.1406
2022-04-01 00:00:00,2022-04-01 01:00:00,43.05,8.1,7.67,44.4264,26.1406
2022-04-01 01:00:00,2022-04-01 02:00:00,44.62,10.78,6.74,44.4264,26.1406
2022-04-01 02:00:00,2022-04-01 03:00:00,38.39,7.86,6.64,44.4264,26.1406
2022-04-01 03:00:00,2022-04-01 04:00:00,31.29,6.72,7.5,44.4264,26.1406
2022-04-01 04:00:00,2022-04-01 05:00:00,30.69,8.54,9.72,44.4264,26.1406
2022-04-01 05:00:00,2022-04-01 06:00:00,32.02,7.98,20.53,44.4264,26.1406
2022-04-01 06:00:00,2022-04-01 07:00:00,34.11,7.85,30.37,44.4264,26.1406
2022-04-01 07:00:00,2022-04-01 08:00:00,45.04,11.19,39.03,44.4264,26.1406
2022-04-01 08:00:00,2022-04-01 09:00:00,54.72,12.52,20.05,44.4264,26.1406
2022-04-01 09:00:00,2022-04-01 10:00:00,81.49,15.91,13.38,44.4264,26.1406
2022-04-01 10:00:00,2022-04-01 11:00:00,109.35,23.75,12.0,44.4264,26.1406
2022-04-01 11:00:00,2022-04-01 12:00:00,112.69,23.83,11.31,44.4264,26.1406
2022-04-01 12:00:00,2022-04-01 13:00:00,122.34,24.64,8.49,44.4264,26.1406
2022-04-01 13:00:00,2022-04-01 14:00:00,156.43,31.96,8.61,44.4264,26.1406
2022-04-01 15:00:00,2022-04-01 16:00:00,112.33,51.36,7.08,44.4264,26.1406
2022-04-01 16:00:00,2022-04-01 17:00:00,15.01,1.28,6.98,44.4264,26.1406
2022-04-01 17:00:00,2022-04-01 18:00:00,17.08,3.05,9.18,44.4264,26.1406
2022-04-01 18:00:00,2022-04-01 19:00:00,35.96,19.95,18.05,44.4264,26.1406
2022-04-01 19:00:00,2022-04-01 20:00:00,48.77,36.72,23.72,44.4264,26.1406
2022-04-01 20:00:00,2022-04-01 21:00:00,25.19,12.04,18.51,44.4264,26.1406
2022-04-02 01:00:00,2022-04-02 02:00:00,9.73,1.31,8.89,44.4264,26.1406
2022-04-02 02:00:00,2022-04-02 03:00:00,14.19,0.64,7.43,44.4264,26.1406
2022-04-02 17:00:00,2022-04-02 18:00:00,6.7,1.29,8.74,44.4264,26.1406
2022-04-02 18:00:00,2022-04-02 19:00:00,11.68,2.46,11.91,44.4264,26.1406
2022-04-02 19:00:00,2022-04-02 20:00:00,8.6,2.82,20.22,44.4264,26.1406
2022-04-02 20:00:00,2022-04-02 21:00:00,12.29,4.31,27.04,44.4264,26.1406
2022-04-02 21:00:00,2022-04-02 22:00:00,7.19,1.01,12.11,44.4264,26.1406
2022-04-02 22:00:00,2022-04-02 23:00:00,7.69,3.46,13.49,44.4264,26.1406
2022-04-02 23:00:00,2022-04-03 00:00:00,3.96,0.6,15.28,44.4264,26.1406
2022-04-03 02:00:00,2022-04-03 03:00:00,6.85,4.08,12.2,44.4264,26.1406
2022-04-03 03:00:00,2022-04-03 04:00:00,8.22,4.22,11.45,44.4264,26.1406
2022-04-03 04:00:00,2022-04-03 05:00:00,5.57,3.08,11.5,44.4264,26.1406
2022-04-03 05:00:00,2022-04-03 06:00:00,8.68,6.34,9.99,44.4264,26.1406
2022-04-03 06:00:00,2022-04-03 07:00:00,10.4,7.38,10.23,44.4264,26.1406
2022-04-03 07:00:00,2022-04-03 08:00:00,6.15,2.8,9.56,44.4264,26.1406
2022-04-03 08:00:00,2022-04-03 09:00:00,5.97,2.87,8.07,44.4264,26.1406
2022-04-03 09:00:00,2022-04-03 10:00:00,10.26,6.83,7.18,44.4264,26.1406
2022-04-03 10:00:00,2022-04-03 11:00:00,13.13,9.57,7.33,44.4264,26.1406
2022-04-03 11:00:00,2022-04-03 12:00:00,13.04,6.32,6.81,44.4264,26.1406
2022-04-03 12:00:00,2022-04-03 13:00:00,14.83,6.17,6.64,44.4264,26.1406
2022-04-03 13:00:00,2022-04-03 14:00:00,20.33,6.36,6.46,44.4264,26.1406
2022-04-03 14:00:00,2022-04-03 15:00:00,24.3,6.97,6.5,44.4264,26.1406
2022-04-03 15:00:00,2022-04-03 16:00:00,27.67,10.23,6.81,44.4264,26.1406
2022-04-03 17:00:00,2022-04-03 18:00:00,28.56,9.4,7.84,44.4264,26.1406
2022-04-03 18:00:00,2022-04-03 19:00:00,24.21,9.11,8.62,44.4264,26.1406
2022-04-03 19:00:00,2022-04-03 20:00:00,26.99,11.57,10.15,44.4264,26.1406
2022-04-03 20:00:00,2022-04-03 21:00:00,19.18,7.66,8.64,44.4264,26.1406
2022-04-03 21:00:00,2022-04-03 22:00:00,13.71,7.62,9.46,44.4264,26.1406
2022-04-03 22:00:00,2022-04-03 23:00:00,10.08,5.93,9.18,44.4264,26.1406
2022-04-03 23:00:00,2022-04-04 00:00:00,11.9,9.13,10.34,44.4264,26.1406
2022-04-04 00:00:00,2022-04-04 01:00:00,11.93,9.27,8.88,44.4264,26.1406
2022-04-04 01:00:00,2022-04-04 02:00:00,10.14,7.71,9.96,44.4264,26.1406
2022-04-04 02:00:00,2022-04-04 03:00:00,8.28,6.41,9.01,44.4264,26.1406
2022-04-04 03:00:00,2022-04-04 04:00:00,17.68,9.57,9.92,44.4264,26.1406
2022-04-04 04:00:00,2022-04-04 05:00:00,9.99,8.12,12.69,44.4264,26.1406
2022-04-04 05:00:00,2022-04-04 06:00:00,8.77,6.32,25.85,44.4264,26.1406
2022-04-04 06:00:00,2022-04-04 07:00:00,15.85,8.87,35.91,44.4264,26.1406
2022-04-04 07:00:00,2022-04-04 08:00:00,22.45,11.51,30.51,44.4264,26.1406
2022-04-04 08:00:00,2022-04-04 09:00:00,20.86,11.78,22.26,44.4264,26.1406
2022-04-04 09:00:00,2022-04-04 10:00:00,23.55,15.02,16.83,44.4264,26.1406
2022-04-04 10:00:00,2022-04-04 11:00:00,24.59,16.06,16.77,44.4264,26.1406
2022-04-04 11:00:00,2022-04-04 12:00:00,21.22,10.81,12.13,44.4264,26.1406
2022-04-04 12:00:00,2022-04-04 13:00:00,20.5,13.32,8.15,44.4264,26.1406
2022-04-04 13:00:00,2022-04-04 14:00:00,12.64,8.8,8.18,44.4264,26.1406
2022-04-04 14:00:00,2022-04-04 15:00:00,14.51,8.26,9.88,44.4264,26.1406
2022-04-04 15:00:00,2022-04-04 16:00:00,21.74,14.22,9.85,44.4264,26.1406
2022-04-04 16:00:00,2022-04-04 17:00:00,23.48,15.9,8.8,44.4264,26.1406
2022-04-04 18:00:00,2022-04-04 19:00:00,21.37,14.39,15.24,44.4264,26.1406
2022-04-04 19:00:00,2022-04-04 20:00:00,29.14,21.3,19.49,44.4264,26.1406
2022-04-04 20:00:00,2022-04-04 21:00:00,30.67,23.17,21.25,44.4264,26.1406
2022-04-04 21:00:00,2022-04-04 22:00:00,27.12,20.3,18.64,44.4264,26.1406
2022-04-04 22:00:00,2022-04-04 23:00:00,24.92,18.39,15.97,44.4264,26.1406
2022-04-04 23:00:00,2022-04-05 00:00:00,26.97,20.29,13.49,44.4264,26.1406
2022-04-05 00:00:00,2022-04-05 01:00:00,25.64,19.23,11.85,44.4264,26.1406
2022-04-05 01:00:00,2022-04-05 02:00:00,25.75,19.2,11.44,44.4264,26.1406
2022-04-05 02:00:00,2022-04-05 03:00:00,23.84,17.7,14.4,44.4264,26.1406
2022-04-05 03:00:00,2022-04-05 04:00:00,24.58,18.79,15.58,44.4264,26.1406
2022-04-05 04:00:00,2022-04-05 05:00:00,25.96,20.64,13.89,44.4264,26.1406
2022-04-05 05:00:00,2022-04-05 06:00:00,26.24,19.8,21.8,44.4264,26.1406
2022-04-05 06:00:00,2022-04-05 07:00:00,26.21,18.1,37.86,44.4264,26.1406
2022-04-05 07:00:00,2022-04-05 08:00:00,32.57,22.87,27.82,44.4264,26.1406
2022-04-05 08:00:00,2022-04-05 09:00:00,29.63,19.09,23.57,44.4264,26.1406
2022-04-05 09:00:00,2022-04-05 10:00:00,29.12,18.15,15.46,44.4264,26.1406
2022-04-05 10:00:00,2022-04-05 11:00:00,25.45,14.71,9.86,44.4264,26.1406
2022-04-05 11:00:00,2022-04-05 12:00:00,20.73,10.8,8.36,44.4264,26.1406
2022-04-05 12:00:00,2022-04-05 13:00:00,20.16,8.79,7.64,44.4264,26.1406
2022-04-05 13:00:00,2022-04-05 14:00:00,28.32,8.59,7.01,44.4264,26.1406
2022-04-05 14:00:00,2022-04-05 15:00:00,18.96,8.49,6.77,44.4264,26.1406
2022-04-05 15:00:00,2022-04-05 16:00:00,19.08,9.38,6.91,44.4264,26.1406
2022-04-05 16:00:00,2022-04-05 17:00:00,16.73,8.38,8.2,44.4264,26.1406
2022-04-05 17:00:00,2022-04-05 18:00:00,19.67,10.24,9.84,44.4264,26.1406
2022-04-05 19:00:00,2022-04-05 20:00:00,18.73,10.28,17.52,44.4264,26.1406
2022-04-05 20:00:00,2022-04-05 21:00:00,18.79,9.46,20.83,44.4264,26.1406
2022-04-05 21:00:00,2022-04-05 22:00:00,20.16,8.71,20.53,44.4264,26.1406
2022-04-05 22:00:00,2022-04-05 23:00:00,24.89,14.42,20.04,44.4264,26.1406
2022-04-05 23:00:00,2022-04-06 00:00:00,20.59,10.57,24.86,44.4264,26.1406
2022-04-06 00:00:00,2022-04-06 01:00:00,23.36,14.33,17.29,44.4264,26.1406
2022-04-06 01:00:00,2022-04-06 02:00:00,23.08,15.08,18.04,44.4264,26.1406
2022-04-06 02:00:00,2022-04-06 03:00:00,23.19,15.32,13.47,44.4264,26.1406
2022-04-06 03:00:00,2022-04-06 04:00:00,23.1,16.41,15.76,44.4264,26.1406
2022-04-06 04:00:00,2022-04-06 05:00:00,25.04,19.3,18.34,44.4264,26.1406
2022-04-06 05:00:00,2022-04-06 06:00:00,23.36,17.54,31.62,44.4264,26.1406
2022-04-06 06:00:00,2022-04-06 07:00:00,28.93,18.15,43.84,44.4264,26.1406
2022-04-06 07:00:00,2022-04-06 08:00:00,39.24,23.02,43.2,44.4264,26.1406
2022-04-06 08:00:00,2022-04-06 09:00:00,46.36,29.69,45.82,44.4264,26.1406
2022-04-06 09:00:00,2022-04-06 10:00:00,56.49,32.17,64.58,44.4264,26.1406
2022-04-06 10:00:00,2022-04-06 11:00:00,63.11,33.57,36.67,44.4264,26.1406
2022-04-06 11:00:00,2022-04-06 12:00:00,35.47,16.99,18.69,44.4264,26.1406
2022-04-06 12:00:00,2022-04-06 13:00:00,25.09,15.58,10.8,44.4264,26.1406
2022-04-06 13:00:00,2022-04-06 14:00:00,18.41,9.46,9.16,44.4264,26.1406
2022-04-06 14:00:00,2022-04-06 15:00:00,17.08,7.57,7.72,44.4264,26.1406
2022-04-06 15:00:00,2022-04-06 16:00:00,14.4,4.82,6.33,44.4264,26.1406
2022-04-06 16:00:00,2022-04-06 17:00:00,14.48,8.21,6.05,44.4264,26.1406
2022-04-06 17:00:00,2022-04-06 18:00:00,12.4,7.8,11.33,44.4264,26.1406
2022-04-06 18:00:00,2022-04-06 19:00:00,13.1,5.52,26.27,44.4264,26.1406
2022-04-06 20:00:00,2022-04-06 21:00:00,22.74,8.09,55.19,44.4264,26.1406
2022-04-06 21:00:00,2022-04-06 22:00:00,37.55,16.38,80.1,44.4264,26.1406
2022-04-06 22:00:00,2022-04-06 23:00:00,54.47,22.76,78.21,44.4264,26.1406
2022-04-06 23:00:00,2022-04-07 00:00:00,45.07,19.88,66.36,44.4264,26.1406
2022-04-07 00:00:00,2022-04-07 01:00:00,32.08,17.83,47.6,44.4264,26.1406
2022-04-07 01:00:00,2022-04-07 02:00:00,32.69,21.33,28.58,44.4264,26.1406
2022-04-07 02:00:00,2022-04-07 03:00:00,26.21,17.39,22.67,44.4264,26.1406
2022-04-07 03:00:00,2022-04-07 04:00:00,21.52,13.6,29.74,44.4264,26.1406
2022-04-07 04:00:00,2022-04-07 05:00:00,26.74,18.08,34.56,44.4264,26.1406
2022-04-07 05:00:00,2022-04-07 06:00:00,27.95,19.1,39.99,44.4264,26.1406
2022-04-07 06:00:00,2022-04-07 07:00:00,26.18,16.7,43.0,44.4264,26.1406
2022-04-07 07:00:00,2022-04-07 08:00:00,32.54,19.2,36.62,44.4264,26.1406
2022-04-07 08:00:00,2022-04-07 09:00:00,38.78,21.88,27.91,44.4264,26.1406
2022-04-07 09:00:00,2022-04-07 10:00:00,30.16,14.11,20.76,44.4264,26.1406
2022-04-07 10:00:00,2022-04-07 11:00:00,24.34,10.3,18.24,44.4264,26.1406
2022-04-07 11:00:00,2022-04-07 12:00:00,28.62,11.51,19.41,44.4264,26.1406
2022-04-07 12:00:00,2022-04-07 13:00:00,31.28,14.14,24.52,44.4264,26.1406
2022-04-07 13:00:00,2022-04-07 14:00:00,36.21,15.46,24.38,44.4264,26.1406
2022-04-07 14:00:00,2022-04-07 15:00:00,53.86,38.96,28.98,44.4264,26.1406
2022-04-07 15:00:00,2022-04-07 16:00:00,17.57,3.06,33.59,44.4264,26.1406
2022-04-07 16:00:00,2022-04-07 17:00:00,10.28,0.88,24.44,44.4264,26.1406
2022-04-07 17:00:00,2022-04-07 18:00:00,9.16,1.09,24.83,44.4264,26.1406
2022-04-07 18:00:00,2022-04-07 19:00:00,11.04,3.02,28.15,44.4264,26.1406
2022-04-07 19:00:00,2022-04-07 20:00:00,11.44,3.37,18.6,44.4264,26.1406
2022-04-07 21:00:00,2022-04-07 22:00:00,18.18,11.97,22.37,44.4264,26.1406
2022-04-07 22:00:00,2022-04-07 23:00:00,21.21,14.93,17.76,44.4264,26.1406
2022-04-07 23:00:00,2022-04-08 00:00:00,25.1,18.33,19.7,44.4264,26.1406
2022-04-08 00:00:00,2022-04-08 01:00:00,35.69,23.69,20.54,44.4264,26.1406
2022-04-08 01:00:00,2022-04-08 02:00:00,26.71,14.82,18.1,44.4264,26.1406
2022-04-08 02:00:00,2022-04-08 03:00:00,21.19,16.48,13.1,44.4264,26.1406
2022-04-08 03:00:00,2022-04-08 04:00:00,25.98,21.82,13.87,44.4264,26.1406
2022-04-08 04:00:00,2022-04-08 05:00:00,27.1,22.47,14.49,44.4264,26.1406
2022-04-08 05:00:00,2022-04-08 06:00:00,25.63,19.44,26.35,44.4264,26.1406
2022-04-08 06:00:00,2022-04-08 07:00:00,23.13,15.68,27.73,44.4264,26.1406
2022-04-08 07:00:00,2022-04-08 08:00:00,25.87,18.2,22.98,44.4264,26.1406
2022-04-08 08:00:00,2022-04-08 09:00:00,26.44,17.38,18.07,44.4264,26.1406
2022-04-08 09:00:00,2022-04-08 10:00:00,23.03,13.37,12.49,44.4264,26.1406
2022-04-08 10:00:00,2022-04-08 11:00:00,12.37,3.3,9.09,44.4264,26.1406
2022-04-08 11:00:00,2022-04-08 12:00:00,11.88,2.28,7.99,44.4264,26.1406
2022-04-08 12:00:00,2022-04-08 13:00:00,11.28,4.01,6.47,44.4264,26.1406
2022-04-08 13:00:00,2022-04-08 14:00:00,13.51,7.14,6.47,44.4264,26.1406
2022-04-08 14:00:00,2022-04-08 15:00:00,10.66,3.72,6.58,44.4264,26.1406
2022-04-08 15:00:00,2022-04-08 16:00:00,8.69,1.68,8.04,44.4264,26.1406
2022-04-08 16:00:00,2022-04-08 17:00:00,12.69,5.28,9.52,44.4264,26.1406
2022-04-08 17:00:00,2022-04-08 18:00:00,13.28,6.2,13.64,44.4264,26.1406
2022-04-08 18:00:00,2022-04-08 19:00:00,18.84,6.58,15.76,44.4264,26.1406
2022-04-08 19:00:00,2022-04-08 20:00:00,27.01,3.52,19.2,44.4264,26.1406
2022-04-08 20:00:00,2022-04-08 21:00:00,33.99,5.11,17.94,44.4264,26.1406
2022-04-08 22:00:00,2022-04-08 23:00:00,24.31,7.38,15.03,44.4264,26.1406
2022-04-08 23:00:00,2022-04-09 00:00:00,17.57,7.55,15.16,44.4264,26.1406
2022-04-09 00:00:00,2022-04-09 01:00:00,12.28,3.73,18.2,44.4264,26.1406
2022-04-09 01:00:00,2022-04-09 02:00:00,12.14,5.25,12.84,44.4264,26.1406
2022-04-09 02:00:00,2022-04-09 03:00:00,17.03,10.22,14.75,44.4264,26.1406
2022-04-09 03:00:00,2022-04-09 04:00:00,14.21,6.91,28.74,44.4264,26.1406
2022-04-09 04:00:00,2022-04-09 05:00:00,15.2,5.15,35.22,44.4264,26.1406
2022-04-09 05:00:00,2022-04-09 06:00:00,19.79,11.38,22.75,44.4264,26.1406
2022-04-09 06:00:00,2022-04-09 07:00:00,15.9,7.86,18.57,44.4264,26.1406
2022-04-09 07:00:00,2022-04-09 08:00:00,20.14,8.79,23.28,44.4264,26.1406
2022-04-09 08:00:00,2022-04-09 09:00:00,20.85,8.3,15.12,44.4264,26.1406
2022-04-09 09:00:00,2022-04-09 10:00:00,14.12,3.25,9.73,44.4264,26.1406
2022-04-09 10:00:00,2022-04-09 11:00:00,13.3,3.32,7.71,44.4264,26.1406
2022-04-09 11:00:00,2022-04-09 12:00:00,10.28,1.34,6.83,44.4264,26.1406
2022-04-09 12:00:00,2022-04-09 13:00:00,9.29,2.02,6.11,44.4264,26.1406
2022-04-09 13:00:00,2022-04-09 14:00:00,10.01,1.67,5.99,44.4264,26.1406
2022-04-09 14:00:00,2022-04-09 15:00:00,9.6,1.44,5.91,44.4264,26.1406
2022-04-09 18:00:00,2022-04-09 19:00:00,11.98,4.21,14.37,44.4264,26.1406
2022-04-09 19:00:00,2022-04-09 20:00:00,15.79,4.91,21.34,44.4264,26.1406
2022-04-09 20:00:00,2022-04-09 21:00:00,16.45,4.6,24.43,44.4264,26.1406
2022-04-09 21:00:00,2022-04-09 22:00:00,23.97,11.13,33.24,44.4264,26.1406
2022-04-09 23:00:00,2022-04-10 00:00:00,26.82,12.76,29.37,44.4264,26.1406
2022-04-10 00:00:00,2022-04-10 01:00:00,26.63,11.18,23.81,44.4264,26.1406
2022-04-10 01:00:00,2022-04-10 02:00:00,17.55,5.78,19.03,44.4264,26.1406
2022-04-10 02:00:00,2022-04-10 03:00:00,14.95,3.86,13.17,44.4264,26.1406
2022-04-10 03:00:00,2022-04-10 04:00:00,15.08,4.9,16.36,44.4264,26.1406
2022-04-10 04:00:00,2022-04-10 05:00:00,19.82,10.13,13.91,44.4264,26.1406
2022-04-10 05:00:00,2022-04-10 06:00:00,22.76,9.04,10.6,44.4264,26.1406
2022-04-10 06:00:00,2022-04-10 07:00:00,12.14,1.04,9.46,44.4264,26.1406
2022-04-10 10:00:00,2022-04-10 11:00:00,11.29,2.11,11.69,44.4264,26.1406
2022-04-10 12:00:00,2022-04-10 13:00:00,9.1,4.04,23.77,44.4264,26.1406
2022-04-10 13:00:00,2022-04-10 14:00:00,7.25,2.63,22.6,44.4264,26.1406
2022-04-10 14:00:00,2022-04-10 15:00:00,5.98,1.09,18.9,44.4264,26.1406
2022-04-11 00:00:00,2022-04-11 01:00:00,2.11,0.28,9.08,44.4264,26.1406
2022-04-11 01:00:00,2022-04-11 02:00:00,2.69,1.22,6.7,44.4264,26.1406
2022-04-11 04:00:00,2022-04-11 05:00:00,2.21,1.03,6.06,44.4264,26.1406
2022-04-11 05:00:00,2022-04-11 06:00:00,1.57,0.27,7.48,44.4264,26.1406
2022-04-11 11:00:00,2022-04-11 12:00:00,4.58,0.76,6.24,44.4264,26.1406
2022-04-11 12:00:00,2022-04-11 13:00:00,5.34,2.09,5.05,44.4264,26.1406
2022-04-11 13:00:00,2022-04-11 14:00:00,6.55,3.47,5.24,44.4264,26.1406
2022-04-11 14:00:00,2022-04-11 15:00:00,7.49,4.61,4.78,44.4264,26.1406
2022-04-11 15:00:00,2022-04-11 16:00:00,6.02,2.94,4.41,44.4264,26.1406
2022-04-11 17:00:00,2022-04-11 18:00:00,2.86,0.32,5.01,44.4264,26.1406
2022-04-11 18:00:00,2022-04-11 19:00:00,6.18,4.1,5.97,44.4264,26.1406
2022-04-11 19:00:00,2022-04-11 20:00:00,11.85,8.39,10.16,44.4264,26.1406
2022-04-11 20:00:00,2022-04-11 21:00:00,15.8,11.97,20.18,44.4264,26.1406
2022-04-11 21:00:00,2022-04-11 22:00:00,19.32,14.91,12.76,44.4264,26.1406
2022-04-11 22:00:00,2022-04-11 23:00:00,14.83,11.25,14.01,44.4264,26.1406
2022-04-11 23:00:00,2022-04-12 00:00:00,15.45,10.54,14.73,44.4264,26.1406
2022-04-12 01:00:00,2022-04-12 02:00:00,12.41,8.4,16.97,44.4264,26.1406
2022-04-12 02:00:00,2022-04-12 03:00:00,12.14,8.72,18.74,44.4264,26.1406
2022-04-12 03:00:00,2022-04-12 04:00:00,15.16,11.49,14.86,44.4264,26.1406
2022-04-12 04:00:00,2022-04-12 05:00:00,15.97,12.0,15.96,44.4264,26.1406
2022-04-12 05:00:00,2022-04-12 06:00:00,18.66,14.91,22.38,44.4264,26.1406
2022-04-12 06:00:00,2022-04-12 07:00:00,22.06,15.96,25.61,44.4264,26.1406
2022-04-12 07:00:00,2022-04-12 08:00:00,24.43,14.87,23.94,44.4264,26.1406
2022-04-12 08:00:00,2022-04-12 09:00:00,20.94,12.64,16.18,44.4264,26.1406
2022-04-12 09:00:00,2022-04-12 10:00:00,16.33,10.49,7.22,44.4264,26.1406
2022-04-12 10:00:00,2022-04-12 11:00:00,10.45,6.86,5.8,44.4264,26.1406
2022-04-12 11:00:00,2022-04-12 12:00:00,11.43,8.4,5.26,44.4264,26.1406
2022-04-12 12:00:00,2022-04-12 13:00:00,10.41,7.04,4.79,44.4264,26.1406
2022-04-12 13:00:00,2022-04-12 14:00:00,10.25,8.4,4.45,44.4264,26.1406
2022-04-12 14:00:00,2022-04-12 15:00:00,8.14,6.02,4.1,44.4264,26.1406
2022-04-12 15:00:00,2022-04-12 16:00:00,4.99,3.01,4.2,44.4264,26.1406
2022-04-12 16:00:00,2022-04-12 17:00:00,9.61,7.27,4.71,44.4264,26.1406
2022-04-12 17:00:00,2022-04-12 18:00:00,11.25,8.97,4.56,44.4264,26.1406
2022-04-12 18:00:00,2022-04-12 19:00:00,9.51,6.75,6.06,44.4264,26.1406
2022-04-12 19:00:00,2022-04-12 20:00:00,10.39,7.03,24.46,44.4264,26.1406
2022-04-12 20:00:00,2022-04-12 21:00:00,20.99,10.63,58.48,44.4264,26.1406
2022-04-12 21:00:00,2022-04-12 22:00:00,32.15,13.87,70.37,44.4264,26.1406
2022-04-12 22:00:00,2022-04-12 23:00:00,43.85,21.78,64.99,44.4264,26.1406
2022-04-12 23:00:00,2022-04-13 00:00:00,61.38,44.39,61.44,44.4264,26.1406
2022-04-13 00:00:00,2022-04-13 01:00:00,50.54,33.32,58.31,44.4264,26.1406
2022-04-13 02:00:00,2022-04-13 03:00:00,20.46,13.12,18.84,44.4264,26.1406
2022-04-13 03:00:00,2022-04-13 04:00:00,15.23,10.85,14.53,44.4264,26.1406
2022-04-13 04:00:00,2022-04-13 05:00:00,16.18,11.29,15.45,44.4264,26.1406
2022-04-13 05:00:00,2022-04-13 06:00:00,16.17,10.01,33.07,44.4264,26.1406
2022-04-13 06:00:00,2022-04-13 07:00:00,20.49,9.66,44.55,44.4264,26.1406
2022-04-13 07:00:00,2022-04-13 08:00:00,26.75,13.66,43.61,44.4264,26.1406
2022-04-13 08:00:00,2022-04-13 09:00:00,31.34,18.71,24.12,44.4264,26.1406
2022-04-13 09:00:00,2022-04-13 10:00:00,15.04,7.89,13.14,44.4264,26.1406
2022-04-13 10:00:00,2022-04-13 11:00:00,9.41,4.56,7.51,44.4264,26.1406
2022-04-13 11:00:00,2022-04-13 12:00:00,14.13,9.93,6.27,44.4264,26.1406
2022-04-13 12:00:00,2022-04-13 13:00:00,16.71,11.23,5.36,44.4264,26.1406
2022-04-13 13:00:00,2022-04-13 14:00:00,11.18,7.76,5.44,44.4264,26.1406
2022-04-13 14:00:00,2022-04-13 15:00:00,9.96,5.87,5.77,44.4264,26.1406
2022-04-13 15:00:00,2022-04-13 16:00:00,13.68,8.45,6.12,44.4264,26.1406
2022-04-13 16:00:00,2022-04-13 17:00:00,11.47,7.16,6.57,44.4264,26.1406
2022-04-13 17:00:00,2022-04-13 18:00:00,7.96,4.14,7.79,44.4264,26.1406
2022-04-13 18:00:00,2022-04-13 19:00:00,12.38,8.01,12.53,44.4264,26.1406
2022-04-13 19:00:00,2022-04-13 20:00:00,14.35,7.25,24.26,44.4264,26.1406
2022-04-13 20:00:00,2022-04-13 21:00:00,20.3,9.23,26.99,44.4264,26.1406
2022-04-13 21:00:00,2022-04-13 22:00:00,23.1,13.08,34.92,44.4264,26.1406
2022-04-13 22:00:00,2022-04-13 23:00:00,18.68,10.82,19.55,44.4264,26.1406
2022-04-13 23:00:00,2022-04-14 00:00:00,16.39,11.3,23.09,44.4264,26.1406
2022-04-14 00:00:00,2022-04-14 01:00:00,24.82,16.55,36.89,44.4264,26.1406
2022-04-14 01:00:00,2022-04-14 02:00:00,28.48,21.26,29.63,44.4264,26.1406
2022-04-14 03:00:00,2022-04-14 04:00:00,22.55,15.47,27.73,44.4264,26.1406
2022-04-14 04:00:00,2022-04-14 05:00:00,22.87,16.03,39.57,44.4264,26.1406
2022-04-14 05:00:00,2022-04-14 06:00:00,28.16,17.11,56.69,44.4264,26.1406
2022-04-14 06:00:00,2022-04-14 07:00:00,39.43,22.8,53.2,44.4264,26.1406
2022-04-14 07:00:00,2022-04-14 08:00:00,53.83,28.43,46.32,44.4264,26.1406
2022-04-14 08:00:00,2022-04-14 09:00:00,60.81,28.66,51.17,44.4264,26.1406
2022-04-14 09:00:00,2022-04-14 10:00:00,45.0,12.93,30.2,44.4264,26.1406
2022-04-14 10:00:00,2022-04-14 11:00:00,20.07,4.95,11.81,44.4264,26.1406
2022-04-14 11:00:00,2022-04-14 12:00:00,18.73,10.75,8.81,44.4264,26.1406
2022-04-14 12:00:00,2022-04-14 13:00:00,19.72,12.29,7.5,44.4264,26.1406
2022-04-14 13:00:00,2022-04-14 14:00:00,12.61,6.47,7.01,44.4264,26.1406
2022-04-14 14:00:00,2022-04-14 15:00:00,8.19,1.42,6.76,44.4264,26.1406
2022-04-14 15:00:00,2022-04-14 16:00:00,7.71,1.02,7.2,44.4264,26.1406
2022-04-14 16:00:00,2022-04-14 17:00:00,8.66,2.83,7.53,44.4264,26.1406
2022-04-14 17:00:00,2022-04-14 18:00:00,8.74,3.2,10.1,44.4264,26.1406
2022-04-14 18:00:00,2022-04-14 19:00:00,14.37,7.15,16.22,44.4264,26.1406
2022-04-14 19:00:00,2022-04-14 20:00:00,15.34,3.61,24.52,44.4264,26.1406
2022-04-14 20:00:00,2022-04-14 21:00:00,22.23,9.51,30.73,44.4264,26.1406
2022-04-14 21:00:00,2022-04-14 22:00:00,21.46,11.56,38.17,44.4264,26.1406
2022-04-14 22:00:00,2022-04-14 23:00:00,31.57,14.83,71.98,44.4264,26.1406
2022-04-14 23:00:00,2022-04-15 00:00:00,53.42,28.92,64.96,44.4264,26.1406
2022-04-15 00:00:00,2022-04-15 01:00:00,91.86,76.17,54.81,44.4264,26.1406
2022-04-15 01:00:00,2022-04-15 02:00:00,53.03,33.02,57.93,44.4264,26.1406
2022-04-15 02:00:00,2022-04-15 03:00:00,54.28,36.51,56.92,44.4264,26.1406
2022-04-15 04:00:00,2022-04-15 05:00:00,39.64,25.6,42.47,44.4264,26.1406
2022-04-15 05:00:00,2022-04-15 06:00:00,35.52,22.88,36.01,44.4264,26.1406
2022-04-15 06:00:00,2022-04-15 07:00:00,27.62,14.13,36.15,44.4264,26.1406
2022-04-15 07:00:00,2022-04-15 08:00:00,42.13,24.16,42.1,44.4264,26.1406
2022-04-15 08:00:00,2022-04-15 09:00:00,51.29,30.09,47.77,44.4264,26.1406
2022-04-15 09:00:00,2022-04-15 10:00:00,43.87,22.94,41.7,44.4264,26.1406
2022-04-15 10:00:00,2022-04-15 11:00:00,36.94,13.15,31.69,44.4264,26.1406
2022-04-15 12:00:00,2022-04-15 13:00:00,14.7,4.95,9.85,44.4264,26.1406
2022-04-15 13:00:00,2022-04-15 14:00:00,12.33,2.7,7.95,44.4264,26.1406
2022-04-15 14:00:00,2022-04-15 15:00:00,13.76,2.99,8.92,44.4264,26.1406
2022-04-15 16:00:00,2022-04-15 17:00:00,12.06,2.67,9.33,44.4264,26.1406
2022-04-15 17:00:00,2022-04-15 18:00:00,14.37,5.89,12.17,44.4264,26.1406
2022-04-15 18:00:00,2022-04-15 19:00:00,9.59,0.99,15.86,44.4264,26.1406
2022-04-15 19:00:00,2022-04-15 20:00:00,16.81,4.61,25.2,44.4264,26.1406
2022-04-15 20:00:00,2022-04-15 21:00:00,24.65,9.68,35.84,44.4264,26.1406
2022-04-15 21:00:00,2022-04-15 22:00:00,40.64,25.38,49.51,44.4264,26.1406
2022-04-15 22:00:00,2022-04-15 23:00:00,70.49,54.71,53.52,44.4264,26.1406
2022-04-15 23:00:00,2022-04-16 00:00:00,12.13,1.65,60.39,44.4264,26.1406
2022-04-16 00:00:00,2022-04-16 01:00:00,48.69,39.85,55.53,44.4264,26.1406
2022-04-16 01:00:00,2022-04-16 02:00:00,50.55,37.2,40.31,44.4264,26.1406
2022-04-16 02:00:00,2022-04-16 03:00:00,29.78,17.73,37.58,44.4264,26.1406
2022-04-16 03:00:00,2022-04-16 04:00:00,27.9,15.56,49.11,44.4264,26.1406
2022-04-16 05:00:00,2022-04-16 06:00:00,41.72,27.07,49.63,44.4264,26.1406
2022-04-16 06:00:00,2022-04-16 07:00:00,41.88,24.97,51.98,44.4264,26.1406
2022-04-16 07:00:00,2022-04-16 08:00:00,45.21,20.5,28.74,44.4264,26.1406
2022-04-16 08:00:00,2022-04-16 09:00:00,28.52,7.56,19.59,44.4264,26.1406
2022-04-16 09:00:00,2022-04-16 10:00:00,19.59,1.68,13.68,44.4264,26.1406
2022-04-16 14:00:00,2022-04-16 15:00:00,13.33,2.02,11.47,44.4264,26.1406
2022-04-16 15:00:00,2022-04-16 16:00:00,19.13,6.42,12.13,44.4264,26.1406
2022-04-16 16:00:00,2022-04-16 17:00:00,17.3,4.21,9.16,44.4264,26.1406
2022-04-16 17:00:00,2022-04-16 18:00:00,20.82,9.31,12.65,44.4264,26.1406
2022-04-16 18:00:00,2022-04-16 19:00:00,21.13,8.91,12.99,44.4264,26.1406
2022-04-16 19:00:00,2022-04-16 20:00:00,28.54,15.25,17.32,44.4264,26.1406
2022-04-16 20:00:00,2022-04-16 21:00:00,40.74,25.84,14.54,44.4264,26.1406
2022-04-16 21:00:00,2022-04-16 22:00:00,16.77,9.47,10.81,44.4264,26.1406
2022-04-16 22:00:00,2022-04-16 23:00:00,9.64,1.73,9.68,44.4264,26.1406
2022-04-17 06:00:00,2022-04-17 07:00:00,8.64,2.25,7.18,44.4264,26.1406
2022-04-17 07:00:00,2022-04-17 08:00:00,6.26,1.94,7.17,44.4264,26.1406
2022-04-17 08:00:00,2022-04-17 09:00:00,4.77,3.56,7.68,44.4264,26.1406
2022-04-17 09:00:00,2022-04-17 10:00:00,6.67,5.35,8.15,44.4264,26.1406
2022-04-17 10:00:00,2022-04-17 11:00:00,6.15,4.12,8.92,44.4264,26.1406
2022-04-17 11:00:00,2022-04-17 12:00:00,7.09,5.26,9.57,44.4264,26.1406
2022-04-17 12:00:00,2022-04-17 13:00:00,3.03,1.08,9.97,44.4264,26.1406
2022-04-17 13:00:00,2022-04-17 14:00:00,5.92,3.74,9.66,44.4264,26.1406
2022-04-17 14:00:00,2022-04-17 15:00:00,6.4,3.66,10.63,44.4264,26.1406
2022-04-17 17:00:00,2022-04-17 18:00:00,7.11,4.18,13.8,44.4264,26.1406
2022-04-17 18:00:00,2022-04-17 19:00:00,6.0,3.17,14.31,44.4264,26.1406
2022-04-17 19:00:00,2022-04-17 20:00:00,5.35,2.41,13.35,44.4264,26.1406
2022-04-17 20:00:00,2022-04-17 21:00:00,2.72,0.12,11.74,44.4264,26.1406
2022-04-17 22:00:00,2022-04-17 23:00:00,4.54,1.91,11.6,44.4264,26.1406
2022-04-17 23:00:00,2022-04-18 00:00:00,5.24,2.55,9.31,44.4264,26.1406
2022-04-18 00:00:00,2022-04-18 01:00:00,7.8,5.45,7.6,44.4264,26.1406
2022-04-18 01:00:00,2022-04-18 02:00:00,5.15,1.85,7.15,44.4264,26.1406
2022-04-18 02:00:00,2022-04-18 03:00:00,6.29,3.52,6.66,44.4264,26.1406
2022-04-18 04:00:00,2022-04-18 05:00:00,3.16,0.36,10.69,44.4264,26.1406
2022-04-18 05:00:00,2022-04-18 06:00:00,8.42,5.18,16.77,44.4264,26.1406
2022-04-18 07:00:00,2022-04-18 08:00:00,5.77,2.31,19.12,44.4264,26.1406
2022-04-18 08:00:00,2022-04-18 09:00:00,9.55,4.93,18.35,44.4264,26.1406
2022-04-18 09:00:00,2022-04-18 10:00:00,12.55,8.21,13.84,44.4264,26.1406
2022-04-18 11:00:00,2022-04-18 12:00:00,5.84,0.95,9.38,44.4264,26.1406
2022-04-18 12:00:00,2022-04-18 13:00:00,8.07,3.41,9.05,44.4264,26.1406
2022-04-18 13:00:00,2022-04-18 14:00:00,5.25,1.22,8.76,44.4264,26.1406
2022-04-18 14:00:00,2022-04-18 15:00:00,5.96,1.89,11.2,44.4264,26.1406
2022-04-18 15:00:00,2022-04-18 16:00:00,6.69,2.42,14.11,44.4264,26.1406
2022-04-18 16:00:00,2022-04-18 17:00:00,8.74,4.58,20.54,44.4264,26.1406
2022-04-18 17:00:00,2022-04-18 18:00:00,9.71,4.91,17.3,44.4264,26.1406
2022-04-18 18:00:00,2022-04-18 19:00:00,9.91,5.61,18.43,44.4264,26.1406
2022-04-18 19:00:00,2022-04-18 20:00:00,11.75,5.72,25.67,44.4264,26.1406
2022-04-18 20:00:00,2022-04-18 21:00:00,16.55,9.6,23.94,44.4264,26.1406
2022-04-18 21:00:00,2022-04-18 22:00:00,11.89,6.12,16.66,44.4264,26.1406
2022-04-18 22:00:00,2022-04-18 23:00:00,6.43,1.35,14.84,44.4264,26.1406
2022-04-19 01:00:00,2022-04-19 02:00:00,4.42,1.07,11.9,44.4264,26.1406
2022-04-19 19:00:00,2022-04-19 20:00:00,5.64,2.24,30.19,44.4264,26.1406
2022-04-19 21:00:00,2022-04-19 22:00:00,6.88,3.79,50.86,44.4264,26.1406
2022-04-19 22:00:00,2022-04-19 23:00:00,12.52,9.16,19.8,44.4264,26.1406
2022-04-19 23:00:00,2022-04-20 00:00:00,9.93,6.74,30.26,44.4264,26.1406
2022-04-20 00:00:00,2022-04-20 01:00:00,14.37,11.24,35.49,44.4264,26.1406
2022-04-20 01:00:00,2022-04-20 02:00:00,14.66,11.41,15.5,44.4264,26.1406
2022-04-20 02:00:00,2022-04-20 03:00:00,15.1,12.0,12.3,44.4264,26.1406
2022-04-20 03:00:00,2022-04-20 04:00:00,18.38,15.31,14.35,44.4264,26.1406
2022-04-20 04:00:00,2022-04-20 05:00:00,17.42,13.71,22.0,44.4264,26.1406
2022-04-20 05:00:00,2022-04-20 06:00:00,21.16,18.22,24.57,44.4264,26.1406
2022-04-20 06:00:00,2022-04-20 07:00:00,20.09,16.64,32.71,44.4264,26.1406
2022-04-20 07:00:00,2022-04-20 08:00:00,15.73,10.52,34.09,44.4264,26.1406
2022-04-20 09:00:00,2022-04-20 10:00:00,24.97,17.19,19.67,44.4264,26.1406
2022-04-20 10:00:00,2022-04-20 11:00:00,19.32,11.42,13.61,44.4264,26.1406
2022-04-20 11:00:00,2022-04-20 12:00:00,11.89,6.3,11.89,44.4264,26.1406
2022-04-20 12:00:00,2022-04-20 13:00:00,9.25,3.81,8.04,44.4264,26.1406
2022-04-20 13:00:00,2022-04-20 14:00:00,6.96,3.13,8.62,44.4264,26.1406
2022-04-20 14:00:00,2022-04-20 15:00:00,9.16,5.02,7.3,44.4264,26.1406
2022-04-20 15:00:00,2022-04-20 16:00:00,9.66,5.91,8.18,44.4264,26.1406
2022-04-20 16:00:00,2022-04-20 17:00:00,11.3,7.23,8.76,44.4264,26.1406
2022-04-20 17:00:00,2022-04-20 18:00:00,12.17,7.16,10.5,44.4264,26.1406
2022-04-20 18:00:00,2022-04-20 19:00:00,16.14,9.81,13.9,44.4264,26.1406
2022-04-20 19:00:00,2022-04-20 20:00:00,17.39,11.8,12.03,44.4264,26.1406
2022-04-20 20:00:00,2022-04-20 21:00:00,13.71,8.84,11.75,44.4264,26.1406
2022-04-20 21:00:00,2022-04-20 22:00:00,16.47,11.77,11.64,44.4264,26.1406
2022-04-20 22:00:00,2022-04-20 23:00:00,12.93,9.3,14.81,44.4264,26.1406
2022-04-20 23:00:00,2022-04-21 00:00:00,14.79,11.46,10.18,44.4264,26.1406
2022-04-21 00:00:00,2022-04-21 01:00:00,14.34,11.4,12.3,44.4264,26.1406
2022-04-21 01:00:00,2022-04-21 02:00:00,13.3,11.32,11.45,44.4264,26.1406
2022-04-21 02:00:00,2022-04-21 03:00:00,13.42,11.67,15.78,44.4264,26.1406
2022-04-21 03:00:00,2022-04-21 04:00:00,17.34,16.2,14.46,44.4264,26.1406
2022-04-21 04:00:00,2022-04-21 05:00:00,22.62,21.71,9.14,44.4264,26.1406
2022-04-21 05:00:00,2022-04-21 06:00:00,15.41,14.14,12.14,44.4264,26.1406
2022-04-21 06:00:00,2022-04-21 07:00:00,17.05,14.44,16.52,44.4264,26.1406
2022-04-21 07:00:00,2022-04-21 08:00:00,18.21,15.32,16.66,44.4264,26.1406
2022-04-21 08:00:00,2022-04-21 09:00:00,22.52,18.98,13.47,44.4264,26.1406
2022-04-21 10:00:00,2022-04-21 11:00:00,21.69,14.35,12.15,44.4264,26.1406
2022-04-21 11:00:00,2022-04-21 12:00:00,17.51,10.0,9.24,44.4264,26.1406
2022-04-21 12:00:00,2022-04-21 13:00:00,9.88,5.75,8.11,44.4264,26.1406
2022-04-21 13:00:00,2022-04-21 14:00:00,12.71,6.66,8.83,44.4264,26.1406
2022-04-21 14:00:00,2022-04-21 15:00:00,11.48,4.57,8.04,44.4264,26.1406
2022-04-21 15:00:00,2022-04-21 16:00:00,10.5,1.15,7.67,44.4264,26.1406
2022-04-21 16:00:00,2022-04-21 17:00:00,12.24,7.73,7.73,44.4264,26.1406
2022-04-21 17:00:00,2022-04-21 18:00:00,11.56,7.61,9.32,44.4264,26.1406
2022-04-21 18:00:00,2022-04-21 19:00:00,11.37,7.52,13.27,44.4264,26.1406
2022-04-21 19:00:00,2022-04-21 20:00:00,16.81,11.22,29.17,44.4264,26.1406
2022-04-21 20:00:00,2022-04-21 21:00:00,25.09,15.84,30.35,44.4264,26.1406
2022-04-21 21:00:00,2022-04-21 22:00:00,22.02,14.0,32.2,44.4264,26.1406
2022-04-21 22:00:00,2022-04-21 23:00:00,21.82,14.54,54.01,44.4264,26.1406
2022-04-21 23:00:00,2022-04-22 00:00:00,32.77,17.19,64.21,44.4264,26.1406
2022-04-22 00:00:00,2022-04-22 01:00:00,42.55,26.8,45.44,44.4264,26.1406
2022-04-22 01:00:00,2022-04-22 02:00:00,30.64,23.52,17.77,44.4264,26.1406
2022-04-22 02:00:00,2022-04-22 03:00:00,20.88,17.5,23.19,44.4264,26.1406
2022-04-22 03:00:00,2022-04-22 04:00:00,29.83,23.83,39.56,44.4264,26.1406
2022-04-22 04:00:00,2022-04-22 05:00:00,29.31,22.7,31.14,44.4264,26.1406
2022-04-22 05:00:00,2022-04-22 06:00:00,29.67,25.01,37.42,44.4264,26.1406
2022-04-22 06:00:00,2022-04-22 07:00:00,42.74,33.63,51.67,44.4264,26.1406
2022-04-22 07:00:00,2022-04-22 08:00:00,42.55,28.62,50.6,44.4264,26.1406
2022-04-22 08:00:00,2022-04-22 09:00:00,37.74,27.07,48.3,44.4264,26.1406
2022-04-22 09:00:00,2022-04-22 10:00:00,36.54,25.22,58.3,44.4264,26.1406
2022-04-22 11:00:00,2022-04-22 12:00:00,24.06,16.48,37.5,44.4264,26.1406
2022-04-22 12:00:00,2022-04-22 13:00:00,24.87,18.13,26.06,44.4264,26.1406
2022-04-22 13:00:00,2022-04-22 14:00:00,26.13,19.21,18.12,44.4264,26.1406
2022-04-22 14:00:00,2022-04-22 15:00:00,17.39,9.66,16.03,44.4264,26.1406
2022-04-22 20:00:00,2022-04-22 21:00:00,23.66,10.14,37.69,44.4264,26.1406
2022-04-22 21:00:00,2022-04-22 22:00:00,27.53,13.22,32.59,44.4264,26.1406
2022-04-22 22:00:00,2022-04-22 23:00:00,22.79,9.38,34.45,44.4264,26.1406
2022-04-22 23:00:00,2022-04-23 00:00:00,26.68,15.36,28.27,44.4264,26.1406
2022-04-23 00:00:00,2022-04-23 01:00:00,29.74,21.71,18.5,44.4264,26.1406
2022-04-23 01:00:00,2022-04-23 02:00:00,28.4,21.87,13.4,44.4264,26.1406
2022-04-23 02:00:00,2022-04-23 03:00:00,30.98,24.41,13.75,44.4264,26.1406
2022-04-23 03:00:00,2022-04-23 04:00:00,33.99,26.32,17.51,44.4264,26.1406
2022-04-23 04:00:00,2022-04-23 05:00:00,35.01,26.93,19.49,44.4264,26.1406
2022-04-23 05:00:00,2022-04-23 06:00:00,30.86,22.94,19.48,44.4264,26.1406
2022-04-23 06:00:00,2022-04-23 07:00:00,33.84,26.92,15.3,44.4264,26.1406
2022-04-23 07:00:00,2022-04-23 08:00:00,35.34,28.7,13.22,44.4264,26.1406
2022-04-23 08:00:00,2022-04-23 09:00:00,32.34,25.38,9.81,44.4264,26.1406
2022-04-23 09:00:00,2022-04-23 10:00:00,27.68,18.97,10.85,44.4264,26.1406
2022-04-23 10:00:00,2022-04-23 11:00:00,19.11,8.31,8.03,44.4264,26.1406
2022-04-23 18:00:00,2022-04-23 19:00:00,7.31,0.86,6.97,44.4264,26.1406
2022-04-23 19:00:00,2022-04-23 20:00:00,10.16,3.61,10.29,44.4264,26.1406
2022-04-23 20:00:00,2022-04-23 21:00:00,13.23,9.04,18.1,44.4264,26.1406
2022-04-23 21:00:00,2022-04-23 22:00:00,18.17,15.31,21.75,44.4264,26.1406
2022-04-23 22:00:00,2022-04-23 23:00:00,21.31,17.38,17.05,44.4264,26.1406
2022-04-23 23:00:00,2022-04-24 00:00:00,24.8,17.94,14.32,44.4264,26.1406
2022-04-24 00:00:00,2022-04-24 01:00:00,30.3,23.73,18.06,44.4264,26.1406
2022-04-24 01:00:00,2022-04-24 02:00:00,35.43,29.67,11.83,44.4264,26.1406
2022-04-24 02:00:00,2022-04-24 03:00:00,36.99,30.02,12.77,44.4264,26.1406
2022-04-24 03:00:00,2022-04-24 04:00:00,45.51,39.0,14.16,44.4264,26.1406
2022-04-24 04:00:00,2022-04-24 05:00:00,29.43,24.1,20.43,44.4264,26.1406
2022-04-24 05:00:00,2022-04-24 06:00:00,36.16,31.11,12.94,44.4264,26.1406
2022-04-24 06:00:00,2022-04-24 07:00:00,39.36,34.4,12.77,44.4264,26.1406
2022-04-24 07:00:00,2022-04-24 08:00:00,44.45,40.23,13.32,44.4264,26.1406
2022-04-24 08:00:00,2022-04-24 09:00:00,45.32,40.72,14.53,44.4264,26.1406
2022-04-24 09:00:00,2022-04-24 10:00:00,32.42,26.76,16.38,44.4264,26.1406
2022-04-24 10:00:00,2022-04-24 11:00:00,21.06,14.58,12.41,44.4264,26.1406
2022-04-24 11:00:00,2022-04-24 12:00:00,14.23,10.0,6.91,44.4264,26.1406
2022-04-24 13:00:00,2022-04-24 14:00:00,9.91,4.68,5.63,44.4264,26.1406
2022-04-24 14:00:00,2022-04-24 15:00:00,5.6,1.01,5.74,44.4264,26.1406
2022-04-24 15:00:00,2022-04-24 16:00:00,9.2,4.87,5.68,44.4264,26.1406
2022-04-24 16:00:00,2022-04-24 17:00:00,5.96,0.89,6.22,44.4264,26.1406
2022-04-24 17:00:00,2022-04-24 18:00:00,8.22,3.61,8.1,44.4264,26.1406
2022-04-24 18:00:00,2022-04-24 19:00:00,13.3,9.06,17.39,44.4264,26.1406
2022-04-24 19:00:00,2022-04-24 20:00:00,19.52,10.03,49.7,44.4264,26.1406
2022-04-24 20:00:00,2022-04-24 21:00:00,26.69,12.93,50.85,44.4264,26.1406
2022-04-24 21:00:00,2022-04-24 22:00:00,28.71,18.01,32.66,44.4264,26.1406
2022-04-24 22:00:00,2022-04-24 23:00:00,23.57,14.77,15.99,44.4264,26.1406
2022-04-24 23:00:00,2022-04-25 00:00:00,21.63,14.41,14.48,44.4264,26.1406
2022-04-25 00:00:00,2022-04-25 01:00:00,20.99,13.52,16.08,44.4264,26.1406
2022-04-25 01:00:00,2022-04-25 02:00:00,20.38,12.77,15.08,44.4264,26.1406
2022-04-25 02:00:00,2022-04-25 03:00:00,26.46,17.56,17.01,44.4264,26.1406
2022-04-25 07:00:00,2022-04-25 08:00:00,17.24,11.44,12.84,44.4264,26.1406
2022-04-25 08:00:00,2022-04-25 09:00:00,9.73,3.79,11.03,44.4264,26.1406
2022-04-25 09:00:00,2022-04-25 10:00:00,14.92,6.58,13.12,44.4264,26.1406
2022-04-25 10:00:00,2022-04-25 11:00:00,21.9,8.05,13.34,44.4264,26.1406
2022-04-25 11:00:00,2022-04-25 12:00:00,19.29,0.55,10.32,44.4264,26.1406
2022-04-25 12:00:00,2022-04-25 13:00:00,21.62,1.01,8.55,44.4264,26.1406
2022-04-25 14:00:00,2022-04-25 15:00:00,26.65,2.53,5.21,44.4264,26.1406
2022-04-25 15:00:00,2022-04-25 16:00:00,28.82,5.18,4.64,44.4264,26.1406
2022-04-25 16:00:00,2022-04-25 17:00:00,35.78,9.76,4.39,44.4264,26.1406
2022-04-25 17:00:00,2022-04-25 18:00:00,23.51,5.56,4.78,44.4264,26.1406
2022-04-25 18:00:00,2022-04-25 19:00:00,21.21,7.4,6.8,44.4264,26.1406
2022-04-25 19:00:00,2022-04-25 20:00:00,19.69,8.43,10.57,44.4264,26.1406
2022-04-25 20:00:00,2022-04-25 21:00:00,19.21,8.33,14.54,44.4264,26.1406
2022-04-25 21:00:00,2022-04-25 22:00:00,22.56,14.38,13.42,44.4264,26.1406
2022-04-25 22:00:00,2022-04-25 23:00:00,19.26,12.48,12.55,44.4264,26.1406
2022-04-25 23:00:00,2022-04-26 00:00:00,17.03,10.96,10.87,44.4264,26.1406
2022-04-26 00:00:00,2022-04-26 01:00:00,14.31,8.14,10.32,44.4264,26.1406
2022-04-26 01:00:00,2022-04-26 02:00:00,20.86,13.2,15.01,44.4264,26.1406
2022-04-26 02:00:00,2022-04-26 03:00:00,21.56,6.45,20.79,44.4264,26.1406
2022-04-26 03:00:00,2022-04-26 04:00:00,10.17,2.07,29.52,44.4264,26.1406
2022-04-26 04:00:00,2022-04-26 05:00:00,29.22,21.96,30.6,44.4264,26.1406
2022-04-26 05:00:00,2022-04-26 06:00:00,37.62,27.35,38.33,44.4264,26.1406
2022-04-26 06:00:00,2022-04-26 07:00:00,51.16,36.41,35.16,44.4264,26.1406
2022-04-26 07:00:00,2022-04-26 08:00:00,48.57,32.57,34.45,44.4264,26.1406
2022-04-26 08:00:00,2022-04-26 09:00:00,43.72,27.3,34.26,44.4264,26.1406
2022-04-26 09:00:00,2022-04-26 10:00:00,26.23,12.69,19.23,44.4264,26.1406
2022-04-26 10:00:00,2022-04-26 11:00:00,29.98,20.09,11.98,44.4264,26.1406
2022-04-26 11:00:00,2022-04-26 12:00:00,21.79,13.2,7.46,44.4264,26.1406
2022-04-26 21:00:00,2022-04-26 22:00:00,19.31,8.7,32.81,44.4264,26.1406
2022-04-26 22:00:00,2022-04-26 23:00:00,20.75,7.39,41.33,44.4264,26.1406
2022-04-26 23:00:00,2022-04-27 00:00:00,22.94,8.09,47.28,44.4264,26.1406
2022-04-27 00:00:00,2022-04-27 01:00:00,32.42,15.26,42.41,44.4264,26.1406
2022-04-27 01:00:00,2022-04-27 02:00:00,24.32,5.96,46.7,44.4264,26.1406
2022-04-27 03:00:00,2022-04-27 04:00:00,34.09,20.07,47.18,44.4264,26.1406
2022-04-27 04:00:00,2022-04-27 05:00:00,23.92,13.17,16.18,44.4264,26.1406
2022-04-27 05:00:00,2022-04-27 06:00:00,15.19,8.32,14.05,44.4264,26.1406
2022-04-27 06:00:00,2022-04-27 07:00:00,22.31,14.07,14.42,44.4264,26.1406
2022-04-27 07:00:00,2022-04-27 08:00:00,28.51,19.0,12.42,44.4264,26.1406
2022-04-27 08:00:00,2022-04-27 09:00:00,26.21,14.34,13.05,44.4264,26.1406
2022-04-27 09:00:00,2022-04-27 10:00:00,24.89,11.67,11.68,44.4264,26.1406
2022-04-27 10:00:00,2022-04-27 11:00:00,22.9,10.51,13.06,44.4264,26.1406
2022-04-27 11:00:00,2022-04-27 12:00:00,25.76,13.02,12.02,44.4264,26.1406
2022-04-27 12:00:00,2022-04-27 13:00:00,17.35,4.33,12.54,44.4264,26.1406
2022-04-27 13:00:00,2022-04-27 14:00:00,14.72,0.28,13.84,44.4264,26.1406
2022-04-27 14:00:00,2022-04-27 15:00:00,20.12,4.7,16.07,44.4264,26.1406
2022-04-27 21:00:00,2022-04-27 22:00:00,25.34,9.49,16.76,44.4264,26.1406
2022-04-27 22:00:00,2022-04-27 23:00:00,17.81,6.85,11.02,44.4264,26.1406
2022-05-03 23:00:00,2022-05-04 00:00:00,9.48,6.59,7.87,44.4264,26.1406
2022-05-04 00:00:00,2022-05-04 01:00:00,3.2,0.43,7.21,44.4264,26.1406
2022-05-04 01:00:00,2022-05-04 02:00:00,4.62,1.96,7.4,44.4264,26.1406
2022-05-04 02:00:00,2022-05-04 03:00:00,7.35,4.01,7.64,44.4264,26.1406
2022-05-04 03:00:00,2022-05-04 04:00:00,13.26,11.45,8.14,44.4264,26.1406
2022-05-04 04:00:00,2022-05-04 05:00:00,14.13,11.91,10.37,44.4264,26.1406
2022-05-04 05:00:00,2022-05-04 06:00:00,8.78,5.62,14.5,44.4264,26.1406
2022-05-04 06:00:00,2022-05-04 07:00:00,13.2,9.15,19.69,44.4264,26.1406
2022-05-04 07:00:00,2022-05-04 08:00:00,17.38,8.52,17.12,44.4264,26.1406
2022-05-04 08:00:00,2022-05-04 09:00:00,21.54,10.4,12.24,44.4264,26.1406
2022-05-04 09:00:00,2022-05-04 10:00:00,21.15,11.37,16.28,44.4264,26.1406
2022-05-04 10:00:00,2022-05-04 11:00:00,22.67,12.24,21.01,44.4264,26.1406
2022-05-04 11:00:00,2022-05-04 12:00:00,27.47,12.62,17.18,44.4264,26.1406
2022-05-04 12:00:00,2022-05-04 13:00:00,25.65,10.81,18.59,44.4264,26.1406
2022-05-04 13:00:00,2022-05-04 14:00:00,22.33,8.72,13.31,44.4264,26.1406
2022-05-04 14:00:00,2022-05-04 15:00:00,22.79,8.66,12.96,44.4264,26.1406
2022-05-04 15:00:00,2022-05-04 16:00:00,26.3,13.61,8.34,44.4264,26.1406
2022-05-04 16:00:00,2022-05-04 17:00:00,23.35,10.62,8.43,44.4264,26.1406
2022-05-04 17:00:00,2022-05-04 18:00:00,19.34,7.28,9.35,44.4264,26.1406
2022-05-04 18:00:00,2022-05-04 19:00:00,14.54,7.35,11.45,44.4264,26.1406
2022-05-04 19:00:00,2022-05-04 20:00:00,16.38,10.3,13.36,44.4264,26.1406
2022-05-04 20:00:00,2022-05-04 21:00:00,22.26,14.51,19.93,44.4264,26.1406
2022-05-04 21:00:00,2022-05-04 22:00:00,24.12,15.85,20.49,44.4264,26.1406
2022-05-04 23:00:00,2022-05-05 00:00:00,25.49,16.87,29.5,44.4264,26.1406
2022-05-05 00:00:00,2022-05-05 01:00:00,25.4,17.86,30.99,44.4264,26.1406
2022-05-05 01:00:00,2022-05-05 02:00:00,21.52,15.18,21.07,44.4264,26.1406
2022-05-05 02:00:00,2022-05-05 03:00:00,22.6,17.71,18.49,44.4264,26.1406
2022-05-05 03:00:00,2022-05-05 04:00:00,19.76,14.89,24.04,44.4264,26.1406
2022-05-05 04:00:00,2022-05-05 05:00:00,19.73,15.45,22.25,44.4264,26.1406
2022-05-05 05:00:00,2022-05-05 06:00:00,23.22,18.43,27.04,44.4264,26.1406
2022-05-05 06:00:00,2022-05-05 07:00:00,29.85,19.67,39.27,44.4264,26.1406
2022-05-05 07:00:00,2022-05-05 08:00:00,29.62,14.09,35.42,44.4264,26.1406
2022-05-05 08:00:00,2022-05-05 09:00:00,18.6,4.15,24.19,44.4264,26.1406
2022-05-05 09:00:00,2022-05-05 10:00:00,16.16,1.32,13.0,44.4264,26.1406
2022-05-05 10:00:00,2022-05-05 11:00:00,13.89,2.13,10.17,44.4264,26.1406
2022-05-05 12:00:00,2022-05-05 13:00:00,11.49,2.02,9.49,44.4264,26.1406
2022-05-05 13:00:00,2022-05-05 14:00:00,13.3,3.22,7.26,44.4264,26.1406
2022-05-05 17:00:00,2022-05-05 18:00:00,9.8,0.74,6.59,44.4264,26.1406
2022-05-05 18:00:00,2022-05-05 19:00:00,16.32,7.4,16.17,44.4264,26.1406
2022-05-05 19:00:00,2022-05-05 20:00:00,19.92,7.05,28.44,44.4264,26.1406
2022-05-05 20:00:00,2022-05-05 21:00:00,24.65,8.63,62.59,44.4264,26.1406
2022-05-05 21:00:00,2022-05-05 22:00:00,42.28,12.35,81.71,44.4264,26.1406
2022-05-05 22:00:00,2022-05-05 23:00:00,57.32,18.07,77.51,44.4264,26.1406
2022-05-06 00:00:00,2022-05-06 01:00:00,38.24,20.09,57.36,44.4264,26.1406
2022-05-06 01:00:00,2022-05-06 02:00:00,37.16,18.44,49.52,44.4264,26.1406
2022-05-06 02:00:00,2022-05-06 03:00:00,20.14,7.71,27.91,44.4264,26.1406
2022-05-06 03:00:00,2022-05-06 04:00:00,16.08,5.79,14.98,44.4264,26.1406
2022-05-06 04:00:00,2022-05-06 05:00:00,12.93,2.48,15.49,44.4264,26.1406
2022-05-06 05:00:00,2022-05-06 06:00:00,12.9,0.71,22.79,44.4264,26.1406
2022-05-06 06:00:00,2022-05-06 07:00:00,16.77,2.63,25.99,44.4264,26.1406
2022-05-06 07:00:00,2022-05-06 08:00:00,21.16,6.73,25.82,44.4264,26.1406
2022-05-06 08:00:00,2022-05-06 09:00:00,22.1,5.82,22.51,44.4264,26.1406
2022-05-06 09:00:00,2022-05-06 10:00:00,21.95,3.69,17.39,44.4264,26.1406
2022-05-06 10:00:00,2022-05-06 11:00:00,21.74,3.56,15.4,44.4264,26.1406
2022-05-06 11:00:00,2022-05-06 12:00:00,19.73,3.35,12.65,44.4264,26.1406
2022-05-06 12:00:00,2022-05-06 13:00:00,16.54,0.33,9.84,44.4264,26.1406
2022-05-06 13:00:00,2022-05-06 14:00:00,13.65,2.49,10.0,44.4264,26.1406
2022-05-06 14:00:00,2022-05-06 15:00:00,12.42,1.82,8.73,44.4264,26.1406
2022-05-06 15:00:00,2022-05-06 16:00:00,14.34,3.18,12.87,44.4264,26.1406
2022-05-06 16:00:00,2022-05-06 17:00:00,13.41,1.97,12.1,44.4264,26.1406
2022-05-06 17:00:00,2022-05-06 18:00:00,13.0,1.59,13.76,44.4264,26.1406
2022-05-06 18:00:00,2022-05-06 19:00:00,13.94,0.89,24.76,44.4264,26.1406
2022-05-06 19:00:00,2022-05-06 20:00:00,20.9,6.65,40.18,44.4264,26.1406
2022-05-06 20:00:00,2022-05-06 21:00:00,26.95,9.28,59.02,44.4264,26.1406
2022-05-06 21:00:00,2022-05-06 22:00:00,33.7,11.18,26.71,44.4264,26.1406
2022-05-06 22:00:00,2022-05-06 23:00:00,23.75,7.31,11.36,44.4264,26.1406
2022-05-06 23:00:00,2022-05-07 00:00:00,24.44,11.97,14.83,44.4264,26.1406
2022-05-07 01:00:00,2022-05-07 02:00:00,24.23,13.4,22.03,44.4264,26.1406
2022-05-07 02:00:00,2022-05-07 03:00:00,22.27,12.35,19.87,44.4264,26.1406
2022-05-07 03:00:00,2022-05-07 04:00:00,20.56,11.16,18.58,44.4264,26.1406
2022-05-07 04:00:00,2022-05-07 05:00:00,18.73,10.57,17.07,44.4264,26.1406
2022-05-07 05:00:00,2022-05-07 06:00:00,20.99,11.85,22.67,44.4264,26.1406
2022-05-07 06:00:00,2022-05-07 07:00:00,23.57,12.31,23.52,44.4264,26.1406
2022-05-07 07:00:00,2022-05-07 08:00:00,22.63,7.43,23.21,44.4264,26.1406
2022-05-07 08:00:00,2022-05-07 09:00:00,23.28,8.92,19.16,44.4264,26.1406
2022-05-07 09:00:00,2022-05-07 10:00:00,20.88,6.21,15.85,44.4264,26.1406
2022-05-07 10:00:00,2022-05-07 11:00:00,17.26,4.8,11.84,44.4264,26.1406
2022-05-07 11:00:00,2022-05-07 12:00:00,18.19,5.7,10.85,44.4264,26.1406
2022-05-07 12:00:00,2022-05-07 13:00:00,19.3,5.45,11.87,44.4264,26.1406
2022-05-07 13:00:00,2022-05-07 14:00:00,18.54,3.52,12.64,44.4264,26.1406
2022-05-07 14:00:00,2022-05-07 15:00:00,20.16,6.35,11.04,44.4264,26.1406
2022-05-07 15:00:00,2022-05-07 16:00:00,17.45,7.17,10.09,44.4264,26.1406
2022-05-07 16:00:00,2022-05-07 17:00:00,16.15,5.99,9.83,44.4264,26.1406
2022-05-07 17:00:00,2022-05-07 18:00:00,15.06,4.98,12.61,44.4264,26.1406
2022-05-07 18:00:00,2022-05-07 19:00:00,16.72,5.51,16.01,44.4264,26.1406
2022-05-07 19:00:00,2022-05-07 20:00:00,14.92,3.19,22.48,44.4264,26.1406
2022-05-07 20:00:00,2022-05-07 21:00:00,15.99,2.73,19.05,44.4264,26.1406
2022-05-07 21:00:00,2022-05-07 22:00:00,17.52,4.14,19.31,44.4264,26.1406
2022-05-07 22:00:00,2022-05-07 23:00:00,18.38,7.07,18.9,44.4264,26.1406
2022-05-07 23:00:00,2022-05-08 00:00:00,19.61,8.24,22.77,44.4264,26.1406
2022-05-08 00:00:00,2022-05-08 01:00:00,15.11,3.94,16.48,44.4264,26.1406
2022-05-08 02:00:00,2022-05-08 03:00:00,11.87,3.34,17.22,44.4264,26.1406
2022-05-08 03:00:00,2022-05-08 04:00:00,14.9,5.36,15.65,44.4264,26.1406
2022-05-08 04:00:00,2022-05-08 05:00:00,12.58,3.32,15.38,44.4264,26.1406
2022-05-08 05:00:00,2022-05-08 06:00:00,11.86,3.0,15.12,44.4264,26.1406
2022-05-08 06:00:00,2022-05-08 07:00:00,13.97,4.51,14.06,44.4264,26.1406
2022-05-08 07:00:00,2022-05-08 08:00:00,15.99,5.7,11.99,44.4264,26.1406
2022-05-08 08:00:00,2022-05-08 09:00:00,17.07,6.29,10.17,44.4264,26.1406
2022-05-08 09:00:00,2022-05-08 10:00:00,13.37,2.37,7.89,44.4264,26.1406
2022-05-08 13:00:00,2022-05-08 14:00:00,12.62,1.27,11.16,44.4264,26.1406
2022-05-08 14:00:00,2022-05-08 15:00:00,17.3,1.92,10.45,44.4264,26.1406
2022-05-08 15:00:00,2022-05-08 16:00:00,12.34,3.62,12.22,44.4264,26.1406
2022-05-08 16:00:00,2022-05-08 17:00:00,18.82,10.85,11.27,44.4264,26.1406
2022-05-08 17:00:00,2022-05-08 18:00:00,11.46,3.03,14.12,44.4264,26.1406
2022-05-08 19:00:00,2022-05-08 20:00:00,14.62,3.75,20.96,44.4264,26.1406
2022-05-08 20:00:00,2022-05-08 21:00:00,16.97,4.89,32.26,44.4264,26.1406
2022-05-08 21:00:00,2022-05-08 22:00:00,21.86,7.56,24.08,44.4264,26.1406
2022-05-08 22:00:00,2022-05-08 23:00:00,20.58,5.37,24.06,44.4264,26.1406
2022-05-08 23:00:00,2022-05-09 00:00:00,20.4,3.88,16.41,44.4264,26.1406
2022-05-09 00:00:00,2022-05-09 01:00:00,12.02,3.24,15.63,44.4264,26.1406
2022-05-09 01:00:00,2022-05-09 02:00:00,11.05,2.9,19.39,44.4264,26.1406
2022-05-09 03:00:00,2022-05-09 04:00:00,12.53,5.06,12.94,44.4264,26.1406
2022-05-09 04:00:00,2022-05-09 05:00:00,10.55,3.34,15.97,44.4264,26.1406
2022-05-09 05:00:00,2022-05-09 06:00:00,12.56,3.85,23.99,44.4264,26.1406
2022-05-09 06:00:00,2022-05-09 07:00:00,17.73,6.62,32.89,44.4264,26.1406
2022-05-09 07:00:00,2022-05-09 08:00:00,20.76,5.86,34.64,44.4264,26.1406
2022-05-09 08:00:00,2022-05-09 09:00:00,24.42,8.99,34.74,44.4264,26.1406
2022-05-09 09:00:00,2022-05-09 10:00:00,22.76,5.46,19.81,44.4264,26.1406
2022-05-09 10:00:00,2022-05-09 11:00:00,17.53,4.52,12.6,44.4264,26.1406
2022-05-09 11:00:00,2022-05-09 12:00:00,15.18,2.6,9.74,44.4264,26.1406
2022-05-09 12:00:00,2022-05-09 13:00:00,10.76,0.81,7.44,44.4264,26.1406
2022-05-09 13:00:00,2022-05-09 14:00:00,9.78,2.39,7.69,44.4264,26.1406
2022-05-09 17:00:00,2022-05-09 18:00:00,10.68,1.08,6.84,44.4264,26.1406
2022-05-09 18:00:00,2022-05-09 19:00:00,10.18,1.05,14.5,44.4264,26.1406
2022-05-09 19:00:00,2022-05-09 20:00:00,21.33,6.02,46.69,44.4264,26.1406
2022-05-09 20:00:00,2022-05-09 21:00:00,33.04,8.79,70.2,44.4264,26.1406
2022-05-09 21:00:00,2022-05-09 22:00:00,41.66,10.41,48.07,44.4264,26.1406
2022-05-09 22:00:00,2022-05-09 23:00:00,33.74,9.76,42.12,44.4264,26.1406
2022-05-09 23:00:00,2022-05-10 00:00:00,15.57,5.25,17.65,44.4264,26.1406
2022-05-10 00:00:00,2022-05-10 01:00:00,14.51,6.41,11.69,44.4264,26.1406
2022-05-10 01:00:00,2022-05-10 02:00:00,18.07,7.57,15.92,44.4264,26.1406
2022-05-10 02:00:00,2022-05-10 03:00:00,15.41,5.53,14.01,44.4264,26.1406
2022-05-10 04:00:00,2022-05-10 05:00:00,9.26,3.71,12.45,44.4264,26.1406
2022-05-10 05:00:00,2022-05-10 06:00:00,15.31,5.01,18.77,44.4264,26.1406
2022-05-10 06:00:00,2022-05-10 07:00:00,18.37,9.31,28.96,44.4264,26.1406
2022-05-10 07:00:00,2022-05-10 08:00:00,20.65,10.18,38.0,44.4264,26.1406
2022-05-10 08:00:00,2022-05-10 09:00:00,21.32,8.28,27.37,44.4264,26.1406
2022-05-10 09:00:00,2022-05-10 10:00:00,16.88,7.87,23.1,44.4264,26.1406
2022-05-10 10:00:00,2022-05-10 11:00:00,6.96,0.25,20.65,44.4264,26.1406
2022-05-10 11:00:00,2022-05-10 12:00:00,15.7,9.02,23.17,44.4264,26.1406
2022-05-10 12:00:00,2022-05-10 13:00:00,16.32,10.03,21.55,44.4264,26.1406
2022-05-10 13:00:00,2022-05-10 14:00:00,16.52,9.39,14.91,44.4264,26.1406
2022-05-10 14:00:00,2022-05-10 15:00:00,14.42,8.62,10.57,44.4264,26.1406
2022-05-10 15:00:00,2022-05-10 16:00:00,11.72,6.92,9.03,44.4264,26.1406
2022-05-10 16:00:00,2022-05-10 17:00:00,9.97,4.13,8.55,44.4264,26.1406
2022-05-10 17:00:00,2022-05-10 18:00:00,11.04,6.76,9.61,44.4264,26.1406
2022-05-10 18:00:00,2022-05-10 19:00:00,14.41,7.45,20.08,44.4264,26.1406
2022-05-10 19:00:00,2022-05-10 20:00:00,16.69,8.35,25.29,44.4264,26.1406
2022-05-10 20:00:00,2022-05-10 21:00:00,16.31,6.88,35.82,44.4264,26.1406
2022-05-10 21:00:00,2022-05-10 22:00:00,18.85,9.05,44.17,44.4264,26.1406
2022-05-10 22:00:00,2022-05-10 23:00:00,22.9,13.61,36.06,44.4264,26.1406
2022-05-10 23:00:00,2022-05-11 00:00:00,15.95,9.6,29.67,44.4264,26.1406
2022-05-11 00:00:00,2022-05-11 01:00:00,14.46,9.33,27.34,44.4264,26.1406
2022-05-11 01:00:00,2022-05-11 02:00:00,12.14,8.28,29.04,44.4264,26.1406
2022-05-11 02:00:00,2022-05-11 03:00:00,15.27,10.8,33.71,44.4264,26.1406
2022-05-11 03:00:00,2022-05-11 04:00:00,17.08,12.01,28.81,44.4264,26.1406
2022-05-11 05:00:00,2022-05-11 06:00:00,13.89,8.46,19.94,44.4264,26.1406
2022-05-11 06:00:00,2022-05-11 07:00:00,20.7,13.53,19.51,44.4264,26.1406
2022-05-11 07:00:00,2022-05-11 08:00:00,24.41,14.09,23.49,44.4264,26.1406
2022-05-11 08:00:00,2022-05-11 09:00:00,28.55,12.35,14.27,44.4264,26.1406
2022-05-11 09:00:00,2022-05-11 10:00:00,26.22,7.96,6.91,44.4264,26.1406
2022-05-11 10:00:00,2022-05-11 11:00:00,15.89,5.72,5.57,44.4264,26.1406
2022-05-11 11:00:00,2022-05-11 12:00:00,14.38,5.89,6.36,44.4264,26.1406
2022-05-11 12:00:00,2022-05-11 13:00:00,12.72,4.85,6.33,44.4264,26.1406
2022-05-11 13:00:00,2022-05-11 14:00:00,10.0,2.64,6.37,44.4264,26.1406
2022-05-11 14:00:00,2022-05-11 15:00:00,11.92,6.14,5.23,44.4264,26.1406
2022-05-11 15:00:00,2022-05-11 16:00:00,11.39,4.91,4.11,44.4264,26.1406
2022-05-11 16:00:00,2022-05-11 17:00:00,9.41,2.08,3.82,44.4264,26.1406
2022-05-11 17:00:00,2022-05-11 18:00:00,8.35,2.24,4.17,44.4264,26.1406
2022-05-11 18:00:00,2022-05-11 19:00:00,8.05,1.9,7.75,44.4264,26.1406
2022-05-11 19:00:00,2022-05-11 20:00:00,12.89,4.51,21.29,44.4264,26.1406
2022-05-11 20:00:00,2022-05-11 21:00:00,15.97,4.98,25.07,44.4264,26.1406
2022-05-11 21:00:00,2022-05-11 22:00:00,17.47,5.88,18.59,44.4264,26.1406
2022-05-11 22:00:00,2022-05-11 23:00:00,19.34,9.66,21.29,44.4264,26.1406
2022-05-11 23:00:00,2022-05-12 00:00:00,18.81,8.01,34.96,44.4264,26.1406
2022-05-12 00:00:00,2022-05-12 01:00:00,26.6,12.53,44.36,44.4264,26.1406
2022-05-12 01:00:00,2022-05-12 02:00:00,22.9,11.88,31.15,44.4264,26.1406
2022-05-12 02:00:00,2022-05-12 03:00:00,27.29,14.64,24.91,44.4264,26.1406
2022-05-12 03:00:00,2022-05-12 04:00:00,22.76,11.82,16.3,44.4264,26.1406
2022-05-12 04:00:00,2022-05-12 05:00:00,16.15,8.01,13.86,44.4264,26.1406
2022-05-12 06:00:00,2022-05-12 07:00:00,25.79,9.57,34.91,44.4264,26.1406
2022-05-12 07:00:00,2022-05-12 08:00:00,40.12,9.6,31.76,44.4264,26.1406
2022-05-12 08:00:00,2022-05-12 09:00:00,44.43,14.37,31.52,44.4264,26.1406
2022-05-12 09:00:00,2022-05-12 10:00:00,49.64,12.59,21.12,44.4264,26.1406
2022-05-12 10:00:00,2022-05-12 11:00:00,21.71,4.76,9.88,44.4264,26.1406
2022-05-12 11:00:00,2022-05-12 12:00:00,16.38,5.1,6.56,44.4264,26.1406
2022-05-12 12:00:00,2022-05-12 13:00:00,13.75,4.14,4.82,44.4264,26.1406
2022-05-12 13:00:00,2022-05-12 14:00:00,13.48,3.6,5.31,44.4264,26.1406
2022-05-12 14:00:00,2022-05-12 15:00:00,13.61,2.36,4.43,44.4264,26.1406
2022-05-12 15:00:00,2022-05-12 16:00:00,15.64,5.82,5.79,44.4264,26.1406
2022-05-12 16:00:00,2022-05-12 17:00:00,14.36,4.48,6.31,44.4264,26.1406
2022-05-12 17:00:00,2022-05-12 18:00:00,10.92,1.73,9.46,44.4264,26.1406
2022-05-12 18:00:00,2022-05-12 19:00:00,10.13,1.2,12.38,44.4264,26.1406
2022-05-12 19:00:00,2022-05-12 20:00:00,15.22,5.4,14.73,44.4264,26.1406
2022-05-12 20:00:00,2022-05-12 21:00:00,17.65,7.05,17.68,44.4264,26.1406
2022-05-12 21:00:00,2022-05-12 22:00:00,18.81,5.77,22.13,44.4264,26.1406
2022-05-12 23:00:00,2022-05-13 00:00:00,15.66,6.03,19.46,44.4264,26.1406
2022-05-13 00:00:00,2022-05-13 01:00:00,17.83,9.53,16.31,44.4264,26.1406
2022-05-13 01:00:00,2022-05-13 02:00:00,18.74,9.26,26.23,44.4264,26.1406
2022-05-13 02:00:00,2022-05-13 03:00:00,28.62,15.74,27.69,44.4264,26.1406
2022-05-13 03:00:00,2022-05-13 04:00:00,19.52,10.75,31.36,44.4264,26.1406
2022-05-13 04:00:00,2022-05-13 05:00:00,16.64,9.16,34.75,44.4264,26.1406
2022-05-13 05:00:00,2022-05-13 06:00:00,25.92,13.32,42.01,44.4264,26.1406
2022-05-13 07:00:00,2022-05-13 08:00:00,40.19,17.21,45.09,44.4264,26.1406
2022-05-13 08:00:00,2022-05-13 09:00:00,60.83,19.24,42.93,44.4264,26.1406
2022-05-13 09:00:00,2022-05-13 10:00:00,62.43,18.54,27.9,44.4264,26.1406
2022-05-13 10:00:00,2022-05-13 11:00:00,40.89,14.79,24.04,44.4264,26.1406
2022-05-13 11:00:00,2022-05-13 12:00:00,35.57,13.51,15.07,44.4264,26.1406
2022-05-13 12:00:00,2022-05-13 13:00:00,24.14,10.66,8.14,44.4264,26.1406
2022-05-13 13:00:00,2022-05-13 14:00:00,19.08,8.01,6.57,44.4264,26.1406
2022-05-13 14:00:00,2022-05-13 15:00:00,17.91,8.28,8.4,44.4264,26.1406
2022-05-13 15:00:00,2022-05-13 16:00:00,18.56,8.44,6.56,44.4264,26.1406
2022-05-13 16:00:00,2022-05-13 17:00:00,17.2,7.31,8.18,44.4264,26.1406
2022-05-13 17:00:00,2022-05-13 18:00:00,16.28,7.34,7.72,44.4264,26.1406
2022-05-13 18:00:00,2022-05-13 19:00:00,17.58,9.22,11.07,44.4264,26.1406
2022-05-13 19:00:00,2022-05-13 20:00:00,22.42,10.72,19.63,44.4264,26.1406
2022-05-13 20:00:00,2022-05-13 21:00:00,23.41,10.19,23.86,44.4264,26.1406
2022-05-13 21:00:00,2022-05-13 22:00:00,22.54,9.58,27.28,44.4264,26.1406
2022-05-13 22:00:00,2022-05-13 23:00:00,23.91,12.09,21.86,44.4264,26.1406
2022-05-13 23:00:00,2022-05-14 00:00:00,20.38,7.69,30.45,44.4264,26.1406
2022-05-14 01:00:00,2022-05-14 02:00:00,33.1,15.01,35.02,44.4264,26.1406
2022-05-14 02:00:00,2022-05-14 03:00:00,31.18,15.47,30.69,44.4264,26.1406
2022-05-14 03:00:00,2022-05-14 04:00:00,26.16,13.06,10.4,44.4264,26.1406
2022-05-14 04:00:00,2022-05-14 05:00:00,14.31,5.05,10.67,44.4264,26.1406
2022-05-14 05:00:00,2022-05-14 06:00:00,13.53,4.75,14.06,44.4264,26.1406
2022-05-14 06:00:00,2022-05-14 07:00:00,16.67,6.91,16.41,44.4264,26.1406
2022-05-14 08:00:00,2022-05-14 09:00:00,21.27,9.08,21.38,44.4264,26.1406
2022-05-14 09:00:00,2022-05-14 10:00:00,21.74,9.43,21.69,44.4264,26.1406
2022-05-14 10:00:00,2022-05-14 11:00:00,12.66,0.16,12.12,44.4264,26.1406
2022-05-14 11:00:00,2022-05-14 12:00:00,16.98,4.58,10.36,44.4264,26.1406
2022-05-14 12:00:00,2022-05-14 13:00:00,24.43,12.56,8.84,44.4264,26.1406
2022-05-14 13:00:00,2022-05-14 14:00:00,25.57,14.33,8.56,44.4264,26.1406
2022-05-14 14:00:00,2022-05-14 15:00:00,21.23,10.84,7.58,44.4264,26.1406
2022-05-14 15:00:00,2022-05-14 16:00:00,17.66,10.08,8.16,44.4264,26.1406
2022-05-14 16:00:00,2022-05-14 17:00:00,16.32,10.53,7.14,44.4264,26.1406
2022-05-14 17:00:00,2022-05-14 18:00:00,15.81,8.92,6.25,44.4264,26.1406
2022-05-14 18:00:00,2022-05-14 19:00:00,22.04,11.36,13.48,44.4264,26.1406
2022-05-14 19:00:00,2022-05-14 20:00:00,20.16,12.58,17.48,44.4264,26.1406
2022-05-14 20:00:00,2022-05-14 21:00:00,19.06,12.37,20.01,44.4264,26.1406
2022-05-14 21:00:00,2022-05-14 22:00:00,17.65,11.23,18.11,44.4264,26.1406
2022-05-14 22:00:00,2022-05-14 23:00:00,15.4,9.58,12.54,44.4264,26.1406
2022-05-14 23:00:00,2022-05-15 00:00:00,16.06,8.1,9.66,44.4264,26.1406
2022-05-15 00:00:00,2022-05-15 01:00:00,20.01,10.4,8.71,44.4264,26.1406
2022-05-15 01:00:00,2022-05-15 02:00:00,18.13,8.31,6.91,44.4264,26.1406
2022-05-15 02:00:00,2022-05-15 03:00:00,15.74,7.68,6.32,44.4264,26.1406
2022-05-15 03:00:00,2022-05-15 04:00:00,14.22,6.45,6.41,44.4264,26.1406
2022-05-15 04:00:00,2022-05-15 05:00:00,17.0,8.88,7.83,44.4264,26.1406
2022-05-15 05:00:00,2022-05-15 06:00:00,12.11,3.78,7.89,44.4264,26.1406
2022-05-15 06:00:00,2022-05-15 07:00:00,10.03,2.92,8.5,44.4264,26.1406
2022-05-15 07:00:00,2022-05-15 08:00:00,10.84,4.19,8.69,44.4264,26.1406
2022-05-15 09:00:00,2022-05-15 10:00:00,11.86,5.12,11.72,44.4264,26.1406
2022-05-15 10:00:00,2022-05-15 11:00:00,9.75,2.9,12.07,44.4264,26.1406
2022-05-15 11:00:00,2022-05-15 12:00:00,9.35,1.73,11.53,44.4264,26.1406
2022-05-15 12:00:00,2022-05-15 13:00:00,13.45,5.63,12.65,44.4264,26.1406
2022-05-15 13:00:00,2022-05-15 14:00:00,12.73,5.58,10.17,44.4264,26.1406
2022-05-15 14:00:00,2022-05-15 15:00:00,14.46,7.15,7.38,44.4264,26.1406
2022-05-15 15:00:00,2022-05-15 16:00:00,12.29,4.6,5.51,44.4264,26.1406
2022-05-15 16:00:00,2022-05-15 17:00:00,11.73,4.54,5.69,44.4264,26.1406
2022-05-15 17:00:00,2022-05-15 18:00:00,12.06,5.68,5.48,44.4264,26.1406
2022-05-15 18:00:00,2022-05-15 19:00:00,10.14,3.98,8.29,44.4264,26.1406
2022-05-15 19:00:00,2022-05-15 20:00:00,12.29,5.51,15.99,44.4264,26.1406
2022-05-15 20:00:00,2022-05-15 21:00:00,14.97,8.56,15.36,44.4264,26.1406
2022-05-15 21:00:00,2022-05-15 22:00:00,13.46,6.7,15.56,44.4264,26.1406
2022-05-15 22:00:00,2022-05-15 23:00:00,14.79,8.38,15.69,44.4264,26.1406
2022-05-15 23:00:00,2022-05-16 00:00:00,15.93,10.59,13.07,44.4264,26.1406
2022-05-16 00:00:00,2022-05-16 01:00:00,17.91,11.79,15.48,44.4264,26.1406
2022-05-16 01:00:00,2022-05-16 02:00:00,19.8,13.73,14.61,44.4264,26.1406
2022-05-16 02:00:00,2022-05-16 03:00:00,17.6,11.67,14.12,44.4264,26.1406
2022-05-16 03:00:00,2022-05-16 04:00:00,20.49,15.12,22.2,44.4264,26.1406
2022-05-16 04:00:00,2022-05-16 05:00:00,18.91,13.39,26.5,44.4264,26.1406
2022-05-16 05:00:00,2022-05-16 06:00:00,19.75,11.22,44.75,44.4264,26.1406
2022-05-16 06:00:00,2022-05-16 07:00:00,22.03,8.41,36.22,44.4264,26.1406
2022-05-16 07:00:00,2022-05-16 08:00:00,20.59,6.71,25.91,44.4264,26.1406
2022-05-16 08:00:00,2022-05-16 09:00:00,20.13,5.93,21.23,44.4264,26.1406
2022-05-16 10:00:00,2022-05-16 11:00:00,25.83,8.42,27.64,44.4264,26.1406
2022-05-16 11:00:00,2022-05-16 12:00:00,27.72,11.28,18.13,44.4264,26.1406
2022-05-16 12:00:00,2022-05-16 13:00:00,22.46,10.5,15.23,44.4264,26.1406
2022-05-16 13:00:00,2022-05-16 14:00:00,18.07,8.44,12.91,44.4264,26.1406
2022-05-16 14:00:00,2022-05-16 15:00:00,18.93,8.93,13.09,44.4264,26.1406
2022-05-16 15:00:00,2022-05-16 16:00:00,20.4,8.81,8.28,44.4264,26.1406
2022-05-16 16:00:00,2022-05-16 17:00:00,17.8,4.93,6.08,44.4264,26.1406
2022-05-16 17:00:00,2022-05-16 18:00:00,18.81,7.34,5.65,44.4264,26.1406
2022-05-16 18:00:00,2022-05-16 19:00:00,16.01,5.4,6.44,44.4264,26.1406
2022-05-16 19:00:00,2022-05-16 20:00:00,18.35,7.24,14.57,44.4264,26.1406
2022-05-16 20:00:00,2022-05-16 21:00:00,23.42,8.49,31.91,44.4264,26.1406
2022-05-16 21:00:00,2022-05-16 22:00:00,26.75,12.89,26.07,44.4264,26.1406
2022-05-16 22:00:00,2022-05-16 23:00:00,23.08,13.14,21.63,44.4264,26.1406
2022-05-16 23:00:00,2022-05-17 00:00:00,19.99,11.52,17.21,44.4264,26.1406
2022-05-17 00:00:00,2022-05-17 01:00:00,15.25,8.9,10.97,44.4264,26.1406
2022-05-17 01:00:00,2022-05-17 02:00:00,11.04,6.48,9.95,44.4264,26.1406
2022-05-17 02:00:00,2022-05-17 03:00:00,15.63,9.61,25.42,44.4264,26.1406
2022-05-17 03:00:00,2022-05-17 04:00:00,24.66,15.81,23.02,44.4264,26.1406
2022-05-17 04:00:00,2022-05-17 05:00:00,22.37,14.86,26.45,44.4264,26.1406
2022-05-17 05:00:00,2022-05-17 06:00:00,24.11,15.79,23.9,44.4264,26.1406
2022-05-17 06:00:00,2022-05-17 07:00:00,31.06,18.2,49.29,44.4264,26.1406
2022-05-17 07:00:00,2022-05-17 08:00:00,48.75,22.21,48.24,44.4264,26.1406
2022-05-17 08:00:00,2022-05-17 09:00:00,36.51,18.14,50.45,44.4264,26.1406
2022-05-17 09:00:00,2022-05-17 10:00:00,37.63,16.62,47.54,44.4264,26.1406
2022-05-17 11:00:00,2022-05-17 12:00:00,39.53,10.25,19.16,44.4264,26.1406
2022-05-17 12:00:00,2022-05-17 13:00:00,23.6,5.21,10.62,44.4264,26.1406
2022-05-18 05:00:00,2022-05-18 06:00:00,10.58,8.45,11.27,44.4264,26.1406
2022-05-18 06:00:00,2022-05-18 07:00:00,10.58,8.71,13.98,44.4264,26.1406
2022-05-18 07:00:00,2022-05-18 08:00:00,9.88,6.59,16.61,44.4264,26.1406
2022-05-18 08:00:00,2022-05-18 09:00:00,9.19,2.38,15.93,44.4264,26.1406
2022-05-18 09:00:00,2022-05-18 10:00:00,14.07,1.58,15.43,44.4264,26.1406
2022-05-18 10:00:00,2022-05-18 11:00:00,16.37,1.66,15.81,44.4264,26.1406
2022-05-18 18:00:00,2022-05-18 19:00:00,14.63,5.19,11.86,44.4264,26.1406
2022-05-18 21:00:00,2022-05-18 22:00:00,15.89,4.93,21.14,44.4264,26.1406
2022-05-18 22:00:00,2022-05-18 23:00:00,17.57,7.98,16.97,44.4264,26.1406
2022-05-18 23:00:00,2022-05-19 00:00:00,16.7,6.39,7.31,44.4264,26.1406
2022-05-19 00:00:00,2022-05-19 01:00:00,10.63,2.58,7.94,44.4264,26.1406
2022-05-19 01:00:00,2022-05-19 02:00:00,12.35,5.72,7.99,44.4264,26.1406
2022-05-19 02:00:00,2022-05-19 03:00:00,13.95,8.29,9.0,44.4264,26.1406
2022-05-19 03:00:00,2022-05-19 04:00:00,12.58,6.91,8.43,44.4264,26.1406
2022-05-19 04:00:00,2022-05-19 05:00:00,13.03,7.38,8.57,44.4264,26.1406
2022-05-19 05:00:00,2022-05-19 06:00:00,13.56,7.3,9.61,44.4264,26.1406
2022-05-19 06:00:00,2022-05-19 07:00:00,15.4,9.17,12.03,44.4264,26.1406
2022-05-19 07:00:00,2022-05-19 08:00:00,16.45,8.87,15.62,44.4264,26.1406
2022-05-19 08:00:00,2022-05-19 09:00:00,17.62,7.0,17.48,44.4264,26.1406
2022-05-19 09:00:00,2022-05-19 10:00:00,12.19,2.11,7.08,44.4264,26.1406
2022-05-19 11:00:00,2022-05-19 12:00:00,6.48,0.85,5.79,44.4264,26.1406
2022-05-19 14:00:00,2022-05-19 15:00:00,13.04,4.94,6.58,44.4264,26.1406
2022-05-19 15:00:00,2022-05-19 16:00:00,13.56,5.12,6.01,44.4264,26.1406
2022-05-19 16:00:00,2022-05-19 17:00:00,8.55,1.51,5.8,44.4264,26.1406
2022-05-19 17:00:00,2022-05-19 18:00:00,7.71,1.58,7.18,44.4264,26.1406
2022-05-19 18:00:00,2022-05-19 19:00:00,10.44,3.77,8.72,44.4264,26.1406
2022-05-19 19:00:00,2022-05-19 20:00:00,9.58,3.97,12.98,44.4264,26.1406
2022-05-19 20:00:00,2022-05-19 21:00:00,10.68,2.49,19.51,44.4264,26.1406
2022-05-19 21:00:00,2022-05-19 22:00:00,17.69,8.06,20.44,44.4264,26.1406
2022-05-19 22:00:00,2022-05-19 23:00:00,18.15,9.64,18.41,44.4264,26.1406
2022-05-19 23:00:00,2022-05-20 00:00:00,15.51,8.0,19.62,44.4264,26.1406
2022-05-20 00:00:00,2022-05-20 01:00:00,10.69,4.43,21.45,44.4264,26.1406
2022-05-20 01:00:00,2022-05-20 02:00:00,13.82,7.26,15.95,44.4264,26.1406
2022-05-20 02:00:00,2022-05-20 03:00:00,11.42,6.0,17.65,44.4264,26.1406
2022-05-20 03:00:00,2022-05-20 04:00:00,9.06,3.03,24.59,44.4264,26.1406
2022-05-20 04:00:00,2022-05-20 05:00:00,14.52,8.35,23.6,44.4264,26.1406
2022-05-20 05:00:00,2022-05-20 06:00:00,18.14,9.79,35.81,44.4264,26.1406
2022-05-20 06:00:00,2022-05-20 07:00:00,25.99,9.77,29.35,44.4264,26.1406
2022-05-20 07:00:00,2022-05-20 08:00:00,41.02,16.0,32.45,44.4264,26.1406
2022-05-20 08:00:00,2022-05-20 09:00:00,34.08,11.46,27.87,44.4264,26.1406
2022-05-20 09:00:00,2022-05-20 10:00:00,35.95,12.86,32.72,44.4264,26.1406
2022-05-20 10:00:00,2022-05-20 11:00:00,23.5,6.39,18.39,44.4264,26.1406
2022-05-20 11:00:00,2022-05-20 12:00:00,16.68,4.83,8.07,44.4264,26.1406
2022-05-20 12:00:00,2022-05-20 13:00:00,13.07,6.08,7.01,44.4264,26.1406
2022-05-20 14:00:00,2022-05-20 15:00:00,13.0,5.27,6.73,44.4264,26.1406
2022-05-20 15:00:00,2022-05-20 16:00:00,12.13,5.38,6.96,44.4264,26.1406
2022-05-20 16:00:00,2022-05-20 17:00:00,11.43,3.4,10.35,44.4264,26.1406
2022-05-20 17:00:00,2022-05-20 18:00:00,16.74,2.4,9.61,44.4264,26.1406
2022-05-20 18:00:00,2022-05-20 19:00:00,8.1,0.54,14.46,44.4264,26.1406
2022-05-20 19:00:00,2022-05-20 20:00:00,12.0,4.46,19.47,44.4264,26.1406
2022-05-20 20:00:00,2022-05-20 21:00:00,16.96,8.14,19.34,44.4264,26.1406
2022-05-20 21:00:00,2022-05-20 22:00:00,16.71,8.05,20.83,44.4264,26.1406
2022-05-20 22:00:00,2022-05-20 23:00:00,16.55,8.15,21.5,44.4264,26.1406
2022-05-20 23:00:00,2022-05-21 00:00:00,13.47,6.26,24.01,44.4264,26.1406
2022-05-21 00:00:00,2022-05-21 01:00:00,11.31,5.01,20.73,44.4264,26.1406
2022-05-21 01:00:00,2022-05-21 02:00:00,10.5,5.36,18.72,44.4264,26.1406
2022-05-21 02:00:00,2022-05-21 03:00:00,14.17,8.25,23.75,44.4264,26.1406
2022-05-21 03:00:00,2022-05-21 04:00:00,13.37,7.63,27.2,44.4264,26.1406
2022-05-21 04:00:00,2022-05-21 05:00:00,11.21,5.82,24.89,44.4264,26.1406
2022-05-21 05:00:00,2022-05-21 06:00:00,11.58,5.93,19.09,44.4264,26.1406
2022-05-21 06:00:00,2022-05-21 07:00:00,17.28,10.19,22.96,44.4264,26.1406
2022-05-21 07:00:00,2022-05-21 08:00:00,22.54,12.62,20.34,44.4264,26.1406
2022-05-21 08:00:00,2022-05-21 09:00:00,22.21,11.14,14.22,44.4264,26.1406
2022-05-21 09:00:00,2022-05-21 10:00:00,21.76,13.33,10.77,44.4264,26.1406
2022-05-24 12:00:00,2022-05-24 13:00:00,16.64,9.07,12.34,44.4264,26.1406
2022-05-24 14:00:00,2022-05-24 15:00:00,16.92,7.18,22.05,44.4264,26.1406
2022-05-24 15:00:00,2022-05-24 16:00:00,19.24,11.49,11.63,44.4264,26.1406
2022-05-24 16:00:00,2022-05-24 17:00:00,18.9,9.99,11.42,44.4264,26.1406
2022-05-24 17:00:00,2022-05-24 18:00:00,18.49,9.76,14.81,44.4264,26.1406
2022-05-24 18:00:00,2022-05-24 19:00:00,12.94,6.28,16.1,44.4264,26.1406
2022-05-24 19:00:00,2022-05-24 20:00:00,13.86,7.27,20.71,44.4264,26.1406
2022-05-24 20:00:00,2022-05-24 21:00:00,18.11,10.86,19.99,44.4264,26.1406
2022-05-24 21:00:00,2022-05-24 22:00:00,17.89,9.88,19.12,44.4264,26.1406
2022-05-24 22:00:00,2022-05-24 23:00:00,15.92,8.37,34.65,44.4264,26.1406
2022-05-24 23:00:00,2022-05-25 00:00:00,16.12,8.5,16.99,44.4264,26.1406
2022-05-25 00:00:00,2022-05-25 01:00:00,15.15,9.43,14.08,44.4264,26.1406
2022-05-25 01:00:00,2022-05-25 02:00:00,11.73,7.09,12.42,44.4264,26.1406
2022-05-25 02:00:00,2022-05-25 03:00:00,11.57,6.89,8.47,44.4264,26.1406
2022-05-25 03:00:00,2022-05-25 04:00:00,11.36,7.45,11.67,44.4264,26.1406
2022-05-25 04:00:00,2022-05-25 05:00:00,9.5,5.08,15.05,44.4264,26.1406
2022-05-25 05:00:00,2022-05-25 06:00:00,11.33,7.21,18.81,44.4264,26.1406
2022-05-25 06:00:00,2022-05-25 07:00:00,10.66,5.62,18.63,44.4264,26.1406
2022-05-25 07:00:00,2022-05-25 08:00:00,14.74,7.67,23.69,44.4264,26.1406
2022-05-25 08:00:00,2022-05-25 09:00:00,20.38,11.02,26.24,44.4264,26.1406
2022-05-25 09:00:00,2022-05-25 10:00:00,26.21,13.39,30.2,44.4264,26.1406
2022-05-25 10:00:00,2022-05-25 11:00:00,28.34,13.77,21.6,44.4264,26.1406
2022-05-25 11:00:00,2022-05-25 12:00:00,24.96,10.95,11.31,44.4264,26.1406
2022-05-25 12:00:00,2022-05-25 13:00:00,22.31,8.07,8.64,44.4264,26.1406
2022-05-25 13:00:00,2022-05-25 14:00:00,23.2,8.43,18.58,44.4264,26.1406
2022-05-25 15:00:00,2022-05-25 16:00:00,22.87,10.91,10.95,44.4264,26.1406
2022-05-25 16:00:00,2022-05-25 17:00:00,24.7,11.53,9.17,44.4264,26.1406
2022-05-25 17:00:00,2022-05-25 18:00:00,21.86,9.75,13.98,44.4264,26.1406
2022-05-25 18:00:00,2022-05-25 19:00:00,19.81,9.11,9.24,44.4264,26.1406
2022-05-25 19:00:00,2022-05-25 20:00:00,19.77,10.39,7.51,44.4264,26.1406
2022-05-25 20:00:00,2022-05-25 21:00:00,22.31,10.73,14.18,44.4264,26.1406
2022-05-25 21:00:00,2022-05-25 22:00:00,30.96,12.9,33.06,44.4264,26.1406
2022-05-25 22:00:00,2022-05-25 23:00:00,45.54,19.42,58.93,44.4264,26.1406
2022-05-25 23:00:00,2022-05-26 00:00:00,37.87,18.45,40.35,44.4264,26.1406
2022-05-26 00:00:00,2022-05-26 01:00:00,27.11,15.47,29.47,44.4264,26.1406
2022-05-26 01:00:00,2022-05-26 02:00:00,27.11,17.53,19.85,44.4264,26.1406
2022-05-26 02:00:00,2022-05-26 03:00:00,26.24,18.15,23.07,44.4264,26.1406
2022-05-26 03:00:00,2022-05-26 04:00:00,20.41,13.11,21.93,44.4264,26.1406
2022-05-26 04:00:00,2022-05-26 05:00:00,19.6,10.31,17.31,44.4264,26.1406
2022-05-26 05:00:00,2022-05-26 06:00:00,24.74,14.55,35.67,44.4264,26.1406
2022-05-26 06:00:00,2022-05-26 07:00:00,29.2,13.83,41.08,44.4264,26.1406
2022-05-26 07:00:00,2022-05-26 08:00:00,23.0,9.4,18.96,44.4264,26.1406
2022-05-26 08:00:00,2022-05-26 09:00:00,19.1,8.64,10.56,44.4264,26.1406
2022-05-26 09:00:00,2022-05-26 10:00:00,13.22,4.98,6.73,44.4264,26.1406
2022-05-26 10:00:00,2022-05-26 11:00:00,16.7,5.45,6.36,44.4264,26.1406
2022-05-26 11:00:00,2022-05-26 12:00:00,16.85,6.14,5.56,44.4264,26.1406
2022-05-26 12:00:00,2022-05-26 13:00:00,19.64,10.01,4.87,44.4264,26.1406
2022-05-26 13:00:00,2022-05-26 14:00:00,14.77,4.9,3.95,44.4264,26.1406
2022-05-26 14:00:00,2022-05-26 15:00:00,12.2,4.38,3.5,44.4264,26.1406
2022-05-26 16:00:00,2022-05-26 17:00:00,11.71,4.05,4.79,44.4264,26.1406
2022-05-26 17:00:00,2022-05-26 18:00:00,16.95,7.93,4.77,44.4264,26.1406
2022-05-26 18:00:00,2022-05-26 19:00:00,20.94,8.01,14.16,44.4264,26.1406
2022-05-26 19:00:00,2022-05-26 20:00:00,19.67,8.04,16.71,44.4264,26.1406
2022-05-26 20:00:00,2022-05-26 21:00:00,17.27,8.75,22.47,44.4264,26.1406
2022-05-26 21:00:00,2022-05-26 22:00:00,18.07,8.8,28.15,44.4264,26.1406
2022-05-26 22:00:00,2022-05-26 23:00:00,17.19,7.66,35.22,44.4264,26.1406
2022-05-26 23:00:00,2022-05-27 00:00:00,18.63,10.36,19.46,44.4264,26.1406
2022-05-27 00:00:00,2022-05-27 01:00:00,16.63,9.33,14.37,44.4264,26.1406
2022-05-27 01:00:00,2022-05-27 02:00:00,17.29,9.94,11.06,44.4264,26.1406
2022-05-27 02:00:00,2022-05-27 03:00:00,19.91,14.23,12.17,44.4264,26.1406
2022-05-27 03:00:00,2022-05-27 04:00:00,18.29,12.39,11.23,44.4264,26.1406
2022-05-27 04:00:00,2022-05-27 05:00:00,16.25,10.23,14.71,44.4264,26.1406
2022-05-27 05:00:00,2022-05-27 06:00:00,17.83,11.36,23.74,44.4264,26.1406
2022-05-27 06:00:00,2022-05-27 07:00:00,21.75,11.6,35.71,44.4264,26.1406
2022-05-27 07:00:00,2022-05-27 08:00:00,23.12,11.84,30.35,44.4264,26.1406
2022-05-27 08:00:00,2022-05-27 09:00:00,22.56,10.04,26.57,44.4264,26.1406
2022-05-27 09:00:00,2022-05-27 10:00:00,19.4,6.89,12.09,44.4264,26.1406
2022-05-27 10:00:00,2022-05-27 11:00:00,12.77,5.49,7.89,44.4264,26.1406
2022-05-27 11:00:00,2022-05-27 12:00:00,13.76,8.07,6.49,44.4264,26.1406
2022-05-27 12:00:00,2022-05-27 13:00:00,14.34,8.94,5.5,44.4264,26.1406
2022-05-27 13:00:00,2022-05-27 14:00:00,11.85,6.56,6.46,44.4264,26.1406
2022-05-27 14:00:00,2022-05-27 15:00:00,15.6,8.0,6.75,44.4264,26.1406
2022-05-27 15:00:00,2022-05-27 16:00:00,18.15,9.89,5.8,44.4264,26.1406
2022-05-27 17:00:00,2022-05-27 18:00:00,16.64,8.4,7.67,44.4264,26.1406
2022-05-27 18:00:00,2022-05-27 19:00:00,14.68,8.3,9.12,44.4264,26.1406
2022-05-27 19:00:00,2022-05-27 20:00:00,13.07,5.34,17.79,44.4264,26.1406
2022-05-27 20:00:00,2022-05-27 21:00:00,16.69,6.05,23.5,44.4264,26.1406
2022-05-27 21:00:00,2022-05-27 22:00:00,19.86,8.35,23.49,44.4264,26.1406
2022-05-27 22:00:00,2022-05-27 23:00:00,18.95,9.59,15.45,44.4264,26.1406
2022-05-27 23:00:00,2022-05-28 00:00:00,15.65,8.48,10.86,44.4264,26.1406
2022-05-28 00:00:00,2022-05-28 01:00:00,13.39,6.33,9.43,44.4264,26.1406
2022-05-28 01:00:00,2022-05-28 02:00:00,14.46,8.38,9.83,44.4264,26.1406
2022-05-28 02:00:00,2022-05-28 03:00:00,16.74,9.86,15.77,44.4264,26.1406
2022-05-28 03:00:00,2022-05-28 04:00:00,21.12,12.02,16.74,44.4264,26.1406
2022-05-28 04:00:00,2022-05-28 05:00:00,19.74,11.06,21.29,44.4264,26.1406
2022-05-28 05:00:00,2022-05-28 06:00:00,26.33,14.96,32.26,44.4264,26.1406
2022-05-28 06:00:00,2022-05-28 07:00:00,30.13,18.18,28.65,44.4264,26.1406
2022-05-28 07:00:00,2022-05-28 08:00:00,32.68,15.69,32.19,44.4264,26.1406
2022-05-28 08:00:00,2022-05-28 09:00:00,34.06,14.47,32.47,44.4264,26.1406
2022-05-28 09:00:00,2022-05-28 10:00:00,29.63,13.98,16.88,44.4264,26.1406
2022-05-28 10:00:00,2022-05-28 11:00:00,28.2,12.43,10.35,44.4264,26.1406
2022-05-28 11:00:00,2022-05-28 12:00:00,23.12,10.52,6.81,44.4264,26.1406
2022-05-28 12:00:00,2022-05-28 13:00:00,16.85,6.6,5.38,44.4264,26.1406
2022-05-28 13:00:00,2022-05-28 14:00:00,15.33,7.19,4.78,44.4264,26.1406
2022-05-28 14:00:00,2022-05-28 15:00:00,15.43,9.59,4.5,44.4264,26.1406
2022-05-28 15:00:00,2022-05-28 16:00:00,12.43,7.09,5.07,44.4264,26.1406
2022-05-28 16:00:00,2022-05-28 17:00:00,14.85,5.93,9.87,44.4264,26.1406
2022-05-28 18:00:00,2022-05-28 19:00:00,16.04,7.19,38.29,44.4264,26.1406
2022-05-28 19:00:00,2022-05-28 20:00:00,18.83,10.37,15.99,44.4264,26.1406
2022-05-31 11:00:00,2022-05-31 12:00:00,26.96,15.96,5.81,44.4264,26.1406
2022-05-31 12:00:00,2022-05-31 13:00:00,22.78,12.35,6.08,44.4264,26.1406
2022-05-31 13:00:00,2022-05-31 14:00:00,26.64,16.52,5.43,44.4264,26.1406
2022-05-31 14:00:00,2022-05-31 15:00:00,24.55,15.69,4.91,44.4264,26.1406
2022-05-31 15:00:00,2022-05-31 16:00:00,24.44,15.99,5.52,44.4264,26.1406
2022-05-31 16:00:00,2022-05-31 17:00:00,26.96,14.76,22.99,44.4264,26.1406
2022-05-31 17:00:00,2022-05-31 18:00:00,32.31,13.27,18.51,44.4264,26.1406
2022-05-31 18:00:00,2022-05-31 19:00:00,13.9,7.3,18.06,44.4264,26.1406
2022-05-31 19:00:00,2022-05-31 20:00:00,12.96,8.23,18.52,44.4264,26.1406
2022-05-31 21:00:00,2022-05-31 22:00:00,12.9,8.29,11.14,44.4264,26.1406
2022-05-31 22:00:00,2022-05-31 23:00:00,12.39,7.73,22.4,44.4264,26.1406
2022-05-31 23:00:00,2022-06-01 00:00:00,16.95,10.29,19.99,44.4264,26.1406
2022-06-01 00:00:00,2022-06-01 01:00:00,13.39,8.65,15.59,44.4264,26.1406
2022-06-01 01:00:00,2022-06-01 02:00:00,14.58,8.42,23.49,44.4264,26.1406
2022-06-01 02:00:00,2022-06-01 03:00:00,13.09,7.07,16.19,44.4264,26.1406
2022-06-01 03:00:00,2022-06-01 04:00:00,16.89,11.53,15.35,44.4264,26.1406
2022-06-01 04:00:00,2022-06-01 05:00:00,16.32,10.89,12.7,44.4264,26.1406
2022-06-01 05:00:00,2022-06-01 06:00:00,15.65,9.68,15.32,44.4264,26.1406
2022-06-01 06:00:00,2022-06-01 07:00:00,19.9,11.9,14.43,44.4264,26.1406
2022-06-01 07:00:00,2022-06-01 08:00:00,17.94,9.66,15.23,44.4264,26.1406
2022-06-01 08:00:00,2022-06-01 09:00:00,19.25,10.28,15.5,44.4264,26.1406
2022-06-01 09:00:00,2022-06-01 10:00:00,21.0,12.46,11.78,44.4264,26.1406
2022-06-01 10:00:00,2022-06-01 11:00:00,17.73,8.99,9.1,44.4264,26.1406
2022-06-01 11:00:00,2022-06-01 12:00:00,14.44,6.93,6.15,44.4264,26.1406
2022-06-01 12:00:00,2022-06-01 13:00:00,17.94,9.55,6.22,44.4264,26.1406
2022-06-01 13:00:00,2022-06-01 14:00:00,19.3,11.19,5.59,44.4264,26.1406
2022-06-01 14:00:00,2022-06-01 15:00:00,13.66,6.04,4.98,44.4264,26.1406
2022-06-01 15:00:00,2022-06-01 16:00:00,13.88,6.8,4.13,44.4264,26.1406
2022-06-01 16:00:00,2022-06-01 17:00:00,14.58,7.83,4.04,44.4264,26.1406
2022-06-01 17:00:00,2022-06-01 18:00:00,15.67,9.85,3.71,44.4264,26.1406
2022-06-01 18:00:00,2022-06-01 19:00:00,10.24,4.13,4.47,44.4264,26.1406
2022-06-01 19:00:00,2022-06-01 20:00:00,15.35,8.63,8.47,44.4264,26.1406
2022-06-01 20:00:00,2022-06-01 21:00:00,19.61,11.01,15.49,44.4264,26.1406
2022-06-01 22:00:00,2022-06-01 23:00:00,18.66,10.66,18.53,44.4264,26.1406
2022-06-01 23:00:00,2022-06-02 00:00:00,21.43,11.89,28.14,44.4264,26.1406
2022-06-02 00:00:00,2022-06-02 01:00:00,24.59,12.94,22.43,44.4264,26.1406
2022-06-02 01:00:00,2022-06-02 02:00:00,24.22,13.87,23.44,44.4264,26.1406
2022-06-02 02:00:00,2022-06-02 03:00:00,25.24,14.17,25.9,44.4264,26.1406
2022-06-02 03:00:00,2022-06-02 04:00:00,19.05,11.23,18.66,44.4264,26.1406
2022-06-02 04:00:00,2022-06-02 05:00:00,19.16,12.12,21.1,44.4264,26.1406
2022-06-02 05:00:00,2022-06-02 06:00:00,18.85,10.34,19.31,44.4264,26.1406
2022-06-02 06:00:00,2022-06-02 07:00:00,19.9,8.16,20.29,44.4264,26.1406
2022-06-02 07:00:00,2022-06-02 08:00:00,25.68,11.11,22.17,44.4264,26.1406
2022-06-02 08:00:00,2022-06-02 09:00:00,24.65,11.54,22.87,44.4264,26.1406
2022-06-02 09:00:00,2022-06-02 10:00:00,22.56,10.2,15.4,44.4264,26.1406
2022-06-02 10:00:00,2022-06-02 11:00:00,21.38,10.87,9.82,44.4264,26.1406
2022-06-02 11:00:00,2022-06-02 12:00:00,19.07,9.08,7.65,44.4264,26.1406
2022-06-02 12:00:00,2022-06-02 13:00:00,20.06,11.11,7.0,44.4264,26.1406
2022-06-02 13:00:00,2022-06-02 14:00:00,20.7,13.26,6.42,44.4264,26.1406
2022-06-02 14:00:00,2022-06-02 15:00:00,19.28,11.81,6.81,44.4264,26.1406
2022-06-02 15:00:00,2022-06-02 16:00:00,20.46,11.83,5.39,44.4264,26.1406
2022-06-02 16:00:00,2022-06-02 17:00:00,18.31,9.62,4.66,44.4264,26.1406
2022-06-02 17:00:00,2022-06-02 18:00:00,16.25,8.18,4.39,44.4264,26.1406
2022-06-02 18:00:00,2022-06-02 19:00:00,14.27,6.2,5.16,44.4264,26.1406
2022-06-02 19:00:00,2022-06-02 20:00:00,16.73,7.67,12.17,44.4264,26.1406
2022-06-02 20:00:00,2022-06-02 21:00:00,23.85,11.49,20.62,44.4264,26.1406
2022-06-02 21:00:00,2022-06-02 22:00:00,28.1,14.95,20.94,44.4264,26.1406
2022-06-02 23:00:00,2022-06-03 00:00:00,24.88,13.83,21.79,44.4264,26.1406
2022-06-03 00:00:00,2022-06-03 01:00:00,23.52,14.72,20.64,44.4264,26.1406
2022-06-03 01:00:00,2022-06-03 02:00:00,21.99,13.15,22.89,44.4264,26.1406
2022-06-03 02:00:00,2022-06-03 03:00:00,19.08,12.29,17.5,44.4264,26.1406
2022-06-03 03:00:00,2022-06-03 04:00:00,17.96,12.02,13.91,44.4264,26.1406
2022-06-03 04:00:00,2022-06-03 05:00:00,16.87,10.08,10.97,44.4264,26.1406
2022-06-03 05:00:00,2022-06-03 06:00:00,16.15,8.9,14.28,44.4264,26.1406
2022-06-03 06:00:00,2022-06-03 07:00:00,19.13,10.39,13.99,44.4264,26.1406
2022-06-03 07:00:00,2022-06-03 08:00:00,21.78,9.89,13.6,44.4264,26.1406
2022-06-03 08:00:00,2022-06-03 09:00:00,24.71,10.31,13.11,44.4264,26.1406
2022-06-03 09:00:00,2022-06-03 10:00:00,23.48,9.8,10.7,44.4264,26.1406
2022-06-03 10:00:00,2022-06-03 11:00:00,23.53,8.66,10.39,44.4264,26.1406
2022-06-03 11:00:00,2022-06-03 12:00:00,22.64,8.35,8.98,44.4264,26.1406
2022-06-03 12:00:00,2022-06-03 13:00:00,20.32,6.95,8.63,44.4264,26.1406
2022-06-03 13:00:00,2022-06-03 14:00:00,21.85,9.31,10.11,44.4264,26.1406
2022-06-03 14:00:00,2022-06-03 15:00:00,20.88,9.76,10.29,44.4264,26.1406
2022-06-03 15:00:00,2022-06-03 16:00:00,19.9,9.05,9.93,44.4264,26.1406
2022-06-03 16:00:00,2022-06-03 17:00:00,19.29,9.39,9.19,44.4264,26.1406
2022-06-03 17:00:00,2022-06-03 18:00:00,17.42,8.0,10.26,44.4264,26.1406
2022-06-03 18:00:00,2022-06-03 19:00:00,18.74,10.07,11.12,44.4264,26.1406
2022-06-03 19:00:00,2022-06-03 20:00:00,19.86,10.92,12.51,44.4264,26.1406
2022-06-03 20:00:00,2022-06-03 21:00:00,16.26,7.66,16.48,44.4264,26.1406
2022-06-03 21:00:00,2022-06-03 22:00:00,16.68,8.75,14.99,44.4264,26.1406
2022-06-03 22:00:00,2022-06-03 23:00:00,18.04,9.5,19.01,44.4264,26.1406
2022-06-04 00:00:00,2022-06-04 01:00:00,19.22,12.04,19.62,44.4264,26.1406
2022-06-04 01:00:00,2022-06-04 02:00:00,19.63,12.72,14.98,44.4264,26.1406
2022-06-04 02:00:00,2022-06-04 03:00:00,17.0,11.01,15.94,44.4264,26.1406
2022-06-04 03:00:00,2022-06-04 04:00:00,20.78,14.92,16.03,44.4264,26.1406
2022-06-04 04:00:00,2022-06-04 05:00:00,16.89,11.64,15.5,44.4264,26.1406
2022-06-04 05:00:00,2022-06-04 06:00:00,17.85,12.43,15.31,44.4264,26.1406
2022-06-04 06:00:00,2022-06-04 07:00:00,16.83,9.84,13.62,44.4264,26.1406
2022-06-04 07:00:00,2022-06-04 08:00:00,15.03,7.46,13.13,44.4264,26.1406
2022-06-04 08:00:00,2022-06-04 09:00:00,17.74,9.33,14.07,44.4264,26.1406
2022-06-04 09:00:00,2022-06-04 10:00:00,17.88,9.92,13.52,44.4264,26.1406
2022-06-04 10:00:00,2022-06-04 11:00:00,18.14,10.63,11.15,44.4264,26.1406
2022-06-04 11:00:00,2022-06-04 12:00:00,21.84,13.07,11.25,44.4264,26.1406
2022-06-04 12:00:00,2022-06-04 13:00:00,21.22,12.03,8.97,44.4264,26.1406
2022-06-04 13:00:00,2022-06-04 14:00:00,17.88,10.84,7.58,44.4264,26.1406
2022-06-04 14:00:00,2022-06-04 15:00:00,16.8,9.41,6.54,44.4264,26.1406
2022-06-04 15:00:00,2022-06-04 16:00:00,18.1,11.67,6.83,44.4264,26.1406
2022-06-04 16:00:00,2022-06-04 17:00:00,22.22,14.66,6.36,44.4264,26.1406
2022-06-04 17:00:00,2022-06-04 18:00:00,19.56,11.88,5.54,44.4264,26.1406
2022-06-04 18:00:00,2022-06-04 19:00:00,19.72,11.25,5.41,44.4264,26.1406
2022-06-04 19:00:00,2022-06-04 20:00:00,19.92,11.15,10.54,44.4264,26.1406
2022-06-04 20:00:00,2022-06-04 21:00:00,23.05,14.19,8.76,44.4264,26.1406
2022-06-04 21:00:00,2022-06-04 22:00:00,25.63,16.84,26.14,44.4264,26.1406
2022-06-04 22:00:00,2022-06-04 23:00:00,30.62,18.26,48.47,44.4264,26.1406
2022-06-04 23:00:00,2022-06-05 00:00:00,34.55,22.03,32.61,44.4264,26.1406
2022-06-05 01:00:00,2022-06-05 02:00:00,43.35,28.34,42.68,44.4264,26.1406
2022-06-05 02:00:00,2022-06-05 03:00:00,34.55,21.11,41.88,44.4264,26.1406
2022-06-05 03:00:00,2022-06-05 04:00:00,28.96,18.81,32.55,44.4264,26.1406
2022-06-05 04:00:00,2022-06-05 05:00:00,27.48,18.92,24.0,44.4264,26.1406
2022-06-05 05:00:00,2022-06-05 06:00:00,26.58,19.28,19.65,44.4264,26.1406
2022-06-05 06:00:00,2022-06-05 07:00:00,23.77,16.33,15.21,44.4264,26.1406
2022-06-05 07:00:00,2022-06-05 08:00:00,23.2,15.73,10.57,44.4264,26.1406
2022-06-05 08:00:00,2022-06-05 09:00:00,21.53,13.57,8.65,44.4264,26.1406
2022-06-05 09:00:00,2022-06-05 10:00:00,20.0,12.59,5.3,44.4264,26.1406
2022-06-05 10:00:00,2022-06-05 11:00:00,22.41,14.81,4.48,44.4264,26.1406
2022-06-05 11:00:00,2022-06-05 12:00:00,22.17,13.93,4.11,44.4264,26.1406
2022-06-05 12:00:00,2022-06-05 13:00:00,22.67,14.02,3.61,44.4264,26.1406
2022-06-05 13:00:00,2022-06-05 14:00:00,18.72,11.93,3.64,44.4264,26.1406
2022-06-05 14:00:00,2022-06-05 15:00:00,15.78,9.72,3.5,44.4264,26.1406
2022-06-05 15:00:00,2022-06-05 16:00:00,16.65,11.18,3.59,44.4264,26.1406
2022-06-05 16:00:00,2022-06-05 17:00:00,16.82,12.33,4.45,44.4264,26.1406
2022-06-05 17:00:00,2022-06-05 18:00:00,24.32,15.04,10.13,44.4264,26.1406
2022-06-05 18:00:00,2022-06-05 19:00:00,25.87,12.63,10.51,44.4264,26.1406
2022-06-05 19:00:00,2022-06-05 20:00:00,19.64,8.69,8.81,44.4264,26.1406
2022-06-05 20:00:00,2022-06-05 21:00:00,15.19,8.19,9.92,44.4264,26.1406
2022-06-05 21:00:00,2022-06-05 22:00:00,14.42,8.33,10.7,44.4264,26.1406
2022-06-05 22:00:00,2022-06-05 23:00:00,17.74,11.49,8.94,44.4264,26.1406
2022-06-05 23:00:00,2022-06-06 00:00:00,13.31,9.48,7.91,44.4264,26.1406
2022-06-06 00:00:00,2022-06-06 01:00:00,13.64,10.61,6.07,44.4264,26.1406
2022-06-06 02:00:00,2022-06-06 03:00:00,7.38,5.89,5.61,44.4264,26.1406
2022-06-06 04:00:00,2022-06-06 05:00:00,5.81,3.2,6.64,44.4264,26.1406
2022-06-06 05:00:00,2022-06-06 06:00:00,13.39,9.85,9.59,44.4264,26.1406
2022-06-06 06:00:00,2022-06-06 07:00:00,6.54,2.93,14.15,44.4264,26.1406
2022-06-06 07:00:00,2022-06-06 08:00:00,5.55,1.38,12.09,44.4264,26.1406
2022-06-06 08:00:00,2022-06-06 09:00:00,7.96,3.6,10.29,44.4264,26.1406
2022-06-06 09:00:00,2022-06-06 10:00:00,5.91,1.75,8.0,44.4264,26.1406
2022-06-06 10:00:00,2022-06-06 11:00:00,7.29,3.58,6.56,44.4264,26.1406
2022-06-06 11:00:00,2022-06-06 12:00:00,9.15,5.82,7.28,44.4264,26.1406
2022-06-06 12:00:00,2022-06-06 13:00:00,11.04,6.25,8.03,44.4264,26.1406
2022-06-06 13:00:00,2022-06-06 14:00:00,14.36,8.14,7.44,44.4264,26.1406
2022-06-06 14:00:00,2022-06-06 15:00:00,11.29,5.18,8.19,44.4264,26.1406
2022-06-06 15:00:00,2022-06-06 16:00:00,16.1,9.47,8.67,44.4264,26.1406
2022-06-06 16:00:00,2022-06-06 17:00:00,15.8,9.21,9.97,44.4264,26.1406
2022-06-06 17:00:00,2022-06-06 18:00:00,13.74,7.34,9.71,44.4264,26.1406
2022-06-06 18:00:00,2022-06-06 19:00:00,14.75,7.53,11.44,44.4264,26.1406
2022-06-06 19:00:00,2022-06-06 20:00:00,16.79,10.16,10.95,44.4264,26.1406
2022-06-06 20:00:00,2022-06-06 21:00:00,15.2,8.65,15.86,44.4264,26.1406
2022-06-06 21:00:00,2022-06-06 22:00:00,17.82,10.39,26.99,44.4264,26.1406
2022-06-06 22:00:00,2022-06-06 23:00:00,20.11,10.85,28.15,44.4264,26.1406
2022-06-06 23:00:00,2022-06-07 00:00:00,24.53,14.83,34.44,44.4264,26.1406
2022-06-07 00:00:00,2022-06-07 01:00:00,26.67,16.32,31.09,44.4264,26.1406
2022-06-07 01:00:00,2022-06-07 02:00:00,22.81,14.05,25.21,44.4264,26.1406
2022-06-07 03:00:00,2022-06-07 04:00:00,21.26,15.29,22.03,44.4264,26.1406
2022-06-07 04:00:00,2022-06-07 05:00:00,17.11,10.72,16.9,44.4264,26.1406
2022-06-07 05:00:00,2022-06-07 06:00:00,16.67,9.51,22.42,44.4264,26.1406
2022-06-07 06:00:00,2022-06-07 07:00:00,19.12,10.94,17.11,44.4264,26.1406
2022-06-07 07:00:00,2022-06-07 08:00:00,19.09,11.29,14.0,44.4264,26.1406
2022-06-07 08:00:00,2022-06-07 09:00:00,18.81,11.46,11.13,44.4264,26.1406
2022-06-07 09:00:00,2022-06-07 10:00:00,14.97,8.94,6.99,44.4264,26.1406
2022-06-07 10:00:00,2022-06-07 11:00:00,12.54,6.64,6.43,44.4264,26.1406
2022-06-07 11:00:00,2022-06-07 12:00:00,11.49,6.0,5.54,44.4264,26.1406
2022-06-07 12:00:00,2022-06-07 13:00:00,6.32,1.76,6.06,44.4264,26.1406
2022-06-07 13:00:00,2022-06-07 14:00:00,10.41,4.8,8.98,44.4264,26.1406
2022-06-07 14:00:00,2022-06-07 15:00:00,12.66,6.87,9.97,44.4264,26.1406
2022-06-07 15:00:00,2022-06-07 16:00:00,11.37,5.39,11.04,44.4264,26.1406
2022-06-07 16:00:00,2022-06-07 17:00:00,15.85,8.02,18.97,44.4264,26.1406
2022-06-07 17:00:00,2022-06-07 18:00:00,18.5,9.96,15.38,44.4264,26.1406
2022-06-07 18:00:00,2022-06-07 19:00:00,14.61,5.6,13.22,44.4264,26.1406
2022-06-07 19:00:00,2022-06-07 20:00:00,13.98,4.97,13.49,44.4264,26.1406
2022-06-07 20:00:00,2022-06-07 21:00:00,17.24,7.28,18.84,44.4264,26.1406
2022-06-07 21:00:00,2022-06-07 22:00:00,22.82,11.54,26.22,44.4264,26.1406
2022-06-07 22:00:00,2022-06-07 23:00:00,21.19,9.92,20.34,44.4264,26.1406
2022-06-07 23:00:00,2022-06-08 00:00:00,20.1,9.81,27.08,44.4264,26.1406
2022-06-08 00:00:00,2022-06-08 01:00:00,19.61,11.09,20.59,44.4264,26.1406
2022-06-08 01:00:00,2022-06-08 02:00:00,16.72,9.04,18.58,44.4264,26.1406
2022-06-08 02:00:00,2022-06-08 03:00:00,20.7,12.74,19.29,44.4264,26.1406
2022-06-08 04:00:00,2022-06-08 05:00:00,17.69,10.82,20.18,44.4264,26.1406
2022-06-08 05:00:00,2022-06-08 06:00:00,17.82,10.46,26.61,44.4264,26.1406
2022-06-08 06:00:00,2022-06-08 07:00:00,17.49,9.35,23.95,44.4264,26.1406
2022-06-08 07:00:00,2022-06-08 08:00:00,19.23,10.58,19.77,44.4264,26.1406
2022-06-08 08:00:00,2022-06-08 09:00:00,16.34,9.02,16.91,44.4264,26.1406
2022-06-08 09:00:00,2022-06-08 10:00:00,15.13,7.92,10.87,44.4264,26.1406
2022-06-08 10:00:00,2022-06-08 11:00:00,15.28,8.52,8.82,44.4264,26.1406
2022-06-08 11:00:00,2022-06-08 12:00:00,15.29,9.4,8.6,44.4264,26.1406
2022-06-08 12:00:00,2022-06-08 13:00:00,13.26,6.78,8.85,44.4264,26.1406
2022-06-08 13:00:00,2022-06-08 14:00:00,12.02,5.22,11.65,44.4264,26.1406
2022-06-08 14:00:00,2022-06-08 15:00:00,14.13,6.16,14.55,44.4264,26.1406
2022-06-08 15:00:00,2022-06-08 16:00:00,18.84,10.82,10.39,44.4264,26.1406
2022-06-08 16:00:00,2022-06-08 17:00:00,17.14,8.88,13.14,44.4264,26.1406
2022-06-08 17:00:00,2022-06-08 18:00:00,18.36,10.56,13.82,44.4264,26.1406
2022-06-08 18:00:00,2022-06-08 19:00:00,19.16,10.66,21.68,44.4264,26.1406
2022-06-08 19:00:00,2022-06-08 20:00:00,21.45,11.76,21.35,44.4264,26.1406
2022-06-08 20:00:00,2022-06-08 21:00:00,21.27,11.12,21.18,44.4264,26.1406
2022-06-08 21:00:00,2022-06-08 22:00:00,16.89,6.85,22.45,44.4264,26.1406
2022-06-08 22:00:00,2022-06-08 23:00:00,19.51,8.69,28.43,44.4264,26.1406
2022-06-08 23:00:00,2022-06-09 00:00:00,26.0,14.66,21.96,44.4264,26.1406
2022-06-09 00:00:00,2022-06-09 01:00:00,20.15,11.82,19.41,44.4264,26.1406
2022-06-09 01:00:00,2022-06-09 02:00:00,22.97,14.26,32.9,44.4264,26.1406
2022-06-09 02:00:00,2022-06-09 03:00:00,25.13,14.39,33.86,44.4264,26.1406
2022-06-09 03:00:00,2022-06-09 04:00:00,24.52,14.27,31.86,44.4264,26.1406
2022-06-09 05:00:00,2022-06-09 06:00:00,17.24,9.94,23.57,44.4264,26.1406
2022-06-09 06:00:00,2022-06-09 07:00:00,14.5,7.68,18.97,44.4264,26.1406
2022-06-09 07:00:00,2022-06-09 08:00:00,14.18,7.04,13.51,44.4264,26.1406
2022-06-09 08:00:00,2022-06-09 09:00:00,15.09,8.51,15.66,44.4264,26.1406
2022-06-09 09:00:00,2022-06-09 10:00:00,14.29,6.18,10.94,44.4264,26.1406
2022-06-09 10:00:00,2022-06-09 11:00:00,15.12,6.34,11.45,44.4264,26.1406
2022-06-09 11:00:00,2022-06-09 12:00:00,14.16,5.15,11.19,44.4264,26.1406
2022-06-09 12:00:00,2022-06-09 13:00:00,16.07,8.37,6.84,44.4264,26.1406
2022-06-09 13:00:00,2022-06-09 14:00:00,15.49,8.38,6.63,44.4264,26.1406
2022-06-09 14:00:00,2022-06-09 15:00:00,15.58,9.31,6.1,44.4264,26.1406
2022-06-09 15:00:00,2022-06-09 16:00:00,14.87,6.47,6.96,44.4264,26.1406
2022-06-09 16:00:00,2022-06-09 17:00:00,17.19,7.5,8.88,44.4264,26.1406
2022-06-09 17:00:00,2022-06-09 18:00:00,22.3,7.74,20.04,44.4264,26.1406
2022-06-09 18:00:00,2022-06-09 19:00:00,23.15,11.13,38.13,44.4264,26.1406
2022-06-09 19:00:00,2022-06-09 20:00:00,19.81,13.44,31.05,44.4264,26.1406
2022-06-09 20:00:00,2022-06-09 21:00:00,21.1,14.29,41.43,44.4264,26.1406
2022-06-09 21:00:00,2022-06-09 22:00:00,22.59,15.82,28.13,44.4264,26.1406
2022-06-09 22:00:00,2022-06-09 23:00:00,17.7,11.17,19.72,44.4264,26.1406
2022-06-09 23:00:00,2022-06-10 00:00:00,18.59,11.45,15.61,44.4264,26.1406
2022-06-10 00:00:00,2022-06-10 01:00:00,17.92,11.61,11.69,44.4264,26.1406
2022-06-10 01:00:00,2022-06-10 02:00:00,18.75,12.18,10.14,44.4264,26.1406
2022-06-10 02:00:00,2022-06-10 03:00:00,15.09,8.81,9.54,44.4264,26.1406
2022-06-10 03:00:00,2022-06-10 04:00:00,15.82,9.56,11.13,44.4264,26.1406
2022-06-10 04:00:00,2022-06-10 05:00:00,18.33,12.52,11.17,44.4264,26.1406
2022-06-10 06:00:00,2022-06-10 07:00:00,19.5,11.46,17.2,44.4264,26.1406
2022-06-10 07:00:00,2022-06-10 08:00:00,20.66,13.14,13.7,44.4264,26.1406
2022-06-10 08:00:00,2022-06-10 09:00:00,18.53,11.78,11.72,44.4264,26.1406
2022-06-10 09:00:00,2022-06-10 10:00:00,15.6,9.02,10.64,44.4264,26.1406
2022-06-10 10:00:00,2022-06-10 11:00:00,16.22,9.15,8.94,44.4264,26.1406
2022-06-10 11:00:00,2022-06-10 12:00:00,16.36,9.86,8.24,44.4264,26.1406
2022-06-10 12:00:00,2022-06-10 13:00:00,14.38,8.01,8.84,44.4264,26.1406
2022-06-10 13:00:00,2022-06-10 14:00:00,16.63,9.39,10.7,44.4264,26.1406
2022-06-10 14:00:00,2022-06-10 15:00:00,15.57,6.83,11.59,44.4264,26.1406
2022-06-10 15:00:00,2022-06-10 16:00:00,14.5,6.75,9.3,44.4264,26.1406
2022-06-10 16:00:00,2022-06-10 17:00:00,14.62,6.37,12.34,44.4264,26.1406
2022-06-10 17:00:00,2022-06-10 18:00:00,16.43,8.2,16.53,44.4264,26.1406
2022-06-10 18:00:00,2022-06-10 19:00:00,16.64,10.2,11.86,44.4264,26.1406
2022-06-10 19:00:00,2022-06-10 20:00:00,12.82,7.93,12.76,44.4264,26.1406
2022-06-10 20:00:00,2022-06-10 21:00:00,13.17,9.01,11.06,44.4264,26.1406
2022-06-10 21:00:00,2022-06-10 22:00:00,15.87,11.07,13.47,44.4264,26.1406
2022-06-10 22:00:00,2022-06-10 23:00:00,13.02,8.66,9.96,44.4264,26.1406
2022-06-10 23:00:00,2022-06-11 00:00:00,12.62,8.34,9.96,44.4264,26.1406
2022-06-11 00:00:00,2022-06-11 01:00:00,12.59,8.59,9.03,44.4264,26.1406
2022-06-11 01:00:00,2022-06-11 02:00:00,10.44,5.56,7.27,44.4264,26.1406
2022-06-11 02:00:00,2022-06-11 03:00:00,10.53,6.05,7.55,44.4264,26.1406
2022-06-11 03:00:00,2022-06-11 04:00:00,16.11,10.5,8.58,44.4264,26.1406
2022-06-11 04:00:00,2022-06-11 05:00:00,17.24,10.97,10.17,44.4264,26.1406
2022-06-11 05:00:00,2022-06-11 06:00:00,14.97,9.46,10.18,44.4264,26.1406
2022-06-11 07:00:00,2022-06-11 08:00:00,16.75,10.76,11.36,44.4264,26.1406
2022-06-11 08:00:00,2022-06-11 09:00:00,18.18,12.52,9.59,44.4264,26.1406
2022-06-11 09:00:00,2022-06-11 10:00:00,17.93,10.98,11.62,44.4264,26.1406
2022-06-11 10:00:00,2022-06-11 11:00:00,16.03,8.34,12.01,44.4264,26.1406
2022-06-11 11:00:00,2022-06-11 12:00:00,14.02,6.85,14.93,44.4264,26.1406
2022-06-11 12:00:00,2022-06-11 13:00:00,16.56,10.9,16.27,44.4264,26.1406
2022-06-11 13:00:00,2022-06-11 14:00:00,14.75,9.81,19.14,44.4264,26.1406
2022-06-11 14:00:00,2022-06-11 15:00:00,20.08,14.14,16.45,44.4264,26.1406
2022-06-11 15:00:00,2022-06-11 16:00:00,13.72,10.04,12.92,44.4264,26.1406
2022-06-11 16:00:00,2022-06-11 17:00:00,12.43,9.85,7.9,44.4264,26.1406
2022-06-11 17:00:00,2022-06-11 18:00:00,10.24,7.02,5.56,44.4264,26.1406
2022-06-11 18:00:00,2022-06-11 19:00:00,9.45,7.48,5.86,44.4264,26.1406
2022-06-11 19:00:00,2022-06-11 20:00:00,13.59,10.6,6.72,44.4264,26.1406
2022-06-11 20:00:00,2022-06-11 21:00:00,11.92,8.92,10.01,44.4264,26.1406
2022-06-11 21:00:00,2022-06-11 22:00:00,11.42,7.95,11.78,44.4264,26.1406
2022-06-11 22:00:00,2022-06-11 23:00:00,12.71,8.87,10.19,44.4264,26.1406
2022-06-11 23:00:00,2022-06-12 00:00:00,13.35,8.86,10.08,44.4264,26.1406
2022-06-12 00:00:00,2022-06-12 01:00:00,16.13,10.98,9.06,44.4264,26.1406
2022-06-12 01:00:00,2022-06-12 02:00:00,16.3,10.17,8.45,44.4264,26.1406
2022-06-12 02:00:00,2022-06-12 03:00:00,17.52,11.9,8.38,44.4264,26.1406
2022-06-12 03:00:00,2022-06-12 04:00:00,17.91,12.52,8.41,44.4264,26.1406
2022-06-12 04:00:00,2022-06-12 05:00:00,15.83,9.34,8.92,44.4264,26.1406
2022-06-12 05:00:00,2022-06-12 06:00:00,17.22,10.68,7.25,44.4264,26.1406
2022-06-12 06:00:00,2022-06-12 07:00:00,17.01,10.82,6.95,44.4264,26.1406
2022-06-12 08:00:00,2022-06-12 09:00:00,16.28,10.08,7.17,44.4264,26.1406
2022-06-12 09:00:00,2022-06-12 10:00:00,16.57,10.52,5.87,44.4264,26.1406
2022-06-12 10:00:00,2022-06-12 11:00:00,14.86,9.16,5.13,44.4264,26.1406
2022-06-12 11:00:00,2022-06-12 12:00:00,17.63,11.52,5.4,44.4264,26.1406
2022-06-12 12:00:00,2022-06-12 13:00:00,19.01,11.09,5.54,44.4264,26.1406
2022-06-12 13:00:00,2022-06-12 14:00:00,19.0,10.12,6.3,44.4264,26.1406
2022-06-12 14:00:00,2022-06-12 15:00:00,17.97,6.46,6.13,44.4264,26.1406
2022-06-12 15:00:00,2022-06-12 16:00:00,20.8,9.32,5.84,44.4264,26.1406
2022-06-12 16:00:00,2022-06-12 17:00:00,19.71,11.91,7.27,44.4264,26.1406
2022-06-12 17:00:00,2022-06-12 18:00:00,14.17,7.47,9.32,44.4264,26.1406
2022-06-12 18:00:00,2022-06-12 19:00:00,12.83,8.08,9.98,44.4264,26.1406
2022-06-12 19:00:00,2022-06-12 20:00:00,13.01,8.16,10.44,44.4264,26.1406
2022-06-12 20:00:00,2022-06-12 21:00:00,14.16,8.35,7.86,44.4264,26.1406
2022-06-12 21:00:00,2022-06-12 22:00:00,9.73,5.37,8.98,44.4264,26.1406
2022-06-12 22:00:00,2022-06-12 23:00:00,8.77,4.15,8.98,44.4264,26.1406
2022-06-12 23:00:00,2022-06-13 00:00:00,11.72,7.78,6.47,44.4264,26.1406
2022-06-13 00:00:00,2022-06-13 01:00:00,14.17,8.97,6.41,44.4264,26.1406
2022-06-13 01:00:00,2022-06-13 02:00:00,15.79,11.22,7.65,44.4264,26.1406
2022-06-13 02:00:00,2022-06-13 03:00:00,15.03,10.27,7.34,44.4264,26.1406
2022-06-13 03:00:00,2022-06-13 04:00:00,14.98,9.04,7.11,44.4264,26.1406
2022-06-13 04:00:00,2022-06-13 05:00:00,19.56,12.2,6.54,44.4264,26.1406
2022-06-13 05:00:00,2022-06-13 06:00:00,14.39,7.6,7.41,44.4264,26.1406
2022-06-13 06:00:00,2022-06-13 07:00:00,18.59,12.05,8.06,44.4264,26.1406
2022-06-13 07:00:00,2022-06-13 08:00:00,20.53,13.43,6.2,44.4264,26.1406
2022-06-13 09:00:00,2022-06-13 10:00:00,7.0,10.59,4.82,44.4264,26.1406
2022-06-13 10:00:00,2022-06-13 11:00:00,11.54,8.47,4.24,44.4264,26.1406
2022-06-13 11:00:00,2022-06-13 12:00:00,15.96,10.43,4.31,44.4264,26.1406
2022-06-13 12:00:00,2022-06-13 13:00:00,16.84,11.32,4.16,44.4264,26.1406
2022-06-13 13:00:00,2022-06-13 14:00:00,17.91,10.88,3.92,44.4264,26.1406
2022-06-13 14:00:00,2022-06-13 15:00:00,19.08,11.31,12.64,44.4264,26.1406
2022-06-13 15:00:00,2022-06-13 16:00:00,21.13,12.03,20.52,44.4264,26.1406
2022-06-13 16:00:00,2022-06-13 17:00:00,20.75,13.13,5.07,44.4264,26.1406
2022-06-13 17:00:00,2022-06-13 18:00:00,21.69,15.58,7.34,44.4264,26.1406
2022-06-13 18:00:00,2022-06-13 19:00:00,16.81,11.61,9.79,44.4264,26.1406
2022-06-13 19:00:00,2022-06-13 20:00:00,13.29,8.9,9.49,44.4264,26.1406
2022-06-13 20:00:00,2022-06-13 21:00:00,18.82,12.91,8.87,44.4264,26.1406
2022-06-13 21:00:00,2022-06-13 22:00:00,18.89,12.97,12.69,44.4264,26.1406
2022-06-13 22:00:00,2022-06-13 23:00:00,21.74,14.91,17.22,44.4264,26.1406
2022-06-13 23:00:00,2022-06-14 00:00:00,19.67,13.83,15.04,44.4264,26.1406
2022-06-14 00:00:00,2022-06-14 01:00:00,18.37,12.91,19.61,44.4264,26.1406
2022-06-14 01:00:00,2022-06-14 02:00:00,19.15,13.25,14.9,44.4264,26.1406
2022-06-14 02:00:00,2022-06-14 03:00:00,17.87,12.28,14.65,44.4264,26.1406
2022-06-14 03:00:00,2022-06-14 04:00:00,18.35,14.29,14.17,44.4264,26.1406
2022-06-14 04:00:00,2022-06-14 05:00:00,19.02,14.67,12.34,44.4264,26.1406
2022-06-14 05:00:00,2022-06-14 06:00:00,22.84,18.01,12.85,44.4264,26.1406
2022-06-14 06:00:00,2022-06-14 07:00:00,24.59,18.82,14.67,44.4264,26.1406
2022-06-14 07:00:00,2022-06-14 08:00:00,24.84,16.34,19.12,44.4264,26.1406
2022-06-14 08:00:00,2022-06-14 09:00:00,27.58,14.59,18.01,44.4264,26.1406
2022-06-14 10:00:00,2022-06-14 11:00:00,28.48,10.96,21.37,44.4264,26.1406
2022-06-14 11:00:00,2022-06-14 12:00:00,29.13,12.62,27.94,44.4264,26.1406
2022-06-14 12:00:00,2022-06-14 13:00:00,25.43,11.22,21.89,44.4264,26.1406
2022-06-14 13:00:00,2022-06-14 14:00:00,24.53,13.16,16.59,44.4264,26.1406
2022-06-14 14:00:00,2022-06-14 15:00:00,24.9,11.43,20.29,44.4264,26.1406
2022-06-14 15:00:00,2022-06-14 16:00:00,19.1,6.22,6.73,44.4264,26.1406
2022-06-14 16:00:00,2022-06-14 17:00:00,5.54,1.22,30.86,44.4264,26.1406
2022-06-14 17:00:00,2022-06-14 18:00:00,13.58,8.32,24.05,44.4264,26.1406
2022-06-14 18:00:00,2022-06-14 19:00:00,13.49,8.17,28.52,44.4264,26.1406
2022-06-14 19:00:00,2022-06-14 20:00:00,17.97,10.52,24.83,44.4264,26.1406
2022-06-14 20:00:00,2022-06-14 21:00:00,16.69,8.11,21.7,44.4264,26.1406
2022-06-14 21:00:00,2022-06-14 22:00:00,18.37,10.38,21.67,44.4264,26.1406
2022-06-14 22:00:00,2022-06-14 23:00:00,16.67,8.05,21.44,44.4264,26.1406
2022-06-14 23:00:00,2022-06-15 00:00:00,15.29,9.04,10.26,44.4264,26.1406
2022-06-15 00:00:00,2022-06-15 01:00:00,11.78,8.71,7.62,44.4264,26.1406
2022-06-15 01:00:00,2022-06-15 02:00:00,10.0,6.66,5.45,44.4264,26.1406
2022-06-15 02:00:00,2022-06-15 03:00:00,11.42,7.32,5.72,44.4264,26.1406
2022-06-15 03:00:00,2022-06-15 04:00:00,9.67,5.69,7.42,44.4264,26.1406
2022-06-15 04:00:00,2022-06-15 05:00:00,11.07,7.29,9.27,44.4264,26.1406
2022-06-15 05:00:00,2022-06-15 06:00:00,12.19,6.95,15.04,44.4264,26.1406
2022-06-15 06:00:00,2022-06-15 07:00:00,15.05,7.98,18.7,44.4264,26.1406
2022-06-15 07:00:00,2022-06-15 08:00:00,12.88,5.1,16.09,44.4264,26.1406
2022-06-15 08:00:00,2022-06-15 09:00:00,14.69,7.09,12.12,44.4264,26.1406
2022-06-15 09:00:00,2022-06-15 10:00:00,13.07,6.87,6.83,44.4264,26.1406
2022-06-15 11:00:00,2022-06-15 12:00:00,15.27,8.61,7.77,44.4264,26.1406
2022-06-15 12:00:00,2022-06-15 13:00:00,12.0,6.24,6.56,44.4264,26.1406
2022-06-15 13:00:00,2022-06-15 14:00:00,12.65,6.83,6.05,44.4264,26.1406
2022-06-15 14:00:00,2022-06-15 15:00:00,10.37,5.1,6.42,44.4264,26.1406
2022-06-15 15:00:00,2022-06-15 16:00:00,12.64,7.06,6.44,44.4264,26.1406
2022-06-15 16:00:00,2022-06-15 17:00:00,13.33,7.36,6.68,44.4264,26.1406
2022-06-15 17:00:00,2022-06-15 18:00:00,13.72,7.99,7.95,44.4264,26.1406
2022-06-15 18:00:00,2022-06-15 19:00:00,12.37,6.2,5.95,44.4264,26.1406
2022-06-15 19:00:00,2022-06-15 20:00:00,12.43,6.43,8.24,44.4264,26.1406
2022-06-15 20:00:00,2022-06-15 21:00:00,17.4,10.13,22.02,44.4264,26.1406
2022-06-15 21:00:00,2022-06-15 22:00:00,21.41,11.85,49.81,44.4264,26.1406
2022-06-15 22:00:00,2022-06-15 23:00:00,25.53,12.35,57.51,44.4264,26.1406
2022-06-15 23:00:00,2022-06-16 00:00:00,29.22,13.98,48.27,44.4264,26.1406
2022-06-16 00:00:00,2022-06-16 01:00:00,26.43,14.81,46.3,44.4264,26.1406
2022-06-16 01:00:00,2022-06-16 02:00:00,27.62,16.19,39.46,44.4264,26.1406
2022-06-16 02:00:00,2022-06-16 03:00:00,26.69,15.87,35.23,44.4264,26.1406
2022-06-16 03:00:00,2022-06-16 04:00:00,26.1,15.07,33.12,44.4264,26.1406
2022-06-16 04:00:00,2022-06-16 05:00:00,20.91,13.07,20.94,44.4264,26.1406
2022-06-16 05:00:00,2022-06-16 06:00:00,21.78,15.11,19.06,44.4264,26.1406
2022-06-16 06:00:00,2022-06-16 07:00:00,23.37,15.29,25.26,44.4264,26.1406
2022-06-16 07:00:00,2022-06-16 08:00:00,28.19,17.7,28.52,44.4264,26.1406
2022-06-16 08:00:00,2022-06-16 09:00:00,24.72,14.87,13.47,44.4264,26.1406
2022-06-16 09:00:00,2022-06-16 10:00:00,18.4,9.85,10.19,44.4264,26.1406
2022-06-16 10:00:00,2022-06-16 11:00:00,21.06,11.03,9.31,44.4264,26.1406
2022-06-16 12:00:00,2022-06-16 13:00:00,21.89,12.54,8.74,44.4264,26.1406
2022-06-16 13:00:00,2022-06-16 14:00:00,20.43,9.24,9.24,44.4264,26.1406
2022-06-16 14:00:00,2022-06-16 15:00:00,19.08,10.5,5.56,44.4264,26.1406
2022-06-16 15:00:00,2022-06-16 16:00:00,16.59,9.4,5.38,44.4264,26.1406
2022-06-16 16:00:00,2022-06-16 17:00:00,14.14,7.15,5.17,44.4264,26.1406
2022-06-16 17:00:00,2022-06-16 18:00:00,16.34,9.39,6.6,44.4264,26.1406
2022-06-16 18:00:00,2022-06-16 19:00:00,16.75,9.06,14.67,44.4264,26.1406
2022-06-16 19:00:00,2022-06-16 20:00:00,22.37,13.95,10.72,44.4264,26.1406
2022-06-16 20:00:00,2022-06-16 21:00:00,20.7,12.73,29.49,44.4264,26.1406
2022-06-16 21:00:00,2022-06-16 22:00:00,27.74,15.81,45.5,44.4264,26.1406
2022-06-16 22:00:00,2022-06-16 23:00:00,35.62,18.73,45.5,44.4264,26.1406
2022-06-16 23:00:00,2022-06-17 00:00:00,28.56,16.13,16.84,44.4264,26.1406
2022-06-17 00:00:00,2022-06-17 01:00:00,20.0,13.84,18.83,44.4264,26.1406
2022-06-17 01:00:00,2022-06-17 02:00:00,21.42,14.78,22.54,44.4264,26.1406
2022-06-17 02:00:00,2022-06-17 03:00:00,20.76,13.72,13.4,44.4264,26.1406
2022-06-17 03:00:00,2022-06-17 04:00:00,18.67,12.29,10.73,44.4264,26.1406
2022-06-17 04:00:00,2022-06-17 05:00:00,15.21,9.07,13.05,44.4264,26.1406
2022-06-17 05:00:00,2022-06-17 06:00:00,16.5,8.64,21.86,44.4264,26.1406
2022-06-17 06:00:00,2022-06-17 07:00:00,18.5,9.2,20.16,44.4264,26.1406
2022-06-17 07:00:00,2022-06-17 08:00:00,23.63,12.02,24.01,44.4264,26.1406
2022-06-17 08:00:00,2022-06-17 09:00:00,31.33,12.8,27.78,44.4264,26.1406
2022-06-17 09:00:00,2022-06-17 10:00:00,39.37,15.73,18.58,44.4264,26.1406
2022-06-17 10:00:00,2022-06-17 11:00:00,32.64,12.72,13.44,44.4264,26.1406
2022-06-17 11:00:00,2022-06-17 12:00:00,25.41,10.24,7.26,44.4264,26.1406
2022-06-17 13:00:00,2022-06-17 14:00:00,18.92,10.94,5.75,44.4264,26.1406
2022-06-17 14:00:00,2022-06-17 15:00:00,17.31,7.36,10.72,44.4264,26.1406
2022-06-17 15:00:00,2022-06-17 16:00:00,21.47,8.46,12.64,44.4264,26.1406
2022-06-17 16:00:00,2022-06-17 17:00:00,15.91,9.25,14.1,44.4264,26.1406
2022-06-17 17:00:00,2022-06-17 18:00:00,16.23,10.44,17.1,44.4264,26.1406
2022-06-17 18:00:00,2022-06-17 19:00:00,17.29,11.4,23.45,44.4264,26.1406
2022-06-17 19:00:00,2022-06-17 20:00:00,21.9,15.28,41.02,44.4264,26.1406
2022-06-17 20:00:00,2022-06-17 21:00:00,24.06,15.49,35.18,44.4264,26.1406
2022-06-17 21:00:00,2022-06-17 22:00:00,22.45,14.56,29.37,44.4264,26.1406
2022-06-17 22:00:00,2022-06-17 23:00:00,19.94,12.76,26.16,44.4264,26.1406
2022-06-17 23:00:00,2022-06-18 00:00:00,19.25,13.22,19.96,44.4264,26.1406
2022-06-18 00:00:00,2022-06-18 01:00:00,18.87,13.24,11.63,44.4264,26.1406
2022-06-18 01:00:00,2022-06-18 02:00:00,18.58,12.55,7.48,44.4264,26.1406
2022-06-18 02:00:00,2022-06-18 03:00:00,17.83,11.05,7.49,44.4264,26.1406
2022-06-18 03:00:00,2022-06-18 04:00:00,13.9,8.34,7.61,44.4264,26.1406
2022-06-18 04:00:00,2022-06-18 05:00:00,11.84,6.34,8.81,44.4264,26.1406
2022-06-18 05:00:00,2022-06-18 06:00:00,10.44,5.1,9.97,44.4264,26.1406
2022-06-18 06:00:00,2022-06-18 07:00:00,12.11,7.6,11.52,44.4264,26.1406
2022-06-18 07:00:00,2022-06-18 08:00:00,13.31,8.52,11.47,44.4264,26.1406
2022-06-18 08:00:00,2022-06-18 09:00:00,16.25,10.27,9.59,44.4264,26.1406
2022-06-18 09:00:00,2022-06-18 10:00:00,14.11,9.21,7.53,44.4264,26.1406
2022-06-18 10:00:00,2022-06-18 11:00:00,12.49,6.51,5.6,44.4264,26.1406
2022-06-18 11:00:00,2022-06-18 12:00:00,12.49,5.18,4.83,44.4264,26.1406
2022-06-18 12:00:00,2022-06-18 13:00:00,13.32,6.52,5.38,44.4264,26.1406
2022-06-18 14:00:00,2022-06-18 15:00:00,11.95,7.29,4.51,44.4264,26.1406
2022-06-18 15:00:00,2022-06-18 16:00:00,9.46,5.17,3.9,44.4264,26.1406
2022-06-18 16:00:00,2022-06-18 17:00:00,10.93,6.43,9.27,44.4264,26.1406
2022-06-18 17:00:00,2022-06-18 18:00:00,16.27,10.28,6.42,44.4264,26.1406
2022-06-18 18:00:00,2022-06-18 19:00:00,15.4,10.52,5.6,44.4264,26.1406
2022-06-18 19:00:00,2022-06-18 20:00:00,13.5,8.68,8.15,44.4264,26.1406
2022-06-18 20:00:00,2022-06-18 21:00:00,16.69,11.32,10.41,44.4264,26.1406
2022-06-18 21:00:00,2022-06-18 22:00:00,15.65,9.26,15.13,44.4264,26.1406
2022-06-18 22:00:00,2022-06-18 23:00:00,19.64,13.3,16.11,44.4264,26.1406
2022-06-18 23:00:00,2022-06-19 00:00:00,15.02,10.69,9.81,44.4264,26.1406
2022-06-19 00:00:00,2022-06-19 01:00:00,10.71,7.19,12.35,44.4264,26.1406
2022-06-19 01:00:00,2022-06-19 02:00:00,13.87,8.72,11.21,44.4264,26.1406
2022-06-19 02:00:00,2022-06-19 03:00:00,16.05,10.13,9.67,44.4264,26.1406
2022-06-19 03:00:00,2022-06-19 04:00:00,17.52,11.29,9.88,44.4264,26.1406
2022-06-19 04:00:00,2022-06-19 05:00:00,16.33,10.79,11.12,44.4264,26.1406
2022-06-19 05:00:00,2022-06-19 06:00:00,17.85,12.07,10.37,44.4264,26.1406
2022-06-19 06:00:00,2022-06-19 07:00:00,17.36,10.74,9.76,44.4264,26.1406
2022-06-19 07:00:00,2022-06-19 08:00:00,16.33,9.66,8.66,44.4264,26.1406
2022-06-19 08:00:00,2022-06-19 09:00:00,14.72,9.53,8.19,44.4264,26.1406
2022-06-19 09:00:00,2022-06-19 10:00:00,11.09,7.59,5.62,44.4264,26.1406
2022-06-19 10:00:00,2022-06-19 11:00:00,11.59,7.97,3.99,44.4264,26.1406
2022-06-19 11:00:00,2022-06-19 12:00:00,7.37,2.92,3.48,44.4264,26.1406
2022-06-19 12:00:00,2022-06-19 13:00:00,10.95,8.42,3.53,44.4264,26.1406
2022-06-19 13:00:00,2022-06-19 14:00:00,12.41,9.76,3.54,44.4264,26.1406
2022-06-19 15:00:00,2022-06-19 16:00:00,11.29,7.47,4.73,44.4264,26.1406
2022-06-19 16:00:00,2022-06-19 17:00:00,9.52,5.09,4.63,44.4264,26.1406
2022-06-19 17:00:00,2022-06-19 18:00:00,12.24,8.43,5.19,44.4264,26.1406
2022-06-19 18:00:00,2022-06-19 19:00:00,10.93,7.58,11.18,44.4264,26.1406
2022-06-19 19:00:00,2022-06-19 20:00:00,14.59,9.59,15.03,44.4264,26.1406
2022-06-19 20:00:00,2022-06-19 21:00:00,14.77,8.65,27.52,44.4264,26.1406
2022-06-19 21:00:00,2022-06-19 22:00:00,17.45,9.18,23.66,44.4264,26.1406
2022-06-19 22:00:00,2022-06-19 23:00:00,16.34,8.2,35.6,44.4264,26.1406
2022-06-19 23:00:00,2022-06-20 00:00:00,19.07,10.73,27.36,44.4264,26.1406
2022-06-20 00:00:00,2022-06-20 01:00:00,17.36,8.86,32.48,44.4264,26.1406
2022-06-20 01:00:00,2022-06-20 02:00:00,23.87,15.47,31.46,44.4264,26.1406
2022-06-20 02:00:00,2022-06-20 03:00:00,21.41,14.47,14.66,44.4264,26.1406
2022-06-20 03:00:00,2022-06-20 04:00:00,17.08,11.11,15.11,44.4264,26.1406
2022-06-20 04:00:00,2022-06-20 05:00:00,19.87,12.35,28.53,44.4264,26.1406
2022-06-20 05:00:00,2022-06-20 06:00:00,28.21,17.7,37.45,44.4264,26.1406
2022-06-20 06:00:00,2022-06-20 07:00:00,31.76,16.84,36.75,44.4264,26.1406
2022-06-20 07:00:00,2022-06-20 08:00:00,33.98,16.47,32.44,44.4264,26.1406
2022-06-20 08:00:00,2022-06-20 09:00:00,26.77,12.83,21.31,44.4264,26.1406
2022-06-20 09:00:00,2022-06-20 10:00:00,27.6,11.98,16.33,44.4264,26.1406
2022-06-20 10:00:00,2022-06-20 11:00:00,26.58,8.95,12.89,44.4264,26.1406
2022-06-20 11:00:00,2022-06-20 12:00:00,21.27,8.31,8.75,44.4264,26.1406
2022-06-20 12:00:00,2022-06-20 13:00:00,20.94,11.0,8.52,44.4264,26.1406
2022-06-20 13:00:00,2022-06-20 14:00:00,12.32,3.43,5.16,44.4264,26.1406
2022-06-20 14:00:00,2022-06-20 15:00:00,16.8,8.91,5.32,44.4264,26.1406
2022-06-20 16:00:00,2022-06-20 17:00:00,18.9,10.83,13.74,44.4264,26.1406
2022-06-20 17:00:00,2022-06-20 18:00:00,19.59,10.0,14.43,44.4264,26.1406
2022-06-20 18:00:00,2022-06-20 19:00:00,20.21,10.16,13.28,44.4264,26.1406
2022-06-20 19:00:00,2022-06-20 20:00:00,21.34,9.84,16.65,44.4264,26.1406
2022-06-20 20:00:00,2022-06-20 21:00:00,26.15,12.76,23.27,44.4264,26.1406
2022-06-20 21:00:00,2022-06-20 22:00:00,21.09,9.29,29.96,44.4264,26.1406
2022-06-20 22:00:00,2022-06-20 23:00:00,19.8,10.22,15.96,44.4264,26.1406
2022-06-20 23:00:00,2022-06-21 00:00:00,19.35,10.73,12.79,44.4264,26.1406
2022-06-21 00:00:00,2022-06-21 01:00:00,16.93,7.48,11.46,44.4264,26.1406
2022-06-21 01:00:00,2022-06-21 02:00:00,15.81,7.73,10.07,44.4264,26.1406
2022-06-21 02:00:00,2022-06-21 03:00:00,14.77,7.83,8.84,44.4264,26.1406
2022-06-21 03:00:00,2022-06-21 04:00:00,11.36,6.01,8.62,44.4264,26.1406
2022-06-21 04:00:00,2022-06-21 05:00:00,14.54,9.95,12.22,44.4264,26.1406
2022-06-21 05:00:00,2022-06-21 06:00:00,20.14,12.08,21.56,44.4264,26.1406
2022-06-21 06:00:00,2022-06-21 07:00:00,25.18,12.89,21.17,44.4264,26.1406
2022-06-21 07:00:00,2022-06-21 08:00:00,34.43,18.11,22.37,44.4264,26.1406
2022-06-21 08:00:00,2022-06-21 09:00:00,38.83,20.28,15.4,44.4264,26.1406
2022-06-21 09:00:00,2022-06-21 10:00:00,33.32,18.46,9.07,44.4264,26.1406
2022-06-21 10:00:00,2022-06-21 11:00:00,32.92,20.67,5.94,44.4264,26.1406
2022-06-21 11:00:00,2022-06-21 12:00:00,23.64,12.69,4.45,44.4264,26.1406
2022-06-21 12:00:00,2022-06-21 13:00:00,22.31,14.81,4.47,44.4264,26.1406
2022-06-21 13:00:00,2022-06-21 14:00:00,21.17,12.07,4.77,44.4264,26.1406
2022-06-21 14:00:00,2022-06-21 15:00:00,23.33,12.85,3.58,44.4264,26.1406
2022-06-21 15:00:00,2022-06-21 16:00:00,21.9,12.89,9.6,44.4264,26.1406
2022-06-21 17:00:00,2022-06-21 18:00:00,29.92,9.7,5.97,44.4264,26.1406
2022-06-21 18:00:00,2022-06-21 19:00:00,30.24,10.66,4.49,44.4264,26.1406
2022-06-21 19:00:00,2022-06-21 20:00:00,40.95,9.69,5.21,44.4264,26.1406
2022-06-21 20:00:00,2022-06-21 21:00:00,24.15,7.43,5.48,44.4264,26.1406
2022-06-21 21:00:00,2022-06-21 22:00:00,17.19,6.22,7.72,44.4264,26.1406
2022-06-21 22:00:00,2022-06-21 23:00:00,20.68,9.4,8.16,44.4264,26.1406
2022-06-21 23:00:00,2022-06-22 00:00:00,17.64,5.91,7.72,44.4264,26.1406
2022-06-22 00:00:00,2022-06-22 01:00:00,19.0,7.85,7.24,44.4264,26.1406
2022-06-22 01:00:00,2022-06-22 02:00:00,15.14,5.69,7.26,44.4264,26.1406
2022-06-22 02:00:00,2022-06-22 03:00:00,13.39,5.43,9.97,44.4264,26.1406
2022-06-22 03:00:00,2022-06-22 04:00:00,14.93,7.12,8.39,44.4264,26.1406
2022-06-22 04:00:00,2022-06-22 05:00:00,13.45,5.34,17.0,44.4264,26.1406
2022-06-22 05:00:00,2022-06-22 06:00:00,18.7,8.98,24.68,44.4264,26.1406
2022-06-22 06:00:00,2022-06-22 07:00:00,19.44,7.87,21.3,44.4264,26.1406
2022-06-22 07:00:00,2022-06-22 08:00:00,21.18,9.2,15.67,44.4264,26.1406
2022-06-22 08:00:00,2022-06-22 09:00:00,18.36,5.17,20.18,44.4264,26.1406
2022-06-22 09:00:00,2022-06-22 10:00:00,22.69,7.89,13.53,44.4264,26.1406
2022-06-22 10:00:00,2022-06-22 11:00:00,22.17,8.69,5.77,44.4264,26.1406
2022-06-22 11:00:00,2022-06-22 12:00:00,20.26,7.54,4.23,44.4264,26.1406
2022-06-22 12:00:00,2022-06-22 13:00:00,21.15,10.2,4.1,44.4264,26.1406
2022-06-22 13:00:00,2022-06-22 14:00:00,15.45,5.8,3.84,44.4264,26.1406
2022-06-22 14:00:00,2022-06-22 15:00:00,17.89,9.08,3.95,44.4264,26.1406
2022-06-22 15:00:00,2022-06-22 16:00:00,16.81,8.32,4.48,44.4264,26.1406
2022-06-22 16:00:00,2022-06-22 17:00:00,13.97,5.05,4.69,44.4264,26.1406
2022-06-22 18:00:00,2022-06-22 19:00:00,15.85,8.05,9.27,44.4264,26.1406
2022-06-22 19:00:00,2022-06-22 20:00:00,16.98,8.75,13.63,44.4264,26.1406
2022-06-22 20:00:00,2022-06-22 21:00:00,13.94,6.28,24.59,44.4264,26.1406
2022-06-22 21:00:00,2022-06-22 22:00:00,18.85,8.09,27.95,44.4264,26.1406
2022-06-22 22:00:00,2022-06-22 23:00:00,25.48,13.38,22.74,44.4264,26.1406
2022-06-22 23:00:00,2022-06-23 00:00:00,17.87,8.61,19.81,44.4264,26.1406
2022-06-23 00:00:00,2022-06-23 01:00:00,18.48,10.77,25.95,44.4264,26.1406
2022-06-23 01:00:00,2022-06-23 02:00:00,21.27,11.92,29.54,44.4264,26.1406
2022-06-23 02:00:00,2022-06-23 03:00:00,20.22,12.01,22.02,44.4264,26.1406
2022-06-23 03:00:00,2022-06-23 04:00:00,19.53,11.73,29.62,44.4264,26.1406
2022-06-23 04:00:00,2022-06-23 05:00:00,23.33,14.99,20.03,44.4264,26.1406
2022-06-23 05:00:00,2022-06-23 06:00:00,23.57,13.5,15.01,44.4264,26.1406
2022-06-23 06:00:00,2022-06-23 07:00:00,28.12,15.9,22.07,44.4264,26.1406
2022-06-23 07:00:00,2022-06-23 08:00:00,30.83,16.86,20.48,44.4264,26.1406
2022-06-23 08:00:00,2022-06-23 09:00:00,28.34,13.75,14.79,44.4264,26.1406
2022-06-23 09:00:00,2022-06-23 10:00:00,19.98,6.04,7.96,44.4264,26.1406
2022-06-23 10:00:00,2022-06-23 11:00:00,15.28,7.55,6.47,44.4264,26.1406
2022-06-23 11:00:00,2022-06-23 12:00:00,20.27,10.6,5.05,44.4264,26.1406
2022-06-23 12:00:00,2022-06-23 13:00:00,19.51,9.92,4.41,44.4264,26.1406
2022-06-23 13:00:00,2022-06-23 14:00:00,16.23,7.01,4.36,44.4264,26.1406
2022-06-23 14:00:00,2022-06-23 15:00:00,17.48,8.99,4.07,44.4264,26.1406
2022-06-23 15:00:00,2022-06-23 16:00:00,14.28,6.09,3.87,44.4264,26.1406
2022-06-23 16:00:00,2022-06-23 17:00:00,10.89,2.74,3.8,44.4264,26.1406
2022-06-23 17:00:00,2022-06-23 18:00:00,14.21,7.32,3.84,44.4264,26.1406
2022-06-23 19:00:00,2022-06-23 20:00:00,15.43,8.15,10.55,44.4264,26.1406
2022-06-23 20:00:00,2022-06-23 21:00:00,22.66,12.26,26.28,44.4264,26.1406
2022-06-23 21:00:00,2022-06-23 22:00:00,31.14,13.57,45.68,44.4264,26.1406
2022-06-23 22:00:00,2022-06-23 23:00:00,32.76,14.43,32.94,44.4264,26.1406
2022-06-23 23:00:00,2022-06-24 00:00:00,25.74,10.89,22.82,44.4264,26.1406
2022-06-24 00:00:00,2022-06-24 01:00:00,20.56,8.81,25.31,44.4264,26.1406
2022-06-24 01:00:00,2022-06-24 02:00:00,23.34,9.81,23.71,44.4264,26.1406
2022-06-24 02:00:00,2022-06-24 03:00:00,17.69,5.88,22.64,44.4264,26.1406
2022-06-24 03:00:00,2022-06-24 04:00:00,17.23,6.6,25.98,44.4264,26.1406
2022-06-24 05:00:00,2022-06-24 06:00:00,5.18,0.76,31.1,44.4264,26.1406
2022-06-24 06:00:00,2022-06-24 07:00:00,18.99,7.64,16.61,44.4264,26.1406
2022-06-24 07:00:00,2022-06-24 08:00:00,19.2,9.02,11.63,44.4264,26.1406
2022-06-24 08:00:00,2022-06-24 09:00:00,18.02,8.02,9.76,44.4264,26.1406
2022-06-24 09:00:00,2022-06-24 10:00:00,16.67,6.83,6.26,44.4264,26.1406
2022-06-24 10:00:00,2022-06-24 11:00:00,16.67,7.24,4.49,44.4264,26.1406
2022-06-24 11:00:00,2022-06-24 12:00:00,14.78,6.87,3.82,44.4264,26.1406
2022-06-24 12:00:00,2022-06-24 13:00:00,11.55,5.3,4.1,44.4264,26.1406
2022-06-24 13:00:00,2022-06-24 14:00:00,12.58,6.7,4.0,44.4264,26.1406
2022-06-24 14:00:00,2022-06-24 15:00:00,14.29,7.79,4.0,44.4264,26.1406
2022-06-24 15:00:00,2022-06-24 16:00:00,12.64,5.54,3.69,44.4264,26.1406
2022-06-24 16:00:00,2022-06-24 17:00:00,13.41,7.35,3.43,44.4264,26.1406
2022-06-24 17:00:00,2022-06-24 18:00:00,13.25,7.55,3.51,44.4264,26.1406
2022-06-24 18:00:00,2022-06-24 19:00:00,12.26,6.57,3.98,44.4264,26.1406
2022-06-24 20:00:00,2022-06-24 21:00:00,16.09,10.18,26.37,44.4264,26.1406
2022-06-24 21:00:00,2022-06-24 22:00:00,22.73,9.69,21.95,44.4264,26.1406
2022-06-24 22:00:00,2022-06-24 23:00:00,30.52,10.92,37.94,44.4264,26.1406
2022-06-24 23:00:00,2022-06-25 00:00:00,34.75,15.66,40.43,44.4264,26.1406
2022-06-25 00:00:00,2022-06-25 01:00:00,31.08,13.4,28.12,44.4264,26.1406
2022-06-25 01:00:00,2022-06-25 02:00:00,26.29,11.66,27.58,44.4264,26.1406
2022-06-25 02:00:00,2022-06-25 03:00:00,22.22,8.92,16.98,44.4264,26.1406
2022-06-25 03:00:00,2022-06-25 04:00:00,15.59,6.75,9.26,44.4264,26.1406
2022-06-25 04:00:00,2022-06-25 05:00:00,15.98,7.86,14.8,44.4264,26.1406
2022-06-25 05:00:00,2022-06-25 06:00:00,17.27,8.28,18.43,44.4264,26.1406
2022-06-25 06:00:00,2022-06-25 07:00:00,18.26,9.21,20.64,44.4264,26.1406
2022-06-25 07:00:00,2022-06-25 08:00:00,18.62,9.42,16.42,44.4264,26.1406
2022-06-25 08:00:00,2022-06-25 09:00:00,20.56,11.14,13.29,44.4264,26.1406
2022-06-25 09:00:00,2022-06-25 10:00:00,17.08,8.59,8.79,44.4264,26.1406
2022-06-25 10:00:00,2022-06-25 11:00:00,15.85,7.69,6.83,44.4264,26.1406
2022-06-25 11:00:00,2022-06-25 12:00:00,16.97,8.97,5.08,44.4264,26.1406
2022-06-25 12:00:00,2022-06-25 13:00:00,17.28,10.26,4.61,44.4264,26.1406
2022-06-25 13:00:00,2022-06-25 14:00:00,14.22,6.68,4.31,44.4264,26.1406
2022-06-25 14:00:00,2022-06-25 15:00:00,16.2,9.59,3.91,44.4264,26.1406
2022-06-25 15:00:00,2022-06-25 16:00:00,13.73,8.03,5.95,44.4264,26.1406
2022-06-25 16:00:00,2022-06-25 17:00:00,17.48,9.71,8.11,44.4264,26.1406
2022-06-25 17:00:00,2022-06-25 18:00:00,19.56,10.18,10.16,44.4264,26.1406
2022-06-25 18:00:00,2022-06-25 19:00:00,22.28,11.3,13.25,44.4264,26.1406
2022-06-25 19:00:00,2022-06-25 20:00:00,21.51,8.65,15.58,44.4264,26.1406
2022-06-25 21:00:00,2022-06-25 22:00:00,23.6,8.77,26.23,44.4264,26.1406
2022-06-25 22:00:00,2022-06-25 23:00:00,29.84,12.63,38.02,44.4264,26.1406
2022-06-25 23:00:00,2022-06-26 00:00:00,27.33,10.03,17.98,44.4264,26.1406
2022-06-26 00:00:00,2022-06-26 01:00:00,26.55,10.4,22.43,44.4264,26.1406
2022-06-26 01:00:00,2022-06-26 02:00:00,27.84,14.33,18.65,44.4264,26.1406
2022-06-26 02:00:00,2022-06-26 03:00:00,28.1,14.58,14.22,44.4264,26.1406
2022-06-26 03:00:00,2022-06-26 04:00:00,22.94,12.12,11.3,44.4264,26.1406
2022-06-26 04:00:00,2022-06-26 05:00:00,21.37,10.38,11.51,44.4264,26.1406
2022-06-26 05:00:00,2022-06-26 06:00:00,20.91,10.1,18.04,44.4264,26.1406
2022-06-26 06:00:00,2022-06-26 07:00:00,23.68,13.38,16.92,44.4264,26.1406
2022-06-26 07:00:00,2022-06-26 08:00:00,22.05,12.97,12.09,44.4264,26.1406
2022-06-26 08:00:00,2022-06-26 09:00:00,20.41,11.04,9.79,44.4264,26.1406
2022-06-26 09:00:00,2022-06-26 10:00:00,20.41,10.04,10.21,44.4264,26.1406
2022-06-26 10:00:00,2022-06-26 11:00:00,22.42,11.51,9.57,44.4264,26.1406
2022-06-26 11:00:00,2022-06-26 12:00:00,22.01,11.2,5.63,44.4264,26.1406
2022-06-26 12:00:00,2022-06-26 13:00:00,22.1,12.97,5.47,44.4264,26.1406
2022-06-26 13:00:00,2022-06-26 14:00:00,19.39,10.61,5.16,44.4264,26.1406
2022-06-26 14:00:00,2022-06-26 15:00:00,19.24,11.63,5.45,44.4264,26.1406
2022-06-26 15:00:00,2022-06-26 16:00:00,14.04,8.83,5.7,44.4264,26.1406
2022-06-26 16:00:00,2022-06-26 17:00:00,8.23,5.64,5.72,44.4264,26.1406
2022-06-26 17:00:00,2022-06-26 18:00:00,8.52,5.21,7.17,44.4264,26.1406
2022-06-26 18:00:00,2022-06-26 19:00:00,10.95,8.06,5.21,44.4264,26.1406
2022-06-26 19:00:00,2022-06-26 20:00:00,12.41,10.52,5.28,44.4264,26.1406
2022-06-26 20:00:00,2022-06-26 21:00:00,11.04,7.32,8.42,44.4264,26.1406
2022-06-26 22:00:00,2022-06-26 23:00:00,11.24,8.28,16.69,44.4264,26.1406
2022-06-26 23:00:00,2022-06-27 00:00:00,13.23,9.85,18.28,44.4264,26.1406
2022-06-27 00:00:00,2022-06-27 01:00:00,10.94,7.35,17.89,44.4264,26.1406
2022-06-27 01:00:00,2022-06-27 02:00:00,11.81,7.3,18.36,44.4264,26.1406
2022-06-27 02:00:00,2022-06-27 03:00:00,11.59,7.39,13.24,44.4264,26.1406
2022-06-27 03:00:00,2022-06-27 04:00:00,13.13,8.37,13.28,44.4264,26.1406
2022-06-27 04:00:00,2022-06-27 05:00:00,14.75,8.75,12.23,44.4264,26.1406
2022-06-27 05:00:00,2022-06-27 06:00:00,14.02,6.05,15.46,44.4264,26.1406
2022-06-27 06:00:00,2022-06-27 07:00:00,18.63,9.49,16.71,44.4264,26.1406
2022-06-27 07:00:00,2022-06-27 08:00:00,20.44,11.79,13.56,44.4264,26.1406
2022-06-27 08:00:00,2022-06-27 09:00:00,18.82,11.2,9.48,44.4264,26.1406
2022-06-27 09:00:00,2022-06-27 10:00:00,15.46,8.5,6.23,44.4264,26.1406
2022-06-27 10:00:00,2022-06-27 11:00:00,13.29,7.02,4.68,44.4264,26.1406
2022-06-27 11:00:00,2022-06-27 12:00:00,11.57,5.67,3.92,44.4264,26.1406
2022-06-27 12:00:00,2022-06-27 13:00:00,9.74,4.31,3.69,44.4264,26.1406
2022-06-27 13:00:00,2022-06-27 14:00:00,9.36,5.32,3.45,44.4264,26.1406
2022-06-27 14:00:00,2022-06-27 15:00:00,12.15,7.14,3.35,44.4264,26.1406
2022-06-27 15:00:00,2022-06-27 16:00:00,9.06,3.78,3.78,44.4264,26.1406
2022-06-27 16:00:00,2022-06-27 17:00:00,14.33,8.54,3.68,44.4264,26.1406
2022-06-27 17:00:00,2022-06-27 18:00:00,16.1,7.87,16.35,44.4264,26.1406
2022-06-27 18:00:00,2022-06-27 19:00:00,18.49,8.85,13.64,44.4264,26.1406
2022-06-27 19:00:00,2022-06-27 20:00:00,10.99,6.0,14.9,44.4264,26.1406
2022-06-27 20:00:00,2022-06-27 21:00:00,16.5,10.28,9.23,44.4264,26.1406
2022-06-27 21:00:00,2022-06-27 22:00:00,13.54,8.33,13.61,44.4264,26.1406
2022-06-27 23:00:00,2022-06-28 00:00:00,14.15,9.2,13.15,44.4264,26.1406
2022-06-28 00:00:00,2022-06-28 01:00:00,16.76,11.73,10.04,44.4264,26.1406
2022-06-28 01:00:00,2022-06-28 02:00:00,12.95,8.38,7.31,44.4264,26.1406
2022-06-28 02:00:00,2022-06-28 03:00:00,11.44,7.09,8.56,44.4264,26.1406
2022-06-28 03:00:00,2022-06-28 04:00:00,12.25,8.02,8.54,44.4264,26.1406
2022-06-28 04:00:00,2022-06-28 05:00:00,16.81,11.26,10.96,44.4264,26.1406
2022-06-28 05:00:00,2022-06-28 06:00:00,17.29,11.1,14.45,44.4264,26.1406
2022-06-28 06:00:00,2022-06-28 07:00:00,19.07,11.87,19.91,44.4264,26.1406
2022-06-28 07:00:00,2022-06-28 08:00:00,22.49,12.71,22.91,44.4264,26.1406
2022-06-28 08:00:00,2022-06-28 09:00:00,28.52,12.88,19.97,44.4264,26.1406
2022-06-28 09:00:00,2022-06-28 10:00:00,24.97,12.45,15.19,44.4264,26.1406
2022-06-28 10:00:00,2022-06-28 11:00:00,26.48,13.71,29.67,44.4264,26.1406
2022-06-28 11:00:00,2022-06-28 12:00:00,26.92,12.99,22.45,44.4264,26.1406
2022-06-28 12:00:00,2022-06-28 13:00:00,24.07,13.6,32.33,44.4264,26.1406
2022-06-28 13:00:00,2022-06-28 14:00:00,26.28,15.94,19.3,44.4264,26.1406
2022-06-28 14:00:00,2022-06-28 15:00:00,22.68,14.83,11.88,44.4264,26.1406
2022-06-28 15:00:00,2022-06-28 16:00:00,15.7,8.99,6.15,44.4264,26.1406
2022-06-28 16:00:00,2022-06-28 17:00:00,14.24,8.96,3.9,44.4264,26.1406
2022-06-28 17:00:00,2022-06-28 18:00:00,13.11,7.67,3.9,44.4264,26.1406
2022-06-28 18:00:00,2022-06-28 19:00:00,12.5,7.81,4.83,44.4264,26.1406
2022-06-28 19:00:00,2022-06-28 20:00:00,12.97,7.1,6.25,44.4264,26.1406
2022-06-28 20:00:00,2022-06-28 21:00:00,18.92,12.17,10.5,44.4264,26.1406
2022-06-28 21:00:00,2022-06-28 22:00:00,18.3,9.6,9.71,44.4264,26.1406
2022-06-28 22:00:00,2022-06-28 23:00:00,22.57,12.57,8.96,44.4264,26.1406
2022-06-29 00:00:00,2022-06-29 01:00:00,18.71,13.69,9.53,44.4264,26.1406
2022-06-29 01:00:00,2022-06-29 02:00:00,16.28,11.81,9.32,44.4264,26.1406
2022-06-29 02:00:00,2022-06-29 03:00:00,16.96,11.25,14.48,44.4264,26.1406
2022-06-29 03:00:00,2022-06-29 04:00:00,19.58,12.8,16.72,44.4264,26.1406
2022-06-29 04:00:00,2022-06-29 05:00:00,21.09,13.24,14.99,44.4264,26.1406
2022-06-29 05:00:00,2022-06-29 06:00:00,22.08,14.01,17.58,44.4264,26.1406
2022-06-29 06:00:00,2022-06-29 07:00:00,23.73,14.77,22.2,44.4264,26.1406
2022-06-29 07:00:00,2022-06-29 08:00:00,25.65,15.1,23.77,44.4264,26.1406
2022-06-29 08:00:00,2022-06-29 09:00:00,26.96,13.42,21.64,44.4264,26.1406
2022-06-29 09:00:00,2022-06-29 10:00:00,27.91,14.47,14.68,44.4264,26.1406
2022-06-29 10:00:00,2022-06-29 11:00:00,24.46,11.13,8.74,44.4264,26.1406
2022-06-29 11:00:00,2022-06-29 12:00:00,24.38,11.9,6.6,44.4264,26.1406
2022-06-29 12:00:00,2022-06-29 13:00:00,20.42,8.38,4.9,44.4264,26.1406
2022-06-29 13:00:00,2022-06-29 14:00:00,22.4,10.23,6.07,44.4264,26.1406
2022-06-29 14:00:00,2022-06-29 15:00:00,20.63,9.34,6.11,44.4264,26.1406
2022-06-29 15:00:00,2022-06-29 16:00:00,19.02,8.95,5.11,44.4264,26.1406
2022-06-29 16:00:00,2022-06-29 17:00:00,22.45,13.02,6.33,44.4264,26.1406
2022-06-29 17:00:00,2022-06-29 18:00:00,34.96,13.66,13.17,44.4264,26.1406
2022-06-29 18:00:00,2022-06-29 19:00:00,23.98,11.6,14.4,44.4264,26.1406
2022-06-29 19:00:00,2022-06-29 20:00:00,22.3,12.77,31.83,44.4264,26.1406
2022-06-29 20:00:00,2022-06-29 21:00:00,20.71,10.93,42.26,44.4264,26.1406
2022-06-29 21:00:00,2022-06-29 22:00:00,29.58,15.14,54.17,44.4264,26.1406
2022-06-29 22:00:00,2022-06-29 23:00:00,36.76,20.02,63.12,44.4264,26.1406
2022-06-29 23:00:00,2022-06-30 00:00:00,33.65,18.74,58.85,44.4264,26.1406
2022-06-30 01:00:00,2022-06-30 02:00:00,32.88,20.23,44.6,44.4264,26.1406
2022-06-30 02:00:00,2022-06-30 03:00:00,32.26,19.98,38.87,44.4264,26.1406
2022-06-30 03:00:00,2022-06-30 04:00:00,32.79,23.17,30.8,44.4264,26.1406
2022-06-30 04:00:00,2022-06-30 05:00:00,29.84,21.2,31.27,44.4264,26.1406
2022-06-30 05:00:00,2022-06-30 06:00:00,31.03,20.99,27.63,44.4264,26.1406
2022-06-30 06:00:00,2022-06-30 07:00:00,30.54,20.02,29.74,44.4264,26.1406
2022-06-30 07:00:00,2022-06-30 08:00:00,30.94,19.42,35.19,44.4264,26.1406
2022-06-30 08:00:00,2022-06-30 09:00:00,32.8,19.73,30.3,44.4264,26.1406
2022-06-30 09:00:00,2022-06-30 10:00:00,30.17,16.9,23.27,44.4264,26.1406
2022-06-30 10:00:00,2022-06-30 11:00:00,30.08,14.82,20.5,44.4264,26.1406
2022-06-30 11:00:00,2022-06-30 12:00:00,28.29,11.7,16.15,44.4264,26.1406
2022-06-30 12:00:00,2022-06-30 13:00:00,25.02,12.36,14.25,44.4264,26.1406
2022-06-30 13:00:00,2022-06-30 14:00:00,26.66,15.13,16.33,44.4264,26.1406
2022-06-30 14:00:00,2022-06-30 15:00:00,19.84,10.7,12.97,44.4264,26.1406
2022-06-30 15:00:00,2022-06-30 16:00:00,21.51,10.7,7.25,44.4264,26.1406
2022-06-30 16:00:00,2022-06-30 17:00:00,23.44,11.34,13.55,44.4264,26.1406
2022-06-30 17:00:00,2022-06-30 18:00:00,21.96,9.48,12.07,44.4264,26.1406
2022-06-30 18:00:00,2022-06-30 19:00:00,18.47,7.66,13.7,44.4264,26.1406
2022-06-30 19:00:00,2022-06-30 20:00:00,26.74,10.1,14.89,44.4264,26.1406
2022-06-30 20:00:00,2022-06-30 21:00:00,88.74,17.4,9.8,44.4264,26.1406
2022-06-30 21:00:00,2022-06-30 22:00:00,62.78,15.19,14.46,44.4264,26.1406
2022-06-30 22:00:00,2022-06-30 23:00:00,38.14,10.96,14.06,44.4264,26.1406
2022-06-30 23:00:00,2022-07-01 00:00:00,32.73,9.26,10.85,44.4264,26.1406
2022-07-01 00:00:00,2022-07-01 01:00:00,26.45,7.17,10.42,44.4264,26.1406
2022-07-01 02:00:00,2022-07-01 03:00:00,22.45,12.03,8.57,44.4264,26.1406
2022-07-01 03:00:00,2022-07-01 04:00:00,21.56,11.59,8.42,44.4264,26.1406
2022-07-01 04:00:00,2022-07-01 05:00:00,20.38,10.17,11.89,44.4264,26.1406
2022-07-01 05:00:00,2022-07-01 06:00:00,23.2,11.98,16.1,44.4264,26.1406
2022-07-01 06:00:00,2022-07-01 07:00:00,25.82,14.86,18.38,44.4264,26.1406
2022-07-01 07:00:00,2022-07-01 08:00:00,24.76,12.55,16.32,44.4264,26.1406
2022-07-01 08:00:00,2022-07-01 09:00:00,25.31,12.25,13.46,44.4264,26.1406
2022-07-01 09:00:00,2022-07-01 10:00:00,23.32,10.72,11.44,44.4264,26.1406
2022-07-01 10:00:00,2022-07-01 11:00:00,30.0,12.69,13.93,44.4264,26.1406
2022-07-01 11:00:00,2022-07-01 12:00:00,25.77,10.74,12.11,44.4264,26.1406
2022-07-01 12:00:00,2022-07-01 13:00:00,26.26,11.7,12.2,44.4264,26.1406
2022-07-01 13:00:00,2022-07-01 14:00:00,24.42,9.82,12.23,44.4264,26.1406
2022-07-01 14:00:00,2022-07-01 15:00:00,24.09,9.36,10.26,44.4264,26.1406
2022-07-01 15:00:00,2022-07-01 16:00:00,29.59,14.65,12.93,44.4264,26.1406
2022-07-01 16:00:00,2022-07-01 17:00:00,28.73,13.25,5.99,44.4264,26.1406
2022-07-01 17:00:00,2022-07-01 18:00:00,28.82,14.29,7.0,44.4264,26.1406
2022-07-01 18:00:00,2022-07-01 19:00:00,25.02,11.28,8.79,44.4264,26.1406
2022-07-01 19:00:00,2022-07-01 20:00:00,26.79,12.32,16.37,44.4264,26.1406
2022-07-01 20:00:00,2022-07-01 21:00:00,29.78,14.26,19.91,44.4264,26.1406
2022-07-01 21:00:00,2022-07-01 22:00:00,23.87,10.46,22.68,44.4264,26.1406
2022-07-01 22:00:00,2022-07-01 23:00:00,29.58,15.51,31.71,44.4264,26.1406
2022-07-01 23:00:00,2022-07-02 00:00:00,32.89,16.32,14.02,44.4264,26.1406
2022-07-02 00:00:00,2022-07-02 01:00:00,30.4,16.43,10.93,44.4264,26.1406
2022-07-02 01:00:00,2022-07-02 02:00:00,25.73,11.38,12.26,44.4264,26.1406
2022-07-02 03:00:00,2022-07-02 04:00:00,21.66,12.28,13.82,44.4264,26.1406
2022-07-02 04:00:00,2022-07-02 05:00:00,20.83,12.03,18.25,44.4264,26.1406
2022-07-02 05:00:00,2022-07-02 06:00:00,22.39,13.93,17.41,44.4264,26.1406
2022-07-02 06:00:00,2022-07-02 07:00:00,20.2,10.53,14.65,44.4264,26.1406
2022-07-02 07:00:00,2022-07-02 08:00:00,22.25,12.57,16.2,44.4264,26.1406
2022-07-02 08:00:00,2022-07-02 09:00:00,22.19,12.36,16.29,44.4264,26.1406
2022-07-02 09:00:00,2022-07-02 10:00:00,22.4,12.02,15.69,44.4264,26.1406
2022-07-02 10:00:00,2022-07-02 11:00:00,21.94,12.5,12.3,44.4264,26.1406
2022-07-02 11:00:00,2022-07-02 12:00:00,22.02,11.44,8.74,44.4264,26.1406
2022-07-02 12:00:00,2022-07-02 13:00:00,23.26,12.73,6.4,44.4264,26.1406
2022-07-02 13:00:00,2022-07-02 14:00:00,23.8,13.15,5.98,44.4264,26.1406
2022-07-02 14:00:00,2022-07-02 15:00:00,26.68,14.6,7.97,44.4264,26.1406
2022-07-02 15:00:00,2022-07-02 16:00:00,26.4,14.24,7.47,44.4264,26.1406
2022-07-02 16:00:00,2022-07-02 17:00:00,23.53,10.26,8.41,44.4264,26.1406
2022-07-02 17:00:00,2022-07-02 18:00:00,25.51,12.01,12.69,44.4264,26.1406
2022-07-02 18:00:00,2022-07-02 19:00:00,27.32,11.11,18.38,44.4264,26.1406
2022-07-02 19:00:00,2022-07-02 20:00:00,31.09,11.91,18.75,44.4264,26.1406
2022-07-02 20:00:00,2022-07-02 21:00:00,30.25,12.84,11.91,44.4264,26.1406
2022-07-02 21:00:00,2022-07-02 22:00:00,25.1,11.71,4.88,44.4264,26.1406
2022-07-02 22:00:00,2022-07-02 23:00:00,18.73,12.01,14.14,44.4264,26.1406
2022-07-02 23:00:00,2022-07-03 00:00:00,22.51,14.28,12.2,44.4264,26.1406
2022-07-03 00:00:00,2022-07-03 01:00:00,22.9,12.88,12.04,44.4264,26.1406
2022-07-03 01:00:00,2022-07-03 02:00:00,21.28,12.67,9.58,44.4264,26.1406
2022-07-03 02:00:00,2022-07-03 03:00:00,22.85,16.44,8.68,44.4264,26.1406
2022-07-03 04:00:00,2022-07-03 05:00:00,21.47,14.24,17.98,44.4264,26.1406
2022-07-03 05:00:00,2022-07-03 06:00:00,23.98,14.65,28.6,44.4264,26.1406
2022-07-03 06:00:00,2022-07-03 07:00:00,23.81,14.07,14.69,44.4264,26.1406
2022-07-03 07:00:00,2022-07-03 08:00:00,20.01,11.69,13.14,44.4264,26.1406
2022-07-03 08:00:00,2022-07-03 09:00:00,20.35,12.14,13.78,44.4264,26.1406
2022-07-03 09:00:00,2022-07-03 10:00:00,22.42,13.63,13.64,44.4264,26.1406
2022-07-03 10:00:00,2022-07-03 11:00:00,25.85,12.78,10.62,44.4264,26.1406
2022-07-03 11:00:00,2022-07-03 12:00:00,27.2,10.66,15.3,44.4264,26.1406
2022-07-03 12:00:00,2022-07-03 13:00:00,30.96,11.45,9.12,44.4264,26.1406
2022-07-03 13:00:00,2022-07-03 14:00:00,23.01,11.34,9.3,44.4264,26.1406
2022-07-03 14:00:00,2022-07-03 15:00:00,22.57,15.12,8.83,44.4264,26.1406
2022-07-03 15:00:00,2022-07-03 16:00:00,19.04,12.48,8.56,44.4264,26.1406
2022-07-03 16:00:00,2022-07-03 17:00:00,20.58,12.57,7.16,44.4264,26.1406
2022-07-03 17:00:00,2022-07-03 18:00:00,21.38,12.47,9.16,44.4264,26.1406
2022-07-03 18:00:00,2022-07-03 19:00:00,20.23,11.39,8.72,44.4264,26.1406
2022-07-03 19:00:00,2022-07-03 20:00:00,22.19,12.75,14.3,44.4264,26.1406
2022-07-03 20:00:00,2022-07-03 21:00:00,25.4,13.68,28.06,44.4264,26.1406
2022-07-03 21:00:00,2022-07-03 22:00:00,26.87,12.85,28.88,44.4264,26.1406
2022-07-03 22:00:00,2022-07-03 23:00:00,26.46,11.85,10.68,44.4264,26.1406
2022-07-03 23:00:00,2022-07-04 00:00:00,18.99,8.43,8.28,44.4264,26.1406
2022-07-04 00:00:00,2022-07-04 01:00:00,15.96,7.86,6.51,44.4264,26.1406
2022-07-04 01:00:00,2022-07-04 02:00:00,15.76,8.8,5.9,44.4264,26.1406
2022-07-04 02:00:00,2022-07-04 03:00:00,15.94,9.28,7.28,44.4264,26.1406
2022-07-04 03:00:00,2022-07-04 04:00:00,14.79,7.9,9.07,44.4264,26.1406
2022-07-04 05:00:00,2022-07-04 06:00:00,19.87,11.29,36.32,44.4264,26.1406
2022-07-04 06:00:00,2022-07-04 07:00:00,26.85,13.9,49.88,44.4264,26.1406
2022-07-04 07:00:00,2022-07-04 08:00:00,27.1,12.33,39.21,44.4264,26.1406
2022-07-04 08:00:00,2022-07-04 09:00:00,23.76,10.05,23.8,44.4264,26.1406
2022-07-04 09:00:00,2022-07-04 10:00:00,22.89,7.61,18.34,44.4264,26.1406
2022-07-04 10:00:00,2022-07-04 11:00:00,33.43,12.38,12.51,44.4264,26.1406
2022-07-04 11:00:00,2022-07-04 12:00:00,29.4,10.22,11.25,44.4264,26.1406
2022-07-04 12:00:00,2022-07-04 13:00:00,27.74,11.17,10.34,44.4264,26.1406
2022-07-04 13:00:00,2022-07-04 14:00:00,28.22,12.02,6.62,44.4264,26.1406
2022-07-04 15:00:00,2022-07-04 16:00:00,24.45,8.18,8.96,44.4264,26.1406
2022-07-04 16:00:00,2022-07-04 17:00:00,28.49,11.7,8.42,44.4264,26.1406
2022-07-04 17:00:00,2022-07-04 18:00:00,32.57,13.33,5.85,44.4264,26.1406
2022-07-04 18:00:00,2022-07-04 19:00:00,25.05,12.05,7.53,44.4264,26.1406
2022-07-04 19:00:00,2022-07-04 20:00:00,19.24,11.76,16.18,44.4264,26.1406
2022-07-04 20:00:00,2022-07-04 21:00:00,22.25,12.98,17.21,44.4264,26.1406
2022-07-04 21:00:00,2022-07-04 22:00:00,28.9,15.0,14.46,44.4264,26.1406
2022-07-04 22:00:00,2022-07-04 23:00:00,36.63,22.22,30.97,44.4264,26.1406
2022-07-04 23:00:00,2022-07-05 00:00:00,33.05,18.68,23.88,44.4264,26.1406
2022-07-05 00:00:00,2022-07-05 01:00:00,31.85,16.56,17.42,44.4264,26.1406
2022-07-05 01:00:00,2022-07-05 02:00:00,23.85,11.1,13.81,44.4264,26.1406
2022-07-05 02:00:00,2022-07-05 03:00:00,21.55,10.9,17.18,44.4264,26.1406
2022-07-05 03:00:00,2022-07-05 04:00:00,20.76,11.83,18.71,44.4264,26.1406
2022-07-05 04:00:00,2022-07-05 05:00:00,20.77,10.43,21.53,44.4264,26.1406
2022-07-05 06:00:00,2022-07-05 07:00:00,34.29,21.23,34.65,44.4264,26.1406
2022-07-05 07:00:00,2022-07-05 08:00:00,39.47,21.01,49.2,44.4264,26.1406
2022-07-05 08:00:00,2022-07-05 09:00:00,41.31,16.47,39.07,44.4264,26.1406
2022-07-05 09:00:00,2022-07-05 10:00:00,43.21,13.02,34.35,44.4264,26.1406
2022-07-05 10:00:00,2022-07-05 11:00:00,45.77,16.03,19.5,44.4264,26.1406
2022-07-05 11:00:00,2022-07-05 12:00:00,41.26,15.95,12.67,44.4264,26.1406
2022-07-05 12:00:00,2022-07-05 13:00:00,35.48,15.62,6.67,44.4264,26.1406
2022-07-05 13:00:00,2022-07-05 14:00:00,30.31,12.59,7.0,44.4264,26.1406
2022-07-05 14:00:00,2022-07-05 15:00:00,30.83,14.14,7.57,44.4264,26.1406
2022-07-05 15:00:00,2022-07-05 16:00:00,31.79,13.63,12.31,44.4264,26.1406
2022-07-05 16:00:00,2022-07-05 17:00:00,31.61,13.09,15.39,44.4264,26.1406
2022-07-05 17:00:00,2022-07-05 18:00:00,34.65,14.12,25.06,44.4264,26.1406
2022-07-05 18:00:00,2022-07-05 19:00:00,34.29,13.34,18.01,44.4264,26.1406
2022-07-05 19:00:00,2022-07-05 20:00:00,31.74,9.38,12.07,44.4264,26.1406
2022-07-05 20:00:00,2022-07-05 21:00:00,32.86,12.0,8.46,44.4264,26.1406
2022-07-05 21:00:00,2022-07-05 22:00:00,25.27,11.96,32.89,44.4264,26.1406
2022-07-05 22:00:00,2022-07-05 23:00:00,28.8,12.95,11.83,44.4264,26.1406
2022-07-05 23:00:00,2022-07-06 00:00:00,29.24,12.46,9.41,44.4264,26.1406
2022-07-06 00:00:00,2022-07-06 01:00:00,26.83,11.68,7.8,44.4264,26.1406
2022-07-06 01:00:00,2022-07-06 02:00:00,23.23,11.73,6.11,44.4264,26.1406
2022-07-06 02:00:00,2022-07-06 03:00:00,22.29,12.22,6.13,44.4264,26.1406
2022-07-06 03:00:00,2022-07-06 04:00:00,20.57,9.14,9.17,44.4264,26.1406
2022-07-06 04:00:00,2022-07-06 05:00:00,21.12,10.41,11.28,44.4264,26.1406
2022-07-06 05:00:00,2022-07-06 06:00:00,23.95,12.18,28.02,44.4264,26.1406
2022-07-06 07:00:00,2022-07-06 08:00:00,41.97,16.71,26.26,44.4264,26.1406
2022-07-06 08:00:00,2022-07-06 09:00:00,41.25,16.04,24.78,44.4264,26.1406
2022-07-06 09:00:00,2022-07-06 10:00:00,46.9,18.51,15.2,44.4264,26.1406
2022-07-06 10:00:00,2022-07-06 11:00:00,36.94,16.24,7.12,44.4264,26.1406
2022-07-06 11:00:00,2022-07-06 12:00:00,31.7,15.88,6.32,44.4264,26.1406
2022-07-06 12:00:00,2022-07-06 13:00:00,28.76,15.14,5.49,44.4264,26.1406
2022-07-06 13:00:00,2022-07-06 14:00:00,29.62,16.47,5.04,44.4264,26.1406
2022-07-06 14:00:00,2022-07-06 15:00:00,28.06,12.93,5.27,44.4264,26.1406
2022-07-06 15:00:00,2022-07-06 16:00:00,20.2,9.17,5.27,44.4264,26.1406
2022-07-06 16:00:00,2022-07-06 17:00:00,21.03,10.42,4.82,44.4264,26.1406
2022-07-06 17:00:00,2022-07-06 18:00:00,14.02,6.76,5.97,44.4264,26.1406
2022-07-06 18:00:00,2022-07-06 19:00:00,18.93,10.46,6.49,44.4264,26.1406
2022-07-06 19:00:00,2022-07-06 20:00:00,22.41,13.72,7.69,44.4264,26.1406
2022-07-06 20:00:00,2022-07-06 21:00:00,25.9,18.17,9.86,44.4264,26.1406
2022-07-06 21:00:00,2022-07-06 22:00:00,24.22,16.09,10.9,44.4264,26.1406
2022-07-06 22:00:00,2022-07-06 23:00:00,22.99,16.03,8.88,44.4264,26.1406
2022-07-06 23:00:00,2022-07-07 00:00:00,23.32,15.76,8.87,44.4264,26.1406
2022-07-07 00:00:00,2022-07-07 01:00:00,25.1,17.79,8.57,44.4264,26.1406
2022-07-07 01:00:00,2022-07-07 02:00:00,20.62,13.61,9.79,44.4264,26.1406
2022-07-07 02:00:00,2022-07-07 03:00:00,21.92,12.2,6.15,44.4264,26.1406
2022-07-07 03:00:00,2022-07-07 04:00:00,15.49,6.84,5.42,44.4264,26.1406
2022-07-07 04:00:00,2022-07-07 05:00:00,12.01,5.97,7.54,44.4264,26.1406
2022-07-07 05:00:00,2022-07-07 06:00:00,11.2,5.51,9.82,44.4264,26.1406
2022-07-07 06:00:00,2022-07-07 07:00:00,8.95,3.84,16.0,44.4264,26.1406
2022-07-07 08:00:00,2022-07-07 09:00:00,9.77,5.88,24.26,44.4264,26.1406
2022-07-07 09:00:00,2022-07-07 10:00:00,10.3,5.98,20.28,44.4264,26.1406
2022-07-07 10:00:00,2022-07-07 11:00:00,14.78,9.79,19.21,44.4264,26.1406
2022-07-07 11:00:00,2022-07-07 12:00:00,12.29,8.68,12.7,44.4264,26.1406
2022-07-07 12:00:00,2022-07-07 13:00:00,10.97,7.32,12.21,44.4264,26.1406
2022-07-07 13:00:00,2022-07-07 14:00:00,9.34,5.58,9.24,44.4264,26.1406
2022-07-07 14:00:00,2022-07-07 15:00:00,9.92,6.81,10.93,44.4264,26.1406
2022-07-07 15:00:00,2022-07-07 16:00:00,18.65,10.93,29.75,44.4264,26.1406
2022-07-07 16:00:00,2022-07-07 17:00:00,21.58,12.59,25.75,44.4264,26.1406
2022-07-07 17:00:00,2022-07-07 18:00:00,18.8,11.21,23.32,44.4264,26.1406
2022-07-07 18:00:00,2022-07-07 19:00:00,16.62,10.46,16.58,44.4264,26.1406
2022-07-07 19:00:00,2022-07-07 20:00:00,15.48,9.5,12.52,44.4264,26.1406
2022-07-07 20:00:00,2022-07-07 21:00:00,16.12,9.35,14.54,44.4264,26.1406
2022-07-07 21:00:00,2022-07-07 22:00:00,10.82,6.45,10.46,44.4264,26.1406
2022-07-07 22:00:00,2022-07-07 23:00:00,11.59,8.15,13.18,44.4264,26.1406
2022-07-07 23:00:00,2022-07-08 00:00:00,13.46,8.27,14.58,44.4264,26.1406
2022-07-08 00:00:00,2022-07-08 01:00:00,17.63,12.35,16.82,44.4264,26.1406
2022-07-08 01:00:00,2022-07-08 02:00:00,13.71,8.31,12.84,44.4264,26.1406
2022-07-08 02:00:00,2022-07-08 03:00:00,12.46,8.47,10.15,44.4264,26.1406
2022-07-08 03:00:00,2022-07-08 04:00:00,10.85,7.22,10.22,44.4264,26.1406
2022-07-08 04:00:00,2022-07-08 05:00:00,16.81,11.48,11.98,44.4264,26.1406
2022-07-08 05:00:00,2022-07-08 06:00:00,18.44,11.76,16.77,44.4264,26.1406
2022-07-08 06:00:00,2022-07-08 07:00:00,20.35,13.91,14.3,44.4264,26.1406
2022-07-08 07:00:00,2022-07-08 08:00:00,18.42,11.78,10.06,44.4264,26.1406
2022-07-08 09:00:00,2022-07-08 10:00:00,19.63,13.09,9.03,44.4264,26.1406
2022-07-08 10:00:00,2022-07-08 11:00:00,14.03,7.85,7.51,44.4264,26.1406
2022-07-08 11:00:00,2022-07-08 12:00:00,14.58,8.25,5.47,44.4264,26.1406
2022-07-08 12:00:00,2022-07-08 13:00:00,14.91,7.81,4.88,44.4264,26.1406
2022-07-08 13:00:00,2022-07-08 14:00:00,17.53,9.15,4.31,44.4264,26.1406
2022-07-08 14:00:00,2022-07-08 15:00:00,11.98,4.21,6.18,44.4264,26.1406
2022-07-08 15:00:00,2022-07-08 16:00:00,13.61,6.83,6.66,44.4264,26.1406
2022-07-08 16:00:00,2022-07-08 17:00:00,12.28,6.58,4.28,44.4264,26.1406
2022-07-08 17:00:00,2022-07-08 18:00:00,12.33,6.49,6.35,44.4264,26.1406
2022-07-08 18:00:00,2022-07-08 19:00:00,10.33,5.01,5.57,44.4264,26.1406
2022-07-08 19:00:00,2022-07-08 20:00:00,14.39,7.36,17.96,44.4264,26.1406
2022-07-08 20:00:00,2022-07-08 21:00:00,23.45,12.35,25.04,44.4264,26.1406
2022-07-08 21:00:00,2022-07-08 22:00:00,23.17,12.39,14.05,44.4264,26.1406
2022-07-08 22:00:00,2022-07-08 23:00:00,19.21,10.52,15.54,44.4264,26.1406
2022-07-08 23:00:00,2022-07-09 00:00:00,20.34,11.53,14.03,44.4264,26.1406
2022-07-09 00:00:00,2022-07-09 01:00:00,18.73,12.11,9.36,44.4264,26.1406
2022-07-09 01:00:00,2022-07-09 02:00:00,16.1,9.41,9.28,44.4264,26.1406
2022-07-09 02:00:00,2022-07-09 03:00:00,15.07,10.33,8.66,44.4264,26.1406
2022-07-09 03:00:00,2022-07-09 04:00:00,17.68,12.82,9.2,44.4264,26.1406
2022-07-09 04:00:00,2022-07-09 05:00:00,15.68,11.03,10.43,44.4264,26.1406
2022-07-09 05:00:00,2022-07-09 06:00:00,12.34,5.99,9.18,44.4264,26.1406
2022-07-09 06:00:00,2022-07-09 07:00:00,13.54,7.4,12.75,44.4264,26.1406
2022-07-09 07:00:00,2022-07-09 08:00:00,13.53,7.64,8.13,44.4264,26.1406
2022-07-09 08:00:00,2022-07-09 09:00:00,14.97,8.57,5.46,44.4264,26.1406
2022-07-09 10:00:00,2022-07-09 11:00:00,18.22,8.72,4.9,44.4264,26.1406
2022-07-09 11:00:00,2022-07-09 12:00:00,15.75,7.42,3.74,44.4264,26.1406
2022-07-09 12:00:00,2022-07-09 13:00:00,13.86,6.99,4.02,44.4264,26.1406
2022-07-09 13:00:00,2022-07-09 14:00:00,19.17,10.09,4.32,44.4264,26.1406
2022-07-09 14:00:00,2022-07-09 15:00:00,17.38,9.66,3.85,44.4264,26.1406
2022-07-09 15:00:00,2022-07-09 16:00:00,19.13,11.93,3.8,44.4264,26.1406
2022-07-09 16:00:00,2022-07-09 17:00:00,15.59,9.54,3.78,44.4264,26.1406
2022-07-09 17:00:00,2022-07-09 18:00:00,13.09,7.89,6.09,44.4264,26.1406
2022-07-09 18:00:00,2022-07-09 19:00:00,14.57,10.65,12.2,44.4264,26.1406
2022-07-09 19:00:00,2022-07-09 20:00:00,18.41,13.76,11.63,44.4264,26.1406
2022-07-09 20:00:00,2022-07-09 21:00:00,18.93,12.48,10.37,44.4264,26.1406
2022-07-09 21:00:00,2022-07-09 22:00:00,15.0,8.34,10.65,44.4264,26.1406
2022-07-09 22:00:00,2022-07-09 23:00:00,18.92,13.03,15.43,44.4264,26.1406
2022-07-09 23:00:00,2022-07-10 00:00:00,21.47,14.67,16.26,44.4264,26.1406
2022-07-10 00:00:00,2022-07-10 01:00:00,22.23,15.31,11.78,44.4264,26.1406
2022-07-10 01:00:00,2022-07-10 02:00:00,18.46,10.85,9.65,44.4264,26.1406
2022-07-10 02:00:00,2022-07-10 03:00:00,18.2,12.89,8.28,44.4264,26.1406
2022-07-10 03:00:00,2022-07-10 04:00:00,13.96,10.19,7.07,44.4264,26.1406
2022-07-10 04:00:00,2022-07-10 05:00:00,13.64,10.0,7.25,44.4264,26.1406
2022-07-10 05:00:00,2022-07-10 06:00:00,14.54,11.51,9.58,44.4264,26.1406
2022-07-10 06:00:00,2022-07-10 07:00:00,16.41,12.36,12.97,44.4264,26.1406
2022-07-10 07:00:00,2022-07-10 08:00:00,16.87,10.37,21.48,44.4264,26.1406
2022-07-10 08:00:00,2022-07-10 09:00:00,19.52,11.53,10.62,44.4264,26.1406
2022-07-10 09:00:00,2022-07-10 10:00:00,17.22,11.02,6.45,44.4264,26.1406
2022-07-10 11:00:00,2022-07-10 12:00:00,17.46,9.25,5.09,44.4264,26.1406
2022-07-10 12:00:00,2022-07-10 13:00:00,15.05,9.85,4.51,44.4264,26.1406
2022-07-10 13:00:00,2022-07-10 14:00:00,19.24,13.27,6.07,44.4264,26.1406
2022-07-10 14:00:00,2022-07-10 15:00:00,16.57,10.18,7.41,44.4264,26.1406
2022-07-10 15:00:00,2022-07-10 16:00:00,10.47,5.25,4.84,44.4264,26.1406
2022-07-10 16:00:00,2022-07-10 17:00:00,15.68,8.1,6.36,44.4264,26.1406
2022-07-10 17:00:00,2022-07-10 18:00:00,13.36,7.26,4.14,44.4264,26.1406
2022-07-10 18:00:00,2022-07-10 19:00:00,11.13,5.78,4.64,44.4264,26.1406
2022-07-10 19:00:00,2022-07-10 20:00:00,13.08,8.04,9.66,44.4264,26.1406
2022-07-10 20:00:00,2022-07-10 21:00:00,10.44,6.08,9.47,44.4264,26.1406
2022-07-10 21:00:00,2022-07-10 22:00:00,12.89,7.82,17.06,44.4264,26.1406
2022-07-10 22:00:00,2022-07-10 23:00:00,14.61,7.33,13.36,44.4264,26.1406
2022-07-10 23:00:00,2022-07-11 00:00:00,11.85,6.66,10.23,44.4264,26.1406
2022-07-11 00:00:00,2022-07-11 01:00:00,9.06,5.47,9.39,44.4264,26.1406
2022-07-11 01:00:00,2022-07-11 02:00:00,10.28,6.65,8.69,44.4264,26.1406
2022-07-11 02:00:00,2022-07-11 03:00:00,15.44,11.25,12.76,44.4264,26.1406
2022-07-11 03:00:00,2022-07-11 04:00:00,14.9,11.21,15.23,44.4264,26.1406
2022-07-11 04:00:00,2022-07-11 05:00:00,13.79,9.49,15.72,44.4264,26.1406
2022-07-11 05:00:00,2022-07-11 06:00:00,16.19,10.38,16.49,44.4264,26.1406
2022-07-11 06:00:00,2022-07-11 07:00:00,17.77,10.33,28.38,44.4264,26.1406
2022-07-11 07:00:00,2022-07-11 08:00:00,18.51,8.35,24.03,44.4264,26.1406
2022-07-11 08:00:00,2022-07-11 09:00:00,17.12,6.43,15.72,44.4264,26.1406
2022-07-11 09:00:00,2022-07-11 10:00:00,23.68,11.14,12.68,44.4264,26.1406
2022-07-11 10:00:00,2022-07-11 11:00:00,25.58,13.22,11.38,44.4264,26.1406
2022-07-11 12:00:00,2022-07-11 13:00:00,14.54,7.2,6.91,44.4264,26.1406
2022-07-11 13:00:00,2022-07-11 14:00:00,18.38,10.4,5.13,44.4264,26.1406
2022-07-11 14:00:00,2022-07-11 15:00:00,14.84,7.74,4.29,44.4264,26.1406
2022-07-11 15:00:00,2022-07-11 16:00:00,18.41,10.87,7.9,44.4264,26.1406
2022-07-11 16:00:00,2022-07-11 17:00:00,12.23,5.37,7.77,44.4264,26.1406
2022-07-11 17:00:00,2022-07-11 18:00:00,15.05,7.74,6.8,44.4264,26.1406
2022-07-11 18:00:00,2022-07-11 19:00:00,13.43,7.49,5.45,44.4264,26.1406
2022-07-11 19:00:00,2022-07-11 20:00:00,15.29,9.48,5.38,44.4264,26.1406
2022-07-11 20:00:00,2022-07-11 21:00:00,14.94,8.1,17.49,44.4264,26.1406
2022-07-11 21:00:00,2022-07-11 22:00:00,17.76,8.6,23.92,44.4264,26.1406
2022-07-11 22:00:00,2022-07-11 23:00:00,16.62,8.05,15.08,44.4264,26.1406
2022-07-11 23:00:00,2022-07-12 00:00:00,13.55,7.25,9.25,44.4264,26.1406
2022-07-12 00:00:00,2022-07-12 01:00:00,9.54,5.32,7.18,44.4264,26.1406
2022-07-12 01:00:00,2022-07-12 02:00:00,8.24,4.01,9.73,44.4264,26.1406
2022-07-12 02:00:00,2022-07-12 03:00:00,8.49,4.52,8.37,44.4264,26.1406
2022-07-12 03:00:00,2022-07-12 04:00:00,9.57,6.64,6.95,44.4264,26.1406
2022-07-12 04:00:00,2022-07-12 05:00:00,10.37,6.05,9.42,44.4264,26.1406
2022-07-12 05:00:00,2022-07-12 06:00:00,8.94,4.87,12.94,44.4264,26.1406
2022-07-12 06:00:00,2022-07-12 07:00:00,15.73,6.08,20.04,44.4264,26.1406
2022-07-12 07:00:00,2022-07-12 08:00:00,23.56,8.82,15.77,44.4264,26.1406
2022-07-12 08:00:00,2022-07-12 09:00:00,19.78,8.32,13.83,44.4264,26.1406
2022-07-12 09:00:00,2022-07-12 10:00:00,14.33,7.25,9.86,44.4264,26.1406
2022-07-12 10:00:00,2022-07-12 11:00:00,13.14,7.22,7.9,44.4264,26.1406
2022-07-12 11:00:00,2022-07-12 12:00:00,10.89,4.97,8.65,44.4264,26.1406
2022-07-12 13:00:00,2022-07-12 14:00:00,8.5,2.91,4.82,44.4264,26.1406
2022-07-12 14:00:00,2022-07-12 15:00:00,13.73,8.69,4.16,44.4264,26.1406
2022-07-12 15:00:00,2022-07-12 16:00:00,11.41,6.38,3.99,44.4264,26.1406
2022-07-12 16:00:00,2022-07-12 17:00:00,8.23,2.22,3.86,44.4264,26.1406
2022-07-12 17:00:00,2022-07-12 18:00:00,7.65,1.55,3.75,44.4264,26.1406
2022-07-12 18:00:00,2022-07-12 19:00:00,14.83,8.53,3.93,44.4264,26.1406
2022-07-12 19:00:00,2022-07-12 20:00:00,16.78,9.26,6.92,44.4264,26.1406
2022-07-12 20:00:00,2022-07-12 21:00:00,16.87,9.3,8.05,44.4264,26.1406
2022-07-12 21:00:00,2022-07-12 22:00:00,14.47,10.03,7.65,44.4264,26.1406
2022-07-12 22:00:00,2022-07-12 23:00:00,8.49,4.75,8.37,44.4264,26.1406
2022-07-12 23:00:00,2022-07-13 00:00:00,7.19,4.04,7.2,44.4264,26.1406
2022-07-13 00:00:00,2022-07-13 01:00:00,10.36,7.83,8.77,44.4264,26.1406
2022-07-13 01:00:00,2022-07-13 02:00:00,7.56,4.24,14.53,44.4264,26.1406
2022-07-13 02:00:00,2022-07-13 03:00:00,8.4,4.01,12.34,44.4264,26.1406
2022-07-13 03:00:00,2022-07-13 04:00:00,8.63,4.94,9.44,44.4264,26.1406
2022-07-13 04:00:00,2022-07-13 05:00:00,9.57,5.38,11.07,44.4264,26.1406
2022-07-13 05:00:00,2022-07-13 06:00:00,11.25,6.99,7.43,44.4264,26.1406
2022-07-13 06:00:00,2022-07-13 07:00:00,11.85,7.68,14.34,44.4264,26.1406
2022-07-13 07:00:00,2022-07-13 08:00:00,17.43,6.8,15.26,44.4264,26.1406
2022-07-13 08:00:00,2022-07-13 09:00:00,19.59,7.64,10.16,44.4264,26.1406
2022-07-13 09:00:00,2022-07-13 10:00:00,17.69,6.73,5.67,44.4264,26.1406
2022-07-13 10:00:00,2022-07-13 11:00:00,15.65,8.5,3.48,44.4264,26.1406
2022-07-13 11:00:00,2022-07-13 12:00:00,10.82,4.19,3.04,44.4264,26.1406
2022-07-13 12:00:00,2022-07-13 13:00:00,10.52,5.07,2.99,44.4264,26.1406
2022-07-13 14:00:00,2022-07-13 15:00:00,7.9,2.37,3.79,44.4264,26.1406
2022-07-13 15:00:00,2022-07-13 16:00:00,12.65,5.69,3.29,44.4264,26.1406
2022-07-13 16:00:00,2022-07-13 17:00:00,8.46,2.64,3.16,44.4264,26.1406
2022-07-13 17:00:00,2022-07-13 18:00:00,5.57,0.52,3.18,44.4264,26.1406
2022-07-13 18:00:00,2022-07-13 19:00:00,9.26,4.79,3.4,44.4264,26.1406
2022-07-13 19:00:00,2022-07-13 20:00:00,10.91,6.93,4.44,44.4264,26.1406
2022-07-13 20:00:00,2022-07-13 21:00:00,12.11,6.09,8.43,44.4264,26.1406
2022-07-13 21:00:00,2022-07-13 22:00:00,12.96,4.73,41.77,44.4264,26.1406
2022-07-13 22:00:00,2022-07-13 23:00:00,26.21,14.29,49.32,44.4264,26.1406
2022-07-13 23:00:00,2022-07-14 00:00:00,25.93,13.51,51.57,44.4264,26.1406
2022-07-14 00:00:00,2022-07-14 01:00:00,29.47,13.35,46.59,44.4264,26.1406
2022-07-14 01:00:00,2022-07-14 02:00:00,26.88,11.31,31.69,44.4264,26.1406
2022-07-14 02:00:00,2022-07-14 03:00:00,16.93,8.24,11.17,44.4264,26.1406
2022-07-14 03:00:00,2022-07-14 04:00:00,16.79,10.08,21.45,44.4264,26.1406
2022-07-14 04:00:00,2022-07-14 05:00:00,21.19,11.12,20.76,44.4264,26.1406
2022-07-14 05:00:00,2022-07-14 06:00:00,21.72,11.15,21.41,44.4264,26.1406
2022-07-14 06:00:00,2022-07-14 07:00:00,24.13,12.25,16.5,44.4264,26.1406
2022-07-14 07:00:00,2022-07-14 08:00:00,24.61,11.81,13.57,44.4264,26.1406
2022-07-14 08:00:00,2022-07-14 09:00:00,28.43,10.8,9.52,44.4264,26.1406
2022-07-14 09:00:00,2022-07-14 10:00:00,24.79,11.02,8.04,44.4264,26.1406
2022-07-14 10:00:00,2022-07-14 11:00:00,22.05,8.93,6.17,44.4264,26.1406
2022-07-14 11:00:00,2022-07-14 12:00:00,15.41,6.41,4.09,44.4264,26.1406
2022-07-14 12:00:00,2022-07-14 13:00:00,15.83,8.71,4.03,44.4264,26.1406
2022-07-14 13:00:00,2022-07-14 14:00:00,15.57,8.78,3.78,44.4264,26.1406
2022-07-14 15:00:00,2022-07-14 16:00:00,10.65,3.82,4.66,44.4264,26.1406
2022-07-14 16:00:00,2022-07-14 17:00:00,10.09,3.7,3.99,44.4264,26.1406
2022-07-14 17:00:00,2022-07-14 18:00:00,12.63,7.19,4.27,44.4264,26.1406
2022-07-14 18:00:00,2022-07-14 19:00:00,14.03,7.21,6.3,44.4264,26.1406
2022-07-14 19:00:00,2022-07-14 20:00:00,14.05,6.98,14.34,44.4264,26.1406
2022-07-14 20:00:00,2022-07-14 21:00:00,16.22,7.71,24.2,44.4264,26.1406
2022-07-14 21:00:00,2022-07-14 22:00:00,20.88,10.01,36.12,44.4264,26.1406
2022-07-14 22:00:00,2022-07-14 23:00:00,27.87,12.14,42.48,44.4264,26.1406
2022-07-14 23:00:00,2022-07-15 00:00:00,29.64,14.15,31.35,44.4264,26.1406
2022-07-15 00:00:00,2022-07-15 01:00:00,24.58,10.5,40.73,44.4264,26.1406
2022-07-15 01:00:00,2022-07-15 02:00:00,26.78,12.32,33.87,44.4264,26.1406
2022-07-15 02:00:00,2022-07-15 03:00:00,31.05,17.27,35.07,44.4264,26.1406
2022-07-15 03:00:00,2022-07-15 04:00:00,23.9,13.86,21.23,44.4264,26.1406
2022-07-15 04:00:00,2022-07-15 05:00:00,20.35,12.52,16.27,44.4264,26.1406
2022-07-15 05:00:00,2022-07-15 06:00:00,16.16,9.43,14.19,44.4264,26.1406
2022-07-15 06:00:00,2022-07-15 07:00:00,17.1,10.67,19.53,44.4264,26.1406
2022-07-15 07:00:00,2022-07-15 08:00:00,17.32,8.37,30.19,44.4264,26.1406
2022-07-15 08:00:00,2022-07-15 09:00:00,35.76,13.41,37.75,44.4264,26.1406
2022-07-15 09:00:00,2022-07-15 10:00:00,43.11,16.51,31.99,44.4264,26.1406
2022-07-15 10:00:00,2022-07-15 11:00:00,32.99,11.82,13.87,44.4264,26.1406
2022-07-15 11:00:00,2022-07-15 12:00:00,25.44,9.41,7.62,44.4264,26.1406
2022-07-15 12:00:00,2022-07-15 13:00:00,21.11,9.38,4.31,44.4264,26.1406
2022-07-15 13:00:00,2022-07-15 14:00:00,14.32,6.69,3.43,44.4264,26.1406
2022-07-15 14:00:00,2022-07-15 15:00:00,15.49,9.56,3.26,44.4264,26.1406
2022-07-15 16:00:00,2022-07-15 17:00:00,18.2,10.73,4.2,44.4264,26.1406
2022-07-15 17:00:00,2022-07-15 18:00:00,18.79,12.54,4.0,44.4264,26.1406
2022-07-15 18:00:00,2022-07-15 19:00:00,14.35,8.24,5.31,44.4264,26.1406
2022-07-15 19:00:00,2022-07-15 20:00:00,18.39,10.22,14.44,44.4264,26.1406
2022-07-15 20:00:00,2022-07-15 21:00:00,24.99,10.73,26.42,44.4264,26.1406
2022-07-15 21:00:00,2022-07-15 22:00:00,34.9,15.34,21.71,44.4264,26.1406
2022-07-15 22:00:00,2022-07-15 23:00:00,31.62,13.25,17.67,44.4264,26.1406
2022-07-15 23:00:00,2022-07-16 00:00:00,21.97,10.86,10.37,44.4264,26.1406
2022-07-16 00:00:00,2022-07-16 01:00:00,18.8,10.25,8.09,44.4264,26.1406
2022-07-16 01:00:00,2022-07-16 02:00:00,19.65,10.56,7.39,44.4264,26.1406
2022-07-16 02:00:00,2022-07-16 03:00:00,18.06,10.07,7.42,44.4264,26.1406
2022-07-16 03:00:00,2022-07-16 04:00:00,17.99,10.94,7.48,44.4264,26.1406
2022-07-16 04:00:00,2022-07-16 05:00:00,19.01,12.37,8.17,44.4264,26.1406
2022-07-16 05:00:00,2022-07-16 06:00:00,17.06,9.96,10.21,44.4264,26.1406
2022-07-16 06:00:00,2022-07-16 07:00:00,17.45,9.56,10.75,44.4264,26.1406
2022-07-16 07:00:00,2022-07-16 08:00:00,17.32,8.5,8.94,44.4264,26.1406
2022-07-16 08:00:00,2022-07-16 09:00:00,23.44,9.0,8.6,44.4264,26.1406
2022-07-16 09:00:00,2022-07-16 10:00:00,25.12,9.01,7.91,44.4264,26.1406
2022-07-16 10:00:00,2022-07-16 11:00:00,21.54,9.24,7.8,44.4264,26.1406
2022-07-16 11:00:00,2022-07-16 12:00:00,19.16,8.29,6.87,44.4264,26.1406
2022-07-16 12:00:00,2022-07-16 13:00:00,19.64,8.95,6.35,44.4264,26.1406
2022-07-16 13:00:00,2022-07-16 14:00:00,22.6,12.21,5.17,44.4264,26.1406
2022-07-16 14:00:00,2022-07-16 15:00:00,23.21,11.63,5.07,44.4264,26.1406
2022-07-16 15:00:00,2022-07-16 16:00:00,16.58,1.17,6.42,44.4264,26.1406
2022-07-16 17:00:00,2022-07-16 18:00:00,16.77,10.44,8.25,44.4264,26.1406
2022-07-16 18:00:00,2022-07-16 19:00:00,17.13,11.69,12.7,44.4264,26.1406
2022-07-16 19:00:00,2022-07-16 20:00:00,14.85,10.23,17.46,44.4264,26.1406
2022-07-16 20:00:00,2022-07-16 21:00:00,19.06,13.48,32.41,44.4264,26.1406
2022-07-16 21:00:00,2022-07-16 22:00:00,23.8,15.24,33.05,44.4264,26.1406
2022-07-16 22:00:00,2022-07-16 23:00:00,22.45,14.05,27.7,44.4264,26.1406
2022-07-16 23:00:00,2022-07-17 00:00:00,19.97,12.54,23.22,44.4264,26.1406
2022-07-17 00:00:00,2022-07-17 01:00:00,19.98,12.5,23.93,44.4264,26.1406
2022-07-17 01:00:00,2022-07-17 02:00:00,20.47,12.6,29.58,44.4264,26.1406
2022-07-17 02:00:00,2022-07-17 03:00:00,23.76,15.63,25.6,44.4264,26.1406
2022-07-17 03:00:00,2022-07-17 04:00:00,24.59,17.49,18.29,44.4264,26.1406
2022-07-17 04:00:00,2022-07-17 05:00:00,20.39,15.07,13.74,44.4264,26.1406
2022-07-17 05:00:00,2022-07-17 06:00:00,19.11,12.92,14.49,44.4264,26.1406
2022-07-17 06:00:00,2022-07-17 07:00:00,19.72,13.13,10.31,44.4264,26.1406
2022-07-17 07:00:00,2022-07-17 08:00:00,17.01,9.93,11.08,44.4264,26.1406
2022-07-17 08:00:00,2022-07-17 09:00:00,19.22,11.88,12.74,44.4264,26.1406
2022-07-17 09:00:00,2022-07-17 10:00:00,16.9,9.62,9.02,44.4264,26.1406
2022-07-17 10:00:00,2022-07-17 11:00:00,19.12,12.02,6.08,44.4264,26.1406
2022-07-17 11:00:00,2022-07-17 12:00:00,19.31,12.21,3.89,44.4264,26.1406
2022-07-17 12:00:00,2022-07-17 13:00:00,11.22,5.87,3.49,44.4264,26.1406
2022-07-17 13:00:00,2022-07-17 14:00:00,11.37,5.51,3.09,44.4264,26.1406
2022-07-17 14:00:00,2022-07-17 15:00:00,12.04,5.8,3.24,44.4264,26.1406
2022-07-17 15:00:00,2022-07-17 16:00:00,10.95,4.65,3.04,44.4264,26.1406
2022-07-17 16:00:00,2022-07-17 17:00:00,10.41,4.45,2.86,44.4264,26.1406
2022-07-17 18:00:00,2022-07-17 19:00:00,7.19,3.67,4.54,44.4264,26.1406
2022-07-17 19:00:00,2022-07-17 20:00:00,17.84,12.83,8.17,44.4264,26.1406
2022-07-17 20:00:00,2022-07-17 21:00:00,15.22,8.36,8.64,44.4264,26.1406
2022-07-17 21:00:00,2022-07-17 22:00:00,10.76,3.3,7.88,44.4264,26.1406
2022-07-17 22:00:00,2022-07-17 23:00:00,21.01,7.53,6.73,44.4264,26.1406
2022-07-17 23:00:00,2022-07-18 00:00:00,20.85,6.95,4.89,44.4264,26.1406
2022-07-18 00:00:00,2022-07-18 01:00:00,14.64,3.94,5.16,44.4264,26.1406
2022-07-18 01:00:00,2022-07-18 02:00:00,12.45,3.36,4.06,44.4264,26.1406
2022-07-18 02:00:00,2022-07-18 03:00:00,11.4,4.18,3.85,44.4264,26.1406
2022-07-18 03:00:00,2022-07-18 04:00:00,10.67,3.48,4.66,44.4264,26.1406
2022-07-18 04:00:00,2022-07-18 05:00:00,12.67,6.66,6.37,44.4264,26.1406
2022-07-18 05:00:00,2022-07-18 06:00:00,8.78,3.12,9.04,44.4264,26.1406
2022-07-18 06:00:00,2022-07-18 07:00:00,11.19,4.19,13.72,44.4264,26.1406
2022-07-18 07:00:00,2022-07-18 08:00:00,13.2,5.31,15.25,44.4264,26.1406
2022-07-18 08:00:00,2022-07-18 09:00:00,16.28,7.51,12.12,44.4264,26.1406
2022-07-18 09:00:00,2022-07-18 10:00:00,16.53,7.34,11.21,44.4264,26.1406
2022-07-18 10:00:00,2022-07-18 11:00:00,12.33,2.69,9.8,44.4264,26.1406
2022-07-18 11:00:00,2022-07-18 12:00:00,13.09,3.27,10.12,44.4264,26.1406
2022-07-18 12:00:00,2022-07-18 13:00:00,12.48,4.92,6.66,44.4264,26.1406
2022-07-18 13:00:00,2022-07-18 14:00:00,14.67,6.55,5.05,44.4264,26.1406
2022-07-18 14:00:00,2022-07-18 15:00:00,13.93,5.49,4.25,44.4264,26.1406
2022-07-18 15:00:00,2022-07-18 16:00:00,11.58,3.95,3.7,44.4264,26.1406
2022-07-18 16:00:00,2022-07-18 17:00:00,14.1,6.89,3.66,44.4264,26.1406
2022-07-18 17:00:00,2022-07-18 18:00:00,12.03,5.33,3.46,44.4264,26.1406
2022-07-18 19:00:00,2022-07-18 20:00:00,10.52,4.72,6.11,44.4264,26.1406
2022-07-18 20:00:00,2022-07-18 21:00:00,16.72,8.93,32.04,44.4264,26.1406
2022-07-18 21:00:00,2022-07-18 22:00:00,24.14,11.36,43.99,44.4264,26.1406
2022-07-18 22:00:00,2022-07-18 23:00:00,25.84,10.57,45.49,44.4264,26.1406
2022-07-18 23:00:00,2022-07-19 00:00:00,24.82,11.19,36.11,44.4264,26.1406
2022-07-19 00:00:00,2022-07-19 01:00:00,25.38,11.87,37.54,44.4264,26.1406
2022-07-19 01:00:00,2022-07-19 02:00:00,24.47,12.22,33.55,44.4264,26.1406
2022-07-19 02:00:00,2022-07-19 03:00:00,22.92,11.23,22.21,44.4264,26.1406
2022-07-19 03:00:00,2022-07-19 04:00:00,19.18,9.31,16.38,44.4264,26.1406
2022-07-19 04:00:00,2022-07-19 05:00:00,19.88,10.68,20.1,44.4264,26.1406
2022-07-19 05:00:00,2022-07-19 06:00:00,16.26,6.79,20.29,44.4264,26.1406
2022-07-19 06:00:00,2022-07-19 07:00:00,17.75,7.71,23.12,44.4264,26.1406
2022-07-19 07:00:00,2022-07-19 08:00:00,16.69,6.25,22.5,44.4264,26.1406
2022-07-19 08:00:00,2022-07-19 09:00:00,19.06,6.41,19.51,44.4264,26.1406
2022-07-19 09:00:00,2022-07-19 10:00:00,22.02,9.03,13.49,44.4264,26.1406
2022-07-19 10:00:00,2022-07-19 11:00:00,18.14,7.2,6.78,44.4264,26.1406
2022-07-19 11:00:00,2022-07-19 12:00:00,15.9,6.38,5.54,44.4264,26.1406
2022-07-19 12:00:00,2022-07-19 13:00:00,14.44,5.88,4.79,44.4264,26.1406
2022-07-19 13:00:00,2022-07-19 14:00:00,12.91,5.37,4.56,44.4264,26.1406
2022-07-19 14:00:00,2022-07-19 15:00:00,12.31,6.38,4.0,44.4264,26.1406
2022-07-19 15:00:00,2022-07-19 16:00:00,10.58,4.31,3.9,44.4264,26.1406
2022-07-19 16:00:00,2022-07-19 17:00:00,11.37,4.67,4.26,44.4264,26.1406
2022-07-19 17:00:00,2022-07-19 18:00:00,16.15,7.93,4.51,44.4264,26.1406
2022-07-19 18:00:00,2022-07-19 19:00:00,17.37,9.4,5.01,44.4264,26.1406
2022-07-19 20:00:00,2022-07-19 21:00:00,14.67,4.38,26.91,44.4264,26.1406
2022-07-19 21:00:00,2022-07-19 22:00:00,29.67,14.68,61.86,44.4264,26.1406
2022-07-19 22:00:00,2022-07-19 23:00:00,34.6,15.33,37.3,44.4264,26.1406
2022-07-19 23:00:00,2022-07-20 00:00:00,36.97,13.31,50.35,44.4264,26.1406
2022-07-20 00:00:00,2022-07-20 01:00:00,32.11,13.45,18.01,44.4264,26.1406
2022-07-20 01:00:00,2022-07-20 02:00:00,26.71,12.92,21.87,44.4264,26.1406
2022-07-20 02:00:00,2022-07-20 03:00:00,28.22,12.96,39.56,44.4264,26.1406
2022-07-20 03:00:00,2022-07-20 04:00:00,30.67,13.89,33.56,44.4264,26.1406
2022-07-20 04:00:00,2022-07-20 05:00:00,29.27,13.66,34.29,44.4264,26.1406
2022-07-20 05:00:00,2022-07-20 06:00:00,27.28,13.32,31.01,44.4264,26.1406
2022-07-20 06:00:00,2022-07-20 07:00:00,28.82,15.92,30.81,44.4264,26.1406
2022-07-20 07:00:00,2022-07-20 08:00:00,30.98,17.37,30.88,44.4264,26.1406
2022-07-20 08:00:00,2022-07-20 09:00:00,32.58,16.37,28.93,44.4264,26.1406
2022-07-20 09:00:00,2022-07-20 10:00:00,29.81,13.04,23.32,44.4264,26.1406
2022-07-20 10:00:00,2022-07-20 11:00:00,28.56,13.36,18.67,44.4264,26.1406
2022-07-20 11:00:00,2022-07-20 12:00:00,25.13,9.21,9.86,44.4264,26.1406
2022-07-20 12:00:00,2022-07-20 13:00:00,22.18,9.13,6.02,44.4264,26.1406
2022-07-20 13:00:00,2022-07-20 14:00:00,21.3,11.09,4.56,44.4264,26.1406
2022-07-20 14:00:00,2022-07-20 15:00:00,12.69,4.4,3.75,44.4264,26.1406
2022-07-20 15:00:00,2022-07-20 16:00:00,15.43,8.52,3.31,44.4264,26.1406
2022-07-20 16:00:00,2022-07-20 17:00:00,11.98,5.04,3.65,44.4264,26.1406
2022-07-20 17:00:00,2022-07-20 18:00:00,12.47,6.1,3.65,44.4264,26.1406
2022-07-20 18:00:00,2022-07-20 19:00:00,16.02,8.25,5.75,44.4264,26.1406
2022-07-20 19:00:00,2022-07-20 20:00:00,18.24,9.24,13.26,44.4264,26.1406
2022-07-20 21:00:00,2022-07-20 22:00:00,29.42,13.23,30.09,44.4264,26.1406
2022-07-20 22:00:00,2022-07-20 23:00:00,33.19,15.7,41.17,44.4264,26.1406
2022-07-20 23:00:00,2022-07-21 00:00:00,39.04,18.24,31.47,44.4264,26.1406
2022-07-21 00:00:00,2022-07-21 01:00:00,30.8,15.05,27.16,44.4264,26.1406
2022-07-21 01:00:00,2022-07-21 02:00:00,26.72,15.11,21.75,44.4264,26.1406
2022-07-21 02:00:00,2022-07-21 03:00:00,23.7,13.49,18.65,44.4264,26.1406
2022-07-21 03:00:00,2022-07-21 04:00:00,27.06,17.78,24.13,44.4264,26.1406
2022-07-21 04:00:00,2022-07-21 05:00:00,23.61,14.46,22.86,44.4264,26.1406
2022-07-21 05:00:00,2022-07-21 06:00:00,19.63,10.02,24.16,44.4264,26.1406
2022-07-21 06:00:00,2022-07-21 07:00:00,21.91,10.1,20.35,44.4264,26.1406
2022-07-21 07:00:00,2022-07-21 08:00:00,24.69,10.06,12.11,44.4264,26.1406
2022-07-21 08:00:00,2022-07-21 09:00:00,29.64,9.68,11.83,44.4264,26.1406
2022-07-21 09:00:00,2022-07-21 10:00:00,27.82,8.9,11.11,44.4264,26.1406
2022-07-21 10:00:00,2022-07-21 11:00:00,28.55,9.54,10.22,44.4264,26.1406
2022-07-21 11:00:00,2022-07-21 12:00:00,29.04,11.08,9.16,44.4264,26.1406
2022-07-21 12:00:00,2022-07-21 13:00:00,27.07,11.62,6.8,44.4264,26.1406
2022-07-21 13:00:00,2022-07-21 14:00:00,26.03,12.47,5.08,44.4264,26.1406
2022-07-21 14:00:00,2022-07-21 15:00:00,26.81,13.34,5.61,44.4264,26.1406
2022-07-21 15:00:00,2022-07-21 16:00:00,27.06,12.83,5.23,44.4264,26.1406
2022-07-21 16:00:00,2022-07-21 17:00:00,25.07,10.67,17.94,44.4264,26.1406
2022-07-21 17:00:00,2022-07-21 18:00:00,32.62,12.8,25.81,44.4264,26.1406
2022-07-21 18:00:00,2022-07-21 19:00:00,33.78,10.46,20.48,44.4264,26.1406
2022-07-21 19:00:00,2022-07-21 20:00:00,35.16,12.94,20.06,44.4264,26.1406
2022-07-21 20:00:00,2022-07-21 21:00:00,29.85,9.82,26.46,44.4264,26.1406
2022-07-21 22:00:00,2022-07-21 23:00:00,31.88,10.73,39.19,44.4264,26.1406
2022-07-21 23:00:00,2022-07-22 00:00:00,31.33,11.84,23.72,44.4264,26.1406
2022-07-22 00:00:00,2022-07-22 01:00:00,28.55,11.82,22.18,44.4264,26.1406
2022-07-22 01:00:00,2022-07-22 02:00:00,26.52,10.43,18.96,44.4264,26.1406
2022-07-22 02:00:00,2022-07-22 03:00:00,21.88,5.51,12.29,44.4264,26.1406
2022-07-22 03:00:00,2022-07-22 04:00:00,24.9,8.85,13.74,44.4264,26.1406
2022-07-22 04:00:00,2022-07-22 05:00:00,24.31,8.73,16.57,44.4264,26.1406
2022-07-22 05:00:00,2022-07-22 06:00:00,26.03,10.21,26.98,44.4264,26.1406
2022-07-22 06:00:00,2022-07-22 07:00:00,31.13,12.15,33.19,44.4264,26.1406
2022-07-22 07:00:00,2022-07-22 08:00:00,27.93,8.46,22.34,44.4264,26.1406
2022-07-22 08:00:00,2022-07-22 09:00:00,22.64,3.47,11.72,44.4264,26.1406
2022-07-22 09:00:00,2022-07-22 10:00:00,26.97,7.16,8.79,44.4264,26.1406
2022-07-22 10:00:00,2022-07-22 11:00:00,21.67,8.57,6.23,44.4264,26.1406
2022-07-22 11:00:00,2022-07-22 12:00:00,18.56,9.07,5.03,44.4264,26.1406
2022-07-22 12:00:00,2022-07-22 13:00:00,16.07,5.54,4.55,44.4264,26.1406
2022-07-22 13:00:00,2022-07-22 14:00:00,17.87,6.42,4.26,44.4264,26.1406
2022-07-22 14:00:00,2022-07-22 15:00:00,24.71,12.15,4.09,44.4264,26.1406
2022-07-22 15:00:00,2022-07-22 16:00:00,23.33,9.5,3.8,44.4264,26.1406
2022-07-22 16:00:00,2022-07-22 17:00:00,19.57,7.12,3.96,44.4264,26.1406
2022-07-22 17:00:00,2022-07-22 18:00:00,16.03,2.52,6.21,44.4264,26.1406
2022-07-22 18:00:00,2022-07-22 19:00:00,20.49,7.87,9.11,44.4264,26.1406
2022-07-22 19:00:00,2022-07-22 20:00:00,21.8,9.19,15.26,44.4264,26.1406
2022-07-22 20:00:00,2022-07-22 21:00:00,24.77,9.63,27.48,44.4264,26.1406
2022-07-22 21:00:00,2022-07-22 22:00:00,31.33,10.77,34.55,44.4264,26.1406
2022-07-22 23:00:00,2022-07-23 00:00:00,31.8,15.16,36.58,44.4264,26.1406
2022-07-23 00:00:00,2022-07-23 01:00:00,38.63,17.68,53.48,44.4264,26.1406
2022-07-23 01:00:00,2022-07-23 02:00:00,43.48,17.91,40.22,44.4264,26.1406
2022-07-23 02:00:00,2022-07-23 03:00:00,34.25,13.59,35.72,44.4264,26.1406
2022-07-23 03:00:00,2022-07-23 04:00:00,30.82,13.81,19.6,44.4264,26.1406
2022-07-23 04:00:00,2022-07-23 05:00:00,26.2,12.16,19.77,44.4264,26.1406
2022-07-23 05:00:00,2022-07-23 06:00:00,26.82,11.62,24.23,44.4264,26.1406
2022-07-23 06:00:00,2022-07-23 07:00:00,30.01,13.84,18.85,44.4264,26.1406
2022-07-23 07:00:00,2022-07-23 08:00:00,26.86,11.48,15.5,44.4264,26.1406
2022-07-23 08:00:00,2022-07-23 09:00:00,33.94,13.71,15.74,44.4264,26.1406
2022-07-23 09:00:00,2022-07-23 10:00:00,36.35,11.01,13.4,44.4264,26.1406
2022-07-23 10:00:00,2022-07-23 11:00:00,26.39,10.47,11.13,44.4264,26.1406
2022-07-23 11:00:00,2022-07-23 12:00:00,26.39,9.49,9.45,44.4264,26.1406
2022-07-23 12:00:00,2022-07-23 13:00:00,25.45,8.02,7.16,44.4264,26.1406
2022-07-23 13:00:00,2022-07-23 14:00:00,25.94,12.32,4.86,44.4264,26.1406
2022-07-23 14:00:00,2022-07-23 15:00:00,24.33,10.74,4.69,44.4264,26.1406
2022-07-23 15:00:00,2022-07-23 16:00:00,31.83,18.3,4.53,44.4264,26.1406
2022-07-23 16:00:00,2022-07-23 17:00:00,31.18,16.91,4.9,44.4264,26.1406
2022-07-23 17:00:00,2022-07-23 18:00:00,28.35,14.26,3.49,44.4264,26.1406
2022-07-23 18:00:00,2022-07-23 19:00:00,23.09,8.93,3.13,44.4264,26.1406
2022-07-23 19:00:00,2022-07-23 20:00:00,26.74,11.99,23.85,44.4264,26.1406
2022-07-23 20:00:00,2022-07-23 21:00:00,36.66,16.59,34.59,44.4264,26.1406
2022-07-23 21:00:00,2022-07-23 22:00:00,38.71,16.93,39.59,44.4264,26.1406
2022-07-23 22:00:00,2022-07-23 23:00:00,46.11,15.41,30.77,44.4264,26.1406
2022-07-24 00:00:00,2022-07-24 01:00:00,41.4,16.83,21.99,44.4264,26.1406
2022-07-24 01:00:00,2022-07-24 02:00:00,33.03,13.37,26.06,44.4264,26.1406
2022-07-24 02:00:00,2022-07-24 03:00:00,29.95,13.92,18.81,44.4264,26.1406
2022-07-24 03:00:00,2022-07-24 04:00:00,26.1,13.25,15.41,44.4264,26.1406
2022-07-24 04:00:00,2022-07-24 05:00:00,23.78,12.03,22.9,44.4264,26.1406
2022-07-24 05:00:00,2022-07-24 06:00:00,25.96,14.47,30.21,44.4264,26.1406
2022-07-24 06:00:00,2022-07-24 07:00:00,24.99,12.35,24.57,44.4264,26.1406
2022-07-24 07:00:00,2022-07-24 08:00:00,26.12,12.16,19.9,44.4264,26.1406
2022-07-24 08:00:00,2022-07-24 09:00:00,24.28,11.74,13.34,44.4264,26.1406
2022-07-24 09:00:00,2022-07-24 10:00:00,23.98,11.01,12.65,44.4264,26.1406
2022-07-24 10:00:00,2022-07-24 11:00:00,29.81,14.34,10.06,44.4264,26.1406
2022-07-24 11:00:00,2022-07-24 12:00:00,34.21,16.5,8.5,44.4264,26.1406
2022-07-24 12:00:00,2022-07-24 13:00:00,33.46,17.54,6.86,44.4264,26.1406
2022-07-24 13:00:00,2022-07-24 14:00:00,31.27,15.17,5.75,44.4264,26.1406
2022-07-24 14:00:00,2022-07-24 15:00:00,22.57,7.99,3.6,44.4264,26.1406
2022-07-24 15:00:00,2022-07-24 16:00:00,23.37,11.33,3.22,44.4264,26.1406
2022-07-24 16:00:00,2022-07-24 17:00:00,23.86,10.91,3.32,44.4264,26.1406
2022-07-24 17:00:00,2022-07-24 18:00:00,34.27,16.36,6.76,44.4264,26.1406
2022-07-24 18:00:00,2022-07-24 19:00:00,30.98,10.58,12.13,44.4264,26.1406
2022-07-24 19:00:00,2022-07-24 20:00:00,20.08,8.37,21.69,44.4264,26.1406
2022-07-24 20:00:00,2022-07-24 21:00:00,25.06,13.07,12.78,44.4264,26.1406
2022-07-24 21:00:00,2022-07-24 22:00:00,26.18,10.8,7.65,44.4264,26.1406
2022-07-24 22:00:00,2022-07-24 23:00:00,16.18,8.26,8.17,44.4264,26.1406
2022-07-24 23:00:00,2022-07-25 00:00:00,18.37,12.35,8.31,44.4264,26.1406
2022-07-25 01:00:00,2022-07-25 02:00:00,15.81,8.92,9.62,44.4264,26.1406
2022-07-25 02:00:00,2022-07-25 03:00:00,14.38,8.18,9.68,44.4264,26.1406
2022-07-25 03:00:00,2022-07-25 04:00:00,15.36,10.36,8.37,44.4264,26.1406
2022-07-25 04:00:00,2022-07-25 05:00:00,11.46,7.57,10.68,44.4264,26.1406
2022-07-25 05:00:00,2022-07-25 06:00:00,15.4,10.56,16.61,44.4264,26.1406
2022-07-25 06:00:00,2022-07-25 07:00:00,12.67,7.75,15.06,44.4264,26.1406
2022-07-25 07:00:00,2022-07-25 08:00:00,14.64,9.2,13.53,44.4264,26.1406
2022-07-25 08:00:00,2022-07-25 09:00:00,20.27,12.66,9.47,44.4264,26.1406
2022-07-25 09:00:00,2022-07-25 10:00:00,18.79,9.45,8.22,44.4264,26.1406
2022-07-25 10:00:00,2022-07-25 11:00:00,19.49,8.95,10.67,44.4264,26.1406
2022-07-25 11:00:00,2022-07-25 12:00:00,16.05,6.43,9.13,44.4264,26.1406
2022-07-25 12:00:00,2022-07-25 13:00:00,18.01,9.19,7.06,44.4264,26.1406
2022-07-25 13:00:00,2022-07-25 14:00:00,17.04,9.51,6.43,44.4264,26.1406
2022-07-25 14:00:00,2022-07-25 15:00:00,20.13,11.76,6.02,44.4264,26.1406
2022-07-25 15:00:00,2022-07-25 16:00:00,21.92,14.95,4.88,44.4264,26.1406
2022-07-25 16:00:00,2022-07-25 17:00:00,19.64,12.83,5.44,44.4264,26.1406
2022-07-25 17:00:00,2022-07-25 18:00:00,18.16,9.85,7.2,44.4264,26.1406
2022-07-25 18:00:00,2022-07-25 19:00:00,23.67,14.78,7.41,44.4264,26.1406
2022-07-25 19:00:00,2022-07-25 20:00:00,18.96,9.48,9.09,44.4264,26.1406
2022-07-25 20:00:00,2022-07-25 21:00:00,17.82,9.58,20.42,44.4264,26.1406
2022-07-25 21:00:00,2022-07-25 22:00:00,25.17,13.79,27.77,44.4264,26.1406
2022-07-25 22:00:00,2022-07-25 23:00:00,24.96,13.4,23.31,44.4264,26.1406
2022-07-25 23:00:00,2022-07-26 00:00:00,25.29,14.45,23.57,44.4264,26.1406
2022-07-26 00:00:00,2022-07-26 01:00:00,26.18,14.04,23.09,44.4264,26.1406
2022-07-26 02:00:00,2022-07-26 03:00:00,23.71,10.6,11.44,44.4264,26.1406
2022-07-26 03:00:00,2022-07-26 04:00:00,25.49,12.93,19.81,44.4264,26.1406
2022-07-26 04:00:00,2022-07-26 05:00:00,22.05,12.96,17.59,44.4264,26.1406
2022-07-26 05:00:00,2022-07-26 06:00:00,21.32,9.83,25.84,44.4264,26.1406
2022-07-26 06:00:00,2022-07-26 07:00:00,27.64,14.94,33.36,44.4264,26.1406
2022-07-26 07:00:00,2022-07-26 08:00:00,30.16,12.11,34.99,44.4264,26.1406
2022-07-26 08:00:00,2022-07-26 09:00:00,30.46,12.3,30.11,44.4264,26.1406
2022-07-26 09:00:00,2022-07-26 10:00:00,37.8,17.72,31.28,44.4264,26.1406
2022-07-26 10:00:00,2022-07-26 11:00:00,35.2,16.3,17.88,44.4264,26.1406
2022-07-26 11:00:00,2022-07-26 12:00:00,26.89,9.93,6.29,44.4264,26.1406
2022-07-26 12:00:00,2022-07-26 13:00:00,20.07,10.32,4.53,44.4264,26.1406
2022-07-26 13:00:00,2022-07-26 14:00:00,17.2,10.18,4.53,44.4264,26.1406
2022-07-26 14:00:00,2022-07-26 15:00:00,19.5,13.07,4.16,44.4264,26.1406
2022-07-26 15:00:00,2022-07-26 16:00:00,19.24,14.16,5.34,44.4264,26.1406
2022-07-26 16:00:00,2022-07-26 17:00:00,16.68,10.27,4.42,44.4264,26.1406
2022-07-26 17:00:00,2022-07-26 18:00:00,16.33,10.56,3.87,44.4264,26.1406
2022-07-26 18:00:00,2022-07-26 19:00:00,16.62,12.02,4.5,44.4264,26.1406
2022-07-26 19:00:00,2022-07-26 20:00:00,19.42,14.1,14.66,44.4264,26.1406
2022-07-26 20:00:00,2022-07-26 21:00:00,22.59,14.89,24.42,44.4264,26.1406
2022-07-26 21:00:00,2022-07-26 22:00:00,26.48,16.19,42.72,44.4264,26.1406
2022-07-26 22:00:00,2022-07-26 23:00:00,28.48,10.38,76.24,44.4264,26.1406
2022-07-26 23:00:00,2022-07-27 00:00:00,37.33,18.7,52.92,44.4264,26.1406
2022-07-27 00:00:00,2022-07-27 01:00:00,33.84,20.5,44.33,44.4264,26.1406
2022-07-27 01:00:00,2022-07-27 02:00:00,25.41,12.27,52.68,44.4264,26.1406
2022-07-27 03:00:00,2022-07-27 04:00:00,28.1,17.67,27.33,44.4264,26.1406
2022-07-27 04:00:00,2022-07-27 05:00:00,24.16,16.0,17.41,44.4264,26.1406
2022-07-27 05:00:00,2022-07-27 06:00:00,28.92,22.0,26.1,44.4264,26.1406
2022-07-27 06:00:00,2022-07-27 07:00:00,29.63,13.88,37.49,44.4264,26.1406
2022-07-27 07:00:00,2022-07-27 08:00:00,60.57,34.49,44.0,44.4264,26.1406
2022-07-27 08:00:00,2022-07-27 09:00:00,40.8,21.34,53.72,44.4264,26.1406
2022-07-27 09:00:00,2022-07-27 10:00:00,52.36,27.67,43.08,44.4264,26.1406
2022-07-27 10:00:00,2022-07-27 11:00:00,49.04,21.0,31.16,44.4264,26.1406
2022-07-27 11:00:00,2022-07-27 12:00:00,63.89,37.99,15.09,44.4264,26.1406
2022-07-27 15:00:00,2022-07-27 16:00:00,78.6,12.15,6.0,44.4264,26.1406
2022-07-27 17:00:00,2022-07-27 18:00:00,5.98,2.46,6.44,44.4264,26.1406
2022-07-27 18:00:00,2022-07-27 19:00:00,32.5,11.84,13.48,44.4264,26.1406
2022-07-27 19:00:00,2022-07-27 20:00:00,22.04,7.3,11.93,44.4264,26.1406
2022-07-27 20:00:00,2022-07-27 21:00:00,19.43,10.79,15.85,44.4264,26.1406
2022-07-27 21:00:00,2022-07-27 22:00:00,20.36,11.37,12.79,44.4264,26.1406
2022-07-27 22:00:00,2022-07-27 23:00:00,24.4,12.17,9.96,44.4264,26.1406
2022-07-27 23:00:00,2022-07-28 00:00:00,29.17,16.8,9.41,44.4264,26.1406
2022-07-28 00:00:00,2022-07-28 01:00:00,23.96,14.1,6.92,44.4264,26.1406
2022-07-28 01:00:00,2022-07-28 02:00:00,21.98,10.21,6.09,44.4264,26.1406
2022-07-28 02:00:00,2022-07-28 03:00:00,21.4,10.07,5.1,44.4264,26.1406
2022-07-28 03:00:00,2022-07-28 04:00:00,17.37,8.11,5.33,44.4264,26.1406
2022-07-28 04:00:00,2022-07-28 05:00:00,13.28,5.83,6.36,44.4264,26.1406
2022-07-28 05:00:00,2022-07-28 06:00:00,14.16,7.35,9.95,44.4264,26.1406
2022-07-28 06:00:00,2022-07-28 07:00:00,13.75,5.59,13.91,44.4264,26.1406
2022-07-28 07:00:00,2022-07-28 08:00:00,17.86,7.79,10.4,44.4264,26.1406
2022-07-28 08:00:00,2022-07-28 09:00:00,20.43,8.86,11.98,44.4264,26.1406
2022-07-28 09:00:00,2022-07-28 10:00:00,21.8,7.91,11.54,44.4264,26.1406
2022-07-28 10:00:00,2022-07-28 11:00:00,21.66,7.83,10.61,44.4264,26.1406
2022-07-28 11:00:00,2022-07-28 12:00:00,24.38,11.76,11.39,44.4264,26.1406
2022-07-28 12:00:00,2022-07-28 13:00:00,22.31,9.37,8.72,44.4264,26.1406
2022-07-28 13:00:00,2022-07-28 14:00:00,22.72,10.06,8.39,44.4264,26.1406
2022-07-28 14:00:00,2022-07-28 15:00:00,23.99,8.17,10.05,44.4264,26.1406
2022-07-28 16:00:00,2022-07-28 17:00:00,22.86,7.93,10.95,44.4264,26.1406
2022-07-28 17:00:00,2022-07-28 18:00:00,17.95,4.97,13.46,44.4264,26.1406
2022-07-28 18:00:00,2022-07-28 19:00:00,19.41,7.13,13.78,44.4264,26.1406
2022-07-28 19:00:00,2022-07-28 20:00:00,20.73,9.43,18.46,44.4264,26.1406
2022-07-28 20:00:00,2022-07-28 21:00:00,19.08,9.25,14.5,44.4264,26.1406
2022-07-28 21:00:00,2022-07-28 22:00:00,15.5,8.33,13.02,44.4264,26.1406
2022-07-28 22:00:00,2022-07-28 23:00:00,16.11,9.66,12.79,44.4264,26.1406
2022-07-28 23:00:00,2022-07-29 00:00:00,13.92,8.78,11.28,44.4264,26.1406
2022-07-29 00:00:00,2022-07-29 01:00:00,12.78,9.11,10.16,44.4264,26.1406
2022-07-29 01:00:00,2022-07-29 02:00:00,13.68,10.38,9.05,44.4264,26.1406
2022-07-29 02:00:00,2022-07-29 03:00:00,14.19,10.93,10.55,44.4264,26.1406
2022-07-29 03:00:00,2022-07-29 04:00:00,13.51,9.92,11.66,44.4264,26.1406
2022-07-29 04:00:00,2022-07-29 05:00:00,16.29,12.18,11.34,44.4264,26.1406
2022-07-29 05:00:00,2022-07-29 06:00:00,15.86,10.89,22.24,44.4264,26.1406
2022-07-29 06:00:00,2022-07-29 07:00:00,19.99,13.01,21.66,44.4264,26.1406
2022-07-29 07:00:00,2022-07-29 08:00:00,17.9,10.31,16.98,44.4264,26.1406
2022-07-29 08:00:00,2022-07-29 09:00:00,18.33,9.47,16.01,44.4264,26.1406
2022-07-29 09:00:00,2022-07-29 10:00:00,19.53,9.17,14.78,44.4264,26.1406
2022-07-29 10:00:00,2022-07-29 11:00:00,18.89,8.92,13.78,44.4264,26.1406
2022-07-29 11:00:00,2022-07-29 12:00:00,19.31,9.35,14.38,44.4264,26.1406
2022-07-29 12:00:00,2022-07-29 13:00:00,15.27,6.64,10.87,44.4264,26.1406
2022-07-29 13:00:00,2022-07-29 14:00:00,13.01,4.72,13.16,44.4264,26.1406
2022-07-29 14:00:00,2022-07-29 15:00:00,14.47,5.49,9.08,44.4264,26.1406
2022-07-29 15:00:00,2022-07-29 16:00:00,21.14,12.33,10.14,44.4264,26.1406
2022-07-29 17:00:00,2022-07-29 18:00:00,17.45,9.21,14.36,44.4264,26.1406
2022-07-29 18:00:00,2022-07-29 19:00:00,13.71,4.6,18.48,44.4264,26.1406
2022-07-29 19:00:00,2022-07-29 20:00:00,21.3,10.85,19.46,44.4264,26.1406
2022-07-29 20:00:00,2022-07-29 21:00:00,26.92,12.42,13.84,44.4264,26.1406
2022-07-29 21:00:00,2022-07-29 22:00:00,26.16,10.23,12.17,44.4264,26.1406
2022-07-29 22:00:00,2022-07-29 23:00:00,24.6,13.3,10.79,44.4264,26.1406
2022-07-29 23:00:00,2022-07-30 00:00:00,19.89,11.11,8.63,44.4264,26.1406
2022-07-30 00:00:00,2022-07-30 01:00:00,18.67,11.53,7.48,44.4264,26.1406
2022-07-30 01:00:00,2022-07-30 02:00:00,15.46,10.08,6.19,44.4264,26.1406
2022-07-30 02:00:00,2022-07-30 03:00:00,12.9,8.4,5.46,44.4264,26.1406
2022-07-30 03:00:00,2022-07-30 04:00:00,13.19,9.81,6.6,44.4264,26.1406
2022-07-30 04:00:00,2022-07-30 05:00:00,10.56,7.75,7.97,44.4264,26.1406
2022-07-30 05:00:00,2022-07-30 06:00:00,9.95,7.09,10.86,44.4264,26.1406
2022-07-30 06:00:00,2022-07-30 07:00:00,13.7,9.6,13.54,44.4264,26.1406
2022-07-30 07:00:00,2022-07-30 08:00:00,16.45,8.98,12.42,44.4264,26.1406
2022-07-30 08:00:00,2022-07-30 09:00:00,22.06,13.46,10.91,44.4264,26.1406
2022-07-30 09:00:00,2022-07-30 10:00:00,22.21,10.77,10.42,44.4264,26.1406
2022-07-30 10:00:00,2022-07-30 11:00:00,23.63,12.7,8.87,44.4264,26.1406
2022-07-30 11:00:00,2022-07-30 12:00:00,21.38,10.75,7.83,44.4264,26.1406
2022-07-30 12:00:00,2022-07-30 13:00:00,19.03,7.87,8.51,44.4264,26.1406
2022-07-30 13:00:00,2022-07-30 14:00:00,21.34,10.92,9.79,44.4264,26.1406
2022-07-30 14:00:00,2022-07-30 15:00:00,23.92,10.65,6.08,44.4264,26.1406
2022-07-30 15:00:00,2022-07-30 16:00:00,24.46,10.7,7.63,44.4264,26.1406
2022-07-30 16:00:00,2022-07-30 17:00:00,19.3,8.16,10.19,44.4264,26.1406
2022-07-30 18:00:00,2022-07-30 19:00:00,24.52,10.35,16.47,44.4264,26.1406
2022-07-30 19:00:00,2022-07-30 20:00:00,41.22,12.9,12.43,44.4264,26.1406
2022-07-30 20:00:00,2022-07-30 21:00:00,28.4,14.8,19.9,44.4264,26.1406
2022-07-30 21:00:00,2022-07-30 22:00:00,28.62,15.52,17.16,44.4264,26.1406
2022-07-30 22:00:00,2022-07-30 23:00:00,27.9,14.62,12.08,44.4264,26.1406
2022-07-30 23:00:00,2022-07-31 00:00:00,28.21,16.57,7.63,44.4264,26.1406
2022-07-31 00:00:00,2022-07-31 01:00:00,30.37,15.71,3.76,44.4264,26.1406
2022-07-31 01:00:00,2022-07-31 02:00:00,19.89,8.37,3.5,44.4264,26.1406
2022-07-31 02:00:00,2022-07-31 03:00:00,20.95,9.75,6.8,44.4264,26.1406
2022-07-31 03:00:00,2022-07-31 04:00:00,21.46,13.54,7.91,44.4264,26.1406
2022-07-31 04:00:00,2022-07-31 05:00:00,17.38,11.1,6.81,44.4264,26.1406
2022-07-31 05:00:00,2022-07-31 06:00:00,15.9,11.5,7.2,44.4264,26.1406
2022-07-31 06:00:00,2022-07-31 07:00:00,14.23,9.74,7.72,44.4264,26.1406
2022-07-31 07:00:00,2022-07-31 08:00:00,14.29,10.29,9.7,44.4264,26.1406
2022-07-31 08:00:00,2022-07-31 09:00:00,16.01,12.73,9.1,44.4264,26.1406
2022-07-31 09:00:00,2022-07-31 10:00:00,17.66,13.71,8.04,44.4264,26.1406
2022-07-31 10:00:00,2022-07-31 11:00:00,14.39,9.75,5.87,44.4264,26.1406
2022-07-31 11:00:00,2022-07-31 12:00:00,14.88,11.26,4.41,44.4264,26.1406
2022-07-31 12:00:00,2022-07-31 13:00:00,20.77,16.12,4.03,44.4264,26.1406
2022-07-31 13:00:00,2022-07-31 14:00:00,27.31,22.74,4.04,44.4264,26.1406
2022-07-31 14:00:00,2022-07-31 15:00:00,19.16,13.93,4.52,44.4264,26.1406
2022-07-31 15:00:00,2022-07-31 16:00:00,16.1,11.15,5.15,44.4264,26.1406
2022-07-31 16:00:00,2022-07-31 17:00:00,10.57,6.99,5.5,44.4264,26.1406
2022-07-31 17:00:00,2022-07-31 18:00:00,13.06,9.78,5.71,44.4264,26.1406
2022-07-31 19:00:00,2022-07-31 20:00:00,10.2,7.73,11.48,44.4264,26.1406
2022-07-31 20:00:00,2022-07-31 21:00:00,8.1,5.34,12.81,44.4264,26.1406
2022-07-31 21:00:00,2022-07-31 22:00:00,8.46,4.92,24.15,44.4264,26.1406
2022-07-31 22:00:00,2022-07-31 23:00:00,15.07,11.32,25.16,44.4264,26.1406
2022-07-31 23:00:00,2022-08-01 00:00:00,13.07,10.37,18.19,44.4264,26.1406
2022-08-01 00:00:00,2022-08-01 01:00:00,12.3,9.43,8.46,44.4264,26.1406
2022-08-01 01:00:00,2022-08-01 02:00:00,11.94,10.12,7.79,44.4264,26.1406
2022-08-01 02:00:00,2022-08-01 03:00:00,12.56,10.2,8.02,44.4264,26.1406
2022-08-01 03:00:00,2022-08-01 04:00:00,11.97,9.33,11.04,44.4264,26.1406
2022-08-01 04:00:00,2022-08-01 05:00:00,18.25,14.7,16.93,44.4264,26.1406
2022-08-01 05:00:00,2022-08-01 06:00:00,17.91,13.46,21.44,44.4264,26.1406
2022-08-01 06:00:00,2022-08-01 07:00:00,17.89,11.91,23.71,44.4264,26.1406
2022-08-01 07:00:00,2022-08-01 08:00:00,25.15,14.64,24.91,44.4264,26.1406
2022-08-01 08:00:00,2022-08-01 09:00:00,24.63,14.49,18.97,44.4264,26.1406
2022-08-01 09:00:00,2022-08-01 10:00:00,17.37,10.38,7.57,44.4264,26.1406
2022-08-01 10:00:00,2022-08-01 11:00:00,8.98,3.74,7.45,44.4264,26.1406
2022-08-01 11:00:00,2022-08-01 12:00:00,10.05,3.92,6.04,44.4264,26.1406
2022-08-01 12:00:00,2022-08-01 13:00:00,11.81,5.81,3.8,44.4264,26.1406
2022-08-01 13:00:00,2022-08-01 14:00:00,14.2,8.35,3.29,44.4264,26.1406
2022-08-01 14:00:00,2022-08-01 15:00:00,11.11,5.99,2.85,44.4264,26.1406
2022-08-01 15:00:00,2022-08-01 16:00:00,8.44,3.56,2.18,44.4264,26.1406
2022-08-01 16:00:00,2022-08-01 17:00:00,7.19,3.13,1.84,44.4264,26.1406
2022-08-01 17:00:00,2022-08-01 18:00:00,6.87,2.1,3.28,44.4264,26.1406
2022-08-01 18:00:00,2022-08-01 19:00:00,8.32,3.05,5.9,44.4264,26.1406
2022-08-01 20:00:00,2022-08-01 21:00:00,12.34,6.23,32.23,44.4264,26.1406
2022-08-01 21:00:00,2022-08-01 22:00:00,14.67,7.02,17.14,44.4264,26.1406
2022-08-01 22:00:00,2022-08-01 23:00:00,8.72,2.84,17.57,44.4264,26.1406
2022-08-01 23:00:00,2022-08-02 00:00:00,9.23,4.55,13.46,44.4264,26.1406
2022-08-02 00:00:00,2022-08-02 01:00:00,9.84,5.75,15.58,44.4264,26.1406
2022-08-02 01:00:00,2022-08-02 02:00:00,8.49,4.59,12.73,44.4264,26.1406
2022-08-02 02:00:00,2022-08-02 03:00:00,8.66,4.84,13.04,44.4264,26.1406
2022-08-02 03:00:00,2022-08-02 04:00:00,7.55,4.12,26.21,44.4264,26.1406
2022-08-02 04:00:00,2022-08-02 05:00:00,10.02,7.34,25.24,44.4264,26.1406
2022-08-02 05:00:00,2022-08-02 06:00:00,10.31,6.53,31.63,44.4264,26.1406
2022-08-02 06:00:00,2022-08-02 07:00:00,22.99,11.37,36.23,44.4264,26.1406
2022-08-02 07:00:00,2022-08-02 08:00:00,21.6,9.03,31.77,44.4264,26.1406
2022-08-02 08:00:00,2022-08-02 09:00:00,20.32,9.16,31.64,44.4264,26.1406
2022-08-02 09:00:00,2022-08-02 10:00:00,22.16,10.57,16.38,44.4264,26.1406
2022-08-02 10:00:00,2022-08-02 11:00:00,22.6,9.11,15.15,44.4264,26.1406
2022-08-02 11:00:00,2022-08-02 12:00:00,19.41,6.7,4.47,44.4264,26.1406
2022-08-02 12:00:00,2022-08-02 13:00:00,13.79,7.51,2.83,44.4264,26.1406
2022-08-02 13:00:00,2022-08-02 14:00:00,10.3,6.41,2.63,44.4264,26.1406
2022-08-02 14:00:00,2022-08-02 15:00:00,11.86,7.1,2.37,44.4264,26.1406
2022-08-02 15:00:00,2022-08-02 16:00:00,13.82,8.22,2.26,44.4264,26.1406
2022-08-02 16:00:00,2022-08-02 17:00:00,13.22,7.86,2.62,44.4264,26.1406
2022-08-02 17:00:00,2022-08-02 18:00:00,9.1,3.78,2.62,44.4264,26.1406
2022-08-02 18:00:00,2022-08-02 19:00:00,6.52,2.72,7.44,44.4264,26.1406
2022-08-02 19:00:00,2022-08-02 20:00:00,7.06,2.94,19.84,44.4264,26.1406
2022-08-02 21:00:00,2022-08-02 22:00:00,18.57,10.04,17.4,44.4264,26.1406
2022-08-02 22:00:00,2022-08-02 23:00:00,18.34,8.88,10.54,44.4264,26.1406
2022-08-02 23:00:00,2022-08-03 00:00:00,12.55,6.26,11.63,44.4264,26.1406
2022-08-03 00:00:00,2022-08-03 01:00:00,12.4,6.54,11.4,44.4264,26.1406
2022-08-03 01:00:00,2022-08-03 02:00:00,13.7,8.43,9.69,44.4264,26.1406
2022-08-03 02:00:00,2022-08-03 03:00:00,13.63,7.72,10.07,44.4264,26.1406
2022-08-03 03:00:00,2022-08-03 04:00:00,14.14,8.23,13.05,44.4264,26.1406
2022-08-03 04:00:00,2022-08-03 05:00:00,16.19,10.3,19.5,44.4264,26.1406
2022-08-03 05:00:00,2022-08-03 06:00:00,16.66,10.27,29.22,44.4264,26.1406
2022-08-03 06:00:00,2022-08-03 07:00:00,18.72,11.76,24.89,44.4264,26.1406
2022-08-03 07:00:00,2022-08-03 08:00:00,19.77,10.91,23.73,44.4264,26.1406
2022-08-03 08:00:00,2022-08-03 09:00:00,21.42,12.21,22.16,44.4264,26.1406
2022-08-03 09:00:00,2022-08-03 10:00:00,19.01,8.94,9.0,44.4264,26.1406
2022-08-03 10:00:00,2022-08-03 11:00:00,16.74,7.36,5.75,44.4264,26.1406
2022-08-03 11:00:00,2022-08-03 12:00:00,15.65,7.61,3.0,44.4264,26.1406
2022-08-03 12:00:00,2022-08-03 13:00:00,13.02,6.79,2.26,44.4264,26.1406
2022-08-03 13:00:00,2022-08-03 14:00:00,11.94,5.97,2.18,44.4264,26.1406
2022-08-03 14:00:00,2022-08-03 15:00:00,14.34,8.27,1.84,44.4264,26.1406
2022-08-03 15:00:00,2022-08-03 16:00:00,13.75,7.7,1.96,44.4264,26.1406
2022-08-03 16:00:00,2022-08-03 17:00:00,12.37,6.09,2.03,44.4264,26.1406
2022-08-03 17:00:00,2022-08-03 18:00:00,13.68,8.0,4.62,44.4264,26.1406
2022-08-03 18:00:00,2022-08-03 19:00:00,12.54,6.76,13.42,44.4264,26.1406
2022-08-03 19:00:00,2022-08-03 20:00:00,16.12,8.15,19.96,44.4264,26.1406
2022-08-03 20:00:00,2022-08-03 21:00:00,21.94,8.01,19.41,44.4264,26.1406
2022-08-03 22:00:00,2022-08-03 23:00:00,18.68,9.67,24.91,44.4264,26.1406
2022-08-03 23:00:00,2022-08-04 00:00:00,18.48,7.64,15.11,44.4264,26.1406
2022-08-04 00:00:00,2022-08-04 01:00:00,14.03,6.53,11.75,44.4264,26.1406
2022-08-04 01:00:00,2022-08-04 02:00:00,15.07,6.95,9.25,44.4264,26.1406
2022-08-04 02:00:00,2022-08-04 03:00:00,16.07,7.98,9.08,44.4264,26.1406
2022-08-04 03:00:00,2022-08-04 04:00:00,15.35,7.83,13.97,44.4264,26.1406
2022-08-04 04:00:00,2022-08-04 05:00:00,16.02,9.08,20.89,44.4264,26.1406
2022-08-04 05:00:00,2022-08-04 06:00:00,15.89,6.83,30.2,44.4264,26.1406
2022-08-04 06:00:00,2022-08-04 07:00:00,24.05,12.02,35.1,44.4264,26.1406
2022-08-04 07:00:00,2022-08-04 08:00:00,23.3,11.7,21.66,44.4264,26.1406
2022-08-04 08:00:00,2022-08-04 09:00:00,20.95,10.19,18.67,44.4264,26.1406
2022-08-04 09:00:00,2022-08-04 10:00:00,18.98,9.72,9.36,44.4264,26.1406
2022-08-04 10:00:00,2022-08-04 11:00:00,18.78,8.79,5.2,44.4264,26.1406
2022-08-04 11:00:00,2022-08-04 12:00:00,15.84,6.84,4.18,44.4264,26.1406
2022-08-04 12:00:00,2022-08-04 13:00:00,16.08,6.15,2.44,44.4264,26.1406
2022-08-04 13:00:00,2022-08-04 14:00:00,12.14,4.98,2.96,44.4264,26.1406
2022-08-04 14:00:00,2022-08-04 15:00:00,13.91,6.94,1.94,44.4264,26.1406
2022-08-04 15:00:00,2022-08-04 16:00:00,15.82,8.14,2.35,44.4264,26.1406
2022-08-04 16:00:00,2022-08-04 17:00:00,13.32,5.36,2.06,44.4264,26.1406
2022-08-04 17:00:00,2022-08-04 18:00:00,13.06,7.55,6.0,44.4264,26.1406
2022-08-04 18:00:00,2022-08-04 19:00:00,17.99,9.86,17.87,44.4264,26.1406
2022-08-04 19:00:00,2022-08-04 20:00:00,21.24,7.34,16.02,44.4264,26.1406
2022-08-04 20:00:00,2022-08-04 21:00:00,20.23,7.89,24.73,44.4264,26.1406
2022-08-04 21:00:00,2022-08-04 22:00:00,21.99,9.25,29.56,44.4264,26.1406
2022-08-04 23:00:00,2022-08-05 00:00:00,17.28,7.29,12.36,44.4264,26.1406
2022-08-05 00:00:00,2022-08-05 01:00:00,17.47,9.92,10.11,44.4264,26.1406
2022-08-05 01:00:00,2022-08-05 02:00:00,16.95,10.1,7.78,44.4264,26.1406
2022-08-05 02:00:00,2022-08-05 03:00:00,17.05,10.46,8.25,44.4264,26.1406
2022-08-05 03:00:00,2022-08-05 04:00:00,11.55,4.88,13.08,44.4264,26.1406
2022-08-05 04:00:00,2022-08-05 05:00:00,18.2,10.67,30.57,44.4264,26.1406
2022-08-05 05:00:00,2022-08-05 06:00:00,22.63,13.29,33.74,44.4264,26.1406
2022-08-05 06:00:00,2022-08-05 07:00:00,27.9,15.17,33.62,44.4264,26.1406
2022-08-05 07:00:00,2022-08-05 08:00:00,29.17,13.69,23.47,44.4264,26.1406
2022-08-05 08:00:00,2022-08-05 09:00:00,22.91,11.58,15.68,44.4264,26.1406
2022-08-05 09:00:00,2022-08-05 10:00:00,19.98,10.0,9.27,44.4264,26.1406
2022-08-05 10:00:00,2022-08-05 11:00:00,17.5,8.83,4.3,44.4264,26.1406
2022-08-05 11:00:00,2022-08-05 12:00:00,15.2,8.44,2.21,44.4264,26.1406
2022-08-05 12:00:00,2022-08-05 13:00:00,14.9,8.58,3.47,44.4264,26.1406
2022-08-05 13:00:00,2022-08-05 14:00:00,15.73,8.64,3.71,44.4264,26.1406
2022-08-05 14:00:00,2022-08-05 15:00:00,16.37,8.87,2.96,44.4264,26.1406
2022-08-05 15:00:00,2022-08-05 16:00:00,18.87,11.62,4.15,44.4264,26.1406
2022-08-05 16:00:00,2022-08-05 17:00:00,19.18,10.85,4.3,44.4264,26.1406
2022-08-05 17:00:00,2022-08-05 18:00:00,19.23,10.81,4.47,44.4264,26.1406
2022-08-05 18:00:00,2022-08-05 19:00:00,19.82,10.9,20.88,44.4264,26.1406
2022-08-05 19:00:00,2022-08-05 20:00:00,21.27,9.76,28.02,44.4264,26.1406
2022-08-05 20:00:00,2022-08-05 21:00:00,21.89,10.3,32.02,44.4264,26.1406
2022-08-05 21:00:00,2022-08-05 22:00:00,23.73,11.61,50.61,44.4264,26.1406
2022-08-05 22:00:00,2022-08-05 23:00:00,30.47,14.19,48.96,44.4264,26.1406
2022-08-06 00:00:00,2022-08-06 01:00:00,22.75,11.97,19.03,44.4264,26.1406
2022-08-06 01:00:00,2022-08-06 02:00:00,23.7,13.36,18.68,44.4264,26.1406
2022-08-06 02:00:00,2022-08-06 03:00:00,21.49,11.68,12.67,44.4264,26.1406
2022-08-06 03:00:00,2022-08-06 04:00:00,20.02,10.87,19.44,44.4264,26.1406
2022-08-06 04:00:00,2022-08-06 05:00:00,22.45,13.1,20.4,44.4264,26.1406
2022-08-06 05:00:00,2022-08-06 06:00:00,17.74,10.21,20.66,44.4264,26.1406
2022-08-06 06:00:00,2022-08-06 07:00:00,17.05,9.55,14.02,44.4264,26.1406
2022-08-06 07:00:00,2022-08-06 08:00:00,20.35,12.0,17.73,44.4264,26.1406
2022-08-06 08:00:00,2022-08-06 09:00:00,24.63,13.31,15.18,44.4264,26.1406
2022-08-06 09:00:00,2022-08-06 10:00:00,23.2,10.47,7.37,44.4264,26.1406
2022-08-06 10:00:00,2022-08-06 11:00:00,19.51,9.04,4.58,44.4264,26.1406
2022-08-06 11:00:00,2022-08-06 12:00:00,18.43,9.1,4.28,44.4264,26.1406
2022-08-06 12:00:00,2022-08-06 13:00:00,16.41,8.32,4.22,44.4264,26.1406
2022-08-06 13:00:00,2022-08-06 14:00:00,15.28,7.88,4.15,44.4264,26.1406
2022-08-06 14:00:00,2022-08-06 15:00:00,14.61,7.69,4.49,44.4264,26.1406
2022-08-06 15:00:00,2022-08-06 16:00:00,17.55,9.48,4.03,44.4264,26.1406
2022-08-06 16:00:00,2022-08-06 17:00:00,17.31,10.31,5.22,44.4264,26.1406
2022-08-06 17:00:00,2022-08-06 18:00:00,14.85,7.69,3.55,44.4264,26.1406
2022-08-06 18:00:00,2022-08-06 19:00:00,13.14,7.37,7.0,44.4264,26.1406
2022-08-06 19:00:00,2022-08-06 20:00:00,20.03,11.36,12.46,44.4264,26.1406
2022-08-06 20:00:00,2022-08-06 21:00:00,21.14,11.07,20.54,44.4264,26.1406
2022-08-06 21:00:00,2022-08-06 22:00:00,21.88,11.53,19.51,44.4264,26.1406
2022-08-06 22:00:00,2022-08-06 23:00:00,16.71,8.56,9.63,44.4264,26.1406
2022-08-06 23:00:00,2022-08-07 00:00:00,14.33,9.14,8.61,44.4264,26.1406
2022-08-07 01:00:00,2022-08-07 02:00:00,16.35,10.29,7.82,44.4264,26.1406
2022-08-07 02:00:00,2022-08-07 03:00:00,16.36,9.64,8.72,44.4264,26.1406
2022-08-07 03:00:00,2022-08-07 04:00:00,16.03,10.65,10.37,44.4264,26.1406
2022-08-07 04:00:00,2022-08-07 05:00:00,15.56,10.58,10.7,44.4264,26.1406
2022-08-07 05:00:00,2022-08-07 06:00:00,15.57,10.18,9.63,44.4264,26.1406
2022-08-07 06:00:00,2022-08-07 07:00:00,13.22,7.94,9.78,44.4264,26.1406
2022-08-07 07:00:00,2022-08-07 08:00:00,18.8,13.79,10.11,44.4264,26.1406
2022-08-07 08:00:00,2022-08-07 09:00:00,19.74,13.59,5.17,44.4264,26.1406
2022-08-07 09:00:00,2022-08-07 10:00:00,19.63,11.0,5.26,44.4264,26.1406
2022-08-07 10:00:00,2022-08-07 11:00:00,23.57,11.85,4.71,44.4264,26.1406
2022-08-07 11:00:00,2022-08-07 12:00:00,26.91,12.29,4.94,44.4264,26.1406
2022-08-07 12:00:00,2022-08-07 13:00:00,25.76,12.37,4.54,44.4264,26.1406
2022-08-07 13:00:00,2022-08-07 14:00:00,28.25,15.91,4.56,44.4264,26.1406
2022-08-07 14:00:00,2022-08-07 15:00:00,22.31,12.11,4.01,44.4264,26.1406
2022-08-07 15:00:00,2022-08-07 16:00:00,16.41,7.93,4.31,44.4264,26.1406
2022-08-07 16:00:00,2022-08-07 17:00:00,16.78,8.43,4.68,44.4264,26.1406
2022-08-07 17:00:00,2022-08-07 18:00:00,20.75,11.09,7.03,44.4264,26.1406
2022-08-07 18:00:00,2022-08-07 19:00:00,16.78,7.52,8.11,44.4264,26.1406
2022-08-07 19:00:00,2022-08-07 20:00:00,17.27,7.34,15.14,44.4264,26.1406
2022-08-07 20:00:00,2022-08-07 21:00:00,20.05,8.94,18.52,44.4264,26.1406
2022-08-07 21:00:00,2022-08-07 22:00:00,26.27,10.66,7.43,44.4264,26.1406
2022-08-07 22:00:00,2022-08-07 23:00:00,24.87,10.79,7.2,44.4264,26.1406
2022-08-07 23:00:00,2022-08-08 00:00:00,17.01,8.2,8.74,44.4264,26.1406
2022-08-08 00:00:00,2022-08-08 01:00:00,19.53,10.17,5.16,44.4264,26.1406
2022-08-08 02:00:00,2022-08-08 03:00:00,19.47,12.06,5.23,44.4264,26.1406
2022-08-08 03:00:00,2022-08-08 04:00:00,14.19,8.31,4.98,44.4264,26.1406
2022-08-08 04:00:00,2022-08-08 05:00:00,14.54,9.35,6.56,44.4264,26.1406
2022-08-08 05:00:00,2022-08-08 06:00:00,12.33,6.74,15.41,44.4264,26.1406
2022-08-08 06:00:00,2022-08-08 07:00:00,14.1,7.97,16.78,44.4264,26.1406
2022-08-08 07:00:00,2022-08-08 08:00:00,16.85,8.36,13.39,44.4264,26.1406
2022-08-08 08:00:00,2022-08-08 09:00:00,17.12,7.19,10.64,44.4264,26.1406
2022-08-08 09:00:00,2022-08-08 10:00:00,18.06,5.14,8.27,44.4264,26.1406
2022-08-08 10:00:00,2022-08-08 11:00:00,21.04,7.93,6.59,44.4264,26.1406
2022-08-08 11:00:00,2022-08-08 12:00:00,21.87,7.24,4.84,44.4264,26.1406
2022-08-08 12:00:00,2022-08-08 13:00:00,22.46,7.09,4.82,44.4264,26.1406
2022-08-08 13:00:00,2022-08-08 14:00:00,25.34,10.72,9.89,44.4264,26.1406
2022-08-08 14:00:00,2022-08-08 15:00:00,27.1,10.7,11.41,44.4264,26.1406
2022-08-08 15:00:00,2022-08-08 16:00:00,26.98,11.13,9.8,44.4264,26.1406
2022-08-08 16:00:00,2022-08-08 17:00:00,24.76,8.5,13.79,44.4264,26.1406
2022-08-08 17:00:00,2022-08-08 18:00:00,27.05,12.48,12.8,44.4264,26.1406
2022-08-08 18:00:00,2022-08-08 19:00:00,25.0,11.0,11.72,44.4264,26.1406
2022-08-08 19:00:00,2022-08-08 20:00:00,24.13,11.42,12.26,44.4264,26.1406
2022-08-08 20:00:00,2022-08-08 21:00:00,19.66,10.24,17.99,44.4264,26.1406
2022-08-08 21:00:00,2022-08-08 22:00:00,19.95,9.94,16.22,44.4264,26.1406
2022-08-08 22:00:00,2022-08-08 23:00:00,22.93,9.29,17.9,44.4264,26.1406
2022-08-08 23:00:00,2022-08-09 00:00:00,23.98,11.92,7.57,44.4264,26.1406
2022-08-09 00:00:00,2022-08-09 01:00:00,19.41,10.8,5.41,44.4264,26.1406
2022-08-09 01:00:00,2022-08-09 02:00:00,18.82,12.13,6.65,44.4264,26.1406
2022-08-09 03:00:00,2022-08-09 04:00:00,18.53,12.0,8.41,44.4264,26.1406
2022-08-09 04:00:00,2022-08-09 05:00:00,15.14,7.51,11.76,44.4264,26.1406
2022-08-09 05:00:00,2022-08-09 06:00:00,17.55,9.27,20.8,44.4264,26.1406
2022-08-09 06:00:00,2022-08-09 07:00:00,16.64,6.83,16.48,44.4264,26.1406
2022-08-09 07:00:00,2022-08-09 08:00:00,19.88,10.36,13.72,44.4264,26.1406
2022-08-09 08:00:00,2022-08-09 09:00:00,23.42,11.45,11.28,44.4264,26.1406
2022-08-09 09:00:00,2022-08-09 10:00:00,26.35,9.71,8.89,44.4264,26.1406
2022-08-09 10:00:00,2022-08-09 11:00:00,32.97,12.27,8.02,44.4264,26.1406
2022-08-09 11:00:00,2022-08-09 12:00:00,30.94,10.46,5.07,44.4264,26.1406
2022-08-09 12:00:00,2022-08-09 13:00:00,29.71,10.39,5.23,44.4264,26.1406
2022-08-09 13:00:00,2022-08-09 14:00:00,30.54,12.46,7.48,44.4264,26.1406
2022-08-09 14:00:00,2022-08-09 15:00:00,35.1,18.57,10.06,44.4264,26.1406
2022-08-09 15:00:00,2022-08-09 16:00:00,27.7,14.14,10.92,44.4264,26.1406
2022-08-09 16:00:00,2022-08-09 17:00:00,23.27,10.23,18.49,44.4264,26.1406
2022-08-09 17:00:00,2022-08-09 18:00:00,24.12,9.74,14.23,44.4264,26.1406
2022-08-09 18:00:00,2022-08-09 19:00:00,25.77,10.36,16.08,44.4264,26.1406
2022-08-09 19:00:00,2022-08-09 20:00:00,25.08,10.33,16.24,44.4264,26.1406
2022-08-09 20:00:00,2022-08-09 21:00:00,43.06,11.2,17.03,44.4264,26.1406
2022-08-09 21:00:00,2022-08-09 22:00:00,37.55,10.35,9.17,44.4264,26.1406
2022-08-09 22:00:00,2022-08-09 23:00:00,34.64,21.79,8.57,44.4264,26.1406
2022-08-09 23:00:00,2022-08-10 00:00:00,23.81,13.52,5.88,44.4264,26.1406
2022-08-10 00:00:00,2022-08-10 01:00:00,16.65,6.95,4.49,44.4264,26.1406
2022-08-10 01:00:00,2022-08-10 02:00:00,17.24,8.8,5.0,44.4264,26.1406
2022-08-10 02:00:00,2022-08-10 03:00:00,14.49,8.96,6.27,44.4264,26.1406
2022-08-10 04:00:00,2022-08-10 05:00:00,7.65,4.16,7.02,44.4264,26.1406
2022-08-10 05:00:00,2022-08-10 06:00:00,5.12,1.71,7.18,44.4264,26.1406
2022-08-10 06:00:00,2022-08-10 07:00:00,8.11,2.84,14.44,44.4264,26.1406
2022-08-10 07:00:00,2022-08-10 08:00:00,13.32,4.0,19.62,44.4264,26.1406
2022-08-10 08:00:00,2022-08-10 09:00:00,16.41,7.87,18.44,44.4264,26.1406
2022-08-10 09:00:00,2022-08-10 10:00:00,17.02,7.74,14.65,44.4264,26.1406
2022-08-10 10:00:00,2022-08-10 11:00:00,16.3,6.11,7.81,44.4264,26.1406
2022-08-10 11:00:00,2022-08-10 12:00:00,14.49,6.56,6.91,44.4264,26.1406
2022-08-10 12:00:00,2022-08-10 13:00:00,19.46,6.38,7.07,44.4264,26.1406
2022-08-10 13:00:00,2022-08-10 14:00:00,21.47,7.64,8.46,44.4264,26.1406
2022-08-10 14:00:00,2022-08-10 15:00:00,19.11,7.83,5.64,44.4264,26.1406
2022-08-10 15:00:00,2022-08-10 16:00:00,20.63,10.47,4.95,44.4264,26.1406
2022-08-10 16:00:00,2022-08-10 17:00:00,18.94,10.0,8.66,44.4264,26.1406
2022-08-10 17:00:00,2022-08-10 18:00:00,19.48,9.13,14.74,44.4264,26.1406
2022-08-10 18:00:00,2022-08-10 19:00:00,14.54,4.31,11.89,44.4264,26.1406
2022-08-10 19:00:00,2022-08-10 20:00:00,13.43,2.81,9.76,44.4264,26.1406
2022-08-10 20:00:00,2022-08-10 21:00:00,10.88,2.73,8.71,44.4264,26.1406
2022-08-10 21:00:00,2022-08-10 22:00:00,10.05,4.86,7.61,44.4264,26.1406
2022-08-10 22:00:00,2022-08-10 23:00:00,11.47,6.91,6.3,44.4264,26.1406
2022-08-10 23:00:00,2022-08-11 00:00:00,7.91,4.89,6.07,44.4264,26.1406
2022-08-11 00:00:00,2022-08-11 01:00:00,8.71,5.42,7.34,44.4264,26.1406
2022-08-11 01:00:00,2022-08-11 02:00:00,8.4,4.73,7.03,44.4264,26.1406
2022-08-11 02:00:00,2022-08-11 03:00:00,10.34,4.05,9.62,44.4264,26.1406
2022-08-11 03:00:00,2022-08-11 04:00:00,16.51,7.39,12.76,44.4264,26.1406
2022-08-11 05:00:00,2022-08-11 06:00:00,18.55,9.17,20.04,44.4264,26.1406
2022-08-11 06:00:00,2022-08-11 07:00:00,15.74,7.2,20.4,44.4264,26.1406
2022-08-11 07:00:00,2022-08-11 08:00:00,18.86,5.81,16.86,44.4264,26.1406
2022-08-11 08:00:00,2022-08-11 09:00:00,18.87,5.9,14.11,44.4264,26.1406
2022-08-11 09:00:00,2022-08-11 10:00:00,22.1,10.45,5.59,44.4264,26.1406
2022-08-11 10:00:00,2022-08-11 11:00:00,13.78,7.3,3.05,44.4264,26.1406
2022-08-11 11:00:00,2022-08-11 12:00:00,13.08,7.99,2.71,44.4264,26.1406
2022-08-11 12:00:00,2022-08-11 13:00:00,12.89,8.41,2.89,44.4264,26.1406
2022-08-11 13:00:00,2022-08-11 14:00:00,10.01,5.09,2.73,44.4264,26.1406
2022-08-11 14:00:00,2022-08-11 15:00:00,11.8,6.77,5.36,44.4264,26.1406
2022-08-11 15:00:00,2022-08-11 16:00:00,14.92,8.76,6.57,44.4264,26.1406
2022-08-11 16:00:00,2022-08-11 17:00:00,14.74,7.64,12.34,44.4264,26.1406
2022-08-11 17:00:00,2022-08-11 18:00:00,18.32,9.48,15.44,44.4264,26.1406
2022-08-11 18:00:00,2022-08-11 19:00:00,16.48,8.2,25.89,44.4264,26.1406
2022-08-11 19:00:00,2022-08-11 20:00:00,16.52,6.66,17.34,44.4264,26.1406
2022-08-11 20:00:00,2022-08-11 21:00:00,21.48,8.63,18.38,44.4264,26.1406
2022-08-11 21:00:00,2022-08-11 22:00:00,21.17,9.91,19.31,44.4264,26.1406
2022-08-11 22:00:00,2022-08-11 23:00:00,21.78,11.76,18.92,44.4264,26.1406
2022-08-11 23:00:00,2022-08-12 00:00:00,19.07,10.25,17.67,44.4264,26.1406
2022-08-12 00:00:00,2022-08-12 01:00:00,19.13,10.67,15.22,44.4264,26.1406
2022-08-12 01:00:00,2022-08-12 02:00:00,14.36,7.56,8.85,44.4264,26.1406
2022-08-12 02:00:00,2022-08-12 03:00:00,11.87,5.62,17.44,44.4264,26.1406
2022-08-12 03:00:00,2022-08-12 04:00:00,12.28,6.06,18.78,44.4264,26.1406
2022-08-12 04:00:00,2022-08-12 05:00:00,12.74,8.03,16.64,44.4264,26.1406
2022-08-12 06:00:00,2022-08-12 07:00:00,20.26,10.15,29.32,44.4264,26.1406
2022-08-12 07:00:00,2022-08-12 08:00:00,25.46,11.51,28.54,44.4264,26.1406
2022-08-12 08:00:00,2022-08-12 09:00:00,24.98,10.81,19.08,44.4264,26.1406
2022-08-12 09:00:00,2022-08-12 10:00:00,19.29,9.58,13.13,44.4264,26.1406
2022-08-12 10:00:00,2022-08-12 11:00:00,16.41,6.4,3.95,44.4264,26.1406
2022-08-12 11:00:00,2022-08-12 12:00:00,15.31,6.64,2.75,44.4264,26.1406
2022-08-12 12:00:00,2022-08-12 13:00:00,19.27,8.16,2.6,44.4264,26.1406
2022-08-12 13:00:00,2022-08-12 14:00:00,17.48,6.19,3.27,44.4264,26.1406
2022-08-12 14:00:00,2022-08-12 15:00:00,15.51,7.52,2.96,44.4264,26.1406
2022-08-12 15:00:00,2022-08-12 16:00:00,18.21,9.52,7.04,44.4264,26.1406
2022-08-12 16:00:00,2022-08-12 17:00:00,18.42,8.69,5.6,44.4264,26.1406
2022-08-12 17:00:00,2022-08-12 18:00:00,19.25,6.11,10.15,44.4264,26.1406
2022-08-12 18:00:00,2022-08-12 19:00:00,23.87,9.44,13.28,44.4264,26.1406
2022-08-12 19:00:00,2022-08-12 20:00:00,28.35,13.27,12.91,44.4264,26.1406
2022-08-12 20:00:00,2022-08-12 21:00:00,22.32,11.89,12.8,44.4264,26.1406
2022-08-12 21:00:00,2022-08-12 22:00:00,19.52,8.83,11.06,44.4264,26.1406
2022-08-12 22:00:00,2022-08-12 23:00:00,18.79,10.38,9.42,44.4264,26.1406
2022-08-12 23:00:00,2022-08-13 00:00:00,19.5,12.92,8.17,44.4264,26.1406
2022-08-13 00:00:00,2022-08-13 01:00:00,19.4,13.1,6.8,44.4264,26.1406
2022-08-13 01:00:00,2022-08-13 02:00:00,18.74,13.44,7.37,44.4264,26.1406
2022-08-13 02:00:00,2022-08-13 03:00:00,16.7,11.39,9.8,44.4264,26.1406
2022-08-13 03:00:00,2022-08-13 04:00:00,16.89,11.99,9.94,44.4264,26.1406
2022-08-13 04:00:00,2022-08-13 05:00:00,19.37,14.13,14.01,44.4264,26.1406
2022-08-13 05:00:00,2022-08-13 06:00:00,18.4,12.64,32.12,44.4264,26.1406
2022-08-13 07:00:00,2022-08-13 08:00:00,28.66,17.48,25.57,44.4264,26.1406
2022-08-13 08:00:00,2022-08-13 09:00:00,25.58,15.31,16.56,44.4264,26.1406
2022-08-13 09:00:00,2022-08-13 10:00:00,21.04,13.64,11.06,44.4264,26.1406
2022-08-13 10:00:00,2022-08-13 11:00:00,20.8,13.2,6.99,44.4264,26.1406
2022-08-13 11:00:00,2022-08-13 12:00:00,17.96,11.06,4.1,44.4264,26.1406
2022-08-13 12:00:00,2022-08-13 13:00:00,20.12,13.24,2.87,44.4264,26.1406
2022-08-13 13:00:00,2022-08-13 14:00:00,20.33,13.98,2.48,44.4264,26.1406
2022-08-13 14:00:00,2022-08-13 15:00:00,18.35,12.53,2.84,44.4264,26.1406
2022-08-13 15:00:00,2022-08-13 16:00:00,19.48,13.19,2.32,44.4264,26.1406
2022-08-13 16:00:00,2022-08-13 17:00:00,19.98,13.34,2.57,44.4264,26.1406
2022-08-13 17:00:00,2022-08-13 18:00:00,18.64,11.83,2.55,44.4264,26.1406
2022-08-13 18:00:00,2022-08-13 19:00:00,16.4,9.68,6.82,44.4264,26.1406
2022-08-13 19:00:00,2022-08-13 20:00:00,18.48,10.47,22.6,44.4264,26.1406
2022-08-13 20:00:00,2022-08-13 21:00:00,23.25,11.98,29.26,44.4264,26.1406
2022-08-13 21:00:00,2022-08-13 22:00:00,28.88,14.07,14.42,44.4264,26.1406
2022-08-13 22:00:00,2022-08-13 23:00:00,27.36,15.45,6.32,44.4264,26.1406
2022-08-13 23:00:00,2022-08-14 00:00:00,24.59,12.18,7.4,44.4264,26.1406
2022-08-14 00:00:00,2022-08-14 01:00:00,29.98,10.77,6.44,44.4264,26.1406
2022-08-14 01:00:00,2022-08-14 02:00:00,23.24,14.67,6.75,44.4264,26.1406
2022-08-14 02:00:00,2022-08-14 03:00:00,15.66,9.68,15.17,44.4264,26.1406
2022-08-14 03:00:00,2022-08-14 04:00:00,13.67,9.42,11.08,44.4264,26.1406
2022-08-14 04:00:00,2022-08-14 05:00:00,15.01,10.76,11.02,44.4264,26.1406
2022-08-14 05:00:00,2022-08-14 06:00:00,15.97,11.12,13.05,44.4264,26.1406
2022-08-14 06:00:00,2022-08-14 07:00:00,19.1,13.45,12.39,44.4264,26.1406
2022-08-14 08:00:00,2022-08-14 09:00:00,23.08,15.34,18.35,44.4264,26.1406
2022-08-14 09:00:00,2022-08-14 10:00:00,26.35,16.57,5.92,44.4264,26.1406
2022-08-14 10:00:00,2022-08-14 11:00:00,16.64,8.17,3.82,44.4264,26.1406
2022-08-14 11:00:00,2022-08-14 12:00:00,10.64,5.99,4.33,44.4264,26.1406
2022-08-14 12:00:00,2022-08-14 13:00:00,11.61,8.03,7.73,44.4264,26.1406
2022-08-14 13:00:00,2022-08-14 14:00:00,13.08,9.21,4.76,44.4264,26.1406
2022-08-14 14:00:00,2022-08-14 15:00:00,11.66,8.08,2.83,44.4264,26.1406
2022-08-14 15:00:00,2022-08-14 16:00:00,17.18,11.76,3.21,44.4264,26.1406
2022-08-14 16:00:00,2022-08-14 17:00:00,19.65,13.15,4.45,44.4264,26.1406
2022-08-14 17:00:00,2022-08-14 18:00:00,14.25,8.14,6.04,44.4264,26.1406
2022-08-14 18:00:00,2022-08-14 19:00:00,12.87,8.12,5.46,44.4264,26.1406
2022-08-14 19:00:00,2022-08-14 20:00:00,13.69,8.22,7.36,44.4264,26.1406
2022-08-14 20:00:00,2022-08-14 21:00:00,12.21,7.76,9.66,44.4264,26.1406
2022-08-14 21:00:00,2022-08-14 22:00:00,12.65,8.33,8.56,44.4264,26.1406
2022-08-14 22:00:00,2022-08-14 23:00:00,10.99,7.68,7.11,44.4264,26.1406
2022-08-14 23:00:00,2022-08-15 00:00:00,10.12,6.31,6.45,44.4264,26.1406
2022-08-15 00:00:00,2022-08-15 01:00:00,11.47,8.91,6.2,44.4264,26.1406
2022-08-15 01:00:00,2022-08-15 02:00:00,13.47,11.05,5.46,44.4264,26.1406
2022-08-15 02:00:00,2022-08-15 03:00:00,13.27,10.15,5.02,44.4264,26.1406
2022-08-15 03:00:00,2022-08-15 04:00:00,12.4,8.61,5.26,44.4264,26.1406
2022-08-15 04:00:00,2022-08-15 05:00:00,14.66,10.57,5.93,44.4264,26.1406
2022-08-15 05:00:00,2022-08-15 06:00:00,15.03,11.23,8.47,44.4264,26.1406
2022-08-15 06:00:00,2022-08-15 07:00:00,16.55,13.3,10.52,44.4264,26.1406
2022-08-15 07:00:00,2022-08-15 08:00:00,19.86,16.06,13.26,44.4264,26.1406
2022-08-15 09:00:00,2022-08-15 10:00:00,17.34,15.46,12.97,44.4264,26.1406
2022-08-15 10:00:00,2022-08-15 11:00:00,14.88,13.2,7.46,44.4264,26.1406
2022-08-15 11:00:00,2022-08-15 12:00:00,17.69,14.84,5.89,44.4264,26.1406
2022-08-15 12:00:00,2022-08-15 13:00:00,16.87,14.87,4.55,44.4264,26.1406
2022-08-15 13:00:00,2022-08-15 14:00:00,11.32,9.5,3.93,44.4264,26.1406
2022-08-15 14:00:00,2022-08-15 15:00:00,11.09,9.97,3.14,44.4264,26.1406
2022-08-15 15:00:00,2022-08-15 16:00:00,12.6,10.95,3.34,44.4264,26.1406
2022-08-15 16:00:00,2022-08-15 17:00:00,13.56,10.68,3.2,44.4264,26.1406
2022-08-15 17:00:00,2022-08-15 18:00:00,14.72,11.94,4.48,44.4264,26.1406
2022-08-15 18:00:00,2022-08-15 19:00:00,15.89,11.65,7.34,44.4264,26.1406
2022-08-15 19:00:00,2022-08-15 20:00:00,15.88,9.67,17.93,44.4264,26.1406
2022-08-15 20:00:00,2022-08-15 21:00:00,14.1,6.66,22.21,44.4264,26.1406
2022-08-15 21:00:00,2022-08-15 22:00:00,17.36,10.01,23.31,44.4264,26.1406
2022-08-15 22:00:00,2022-08-15 23:00:00,20.03,13.04,21.29,44.4264,26.1406
2022-08-15 23:00:00,2022-08-16 00:00:00,16.26,9.8,30.36,44.4264,26.1406
2022-08-16 00:00:00,2022-08-16 01:00:00,16.76,9.12,20.28,44.4264,26.1406
2022-08-16 01:00:00,2022-08-16 02:00:00,16.64,11.39,20.73,44.4264,26.1406
2022-08-16 02:00:00,2022-08-16 03:00:00,13.43,8.35,16.06,44.4264,26.1406
2022-08-16 03:00:00,2022-08-16 04:00:00,15.94,11.81,15.53,44.4264,26.1406
2022-08-16 04:00:00,2022-08-16 05:00:00,16.41,12.63,15.74,44.4264,26.1406
2022-08-16 05:00:00,2022-08-16 06:00:00,19.74,15.59,25.43,44.4264,26.1406
2022-08-16 06:00:00,2022-08-16 07:00:00,22.48,16.0,23.23,44.4264,26.1406
2022-08-16 07:00:00,2022-08-16 08:00:00,25.06,14.78,29.01,44.4264,26.1406
2022-08-16 08:00:00,2022-08-16 09:00:00,21.91,11.24,15.54,44.4264,26.1406
2022-08-16 10:00:00,2022-08-16 11:00:00,19.9,10.99,12.61,44.4264,26.1406
2022-08-16 11:00:00,2022-08-16 12:00:00,25.17,15.77,8.46,44.4264,26.1406
2022-08-16 12:00:00,2022-08-16 13:00:00,22.25,13.26,6.3,44.4264,26.1406
2022-08-16 13:00:00,2022-08-16 14:00:00,21.79,13.43,7.51,44.4264,26.1406
2022-08-16 14:00:00,2022-08-16 15:00:00,19.49,12.76,7.96,44.4264,26.1406
2022-08-16 15:00:00,2022-08-16 16:00:00,20.62,14.15,10.32,44.4264,26.1406
2022-08-16 16:00:00,2022-08-16 17:00:00,24.2,16.72,6.2,44.4264,26.1406
2022-08-16 17:00:00,2022-08-16 18:00:00,26.02,16.75,11.01,44.4264,26.1406
2022-08-16 18:00:00,2022-08-16 19:00:00,17.47,9.58,12.37,44.4264,26.1406
2022-08-16 19:00:00,2022-08-16 20:00:00,17.59,7.93,28.51,44.4264,26.1406
2022-08-16 20:00:00,2022-08-16 21:00:00,18.13,9.33,32.67,44.4264,26.1406
2022-08-16 21:00:00,2022-08-16 22:00:00,21.97,13.87,27.37,44.4264,26.1406
2022-08-16 22:00:00,2022-08-16 23:00:00,25.83,17.54,64.3,44.4264,26.1406
2022-08-16 23:00:00,2022-08-17 00:00:00,33.03,17.66,58.36,44.4264,26.1406
2022-08-17 00:00:00,2022-08-17 01:00:00,31.74,18.65,22.24,44.4264,26.1406
2022-08-17 01:00:00,2022-08-17 02:00:00,26.31,16.83,21.28,44.4264,26.1406
2022-08-17 02:00:00,2022-08-17 03:00:00,24.62,13.93,39.57,44.4264,26.1406
2022-08-17 03:00:00,2022-08-17 04:00:00,26.61,14.31,30.48,44.4264,26.1406
2022-08-17 04:00:00,2022-08-17 05:00:00,26.84,15.95,19.93,44.4264,26.1406
2022-08-17 05:00:00,2022-08-17 06:00:00,22.02,15.43,20.53,44.4264,26.1406
2022-08-17 06:00:00,2022-08-17 07:00:00,23.14,16.83,21.98,44.4264,26.1406
2022-08-17 07:00:00,2022-08-17 08:00:00,19.22,11.9,21.75,44.4264,26.1406
2022-08-17 08:00:00,2022-08-17 09:00:00,26.89,13.63,32.26,44.4264,26.1406
2022-08-17 09:00:00,2022-08-17 10:00:00,30.03,15.3,18.32,44.4264,26.1406
2022-08-17 11:00:00,2022-08-17 12:00:00,19.84,11.98,10.54,44.4264,26.1406
2022-08-17 12:00:00,2022-08-17 13:00:00,18.34,11.17,7.52,44.4264,26.1406
2022-08-17 13:00:00,2022-08-17 14:00:00,21.17,13.38,7.66,44.4264,26.1406
2022-08-17 14:00:00,2022-08-17 15:00:00,19.81,11.93,3.94,44.4264,26.1406
2022-08-17 15:00:00,2022-08-17 16:00:00,20.06,12.49,4.63,44.4264,26.1406
2022-08-17 16:00:00,2022-08-17 17:00:00,26.67,13.23,7.78,44.4264,26.1406
2022-08-17 17:00:00,2022-08-17 18:00:00,18.69,8.25,11.03,44.4264,26.1406
2022-08-17 18:00:00,2022-08-17 19:00:00,14.56,6.84,13.34,44.4264,26.1406
2022-08-17 19:00:00,2022-08-17 20:00:00,18.06,7.15,21.11,44.4264,26.1406
2022-08-17 20:00:00,2022-08-17 21:00:00,26.49,12.91,30.86,44.4264,26.1406
2022-08-17 21:00:00,2022-08-17 22:00:00,31.65,15.86,74.04,44.4264,26.1406
2022-08-17 22:00:00,2022-08-17 23:00:00,25.37,11.71,51.78,44.4264,26.1406
2022-08-17 23:00:00,2022-08-18 00:00:00,22.09,11.54,33.71,44.4264,26.1406
2022-08-18 00:00:00,2022-08-18 01:00:00,18.13,9.32,11.32,44.4264,26.1406
2022-08-18 01:00:00,2022-08-18 02:00:00,15.66,9.02,9.02,44.4264,26.1406
2022-08-18 02:00:00,2022-08-18 03:00:00,17.59,11.67,12.23,44.4264,26.1406
2022-08-18 03:00:00,2022-08-18 04:00:00,16.32,9.9,14.49,44.4264,26.1406
2022-08-18 04:00:00,2022-08-18 05:00:00,18.87,13.09,16.59,44.4264,26.1406
2022-08-18 05:00:00,2022-08-18 06:00:00,17.49,11.39,26.46,44.4264,26.1406
2022-08-18 06:00:00,2022-08-18 07:00:00,20.54,12.22,36.59,44.4264,26.1406
2022-08-18 07:00:00,2022-08-18 08:00:00,26.75,15.13,33.35,44.4264,26.1406
2022-08-18 08:00:00,2022-08-18 09:00:00,24.13,13.86,32.08,44.4264,26.1406
2022-08-18 09:00:00,2022-08-18 10:00:00,24.75,13.47,25.47,44.4264,26.1406
2022-08-18 10:00:00,2022-08-18 11:00:00,25.19,14.53,14.81,44.4264,26.1406
2022-08-18 12:00:00,2022-08-18 13:00:00,25.78,14.12,11.12,44.4264,26.1406
2022-08-18 13:00:00,2022-08-18 14:00:00,26.01,13.69,13.22,44.4264,26.1406
2022-08-18 14:00:00,2022-08-18 15:00:00,24.19,13.13,7.7,44.4264,26.1406
2022-08-18 15:00:00,2022-08-18 16:00:00,24.09,13.05,20.76,44.4264,26.1406
2022-08-18 16:00:00,2022-08-18 17:00:00,29.19,15.48,18.03,44.4264,26.1406
2022-08-18 17:00:00,2022-08-18 18:00:00,32.98,16.07,20.11,44.4264,26.1406
2022-08-18 18:00:00,2022-08-18 19:00:00,27.84,13.09,24.01,44.4264,26.1406
2022-08-18 19:00:00,2022-08-18 20:00:00,27.35,14.48,23.65,44.4264,26.1406
2022-08-18 20:00:00,2022-08-18 21:00:00,29.76,16.35,28.97,44.4264,26.1406
2022-08-18 21:00:00,2022-08-18 22:00:00,28.86,15.8,22.35,44.4264,26.1406
2022-08-18 22:00:00,2022-08-18 23:00:00,22.87,12.31,24.02,44.4264,26.1406
2022-08-18 23:00:00,2022-08-19 00:00:00,20.08,11.19,24.94,44.4264,26.1406
2022-08-19 00:00:00,2022-08-19 01:00:00,21.33,12.2,33.54,44.4264,26.1406
2022-08-19 01:00:00,2022-08-19 02:00:00,23.42,13.6,26.05,44.4264,26.1406
2022-08-19 02:00:00,2022-08-19 03:00:00,23.06,13.68,29.15,44.4264,26.1406
2022-08-19 03:00:00,2022-08-19 04:00:00,24.47,15.57,27.65,44.4264,26.1406
2022-08-19 04:00:00,2022-08-19 05:00:00,25.11,15.84,26.81,44.4264,26.1406
2022-08-19 05:00:00,2022-08-19 06:00:00,25.66,15.17,32.77,44.4264,26.1406
2022-08-19 06:00:00,2022-08-19 07:00:00,30.86,17.92,32.91,44.4264,26.1406
2022-08-19 07:00:00,2022-08-19 08:00:00,33.43,18.57,31.62,44.4264,26.1406
2022-08-19 08:00:00,2022-08-19 09:00:00,30.02,15.91,12.14,44.4264,26.1406
2022-08-19 09:00:00,2022-08-19 10:00:00,23.93,13.26,7.54,44.4264,26.1406
2022-08-19 10:00:00,2022-08-19 11:00:00,23.42,12.09,4.69,44.4264,26.1406
2022-08-19 11:00:00,2022-08-19 12:00:00,25.71,14.76,2.76,44.4264,26.1406
2022-08-19 13:00:00,2022-08-19 14:00:00,18.97,12.26,4.25,44.4264,26.1406
2022-08-19 14:00:00,2022-08-19 15:00:00,20.95,14.31,3.39,44.4264,26.1406
2022-08-19 15:00:00,2022-08-19 16:00:00,20.67,13.86,4.44,44.4264,26.1406
2022-08-19 16:00:00,2022-08-19 17:00:00,23.1,14.14,5.38,44.4264,26.1406
2022-08-19 17:00:00,2022-08-19 18:00:00,21.72,11.23,11.77,44.4264,26.1406
2022-08-19 18:00:00,2022-08-19 19:00:00,23.04,11.01,18.11,44.4264,26.1406
2022-08-19 19:00:00,2022-08-19 20:00:00,33.74,13.48,32.0,44.4264,26.1406
2022-08-19 20:00:00,2022-08-19 21:00:00,37.11,13.22,29.77,44.4264,26.1406
2022-08-19 21:00:00,2022-08-19 22:00:00,37.35,13.49,36.82,44.4264,26.1406
2022-08-19 22:00:00,2022-08-19 23:00:00,39.05,15.32,40.81,44.4264,26.1406
2022-08-19 23:00:00,2022-08-20 00:00:00,34.6,11.73,28.63,44.4264,26.1406
2022-08-20 00:00:00,2022-08-20 01:00:00,36.57,14.02,35.4,44.4264,26.1406
2022-08-20 01:00:00,2022-08-20 02:00:00,37.45,15.39,26.33,44.4264,26.1406
2022-08-20 02:00:00,2022-08-20 03:00:00,34.96,15.14,18.07,44.4264,26.1406
2022-08-20 03:00:00,2022-08-20 04:00:00,28.72,13.1,19.53,44.4264,26.1406
2022-08-20 04:00:00,2022-08-20 05:00:00,25.93,12.79,21.35,44.4264,26.1406
2022-08-20 05:00:00,2022-08-20 06:00:00,26.76,14.55,25.1,44.4264,26.1406
2022-08-20 06:00:00,2022-08-20 07:00:00,29.4,16.24,32.28,44.4264,26.1406
2022-08-20 07:00:00,2022-08-20 08:00:00,28.73,15.06,19.09,44.4264,26.1406
2022-08-20 08:00:00,2022-08-20 09:00:00,30.87,13.75,14.33,44.4264,26.1406
2022-08-20 09:00:00,2022-08-20 10:00:00,37.16,17.24,12.99,44.4264,26.1406
2022-08-20 10:00:00,2022-08-20 11:00:00,34.88,12.43,11.6,44.4264,26.1406
2022-08-20 11:00:00,2022-08-20 12:00:00,31.2,9.2,7.52,44.4264,26.1406
2022-08-20 12:00:00,2022-08-20 13:00:00,33.37,12.33,5.45,44.4264,26.1406
2022-08-20 14:00:00,2022-08-20 15:00:00,31.75,11.63,5.04,44.4264,26.1406
2022-08-20 15:00:00,2022-08-20 16:00:00,28.12,9.92,5.61,44.4264,26.1406
2022-08-20 16:00:00,2022-08-20 17:00:00,29.36,12.13,3.36,44.4264,26.1406
2022-08-20 17:00:00,2022-08-20 18:00:00,30.13,10.56,6.11,44.4264,26.1406
2022-08-20 18:00:00,2022-08-20 19:00:00,31.33,10.79,9.68,44.4264,26.1406
2022-08-20 19:00:00,2022-08-20 20:00:00,32.52,10.87,36.57,44.4264,26.1406
2022-08-20 20:00:00,2022-08-20 21:00:00,38.51,13.24,35.52,44.4264,26.1406
2022-08-20 21:00:00,2022-08-20 22:00:00,39.98,13.43,19.48,44.4264,26.1406
2022-08-20 22:00:00,2022-08-20 23:00:00,38.95,14.01,13.34,44.4264,26.1406
2022-08-20 23:00:00,2022-08-21 00:00:00,30.91,13.97,15.28,44.4264,26.1406
2022-08-21 00:00:00,2022-08-21 01:00:00,27.14,12.29,9.58,44.4264,26.1406
2022-08-21 01:00:00,2022-08-21 02:00:00,23.16,11.07,11.7,44.4264,26.1406
2022-08-21 02:00:00,2022-08-21 03:00:00,24.32,12.9,16.37,44.4264,26.1406
2022-08-21 03:00:00,2022-08-21 04:00:00,25.43,13.16,17.0,44.4264,26.1406
2022-08-21 04:00:00,2022-08-21 05:00:00,27.68,12.78,15.25,44.4264,26.1406
2022-08-21 05:00:00,2022-08-21 06:00:00,28.93,13.02,24.8,44.4264,26.1406
2022-08-21 06:00:00,2022-08-21 07:00:00,30.28,14.06,22.12,44.4264,26.1406
2022-08-21 07:00:00,2022-08-21 08:00:00,30.23,15.71,13.99,44.4264,26.1406
2022-08-21 08:00:00,2022-08-21 09:00:00,23.71,11.5,7.97,44.4264,26.1406
2022-08-21 09:00:00,2022-08-21 10:00:00,23.89,10.02,7.01,44.4264,26.1406
2022-08-21 10:00:00,2022-08-21 11:00:00,26.27,11.29,8.52,44.4264,26.1406
2022-08-21 11:00:00,2022-08-21 12:00:00,28.08,12.11,9.15,44.4264,26.1406
2022-08-21 12:00:00,2022-08-21 13:00:00,27.49,11.3,10.39,44.4264,26.1406
2022-08-21 13:00:00,2022-08-21 14:00:00,27.41,11.14,11.1,44.4264,26.1406
2022-08-21 15:00:00,2022-08-21 16:00:00,27.44,11.11,8.43,44.4264,26.1406
2022-08-21 16:00:00,2022-08-21 17:00:00,26.37,10.35,5.66,44.4264,26.1406
2022-08-21 17:00:00,2022-08-21 18:00:00,26.96,12.72,6.88,44.4264,26.1406
2022-08-21 18:00:00,2022-08-21 19:00:00,24.23,13.21,8.53,44.4264,26.1406
2022-08-21 19:00:00,2022-08-21 20:00:00,52.54,40.94,8.31,44.4264,26.1406
2022-08-21 20:00:00,2022-08-21 21:00:00,31.83,23.61,20.72,44.4264,26.1406
2022-08-21 21:00:00,2022-08-21 22:00:00,25.93,16.99,14.84,44.4264,26.1406
2022-08-21 22:00:00,2022-08-21 23:00:00,22.39,14.29,10.14,44.4264,26.1406
2022-08-21 23:00:00,2022-08-22 00:00:00,19.43,13.16,8.08,44.4264,26.1406
2022-08-22 00:00:00,2022-08-22 01:00:00,18.12,11.65,11.37,44.4264,26.1406
2022-08-22 01:00:00,2022-08-22 02:00:00,17.96,11.5,7.37,44.4264,26.1406
2022-08-22 02:00:00,2022-08-22 03:00:00,18.07,11.88,7.86,44.4264,26.1406
2022-08-22 03:00:00,2022-08-22 04:00:00,16.1,10.84,5.26,44.4264,26.1406
2022-08-22 04:00:00,2022-08-22 05:00:00,15.38,11.65,4.69,44.4264,26.1406
2022-08-22 05:00:00,2022-08-22 06:00:00,13.82,9.99,9.78,44.4264,26.1406
2022-08-22 06:00:00,2022-08-22 07:00:00,17.18,10.5,19.43,44.4264,26.1406
2022-08-22 07:00:00,2022-08-22 08:00:00,25.63,15.67,24.49,44.4264,26.1406
2022-08-22 08:00:00,2022-08-22 09:00:00,31.62,18.82,28.34,44.4264,26.1406
2022-08-22 09:00:00,2022-08-22 10:00:00,33.56,17.96,25.67,44.4264,26.1406
2022-08-22 10:00:00,2022-08-22 11:00:00,34.05,16.79,20.34,44.4264,26.1406
2022-08-22 11:00:00,2022-08-22 12:00:00,31.99,15.6,15.59,44.4264,26.1406
2022-08-22 12:00:00,2022-08-22 13:00:00,27.64,14.79,12.38,44.4264,26.1406
2022-08-22 13:00:00,2022-08-22 14:00:00,28.63,16.78,12.31,44.4264,26.1406
2022-08-22 14:00:00,2022-08-22 15:00:00,27.06,15.29,8.36,44.4264,26.1406
2022-08-22 16:00:00,2022-08-22 17:00:00,23.7,12.98,5.03,44.4264,26.1406
2022-08-22 17:00:00,2022-08-22 18:00:00,15.85,8.12,5.16,44.4264,26.1406
2022-08-22 18:00:00,2022-08-22 19:00:00,16.45,9.43,9.7,44.4264,26.1406
2022-08-22 19:00:00,2022-08-22 20:00:00,21.44,9.93,15.45,44.4264,26.1406
2022-08-22 20:00:00,2022-08-22 21:00:00,15.18,5.59,14.05,44.4264,26.1406
2022-08-22 21:00:00,2022-08-22 22:00:00,13.07,3.49,13.19,44.4264,26.1406
2022-08-22 22:00:00,2022-08-22 23:00:00,17.15,7.62,11.16,44.4264,26.1406
2022-08-22 23:00:00,2022-08-23 00:00:00,19.42,9.97,10.59,44.4264,26.1406
2022-08-23 00:00:00,2022-08-23 01:00:00,18.12,8.82,8.28,44.4264,26.1406
2022-08-23 01:00:00,2022-08-23 02:00:00,17.45,8.61,15.6,44.4264,26.1406
2022-08-23 02:00:00,2022-08-23 03:00:00,22.76,14.26,26.57,44.4264,26.1406
2022-08-23 03:00:00,2022-08-23 04:00:00,30.92,21.61,24.57,44.4264,26.1406
2022-08-23 04:00:00,2022-08-23 05:00:00,21.46,13.47,22.79,44.4264,26.1406
2022-08-23 05:00:00,2022-08-23 06:00:00,19.97,10.93,25.9,44.4264,26.1406
2022-08-23 06:00:00,2022-08-23 07:00:00,25.48,13.41,20.98,44.4264,26.1406
2022-08-23 07:00:00,2022-08-23 08:00:00,25.08,11.26,16.66,44.4264,26.1406
2022-08-23 08:00:00,2022-08-23 09:00:00,28.86,13.19,14.78,44.4264,26.1406
2022-08-23 09:00:00,2022-08-23 10:00:00,32.11,11.63,11.97,44.4264,26.1406
2022-08-23 10:00:00,2022-08-23 11:00:00,33.53,9.2,10.79,44.4264,26.1406
2022-08-23 11:00:00,2022-08-23 12:00:00,34.44,11.52,6.65,44.4264,26.1406
2022-08-23 12:00:00,2022-08-23 13:00:00,41.46,16.11,7.31,44.4264,26.1406
2022-08-23 13:00:00,2022-08-23 14:00:00,38.13,13.1,10.3,44.4264,26.1406
2022-08-23 14:00:00,2022-08-23 15:00:00,38.99,13.99,12.32,44.4264,26.1406
2022-08-23 15:00:00,2022-08-23 16:00:00,37.64,11.97,13.87,44.4264,26.1406
2022-08-23 17:00:00,2022-08-23 18:00:00,36.93,11.83,31.83,44.4264,26.1406
2022-08-23 18:00:00,2022-08-23 19:00:00,34.09,8.27,21.88,44.4264,26.1406
2022-08-23 19:00:00,2022-08-23 20:00:00,29.56,8.23,5.96,44.4264,26.1406
2022-08-23 21:00:00,2022-08-23 22:00:00,6.59,0.25,11.75,44.4264,26.1406
2022-08-23 22:00:00,2022-08-23 23:00:00,8.35,2.87,13.77,44.4264,26.1406
2022-08-23 23:00:00,2022-08-24 00:00:00,5.83,1.87,6.77,44.4264,26.1406
2022-08-24 00:00:00,2022-08-24 01:00:00,9.2,5.5,12.53,44.4264,26.1406
2022-08-24 01:00:00,2022-08-24 02:00:00,8.42,4.92,8.66,44.4264,26.1406
2022-08-24 02:00:00,2022-08-24 03:00:00,5.73,1.31,11.82,44.4264,26.1406
2022-08-24 03:00:00,2022-08-24 04:00:00,8.06,2.8,8.56,44.4264,26.1406
2022-08-24 04:00:00,2022-08-24 05:00:00,14.39,7.62,6.43,44.4264,26.1406
2022-08-24 05:00:00,2022-08-24 06:00:00,13.95,7.47,9.48,44.4264,26.1406
2022-08-24 06:00:00,2022-08-24 07:00:00,9.93,4.29,6.91,44.4264,26.1406
2022-08-24 07:00:00,2022-08-24 08:00:00,11.66,5.75,7.26,44.4264,26.1406
2022-08-24 08:00:00,2022-08-24 09:00:00,12.47,5.68,7.7,44.4264,26.1406
2022-08-24 09:00:00,2022-08-24 10:00:00,13.24,4.53,8.69,44.4264,26.1406
2022-08-24 10:00:00,2022-08-24 11:00:00,27.91,7.82,7.43,44.4264,26.1406
2022-08-24 11:00:00,2022-08-24 12:00:00,45.7,7.11,9.82,44.4264,26.1406
2022-08-24 12:00:00,2022-08-24 13:00:00,52.25,7.63,8.78,44.4264,26.1406
2022-08-24 13:00:00,2022-08-24 14:00:00,57.25,7.78,9.69,44.4264,26.1406
2022-08-24 14:00:00,2022-08-24 15:00:00,65.99,14.24,11.43,44.4264,26.1406
2022-08-24 15:00:00,2022-08-24 16:00:00,60.09,12.04,10.69,44.4264,26.1406
2022-08-24 16:00:00,2022-08-24 17:00:00,60.9,14.67,9.35,44.4264,26.1406
2022-08-24 18:00:00,2022-08-24 19:00:00,57.16,11.04,15.61,44.4264,26.1406
2022-08-24 19:00:00,2022-08-24 20:00:00,55.61,10.77,26.0,44.4264,26.1406
2022-08-24 20:00:00,2022-08-24 21:00:00,55.77,13.35,26.55,44.4264,26.1406
2022-08-24 21:00:00,2022-08-24 22:00:00,50.19,10.93,18.18,44.4264,26.1406
2022-08-24 22:00:00,2022-08-24 23:00:00,47.65,8.81,15.82,44.4264,26.1406
2022-08-24 23:00:00,2022-08-25 00:00:00,50.27,11.46,14.1,44.4264,26.1406
2022-08-25 00:00:00,2022-08-25 01:00:00,57.73,14.13,15.57,44.4264,26.1406
2022-08-25 01:00:00,2022-08-25 02:00:00,53.59,12.27,14.57,44.4264,26.1406
2022-08-25 02:00:00,2022-08-25 03:00:00,53.98,11.2,16.74,44.4264,26.1406
2022-08-25 03:00:00,2022-08-25 04:00:00,52.85,15.11,16.43,44.4264,26.1406
2022-08-25 04:00:00,2022-08-25 05:00:00,57.3,13.78,10.2,44.4264,26.1406
2022-08-25 05:00:00,2022-08-25 06:00:00,71.78,12.39,18.14,44.4264,26.1406
2022-08-25 06:00:00,2022-08-25 07:00:00,78.57,14.58,19.79,44.4264,26.1406
2022-08-25 07:00:00,2022-08-25 08:00:00,78.37,15.26,20.43,44.4264,26.1406
2022-08-25 08:00:00,2022-08-25 09:00:00,81.62,13.18,10.31,44.4264,26.1406
2022-08-25 09:00:00,2022-08-25 10:00:00,71.21,14.35,7.88,44.4264,26.1406
2022-08-25 10:00:00,2022-08-25 11:00:00,57.63,11.39,8.01,44.4264,26.1406
2022-08-25 11:00:00,2022-08-25 12:00:00,57.19,12.15,7.89,44.4264,26.1406
2022-08-25 12:00:00,2022-08-25 13:00:00,66.18,12.08,7.01,44.4264,26.1406
2022-08-25 13:00:00,2022-08-25 14:00:00,78.66,10.9,6.91,44.4264,26.1406
2022-08-25 14:00:00,2022-08-25 15:00:00,90.98,15.09,7.47,44.4264,26.1406
2022-08-25 15:00:00,2022-08-25 16:00:00,86.54,11.41,9.92,44.4264,26.1406
2022-08-25 16:00:00,2022-08-25 17:00:00,81.5,11.21,7.67,44.4264,26.1406
2022-08-25 17:00:00,2022-08-25 18:00:00,86.08,16.06,8.49,44.4264,26.1406
2022-08-25 19:00:00,2022-08-25 20:00:00,69.46,12.62,17.56,44.4264,26.1406
2022-08-25 20:00:00,2022-08-25 21:00:00,61.04,12.42,11.55,44.4264,26.1406
2022-08-25 21:00:00,2022-08-25 22:00:00,62.02,13.6,10.29,44.4264,26.1406
2022-08-25 22:00:00,2022-08-25 23:00:00,59.81,12.2,13.76,44.4264,26.1406
2022-08-25 23:00:00,2022-08-26 00:00:00,54.87,12.16,12.97,44.4264,26.1406
2022-08-26 00:00:00,2022-08-26 01:00:00,48.6,14.29,10.58,44.4264,26.1406
2022-08-26 01:00:00,2022-08-26 02:00:00,43.22,13.18,13.02,44.4264,26.1406
2022-08-26 02:00:00,2022-08-26 03:00:00,37.9,10.33,17.84,44.4264,26.1406
2022-08-26 03:00:00,2022-08-26 04:00:00,36.07,11.03,11.99,44.4264,26.1406
2022-08-26 04:00:00,2022-08-26 05:00:00,29.01,9.21,10.78,44.4264,26.1406
2022-08-26 05:00:00,2022-08-26 06:00:00,24.06,6.24,11.69,44.4264,26.1406
2022-08-26 06:00:00,2022-08-26 07:00:00,22.52,5.51,13.89,44.4264,26.1406
2022-08-26 07:00:00,2022-08-26 08:00:00,23.31,5.51,14.5,44.4264,26.1406
2022-08-26 08:00:00,2022-08-26 09:00:00,28.71,8.06,12.38,44.4264,26.1406
2022-08-26 09:00:00,2022-08-26 10:00:00,27.64,6.74,10.62,44.4264,26.1406
2022-08-26 10:00:00,2022-08-26 11:00:00,34.6,10.08,5.15,44.4264,26.1406
2022-08-26 11:00:00,2022-08-26 12:00:00,37.52,9.41,4.22,44.4264,26.1406
2022-08-26 12:00:00,2022-08-26 13:00:00,37.72,7.18,3.67,44.4264,26.1406
2022-08-26 13:00:00,2022-08-26 14:00:00,51.23,10.4,4.76,44.4264,26.1406
2022-08-26 14:00:00,2022-08-26 15:00:00,59.99,12.01,6.62,44.4264,26.1406
2022-08-26 15:00:00,2022-08-26 16:00:00,58.53,11.45,9.17,44.4264,26.1406
2022-08-26 16:00:00,2022-08-26 17:00:00,64.17,13.01,10.19,44.4264,26.1406
2022-08-26 17:00:00,2022-08-26 18:00:00,61.72,10.15,11.9,44.4264,26.1406
2022-08-26 18:00:00,2022-08-26 19:00:00,59.72,10.06,17.36,44.4264,26.1406
2022-08-26 20:00:00,2022-08-26 21:00:00,75.02,16.45,21.28,44.4264,26.1406
2022-08-26 21:00:00,2022-08-26 22:00:00,82.17,17.99,17.35,44.4264,26.1406
2022-08-26 22:00:00,2022-08-26 23:00:00,74.59,17.6,19.0,44.4264,26.1406
2022-08-26 23:00:00,2022-08-27 00:00:00,68.61,15.62,27.83,44.4264,26.1406
2022-08-27 00:00:00,2022-08-27 01:00:00,67.22,15.82,19.17,44.4264,26.1406
2022-08-27 01:00:00,2022-08-27 02:00:00,62.66,15.87,19.67,44.4264,26.1406
2022-08-27 02:00:00,2022-08-27 03:00:00,56.38,16.71,18.06,44.4264,26.1406
2022-08-27 03:00:00,2022-08-27 04:00:00,58.48,17.36,15.15,44.4264,26.1406
2022-08-27 04:00:00,2022-08-27 05:00:00,53.88,13.93,10.33,44.4264,26.1406
2022-08-27 05:00:00,2022-08-27 06:00:00,50.59,14.64,13.39,44.4264,26.1406
2022-08-27 06:00:00,2022-08-27 07:00:00,55.68,16.41,19.44,44.4264,26.1406
2022-08-27 07:00:00,2022-08-27 08:00:00,62.31,18.33,20.43,44.4264,26.1406
2022-08-27 08:00:00,2022-08-27 09:00:00,68.88,19.18,20.5,44.4264,26.1406
2022-08-27 09:00:00,2022-08-27 10:00:00,78.14,20.02,19.83,44.4264,26.1406
2022-08-27 10:00:00,2022-08-27 11:00:00,84.63,20.2,11.53,44.4264,26.1406
2022-08-27 11:00:00,2022-08-27 12:00:00,84.16,18.22,8.18,44.4264,26.1406
2022-08-27 12:00:00,2022-08-27 13:00:00,78.64,16.86,3.92,44.4264,26.1406
2022-08-27 13:00:00,2022-08-27 14:00:00,91.46,18.87,3.34,44.4264,26.1406
2022-08-27 14:00:00,2022-08-27 15:00:00,101.69,21.53,3.32,44.4264,26.1406
2022-08-27 15:00:00,2022-08-27 16:00:00,104.27,24.16,2.2,44.4264,26.1406
2022-08-27 16:00:00,2022-08-27 17:00:00,94.22,15.53,2.1,44.4264,26.1406
2022-08-27 17:00:00,2022-08-27 18:00:00,93.76,17.68,3.46,44.4264,26.1406
2022-08-27 18:00:00,2022-08-27 19:00:00,88.38,17.38,7.02,44.4264,26.1406
2022-08-27 19:00:00,2022-08-27 20:00:00,66.14,16.05,28.77,44.4264,26.1406
2022-08-27 21:00:00,2022-08-27 22:00:00,71.61,24.5,60.19,44.4264,26.1406
2022-08-27 22:00:00,2022-08-27 23:00:00,74.43,26.79,68.0,44.4264,26.1406
2022-08-27 23:00:00,2022-08-28 00:00:00,83.19,25.02,66.27,44.4264,26.1406
2022-08-28 00:00:00,2022-08-28 01:00:00,77.76,25.29,40.17,44.4264,26.1406
2022-08-28 01:00:00,2022-08-28 02:00:00,67.28,24.63,34.34,44.4264,26.1406
2022-08-28 02:00:00,2022-08-28 03:00:00,70.14,22.18,30.59,44.4264,26.1406
2022-08-28 03:00:00,2022-08-28 04:00:00,66.03,19.35,23.01,44.4264,26.1406
2022-08-28 04:00:00,2022-08-28 05:00:00,63.1,19.57,20.03,44.4264,26.1406
2022-08-28 05:00:00,2022-08-28 06:00:00,57.25,18.94,17.53,44.4264,26.1406
2022-08-28 06:00:00,2022-08-28 07:00:00,56.52,19.75,17.84,44.4264,26.1406
2022-08-28 07:00:00,2022-08-28 08:00:00,56.87,19.66,15.02,44.4264,26.1406
2022-08-28 08:00:00,2022-08-28 09:00:00,57.61,19.77,12.32,44.4264,26.1406
2022-08-28 09:00:00,2022-08-28 10:00:00,72.22,18.83,10.83,44.4264,26.1406
2022-08-28 10:00:00,2022-08-28 11:00:00,76.75,18.64,6.76,44.4264,26.1406
2022-08-28 11:00:00,2022-08-28 12:00:00,61.42,17.28,4.24,44.4264,26.1406
2022-08-28 12:00:00,2022-08-28 13:00:00,49.09,15.43,2.54,44.4264,26.1406
2022-08-28 13:00:00,2022-08-28 14:00:00,45.08,16.5,1.82,44.4264,26.1406
2022-08-28 14:00:00,2022-08-28 15:00:00,42.99,17.27,1.9,44.4264,26.1406
2022-08-28 15:00:00,2022-08-28 16:00:00,34.25,10.78,1.68,44.4264,26.1406
2022-08-28 16:00:00,2022-08-28 17:00:00,34.55,10.4,1.63,44.4264,26.1406
2022-08-28 17:00:00,2022-08-28 18:00:00,42.02,16.96,2.02,44.4264,26.1406
2022-08-28 18:00:00,2022-08-28 19:00:00,44.45,20.3,3.3,44.4264,26.1406
2022-08-28 19:00:00,2022-08-28 20:00:00,40.87,15.65,14.61,44.4264,26.1406
2022-08-28 20:00:00,2022-08-28 21:00:00,50.27,25.21,23.28,44.4264,26.1406
2022-08-28 22:00:00,2022-08-28 23:00:00,51.43,27.49,49.95,44.4264,26.1406
2022-08-28 23:00:00,2022-08-29 00:00:00,49.28,24.57,38.0,44.4264,26.1406
2022-08-29 00:00:00,2022-08-29 01:00:00,44.29,22.54,40.83,44.4264,26.1406
2022-08-29 01:00:00,2022-08-29 02:00:00,35.81,18.62,24.39,44.4264,26.1406
2022-08-29 02:00:00,2022-08-29 03:00:00,29.89,17.61,22.17,44.4264,26.1406
2022-08-29 03:00:00,2022-08-29 04:00:00,30.04,18.14,19.44,44.4264,26.1406
2022-08-29 04:00:00,2022-08-29 05:00:00,30.02,18.83,30.91,44.4264,26.1406
2022-08-29 05:00:00,2022-08-29 06:00:00,28.84,15.65,33.25,44.4264,26.1406
2022-08-29 06:00:00,2022-08-29 07:00:00,30.21,14.51,35.91,44.4264,26.1406
2022-08-29 07:00:00,2022-08-29 08:00:00,32.54,14.15,38.99,44.4264,26.1406
2022-08-29 08:00:00,2022-08-29 09:00:00,34.83,13.58,40.05,44.4264,26.1406
2022-08-29 09:00:00,2022-08-29 10:00:00,38.62,15.34,29.36,44.4264,26.1406
2022-08-29 10:00:00,2022-08-29 11:00:00,40.4,16.92,24.76,44.4264,26.1406
2022-08-29 11:00:00,2022-08-29 12:00:00,44.51,16.47,17.85,44.4264,26.1406
2022-08-29 12:00:00,2022-08-29 13:00:00,42.44,15.35,13.14,44.4264,26.1406
2022-08-29 13:00:00,2022-08-29 14:00:00,36.37,11.6,6.85,44.4264,26.1406
2022-08-29 14:00:00,2022-08-29 15:00:00,40.73,11.62,5.39,44.4264,26.1406
2022-08-29 15:00:00,2022-08-29 16:00:00,43.93,14.87,5.07,44.4264,26.1406
2022-08-29 16:00:00,2022-08-29 17:00:00,41.95,14.68,3.44,44.4264,26.1406
2022-08-29 17:00:00,2022-08-29 18:00:00,39.54,11.6,3.24,44.4264,26.1406
2022-08-29 18:00:00,2022-08-29 19:00:00,43.35,13.68,4.76,44.4264,26.1406
2022-08-29 19:00:00,2022-08-29 20:00:00,47.45,15.01,22.86,44.4264,26.1406
2022-08-29 20:00:00,2022-08-29 21:00:00,58.28,19.26,27.96,44.4264,26.1406
2022-08-29 21:00:00,2022-08-29 22:00:00,51.99,18.89,69.65,44.4264,26.1406
2022-08-29 23:00:00,2022-08-30 00:00:00,49.86,20.75,58.49,44.4264,26.1406
2022-08-30 00:00:00,2022-08-30 01:00:00,45.64,20.93,25.92,44.4264,26.1406
2022-08-30 01:00:00,2022-08-30 02:00:00,39.57,19.97,23.35,44.4264,26.1406
2022-08-30 02:00:00,2022-08-30 03:00:00,39.05,19.09,17.74,44.4264,26.1406
2022-08-30 03:00:00,2022-08-30 04:00:00,41.67,18.0,20.49,44.4264,26.1406
2022-08-30 04:00:00,2022-08-30 05:00:00,41.1,16.91,22.02,44.4264,26.1406
2022-08-30 05:00:00,2022-08-30 06:00:00,47.57,16.28,30.18,44.4264,26.1406
2022-08-30 06:00:00,2022-08-30 07:00:00,48.6,18.73,29.49,44.4264,26.1406
2022-08-30 07:00:00,2022-08-30 08:00:00,40.04,16.4,21.99,44.4264,26.1406
2022-08-30 08:00:00,2022-08-30 09:00:00,36.46,14.38,16.55,44.4264,26.1406
2022-08-30 09:00:00,2022-08-30 10:00:00,38.13,10.86,13.31,44.4264,26.1406
2022-08-30 10:00:00,2022-08-30 11:00:00,43.93,12.32,12.88,44.4264,26.1406
2022-08-30 11:00:00,2022-08-30 12:00:00,46.24,14.71,11.15,44.4264,26.1406
2022-08-30 12:00:00,2022-08-30 13:00:00,46.4,15.36,6.29,44.4264,26.1406
2022-08-30 13:00:00,2022-08-30 14:00:00,44.29,13.43,5.65,44.4264,26.1406
2022-08-30 14:00:00,2022-08-30 15:00:00,47.55,14.85,5.24,44.4264,26.1406
2022-08-30 15:00:00,2022-08-30 16:00:00,48.21,16.2,23.86,44.4264,26.1406
2022-08-30 16:00:00,2022-08-30 17:00:00,43.83,13.61,19.93,44.4264,26.1406
2022-08-30 17:00:00,2022-08-30 18:00:00,40.97,13.7,8.9,44.4264,26.1406
2022-08-30 18:00:00,2022-08-30 19:00:00,36.44,14.12,13.7,44.4264,26.1406
2022-08-30 19:00:00,2022-08-30 20:00:00,35.39,14.1,11.84,44.4264,26.1406
2022-08-30 20:00:00,2022-08-30 21:00:00,26.04,12.8,18.38,44.4264,26.1406
2022-08-30 21:00:00,2022-08-30 22:00:00,22.87,11.7,11.88,44.4264,26.1406
2022-08-30 22:00:00,2022-08-30 23:00:00,15.87,7.85,7.89,44.4264,26.1406
2022-08-31 00:00:00,2022-08-31 01:00:00,15.72,8.3,7.65,44.4264,26.1406
2022-08-31 01:00:00,2022-08-31 02:00:00,15.7,8.49,6.42,44.4264,26.1406
2022-08-31 02:00:00,2022-08-31 03:00:00,16.81,10.12,6.0,44.4264,26.1406
2022-08-31 03:00:00,2022-08-31 04:00:00,18.26,12.02,8.11,44.4264,26.1406
2022-08-31 04:00:00,2022-08-31 05:00:00,18.37,12.28,8.37,44.4264,26.1406
2022-08-31 05:00:00,2022-08-31 06:00:00,18.82,11.05,21.05,44.4264,26.1406
2022-08-31 06:00:00,2022-08-31 07:00:00,21.72,12.02,23.74,44.4264,26.1406
2022-08-31 07:00:00,2022-08-31 08:00:00,24.18,14.3,23.52,44.4264,26.1406
2022-08-31 08:00:00,2022-08-31 09:00:00,23.43,13.72,15.07,44.4264,26.1406
2022-08-31 09:00:00,2022-08-31 10:00:00,23.52,13.12,8.28,44.4264,26.1406
2022-08-31 10:00:00,2022-08-31 11:00:00,23.16,11.87,9.05,44.4264,26.1406
2022-08-31 11:00:00,2022-08-31 12:00:00,22.23,10.37,4.94,44.4264,26.1406
2022-08-31 12:00:00,2022-08-31 13:00:00,21.83,10.53,4.64,44.4264,26.1406
2022-08-31 13:00:00,2022-08-31 14:00:00,21.78,11.8,4.43,44.4264,26.1406
2022-08-31 14:00:00,2022-08-31 15:00:00,22.99,13.38,5.15,44.4264,26.1406
2022-08-31 15:00:00,2022-08-31 16:00:00,25.55,15.11,5.58,44.4264,26.1406
2022-08-31 16:00:00,2022-08-31 17:00:00,28.91,14.98,7.58,44.4264,26.1406
2022-08-31 17:00:00,2022-08-31 18:00:00,26.09,13.52,11.14,44.4264,26.1406
2022-08-31 18:00:00,2022-08-31 19:00:00,22.13,13.55,18.44,44.4264,26.1406
2022-08-31 19:00:00,2022-08-31 20:00:00,25.11,15.36,24.96,44.4264,26.1406
2022-08-31 20:00:00,2022-08-31 21:00:00,21.53,12.63,17.25,44.4264,26.1406
2022-08-31 21:00:00,2022-08-31 22:00:00,16.8,9.84,12.53,44.4264,26.1406
2022-08-31 22:00:00,2022-08-31 23:00:00,15.76,8.9,9.71,44.4264,26.1406
2022-08-31 23:00:00,2022-09-01 00:00:00,15.73,10.03,10.03,44.4264,26.1406
2022-09-01 01:00:00,2022-09-01 02:00:00,15.46,12.04,6.05,44.4264,26.1406
2022-09-01 02:00:00,2022-09-01 03:00:00,13.85,10.59,4.57,44.4264,26.1406
2022-09-01 03:00:00,2022-09-01 04:00:00,14.7,10.63,4.38,44.4264,26.1406
2022-09-01 04:00:00,2022-09-01 05:00:00,12.46,8.13,10.27,44.4264,26.1406
2022-09-01 05:00:00,2022-09-01 06:00:00,15.24,9.9,19.54,44.4264,26.1406
2022-09-01 06:00:00,2022-09-01 07:00:00,17.58,10.52,24.12,44.4264,26.1406
2022-09-01 07:00:00,2022-09-01 08:00:00,20.64,13.18,23.07,44.4264,26.1406
2022-09-01 08:00:00,2022-09-01 09:00:00,22.65,13.71,16.6,44.4264,26.1406
2022-09-01 09:00:00,2022-09-01 10:00:00,19.82,11.59,11.09,44.4264,26.1406
2022-09-01 10:00:00,2022-09-01 11:00:00,17.16,10.38,9.81,44.4264,26.1406
2022-09-01 11:00:00,2022-09-01 12:00:00,18.71,11.27,8.68,44.4264,26.1406
2022-09-01 12:00:00,2022-09-01 13:00:00,17.76,9.95,8.08,44.4264,26.1406
2022-09-01 13:00:00,2022-09-01 14:00:00,21.01,12.93,8.73,44.4264,26.1406
2022-09-01 14:00:00,2022-09-01 15:00:00,19.89,11.73,8.35,44.4264,26.1406
2022-09-01 15:00:00,2022-09-01 16:00:00,18.06,10.34,8.32,44.4264,26.1406
2022-09-01 16:00:00,2022-09-01 17:00:00,22.26,12.86,8.14,44.4264,26.1406
2022-09-01 17:00:00,2022-09-01 18:00:00,20.39,11.06,10.65,44.4264,26.1406
2022-09-01 18:00:00,2022-09-01 19:00:00,21.11,11.47,11.09,44.4264,26.1406
2022-09-01 19:00:00,2022-09-01 20:00:00,20.3,9.73,14.64,44.4264,26.1406
2022-09-01 20:00:00,2022-09-01 21:00:00,20.03,9.53,15.85,44.4264,26.1406
2022-09-01 21:00:00,2022-09-01 22:00:00,22.34,11.82,12.69,44.4264,26.1406
2022-09-01 22:00:00,2022-09-01 23:00:00,21.33,11.56,8.99,44.4264,26.1406
2022-09-01 23:00:00,2022-09-02 00:00:00,17.36,7.16,7.31,44.4264,26.1406
2022-09-02 00:00:00,2022-09-02 01:00:00,20.07,10.6,6.31,44.4264,26.1406
2022-09-02 02:00:00,2022-09-02 03:00:00,14.02,4.52,5.29,44.4264,26.1406
2022-09-02 03:00:00,2022-09-02 04:00:00,15.36,7.1,5.92,44.4264,26.1406
2022-09-02 04:00:00,2022-09-02 05:00:00,17.48,8.98,7.03,44.4264,26.1406
2022-09-02 05:00:00,2022-09-02 06:00:00,17.72,8.31,9.43,44.4264,26.1406
2022-09-02 06:00:00,2022-09-02 07:00:00,20.91,10.13,16.03,44.4264,26.1406
2022-09-02 07:00:00,2022-09-02 08:00:00,19.04,7.51,15.03,44.4264,26.1406
2022-09-02 08:00:00,2022-09-02 09:00:00,20.86,7.13,12.51,44.4264,26.1406
2022-09-02 09:00:00,2022-09-02 10:00:00,20.16,4.72,11.85,44.4264,26.1406
2022-09-02 10:00:00,2022-09-02 11:00:00,23.14,6.92,11.16,44.4264,26.1406
2022-09-02 11:00:00,2022-09-02 12:00:00,25.52,8.3,10.54,44.4264,26.1406
2022-09-02 12:00:00,2022-09-02 13:00:00,26.43,7.44,10.13,44.4264,26.1406
2022-09-02 13:00:00,2022-09-02 14:00:00,30.26,10.0,11.13,44.4264,26.1406
2022-09-02 14:00:00,2022-09-02 15:00:00,30.66,9.1,11.49,44.4264,26.1406
2022-09-02 15:00:00,2022-09-02 16:00:00,29.41,7.71,17.83,44.4264,26.1406
2022-09-02 16:00:00,2022-09-02 17:00:00,30.08,9.55,24.0,44.4264,26.1406
2022-09-02 17:00:00,2022-09-02 18:00:00,23.39,12.19,15.6,44.4264,26.1406
2022-09-02 18:00:00,2022-09-02 19:00:00,21.07,14.13,19.47,44.4264,26.1406
2022-09-02 19:00:00,2022-09-02 20:00:00,15.13,7.96,15.34,44.4264,26.1406
2022-09-02 20:00:00,2022-09-02 21:00:00,13.95,7.19,15.2,44.4264,26.1406
2022-09-02 21:00:00,2022-09-02 22:00:00,15.32,8.33,11.06,44.4264,26.1406
2022-09-02 22:00:00,2022-09-02 23:00:00,12.31,6.05,7.84,44.4264,26.1406
2022-09-02 23:00:00,2022-09-03 00:00:00,15.83,10.97,5.79,44.4264,26.1406
2022-09-03 00:00:00,2022-09-03 01:00:00,13.34,9.27,4.87,44.4264,26.1406
2022-09-03 01:00:00,2022-09-03 02:00:00,9.5,6.22,3.73,44.4264,26.1406
2022-09-03 03:00:00,2022-09-03 04:00:00,12.41,9.92,5.48,44.4264,26.1406
2022-09-03 04:00:00,2022-09-03 05:00:00,11.43,9.51,5.65,44.4264,26.1406
2022-09-03 05:00:00,2022-09-03 06:00:00,9.36,6.78,5.72,44.4264,26.1406
2022-09-03 06:00:00,2022-09-03 07:00:00,10.98,9.02,8.67,44.4264,26.1406
2022-09-03 07:00:00,2022-09-03 08:00:00,12.3,9.74,9.78,44.4264,26.1406
2022-09-03 08:00:00,2022-09-03 09:00:00,13.21,9.89,10.9,44.4264,26.1406
2022-09-03 09:00:00,2022-09-03 10:00:00,13.4,9.52,11.18,44.4264,26.1406
2022-09-03 10:00:00,2022-09-03 11:00:00,11.72,8.79,10.56,44.4264,26.1406
2022-09-03 11:00:00,2022-09-03 12:00:00,8.08,5.75,9.06,44.4264,26.1406
2022-09-03 12:00:00,2022-09-03 13:00:00,10.72,9.39,7.85,44.4264,26.1406
2022-09-03 13:00:00,2022-09-03 14:00:00,12.31,9.34,9.15,44.4264,26.1406
2022-09-03 14:00:00,2022-09-03 15:00:00,9.38,6.03,7.3,44.4264,26.1406
2022-09-03 15:00:00,2022-09-03 16:00:00,12.87,8.51,6.02,44.4264,26.1406
2022-09-03 16:00:00,2022-09-03 17:00:00,14.35,8.68,13.71,44.4264,26.1406
2022-09-03 17:00:00,2022-09-03 18:00:00,16.07,8.95,14.15,44.4264,26.1406
2022-09-03 18:00:00,2022-09-03 19:00:00,13.24,7.57,15.57,44.4264,26.1406
2022-09-03 19:00:00,2022-09-03 20:00:00,14.39,8.67,13.09,44.4264,26.1406
2022-09-03 20:00:00,2022-09-03 21:00:00,11.78,7.17,12.2,44.4264,26.1406
2022-09-03 21:00:00,2022-09-03 22:00:00,11.56,6.89,15.92,44.4264,26.1406
2022-09-03 22:00:00,2022-09-03 23:00:00,11.51,6.27,14.58,44.4264,26.1406
2022-09-03 23:00:00,2022-09-04 00:00:00,11.96,7.7,8.56,44.4264,26.1406
2022-09-04 00:00:00,2022-09-04 01:00:00,10.45,7.36,7.88,44.4264,26.1406
2022-09-04 01:00:00,2022-09-04 02:00:00,15.64,12.03,7.69,44.4264,26.1406
2022-09-04 02:00:00,2022-09-04 03:00:00,13.31,10.01,7.99,44.4264,26.1406
2022-09-04 04:00:00,2022-09-04 05:00:00,13.71,12.4,7.13,44.4264,26.1406
2022-09-04 05:00:00,2022-09-04 06:00:00,10.74,7.56,8.71,44.4264,26.1406
2022-09-04 06:00:00,2022-09-04 07:00:00,9.08,5.19,10.56,44.4264,26.1406
2022-09-04 07:00:00,2022-09-04 08:00:00,11.93,7.83,9.07,44.4264,26.1406
2022-09-04 08:00:00,2022-09-04 09:00:00,13.57,8.61,8.37,44.4264,26.1406
2022-09-04 09:00:00,2022-09-04 10:00:00,11.38,6.38,7.37,44.4264,26.1406
2022-09-04 10:00:00,2022-09-04 11:00:00,10.63,6.55,7.24,44.4264,26.1406
2022-09-04 11:00:00,2022-09-04 12:00:00,12.45,8.04,5.62,44.4264,26.1406
2022-09-04 12:00:00,2022-09-04 13:00:00,11.99,8.93,6.65,44.4264,26.1406
2022-09-04 13:00:00,2022-09-04 14:00:00,9.56,6.22,6.87,44.4264,26.1406
2022-09-04 14:00:00,2022-09-04 15:00:00,7.57,4.02,4.99,44.4264,26.1406
2022-09-04 15:00:00,2022-09-04 16:00:00,10.62,7.42,3.54,44.4264,26.1406
2022-09-04 16:00:00,2022-09-04 17:00:00,10.31,7.45,3.96,44.4264,26.1406
2022-09-04 17:00:00,2022-09-04 18:00:00,11.42,8.3,7.38,44.4264,26.1406
2022-09-04 18:00:00,2022-09-04 19:00:00,12.22,6.95,12.8,44.4264,26.1406
2022-09-04 19:00:00,2022-09-04 20:00:00,14.24,9.02,18.01,44.4264,26.1406
2022-09-04 20:00:00,2022-09-04 21:00:00,13.69,9.02,16.21,44.4264,26.1406
2022-09-04 21:00:00,2022-09-04 22:00:00,17.71,12.17,28.74,44.4264,26.1406
2022-09-04 22:00:00,2022-09-04 23:00:00,14.52,10.34,23.8,44.4264,26.1406
2022-09-04 23:00:00,2022-09-05 00:00:00,12.32,8.94,27.27,44.4264,26.1406
2022-09-05 00:00:00,2022-09-05 01:00:00,18.29,13.93,26.99,44.4264,26.1406
2022-09-05 01:00:00,2022-09-05 02:00:00,19.39,15.5,24.62,44.4264,26.1406
2022-09-05 02:00:00,2022-09-05 03:00:00,23.15,18.7,22.51,44.4264,26.1406
2022-09-05 03:00:00,2022-09-05 04:00:00,24.69,20.29,19.18,44.4264,26.1406
2022-09-05 05:00:00,2022-09-05 06:00:00,22.31,17.65,19.08,44.4264,26.1406
2022-09-05 06:00:00,2022-09-05 07:00:00,23.21,17.26,24.11,44.4264,26.1406
2022-09-05 07:00:00,2022-09-05 08:00:00,23.8,15.6,23.54,44.4264,26.1406
2022-09-05 08:00:00,2022-09-05 09:00:00,28.76,19.65,25.28,44.4264,26.1406
2022-09-05 09:00:00,2022-09-05 10:00:00,26.73,17.59,19.9,44.4264,26.1406
2022-09-05 10:00:00,2022-09-05 11:00:00,19.32,14.08,7.67,44.4264,26.1406
2022-09-05 11:00:00,2022-09-05 12:00:00,13.7,8.03,3.96,44.4264,26.1406
2022-09-05 12:00:00,2022-09-05 13:00:00,15.15,9.08,3.66,44.4264,26.1406
2022-09-05 13:00:00,2022-09-05 14:00:00,14.73,9.56,3.21,44.4264,26.1406
2022-09-05 14:00:00,2022-09-05 15:00:00,16.72,12.01,3.03,44.4264,26.1406
2022-09-05 15:00:00,2022-09-05 16:00:00,12.91,7.57,3.59,44.4264,26.1406
2022-09-05 16:00:00,2022-09-05 17:00:00,11.83,7.19,4.97,44.4264,26.1406
2022-09-05 17:00:00,2022-09-05 18:00:00,16.35,9.7,33.73,44.4264,26.1406
2022-09-05 18:00:00,2022-09-05 19:00:00,19.0,8.78,34.43,44.4264,26.1406
2022-09-05 19:00:00,2022-09-05 20:00:00,20.87,10.48,53.74,44.4264,26.1406
2022-09-05 20:00:00,2022-09-05 21:00:00,26.27,13.65,34.23,44.4264,26.1406
2022-09-05 21:00:00,2022-09-05 22:00:00,23.0,12.82,30.01,44.4264,26.1406
2022-09-05 22:00:00,2022-09-05 23:00:00,21.21,12.01,20.85,44.4264,26.1406
2022-09-05 23:00:00,2022-09-06 00:00:00,19.66,12.39,15.4,44.4264,26.1406
2022-09-06 00:00:00,2022-09-06 01:00:00,18.91,12.02,13.63,44.4264,26.1406
2022-09-06 01:00:00,2022-09-06 02:00:00,19.17,11.77,11.58,44.4264,26.1406
2022-09-06 02:00:00,2022-09-06 03:00:00,15.81,9.37,9.52,44.4264,26.1406
2022-09-06 03:00:00,2022-09-06 04:00:00,17.05,11.69,7.93,44.4264,26.1406
2022-09-06 04:00:00,2022-09-06 05:00:00,13.69,8.66,11.57,44.4264,26.1406
2022-09-06 06:00:00,2022-09-06 07:00:00,15.39,9.55,34.6,44.4264,26.1406
2022-09-06 07:00:00,2022-09-06 08:00:00,16.98,11.44,36.11,44.4264,26.1406
2022-09-06 08:00:00,2022-09-06 09:00:00,20.31,14.36,44.56,44.4264,26.1406
2022-09-06 09:00:00,2022-09-06 10:00:00,22.19,13.75,36.85,44.4264,26.1406
2022-09-06 10:00:00,2022-09-06 11:00:00,22.68,14.38,25.75,44.4264,26.1406
2022-09-06 11:00:00,2022-09-06 12:00:00,20.28,11.59,23.37,44.4264,26.1406
2022-09-06 12:00:00,2022-09-06 13:00:00,16.57,8.84,14.95,44.4264,26.1406
2022-09-06 13:00:00,2022-09-06 14:00:00,13.65,7.1,13.57,44.4264,26.1406
2022-09-06 14:00:00,2022-09-06 15:00:00,14.67,6.51,12.59,44.4264,26.1406
2022-09-06 15:00:00,2022-09-06 16:00:00,16.27,8.51,10.66,44.4264,26.1406
2022-09-06 16:00:00,2022-09-06 17:00:00,19.47,10.78,8.2,44.4264,26.1406
2022-09-06 17:00:00,2022-09-06 18:00:00,16.55,9.62,5.21,44.4264,26.1406
2022-09-06 18:00:00,2022-09-06 19:00:00,16.04,9.18,7.03,44.4264,26.1406
2022-09-06 19:00:00,2022-09-06 20:00:00,21.87,11.16,79.07,44.4264,26.1406
2022-09-06 20:00:00,2022-09-06 21:00:00,44.59,20.89,95.13,44.4264,26.1406
2022-09-06 21:00:00,2022-09-06 22:00:00,48.58,22.94,95.6,44.4264,26.1406
2022-09-06 22:00:00,2022-09-06 23:00:00,46.36,23.73,82.3,44.4264,26.1406
2022-09-06 23:00:00,2022-09-07 00:00:00,32.27,16.9,40.96,44.4264,26.1406
2022-09-07 00:00:00,2022-09-07 01:00:00,23.44,11.63,14.63,44.4264,26.1406
2022-09-07 01:00:00,2022-09-07 02:00:00,19.94,10.46,17.23,44.4264,26.1406
2022-09-07 02:00:00,2022-09-07 03:00:00,17.32,9.54,17.76,44.4264,26.1406
2022-09-07 03:00:00,2022-09-07 04:00:00,20.93,12.43,37.52,44.4264,26.1406
2022-09-07 04:00:00,2022-09-07 05:00:00,22.44,13.88,28.74,44.4264,26.1406
2022-09-07 05:00:00,2022-09-07 06:00:00,19.52,9.75,42.79,44.4264,26.1406
2022-09-07 07:00:00,2022-09-07 08:00:00,24.88,12.97,31.81,44.4264,26.1406
2022-09-07 08:00:00,2022-09-07 09:00:00,27.91,13.97,24.31,44.4264,26.1406
2022-09-07 09:00:00,2022-09-07 10:00:00,27.73,13.85,26.54,44.4264,26.1406
2022-09-07 10:00:00,2022-09-07 11:00:00,27.04,12.77,24.32,44.4264,26.1406
2022-09-07 11:00:00,2022-09-07 12:00:00,25.8,12.05,18.96,44.4264,26.1406
2022-09-07 12:00:00,2022-09-07 13:00:00,20.38,8.75,7.39,44.4264,26.1406
2022-09-07 13:00:00,2022-09-07 14:00:00,20.1,9.86,5.81,44.4264,26.1406
2022-09-07 14:00:00,2022-09-07 15:00:00,23.09,10.82,5.78,44.4264,26.1406
2022-09-07 15:00:00,2022-09-07 16:00:00,22.88,12.26,5.49,44.4264,26.1406
2022-09-07 16:00:00,2022-09-07 17:00:00,20.38,12.15,4.61,44.4264,26.1406
2022-09-07 17:00:00,2022-09-07 18:00:00,19.59,11.09,4.63,44.4264,26.1406
2022-09-07 18:00:00,2022-09-07 19:00:00,14.57,7.18,16.4,44.4264,26.1406
2022-09-07 19:00:00,2022-09-07 20:00:00,31.21,15.7,89.53,44.4264,26.1406
2022-09-07 20:00:00,2022-09-07 21:00:00,42.21,19.54,75.4,44.4264,26.1406
2022-09-07 21:00:00,2022-09-07 22:00:00,37.61,19.21,48.45,44.4264,26.1406
2022-09-07 22:00:00,2022-09-07 23:00:00,32.11,18.23,34.29,44.4264,26.1406
2022-09-07 23:00:00,2022-09-08 00:00:00,29.86,17.32,37.91,44.4264,26.1406
2022-09-08 00:00:00,2022-09-08 01:00:00,31.32,19.36,34.98,44.4264,26.1406
2022-09-08 01:00:00,2022-09-08 02:00:00,27.57,17.01,32.31,44.4264,26.1406
2022-09-08 02:00:00,2022-09-08 03:00:00,26.27,16.99,32.24,44.4264,26.1406
2022-09-08 03:00:00,2022-09-08 04:00:00,26.28,18.49,29.35,44.4264,26.1406
2022-09-08 04:00:00,2022-09-08 05:00:00,29.08,21.33,24.14,44.4264,26.1406
2022-09-08 05:00:00,2022-09-08 06:00:00,29.05,20.64,28.91,44.4264,26.1406
2022-09-08 06:00:00,2022-09-08 07:00:00,30.72,21.34,36.05,44.4264,26.1406
2022-09-08 08:00:00,2022-09-08 09:00:00,42.82,25.33,49.13,44.4264,26.1406
2022-09-08 09:00:00,2022-09-08 10:00:00,40.67,22.23,38.4,44.4264,26.1406
2022-09-08 10:00:00,2022-09-08 11:00:00,39.86,20.18,31.42,44.4264,26.1406
2022-09-08 11:00:00,2022-09-08 12:00:00,33.38,17.2,17.02,44.4264,26.1406
2022-09-08 12:00:00,2022-09-08 13:00:00,23.61,11.89,11.38,44.4264,26.1406
2022-09-08 13:00:00,2022-09-08 14:00:00,25.47,13.52,6.05,44.4264,26.1406
2022-09-08 14:00:00,2022-09-08 15:00:00,17.35,7.02,4.42,44.4264,26.1406
2022-09-08 15:00:00,2022-09-08 16:00:00,23.32,13.91,3.73,44.4264,26.1406
2022-09-08 16:00:00,2022-09-08 17:00:00,21.16,13.59,3.59,44.4264,26.1406
2022-09-08 17:00:00,2022-09-08 18:00:00,16.94,9.14,3.53,44.4264,26.1406
2022-09-08 18:00:00,2022-09-08 19:00:00,14.63,6.98,35.84,44.4264,26.1406
2022-09-08 19:00:00,2022-09-08 20:00:00,36.99,15.79,97.89,44.4264,26.1406
2022-09-08 20:00:00,2022-09-08 21:00:00,51.06,23.66,106.22,44.4264,26.1406
2022-09-08 21:00:00,2022-09-08 22:00:00,60.27,27.17,103.37,44.4264,26.1406
2022-09-08 22:00:00,2022-09-08 23:00:00,49.8,25.0,89.88,44.4264,26.1406
2022-09-08 23:00:00,2022-09-09 00:00:00,40.39,22.48,28.81,44.4264,26.1406
2022-09-09 00:00:00,2022-09-09 01:00:00,30.41,19.39,15.82,44.4264,26.1406
2022-09-09 01:00:00,2022-09-09 02:00:00,26.2,17.35,12.93,44.4264,26.1406
2022-09-09 02:00:00,2022-09-09 03:00:00,21.35,13.04,13.6,44.4264,26.1406
2022-09-09 03:00:00,2022-09-09 04:00:00,25.43,16.53,26.92,44.4264,26.1406
2022-09-09 04:00:00,2022-09-09 05:00:00,31.0,21.34,40.29,44.4264,26.1406
2022-09-09 05:00:00,2022-09-09 06:00:00,33.37,19.09,48.96,44.4264,26.1406
2022-09-09 06:00:00,2022-09-09 07:00:00,39.5,19.09,52.68,44.4264,26.1406
2022-09-09 07:00:00,2022-09-09 08:00:00,34.78,17.58,51.5,44.4264,26.1406
2022-09-09 09:00:00,2022-09-09 10:00:00,27.42,12.71,30.93,44.4264,26.1406
2022-09-09 10:00:00,2022-09-09 11:00:00,26.45,11.11,23.81,44.4264,26.1406
2022-09-09 11:00:00,2022-09-09 12:00:00,33.65,16.1,28.76,44.4264,26.1406
2022-09-09 12:00:00,2022-09-09 13:00:00,36.42,15.86,22.25,44.4264,26.1406
2022-09-09 13:00:00,2022-09-09 14:00:00,33.91,14.32,12.07,44.4264,26.1406
2022-09-09 14:00:00,2022-09-09 15:00:00,32.09,15.11,7.42,44.4264,26.1406
2022-09-09 15:00:00,2022-09-09 16:00:00,31.32,14.51,9.21,44.4264,26.1406
2022-09-09 16:00:00,2022-09-09 17:00:00,33.16,12.55,22.97,44.4264,26.1406
2022-09-09 17:00:00,2022-09-09 18:00:00,38.93,15.68,25.3,44.4264,26.1406
2022-09-09 18:00:00,2022-09-09 19:00:00,35.39,16.21,29.4,44.4264,26.1406
2022-09-09 19:00:00,2022-09-09 20:00:00,37.69,18.39,40.24,44.4264,26.1406
2022-09-09 20:00:00,2022-09-09 21:00:00,42.13,21.48,37.44,44.4264,26.1406
2022-09-09 21:00:00,2022-09-09 22:00:00,39.43,21.39,33.0,44.4264,26.1406
2022-09-09 22:00:00,2022-09-09 23:00:00,39.25,21.58,39.09,44.4264,26.1406
2022-09-09 23:00:00,2022-09-10 00:00:00,40.61,23.55,49.75,44.4264,26.1406
2022-09-10 00:00:00,2022-09-10 01:00:00,38.56,24.07,42.09,44.4264,26.1406
2022-09-10 01:00:00,2022-09-10 02:00:00,38.81,23.73,39.45,44.4264,26.1406
2022-09-10 02:00:00,2022-09-10 03:00:00,22.23,11.34,28.16,44.4264,26.1406
2022-09-10 03:00:00,2022-09-10 04:00:00,15.99,8.37,14.58,44.4264,26.1406
2022-09-10 04:00:00,2022-09-10 05:00:00,15.13,8.08,17.17,44.4264,26.1406
2022-09-10 05:00:00,2022-09-10 06:00:00,13.89,6.12,19.73,44.4264,26.1406
2022-09-10 06:00:00,2022-09-10 07:00:00,15.66,8.0,21.74,44.4264,26.1406
2022-09-10 07:00:00,2022-09-10 08:00:00,18.36,9.91,17.13,44.4264,26.1406
2022-09-10 08:00:00,2022-09-10 09:00:00,19.12,9.84,17.89,44.4264,26.1406
2022-09-10 10:00:00,2022-09-10 11:00:00,22.5,12.16,13.82,44.4264,26.1406
2022-09-10 11:00:00,2022-09-10 12:00:00,25.35,13.26,13.52,44.4264,26.1406
2022-09-10 12:00:00,2022-09-10 13:00:00,28.43,15.47,13.05,44.4264,26.1406
2022-09-10 13:00:00,2022-09-10 14:00:00,30.73,17.22,10.99,44.4264,26.1406
2022-09-10 14:00:00,2022-09-10 15:00:00,31.31,17.56,5.19,44.4264,26.1406
2022-09-10 15:00:00,2022-09-10 16:00:00,25.9,12.43,4.55,44.4264,26.1406
2022-09-10 16:00:00,2022-09-10 17:00:00,25.14,11.4,4.39,44.4264,26.1406
2022-09-10 17:00:00,2022-09-10 18:00:00,27.08,12.53,4.81,44.4264,26.1406
2022-09-10 18:00:00,2022-09-10 19:00:00,25.07,11.94,5.04,44.4264,26.1406
2022-09-10 19:00:00,2022-09-10 20:00:00,24.91,12.67,8.5,44.4264,26.1406
2022-09-10 20:00:00,2022-09-10 21:00:00,20.05,10.92,10.85,44.4264,26.1406
2022-09-10 21:00:00,2022-09-10 22:00:00,21.84,12.98,11.93,44.4264,26.1406
2022-09-10 22:00:00,2022-09-10 23:00:00,20.17,12.53,9.26,44.4264,26.1406
2022-09-10 23:00:00,2022-09-11 00:00:00,17.07,10.7,9.12,44.4264,26.1406
2022-09-11 00:00:00,2022-09-11 01:00:00,17.12,10.71,8.36,44.4264,26.1406
2022-09-11 01:00:00,2022-09-11 02:00:00,17.08,11.22,10.89,44.4264,26.1406
2022-09-11 02:00:00,2022-09-11 03:00:00,21.79,15.46,10.88,44.4264,26.1406
2022-09-11 03:00:00,2022-09-11 04:00:00,25.39,18.59,8.18,44.4264,26.1406
2022-09-11 04:00:00,2022-09-11 05:00:00,22.51,14.47,6.67,44.4264,26.1406
2022-09-11 05:00:00,2022-09-11 06:00:00,19.25,13.62,7.35,44.4264,26.1406
2022-09-11 06:00:00,2022-09-11 07:00:00,16.36,10.98,8.29,44.4264,26.1406
2022-09-11 07:00:00,2022-09-11 08:00:00,19.09,11.99,8.11,44.4264,26.1406
2022-09-11 08:00:00,2022-09-11 09:00:00,18.03,11.17,8.53,44.4264,26.1406
2022-09-11 09:00:00,2022-09-11 10:00:00,20.82,13.21,7.04,44.4264,26.1406
2022-09-11 11:00:00,2022-09-11 12:00:00,15.41,8.74,7.63,44.4264,26.1406
2022-09-11 12:00:00,2022-09-11 13:00:00,15.98,9.19,6.02,44.4264,26.1406
2022-09-11 13:00:00,2022-09-11 14:00:00,10.1,4.76,2.24,44.4264,26.1406
2022-09-11 14:00:00,2022-09-11 15:00:00,10.87,5.98,2.84,44.4264,26.1406
2022-09-11 15:00:00,2022-09-11 16:00:00,14.37,8.06,2.1,44.4264,26.1406
2022-09-11 16:00:00,2022-09-11 17:00:00,10.55,3.9,2.34,44.4264,26.1406
2022-09-11 17:00:00,2022-09-11 18:00:00,7.04,0.77,3.88,44.4264,26.1406
2022-09-11 18:00:00,2022-09-11 19:00:00,13.59,5.26,10.17,44.4264,26.1406
2022-09-11 19:00:00,2022-09-11 20:00:00,7.88,2.77,17.27,44.4264,26.1406
2022-09-11 20:00:00,2022-09-11 21:00:00,9.19,3.29,24.22,44.4264,26.1406
2022-09-11 21:00:00,2022-09-11 22:00:00,14.96,8.58,25.85,44.4264,26.1406
2022-09-11 22:00:00,2022-09-11 23:00:00,16.64,10.26,26.38,44.4264,26.1406
2022-09-11 23:00:00,2022-09-12 00:00:00,15.16,7.86,14.92,44.4264,26.1406
2022-09-12 00:00:00,2022-09-12 01:00:00,14.9,8.65,13.68,44.4264,26.1406
2022-09-12 01:00:00,2022-09-12 02:00:00,14.23,8.79,19.54,44.4264,26.1406
2022-09-12 02:00:00,2022-09-12 03:00:00,12.69,7.07,23.07,44.4264,26.1406
2022-09-12 03:00:00,2022-09-12 04:00:00,13.6,8.39,18.9,44.4264,26.1406
2022-09-12 04:00:00,2022-09-12 05:00:00,10.87,6.54,14.59,44.4264,26.1406
2022-09-12 05:00:00,2022-09-12 06:00:00,10.41,5.66,17.68,44.4264,26.1406
2022-09-12 06:00:00,2022-09-12 07:00:00,13.3,5.39,27.71,44.4264,26.1406
2022-09-12 07:00:00,2022-09-12 08:00:00,24.66,6.16,29.44,44.4264,26.1406
2022-09-12 08:00:00,2022-09-12 09:00:00,33.57,9.73,24.04,44.4264,26.1406
2022-09-12 09:00:00,2022-09-12 10:00:00,24.38,10.04,17.25,44.4264,26.1406
2022-09-12 16:00:00,2022-09-12 17:00:00,10.16,1.88,5.02,44.4264,26.1406
2022-09-12 17:00:00,2022-09-12 18:00:00,5.1,0.59,5.38,44.4264,26.1406
2022-09-12 18:00:00,2022-09-12 19:00:00,5.36,1.71,12.59,44.4264,26.1406
2022-09-12 19:00:00,2022-09-12 20:00:00,10.45,5.37,13.42,44.4264,26.1406
2022-09-12 20:00:00,2022-09-12 21:00:00,11.45,5.9,12.75,44.4264,26.1406
2022-09-12 21:00:00,2022-09-12 22:00:00,9.61,3.54,12.42,44.4264,26.1406
2022-09-12 22:00:00,2022-09-12 23:00:00,10.82,5.76,11.92,44.4264,26.1406
2022-09-12 23:00:00,2022-09-13 00:00:00,12.95,6.96,8.07,44.4264,26.1406
2022-09-13 00:00:00,2022-09-13 01:00:00,12.83,7.09,6.62,44.4264,26.1406
2022-09-13 01:00:00,2022-09-13 02:00:00,7.61,3.32,9.14,44.4264,26.1406
2022-09-13 02:00:00,2022-09-13 03:00:00,7.89,4.02,10.43,44.4264,26.1406
2022-09-13 03:00:00,2022-09-13 04:00:00,8.37,4.29,15.86,44.4264,26.1406
2022-09-13 04:00:00,2022-09-13 05:00:00,11.6,6.2,22.26,44.4264,26.1406
2022-09-13 05:00:00,2022-09-13 06:00:00,13.87,7.53,22.53,44.4264,26.1406
2022-09-13 06:00:00,2022-09-13 07:00:00,19.5,11.48,27.79,44.4264,26.1406
2022-09-13 07:00:00,2022-09-13 08:00:00,22.98,11.17,29.01,44.4264,26.1406
2022-09-13 08:00:00,2022-09-13 09:00:00,28.53,14.34,21.98,44.4264,26.1406
2022-09-13 09:00:00,2022-09-13 10:00:00,26.55,10.88,12.77,44.4264,26.1406
2022-09-13 10:00:00,2022-09-13 11:00:00,17.46,6.27,7.44,44.4264,26.1406
2022-09-13 11:00:00,2022-09-13 12:00:00,15.99,7.59,3.09,44.4264,26.1406
2022-09-13 13:00:00,2022-09-13 14:00:00,14.5,6.53,2.55,44.4264,26.1406
2022-09-13 14:00:00,2022-09-13 15:00:00,14.59,8.13,2.31,44.4264,26.1406
2022-09-13 15:00:00,2022-09-13 16:00:00,12.88,5.51,2.84,44.4264,26.1406
2022-09-13 16:00:00,2022-09-13 17:00:00,12.99,6.01,10.58,44.4264,26.1406
2022-09-13 17:00:00,2022-09-13 18:00:00,13.46,5.84,12.3,44.4264,26.1406
2022-09-13 18:00:00,2022-09-13 19:00:00,12.81,5.17,21.55,44.4264,26.1406
2022-09-13 19:00:00,2022-09-13 20:00:00,13.94,4.94,30.55,44.4264,26.1406
2022-09-13 20:00:00,2022-09-13 21:00:00,13.54,5.27,21.79,44.4264,26.1406
2022-09-13 21:00:00,2022-09-13 22:00:00,9.43,2.51,17.1,44.4264,26.1406
2022-09-13 22:00:00,2022-09-13 23:00:00,6.67,1.05,12.26,44.4264,26.1406
2022-09-13 23:00:00,2022-09-14 00:00:00,6.89,2.68,11.02,44.4264,26.1406
2022-09-14 00:00:00,2022-09-14 01:00:00,10.62,5.96,15.65,44.4264,26.1406
2022-09-14 01:00:00,2022-09-14 02:00:00,9.15,4.63,13.76,44.4264,26.1406
2022-09-14 02:00:00,2022-09-14 03:00:00,6.7,2.39,12.55,44.4264,26.1406
2022-09-14 03:00:00,2022-09-14 04:00:00,6.84,3.58,13.12,44.4264,26.1406
2022-09-14 04:00:00,2022-09-14 05:00:00,11.05,7.61,14.14,44.4264,26.1406
2022-09-14 05:00:00,2022-09-14 06:00:00,12.61,8.02,18.66,44.4264,26.1406
2022-09-14 06:00:00,2022-09-14 07:00:00,14.26,6.87,28.86,44.4264,26.1406
2022-09-14 07:00:00,2022-09-14 08:00:00,20.99,10.83,30.33,44.4264,26.1406
2022-09-14 08:00:00,2022-09-14 09:00:00,20.73,9.88,19.29,44.4264,26.1406
2022-09-14 09:00:00,2022-09-14 10:00:00,18.61,8.25,26.39,44.4264,26.1406
2022-09-14 10:00:00,2022-09-14 11:00:00,26.9,9.2,26.36,44.4264,26.1406
2022-09-14 11:00:00,2022-09-14 12:00:00,27.2,7.31,14.07,44.4264,26.1406
2022-09-14 12:00:00,2022-09-14 13:00:00,24.89,9.9,5.55,44.4264,26.1406
2022-09-14 14:00:00,2022-09-14 15:00:00,14.61,5.79,5.08,44.4264,26.1406
2022-09-14 15:00:00,2022-09-14 16:00:00,13.36,4.4,4.29,44.4264,26.1406
2022-09-14 16:00:00,2022-09-14 17:00:00,11.62,3.21,4.54,44.4264,26.1406
2022-09-14 17:00:00,2022-09-14 18:00:00,14.19,5.54,10.31,44.4264,26.1406
2022-09-14 18:00:00,2022-09-14 19:00:00,14.39,4.58,23.75,44.4264,26.1406
2022-09-14 19:00:00,2022-09-14 20:00:00,22.19,9.44,28.23,44.4264,26.1406
2022-09-14 20:00:00,2022-09-14 21:00:00,25.06,12.15,32.84,44.4264,26.1406
2022-09-14 21:00:00,2022-09-14 22:00:00,23.5,9.69,43.61,44.4264,26.1406
2022-09-14 22:00:00,2022-09-14 23:00:00,27.1,13.35,28.37,44.4264,26.1406
2022-09-14 23:00:00,2022-09-15 00:00:00,25.85,13.56,26.87,44.4264,26.1406
2022-09-15 00:00:00,2022-09-15 01:00:00,30.2,17.4,30.17,44.4264,26.1406
2022-09-15 01:00:00,2022-09-15 02:00:00,29.3,16.13,30.87,44.4264,26.1406
2022-09-15 02:00:00,2022-09-15 03:00:00,28.2,16.89,29.67,44.4264,26.1406
2022-09-15 03:00:00,2022-09-15 04:00:00,27.17,15.3,22.09,44.4264,26.1406
2022-09-15 04:00:00,2022-09-15 05:00:00,18.8,9.56,13.5,44.4264,26.1406
2022-09-15 05:00:00,2022-09-15 06:00:00,21.68,12.1,42.57,44.4264,26.1406
2022-09-15 06:00:00,2022-09-15 07:00:00,23.07,11.47,37.15,44.4264,26.1406
2022-09-15 07:00:00,2022-09-15 08:00:00,29.78,11.92,26.31,44.4264,26.1406
2022-09-15 08:00:00,2022-09-15 09:00:00,36.5,11.64,20.55,44.4264,26.1406
2022-09-15 09:00:00,2022-09-15 10:00:00,28.7,11.02,15.27,44.4264,26.1406
2022-09-15 10:00:00,2022-09-15 11:00:00,33.55,13.61,9.52,44.4264,26.1406
2022-09-15 11:00:00,2022-09-15 12:00:00,40.23,12.14,5.72,44.4264,26.1406
2022-09-15 12:00:00,2022-09-15 13:00:00,40.2,10.69,4.75,44.4264,26.1406
2022-09-15 13:00:00,2022-09-15 14:00:00,54.83,10.15,4.71,44.4264,26.1406
2022-09-15 15:00:00,2022-09-15 16:00:00,54.78,8.26,5.41,44.4264,26.1406
2022-09-15 16:00:00,2022-09-15 17:00:00,36.25,8.68,5.39,44.4264,26.1406
2022-09-15 17:00:00,2022-09-15 18:00:00,32.12,8.58,11.77,44.4264,26.1406
2022-09-15 18:00:00,2022-09-15 19:00:00,32.04,10.83,16.79,44.4264,26.1406
2022-09-15 19:00:00,2022-09-15 20:00:00,28.02,8.57,15.99,44.4264,26.1406
2022-09-15 20:00:00,2022-09-15 21:00:00,23.22,6.8,17.2,44.4264,26.1406
2022-09-15 21:00:00,2022-09-15 22:00:00,25.18,8.79,17.59,44.4264,26.1406
2022-09-15 22:00:00,2022-09-15 23:00:00,27.44,11.12,13.14,44.4264,26.1406
2022-09-15 23:00:00,2022-09-16 00:00:00,28.35,13.57,14.28,44.4264,26.1406
2022-09-16 00:00:00,2022-09-16 01:00:00,25.42,11.39,15.71,44.4264,26.1406
2022-09-16 01:00:00,2022-09-16 02:00:00,29.1,14.39,9.06,44.4264,26.1406
2022-09-16 02:00:00,2022-09-16 03:00:00,28.07,11.5,9.61,44.4264,26.1406
2022-09-16 03:00:00,2022-09-16 04:00:00,26.97,11.32,10.55,44.4264,26.1406
2022-09-16 04:00:00,2022-09-16 05:00:00,28.59,12.5,11.91,44.4264,26.1406
2022-09-16 05:00:00,2022-09-16 06:00:00,25.2,10.36,15.79,44.4264,26.1406
2022-09-16 06:00:00,2022-09-16 07:00:00,23.11,7.62,16.11,44.4264,26.1406
2022-09-16 07:00:00,2022-09-16 08:00:00,28.52,6.83,10.94,44.4264,26.1406
2022-09-16 08:00:00,2022-09-16 09:00:00,27.58,8.8,7.49,44.4264,26.1406
2022-09-16 09:00:00,2022-09-16 10:00:00,26.53,10.7,5.95,44.4264,26.1406
2022-09-16 10:00:00,2022-09-16 11:00:00,22.59,8.92,3.13,44.4264,26.1406
2022-09-16 11:00:00,2022-09-16 12:00:00,15.95,5.15,1.99,44.4264,26.1406
2022-09-16 12:00:00,2022-09-16 13:00:00,9.9,1.51,3.06,44.4264,26.1406
2022-09-16 13:00:00,2022-09-16 14:00:00,12.03,3.2,3.13,44.4264,26.1406
2022-09-16 17:00:00,2022-09-16 18:00:00,20.21,6.81,18.28,44.4264,26.1406
2022-09-16 18:00:00,2022-09-16 19:00:00,20.16,6.11,21.96,44.4264,26.1406
2022-09-16 19:00:00,2022-09-16 20:00:00,22.69,6.79,19.54,44.4264,26.1406
2022-09-16 20:00:00,2022-09-16 21:00:00,25.21,9.18,18.37,44.4264,26.1406
2022-09-16 21:00:00,2022-09-16 22:00:00,26.24,10.08,15.51,44.4264,26.1406
2022-09-16 22:00:00,2022-09-16 23:00:00,25.68,9.8,10.07,44.4264,26.1406
2022-09-16 23:00:00,2022-09-17 00:00:00,14.19,5.58,25.15,44.4264,26.1406
2022-09-17 00:00:00,2022-09-17 01:00:00,14.83,8.15,22.62,44.4264,26.1406
2022-09-17 01:00:00,2022-09-17 02:00:00,15.57,7.58,18.08,44.4264,26.1406
2022-09-17 02:00:00,2022-09-17 03:00:00,12.8,5.34,17.64,44.4264,26.1406
2022-09-17 03:00:00,2022-09-17 04:00:00,9.56,4.26,21.14,44.4264,26.1406
2022-09-17 04:00:00,2022-09-17 05:00:00,8.28,4.46,15.12,44.4264,26.1406
2022-09-17 05:00:00,2022-09-17 06:00:00,6.19,1.44,21.5,44.4264,26.1406
2022-09-17 06:00:00,2022-09-17 07:00:00,8.47,2.92,26.73,44.4264,26.1406
2022-09-17 07:00:00,2022-09-17 08:00:00,14.63,8.44,26.59,44.4264,26.1406
2022-09-17 08:00:00,2022-09-17 09:00:00,17.45,8.9,32.48,44.4264,26.1406
2022-09-17 09:00:00,2022-09-17 10:00:00,19.02,6.04,52.13,44.4264,26.1406
2022-09-17 11:00:00,2022-09-17 12:00:00,26.71,10.58,28.83,44.4264,26.1406
2022-09-17 12:00:00,2022-09-17 13:00:00,20.32,6.12,7.73,44.4264,26.1406
2022-09-17 13:00:00,2022-09-17 14:00:00,12.63,3.81,7.06,44.4264,26.1406
2022-09-17 14:00:00,2022-09-17 15:00:00,10.37,3.64,7.69,44.4264,26.1406
2022-09-17 15:00:00,2022-09-17 16:00:00,14.52,7.87,10.6,44.4264,26.1406
2022-09-17 16:00:00,2022-09-17 17:00:00,16.96,10.0,6.29,44.4264,26.1406
2022-09-17 17:00:00,2022-09-17 18:00:00,14.69,8.08,10.46,44.4264,26.1406
2022-09-17 19:00:00,2022-09-17 20:00:00,13.91,6.59,26.47,44.4264,26.1406
2022-09-17 20:00:00,2022-09-17 21:00:00,18.39,9.96,48.52,44.4264,26.1406
2022-09-17 21:00:00,2022-09-17 22:00:00,24.75,14.09,29.33,44.4264,26.1406
2022-09-17 22:00:00,2022-09-17 23:00:00,19.8,11.19,18.99,44.4264,26.1406
2022-09-17 23:00:00,2022-09-18 00:00:00,14.35,8.45,29.68,44.4264,26.1406
2022-09-18 00:00:00,2022-09-18 01:00:00,10.1,5.28,21.38,44.4264,26.1406
2022-09-18 01:00:00,2022-09-18 02:00:00,8.63,4.06,26.16,44.4264,26.1406
2022-09-18 02:00:00,2022-09-18 03:00:00,8.35,3.58,21.14,44.4264,26.1406
2022-09-18 03:00:00,2022-09-18 04:00:00,10.7,5.5,10.68,44.4264,26.1406
2022-09-18 04:00:00,2022-09-18 05:00:00,13.8,4.83,6.33,44.4264,26.1406
2022-09-18 05:00:00,2022-09-18 06:00:00,16.1,1.61,6.33,44.4264,26.1406
2022-09-18 06:00:00,2022-09-18 07:00:00,18.71,4.6,5.94,44.4264,26.1406
2022-09-18 07:00:00,2022-09-18 08:00:00,12.83,0.92,5.23,44.4264,26.1406
2022-09-18 08:00:00,2022-09-18 09:00:00,23.42,2.85,4.91,44.4264,26.1406
2022-09-18 09:00:00,2022-09-18 10:00:00,34.04,2.81,4.82,44.4264,26.1406
2022-09-18 10:00:00,2022-09-18 11:00:00,33.3,1.59,4.32,44.4264,26.1406
2022-09-18 11:00:00,2022-09-18 12:00:00,27.72,3.09,3.95,44.4264,26.1406
2022-09-18 12:00:00,2022-09-18 13:00:00,21.58,1.0,4.07,44.4264,26.1406
2022-09-18 13:00:00,2022-09-18 14:00:00,13.3,0.56,4.13,44.4264,26.1406
2022-09-18 14:00:00,2022-09-18 15:00:00,9.52,0.4,4.35,44.4264,26.1406
2022-09-18 15:00:00,2022-09-18 16:00:00,10.97,3.05,4.35,44.4264,26.1406
2022-09-18 16:00:00,2022-09-18 17:00:00,13.72,6.41,4.65,44.4264,26.1406
2022-09-18 17:00:00,2022-09-18 18:00:00,11.26,3.92,5.02,44.4264,26.1406
2022-09-18 18:00:00,2022-09-18 19:00:00,10.72,2.7,7.28,44.4264,26.1406
2022-09-18 20:00:00,2022-09-18 21:00:00,8.17,3.04,10.26,44.4264,26.1406
2022-09-18 21:00:00,2022-09-18 22:00:00,9.31,4.45,8.66,44.4264,26.1406
2022-09-18 22:00:00,2022-09-18 23:00:00,8.45,3.95,7.6,44.4264,26.1406
2022-09-18 23:00:00,2022-09-19 00:00:00,6.82,3.24,7.29,44.4264,26.1406
2022-09-19 00:00:00,2022-09-19 01:00:00,8.09,4.28,7.12,44.4264,26.1406
2022-09-19 01:00:00,2022-09-19 02:00:00,9.99,6.71,6.83,44.4264,26.1406
2022-09-19 02:00:00,2022-09-19 03:00:00,3.55,0.6,7.4,44.4264,26.1406
2022-09-19 03:00:00,2022-09-19 04:00:00,4.64,1.54,11.77,44.4264,26.1406
2022-09-19 04:00:00,2022-09-19 05:00:00,5.54,2.79,9.5,44.4264,26.1406
2022-09-19 05:00:00,2022-09-19 06:00:00,7.21,4.38,16.38,44.4264,26.1406
2022-09-19 06:00:00,2022-09-19 07:00:00,9.01,4.91,27.29,44.4264,26.1406
2022-09-19 07:00:00,2022-09-19 08:00:00,10.93,4.01,18.34,44.4264,26.1406
2022-09-19 08:00:00,2022-09-19 09:00:00,15.45,7.01,15.35,44.4264,26.1406
2022-09-19 09:00:00,2022-09-19 10:00:00,19.68,9.0,20.18,44.4264,26.1406
2022-09-19 10:00:00,2022-09-19 11:00:00,23.72,11.12,12.38,44.4264,26.1406
2022-09-19 11:00:00,2022-09-19 12:00:00,13.15,5.52,7.39,44.4264,26.1406
2022-09-19 12:00:00,2022-09-19 13:00:00,8.95,3.28,5.44,44.4264,26.1406
2022-09-19 13:00:00,2022-09-19 14:00:00,5.51,0.63,5.23,44.4264,26.1406
2022-09-19 14:00:00,2022-09-19 15:00:00,9.23,4.65,5.07,44.4264,26.1406
2022-09-19 15:00:00,2022-09-19 16:00:00,7.72,2.47,5.41,44.4264,26.1406
2022-09-19 16:00:00,2022-09-19 17:00:00,10.26,4.03,6.25,44.4264,26.1406
2022-09-19 17:00:00,2022-09-19 18:00:00,8.98,2.74,10.98,44.4264,26.1406
2022-09-19 18:00:00,2022-09-19 19:00:00,12.8,5.88,29.29,44.4264,26.1406
2022-09-19 19:00:00,2022-09-19 20:00:00,17.77,6.87,61.24,44.4264,26.1406
2022-09-19 21:00:00,2022-09-19 22:00:00,28.68,10.47,41.19,44.4264,26.1406
2022-09-19 22:00:00,2022-09-19 23:00:00,24.12,9.52,20.16,44.4264,26.1406
2022-09-19 23:00:00,2022-09-20 00:00:00,15.98,6.11,5.92,44.4264,26.1406
2022-09-20 01:00:00,2022-09-20 02:00:00,5.96,3.29,7.84,44.4264,26.1406
2022-09-20 02:00:00,2022-09-20 03:00:00,6.21,4.63,7.09,44.4264,26.1406
2022-09-20 03:00:00,2022-09-20 04:00:00,5.85,3.93,7.98,44.4264,26.1406
2022-09-20 04:00:00,2022-09-20 05:00:00,5.48,3.44,9.56,44.4264,26.1406
2022-09-20 05:00:00,2022-09-20 06:00:00,9.21,6.58,12.35,44.4264,26.1406
2022-09-20 06:00:00,2022-09-20 07:00:00,6.59,2.72,18.51,44.4264,26.1406
2022-09-20 07:00:00,2022-09-20 08:00:00,11.47,4.74,19.84,44.4264,26.1406
2022-09-20 08:00:00,2022-09-20 09:00:00,13.73,4.74,11.62,44.4264,26.1406
2022-09-20 09:00:00,2022-09-20 10:00:00,8.93,2.93,11.23,44.4264,26.1406
2022-09-20 10:00:00,2022-09-20 11:00:00,6.17,0.08,7.84,44.4264,26.1406
2022-09-20 11:00:00,2022-09-20 12:00:00,6.75,1.38,5.56,44.4264,26.1406
2022-09-20 12:00:00,2022-09-20 13:00:00,11.35,6.3,4.36,44.4264,26.1406
2022-09-20 13:00:00,2022-09-20 14:00:00,8.09,3.72,4.48,44.4264,26.1406
2022-09-20 14:00:00,2022-09-20 15:00:00,6.17,1.95,4.15,44.4264,26.1406
2022-09-20 15:00:00,2022-09-20 16:00:00,6.17,1.56,5.52,44.4264,26.1406
2022-09-20 16:00:00,2022-09-20 17:00:00,9.51,3.1,7.46,44.4264,26.1406
2022-09-20 17:00:00,2022-09-20 18:00:00,13.92,7.34,9.84,44.4264,26.1406
2022-09-20 18:00:00,2022-09-20 19:00:00,13.96,4.9,25.72,44.4264,26.1406
2022-09-20 19:00:00,2022-09-20 20:00:00,17.81,5.38,24.15,44.4264,26.1406
2022-09-20 20:00:00,2022-09-20 21:00:00,20.86,6.03,31.32,44.4264,26.1406
2022-09-20 22:00:00,2022-09-20 23:00:00,11.33,5.13,21.59,44.4264,26.1406
2022-09-20 23:00:00,2022-09-21 00:00:00,10.26,7.91,20.41,44.4264,26.1406
2022-09-21 00:00:00,2022-09-21 01:00:00,9.64,6.7,29.42,44.4264,26.1406
2022-09-21 01:00:00,2022-09-21 02:00:00,16.63,9.17,39.1,44.4264,26.1406
2022-09-21 02:00:00,2022-09-21 03:00:00,21.22,10.74,40.0,44.4264,26.1406
2022-09-21 03:00:00,2022-09-21 04:00:00,17.22,11.89,37.66,44.4264,26.1406
2022-09-21 04:00:00,2022-09-21 05:00:00,12.93,8.38,35.41,44.4264,26.1406
2022-09-21 05:00:00,2022-09-21 06:00:00,15.74,9.75,34.15,44.4264,26.1406
2022-09-21 06:00:00,2022-09-21 07:00:00,19.75,11.6,39.34,44.4264,26.1406
2022-09-21 07:00:00,2022-09-21 08:00:00,17.64,9.69,41.62,44.4264,26.1406
2022-09-21 08:00:00,2022-09-21 09:00:00,21.71,10.39,31.82,44.4264,26.1406
2022-09-21 09:00:00,2022-09-21 10:00:00,18.55,8.35,29.69,44.4264,26.1406
2022-09-21 10:00:00,2022-09-21 11:00:00,14.03,5.23,18.81,44.4264,26.1406
2022-09-21 11:00:00,2022-09-21 12:00:00,12.18,5.2,10.4,44.4264,26.1406
2022-09-21 12:00:00,2022-09-21 13:00:00,6.63,1.97,5.43,44.4264,26.1406
2022-09-21 13:00:00,2022-09-21 14:00:00,6.57,3.92,5.23,44.4264,26.1406
2022-09-21 14:00:00,2022-09-21 15:00:00,5.14,1.92,5.28,44.4264,26.1406
2022-09-21 15:00:00,2022-09-21 16:00:00,9.27,4.6,6.18,44.4264,26.1406
2022-09-21 16:00:00,2022-09-21 17:00:00,11.23,7.93,5.92,44.4264,26.1406
2022-09-21 17:00:00,2022-09-21 18:00:00,6.81,3.03,7.06,44.4264,26.1406
2022-09-21 18:00:00,2022-09-21 19:00:00,13.37,8.11,20.73,44.4264,26.1406
2022-09-21 19:00:00,2022-09-21 20:00:00,9.07,4.92,27.86,44.4264,26.1406
2022-09-21 21:00:00,2022-09-21 22:00:00,4.17,1.09,17.75,44.4264,26.1406
2022-09-21 23:00:00,2022-09-22 00:00:00,13.11,5.27,16.42,44.4264,26.1406
2022-09-22 00:00:00,2022-09-22 01:00:00,13.62,6.75,14.52,44.4264,26.1406
2022-09-22 01:00:00,2022-09-22 02:00:00,12.41,6.36,16.08,44.4264,26.1406
2022-09-22 02:00:00,2022-09-22 03:00:00,15.9,9.27,17.57,44.4264,26.1406
2022-09-22 03:00:00,2022-09-22 04:00:00,15.43,10.77,16.42,44.4264,26.1406
2022-09-22 04:00:00,2022-09-22 05:00:00,11.27,9.16,16.08,44.4264,26.1406
2022-09-22 05:00:00,2022-09-22 06:00:00,11.06,7.67,26.02,44.4264,26.1406
2022-09-22 06:00:00,2022-09-22 07:00:00,13.53,8.86,33.34,44.4264,26.1406
2022-09-22 07:00:00,2022-09-22 08:00:00,17.01,8.7,40.98,44.4264,26.1406
2022-09-22 08:00:00,2022-09-22 09:00:00,23.4,9.68,37.57,44.4264,26.1406
2022-09-22 09:00:00,2022-09-22 10:00:00,18.5,8.27,21.34,44.4264,26.1406
2022-09-22 10:00:00,2022-09-22 11:00:00,16.5,6.24,14.73,44.4264,26.1406
2022-09-22 11:00:00,2022-09-22 12:00:00,18.67,7.8,12.39,44.4264,26.1406
2022-09-22 12:00:00,2022-09-22 13:00:00,13.4,4.36,8.38,44.4264,26.1406
2022-09-22 13:00:00,2022-09-22 14:00:00,11.0,3.68,6.6,44.4264,26.1406
2022-09-22 14:00:00,2022-09-22 15:00:00,10.56,4.35,5.53,44.4264,26.1406
2022-09-22 15:00:00,2022-09-22 16:00:00,11.87,4.53,9.8,44.4264,26.1406
2022-09-22 16:00:00,2022-09-22 17:00:00,12.42,4.31,12.72,44.4264,26.1406
2022-09-22 17:00:00,2022-09-22 18:00:00,14.11,6.66,14.56,44.4264,26.1406
2022-09-22 18:00:00,2022-09-22 19:00:00,13.43,7.15,21.41,44.4264,26.1406
2022-09-22 19:00:00,2022-09-22 20:00:00,17.53,6.64,23.48,44.4264,26.1406
2022-09-22 20:00:00,2022-09-22 21:00:00,12.04,4.38,24.33,44.4264,26.1406
2022-09-22 21:00:00,2022-09-22 22:00:00,12.25,5.28,32.01,44.4264,26.1406
2022-09-22 22:00:00,2022-09-22 23:00:00,12.53,6.61,30.78,44.4264,26.1406
2022-09-23 00:00:00,2022-09-23 01:00:00,10.68,6.15,22.17,44.4264,26.1406
2022-09-23 01:00:00,2022-09-23 02:00:00,9.52,6.28,30.32,44.4264,26.1406
2022-09-23 02:00:00,2022-09-23 03:00:00,10.58,4.93,32.25,44.4264,26.1406
2022-09-23 03:00:00,2022-09-23 04:00:00,7.27,3.81,30.56,44.4264,26.1406
2022-09-23 04:00:00,2022-09-23 05:00:00,5.21,2.33,25.2,44.4264,26.1406
2022-09-23 05:00:00,2022-09-23 06:00:00,8.36,5.06,28.17,44.4264,26.1406
2022-09-23 06:00:00,2022-09-23 07:00:00,14.48,8.4,33.8,44.4264,26.1406
2022-09-23 07:00:00,2022-09-23 08:00:00,20.6,11.43,44.9,44.4264,26.1406
2022-09-23 08:00:00,2022-09-23 09:00:00,18.56,8.12,29.29,44.4264,26.1406
2022-09-23 09:00:00,2022-09-23 10:00:00,16.13,6.66,21.87,44.4264,26.1406
2022-09-23 10:00:00,2022-09-23 11:00:00,19.61,7.66,17.01,44.4264,26.1406
2022-09-23 11:00:00,2022-09-23 12:00:00,12.94,5.32,11.41,44.4264,26.1406
2022-09-23 12:00:00,2022-09-23 13:00:00,12.19,6.77,12.82,44.4264,26.1406
2022-09-23 13:00:00,2022-09-23 14:00:00,9.86,4.32,8.96,44.4264,26.1406
2022-09-23 14:00:00,2022-09-23 15:00:00,12.6,7.37,9.33,44.4264,26.1406
2022-09-23 15:00:00,2022-09-23 16:00:00,9.4,5.78,7.42,44.4264,26.1406
2022-09-23 16:00:00,2022-09-23 17:00:00,12.31,6.15,9.16,44.4264,26.1406
2022-09-23 17:00:00,2022-09-23 18:00:00,7.54,3.13,19.63,44.4264,26.1406
2022-09-23 18:00:00,2022-09-23 19:00:00,7.67,4.01,42.88,44.4264,26.1406
2022-09-23 19:00:00,2022-09-23 20:00:00,14.66,6.03,65.4,44.4264,26.1406
2022-09-23 20:00:00,2022-09-23 21:00:00,26.13,12.27,67.51,44.4264,26.1406
2022-09-23 21:00:00,2022-09-23 22:00:00,25.5,15.49,47.44,44.4264,26.1406
2022-09-23 22:00:00,2022-09-23 23:00:00,15.69,10.07,21.29,44.4264,26.1406
2022-09-23 23:00:00,2022-09-24 00:00:00,9.44,6.62,31.8,44.4264,26.1406
2022-09-24 01:00:00,2022-09-24 02:00:00,12.63,8.42,40.87,44.4264,26.1406
2022-09-24 02:00:00,2022-09-24 03:00:00,9.79,6.41,23.77,44.4264,26.1406
2022-09-24 03:00:00,2022-09-24 04:00:00,8.71,6.75,21.83,44.4264,26.1406
2022-09-24 04:00:00,2022-09-24 05:00:00,8.11,6.5,25.26,44.4264,26.1406
2022-09-24 05:00:00,2022-09-24 06:00:00,10.09,7.57,24.21,44.4264,26.1406
2022-09-24 06:00:00,2022-09-24 07:00:00,13.0,8.7,22.2,44.4264,26.1406
2022-09-24 07:00:00,2022-09-24 08:00:00,13.59,8.72,13.96,44.4264,26.1406
2022-09-24 08:00:00,2022-09-24 09:00:00,17.1,8.16,20.13,44.4264,26.1406
2022-09-24 09:00:00,2022-09-24 10:00:00,21.34,10.94,19.36,44.4264,26.1406
2022-09-24 10:00:00,2022-09-24 11:00:00,14.15,7.01,10.49,44.4264,26.1406
2022-09-24 11:00:00,2022-09-24 12:00:00,12.12,7.97,7.15,44.4264,26.1406
2022-09-24 12:00:00,2022-09-24 13:00:00,7.54,3.78,5.49,44.4264,26.1406
2022-09-24 13:00:00,2022-09-24 14:00:00,6.28,2.94,5.25,44.4264,26.1406
2022-09-24 15:00:00,2022-09-24 16:00:00,4.61,3.31,5.99,44.4264,26.1406
2022-09-24 16:00:00,2022-09-24 17:00:00,11.52,7.17,5.48,44.4264,26.1406
2022-09-24 17:00:00,2022-09-24 18:00:00,11.11,7.2,9.7,44.4264,26.1406
2022-09-24 18:00:00,2022-09-24 19:00:00,12.27,7.48,25.08,44.4264,26.1406
2022-09-24 19:00:00,2022-09-24 20:00:00,16.02,9.57,45.93,44.4264,26.1406
2022-09-24 20:00:00,2022-09-24 21:00:00,17.73,9.83,77.78,44.4264,26.1406
2022-09-24 21:00:00,2022-09-24 22:00:00,29.89,15.92,87.34,44.4264,26.1406
2022-09-24 22:00:00,2022-09-24 23:00:00,40.67,23.99,83.98,44.4264,26.1406
2022-09-24 23:00:00,2022-09-25 00:00:00,35.41,21.25,68.28,44.4264,26.1406
2022-09-25 00:00:00,2022-09-25 01:00:00,35.96,26.08,55.77,44.4264,26.1406
2022-09-25 02:00:00,2022-09-25 03:00:00,33.22,25.28,37.48,44.4264,26.1406
2022-09-25 03:00:00,2022-09-25 04:00:00,31.86,25.73,37.92,44.4264,26.1406
2022-09-25 04:00:00,2022-09-25 05:00:00,26.58,20.81,24.02,44.4264,26.1406
2022-09-25 05:00:00,2022-09-25 06:00:00,20.09,16.21,18.64,44.4264,26.1406
2022-09-25 06:00:00,2022-09-25 07:00:00,16.99,12.62,20.16,44.4264,26.1406
2022-09-25 07:00:00,2022-09-25 08:00:00,17.62,12.89,27.19,44.4264,26.1406
2022-09-25 08:00:00,2022-09-25 09:00:00,20.53,13.93,28.83,44.4264,26.1406
2022-09-25 09:00:00,2022-09-25 10:00:00,23.13,15.96,22.88,44.4264,26.1406
2022-09-25 10:00:00,2022-09-25 11:00:00,22.96,16.23,20.24,44.4264,26.1406
2022-09-25 11:00:00,2022-09-25 12:00:00,17.72,12.13,16.02,44.4264,26.1406
2022-09-25 12:00:00,2022-09-25 13:00:00,21.22,14.39,19.03,44.4264,26.1406
2022-09-25 13:00:00,2022-09-25 14:00:00,19.0,11.61,11.79,44.4264,26.1406
2022-09-25 14:00:00,2022-09-25 15:00:00,15.19,9.39,7.47,44.4264,26.1406
2022-09-25 15:00:00,2022-09-25 16:00:00,15.08,10.45,7.67,44.4264,26.1406
2022-09-25 16:00:00,2022-09-25 17:00:00,16.44,11.88,7.29,44.4264,26.1406
2022-09-25 17:00:00,2022-09-25 18:00:00,16.53,11.76,12.21,44.4264,26.1406
2022-09-25 18:00:00,2022-09-25 19:00:00,16.28,10.89,19.28,44.4264,26.1406
2022-09-25 19:00:00,2022-09-25 20:00:00,27.71,19.62,67.09,44.4264,26.1406
2022-09-25 20:00:00,2022-09-25 21:00:00,42.62,25.96,78.54,44.4264,26.1406
2022-09-25 21:00:00,2022-09-25 22:00:00,59.95,44.68,77.1,44.4264,26.1406
2022-09-25 22:00:00,2022-09-25 23:00:00,59.81,45.57,79.5,44.4264,26.1406
2022-09-25 23:00:00,2022-09-26 00:00:00,49.62,33.31,68.49,44.4264,26.1406
2022-09-26 00:00:00,2022-09-26 01:00:00,40.78,27.73,67.92,44.4264,26.1406
2022-09-26 01:00:00,2022-09-26 02:00:00,38.95,27.78,75.31,44.4264,26.1406
2022-09-26 03:00:00,2022-09-26 04:00:00,33.37,23.62,54.55,44.4264,26.1406
2022-09-26 04:00:00,2022-09-26 05:00:00,30.16,19.46,51.07,44.4264,26.1406
2022-09-26 05:00:00,2022-09-26 06:00:00,31.31,22.81,46.5,44.4264,26.1406
2022-09-26 06:00:00,2022-09-26 07:00:00,32.67,23.8,40.5,44.4264,26.1406
2022-09-26 07:00:00,2022-09-26 08:00:00,35.47,23.01,58.26,44.4264,26.1406
2022-09-26 08:00:00,2022-09-26 09:00:00,50.39,28.01,60.54,44.4264,26.1406
2022-09-26 09:00:00,2022-09-26 10:00:00,53.25,26.1,47.83,44.4264,26.1406
2022-09-26 10:00:00,2022-09-26 11:00:00,37.31,16.16,19.06,44.4264,26.1406
2022-09-26 11:00:00,2022-09-26 12:00:00,27.76,12.39,17.72,44.4264,26.1406
2022-09-26 12:00:00,2022-09-26 13:00:00,28.35,13.6,11.9,44.4264,26.1406
2022-09-26 13:00:00,2022-09-26 14:00:00,24.12,12.81,11.81,44.4264,26.1406
2022-09-26 14:00:00,2022-09-26 15:00:00,23.36,10.22,16.23,44.4264,26.1406
2022-09-26 15:00:00,2022-09-26 16:00:00,25.75,12.13,10.12,44.4264,26.1406
2022-09-26 16:00:00,2022-09-26 17:00:00,20.31,10.76,8.29,44.4264,26.1406
2022-09-26 17:00:00,2022-09-26 18:00:00,21.0,9.16,14.27,44.4264,26.1406
2022-09-26 18:00:00,2022-09-26 19:00:00,25.69,11.29,18.72,44.4264,26.1406
2022-09-26 19:00:00,2022-09-26 20:00:00,27.08,13.43,35.46,44.4264,26.1406
2022-09-26 20:00:00,2022-09-26 21:00:00,33.23,16.46,45.56,44.4264,26.1406
2022-09-26 21:00:00,2022-09-26 22:00:00,37.16,17.98,35.24,44.4264,26.1406
2022-09-26 22:00:00,2022-09-26 23:00:00,28.37,15.8,18.93,44.4264,26.1406
2022-09-26 23:00:00,2022-09-27 00:00:00,23.3,13.42,18.33,44.4264,26.1406
2022-09-27 00:00:00,2022-09-27 01:00:00,19.84,13.09,14.3,44.4264,26.1406
2022-09-27 01:00:00,2022-09-27 02:00:00,16.43,11.14,13.66,44.4264,26.1406
2022-09-27 02:00:00,2022-09-27 03:00:00,24.25,19.51,10.95,44.4264,26.1406
2022-09-27 04:00:00,2022-09-27 05:00:00,15.06,13.02,9.82,44.4264,26.1406
2022-09-27 05:00:00,2022-09-27 06:00:00,12.42,10.29,19.96,44.4264,26.1406
2022-09-27 06:00:00,2022-09-27 07:00:00,17.3,13.28,24.19,44.4264,26.1406
2022-09-27 07:00:00,2022-09-27 08:00:00,24.07,18.69,29.19,44.4264,26.1406
2022-09-27 08:00:00,2022-09-27 09:00:00,24.33,18.89,21.49,44.4264,26.1406
2022-09-27 09:00:00,2022-09-27 10:00:00,17.81,13.33,16.27,44.4264,26.1406
2022-09-27 10:00:00,2022-09-27 11:00:00,18.59,13.73,16.01,44.4264,26.1406
2022-09-27 11:00:00,2022-09-27 12:00:00,16.12,10.62,11.98,44.4264,26.1406
2022-09-27 12:00:00,2022-09-27 13:00:00,17.0,12.72,9.98,44.4264,26.1406
2022-09-27 13:00:00,2022-09-27 14:00:00,13.63,9.99,8.15,44.4264,26.1406
2022-09-27 14:00:00,2022-09-27 15:00:00,11.84,8.15,9.01,44.4264,26.1406
2022-09-27 15:00:00,2022-09-27 16:00:00,12.65,7.06,12.11,44.4264,26.1406
2022-09-27 16:00:00,2022-09-27 17:00:00,14.13,8.38,13.76,44.4264,26.1406
2022-09-27 17:00:00,2022-09-27 18:00:00,15.76,9.16,17.74,44.4264,26.1406
2022-09-27 18:00:00,2022-09-27 19:00:00,13.32,5.88,47.64,44.4264,26.1406
2022-09-27 19:00:00,2022-09-27 20:00:00,18.62,8.78,52.5,44.4264,26.1406
2022-09-27 20:00:00,2022-09-27 21:00:00,26.63,15.71,57.33,44.4264,26.1406
2022-09-27 21:00:00,2022-09-27 22:00:00,24.87,11.73,21.72,44.4264,26.1406
2022-09-27 22:00:00,2022-09-27 23:00:00,8.86,3.54,23.42,44.4264,26.1406
2022-09-27 23:00:00,2022-09-28 00:00:00,14.03,9.82,10.24,44.4264,26.1406
2022-09-28 00:00:00,2022-09-28 01:00:00,8.11,5.44,7.86,44.4264,26.1406
2022-09-28 01:00:00,2022-09-28 02:00:00,6.69,2.23,10.57,44.4264,26.1406
2022-09-28 02:00:00,2022-09-28 03:00:00,5.74,1.73,12.89,44.4264,26.1406
2022-09-28 03:00:00,2022-09-28 04:00:00,9.85,5.96,10.56,44.4264,26.1406
2022-09-28 05:00:00,2022-09-28 06:00:00,12.25,8.04,17.68,44.4264,26.1406
2022-09-28 06:00:00,2022-09-28 07:00:00,9.47,5.27,27.29,44.4264,26.1406
2022-09-28 07:00:00,2022-09-28 08:00:00,15.73,9.94,24.63,44.4264,26.1406
2022-09-28 08:00:00,2022-09-28 09:00:00,18.24,13.08,17.6,44.4264,26.1406
2022-09-28 09:00:00,2022-09-28 10:00:00,14.6,10.32,13.93,44.4264,26.1406
2022-09-28 10:00:00,2022-09-28 11:00:00,7.27,2.17,10.52,44.4264,26.1406
2022-09-28 11:00:00,2022-09-28 12:00:00,10.1,4.49,9.01,44.4264,26.1406
2022-09-28 12:00:00,2022-09-28 13:00:00,8.34,2.68,8.56,44.4264,26.1406
2022-09-28 13:00:00,2022-09-28 14:00:00,8.84,2.54,8.25,44.4264,26.1406
2022-09-28 14:00:00,2022-09-28 15:00:00,9.0,4.05,7.62,44.4264,26.1406
2022-09-28 15:00:00,2022-09-28 16:00:00,10.28,5.73,8.33,44.4264,26.1406
2022-09-28 16:00:00,2022-09-28 17:00:00,11.11,6.27,9.99,44.4264,26.1406
2022-09-28 17:00:00,2022-09-28 18:00:00,14.75,8.12,15.24,44.4264,26.1406
2022-09-28 18:00:00,2022-09-28 19:00:00,14.2,6.85,37.12,44.4264,26.1406
2022-09-28 19:00:00,2022-09-28 20:00:00,14.76,4.34,49.75,44.4264,26.1406
2022-09-28 20:00:00,2022-09-28 21:00:00,22.83,8.74,62.09,44.4264,26.1406
2022-09-28 21:00:00,2022-09-28 22:00:00,26.39,10.61,70.55,44.4264,26.1406
2022-09-28 22:00:00,2022-09-28 23:00:00,34.77,14.79,83.34,44.4264,26.1406
2022-09-28 23:00:00,2022-09-29 00:00:00,39.07,18.41,75.03,44.4264,26.1406
2022-09-29 00:00:00,2022-09-29 01:00:00,32.44,16.88,59.83,44.4264,26.1406
2022-09-29 01:00:00,2022-09-29 02:00:00,30.24,16.27,60.67,44.4264,26.1406
2022-09-29 02:00:00,2022-09-29 03:00:00,25.49,13.44,53.81,44.4264,26.1406
2022-09-29 03:00:00,2022-09-29 04:00:00,25.25,14.51,60.09,44.4264,26.1406
2022-09-29 04:00:00,2022-09-29 05:00:00,23.33,14.36,36.93,44.4264,26.1406
2022-09-29 06:00:00,2022-09-29 07:00:00,17.29,10.58,34.28,44.4264,26.1406
2022-09-29 07:00:00,2022-09-29 08:00:00,23.03,13.51,38.97,44.4264,26.1406
2022-09-29 08:00:00,2022-09-29 09:00:00,25.72,14.22,41.06,44.4264,26.1406
2022-09-29 09:00:00,2022-09-29 10:00:00,28.22,14.74,45.49,44.4264,26.1406
2022-09-29 10:00:00,2022-09-29 11:00:00,26.66,12.69,45.51,44.4264,26.1406
2022-09-29 11:00:00,2022-09-29 12:00:00,26.41,12.95,42.03,44.4264,26.1406
2022-09-29 12:00:00,2022-09-29 13:00:00,24.95,9.66,39.26,44.4264,26.1406
2022-09-29 13:00:00,2022-09-29 14:00:00,25.52,9.39,22.52,44.4264,26.1406
2022-09-29 14:00:00,2022-09-29 15:00:00,22.96,9.94,13.25,44.4264,26.1406
2022-09-29 15:00:00,2022-09-29 16:00:00,15.33,5.43,8.33,44.4264,26.1406
2022-09-29 16:00:00,2022-09-29 17:00:00,15.61,6.29,11.42,44.4264,26.1406
2022-09-29 17:00:00,2022-09-29 18:00:00,19.0,7.39,17.23,44.4264,26.1406
2022-09-29 18:00:00,2022-09-29 19:00:00,19.15,6.26,13.0,44.4264,26.1406
2022-09-29 19:00:00,2022-09-29 20:00:00,21.26,10.19,17.93,44.4264,26.1406
2022-09-29 20:00:00,2022-09-29 21:00:00,22.55,11.85,26.39,44.4264,26.1406
2022-09-29 21:00:00,2022-09-29 22:00:00,21.14,11.08,34.88,44.4264,26.1406
2022-09-29 22:00:00,2022-09-29 23:00:00,15.65,7.29,19.96,44.4264,26.1406
2022-09-29 23:00:00,2022-09-30 00:00:00,14.53,8.27,21.71,44.4264,26.1406
2022-09-30 00:00:00,2022-09-30 01:00:00,14.69,9.28,44.12,44.4264,26.1406
2022-09-30 01:00:00,2022-09-30 02:00:00,19.41,11.82,44.75,44.4264,26.1406
2022-09-30 02:00:00,2022-09-30 03:00:00,19.8,12.58,35.99,44.4264,26.1406
2022-09-30 03:00:00,2022-09-30 04:00:00,17.71,11.28,29.37,44.4264,26.1406
2022-09-30 04:00:00,2022-09-30 05:00:00,17.48,10.71,37.08,44.4264,26.1406
2022-09-30 05:00:00,2022-09-30 06:00:00,17.66,10.73,39.76,44.4264,26.1406
2022-09-30 07:00:00,2022-09-30 08:00:00,21.42,12.38,34.58,44.4264,26.1406
2022-09-30 08:00:00,2022-09-30 09:00:00,34.84,13.49,36.74,44.4264,26.1406
2022-09-30 09:00:00,2022-09-30 10:00:00,36.66,11.86,32.53,44.4264,26.1406
2022-09-30 10:00:00,2022-09-30 11:00:00,25.47,9.32,19.98,44.4264,26.1406
2022-09-30 11:00:00,2022-09-30 12:00:00,19.39,6.79,20.16,44.4264,26.1406
2022-09-30 12:00:00,2022-09-30 13:00:00,15.78,4.94,9.06,44.4264,26.1406
2022-09-30 13:00:00,2022-09-30 14:00:00,14.97,7.61,7.41,44.4264,26.1406
2022-09-30 14:00:00,2022-09-30 15:00:00,17.0,8.54,6.33,44.4264,26.1406
2022-09-30 15:00:00,2022-09-30 16:00:00,13.28,4.54,7.37,44.4264,26.1406
2022-09-30 16:00:00,2022-09-30 17:00:00,15.84,7.71,7.22,44.4264,26.1406
2022-09-30 17:00:00,2022-09-30 18:00:00,17.77,8.61,12.02,44.4264,26.1406
2022-09-30 18:00:00,2022-09-30 19:00:00,19.76,9.65,13.28,44.4264,26.1406
2022-09-30 19:00:00,2022-09-30 20:00:00,18.98,7.27,24.02,44.4264,26.1406
2022-09-30 20:00:00,2022-09-30 21:00:00,23.51,12.29,25.84,44.4264,26.1406
2022-09-30 21:00:00,2022-09-30 22:00:00,25.59,14.24,29.96,44.4264,26.1406
2022-09-30 22:00:00,2022-09-30 23:00:00,16.98,9.13,20.44,44.4264,26.1406
2022-09-30 23:00:00,2022-10-01 00:00:00,20.49,11.89,26.22,44.4264,26.1406
2022-10-01 00:00:00,2022-10-01 01:00:00,23.6,14.5,36.82,44.4264,26.1406
2022-10-01 01:00:00,2022-10-01 02:00:00,24.16,14.74,44.3,44.4264,26.1406
2022-10-01 02:00:00,2022-10-01 03:00:00,22.59,11.74,48.39,44.4264,26.1406
2022-10-01 03:00:00,2022-10-01 04:00:00,20.34,10.92,39.31,44.4264,26.1406
2022-10-01 04:00:00,2022-10-01 05:00:00,23.22,14.0,36.88,44.4264,26.1406
2022-10-01 05:00:00,2022-10-01 06:00:00,23.77,15.26,28.44,44.4264,26.1406
2022-10-01 06:00:00,2022-10-01 07:00:00,23.74,15.43,28.26,44.4264,26.1406
2022-10-01 08:00:00,2022-10-01 09:00:00,29.34,17.17,33.91,44.4264,26.1406
2022-10-01 09:00:00,2022-10-01 10:00:00,25.27,13.12,30.04,44.4264,26.1406
2022-10-01 10:00:00,2022-10-01 11:00:00,23.4,12.64,33.85,44.4264,26.1406
2022-10-01 11:00:00,2022-10-01 12:00:00,26.67,13.74,42.96,44.4264,26.1406
2022-10-01 12:00:00,2022-10-01 13:00:00,36.72,11.99,26.6,44.4264,26.1406
2022-10-01 13:00:00,2022-10-01 14:00:00,31.03,10.16,13.83,44.4264,26.1406
2022-10-01 14:00:00,2022-10-01 15:00:00,20.99,10.21,12.05,44.4264,26.1406
2022-10-01 15:00:00,2022-10-01 16:00:00,21.33,11.54,9.64,44.4264,26.1406
2022-10-01 16:00:00,2022-10-01 17:00:00,21.23,11.17,13.45,44.4264,26.1406
2022-10-01 17:00:00,2022-10-01 18:00:00,18.7,7.61,22.32,44.4264,26.1406
2022-10-01 18:00:00,2022-10-01 19:00:00,26.22,12.28,27.87,44.4264,26.1406
2022-10-01 19:00:00,2022-10-01 20:00:00,27.79,12.88,21.04,44.4264,26.1406
2022-10-01 20:00:00,2022-10-01 21:00:00,24.72,10.37,16.17,44.4264,26.1406
2022-10-01 21:00:00,2022-10-01 22:00:00,20.13,9.93,14.62,44.4264,26.1406
2022-10-01 22:00:00,2022-10-01 23:00:00,18.68,10.42,8.5,44.4264,26.1406
2022-10-01 23:00:00,2022-10-02 00:00:00,17.44,9.99,6.69,44.4264,26.1406
2022-10-02 00:00:00,2022-10-02 01:00:00,11.89,4.94,7.79,44.4264,26.1406
2022-10-02 01:00:00,2022-10-02 02:00:00,15.54,9.31,8.32,44.4264,26.1406
2022-10-02 02:00:00,2022-10-02 03:00:00,11.1,4.84,5.93,44.4264,26.1406
2022-10-02 03:00:00,2022-10-02 04:00:00,13.42,8.52,6.45,44.4264,26.1406
2022-10-02 04:00:00,2022-10-02 05:00:00,10.33,4.61,7.3,44.4264,26.1406
2022-10-02 05:00:00,2022-10-02 06:00:00,8.91,3.03,7.85,44.4264,26.1406
2022-10-02 06:00:00,2022-10-02 07:00:00,13.09,7.81,8.42,44.4264,26.1406
2022-10-02 07:00:00,2022-10-02 08:00:00,16.35,11.1,7.49,44.4264,26.1406
2022-10-02 09:00:00,2022-10-02 10:00:00,15.09,8.8,6.95,44.4264,26.1406
2022-10-02 10:00:00,2022-10-02 11:00:00,11.92,3.69,4.35,44.4264,26.1406
2022-10-02 11:00:00,2022-10-02 12:00:00,12.08,3.46,4.07,44.4264,26.1406
2022-10-02 13:00:00,2022-10-02 14:00:00,6.55,2.46,4.17,44.4264,26.1406
2022-10-02 14:00:00,2022-10-02 15:00:00,5.17,0.71,4.18,44.4264,26.1406
2022-10-02 15:00:00,2022-10-02 16:00:00,6.88,2.11,4.22,44.4264,26.1406
2022-10-02 16:00:00,2022-10-02 17:00:00,6.92,2.9,4.67,44.4264,26.1406
2022-10-02 17:00:00,2022-10-02 18:00:00,2.06,1.97,5.26,44.4264,26.1406
2022-10-02 18:00:00,2022-10-02 19:00:00,5.96,1.59,6.97,44.4264,26.1406
2022-10-02 19:00:00,2022-10-02 20:00:00,5.38,0.68,6.04,44.4264,26.1406
2022-10-02 20:00:00,2022-10-02 21:00:00,9.46,5.04,11.39,44.4264,26.1406
2022-10-02 21:00:00,2022-10-02 22:00:00,9.87,5.5,17.14,44.4264,26.1406
2022-10-02 22:00:00,2022-10-02 23:00:00,10.39,5.52,13.38,44.4264,26.1406
2022-10-02 23:00:00,2022-10-03 00:00:00,8.48,4.51,12.61,44.4264,26.1406
2022-10-03 00:00:00,2022-10-03 01:00:00,9.05,4.45,11.61,44.4264,26.1406
2022-10-03 01:00:00,2022-10-03 02:00:00,8.46,4.62,15.63,44.4264,26.1406
2022-10-03 02:00:00,2022-10-03 03:00:00,7.51,4.6,10.23,44.4264,26.1406
2022-10-03 03:00:00,2022-10-03 04:00:00,6.58,4.0,10.08,44.4264,26.1406
2022-10-03 04:00:00,2022-10-03 05:00:00,6.65,3.44,25.6,44.4264,26.1406
2022-10-03 05:00:00,2022-10-03 06:00:00,9.65,4.66,27.72,44.4264,26.1406
2022-10-03 06:00:00,2022-10-03 07:00:00,13.61,7.93,31.19,44.4264,26.1406
2022-10-03 07:00:00,2022-10-03 08:00:00,13.39,6.34,31.28,44.4264,26.1406
2022-10-03 08:00:00,2022-10-03 09:00:00,19.44,7.97,35.71,44.4264,26.1406
2022-10-03 10:00:00,2022-10-03 11:00:00,14.18,5.8,14.89,44.4264,26.1406
2022-10-03 11:00:00,2022-10-03 12:00:00,10.72,5.09,9.28,44.4264,26.1406
2022-10-03 12:00:00,2022-10-03 13:00:00,8.21,3.95,8.82,44.4264,26.1406
2022-10-03 13:00:00,2022-10-03 14:00:00,7.63,2.96,7.99,44.4264,26.1406
2022-10-03 14:00:00,2022-10-03 15:00:00,8.89,3.59,9.71,44.4264,26.1406
2022-10-03 15:00:00,2022-10-03 16:00:00,11.31,4.3,22.23,44.4264,26.1406
2022-10-03 16:00:00,2022-10-03 17:00:00,9.22,5.61,16.0,44.4264,26.1406
2022-10-03 17:00:00,2022-10-03 18:00:00,4.46,1.24,26.89,44.4264,26.1406
2022-10-03 18:00:00,2022-10-03 19:00:00,15.72,6.23,56.33,44.4264,26.1406
2022-10-03 19:00:00,2022-10-03 20:00:00,20.74,8.06,45.87,44.4264,26.1406
2022-10-03 20:00:00,2022-10-03 21:00:00,16.69,7.54,40.28,44.4264,26.1406
2022-10-03 21:00:00,2022-10-03 22:00:00,15.57,7.57,31.93,44.4264,26.1406
2022-10-03 22:00:00,2022-10-03 23:00:00,21.6,11.89,37.89,44.4264,26.1406
2022-10-03 23:00:00,2022-10-04 00:00:00,18.79,8.51,36.08,44.4264,26.1406
2022-10-04 00:00:00,2022-10-04 01:00:00,17.03,9.55,14.67,44.4264,26.1406
2022-10-04 01:00:00,2022-10-04 02:00:00,13.33,9.03,13.18,44.4264,26.1406
2022-10-04 02:00:00,2022-10-04 03:00:00,10.91,6.5,22.46,44.4264,26.1406
2022-10-04 03:00:00,2022-10-04 04:00:00,8.25,4.22,15.25,44.4264,26.1406
2022-10-04 04:00:00,2022-10-04 05:00:00,5.65,2.57,11.34,44.4264,26.1406
2022-10-04 05:00:00,2022-10-04 06:00:00,6.14,3.66,25.65,44.4264,26.1406
2022-10-04 06:00:00,2022-10-04 07:00:00,12.51,5.87,39.41,44.4264,26.1406
2022-10-04 07:00:00,2022-10-04 08:00:00,18.09,6.77,32.71,44.4264,26.1406
2022-10-04 08:00:00,2022-10-04 09:00:00,19.95,5.67,21.68,44.4264,26.1406
2022-10-04 09:00:00,2022-10-04 10:00:00,21.07,8.01,27.74,44.4264,26.1406
2022-10-04 11:00:00,2022-10-04 12:00:00,15.0,6.45,21.39,44.4264,26.1406
2022-10-04 12:00:00,2022-10-04 13:00:00,13.03,7.3,13.08,44.4264,26.1406
2022-10-04 13:00:00,2022-10-04 14:00:00,9.48,5.4,17.85,44.4264,26.1406
2022-10-04 14:00:00,2022-10-04 15:00:00,9.57,2.83,15.33,44.4264,26.1406
2022-10-04 15:00:00,2022-10-04 16:00:00,10.69,4.73,10.09,44.4264,26.1406
2022-10-04 16:00:00,2022-10-04 17:00:00,9.38,4.43,8.05,44.4264,26.1406
2022-10-04 17:00:00,2022-10-04 18:00:00,6.91,2.12,18.68,44.4264,26.1406
2022-10-04 18:00:00,2022-10-04 19:00:00,11.52,4.18,39.79,44.4264,26.1406
2022-10-04 19:00:00,2022-10-04 20:00:00,16.72,4.98,74.64,44.4264,26.1406
2022-10-04 20:00:00,2022-10-04 21:00:00,36.48,14.68,72.81,44.4264,26.1406
2022-10-04 21:00:00,2022-10-04 22:00:00,29.09,12.94,54.48,44.4264,26.1406
2022-10-04 22:00:00,2022-10-04 23:00:00,11.91,4.99,30.96,44.4264,26.1406
2022-10-04 23:00:00,2022-10-05 00:00:00,9.7,4.24,23.56,44.4264,26.1406
2022-10-05 00:00:00,2022-10-05 01:00:00,8.16,4.23,15.1,44.4264,26.1406
2022-10-05 01:00:00,2022-10-05 02:00:00,5.52,3.06,19.16,44.4264,26.1406
2022-10-05 02:00:00,2022-10-05 03:00:00,7.75,4.13,38.25,44.4264,26.1406
2022-10-05 03:00:00,2022-10-05 04:00:00,11.42,6.63,29.82,44.4264,26.1406
2022-10-05 04:00:00,2022-10-05 05:00:00,15.37,10.52,26.46,44.4264,26.1406
2022-10-05 05:00:00,2022-10-05 06:00:00,16.65,11.03,23.13,44.4264,26.1406
2022-10-05 06:00:00,2022-10-05 07:00:00,18.19,12.23,32.07,44.4264,26.1406
2022-10-05 07:00:00,2022-10-05 08:00:00,19.87,11.45,35.9,44.4264,26.1406
2022-10-05 08:00:00,2022-10-05 09:00:00,32.8,16.0,36.28,44.4264,26.1406
2022-10-05 09:00:00,2022-10-05 10:00:00,32.51,17.27,38.98,44.4264,26.1406
2022-10-05 10:00:00,2022-10-05 11:00:00,17.56,8.38,23.1,44.4264,26.1406
2022-10-05 12:00:00,2022-10-05 13:00:00,12.1,5.56,12.24,44.4264,26.1406
2022-10-05 13:00:00,2022-10-05 14:00:00,12.44,6.57,10.22,44.4264,26.1406
2022-10-05 14:00:00,2022-10-05 15:00:00,10.47,4.54,16.08,44.4264,26.1406
2022-10-05 15:00:00,2022-10-05 16:00:00,15.39,5.96,11.28,44.4264,26.1406
2022-10-05 16:00:00,2022-10-05 17:00:00,15.03,7.96,9.46,44.4264,26.1406
2022-10-05 17:00:00,2022-10-05 18:00:00,14.92,8.56,16.81,44.4264,26.1406
2022-10-05 18:00:00,2022-10-05 19:00:00,17.16,8.28,44.95,44.4264,26.1406
2022-10-05 19:00:00,2022-10-05 20:00:00,26.32,11.84,70.48,44.4264,26.1406
2022-10-05 20:00:00,2022-10-05 21:00:00,31.4,13.39,53.56,44.4264,26.1406
2022-10-05 21:00:00,2022-10-05 22:00:00,24.46,12.83,39.16,44.4264,26.1406
2022-10-05 22:00:00,2022-10-05 23:00:00,21.28,12.86,26.39,44.4264,26.1406
2022-10-05 23:00:00,2022-10-06 00:00:00,19.38,12.7,36.43,44.4264,26.1406
2022-10-06 00:00:00,2022-10-06 01:00:00,15.69,10.02,22.31,44.4264,26.1406
2022-10-06 01:00:00,2022-10-06 02:00:00,18.1,11.25,30.56,44.4264,26.1406
2022-10-06 02:00:00,2022-10-06 03:00:00,18.74,12.96,29.62,44.4264,26.1406
2022-10-06 03:00:00,2022-10-06 04:00:00,18.09,12.59,25.77,44.4264,26.1406
2022-10-06 04:00:00,2022-10-06 05:00:00,18.2,12.68,40.45,44.4264,26.1406
2022-10-06 05:00:00,2022-10-06 06:00:00,18.9,12.93,48.56,44.4264,26.1406
2022-10-06 06:00:00,2022-10-06 07:00:00,25.89,16.59,43.39,44.4264,26.1406
2022-10-06 07:00:00,2022-10-06 08:00:00,33.04,19.54,36.15,44.4264,26.1406
2022-10-06 08:00:00,2022-10-06 09:00:00,36.19,20.89,36.33,44.4264,26.1406
2022-10-06 09:00:00,2022-10-06 10:00:00,33.81,17.58,24.28,44.4264,26.1406
2022-10-06 10:00:00,2022-10-06 11:00:00,24.82,12.46,14.12,44.4264,26.1406
2022-10-06 11:00:00,2022-10-06 12:00:00,19.31,8.87,10.61,44.4264,26.1406
2022-10-06 13:00:00,2022-10-06 14:00:00,14.4,7.26,8.15,44.4264,26.1406
2022-10-06 14:00:00,2022-10-06 15:00:00,16.45,8.56,8.62,44.4264,26.1406
2022-10-06 15:00:00,2022-10-06 16:00:00,14.53,7.05,9.33,44.4264,26.1406
2022-10-06 16:00:00,2022-10-06 17:00:00,13.86,6.27,13.88,44.4264,26.1406
2022-10-06 17:00:00,2022-10-06 18:00:00,17.34,6.79,25.17,44.4264,26.1406
2022-10-06 18:00:00,2022-10-06 19:00:00,21.97,7.95,46.23,44.4264,26.1406
2022-10-06 19:00:00,2022-10-06 20:00:00,28.32,11.93,65.77,44.4264,26.1406
2022-10-06 20:00:00,2022-10-06 21:00:00,31.21,12.45,85.76,44.4264,26.1406
2022-10-06 21:00:00,2022-10-06 22:00:00,49.45,22.03,77.48,44.4264,26.1406
2022-10-06 22:00:00,2022-10-06 23:00:00,41.65,23.16,62.24,44.4264,26.1406
2022-10-06 23:00:00,2022-10-07 00:00:00,37.79,20.24,54.74,44.4264,26.1406
2022-10-07 00:00:00,2022-10-07 01:00:00,35.39,21.07,37.25,44.4264,26.1406
2022-10-07 01:00:00,2022-10-07 02:00:00,31.06,19.19,33.28,44.4264,26.1406
2022-10-07 02:00:00,2022-10-07 03:00:00,29.51,18.38,25.78,44.4264,26.1406
2022-10-07 03:00:00,2022-10-07 04:00:00,25.54,14.98,27.7,44.4264,26.1406
2022-10-07 04:00:00,2022-10-07 05:00:00,23.98,14.85,33.29,44.4264,26.1406
2022-10-07 05:00:00,2022-10-07 06:00:00,21.03,14.34,39.81,44.4264,26.1406
2022-10-07 06:00:00,2022-10-07 07:00:00,22.89,13.16,41.85,44.4264,26.1406
2022-10-07 07:00:00,2022-10-07 08:00:00,24.37,12.8,42.89,44.4264,26.1406
2022-10-07 08:00:00,2022-10-07 09:00:00,25.08,12.43,44.55,44.4264,26.1406
2022-10-07 09:00:00,2022-10-07 10:00:00,30.89,16.37,36.23,44.4264,26.1406
2022-10-07 10:00:00,2022-10-07 11:00:00,25.58,13.3,16.26,44.4264,26.1406
2022-10-07 11:00:00,2022-10-07 12:00:00,23.95,10.24,11.53,44.4264,26.1406
2022-10-07 12:00:00,2022-10-07 13:00:00,24.65,8.82,12.76,44.4264,26.1406
2022-10-07 14:00:00,2022-10-07 15:00:00,23.62,8.98,13.42,44.4264,26.1406
2022-10-07 15:00:00,2022-10-07 16:00:00,24.17,9.6,17.87,44.4264,26.1406
2022-10-07 16:00:00,2022-10-07 17:00:00,23.3,9.08,20.75,44.4264,26.1406
2022-10-07 17:00:00,2022-10-07 18:00:00,24.25,8.66,39.5,44.4264,26.1406
2022-10-07 18:00:00,2022-10-07 19:00:00,29.23,11.65,50.28,44.4264,26.1406
2022-10-07 19:00:00,2022-10-07 20:00:00,33.82,15.1,73.55,44.4264,26.1406
2022-10-07 20:00:00,2022-10-07 21:00:00,36.05,16.63,64.63,44.4264,26.1406
2022-10-07 21:00:00,2022-10-07 22:00:00,37.13,17.14,65.19,44.4264,26.1406
2022-10-07 22:00:00,2022-10-07 23:00:00,39.56,18.85,57.0,44.4264,26.1406
2022-10-07 23:00:00,2022-10-08 00:00:00,30.38,16.93,28.45,44.4264,26.1406
2022-10-08 00:00:00,2022-10-08 01:00:00,19.21,11.68,16.42,44.4264,26.1406
2022-10-08 01:00:00,2022-10-08 02:00:00,19.43,11.01,19.25,44.4264,26.1406
2022-10-08 02:00:00,2022-10-08 03:00:00,16.19,7.93,17.62,44.4264,26.1406
2022-10-08 03:00:00,2022-10-08 04:00:00,20.07,13.42,21.39,44.4264,26.1406
2022-10-08 04:00:00,2022-10-08 05:00:00,19.35,12.29,25.39,44.4264,26.1406
2022-10-08 05:00:00,2022-10-08 06:00:00,18.15,11.76,31.0,44.4264,26.1406
2022-10-08 06:00:00,2022-10-08 07:00:00,18.42,12.07,36.49,44.4264,26.1406
2022-10-08 07:00:00,2022-10-08 08:00:00,21.79,13.89,36.06,44.4264,26.1406
2022-10-08 08:00:00,2022-10-08 09:00:00,25.54,14.85,24.01,44.4264,26.1406
2022-10-08 09:00:00,2022-10-08 10:00:00,23.23,11.69,17.77,44.4264,26.1406
2022-10-08 10:00:00,2022-10-08 11:00:00,23.44,12.03,14.91,44.4264,26.1406
2022-10-08 11:00:00,2022-10-08 12:00:00,22.66,11.94,10.69,44.4264,26.1406
2022-10-08 12:00:00,2022-10-08 13:00:00,23.24,12.7,7.86,44.4264,26.1406
2022-10-08 13:00:00,2022-10-08 14:00:00,15.59,8.11,7.0,44.4264,26.1406
2022-10-08 15:00:00,2022-10-08 16:00:00,14.68,7.81,6.72,44.4264,26.1406
2022-10-08 16:00:00,2022-10-08 17:00:00,16.69,10.93,6.61,44.4264,26.1406
2022-10-08 17:00:00,2022-10-08 18:00:00,13.25,7.01,12.56,44.4264,26.1406
2022-10-08 18:00:00,2022-10-08 19:00:00,20.59,10.0,63.69,44.4264,26.1406
2022-10-08 19:00:00,2022-10-08 20:00:00,39.69,19.22,84.86,44.4264,26.1406
2022-10-08 20:00:00,2022-10-08 21:00:00,58.35,31.96,66.44,44.4264,26.1406
2022-10-08 21:00:00,2022-10-08 22:00:00,68.31,49.6,59.96,44.4264,26.1406
2022-10-08 22:00:00,2022-10-08 23:00:00,81.14,60.89,70.1,44.4264,26.1406
2022-10-08 23:00:00,2022-10-09 00:00:00,71.67,48.87,70.34,44.4264,26.1406
2022-10-09 00:00:00,2022-10-09 01:00:00,67.71,46.04,69.94,44.4264,26.1406
2022-10-09 01:00:00,2022-10-09 02:00:00,65.75,45.05,63.86,44.4264,26.1406
2022-10-09 02:00:00,2022-10-09 03:00:00,52.9,35.12,53.11,44.4264,26.1406
2022-10-09 03:00:00,2022-10-09 04:00:00,38.7,25.57,43.43,44.4264,26.1406
2022-10-09 04:00:00,2022-10-09 05:00:00,33.93,21.24,34.88,44.4264,26.1406
2022-10-09 05:00:00,2022-10-09 06:00:00,32.13,21.53,23.39,44.4264,26.1406
2022-10-09 06:00:00,2022-10-09 07:00:00,31.29,22.75,23.76,44.4264,26.1406
2022-10-09 07:00:00,2022-10-09 08:00:00,30.99,22.05,20.48,44.4264,26.1406
2022-10-09 08:00:00,2022-10-09 09:00:00,29.08,19.2,18.06,44.4264,26.1406
2022-10-09 09:00:00,2022-10-09 10:00:00,28.28,19.5,15.94,44.4264,26.1406
2022-10-09 10:00:00,2022-10-09 11:00:00,27.03,17.12,9.24,44.4264,26.1406
2022-10-09 11:00:00,2022-10-09 12:00:00,26.15,15.19,7.08,44.4264,26.1406
2022-10-09 12:00:00,2022-10-09 13:00:00,27.17,17.08,5.87,44.4264,26.1406
2022-10-09 13:00:00,2022-10-09 14:00:00,19.2,12.64,5.22,44.4264,26.1406
2022-10-09 14:00:00,2022-10-09 15:00:00,18.92,13.39,5.57,44.4264,26.1406
2022-10-09 16:00:00,2022-10-09 17:00:00,18.41,11.52,7.81,44.4264,26.1406
2022-10-09 17:00:00,2022-10-09 18:00:00,18.75,10.8,55.51,44.4264,26.1406
2022-10-09 18:00:00,2022-10-09 19:00:00,31.48,14.97,93.62,44.4264,26.1406
2022-10-09 19:00:00,2022-10-09 20:00:00,36.86,18.15,78.5,44.4264,26.1406
2022-10-09 20:00:00,2022-10-09 21:00:00,39.52,18.29,59.53,44.4264,26.1406
2022-10-09 21:00:00,2022-10-09 22:00:00,41.03,17.91,16.81,44.4264,26.1406
2022-10-09 22:00:00,2022-10-09 23:00:00,38.26,13.04,12.69,44.4264,26.1406
2022-10-09 23:00:00,2022-10-10 00:00:00,26.18,9.2,10.08,44.4264,26.1406
2022-10-10 00:00:00,2022-10-10 01:00:00,22.12,12.38,8.96,44.4264,26.1406
2022-10-10 01:00:00,2022-10-10 02:00:00,16.3,8.78,7.36,44.4264,26.1406
2022-10-10 02:00:00,2022-10-10 03:00:00,18.36,11.47,6.67,44.4264,26.1406
2022-10-10 03:00:00,2022-10-10 04:00:00,12.47,4.44,7.14,44.4264,26.1406
2022-10-10 04:00:00,2022-10-10 05:00:00,14.43,7.21,9.75,44.4264,26.1406
2022-10-10 05:00:00,2022-10-10 06:00:00,15.03,5.99,14.43,44.4264,26.1406
2022-10-10 06:00:00,2022-10-10 07:00:00,15.07,5.74,20.46,44.4264,26.1406
2022-10-10 07:00:00,2022-10-10 08:00:00,20.33,9.31,23.21,44.4264,26.1406
2022-10-10 08:00:00,2022-10-10 09:00:00,18.17,6.97,18.16,44.4264,26.1406
2022-10-10 09:00:00,2022-10-10 10:00:00,21.47,6.72,13.86,44.4264,26.1406
2022-10-10 10:00:00,2022-10-10 11:00:00,26.7,5.44,10.34,44.4264,26.1406
2022-10-10 11:00:00,2022-10-10 12:00:00,18.45,2.18,13.4,44.4264,26.1406
2022-10-10 12:00:00,2022-10-10 13:00:00,22.92,6.68,12.44,44.4264,26.1406
2022-10-10 13:00:00,2022-10-10 14:00:00,22.29,7.27,12.57,44.4264,26.1406
2022-10-10 14:00:00,2022-10-10 15:00:00,20.49,6.1,16.06,44.4264,26.1406
2022-10-10 15:00:00,2022-10-10 16:00:00,21.39,7.46,20.92,44.4264,26.1406
2022-10-10 17:00:00,2022-10-10 18:00:00,20.73,6.22,36.34,44.4264,26.1406
2022-10-10 18:00:00,2022-10-10 19:00:00,26.5,8.46,49.62,44.4264,26.1406
2022-10-10 19:00:00,2022-10-10 20:00:00,31.6,10.53,47.95,44.4264,26.1406
2022-10-10 20:00:00,2022-10-10 21:00:00,32.53,12.27,49.46,44.4264,26.1406
2022-10-10 21:00:00,2022-10-10 22:00:00,35.32,14.21,46.87,44.4264,26.1406
2022-10-10 22:00:00,2022-10-10 23:00:00,30.13,11.76,34.64,44.4264,26.1406
2022-10-10 23:00:00,2022-10-11 00:00:00,26.28,10.05,32.97,44.4264,26.1406
2022-10-11 00:00:00,2022-10-11 01:00:00,25.44,10.31,23.66,44.4264,26.1406
2022-10-11 01:00:00,2022-10-11 02:00:00,27.13,11.14,22.95,44.4264,26.1406
2022-10-11 02:00:00,2022-10-11 03:00:00,30.04,13.65,18.0,44.4264,26.1406
2022-10-11 03:00:00,2022-10-11 04:00:00,27.86,12.37,16.59,44.4264,26.1406
2022-10-11 04:00:00,2022-10-11 05:00:00,28.9,10.79,20.63,44.4264,26.1406
2022-10-11 05:00:00,2022-10-11 06:00:00,31.32,9.61,26.31,44.4264,26.1406
2022-10-11 06:00:00,2022-10-11 07:00:00,28.68,8.54,37.01,44.4264,26.1406
2022-10-11 07:00:00,2022-10-11 08:00:00,31.82,9.77,38.51,44.4264,26.1406
2022-10-11 08:00:00,2022-10-11 09:00:00,31.59,9.85,35.0,44.4264,26.1406
2022-10-11 09:00:00,2022-10-11 10:00:00,36.72,12.97,30.85,44.4264,26.1406
2022-10-11 10:00:00,2022-10-11 11:00:00,32.14,10.79,27.11,44.4264,26.1406
2022-10-11 11:00:00,2022-10-11 12:00:00,29.98,9.99,27.77,44.4264,26.1406
2022-10-11 12:00:00,2022-10-11 13:00:00,25.84,7.58,25.18,44.4264,26.1406
2022-10-11 13:00:00,2022-10-11 14:00:00,24.79,8.18,24.02,44.4264,26.1406
2022-10-11 14:00:00,2022-10-11 15:00:00,29.0,7.69,23.11,44.4264,26.1406
2022-10-11 15:00:00,2022-10-11 16:00:00,27.63,6.93,25.34,44.4264,26.1406
2022-10-11 16:00:00,2022-10-11 17:00:00,24.05,7.24,29.02,44.4264,26.1406
2022-10-11 18:00:00,2022-10-11 19:00:00,32.97,10.99,44.61,44.4264,26.1406
2022-10-11 19:00:00,2022-10-11 20:00:00,37.98,12.31,41.92,44.4264,26.1406
2022-10-11 20:00:00,2022-10-11 21:00:00,36.57,13.51,38.27,44.4264,26.1406
2022-10-11 21:00:00,2022-10-11 22:00:00,36.64,17.37,40.21,44.4264,26.1406
2022-10-11 22:00:00,2022-10-11 23:00:00,28.77,10.27,29.29,44.4264,26.1406
2022-10-11 23:00:00,2022-10-12 00:00:00,32.81,12.48,22.26,44.4264,26.1406
2022-10-12 00:00:00,2022-10-12 01:00:00,31.21,10.46,22.43,44.4264,26.1406
2022-10-12 01:00:00,2022-10-12 02:00:00,32.21,11.74,19.1,44.4264,26.1406
2022-10-12 02:00:00,2022-10-12 03:00:00,33.24,13.16,16.95,44.4264,26.1406
2022-10-12 03:00:00,2022-10-12 04:00:00,33.11,14.46,22.85,44.4264,26.1406
2022-10-12 04:00:00,2022-10-12 05:00:00,32.68,15.24,30.14,44.4264,26.1406
2022-10-12 05:00:00,2022-10-12 06:00:00,33.64,15.66,32.22,44.4264,26.1406
2022-10-12 06:00:00,2022-10-12 07:00:00,31.7,15.16,32.4,44.4264,26.1406
2022-10-12 07:00:00,2022-10-12 08:00:00,28.27,15.43,32.41,44.4264,26.1406
2022-10-12 08:00:00,2022-10-12 09:00:00,30.84,15.61,28.53,44.4264,26.1406
2022-10-12 09:00:00,2022-10-12 10:00:00,33.36,15.23,27.24,44.4264,26.1406
2022-10-12 10:00:00,2022-10-12 11:00:00,30.18,12.17,27.11,44.4264,26.1406
2022-10-12 11:00:00,2022-10-12 12:00:00,30.3,13.91,23.69,44.4264,26.1406
2022-10-12 12:00:00,2022-10-12 13:00:00,29.41,13.92,23.67,44.4264,26.1406
2022-10-12 13:00:00,2022-10-12 14:00:00,20.17,7.96,29.71,44.4264,26.1406
2022-10-12 14:00:00,2022-10-12 15:00:00,18.68,6.93,31.07,44.4264,26.1406
2022-10-12 15:00:00,2022-10-12 16:00:00,26.17,10.62,26.11,44.4264,26.1406
2022-10-12 16:00:00,2022-10-12 17:00:00,27.29,11.81,34.42,44.4264,26.1406
2022-10-12 17:00:00,2022-10-12 18:00:00,29.92,10.66,67.13,44.4264,26.1406
2022-10-12 19:00:00,2022-10-12 20:00:00,39.58,15.76,86.13,44.4264,26.1406
2022-10-12 20:00:00,2022-10-12 21:00:00,45.86,18.67,65.95,44.4264,26.1406
2022-10-12 21:00:00,2022-10-12 22:00:00,48.68,28.15,61.38,44.4264,26.1406
2022-10-12 22:00:00,2022-10-12 23:00:00,71.31,46.5,63.88,44.4264,26.1406
2022-10-12 23:00:00,2022-10-13 00:00:00,75.32,47.77,59.02,44.4264,26.1406
2022-10-13 00:00:00,2022-10-13 01:00:00,56.01,34.06,59.6,44.4264,26.1406
2022-10-13 01:00:00,2022-10-13 02:00:00,41.39,22.48,59.21,44.4264,26.1406
2022-10-13 02:00:00,2022-10-13 03:00:00,35.67,17.29,55.51,44.4264,26.1406
2022-10-13 03:00:00,2022-10-13 04:00:00,32.45,16.08,43.3,44.4264,26.1406
2022-10-13 04:00:00,2022-10-13 05:00:00,35.35,17.81,31.35,44.4264,26.1406
2022-10-13 05:00:00,2022-10-13 06:00:00,35.25,18.44,37.49,44.4264,26.1406
2022-10-13 06:00:00,2022-10-13 07:00:00,37.61,20.84,38.26,44.4264,26.1406
2022-10-13 07:00:00,2022-10-13 08:00:00,39.85,20.59,39.5,44.4264,26.1406
2022-10-13 08:00:00,2022-10-13 09:00:00,41.14,19.5,36.05,44.4264,26.1406
2022-10-13 09:00:00,2022-10-13 10:00:00,42.75,18.8,28.07,44.4264,26.1406
2022-10-13 10:00:00,2022-10-13 11:00:00,41.58,17.24,27.02,44.4264,26.1406
2022-10-13 11:00:00,2022-10-13 12:00:00,40.08,16.32,24.03,44.4264,26.1406
2022-10-13 12:00:00,2022-10-13 13:00:00,36.93,14.96,19.02,44.4264,26.1406
2022-10-13 13:00:00,2022-10-13 14:00:00,27.24,8.01,18.39,44.4264,26.1406
2022-10-13 14:00:00,2022-10-13 15:00:00,29.03,11.46,17.3,44.4264,26.1406
2022-10-13 15:00:00,2022-10-13 16:00:00,22.55,6.91,19.6,44.4264,26.1406
2022-10-13 16:00:00,2022-10-13 17:00:00,26.35,9.77,25.35,44.4264,26.1406
2022-10-13 17:00:00,2022-10-13 18:00:00,31.11,11.88,34.04,44.4264,26.1406
2022-10-13 18:00:00,2022-10-13 19:00:00,43.75,19.06,83.76,44.4264,26.1406
2022-10-13 20:00:00,2022-10-13 21:00:00,55.68,19.8,41.93,44.4264,26.1406
2022-10-13 21:00:00,2022-10-13 22:00:00,50.54,18.84,17.95,44.4264,26.1406
2022-10-13 22:00:00,2022-10-13 23:00:00,47.66,27.43,17.1,44.4264,26.1406
2022-10-13 23:00:00,2022-10-14 00:00:00,40.67,25.02,16.84,44.4264,26.1406
2022-10-14 00:00:00,2022-10-14 01:00:00,35.85,19.31,15.08,44.4264,26.1406
2022-10-14 01:00:00,2022-10-14 02:00:00,29.97,17.19,13.6,44.4264,26.1406
2022-10-14 02:00:00,2022-10-14 03:00:00,28.31,17.76,13.6,44.4264,26.1406
2022-10-14 03:00:00,2022-10-14 04:00:00,27.47,18.33,12.45,44.4264,26.1406
2022-10-14 04:00:00,2022-10-14 05:00:00,25.8,17.55,15.8,44.4264,26.1406
2022-10-14 05:00:00,2022-10-14 06:00:00,24.38,14.87,24.75,44.4264,26.1406
2022-10-14 06:00:00,2022-10-14 07:00:00,26.49,15.77,36.16,44.4264,26.1406
2022-10-14 07:00:00,2022-10-14 08:00:00,36.2,24.03,34.68,44.4264,26.1406
2022-10-14 08:00:00,2022-10-14 09:00:00,32.06,19.23,23.53,44.4264,26.1406
2022-10-14 09:00:00,2022-10-14 10:00:00,31.43,18.47,20.44,44.4264,26.1406
2022-10-14 10:00:00,2022-10-14 11:00:00,27.01,12.79,14.58,44.4264,26.1406
2022-10-14 11:00:00,2022-10-14 12:00:00,24.31,10.45,14.04,44.4264,26.1406
2022-10-14 12:00:00,2022-10-14 13:00:00,23.23,9.76,15.05,44.4264,26.1406
2022-10-14 13:00:00,2022-10-14 14:00:00,23.8,8.59,12.86,44.4264,26.1406
2022-10-14 14:00:00,2022-10-14 15:00:00,27.62,11.7,12.24,44.4264,26.1406
2022-10-14 15:00:00,2022-10-14 16:00:00,30.54,11.47,15.52,44.4264,26.1406
2022-10-14 16:00:00,2022-10-14 17:00:00,29.9,10.38,22.91,44.4264,26.1406
2022-10-14 17:00:00,2022-10-14 18:00:00,33.6,14.78,31.18,44.4264,26.1406
2022-10-14 18:00:00,2022-10-14 19:00:00,37.41,16.7,31.84,44.4264,26.1406
2022-10-14 19:00:00,2022-10-14 20:00:00,34.57,15.69,21.9,44.4264,26.1406
2022-10-14 21:00:00,2022-10-14 22:00:00,28.97,13.03,24.09,44.4264,26.1406
2022-10-14 22:00:00,2022-10-14 23:00:00,19.64,9.03,15.5,44.4264,26.1406
2022-10-14 23:00:00,2022-10-15 00:00:00,16.32,8.19,15.84,44.4264,26.1406
2022-10-15 00:00:00,2022-10-15 01:00:00,16.93,10.24,13.97,44.4264,26.1406
2022-10-15 01:00:00,2022-10-15 02:00:00,11.96,5.88,16.51,44.4264,26.1406
2022-10-15 02:00:00,2022-10-15 03:00:00,15.75,7.95,13.67,44.4264,26.1406
2022-10-15 03:00:00,2022-10-15 04:00:00,14.78,7.69,16.16,44.4264,26.1406
2022-10-15 04:00:00,2022-10-15 05:00:00,15.05,8.76,19.23,44.4264,26.1406
2022-10-15 05:00:00,2022-10-15 06:00:00,15.35,8.47,28.47,44.4264,26.1406
2022-10-15 06:00:00,2022-10-15 07:00:00,16.08,7.61,31.9,44.4264,26.1406
2022-10-15 07:00:00,2022-10-15 08:00:00,21.28,11.79,24.54,44.4264,26.1406
2022-10-15 08:00:00,2022-10-15 09:00:00,22.7,12.09,20.02,44.4264,26.1406
2022-10-15 09:00:00,2022-10-15 10:00:00,22.15,10.67,13.34,44.4264,26.1406
2022-10-15 10:00:00,2022-10-15 11:00:00,17.63,5.71,10.35,44.4264,26.1406
2022-10-15 11:00:00,2022-10-15 12:00:00,20.19,9.36,8.62,44.4264,26.1406
2022-10-15 12:00:00,2022-10-15 13:00:00,18.87,8.12,8.41,44.4264,26.1406
2022-10-15 13:00:00,2022-10-15 14:00:00,23.67,12.81,9.29,44.4264,26.1406
2022-10-15 14:00:00,2022-10-15 15:00:00,23.95,12.54,7.91,44.4264,26.1406
2022-10-15 15:00:00,2022-10-15 16:00:00,21.3,10.83,8.0,44.4264,26.1406
2022-10-15 16:00:00,2022-10-15 17:00:00,18.86,9.18,9.99,44.4264,26.1406
2022-10-15 17:00:00,2022-10-15 18:00:00,17.9,8.39,19.91,44.4264,26.1406
2022-10-15 18:00:00,2022-10-15 19:00:00,29.65,16.08,62.4,44.4264,26.1406
2022-10-15 19:00:00,2022-10-15 20:00:00,38.25,20.35,69.5,44.4264,26.1406
2022-10-15 20:00:00,2022-10-15 21:00:00,43.74,23.24,70.89,44.4264,26.1406
2022-10-15 22:00:00,2022-10-15 23:00:00,51.41,30.42,64.01,44.4264,26.1406
2022-10-15 23:00:00,2022-10-16 00:00:00,50.4,33.24,51.78,44.4264,26.1406
2022-10-16 00:00:00,2022-10-16 01:00:00,58.56,41.54,52.73,44.4264,26.1406
2022-10-16 01:00:00,2022-10-16 02:00:00,46.66,31.39,36.26,44.4264,26.1406
2022-10-16 02:00:00,2022-10-16 03:00:00,38.73,25.18,31.56,44.4264,26.1406
2022-10-16 03:00:00,2022-10-16 04:00:00,35.89,23.65,35.53,44.4264,26.1406
2022-10-16 04:00:00,2022-10-16 05:00:00,37.77,27.11,30.48,44.4264,26.1406
2022-10-16 05:00:00,2022-10-16 06:00:00,30.86,20.41,34.18,44.4264,26.1406
2022-10-16 06:00:00,2022-10-16 07:00:00,27.8,17.83,35.9,44.4264,26.1406
2022-10-16 07:00:00,2022-10-16 08:00:00,23.83,14.53,33.73,44.4264,26.1406
2022-10-16 08:00:00,2022-10-16 09:00:00,20.37,11.27,15.07,44.4264,26.1406
2022-10-16 09:00:00,2022-10-16 10:00:00,18.42,10.07,17.82,44.4264,26.1406
2022-10-16 10:00:00,2022-10-16 11:00:00,19.71,10.61,15.2,44.4264,26.1406
2022-10-16 11:00:00,2022-10-16 12:00:00,25.57,14.4,13.12,44.4264,26.1406
2022-10-16 12:00:00,2022-10-16 13:00:00,29.6,18.58,11.8,44.4264,26.1406
2022-10-16 13:00:00,2022-10-16 14:00:00,33.43,22.49,9.62,44.4264,26.1406
2022-10-16 14:00:00,2022-10-16 15:00:00,29.33,18.45,10.06,44.4264,26.1406
2022-10-16 15:00:00,2022-10-16 16:00:00,28.8,17.39,10.27,44.4264,26.1406
2022-10-16 16:00:00,2022-10-16 17:00:00,28.87,18.29,12.89,44.4264,26.1406
2022-10-16 17:00:00,2022-10-16 18:00:00,27.38,15.22,42.51,44.4264,26.1406
2022-10-16 18:00:00,2022-10-16 19:00:00,34.13,17.56,59.91,44.4264,26.1406
2022-10-16 19:00:00,2022-10-16 20:00:00,37.69,19.68,76.69,44.4264,26.1406
2022-10-16 20:00:00,2022-10-16 21:00:00,35.8,18.53,75.04,44.4264,26.1406
2022-10-16 21:00:00,2022-10-16 22:00:00,30.89,15.19,67.2,44.4264,26.1406
2022-10-16 23:00:00,2022-10-17 00:00:00,28.72,14.42,51.75,44.4264,26.1406
2022-10-17 00:00:00,2022-10-17 01:00:00,31.8,20.47,48.09,44.4264,26.1406
2022-10-17 01:00:00,2022-10-17 02:00:00,30.33,19.85,46.77,44.4264,26.1406
2022-10-17 02:00:00,2022-10-17 03:00:00,30.93,20.88,37.38,44.4264,26.1406
2022-10-17 03:00:00,2022-10-17 04:00:00,26.54,17.29,32.64,44.4264,26.1406
2022-10-17 04:00:00,2022-10-17 05:00:00,29.7,20.64,27.38,44.4264,26.1406
2022-10-17 05:00:00,2022-10-17 06:00:00,30.48,21.91,35.81,44.4264,26.1406
2022-10-17 08:00:00,2022-10-17 09:00:00,40.54,23.75,50.59,44.4264,26.1406
2022-10-17 09:00:00,2022-10-17 10:00:00,48.8,27.75,60.1,44.4264,26.1406
2022-10-17 10:00:00,2022-10-17 11:00:00,44.79,24.64,24.72,44.4264,26.1406
2022-10-17 11:00:00,2022-10-17 12:00:00,20.78,9.38,14.54,44.4264,26.1406
2022-10-17 12:00:00,2022-10-17 13:00:00,27.68,12.41,25.7,44.4264,26.1406
2022-10-17 13:00:00,2022-10-17 14:00:00,32.08,13.77,20.34,44.4264,26.1406
2022-10-17 14:00:00,2022-10-17 15:00:00,28.45,11.08,17.3,44.4264,26.1406
2022-10-17 15:00:00,2022-10-17 16:00:00,27.51,11.02,17.02,44.4264,26.1406
2022-10-17 16:00:00,2022-10-17 17:00:00,28.45,9.54,21.24,44.4264,26.1406
2022-10-17 17:00:00,2022-10-17 18:00:00,37.33,14.57,79.39,44.4264,26.1406
2022-10-17 18:00:00,2022-10-17 19:00:00,58.4,21.62,101.78,44.4264,26.1406
2022-10-17 19:00:00,2022-10-17 20:00:00,75.87,29.18,114.5,44.4264,26.1406
2022-10-17 20:00:00,2022-10-17 21:00:00,81.37,32.32,96.03,44.4264,26.1406
2022-10-17 21:00:00,2022-10-17 22:00:00,91.68,52.59,74.0,44.4264,26.1406
2022-10-17 22:00:00,2022-10-17 23:00:00,106.13,65.08,84.9,44.4264,26.1406
2022-10-18 00:00:00,2022-10-18 01:00:00,92.96,48.18,73.12,44.4264,26.1406
2022-10-18 01:00:00,2022-10-18 02:00:00,76.14,45.55,66.91,44.4264,26.1406
2022-10-18 02:00:00,2022-10-18 03:00:00,66.9,42.75,57.69,44.4264,26.1406
2022-10-18 03:00:00,2022-10-18 04:00:00,60.15,41.27,63.32,44.4264,26.1406
2022-10-18 04:00:00,2022-10-18 05:00:00,53.42,37.36,50.2,44.4264,26.1406
2022-10-18 05:00:00,2022-10-18 06:00:00,52.35,36.74,47.41,44.4264,26.1406
2022-10-18 06:00:00,2022-10-18 07:00:00,58.52,38.01,44.61,44.4264,26.1406
2022-10-18 07:00:00,2022-10-18 08:00:00,65.36,40.72,46.86,44.4264,26.1406
2022-10-18 08:00:00,2022-10-18 09:00:00,69.0,41.84,52.94,44.4264,26.1406
2022-10-18 09:00:00,2022-10-18 10:00:00,70.83,41.66,54.61,44.4264,26.1406
2022-10-18 10:00:00,2022-10-18 11:00:00,60.59,36.2,59.51,44.4264,26.1406
2022-10-18 11:00:00,2022-10-18 12:00:00,69.37,35.54,64.8,44.4264,26.1406
2022-10-18 12:00:00,2022-10-18 13:00:00,63.26,28.9,53.83,44.4264,26.1406
2022-10-18 13:00:00,2022-10-18 14:00:00,55.64,22.85,44.19,44.4264,26.1406
2022-10-18 14:00:00,2022-10-18 15:00:00,44.4,14.7,42.85,44.4264,26.1406
2022-10-18 15:00:00,2022-10-18 16:00:00,46.34,18.72,51.19,44.4264,26.1406
2022-10-18 16:00:00,2022-10-18 17:00:00,47.83,18.4,60.14,44.4264,26.1406
2022-10-18 17:00:00,2022-10-18 18:00:00,43.84,14.71,61.3,44.4264,26.1406
2022-10-18 18:00:00,2022-10-18 19:00:00,46.58,15.87,90.43,44.4264,26.1406
2022-10-18 19:00:00,2022-10-18 20:00:00,62.79,26.21,108.56,44.4264,26.1406
2022-10-18 20:00:00,2022-10-18 21:00:00,73.71,32.82,114.55,44.4264,26.1406
2022-10-18 21:00:00,2022-10-18 22:00:00,83.75,43.96,89.78,44.4264,26.1406
2022-10-18 22:00:00,2022-10-18 23:00:00,89.67,57.38,78.2,44.4264,26.1406
2022-10-18 23:00:00,2022-10-19 00:00:00,89.08,54.9,74.49,44.4264,26.1406
2022-10-19 01:00:00,2022-10-19 02:00:00,50.36,35.38,54.39,44.4264,26.1406
2022-10-19 02:00:00,2022-10-19 03:00:00,42.66,29.5,48.37,44.4264,26.1406
2022-10-19 03:00:00,2022-10-19 04:00:00,38.93,26.93,47.57,44.4264,26.1406
2022-10-19 04:00:00,2022-10-19 05:00:00,37.79,27.42,48.55,44.4264,26.1406
2022-10-19 05:00:00,2022-10-19 06:00:00,37.34,26.7,49.06,44.4264,26.1406
2022-10-19 06:00:00,2022-10-19 07:00:00,38.33,26.38,50.96,44.4264,26.1406
2022-10-19 07:00:00,2022-10-19 08:00:00,45.79,29.83,51.41,44.4264,26.1406
2022-10-19 08:00:00,2022-10-19 09:00:00,50.32,30.97,37.21,44.4264,26.1406
2022-10-19 09:00:00,2022-10-19 10:00:00,46.91,28.08,26.37,44.4264,26.1406
2022-10-19 10:00:00,2022-10-19 11:00:00,41.87,23.52,16.43,44.4264,26.1406
2022-10-19 11:00:00,2022-10-19 12:00:00,38.56,18.95,14.63,44.4264,26.1406
2022-10-19 12:00:00,2022-10-19 13:00:00,34.74,15.73,13.46,44.4264,26.1406
2022-10-19 13:00:00,2022-10-19 14:00:00,31.13,10.83,13.39,44.4264,26.1406
2022-10-19 14:00:00,2022-10-19 15:00:00,25.71,9.93,13.97,44.4264,26.1406
2022-10-19 15:00:00,2022-10-19 16:00:00,24.78,10.85,15.36,44.4264,26.1406
2022-10-19 16:00:00,2022-10-19 17:00:00,27.95,11.62,17.22,44.4264,26.1406
2022-10-19 17:00:00,2022-10-19 18:00:00,28.68,11.11,40.59,44.4264,26.1406
2022-10-19 18:00:00,2022-10-19 19:00:00,37.87,16.96,62.54,44.4264,26.1406
2022-10-19 19:00:00,2022-10-19 20:00:00,45.96,18.32,85.73,44.4264,26.1406
2022-10-19 20:00:00,2022-10-19 21:00:00,81.64,35.61,94.06,44.4264,26.1406
2022-10-19 21:00:00,2022-10-19 22:00:00,75.52,38.52,77.61,44.4264,26.1406
2022-10-19 22:00:00,2022-10-19 23:00:00,51.48,25.08,48.3,44.4264,26.1406
2022-10-19 23:00:00,2022-10-20 00:00:00,26.37,11.47,23.33,44.4264,26.1406
2022-10-20 00:00:00,2022-10-20 01:00:00,16.0,6.46,16.19,44.4264,26.1406
2022-10-20 02:00:00,2022-10-20 03:00:00,8.78,2.58,11.03,44.4264,26.1406
2022-10-20 03:00:00,2022-10-20 04:00:00,14.12,6.51,12.13,44.4264,26.1406
2022-10-20 04:00:00,2022-10-20 05:00:00,13.9,6.68,19.48,44.4264,26.1406
2022-10-20 05:00:00,2022-10-20 06:00:00,11.65,4.89,32.94,44.4264,26.1406
2022-10-20 06:00:00,2022-10-20 07:00:00,16.42,6.15,44.77,44.4264,26.1406
2022-10-20 07:00:00,2022-10-20 08:00:00,16.39,4.49,33.35,44.4264,26.1406
2022-10-20 08:00:00,2022-10-20 09:00:00,21.11,6.91,26.7,44.4264,26.1406
2022-10-20 09:00:00,2022-10-20 10:00:00,24.35,3.53,24.28,44.4264,26.1406
2022-10-20 10:00:00,2022-10-20 11:00:00,24.96,6.55,19.26,44.4264,26.1406
2022-10-20 11:00:00,2022-10-20 12:00:00,31.0,5.6,18.11,44.4264,26.1406
2022-10-20 12:00:00,2022-10-20 13:00:00,35.17,5.52,17.12,44.4264,26.1406
2022-10-20 13:00:00,2022-10-20 14:00:00,35.41,5.27,17.0,44.4264,26.1406
2022-10-20 14:00:00,2022-10-20 15:00:00,34.59,4.77,17.1,44.4264,26.1406
2022-10-20 15:00:00,2022-10-20 16:00:00,35.88,4.34,21.29,44.4264,26.1406
2022-10-20 16:00:00,2022-10-20 17:00:00,40.57,7.54,24.83,44.4264,26.1406
2022-10-20 17:00:00,2022-10-20 18:00:00,34.91,8.39,42.03,44.4264,26.1406
2022-10-20 18:00:00,2022-10-20 19:00:00,43.92,8.38,46.16,44.4264,26.1406
2022-10-20 19:00:00,2022-10-20 20:00:00,48.85,10.08,43.45,44.4264,26.1406
2022-10-20 20:00:00,2022-10-20 21:00:00,39.71,7.44,50.29,44.4264,26.1406
2022-10-20 21:00:00,2022-10-20 22:00:00,39.43,10.56,34.46,44.4264,26.1406
2022-10-20 22:00:00,2022-10-20 23:00:00,37.56,7.74,15.85,44.4264,26.1406
2022-10-20 23:00:00,2022-10-21 00:00:00,21.11,3.6,13.06,44.4264,26.1406
2022-10-21 00:00:00,2022-10-21 01:00:00,16.67,5.11,11.03,44.4264,26.1406
2022-10-21 01:00:00,2022-10-21 02:00:00,13.78,3.12,12.36,44.4264,26.1406
2022-10-21 03:00:00,2022-10-21 04:00:00,11.83,2.39,11.28,44.4264,26.1406
2022-10-21 04:00:00,2022-10-21 05:00:00,13.9,6.1,13.54,44.4264,26.1406
2022-10-21 05:00:00,2022-10-21 06:00:00,13.31,5.29,22.53,44.4264,26.1406
2022-10-21 06:00:00,2022-10-21 07:00:00,12.69,4.19,33.33,44.4264,26.1406
2022-10-21 07:00:00,2022-10-21 08:00:00,20.24,9.65,35.53,44.4264,26.1406
2022-10-21 08:00:00,2022-10-21 09:00:00,21.93,8.21,26.61,44.4264,26.1406
2022-10-21 09:00:00,2022-10-21 10:00:00,17.75,3.89,20.81,44.4264,26.1406
2022-10-21 10:00:00,2022-10-21 11:00:00,24.41,8.28,21.44,44.4264,26.1406
2022-10-21 11:00:00,2022-10-21 12:00:00,20.33,6.22,21.03,44.4264,26.1406
2022-10-21 12:00:00,2022-10-21 13:00:00,17.26,3.79,26.19,44.4264,26.1406
2022-10-21 13:00:00,2022-10-21 14:00:00,20.45,5.36,20.1,44.4264,26.1406
2022-10-21 14:00:00,2022-10-21 15:00:00,18.12,4.91,24.79,44.4264,26.1406
2022-10-21 15:00:00,2022-10-21 16:00:00,23.08,9.24,26.65,44.4264,26.1406
2022-10-21 16:00:00,2022-10-21 17:00:00,22.48,6.39,39.77,44.4264,26.1406
2022-10-21 17:00:00,2022-10-21 18:00:00,31.44,9.11,68.3,44.4264,26.1406
2022-10-21 18:00:00,2022-10-21 19:00:00,50.94,16.97,84.33,44.4264,26.1406
2022-10-21 19:00:00,2022-10-21 20:00:00,59.17,26.3,75.86,44.4264,26.1406
2022-10-21 20:00:00,2022-10-21 21:00:00,74.03,44.52,71.04,44.4264,26.1406
2022-10-21 21:00:00,2022-10-21 22:00:00,109.18,78.51,76.33,44.4264,26.1406
2022-10-21 22:00:00,2022-10-21 23:00:00,112.81,78.44,71.52,44.4264,26.1406
2022-10-21 23:00:00,2022-10-22 00:00:00,84.55,49.47,67.9,44.4264,26.1406
2022-10-22 00:00:00,2022-10-22 01:00:00,68.72,38.23,57.04,44.4264,26.1406
2022-10-22 01:00:00,2022-10-22 02:00:00,54.97,30.53,54.7,44.4264,26.1406
2022-10-22 02:00:00,2022-10-22 03:00:00,48.16,28.62,51.17,44.4264,26.1406
2022-10-22 04:00:00,2022-10-22 05:00:00,51.27,33.33,44.68,44.4264,26.1406
2022-10-22 05:00:00,2022-10-22 06:00:00,50.31,31.47,39.12,44.4264,26.1406
2022-10-22 06:00:00,2022-10-22 07:00:00,47.81,29.41,56.1,44.4264,26.1406
2022-10-22 07:00:00,2022-10-22 08:00:00,53.39,29.81,64.35,44.4264,26.1406
2022-10-22 08:00:00,2022-10-22 09:00:00,46.1,24.59,50.64,44.4264,26.1406
2022-10-22 09:00:00,2022-10-22 10:00:00,41.63,22.12,43.14,44.4264,26.1406
2022-10-22 10:00:00,2022-10-22 11:00:00,46.79,26.45,36.68,44.4264,26.1406
2022-10-22 11:00:00,2022-10-22 12:00:00,40.12,21.54,27.17,44.4264,26.1406
2022-10-22 12:00:00,2022-10-22 13:00:00,40.37,21.06,17.84,44.4264,26.1406
2022-10-22 13:00:00,2022-10-22 14:00:00,36.02,19.36,17.96,44.4264,26.1406
2022-10-22 14:00:00,2022-10-22 15:00:00,35.64,19.47,16.18,44.4264,26.1406
2022-10-22 15:00:00,2022-10-22 16:00:00,35.37,19.88,18.32,44.4264,26.1406
2022-10-22 16:00:00,2022-10-22 17:00:00,36.18,19.32,49.15,44.4264,26.1406
2022-10-22 17:00:00,2022-10-22 18:00:00,46.17,22.3,59.48,44.4264,26.1406
2022-10-22 18:00:00,2022-10-22 19:00:00,53.2,27.52,46.48,44.4264,26.1406
2022-10-22 19:00:00,2022-10-22 20:00:00,51.89,30.37,53.69,44.4264,26.1406
2022-10-22 20:00:00,2022-10-22 21:00:00,50.65,31.01,49.95,44.4264,26.1406
2022-10-22 21:00:00,2022-10-22 22:00:00,47.55,29.16,33.94,44.4264,26.1406
2022-10-22 22:00:00,2022-10-22 23:00:00,43.46,25.94,31.37,44.4264,26.1406
2022-10-22 23:00:00,2022-10-23 00:00:00,40.52,25.14,26.14,44.4264,26.1406
2022-10-23 00:00:00,2022-10-23 01:00:00,35.88,22.25,18.67,44.4264,26.1406
2022-10-23 01:00:00,2022-10-23 02:00:00,32.48,19.01,13.07,44.4264,26.1406
2022-10-23 02:00:00,2022-10-23 03:00:00,34.43,20.62,24.12,44.4264,26.1406
2022-10-23 03:00:00,2022-10-23 04:00:00,33.4,20.35,22.51,44.4264,26.1406
2022-10-23 05:00:00,2022-10-23 06:00:00,38.23,21.9,15.68,44.4264,26.1406
2022-10-23 06:00:00,2022-10-23 07:00:00,36.64,21.52,16.02,44.4264,26.1406
2022-10-23 07:00:00,2022-10-23 08:00:00,38.44,24.26,14.7,44.4264,26.1406
2022-10-23 08:00:00,2022-10-23 09:00:00,35.9,23.86,16.62,44.4264,26.1406
2022-10-23 09:00:00,2022-10-23 10:00:00,33.05,21.85,17.15,44.4264,26.1406
2022-10-23 10:00:00,2022-10-23 11:00:00,28.54,19.98,11.31,44.4264,26.1406
2022-10-23 11:00:00,2022-10-23 12:00:00,22.05,13.88,8.28,44.4264,26.1406
2022-10-23 12:00:00,2022-10-23 13:00:00,15.99,10.82,6.55,44.4264,26.1406
2022-10-23 13:00:00,2022-10-23 14:00:00,13.29,8.78,7.01,44.4264,26.1406
2022-10-23 14:00:00,2022-10-23 15:00:00,11.23,6.09,8.9,44.4264,26.1406
2022-10-23 15:00:00,2022-10-23 16:00:00,8.09,2.09,6.7,44.4264,26.1406
2022-10-23 16:00:00,2022-10-23 17:00:00,9.18,2.38,36.9,44.4264,26.1406
2022-10-23 17:00:00,2022-10-23 18:00:00,23.76,9.65,82.5,44.4264,26.1406
2022-10-23 18:00:00,2022-10-23 19:00:00,27.42,11.6,32.5,44.4264,26.1406
2022-10-23 19:00:00,2022-10-23 20:00:00,19.93,8.86,52.4,44.4264,26.1406
2022-10-23 20:00:00,2022-10-23 21:00:00,21.01,9.55,62.92,44.4264,26.1406
2022-10-23 21:00:00,2022-10-23 22:00:00,24.0,10.7,60.0,44.4264,26.1406
2022-10-23 22:00:00,2022-10-23 23:00:00,22.05,11.05,64.64,44.4264,26.1406
2022-10-23 23:00:00,2022-10-24 00:00:00,29.88,17.04,55.98,44.4264,26.1406
2022-10-24 00:00:00,2022-10-24 01:00:00,32.62,21.38,49.72,44.4264,26.1406
2022-10-24 01:00:00,2022-10-24 02:00:00,40.2,26.97,46.39,44.4264,26.1406
2022-10-24 02:00:00,2022-10-24 03:00:00,32.03,19.89,44.71,44.4264,26.1406
2022-10-24 03:00:00,2022-10-24 04:00:00,22.45,14.59,37.86,44.4264,26.1406
2022-10-24 04:00:00,2022-10-24 05:00:00,23.23,16.52,36.27,44.4264,26.1406
2022-10-24 06:00:00,2022-10-24 07:00:00,21.28,15.1,40.88,44.4264,26.1406
2022-10-24 07:00:00,2022-10-24 08:00:00,22.92,14.4,42.27,44.4264,26.1406
2022-10-24 08:00:00,2022-10-24 09:00:00,28.73,15.7,45.1,44.4264,26.1406
2022-10-24 09:00:00,2022-10-24 10:00:00,38.79,21.42,59.71,44.4264,26.1406
2022-10-24 10:00:00,2022-10-24 11:00:00,46.58,24.29,69.47,44.4264,26.1406
2022-10-24 11:00:00,2022-10-24 12:00:00,48.98,25.33,69.38,44.4264,26.1406
2022-10-24 12:00:00,2022-10-24 13:00:00,43.15,20.81,50.7,44.4264,26.1406
2022-10-24 13:00:00,2022-10-24 14:00:00,34.5,15.63,32.43,44.4264,26.1406
2022-10-24 14:00:00,2022-10-24 15:00:00,35.5,12.72,20.05,44.4264,26.1406
2022-10-24 15:00:00,2022-10-24 16:00:00,24.26,8.65,16.63,44.4264,26.1406
2022-10-24 16:00:00,2022-10-24 17:00:00,18.33,6.89,28.07,44.4264,26.1406
2022-10-24 17:00:00,2022-10-24 18:00:00,28.67,10.58,78.43,44.4264,26.1406
2022-10-24 18:00:00,2022-10-24 19:00:00,38.8,13.06,92.87,44.4264,26.1406
2022-10-24 19:00:00,2022-10-24 20:00:00,58.43,22.91,84.78,44.4264,26.1406
2022-10-24 20:00:00,2022-10-24 21:00:00,46.48,22.9,83.88,44.4264,26.1406
2022-10-24 21:00:00,2022-10-24 22:00:00,52.03,25.89,81.21,44.4264,26.1406
2022-10-24 22:00:00,2022-10-24 23:00:00,48.46,25.8,65.95,44.4264,26.1406
2022-10-24 23:00:00,2022-10-25 00:00:00,36.65,21.87,41.65,44.4264,26.1406
2022-10-25 00:00:00,2022-10-25 01:00:00,33.43,20.99,58.29,44.4264,26.1406
2022-10-25 01:00:00,2022-10-25 02:00:00,39.42,26.38,59.24,44.4264,26.1406
2022-10-25 02:00:00,2022-10-25 03:00:00,38.99,25.89,55.2,44.4264,26.1406
2022-10-25 03:00:00,2022-10-25 04:00:00,40.18,27.08,50.3,44.4264,26.1406
2022-10-25 04:00:00,2022-10-25 05:00:00,38.62,27.31,45.83,44.4264,26.1406
2022-10-25 05:00:00,2022-10-25 06:00:00,45.87,35.53,44.27,44.4264,26.1406
2022-10-25 07:00:00,2022-10-25 08:00:00,52.41,29.25,52.63,44.4264,26.1406
2022-10-25 08:00:00,2022-10-25 09:00:00,71.03,36.99,57.86,44.4264,26.1406
2022-10-25 09:00:00,2022-10-25 10:00:00,82.87,39.22,55.69,44.4264,26.1406
2022-10-25 10:00:00,2022-10-25 11:00:00,57.7,28.42,28.5,44.4264,26.1406
2022-10-25 11:00:00,2022-10-25 12:00:00,45.03,22.78,26.33,44.4264,26.1406
2022-10-25 12:00:00,2022-10-25 13:00:00,37.0,17.69,16.23,44.4264,26.1406
2022-10-25 13:00:00,2022-10-25 14:00:00,34.91,12.2,12.53,44.4264,26.1406
2022-10-25 14:00:00,2022-10-25 15:00:00,38.33,11.23,13.22,44.4264,26.1406
2022-10-25 15:00:00,2022-10-25 16:00:00,49.69,15.25,13.61,44.4264,26.1406
2022-10-25 16:00:00,2022-10-25 17:00:00,52.63,15.95,19.15,44.4264,26.1406
2022-10-25 17:00:00,2022-10-25 18:00:00,46.86,16.37,29.84,44.4264,26.1406
2022-10-25 18:00:00,2022-10-25 19:00:00,42.58,15.19,28.89,44.4264,26.1406
2022-10-25 19:00:00,2022-10-25 20:00:00,42.91,17.75,26.34,44.4264,26.1406
2022-10-25 20:00:00,2022-10-25 21:00:00,41.13,18.64,38.45,44.4264,26.1406
2022-10-25 21:00:00,2022-10-25 22:00:00,43.7,21.39,36.54,44.4264,26.1406
2022-10-25 22:00:00,2022-10-25 23:00:00,38.91,20.48,24.97,44.4264,26.1406
2022-10-25 23:00:00,2022-10-26 00:00:00,39.99,22.24,40.35,44.4264,26.1406
2022-10-26 00:00:00,2022-10-26 01:00:00,40.11,22.79,37.08,44.4264,26.1406
2022-10-26 01:00:00,2022-10-26 02:00:00,41.18,25.29,43.57,44.4264,26.1406
2022-10-26 02:00:00,2022-10-26 03:00:00,40.99,25.67,42.04,44.4264,26.1406
2022-10-26 03:00:00,2022-10-26 04:00:00,35.79,21.71,31.29,44.4264,26.1406
2022-10-26 04:00:00,2022-10-26 05:00:00,31.97,18.33,30.72,44.4264,26.1406
2022-10-26 05:00:00,2022-10-26 06:00:00,39.5,24.53,34.86,44.4264,26.1406
2022-10-26 06:00:00,2022-10-26 07:00:00,53.03,34.01,38.08,44.4264,26.1406
2022-10-26 08:00:00,2022-10-26 09:00:00,59.83,28.71,49.1,44.4264,26.1406
2022-10-26 09:00:00,2022-10-26 10:00:00,41.1,16.09,31.24,44.4264,26.1406
2022-10-26 10:00:00,2022-10-26 11:00:00,31.0,12.29,19.28,44.4264,26.1406
2022-10-26 11:00:00,2022-10-26 12:00:00,28.63,11.55,18.8,44.4264,26.1406
2022-10-26 12:00:00,2022-10-26 13:00:00,19.41,7.68,14.47,44.4264,26.1406
2022-10-26 13:00:00,2022-10-26 14:00:00,16.64,7.3,10.68,44.4264,26.1406
2022-10-26 14:00:00,2022-10-26 15:00:00,12.75,4.06,12.15,44.4264,26.1406
2022-10-26 15:00:00,2022-10-26 16:00:00,21.15,10.89,14.05,44.4264,26.1406
2022-10-26 16:00:00,2022-10-26 17:00:00,16.1,6.26,30.22,44.4264,26.1406
2022-10-26 17:00:00,2022-10-26 18:00:00,22.97,8.97,64.54,44.4264,26.1406
2022-10-26 18:00:00,2022-10-26 19:00:00,38.82,14.91,93.33,44.4264,26.1406
2022-10-26 19:00:00,2022-10-26 20:00:00,56.68,23.36,107.61,44.4264,26.1406
2022-10-26 20:00:00,2022-10-26 21:00:00,57.7,24.9,101.94,44.4264,26.1406
2022-10-26 21:00:00,2022-10-26 22:00:00,59.92,27.59,88.65,44.4264,26.1406
2022-10-26 22:00:00,2022-10-26 23:00:00,63.33,32.92,75.2,44.4264,26.1406
2022-10-26 23:00:00,2022-10-27 00:00:00,36.63,18.86,50.98,44.4264,26.1406
2022-10-27 00:00:00,2022-10-27 01:00:00,20.17,11.17,26.98,44.4264,26.1406
2022-10-27 01:00:00,2022-10-27 02:00:00,15.9,9.06,44.47,44.4264,26.1406
2022-10-27 02:00:00,2022-10-27 03:00:00,20.65,13.51,23.3,44.4264,26.1406
2022-10-27 03:00:00,2022-10-27 04:00:00,10.54,6.21,17.59,44.4264,26.1406
2022-10-27 04:00:00,2022-10-27 05:00:00,15.55,10.24,18.53,44.4264,26.1406
2022-10-27 05:00:00,2022-10-27 06:00:00,14.11,7.28,37.25,44.4264,26.1406
2022-10-27 06:00:00,2022-10-27 07:00:00,18.42,8.71,48.74,44.4264,26.1406
2022-10-27 07:00:00,2022-10-27 08:00:00,21.99,11.51,54.26,44.4264,26.1406
2022-10-27 12:00:00,2022-10-27 13:00:00,24.17,9.31,18.83,44.4264,26.1406
2022-10-27 13:00:00,2022-10-27 14:00:00,18.46,8.53,15.33,44.4264,26.1406
2022-10-27 14:00:00,2022-10-27 15:00:00,16.03,6.83,9.74,44.4264,26.1406
2022-10-27 15:00:00,2022-10-27 16:00:00,14.28,5.93,9.66,44.4264,26.1406
2022-10-27 16:00:00,2022-10-27 17:00:00,14.92,5.78,11.69,44.4264,26.1406
2022-10-27 17:00:00,2022-10-27 18:00:00,20.29,7.32,46.76,44.4264,26.1406
2022-10-27 18:00:00,2022-10-27 19:00:00,27.87,7.46,109.86,44.4264,26.1406
2022-10-27 19:00:00,2022-10-27 20:00:00,55.35,18.09,112.92,44.4264,26.1406
2022-10-27 20:00:00,2022-10-27 21:00:00,72.64,30.24,89.19,44.4264,26.1406
2022-10-27 21:00:00,2022-10-27 22:00:00,73.7,35.6,89.0,44.4264,26.1406
2022-10-27 22:00:00,2022-10-27 23:00:00,83.36,46.91,81.82,44.4264,26.1406
2022-10-27 23:00:00,2022-10-28 00:00:00,74.27,42.59,80.67,44.4264,26.1406
2022-10-28 00:00:00,2022-10-28 01:00:00,52.94,33.96,76.19,44.4264,26.1406
2022-10-28 01:00:00,2022-10-28 02:00:00,50.88,33.49,66.63,44.4264,26.1406
2022-10-28 02:00:00,2022-10-28 03:00:00,53.46,36.13,68.96,44.4264,26.1406
2022-10-28 03:00:00,2022-10-28 04:00:00,42.35,28.28,47.39,44.4264,26.1406
2022-10-28 04:00:00,2022-10-28 05:00:00,31.26,20.57,26.7,44.4264,26.1406
2022-10-28 05:00:00,2022-10-28 06:00:00,24.18,14.93,27.35,44.4264,26.1406
2022-10-28 06:00:00,2022-10-28 07:00:00,23.74,14.01,47.13,44.4264,26.1406
2022-10-28 07:00:00,2022-10-28 08:00:00,32.57,17.39,46.78,44.4264,26.1406
2022-10-28 08:00:00,2022-10-28 09:00:00,33.83,16.99,31.83,44.4264,26.1406
2022-10-28 09:00:00,2022-10-28 10:00:00,36.31,18.2,35.41,44.4264,26.1406
2022-10-28 10:00:00,2022-10-28 11:00:00,36.61,18.1,35.08,44.4264,26.1406
2022-10-28 11:00:00,2022-10-28 12:00:00,37.83,17.58,33.63,44.4264,26.1406
2022-10-28 13:00:00,2022-10-28 14:00:00,33.56,16.89,22.1,44.4264,26.1406
2022-10-28 14:00:00,2022-10-28 15:00:00,30.08,14.74,14.58,44.4264,26.1406
2022-10-28 15:00:00,2022-10-28 16:00:00,27.09,11.95,5.93,44.4264,26.1406
2022-10-28 16:00:00,2022-10-28 17:00:00,24.7,13.12,1.14,44.4264,26.1406
2022-10-28 17:00:00,2022-10-28 18:00:00,26.48,14.4,27.28,44.4264,26.1406
2022-10-28 18:00:00,2022-10-28 19:00:00,56.63,27.96,140.3,44.4264,26.1406
2022-10-28 19:00:00,2022-10-28 20:00:00,86.8,42.89,138.93,44.4264,26.1406
2022-10-28 20:00:00,2022-10-28 21:00:00,96.84,48.58,121.98,44.4264,26.1406
2022-10-28 21:00:00,2022-10-28 22:00:00,93.92,48.74,104.63,44.4264,26.1406
2022-10-28 22:00:00,2022-10-28 23:00:00,86.48,50.98,89.57,44.4264,26.1406
2022-10-28 23:00:00,2022-10-29 00:00:00,92.93,55.13,80.98,44.4264,26.1406
2022-10-29 00:00:00,2022-10-29 01:00:00,80.47,51.22,72.55,44.4264,26.1406
2022-10-29 01:00:00,2022-10-29 02:00:00,67.77,47.29,61.25,44.4264,26.1406
2022-10-29 02:00:00,2022-10-29 03:00:00,62.5,44.79,51.1,44.4264,26.1406
2022-10-29 03:00:00,2022-10-29 04:00:00,54.81,38.7,35.06,44.4264,26.1406
2022-10-29 04:00:00,2022-10-29 05:00:00,50.91,37.22,25.83,44.4264,26.1406
2022-10-29 05:00:00,2022-10-29 06:00:00,49.18,37.32,43.4,44.4264,26.1406
2022-10-29 06:00:00,2022-10-29 07:00:00,55.94,41.52,36.7,44.4264,26.1406
2022-10-29 07:00:00,2022-10-29 08:00:00,49.25,36.92,31.38,44.4264,26.1406
2022-10-29 08:00:00,2022-10-29 09:00:00,50.59,35.45,33.15,44.4264,26.1406
2022-10-29 09:00:00,2022-10-29 10:00:00,56.95,38.0,44.14,44.4264,26.1406
2022-10-29 10:00:00,2022-10-29 11:00:00,62.76,39.31,45.3,44.4264,26.1406
2022-10-29 11:00:00,2022-10-29 12:00:00,48.17,29.99,23.99,44.4264,26.1406
2022-10-29 12:00:00,2022-10-29 13:00:00,36.17,21.76,12.47,44.4264,26.1406
2022-10-29 14:00:00,2022-10-29 15:00:00,26.28,14.67,3.85,44.4264,26.1406
2022-10-29 15:00:00,2022-10-29 16:00:00,24.58,15.08,2.87,44.4264,26.1406
2022-10-29 16:00:00,2022-10-29 17:00:00,24.47,15.11,10.22,44.4264,26.1406
2022-10-29 17:00:00,2022-10-29 18:00:00,24.56,13.8,22.04,44.4264,26.1406
2022-10-29 18:00:00,2022-10-29 19:00:00,29.54,17.03,40.77,44.4264,26.1406
2022-10-29 19:00:00,2022-10-29 20:00:00,33.63,21.72,39.07,44.4264,26.1406
2022-10-29 20:00:00,2022-10-29 21:00:00,32.47,22.09,41.81,44.4264,26.1406
2022-10-29 21:00:00,2022-10-29 22:00:00,41.64,28.99,33.82,44.4264,26.1406
2022-10-29 22:00:00,2022-10-29 23:00:00,42.79,30.73,28.93,44.4264,26.1406
2022-10-29 23:00:00,2022-10-30 00:00:00,42.16,30.46,25.45,44.4264,26.1406
2022-10-30 00:00:00,2022-10-30 01:00:00,29.46,20.21,11.63,44.4264,26.1406
2022-10-30 01:00:00,2022-10-30 02:00:00,31.67,23.39,11.23,44.4264,26.1406
2022-10-30 02:00:00,2022-10-30 03:00:00,32.13,24.49,7.53,44.4264,26.1406
2022-10-30 03:00:00,2022-10-30 04:00:00,35.39,26.77,16.1,44.4264,26.1406
2022-10-30 04:00:00,2022-10-30 05:00:00,31.84,24.51,23.61,44.4264,26.1406
2022-10-30 05:00:00,2022-10-30 06:00:00,31.55,24.99,17.93,44.4264,26.1406
2022-10-30 06:00:00,2022-10-30 07:00:00,30.43,22.68,23.66,44.4264,26.1406
2022-10-30 07:00:00,2022-10-30 08:00:00,33.9,25.48,24.73,44.4264,26.1406
2022-10-30 08:00:00,2022-10-30 09:00:00,41.8,32.52,18.09,44.4264,26.1406
2022-10-30 09:00:00,2022-10-30 10:00:00,42.23,32.39,12.72,44.4264,26.1406
2022-10-30 10:00:00,2022-10-30 11:00:00,37.24,27.27,8.07,44.4264,26.1406
2022-10-30 11:00:00,2022-10-30 12:00:00,32.13,21.8,5.48,44.4264,26.1406
2022-10-30 12:00:00,2022-10-30 13:00:00,32.19,22.97,3.11,44.4264,26.1406
2022-10-30 14:00:00,2022-10-30 15:00:00,35.81,23.95,30.24,44.4264,26.1406
2022-10-30 15:00:00,2022-10-30 16:00:00,32.9,22.39,15.33,44.4264,26.1406
2022-10-30 16:00:00,2022-10-30 17:00:00,33.24,23.75,36.55,44.4264,26.1406
2022-10-30 17:00:00,2022-10-30 18:00:00,46.92,28.24,100.08,44.4264,26.1406
2022-10-30 18:00:00,2022-10-30 19:00:00,67.41,39.87,87.44,44.4264,26.1406
2022-10-30 19:00:00,2022-10-30 20:00:00,81.65,57.29,100.03,44.4264,26.1406
2022-10-30 20:00:00,2022-10-30 21:00:00,103.42,78.28,81.62,44.4264,26.1406
2022-10-30 21:00:00,2022-10-30 22:00:00,75.95,55.03,74.03,44.4264,26.1406
2022-10-30 22:00:00,2022-10-30 23:00:00,54.78,38.22,60.01,44.4264,26.1406
2022-10-30 23:00:00,2022-10-31 00:00:00,51.92,36.69,55.96,44.4264,26.1406
2022-10-31 00:00:00,2022-10-31 01:00:00,46.98,33.3,45.78,44.4264,26.1406
2022-10-31 01:00:00,2022-10-31 02:00:00,40.35,28.32,43.34,44.4264,26.1406
2022-10-31 02:00:00,2022-10-31 03:00:00,37.68,25.11,31.85,44.4264,26.1406
2022-10-31 03:00:00,2022-10-31 04:00:00,30.85,20.1,17.51,44.4264,26.1406
2022-10-31 04:00:00,2022-10-31 05:00:00,26.71,17.24,23.65,44.4264,26.1406
2022-10-31 05:00:00,2022-10-31 06:00:00,25.14,16.18,28.41,44.4264,26.1406
2022-10-31 06:00:00,2022-10-31 07:00:00,27.08,16.81,31.68,44.4264,26.1406
2022-10-31 07:00:00,2022-10-31 08:00:00,36.16,20.07,44.61,44.4264,26.1406
2022-10-31 08:00:00,2022-10-31 09:00:00,85.73,26.95,58.08,44.4264,26.1406
2022-10-31 09:00:00,2022-10-31 10:00:00,74.51,26.05,47.26,44.4264,26.1406
2022-10-31 10:00:00,2022-10-31 11:00:00,40.47,12.92,15.19,44.4264,26.1406
2022-10-31 11:00:00,2022-10-31 12:00:00,34.16,13.74,8.83,44.4264,26.1406
2022-10-31 12:00:00,2022-10-31 13:00:00,34.34,17.43,4.32,44.4264,26.1406
2022-10-31 13:00:00,2022-10-31 14:00:00,29.83,15.43,3.52,44.4264,26.1406
2022-10-31 15:00:00,2022-10-31 16:00:00,29.56,12.79,19.68,44.4264,26.1406
2022-10-31 16:00:00,2022-10-31 17:00:00,32.88,13.28,57.76,44.4264,26.1406
2022-10-31 17:00:00,2022-10-31 18:00:00,46.5,18.4,79.89,44.4264,26.1406
2022-10-31 18:00:00,2022-10-31 19:00:00,73.29,31.93,112.62,44.4264,26.1406
2022-10-31 19:00:00,2022-10-31 20:00:00,100.48,42.93,122.65,44.4264,26.1406
2022-10-31 20:00:00,2022-10-31 21:00:00,88.78,38.93,85.59,44.4264,26.1406
2022-10-31 21:00:00,2022-10-31 22:00:00,113.15,69.61,85.92,44.4264,26.1406
2022-10-31 22:00:00,2022-10-31 23:00:00,129.56,90.97,85.31,44.4264,26.1406
2022-10-31 23:00:00,2022-11-01 00:00:00,72.89,44.96,58.53,44.4264,26.1406
2022-11-01 00:00:00,2022-11-01 01:00:00,49.61,27.43,19.41,44.4264,26.1406
2022-11-01 01:00:00,2022-11-01 02:00:00,38.79,22.87,10.8,44.4264,26.1406
2022-11-01 02:00:00,2022-11-01 03:00:00,27.91,16.56,7.29,44.4264,26.1406
2022-11-01 03:00:00,2022-11-01 04:00:00,20.11,11.36,9.1,44.4264,26.1406
2022-11-01 04:00:00,2022-11-01 05:00:00,18.11,8.57,27.06,44.4264,26.1406
2022-11-01 05:00:00,2022-11-01 06:00:00,23.17,12.37,36.97,44.4264,26.1406
2022-11-01 06:00:00,2022-11-01 07:00:00,24.67,13.67,43.82,44.4264,26.1406
2022-11-01 07:00:00,2022-11-01 08:00:00,29.44,16.06,39.5,44.4264,26.1406
2022-11-01 08:00:00,2022-11-01 09:00:00,34.09,15.62,37.94,44.4264,26.1406
2022-11-01 09:00:00,2022-11-01 10:00:00,34.39,14.56,40.03,44.4264,26.1406
2022-11-01 10:00:00,2022-11-01 11:00:00,36.44,14.85,36.81,44.4264,26.1406
2022-11-01 11:00:00,2022-11-01 12:00:00,55.13,16.01,31.28,44.4264,26.1406
2022-11-01 12:00:00,2022-11-01 13:00:00,52.3,15.31,14.95,44.4264,26.1406
2022-11-01 13:00:00,2022-11-01 14:00:00,34.85,13.18,10.5,44.4264,26.1406
2022-11-01 16:00:00,2022-11-01 17:00:00,36.75,13.44,81.01,44.4264,26.1406
2022-11-01 17:00:00,2022-11-01 18:00:00,98.78,31.06,168.11,44.4264,26.1406
2022-11-01 18:00:00,2022-11-01 19:00:00,104.39,38.5,99.31,44.4264,26.1406
2022-11-01 19:00:00,2022-11-01 20:00:00,114.24,49.96,108.91,44.4264,26.1406
2022-11-01 20:00:00,2022-11-01 21:00:00,142.13,54.93,100.82,44.4264,26.1406
2022-11-01 21:00:00,2022-11-01 22:00:00,116.89,53.12,96.76,44.4264,26.1406
2022-11-01 22:00:00,2022-11-01 23:00:00,109.37,62.09,84.34,44.4264,26.1406
2022-11-01 23:00:00,2022-11-02 00:00:00,80.53,51.1,77.45,44.4264,26.1406
2022-11-02 00:00:00,2022-11-02 01:00:00,53.92,37.16,62.77,44.4264,26.1406
2022-11-02 01:00:00,2022-11-02 02:00:00,44.31,30.43,46.95,44.4264,26.1406
2022-11-02 02:00:00,2022-11-02 03:00:00,45.7,32.01,28.39,44.4264,26.1406
2022-11-02 03:00:00,2022-11-02 04:00:00,42.28,30.45,29.99,44.4264,26.1406
2022-11-02 04:00:00,2022-11-02 05:00:00,42.57,31.03,39.05,44.4264,26.1406
2022-11-02 05:00:00,2022-11-02 06:00:00,41.66,29.51,33.94,44.4264,26.1406
2022-11-02 06:00:00,2022-11-02 07:00:00,46.49,32.57,30.57,44.4264,26.1406
2022-11-02 07:00:00,2022-11-02 08:00:00,50.48,32.73,31.34,44.4264,26.1406
2022-11-02 08:00:00,2022-11-02 09:00:00,51.7,32.05,25.89,44.4264,26.1406
2022-11-02 09:00:00,2022-11-02 10:00:00,51.17,29.39,17.56,44.4264,26.1406
2022-11-02 10:00:00,2022-11-02 11:00:00,50.97,27.85,14.4,44.4264,26.1406
2022-11-02 11:00:00,2022-11-02 12:00:00,53.87,28.91,17.82,44.4264,26.1406
2022-11-02 12:00:00,2022-11-02 13:00:00,49.81,27.54,9.88,44.4264,26.1406
2022-11-02 13:00:00,2022-11-02 14:00:00,49.63,26.73,17.44,44.4264,26.1406
2022-11-02 14:00:00,2022-11-02 15:00:00,45.28,24.07,12.75,44.4264,26.1406
2022-11-02 15:00:00,2022-11-02 16:00:00,52.85,26.06,49.84,44.4264,26.1406
2022-11-02 17:00:00,2022-11-02 18:00:00,89.07,33.0,91.34,44.4264,26.1406
2022-11-02 18:00:00,2022-11-02 19:00:00,66.24,25.82,68.28,44.4264,26.1406
2022-11-02 19:00:00,2022-11-02 20:00:00,55.92,22.44,62.89,44.4264,26.1406
2022-11-02 20:00:00,2022-11-02 21:00:00,56.17,24.6,63.29,44.4264,26.1406
2022-11-02 21:00:00,2022-11-02 22:00:00,58.71,27.29,67.36,44.4264,26.1406
2022-11-02 22:00:00,2022-11-02 23:00:00,57.38,26.51,29.41,44.4264,26.1406
2022-11-02 23:00:00,2022-11-03 00:00:00,46.89,19.92,9.85,44.4264,26.1406
2022-11-03 00:00:00,2022-11-03 01:00:00,38.82,18.67,8.87,44.4264,26.1406
2022-11-03 01:00:00,2022-11-03 02:00:00,26.78,12.81,7.1,44.4264,26.1406
2022-11-03 02:00:00,2022-11-03 03:00:00,27.01,15.88,12.33,44.4264,26.1406
2022-11-03 03:00:00,2022-11-03 04:00:00,25.66,14.7,9.46,44.4264,26.1406
2022-11-03 04:00:00,2022-11-03 05:00:00,25.31,14.11,16.01,44.4264,26.1406
2022-11-03 05:00:00,2022-11-03 06:00:00,31.59,18.87,36.85,44.4264,26.1406
2022-11-03 06:00:00,2022-11-03 07:00:00,37.85,19.75,42.27,44.4264,26.1406
2022-11-03 07:00:00,2022-11-03 08:00:00,45.49,20.25,43.19,44.4264,26.1406
2022-11-03 08:00:00,2022-11-03 09:00:00,52.68,20.13,42.36,44.4264,26.1406
2022-11-03 09:00:00,2022-11-03 10:00:00,48.33,21.62,29.82,44.4264,26.1406
2022-11-03 10:00:00,2022-11-03 11:00:00,41.96,20.29,21.46,44.4264,26.1406
2022-11-03 11:00:00,2022-11-03 12:00:00,38.91,16.64,18.17,44.4264,26.1406
2022-11-03 12:00:00,2022-11-03 13:00:00,31.56,15.77,20.38,44.4264,26.1406
2022-11-03 13:00:00,2022-11-03 14:00:00,27.45,14.26,17.23,44.4264,26.1406
2022-11-03 14:00:00,2022-11-03 15:00:00,24.33,12.34,26.38,44.4264,26.1406
2022-11-03 15:00:00,2022-11-03 16:00:00,28.51,12.77,30.19,44.4264,26.1406
2022-11-03 16:00:00,2022-11-03 17:00:00,33.24,13.31,65.35,44.4264,26.1406
2022-11-03 18:00:00,2022-11-03 19:00:00,49.16,20.43,87.34,44.4264,26.1406
2022-11-03 19:00:00,2022-11-03 20:00:00,63.05,32.71,88.77,44.4264,26.1406
2022-11-03 20:00:00,2022-11-03 21:00:00,70.4,33.08,89.73,44.4264,26.1406
2022-11-03 21:00:00,2022-11-03 22:00:00,71.49,35.53,80.82,44.4264,26.1406
2022-11-03 22:00:00,2022-11-03 23:00:00,61.41,30.35,75.75,44.4264,26.1406
2022-11-03 23:00:00,2022-11-04 00:00:00,49.8,26.05,67.41,44.4264,26.1406
2022-11-04 00:00:00,2022-11-04 01:00:00,44.7,25.87,60.0,44.4264,26.1406
2022-11-04 01:00:00,2022-11-04 02:00:00,39.27,23.27,41.6,44.4264,26.1406
2022-11-04 02:00:00,2022-11-04 03:00:00,35.7,21.07,22.1,44.4264,26.1406
2022-11-04 03:00:00,2022-11-04 04:00:00,32.36,19.74,22.05,44.4264,26.1406
2022-11-04 04:00:00,2022-11-04 05:00:00,34.73,23.21,22.67,44.4264,26.1406
2022-11-04 05:00:00,2022-11-04 06:00:00,34.06,22.52,35.54,44.4264,26.1406
2022-11-04 06:00:00,2022-11-04 07:00:00,39.58,25.57,48.21,44.4264,26.1406
2022-11-04 07:00:00,2022-11-04 08:00:00,40.68,23.05,38.6,44.4264,26.1406
2022-11-04 08:00:00,2022-11-04 09:00:00,45.02,24.4,42.53,44.4264,26.1406
2022-11-04 09:00:00,2022-11-04 10:00:00,42.75,22.61,34.53,44.4264,26.1406
2022-11-04 10:00:00,2022-11-04 11:00:00,38.83,20.29,31.32,44.4264,26.1406
2022-11-04 11:00:00,2022-11-04 12:00:00,41.18,22.36,26.84,44.4264,26.1406
2022-11-04 12:00:00,2022-11-04 13:00:00,37.1,19.75,24.81,44.4264,26.1406
2022-11-04 13:00:00,2022-11-04 14:00:00,35.27,16.48,35.72,44.4264,26.1406
2022-11-04 14:00:00,2022-11-04 15:00:00,42.09,19.08,42.16,44.4264,26.1406
2022-11-04 15:00:00,2022-11-04 16:00:00,45.55,18.09,65.72,44.4264,26.1406
2022-11-04 16:00:00,2022-11-04 17:00:00,51.49,20.08,90.21,44.4264,26.1406
2022-11-04 17:00:00,2022-11-04 18:00:00,51.57,22.15,89.91,44.4264,26.1406
2022-11-04 19:00:00,2022-11-04 20:00:00,72.52,41.36,82.64,44.4264,26.1406
2022-11-04 20:00:00,2022-11-04 21:00:00,54.85,32.44,56.46,44.4264,26.1406
2022-11-04 21:00:00,2022-11-04 22:00:00,45.39,25.89,45.88,44.4264,26.1406
2022-11-04 22:00:00,2022-11-04 23:00:00,47.97,26.91,48.5,44.4264,26.1406
2022-11-04 23:00:00,2022-11-05 00:00:00,54.27,30.3,44.53,44.4264,26.1406
2022-11-05 00:00:00,2022-11-05 01:00:00,52.03,31.94,39.87,44.4264,26.1406
2022-11-05 01:00:00,2022-11-05 02:00:00,45.87,28.94,21.3,44.4264,26.1406
2022-11-05 02:00:00,2022-11-05 03:00:00,37.52,24.4,19.26,44.4264,26.1406
2022-11-05 03:00:00,2022-11-05 04:00:00,34.33,23.84,20.17,44.4264,26.1406
2022-11-05 04:00:00,2022-11-05 05:00:00,29.94,19.39,22.84,44.4264,26.1406
2022-11-05 05:00:00,2022-11-05 06:00:00,27.17,17.77,20.12,44.4264,26.1406
2022-11-05 06:00:00,2022-11-05 07:00:00,24.41,13.51,23.22,44.4264,26.1406
2022-11-05 07:00:00,2022-11-05 08:00:00,24.7,13.54,18.24,44.4264,26.1406
2022-11-05 08:00:00,2022-11-05 09:00:00,31.12,17.27,13.92,44.4264,26.1406
2022-11-05 09:00:00,2022-11-05 10:00:00,35.65,20.05,11.16,44.4264,26.1406
2022-11-05 10:00:00,2022-11-05 11:00:00,43.61,23.25,7.13,44.4264,26.1406
2022-11-05 11:00:00,2022-11-05 12:00:00,51.64,27.49,8.45,44.4264,26.1406
2022-11-05 12:00:00,2022-11-05 13:00:00,50.67,27.35,8.64,44.4264,26.1406
2022-11-05 13:00:00,2022-11-05 14:00:00,49.15,27.68,8.53,44.4264,26.1406
2022-11-05 14:00:00,2022-11-05 15:00:00,50.0,23.57,13.9,44.4264,26.1406
2022-11-05 15:00:00,2022-11-05 16:00:00,51.29,21.35,11.86,44.4264,26.1406
2022-11-05 16:00:00,2022-11-05 17:00:00,46.25,19.6,9.9,44.4264,26.1406
2022-11-05 17:00:00,2022-11-05 18:00:00,41.73,19.48,9.15,44.4264,26.1406
2022-11-05 18:00:00,2022-11-05 19:00:00,43.12,22.73,7.65,44.4264,26.1406
2022-11-05 20:00:00,2022-11-05 21:00:00,43.93,23.46,4.86,44.4264,26.1406
2022-11-05 21:00:00,2022-11-05 22:00:00,41.63,24.45,4.41,44.4264,26.1406
2022-11-05 22:00:00,2022-11-05 23:00:00,36.9,23.12,3.11,44.4264,26.1406
2022-11-05 23:00:00,2022-11-06 00:00:00,38.72,25.37,2.28,44.4264,26.1406
2022-11-06 00:00:00,2022-11-06 01:00:00,38.53,24.59,1.8,44.4264,26.1406
2022-11-06 01:00:00,2022-11-06 02:00:00,37.63,23.31,0.85,44.4264,26.1406
2022-11-06 02:00:00,2022-11-06 03:00:00,39.64,24.34,0.95,44.4264,26.1406
2022-11-06 03:00:00,2022-11-06 04:00:00,35.67,20.74,1.33,44.4264,26.1406
2022-11-06 04:00:00,2022-11-06 05:00:00,34.58,20.58,1.57,44.4264,26.1406
2022-11-06 05:00:00,2022-11-06 06:00:00,37.35,22.19,1.92,44.4264,26.1406
2022-11-06 06:00:00,2022-11-06 07:00:00,35.4,19.61,2.09,44.4264,26.1406
2022-11-06 07:00:00,2022-11-06 08:00:00,32.57,17.53,3.24,44.4264,26.1406
2022-11-06 08:00:00,2022-11-06 09:00:00,32.57,18.13,4.5,44.4264,26.1406
2022-11-06 09:00:00,2022-11-06 10:00:00,31.09,16.04,4.39,44.4264,26.1406
2022-11-06 10:00:00,2022-11-06 11:00:00,32.49,17.04,4.38,44.4264,26.1406
2022-11-06 11:00:00,2022-11-06 12:00:00,35.58,19.68,6.13,44.4264,26.1406
2022-11-06 12:00:00,2022-11-06 13:00:00,36.23,17.71,5.25,44.4264,26.1406
2022-11-06 13:00:00,2022-11-06 14:00:00,46.67,16.25,4.46,44.4264,26.1406
2022-11-06 14:00:00,2022-11-06 15:00:00,54.05,17.55,5.6,44.4264,26.1406
2022-11-06 15:00:00,2022-11-06 16:00:00,35.54,13.42,7.01,44.4264,26.1406
2022-11-06 16:00:00,2022-11-06 17:00:00,31.94,14.23,6.64,44.4264,26.1406
2022-11-06 17:00:00,2022-11-06 18:00:00,29.91,14.91,8.05,44.4264,26.1406
2022-11-06 18:00:00,2022-11-06 19:00:00,27.22,14.0,8.66,44.4264,26.1406
2022-11-06 19:00:00,2022-11-06 20:00:00,23.31,10.14,6.57,44.4264,26.1406
2022-11-06 21:00:00,2022-11-06 22:00:00,19.45,8.69,4.07,44.4264,26.1406
2022-11-06 22:00:00,2022-11-06 23:00:00,16.57,7.46,2.37,44.4264,26.1406
2022-11-06 23:00:00,2022-11-07 00:00:00,16.3,8.5,2.77,44.4264,26.1406
2022-11-07 00:00:00,2022-11-07 01:00:00,16.83,9.18,0.31,44.4264,26.1406
2022-11-07 02:00:00,2022-11-07 03:00:00,14.18,5.41,0.17,44.4264,26.1406
2022-11-07 03:00:00,2022-11-07 04:00:00,14.98,6.06,1.5,44.4264,26.1406
2022-11-07 04:00:00,2022-11-07 05:00:00,15.11,6.07,6.15,44.4264,26.1406
2022-11-07 05:00:00,2022-11-07 06:00:00,18.69,9.61,17.61,44.4264,26.1406
2022-11-07 06:00:00,2022-11-07 07:00:00,23.94,13.13,26.32,44.4264,26.1406
2022-11-07 07:00:00,2022-11-07 08:00:00,26.35,12.74,23.09,44.4264,26.1406
2022-11-07 08:00:00,2022-11-07 09:00:00,25.87,12.04,19.04,44.4264,26.1406
2022-11-07 09:00:00,2022-11-07 10:00:00,24.32,10.13,15.29,44.4264,26.1406
2022-11-07 10:00:00,2022-11-07 11:00:00,23.01,9.15,12.69,44.4264,26.1406
2022-11-07 11:00:00,2022-11-07 12:00:00,21.29,8.24,11.42,44.4264,26.1406
2022-11-07 12:00:00,2022-11-07 13:00:00,25.37,14.04,11.21,44.4264,26.1406
2022-11-07 13:00:00,2022-11-07 14:00:00,23.04,12.95,10.85,44.4264,26.1406
2022-11-07 14:00:00,2022-11-07 15:00:00,23.29,12.74,7.09,44.4264,26.1406
2022-11-07 15:00:00,2022-11-07 16:00:00,22.31,12.25,7.33,44.4264,26.1406
2022-11-07 16:00:00,2022-11-07 17:00:00,29.01,13.53,54.53,44.4264,26.1406
2022-11-07 17:00:00,2022-11-07 18:00:00,40.46,16.09,68.37,44.4264,26.1406
2022-11-07 18:00:00,2022-11-07 19:00:00,41.59,18.53,71.22,44.4264,26.1406
2022-11-07 19:00:00,2022-11-07 20:00:00,56.7,27.55,89.31,44.4264,26.1406
2022-11-07 20:00:00,2022-11-07 21:00:00,54.63,27.57,68.81,44.4264,26.1406
2022-11-07 22:00:00,2022-11-07 23:00:00,39.69,24.81,65.0,44.4264,26.1406
2022-11-07 23:00:00,2022-11-08 00:00:00,56.14,35.66,64.72,44.4264,26.1406
2022-11-08 00:00:00,2022-11-08 01:00:00,51.73,34.64,52.02,44.4264,26.1406
2022-11-08 01:00:00,2022-11-08 02:00:00,38.29,27.37,22.42,44.4264,26.1406
2022-11-08 02:00:00,2022-11-08 03:00:00,31.79,22.65,34.82,44.4264,26.1406
2022-11-08 03:00:00,2022-11-08 04:00:00,28.19,19.61,33.5,44.4264,26.1406
2022-11-08 04:00:00,2022-11-08 05:00:00,27.35,19.62,26.66,44.4264,26.1406
2022-11-08 05:00:00,2022-11-08 06:00:00,25.74,17.34,44.64,44.4264,26.1406
2022-11-08 06:00:00,2022-11-08 07:00:00,26.41,15.99,52.12,44.4264,26.1406
2022-11-08 07:00:00,2022-11-08 08:00:00,31.16,16.11,46.68,44.4264,26.1406
2022-11-08 08:00:00,2022-11-08 09:00:00,45.14,21.57,32.12,44.4264,26.1406
2022-11-08 09:00:00,2022-11-08 10:00:00,41.02,21.36,25.57,44.4264,26.1406
2022-11-08 10:00:00,2022-11-08 11:00:00,36.21,17.05,9.03,44.4264,26.1406
2022-11-08 11:00:00,2022-11-08 12:00:00,32.82,17.18,14.07,44.4264,26.1406
2022-11-08 12:00:00,2022-11-08 13:00:00,30.94,15.37,12.88,44.4264,26.1406
2022-11-08 13:00:00,2022-11-08 14:00:00,29.63,15.82,8.14,44.4264,26.1406
2022-11-08 14:00:00,2022-11-08 15:00:00,31.13,16.39,19.06,44.4264,26.1406
2022-11-08 15:00:00,2022-11-08 16:00:00,35.16,17.9,28.06,44.4264,26.1406
2022-11-08 16:00:00,2022-11-08 17:00:00,48.47,25.91,69.35,44.4264,26.1406
2022-11-08 17:00:00,2022-11-08 18:00:00,64.61,34.18,70.96,44.4264,26.1406
2022-11-08 18:00:00,2022-11-08 19:00:00,69.89,39.93,69.66,44.4264,26.1406
2022-11-08 19:00:00,2022-11-08 20:00:00,63.66,39.8,64.8,44.4264,26.1406
2022-11-08 20:00:00,2022-11-08 21:00:00,55.64,33.29,61.34,44.4264,26.1406
2022-11-08 21:00:00,2022-11-08 22:00:00,48.33,29.78,49.55,44.4264,26.1406
2022-11-08 23:00:00,2022-11-09 00:00:00,46.1,28.17,45.96,44.4264,26.1406
2022-11-09 00:00:00,2022-11-09 01:00:00,51.38,34.67,46.61,44.4264,26.1406
2022-11-09 01:00:00,2022-11-09 02:00:00,47.67,30.34,29.56,44.4264,26.1406
2022-11-09 02:00:00,2022-11-09 03:00:00,43.11,25.01,30.62,44.4264,26.1406
2022-11-09 03:00:00,2022-11-09 04:00:00,45.97,27.35,30.91,44.4264,26.1406
2022-11-09 04:00:00,2022-11-09 05:00:00,45.36,27.72,31.88,44.4264,26.1406
2022-11-09 05:00:00,2022-11-09 06:00:00,41.05,22.77,29.76,44.4264,26.1406
2022-11-09 06:00:00,2022-11-09 07:00:00,43.64,24.83,32.44,44.4264,26.1406
2022-11-09 07:00:00,2022-11-09 08:00:00,46.33,27.47,33.05,44.4264,26.1406
2022-11-09 08:00:00,2022-11-09 09:00:00,46.9,24.68,31.69,44.4264,26.1406
2022-11-09 09:00:00,2022-11-09 10:00:00,39.46,18.27,29.66,44.4264,26.1406
2022-11-09 10:00:00,2022-11-09 11:00:00,42.99,22.52,32.01,44.4264,26.1406
2022-11-09 11:00:00,2022-11-09 12:00:00,42.07,23.13,27.04,44.4264,26.1406
2022-11-09 12:00:00,2022-11-09 13:00:00,42.23,23.12,29.73,44.4264,26.1406
2022-11-09 13:00:00,2022-11-09 14:00:00,43.38,24.49,32.12,44.4264,26.1406
2022-11-09 14:00:00,2022-11-09 15:00:00,38.38,20.87,33.52,44.4264,26.1406
2022-11-09 15:00:00,2022-11-09 16:00:00,40.86,21.33,55.47,44.4264,26.1406
2022-11-09 16:00:00,2022-11-09 17:00:00,49.95,25.11,97.11,44.4264,26.1406
2022-11-09 17:00:00,2022-11-09 18:00:00,66.67,32.36,112.04,44.4264,26.1406
2022-11-09 18:00:00,2022-11-09 19:00:00,82.09,42.31,118.55,44.4264,26.1406
2022-11-09 19:00:00,2022-11-09 20:00:00,81.73,46.16,99.01,44.4264,26.1406
2022-11-09 20:00:00,2022-11-09 21:00:00,96.36,63.81,84.94,44.4264,26.1406
2022-11-09 21:00:00,2022-11-09 22:00:00,108.5,75.28,78.91,44.4264,26.1406
2022-11-09 22:00:00,2022-11-09 23:00:00,98.53,68.95,69.44,44.4264,26.1406
2022-11-10 00:00:00,2022-11-10 01:00:00,62.37,42.82,55.1,44.4264,26.1406
2022-11-10 01:00:00,2022-11-10 02:00:00,54.99,38.43,45.58,44.4264,26.1406
2022-11-10 02:00:00,2022-11-10 03:00:00,56.01,40.59,42.4,44.4264,26.1406
2022-11-10 03:00:00,2022-11-10 04:00:00,55.8,40.36,36.59,44.4264,26.1406
2022-11-10 04:00:00,2022-11-10 05:00:00,53.32,39.77,32.65,44.4264,26.1406
2022-11-10 05:00:00,2022-11-10 06:00:00,53.15,40.32,31.56,44.4264,26.1406
2022-11-10 06:00:00,2022-11-10 07:00:00,50.9,36.54,33.11,44.4264,26.1406
2022-11-10 07:00:00,2022-11-10 08:00:00,57.02,39.37,41.5,44.4264,26.1406
2022-11-10 08:00:00,2022-11-10 09:00:00,66.37,43.83,48.51,44.4264,26.1406
2022-11-10 09:00:00,2022-11-10 10:00:00,66.15,42.33,53.9,44.4264,26.1406
2022-11-10 10:00:00,2022-11-10 11:00:00,65.57,40.27,61.79,44.4264,26.1406
2022-11-10 11:00:00,2022-11-10 12:00:00,61.5,36.15,65.37,44.4264,26.1406
2022-11-10 12:00:00,2022-11-10 13:00:00,52.19,30.08,65.83,44.4264,26.1406
2022-11-10 13:00:00,2022-11-10 14:00:00,55.14,30.52,79.76,44.4264,26.1406
2022-11-10 14:00:00,2022-11-10 15:00:00,71.55,36.4,81.7,44.4264,26.1406
2022-11-10 15:00:00,2022-11-10 16:00:00,72.68,33.82,79.25,44.4264,26.1406
2022-11-10 16:00:00,2022-11-10 17:00:00,64.62,27.81,79.6,44.4264,26.1406
2022-11-10 17:00:00,2022-11-10 18:00:00,77.69,35.47,115.32,44.4264,26.1406
2022-11-10 18:00:00,2022-11-10 19:00:00,91.62,42.74,110.08,44.4264,26.1406
2022-11-10 19:00:00,2022-11-10 20:00:00,82.07,42.86,84.33,44.4264,26.1406
2022-11-10 20:00:00,2022-11-10 21:00:00,80.65,52.88,80.53,44.4264,26.1406
2022-11-10 21:00:00,2022-11-10 22:00:00,59.58,42.65,69.72,44.4264,26.1406
2022-11-10 22:00:00,2022-11-10 23:00:00,56.98,42.32,52.43,44.4264,26.1406
2022-11-10 23:00:00,2022-11-11 00:00:00,54.57,42.46,45.91,44.4264,26.1406
2022-11-11 01:00:00,2022-11-11 02:00:00,57.91,46.67,30.94,44.4264,26.1406
2022-11-11 02:00:00,2022-11-11 03:00:00,60.71,50.29,37.44,44.4264,26.1406
2022-11-11 03:00:00,2022-11-11 04:00:00,60.03,49.55,40.07,44.4264,26.1406
2022-11-11 04:00:00,2022-11-11 05:00:00,61.63,50.48,38.53,44.4264,26.1406
2022-11-11 05:00:00,2022-11-11 06:00:00,53.89,39.42,30.04,44.4264,26.1406
2022-11-11 06:00:00,2022-11-11 07:00:00,36.7,26.25,25.21,44.4264,26.1406
2022-11-11 07:00:00,2022-11-11 08:00:00,29.87,23.7,33.33,44.4264,26.1406
2022-11-11 08:00:00,2022-11-11 09:00:00,22.8,18.33,30.48,44.4264,26.1406
2022-11-11 09:00:00,2022-11-11 10:00:00,20.36,17.16,26.11,44.4264,26.1406
2022-11-11 10:00:00,2022-11-11 11:00:00,16.28,12.75,27.23,44.4264,26.1406
2022-11-11 11:00:00,2022-11-11 12:00:00,9.12,5.93,30.2,44.4264,26.1406
2022-11-11 12:00:00,2022-11-11 13:00:00,9.06,6.49,25.33,44.4264,26.1406
2022-11-11 13:00:00,2022-11-11 14:00:00,10.44,7.62,19.32,44.4264,26.1406
2022-11-11 14:00:00,2022-11-11 15:00:00,7.58,4.59,28.6,44.4264,26.1406
2022-11-11 15:00:00,2022-11-11 16:00:00,6.33,2.8,28.52,44.4264,26.1406
2022-11-11 16:00:00,2022-11-11 17:00:00,12.83,7.24,49.54,44.4264,26.1406
2022-11-11 17:00:00,2022-11-11 18:00:00,26.36,18.7,40.32,44.4264,26.1406
2022-11-11 18:00:00,2022-11-11 19:00:00,35.43,27.59,35.08,44.4264,26.1406
2022-11-11 19:00:00,2022-11-11 20:00:00,39.21,31.47,27.98,44.4264,26.1406
2022-11-11 20:00:00,2022-11-11 21:00:00,32.24,25.64,25.6,44.4264,26.1406
2022-11-11 21:00:00,2022-11-11 22:00:00,30.34,25.17,26.43,44.4264,26.1406
2022-11-11 22:00:00,2022-11-11 23:00:00,30.67,26.49,24.33,44.4264,26.1406
2022-11-11 23:00:00,2022-11-12 00:00:00,29.67,26.17,21.65,44.4264,26.1406
2022-11-12 00:00:00,2022-11-12 01:00:00,30.3,27.06,20.97,44.4264,26.1406
2022-11-12 02:00:00,2022-11-12 03:00:00,29.59,25.5,22.42,44.4264,26.1406
2022-11-12 03:00:00,2022-11-12 04:00:00,28.32,24.33,21.47,44.4264,26.1406
2022-11-12 04:00:00,2022-11-12 05:00:00,24.67,20.52,18.07,44.4264,26.1406
2022-11-12 05:00:00,2022-11-12 06:00:00,20.18,16.7,22.52,44.4264,26.1406
2022-11-12 06:00:00,2022-11-12 07:00:00,22.14,18.52,22.04,44.4264,26.1406
2022-11-12 07:00:00,2022-11-12 08:00:00,25.0,20.62,27.41,44.4264,26.1406
2022-11-12 08:00:00,2022-11-12 09:00:00,26.55,19.44,18.53,44.4264,26.1406
2022-11-12 09:00:00,2022-11-12 10:00:00,24.82,17.09,14.45,44.4264,26.1406
2022-11-12 10:00:00,2022-11-12 11:00:00,22.0,15.26,7.54,44.4264,26.1406
2022-11-12 11:00:00,2022-11-12 12:00:00,18.77,13.23,5.22,44.4264,26.1406
2022-11-12 12:00:00,2022-11-12 13:00:00,16.19,11.07,8.4,44.4264,26.1406
2022-11-12 13:00:00,2022-11-12 14:00:00,15.77,10.92,4.59,44.4264,26.1406
2022-11-12 14:00:00,2022-11-12 15:00:00,8.74,5.65,13.96,44.4264,26.1406
2022-11-12 15:00:00,2022-11-12 16:00:00,14.81,7.46,25.52,44.4264,26.1406
2022-11-12 16:00:00,2022-11-12 17:00:00,22.46,13.62,69.58,44.4264,26.1406
2022-11-12 17:00:00,2022-11-12 18:00:00,30.49,16.86,81.68,44.4264,26.1406
2022-11-12 18:00:00,2022-11-12 19:00:00,42.11,21.83,71.37,44.4264,26.1406
2022-11-12 19:00:00,2022-11-12 20:00:00,73.74,56.99,62.41,44.4264,26.1406
2022-11-12 20:00:00,2022-11-12 21:00:00,102.83,78.19,64.16,44.4264,26.1406
2022-11-12 21:00:00,2022-11-12 22:00:00,102.94,75.39,59.54,44.4264,26.1406
2022-11-12 22:00:00,2022-11-12 23:00:00,87.29,67.21,57.31,44.4264,26.1406
2022-11-12 23:00:00,2022-11-13 00:00:00,73.45,61.13,50.39,44.4264,26.1406
2022-11-13 00:00:00,2022-11-13 01:00:00,63.38,55.01,48.42,44.4264,26.1406
2022-11-13 01:00:00,2022-11-13 02:00:00,56.74,49.67,43.05,44.4264,26.1406
2022-11-13 03:00:00,2022-11-13 04:00:00,61.6,55.48,35.97,44.4264,26.1406
2022-11-13 04:00:00,2022-11-13 05:00:00,50.27,44.48,35.03,44.4264,26.1406
2022-11-13 05:00:00,2022-11-13 06:00:00,42.7,37.9,35.9,44.4264,26.1406
2022-11-13 06:00:00,2022-11-13 07:00:00,42.63,38.19,28.9,44.4264,26.1406
2022-11-13 07:00:00,2022-11-13 08:00:00,38.29,33.4,25.41,44.4264,26.1406
2022-11-13 08:00:00,2022-11-13 09:00:00,32.56,26.2,32.01,44.4264,26.1406
2022-11-13 09:00:00,2022-11-13 10:00:00,37.72,30.89,20.27,44.4264,26.1406
2022-11-13 10:00:00,2022-11-13 11:00:00,30.14,23.49,10.35,44.4264,26.1406
2022-11-13 11:00:00,2022-11-13 12:00:00,26.47,22.11,7.67,44.4264,26.1406
2022-11-13 12:00:00,2022-11-13 13:00:00,20.96,18.09,4.37,44.4264,26.1406
2022-11-13 13:00:00,2022-11-13 14:00:00,17.65,14.6,4.58,44.4264,26.1406
2022-11-13 14:00:00,2022-11-13 15:00:00,13.56,10.34,5.87,44.4264,26.1406
2022-11-13 15:00:00,2022-11-13 16:00:00,14.08,10.11,9.57,44.4264,26.1406
2022-11-13 16:00:00,2022-11-13 17:00:00,20.93,16.08,24.97,44.4264,26.1406
2022-11-13 17:00:00,2022-11-13 18:00:00,30.93,24.06,33.18,44.4264,26.1406
2022-11-13 18:00:00,2022-11-13 19:00:00,38.62,29.93,40.82,44.4264,26.1406
2022-11-13 19:00:00,2022-11-13 20:00:00,33.9,26.57,31.55,44.4264,26.1406
2022-11-13 20:00:00,2022-11-13 21:00:00,32.03,24.55,44.98,44.4264,26.1406
2022-11-13 21:00:00,2022-11-13 22:00:00,42.42,33.6,55.02,44.4264,26.1406
2022-11-13 22:00:00,2022-11-13 23:00:00,51.08,35.94,48.67,44.4264,26.1406
2022-11-13 23:00:00,2022-11-14 00:00:00,39.03,29.05,42.34,44.4264,26.1406
2022-11-14 00:00:00,2022-11-14 01:00:00,33.28,24.73,36.53,44.4264,26.1406
2022-11-14 01:00:00,2022-11-14 02:00:00,30.36,23.8,37.51,44.4264,26.1406
2022-11-14 02:00:00,2022-11-14 03:00:00,29.33,23.01,38.63,44.4264,26.1406
2022-11-14 04:00:00,2022-11-14 05:00:00,27.87,17.77,20.89,44.4264,26.1406
2022-11-14 05:00:00,2022-11-14 06:00:00,27.51,14.68,27.2,44.4264,26.1406
2022-11-14 06:00:00,2022-11-14 07:00:00,28.99,15.23,34.35,44.4264,26.1406
2022-11-14 07:00:00,2022-11-14 08:00:00,31.5,19.4,35.58,44.4264,26.1406
2022-11-14 08:00:00,2022-11-14 09:00:00,38.15,26.61,36.89,44.4264,26.1406
2022-11-14 09:00:00,2022-11-14 10:00:00,40.9,28.0,30.96,44.4264,26.1406
2022-11-14 10:00:00,2022-11-14 11:00:00,40.76,29.86,28.5,44.4264,26.1406
2022-11-14 11:00:00,2022-11-14 12:00:00,37.2,25.91,24.32,44.4264,26.1406
2022-11-14 12:00:00,2022-11-14 13:00:00,32.72,23.34,20.93,44.4264,26.1406
2022-11-14 13:00:00,2022-11-14 14:00:00,28.59,21.58,19.77,44.4264,26.1406
2022-11-14 14:00:00,2022-11-14 15:00:00,29.29,22.33,22.94,44.4264,26.1406
2022-11-14 15:00:00,2022-11-14 16:00:00,26.05,19.3,26.54,44.4264,26.1406
2022-11-14 16:00:00,2022-11-14 17:00:00,28.19,21.07,36.15,44.4264,26.1406
2022-11-14 17:00:00,2022-11-14 18:00:00,31.61,22.58,33.6,44.4264,26.1406
2022-11-14 18:00:00,2022-11-14 19:00:00,25.09,17.98,28.3,44.4264,26.1406
2022-11-14 19:00:00,2022-11-14 20:00:00,23.76,16.84,32.59,44.4264,26.1406
2022-11-14 20:00:00,2022-11-14 21:00:00,23.51,16.31,24.27,44.4264,26.1406
2022-11-14 21:00:00,2022-11-14 22:00:00,21.69,16.73,10.05,44.4264,26.1406
2022-11-14 22:00:00,2022-11-14 23:00:00,22.22,17.45,16.81,44.4264,26.1406
2022-11-14 23:00:00,2022-11-15 00:00:00,20.15,15.24,6.81,44.4264,26.1406
2022-11-15 00:00:00,2022-11-15 01:00:00,20.27,15.49,3.28,44.4264,26.1406
2022-11-15 01:00:00,2022-11-15 02:00:00,19.44,16.16,3.29,44.4264,26.1406
2022-11-15 02:00:00,2022-11-15 03:00:00,18.27,14.69,4.42,44.4264,26.1406
2022-11-15 03:00:00,2022-11-15 04:00:00,20.19,16.04,10.54,44.4264,26.1406
2022-11-15 05:00:00,2022-11-15 06:00:00,21.05,17.07,6.27,44.4264,26.1406
2022-11-15 06:00:00,2022-11-15 07:00:00,23.29,19.28,10.34,44.4264,26.1406
2022-11-15 07:00:00,2022-11-15 08:00:00,22.46,18.0,8.88,44.4264,26.1406
2022-11-15 08:00:00,2022-11-15 09:00:00,22.71,18.04,15.0,44.4264,26.1406
2022-11-15 09:00:00,2022-11-15 10:00:00,26.07,20.39,14.89,44.4264,26.1406
2022-11-15 10:00:00,2022-11-15 11:00:00,28.83,22.44,15.63,44.4264,26.1406
2022-11-15 11:00:00,2022-11-15 12:00:00,27.46,20.49,13.37,44.4264,26.1406
2022-11-15 12:00:00,2022-11-15 13:00:00,27.5,22.15,8.33,44.4264,26.1406
2022-11-15 13:00:00,2022-11-15 14:00:00,23.49,18.03,10.04,44.4264,26.1406
2022-11-15 14:00:00,2022-11-15 15:00:00,22.82,17.54,13.0,44.4264,26.1406
2022-11-15 15:00:00,2022-11-15 16:00:00,24.61,18.4,17.45,44.4264,26.1406
2022-11-15 16:00:00,2022-11-15 17:00:00,24.94,17.85,15.91,44.4264,26.1406
2022-11-15 17:00:00,2022-11-15 18:00:00,24.08,17.84,19.27,44.4264,26.1406
2022-11-15 18:00:00,2022-11-15 19:00:00,25.56,20.54,16.47,44.4264,26.1406
2022-11-15 19:00:00,2022-11-15 20:00:00,29.21,22.87,15.16,44.4264,26.1406
2022-11-15 20:00:00,2022-11-15 21:00:00,30.13,24.17,12.46,44.4264,26.1406
2022-11-15 21:00:00,2022-11-15 22:00:00,29.33,23.95,13.81,44.4264,26.1406
2022-11-15 22:00:00,2022-11-15 23:00:00,29.88,23.42,8.88,44.4264,26.1406
2022-11-15 23:00:00,2022-11-16 00:00:00,33.64,26.19,7.73,44.4264,26.1406
2022-11-16 00:00:00,2022-11-16 01:00:00,29.6,22.11,10.12,44.4264,26.1406
2022-11-16 01:00:00,2022-11-16 02:00:00,31.11,23.15,11.86,44.4264,26.1406
2022-11-16 06:00:00,2022-11-16 07:00:00,32.4,25.11,16.05,44.4264,26.1406
2022-11-16 07:00:00,2022-11-16 08:00:00,35.41,26.47,18.23,44.4264,26.1406
2022-11-16 08:00:00,2022-11-16 09:00:00,33.13,24.25,12.2,44.4264,26.1406
2022-11-16 09:00:00,2022-11-16 10:00:00,26.29,18.14,12.33,44.4264,26.1406
2022-11-16 10:00:00,2022-11-16 11:00:00,28.91,21.13,13.57,44.4264,26.1406
2022-11-16 11:00:00,2022-11-16 12:00:00,28.51,22.29,9.81,44.4264,26.1406
2022-11-16 12:00:00,2022-11-16 13:00:00,29.16,23.3,11.41,44.4264,26.1406
2022-11-16 13:00:00,2022-11-16 14:00:00,36.46,27.67,14.19,44.4264,26.1406
2022-11-16 14:00:00,2022-11-16 15:00:00,38.67,28.45,18.08,44.4264,26.1406
2022-11-16 15:00:00,2022-11-16 16:00:00,35.38,27.26,23.8,44.4264,26.1406
2022-11-16 16:00:00,2022-11-16 17:00:00,30.89,23.31,32.75,44.4264,26.1406
2022-11-16 17:00:00,2022-11-16 18:00:00,32.24,24.28,30.97,44.4264,26.1406
2022-11-16 18:00:00,2022-11-16 19:00:00,28.72,19.74,37.17,44.4264,26.1406
2022-11-16 19:00:00,2022-11-16 20:00:00,33.2,22.61,34.46,44.4264,26.1406
2022-11-16 20:00:00,2022-11-16 21:00:00,33.06,23.72,26.49,44.4264,26.1406
2022-11-16 21:00:00,2022-11-16 22:00:00,25.8,18.21,42.58,44.4264,26.1406
2022-11-16 22:00:00,2022-11-16 23:00:00,29.5,22.84,38.35,44.4264,26.1406
2022-11-16 23:00:00,2022-11-17 00:00:00,31.68,26.19,35.21,44.4264,26.1406
2022-11-17 00:00:00,2022-11-17 01:00:00,33.75,27.46,41.41,44.4264,26.1406
2022-11-17 01:00:00,2022-11-17 02:00:00,34.26,26.0,45.67,44.4264,26.1406
2022-11-17 02:00:00,2022-11-17 03:00:00,35.62,25.27,42.11,44.4264,26.1406
2022-11-17 03:00:00,2022-11-17 04:00:00,35.19,26.7,40.45,44.4264,26.1406
2022-11-17 04:00:00,2022-11-17 05:00:00,33.09,24.68,27.47,44.4264,26.1406
2022-11-17 05:00:00,2022-11-17 06:00:00,33.63,25.84,40.84,44.4264,26.1406
2022-11-17 07:00:00,2022-11-17 08:00:00,58.32,32.96,53.45,44.4264,26.1406
2022-11-17 08:00:00,2022-11-17 09:00:00,56.79,37.63,64.99,44.4264,26.1406
2022-11-17 09:00:00,2022-11-17 10:00:00,64.98,37.33,66.27,44.4264,26.1406
2022-11-17 10:00:00,2022-11-17 11:00:00,54.56,33.25,41.39,44.4264,26.1406
2022-11-17 11:00:00,2022-11-17 12:00:00,33.74,22.12,20.64,44.4264,26.1406
2022-11-17 12:00:00,2022-11-17 13:00:00,21.6,15.99,12.11,44.4264,26.1406
2022-11-17 13:00:00,2022-11-17 14:00:00,26.65,20.57,9.07,44.4264,26.1406
2022-11-17 14:00:00,2022-11-17 15:00:00,22.59,17.73,9.67,44.4264,26.1406
2022-11-17 15:00:00,2022-11-17 16:00:00,18.91,14.83,16.79,44.4264,26.1406
2022-11-17 16:00:00,2022-11-17 17:00:00,18.93,13.09,26.64,44.4264,26.1406
2022-11-17 17:00:00,2022-11-17 18:00:00,20.12,13.49,34.58,44.4264,26.1406
2022-11-17 18:00:00,2022-11-17 19:00:00,17.56,11.9,34.65,44.4264,26.1406
2022-11-17 19:00:00,2022-11-17 20:00:00,16.44,12.02,21.34,44.4264,26.1406
2022-11-17 20:00:00,2022-11-17 21:00:00,14.51,11.11,26.26,44.4264,26.1406
2022-11-17 21:00:00,2022-11-17 22:00:00,19.12,14.96,31.64,44.4264,26.1406
2022-11-17 22:00:00,2022-11-17 23:00:00,15.76,11.5,40.15,44.4264,26.1406
2022-11-17 23:00:00,2022-11-18 00:00:00,17.14,8.94,34.21,44.4264,26.1406
2022-11-18 00:00:00,2022-11-18 01:00:00,17.76,10.74,28.61,44.4264,26.1406
2022-11-18 01:00:00,2022-11-18 02:00:00,17.38,13.14,19.31,44.4264,26.1406
2022-11-18 02:00:00,2022-11-18 03:00:00,18.36,15.87,17.46,44.4264,26.1406
2022-11-18 03:00:00,2022-11-18 04:00:00,17.15,13.15,24.24,44.4264,26.1406
2022-11-18 04:00:00,2022-11-18 05:00:00,13.51,9.07,19.07,44.4264,26.1406
2022-11-18 05:00:00,2022-11-18 06:00:00,14.51,9.76,16.91,44.4264,26.1406
2022-11-18 06:00:00,2022-11-18 07:00:00,13.86,10.61,16.77,44.4264,26.1406
2022-11-18 08:00:00,2022-11-18 09:00:00,11.86,6.57,16.75,44.4264,26.1406
2022-11-18 09:00:00,2022-11-18 10:00:00,16.8,8.92,21.59,44.4264,26.1406
2022-11-18 10:00:00,2022-11-18 11:00:00,23.54,13.32,24.66,44.4264,26.1406
2022-11-18 11:00:00,2022-11-18 12:00:00,30.12,19.15,41.34,44.4264,26.1406
2022-11-18 12:00:00,2022-11-18 13:00:00,35.66,21.43,42.0,44.4264,26.1406
2022-11-18 13:00:00,2022-11-18 14:00:00,33.51,20.54,29.11,44.4264,26.1406
2022-11-18 14:00:00,2022-11-18 15:00:00,33.02,20.99,34.93,44.4264,26.1406
2022-11-18 15:00:00,2022-11-18 16:00:00,28.54,17.83,35.94,44.4264,26.1406
2022-11-18 16:00:00,2022-11-18 17:00:00,29.4,20.15,37.61,44.4264,26.1406
2022-11-18 17:00:00,2022-11-18 18:00:00,30.06,21.73,38.97,44.4264,26.1406
2022-11-18 18:00:00,2022-11-18 19:00:00,30.58,22.58,29.65,44.4264,26.1406
2022-11-18 19:00:00,2022-11-18 20:00:00,28.81,21.87,25.76,44.4264,26.1406
2022-11-18 20:00:00,2022-11-18 21:00:00,26.48,21.18,29.2,44.4264,26.1406
2022-11-18 21:00:00,2022-11-18 22:00:00,29.4,23.18,31.45,44.4264,26.1406
2022-11-18 22:00:00,2022-11-18 23:00:00,26.99,22.0,26.43,44.4264,26.1406
2022-11-18 23:00:00,2022-11-19 00:00:00,22.83,18.32,26.57,44.4264,26.1406
2022-11-19 00:00:00,2022-11-19 01:00:00,28.29,23.72,21.25,44.4264,26.1406
2022-11-19 01:00:00,2022-11-19 02:00:00,25.54,21.52,17.53,44.4264,26.1406
2022-11-19 02:00:00,2022-11-19 03:00:00,23.92,20.85,12.32,44.4264,26.1406
2022-11-19 03:00:00,2022-11-19 04:00:00,21.89,18.51,11.3,44.4264,26.1406
2022-11-19 04:00:00,2022-11-19 05:00:00,22.63,19.0,16.58,44.4264,26.1406
2022-11-19 05:00:00,2022-11-19 06:00:00,24.5,20.99,12.59,44.4264,26.1406
2022-11-19 06:00:00,2022-11-19 07:00:00,18.38,15.08,15.01,44.4264,26.1406
2022-11-19 07:00:00,2022-11-19 08:00:00,16.43,13.63,11.06,44.4264,26.1406
2022-11-19 09:00:00,2022-11-19 10:00:00,12.22,8.6,4.83,44.4264,26.1406
2022-11-19 10:00:00,2022-11-19 11:00:00,12.18,8.22,3.79,44.4264,26.1406
2022-11-19 11:00:00,2022-11-19 12:00:00,7.81,4.74,4.55,44.4264,26.1406
2022-11-19 12:00:00,2022-11-19 13:00:00,6.95,3.58,5.76,44.4264,26.1406
2022-11-19 13:00:00,2022-11-19 14:00:00,8.78,5.88,6.48,44.4264,26.1406
2022-11-19 14:00:00,2022-11-19 15:00:00,12.32,8.31,14.29,44.4264,26.1406
2022-11-19 15:00:00,2022-11-19 16:00:00,15.75,10.29,21.57,44.4264,26.1406
2022-11-19 16:00:00,2022-11-19 17:00:00,18.7,12.6,43.02,44.4264,26.1406
2022-11-19 17:00:00,2022-11-19 18:00:00,25.83,18.18,40.07,44.4264,26.1406
2022-11-19 18:00:00,2022-11-19 19:00:00,26.15,18.86,21.17,44.4264,26.1406
2022-11-19 19:00:00,2022-11-19 20:00:00,20.09,14.82,14.06,44.4264,26.1406
2022-11-19 20:00:00,2022-11-19 21:00:00,25.38,20.59,12.89,44.4264,26.1406
2022-11-19 21:00:00,2022-11-19 22:00:00,20.16,15.77,12.22,44.4264,26.1406
2022-11-19 22:00:00,2022-11-19 23:00:00,19.54,15.27,9.36,44.4264,26.1406
2022-11-19 23:00:00,2022-11-20 00:00:00,20.35,15.97,7.04,44.4264,26.1406
2022-11-20 00:00:00,2022-11-20 01:00:00,18.52,13.75,6.11,44.4264,26.1406
2022-11-20 01:00:00,2022-11-20 02:00:00,19.01,15.21,5.01,44.4264,26.1406
2022-11-20 02:00:00,2022-11-20 03:00:00,21.08,17.28,4.5,44.4264,26.1406
2022-11-20 03:00:00,2022-11-20 04:00:00,15.38,12.41,4.8,44.4264,26.1406
2022-11-20 04:00:00,2022-11-20 05:00:00,15.39,12.3,4.63,44.4264,26.1406
2022-11-20 05:00:00,2022-11-20 06:00:00,8.9,6.75,5.55,44.4264,26.1406
2022-11-20 06:00:00,2022-11-20 07:00:00,10.49,7.49,5.33,44.4264,26.1406
2022-11-20 07:00:00,2022-11-20 08:00:00,8.64,4.98,7.99,44.4264,26.1406
2022-11-20 08:00:00,2022-11-20 09:00:00,9.98,7.18,8.52,44.4264,26.1406
2022-11-20 10:00:00,2022-11-20 11:00:00,9.36,5.89,21.44,44.4264,26.1406
2022-11-20 11:00:00,2022-11-20 12:00:00,13.09,9.36,16.25,44.4264,26.1406
2022-11-20 12:00:00,2022-11-20 13:00:00,13.43,10.81,20.97,44.4264,26.1406
2022-11-20 13:00:00,2022-11-20 14:00:00,9.19,6.8,17.09,44.4264,26.1406
2022-11-20 14:00:00,2022-11-20 15:00:00,9.49,7.63,18.3,44.4264,26.1406
2022-11-20 15:00:00,2022-11-20 16:00:00,13.04,11.19,28.05,44.4264,26.1406
2022-11-20 16:00:00,2022-11-20 17:00:00,14.21,12.32,24.22,44.4264,26.1406
2022-11-20 17:00:00,2022-11-20 18:00:00,16.66,14.63,24.39,44.4264,26.1406
2022-11-20 18:00:00,2022-11-20 19:00:00,19.32,15.82,25.24,44.4264,26.1406
2022-11-20 19:00:00,2022-11-20 20:00:00,15.95,13.78,22.32,44.4264,26.1406
2022-11-20 20:00:00,2022-11-20 21:00:00,15.36,13.48,22.33,44.4264,26.1406
2022-11-20 21:00:00,2022-11-20 22:00:00,14.36,12.58,22.24,44.4264,26.1406
2022-11-20 22:00:00,2022-11-20 23:00:00,11.51,9.87,28.38,44.4264,26.1406
2022-11-20 23:00:00,2022-11-21 00:00:00,13.98,11.11,20.48,44.4264,26.1406
2022-11-21 00:00:00,2022-11-21 01:00:00,14.15,11.07,9.17,44.4264,26.1406
2022-11-21 01:00:00,2022-11-21 02:00:00,7.63,5.8,7.73,44.4264,26.1406
2022-11-21 02:00:00,2022-11-21 03:00:00,5.85,4.73,3.55,44.4264,26.1406
2022-11-21 05:00:00,2022-11-21 06:00:00,11.73,10.07,7.73,44.4264,26.1406
2022-11-21 06:00:00,2022-11-21 07:00:00,12.86,11.04,16.05,44.4264,26.1406
2022-11-21 07:00:00,2022-11-21 08:00:00,2.1,0.32,11.61,44.4264,26.1406
2022-11-21 08:00:00,2022-11-21 09:00:00,8.11,6.35,13.67,44.4264,26.1406
2022-11-21 09:00:00,2022-11-21 10:00:00,4.76,2.43,11.67,44.4264,26.1406
2022-11-21 11:00:00,2022-11-21 12:00:00,8.48,5.11,26.81,44.4264,26.1406
2022-11-21 12:00:00,2022-11-21 13:00:00,15.17,12.26,25.92,44.4264,26.1406
2022-11-21 13:00:00,2022-11-21 14:00:00,15.12,10.94,22.64,44.4264,26.1406
2022-11-21 14:00:00,2022-11-21 15:00:00,13.68,9.69,15.37,44.4264,26.1406
2022-11-21 15:00:00,2022-11-21 16:00:00,9.05,6.98,17.14,44.4264,26.1406
2022-11-21 16:00:00,2022-11-21 17:00:00,8.88,7.1,17.73,44.4264,26.1406
2022-11-21 17:00:00,2022-11-21 18:00:00,9.31,7.87,19.14,44.4264,26.1406
2022-11-21 18:00:00,2022-11-21 19:00:00,12.82,11.1,16.05,44.4264,26.1406
2022-11-21 19:00:00,2022-11-21 20:00:00,12.48,10.6,18.63,44.4264,26.1406
2022-11-21 20:00:00,2022-11-21 21:00:00,13.45,10.69,14.97,44.4264,26.1406
2022-11-21 21:00:00,2022-11-21 22:00:00,12.33,10.08,20.78,44.4264,26.1406
2022-11-21 22:00:00,2022-11-21 23:00:00,16.19,13.25,24.17,44.4264,26.1406
2022-11-21 23:00:00,2022-11-22 00:00:00,15.82,11.93,26.97,44.4264,26.1406
2022-11-22 00:00:00,2022-11-22 01:00:00,18.94,15.67,23.85,44.4264,26.1406
2022-11-22 01:00:00,2022-11-22 02:00:00,19.0,16.02,16.5,44.4264,26.1406
2022-11-22 02:00:00,2022-11-22 03:00:00,15.91,11.09,13.72,44.4264,26.1406
2022-11-22 03:00:00,2022-11-22 04:00:00,13.82,9.92,13.49,44.4264,26.1406
2022-11-22 04:00:00,2022-11-22 05:00:00,13.45,10.78,16.67,44.4264,26.1406
2022-11-22 05:00:00,2022-11-22 06:00:00,13.91,10.2,19.55,44.4264,26.1406
2022-11-22 06:00:00,2022-11-22 07:00:00,16.14,11.31,19.56,44.4264,26.1406
2022-11-22 07:00:00,2022-11-22 08:00:00,23.59,17.01,23.84,44.4264,26.1406
2022-11-22 08:00:00,2022-11-22 09:00:00,22.16,17.7,26.92,44.4264,26.1406
2022-11-22 09:00:00,2022-11-22 10:00:00,20.58,15.58,30.5,44.4264,26.1406
2022-11-22 10:00:00,2022-11-22 11:00:00,21.22,16.36,27.54,44.4264,26.1406
2022-11-22 12:00:00,2022-11-22 13:00:00,24.48,17.93,24.93,44.4264,26.1406
2022-11-22 13:00:00,2022-11-22 14:00:00,29.62,20.65,28.52,44.4264,26.1406
2022-11-22 14:00:00,2022-11-22 15:00:00,32.15,21.54,45.18,44.4264,26.1406
2022-11-22 15:00:00,2022-11-22 16:00:00,37.14,22.41,56.95,44.4264,26.1406
2022-11-22 16:00:00,2022-11-22 17:00:00,43.47,22.54,66.35,44.4264,26.1406
2022-11-22 17:00:00,2022-11-22 18:00:00,52.42,28.43,66.11,44.4264,26.1406
2022-11-22 18:00:00,2022-11-22 19:00:00,48.74,28.99,56.54,44.4264,26.1406
2022-11-22 19:00:00,2022-11-22 20:00:00,39.25,25.89,42.07,44.4264,26.1406
2022-11-22 20:00:00,2022-11-22 21:00:00,28.81,19.5,32.02,44.4264,26.1406
2022-11-22 21:00:00,2022-11-22 22:00:00,24.55,18.25,27.04,44.4264,26.1406
2022-11-22 22:00:00,2022-11-22 23:00:00,24.69,21.06,18.54,44.4264,26.1406
2022-11-22 23:00:00,2022-11-23 00:00:00,20.14,16.46,18.03,44.4264,26.1406
2022-11-23 00:00:00,2022-11-23 01:00:00,20.25,16.91,12.31,44.4264,26.1406
2022-11-23 01:00:00,2022-11-23 02:00:00,16.37,13.75,7.71,44.4264,26.1406
2022-11-23 02:00:00,2022-11-23 03:00:00,13.29,10.6,7.96,44.4264,26.1406
2022-11-23 03:00:00,2022-11-23 04:00:00,14.08,12.43,9.07,44.4264,26.1406
2022-11-23 04:00:00,2022-11-23 05:00:00,12.8,10.38,11.6,44.4264,26.1406
2022-11-23 05:00:00,2022-11-23 06:00:00,15.1,11.05,20.05,44.4264,26.1406
2022-11-23 06:00:00,2022-11-23 07:00:00,18.14,14.84,31.12,44.4264,26.1406
2022-11-23 07:00:00,2022-11-23 08:00:00,15.11,12.44,28.63,44.4264,26.1406
2022-11-23 08:00:00,2022-11-23 09:00:00,11.94,9.29,26.02,44.4264,26.1406
2022-11-23 09:00:00,2022-11-23 10:00:00,12.5,10.96,25.7,44.4264,26.1406
2022-11-23 10:00:00,2022-11-23 11:00:00,13.37,10.97,26.51,44.4264,26.1406
2022-11-23 11:00:00,2022-11-23 12:00:00,10.86,8.23,24.58,44.4264,26.1406
2022-11-23 13:00:00,2022-11-23 14:00:00,16.74,14.41,31.57,44.4264,26.1406
2022-11-23 14:00:00,2022-11-23 15:00:00,21.63,17.42,35.84,44.4264,26.1406
2022-11-23 15:00:00,2022-11-23 16:00:00,20.26,15.8,32.08,44.4264,26.1406
2022-11-23 16:00:00,2022-11-23 17:00:00,27.38,20.34,38.92,44.4264,26.1406
2022-11-23 17:00:00,2022-11-23 18:00:00,28.93,18.47,30.6,44.4264,26.1406
2022-11-23 18:00:00,2022-11-23 19:00:00,21.43,13.31,20.0,44.4264,26.1406
2022-11-23 19:00:00,2022-11-23 20:00:00,19.85,15.38,18.55,44.4264,26.1406
2022-11-23 20:00:00,2022-11-23 21:00:00,22.56,19.6,18.11,44.4264,26.1406
2022-11-23 21:00:00,2022-11-23 22:00:00,19.89,16.89,31.96,44.4264,26.1406
2022-11-23 22:00:00,2022-11-23 23:00:00,22.65,18.83,33.33,44.4264,26.1406
2022-11-23 23:00:00,2022-11-24 00:00:00,21.58,16.94,34.8,44.4264,26.1406
2022-11-24 00:00:00,2022-11-24 01:00:00,19.21,15.37,24.05,44.4264,26.1406
2022-11-24 01:00:00,2022-11-24 02:00:00,18.07,14.16,31.18,44.4264,26.1406
2022-11-24 02:00:00,2022-11-24 03:00:00,14.74,10.76,14.9,44.4264,26.1406
2022-11-24 03:00:00,2022-11-24 04:00:00,9.95,7.17,13.1,44.4264,26.1406
2022-11-24 04:00:00,2022-11-24 05:00:00,10.5,8.4,17.16,44.4264,26.1406
2022-11-24 05:00:00,2022-11-24 06:00:00,14.36,10.17,21.61,44.4264,26.1406
2022-11-24 06:00:00,2022-11-24 07:00:00,15.35,9.12,25.18,44.4264,26.1406
2022-11-24 07:00:00,2022-11-24 08:00:00,13.18,6.79,18.87,44.4264,26.1406
2022-11-24 08:00:00,2022-11-24 09:00:00,13.74,9.62,16.74,44.4264,26.1406
2022-11-24 09:00:00,2022-11-24 10:00:00,16.46,13.06,15.54,44.4264,26.1406
2022-11-24 14:00:00,2022-11-24 15:00:00,13.94,8.68,15.36,44.4264,26.1406
2022-11-24 16:00:00,2022-11-24 17:00:00,14.66,9.12,19.37,44.4264,26.1406
2022-11-24 17:00:00,2022-11-24 18:00:00,12.91,9.27,28.2,44.4264,26.1406
2022-11-24 18:00:00,2022-11-24 19:00:00,14.59,10.72,24.33,44.4264,26.1406
2022-11-24 19:00:00,2022-11-24 20:00:00,14.62,10.45,26.97,44.4264,26.1406
2022-11-24 20:00:00,2022-11-24 21:00:00,12.61,10.5,26.13,44.4264,26.1406
2022-11-24 21:00:00,2022-11-24 22:00:00,11.55,10.43,27.64,44.4264,26.1406
2022-11-24 22:00:00,2022-11-24 23:00:00,12.51,10.86,18.73,44.4264,26.1406
2022-11-24 23:00:00,2022-11-25 00:00:00,9.54,8.06,12.42,44.4264,26.1406
2022-11-25 00:00:00,2022-11-25 01:00:00,8.83,6.73,10.01,44.4264,26.1406
2022-11-25 01:00:00,2022-11-25 02:00:00,10.66,9.0,12.47,44.4264,26.1406
2022-11-25 02:00:00,2022-11-25 03:00:00,15.11,11.9,13.58,44.4264,26.1406
2022-11-25 03:00:00,2022-11-25 04:00:00,20.98,16.03,10.45,44.4264,26.1406
2022-11-25 04:00:00,2022-11-25 05:00:00,22.03,16.91,14.83,44.4264,26.1406
2022-11-25 05:00:00,2022-11-25 06:00:00,24.24,18.32,23.85,44.4264,26.1406
2022-11-25 06:00:00,2022-11-25 07:00:00,34.12,22.38,31.1,44.4264,26.1406
2022-11-25 07:00:00,2022-11-25 08:00:00,31.77,19.24,32.99,44.4264,26.1406
2022-11-25 08:00:00,2022-11-25 09:00:00,33.66,20.52,32.41,44.4264,26.1406
2022-11-25 09:00:00,2022-11-25 10:00:00,32.96,20.28,30.82,44.4264,26.1406
2022-11-25 10:00:00,2022-11-25 11:00:00,29.73,20.1,24.35,44.4264,26.1406
2022-11-25 11:00:00,2022-11-25 12:00:00,30.71,22.65,22.54,44.4264,26.1406
2022-11-25 12:00:00,2022-11-25 13:00:00,30.62,20.51,26.1,44.4264,26.1406
2022-11-25 13:00:00,2022-11-25 14:00:00,30.4,19.93,23.73,44.4264,26.1406
2022-11-25 14:00:00,2022-11-25 15:00:00,28.61,20.16,21.66,44.4264,26.1406
2022-11-25 15:00:00,2022-11-25 16:00:00,30.09,20.76,40.86,44.4264,26.1406
2022-11-25 16:00:00,2022-11-25 17:00:00,39.98,22.04,59.96,44.4264,26.1406
2022-11-25 18:00:00,2022-11-25 19:00:00,72.33,33.97,69.3,44.4264,26.1406
2022-11-25 19:00:00,2022-11-25 20:00:00,84.43,40.56,74.6,44.4264,26.1406
2022-11-25 20:00:00,2022-11-25 21:00:00,82.22,47.85,55.54,44.4264,26.1406
2022-11-25 21:00:00,2022-11-25 22:00:00,62.1,41.61,48.67,44.4264,26.1406
2022-11-25 22:00:00,2022-11-25 23:00:00,45.28,30.79,37.09,44.4264,26.1406
2022-11-25 23:00:00,2022-11-26 00:00:00,30.83,22.92,24.66,44.4264,26.1406
2022-11-26 00:00:00,2022-11-26 01:00:00,26.89,20.87,23.32,44.4264,26.1406
2022-11-26 01:00:00,2022-11-26 02:00:00,23.02,18.56,19.99,44.4264,26.1406
2022-11-26 02:00:00,2022-11-26 03:00:00,21.06,16.64,24.6,44.4264,26.1406
2022-11-26 03:00:00,2022-11-26 04:00:00,20.74,15.5,32.6,44.4264,26.1406
2022-11-26 04:00:00,2022-11-26 05:00:00,17.53,11.97,29.23,44.4264,26.1406
2022-11-26 05:00:00,2022-11-26 06:00:00,21.4,15.88,24.85,44.4264,26.1406
2022-11-26 06:00:00,2022-11-26 07:00:00,28.26,21.0,22.77,44.4264,26.1406
2022-11-26 07:00:00,2022-11-26 08:00:00,31.73,21.92,23.79,44.4264,26.1406
2022-11-26 08:00:00,2022-11-26 09:00:00,32.47,22.28,23.8,44.4264,26.1406
2022-11-26 09:00:00,2022-11-26 10:00:00,27.75,22.37,22.46,44.4264,26.1406
2022-11-26 10:00:00,2022-11-26 11:00:00,31.6,23.94,21.35,44.4264,26.1406
2022-11-26 11:00:00,2022-11-26 12:00:00,35.69,26.74,32.34,44.4264,26.1406
2022-11-26 12:00:00,2022-11-26 13:00:00,29.89,24.22,21.32,44.4264,26.1406
2022-11-26 13:00:00,2022-11-26 14:00:00,33.59,28.54,27.99,44.4264,26.1406
2022-11-26 14:00:00,2022-11-26 15:00:00,31.02,26.38,30.03,44.4264,26.1406
2022-11-26 15:00:00,2022-11-26 16:00:00,30.22,24.8,32.92,44.4264,26.1406
2022-11-26 16:00:00,2022-11-26 17:00:00,26.8,21.12,42.28,44.4264,26.1406
2022-11-26 17:00:00,2022-11-26 18:00:00,27.98,19.47,42.59,44.4264,26.1406
2022-11-26 19:00:00,2022-11-26 20:00:00,29.62,22.36,27.73,44.4264,26.1406
2022-11-26 20:00:00,2022-11-26 21:00:00,31.33,25.01,20.86,44.4264,26.1406
2022-11-26 21:00:00,2022-11-26 22:00:00,33.73,29.95,21.19,44.4264,26.1406
2022-11-26 22:00:00,2022-11-26 23:00:00,36.52,33.27,22.89,44.4264,26.1406
2022-11-26 23:00:00,2022-11-27 00:00:00,38.12,34.29,26.28,44.4264,26.1406
2022-11-27 00:00:00,2022-11-27 01:00:00,33.63,30.84,19.46,44.4264,26.1406
2022-11-27 01:00:00,2022-11-27 02:00:00,28.11,24.61,19.56,44.4264,26.1406
2022-11-27 02:00:00,2022-11-27 03:00:00,23.45,21.07,17.87,44.4264,26.1406
2022-11-27 03:00:00,2022-11-27 04:00:00,21.5,19.43,11.29,44.4264,26.1406
2022-11-27 04:00:00,2022-11-27 05:00:00,19.78,18.17,15.04,44.4264,26.1406
2022-11-27 05:00:00,2022-11-27 06:00:00,24.89,22.64,11.74,44.4264,26.1406
2022-11-27 06:00:00,2022-11-27 07:00:00,27.1,25.57,23.49,44.4264,26.1406
2022-11-27 07:00:00,2022-11-27 08:00:00,27.43,23.66,29.2,44.4264,26.1406
2022-11-27 08:00:00,2022-11-27 09:00:00,32.61,26.11,44.55,44.4264,26.1406
2022-11-27 09:00:00,2022-11-27 10:00:00,37.32,29.17,42.68,44.4264,26.1406
2022-11-27 10:00:00,2022-11-27 11:00:00,29.22,23.71,32.12,44.4264,26.1406
2022-11-27 11:00:00,2022-11-27 12:00:00,19.5,16.28,17.91,44.4264,26.1406
2022-11-27 12:00:00,2022-11-27 13:00:00,19.64,16.64,12.65,44.4264,26.1406
2022-11-27 13:00:00,2022-11-27 14:00:00,15.22,13.15,8.87,44.4264,26.1406
2022-11-27 14:00:00,2022-11-27 15:00:00,16.55,12.3,30.35,44.4264,26.1406
2022-11-27 15:00:00,2022-11-27 16:00:00,33.11,25.4,30.15,44.4264,26.1406
2022-11-27 16:00:00,2022-11-27 17:00:00,35.73,26.29,35.04,44.4264,26.1406
2022-11-27 17:00:00,2022-11-27 18:00:00,28.6,22.89,38.05,44.4264,26.1406
2022-11-27 18:00:00,2022-11-27 19:00:00,32.95,25.95,47.94,44.4264,26.1406
2022-11-27 20:00:00,2022-11-27 21:00:00,46.1,33.05,52.52,44.4264,26.1406
2022-11-27 21:00:00,2022-11-27 22:00:00,50.64,36.27,56.61,44.4264,26.1406
2022-11-27 22:00:00,2022-11-27 23:00:00,45.24,33.36,49.85,44.4264,26.1406
2022-11-27 23:00:00,2022-11-28 00:00:00,37.49,29.47,26.02,44.4264,26.1406
2022-11-28 00:00:00,2022-11-28 01:00:00,22.34,19.48,14.22,44.4264,26.1406
2022-11-28 05:00:00,2022-11-28 06:00:00,22.4,19.55,19.32,44.4264,26.1406
2022-11-28 06:00:00,2022-11-28 07:00:00,25.8,22.14,24.71,44.4264,26.1406
2022-11-28 07:00:00,2022-11-28 08:00:00,26.28,22.45,27.63,44.4264,26.1406
2022-11-28 08:00:00,2022-11-28 09:00:00,22.18,16.9,28.1,44.4264,26.1406
2022-11-28 09:00:00,2022-11-28 10:00:00,21.58,15.7,26.77,44.4264,26.1406
2022-11-28 10:00:00,2022-11-28 11:00:00,26.42,20.0,21.35,44.4264,26.1406
2022-11-28 11:00:00,2022-11-28 12:00:00,25.59,20.08,15.81,44.4264,26.1406
2022-11-28 12:00:00,2022-11-28 13:00:00,22.86,18.59,18.38,44.4264,26.1406
2022-11-28 13:00:00,2022-11-28 14:00:00,25.76,21.08,19.97,44.4264,26.1406
2022-11-28 14:00:00,2022-11-28 15:00:00,20.5,15.92,20.11,44.4264,26.1406
2022-11-28 15:00:00,2022-11-28 16:00:00,17.25,13.36,25.19,44.4264,26.1406
2022-11-28 16:00:00,2022-11-28 17:00:00,15.74,11.04,24.83,44.4264,26.1406
2022-11-28 17:00:00,2022-11-28 18:00:00,20.08,15.77,24.48,44.4264,26.1406
2022-11-28 18:00:00,2022-11-28 19:00:00,19.91,15.78,19.43,44.4264,26.1406
2022-11-28 19:00:00,2022-11-28 20:00:00,21.84,17.15,16.79,44.4264,26.1406
2022-11-28 21:00:00,2022-11-28 22:00:00,22.63,18.69,13.05,44.4264,26.1406
2022-11-28 22:00:00,2022-11-28 23:00:00,18.66,14.97,10.02,44.4264,26.1406
2022-11-28 23:00:00,2022-11-29 00:00:00,14.84,13.12,5.85,44.4264,26.1406
2022-11-29 00:00:00,2022-11-29 01:00:00,13.43,12.26,4.14,44.4264,26.1406
2022-11-29 01:00:00,2022-11-29 02:00:00,14.35,12.63,4.33,44.4264,26.1406
2022-11-29 02:00:00,2022-11-29 03:00:00,13.95,11.68,4.56,44.4264,26.1406
2022-11-29 03:00:00,2022-11-29 04:00:00,13.31,10.52,5.07,44.4264,26.1406
2022-11-29 04:00:00,2022-11-29 05:00:00,14.6,12.14,5.79,44.4264,26.1406
2022-11-29 05:00:00,2022-11-29 06:00:00,14.55,12.18,10.43,44.4264,26.1406
2022-11-29 06:00:00,2022-11-29 07:00:00,14.08,11.91,18.18,44.4264,26.1406
2022-11-29 07:00:00,2022-11-29 08:00:00,15.32,13.31,22.63,44.4264,26.1406
2022-11-29 08:00:00,2022-11-29 09:00:00,18.02,15.56,20.16,44.4264,26.1406
2022-11-29 09:00:00,2022-11-29 10:00:00,21.18,18.45,17.1,44.4264,26.1406
2022-11-29 10:00:00,2022-11-29 11:00:00,19.56,17.7,14.06,44.4264,26.1406
2022-11-29 11:00:00,2022-11-29 12:00:00,13.1,11.12,12.02,44.4264,26.1406
2022-11-29 12:00:00,2022-11-29 13:00:00,9.97,7.48,15.36,44.4264,26.1406
2022-11-29 13:00:00,2022-11-29 14:00:00,7.65,5.15,13.57,44.4264,26.1406
2022-11-29 14:00:00,2022-11-29 15:00:00,7.88,5.91,17.68,44.4264,26.1406
2022-11-29 15:00:00,2022-11-29 16:00:00,9.26,7.26,18.56,44.4264,26.1406
2022-11-29 16:00:00,2022-11-29 17:00:00,8.74,6.89,18.41,44.4264,26.1406
2022-11-29 17:00:00,2022-11-29 18:00:00,7.64,6.42,13.9,44.4264,26.1406
2022-11-29 18:00:00,2022-11-29 19:00:00,9.05,6.14,11.73,44.4264,26.1406
2022-11-29 19:00:00,2022-11-29 20:00:00,12.27,10.43,11.12,44.4264,26.1406
2022-11-29 20:00:00,2022-11-29 21:00:00,7.77,6.34,8.32,44.4264,26.1406
2022-11-29 22:00:00,2022-11-29 23:00:00,4.58,2.46,6.22,44.4264,26.1406
2022-11-29 23:00:00,2022-11-30 00:00:00,7.93,5.55,4.8,44.4264,26.1406
2022-11-30 00:00:00,2022-11-30 01:00:00,8.65,7.1,3.57,44.4264,26.1406
2022-11-30 01:00:00,2022-11-30 02:00:00,11.54,9.31,2.14,44.4264,26.1406
2022-11-30 02:00:00,2022-11-30 03:00:00,8.99,7.41,2.22,44.4264,26.1406
2022-11-30 03:00:00,2022-11-30 04:00:00,10.26,8.24,3.28,44.4264,26.1406
2022-11-30 04:00:00,2022-11-30 05:00:00,7.02,4.67,4.51,44.4264,26.1406
2022-11-30 05:00:00,2022-11-30 06:00:00,7.83,5.14,7.71,44.4264,26.1406
2022-11-30 06:00:00,2022-11-30 07:00:00,5.58,3.38,9.87,44.4264,26.1406
2022-11-30 07:00:00,2022-11-30 08:00:00,8.99,6.36,8.51,44.4264,26.1406
2022-11-30 08:00:00,2022-11-30 09:00:00,5.52,1.65,7.7,44.4264,26.1406
2022-11-30 09:00:00,2022-11-30 10:00:00,5.33,2.97,8.55,44.4264,26.1406
2022-11-30 10:00:00,2022-11-30 11:00:00,10.39,7.09,8.75,44.4264,26.1406
2022-11-30 11:00:00,2022-11-30 12:00:00,6.49,3.24,8.24,44.4264,26.1406
2022-11-30 12:00:00,2022-11-30 13:00:00,4.65,2.01,8.14,44.4264,26.1406
2022-11-30 13:00:00,2022-11-30 14:00:00,11.52,8.15,10.75,44.4264,26.1406
2022-11-30 14:00:00,2022-11-30 15:00:00,9.11,5.44,12.08,44.4264,26.1406
2022-11-30 15:00:00,2022-11-30 16:00:00,7.47,3.79,11.16,44.4264,26.1406
2022-11-30 16:00:00,2022-11-30 17:00:00,4.78,1.76,12.4,44.4264,26.1406
2022-11-30 17:00:00,2022-11-30 18:00:00,8.43,6.1,8.18,44.4264,26.1406
2022-11-30 18:00:00,2022-11-30 19:00:00,8.37,6.34,7.97,44.4264,26.1406
2022-11-30 19:00:00,2022-11-30 20:00:00,15.2,12.61,8.06,44.4264,26.1406
2022-11-30 20:00:00,2022-11-30 21:00:00,16.05,13.56,4.86,44.4264,26.1406
2022-11-30 21:00:00,2022-11-30 22:00:00,11.27,7.67,4.86,44.4264,26.1406
2022-11-30 23:00:00,2022-12-01 00:00:00,13.42,9.68,2.51,44.4264,26.1406
2022-12-01 00:00:00,2022-12-01 01:00:00,12.99,9.7,1.56,44.4264,26.1406
2022-12-01 01:00:00,2022-12-01 02:00:00,12.3,8.15,0.47,44.4264,26.1406
2022-12-01 02:00:00,2022-12-01 03:00:00,17.0,12.52,0.64,44.4264,26.1406
2022-12-01 03:00:00,2022-12-01 04:00:00,15.08,11.22,0.75,44.4264,26.1406
2022-12-01 04:00:00,2022-12-01 05:00:00,11.94,8.2,2.27,44.4264,26.1406
2022-12-01 05:00:00,2022-12-01 06:00:00,10.14,7.02,5.22,44.4264,26.1406
2022-12-01 06:00:00,2022-12-01 07:00:00,11.67,8.87,5.32,44.4264,26.1406
2022-12-01 07:00:00,2022-12-01 08:00:00,13.61,11.3,4.82,44.4264,26.1406
2022-12-01 08:00:00,2022-12-01 09:00:00,14.09,12.02,5.29,44.4264,26.1406
2022-12-01 09:00:00,2022-12-01 10:00:00,12.64,9.7,7.4,44.4264,26.1406
2022-12-01 10:00:00,2022-12-01 11:00:00,9.4,7.31,6.4,44.4264,26.1406
2022-12-01 11:00:00,2022-12-01 12:00:00,8.99,6.81,9.16,44.4264,26.1406
2022-12-01 12:00:00,2022-12-01 13:00:00,9.22,7.16,7.64,44.4264,26.1406
2022-12-01 13:00:00,2022-12-01 14:00:00,7.8,6.12,10.4,44.4264,26.1406
2022-12-01 14:00:00,2022-12-01 15:00:00,11.88,10.39,9.19,44.4264,26.1406
2022-12-01 15:00:00,2022-12-01 16:00:00,13.65,11.08,9.96,44.4264,26.1406
2022-12-01 16:00:00,2022-12-01 17:00:00,9.18,7.61,12.14,44.4264,26.1406
2022-12-01 17:00:00,2022-12-01 18:00:00,11.34,10.77,10.83,44.4264,26.1406
2022-12-01 18:00:00,2022-12-01 19:00:00,12.16,11.87,8.62,44.4264,26.1406
2022-12-01 19:00:00,2022-12-01 20:00:00,8.06,6.79,7.05,44.4264,26.1406
2022-12-01 20:00:00,2022-12-01 21:00:00,11.16,10.09,4.95,44.4264,26.1406
2022-12-01 21:00:00,2022-12-01 22:00:00,11.37,9.33,4.9,44.4264,26.1406
2022-12-01 22:00:00,2022-12-01 23:00:00,10.66,9.08,4.69,44.4264,26.1406
2022-12-02 00:00:00,2022-12-02 01:00:00,9.79,7.07,3.15,44.4264,26.1406
2022-12-02 01:00:00,2022-12-02 02:00:00,7.64,5.45,1.86,44.4264,26.1406
2022-12-02 02:00:00,2022-12-02 03:00:00,6.51,5.48,1.47,44.4264,26.1406
2022-12-02 03:00:00,2022-12-02 04:00:00,8.03,7.27,1.83,44.4264,26.1406
2022-12-02 04:00:00,2022-12-02 05:00:00,7.43,6.38,3.2,44.4264,26.1406
2022-12-02 05:00:00,2022-12-02 06:00:00,10.1,9.6,6.34,44.4264,26.1406
2022-12-02 06:00:00,2022-12-02 07:00:00,8.5,7.12,10.36,44.4264,26.1406
2022-12-02 07:00:00,2022-12-02 08:00:00,9.79,8.06,11.59,44.4264,26.1406
2022-12-02 08:00:00,2022-12-02 09:00:00,15.21,13.08,8.64,44.4264,26.1406
2022-12-02 09:00:00,2022-12-02 10:00:00,15.92,14.06,9.59,44.4264,26.1406
2022-12-02 10:00:00,2022-12-02 11:00:00,20.28,16.97,9.44,44.4264,26.1406
2022-12-02 11:00:00,2022-12-02 12:00:00,17.41,12.73,9.65,44.4264,26.1406
2022-12-02 12:00:00,2022-12-02 13:00:00,16.52,11.43,9.11,44.4264,26.1406
2022-12-02 13:00:00,2022-12-02 14:00:00,16.33,11.84,11.87,44.4264,26.1406
2022-12-02 14:00:00,2022-12-02 15:00:00,13.67,8.87,14.27,44.4264,26.1406
2022-12-02 15:00:00,2022-12-02 16:00:00,18.18,13.23,21.5,44.4264,26.1406
2022-12-02 16:00:00,2022-12-02 17:00:00,23.1,16.25,22.96,44.4264,26.1406
2022-12-02 17:00:00,2022-12-02 18:00:00,18.68,13.69,23.27,44.4264,26.1406
2022-12-02 18:00:00,2022-12-02 19:00:00,20.65,15.52,28.52,44.4264,26.1406
2022-12-02 19:00:00,2022-12-02 20:00:00,21.84,16.46,26.15,44.4264,26.1406
2022-12-02 20:00:00,2022-12-02 21:00:00,21.7,18.13,20.89,44.4264,26.1406
2022-12-02 21:00:00,2022-12-02 22:00:00,23.53,19.46,20.42,44.4264,26.1406
2022-12-02 22:00:00,2022-12-02 23:00:00,29.49,23.23,17.55,44.4264,26.1406
2022-12-02 23:00:00,2022-12-03 00:00:00,33.63,21.13,11.87,44.4264,26.1406
2022-12-03 01:00:00,2022-12-03 02:00:00,27.59,18.59,7.47,44.4264,26.1406
2022-12-03 02:00:00,2022-12-03 03:00:00,22.74,16.32,4.91,44.4264,26.1406
2022-12-03 03:00:00,2022-12-03 04:00:00,24.86,18.77,7.88,44.4264,26.1406
2022-12-03 04:00:00,2022-12-03 05:00:00,25.1,16.48,13.79,44.4264,26.1406
2022-12-03 05:00:00,2022-12-03 06:00:00,26.81,17.33,23.35,44.4264,26.1406
2022-12-03 06:00:00,2022-12-03 07:00:00,31.06,20.49,28.54,44.4264,26.1406
2022-12-03 07:00:00,2022-12-03 08:00:00,31.04,21.61,27.85,44.4264,26.1406
2022-12-03 08:00:00,2022-12-03 09:00:00,30.75,21.21,25.54,44.4264,26.1406
2022-12-03 09:00:00,2022-12-03 10:00:00,32.59,21.22,21.87,44.4264,26.1406
2022-12-03 10:00:00,2022-12-03 11:00:00,33.51,23.12,20.25,44.4264,26.1406
2022-12-03 11:00:00,2022-12-03 12:00:00,35.81,25.62,18.47,44.4264,26.1406
2022-12-03 12:00:00,2022-12-03 13:00:00,35.05,24.15,19.37,44.4264,26.1406
2022-12-03 13:00:00,2022-12-03 14:00:00,33.21,22.3,19.58,44.4264,26.1406
2022-12-03 14:00:00,2022-12-03 15:00:00,30.31,20.93,17.19,44.4264,26.1406
2022-12-03 15:00:00,2022-12-03 16:00:00,28.42,19.2,22.11,44.4264,26.1406
2022-12-03 16:00:00,2022-12-03 17:00:00,28.11,17.86,18.59,44.4264,26.1406
2022-12-03 17:00:00,2022-12-03 18:00:00,24.3,16.39,15.57,44.4264,26.1406
2022-12-03 18:00:00,2022-12-03 19:00:00,20.64,15.56,13.81,44.4264,26.1406
2022-12-03 19:00:00,2022-12-03 20:00:00,21.9,14.49,13.01,44.4264,26.1406
2022-12-03 20:00:00,2022-12-03 21:00:00,19.29,14.48,9.83,44.4264,26.1406
2022-12-03 21:00:00,2022-12-03 22:00:00,17.37,12.86,8.6,44.4264,26.1406
2022-12-03 22:00:00,2022-12-03 23:00:00,13.98,10.33,6.5,44.4264,26.1406
2022-12-03 23:00:00,2022-12-04 00:00:00,13.94,10.58,4.77,44.4264,26.1406
2022-12-04 00:00:00,2022-12-04 01:00:00,16.73,13.31,4.08,44.4264,26.1406
2022-12-04 02:00:00,2022-12-04 03:00:00,8.96,6.36,4.32,44.4264,26.1406
2022-12-04 03:00:00,2022-12-04 04:00:00,7.11,6.39,2.68,44.4264,26.1406
2022-12-04 04:00:00,2022-12-04 05:00:00,7.31,6.44,4.39,44.4264,26.1406
2022-12-04 05:00:00,2022-12-04 06:00:00,7.3,6.52,4.82,44.4264,26.1406
2022-12-04 06:00:00,2022-12-04 07:00:00,5.7,5.12,4.35,44.4264,26.1406
2022-12-04 07:00:00,2022-12-04 08:00:00,6.69,5.85,5.15,44.4264,26.1406
2022-12-04 08:00:00,2022-12-04 09:00:00,10.25,9.14,6.16,44.4264,26.1406
2022-12-04 09:00:00,2022-12-04 10:00:00,9.07,7.63,9.0,44.4264,26.1406
2022-12-04 10:00:00,2022-12-04 11:00:00,9.9,8.56,9.78,44.4264,26.1406
2022-12-04 11:00:00,2022-12-04 12:00:00,11.26,10.03,10.4,44.4264,26.1406
2022-12-04 12:00:00,2022-12-04 13:00:00,6.73,6.26,14.0,44.4264,26.1406
2022-12-04 13:00:00,2022-12-04 14:00:00,10.81,9.82,16.69,44.4264,26.1406
2022-12-04 14:00:00,2022-12-04 15:00:00,11.52,9.67,12.29,44.4264,26.1406
2022-12-04 15:00:00,2022-12-04 16:00:00,7.97,5.71,14.75,44.4264,26.1406
2022-12-04 16:00:00,2022-12-04 17:00:00,11.9,8.29,15.82,44.4264,26.1406
2022-12-04 17:00:00,2022-12-04 18:00:00,11.71,8.2,15.4,44.4264,26.1406
2022-12-04 18:00:00,2022-12-04 19:00:00,7.05,4.65,16.49,44.4264,26.1406
2022-12-04 19:00:00,2022-12-04 20:00:00,12.15,9.95,17.75,44.4264,26.1406
2022-12-04 20:00:00,2022-12-04 21:00:00,8.8,6.28,14.38,44.4264,26.1406
2022-12-04 21:00:00,2022-12-04 22:00:00,10.91,8.83,11.51,44.4264,26.1406
2022-12-04 22:00:00,2022-12-04 23:00:00,7.22,5.46,9.04,44.4264,26.1406
2022-12-04 23:00:00,2022-12-05 00:00:00,2.99,0.65,4.92,44.4264,26.1406
2022-12-05 00:00:00,2022-12-05 01:00:00,2.65,1.24,2.54,44.4264,26.1406
2022-12-05 01:00:00,2022-12-05 02:00:00,4.72,3.11,2.15,44.4264,26.1406
2022-12-05 03:00:00,2022-12-05 04:00:00,8.6,7.43,5.73,44.4264,26.1406
2022-12-05 04:00:00,2022-12-05 05:00:00,6.17,4.33,6.76,44.4264,26.1406
2022-12-05 05:00:00,2022-12-05 06:00:00,4.83,2.58,18.84,44.4264,26.1406
2022-12-05 06:00:00,2022-12-05 07:00:00,9.91,8.07,21.39,44.4264,26.1406
2022-12-05 07:00:00,2022-12-05 08:00:00,14.05,12.34,21.75,44.4264,26.1406
2022-12-05 08:00:00,2022-12-05 09:00:00,15.27,12.74,26.19,44.4264,26.1406
2022-12-05 09:00:00,2022-12-05 10:00:00,12.14,8.58,22.28,44.4264,26.1406
2022-12-05 10:00:00,2022-12-05 11:00:00,12.77,9.7,18.75,44.4264,26.1406
2022-12-05 11:00:00,2022-12-05 12:00:00,12.36,8.33,26.0,44.4264,26.1406
2022-12-05 12:00:00,2022-12-05 13:00:00,11.96,7.95,25.4,44.4264,26.1406
2022-12-05 13:00:00,2022-12-05 14:00:00,10.19,6.99,24.38,44.4264,26.1406
2022-12-05 14:00:00,2022-12-05 15:00:00,13.16,10.6,28.72,44.4264,26.1406
2022-12-05 15:00:00,2022-12-05 16:00:00,12.44,9.6,35.87,44.4264,26.1406
2022-12-05 16:00:00,2022-12-05 17:00:00,13.41,11.15,35.26,44.4264,26.1406
2022-12-05 17:00:00,2022-12-05 18:00:00,10.86,8.73,37.08,44.4264,26.1406
2022-12-05 18:00:00,2022-12-05 19:00:00,12.54,10.75,28.58,44.4264,26.1406
2022-12-05 19:00:00,2022-12-05 20:00:00,9.15,7.86,23.21,44.4264,26.1406
2022-12-05 20:00:00,2022-12-05 21:00:00,9.71,8.6,19.91,44.4264,26.1406
2022-12-05 21:00:00,2022-12-05 22:00:00,7.6,6.0,19.3,44.4264,26.1406
2022-12-05 22:00:00,2022-12-05 23:00:00,8.92,7.42,18.52,44.4264,26.1406
2022-12-05 23:00:00,2022-12-06 00:00:00,6.66,5.8,14.65,44.4264,26.1406
2022-12-06 00:00:00,2022-12-06 01:00:00,5.68,4.49,10.5,44.4264,26.1406
2022-12-06 01:00:00,2022-12-06 02:00:00,9.11,7.88,8.59,44.4264,26.1406
2022-12-06 02:00:00,2022-12-06 03:00:00,10.54,8.66,6.27,44.4264,26.1406
2022-12-06 04:00:00,2022-12-06 05:00:00,3.42,2.55,10.78,44.4264,26.1406
2022-12-06 05:00:00,2022-12-06 06:00:00,2.95,1.97,17.3,44.4264,26.1406
2022-12-06 06:00:00,2022-12-06 07:00:00,2.99,1.8,31.1,44.4264,26.1406
2022-12-06 07:00:00,2022-12-06 08:00:00,8.85,6.9,35.23,44.4264,26.1406
2022-12-06 08:00:00,2022-12-06 09:00:00,8.25,6.04,34.93,44.4264,26.1406
2022-12-06 09:00:00,2022-12-06 10:00:00,10.38,6.7,33.49,44.4264,26.1406
2022-12-06 10:00:00,2022-12-06 11:00:00,13.91,9.44,32.85,44.4264,26.1406
2022-12-06 11:00:00,2022-12-06 12:00:00,16.47,11.31,29.69,44.4264,26.1406
2022-12-06 12:00:00,2022-12-06 13:00:00,17.83,14.62,29.53,44.4264,26.1406
2022-12-06 13:00:00,2022-12-06 14:00:00,16.76,12.16,31.05,44.4264,26.1406
2022-12-06 14:00:00,2022-12-06 15:00:00,15.53,9.82,30.63,44.4264,26.1406
2022-12-06 15:00:00,2022-12-06 16:00:00,17.94,12.05,32.8,44.4264,26.1406
2022-12-06 16:00:00,2022-12-06 17:00:00,19.88,13.66,32.61,44.4264,26.1406
2022-12-06 17:00:00,2022-12-06 18:00:00,20.96,14.19,31.49,44.4264,26.1406
2022-12-06 18:00:00,2022-12-06 19:00:00,27.33,20.0,32.31,44.4264,26.1406
2022-12-06 19:00:00,2022-12-06 20:00:00,26.46,18.03,28.64,44.4264,26.1406
2022-12-06 20:00:00,2022-12-06 21:00:00,23.6,14.92,22.33,44.4264,26.1406
2022-12-06 21:00:00,2022-12-06 22:00:00,22.65,15.91,19.17,44.4264,26.1406
2022-12-06 22:00:00,2022-12-06 23:00:00,13.82,6.95,10.71,44.4264,26.1406
2022-12-06 23:00:00,2022-12-07 00:00:00,16.31,9.32,9.71,44.4264,26.1406
2022-12-07 00:00:00,2022-12-07 01:00:00,20.18,13.28,11.2,44.4264,26.1406
2022-12-07 01:00:00,2022-12-07 02:00:00,17.24,11.68,12.92,44.4264,26.1406
2022-12-07 02:00:00,2022-12-07 03:00:00,16.04,11.09,12.14,44.4264,26.1406
2022-12-07 03:00:00,2022-12-07 04:00:00,15.1,10.5,16.16,44.4264,26.1406
2022-12-07 05:00:00,2022-12-07 06:00:00,10.93,8.19,16.43,44.4264,26.1406
2022-12-07 06:00:00,2022-12-07 07:00:00,10.86,9.2,21.2,44.4264,26.1406
2022-12-07 07:00:00,2022-12-07 08:00:00,14.83,12.64,15.04,44.4264,26.1406
2022-12-07 08:00:00,2022-12-07 09:00:00,14.69,11.99,13.14,44.4264,26.1406
2022-12-07 09:00:00,2022-12-07 10:00:00,13.47,10.75,13.22,44.4264,26.1406
2022-12-07 10:00:00,2022-12-07 11:00:00,11.38,9.44,16.88,44.4264,26.1406
2022-12-07 11:00:00,2022-12-07 12:00:00,12.57,9.87,15.65,44.4264,26.1406
2022-12-07 12:00:00,2022-12-07 13:00:00,15.19,12.27,16.68,44.4264,26.1406
2022-12-07 13:00:00,2022-12-07 14:00:00,13.75,9.15,17.26,44.4264,26.1406
2022-12-07 14:00:00,2022-12-07 15:00:00,18.33,13.56,25.03,44.4264,26.1406
2022-12-07 15:00:00,2022-12-07 16:00:00,21.69,14.24,31.61,44.4264,26.1406
2022-12-07 16:00:00,2022-12-07 17:00:00,21.34,13.52,34.62,44.4264,26.1406
2022-12-07 17:00:00,2022-12-07 18:00:00,31.33,19.1,52.35,44.4264,26.1406
2022-12-07 18:00:00,2022-12-07 19:00:00,40.13,22.65,55.15,44.4264,26.1406
2022-12-07 19:00:00,2022-12-07 20:00:00,38.32,21.73,57.09,44.4264,26.1406
2022-12-07 20:00:00,2022-12-07 21:00:00,41.63,23.26,53.5,44.4264,26.1406
2022-12-07 21:00:00,2022-12-07 22:00:00,40.42,23.86,55.53,44.4264,26.1406
2022-12-07 22:00:00,2022-12-07 23:00:00,43.12,27.23,54.24,44.4264,26.1406
2022-12-07 23:00:00,2022-12-08 00:00:00,40.97,29.04,44.49,44.4264,26.1406
2022-12-08 00:00:00,2022-12-08 01:00:00,37.66,27.32,40.02,44.4264,26.1406
2022-12-08 01:00:00,2022-12-08 02:00:00,27.61,19.12,38.07,44.4264,26.1406
2022-12-08 02:00:00,2022-12-08 03:00:00,25.22,18.65,34.91,44.4264,26.1406
2022-12-08 03:00:00,2022-12-08 04:00:00,24.82,17.42,34.22,44.4264,26.1406
2022-12-08 04:00:00,2022-12-08 05:00:00,28.43,20.68,34.29,44.4264,26.1406
2022-12-08 06:00:00,2022-12-08 07:00:00,25.8,14.32,34.97,44.4264,26.1406
2022-12-08 07:00:00,2022-12-08 08:00:00,26.63,13.99,34.64,44.4264,26.1406
2022-12-08 08:00:00,2022-12-08 09:00:00,26.32,12.78,34.63,44.4264,26.1406
2022-12-08 09:00:00,2022-12-08 10:00:00,23.61,12.85,36.81,44.4264,26.1406
2022-12-08 10:00:00,2022-12-08 11:00:00,23.56,17.52,37.4,44.4264,26.1406
2022-12-08 11:00:00,2022-12-08 12:00:00,24.61,20.68,38.69,44.4264,26.1406
2022-12-08 12:00:00,2022-12-08 13:00:00,23.59,20.74,38.33,44.4264,26.1406
2022-12-08 13:00:00,2022-12-08 14:00:00,23.13,19.99,43.21,44.4264,26.1406
2022-12-08 14:00:00,2022-12-08 15:00:00,28.86,24.17,46.93,44.4264,26.1406
2022-12-08 15:00:00,2022-12-08 16:00:00,34.44,27.73,52.15,44.4264,26.1406
2022-12-08 16:00:00,2022-12-08 17:00:00,33.87,24.36,44.91,44.4264,26.1406
2022-12-08 17:00:00,2022-12-08 18:00:00,29.72,22.6,46.35,44.4264,26.1406
2022-12-08 18:00:00,2022-12-08 19:00:00,32.09,24.68,39.91,44.4264,26.1406
2022-12-08 19:00:00,2022-12-08 20:00:00,24.73,17.44,30.49,44.4264,26.1406
2022-12-08 20:00:00,2022-12-08 21:00:00,26.59,19.93,25.43,44.4264,26.1406
2022-12-08 21:00:00,2022-12-08 22:00:00,24.11,15.47,23.3,44.4264,26.1406
2022-12-08 23:00:00,2022-12-09 00:00:00,18.87,12.21,24.49,44.4264,26.1406
2022-12-09 00:00:00,2022-12-09 01:00:00,17.33,10.58,22.54,44.4264,26.1406
2022-12-09 07:00:00,2022-12-09 08:00:00,17.8,11.66,26.37,44.4264,26.1406
2022-12-09 08:00:00,2022-12-09 09:00:00,17.1,11.81,26.74,44.4264,26.1406
2022-12-09 09:00:00,2022-12-09 10:00:00,15.22,11.48,22.55,44.4264,26.1406
2022-12-09 10:00:00,2022-12-09 11:00:00,18.0,13.6,23.33,44.4264,26.1406
2022-12-09 11:00:00,2022-12-09 12:00:00,21.54,16.6,26.4,44.4264,26.1406
2022-12-09 12:00:00,2022-12-09 13:00:00,23.78,18.05,24.4,44.4264,26.1406
2022-12-09 13:00:00,2022-12-09 14:00:00,23.42,17.67,21.54,44.4264,26.1406
2022-12-09 14:00:00,2022-12-09 15:00:00,26.43,20.8,23.29,44.4264,26.1406
2022-12-09 15:00:00,2022-12-09 16:00:00,28.61,21.3,30.12,44.4264,26.1406
2022-12-09 16:00:00,2022-12-09 17:00:00,37.09,22.38,43.42,44.4264,26.1406
2022-12-09 17:00:00,2022-12-09 18:00:00,62.35,35.18,60.08,44.4264,26.1406
2022-12-09 18:00:00,2022-12-09 19:00:00,76.24,35.83,64.52,44.4264,26.1406
2022-12-09 19:00:00,2022-12-09 20:00:00,66.99,35.11,49.53,44.4264,26.1406
2022-12-09 20:00:00,2022-12-09 21:00:00,34.65,22.17,42.88,44.4264,26.1406
2022-12-09 21:00:00,2022-12-09 22:00:00,23.87,15.57,40.27,44.4264,26.1406
2022-12-09 22:00:00,2022-12-09 23:00:00,25.3,16.42,38.94,44.4264,26.1406
2022-12-09 23:00:00,2022-12-10 00:00:00,21.16,13.96,38.14,44.4264,26.1406
2022-12-10 00:00:00,2022-12-10 01:00:00,19.8,12.97,35.7,44.4264,26.1406
2022-12-10 02:00:00,2022-12-10 03:00:00,16.83,11.09,32.38,44.4264,26.1406
2022-12-10 03:00:00,2022-12-10 04:00:00,13.2,7.38,29.35,44.4264,26.1406
2022-12-10 04:00:00,2022-12-10 05:00:00,12.66,9.15,25.34,44.4264,26.1406
2022-12-10 05:00:00,2022-12-10 06:00:00,16.82,13.2,29.26,44.4264,26.1406
2022-12-10 06:00:00,2022-12-10 07:00:00,18.6,13.58,32.49,44.4264,26.1406
2022-12-10 08:00:00,2022-12-10 09:00:00,21.94,18.02,30.06,44.4264,26.1406
2022-12-10 09:00:00,2022-12-10 10:00:00,26.66,21.68,32.65,44.4264,26.1406
2022-12-10 10:00:00,2022-12-10 11:00:00,29.16,22.76,37.1,44.4264,26.1406
2022-12-10 11:00:00,2022-12-10 12:00:00,32.72,24.26,35.04,44.4264,26.1406
2022-12-10 12:00:00,2022-12-10 13:00:00,39.51,26.1,48.79,44.4264,26.1406
2022-12-10 13:00:00,2022-12-10 14:00:00,54.1,30.44,45.36,44.4264,26.1406
2022-12-10 14:00:00,2022-12-10 15:00:00,42.09,23.89,49.71,44.4264,26.1406
2022-12-10 15:00:00,2022-12-10 16:00:00,40.16,18.89,58.96,44.4264,26.1406
2022-12-10 16:00:00,2022-12-10 17:00:00,55.5,20.62,68.14,44.4264,26.1406
2022-12-10 17:00:00,2022-12-10 18:00:00,72.0,27.82,67.53,44.4264,26.1406
2022-12-10 18:00:00,2022-12-10 19:00:00,72.63,35.97,75.72,44.4264,26.1406
2022-12-10 19:00:00,2022-12-10 20:00:00,73.35,37.04,68.0,44.4264,26.1406
2022-12-10 20:00:00,2022-12-10 21:00:00,60.85,33.93,54.66,44.4264,26.1406
2022-12-10 21:00:00,2022-12-10 22:00:00,55.87,37.86,46.05,44.4264,26.1406
2022-12-10 22:00:00,2022-12-10 23:00:00,44.07,29.1,37.86,44.4264,26.1406
2022-12-10 23:00:00,2022-12-11 00:00:00,41.35,28.13,34.81,44.4264,26.1406
2022-12-11 00:00:00,2022-12-11 01:00:00,37.21,25.0,30.42,44.4264,26.1406
2022-12-11 01:00:00,2022-12-11 02:00:00,33.47,21.85,29.25,44.4264,26.1406
2022-12-11 02:00:00,2022-12-11 03:00:00,34.43,23.25,26.05,44.4264,26.1406
2022-12-11 03:00:00,2022-12-11 04:00:00,44.42,33.26,26.35,44.4264,26.1406
2022-12-11 04:00:00,2022-12-11 05:00:00,33.28,23.1,25.71,44.4264,26.1406
2022-12-11 05:00:00,2022-12-11 06:00:00,29.01,18.45,27.64,44.4264,26.1406
2022-12-11 06:00:00,2022-12-11 07:00:00,26.93,17.16,32.58,44.4264,26.1406
2022-12-11 07:00:00,2022-12-11 08:00:00,27.1,17.34,28.61,44.4264,26.1406
2022-12-11 09:00:00,2022-12-11 10:00:00,21.94,14.61,14.91,44.4264,26.1406
2022-12-11 10:00:00,2022-12-11 11:00:00,13.62,7.64,10.21,44.4264,26.1406
2022-12-11 11:00:00,2022-12-11 12:00:00,13.67,7.84,10.45,44.4264,26.1406
2022-12-11 12:00:00,2022-12-11 13:00:00,11.97,6.31,9.44,44.4264,26.1406
2022-12-11 13:00:00,2022-12-11 14:00:00,16.26,10.9,15.24,44.4264,26.1406
2022-12-11 14:00:00,2022-12-11 15:00:00,15.17,9.88,15.15,44.4264,26.1406
2022-12-11 15:00:00,2022-12-11 16:00:00,15.47,12.24,16.21,44.4264,26.1406
2022-12-11 16:00:00,2022-12-11 17:00:00,9.13,6.97,16.86,44.4264,26.1406
2022-12-11 17:00:00,2022-12-11 18:00:00,5.18,3.49,17.4,44.4264,26.1406
2022-12-11 18:00:00,2022-12-11 19:00:00,6.23,5.1,17.31,44.4264,26.1406
2022-12-11 20:00:00,2022-12-11 21:00:00,7.9,6.41,13.17,44.4264,26.1406
2022-12-11 21:00:00,2022-12-11 22:00:00,10.2,9.92,13.79,44.4264,26.1406
2022-12-11 22:00:00,2022-12-11 23:00:00,9.64,8.87,15.18,44.4264,26.1406
2022-12-11 23:00:00,2022-12-12 00:00:00,9.56,8.59,14.27,44.4264,26.1406
2022-12-12 00:00:00,2022-12-12 01:00:00,10.43,8.85,11.86,44.4264,26.1406
2022-12-12 01:00:00,2022-12-12 02:00:00,11.33,9.91,15.51,44.4264,26.1406
2022-12-12 02:00:00,2022-12-12 03:00:00,12.34,10.53,14.05,44.4264,26.1406
2022-12-12 06:00:00,2022-12-12 07:00:00,8.8,6.65,33.44,44.4264,26.1406
2022-12-12 07:00:00,2022-12-12 08:00:00,11.77,9.83,28.46,44.4264,26.1406
2022-12-12 08:00:00,2022-12-12 09:00:00,13.21,11.74,22.42,44.4264,26.1406
2022-12-12 10:00:00,2022-12-12 11:00:00,12.25,10.0,13.95,44.4264,26.1406
2022-12-12 11:00:00,2022-12-12 12:00:00,13.17,9.68,15.12,44.4264,26.1406
2022-12-12 12:00:00,2022-12-12 13:00:00,10.72,8.39,11.84,44.4264,26.1406
2022-12-12 13:00:00,2022-12-12 14:00:00,15.35,13.46,15.29,44.4264,26.1406
2022-12-12 14:00:00,2022-12-12 15:00:00,13.55,10.6,23.37,44.4264,26.1406
2022-12-13 07:00:00,2022-12-13 08:00:00,14.7,12.89,40.94,44.4264,26.1406
2022-12-13 08:00:00,2022-12-13 09:00:00,18.06,14.81,34.95,44.4264,26.1406
2022-12-13 09:00:00,2022-12-13 10:00:00,16.49,12.95,27.4,44.4264,26.1406
2022-12-13 11:00:00,2022-12-13 12:00:00,19.91,16.51,18.4,44.4264,26.1406
2022-12-13 12:00:00,2022-12-13 13:00:00,14.76,11.72,17.07,44.4264,26.1406
2022-12-13 16:00:00,2022-12-13 17:00:00,26.2,17.94,74.04,44.4264,26.1406
2022-12-13 17:00:00,2022-12-13 18:00:00,26.63,18.43,51.8,44.4264,26.1406
2022-12-13 18:00:00,2022-12-13 19:00:00,28.2,21.81,56.15,44.4264,26.1406
2022-12-13 19:00:00,2022-12-13 20:00:00,32.31,25.02,70.38,44.4264,26.1406
2022-12-13 20:00:00,2022-12-13 21:00:00,36.5,26.92,68.83,44.4264,26.1406
2022-12-13 21:00:00,2022-12-13 22:00:00,38.95,31.06,55.76,44.4264,26.1406
2022-12-13 22:00:00,2022-12-13 23:00:00,36.72,30.09,54.19,44.4264,26.1406
2022-12-13 23:00:00,2022-12-14 00:00:00,36.86,30.0,48.25,44.4264,26.1406
2022-12-14 01:00:00,2022-12-14 02:00:00,34.59,30.49,57.7,44.4264,26.1406
2022-12-14 02:00:00,2022-12-14 03:00:00,40.14,32.85,65.86,44.4264,26.1406
2022-12-14 03:00:00,2022-12-14 04:00:00,50.23,40.05,67.77,44.4264,26.1406
2022-12-14 04:00:00,2022-12-14 05:00:00,49.04,38.45,58.01,44.4264,26.1406
2022-12-14 05:00:00,2022-12-14 06:00:00,44.64,35.51,51.08,44.4264,26.1406
2022-12-14 06:00:00,2022-12-14 07:00:00,46.82,37.88,52.76,44.4264,26.1406
2022-12-14 07:00:00,2022-12-14 08:00:00,41.83,33.48,49.64,44.4264,26.1406
2022-12-14 08:00:00,2022-12-14 09:00:00,43.6,34.92,45.59,44.4264,26.1406
2022-12-14 09:00:00,2022-12-14 10:00:00,44.12,34.4,38.52,44.4264,26.1406
2022-12-14 10:00:00,2022-12-14 11:00:00,39.84,30.8,33.1,44.4264,26.1406
2022-12-14 12:00:00,2022-12-14 13:00:00,33.5,24.84,32.64,44.4264,26.1406
2022-12-14 13:00:00,2022-12-14 14:00:00,31.67,24.37,35.31,44.4264,26.1406
2022-12-14 14:00:00,2022-12-14 15:00:00,29.71,22.66,35.66,44.4264,26.1406
2022-12-14 15:00:00,2022-12-14 16:00:00,27.45,21.74,39.39,44.4264,26.1406
2022-12-14 16:00:00,2022-12-14 17:00:00,25.74,20.29,46.9,44.4264,26.1406
2022-12-14 17:00:00,2022-12-14 18:00:00,27.15,21.93,46.54,44.4264,26.1406
2022-12-14 18:00:00,2022-12-14 19:00:00,24.28,19.86,40.7,44.4264,26.1406
2022-12-14 19:00:00,2022-12-14 20:00:00,25.81,21.05,39.74,44.4264,26.1406
2022-12-14 20:00:00,2022-12-14 21:00:00,27.99,23.7,37.98,44.4264,26.1406
2022-12-14 21:00:00,2022-12-14 22:00:00,23.7,18.78,39.89,44.4264,26.1406
2022-12-14 22:00:00,2022-12-14 23:00:00,22.25,19.13,39.94,44.4264,26.1406
2022-12-14 23:00:00,2022-12-15 00:00:00,21.96,19.49,36.93,44.4264,26.1406
2022-12-15 00:00:00,2022-12-15 01:00:00,21.3,18.53,27.02,44.4264,26.1406
2022-12-15 08:00:00,2022-12-15 09:00:00,12.75,10.32,31.63,44.4264,26.1406
2022-12-15 09:00:00,2022-12-15 10:00:00,15.53,13.16,35.89,44.4264,26.1406
2022-12-15 10:00:00,2022-12-15 11:00:00,14.5,11.84,29.52,44.4264,26.1406
2022-12-15 11:00:00,2022-12-15 12:00:00,13.51,12.04,19.44,44.4264,26.1406
2022-12-15 13:00:00,2022-12-15 14:00:00,13.49,11.26,18.94,44.4264,26.1406
2022-12-15 21:00:00,2022-12-15 22:00:00,28.46,18.2,32.63,44.4264,26.1406
2022-12-15 22:00:00,2022-12-15 23:00:00,17.8,13.18,21.51,44.4264,26.1406
2022-12-15 23:00:00,2022-12-16 00:00:00,15.92,11.5,38.1,44.4264,26.1406
2022-12-16 00:00:00,2022-12-16 01:00:00,19.44,10.79,48.1,44.4264,26.1406
2022-12-16 01:00:00,2022-12-16 02:00:00,20.73,11.18,44.51,44.4264,26.1406
2022-12-16 02:00:00,2022-12-16 03:00:00,16.78,9.82,36.04,44.4264,26.1406
2022-12-16 04:00:00,2022-12-16 05:00:00,15.28,10.96,15.54,44.4264,26.1406
2022-12-16 05:00:00,2022-12-16 06:00:00,14.14,9.87,21.87,44.4264,26.1406
2022-12-16 06:00:00,2022-12-16 07:00:00,10.29,5.36,28.96,44.4264,26.1406
2022-12-16 07:00:00,2022-12-16 08:00:00,5.55,0.66,32.49,44.4264,26.1406
2022-12-16 08:00:00,2022-12-16 09:00:00,15.72,9.83,27.22,44.4264,26.1406
2022-12-16 09:00:00,2022-12-16 10:00:00,13.6,8.41,23.4,44.4264,26.1406
2022-12-16 10:00:00,2022-12-16 11:00:00,14.33,10.82,24.04,44.4264,26.1406
2022-12-16 11:00:00,2022-12-16 12:00:00,23.21,17.56,33.7,44.4264,26.1406
2022-12-16 12:00:00,2022-12-16 13:00:00,28.56,19.95,37.12,44.4264,26.1406
2022-12-16 14:00:00,2022-12-16 15:00:00,42.65,29.62,41.5,44.4264,26.1406
2022-12-16 15:00:00,2022-12-16 16:00:00,41.32,25.94,41.32,44.4264,26.1406
2022-12-16 16:00:00,2022-12-16 17:00:00,37.39,23.85,44.34,44.4264,26.1406
2022-12-16 17:00:00,2022-12-16 18:00:00,32.14,20.82,43.43,44.4264,26.1406
2022-12-16 18:00:00,2022-12-16 19:00:00,34.77,21.48,38.92,44.4264,26.1406
2022-12-16 19:00:00,2022-12-16 20:00:00,32.17,20.53,47.06,44.4264,26.1406
2022-12-16 20:00:00,2022-12-16 21:00:00,33.21,25.39,42.07,44.4264,26.1406
2022-12-16 21:00:00,2022-12-16 22:00:00,35.35,28.8,33.77,44.4264,26.1406
2022-12-16 22:00:00,2022-12-16 23:00:00,27.77,22.94,28.71,44.4264,26.1406
2022-12-16 23:00:00,2022-12-17 00:00:00,24.91,19.98,23.05,44.4264,26.1406
2022-12-17 00:00:00,2022-12-17 01:00:00,18.18,13.21,26.6,44.4264,26.1406
2022-12-17 01:00:00,2022-12-17 02:00:00,20.22,15.12,35.11,44.4264,26.1406
2022-12-17 02:00:00,2022-12-17 03:00:00,24.38,19.62,26.3,44.4264,26.1406
2022-12-17 03:00:00,2022-12-17 04:00:00,26.95,23.46,20.79,44.4264,26.1406
2022-12-17 04:00:00,2022-12-17 05:00:00,22.09,18.92,22.01,44.4264,26.1406
2022-12-17 05:00:00,2022-12-17 06:00:00,18.78,15.15,23.33,44.4264,26.1406
2022-12-17 06:00:00,2022-12-17 07:00:00,16.27,12.76,22.36,44.4264,26.1406
2022-12-17 07:00:00,2022-12-17 08:00:00,17.47,14.3,32.43,44.4264,26.1406
2022-12-17 08:00:00,2022-12-17 09:00:00,23.24,18.47,27.77,44.4264,26.1406
2022-12-17 09:00:00,2022-12-17 10:00:00,24.15,21.5,12.3,44.4264,26.1406
2022-12-17 11:00:00,2022-12-17 12:00:00,16.43,13.17,41.03,44.4264,26.1406
2022-12-17 12:00:00,2022-12-17 13:00:00,16.39,10.6,27.64,44.4264,26.1406
2022-12-17 13:00:00,2022-12-17 14:00:00,12.37,9.49,16.82,44.4264,26.1406
2022-12-17 15:00:00,2022-12-17 16:00:00,23.33,20.81,22.09,44.4264,26.1406
2022-12-17 16:00:00,2022-12-17 17:00:00,22.14,19.86,20.31,44.4264,26.1406
2022-12-18 01:00:00,2022-12-18 02:00:00,14.82,13.52,18.93,44.4264,26.1406
2022-12-18 03:00:00,2022-12-18 04:00:00,18.15,16.32,17.9,44.4264,26.1406
2022-12-18 04:00:00,2022-12-18 05:00:00,24.89,22.65,14.91,44.4264,26.1406
2022-12-18 06:00:00,2022-12-18 07:00:00,20.64,16.53,16.67,44.4264,26.1406
2022-12-18 07:00:00,2022-12-18 08:00:00,24.73,19.35,26.49,44.4264,26.1406
2022-12-18 08:00:00,2022-12-18 09:00:00,22.98,17.54,27.95,44.4264,26.1406
2022-12-18 09:00:00,2022-12-18 10:00:00,24.97,20.66,25.45,44.4264,26.1406
2022-12-18 10:00:00,2022-12-18 11:00:00,23.82,20.23,19.41,44.4264,26.1406
2022-12-18 11:00:00,2022-12-18 12:00:00,22.61,18.64,15.55,44.4264,26.1406
2022-12-18 12:00:00,2022-12-18 13:00:00,23.34,16.66,16.81,44.4264,26.1406
2022-12-18 13:00:00,2022-12-18 14:00:00,25.63,19.75,18.72,44.4264,26.1406
2022-12-18 14:00:00,2022-12-18 15:00:00,25.41,18.53,19.55,44.4264,26.1406
2022-12-18 16:00:00,2022-12-18 17:00:00,24.35,17.03,24.86,44.4264,26.1406
2022-12-18 17:00:00,2022-12-18 18:00:00,23.87,18.63,28.0,44.4264,26.1406
2022-12-18 18:00:00,2022-12-18 19:00:00,25.0,22.5,29.2,44.4264,26.1406
2022-12-18 19:00:00,2022-12-18 20:00:00,21.11,18.3,31.35,44.4264,26.1406
2022-12-19 08:00:00,2022-12-19 09:00:00,25.95,19.82,29.85,44.4264,26.1406
2022-12-19 09:00:00,2022-12-19 10:00:00,24.75,18.39,27.64,44.4264,26.1406
2022-12-19 10:00:00,2022-12-19 11:00:00,27.0,20.41,29.12,44.4264,26.1406
2022-12-19 11:00:00,2022-12-19 12:00:00,30.25,22.77,24.21,44.4264,26.1406
2022-12-19 12:00:00,2022-12-19 13:00:00,26.13,19.41,22.59,44.4264,26.1406
2022-12-19 13:00:00,2022-12-19 14:00:00,31.28,25.24,24.23,44.4264,26.1406
2022-12-19 14:00:00,2022-12-19 15:00:00,29.62,23.61,25.11,44.4264,26.1406
2022-12-19 15:00:00,2022-12-19 16:00:00,25.69,20.63,30.09,44.4264,26.1406
2022-12-19 17:00:00,2022-12-19 18:00:00,27.35,21.37,34.25,44.4264,26.1406
2022-12-19 18:00:00,2022-12-19 19:00:00,28.05,22.5,31.11,44.4264,26.1406
2022-12-19 19:00:00,2022-12-19 20:00:00,30.5,25.39,22.4,44.4264,26.1406
2022-12-20 01:00:00,2022-12-20 02:00:00,30.96,26.33,47.1,44.4264,26.1406
2022-12-20 02:00:00,2022-12-20 03:00:00,31.9,26.06,45.48,44.4264,26.1406
2022-12-20 03:00:00,2022-12-20 04:00:00,31.53,24.21,47.93,44.4264,26.1406
2022-12-20 04:00:00,2022-12-20 05:00:00,37.13,19.84,43.75,44.4264,26.1406
2022-12-20 05:00:00,2022-12-20 06:00:00,27.67,19.33,47.56,44.4264,26.1406
2022-12-20 06:00:00,2022-12-20 07:00:00,137.33,26.86,48.41,44.4264,26.1406
2022-12-20 07:00:00,2022-12-20 08:00:00,124.29,46.7,55.12,44.4264,26.1406
2022-12-20 08:00:00,2022-12-20 09:00:00,42.44,33.02,55.13,44.4264,26.1406
2022-12-20 09:00:00,2022-12-20 10:00:00,43.44,34.54,33.35,44.4264,26.1406
2022-12-20 10:00:00,2022-12-20 11:00:00,41.82,33.25,31.87,44.4264,26.1406
2022-12-20 15:00:00,2022-12-20 16:00:00,10.07,6.85,38.4,44.4264,26.1406
2022-12-20 16:00:00,2022-12-20 17:00:00,39.63,30.19,57.65,44.4264,26.1406
2022-12-20 18:00:00,2022-12-20 19:00:00,35.33,27.1,59.86,44.4264,26.1406
2022-12-20 19:00:00,2022-12-20 20:00:00,39.43,31.32,51.25,44.4264,26.1406
2022-12-20 20:00:00,2022-12-20 21:00:00,39.0,31.34,45.84,44.4264,26.1406
2022-12-20 21:00:00,2022-12-20 22:00:00,36.86,31.41,35.58,44.4264,26.1406
2022-12-20 22:00:00,2022-12-20 23:00:00,31.99,27.11,36.75,44.4264,26.1406
2022-12-20 23:00:00,2022-12-21 00:00:00,34.21,29.36,25.21,44.4264,26.1406
2022-12-21 00:00:00,2022-12-21 01:00:00,29.69,24.79,18.3,44.4264,26.1406
2022-12-21 01:00:00,2022-12-21 02:00:00,29.14,24.54,13.56,44.4264,26.1406
2022-12-21 02:00:00,2022-12-21 03:00:00,25.91,21.95,11.82,44.4264,26.1406
2022-12-21 03:00:00,2022-12-21 04:00:00,25.76,21.63,9.72,44.4264,26.1406
2022-12-21 04:00:00,2022-12-21 05:00:00,21.75,17.5,9.74,44.4264,26.1406
2022-12-21 05:00:00,2022-12-21 06:00:00,21.42,17.41,16.81,44.4264,26.1406
2022-12-21 06:00:00,2022-12-21 07:00:00,20.37,16.67,27.38,44.4264,26.1406
2022-12-21 07:00:00,2022-12-21 08:00:00,23.18,18.54,20.47,44.4264,26.1406
2022-12-21 08:00:00,2022-12-21 09:00:00,25.35,20.76,20.9,44.4264,26.1406
2022-12-21 09:00:00,2022-12-21 10:00:00,25.26,21.98,19.74,44.4264,26.1406
2022-12-21 10:00:00,2022-12-21 11:00:00,25.01,21.47,21.82,44.4264,26.1406
2022-12-21 11:00:00,2022-12-21 12:00:00,21.46,17.74,22.91,44.4264,26.1406
2022-12-21 12:00:00,2022-12-21 13:00:00,25.73,21.46,19.7,44.4264,26.1406
2022-12-21 13:00:00,2022-12-21 14:00:00,24.34,20.07,20.41,44.4264,26.1406
2022-12-21 14:00:00,2022-12-21 15:00:00,25.15,21.42,19.06,44.4264,26.1406
2022-12-21 15:00:00,2022-12-21 16:00:00,27.36,23.17,25.41,44.4264,26.1406
2022-12-21 16:00:00,2022-12-21 17:00:00,30.28,25.31,29.07,44.4264,26.1406
2022-12-21 17:00:00,2022-12-21 18:00:00,29.55,24.31,33.28,44.4264,26.1406
2022-12-21 19:00:00,2022-12-21 20:00:00,29.07,23.41,28.07,44.4264,26.1406
2022-12-21 20:00:00,2022-12-21 21:00:00,30.05,24.08,26.2,44.4264,26.1406
2022-12-21 21:00:00,2022-12-21 22:00:00,30.15,26.18,28.83,44.4264,26.1406
2022-12-21 22:00:00,2022-12-21 23:00:00,30.42,26.62,29.23,44.4264,26.1406
2022-12-22 04:00:00,2022-12-22 05:00:00,26.47,22.33,13.64,44.4264,26.1406
2022-12-22 05:00:00,2022-12-22 06:00:00,28.26,23.71,13.76,44.4264,26.1406
2022-12-22 06:00:00,2022-12-22 07:00:00,26.48,22.34,15.46,44.4264,26.1406
2022-12-22 07:00:00,2022-12-22 08:00:00,26.61,22.49,19.21,44.4264,26.1406
2022-12-22 08:00:00,2022-12-22 09:00:00,30.56,25.97,23.54,44.4264,26.1406
2022-12-22 09:00:00,2022-12-22 10:00:00,32.7,27.5,22.72,44.4264,26.1406
2022-12-22 10:00:00,2022-12-22 11:00:00,30.65,26.7,23.0,44.4264,26.1406
2022-12-22 11:00:00,2022-12-22 12:00:00,34.23,28.81,23.34,44.4264,26.1406
2022-12-22 12:00:00,2022-12-22 13:00:00,35.1,28.16,21.66,44.4264,26.1406
2022-12-22 13:00:00,2022-12-22 14:00:00,35.93,30.47,23.06,44.4264,26.1406
2022-12-22 14:00:00,2022-12-22 15:00:00,39.29,32.73,31.93,44.4264,26.1406
2022-12-22 15:00:00,2022-12-22 16:00:00,40.55,30.84,40.19,44.4264,26.1406
2022-12-22 16:00:00,2022-12-22 17:00:00,46.69,31.8,43.17,44.4264,26.1406
2022-12-22 17:00:00,2022-12-22 18:00:00,52.69,40.3,45.8,44.4264,26.1406
2022-12-22 18:00:00,2022-12-22 19:00:00,46.86,37.36,41.0,44.4264,26.1406
2022-12-22 20:00:00,2022-12-22 21:00:00,40.59,30.67,29.34,44.4264,26.1406
2022-12-22 21:00:00,2022-12-22 22:00:00,35.22,24.94,30.56,44.4264,26.1406
2022-12-22 22:00:00,2022-12-22 23:00:00,36.11,26.19,18.78,44.4264,26.1406
2022-12-22 23:00:00,2022-12-23 00:00:00,38.96,28.91,18.27,44.4264,26.1406
2022-12-23 00:00:00,2022-12-23 01:00:00,43.06,31.25,28.03,44.4264,26.1406
2022-12-23 01:00:00,2022-12-23 02:00:00,41.84,32.05,27.35,44.4264,26.1406
2022-12-23 02:00:00,2022-12-23 03:00:00,34.72,27.13,24.25,44.4264,26.1406
2022-12-23 03:00:00,2022-12-23 04:00:00,31.43,24.85,25.29,44.4264,26.1406
2022-12-23 04:00:00,2022-12-23 05:00:00,25.85,19.97,19.52,44.4264,26.1406
2022-12-23 05:00:00,2022-12-23 06:00:00,26.33,20.72,26.99,44.4264,26.1406
2022-12-23 06:00:00,2022-12-23 07:00:00,28.72,23.16,26.05,44.4264,26.1406
2022-12-23 07:00:00,2022-12-23 08:00:00,32.49,26.2,28.24,44.4264,26.1406
2022-12-23 08:00:00,2022-12-23 09:00:00,30.51,24.81,29.39,44.4264,26.1406
2022-12-23 09:00:00,2022-12-23 10:00:00,40.84,34.4,26.38,44.4264,26.1406
2022-12-23 10:00:00,2022-12-23 11:00:00,48.62,41.71,27.29,44.4264,26.1406
2022-12-23 11:00:00,2022-12-23 12:00:00,51.31,45.71,33.27,44.4264,26.1406
2022-12-23 12:00:00,2022-12-23 13:00:00,52.07,45.26,30.18,44.4264,26.1406
2022-12-23 13:00:00,2022-12-23 14:00:00,49.68,44.45,31.16,44.4264,26.1406
2022-12-23 14:00:00,2022-12-23 15:00:00,52.17,45.29,38.0,44.4264,26.1406
2022-12-23 15:00:00,2022-12-23 16:00:00,53.96,46.6,43.37,44.4264,26.1406
2022-12-23 16:00:00,2022-12-23 17:00:00,53.35,44.64,45.14,44.4264,26.1406
2022-12-23 17:00:00,2022-12-23 18:00:00,58.3,48.55,42.6,44.4264,26.1406
2022-12-23 18:00:00,2022-12-23 19:00:00,65.89,56.26,42.73,44.4264,26.1406
2022-12-23 19:00:00,2022-12-23 20:00:00,60.38,50.81,37.18,44.4264,26.1406
2022-12-23 21:00:00,2022-12-23 22:00:00,65.1,53.39,46.73,44.4264,26.1406
2022-12-23 22:00:00,2022-12-23 23:00:00,64.13,49.73,43.53,44.4264,26.1406
2022-12-24 23:00:00,2022-12-25 00:00:00,42.13,37.39,46.49,44.4264,26.1406
2022-12-25 00:00:00,2022-12-25 01:00:00,38.1,34.34,61.17,44.4264,26.1406
2022-12-25 01:00:00,2022-12-25 02:00:00,34.15,30.12,41.25,44.4264,26.1406
2022-12-25 02:00:00,2022-12-25 03:00:00,31.54,28.39,34.59,44.4264,26.1406
2022-12-25 03:00:00,2022-12-25 04:00:00,30.67,28.96,28.83,44.4264,26.1406
2022-12-25 04:00:00,2022-12-25 05:00:00,32.86,30.89,29.06,44.4264,26.1406
2022-12-25 05:00:00,2022-12-25 06:00:00,29.77,28.14,24.73,44.4264,26.1406
2022-12-25 06:00:00,2022-12-25 07:00:00,22.24,20.17,27.02,44.4264,26.1406
2022-12-25 07:00:00,2022-12-25 08:00:00,20.66,18.45,24.75,44.4264,26.1406
2022-12-25 08:00:00,2022-12-25 09:00:00,22.6,20.94,16.59,44.4264,26.1406
2022-12-25 09:00:00,2022-12-25 10:00:00,22.44,21.2,9.46,44.4264,26.1406
2022-12-25 10:00:00,2022-12-25 11:00:00,19.25,17.34,9.78,44.4264,26.1406
2022-12-25 11:00:00,2022-12-25 12:00:00,12.98,11.46,9.77,44.4264,26.1406
2022-12-25 12:00:00,2022-12-25 13:00:00,6.87,5.66,3.83,44.4264,26.1406
2022-12-25 13:00:00,2022-12-25 14:00:00,4.68,4.0,7.41,44.4264,26.1406
2022-12-25 14:00:00,2022-12-25 15:00:00,9.64,7.87,10.71,44.4264,26.1406
2022-12-25 15:00:00,2022-12-25 16:00:00,9.62,7.31,15.35,44.4264,26.1406
2022-12-25 16:00:00,2022-12-25 17:00:00,12.99,11.35,12.11,44.4264,26.1406
2022-12-25 17:00:00,2022-12-25 18:00:00,8.63,7.18,13.76,44.4264,26.1406
2022-12-25 18:00:00,2022-12-25 19:00:00,18.01,15.2,34.46,44.4264,26.1406
2022-12-25 19:00:00,2022-12-25 20:00:00,32.36,27.0,68.06,44.4264,26.1406
2022-12-25 20:00:00,2022-12-25 21:00:00,53.12,44.64,66.8,44.4264,26.1406
2022-12-25 21:00:00,2022-12-25 22:00:00,55.64,50.86,68.88,44.4264,26.1406
2022-12-25 23:00:00,2022-12-26 00:00:00,52.77,41.37,55.03,44.4264,26.1406
2022-12-26 00:00:00,2022-12-26 01:00:00,29.09,23.78,36.54,44.4264,26.1406
2022-12-26 01:00:00,2022-12-26 02:00:00,23.47,19.93,19.72,44.4264,26.1406
2022-12-26 02:00:00,2022-12-26 03:00:00,18.32,16.01,13.11,44.4264,26.1406
2022-12-26 03:00:00,2022-12-26 04:00:00,18.34,15.87,16.27,44.4264,26.1406
2022-12-26 04:00:00,2022-12-26 05:00:00,18.18,16.32,26.37,44.4264,26.1406
2022-12-26 05:00:00,2022-12-26 06:00:00,15.35,12.97,36.79,44.4264,26.1406
2022-12-26 06:00:00,2022-12-26 07:00:00,17.67,14.82,32.76,44.4264,26.1406
2022-12-26 07:00:00,2022-12-26 08:00:00,27.6,24.16,37.27,44.4264,26.1406
2022-12-26 08:00:00,2022-12-26 09:00:00,48.94,44.67,38.26,44.4264,26.1406
2022-12-26 09:00:00,2022-12-26 10:00:00,45.06,41.49,40.43,44.4264,26.1406
2022-12-26 10:00:00,2022-12-26 11:00:00,23.04,19.18,17.73,44.4264,26.1406
2022-12-26 11:00:00,2022-12-26 12:00:00,23.43,12.76,20.53,44.4264,26.1406
2022-12-26 12:00:00,2022-12-26 13:00:00,24.14,12.22,19.42,44.4264,26.1406
2022-12-26 13:00:00,2022-12-26 14:00:00,21.24,14.11,14.33,44.4264,26.1406
2022-12-26 14:00:00,2022-12-26 15:00:00,16.96,13.87,16.04,44.4264,26.1406
2022-12-26 15:00:00,2022-12-26 16:00:00,20.72,17.76,20.48,44.4264,26.1406
2022-12-26 16:00:00,2022-12-26 17:00:00,21.84,18.47,24.69,44.4264,26.1406
2022-12-26 17:00:00,2022-12-26 18:00:00,19.68,15.88,26.05,44.4264,26.1406
2022-12-26 18:00:00,2022-12-26 19:00:00,25.08,22.34,36.63,44.4264,26.1406
2022-12-26 19:00:00,2022-12-26 20:00:00,31.74,27.39,39.26,44.4264,26.1406
2022-12-26 20:00:00,2022-12-26 21:00:00,24.99,21.32,45.89,44.4264,26.1406
2022-12-26 21:00:00,2022-12-26 22:00:00,23.87,20.43,45.64,44.4264,26.1406
2022-12-26 22:00:00,2022-12-26 23:00:00,27.78,25.03,25.97,44.4264,26.1406
2022-12-27 00:00:00,2022-12-27 01:00:00,22.85,18.88,35.36,44.4264,26.1406
2022-12-27 01:00:00,2022-12-27 02:00:00,22.71,20.21,23.44,44.4264,26.1406
2022-12-27 02:00:00,2022-12-27 03:00:00,22.49,20.01,14.81,44.4264,26.1406
2022-12-27 03:00:00,2022-12-27 04:00:00,24.0,21.75,15.1,44.4264,26.1406
2022-12-27 04:00:00,2022-12-27 05:00:00,23.37,21.17,20.09,44.4264,26.1406
2022-12-27 05:00:00,2022-12-27 06:00:00,25.69,22.75,33.24,44.4264,26.1406
2022-12-27 06:00:00,2022-12-27 07:00:00,22.13,19.21,38.64,44.4264,26.1406
2022-12-27 07:00:00,2022-12-27 08:00:00,26.04,22.96,35.96,44.4264,26.1406
2022-12-27 08:00:00,2022-12-27 09:00:00,29.71,25.55,28.29,44.4264,26.1406
2022-12-27 09:00:00,2022-12-27 10:00:00,40.26,36.56,26.97,44.4264,26.1406
2022-12-27 10:00:00,2022-12-27 11:00:00,38.33,34.44,22.2,44.4264,26.1406
2022-12-27 11:00:00,2022-12-27 12:00:00,34.65,29.47,20.14,44.4264,26.1406
2022-12-27 12:00:00,2022-12-27 13:00:00,31.1,25.71,13.49,44.4264,26.1406
2022-12-27 13:00:00,2022-12-27 14:00:00,28.82,24.2,13.75,44.4264,26.1406
2022-12-27 14:00:00,2022-12-27 15:00:00,28.33,22.97,30.58,44.4264,26.1406
2022-12-27 15:00:00,2022-12-27 16:00:00,28.77,22.85,52.15,44.4264,26.1406
2022-12-27 16:00:00,2022-12-27 17:00:00,30.72,23.05,55.23,44.4264,26.1406
2022-12-27 17:00:00,2022-12-27 18:00:00,29.78,26.02,45.4,44.4264,26.1406
2022-12-27 18:00:00,2022-12-27 19:00:00,23.07,19.66,33.01,44.4264,26.1406
2022-12-27 19:00:00,2022-12-27 20:00:00,21.3,17.47,24.21,44.4264,26.1406
2022-12-27 20:00:00,2022-12-27 21:00:00,22.98,19.13,39.62,44.4264,26.1406
2022-12-27 21:00:00,2022-12-27 22:00:00,23.2,17.84,54.91,44.4264,26.1406
2022-12-27 22:00:00,2022-12-27 23:00:00,26.09,19.12,62.17,44.4264,26.1406
2022-12-27 23:00:00,2022-12-28 00:00:00,34.49,22.43,55.1,44.4264,26.1406
2022-12-28 01:00:00,2022-12-28 02:00:00,10.36,8.72,22.37,44.4264,26.1406
2022-12-28 03:00:00,2022-12-28 04:00:00,10.59,6.04,9.73,44.4264,26.1406
2022-12-28 04:00:00,2022-12-28 05:00:00,10.7,6.43,16.27,44.4264,26.1406
2022-12-28 05:00:00,2022-12-28 06:00:00,14.98,6.21,50.6,44.4264,26.1406
2022-12-28 06:00:00,2022-12-28 07:00:00,18.28,4.01,43.89,44.4264,26.1406
2022-12-28 07:00:00,2022-12-28 08:00:00,16.63,3.11,43.33,44.4264,26.1406
2022-12-28 08:00:00,2022-12-28 09:00:00,24.31,9.36,50.08,44.4264,26.1406
2022-12-28 09:00:00,2022-12-28 10:00:00,26.23,8.31,44.75,44.4264,26.1406
2022-12-28 10:00:00,2022-12-28 11:00:00,28.44,11.14,33.27,44.4264,26.1406
2022-12-28 11:00:00,2022-12-28 12:00:00,21.44,8.14,19.11,44.4264,26.1406
2022-12-28 12:00:00,2022-12-28 13:00:00,16.78,8.39,17.23,44.4264,26.1406
2022-12-28 13:00:00,2022-12-28 14:00:00,13.72,6.01,20.74,44.4264,26.1406
2022-12-28 14:00:00,2022-12-28 15:00:00,14.73,7.45,22.37,44.4264,26.1406
2022-12-28 15:00:00,2022-12-28 16:00:00,14.19,5.95,49.66,44.4264,26.1406
2022-12-28 16:00:00,2022-12-28 17:00:00,25.32,9.73,83.81,44.4264,26.1406
2022-12-28 17:00:00,2022-12-28 18:00:00,27.36,14.81,86.26,44.4264,26.1406
2022-12-28 18:00:00,2022-12-28 19:00:00,36.04,24.49,89.97,44.4264,26.1406
2022-12-28 19:00:00,2022-12-28 20:00:00,37.23,24.52,89.46,44.4264,26.1406
2022-12-28 20:00:00,2022-12-28 21:00:00,33.41,20.87,81.05,44.4264,26.1406
2022-12-28 21:00:00,2022-12-28 22:00:00,64.49,52.73,74.14,44.4264,26.1406
2022-12-28 22:00:00,2022-12-28 23:00:00,69.31,57.94,71.63,44.4264,26.1406
2022-12-28 23:00:00,2022-12-29 00:00:00,48.19,38.84,67.21,44.4264,26.1406
2022-12-29 00:00:00,2022-12-29 01:00:00,38.99,32.38,60.92,44.4264,26.1406
2022-12-29 02:00:00,2022-12-29 03:00:00,48.14,41.58,54.48,44.4264,26.1406
2022-12-29 03:00:00,2022-12-29 04:00:00,53.23,45.83,47.43,44.4264,26.1406
2022-12-29 04:00:00,2022-12-29 05:00:00,49.09,42.56,34.53,44.4264,26.1406
2022-12-29 05:00:00,2022-12-29 06:00:00,43.61,38.76,31.8,44.4264,26.1406
2022-12-29 06:00:00,2022-12-29 07:00:00,41.13,37.0,42.87,44.4264,26.1406
2022-12-29 07:00:00,2022-12-29 08:00:00,46.52,39.82,50.35,44.4264,26.1406
2022-12-29 08:00:00,2022-12-29 09:00:00,53.96,43.1,58.69,44.4264,26.1406
2022-12-29 09:00:00,2022-12-29 10:00:00,57.28,46.05,54.54,44.4264,26.1406
2022-12-29 10:00:00,2022-12-29 11:00:00,34.68,25.71,22.75,44.4264,26.1406
2022-12-29 11:00:00,2022-12-29 12:00:00,18.9,13.2,16.0,44.4264,26.1406
2022-12-29 12:00:00,2022-12-29 13:00:00,17.02,11.56,16.9,44.4264,26.1406
2022-12-29 13:00:00,2022-12-29 14:00:00,15.14,10.24,17.84,44.4264,26.1406
2022-12-29 14:00:00,2022-12-29 15:00:00,15.32,10.64,18.34,44.4264,26.1406
2022-12-29 16:00:00,2022-12-29 17:00:00,21.06,14.84,30.85,44.4264,26.1406
2022-12-29 17:00:00,2022-12-29 18:00:00,31.22,24.7,28.32,44.4264,26.1406
2022-12-29 18:00:00,2022-12-29 19:00:00,35.22,29.28,34.73,44.4264,26.1406
2022-12-29 19:00:00,2022-12-29 20:00:00,36.42,31.38,43.2,44.4264,26.1406
2022-12-29 20:00:00,2022-12-29 21:00:00,36.74,31.9,39.98,44.4264,26.1406
2022-12-29 21:00:00,2022-12-29 22:00:00,35.47,31.85,38.17,44.4264,26.1406
2022-12-29 22:00:00,2022-12-29 23:00:00,34.32,31.04,36.43,44.4264,26.1406
2022-12-29 23:00:00,2022-12-30 00:00:00,36.43,32.62,21.49,44.4264,26.1406
2022-12-30 00:00:00,2022-12-30 01:00:00,38.71,34.41,25.67,44.4264,26.1406
2022-12-30 01:00:00,2022-12-30 02:00:00,35.9,31.72,29.22,44.4264,26.1406
2022-12-30 03:00:00,2022-12-30 04:00:00,33.56,29.08,31.07,44.4264,26.1406
2022-12-30 04:00:00,2022-12-30 05:00:00,32.01,27.17,33.95,44.4264,26.1406
2022-12-30 05:00:00,2022-12-30 06:00:00,41.12,36.34,41.86,44.4264,26.1406
2022-12-30 06:00:00,2022-12-30 07:00:00,38.16,33.46,41.44,44.4264,26.1406
2022-12-30 07:00:00,2022-12-30 08:00:00,43.67,38.2,46.46,44.4264,26.1406
2022-12-30 08:00:00,2022-12-30 09:00:00,40.65,34.31,42.7,44.4264,26.1406
2022-12-30 09:00:00,2022-12-30 10:00:00,42.38,35.68,33.7,44.4264,26.1406
2022-12-30 10:00:00,2022-12-30 11:00:00,41.09,34.38,21.26,44.4264,26.1406
2022-12-30 11:00:00,2022-12-30 12:00:00,33.27,26.85,20.1,44.4264,26.1406
2022-12-30 12:00:00,2022-12-30 13:00:00,28.0,22.58,16.96,44.4264,26.1406
2022-12-30 13:00:00,2022-12-30 14:00:00,25.31,19.17,19.77,44.4264,26.1406
2022-12-30 14:00:00,2022-12-30 15:00:00,30.46,24.45,24.11,44.4264,26.1406
2022-12-30 15:00:00,2022-12-30 16:00:00,34.38,27.71,22.89,44.4264,26.1406
2022-12-30 16:00:00,2022-12-30 17:00:00,37.57,31.62,24.45,44.4264,26.1406
2022-12-30 17:00:00,2022-12-30 18:00:00,36.82,32.02,25.33,44.4264,26.1406
2022-12-30 18:00:00,2022-12-30 19:00:00,41.26,36.48,39.92,44.4264,26.1406
2022-12-30 19:00:00,2022-12-30 20:00:00,42.31,37.14,38.87,44.4264,26.1406
2022-12-30 21:00:00,2022-12-30 22:00:00,50.59,44.99,29.64,44.4264,26.1406
2022-12-30 22:00:00,2022-12-30 23:00:00,50.38,44.51,38.7,44.4264,26.1406
