start,end,pm10,latitude_x,longitude_x,pm2_5,latitude_y,longitude_y,no2,lat,lon
2022-01-01 23:00:00,2022-01-02 00:00:00,46.39,44.4264,26.1406,42.33,44.4264,26.1406,,44.4264,26.1406
2022-01-02 00:00:00,2022-01-02 01:00:00,46.48,44.4264,26.1406,42.36,44.4264,26.1406,30.2,44.4264,26.1406
2022-01-02 01:00:00,2022-01-02 02:00:00,33.5,44.4264,26.1406,30.73,44.4264,26.1406,18.84,44.4264,26.1406
2022-01-02 02:00:00,2022-01-02 03:00:00,19.34,44.4264,26.1406,17.39,44.4264,26.1406,16.96,44.4264,26.1406
2022-01-02 03:00:00,2022-01-02 04:00:00,14.99,44.4264,26.1406,12.92,44.4264,26.1406,14.68,44.4264,26.1406
2022-01-02 04:00:00,2022-01-02 05:00:00,16.07,44.4264,26.1406,13.79,44.4264,26.1406,17.5,44.4264,26.1406
2022-01-02 05:00:00,2022-01-02 06:00:00,18.31,44.4264,26.1406,15.59,44.4264,26.1406,29.27,44.4264,26.1406
2022-01-02 06:00:00,2022-01-02 07:00:00,20.72,44.4264,26.1406,17.65,44.4264,26.1406,29.78,44.4264,26.1406
2022-01-02 07:00:00,2022-01-02 08:00:00,22.32,44.4264,26.1406,19.13,44.4264,26.1406,29.18,44.4264,26.1406
2022-01-02 08:00:00,2022-01-02 09:00:00,17.46,44.4264,26.1406,14.33,44.4264,26.1406,19.88,44.4264,26.1406
2022-01-02 09:00:00,2022-01-02 10:00:00,12.01,44.4264,26.1406,10.13,44.4264,26.1406,17.09,44.4264,26.1406
2022-01-02 10:00:00,2022-01-02 11:00:00,15.96,44.4264,26.1406,13.99,44.4264,26.1406,11.3,44.4264,26.1406
2022-01-02 11:00:00,2022-01-02 12:00:00,17.17,44.4264,26.1406,13.53,44.4264,26.1406,13.83,44.4264,26.1406
2022-01-02 12:00:00,2022-01-02 13:00:00,18.77,44.4264,26.1406,14.09,44.4264,26.1406,18.77,44.4264,26.1406
2022-01-02 13:00:00,2022-01-02 14:00:00,19.99,44.4264,26.1406,13.09,44.4264,26.1406,19.55,44.4264,26.1406
2022-01-02 14:00:00,2022-01-02 15:00:00,19.28,44.4264,26.1406,10.73,44.4264,26.1406,24.51,44.4264,26.1406
2022-01-02 15:00:00,2022-01-02 16:00:00,21.31,44.4264,26.1406,12.68,44.4264,26.1406,27.21,44.4264,26.1406
2022-01-02 16:00:00,2022-01-02 17:00:00,21.81,44.4264,26.1406,13.04,44.4264,26.1406,27.01,44.4264,26.1406
2022-01-02 17:00:00,2022-01-02 18:00:00,19.84,44.4264,26.1406,13.6,44.4264,26.1406,25.88,44.4264,26.1406
2022-01-02 18:00:00,2022-01-02 19:00:00,18.23,44.4264,26.1406,15.16,44.4264,26.1406,21.54,44.4264,26.1406
2022-01-02 19:00:00,2022-01-02 20:00:00,18.2,44.4264,26.1406,15.52,44.4264,26.1406,19.43,44.4264,26.1406
2022-01-02 20:00:00,2022-01-02 21:00:00,22.01,44.4264,26.1406,20.15,44.4264,26.1406,28.42,44.4264,26.1406
2022-01-02 21:00:00,2022-01-02 22:00:00,22.11,44.4264,26.1406,18.26,44.4264,26.1406,34.8,44.4264,26.1406
2022-01-02 22:00:00,2022-01-02 23:00:00,21.76,44.4264,26.1406,17.34,44.4264,26.1406,14.47,44.4264,26.1406
2022-01-02 23:00:00,2022-01-03 00:00:00,19.37,44.4264,26.1406,14.88,44.4264,26.1406,10.2,44.4264,26.1406
2022-01-03 00:00:00,2022-01-03 01:00:00,12.82,44.4264,26.1406,9.13,44.4264,26.1406,,44.4264,26.1406
2022-01-03 01:00:00,2022-01-03 02:00:00,12.33,44.4264,26.1406,9.14,44.4264,26.1406,8.72,44.4264,26.1406
2022-01-03 02:00:00,2022-01-03 03:00:00,9.21,44.4264,26.1406,7.41,44.4264,26.1406,8.01,44.4264,26.1406
2022-01-03 03:00:00,2022-01-03 04:00:00,8.8,44.4264,26.1406,6.69,44.4264,26.1406,7.08,44.4264,26.1406
2022-01-03 04:00:00,2022-01-03 05:00:00,12.74,44.4264,26.1406,10.63,44.4264,26.1406,8.18,44.4264,26.1406
2022-01-03 05:00:00,2022-01-03 06:00:00,12.34,44.4264,26.1406,10.37,44.4264,26.1406,11.81,44.4264,26.1406
2022-01-03 06:00:00,2022-01-03 07:00:00,10.87,44.4264,26.1406,8.33,44.4264,26.1406,15.66,44.4264,26.1406
2022-01-03 07:00:00,2022-01-03 08:00:00,13.17,44.4264,26.1406,10.0,44.4264,26.1406,19.13,44.4264,26.1406
2022-01-03 08:00:00,2022-01-03 09:00:00,14.43,44.4264,26.1406,10.94,44.4264,26.1406,15.09,44.4264,26.1406
2022-01-03 09:00:00,2022-01-03 10:00:00,13.04,44.4264,26.1406,9.76,44.4264,26.1406,13.77,44.4264,26.1406
2022-01-03 10:00:00,2022-01-03 11:00:00,16.73,44.4264,26.1406,13.73,44.4264,26.1406,12.03,44.4264,26.1406
2022-01-03 11:00:00,2022-01-03 12:00:00,20.44,44.4264,26.1406,18.26,44.4264,26.1406,14.2,44.4264,26.1406
2022-01-03 12:00:00,2022-01-03 13:00:00,19.16,44.4264,26.1406,15.66,44.4264,26.1406,14.3,44.4264,26.1406
2022-01-03 13:00:00,2022-01-03 14:00:00,25.07,44.4264,26.1406,20.39,44.4264,26.1406,14.37,44.4264,26.1406
2022-01-03 14:00:00,2022-01-03 15:00:00,20.98,44.4264,26.1406,15.9,44.4264,26.1406,21.57,44.4264,26.1406
2022-01-03 15:00:00,2022-01-03 16:00:00,21.7,44.4264,26.1406,15.03,44.4264,26.1406,28.13,44.4264,26.1406
2022-01-03 16:00:00,2022-01-03 17:00:00,23.79,44.4264,26.1406,16.41,44.4264,26.1406,35.67,44.4264,26.1406
2022-01-03 17:00:00,2022-01-03 18:00:00,24.16,44.4264,26.1406,16.48,44.4264,26.1406,20.05,44.4264,26.1406
2022-01-03 18:00:00,2022-01-03 19:00:00,17.71,44.4264,26.1406,11.32,44.4264,26.1406,18.56,44.4264,26.1406
2022-01-03 19:00:00,2022-01-03 20:00:00,15.01,44.4264,26.1406,9.45,44.4264,26.1406,15.68,44.4264,26.1406
2022-01-03 20:00:00,2022-01-03 21:00:00,11.84,44.4264,26.1406,7.65,44.4264,26.1406,13.75,44.4264,26.1406
2022-01-03 21:00:00,2022-01-03 22:00:00,8.53,44.4264,26.1406,6.09,44.4264,26.1406,10.65,44.4264,26.1406
2022-01-03 22:00:00,2022-01-03 23:00:00,7.49,44.4264,26.1406,3.31,44.4264,26.1406,6.5,44.4264,26.1406
2022-01-03 23:00:00,2022-01-04 00:00:00,7.97,44.4264,26.1406,4.88,44.4264,26.1406,11.43,44.4264,26.1406
2022-01-04 00:00:00,2022-01-04 01:00:00,9.19,44.4264,26.1406,6.6,44.4264,26.1406,10.01,44.4264,26.1406
2022-01-04 01:00:00,2022-01-04 02:00:00,10.71,44.4264,26.1406,8.29,44.4264,26.1406,,44.4264,26.1406
2022-01-04 02:00:00,2022-01-04 03:00:00,11.99,44.4264,26.1406,10.28,44.4264,26.1406,12.27,44.4264,26.1406
2022-01-04 03:00:00,2022-01-04 04:00:00,10.52,44.4264,26.1406,9.9,44.4264,26.1406,14.4,44.4264,26.1406
2022-01-04 04:00:00,2022-01-04 05:00:00,11.84,44.4264,26.1406,9.47,44.4264,26.1406,27.85,44.4264,26.1406
2022-01-04 05:00:00,2022-01-04 06:00:00,15.77,44.4264,26.1406,9.99,44.4264,26.1406,41.28,44.4264,26.1406
2022-01-04 06:00:00,2022-01-04 07:00:00,23.41,44.4264,26.1406,11.75,44.4264,26.1406,44.63,44.4264,26.1406
2022-01-04 07:00:00,2022-01-04 08:00:00,21.17,44.4264,26.1406,12.12,44.4264,26.1406,35.12,44.4264,26.1406
2022-01-04 08:00:00,2022-01-04 09:00:00,20.05,44.4264,26.1406,11.36,44.4264,26.1406,35.2,44.4264,26.1406
2022-01-04 09:00:00,2022-01-04 10:00:00,33.99,44.4264,26.1406,17.3,44.4264,26.1406,31.4,44.4264,26.1406
2022-01-04 10:00:00,2022-01-04 11:00:00,31.3,44.4264,26.1406,20.01,44.4264,26.1406,17.14,44.4264,26.1406
2022-01-04 11:00:00,2022-01-04 12:00:00,23.49,44.4264,26.1406,16.19,44.4264,26.1406,12.79,44.4264,26.1406
2022-01-04 12:00:00,2022-01-04 13:00:00,22.57,44.4264,26.1406,16.11,44.4264,26.1406,12.05,44.4264,26.1406
2022-01-04 13:00:00,2022-01-04 14:00:00,22.48,44.4264,26.1406,13.89,44.4264,26.1406,12.57,44.4264,26.1406
2022-01-04 14:00:00,2022-01-04 15:00:00,20.07,44.4264,26.1406,13.18,44.4264,26.1406,17.46,44.4264,26.1406
2022-01-04 15:00:00,2022-01-04 16:00:00,18.78,44.4264,26.1406,10.72,44.4264,26.1406,30.48,44.4264,26.1406
2022-01-04 16:00:00,2022-01-04 17:00:00,23.37,44.4264,26.1406,11.55,44.4264,26.1406,36.55,44.4264,26.1406
2022-01-04 17:00:00,2022-01-04 18:00:00,27.69,44.4264,26.1406,18.96,44.4264,26.1406,33.19,44.4264,26.1406
2022-01-04 18:00:00,2022-01-04 19:00:00,23.6,44.4264,26.1406,16.8,44.4264,26.1406,32.91,44.4264,26.1406
2022-01-04 19:00:00,2022-01-04 20:00:00,20.65,44.4264,26.1406,14.74,44.4264,26.1406,28.5,44.4264,26.1406
2022-01-04 20:00:00,2022-01-04 21:00:00,18.4,44.4264,26.1406,12.84,44.4264,26.1406,30.67,44.4264,26.1406
2022-01-04 21:00:00,2022-01-04 22:00:00,20.29,44.4264,26.1406,14.56,44.4264,26.1406,27.17,44.4264,26.1406
2022-01-04 22:00:00,2022-01-04 23:00:00,34.55,44.4264,26.1406,29.68,44.4264,26.1406,43.98,44.4264,26.1406
2022-01-04 23:00:00,2022-01-05 00:00:00,41.65,44.4264,26.1406,36.06,44.4264,26.1406,38.73,44.4264,26.1406
2022-01-05 00:00:00,2022-01-05 01:00:00,37.68,44.4264,26.1406,32.77,44.4264,26.1406,23.98,44.4264,26.1406
2022-01-05 01:00:00,2022-01-05 02:00:00,35.15,44.4264,26.1406,31.77,44.4264,26.1406,24.04,44.4264,26.1406
2022-01-05 02:00:00,2022-01-05 03:00:00,31.11,44.4264,26.1406,27.93,44.4264,26.1406,,44.4264,26.1406
2022-01-05 03:00:00,2022-01-05 04:00:00,25.08,44.4264,26.1406,21.75,44.4264,26.1406,22.62,44.4264,26.1406
2022-01-05 04:00:00,2022-01-05 05:00:00,27.18,44.4264,26.1406,24.72,44.4264,26.1406,17.31,44.4264,26.1406
2022-01-05 05:00:00,2022-01-05 06:00:00,29.47,44.4264,26.1406,26.6,44.4264,26.1406,22.12,44.4264,26.1406
2022-01-05 06:00:00,2022-01-05 07:00:00,24.74,44.4264,26.1406,21.0,44.4264,26.1406,24.32,44.4264,26.1406
2022-01-05 07:00:00,2022-01-05 08:00:00,25.9,44.4264,26.1406,21.88,44.4264,26.1406,24.12,44.4264,26.1406
2022-01-05 08:00:00,2022-01-05 09:00:00,24.42,44.4264,26.1406,19.51,44.4264,26.1406,17.88,44.4264,26.1406
2022-01-05 09:00:00,2022-01-05 10:00:00,27.61,44.4264,26.1406,21.04,44.4264,26.1406,16.33,44.4264,26.1406
2022-01-05 10:00:00,2022-01-05 11:00:00,29.89,44.4264,26.1406,22.38,44.4264,26.1406,15.05,44.4264,26.1406
2022-01-05 11:00:00,2022-01-05 12:00:00,27.2,44.4264,26.1406,20.34,44.4264,26.1406,11.53,44.4264,26.1406
2022-01-05 12:00:00,2022-01-05 13:00:00,24.11,44.4264,26.1406,18.03,44.4264,26.1406,12.9,44.4264,26.1406
2022-01-05 13:00:00,2022-01-05 14:00:00,19.15,44.4264,26.1406,12.22,44.4264,26.1406,12.44,44.4264,26.1406
2022-01-05 14:00:00,2022-01-05 15:00:00,21.87,44.4264,26.1406,15.17,44.4264,26.1406,12.35,44.4264,26.1406
2022-01-05 15:00:00,2022-01-05 16:00:00,19.1,44.4264,26.1406,12.45,44.4264,26.1406,20.68,44.4264,26.1406
2022-01-05 16:00:00,2022-01-05 17:00:00,24.14,44.4264,26.1406,15.23,44.4264,26.1406,31.47,44.4264,26.1406
2022-01-05 17:00:00,2022-01-05 18:00:00,27.92,44.4264,26.1406,18.38,44.4264,26.1406,46.73,44.4264,26.1406
2022-01-05 18:00:00,2022-01-05 19:00:00,43.5,44.4264,26.1406,28.65,44.4264,26.1406,53.39,44.4264,26.1406
2022-01-05 19:00:00,2022-01-05 20:00:00,45.67,44.4264,26.1406,32.12,44.4264,26.1406,57.0,44.4264,26.1406
2022-01-05 20:00:00,2022-01-05 21:00:00,53.53,44.4264,26.1406,38.76,44.4264,26.1406,52.39,44.4264,26.1406
2022-01-05 21:00:00,2022-01-05 22:00:00,79.87,44.4264,26.1406,68.9,44.4264,26.1406,50.03,44.4264,26.1406
2022-01-05 22:00:00,2022-01-05 23:00:00,69.46,44.4264,26.1406,61.21,44.4264,26.1406,45.68,44.4264,26.1406
2022-01-05 23:00:00,2022-01-06 00:00:00,65.57,44.4264,26.1406,57.76,44.4264,26.1406,41.42,44.4264,26.1406
2022-01-06 00:00:00,2022-01-06 01:00:00,48.65,44.4264,26.1406,42.14,44.4264,26.1406,39.91,44.4264,26.1406
2022-01-06 01:00:00,2022-01-06 02:00:00,48.59,44.4264,26.1406,42.81,44.4264,26.1406,38.49,44.4264,26.1406
2022-01-06 02:00:00,2022-01-06 03:00:00,40.86,44.4264,26.1406,36.69,44.4264,26.1406,36.11,44.4264,26.1406
2022-01-06 03:00:00,2022-01-06 04:00:00,38.66,44.4264,26.1406,34.37,44.4264,26.1406,,44.4264,26.1406
2022-01-06 04:00:00,2022-01-06 05:00:00,41.74,44.4264,26.1406,36.38,44.4264,26.1406,36.88,44.4264,26.1406
2022-01-06 05:00:00,2022-01-06 06:00:00,40.94,44.4264,26.1406,34.81,44.4264,26.1406,38.41,44.4264,26.1406
2022-01-06 06:00:00,2022-01-06 07:00:00,39.62,44.4264,26.1406,32.75,44.4264,26.1406,44.05,44.4264,26.1406
2022-01-06 07:00:00,2022-01-06 08:00:00,33.53,44.4264,26.1406,28.92,44.4264,26.1406,44.03,44.4264,26.1406
2022-01-06 08:00:00,2022-01-06 09:00:00,39.27,44.4264,26.1406,34.31,44.4264,26.1406,36.59,44.4264,26.1406
2022-01-06 09:00:00,2022-01-06 10:00:00,36.9,44.4264,26.1406,30.83,44.4264,26.1406,23.41,44.4264,26.1406
2022-01-06 10:00:00,2022-01-06 11:00:00,32.36,44.4264,26.1406,25.0,44.4264,26.1406,17.47,44.4264,26.1406
2022-01-06 11:00:00,2022-01-06 12:00:00,24.82,44.4264,26.1406,17.19,44.4264,26.1406,11.3,44.4264,26.1406
2022-01-06 12:00:00,2022-01-06 13:00:00,22.0,44.4264,26.1406,14.57,44.4264,26.1406,11.83,44.4264,26.1406
2022-01-06 13:00:00,2022-01-06 14:00:00,21.89,44.4264,26.1406,14.5,44.4264,26.1406,13.83,44.4264,26.1406
2022-01-06 14:00:00,2022-01-06 15:00:00,26.29,44.4264,26.1406,16.15,44.4264,26.1406,19.51,44.4264,26.1406
2022-01-06 15:00:00,2022-01-06 16:00:00,26.94,44.4264,26.1406,17.39,44.4264,26.1406,18.18,44.4264,26.1406
2022-01-06 16:00:00,2022-01-06 17:00:00,26.9,44.4264,26.1406,18.15,44.4264,26.1406,22.14,44.4264,26.1406
2022-01-06 17:00:00,2022-01-06 18:00:00,29.68,44.4264,26.1406,22.07,44.4264,26.1406,20.2,44.4264,26.1406
2022-01-06 18:00:00,2022-01-06 19:00:00,28.58,44.4264,26.1406,21.78,44.4264,26.1406,17.25,44.4264,26.1406
2022-01-06 19:00:00,2022-01-06 20:00:00,21.53,44.4264,26.1406,15.26,44.4264,26.1406,14.48,44.4264,26.1406
2022-01-06 20:00:00,2022-01-06 21:00:00,16.32,44.4264,26.1406,13.3,44.4264,26.1406,13.78,44.4264,26.1406
2022-01-06 21:00:00,2022-01-06 22:00:00,12.04,44.4264,26.1406,9.14,44.4264,26.1406,11.29,44.4264,26.1406
2022-01-06 22:00:00,2022-01-06 23:00:00,11.02,44.4264,26.1406,8.37,44.4264,26.1406,8.68,44.4264,26.1406
2022-01-06 23:00:00,2022-01-07 00:00:00,4.93,44.4264,26.1406,3.32,44.4264,26.1406,7.66,44.4264,26.1406
2022-01-07 00:00:00,2022-01-07 01:00:00,5.38,44.4264,26.1406,3.61,44.4264,26.1406,8.83,44.4264,26.1406
2022-01-07 01:00:00,2022-01-07 02:00:00,9.42,44.4264,26.1406,7.34,44.4264,26.1406,9.21,44.4264,26.1406
2022-01-07 02:00:00,2022-01-07 03:00:00,10.3,44.4264,26.1406,8.54,44.4264,26.1406,7.85,44.4264,26.1406
2022-01-07 03:00:00,2022-01-07 04:00:00,9.51,44.4264,26.1406,7.88,44.4264,26.1406,9.88,44.4264,26.1406
2022-01-07 04:00:00,2022-01-07 05:00:00,13.04,44.4264,26.1406,11.11,44.4264,26.1406,,44.4264,26.1406
2022-01-07 05:00:00,2022-01-07 06:00:00,12.61,44.4264,26.1406,10.91,44.4264,26.1406,23.09,44.4264,26.1406
2022-01-07 06:00:00,2022-01-07 07:00:00,13.39,44.4264,26.1406,9.74,44.4264,26.1406,29.68,44.4264,26.1406
2022-01-07 07:00:00,2022-01-07 08:00:00,19.67,44.4264,26.1406,11.38,44.4264,26.1406,35.31,44.4264,26.1406
2022-01-07 08:00:00,2022-01-07 09:00:00,30.84,44.4264,26.1406,16.95,44.4264,26.1406,34.67,44.4264,26.1406
2022-01-07 09:00:00,2022-01-07 10:00:00,27.26,44.4264,26.1406,16.26,44.4264,26.1406,29.69,44.4264,26.1406
2022-01-07 10:00:00,2022-01-07 11:00:00,21.47,44.4264,26.1406,14.26,44.4264,26.1406,17.85,44.4264,26.1406
2022-01-07 11:00:00,2022-01-07 12:00:00,10.94,44.4264,26.1406,7.61,44.4264,26.1406,15.61,44.4264,26.1406
2022-01-07 12:00:00,2022-01-07 13:00:00,6.55,44.4264,26.1406,3.9,44.4264,26.1406,17.97,44.4264,26.1406
2022-01-07 13:00:00,2022-01-07 14:00:00,9.57,44.4264,26.1406,6.24,44.4264,26.1406,22.82,44.4264,26.1406
2022-01-07 14:00:00,2022-01-07 15:00:00,10.8,44.4264,26.1406,6.06,44.4264,26.1406,19.7,44.4264,26.1406
2022-01-07 15:00:00,2022-01-07 16:00:00,15.19,44.4264,26.1406,9.1,44.4264,26.1406,19.69,44.4264,26.1406
2022-01-07 16:00:00,2022-01-07 17:00:00,14.76,44.4264,26.1406,8.29,44.4264,26.1406,21.41,44.4264,26.1406
2022-01-07 17:00:00,2022-01-07 18:00:00,18.55,44.4264,26.1406,11.69,44.4264,26.1406,18.12,44.4264,26.1406
2022-01-07 18:00:00,2022-01-07 19:00:00,17.58,44.4264,26.1406,11.81,44.4264,26.1406,16.0,44.4264,26.1406
2022-01-07 19:00:00,2022-01-07 20:00:00,15.6,44.4264,26.1406,9.83,44.4264,26.1406,16.44,44.4264,26.1406
2022-01-07 20:00:00,2022-01-07 21:00:00,13.54,44.4264,26.1406,7.78,44.4264,26.1406,14.59,44.4264,26.1406
2022-01-07 21:00:00,2022-01-07 22:00:00,14.67,44.4264,26.1406,9.87,44.4264,26.1406,13.25,44.4264,26.1406
2022-01-07 22:00:00,2022-01-07 23:00:00,14.45,44.4264,26.1406,10.29,44.4264,26.1406,10.79,44.4264,26.1406
2022-01-07 23:00:00,2022-01-08 00:00:00,14.05,44.4264,26.1406,9.99,44.4264,26.1406,10.21,44.4264,26.1406
2022-01-08 00:00:00,2022-01-08 01:00:00,13.31,44.4264,26.1406,10.11,44.4264,26.1406,8.93,44.4264,26.1406
2022-01-08 01:00:00,2022-01-08 02:00:00,13.78,44.4264,26.1406,10.45,44.4264,26.1406,7.37,44.4264,26.1406
2022-01-08 02:00:00,2022-01-08 03:00:00,12.58,44.4264,26.1406,9.83,44.4264,26.1406,7.09,44.4264,26.1406
2022-01-08 03:00:00,2022-01-08 04:00:00,16.74,44.4264,26.1406,12.91,44.4264,26.1406,8.28,44.4264,26.1406
2022-01-08 04:00:00,2022-01-08 05:00:00,13.0,44.4264,26.1406,10.35,44.4264,26.1406,8.73,44.4264,26.1406
2022-01-08 05:00:00,2022-01-08 06:00:00,9.97,44.4264,26.1406,7.02,44.4264,26.1406,,44.4264,26.1406
2022-01-08 06:00:00,2022-01-08 07:00:00,10.45,44.4264,26.1406,8.16,44.4264,26.1406,15.84,44.4264,26.1406
2022-01-08 07:00:00,2022-01-08 08:00:00,8.58,44.4264,26.1406,7.13,44.4264,26.1406,18.47,44.4264,26.1406
2022-01-08 08:00:00,2022-01-08 09:00:00,9.01,44.4264,26.1406,7.39,44.4264,26.1406,20.79,44.4264,26.1406
2022-01-08 09:00:00,2022-01-08 10:00:00,8.59,44.4264,26.1406,6.58,44.4264,26.1406,20.72,44.4264,26.1406
2022-01-08 10:00:00,2022-01-08 11:00:00,14.64,44.4264,26.1406,11.57,44.4264,26.1406,20.58,44.4264,26.1406
2022-01-08 11:00:00,2022-01-08 12:00:00,16.04,44.4264,26.1406,12.82,44.4264,26.1406,18.6,44.4264,26.1406
2022-01-08 12:00:00,2022-01-08 13:00:00,17.8,44.4264,26.1406,15.56,44.4264,26.1406,17.92,44.4264,26.1406
2022-01-08 13:00:00,2022-01-08 14:00:00,12.85,44.4264,26.1406,10.75,44.4264,26.1406,21.5,44.4264,26.1406
2022-01-08 14:00:00,2022-01-08 15:00:00,13.57,44.4264,26.1406,11.23,44.4264,26.1406,20.41,44.4264,26.1406
2022-01-08 15:00:00,2022-01-08 16:00:00,13.41,44.4264,26.1406,11.38,44.4264,26.1406,20.13,44.4264,26.1406
2022-01-08 16:00:00,2022-01-08 17:00:00,15.41,44.4264,26.1406,14.28,44.4264,26.1406,15.63,44.4264,26.1406
2022-01-08 17:00:00,2022-01-08 18:00:00,12.89,44.4264,26.1406,11.62,44.4264,26.1406,20.35,44.4264,26.1406
2022-01-08 18:00:00,2022-01-08 19:00:00,13.46,44.4264,26.1406,12.56,44.4264,26.1406,24.68,44.4264,26.1406
2022-01-08 19:00:00,2022-01-08 20:00:00,14.85,44.4264,26.1406,14.36,44.4264,26.1406,20.3,44.4264,26.1406
2022-01-08 20:00:00,2022-01-08 21:00:00,10.17,44.4264,26.1406,9.04,44.4264,26.1406,17.28,44.4264,26.1406
2022-01-08 21:00:00,2022-01-08 22:00:00,8.61,44.4264,26.1406,6.29,44.4264,26.1406,16.54,44.4264,26.1406
2022-01-08 22:00:00,2022-01-08 23:00:00,9.15,44.4264,26.1406,7.47,44.4264,26.1406,15.8,44.4264,26.1406
2022-01-08 23:00:00,2022-01-09 00:00:00,9.32,44.4264,26.1406,7.22,44.4264,26.1406,13.63,44.4264,26.1406
2022-01-09 00:00:00,2022-01-09 01:00:00,5.02,44.4264,26.1406,2.54,44.4264,26.1406,12.74,44.4264,26.1406
2022-01-09 01:00:00,2022-01-09 02:00:00,3.88,44.4264,26.1406,1.21,44.4264,26.1406,13.57,44.4264,26.1406
2022-01-09 02:00:00,2022-01-09 03:00:00,5.81,44.4264,26.1406,3.24,44.4264,26.1406,13.2,44.4264,26.1406
2022-01-09 03:00:00,2022-01-09 04:00:00,3.85,44.4264,26.1406,0.63,44.4264,26.1406,13.89,44.4264,26.1406
2022-01-09 04:00:00,2022-01-09 05:00:00,7.38,44.4264,26.1406,5.37,44.4264,26.1406,13.14,44.4264,26.1406
2022-01-09 05:00:00,2022-01-09 06:00:00,7.02,44.4264,26.1406,4.26,44.4264,26.1406,17.68,44.4264,26.1406
2022-01-09 06:00:00,2022-01-09 07:00:00,6.18,44.4264,26.1406,2.81,44.4264,26.1406,,44.4264,26.1406
2022-01-09 07:00:00,2022-01-09 08:00:00,9.73,44.4264,26.1406,6.51,44.4264,26.1406,15.0,44.4264,26.1406
2022-01-09 08:00:00,2022-01-09 09:00:00,6.71,44.4264,26.1406,3.77,44.4264,26.1406,13.03,44.4264,26.1406
2022-01-09 09:00:00,2022-01-09 10:00:00,7.49,44.4264,26.1406,3.85,44.4264,26.1406,13.5,44.4264,26.1406
2022-01-09 10:00:00,2022-01-09 11:00:00,8.59,44.4264,26.1406,5.57,44.4264,26.1406,15.29,44.4264,26.1406
2022-01-09 11:00:00,2022-01-09 12:00:00,10.36,44.4264,26.1406,8.1,44.4264,26.1406,12.43,44.4264,26.1406
2022-01-09 12:00:00,2022-01-09 13:00:00,14.0,44.4264,26.1406,11.83,44.4264,26.1406,10.22,44.4264,26.1406
2022-01-09 13:00:00,2022-01-09 14:00:00,13.1,44.4264,26.1406,11.15,44.4264,26.1406,11.19,44.4264,26.1406
2022-01-09 14:00:00,2022-01-09 15:00:00,13.41,44.4264,26.1406,11.65,44.4264,26.1406,13.73,44.4264,26.1406
2022-01-09 15:00:00,2022-01-09 16:00:00,14.94,44.4264,26.1406,12.41,44.4264,26.1406,18.63,44.4264,26.1406
2022-01-09 16:00:00,2022-01-09 17:00:00,19.73,44.4264,26.1406,15.45,44.4264,26.1406,20.32,44.4264,26.1406
2022-01-09 17:00:00,2022-01-09 18:00:00,18.97,44.4264,26.1406,14.97,44.4264,26.1406,22.67,44.4264,26.1406
2022-01-09 18:00:00,2022-01-09 19:00:00,16.89,44.4264,26.1406,12.54,44.4264,26.1406,26.32,44.4264,26.1406
2022-01-09 19:00:00,2022-01-09 20:00:00,16.96,44.4264,26.1406,13.13,44.4264,26.1406,28.66,44.4264,26.1406
2022-01-09 20:00:00,2022-01-09 21:00:00,11.54,44.4264,26.1406,9.58,44.4264,26.1406,16.48,44.4264,26.1406
2022-01-09 21:00:00,2022-01-09 22:00:00,12.41,44.4264,26.1406,10.94,44.4264,26.1406,16.61,44.4264,26.1406
2022-01-09 22:00:00,2022-01-09 23:00:00,13.14,44.4264,26.1406,11.65,44.4264,26.1406,9.24,44.4264,26.1406
2022-01-09 23:00:00,2022-01-10 00:00:00,13.63,44.4264,26.1406,11.31,44.4264,26.1406,13.05,44.4264,26.1406
2022-01-10 00:00:00,2022-01-10 01:00:00,20.06,44.4264,26.1406,15.39,44.4264,26.1406,23.22,44.4264,26.1406
2022-01-10 01:00:00,2022-01-10 02:00:00,23.51,44.4264,26.1406,17.14,44.4264,26.1406,21.17,44.4264,26.1406
2022-01-10 02:00:00,2022-01-10 03:00:00,23.06,44.4264,26.1406,19.64,44.4264,26.1406,16.29,44.4264,26.1406
2022-01-10 03:00:00,2022-01-10 04:00:00,16.72,44.4264,26.1406,13.32,44.4264,26.1406,10.84,44.4264,26.1406
2022-01-10 04:00:00,2022-01-10 05:00:00,13.67,44.4264,26.1406,11.69,44.4264,26.1406,10.34,44.4264,26.1406
2022-01-10 05:00:00,2022-01-10 06:00:00,11.08,44.4264,26.1406,9.51,44.4264,26.1406,13.07,44.4264,26.1406
2022-01-10 06:00:00,2022-01-10 07:00:00,7.18,44.4264,26.1406,5.58,44.4264,26.1406,15.56,44.4264,26.1406
2022-01-10 07:00:00,2022-01-10 08:00:00,7.11,44.4264,26.1406,5.1,44.4264,26.1406,,44.4264,26.1406
2022-01-10 08:00:00,2022-01-10 09:00:00,6.28,44.4264,26.1406,3.43,44.4264,26.1406,16.47,44.4264,26.1406
2022-01-10 09:00:00,2022-01-10 10:00:00,7.62,44.4264,26.1406,5.2,44.4264,26.1406,14.01,44.4264,26.1406
2022-01-10 10:00:00,2022-01-10 11:00:00,8.09,44.4264,26.1406,5.45,44.4264,26.1406,14.35,44.4264,26.1406
2022-01-10 11:00:00,2022-01-10 12:00:00,9.82,44.4264,26.1406,7.08,44.4264,26.1406,13.72,44.4264,26.1406
2022-01-10 12:00:00,2022-01-10 13:00:00,9.16,44.4264,26.1406,5.9,44.4264,26.1406,14.12,44.4264,26.1406
2022-01-10 13:00:00,2022-01-10 14:00:00,14.64,44.4264,26.1406,10.53,44.4264,26.1406,14.82,44.4264,26.1406
2022-01-10 14:00:00,2022-01-10 15:00:00,14.24,44.4264,26.1406,10.01,44.4264,26.1406,16.66,44.4264,26.1406
2022-01-10 15:00:00,2022-01-10 16:00:00,11.92,44.4264,26.1406,8.71,44.4264,26.1406,19.6,44.4264,26.1406
2022-01-10 16:00:00,2022-01-10 17:00:00,12.9,44.4264,26.1406,10.48,44.4264,26.1406,20.63,44.4264,26.1406
2022-01-10 17:00:00,2022-01-10 18:00:00,12.53,44.4264,26.1406,8.76,44.4264,26.1406,16.4,44.4264,26.1406
2022-01-10 18:00:00,2022-01-10 19:00:00,13.34,44.4264,26.1406,9.35,44.4264,26.1406,13.93,44.4264,26.1406
2022-01-10 19:00:00,2022-01-10 20:00:00,18.23,44.4264,26.1406,15.04,44.4264,26.1406,11.68,44.4264,26.1406
2022-01-10 20:00:00,2022-01-10 21:00:00,18.79,44.4264,26.1406,15.23,44.4264,26.1406,10.64,44.4264,26.1406
2022-01-10 21:00:00,2022-01-10 22:00:00,18.97,44.4264,26.1406,16.05,44.4264,26.1406,10.09,44.4264,26.1406
2022-01-10 22:00:00,2022-01-10 23:00:00,19.5,44.4264,26.1406,16.95,44.4264,26.1406,8.14,44.4264,26.1406
2022-01-10 23:00:00,2022-01-11 00:00:00,22.53,44.4264,26.1406,20.67,44.4264,26.1406,7.62,44.4264,26.1406
2022-01-11 00:00:00,2022-01-11 01:00:00,22.83,44.4264,26.1406,20.27,44.4264,26.1406,7.05,44.4264,26.1406
2022-01-11 01:00:00,2022-01-11 02:00:00,18.33,44.4264,26.1406,15.85,44.4264,26.1406,6.47,44.4264,26.1406
2022-01-11 02:00:00,2022-01-11 03:00:00,17.0,44.4264,26.1406,16.17,44.4264,26.1406,6.05,44.4264,26.1406
2022-01-11 03:00:00,2022-01-11 04:00:00,15.2,44.4264,26.1406,13.5,44.4264,26.1406,6.63,44.4264,26.1406
2022-01-11 04:00:00,2022-01-11 05:00:00,16.72,44.4264,26.1406,14.9,44.4264,26.1406,7.61,44.4264,26.1406
2022-01-11 05:00:00,2022-01-11 06:00:00,20.06,44.4264,26.1406,17.58,44.4264,26.1406,10.23,44.4264,26.1406
2022-01-11 06:00:00,2022-01-11 07:00:00,24.29,44.4264,26.1406,21.64,44.4264,26.1406,12.4,44.4264,26.1406
2022-01-11 07:00:00,2022-01-11 08:00:00,21.89,44.4264,26.1406,18.66,44.4264,26.1406,13.44,44.4264,26.1406
2022-01-11 08:00:00,2022-01-11 09:00:00,18.03,44.4264,26.1406,14.17,44.4264,26.1406,,44.4264,26.1406
2022-01-11 09:00:00,2022-01-11 10:00:00,15.13,44.4264,26.1406,9.13,44.4264,26.1406,11.37,44.4264,26.1406
2022-01-11 10:00:00,2022-01-11 11:00:00,19.8,44.4264,26.1406,13.7,44.4264,26.1406,11.8,44.4264,26.1406
2022-01-11 11:00:00,2022-01-11 12:00:00,13.38,44.4264,26.1406,7.14,44.4264,26.1406,11.55,44.4264,26.1406
2022-01-11 12:00:00,2022-01-11 13:00:00,14.91,44.4264,26.1406,10.25,44.4264,26.1406,13.95,44.4264,26.1406
2022-01-11 13:00:00,2022-01-11 14:00:00,16.51,44.4264,26.1406,11.25,44.4264,26.1406,13.52,44.4264,26.1406
2022-01-11 14:00:00,2022-01-11 15:00:00,19.53,44.4264,26.1406,13.55,44.4264,26.1406,15.48,44.4264,26.1406
2022-01-11 15:00:00,2022-01-11 16:00:00,22.41,44.4264,26.1406,16.27,44.4264,26.1406,17.85,44.4264,26.1406
2022-01-11 16:00:00,2022-01-11 17:00:00,19.17,44.4264,26.1406,13.41,44.4264,26.1406,17.47,44.4264,26.1406
2022-01-11 17:00:00,2022-01-11 18:00:00,19.58,44.4264,26.1406,14.45,44.4264,26.1406,16.86,44.4264,26.1406
2022-01-11 18:00:00,2022-01-11 19:00:00,16.5,44.4264,26.1406,12.48,44.4264,26.1406,14.78,44.4264,26.1406
2022-01-11 19:00:00,2022-01-11 20:00:00,16.38,44.4264,26.1406,12.59,44.4264,26.1406,13.21,44.4264,26.1406
2022-01-11 20:00:00,2022-01-11 21:00:00,17.19,44.4264,26.1406,13.45,44.4264,26.1406,11.2,44.4264,26.1406
2022-01-11 21:00:00,2022-01-11 22:00:00,15.83,44.4264,26.1406,11.68,44.4264,26.1406,9.78,44.4264,26.1406
2022-01-11 22:00:00,2022-01-11 23:00:00,12.95,44.4264,26.1406,9.98,44.4264,26.1406,8.05,44.4264,26.1406
2022-01-11 23:00:00,2022-01-12 00:00:00,12.5,44.4264,26.1406,9.88,44.4264,26.1406,6.97,44.4264,26.1406
2022-01-12 00:00:00,2022-01-12 01:00:00,10.77,44.4264,26.1406,7.52,44.4264,26.1406,6.51,44.4264,26.1406
2022-01-12 01:00:00,2022-01-12 02:00:00,11.52,44.4264,26.1406,8.59,44.4264,26.1406,5.42,44.4264,26.1406
2022-01-12 02:00:00,2022-01-12 03:00:00,9.57,44.4264,26.1406,5.75,44.4264,26.1406,5.14,44.4264,26.1406
2022-01-12 03:00:00,2022-01-12 04:00:00,11.56,44.4264,26.1406,9.87,44.4264,26.1406,5.74,44.4264,26.1406
2022-01-12 04:00:00,2022-01-12 05:00:00,10.02,44.4264,26.1406,8.03,44.4264,26.1406,7.43,44.4264,26.1406
2022-01-12 05:00:00,2022-01-12 06:00:00,8.69,44.4264,26.1406,5.47,44.4264,26.1406,13.14,44.4264,26.1406
2022-01-12 06:00:00,2022-01-12 07:00:00,12.19,44.4264,26.1406,8.24,44.4264,26.1406,21.1,44.4264,26.1406
2022-01-12 07:00:00,2022-01-12 08:00:00,17.4,44.4264,26.1406,12.29,44.4264,26.1406,20.99,44.4264,26.1406
2022-01-12 08:00:00,2022-01-12 09:00:00,18.51,44.4264,26.1406,12.89,44.4264,26.1406,20.55,44.4264,26.1406
2022-01-12 09:00:00,2022-01-12 10:00:00,19.96,44.4264,26.1406,13.58,44.4264,26.1406,,44.4264,26.1406
2022-01-12 10:00:00,2022-01-12 11:00:00,15.27,44.4264,26.1406,11.29,44.4264,26.1406,12.66,44.4264,26.1406
2022-01-12 11:00:00,2022-01-12 12:00:00,17.82,44.4264,26.1406,13.53,44.4264,26.1406,13.49,44.4264,26.1406
2022-01-12 12:00:00,2022-01-12 13:00:00,20.65,44.4264,26.1406,15.34,44.4264,26.1406,14.7,44.4264,26.1406
2022-01-12 13:00:00,2022-01-12 14:00:00,21.26,44.4264,26.1406,15.91,44.4264,26.1406,10.05,44.4264,26.1406
2022-01-12 14:00:00,2022-01-12 15:00:00,19.9,44.4264,26.1406,15.78,44.4264,26.1406,10.84,44.4264,26.1406
2022-01-12 15:00:00,2022-01-12 16:00:00,18.01,44.4264,26.1406,13.06,44.4264,26.1406,14.42,44.4264,26.1406
2022-01-12 16:00:00,2022-01-12 17:00:00,21.26,44.4264,26.1406,16.24,44.4264,26.1406,14.09,44.4264,26.1406
2022-01-12 17:00:00,2022-01-12 18:00:00,22.54,44.4264,26.1406,17.88,44.4264,26.1406,16.42,44.4264,26.1406
2022-01-12 18:00:00,2022-01-12 19:00:00,20.54,44.4264,26.1406,15.83,44.4264,26.1406,21.01,44.4264,26.1406
2022-01-12 19:00:00,2022-01-12 20:00:00,25.59,44.4264,26.1406,19.04,44.4264,26.1406,26.24,44.4264,26.1406
2022-01-12 20:00:00,2022-01-12 21:00:00,26.44,44.4264,26.1406,21.26,44.4264,26.1406,28.38,44.4264,26.1406
2022-01-12 21:00:00,2022-01-12 22:00:00,28.84,44.4264,26.1406,23.47,44.4264,26.1406,26.99,44.4264,26.1406
2022-01-12 22:00:00,2022-01-12 23:00:00,26.97,44.4264,26.1406,23.08,44.4264,26.1406,24.0,44.4264,26.1406
2022-01-12 23:00:00,2022-01-13 00:00:00,22.06,44.4264,26.1406,19.21,44.4264,26.1406,18.78,44.4264,26.1406
2022-01-13 00:00:00,2022-01-13 01:00:00,19.17,44.4264,26.1406,16.62,44.4264,26.1406,21.89,44.4264,26.1406
2022-01-13 01:00:00,2022-01-13 02:00:00,24.38,44.4264,26.1406,20.25,44.4264,26.1406,19.12,44.4264,26.1406
2022-01-13 02:00:00,2022-01-13 03:00:00,19.09,44.4264,26.1406,16.02,44.4264,26.1406,9.71,44.4264,26.1406
2022-01-13 03:00:00,2022-01-13 04:00:00,22.33,44.4264,26.1406,19.5,44.4264,26.1406,22.44,44.4264,26.1406
2022-01-13 04:00:00,2022-01-13 05:00:00,25.46,44.4264,26.1406,21.3,44.4264,26.1406,28.02,44.4264,26.1406
2022-01-13 05:00:00,2022-01-13 06:00:00,31.62,44.4264,26.1406,23.48,44.4264,26.1406,38.66,44.4264,26.1406
2022-01-13 06:00:00,2022-01-13 07:00:00,43.91,44.4264,26.1406,25.06,44.4264,26.1406,40.97,44.4264,26.1406
2022-01-13 07:00:00,2022-01-13 08:00:00,45.6,44.4264,26.1406,28.18,44.4264,26.1406,38.74,44.4264,26.1406
2022-01-13 08:00:00,2022-01-13 09:00:00,39.82,44.4264,26.1406,24.76,44.4264,26.1406,28.35,44.4264,26.1406
2022-01-13 09:00:00,2022-01-13 10:00:00,31.87,44.4264,26.1406,23.17,44.4264,26.1406,26.2,44.4264,26.1406
2022-01-13 10:00:00,2022-01-13 11:00:00,31.06,44.4264,26.1406,23.51,44.4264,26.1406,,44.4264,26.1406
2022-01-13 11:00:00,2022-01-13 12:00:00,31.24,44.4264,26.1406,22.83,44.4264,26.1406,13.96,44.4264,26.1406
2022-01-13 12:00:00,2022-01-13 13:00:00,23.4,44.4264,26.1406,15.18,44.4264,26.1406,12.75,44.4264,26.1406
2022-01-13 13:00:00,2022-01-13 14:00:00,20.27,44.4264,26.1406,13.92,44.4264,26.1406,11.82,44.4264,26.1406
2022-01-13 14:00:00,2022-01-13 15:00:00,26.13,44.4264,26.1406,21.11,44.4264,26.1406,12.09,44.4264,26.1406
2022-01-13 15:00:00,2022-01-13 16:00:00,24.29,44.4264,26.1406,19.52,44.4264,26.1406,16.37,44.4264,26.1406
2022-01-13 16:00:00,2022-01-13 17:00:00,30.12,44.4264,26.1406,25.03,44.4264,26.1406,22.16,44.4264,26.1406
2022-01-13 17:00:00,2022-01-13 18:00:00,31.37,44.4264,26.1406,26.95,44.4264,26.1406,18.04,44.4264,26.1406
2022-01-13 18:00:00,2022-01-13 19:00:00,30.33,44.4264,26.1406,25.88,44.4264,26.1406,16.23,44.4264,26.1406
2022-01-13 19:00:00,2022-01-13 20:00:00,35.79,44.4264,26.1406,31.65,44.4264,26.1406,18.73,44.4264,26.1406
2022-01-13 20:00:00,2022-01-13 21:00:00,31.85,44.4264,26.1406,30.08,44.4264,26.1406,16.65,44.4264,26.1406
2022-01-13 21:00:00,2022-01-13 22:00:00,31.92,44.4264,26.1406,30.04,44.4264,26.1406,13.69,44.4264,26.1406
2022-01-13 22:00:00,2022-01-13 23:00:00,30.15,44.4264,26.1406,27.53,44.4264,26.1406,11.59,44.4264,26.1406
2022-01-13 23:00:00,2022-01-14 00:00:00,31.17,44.4264,26.1406,28.74,44.4264,26.1406,11.28,44.4264,26.1406
2022-01-14 00:00:00,2022-01-14 01:00:00,33.75,44.4264,26.1406,32.31,44.4264,26.1406,10.22,44.4264,26.1406
2022-01-14 01:00:00,2022-01-14 02:00:00,37.18,44.4264,26.1406,34.83,44.4264,26.1406,13.99,44.4264,26.1406
2022-01-14 02:00:00,2022-01-14 03:00:00,35.19,44.4264,26.1406,32.15,44.4264,26.1406,17.56,44.4264,26.1406
2022-01-14 03:00:00,2022-01-14 04:00:00,34.57,44.4264,26.1406,31.43,44.4264,26.1406,12.83,44.4264,26.1406
2022-01-14 04:00:00,2022-01-14 05:00:00,32.73,44.4264,26.1406,30.59,44.4264,26.1406,16.3,44.4264,26.1406
2022-01-14 05:00:00,2022-01-14 06:00:00,35.07,44.4264,26.1406,32.02,44.4264,26.1406,19.02,44.4264,26.1406
2022-01-14 06:00:00,2022-01-14 07:00:00,38.55,44.4264,26.1406,35.26,44.4264,26.1406,23.61,44.4264,26.1406
2022-01-14 07:00:00,2022-01-14 08:00:00,38.5,44.4264,26.1406,34.86,44.4264,26.1406,24.68,44.4264,26.1406
2022-01-14 08:00:00,2022-01-14 09:00:00,40.95,44.4264,26.1406,35.57,44.4264,26.1406,20.34,44.4264,26.1406
2022-01-14 09:00:00,2022-01-14 10:00:00,40.77,44.4264,26.1406,35.7,44.4264,26.1406,14.5,44.4264,26.1406
2022-01-14 10:00:00,2022-01-14 11:00:00,34.43,44.4264,26.1406,28.63,44.4264,26.1406,13.18,44.4264,26.1406
2022-01-14 11:00:00,2022-01-14 12:00:00,29.71,44.4264,26.1406,24.21,44.4264,26.1406,,44.4264,26.1406
2022-01-14 12:00:00,2022-01-14 13:00:00,29.23,44.4264,26.1406,24.43,44.4264,26.1406,13.33,44.4264,26.1406
2022-01-14 13:00:00,2022-01-14 14:00:00,26.72,44.4264,26.1406,20.26,44.4264,26.1406,14.1,44.4264,26.1406
2022-01-14 14:00:00,2022-01-14 15:00:00,24.52,44.4264,26.1406,18.14,44.4264,26.1406,14.35,44.4264,26.1406
2022-01-14 15:00:00,2022-01-14 16:00:00,26.51,44.4264,26.1406,22.31,44.4264,26.1406,17.95,44.4264,26.1406
2022-01-14 16:00:00,2022-01-14 17:00:00,19.98,44.4264,26.1406,14.77,44.4264,26.1406,24.6,44.4264,26.1406
2022-01-14 17:00:00,2022-01-14 18:00:00,24.17,44.4264,26.1406,19.71,44.4264,26.1406,23.03,44.4264,26.1406
2022-01-14 18:00:00,2022-01-14 19:00:00,27.47,44.4264,26.1406,23.02,44.4264,26.1406,26.38,44.4264,26.1406
2022-01-14 19:00:00,2022-01-14 20:00:00,25.71,44.4264,26.1406,21.96,44.4264,26.1406,21.49,44.4264,26.1406
2022-01-14 20:00:00,2022-01-14 21:00:00,20.1,44.4264,26.1406,16.31,44.4264,26.1406,22.56,44.4264,26.1406
2022-01-14 21:00:00,2022-01-14 22:00:00,21.83,44.4264,26.1406,18.87,44.4264,26.1406,23.29,44.4264,26.1406
2022-01-14 22:00:00,2022-01-14 23:00:00,27.64,44.4264,26.1406,25.24,44.4264,26.1406,34.95,44.4264,26.1406
2022-01-14 23:00:00,2022-01-15 00:00:00,35.05,44.4264,26.1406,29.28,44.4264,26.1406,42.86,44.4264,26.1406
2022-01-15 00:00:00,2022-01-15 01:00:00,31.26,44.4264,26.1406,26.82,44.4264,26.1406,38.54,44.4264,26.1406
2022-01-15 01:00:00,2022-01-15 02:00:00,25.36,44.4264,26.1406,21.37,44.4264,26.1406,38.74,44.4264,26.1406
2022-01-15 02:00:00,2022-01-15 03:00:00,17.87,44.4264,26.1406,15.06,44.4264,26.1406,35.56,44.4264,26.1406
2022-01-15 03:00:00,2022-01-15 04:00:00,18.71,44.4264,26.1406,15.63,44.4264,26.1406,26.06,44.4264,26.1406
2022-01-15 04:00:00,2022-01-15 05:00:00,27.03,44.4264,26.1406,24.96,44.4264,26.1406,27.58,44.4264,26.1406
2022-01-15 05:00:00,2022-01-15 06:00:00,25.07,44.4264,26.1406,23.19,44.4264,26.1406,30.04,44.4264,26.1406
2022-01-15 06:00:00,2022-01-15 07:00:00,24.45,44.4264,26.1406,21.09,44.4264,26.1406,23.13,44.4264,26.1406
2022-01-15 07:00:00,2022-01-15 08:00:00,22.35,44.4264,26.1406,19.6,44.4264,26.1406,20.41,44.4264,26.1406
2022-01-15 08:00:00,2022-01-15 09:00:00,24.37,44.4264,26.1406,21.35,44.4264,26.1406,27.66,44.4264,26.1406
2022-01-15 09:00:00,2022-01-15 10:00:00,26.93,44.4264,26.1406,22.03,44.4264,26.1406,17.66,44.4264,26.1406
2022-01-15 10:00:00,2022-01-15 11:00:00,20.54,44.4264,26.1406,15.62,44.4264,26.1406,10.3,44.4264,26.1406
2022-01-15 11:00:00,2022-01-15 12:00:00,20.96,44.4264,26.1406,17.74,44.4264,26.1406,8.23,44.4264,26.1406
2022-01-15 12:00:00,2022-01-15 13:00:00,19.45,44.4264,26.1406,16.6,44.4264,26.1406,,44.4264,26.1406
2022-01-15 13:00:00,2022-01-15 14:00:00,17.77,44.4264,26.1406,15.69,44.4264,26.1406,5.32,44.4264,26.1406
2022-01-15 14:00:00,2022-01-15 15:00:00,12.66,44.4264,26.1406,10.36,44.4264,26.1406,5.92,44.4264,26.1406
2022-01-15 15:00:00,2022-01-15 16:00:00,10.89,44.4264,26.1406,8.43,44.4264,26.1406,8.14,44.4264,26.1406
2022-01-15 16:00:00,2022-01-15 17:00:00,16.22,44.4264,26.1406,10.73,44.4264,26.1406,28.37,44.4264,26.1406
2022-01-15 17:00:00,2022-01-15 18:00:00,23.69,44.4264,26.1406,13.48,44.4264,26.1406,29.68,44.4264,26.1406
2022-01-15 18:00:00,2022-01-15 19:00:00,28.35,44.4264,26.1406,18.27,44.4264,26.1406,50.06,44.4264,26.1406
2022-01-15 19:00:00,2022-01-15 20:00:00,54.35,44.4264,26.1406,30.56,44.4264,26.1406,63.63,44.4264,26.1406
2022-01-15 20:00:00,2022-01-15 21:00:00,50.52,44.4264,26.1406,27.86,44.4264,26.1406,71.6,44.4264,26.1406
2022-01-15 21:00:00,2022-01-15 22:00:00,81.6,44.4264,26.1406,53.84,44.4264,26.1406,56.76,44.4264,26.1406
2022-01-15 22:00:00,2022-01-15 23:00:00,79.41,44.4264,26.1406,59.51,44.4264,26.1406,68.76,44.4264,26.1406
2022-01-15 23:00:00,2022-01-16 00:00:00,77.45,44.4264,26.1406,56.38,44.4264,26.1406,58.65,44.4264,26.1406
2022-01-16 00:00:00,2022-01-16 01:00:00,101.4,44.4264,26.1406,82.98,44.4264,26.1406,70.49,44.4264,26.1406
2022-01-16 01:00:00,2022-01-16 02:00:00,78.57,44.4264,26.1406,63.77,44.4264,26.1406,64.22,44.4264,26.1406
2022-01-16 02:00:00,2022-01-16 03:00:00,41.05,44.4264,26.1406,30.45,44.4264,26.1406,50.94,44.4264,26.1406
2022-01-16 03:00:00,2022-01-16 04:00:00,41.62,44.4264,26.1406,33.16,44.4264,26.1406,44.12,44.4264,26.1406
2022-01-16 04:00:00,2022-01-16 05:00:00,35.16,44.4264,26.1406,30.27,44.4264,26.1406,39.78,44.4264,26.1406
2022-01-16 05:00:00,2022-01-16 06:00:00,27.58,44.4264,26.1406,22.62,44.4264,26.1406,27.07,44.4264,26.1406
2022-01-16 06:00:00,2022-01-16 07:00:00,26.34,44.4264,26.1406,21.66,44.4264,26.1406,27.23,44.4264,26.1406
2022-01-16 07:00:00,2022-01-16 08:00:00,27.9,44.4264,26.1406,23.72,44.4264,26.1406,23.11,44.4264,26.1406
2022-01-16 08:00:00,2022-01-16 09:00:00,25.79,44.4264,26.1406,21.15,44.4264,26.1406,20.13,44.4264,26.1406
2022-01-16 09:00:00,2022-01-16 10:00:00,30.34,44.4264,26.1406,24.94,44.4264,26.1406,20.01,44.4264,26.1406
2022-01-16 10:00:00,2022-01-16 11:00:00,33.36,44.4264,26.1406,23.82,44.4264,26.1406,15.83,44.4264,26.1406
2022-01-16 11:00:00,2022-01-16 12:00:00,36.23,44.4264,26.1406,27.74,44.4264,26.1406,13.69,44.4264,26.1406
2022-01-16 12:00:00,2022-01-16 13:00:00,33.55,44.4264,26.1406,26.59,44.4264,26.1406,11.35,44.4264,26.1406
2022-01-16 13:00:00,2022-01-16 14:00:00,25.61,44.4264,26.1406,20.28,44.4264,26.1406,,44.4264,26.1406
2022-01-16 14:00:00,2022-01-16 15:00:00,28.84,44.4264,26.1406,25.89,44.4264,26.1406,10.83,44.4264,26.1406
2022-01-16 15:00:00,2022-01-16 16:00:00,25.39,44.4264,26.1406,22.24,44.4264,26.1406,13.52,44.4264,26.1406
2022-01-16 16:00:00,2022-01-16 17:00:00,28.69,44.4264,26.1406,23.39,44.4264,26.1406,27.2,44.4264,26.1406
2022-01-16 17:00:00,2022-01-16 18:00:00,40.16,44.4264,26.1406,33.53,44.4264,26.1406,31.25,44.4264,26.1406
2022-01-16 18:00:00,2022-01-16 19:00:00,42.61,44.4264,26.1406,36.21,44.4264,26.1406,31.34,44.4264,26.1406
2022-01-16 19:00:00,2022-01-16 20:00:00,40.39,44.4264,26.1406,35.15,44.4264,26.1406,26.71,44.4264,26.1406
2022-01-16 20:00:00,2022-01-16 21:00:00,38.97,44.4264,26.1406,34.9,44.4264,26.1406,24.26,44.4264,26.1406
2022-01-16 21:00:00,2022-01-16 22:00:00,40.24,44.4264,26.1406,35.61,44.4264,26.1406,31.49,44.4264,26.1406
2022-01-16 22:00:00,2022-01-16 23:00:00,45.45,44.4264,26.1406,39.91,44.4264,26.1406,27.69,44.4264,26.1406
2022-01-16 23:00:00,2022-01-17 00:00:00,41.26,44.4264,26.1406,36.91,44.4264,26.1406,16.2,44.4264,26.1406
2022-01-17 00:00:00,2022-01-17 01:00:00,37.21,44.4264,26.1406,34.19,44.4264,26.1406,13.28,44.4264,26.1406
2022-01-17 01:00:00,2022-01-17 02:00:00,32.76,44.4264,26.1406,29.29,44.4264,26.1406,15.23,44.4264,26.1406
2022-01-17 02:00:00,2022-01-17 03:00:00,34.5,44.4264,26.1406,30.89,44.4264,26.1406,16.07,44.4264,26.1406
2022-01-17 03:00:00,2022-01-17 04:00:00,33.6,44.4264,26.1406,30.69,44.4264,26.1406,15.24,44.4264,26.1406
2022-01-17 04:00:00,2022-01-17 05:00:00,34.06,44.4264,26.1406,31.39,44.4264,26.1406,14.07,44.4264,26.1406
2022-01-17 05:00:00,2022-01-17 06:00:00,30.33,44.4264,26.1406,27.46,44.4264,26.1406,19.52,44.4264,26.1406
2022-01-17 06:00:00,2022-01-17 07:00:00,31.41,44.4264,26.1406,27.9,44.4264,26.1406,26.4,44.4264,26.1406
2022-01-17 07:00:00,2022-01-17 08:00:00,39.95,44.4264,26.1406,35.34,44.4264,26.1406,24.18,44.4264,26.1406
2022-01-17 08:00:00,2022-01-17 09:00:00,32.61,44.4264,26.1406,27.37,44.4264,26.1406,16.64,44.4264,26.1406
2022-01-17 09:00:00,2022-01-17 10:00:00,27.98,44.4264,26.1406,22.81,44.4264,26.1406,15.17,44.4264,26.1406
2022-01-17 10:00:00,2022-01-17 11:00:00,24.14,44.4264,26.1406,17.61,44.4264,26.1406,13.23,44.4264,26.1406
2022-01-17 11:00:00,2022-01-17 12:00:00,30.41,44.4264,26.1406,21.11,44.4264,26.1406,10.75,44.4264,26.1406
2022-01-17 12:00:00,2022-01-17 13:00:00,24.25,44.4264,26.1406,15.93,44.4264,26.1406,12.45,44.4264,26.1406
2022-01-17 13:00:00,2022-01-17 14:00:00,22.06,44.4264,26.1406,13.41,44.4264,26.1406,12.25,44.4264,26.1406
2022-01-17 14:00:00,2022-01-17 15:00:00,17.91,44.4264,26.1406,9.77,44.4264,26.1406,,44.4264,26.1406
2022-01-17 15:00:00,2022-01-17 16:00:00,25.25,44.4264,26.1406,14.09,44.4264,26.1406,14.35,44.4264,26.1406
2022-01-17 16:00:00,2022-01-17 17:00:00,21.99,44.4264,26.1406,12.14,44.4264,26.1406,15.12,44.4264,26.1406
2022-01-17 17:00:00,2022-01-17 18:00:00,17.69,44.4264,26.1406,12.35,44.4264,26.1406,14.45,44.4264,26.1406
2022-01-17 18:00:00,2022-01-17 19:00:00,16.44,44.4264,26.1406,10.01,44.4264,26.1406,12.55,44.4264,26.1406
2022-01-17 19:00:00,2022-01-17 20:00:00,17.43,44.4264,26.1406,10.58,44.4264,26.1406,11.05,44.4264,26.1406
2022-01-17 20:00:00,2022-01-17 21:00:00,14.3,44.4264,26.1406,7.35,44.4264,26.1406,9.42,44.4264,26.1406
2022-01-17 21:00:00,2022-01-17 22:00:00,17.47,44.4264,26.1406,10.87,44.4264,26.1406,8.26,44.4264,26.1406
2022-01-17 22:00:00,2022-01-17 23:00:00,14.98,44.4264,26.1406,10.37,44.4264,26.1406,6.92,44.4264,26.1406
2022-01-17 23:00:00,2022-01-18 00:00:00,14.4,44.4264,26.1406,10.6,44.4264,26.1406,6.88,44.4264,26.1406
2022-01-18 00:00:00,2022-01-18 01:00:00,11.22,44.4264,26.1406,10.49,44.4264,26.1406,6.56,44.4264,26.1406
2022-01-18 01:00:00,2022-01-18 02:00:00,8.97,44.4264,26.1406,7.63,44.4264,26.1406,6.18,44.4264,26.1406
2022-01-18 02:00:00,2022-01-18 03:00:00,5.25,44.4264,26.1406,1.8,44.4264,26.1406,6.37,44.4264,26.1406
2022-01-18 03:00:00,2022-01-18 04:00:00,3.34,44.4264,26.1406,1.47,44.4264,26.1406,6.98,44.4264,26.1406
2022-01-18 04:00:00,2022-01-18 05:00:00,4.69,44.4264,26.1406,2.7,44.4264,26.1406,11.03,44.4264,26.1406
2022-01-18 05:00:00,2022-01-18 06:00:00,7.75,44.4264,26.1406,4.18,44.4264,26.1406,27.96,44.4264,26.1406
2022-01-18 06:00:00,2022-01-18 07:00:00,10.07,44.4264,26.1406,3.2,44.4264,26.1406,36.13,44.4264,26.1406
2022-01-18 07:00:00,2022-01-18 08:00:00,18.31,44.4264,26.1406,7.53,44.4264,26.1406,38.2,44.4264,26.1406
2022-01-18 08:00:00,2022-01-18 09:00:00,16.96,44.4264,26.1406,5.75,44.4264,26.1406,22.69,44.4264,26.1406
2022-01-18 09:00:00,2022-01-18 10:00:00,16.16,44.4264,26.1406,7.95,44.4264,26.1406,7.48,44.4264,26.1406
2022-01-18 10:00:00,2022-01-18 11:00:00,12.27,44.4264,26.1406,6.21,44.4264,26.1406,6.57,44.4264,26.1406
2022-01-18 11:00:00,2022-01-18 12:00:00,17.24,44.4264,26.1406,12.33,44.4264,26.1406,8.04,44.4264,26.1406
2022-01-18 12:00:00,2022-01-18 13:00:00,12.64,44.4264,26.1406,8.2,44.4264,26.1406,7.14,44.4264,26.1406
2022-01-18 13:00:00,2022-01-18 14:00:00,8.28,44.4264,26.1406,4.46,44.4264,26.1406,5.14,44.4264,26.1406
2022-01-18 14:00:00,2022-01-18 15:00:00,7.08,44.4264,26.1406,3.99,44.4264,26.1406,4.0,44.4264,26.1406
2022-01-18 15:00:00,2022-01-18 16:00:00,12.63,44.4264,26.1406,6.93,44.4264,26.1406,,44.4264,26.1406
2022-01-18 16:00:00,2022-01-18 17:00:00,13.26,44.4264,26.1406,6.12,44.4264,26.1406,11.24,44.4264,26.1406
2022-01-18 17:00:00,2022-01-18 18:00:00,19.11,44.4264,26.1406,11.44,44.4264,26.1406,16.35,44.4264,26.1406
2022-01-18 18:00:00,2022-01-18 19:00:00,18.67,44.4264,26.1406,11.43,44.4264,26.1406,17.36,44.4264,26.1406
2022-01-18 19:00:00,2022-01-18 20:00:00,21.63,44.4264,26.1406,14.87,44.4264,26.1406,21.7,44.4264,26.1406
2022-01-18 20:00:00,2022-01-18 21:00:00,23.74,44.4264,26.1406,17.17,44.4264,26.1406,16.32,44.4264,26.1406
2022-01-18 21:00:00,2022-01-18 22:00:00,17.3,44.4264,26.1406,12.3,44.4264,26.1406,17.85,44.4264,26.1406
2022-01-18 22:00:00,2022-01-18 23:00:00,17.25,44.4264,26.1406,13.04,44.4264,26.1406,14.16,44.4264,26.1406
2022-01-18 23:00:00,2022-01-19 00:00:00,13.09,44.4264,26.1406,9.6,44.4264,26.1406,11.4,44.4264,26.1406
2022-01-19 00:00:00,2022-01-19 01:00:00,10.54,44.4264,26.1406,7.25,44.4264,26.1406,11.3,44.4264,26.1406
2022-01-19 01:00:00,2022-01-19 02:00:00,10.11,44.4264,26.1406,7.47,44.4264,26.1406,14.96,44.4264,26.1406
2022-01-19 02:00:00,2022-01-19 03:00:00,12.22,44.4264,26.1406,9.9,44.4264,26.1406,12.41,44.4264,26.1406
2022-01-19 03:00:00,2022-01-19 04:00:00,12.59,44.4264,26.1406,9.93,44.4264,26.1406,15.35,44.4264,26.1406
2022-01-19 04:00:00,2022-01-19 05:00:00,10.78,44.4264,26.1406,8.45,44.4264,26.1406,18.42,44.4264,26.1406
2022-01-19 05:00:00,2022-01-19 06:00:00,8.55,44.4264,26.1406,5.71,44.4264,26.1406,31.26,44.4264,26.1406
2022-01-19 06:00:00,2022-01-19 07:00:00,17.94,44.4264,26.1406,11.98,44.4264,26.1406,51.08,44.4264,26.1406
2022-01-19 07:00:00,2022-01-19 08:00:00,38.58,44.4264,26.1406,15.09,44.4264,26.1406,69.31,44.4264,26.1406
2022-01-19 08:00:00,2022-01-19 09:00:00,56.24,44.4264,26.1406,27.89,44.4264,26.1406,44.27,44.4264,26.1406
2022-01-19 09:00:00,2022-01-19 10:00:00,38.54,44.4264,26.1406,17.94,44.4264,26.1406,27.09,44.4264,26.1406
2022-01-19 10:00:00,2022-01-19 11:00:00,25.59,44.4264,26.1406,14.6,44.4264,26.1406,13.58,44.4264,26.1406
2022-01-19 11:00:00,2022-01-19 12:00:00,15.44,44.4264,26.1406,9.93,44.4264,26.1406,8.74,44.4264,26.1406
2022-01-19 12:00:00,2022-01-19 13:00:00,11.53,44.4264,26.1406,7.26,44.4264,26.1406,8.26,44.4264,26.1406
2022-01-19 13:00:00,2022-01-19 14:00:00,17.63,44.4264,26.1406,12.61,44.4264,26.1406,7.54,44.4264,26.1406
2022-01-19 14:00:00,2022-01-19 15:00:00,17.56,44.4264,26.1406,12.31,44.4264,26.1406,10.47,44.4264,26.1406
2022-01-19 15:00:00,2022-01-19 16:00:00,22.96,44.4264,26.1406,15.38,44.4264,26.1406,18.6,44.4264,26.1406
2022-01-19 16:00:00,2022-01-19 17:00:00,24.7,44.4264,26.1406,15.55,44.4264,26.1406,,44.4264,26.1406
2022-01-19 17:00:00,2022-01-19 18:00:00,20.23,44.4264,26.1406,12.99,44.4264,26.1406,32.51,44.4264,26.1406
2022-01-19 18:00:00,2022-01-19 19:00:00,24.16,44.4264,26.1406,16.49,44.4264,26.1406,31.03,44.4264,26.1406
2022-01-19 19:00:00,2022-01-19 20:00:00,28.7,44.4264,26.1406,21.54,44.4264,26.1406,27.65,44.4264,26.1406
2022-01-19 20:00:00,2022-01-19 21:00:00,23.36,44.4264,26.1406,17.36,44.4264,26.1406,29.13,44.4264,26.1406
2022-01-19 21:00:00,2022-01-19 22:00:00,25.94,44.4264,26.1406,20.5,44.4264,26.1406,25.26,44.4264,26.1406
2022-01-19 22:00:00,2022-01-19 23:00:00,27.2,44.4264,26.1406,22.21,44.4264,26.1406,17.5,44.4264,26.1406
2022-01-19 23:00:00,2022-01-20 00:00:00,24.24,44.4264,26.1406,18.77,44.4264,26.1406,14.46,44.4264,26.1406
2022-01-20 00:00:00,2022-01-20 01:00:00,27.53,44.4264,26.1406,22.99,44.4264,26.1406,13.56,44.4264,26.1406
2022-01-20 01:00:00,2022-01-20 02:00:00,29.69,44.4264,26.1406,24.71,44.4264,26.1406,14.16,44.4264,26.1406
2022-01-20 02:00:00,2022-01-20 03:00:00,26.07,44.4264,26.1406,19.9,44.4264,26.1406,15.19,44.4264,26.1406
2022-01-20 03:00:00,2022-01-20 04:00:00,31.03,44.4264,26.1406,25.49,44.4264,26.1406,14.03,44.4264,26.1406
2022-01-20 04:00:00,2022-01-20 05:00:00,31.46,44.4264,26.1406,25.93,44.4264,26.1406,15.95,44.4264,26.1406
2022-01-20 05:00:00,2022-01-20 06:00:00,31.6,44.4264,26.1406,25.17,44.4264,26.1406,19.7,44.4264,26.1406
2022-01-20 06:00:00,2022-01-20 07:00:00,33.36,44.4264,26.1406,25.8,44.4264,26.1406,25.45,44.4264,26.1406
2022-01-20 07:00:00,2022-01-20 08:00:00,35.61,44.4264,26.1406,27.41,44.4264,26.1406,27.38,44.4264,26.1406
2022-01-20 08:00:00,2022-01-20 09:00:00,36.66,44.4264,26.1406,28.94,44.4264,26.1406,19.89,44.4264,26.1406
2022-01-20 09:00:00,2022-01-20 10:00:00,32.32,44.4264,26.1406,23.04,44.4264,26.1406,13.51,44.4264,26.1406
2022-01-20 10:00:00,2022-01-20 11:00:00,28.96,44.4264,26.1406,16.69,44.4264,26.1406,13.38,44.4264,26.1406
2022-01-20 11:00:00,2022-01-20 12:00:00,32.7,44.4264,26.1406,16.44,44.4264,26.1406,9.73,44.4264,26.1406
2022-01-20 12:00:00,2022-01-20 13:00:00,31.71,44.4264,26.1406,16.77,44.4264,26.1406,11.22,44.4264,26.1406
2022-01-20 13:00:00,2022-01-20 14:00:00,30.12,44.4264,26.1406,18.26,44.4264,26.1406,12.82,44.4264,26.1406
2022-01-20 14:00:00,2022-01-20 15:00:00,28.88,44.4264,26.1406,15.47,44.4264,26.1406,11.78,44.4264,26.1406
2022-01-20 15:00:00,2022-01-20 16:00:00,24.89,44.4264,26.1406,10.93,44.4264,26.1406,14.36,44.4264,26.1406
2022-01-20 16:00:00,2022-01-20 17:00:00,22.46,44.4264,26.1406,12.71,44.4264,26.1406,17.04,44.4264,26.1406
2022-01-20 17:00:00,2022-01-20 18:00:00,20.18,44.4264,26.1406,10.88,44.4264,26.1406,,44.4264,26.1406
2022-01-20 18:00:00,2022-01-20 19:00:00,16.44,44.4264,26.1406,9.68,44.4264,26.1406,18.61,44.4264,26.1406
2022-01-20 19:00:00,2022-01-20 20:00:00,12.14,44.4264,26.1406,5.47,44.4264,26.1406,17.53,44.4264,26.1406
2022-01-20 20:00:00,2022-01-20 21:00:00,14.55,44.4264,26.1406,9.46,44.4264,26.1406,17.77,44.4264,26.1406
2022-01-20 21:00:00,2022-01-20 22:00:00,13.71,44.4264,26.1406,9.27,44.4264,26.1406,20.39,44.4264,26.1406
2022-01-20 22:00:00,2022-01-20 23:00:00,17.52,44.4264,26.1406,13.4,44.4264,26.1406,16.23,44.4264,26.1406
2022-01-20 23:00:00,2022-01-21 00:00:00,13.46,44.4264,26.1406,10.01,44.4264,26.1406,10.77,44.4264,26.1406
2022-01-21 00:00:00,2022-01-21 01:00:00,14.36,44.4264,26.1406,11.14,44.4264,26.1406,10.9,44.4264,26.1406
2022-01-21 01:00:00,2022-01-21 02:00:00,11.71,44.4264,26.1406,9.14,44.4264,26.1406,11.32,44.4264,26.1406
2022-01-21 02:00:00,2022-01-21 03:00:00,12.9,44.4264,26.1406,10.96,44.4264,26.1406,14.6,44.4264,26.1406
2022-01-21 03:00:00,2022-01-21 04:00:00,10.89,44.4264,26.1406,8.27,44.4264,26.1406,13.6,44.4264,26.1406
2022-01-21 04:00:00,2022-01-21 05:00:00,9.93,44.4264,26.1406,7.47,44.4264,26.1406,16.96,44.4264,26.1406
2022-01-21 05:00:00,2022-01-21 06:00:00,12.55,44.4264,26.1406,10.95,44.4264,26.1406,16.94,44.4264,26.1406
2022-01-21 06:00:00,2022-01-21 07:00:00,19.6,44.4264,26.1406,17.45,44.4264,26.1406,20.38,44.4264,26.1406
2022-01-21 07:00:00,2022-01-21 08:00:00,17.08,44.4264,26.1406,11.48,44.4264,26.1406,32.59,44.4264,26.1406
2022-01-21 08:00:00,2022-01-21 09:00:00,24.65,44.4264,26.1406,13.43,44.4264,26.1406,31.58,44.4264,26.1406
2022-01-21 09:00:00,2022-01-21 10:00:00,31.0,44.4264,26.1406,15.52,44.4264,26.1406,29.16,44.4264,26.1406
2022-01-21 10:00:00,2022-01-21 11:00:00,18.97,44.4264,26.1406,9.23,44.4264,26.1406,12.58,44.4264,26.1406
2022-01-21 11:00:00,2022-01-21 12:00:00,13.97,44.4264,26.1406,7.54,44.4264,26.1406,11.77,44.4264,26.1406
2022-01-21 12:00:00,2022-01-21 13:00:00,14.32,44.4264,26.1406,9.68,44.4264,26.1406,6.2,44.4264,26.1406
2022-01-21 13:00:00,2022-01-21 14:00:00,15.26,44.4264,26.1406,9.8,44.4264,26.1406,8.75,44.4264,26.1406
2022-01-21 14:00:00,2022-01-21 15:00:00,16.05,44.4264,26.1406,7.23,44.4264,26.1406,12.06,44.4264,26.1406
2022-01-21 15:00:00,2022-01-21 16:00:00,17.73,44.4264,26.1406,8.68,44.4264,26.1406,12.11,44.4264,26.1406
2022-01-21 16:00:00,2022-01-21 17:00:00,18.01,44.4264,26.1406,8.94,44.4264,26.1406,16.64,44.4264,26.1406
2022-01-21 17:00:00,2022-01-21 18:00:00,18.01,44.4264,26.1406,9.2,44.4264,26.1406,17.82,44.4264,26.1406
2022-01-21 18:00:00,2022-01-21 19:00:00,14.75,44.4264,26.1406,8.81,44.4264,26.1406,,44.4264,26.1406
2022-01-21 19:00:00,2022-01-21 20:00:00,16.47,44.4264,26.1406,10.16,44.4264,26.1406,30.4,44.4264,26.1406
2022-01-21 20:00:00,2022-01-21 21:00:00,23.16,44.4264,26.1406,16.79,44.4264,26.1406,18.03,44.4264,26.1406
2022-01-21 21:00:00,2022-01-21 22:00:00,14.19,44.4264,26.1406,11.04,44.4264,26.1406,12.13,44.4264,26.1406
2022-01-21 22:00:00,2022-01-21 23:00:00,14.23,44.4264,26.1406,12.1,44.4264,26.1406,16.58,44.4264,26.1406
2022-01-21 23:00:00,2022-01-22 00:00:00,16.39,44.4264,26.1406,13.2,44.4264,26.1406,24.54,44.4264,26.1406
2022-01-22 00:00:00,2022-01-22 01:00:00,13.5,44.4264,26.1406,10.04,44.4264,26.1406,13.53,44.4264,26.1406
2022-01-22 01:00:00,2022-01-22 02:00:00,13.57,44.4264,26.1406,9.6,44.4264,26.1406,15.31,44.4264,26.1406
2022-01-22 02:00:00,2022-01-22 03:00:00,15.49,44.4264,26.1406,11.38,44.4264,26.1406,17.39,44.4264,26.1406
2022-01-22 03:00:00,2022-01-22 04:00:00,13.86,44.4264,26.1406,11.12,44.4264,26.1406,13.25,44.4264,26.1406
2022-01-22 04:00:00,2022-01-22 05:00:00,13.83,44.4264,26.1406,11.51,44.4264,26.1406,18.74,44.4264,26.1406
2022-01-22 05:00:00,2022-01-22 06:00:00,12.96,44.4264,26.1406,10.79,44.4264,26.1406,26.11,44.4264,26.1406
2022-01-22 06:00:00,2022-01-22 07:00:00,12.34,44.4264,26.1406,8.19,44.4264,26.1406,23.67,44.4264,26.1406
2022-01-22 07:00:00,2022-01-22 08:00:00,12.96,44.4264,26.1406,8.57,44.4264,26.1406,25.44,44.4264,26.1406
2022-01-22 08:00:00,2022-01-22 09:00:00,16.54,44.4264,26.1406,9.68,44.4264,26.1406,20.06,44.4264,26.1406
2022-01-22 09:00:00,2022-01-22 10:00:00,21.58,44.4264,26.1406,14.0,44.4264,26.1406,15.26,44.4264,26.1406
2022-01-22 10:00:00,2022-01-22 11:00:00,20.24,44.4264,26.1406,13.92,44.4264,26.1406,9.03,44.4264,26.1406
2022-01-22 11:00:00,2022-01-22 12:00:00,11.99,44.4264,26.1406,8.01,44.4264,26.1406,5.98,44.4264,26.1406
2022-01-22 12:00:00,2022-01-22 13:00:00,7.79,44.4264,26.1406,5.38,44.4264,26.1406,4.21,44.4264,26.1406
2022-01-22 13:00:00,2022-01-22 14:00:00,10.23,44.4264,26.1406,8.9,44.4264,26.1406,3.39,44.4264,26.1406
2022-01-22 14:00:00,2022-01-22 15:00:00,7.71,44.4264,26.1406,6.29,44.4264,26.1406,5.24,44.4264,26.1406
2022-01-22 15:00:00,2022-01-22 16:00:00,12.25,44.4264,26.1406,8.73,44.4264,26.1406,6.89,44.4264,26.1406
2022-01-22 16:00:00,2022-01-22 17:00:00,13.79,44.4264,26.1406,10.59,44.4264,26.1406,17.75,44.4264,26.1406
2022-01-22 17:00:00,2022-01-22 18:00:00,15.64,44.4264,26.1406,11.22,44.4264,26.1406,29.6,44.4264,26.1406
2022-01-22 18:00:00,2022-01-22 19:00:00,12.45,44.4264,26.1406,8.71,44.4264,26.1406,25.21,44.4264,26.1406
2022-01-22 19:00:00,2022-01-22 20:00:00,12.77,44.4264,26.1406,8.15,44.4264,26.1406,,44.4264,26.1406
2022-01-22 20:00:00,2022-01-22 21:00:00,26.89,44.4264,26.1406,22.22,44.4264,26.1406,31.76,44.4264,26.1406
2022-01-22 21:00:00,2022-01-22 22:00:00,40.88,44.4264,26.1406,35.65,44.4264,26.1406,25.73,44.4264,26.1406
2022-01-22 22:00:00,2022-01-22 23:00:00,36.6,44.4264,26.1406,32.05,44.4264,26.1406,24.18,44.4264,26.1406
2022-01-22 23:00:00,2022-01-23 00:00:00,32.72,44.4264,26.1406,29.64,44.4264,26.1406,19.23,44.4264,26.1406
2022-01-23 00:00:00,2022-01-23 01:00:00,25.66,44.4264,26.1406,23.19,44.4264,26.1406,16.28,44.4264,26.1406
2022-01-23 01:00:00,2022-01-23 02:00:00,21.19,44.4264,26.1406,19.2,44.4264,26.1406,16.13,44.4264,26.1406
2022-01-23 02:00:00,2022-01-23 03:00:00,26.43,44.4264,26.1406,23.75,44.4264,26.1406,16.9,44.4264,26.1406
2022-01-23 03:00:00,2022-01-23 04:00:00,29.62,44.4264,26.1406,26.94,44.4264,26.1406,17.62,44.4264,26.1406
2022-01-23 04:00:00,2022-01-23 05:00:00,27.48,44.4264,26.1406,25.97,44.4264,26.1406,19.21,44.4264,26.1406
2022-01-23 05:00:00,2022-01-23 06:00:00,20.91,44.4264,26.1406,18.75,44.4264,26.1406,23.02,44.4264,26.1406
2022-01-23 06:00:00,2022-01-23 07:00:00,23.07,44.4264,26.1406,20.59,44.4264,26.1406,20.43,44.4264,26.1406
2022-01-23 07:00:00,2022-01-23 08:00:00,23.93,44.4264,26.1406,21.08,44.4264,26.1406,25.62,44.4264,26.1406
2022-01-23 08:00:00,2022-01-23 09:00:00,23.33,44.4264,26.1406,19.4,44.4264,26.1406,26.13,44.4264,26.1406
2022-01-23 09:00:00,2022-01-23 10:00:00,21.6,44.4264,26.1406,16.31,44.4264,26.1406,25.58,44.4264,26.1406
2022-01-23 10:00:00,2022-01-23 11:00:00,25.3,44.4264,26.1406,19.4,44.4264,26.1406,24.18,44.4264,26.1406
2022-01-23 11:00:00,2022-01-23 12:00:00,19.83,44.4264,26.1406,16.32,44.4264,26.1406,13.4,44.4264,26.1406
2022-01-23 12:00:00,2022-01-23 13:00:00,20.24,44.4264,26.1406,18.5,44.4264,26.1406,11.07,44.4264,26.1406
2022-01-23 13:00:00,2022-01-23 14:00:00,18.21,44.4264,26.1406,15.07,44.4264,26.1406,7.47,44.4264,26.1406
2022-01-23 14:00:00,2022-01-23 15:00:00,14.14,44.4264,26.1406,10.02,44.4264,26.1406,6.1,44.4264,26.1406
2022-01-23 15:00:00,2022-01-23 16:00:00,10.5,44.4264,26.1406,8.5,44.4264,26.1406,8.26,44.4264,26.1406
2022-01-23 16:00:00,2022-01-23 17:00:00,22.71,44.4264,26.1406,18.71,44.4264,26.1406,33.6,44.4264,26.1406
2022-01-23 17:00:00,2022-01-23 18:00:00,37.22,44.4264,26.1406,26.57,44.4264,26.1406,55.97,44.4264,26.1406
2022-01-23 18:00:00,2022-01-23 19:00:00,40.39,44.4264,26.1406,27.36,44.4264,26.1406,36.57,44.4264,26.1406
2022-01-23 19:00:00,2022-01-23 20:00:00,21.92,44.4264,26.1406,15.29,44.4264,26.1406,30.17,44.4264,26.1406
2022-01-23 20:00:00,2022-01-23 21:00:00,24.62,44.4264,26.1406,19.79,44.4264,26.1406,,44.4264,26.1406
2022-01-23 21:00:00,2022-01-23 22:00:00,20.63,44.4264,26.1406,14.93,44.4264,26.1406,13.85,44.4264,26.1406
2022-01-23 22:00:00,2022-01-23 23:00:00,14.12,44.4264,26.1406,8.14,44.4264,26.1406,13.77,44.4264,26.1406
2022-01-23 23:00:00,2022-01-24 00:00:00,15.19,44.4264,26.1406,12.13,44.4264,26.1406,11.15,44.4264,26.1406
2022-01-24 00:00:00,2022-01-24 01:00:00,17.98,44.4264,26.1406,15.76,44.4264,26.1406,8.17,44.4264,26.1406
2022-01-24 01:00:00,2022-01-24 02:00:00,13.47,44.4264,26.1406,12.41,44.4264,26.1406,11.12,44.4264,26.1406
2022-01-24 02:00:00,2022-01-24 03:00:00,15.13,44.4264,26.1406,14.34,44.4264,26.1406,15.75,44.4264,26.1406
2022-01-24 03:00:00,2022-01-24 04:00:00,13.96,44.4264,26.1406,12.33,44.4264,26.1406,18.53,44.4264,26.1406
2022-01-24 04:00:00,2022-01-24 05:00:00,20.22,44.4264,26.1406,18.15,44.4264,26.1406,22.3,44.4264,26.1406
2022-01-24 05:00:00,2022-01-24 06:00:00,21.74,44.4264,26.1406,19.14,44.4264,26.1406,24.9,44.4264,26.1406
2022-01-24 06:00:00,2022-01-24 07:00:00,17.6,44.4264,26.1406,13.38,44.4264,26.1406,20.12,44.4264,26.1406
2022-01-24 07:00:00,2022-01-24 08:00:00,18.79,44.4264,26.1406,15.15,44.4264,26.1406,23.12,44.4264,26.1406
2022-01-24 08:00:00,2022-01-24 09:00:00,19.04,44.4264,26.1406,14.39,44.4264,26.1406,14.37,44.4264,26.1406
2022-01-24 09:00:00,2022-01-24 10:00:00,13.36,44.4264,26.1406,8.63,44.4264,26.1406,7.31,44.4264,26.1406
2022-01-24 10:00:00,2022-01-24 11:00:00,14.87,44.4264,26.1406,11.82,44.4264,26.1406,6.01,44.4264,26.1406
2022-01-24 11:00:00,2022-01-24 12:00:00,13.2,44.4264,26.1406,10.82,44.4264,26.1406,5.18,44.4264,26.1406
2022-01-24 12:00:00,2022-01-24 13:00:00,10.59,44.4264,26.1406,8.17,44.4264,26.1406,5.97,44.4264,26.1406
2022-01-24 13:00:00,2022-01-24 14:00:00,11.99,44.4264,26.1406,8.79,44.4264,26.1406,5.49,44.4264,26.1406
2022-01-24 14:00:00,2022-01-24 15:00:00,12.96,44.4264,26.1406,10.53,44.4264,26.1406,5.82,44.4264,26.1406
2022-01-24 15:00:00,2022-01-24 16:00:00,16.21,44.4264,26.1406,13.21,44.4264,26.1406,11.45,44.4264,26.1406
2022-01-24 16:00:00,2022-01-24 17:00:00,20.44,44.4264,26.1406,15.42,44.4264,26.1406,20.46,44.4264,26.1406
2022-01-24 17:00:00,2022-01-24 18:00:00,24.47,44.4264,26.1406,17.14,44.4264,26.1406,24.94,44.4264,26.1406
2022-01-24 18:00:00,2022-01-24 19:00:00,26.37,44.4264,26.1406,19.24,44.4264,26.1406,18.67,44.4264,26.1406
2022-01-24 19:00:00,2022-01-24 20:00:00,24.67,44.4264,26.1406,20.04,44.4264,26.1406,21.61,44.4264,26.1406
2022-01-24 20:00:00,2022-01-24 21:00:00,24.08,44.4264,26.1406,20.47,44.4264,26.1406,28.04,44.4264,26.1406
2022-01-24 21:00:00,2022-01-24 22:00:00,28.61,44.4264,26.1406,24.82,44.4264,26.1406,,44.4264,26.1406
2022-01-24 22:00:00,2022-01-24 23:00:00,31.85,44.4264,26.1406,26.48,44.4264,26.1406,33.12,44.4264,26.1406
2022-01-24 23:00:00,2022-01-25 00:00:00,35.24,44.4264,26.1406,30.28,44.4264,26.1406,25.33,44.4264,26.1406
2022-01-25 00:00:00,2022-01-25 01:00:00,37.05,44.4264,26.1406,31.89,44.4264,26.1406,17.8,44.4264,26.1406
2022-01-25 01:00:00,2022-01-25 02:00:00,32.25,44.4264,26.1406,27.56,44.4264,26.1406,16.17,44.4264,26.1406
2022-01-25 02:00:00,2022-01-25 03:00:00,32.4,44.4264,26.1406,29.44,44.4264,26.1406,15.6,44.4264,26.1406
2022-01-25 03:00:00,2022-01-25 04:00:00,32.58,44.4264,26.1406,29.9,44.4264,26.1406,19.86,44.4264,26.1406
2022-01-25 04:00:00,2022-01-25 05:00:00,31.8,44.4264,26.1406,29.64,44.4264,26.1406,23.88,44.4264,26.1406
2022-01-25 05:00:00,2022-01-25 06:00:00,35.82,44.4264,26.1406,30.11,44.4264,26.1406,38.02,44.4264,26.1406
2022-01-25 06:00:00,2022-01-25 07:00:00,42.54,44.4264,26.1406,33.16,44.4264,26.1406,31.31,44.4264,26.1406
2022-01-25 07:00:00,2022-01-25 08:00:00,43.69,44.4264,26.1406,34.28,44.4264,26.1406,35.95,44.4264,26.1406
2022-01-25 08:00:00,2022-01-25 09:00:00,51.4,44.4264,26.1406,39.08,44.4264,26.1406,36.77,44.4264,26.1406
2022-01-25 09:00:00,2022-01-25 10:00:00,50.45,44.4264,26.1406,34.25,44.4264,26.1406,34.13,44.4264,26.1406
2022-01-25 10:00:00,2022-01-25 11:00:00,54.37,44.4264,26.1406,38.8,44.4264,26.1406,29.64,44.4264,26.1406
2022-01-25 11:00:00,2022-01-25 12:00:00,43.6,44.4264,26.1406,31.3,44.4264,26.1406,23.19,44.4264,26.1406
2022-01-25 12:00:00,2022-01-25 13:00:00,32.28,44.4264,26.1406,23.56,44.4264,26.1406,17.0,44.4264,26.1406
2022-01-25 13:00:00,2022-01-25 14:00:00,28.64,44.4264,26.1406,21.57,44.4264,26.1406,12.97,44.4264,26.1406
2022-01-25 14:00:00,2022-01-25 15:00:00,24.61,44.4264,26.1406,19.02,44.4264,26.1406,11.97,44.4264,26.1406
2022-01-25 15:00:00,2022-01-25 16:00:00,24.38,44.4264,26.1406,18.21,44.4264,26.1406,15.42,44.4264,26.1406
2022-01-25 16:00:00,2022-01-25 17:00:00,26.41,44.4264,26.1406,19.19,44.4264,26.1406,34.79,44.4264,26.1406
2022-01-25 17:00:00,2022-01-25 18:00:00,29.0,44.4264,26.1406,20.22,44.4264,26.1406,42.06,44.4264,26.1406
2022-01-25 18:00:00,2022-01-25 19:00:00,33.62,44.4264,26.1406,24.06,44.4264,26.1406,43.87,44.4264,26.1406
2022-01-25 19:00:00,2022-01-25 20:00:00,44.15,44.4264,26.1406,32.54,44.4264,26.1406,46.47,44.4264,26.1406
2022-01-25 20:00:00,2022-01-25 21:00:00,48.88,44.4264,26.1406,38.25,44.4264,26.1406,47.72,44.4264,26.1406
2022-01-25 21:00:00,2022-01-25 22:00:00,50.22,44.4264,26.1406,40.19,44.4264,26.1406,46.19,44.4264,26.1406
2022-01-25 22:00:00,2022-01-25 23:00:00,46.95,44.4264,26.1406,38.09,44.4264,26.1406,,44.4264,26.1406
2022-01-26 23:00:00,2022-01-27 00:00:00,79.99,44.4264,26.1406,59.16,44.4264,26.1406,,44.4264,26.1406
2022-01-27 00:00:00,2022-01-27 01:00:00,65.78,44.4264,26.1406,51.71,44.4264,26.1406,51.29,44.4264,26.1406
2022-01-27 01:00:00,2022-01-27 02:00:00,39.97,44.4264,26.1406,30.61,44.4264,26.1406,37.66,44.4264,26.1406
2022-01-27 02:00:00,2022-01-27 03:00:00,33.7,44.4264,26.1406,29.71,44.4264,26.1406,31.37,44.4264,26.1406
2022-01-27 03:00:00,2022-01-27 04:00:00,33.21,44.4264,26.1406,29.21,44.4264,26.1406,30.04,44.4264,26.1406
2022-01-27 04:00:00,2022-01-27 05:00:00,27.28,44.4264,26.1406,22.59,44.4264,26.1406,29.32,44.4264,26.1406
2022-01-27 05:00:00,2022-01-27 06:00:00,25.75,44.4264,26.1406,21.5,44.4264,26.1406,32.06,44.4264,26.1406
2022-01-27 06:00:00,2022-01-27 07:00:00,31.26,44.4264,26.1406,25.9,44.4264,26.1406,39.29,44.4264,26.1406
2022-01-27 07:00:00,2022-01-27 08:00:00,37.42,44.4264,26.1406,28.83,44.4264,26.1406,34.77,44.4264,26.1406
2022-01-27 08:00:00,2022-01-27 09:00:00,39.83,44.4264,26.1406,27.73,44.4264,26.1406,28.68,44.4264,26.1406
2022-01-27 09:00:00,2022-01-27 10:00:00,42.68,44.4264,26.1406,30.89,44.4264,26.1406,29.08,44.4264,26.1406
2022-01-27 10:00:00,2022-01-27 11:00:00,44.0,44.4264,26.1406,31.37,44.4264,26.1406,22.73,44.4264,26.1406
2022-01-27 11:00:00,2022-01-27 12:00:00,36.92,44.4264,26.1406,25.29,44.4264,26.1406,20.68,44.4264,26.1406
2022-01-27 12:00:00,2022-01-27 13:00:00,32.33,44.4264,26.1406,21.67,44.4264,26.1406,15.07,44.4264,26.1406
2022-01-27 13:00:00,2022-01-27 14:00:00,26.76,44.4264,26.1406,17.51,44.4264,26.1406,12.28,44.4264,26.1406
2022-01-27 14:00:00,2022-01-27 15:00:00,20.05,44.4264,26.1406,12.81,44.4264,26.1406,11.96,44.4264,26.1406
2022-01-27 15:00:00,2022-01-27 16:00:00,24.34,44.4264,26.1406,15.64,44.4264,26.1406,21.36,44.4264,26.1406
2022-01-27 16:00:00,2022-01-27 17:00:00,23.62,44.4264,26.1406,14.08,44.4264,26.1406,28.96,44.4264,26.1406
2022-01-27 17:00:00,2022-01-27 18:00:00,24.62,44.4264,26.1406,18.33,44.4264,26.1406,25.23,44.4264,26.1406
2022-01-27 18:00:00,2022-01-27 19:00:00,24.64,44.4264,26.1406,18.94,44.4264,26.1406,23.58,44.4264,26.1406
2022-01-27 19:00:00,2022-01-27 20:00:00,19.1,44.4264,26.1406,12.81,44.4264,26.1406,21.07,44.4264,26.1406
2022-01-27 20:00:00,2022-01-27 21:00:00,20.55,44.4264,26.1406,15.39,44.4264,26.1406,20.36,44.4264,26.1406
2022-01-27 21:00:00,2022-01-27 22:00:00,22.93,44.4264,26.1406,19.2,44.4264,26.1406,18.0,44.4264,26.1406
2022-01-27 22:00:00,2022-01-27 23:00:00,21.32,44.4264,26.1406,17.57,44.4264,26.1406,15.01,44.4264,26.1406
2022-01-27 23:00:00,2022-01-28 00:00:00,19.89,44.4264,26.1406,16.4,44.4264,26.1406,14.61,44.4264,26.1406
2022-01-28 00:00:00,2022-01-28 01:00:00,23.1,44.4264,26.1406,20.88,44.4264,26.1406,,44.4264,26.1406
2022-01-28 01:00:00,2022-01-28 02:00:00,20.81,44.4264,26.1406,18.64,44.4264,26.1406,13.2,44.4264,26.1406
2022-01-28 02:00:00,2022-01-28 03:00:00,24.48,44.4264,26.1406,21.8,44.4264,26.1406,15.32,44.4264,26.1406
2022-01-28 03:00:00,2022-01-28 04:00:00,21.55,44.4264,26.1406,19.37,44.4264,26.1406,12.2,44.4264,26.1406
2022-01-28 04:00:00,2022-01-28 05:00:00,19.42,44.4264,26.1406,17.16,44.4264,26.1406,16.26,44.4264,26.1406
2022-01-28 05:00:00,2022-01-28 06:00:00,22.47,44.4264,26.1406,21.27,44.4264,26.1406,29.67,44.4264,26.1406
2022-01-28 06:00:00,2022-01-28 07:00:00,25.02,44.4264,26.1406,22.03,44.4264,26.1406,35.63,44.4264,26.1406
2022-01-28 07:00:00,2022-01-28 08:00:00,31.41,44.4264,26.1406,25.47,44.4264,26.1406,34.08,44.4264,26.1406
2022-01-28 08:00:00,2022-01-28 09:00:00,31.83,44.4264,26.1406,24.3,44.4264,26.1406,26.65,44.4264,26.1406
2022-01-28 09:00:00,2022-01-28 10:00:00,23.1,44.4264,26.1406,19.0,44.4264,26.1406,21.67,44.4264,26.1406
2022-01-28 11:00:00,2022-01-28 12:00:00,7.95,44.4264,26.1406,4.89,44.4264,26.1406,14.16,44.4264,26.1406
2022-01-28 12:00:00,2022-01-28 13:00:00,30.59,44.4264,26.1406,22.47,44.4264,26.1406,10.05,44.4264,26.1406
2022-01-28 13:00:00,2022-01-28 14:00:00,27.77,44.4264,26.1406,22.3,44.4264,26.1406,11.98,44.4264,26.1406
2022-01-28 14:00:00,2022-01-28 15:00:00,27.9,44.4264,26.1406,19.35,44.4264,26.1406,22.65,44.4264,26.1406
2022-01-28 15:00:00,2022-01-28 16:00:00,22.16,44.4264,26.1406,11.54,44.4264,26.1406,15.8,44.4264,26.1406
2022-01-28 16:00:00,2022-01-28 17:00:00,23.34,44.4264,26.1406,9.93,44.4264,26.1406,10.01,44.4264,26.1406
2022-01-28 17:00:00,2022-01-28 18:00:00,19.9,44.4264,26.1406,11.82,44.4264,26.1406,14.72,44.4264,26.1406
2022-01-28 18:00:00,2022-01-28 19:00:00,23.54,44.4264,26.1406,16.76,44.4264,26.1406,16.46,44.4264,26.1406
2022-01-28 19:00:00,2022-01-28 20:00:00,27.62,44.4264,26.1406,22.05,44.4264,26.1406,14.42,44.4264,26.1406
2022-01-28 20:00:00,2022-01-28 21:00:00,26.55,44.4264,26.1406,21.34,44.4264,26.1406,31.36,44.4264,26.1406
2022-01-28 21:00:00,2022-01-28 22:00:00,22.23,44.4264,26.1406,15.71,44.4264,26.1406,21.84,44.4264,26.1406
2022-01-28 22:00:00,2022-01-28 23:00:00,16.7,44.4264,26.1406,12.71,44.4264,26.1406,20.37,44.4264,26.1406
2022-01-28 23:00:00,2022-01-29 00:00:00,18.96,44.4264,26.1406,16.28,44.4264,26.1406,14.31,44.4264,26.1406
2022-01-29 00:00:00,2022-01-29 01:00:00,19.06,44.4264,26.1406,14.87,44.4264,26.1406,12.32,44.4264,26.1406
2022-01-29 01:00:00,2022-01-29 02:00:00,18.25,44.4264,26.1406,13.76,44.4264,26.1406,,44.4264,26.1406
2022-01-29 02:00:00,2022-01-29 03:00:00,19.22,44.4264,26.1406,13.51,44.4264,26.1406,18.92,44.4264,26.1406
2022-01-29 03:00:00,2022-01-29 04:00:00,20.36,44.4264,26.1406,13.25,44.4264,26.1406,21.16,44.4264,26.1406
2022-01-29 04:00:00,2022-01-29 05:00:00,19.83,44.4264,26.1406,13.02,44.4264,26.1406,26.69,44.4264,26.1406
2022-01-29 05:00:00,2022-01-29 06:00:00,21.7,44.4264,26.1406,14.65,44.4264,26.1406,31.52,44.4264,26.1406
2022-01-29 06:00:00,2022-01-29 07:00:00,22.56,44.4264,26.1406,15.98,44.4264,26.1406,36.52,44.4264,26.1406
2022-01-29 07:00:00,2022-01-29 08:00:00,25.21,44.4264,26.1406,16.98,44.4264,26.1406,34.42,44.4264,26.1406
2022-01-29 08:00:00,2022-01-29 09:00:00,32.57,44.4264,26.1406,23.11,44.4264,26.1406,29.53,44.4264,26.1406
2022-01-29 09:00:00,2022-01-29 10:00:00,31.87,44.4264,26.1406,22.17,44.4264,26.1406,33.46,44.4264,26.1406
2022-01-29 10:00:00,2022-01-29 11:00:00,44.77,44.4264,26.1406,30.03,44.4264,26.1406,36.78,44.4264,26.1406
2022-01-29 11:00:00,2022-01-29 12:00:00,39.44,44.4264,26.1406,23.49,44.4264,26.1406,25.88,44.4264,26.1406
2022-01-29 12:00:00,2022-01-29 13:00:00,24.21,44.4264,26.1406,16.41,44.4264,26.1406,16.99,44.4264,26.1406
2022-01-29 13:00:00,2022-01-29 14:00:00,16.39,44.4264,26.1406,9.57,44.4264,26.1406,12.35,44.4264,26.1406
2022-01-29 14:00:00,2022-01-29 15:00:00,11.53,44.4264,26.1406,6.68,44.4264,26.1406,10.19,44.4264,26.1406
2022-01-29 15:00:00,2022-01-29 16:00:00,14.67,44.4264,26.1406,10.34,44.4264,26.1406,12.88,44.4264,26.1406
2022-01-29 16:00:00,2022-01-29 17:00:00,17.82,44.4264,26.1406,13.52,44.4264,26.1406,24.56,44.4264,26.1406
2022-01-29 17:00:00,2022-01-29 18:00:00,18.18,44.4264,26.1406,11.36,44.4264,26.1406,45.67,44.4264,26.1406
2022-01-29 18:00:00,2022-01-29 19:00:00,26.27,44.4264,26.1406,17.48,44.4264,26.1406,36.48,44.4264,26.1406
2022-01-29 19:00:00,2022-01-29 20:00:00,26.79,44.4264,26.1406,20.16,44.4264,26.1406,26.18,44.4264,26.1406
2022-01-29 20:00:00,2022-01-29 21:00:00,26.68,44.4264,26.1406,22.03,44.4264,26.1406,25.58,44.4264,26.1406
2022-01-29 21:00:00,2022-01-29 22:00:00,36.71,44.4264,26.1406,31.82,44.4264,26.1406,34.27,44.4264,26.1406
2022-01-29 22:00:00,2022-01-29 23:00:00,36.41,44.4264,26.1406,30.31,44.4264,26.1406,39.74,44.4264,26.1406
2022-01-29 23:00:00,2022-01-30 00:00:00,38.62,44.4264,26.1406,32.71,44.4264,26.1406,38.3,44.4264,26.1406
2022-01-30 00:00:00,2022-01-30 01:00:00,30.2,44.4264,26.1406,25.54,44.4264,26.1406,24.42,44.4264,26.1406
2022-01-30 01:00:00,2022-01-30 02:00:00,30.66,44.4264,26.1406,25.81,44.4264,26.1406,21.29,44.4264,26.1406
2022-01-30 02:00:00,2022-01-30 03:00:00,19.38,44.4264,26.1406,16.15,44.4264,26.1406,,44.4264,26.1406
2022-01-30 03:00:00,2022-01-30 04:00:00,15.2,44.4264,26.1406,13.11,44.4264,26.1406,14.8,44.4264,26.1406
2022-01-30 04:00:00,2022-01-30 05:00:00,19.34,44.4264,26.1406,17.31,44.4264,26.1406,15.03,44.4264,26.1406
2022-01-30 05:00:00,2022-01-30 06:00:00,19.01,44.4264,26.1406,17.35,44.4264,26.1406,14.24,44.4264,26.1406
2022-01-30 06:00:00,2022-01-30 07:00:00,15.46,44.4264,26.1406,12.59,44.4264,26.1406,13.56,44.4264,26.1406
2022-01-30 07:00:00,2022-01-30 08:00:00,15.9,44.4264,26.1406,12.2,44.4264,26.1406,14.02,44.4264,26.1406
2022-01-30 08:00:00,2022-01-30 09:00:00,16.87,44.4264,26.1406,13.95,44.4264,26.1406,14.36,44.4264,26.1406
2022-01-30 09:00:00,2022-01-30 10:00:00,18.12,44.4264,26.1406,15.58,44.4264,26.1406,13.48,44.4264,26.1406
2022-01-30 10:00:00,2022-01-30 11:00:00,19.27,44.4264,26.1406,14.68,44.4264,26.1406,8.95,44.4264,26.1406
2022-01-30 11:00:00,2022-01-30 12:00:00,20.71,44.4264,26.1406,16.35,44.4264,26.1406,8.8,44.4264,26.1406
2022-01-30 12:00:00,2022-01-30 13:00:00,16.42,44.4264,26.1406,10.58,44.4264,26.1406,6.88,44.4264,26.1406
2022-01-30 13:00:00,2022-01-30 14:00:00,19.45,44.4264,26.1406,10.36,44.4264,26.1406,7.35,44.4264,26.1406
2022-01-30 14:00:00,2022-01-30 15:00:00,35.23,44.4264,26.1406,9.78,44.4264,26.1406,7.34,44.4264,26.1406
2022-01-30 15:00:00,2022-01-30 16:00:00,16.65,44.4264,26.1406,4.29,44.4264,26.1406,8.33,44.4264,26.1406
2022-01-30 16:00:00,2022-01-30 17:00:00,11.75,44.4264,26.1406,6.28,44.4264,26.1406,10.73,44.4264,26.1406
2022-01-30 17:00:00,2022-01-30 18:00:00,11.11,44.4264,26.1406,5.38,44.4264,26.1406,13.18,44.4264,26.1406
2022-01-30 18:00:00,2022-01-30 19:00:00,14.41,44.4264,26.1406,9.24,44.4264,26.1406,10.58,44.4264,26.1406
2022-01-30 19:00:00,2022-01-30 20:00:00,14.59,44.4264,26.1406,10.12,44.4264,26.1406,9.0,44.4264,26.1406
2022-01-30 20:00:00,2022-01-30 21:00:00,10.83,44.4264,26.1406,4.87,44.4264,26.1406,7.07,44.4264,26.1406
2022-01-30 21:00:00,2022-01-30 22:00:00,10.95,44.4264,26.1406,1.04,44.4264,26.1406,8.35,44.4264,26.1406
2022-01-30 22:00:00,2022-01-30 23:00:00,14.0,44.4264,26.1406,7.52,44.4264,26.1406,7.59,44.4264,26.1406
2022-01-30 23:00:00,2022-01-31 00:00:00,10.67,44.4264,26.1406,3.63,44.4264,26.1406,6.39,44.4264,26.1406
2022-01-31 00:00:00,2022-01-31 01:00:00,18.85,44.4264,26.1406,6.79,44.4264,26.1406,6.03,44.4264,26.1406
2022-01-31 01:00:00,2022-01-31 02:00:00,25.71,44.4264,26.1406,7.53,44.4264,26.1406,5.98,44.4264,26.1406
2022-01-31 02:00:00,2022-01-31 03:00:00,23.42,44.4264,26.1406,4.47,44.4264,26.1406,5.61,44.4264,26.1406
2022-01-31 03:00:00,2022-01-31 04:00:00,18.77,44.4264,26.1406,4.33,44.4264,26.1406,,44.4264,26.1406
2022-01-31 04:00:00,2022-01-31 05:00:00,14.69,44.4264,26.1406,4.64,44.4264,26.1406,6.77,44.4264,26.1406
2022-01-31 05:00:00,2022-01-31 06:00:00,13.78,44.4264,26.1406,4.54,44.4264,26.1406,21.66,44.4264,26.1406
2022-01-31 06:00:00,2022-01-31 07:00:00,18.97,44.4264,26.1406,6.98,44.4264,26.1406,25.18,44.4264,26.1406
2022-01-31 07:00:00,2022-01-31 08:00:00,15.51,44.4264,26.1406,3.62,44.4264,26.1406,24.99,44.4264,26.1406
2022-01-31 08:00:00,2022-01-31 09:00:00,19.25,44.4264,26.1406,6.24,44.4264,26.1406,17.21,44.4264,26.1406
2022-01-31 09:00:00,2022-01-31 10:00:00,19.81,44.4264,26.1406,6.3,44.4264,26.1406,11.41,44.4264,26.1406
2022-01-31 10:00:00,2022-01-31 11:00:00,21.09,44.4264,26.1406,7.34,44.4264,26.1406,10.65,44.4264,26.1406
2022-01-31 11:00:00,2022-01-31 12:00:00,18.99,44.4264,26.1406,5.67,44.4264,26.1406,7.47,44.4264,26.1406
2022-01-31 12:00:00,2022-01-31 13:00:00,22.11,44.4264,26.1406,7.54,44.4264,26.1406,7.24,44.4264,26.1406
2022-01-31 13:00:00,2022-01-31 14:00:00,24.44,44.4264,26.1406,6.87,44.4264,26.1406,8.32,44.4264,26.1406
2022-01-31 14:00:00,2022-01-31 15:00:00,20.76,44.4264,26.1406,5.4,44.4264,26.1406,10.6,44.4264,26.1406
2022-01-31 15:00:00,2022-01-31 16:00:00,19.32,44.4264,26.1406,6.26,44.4264,26.1406,17.15,44.4264,26.1406
2022-01-31 16:00:00,2022-01-31 17:00:00,21.31,44.4264,26.1406,9.05,44.4264,26.1406,22.11,44.4264,26.1406
2022-01-31 17:00:00,2022-01-31 18:00:00,22.79,44.4264,26.1406,11.29,44.4264,26.1406,21.68,44.4264,26.1406
2022-01-31 18:00:00,2022-01-31 19:00:00,23.38,44.4264,26.1406,12.44,44.4264,26.1406,24.95,44.4264,26.1406
2022-01-31 19:00:00,2022-01-31 20:00:00,23.54,44.4264,26.1406,12.2,44.4264,26.1406,22.04,44.4264,26.1406
2022-01-31 20:00:00,2022-01-31 21:00:00,25.18,44.4264,26.1406,13.17,44.4264,26.1406,28.51,44.4264,26.1406
2022-01-31 21:00:00,2022-01-31 22:00:00,30.15,44.4264,26.1406,17.99,44.4264,26.1406,25.83,44.4264,26.1406
2022-01-31 22:00:00,2022-01-31 23:00:00,29.64,44.4264,26.1406,19.67,44.4264,26.1406,27.42,44.4264,26.1406
2022-01-31 23:00:00,2022-02-01 00:00:00,28.87,44.4264,26.1406,16.72,44.4264,26.1406,24.13,44.4264,26.1406
2022-02-01 00:00:00,2022-02-01 01:00:00,20.63,44.4264,26.1406,11.3,44.4264,26.1406,14.16,44.4264,26.1406
2022-02-01 01:00:00,2022-02-01 02:00:00,20.97,44.4264,26.1406,14.14,44.4264,26.1406,21.1,44.4264,26.1406
2022-02-01 02:00:00,2022-02-01 03:00:00,23.9,44.4264,26.1406,17.17,44.4264,26.1406,32.26,44.4264,26.1406
2022-02-01 03:00:00,2022-02-01 04:00:00,29.36,44.4264,26.1406,21.27,44.4264,26.1406,43.01,44.4264,26.1406
2022-02-01 04:00:00,2022-02-01 05:00:00,32.78,44.4264,26.1406,24.19,44.4264,26.1406,,44.4264,26.1406
2022-02-01 05:00:00,2022-02-01 06:00:00,36.44,44.4264,26.1406,23.09,44.4264,26.1406,45.44,44.4264,26.1406
2022-02-01 06:00:00,2022-02-01 07:00:00,36.42,44.4264,26.1406,21.49,44.4264,26.1406,45.38,44.4264,26.1406
2022-02-01 07:00:00,2022-02-01 08:00:00,45.71,44.4264,26.1406,28.41,44.4264,26.1406,42.66,44.4264,26.1406
2022-02-01 08:00:00,2022-02-01 09:00:00,40.9,44.4264,26.1406,23.22,44.4264,26.1406,39.7,44.4264,26.1406
2022-02-01 09:00:00,2022-02-01 10:00:00,41.16,44.4264,26.1406,23.09,44.4264,26.1406,32.14,44.4264,26.1406
2022-02-01 10:00:00,2022-02-01 11:00:00,38.08,44.4264,26.1406,21.4,44.4264,26.1406,26.91,44.4264,26.1406
2022-02-01 11:00:00,2022-02-01 12:00:00,35.65,44.4264,26.1406,20.47,44.4264,26.1406,21.76,44.4264,26.1406
2022-02-01 12:00:00,2022-02-01 13:00:00,37.2,44.4264,26.1406,19.85,44.4264,26.1406,17.43,44.4264,26.1406
2022-02-01 13:00:00,2022-02-01 14:00:00,27.96,44.4264,26.1406,11.87,44.4264,26.1406,15.17,44.4264,26.1406
2022-02-01 14:00:00,2022-02-01 15:00:00,22.39,44.4264,26.1406,8.89,44.4264,26.1406,19.64,44.4264,26.1406
2022-02-01 15:00:00,2022-02-01 16:00:00,23.81,44.4264,26.1406,12.7,44.4264,26.1406,24.53,44.4264,26.1406
2022-02-01 16:00:00,2022-02-01 17:00:00,26.67,44.4264,26.1406,13.95,44.4264,26.1406,32.03,44.4264,26.1406
2022-02-01 17:00:00,2022-02-01 18:00:00,27.83,44.4264,26.1406,15.43,44.4264,26.1406,41.64,44.4264,26.1406
2022-02-01 18:00:00,2022-02-01 19:00:00,35.47,44.4264,26.1406,20.8,44.4264,26.1406,51.54,44.4264,26.1406
2022-02-01 19:00:00,2022-02-01 20:00:00,53.06,44.4264,26.1406,32.97,44.4264,26.1406,54.07,44.4264,26.1406
2022-02-01 20:00:00,2022-02-01 21:00:00,76.75,44.4264,26.1406,52.76,44.4264,26.1406,50.19,44.4264,26.1406
2022-02-01 21:00:00,2022-02-01 22:00:00,61.01,44.4264,26.1406,44.76,44.4264,26.1406,46.81,44.4264,26.1406
2022-02-01 22:00:00,2022-02-01 23:00:00,51.8,44.4264,26.1406,38.65,44.4264,26.1406,49.57,44.4264,26.1406
2022-02-01 23:00:00,2022-02-02 00:00:00,53.58,44.4264,26.1406,39.9,44.4264,26.1406,49.11,44.4264,26.1406
2022-02-02 00:00:00,2022-02-02 01:00:00,57.31,44.4264,26.1406,43.14,44.4264,26.1406,44.66,44.4264,26.1406
2022-02-02 01:00:00,2022-02-02 02:00:00,61.56,44.4264,26.1406,46.87,44.4264,26.1406,47.44,44.4264,26.1406
2022-02-02 02:00:00,2022-02-02 03:00:00,57.25,44.4264,26.1406,44.72,44.4264,26.1406,44.44,44.4264,26.1406
2022-02-02 03:00:00,2022-02-02 04:00:00,56.44,44.4264,26.1406,46.65,44.4264,26.1406,34.05,44.4264,26.1406
2022-02-02 04:00:00,2022-02-02 05:00:00,49.05,44.4264,26.1406,40.25,44.4264,26.1406,17.88,44.4264,26.1406
2022-02-02 05:00:00,2022-02-02 06:00:00,33.9,44.4264,26.1406,25.53,44.4264,26.1406,,44.4264,26.1406
2022-02-02 06:00:00,2022-02-02 07:00:00,31.28,44.4264,26.1406,21.46,44.4264,26.1406,28.16,44.4264,26.1406
2022-02-02 07:00:00,2022-02-02 08:00:00,32.19,44.4264,26.1406,23.18,44.4264,26.1406,26.06,44.4264,26.1406
2022-02-02 08:00:00,2022-02-02 09:00:00,32.73,44.4264,26.1406,23.42,44.4264,26.1406,23.42,44.4264,26.1406
2022-02-02 09:00:00,2022-02-02 10:00:00,28.17,44.4264,26.1406,20.5,44.4264,26.1406,17.06,44.4264,26.1406
2022-02-02 10:00:00,2022-02-02 11:00:00,22.89,44.4264,26.1406,16.59,44.4264,26.1406,13.99,44.4264,26.1406
2022-02-02 11:00:00,2022-02-02 12:00:00,23.63,44.4264,26.1406,17.48,44.4264,26.1406,11.44,44.4264,26.1406
2022-02-02 12:00:00,2022-02-02 13:00:00,21.89,44.4264,26.1406,15.92,44.4264,26.1406,11.97,44.4264,26.1406
2022-02-02 13:00:00,2022-02-02 14:00:00,26.18,44.4264,26.1406,19.95,44.4264,26.1406,13.94,44.4264,26.1406
2022-02-02 14:00:00,2022-02-02 15:00:00,34.24,44.4264,26.1406,27.97,44.4264,26.1406,16.04,44.4264,26.1406
2022-02-02 15:00:00,2022-02-02 16:00:00,34.72,44.4264,26.1406,26.67,44.4264,26.1406,16.98,44.4264,26.1406
2022-02-02 16:00:00,2022-02-02 17:00:00,27.82,44.4264,26.1406,19.59,44.4264,26.1406,26.75,44.4264,26.1406
2022-02-02 17:00:00,2022-02-02 18:00:00,33.48,44.4264,26.1406,23.66,44.4264,26.1406,33.54,44.4264,26.1406
2022-02-02 18:00:00,2022-02-02 19:00:00,40.99,44.4264,26.1406,30.43,44.4264,26.1406,35.99,44.4264,26.1406
2022-02-02 19:00:00,2022-02-02 20:00:00,48.3,44.4264,26.1406,35.97,44.4264,26.1406,45.42,44.4264,26.1406
2022-02-02 20:00:00,2022-02-02 21:00:00,69.99,44.4264,26.1406,54.94,44.4264,26.1406,33.05,44.4264,26.1406
2022-02-02 21:00:00,2022-02-02 22:00:00,41.15,44.4264,26.1406,31.24,44.4264,26.1406,26.19,44.4264,26.1406
2022-02-02 22:00:00,2022-02-02 23:00:00,32.86,44.4264,26.1406,24.85,44.4264,26.1406,32.64,44.4264,26.1406
2022-02-02 23:00:00,2022-02-03 00:00:00,39.41,44.4264,26.1406,31.11,44.4264,26.1406,32.4,44.4264,26.1406
2022-02-03 00:00:00,2022-02-03 01:00:00,50.0,44.4264,26.1406,40.69,44.4264,26.1406,39.23,44.4264,26.1406
2022-02-03 01:00:00,2022-02-03 02:00:00,56.08,44.4264,26.1406,45.18,44.4264,26.1406,39.55,44.4264,26.1406
2022-02-03 02:00:00,2022-02-03 03:00:00,63.79,44.4264,26.1406,53.05,44.4264,26.1406,37.81,44.4264,26.1406
2022-02-03 03:00:00,2022-02-03 04:00:00,67.43,44.4264,26.1406,58.36,44.4264,26.1406,36.5,44.4264,26.1406
2022-02-03 04:00:00,2022-02-03 05:00:00,67.37,44.4264,26.1406,57.56,44.4264,26.1406,40.72,44.4264,26.1406
2022-02-03 05:00:00,2022-02-03 06:00:00,67.35,44.4264,26.1406,57.44,44.4264,26.1406,39.1,44.4264,26.1406
2022-02-03 06:00:00,2022-02-03 07:00:00,72.69,44.4264,26.1406,60.53,44.4264,26.1406,,44.4264,26.1406
2022-02-03 07:00:00,2022-02-03 08:00:00,76.43,44.4264,26.1406,61.89,44.4264,26.1406,37.51,44.4264,26.1406
2022-02-03 08:00:00,2022-02-03 09:00:00,64.37,44.4264,26.1406,50.93,44.4264,26.1406,36.72,44.4264,26.1406
2022-02-03 09:00:00,2022-02-03 10:00:00,61.01,44.4264,26.1406,47.11,44.4264,26.1406,32.19,44.4264,26.1406
2022-02-03 10:00:00,2022-02-03 11:00:00,47.06,44.4264,26.1406,33.35,44.4264,26.1406,24.41,44.4264,26.1406
2022-02-03 11:00:00,2022-02-03 12:00:00,32.05,44.4264,26.1406,23.07,44.4264,26.1406,17.33,44.4264,26.1406
2022-02-03 12:00:00,2022-02-03 13:00:00,24.93,44.4264,26.1406,18.81,44.4264,26.1406,13.21,44.4264,26.1406
2022-02-03 13:00:00,2022-02-03 14:00:00,21.57,44.4264,26.1406,15.87,44.4264,26.1406,17.86,44.4264,26.1406
2022-02-03 14:00:00,2022-02-03 15:00:00,20.9,44.4264,26.1406,14.65,44.4264,26.1406,17.73,44.4264,26.1406
2022-02-03 15:00:00,2022-02-03 16:00:00,21.24,44.4264,26.1406,13.22,44.4264,26.1406,31.2,44.4264,26.1406
2022-02-03 16:00:00,2022-02-03 17:00:00,19.48,44.4264,26.1406,11.55,44.4264,26.1406,26.32,44.4264,26.1406
2022-02-03 17:00:00,2022-02-03 18:00:00,19.28,44.4264,26.1406,11.02,44.4264,26.1406,30.72,44.4264,26.1406
2022-02-03 18:00:00,2022-02-03 19:00:00,12.28,44.4264,26.1406,6.76,44.4264,26.1406,22.26,44.4264,26.1406
2022-02-03 19:00:00,2022-02-03 20:00:00,14.43,44.4264,26.1406,8.42,44.4264,26.1406,27.45,44.4264,26.1406
2022-02-03 20:00:00,2022-02-03 21:00:00,22.51,44.4264,26.1406,14.84,44.4264,26.1406,40.57,44.4264,26.1406
2022-02-03 21:00:00,2022-02-03 22:00:00,26.84,44.4264,26.1406,15.48,44.4264,26.1406,39.47,44.4264,26.1406
2022-02-03 22:00:00,2022-02-03 23:00:00,20.72,44.4264,26.1406,14.75,44.4264,26.1406,17.8,44.4264,26.1406
2022-02-03 23:00:00,2022-02-04 00:00:00,14.92,44.4264,26.1406,12.09,44.4264,26.1406,13.76,44.4264,26.1406
2022-02-04 00:00:00,2022-02-04 01:00:00,13.9,44.4264,26.1406,10.94,44.4264,26.1406,20.81,44.4264,26.1406
2022-02-04 01:00:00,2022-02-04 02:00:00,14.52,44.4264,26.1406,11.71,44.4264,26.1406,32.42,44.4264,26.1406
2022-02-04 02:00:00,2022-02-04 03:00:00,18.98,44.4264,26.1406,14.8,44.4264,26.1406,26.32,44.4264,26.1406
2022-02-04 03:00:00,2022-02-04 04:00:00,19.51,44.4264,26.1406,15.66,44.4264,26.1406,47.62,44.4264,26.1406
2022-02-04 04:00:00,2022-02-04 05:00:00,25.53,44.4264,26.1406,19.37,44.4264,26.1406,48.07,44.4264,26.1406
2022-02-04 05:00:00,2022-02-04 06:00:00,27.79,44.4264,26.1406,21.67,44.4264,26.1406,46.24,44.4264,26.1406
2022-02-04 06:00:00,2022-02-04 07:00:00,40.01,44.4264,26.1406,33.52,44.4264,26.1406,45.81,44.4264,26.1406
2022-02-04 07:00:00,2022-02-04 08:00:00,35.62,44.4264,26.1406,29.31,44.4264,26.1406,,44.4264,26.1406
2022-02-04 08:00:00,2022-02-04 09:00:00,39.31,44.4264,26.1406,28.82,44.4264,26.1406,42.19,44.4264,26.1406
2022-02-04 09:00:00,2022-02-04 10:00:00,37.44,44.4264,26.1406,24.65,44.4264,26.1406,33.04,44.4264,26.1406
2022-02-04 10:00:00,2022-02-04 11:00:00,32.03,44.4264,26.1406,21.84,44.4264,26.1406,18.72,44.4264,26.1406
2022-02-04 11:00:00,2022-02-04 12:00:00,22.77,44.4264,26.1406,14.69,44.4264,26.1406,12.68,44.4264,26.1406
2022-02-04 12:00:00,2022-02-04 13:00:00,20.18,44.4264,26.1406,12.24,44.4264,26.1406,9.32,44.4264,26.1406
2022-02-04 13:00:00,2022-02-04 14:00:00,17.76,44.4264,26.1406,10.32,44.4264,26.1406,8.41,44.4264,26.1406
2022-02-04 14:00:00,2022-02-04 15:00:00,16.3,44.4264,26.1406,9.75,44.4264,26.1406,10.25,44.4264,26.1406
2022-02-04 15:00:00,2022-02-04 16:00:00,17.76,44.4264,26.1406,10.23,44.4264,26.1406,12.32,44.4264,26.1406
2022-02-04 16:00:00,2022-02-04 17:00:00,17.19,44.4264,26.1406,9.72,44.4264,26.1406,30.12,44.4264,26.1406
2022-02-04 17:00:00,2022-02-04 18:00:00,24.28,44.4264,26.1406,16.09,44.4264,26.1406,35.71,44.4264,26.1406
2022-02-04 18:00:00,2022-02-04 19:00:00,28.37,44.4264,26.1406,19.01,44.4264,26.1406,35.94,44.4264,26.1406
2022-02-04 19:00:00,2022-02-04 20:00:00,27.86,44.4264,26.1406,20.46,44.4264,26.1406,28.6,44.4264,26.1406
2022-02-04 20:00:00,2022-02-04 21:00:00,27.8,44.4264,26.1406,21.6,44.4264,26.1406,28.74,44.4264,26.1406
2022-02-04 21:00:00,2022-02-04 22:00:00,33.02,44.4264,26.1406,28.0,44.4264,26.1406,31.47,44.4264,26.1406
2022-02-04 22:00:00,2022-02-04 23:00:00,29.34,44.4264,26.1406,24.34,44.4264,26.1406,36.66,44.4264,26.1406
2022-02-04 23:00:00,2022-02-05 00:00:00,30.45,44.4264,26.1406,25.96,44.4264,26.1406,28.2,44.4264,26.1406
2022-02-05 00:00:00,2022-02-05 01:00:00,30.25,44.4264,26.1406,26.58,44.4264,26.1406,33.58,44.4264,26.1406
2022-02-05 01:00:00,2022-02-05 02:00:00,28.87,44.4264,26.1406,24.96,44.4264,26.1406,35.11,44.4264,26.1406
2022-02-05 02:00:00,2022-02-05 03:00:00,27.72,44.4264,26.1406,24.32,44.4264,26.1406,25.3,44.4264,26.1406
2022-02-05 03:00:00,2022-02-05 04:00:00,26.6,44.4264,26.1406,23.54,44.4264,26.1406,16.81,44.4264,26.1406
2022-02-05 04:00:00,2022-02-05 05:00:00,29.29,44.4264,26.1406,26.07,44.4264,26.1406,29.41,44.4264,26.1406
2022-02-05 05:00:00,2022-02-05 06:00:00,31.3,44.4264,26.1406,27.59,44.4264,26.1406,32.95,44.4264,26.1406
2022-02-05 06:00:00,2022-02-05 07:00:00,32.19,44.4264,26.1406,27.26,44.4264,26.1406,38.17,44.4264,26.1406
2022-02-05 07:00:00,2022-02-05 08:00:00,32.74,44.4264,26.1406,26.94,44.4264,26.1406,42.5,44.4264,26.1406
2022-02-05 08:00:00,2022-02-05 09:00:00,37.85,44.4264,26.1406,30.71,44.4264,26.1406,,44.4264,26.1406
2022-02-05 09:00:00,2022-02-05 10:00:00,40.08,44.4264,26.1406,31.52,44.4264,26.1406,23.11,44.4264,26.1406
2022-02-05 10:00:00,2022-02-05 11:00:00,40.19,44.4264,26.1406,32.63,44.4264,26.1406,16.65,44.4264,26.1406
2022-02-05 11:00:00,2022-02-05 12:00:00,33.87,44.4264,26.1406,27.31,44.4264,26.1406,12.67,44.4264,26.1406
2022-02-05 12:00:00,2022-02-05 13:00:00,28.73,44.4264,26.1406,21.32,44.4264,26.1406,10.83,44.4264,26.1406
2022-02-05 13:00:00,2022-02-05 14:00:00,29.7,44.4264,26.1406,22.18,44.4264,26.1406,10.36,44.4264,26.1406
2022-02-05 14:00:00,2022-02-05 15:00:00,24.94,44.4264,26.1406,18.56,44.4264,26.1406,11.57,44.4264,26.1406
2022-02-05 15:00:00,2022-02-05 16:00:00,27.51,44.4264,26.1406,20.59,44.4264,26.1406,13.94,44.4264,26.1406
2022-02-05 16:00:00,2022-02-05 17:00:00,32.43,44.4264,26.1406,24.42,44.4264,26.1406,28.85,44.4264,26.1406
2022-02-05 17:00:00,2022-02-05 18:00:00,41.24,44.4264,26.1406,30.71,44.4264,26.1406,29.58,44.4264,26.1406
2022-02-05 18:00:00,2022-02-05 19:00:00,41.17,44.4264,26.1406,32.67,44.4264,26.1406,32.85,44.4264,26.1406
2022-02-05 19:00:00,2022-02-05 20:00:00,46.95,44.4264,26.1406,37.74,44.4264,26.1406,34.94,44.4264,26.1406
2022-02-05 20:00:00,2022-02-05 21:00:00,48.63,44.4264,26.1406,39.89,44.4264,26.1406,32.97,44.4264,26.1406
2022-02-05 21:00:00,2022-02-05 22:00:00,62.06,44.4264,26.1406,51.93,44.4264,26.1406,31.57,44.4264,26.1406
2022-02-05 22:00:00,2022-02-05 23:00:00,66.13,44.4264,26.1406,57.23,44.4264,26.1406,25.02,44.4264,26.1406
2022-02-05 23:00:00,2022-02-06 00:00:00,66.31,44.4264,26.1406,57.96,44.4264,26.1406,29.96,44.4264,26.1406
2022-02-06 00:00:00,2022-02-06 01:00:00,71.29,44.4264,26.1406,63.2,44.4264,26.1406,33.41,44.4264,26.1406
2022-02-06 01:00:00,2022-02-06 02:00:00,69.48,44.4264,26.1406,60.75,44.4264,26.1406,41.42,44.4264,26.1406
2022-02-06 02:00:00,2022-02-06 03:00:00,52.2,44.4264,26.1406,45.44,44.4264,26.1406,24.15,44.4264,26.1406
2022-02-06 03:00:00,2022-02-06 04:00:00,45.94,44.4264,26.1406,39.72,44.4264,26.1406,16.66,44.4264,26.1406
2022-02-06 04:00:00,2022-02-06 05:00:00,29.09,44.4264,26.1406,25.01,44.4264,26.1406,18.7,44.4264,26.1406
2022-02-06 05:00:00,2022-02-06 06:00:00,20.52,44.4264,26.1406,17.13,44.4264,26.1406,18.61,44.4264,26.1406
2022-02-06 06:00:00,2022-02-06 07:00:00,20.81,44.4264,26.1406,17.07,44.4264,26.1406,23.18,44.4264,26.1406
2022-02-06 07:00:00,2022-02-06 08:00:00,32.45,44.4264,26.1406,25.79,44.4264,26.1406,28.38,44.4264,26.1406
2022-02-06 08:00:00,2022-02-06 09:00:00,36.03,44.4264,26.1406,29.43,44.4264,26.1406,21.0,44.4264,26.1406
2022-02-06 09:00:00,2022-02-06 10:00:00,35.62,44.4264,26.1406,29.19,44.4264,26.1406,,44.4264,26.1406
2022-02-06 10:00:00,2022-02-06 11:00:00,39.0,44.4264,26.1406,32.44,44.4264,26.1406,18.01,44.4264,26.1406
2022-02-06 11:00:00,2022-02-06 12:00:00,32.75,44.4264,26.1406,27.42,44.4264,26.1406,12.66,44.4264,26.1406
2022-02-06 12:00:00,2022-02-06 13:00:00,22.51,44.4264,26.1406,15.1,44.4264,26.1406,8.44,44.4264,26.1406
2022-02-06 13:00:00,2022-02-06 14:00:00,16.22,44.4264,26.1406,9.05,44.4264,26.1406,8.85,44.4264,26.1406
2022-02-06 14:00:00,2022-02-06 15:00:00,20.72,44.4264,26.1406,11.6,44.4264,26.1406,10.26,44.4264,26.1406
2022-02-06 15:00:00,2022-02-06 16:00:00,20.36,44.4264,26.1406,14.47,44.4264,26.1406,12.17,44.4264,26.1406
2022-02-06 16:00:00,2022-02-06 17:00:00,18.41,44.4264,26.1406,13.12,44.4264,26.1406,17.84,44.4264,26.1406
2022-02-06 17:00:00,2022-02-06 18:00:00,21.73,44.4264,26.1406,16.06,44.4264,26.1406,20.25,44.4264,26.1406
2022-02-06 18:00:00,2022-02-06 19:00:00,23.43,44.4264,26.1406,18.13,44.4264,26.1406,26.06,44.4264,26.1406
2022-02-06 19:00:00,2022-02-06 20:00:00,20.51,44.4264,26.1406,14.89,44.4264,26.1406,23.23,44.4264,26.1406
2022-02-06 20:00:00,2022-02-06 21:00:00,21.4,44.4264,26.1406,16.34,44.4264,26.1406,28.82,44.4264,26.1406
2022-02-06 21:00:00,2022-02-06 22:00:00,22.47,44.4264,26.1406,16.85,44.4264,26.1406,25.47,44.4264,26.1406
2022-02-06 22:00:00,2022-02-06 23:00:00,18.1,44.4264,26.1406,14.1,44.4264,26.1406,17.57,44.4264,26.1406
2022-02-06 23:00:00,2022-02-07 00:00:00,15.3,44.4264,26.1406,12.02,44.4264,26.1406,13.86,44.4264,26.1406
2022-02-07 00:00:00,2022-02-07 01:00:00,17.86,44.4264,26.1406,14.91,44.4264,26.1406,13.12,44.4264,26.1406
2022-02-07 01:00:00,2022-02-07 02:00:00,21.96,44.4264,26.1406,17.85,44.4264,26.1406,32.07,44.4264,26.1406
2022-02-07 02:00:00,2022-02-07 03:00:00,33.92,44.4264,26.1406,29.32,44.4264,26.1406,24.78,44.4264,26.1406
2022-02-07 03:00:00,2022-02-07 04:00:00,29.36,44.4264,26.1406,24.65,44.4264,26.1406,15.68,44.4264,26.1406
2022-02-07 04:00:00,2022-02-07 05:00:00,28.43,44.4264,26.1406,24.69,44.4264,26.1406,22.92,44.4264,26.1406
2022-02-07 05:00:00,2022-02-07 06:00:00,29.35,44.4264,26.1406,24.31,44.4264,26.1406,44.14,44.4264,26.1406
2022-02-07 06:00:00,2022-02-07 07:00:00,41.71,44.4264,26.1406,26.97,44.4264,26.1406,59.52,44.4264,26.1406
2022-02-07 07:00:00,2022-02-07 08:00:00,34.44,44.4264,26.1406,23.99,44.4264,26.1406,43.14,44.4264,26.1406
2022-02-07 08:00:00,2022-02-07 09:00:00,38.19,44.4264,26.1406,25.52,44.4264,26.1406,30.56,44.4264,26.1406
2022-02-07 09:00:00,2022-02-07 10:00:00,38.34,44.4264,26.1406,24.83,44.4264,26.1406,29.87,44.4264,26.1406
2022-02-07 10:00:00,2022-02-07 11:00:00,39.91,44.4264,26.1406,24.1,44.4264,26.1406,,44.4264,26.1406
2022-02-07 11:00:00,2022-02-07 12:00:00,38.97,44.4264,26.1406,24.18,44.4264,26.1406,26.48,44.4264,26.1406
2022-02-07 12:00:00,2022-02-07 13:00:00,36.84,44.4264,26.1406,25.11,44.4264,26.1406,25.21,44.4264,26.1406
2022-02-07 13:00:00,2022-02-07 14:00:00,33.73,44.4264,26.1406,24.38,44.4264,26.1406,24.73,44.4264,26.1406
2022-02-07 14:00:00,2022-02-07 15:00:00,25.51,44.4264,26.1406,19.16,44.4264,26.1406,36.69,44.4264,26.1406
2022-02-07 15:00:00,2022-02-07 16:00:00,26.76,44.4264,26.1406,21.26,44.4264,26.1406,45.78,44.4264,26.1406
2022-02-07 16:00:00,2022-02-07 17:00:00,28.18,44.4264,26.1406,24.16,44.4264,26.1406,34.13,44.4264,26.1406
2022-02-07 17:00:00,2022-02-07 18:00:00,25.34,44.4264,26.1406,22.72,44.4264,26.1406,35.95,44.4264,26.1406
2022-02-07 18:00:00,2022-02-07 19:00:00,24.58,44.4264,26.1406,21.63,44.4264,26.1406,33.89,44.4264,26.1406
2022-02-07 19:00:00,2022-02-07 20:00:00,22.1,44.4264,26.1406,18.76,44.4264,26.1406,22.27,44.4264,26.1406
2022-02-07 20:00:00,2022-02-07 21:00:00,21.61,44.4264,26.1406,19.28,44.4264,26.1406,18.52,44.4264,26.1406
2022-02-07 21:00:00,2022-02-07 22:00:00,22.69,44.4264,26.1406,20.89,44.4264,26.1406,16.25,44.4264,26.1406
2022-02-07 22:00:00,2022-02-07 23:00:00,33.64,44.4264,26.1406,31.23,44.4264,26.1406,16.39,44.4264,26.1406
2022-02-07 23:00:00,2022-02-08 00:00:00,42.99,44.4264,26.1406,40.61,44.4264,26.1406,15.89,44.4264,26.1406
2022-02-08 00:00:00,2022-02-08 01:00:00,39.78,44.4264,26.1406,36.05,44.4264,26.1406,16.05,44.4264,26.1406
2022-02-08 01:00:00,2022-02-08 02:00:00,28.17,44.4264,26.1406,25.47,44.4264,26.1406,13.88,44.4264,26.1406
2022-02-08 02:00:00,2022-02-08 03:00:00,12.01,44.4264,26.1406,10.72,44.4264,26.1406,14.3,44.4264,26.1406
2022-02-08 03:00:00,2022-02-08 04:00:00,3.55,44.4264,26.1406,2.99,44.4264,26.1406,11.23,44.4264,26.1406
2022-02-08 04:00:00,2022-02-08 05:00:00,5.02,44.4264,26.1406,4.37,44.4264,26.1406,15.39,44.4264,26.1406
2022-02-08 05:00:00,2022-02-08 06:00:00,4.3,44.4264,26.1406,3.73,44.4264,26.1406,19.67,44.4264,26.1406
2022-02-08 06:00:00,2022-02-08 07:00:00,2.79,44.4264,26.1406,1.21,44.4264,26.1406,22.77,44.4264,26.1406
2022-02-08 07:00:00,2022-02-08 08:00:00,7.18,44.4264,26.1406,6.22,44.4264,26.1406,21.0,44.4264,26.1406
2022-02-08 08:00:00,2022-02-08 09:00:00,7.77,44.4264,26.1406,6.87,44.4264,26.1406,15.5,44.4264,26.1406
2022-02-08 09:00:00,2022-02-08 10:00:00,10.59,44.4264,26.1406,8.91,44.4264,26.1406,13.0,44.4264,26.1406
2022-02-08 10:00:00,2022-02-08 11:00:00,11.69,44.4264,26.1406,5.79,44.4264,26.1406,6.53,44.4264,26.1406
2022-02-08 11:00:00,2022-02-08 12:00:00,5.83,44.4264,26.1406,1.36,44.4264,26.1406,,44.4264,26.1406
2022-02-08 12:00:00,2022-02-08 13:00:00,8.19,44.4264,26.1406,4.57,44.4264,26.1406,6.17,44.4264,26.1406
2022-02-08 13:00:00,2022-02-08 14:00:00,11.61,44.4264,26.1406,5.81,44.4264,26.1406,6.04,44.4264,26.1406
2022-02-08 14:00:00,2022-02-08 15:00:00,12.06,44.4264,26.1406,7.89,44.4264,26.1406,5.79,44.4264,26.1406
2022-02-08 15:00:00,2022-02-08 16:00:00,8.41,44.4264,26.1406,4.0,44.4264,26.1406,7.29,44.4264,26.1406
2022-02-08 16:00:00,2022-02-08 17:00:00,7.26,44.4264,26.1406,2.9,44.4264,26.1406,9.29,44.4264,26.1406
2022-02-08 17:00:00,2022-02-08 18:00:00,13.79,44.4264,26.1406,8.73,44.4264,26.1406,14.68,44.4264,26.1406
2022-02-08 18:00:00,2022-02-08 19:00:00,22.11,44.4264,26.1406,16.67,44.4264,26.1406,23.84,44.4264,26.1406
2022-02-08 19:00:00,2022-02-08 20:00:00,26.53,44.4264,26.1406,19.92,44.4264,26.1406,25.45,44.4264,26.1406
2022-02-08 20:00:00,2022-02-08 21:00:00,27.72,44.4264,26.1406,21.6,44.4264,26.1406,22.25,44.4264,26.1406
2022-02-08 21:00:00,2022-02-08 22:00:00,30.18,44.4264,26.1406,22.85,44.4264,26.1406,43.36,44.4264,26.1406
2022-02-08 22:00:00,2022-02-08 23:00:00,29.65,44.4264,26.1406,21.48,44.4264,26.1406,35.32,44.4264,26.1406
2022-02-08 23:00:00,2022-02-09 00:00:00,23.47,44.4264,26.1406,18.07,44.4264,26.1406,18.05,44.4264,26.1406
2022-02-09 00:00:00,2022-02-09 01:00:00,17.73,44.4264,26.1406,15.19,44.4264,26.1406,18.52,44.4264,26.1406
2022-02-09 01:00:00,2022-02-09 02:00:00,16.69,44.4264,26.1406,13.67,44.4264,26.1406,17.16,44.4264,26.1406
2022-02-09 02:00:00,2022-02-09 03:00:00,10.99,44.4264,26.1406,8.34,44.4264,26.1406,13.24,44.4264,26.1406
2022-02-09 03:00:00,2022-02-09 04:00:00,10.85,44.4264,26.1406,7.92,44.4264,26.1406,11.47,44.4264,26.1406
2022-02-09 04:00:00,2022-02-09 05:00:00,11.43,44.4264,26.1406,8.64,44.4264,26.1406,15.22,44.4264,26.1406
2022-02-09 05:00:00,2022-02-09 06:00:00,17.68,44.4264,26.1406,14.13,44.4264,26.1406,26.83,44.4264,26.1406
2022-02-09 06:00:00,2022-02-09 07:00:00,16.22,44.4264,26.1406,10.26,44.4264,26.1406,27.42,44.4264,26.1406
2022-02-09 07:00:00,2022-02-09 08:00:00,14.94,44.4264,26.1406,8.87,44.4264,26.1406,35.1,44.4264,26.1406
2022-02-09 08:00:00,2022-02-09 09:00:00,21.7,44.4264,26.1406,13.53,44.4264,26.1406,29.58,44.4264,26.1406
2022-02-09 09:00:00,2022-02-09 10:00:00,29.18,44.4264,26.1406,17.96,44.4264,26.1406,26.75,44.4264,26.1406
2022-02-09 10:00:00,2022-02-09 11:00:00,28.05,44.4264,26.1406,17.22,44.4264,26.1406,24.19,44.4264,26.1406
2022-02-09 11:00:00,2022-02-09 12:00:00,32.37,44.4264,26.1406,19.39,44.4264,26.1406,26.35,44.4264,26.1406
2022-02-09 12:00:00,2022-02-09 13:00:00,31.42,44.4264,26.1406,18.58,44.4264,26.1406,,44.4264,26.1406
2022-02-09 13:00:00,2022-02-09 14:00:00,17.02,44.4264,26.1406,11.45,44.4264,26.1406,10.8,44.4264,26.1406
2022-02-09 14:00:00,2022-02-09 15:00:00,8.31,44.4264,26.1406,4.09,44.4264,26.1406,9.1,44.4264,26.1406
2022-02-09 15:00:00,2022-02-09 16:00:00,9.9,44.4264,26.1406,7.18,44.4264,26.1406,9.64,44.4264,26.1406
2022-02-09 16:00:00,2022-02-09 17:00:00,14.63,44.4264,26.1406,10.04,44.4264,26.1406,23.44,44.4264,26.1406
2022-02-09 17:00:00,2022-02-09 18:00:00,13.54,44.4264,26.1406,6.6,44.4264,26.1406,42.28,44.4264,26.1406
2022-02-09 18:00:00,2022-02-09 19:00:00,17.73,44.4264,26.1406,9.82,44.4264,26.1406,51.17,44.4264,26.1406
2022-02-09 19:00:00,2022-02-09 20:00:00,27.95,44.4264,26.1406,14.87,44.4264,26.1406,56.74,44.4264,26.1406
2022-02-09 20:00:00,2022-02-09 21:00:00,35.99,44.4264,26.1406,18.16,44.4264,26.1406,64.82,44.4264,26.1406
2022-02-09 21:00:00,2022-02-09 22:00:00,41.57,44.4264,26.1406,21.76,44.4264,26.1406,70.93,44.4264,26.1406
2022-02-09 22:00:00,2022-02-09 23:00:00,45.03,44.4264,26.1406,24.6,44.4264,26.1406,65.7,44.4264,26.1406
2022-02-09 23:00:00,2022-02-10 00:00:00,49.57,44.4264,26.1406,36.33,44.4264,26.1406,51.67,44.4264,26.1406
2022-02-10 00:00:00,2022-02-10 01:00:00,57.68,44.4264,26.1406,44.05,44.4264,26.1406,45.65,44.4264,26.1406
2022-02-10 01:00:00,2022-02-10 02:00:00,47.06,44.4264,26.1406,39.01,44.4264,26.1406,44.5,44.4264,26.1406
2022-02-10 02:00:00,2022-02-10 03:00:00,49.01,44.4264,26.1406,41.95,44.4264,26.1406,40.9,44.4264,26.1406
2022-02-10 03:00:00,2022-02-10 04:00:00,47.71,44.4264,26.1406,41.87,44.4264,26.1406,33.9,44.4264,26.1406
2022-02-10 04:00:00,2022-02-10 05:00:00,43.55,44.4264,26.1406,39.25,44.4264,26.1406,28.06,44.4264,26.1406
2022-02-10 05:00:00,2022-02-10 06:00:00,38.22,44.4264,26.1406,34.1,44.4264,26.1406,35.08,44.4264,26.1406
2022-02-10 06:00:00,2022-02-10 07:00:00,48.57,44.4264,26.1406,41.96,44.4264,26.1406,38.15,44.4264,26.1406
2022-02-10 07:00:00,2022-02-10 08:00:00,60.72,44.4264,26.1406,50.44,44.4264,26.1406,48.35,44.4264,26.1406
2022-02-10 08:00:00,2022-02-10 09:00:00,69.21,44.4264,26.1406,49.97,44.4264,26.1406,50.78,44.4264,26.1406
2022-02-10 09:00:00,2022-02-10 10:00:00,56.14,44.4264,26.1406,40.7,44.4264,26.1406,37.66,44.4264,26.1406
2022-02-10 10:00:00,2022-02-10 11:00:00,43.48,44.4264,26.1406,30.09,44.4264,26.1406,24.09,44.4264,26.1406
2022-02-10 11:00:00,2022-02-10 12:00:00,34.06,44.4264,26.1406,23.29,44.4264,26.1406,16.54,44.4264,26.1406
2022-02-10 12:00:00,2022-02-10 13:00:00,27.21,44.4264,26.1406,20.27,44.4264,26.1406,15.15,44.4264,26.1406
2022-02-10 13:00:00,2022-02-10 14:00:00,26.31,44.4264,26.1406,18.58,44.4264,26.1406,,44.4264,26.1406
2022-02-10 14:00:00,2022-02-10 15:00:00,16.7,44.4264,26.1406,9.99,44.4264,26.1406,14.92,44.4264,26.1406
2022-02-10 15:00:00,2022-02-10 16:00:00,17.48,44.4264,26.1406,9.78,44.4264,26.1406,15.59,44.4264,26.1406
2022-02-10 16:00:00,2022-02-10 17:00:00,23.5,44.4264,26.1406,16.33,44.4264,26.1406,24.11,44.4264,26.1406
2022-02-10 17:00:00,2022-02-10 18:00:00,26.63,44.4264,26.1406,17.19,44.4264,26.1406,44.72,44.4264,26.1406
2022-02-10 18:00:00,2022-02-10 19:00:00,32.09,44.4264,26.1406,18.9,44.4264,26.1406,52.04,44.4264,26.1406
2022-02-10 19:00:00,2022-02-10 20:00:00,39.53,44.4264,26.1406,26.11,44.4264,26.1406,40.26,44.4264,26.1406
2022-02-10 20:00:00,2022-02-10 21:00:00,36.64,44.4264,26.1406,27.87,44.4264,26.1406,40.48,44.4264,26.1406
2022-02-10 21:00:00,2022-02-10 22:00:00,35.1,44.4264,26.1406,27.06,44.4264,26.1406,46.44,44.4264,26.1406
2022-02-10 22:00:00,2022-02-10 23:00:00,39.51,44.4264,26.1406,31.21,44.4264,26.1406,51.04,44.4264,26.1406
2022-02-10 23:00:00,2022-02-11 00:00:00,53.74,44.4264,26.1406,45.23,44.4264,26.1406,49.86,44.4264,26.1406
2022-02-11 00:00:00,2022-02-11 01:00:00,70.71,44.4264,26.1406,62.14,44.4264,26.1406,47.16,44.4264,26.1406
2022-02-11 01:00:00,2022-02-11 02:00:00,57.94,44.4264,26.1406,49.87,44.4264,26.1406,47.96,44.4264,26.1406
2022-02-11 02:00:00,2022-02-11 03:00:00,48.07,44.4264,26.1406,41.21,44.4264,26.1406,42.33,44.4264,26.1406
2022-02-11 03:00:00,2022-02-11 04:00:00,43.5,44.4264,26.1406,38.06,44.4264,26.1406,34.02,44.4264,26.1406
2022-02-11 04:00:00,2022-02-11 05:00:00,37.31,44.4264,26.1406,33.38,44.4264,26.1406,37.7,44.4264,26.1406
2022-02-11 05:00:00,2022-02-11 06:00:00,37.05,44.4264,26.1406,32.62,44.4264,26.1406,44.44,44.4264,26.1406
2022-02-11 06:00:00,2022-02-11 07:00:00,43.93,44.4264,26.1406,37.97,44.4264,26.1406,50.64,44.4264,26.1406
2022-02-11 07:00:00,2022-02-11 08:00:00,43.71,44.4264,26.1406,35.93,44.4264,26.1406,40.46,44.4264,26.1406
2022-02-11 08:00:00,2022-02-11 09:00:00,46.63,44.4264,26.1406,36.1,44.4264,26.1406,37.66,44.4264,26.1406
2022-02-11 09:00:00,2022-02-11 10:00:00,42.23,44.4264,26.1406,32.8,44.4264,26.1406,25.96,44.4264,26.1406
2022-02-11 10:00:00,2022-02-11 11:00:00,38.28,44.4264,26.1406,30.7,44.4264,26.1406,16.84,44.4264,26.1406
2022-02-11 11:00:00,2022-02-11 12:00:00,43.18,44.4264,26.1406,35.45,44.4264,26.1406,14.76,44.4264,26.1406
2022-02-11 12:00:00,2022-02-11 13:00:00,37.54,44.4264,26.1406,30.17,44.4264,26.1406,13.2,44.4264,26.1406
2022-02-11 13:00:00,2022-02-11 14:00:00,37.28,44.4264,26.1406,29.63,44.4264,26.1406,13.07,44.4264,26.1406
2022-02-11 14:00:00,2022-02-11 15:00:00,33.82,44.4264,26.1406,26.19,44.4264,26.1406,,44.4264,26.1406
2022-02-11 15:00:00,2022-02-11 16:00:00,30.42,44.4264,26.1406,22.05,44.4264,26.1406,22.47,44.4264,26.1406
2022-02-11 16:00:00,2022-02-11 17:00:00,33.16,44.4264,26.1406,22.29,44.4264,26.1406,46.47,44.4264,26.1406
2022-02-11 17:00:00,2022-02-11 18:00:00,44.07,44.4264,26.1406,29.01,44.4264,26.1406,64.51,44.4264,26.1406
2022-02-11 18:00:00,2022-02-11 19:00:00,63.1,44.4264,26.1406,43.11,44.4264,26.1406,80.16,44.4264,26.1406
2022-02-11 19:00:00,2022-02-11 20:00:00,86.1,44.4264,26.1406,60.52,44.4264,26.1406,90.32,44.4264,26.1406
2022-02-11 20:00:00,2022-02-11 21:00:00,102.55,44.4264,26.1406,63.58,44.4264,26.1406,89.65,44.4264,26.1406
2022-02-11 21:00:00,2022-02-11 22:00:00,137.28,44.4264,26.1406,93.7,44.4264,26.1406,103.43,44.4264,26.1406
2022-02-11 22:00:00,2022-02-11 23:00:00,132.38,44.4264,26.1406,86.75,44.4264,26.1406,87.64,44.4264,26.1406
2022-02-11 23:00:00,2022-02-12 00:00:00,153.8,44.4264,26.1406,115.27,44.4264,26.1406,94.01,44.4264,26.1406
2022-02-12 00:00:00,2022-02-12 01:00:00,120.14,44.4264,26.1406,86.42,44.4264,26.1406,79.19,44.4264,26.1406
2022-02-12 01:00:00,2022-02-12 02:00:00,66.13,44.4264,26.1406,51.43,44.4264,26.1406,40.18,44.4264,26.1406
2022-02-12 02:00:00,2022-02-12 03:00:00,44.86,44.4264,26.1406,37.72,44.4264,26.1406,38.28,44.4264,26.1406
2022-02-12 03:00:00,2022-02-12 04:00:00,56.2,44.4264,26.1406,49.18,44.4264,26.1406,48.09,44.4264,26.1406
2022-02-12 04:00:00,2022-02-12 05:00:00,56.03,44.4264,26.1406,49.71,44.4264,26.1406,42.93,44.4264,26.1406
2022-02-12 05:00:00,2022-02-12 06:00:00,48.96,44.4264,26.1406,42.25,44.4264,26.1406,36.43,44.4264,26.1406
2022-02-12 06:00:00,2022-02-12 07:00:00,48.76,44.4264,26.1406,41.52,44.4264,26.1406,37.92,44.4264,26.1406
2022-02-12 07:00:00,2022-02-12 08:00:00,72.53,44.4264,26.1406,61.62,44.4264,26.1406,40.14,44.4264,26.1406
2022-02-12 08:00:00,2022-02-12 09:00:00,86.1,44.4264,26.1406,69.05,44.4264,26.1406,38.79,44.4264,26.1406
2022-02-12 09:00:00,2022-02-12 10:00:00,45.79,44.4264,26.1406,30.44,44.4264,26.1406,21.18,44.4264,26.1406
2022-02-12 10:00:00,2022-02-12 11:00:00,23.84,44.4264,26.1406,8.33,44.4264,26.1406,19.33,44.4264,26.1406
2022-02-12 11:00:00,2022-02-12 12:00:00,26.74,44.4264,26.1406,10.37,44.4264,26.1406,20.43,44.4264,26.1406
2022-02-12 12:00:00,2022-02-12 13:00:00,25.93,44.4264,26.1406,7.93,44.4264,26.1406,20.69,44.4264,26.1406
2022-02-12 13:00:00,2022-02-12 14:00:00,20.05,44.4264,26.1406,7.19,44.4264,26.1406,17.35,44.4264,26.1406
2022-02-12 14:00:00,2022-02-12 15:00:00,17.64,44.4264,26.1406,8.73,44.4264,26.1406,17.56,44.4264,26.1406
2022-02-12 15:00:00,2022-02-12 16:00:00,16.53,44.4264,26.1406,8.25,44.4264,26.1406,,44.4264,26.1406
2022-02-12 16:00:00,2022-02-12 17:00:00,22.18,44.4264,26.1406,10.9,44.4264,26.1406,32.17,44.4264,26.1406
2022-02-12 17:00:00,2022-02-12 18:00:00,28.47,44.4264,26.1406,10.44,44.4264,26.1406,44.03,44.4264,26.1406
2022-02-12 18:00:00,2022-02-12 19:00:00,30.69,44.4264,26.1406,12.89,44.4264,26.1406,49.03,44.4264,26.1406
2022-02-12 19:00:00,2022-02-12 20:00:00,31.23,44.4264,26.1406,16.95,44.4264,26.1406,39.38,44.4264,26.1406
2022-02-12 20:00:00,2022-02-12 21:00:00,23.99,44.4264,26.1406,15.51,44.4264,26.1406,19.04,44.4264,26.1406
2022-02-12 21:00:00,2022-02-12 22:00:00,18.76,44.4264,26.1406,13.37,44.4264,26.1406,13.84,44.4264,26.1406
2022-02-12 22:00:00,2022-02-12 23:00:00,14.05,44.4264,26.1406,10.56,44.4264,26.1406,11.47,44.4264,26.1406
2022-02-12 23:00:00,2022-02-13 00:00:00,10.08,44.4264,26.1406,7.41,44.4264,26.1406,9.98,44.4264,26.1406
2022-02-13 00:00:00,2022-02-13 01:00:00,14.02,44.4264,26.1406,11.8,44.4264,26.1406,9.16,44.4264,26.1406
2022-02-13 01:00:00,2022-02-13 02:00:00,13.87,44.4264,26.1406,11.99,44.4264,26.1406,8.41,44.4264,26.1406
2022-02-13 02:00:00,2022-02-13 03:00:00,12.2,44.4264,26.1406,10.54,44.4264,26.1406,9.25,44.4264,26.1406
2022-02-13 03:00:00,2022-02-13 04:00:00,11.28,44.4264,26.1406,9.05,44.4264,26.1406,8.54,44.4264,26.1406
2022-02-13 04:00:00,2022-02-13 05:00:00,11.91,44.4264,26.1406,9.27,44.4264,26.1406,9.78,44.4264,26.1406
2022-02-13 05:00:00,2022-02-13 06:00:00,14.14,44.4264,26.1406,11.06,44.4264,26.1406,15.37,44.4264,26.1406
2022-02-13 06:00:00,2022-02-13 07:00:00,11.51,44.4264,26.1406,7.87,44.4264,26.1406,17.53,44.4264,26.1406
2022-02-13 07:00:00,2022-02-13 08:00:00,12.69,44.4264,26.1406,9.18,44.4264,26.1406,14.69,44.4264,26.1406
2022-02-13 08:00:00,2022-02-13 09:00:00,13.25,44.4264,26.1406,9.31,44.4264,26.1406,11.86,44.4264,26.1406
2022-02-13 09:00:00,2022-02-13 10:00:00,17.51,44.4264,26.1406,13.86,44.4264,26.1406,14.06,44.4264,26.1406
2022-02-13 10:00:00,2022-02-13 11:00:00,17.05,44.4264,26.1406,13.67,44.4264,26.1406,12.52,44.4264,26.1406
2022-02-13 11:00:00,2022-02-13 12:00:00,18.39,44.4264,26.1406,12.65,44.4264,26.1406,13.35,44.4264,26.1406
2022-02-13 12:00:00,2022-02-13 13:00:00,18.7,44.4264,26.1406,12.51,44.4264,26.1406,12.72,44.4264,26.1406
2022-02-13 13:00:00,2022-02-13 14:00:00,11.25,44.4264,26.1406,6.77,44.4264,26.1406,15.39,44.4264,26.1406
2022-02-13 14:00:00,2022-02-13 15:00:00,14.13,44.4264,26.1406,10.25,44.4264,26.1406,15.27,44.4264,26.1406
2022-02-13 15:00:00,2022-02-13 16:00:00,13.44,44.4264,26.1406,8.5,44.4264,26.1406,13.22,44.4264,26.1406
2022-02-13 16:00:00,2022-02-13 17:00:00,15.45,44.4264,26.1406,9.49,44.4264,26.1406,,44.4264,26.1406
2022-02-13 17:00:00,2022-02-13 18:00:00,19.58,44.4264,26.1406,10.89,44.4264,26.1406,33.98,44.4264,26.1406
2022-02-13 18:00:00,2022-02-13 19:00:00,27.45,44.4264,26.1406,16.98,44.4264,26.1406,64.4,44.4264,26.1406
2022-02-13 19:00:00,2022-02-13 20:00:00,30.87,44.4264,26.1406,19.35,44.4264,26.1406,62.61,44.4264,26.1406
2022-02-13 20:00:00,2022-02-13 21:00:00,26.1,44.4264,26.1406,17.38,44.4264,26.1406,53.04,44.4264,26.1406
2022-02-13 21:00:00,2022-02-13 22:00:00,35.36,44.4264,26.1406,26.54,44.4264,26.1406,55.76,44.4264,26.1406
2022-02-13 22:00:00,2022-02-13 23:00:00,26.44,44.4264,26.1406,18.12,44.4264,26.1406,22.89,44.4264,26.1406
2022-02-13 23:00:00,2022-02-14 00:00:00,19.42,44.4264,26.1406,14.23,44.4264,26.1406,19.46,44.4264,26.1406
2022-02-14 00:00:00,2022-02-14 01:00:00,17.72,44.4264,26.1406,13.05,44.4264,26.1406,20.82,44.4264,26.1406
2022-02-14 01:00:00,2022-02-14 02:00:00,18.33,44.4264,26.1406,13.11,44.4264,26.1406,25.41,44.4264,26.1406
2022-02-14 02:00:00,2022-02-14 03:00:00,18.91,44.4264,26.1406,13.48,44.4264,26.1406,25.39,44.4264,26.1406
2022-02-14 03:00:00,2022-02-14 04:00:00,24.0,44.4264,26.1406,18.76,44.4264,26.1406,37.19,44.4264,26.1406
2022-02-14 04:00:00,2022-02-14 05:00:00,26.23,44.4264,26.1406,21.34,44.4264,26.1406,44.98,44.4264,26.1406
2022-02-14 05:00:00,2022-02-14 06:00:00,24.54,44.4264,26.1406,16.38,44.4264,26.1406,49.45,44.4264,26.1406
2022-02-14 06:00:00,2022-02-14 07:00:00,29.11,44.4264,26.1406,17.08,44.4264,26.1406,52.71,44.4264,26.1406
2022-02-14 07:00:00,2022-02-14 08:00:00,34.58,44.4264,26.1406,20.35,44.4264,26.1406,53.47,44.4264,26.1406
2022-02-14 08:00:00,2022-02-14 09:00:00,37.46,44.4264,26.1406,19.87,44.4264,26.1406,56.29,44.4264,26.1406
2022-02-14 09:00:00,2022-02-14 10:00:00,36.79,44.4264,26.1406,20.95,44.4264,26.1406,48.03,44.4264,26.1406
2022-02-14 10:00:00,2022-02-14 11:00:00,31.77,44.4264,26.1406,17.59,44.4264,26.1406,33.07,44.4264,26.1406
2022-02-14 11:00:00,2022-02-14 12:00:00,30.8,44.4264,26.1406,18.96,44.4264,26.1406,22.56,44.4264,26.1406
2022-02-14 12:00:00,2022-02-14 13:00:00,19.83,44.4264,26.1406,12.74,44.4264,26.1406,13.96,44.4264,26.1406
2022-02-14 13:00:00,2022-02-14 14:00:00,15.67,44.4264,26.1406,10.53,44.4264,26.1406,17.42,44.4264,26.1406
2022-02-14 14:00:00,2022-02-14 15:00:00,17.78,44.4264,26.1406,11.08,44.4264,26.1406,17.03,44.4264,26.1406
2022-02-14 15:00:00,2022-02-14 16:00:00,21.1,44.4264,26.1406,14.39,44.4264,26.1406,20.96,44.4264,26.1406
2022-02-14 16:00:00,2022-02-14 17:00:00,21.3,44.4264,26.1406,13.64,44.4264,26.1406,41.03,44.4264,26.1406
2022-02-14 17:00:00,2022-02-14 18:00:00,27.82,44.4264,26.1406,15.5,44.4264,26.1406,,44.4264,26.1406
2022-02-14 18:00:00,2022-02-14 19:00:00,29.03,44.4264,26.1406,18.33,44.4264,26.1406,55.22,44.4264,26.1406
2022-02-14 19:00:00,2022-02-14 20:00:00,33.0,44.4264,26.1406,16.92,44.4264,26.1406,63.61,44.4264,26.1406
2022-02-14 20:00:00,2022-02-14 21:00:00,35.69,44.4264,26.1406,17.35,44.4264,26.1406,68.65,44.4264,26.1406
2022-02-14 21:00:00,2022-02-14 22:00:00,49.8,44.4264,26.1406,34.72,44.4264,26.1406,66.27,44.4264,26.1406
2022-02-14 22:00:00,2022-02-14 23:00:00,75.72,44.4264,26.1406,60.72,44.4264,26.1406,64.36,44.4264,26.1406
2022-02-14 23:00:00,2022-02-15 00:00:00,68.65,44.4264,26.1406,53.24,44.4264,26.1406,59.69,44.4264,26.1406
2022-02-15 00:00:00,2022-02-15 01:00:00,74.22,44.4264,26.1406,55.33,44.4264,26.1406,55.46,44.4264,26.1406
2022-02-15 01:00:00,2022-02-15 02:00:00,64.25,44.4264,26.1406,46.34,44.4264,26.1406,52.01,44.4264,26.1406
2022-02-15 02:00:00,2022-02-15 03:00:00,59.05,44.4264,26.1406,45.04,44.4264,26.1406,50.15,44.4264,26.1406
2022-02-15 03:00:00,2022-02-15 04:00:00,63.81,44.4264,26.1406,49.2,44.4264,26.1406,46.82,44.4264,26.1406
2022-02-15 04:00:00,2022-02-15 05:00:00,63.54,44.4264,26.1406,50.2,44.4264,26.1406,41.46,44.4264,26.1406
2022-02-15 05:00:00,2022-02-15 06:00:00,59.57,44.4264,26.1406,48.74,44.4264,26.1406,39.53,44.4264,26.1406
2022-02-15 06:00:00,2022-02-15 07:00:00,64.12,44.4264,26.1406,51.18,44.4264,26.1406,44.19,44.4264,26.1406
2022-02-15 07:00:00,2022-02-15 08:00:00,77.27,44.4264,26.1406,59.01,44.4264,26.1406,50.21,44.4264,26.1406
2022-02-15 08:00:00,2022-02-15 09:00:00,76.61,44.4264,26.1406,58.74,44.4264,26.1406,53.13,44.4264,26.1406
2022-02-15 09:00:00,2022-02-15 10:00:00,67.71,44.4264,26.1406,53.74,44.4264,26.1406,43.38,44.4264,26.1406
2022-02-15 10:00:00,2022-02-15 11:00:00,52.37,44.4264,26.1406,41.07,44.4264,26.1406,33.76,44.4264,26.1406
2022-02-15 11:00:00,2022-02-15 12:00:00,38.53,44.4264,26.1406,25.52,44.4264,26.1406,26.3,44.4264,26.1406
2022-02-15 12:00:00,2022-02-15 13:00:00,33.63,44.4264,26.1406,21.1,44.4264,26.1406,18.18,44.4264,26.1406
2022-02-15 13:00:00,2022-02-15 14:00:00,34.67,44.4264,26.1406,24.33,44.4264,26.1406,16.32,44.4264,26.1406
2022-02-15 14:00:00,2022-02-15 15:00:00,39.57,44.4264,26.1406,25.39,44.4264,26.1406,17.09,44.4264,26.1406
2022-02-15 15:00:00,2022-02-15 16:00:00,38.61,44.4264,26.1406,27.84,44.4264,26.1406,17.09,44.4264,26.1406
2022-02-15 16:00:00,2022-02-15 17:00:00,35.71,44.4264,26.1406,25.94,44.4264,26.1406,26.42,44.4264,26.1406
2022-02-15 17:00:00,2022-02-15 18:00:00,37.21,44.4264,26.1406,26.65,44.4264,26.1406,49.62,44.4264,26.1406
2022-02-15 18:00:00,2022-02-15 19:00:00,46.43,44.4264,26.1406,34.83,44.4264,26.1406,,44.4264,26.1406
2022-02-15 19:00:00,2022-02-15 20:00:00,58.71,44.4264,26.1406,42.51,44.4264,26.1406,75.53,44.4264,26.1406
2022-02-15 20:00:00,2022-02-15 21:00:00,75.81,44.4264,26.1406,54.43,44.4264,26.1406,73.87,44.4264,26.1406
2022-02-15 21:00:00,2022-02-15 22:00:00,97.54,44.4264,26.1406,74.76,44.4264,26.1406,79.53,44.4264,26.1406
2022-02-15 22:00:00,2022-02-15 23:00:00,126.33,44.4264,26.1406,105.51,44.4264,26.1406,79.47,44.4264,26.1406
2022-02-15 23:00:00,2022-02-16 00:00:00,115.51,44.4264,26.1406,97.68,44.4264,26.1406,68.98,44.4264,26.1406
2022-02-16 00:00:00,2022-02-16 01:00:00,108.61,44.4264,26.1406,86.25,44.4264,26.1406,60.5,44.4264,26.1406
2022-02-16 01:00:00,2022-02-16 02:00:00,103.58,44.4264,26.1406,87.0,44.4264,26.1406,64.65,44.4264,26.1406
2022-02-16 02:00:00,2022-02-16 03:00:00,97.13,44.4264,26.1406,86.2,44.4264,26.1406,58.7,44.4264,26.1406
2022-02-16 03:00:00,2022-02-16 04:00:00,97.89,44.4264,26.1406,87.34,44.4264,26.1406,53.87,44.4264,26.1406
2022-02-16 04:00:00,2022-02-16 05:00:00,98.18,44.4264,26.1406,87.22,44.4264,26.1406,48.07,44.4264,26.1406
2022-02-16 05:00:00,2022-02-16 06:00:00,100.23,44.4264,26.1406,88.46,44.4264,26.1406,53.16,44.4264,26.1406
2022-02-16 06:00:00,2022-02-16 07:00:00,98.56,44.4264,26.1406,86.72,44.4264,26.1406,52.18,44.4264,26.1406
2022-02-16 07:00:00,2022-02-16 08:00:00,107.73,44.4264,26.1406,90.1,44.4264,26.1406,64.62,44.4264,26.1406
2022-02-16 08:00:00,2022-02-16 09:00:00,121.64,44.4264,26.1406,97.16,44.4264,26.1406,66.78,44.4264,26.1406
2022-02-16 09:00:00,2022-02-16 10:00:00,139.08,44.4264,26.1406,101.86,44.4264,26.1406,80.12,44.4264,26.1406
2022-02-16 10:00:00,2022-02-16 11:00:00,101.55,44.4264,26.1406,76.25,44.4264,26.1406,75.33,44.4264,26.1406
2022-02-16 11:00:00,2022-02-16 12:00:00,83.91,44.4264,26.1406,52.75,44.4264,26.1406,48.04,44.4264,26.1406
2022-02-16 12:00:00,2022-02-16 13:00:00,47.03,44.4264,26.1406,30.6,44.4264,26.1406,14.34,44.4264,26.1406
2022-02-16 13:00:00,2022-02-16 14:00:00,35.83,44.4264,26.1406,25.74,44.4264,26.1406,13.37,44.4264,26.1406
2022-02-16 14:00:00,2022-02-16 15:00:00,26.94,44.4264,26.1406,17.12,44.4264,26.1406,11.65,44.4264,26.1406
2022-02-16 15:00:00,2022-02-16 16:00:00,37.62,44.4264,26.1406,23.48,44.4264,26.1406,12.84,44.4264,26.1406
2022-02-16 17:00:00,2022-02-16 18:00:00,50.2,44.4264,26.1406,33.15,44.4264,26.1406,26.39,44.4264,26.1406
2022-02-16 18:00:00,2022-02-16 19:00:00,59.8,44.4264,26.1406,41.28,44.4264,26.1406,45.4,44.4264,26.1406
2022-02-16 19:00:00,2022-02-16 20:00:00,67.36,44.4264,26.1406,47.22,44.4264,26.1406,,44.4264,26.1406
2022-02-16 20:00:00,2022-02-16 21:00:00,78.35,44.4264,26.1406,58.64,44.4264,26.1406,49.52,44.4264,26.1406
2022-02-16 21:00:00,2022-02-16 22:00:00,70.73,44.4264,26.1406,55.4,44.4264,26.1406,59.51,44.4264,26.1406
2022-02-16 22:00:00,2022-02-16 23:00:00,102.59,44.4264,26.1406,82.17,44.4264,26.1406,58.17,44.4264,26.1406
2022-02-16 23:00:00,2022-02-17 00:00:00,117.49,44.4264,26.1406,102.52,44.4264,26.1406,53.42,44.4264,26.1406
2022-02-17 00:00:00,2022-02-17 01:00:00,84.28,44.4264,26.1406,71.84,44.4264,26.1406,47.78,44.4264,26.1406
2022-02-17 01:00:00,2022-02-17 02:00:00,59.92,44.4264,26.1406,51.91,44.4264,26.1406,28.6,44.4264,26.1406
2022-02-17 02:00:00,2022-02-17 03:00:00,32.46,44.4264,26.1406,27.32,44.4264,26.1406,26.97,44.4264,26.1406
2022-02-17 03:00:00,2022-02-17 04:00:00,23.25,44.4264,26.1406,18.61,44.4264,26.1406,23.33,44.4264,26.1406
2022-02-17 04:00:00,2022-02-17 05:00:00,23.55,44.4264,26.1406,19.87,44.4264,26.1406,27.62,44.4264,26.1406
2022-02-17 05:00:00,2022-02-17 06:00:00,25.2,44.4264,26.1406,21.55,44.4264,26.1406,31.79,44.4264,26.1406
2022-02-17 06:00:00,2022-02-17 07:00:00,30.87,44.4264,26.1406,25.53,44.4264,26.1406,28.46,44.4264,26.1406
2022-02-17 07:00:00,2022-02-17 08:00:00,37.42,44.4264,26.1406,29.6,44.4264,26.1406,24.49,44.4264,26.1406
2022-02-17 08:00:00,2022-02-17 09:00:00,49.15,44.4264,26.1406,39.95,44.4264,26.1406,24.96,44.4264,26.1406
2022-02-17 09:00:00,2022-02-17 10:00:00,48.08,44.4264,26.1406,39.18,44.4264,26.1406,24.14,44.4264,26.1406
2022-02-17 10:00:00,2022-02-17 11:00:00,43.02,44.4264,26.1406,31.71,44.4264,26.1406,14.84,44.4264,26.1406
2022-02-17 11:00:00,2022-02-17 12:00:00,43.41,44.4264,26.1406,29.67,44.4264,26.1406,14.65,44.4264,26.1406
2022-02-17 12:00:00,2022-02-17 13:00:00,42.74,44.4264,26.1406,25.05,44.4264,26.1406,13.07,44.4264,26.1406
2022-02-17 13:00:00,2022-02-17 14:00:00,45.15,44.4264,26.1406,24.43,44.4264,26.1406,13.73,44.4264,26.1406
2022-02-17 14:00:00,2022-02-17 15:00:00,49.19,44.4264,26.1406,24.85,44.4264,26.1406,14.16,44.4264,26.1406
2022-02-17 15:00:00,2022-02-17 16:00:00,42.92,44.4264,26.1406,22.8,44.4264,26.1406,14.63,44.4264,26.1406
2022-02-17 16:00:00,2022-02-17 17:00:00,41.81,44.4264,26.1406,20.44,44.4264,26.1406,19.31,44.4264,26.1406
2022-02-17 17:00:00,2022-02-17 18:00:00,34.03,44.4264,26.1406,22.82,44.4264,26.1406,25.79,44.4264,26.1406
2022-02-17 18:00:00,2022-02-17 19:00:00,36.68,44.4264,26.1406,26.91,44.4264,26.1406,27.87,44.4264,26.1406
2022-02-17 19:00:00,2022-02-17 20:00:00,35.01,44.4264,26.1406,25.32,44.4264,26.1406,28.83,44.4264,26.1406
2022-02-17 20:00:00,2022-02-17 21:00:00,37.71,44.4264,26.1406,29.03,44.4264,26.1406,,44.4264,26.1406
2022-02-17 21:00:00,2022-02-17 22:00:00,36.58,44.4264,26.1406,28.36,44.4264,26.1406,21.93,44.4264,26.1406
2022-02-17 22:00:00,2022-02-17 23:00:00,32.0,44.4264,26.1406,23.74,44.4264,26.1406,18.09,44.4264,26.1406
2022-02-17 23:00:00,2022-02-18 00:00:00,34.77,44.4264,26.1406,27.0,44.4264,26.1406,14.43,44.4264,26.1406
2022-02-18 00:00:00,2022-02-18 01:00:00,29.18,44.4264,26.1406,24.75,44.4264,26.1406,18.88,44.4264,26.1406
2022-02-18 01:00:00,2022-02-18 02:00:00,24.95,44.4264,26.1406,20.68,44.4264,26.1406,15.64,44.4264,26.1406
2022-02-18 02:00:00,2022-02-18 03:00:00,22.39,44.4264,26.1406,16.52,44.4264,26.1406,9.49,44.4264,26.1406
2022-02-18 03:00:00,2022-02-18 04:00:00,19.55,44.4264,26.1406,11.51,44.4264,26.1406,7.66,44.4264,26.1406
2022-02-18 04:00:00,2022-02-18 05:00:00,23.89,44.4264,26.1406,2.47,44.4264,26.1406,7.47,44.4264,26.1406
2022-02-18 05:00:00,2022-02-18 06:00:00,19.65,44.4264,26.1406,4.07,44.4264,26.1406,9.23,44.4264,26.1406
2022-02-18 06:00:00,2022-02-18 07:00:00,10.17,44.4264,26.1406,2.97,44.4264,26.1406,8.93,44.4264,26.1406
2022-02-18 07:00:00,2022-02-18 08:00:00,12.78,44.4264,26.1406,5.45,44.4264,26.1406,9.13,44.4264,26.1406
2022-02-18 08:00:00,2022-02-18 09:00:00,12.44,44.4264,26.1406,5.2,44.4264,26.1406,7.22,44.4264,26.1406
2022-02-18 09:00:00,2022-02-18 10:00:00,16.23,44.4264,26.1406,4.06,44.4264,26.1406,5.67,44.4264,26.1406
2022-02-18 10:00:00,2022-02-18 11:00:00,7.72,44.4264,26.1406,0.13,44.4264,26.1406,5.28,44.4264,26.1406
2022-02-18 11:00:00,2022-02-18 12:00:00,12.77,44.4264,26.1406,2.15,44.4264,26.1406,5.24,44.4264,26.1406
2022-02-18 12:00:00,2022-02-18 13:00:00,9.93,44.4264,26.1406,4.14,44.4264,26.1406,4.91,44.4264,26.1406
2022-02-18 13:00:00,2022-02-18 14:00:00,4.57,44.4264,26.1406,1.55,44.4264,26.1406,5.1,44.4264,26.1406
2022-02-18 14:00:00,2022-02-18 15:00:00,3.53,44.4264,26.1406,,,,4.83,44.4264,26.1406
2022-02-18 15:00:00,2022-02-18 16:00:00,3.38,44.4264,26.1406,,,,5.18,44.4264,26.1406
2022-02-18 16:00:00,2022-02-18 17:00:00,7.62,44.4264,26.1406,3.87,44.4264,26.1406,10.67,44.4264,26.1406
2022-02-18 17:00:00,2022-02-18 18:00:00,15.84,44.4264,26.1406,7.07,44.4264,26.1406,25.22,44.4264,26.1406
2022-02-18 18:00:00,2022-02-18 19:00:00,27.67,44.4264,26.1406,16.55,44.4264,26.1406,34.64,44.4264,26.1406
2022-02-18 19:00:00,2022-02-18 20:00:00,30.44,44.4264,26.1406,13.94,44.4264,26.1406,57.54,44.4264,26.1406
2022-02-18 20:00:00,2022-02-18 21:00:00,51.84,44.4264,26.1406,35.17,44.4264,26.1406,61.73,44.4264,26.1406
2022-02-18 21:00:00,2022-02-18 22:00:00,74.39,44.4264,26.1406,38.83,44.4264,26.1406,,44.4264,26.1406
2022-02-18 22:00:00,2022-02-18 23:00:00,63.35,44.4264,26.1406,33.5,44.4264,26.1406,47.62,44.4264,26.1406
2022-02-18 23:00:00,2022-02-19 00:00:00,42.11,44.4264,26.1406,29.13,44.4264,26.1406,43.27,44.4264,26.1406
2022-02-19 00:00:00,2022-02-19 01:00:00,24.48,44.4264,26.1406,15.92,44.4264,26.1406,14.17,44.4264,26.1406
2022-02-19 01:00:00,2022-02-19 02:00:00,15.0,44.4264,26.1406,11.01,44.4264,26.1406,12.15,44.4264,26.1406
2022-02-19 02:00:00,2022-02-19 03:00:00,10.56,44.4264,26.1406,7.21,44.4264,26.1406,10.89,44.4264,26.1406
2022-02-19 03:00:00,2022-02-19 04:00:00,15.11,44.4264,26.1406,11.56,44.4264,26.1406,13.07,44.4264,26.1406
2022-02-19 04:00:00,2022-02-19 05:00:00,21.21,44.4264,26.1406,15.53,44.4264,26.1406,17.44,44.4264,26.1406
2022-02-19 05:00:00,2022-02-19 06:00:00,20.81,44.4264,26.1406,14.21,44.4264,26.1406,22.92,44.4264,26.1406
2022-02-19 06:00:00,2022-02-19 07:00:00,21.42,44.4264,26.1406,13.94,44.4264,26.1406,33.34,44.4264,26.1406
2022-02-19 07:00:00,2022-02-19 08:00:00,24.69,44.4264,26.1406,14.98,44.4264,26.1406,32.61,44.4264,26.1406
2022-02-19 08:00:00,2022-02-19 09:00:00,28.12,44.4264,26.1406,16.35,44.4264,26.1406,33.0,44.4264,26.1406
2022-02-19 09:00:00,2022-02-19 10:00:00,28.26,44.4264,26.1406,15.24,44.4264,26.1406,21.26,44.4264,26.1406
2022-02-19 10:00:00,2022-02-19 11:00:00,22.75,44.4264,26.1406,12.21,44.4264,26.1406,18.1,44.4264,26.1406
2022-02-19 11:00:00,2022-02-19 12:00:00,21.72,44.4264,26.1406,14.35,44.4264,26.1406,11.5,44.4264,26.1406
2022-02-19 12:00:00,2022-02-19 13:00:00,16.96,44.4264,26.1406,10.46,44.4264,26.1406,8.3,44.4264,26.1406
2022-02-19 13:00:00,2022-02-19 14:00:00,15.71,44.4264,26.1406,8.0,44.4264,26.1406,8.08,44.4264,26.1406
2022-02-19 14:00:00,2022-02-19 15:00:00,14.13,44.4264,26.1406,6.31,44.4264,26.1406,7.65,44.4264,26.1406
2022-02-19 15:00:00,2022-02-19 16:00:00,16.4,44.4264,26.1406,8.32,44.4264,26.1406,9.45,44.4264,26.1406
2022-02-19 16:00:00,2022-02-19 17:00:00,18.92,44.4264,26.1406,9.58,44.4264,26.1406,13.8,44.4264,26.1406
2022-02-19 17:00:00,2022-02-19 18:00:00,26.4,44.4264,26.1406,17.12,44.4264,26.1406,21.93,44.4264,26.1406
2022-02-19 18:00:00,2022-02-19 19:00:00,25.84,44.4264,26.1406,16.82,44.4264,26.1406,24.15,44.4264,26.1406
2022-02-19 19:00:00,2022-02-19 20:00:00,32.24,44.4264,26.1406,22.88,44.4264,26.1406,16.56,44.4264,26.1406
2022-02-19 20:00:00,2022-02-19 21:00:00,37.71,44.4264,26.1406,28.99,44.4264,26.1406,13.88,44.4264,26.1406
2022-02-19 21:00:00,2022-02-19 22:00:00,42.34,44.4264,26.1406,34.92,44.4264,26.1406,13.61,44.4264,26.1406
2022-02-19 22:00:00,2022-02-19 23:00:00,45.03,44.4264,26.1406,35.93,44.4264,26.1406,,44.4264,26.1406
2022-02-19 23:00:00,2022-02-20 00:00:00,47.89,44.4264,26.1406,36.45,44.4264,26.1406,28.38,44.4264,26.1406
2022-02-20 00:00:00,2022-02-20 01:00:00,34.78,44.4264,26.1406,27.59,44.4264,26.1406,19.47,44.4264,26.1406
2022-02-20 01:00:00,2022-02-20 02:00:00,32.72,44.4264,26.1406,25.95,44.4264,26.1406,16.5,44.4264,26.1406
2022-02-20 02:00:00,2022-02-20 03:00:00,39.51,44.4264,26.1406,32.28,44.4264,26.1406,17.62,44.4264,26.1406
2022-02-20 03:00:00,2022-02-20 04:00:00,41.32,44.4264,26.1406,33.69,44.4264,26.1406,21.03,44.4264,26.1406
2022-02-20 04:00:00,2022-02-20 05:00:00,42.19,44.4264,26.1406,34.38,44.4264,26.1406,29.32,44.4264,26.1406
2022-02-20 05:00:00,2022-02-20 06:00:00,46.86,44.4264,26.1406,38.57,44.4264,26.1406,30.28,44.4264,26.1406
2022-02-20 06:00:00,2022-02-20 07:00:00,36.57,44.4264,26.1406,29.02,44.4264,26.1406,15.91,44.4264,26.1406
2022-02-20 07:00:00,2022-02-20 08:00:00,24.02,44.4264,26.1406,18.0,44.4264,26.1406,14.33,44.4264,26.1406
2022-02-20 08:00:00,2022-02-20 09:00:00,20.64,44.4264,26.1406,14.75,44.4264,26.1406,15.02,44.4264,26.1406
2022-02-20 09:00:00,2022-02-20 10:00:00,20.18,44.4264,26.1406,15.84,44.4264,26.1406,19.06,44.4264,26.1406
2022-02-20 10:00:00,2022-02-20 11:00:00,18.64,44.4264,26.1406,15.75,44.4264,26.1406,15.11,44.4264,26.1406
2022-02-20 11:00:00,2022-02-20 12:00:00,12.79,44.4264,26.1406,9.77,44.4264,26.1406,12.99,44.4264,26.1406
2022-02-20 12:00:00,2022-02-20 13:00:00,13.74,44.4264,26.1406,11.42,44.4264,26.1406,13.44,44.4264,26.1406
2022-02-20 13:00:00,2022-02-20 14:00:00,14.84,44.4264,26.1406,12.41,44.4264,26.1406,12.43,44.4264,26.1406
2022-02-20 14:00:00,2022-02-20 15:00:00,16.05,44.4264,26.1406,14.24,44.4264,26.1406,10.3,44.4264,26.1406
2022-02-20 15:00:00,2022-02-20 16:00:00,13.75,44.4264,26.1406,12.43,44.4264,26.1406,8.82,44.4264,26.1406
2022-02-20 16:00:00,2022-02-20 17:00:00,15.83,44.4264,26.1406,13.94,44.4264,26.1406,11.55,44.4264,26.1406
2022-02-20 17:00:00,2022-02-20 18:00:00,21.63,44.4264,26.1406,18.33,44.4264,26.1406,17.97,44.4264,26.1406
2022-02-20 18:00:00,2022-02-20 19:00:00,28.82,44.4264,26.1406,23.61,44.4264,26.1406,31.43,44.4264,26.1406
2022-02-20 19:00:00,2022-02-20 20:00:00,29.05,44.4264,26.1406,23.25,44.4264,26.1406,44.18,44.4264,26.1406
2022-02-20 20:00:00,2022-02-20 21:00:00,27.86,44.4264,26.1406,21.86,44.4264,26.1406,27.68,44.4264,26.1406
2022-02-20 21:00:00,2022-02-20 22:00:00,31.16,44.4264,26.1406,26.95,44.4264,26.1406,20.87,44.4264,26.1406
2022-02-20 22:00:00,2022-02-20 23:00:00,26.89,44.4264,26.1406,23.88,44.4264,26.1406,16.3,44.4264,26.1406
2022-02-20 23:00:00,2022-02-21 00:00:00,23.22,44.4264,26.1406,20.01,44.4264,26.1406,,44.4264,26.1406
2022-02-21 00:00:00,2022-02-21 01:00:00,22.5,44.4264,26.1406,20.67,44.4264,26.1406,22.58,44.4264,26.1406
2022-02-21 01:00:00,2022-02-21 02:00:00,24.54,44.4264,26.1406,22.95,44.4264,26.1406,22.57,44.4264,26.1406
2022-02-21 02:00:00,2022-02-21 03:00:00,22.22,44.4264,26.1406,18.33,44.4264,26.1406,17.33,44.4264,26.1406
2022-02-21 03:00:00,2022-02-21 04:00:00,28.35,44.4264,26.1406,24.49,44.4264,26.1406,16.42,44.4264,26.1406
2022-02-21 04:00:00,2022-02-21 05:00:00,26.85,44.4264,26.1406,23.37,44.4264,26.1406,20.49,44.4264,26.1406
2022-02-21 05:00:00,2022-02-21 06:00:00,20.35,44.4264,26.1406,17.16,44.4264,26.1406,21.15,44.4264,26.1406
2022-02-21 06:00:00,2022-02-21 07:00:00,18.75,44.4264,26.1406,15.46,44.4264,26.1406,25.5,44.4264,26.1406
2022-02-21 07:00:00,2022-02-21 08:00:00,20.15,44.4264,26.1406,15.9,44.4264,26.1406,24.91,44.4264,26.1406
2022-02-21 08:00:00,2022-02-21 09:00:00,21.33,44.4264,26.1406,16.95,44.4264,26.1406,21.91,44.4264,26.1406
2022-02-21 09:00:00,2022-02-21 10:00:00,23.32,44.4264,26.1406,19.1,44.4264,26.1406,26.3,44.4264,26.1406
2022-02-21 10:00:00,2022-02-21 11:00:00,27.07,44.4264,26.1406,21.87,44.4264,26.1406,19.03,44.4264,26.1406
2022-02-21 11:00:00,2022-02-21 12:00:00,23.52,44.4264,26.1406,18.43,44.4264,26.1406,12.15,44.4264,26.1406
2022-02-21 12:00:00,2022-02-21 13:00:00,21.29,44.4264,26.1406,16.81,44.4264,26.1406,13.68,44.4264,26.1406
2022-02-21 13:00:00,2022-02-21 14:00:00,16.77,44.4264,26.1406,11.64,44.4264,26.1406,12.85,44.4264,26.1406
2022-02-21 14:00:00,2022-02-21 15:00:00,11.89,44.4264,26.1406,5.75,44.4264,26.1406,13.61,44.4264,26.1406
2022-02-21 15:00:00,2022-02-21 16:00:00,13.29,44.4264,26.1406,6.59,44.4264,26.1406,14.64,44.4264,26.1406
2022-02-21 16:00:00,2022-02-21 17:00:00,12.8,44.4264,26.1406,8.01,44.4264,26.1406,18.31,44.4264,26.1406
2022-02-21 17:00:00,2022-02-21 18:00:00,19.29,44.4264,26.1406,12.41,44.4264,26.1406,37.19,44.4264,26.1406
2022-02-21 18:00:00,2022-02-21 19:00:00,25.09,44.4264,26.1406,13.54,44.4264,26.1406,61.05,44.4264,26.1406
2022-02-21 19:00:00,2022-02-21 20:00:00,37.02,44.4264,26.1406,18.99,44.4264,26.1406,77.74,44.4264,26.1406
2022-02-21 20:00:00,2022-02-21 21:00:00,55.73,44.4264,26.1406,26.87,44.4264,26.1406,74.67,44.4264,26.1406
2022-02-21 21:00:00,2022-02-21 22:00:00,78.44,44.4264,26.1406,54.52,44.4264,26.1406,69.86,44.4264,26.1406
2022-02-21 22:00:00,2022-02-21 23:00:00,116.06,44.4264,26.1406,95.29,44.4264,26.1406,70.52,44.4264,26.1406
2022-02-21 23:00:00,2022-02-22 00:00:00,76.38,44.4264,26.1406,61.42,44.4264,26.1406,60.45,44.4264,26.1406
2022-02-22 00:00:00,2022-02-22 01:00:00,57.67,44.4264,26.1406,48.56,44.4264,26.1406,,44.4264,26.1406
2022-02-22 01:00:00,2022-02-22 02:00:00,48.41,44.4264,26.1406,42.09,44.4264,26.1406,47.81,44.4264,26.1406
2022-02-22 02:00:00,2022-02-22 03:00:00,43.2,44.4264,26.1406,38.81,44.4264,26.1406,42.14,44.4264,26.1406
2022-02-22 03:00:00,2022-02-22 04:00:00,31.16,44.4264,26.1406,27.16,44.4264,26.1406,40.58,44.4264,26.1406
2022-02-22 04:00:00,2022-02-22 05:00:00,28.0,44.4264,26.1406,24.08,44.4264,26.1406,42.66,44.4264,26.1406
2022-02-22 05:00:00,2022-02-22 06:00:00,34.58,44.4264,26.1406,27.42,44.4264,26.1406,37.6,44.4264,26.1406
2022-02-22 06:00:00,2022-02-22 07:00:00,43.98,44.4264,26.1406,34.5,44.4264,26.1406,45.9,44.4264,26.1406
2022-02-22 07:00:00,2022-02-22 08:00:00,55.2,44.4264,26.1406,40.02,44.4264,26.1406,40.95,44.4264,26.1406
2022-02-22 08:00:00,2022-02-22 09:00:00,53.73,44.4264,26.1406,38.19,44.4264,26.1406,32.81,44.4264,26.1406
2022-02-22 09:00:00,2022-02-22 10:00:00,45.44,44.4264,26.1406,34.74,44.4264,26.1406,23.3,44.4264,26.1406
2022-02-22 10:00:00,2022-02-22 11:00:00,36.99,44.4264,26.1406,28.11,44.4264,26.1406,27.11,44.4264,26.1406
2022-02-22 11:00:00,2022-02-22 12:00:00,36.54,44.4264,26.1406,25.8,44.4264,26.1406,21.68,44.4264,26.1406
2022-02-22 12:00:00,2022-02-22 13:00:00,32.73,44.4264,26.1406,21.52,44.4264,26.1406,33.42,44.4264,26.1406
2022-02-22 13:00:00,2022-02-22 14:00:00,25.65,44.4264,26.1406,17.31,44.4264,26.1406,23.91,44.4264,26.1406
2022-02-22 14:00:00,2022-02-22 15:00:00,25.98,44.4264,26.1406,18.26,44.4264,26.1406,32.22,44.4264,26.1406
2022-02-22 15:00:00,2022-02-22 16:00:00,30.34,44.4264,26.1406,18.5,44.4264,26.1406,36.74,44.4264,26.1406
2022-02-22 16:00:00,2022-02-22 17:00:00,23.66,44.4264,26.1406,13.03,44.4264,26.1406,37.2,44.4264,26.1406
2022-02-22 17:00:00,2022-02-22 18:00:00,24.95,44.4264,26.1406,16.77,44.4264,26.1406,35.85,44.4264,26.1406
2022-02-22 18:00:00,2022-02-22 19:00:00,22.84,44.4264,26.1406,15.98,44.4264,26.1406,39.5,44.4264,26.1406
2022-02-22 19:00:00,2022-02-22 20:00:00,27.27,44.4264,26.1406,16.41,44.4264,26.1406,32.91,44.4264,26.1406
2022-02-22 20:00:00,2022-02-22 21:00:00,27.09,44.4264,26.1406,21.71,44.4264,26.1406,26.56,44.4264,26.1406
2022-02-22 21:00:00,2022-02-22 22:00:00,29.52,44.4264,26.1406,24.95,44.4264,26.1406,30.33,44.4264,26.1406
2022-02-22 22:00:00,2022-02-22 23:00:00,31.23,44.4264,26.1406,25.09,44.4264,26.1406,37.06,44.4264,26.1406
2022-02-22 23:00:00,2022-02-23 00:00:00,30.31,44.4264,26.1406,25.46,44.4264,26.1406,30.02,44.4264,26.1406
2022-02-23 00:00:00,2022-02-23 01:00:00,27.73,44.4264,26.1406,24.65,44.4264,26.1406,22.75,44.4264,26.1406
2022-02-23 01:00:00,2022-02-23 02:00:00,27.08,44.4264,26.1406,25.46,44.4264,26.1406,,44.4264,26.1406
2022-02-23 02:00:00,2022-02-23 03:00:00,26.58,44.4264,26.1406,23.8,44.4264,26.1406,21.13,44.4264,26.1406
2022-02-23 03:00:00,2022-02-23 04:00:00,19.72,44.4264,26.1406,17.24,44.4264,26.1406,22.38,44.4264,26.1406
2022-02-23 04:00:00,2022-02-23 05:00:00,23.85,44.4264,26.1406,20.84,44.4264,26.1406,28.23,44.4264,26.1406
2022-02-23 05:00:00,2022-02-23 06:00:00,26.37,44.4264,26.1406,22.93,44.4264,26.1406,36.71,44.4264,26.1406
2022-02-23 06:00:00,2022-02-23 07:00:00,29.39,44.4264,26.1406,19.51,44.4264,26.1406,39.66,44.4264,26.1406
2022-02-23 07:00:00,2022-02-23 08:00:00,29.87,44.4264,26.1406,19.1,44.4264,26.1406,37.58,44.4264,26.1406
2022-02-23 08:00:00,2022-02-23 09:00:00,27.75,44.4264,26.1406,16.83,44.4264,26.1406,33.22,44.4264,26.1406
2022-02-23 09:00:00,2022-02-23 10:00:00,24.74,44.4264,26.1406,11.96,44.4264,26.1406,25.42,44.4264,26.1406
2022-02-23 10:00:00,2022-02-23 11:00:00,21.68,44.4264,26.1406,12.31,44.4264,26.1406,20.66,44.4264,26.1406
2022-02-23 11:00:00,2022-02-23 12:00:00,21.41,44.4264,26.1406,12.87,44.4264,26.1406,22.73,44.4264,26.1406
2022-02-23 12:00:00,2022-02-23 13:00:00,25.21,44.4264,26.1406,16.77,44.4264,26.1406,12.85,44.4264,26.1406
2022-02-23 13:00:00,2022-02-23 14:00:00,19.4,44.4264,26.1406,15.0,44.4264,26.1406,8.39,44.4264,26.1406
2022-02-23 14:00:00,2022-02-23 15:00:00,17.53,44.4264,26.1406,14.05,44.4264,26.1406,9.58,44.4264,26.1406
2022-02-23 15:00:00,2022-02-23 16:00:00,16.14,44.4264,26.1406,10.29,44.4264,26.1406,14.31,44.4264,26.1406
2022-02-23 16:00:00,2022-02-23 17:00:00,19.79,44.4264,26.1406,15.79,44.4264,26.1406,23.71,44.4264,26.1406
2022-02-23 17:00:00,2022-02-23 18:00:00,22.63,44.4264,26.1406,15.72,44.4264,26.1406,31.32,44.4264,26.1406
2022-02-23 18:00:00,2022-02-23 19:00:00,23.36,44.4264,26.1406,17.98,44.4264,26.1406,27.78,44.4264,26.1406
2022-02-23 19:00:00,2022-02-23 20:00:00,30.5,44.4264,26.1406,24.55,44.4264,26.1406,37.44,44.4264,26.1406
2022-02-23 20:00:00,2022-02-23 21:00:00,49.22,44.4264,26.1406,40.99,44.4264,26.1406,45.21,44.4264,26.1406
2022-02-23 21:00:00,2022-02-23 22:00:00,54.63,44.4264,26.1406,46.28,44.4264,26.1406,44.62,44.4264,26.1406
2022-02-23 22:00:00,2022-02-23 23:00:00,51.1,44.4264,26.1406,45.32,44.4264,26.1406,24.79,44.4264,26.1406
2022-02-23 23:00:00,2022-02-24 00:00:00,18.32,44.4264,26.1406,16.2,44.4264,26.1406,12.28,44.4264,26.1406
2022-02-24 00:00:00,2022-02-24 01:00:00,10.2,44.4264,26.1406,8.18,44.4264,26.1406,9.85,44.4264,26.1406
2022-02-24 01:00:00,2022-02-24 02:00:00,9.35,44.4264,26.1406,7.94,44.4264,26.1406,10.73,44.4264,26.1406
2022-02-24 02:00:00,2022-02-24 03:00:00,12.25,44.4264,26.1406,10.63,44.4264,26.1406,,44.4264,26.1406
2022-02-24 03:00:00,2022-02-24 04:00:00,8.39,44.4264,26.1406,6.27,44.4264,26.1406,10.74,44.4264,26.1406
2022-02-24 04:00:00,2022-02-24 05:00:00,8.17,44.4264,26.1406,7.32,44.4264,26.1406,13.97,44.4264,26.1406
2022-02-24 05:00:00,2022-02-24 06:00:00,9.3,44.4264,26.1406,7.01,44.4264,26.1406,38.32,44.4264,26.1406
2022-02-24 06:00:00,2022-02-24 07:00:00,13.44,44.4264,26.1406,10.06,44.4264,26.1406,37.97,44.4264,26.1406
2022-02-24 07:00:00,2022-02-24 08:00:00,15.82,44.4264,26.1406,12.76,44.4264,26.1406,18.95,44.4264,26.1406
2022-02-24 08:00:00,2022-02-24 09:00:00,18.05,44.4264,26.1406,15.61,44.4264,26.1406,16.84,44.4264,26.1406
2022-02-24 09:00:00,2022-02-24 10:00:00,13.77,44.4264,26.1406,11.49,44.4264,26.1406,13.49,44.4264,26.1406
2022-02-24 10:00:00,2022-02-24 11:00:00,10.73,44.4264,26.1406,8.68,44.4264,26.1406,10.04,44.4264,26.1406
2022-02-24 11:00:00,2022-02-24 12:00:00,9.33,44.4264,26.1406,6.72,44.4264,26.1406,7.95,44.4264,26.1406
2022-02-24 12:00:00,2022-02-24 13:00:00,9.67,44.4264,26.1406,7.37,44.4264,26.1406,7.59,44.4264,26.1406
2022-02-24 13:00:00,2022-02-24 14:00:00,5.35,44.4264,26.1406,3.35,44.4264,26.1406,6.59,44.4264,26.1406
2022-02-24 14:00:00,2022-02-24 15:00:00,7.54,44.4264,26.1406,5.58,44.4264,26.1406,10.73,44.4264,26.1406
2022-02-24 15:00:00,2022-02-24 16:00:00,8.31,44.4264,26.1406,4.44,44.4264,26.1406,21.07,44.4264,26.1406
2022-02-24 16:00:00,2022-02-24 17:00:00,16.81,44.4264,26.1406,8.32,44.4264,26.1406,32.03,44.4264,26.1406
2022-02-24 17:00:00,2022-02-24 18:00:00,21.3,44.4264,26.1406,11.07,44.4264,26.1406,58.56,44.4264,26.1406
2022-02-24 18:00:00,2022-02-24 19:00:00,29.86,44.4264,26.1406,14.22,44.4264,26.1406,64.47,44.4264,26.1406
2022-02-24 19:00:00,2022-02-24 20:00:00,32.6,44.4264,26.1406,17.28,44.4264,26.1406,58.75,44.4264,26.1406
2022-02-24 20:00:00,2022-02-24 21:00:00,32.56,44.4264,26.1406,19.33,44.4264,26.1406,40.88,44.4264,26.1406
2022-02-24 21:00:00,2022-02-24 22:00:00,26.92,44.4264,26.1406,18.18,44.4264,26.1406,38.22,44.4264,26.1406
2022-02-24 22:00:00,2022-02-24 23:00:00,39.11,44.4264,26.1406,27.49,44.4264,26.1406,54.0,44.4264,26.1406
2022-02-24 23:00:00,2022-02-25 00:00:00,31.75,44.4264,26.1406,22.12,44.4264,26.1406,40.92,44.4264,26.1406
2022-02-25 00:00:00,2022-02-25 01:00:00,27.22,44.4264,26.1406,21.38,44.4264,26.1406,44.91,44.4264,26.1406
2022-02-25 01:00:00,2022-02-25 02:00:00,37.51,44.4264,26.1406,31.07,44.4264,26.1406,42.52,44.4264,26.1406
2022-02-25 02:00:00,2022-02-25 03:00:00,40.19,44.4264,26.1406,33.92,44.4264,26.1406,36.35,44.4264,26.1406
2022-02-25 03:00:00,2022-02-25 04:00:00,38.78,44.4264,26.1406,33.96,44.4264,26.1406,,44.4264,26.1406
2022-02-25 04:00:00,2022-02-25 05:00:00,34.04,44.4264,26.1406,29.33,44.4264,26.1406,35.94,44.4264,26.1406
2022-02-25 05:00:00,2022-02-25 06:00:00,31.45,44.4264,26.1406,26.91,44.4264,26.1406,39.39,44.4264,26.1406
2022-02-25 06:00:00,2022-02-25 07:00:00,33.52,44.4264,26.1406,25.96,44.4264,26.1406,40.35,44.4264,26.1406
2022-02-25 07:00:00,2022-02-25 08:00:00,38.61,44.4264,26.1406,29.08,44.4264,26.1406,33.9,44.4264,26.1406
2022-02-25 08:00:00,2022-02-25 09:00:00,43.75,44.4264,26.1406,31.11,44.4264,26.1406,34.53,44.4264,26.1406
2022-02-25 09:00:00,2022-02-25 10:00:00,37.45,44.4264,26.1406,25.97,44.4264,26.1406,25.22,44.4264,26.1406
2022-02-25 10:00:00,2022-02-25 11:00:00,24.16,44.4264,26.1406,16.48,44.4264,26.1406,14.3,44.4264,26.1406
2022-02-25 11:00:00,2022-02-25 12:00:00,20.53,44.4264,26.1406,14.63,44.4264,26.1406,11.13,44.4264,26.1406
2022-02-25 12:00:00,2022-02-25 13:00:00,18.51,44.4264,26.1406,14.19,44.4264,26.1406,9.96,44.4264,26.1406
2022-02-25 13:00:00,2022-02-25 14:00:00,16.48,44.4264,26.1406,12.14,44.4264,26.1406,8.54,44.4264,26.1406
2022-02-25 14:00:00,2022-02-25 15:00:00,14.63,44.4264,26.1406,11.29,44.4264,26.1406,8.44,44.4264,26.1406
2022-02-25 15:00:00,2022-02-25 16:00:00,16.45,44.4264,26.1406,12.24,44.4264,26.1406,11.5,44.4264,26.1406
2022-02-25 16:00:00,2022-02-25 17:00:00,17.84,44.4264,26.1406,12.31,44.4264,26.1406,19.07,44.4264,26.1406
2022-02-25 17:00:00,2022-02-25 18:00:00,21.41,44.4264,26.1406,13.35,44.4264,26.1406,29.54,44.4264,26.1406
2022-02-25 18:00:00,2022-02-25 19:00:00,24.65,44.4264,26.1406,17.61,44.4264,26.1406,44.55,44.4264,26.1406
2022-02-25 19:00:00,2022-02-25 20:00:00,26.61,44.4264,26.1406,19.08,44.4264,26.1406,31.84,44.4264,26.1406
2022-02-25 20:00:00,2022-02-25 21:00:00,25.48,44.4264,26.1406,18.69,44.4264,26.1406,39.91,44.4264,26.1406
2022-02-25 21:00:00,2022-02-25 22:00:00,40.99,44.4264,26.1406,31.36,44.4264,26.1406,57.34,44.4264,26.1406
2022-02-25 22:00:00,2022-02-25 23:00:00,57.19,44.4264,26.1406,47.0,44.4264,26.1406,44.82,44.4264,26.1406
2022-02-25 23:00:00,2022-02-26 00:00:00,49.03,44.4264,26.1406,40.51,44.4264,26.1406,50.8,44.4264,26.1406
2022-02-26 00:00:00,2022-02-26 01:00:00,52.65,44.4264,26.1406,44.71,44.4264,26.1406,47.75,44.4264,26.1406
2022-02-26 01:00:00,2022-02-26 02:00:00,57.28,44.4264,26.1406,48.52,44.4264,26.1406,43.13,44.4264,26.1406
2022-02-26 02:00:00,2022-02-26 03:00:00,48.89,44.4264,26.1406,41.87,44.4264,26.1406,40.34,44.4264,26.1406
2022-02-26 03:00:00,2022-02-26 04:00:00,42.03,44.4264,26.1406,37.04,44.4264,26.1406,25.35,44.4264,26.1406
2022-02-26 04:00:00,2022-02-26 05:00:00,22.92,44.4264,26.1406,18.21,44.4264,26.1406,,44.4264,26.1406
2022-02-26 05:00:00,2022-02-26 06:00:00,19.03,44.4264,26.1406,13.7,44.4264,26.1406,13.54,44.4264,26.1406
2022-02-26 06:00:00,2022-02-26 07:00:00,21.77,44.4264,26.1406,15.38,44.4264,26.1406,15.61,44.4264,26.1406
2022-02-26 07:00:00,2022-02-26 08:00:00,27.27,44.4264,26.1406,19.76,44.4264,26.1406,16.79,44.4264,26.1406
2022-02-26 08:00:00,2022-02-26 09:00:00,25.04,44.4264,26.1406,15.87,44.4264,26.1406,14.31,44.4264,26.1406
2022-02-26 09:00:00,2022-02-26 10:00:00,28.26,44.4264,26.1406,17.7,44.4264,26.1406,10.44,44.4264,26.1406
2022-02-26 10:00:00,2022-02-26 11:00:00,23.22,44.4264,26.1406,14.09,44.4264,26.1406,10.4,44.4264,26.1406
2022-02-26 11:00:00,2022-02-26 12:00:00,22.92,44.4264,26.1406,13.28,44.4264,26.1406,9.93,44.4264,26.1406
2022-02-26 12:00:00,2022-02-26 13:00:00,20.16,44.4264,26.1406,12.52,44.4264,26.1406,11.21,44.4264,26.1406
2022-02-26 13:00:00,2022-02-26 14:00:00,16.75,44.4264,26.1406,8.27,44.4264,26.1406,9.33,44.4264,26.1406
2022-02-26 14:00:00,2022-02-26 15:00:00,16.52,44.4264,26.1406,9.21,44.4264,26.1406,10.32,44.4264,26.1406
2022-02-26 15:00:00,2022-02-26 16:00:00,20.45,44.4264,26.1406,13.5,44.4264,26.1406,9.86,44.4264,26.1406
2022-02-26 16:00:00,2022-02-26 17:00:00,18.38,44.4264,26.1406,10.87,44.4264,26.1406,11.09,44.4264,26.1406
2022-02-26 17:00:00,2022-02-26 18:00:00,16.41,44.4264,26.1406,11.63,44.4264,26.1406,12.65,44.4264,26.1406
2022-02-26 18:00:00,2022-02-26 19:00:00,17.8,44.4264,26.1406,14.11,44.4264,26.1406,13.04,44.4264,26.1406
2022-02-26 19:00:00,2022-02-26 20:00:00,16.59,44.4264,26.1406,13.87,44.4264,26.1406,12.97,44.4264,26.1406
2022-02-26 20:00:00,2022-02-26 21:00:00,14.27,44.4264,26.1406,11.51,44.4264,26.1406,14.55,44.4264,26.1406
2022-02-26 21:00:00,2022-02-26 22:00:00,15.64,44.4264,26.1406,12.92,44.4264,26.1406,13.58,44.4264,26.1406
2022-02-26 22:00:00,2022-02-26 23:00:00,15.67,44.4264,26.1406,13.4,44.4264,26.1406,12.2,44.4264,26.1406
2022-02-26 23:00:00,2022-02-27 00:00:00,13.75,44.4264,26.1406,11.02,44.4264,26.1406,10.01,44.4264,26.1406
2022-02-27 00:00:00,2022-02-27 01:00:00,11.37,44.4264,26.1406,7.93,44.4264,26.1406,8.64,44.4264,26.1406
2022-02-27 01:00:00,2022-02-27 02:00:00,12.11,44.4264,26.1406,9.2,44.4264,26.1406,7.51,44.4264,26.1406
2022-02-27 02:00:00,2022-02-27 03:00:00,13.99,44.4264,26.1406,10.52,44.4264,26.1406,7.22,44.4264,26.1406
2022-02-27 03:00:00,2022-02-27 04:00:00,10.68,44.4264,26.1406,7.63,44.4264,26.1406,7.31,44.4264,26.1406
2022-02-27 04:00:00,2022-02-27 05:00:00,11.05,44.4264,26.1406,7.48,44.4264,26.1406,7.74,44.4264,26.1406
2022-02-27 05:00:00,2022-02-27 06:00:00,13.03,44.4264,26.1406,10.15,44.4264,26.1406,,44.4264,26.1406
2022-02-27 06:00:00,2022-02-27 07:00:00,10.8,44.4264,26.1406,7.26,44.4264,26.1406,10.05,44.4264,26.1406
2022-02-27 07:00:00,2022-02-27 08:00:00,14.12,44.4264,26.1406,10.35,44.4264,26.1406,9.43,44.4264,26.1406
2022-02-27 08:00:00,2022-02-27 09:00:00,14.01,44.4264,26.1406,10.29,44.4264,26.1406,9.15,44.4264,26.1406
2022-02-27 09:00:00,2022-02-27 10:00:00,15.39,44.4264,26.1406,10.5,44.4264,26.1406,9.01,44.4264,26.1406
2022-02-27 10:00:00,2022-02-27 11:00:00,14.43,44.4264,26.1406,8.7,44.4264,26.1406,9.18,44.4264,26.1406
2022-02-27 11:00:00,2022-02-27 12:00:00,11.01,44.4264,26.1406,3.99,44.4264,26.1406,7.87,44.4264,26.1406
2022-02-27 12:00:00,2022-02-27 13:00:00,10.85,44.4264,26.1406,1.75,44.4264,26.1406,8.44,44.4264,26.1406
2022-02-27 13:00:00,2022-02-27 14:00:00,12.11,44.4264,26.1406,3.74,44.4264,26.1406,8.74,44.4264,26.1406
2022-02-27 14:00:00,2022-02-27 15:00:00,13.84,44.4264,26.1406,7.25,44.4264,26.1406,9.39,44.4264,26.1406
2022-02-27 15:00:00,2022-02-27 16:00:00,13.42,44.4264,26.1406,8.18,44.4264,26.1406,9.67,44.4264,26.1406
2022-02-27 16:00:00,2022-02-27 17:00:00,15.14,44.4264,26.1406,8.3,44.4264,26.1406,12.65,44.4264,26.1406
2022-02-27 17:00:00,2022-02-27 18:00:00,15.94,44.4264,26.1406,9.05,44.4264,26.1406,12.44,44.4264,26.1406
2022-02-27 18:00:00,2022-02-27 19:00:00,17.04,44.4264,26.1406,11.78,44.4264,26.1406,15.01,44.4264,26.1406
2022-02-27 19:00:00,2022-02-27 20:00:00,12.18,44.4264,26.1406,6.84,44.4264,26.1406,11.91,44.4264,26.1406
2022-02-27 20:00:00,2022-02-27 21:00:00,12.61,44.4264,26.1406,7.8,44.4264,26.1406,12.35,44.4264,26.1406
2022-02-27 21:00:00,2022-02-27 22:00:00,12.07,44.4264,26.1406,7.16,44.4264,26.1406,8.86,44.4264,26.1406
2022-02-27 22:00:00,2022-02-27 23:00:00,15.67,44.4264,26.1406,10.37,44.4264,26.1406,7.34,44.4264,26.1406
2022-02-27 23:00:00,2022-02-28 00:00:00,12.11,44.4264,26.1406,7.61,44.4264,26.1406,7.2,44.4264,26.1406
2022-02-28 00:00:00,2022-02-28 01:00:00,11.38,44.4264,26.1406,6.69,44.4264,26.1406,6.85,44.4264,26.1406
2022-02-28 01:00:00,2022-02-28 02:00:00,10.68,44.4264,26.1406,6.14,44.4264,26.1406,6.09,44.4264,26.1406
2022-02-28 02:00:00,2022-02-28 03:00:00,9.82,44.4264,26.1406,5.63,44.4264,26.1406,5.73,44.4264,26.1406
2022-02-28 03:00:00,2022-02-28 04:00:00,10.55,44.4264,26.1406,7.98,44.4264,26.1406,6.47,44.4264,26.1406
2022-02-28 04:00:00,2022-02-28 05:00:00,8.08,44.4264,26.1406,5.08,44.4264,26.1406,6.21,44.4264,26.1406
2022-02-28 05:00:00,2022-02-28 06:00:00,8.6,44.4264,26.1406,5.18,44.4264,26.1406,8.74,44.4264,26.1406
2022-02-28 06:00:00,2022-02-28 07:00:00,6.01,44.4264,26.1406,2.35,44.4264,26.1406,,44.4264,26.1406
2022-02-28 07:00:00,2022-02-28 08:00:00,8.04,44.4264,26.1406,3.78,44.4264,26.1406,13.38,44.4264,26.1406
2022-02-28 08:00:00,2022-02-28 09:00:00,13.22,44.4264,26.1406,5.78,44.4264,26.1406,11.62,44.4264,26.1406
2022-02-28 09:00:00,2022-02-28 10:00:00,17.96,44.4264,26.1406,9.18,44.4264,26.1406,9.44,44.4264,26.1406
2022-02-28 10:00:00,2022-02-28 11:00:00,13.36,44.4264,26.1406,7.78,44.4264,26.1406,11.8,44.4264,26.1406
2022-02-28 11:00:00,2022-02-28 12:00:00,11.69,44.4264,26.1406,6.8,44.4264,26.1406,11.98,44.4264,26.1406
2022-02-28 12:00:00,2022-02-28 13:00:00,17.6,44.4264,26.1406,12.78,44.4264,26.1406,10.14,44.4264,26.1406
2022-02-28 13:00:00,2022-02-28 14:00:00,14.87,44.4264,26.1406,9.66,44.4264,26.1406,11.58,44.4264,26.1406
2022-02-28 14:00:00,2022-02-28 15:00:00,14.68,44.4264,26.1406,9.33,44.4264,26.1406,13.19,44.4264,26.1406
2022-02-28 15:00:00,2022-02-28 16:00:00,16.0,44.4264,26.1406,11.31,44.4264,26.1406,11.75,44.4264,26.1406
2022-02-28 16:00:00,2022-02-28 17:00:00,10.6,44.4264,26.1406,7.14,44.4264,26.1406,12.65,44.4264,26.1406
2022-02-28 17:00:00,2022-02-28 18:00:00,15.48,44.4264,26.1406,12.4,44.4264,26.1406,15.27,44.4264,26.1406
2022-02-28 18:00:00,2022-02-28 19:00:00,16.9,44.4264,26.1406,14.22,44.4264,26.1406,11.75,44.4264,26.1406
2022-02-28 19:00:00,2022-02-28 20:00:00,16.13,44.4264,26.1406,13.1,44.4264,26.1406,15.9,44.4264,26.1406
2022-02-28 20:00:00,2022-02-28 21:00:00,19.7,44.4264,26.1406,16.31,44.4264,26.1406,18.24,44.4264,26.1406
2022-02-28 21:00:00,2022-02-28 22:00:00,25.6,44.4264,26.1406,22.37,44.4264,26.1406,14.14,44.4264,26.1406
2022-02-28 22:00:00,2022-02-28 23:00:00,23.79,44.4264,26.1406,20.49,44.4264,26.1406,14.5,44.4264,26.1406
2022-02-28 23:00:00,2022-03-01 00:00:00,23.62,44.4264,26.1406,20.98,44.4264,26.1406,15.3,44.4264,26.1406
2022-03-01 00:00:00,2022-03-01 01:00:00,22.68,44.4264,26.1406,20.4,44.4264,26.1406,22.68,44.4264,26.1406
2022-03-01 01:00:00,2022-03-01 02:00:00,22.54,44.4264,26.1406,20.38,44.4264,26.1406,10.94,44.4264,26.1406
2022-03-01 02:00:00,2022-03-01 03:00:00,19.44,44.4264,26.1406,16.59,44.4264,26.1406,11.93,44.4264,26.1406
2022-03-01 03:00:00,2022-03-01 04:00:00,17.58,44.4264,26.1406,14.85,44.4264,26.1406,12.26,44.4264,26.1406
2022-03-01 04:00:00,2022-03-01 05:00:00,15.61,44.4264,26.1406,13.94,44.4264,26.1406,20.72,44.4264,26.1406
2022-03-01 05:00:00,2022-03-01 06:00:00,17.54,44.4264,26.1406,14.93,44.4264,26.1406,32.55,44.4264,26.1406
2022-03-01 06:00:00,2022-03-01 07:00:00,16.07,44.4264,26.1406,12.96,44.4264,26.1406,39.68,44.4264,26.1406
2022-03-01 07:00:00,2022-03-01 08:00:00,20.18,44.4264,26.1406,16.16,44.4264,26.1406,,44.4264,26.1406
2022-03-01 08:00:00,2022-03-01 09:00:00,19.34,44.4264,26.1406,14.56,44.4264,26.1406,45.83,44.4264,26.1406
2022-03-01 09:00:00,2022-03-01 10:00:00,25.29,44.4264,26.1406,18.8,44.4264,26.1406,42.33,44.4264,26.1406
2022-03-01 10:00:00,2022-03-01 11:00:00,24.22,44.4264,26.1406,18.49,44.4264,26.1406,21.08,44.4264,26.1406
2022-03-01 11:00:00,2022-03-01 12:00:00,12.32,44.4264,26.1406,9.64,44.4264,26.1406,18.55,44.4264,26.1406
2022-03-01 12:00:00,2022-03-01 13:00:00,16.71,44.4264,26.1406,15.99,44.4264,26.1406,18.06,44.4264,26.1406
2022-03-01 13:00:00,2022-03-01 14:00:00,17.68,44.4264,26.1406,15.99,44.4264,26.1406,50.14,44.4264,26.1406
2022-03-01 14:00:00,2022-03-01 15:00:00,21.53,44.4264,26.1406,17.39,44.4264,26.1406,53.67,44.4264,26.1406
2022-03-01 15:00:00,2022-03-01 16:00:00,22.54,44.4264,26.1406,19.88,44.4264,26.1406,42.78,44.4264,26.1406
2022-03-01 16:00:00,2022-03-01 17:00:00,21.19,44.4264,26.1406,18.28,44.4264,26.1406,41.61,44.4264,26.1406
2022-03-01 17:00:00,2022-03-01 18:00:00,17.09,44.4264,26.1406,14.96,44.4264,26.1406,33.53,44.4264,26.1406
2022-03-01 18:00:00,2022-03-01 19:00:00,15.74,44.4264,26.1406,14.78,44.4264,26.1406,32.59,44.4264,26.1406
2022-03-01 19:00:00,2022-03-01 20:00:00,15.69,44.4264,26.1406,14.3,44.4264,26.1406,35.93,44.4264,26.1406
2022-03-01 20:00:00,2022-03-01 21:00:00,19.01,44.4264,26.1406,17.29,44.4264,26.1406,30.23,44.4264,26.1406
2022-03-01 21:00:00,2022-03-01 22:00:00,14.01,44.4264,26.1406,12.8,44.4264,26.1406,17.49,44.4264,26.1406
2022-03-01 22:00:00,2022-03-01 23:00:00,9.43,44.4264,26.1406,9.22,44.4264,26.1406,17.09,44.4264,26.1406
2022-03-01 23:00:00,2022-03-02 00:00:00,8.42,44.4264,26.1406,7.78,44.4264,26.1406,14.39,44.4264,26.1406
2022-03-02 00:00:00,2022-03-02 01:00:00,11.51,44.4264,26.1406,,,,10.77,44.4264,26.1406
2022-03-02 01:00:00,2022-03-02 02:00:00,9.77,44.4264,26.1406,9.27,44.4264,26.1406,13.02,44.4264,26.1406
2022-03-02 02:00:00,2022-03-02 03:00:00,11.28,44.4264,26.1406,10.57,44.4264,26.1406,17.8,44.4264,26.1406
2022-03-02 03:00:00,2022-03-02 04:00:00,16.13,44.4264,26.1406,14.4,44.4264,26.1406,17.75,44.4264,26.1406
2022-03-02 04:00:00,2022-03-02 05:00:00,12.41,44.4264,26.1406,10.13,44.4264,26.1406,12.42,44.4264,26.1406
2022-03-02 05:00:00,2022-03-02 06:00:00,13.26,44.4264,26.1406,11.31,44.4264,26.1406,21.48,44.4264,26.1406
2022-03-02 06:00:00,2022-03-02 07:00:00,18.03,44.4264,26.1406,15.32,44.4264,26.1406,34.34,44.4264,26.1406
2022-03-02 07:00:00,2022-03-02 08:00:00,22.27,44.4264,26.1406,19.94,44.4264,26.1406,31.93,44.4264,26.1406
2022-03-02 08:00:00,2022-03-02 09:00:00,21.93,44.4264,26.1406,18.25,44.4264,26.1406,,44.4264,26.1406
2022-03-02 09:00:00,2022-03-02 10:00:00,27.37,44.4264,26.1406,23.82,44.4264,26.1406,22.28,44.4264,26.1406
2022-03-02 10:00:00,2022-03-02 11:00:00,27.82,44.4264,26.1406,24.22,44.4264,26.1406,21.9,44.4264,26.1406
2022-03-02 11:00:00,2022-03-02 12:00:00,22.43,44.4264,26.1406,19.2,44.4264,26.1406,14.19,44.4264,26.1406
2022-03-02 12:00:00,2022-03-02 13:00:00,17.28,44.4264,26.1406,14.98,44.4264,26.1406,14.88,44.4264,26.1406
2022-03-02 13:00:00,2022-03-02 14:00:00,12.82,44.4264,26.1406,9.81,44.4264,26.1406,16.21,44.4264,26.1406
2022-03-02 14:00:00,2022-03-02 15:00:00,15.77,44.4264,26.1406,12.51,44.4264,26.1406,12.34,44.4264,26.1406
2022-03-02 15:00:00,2022-03-02 16:00:00,16.84,44.4264,26.1406,13.47,44.4264,26.1406,15.61,44.4264,26.1406
2022-03-02 16:00:00,2022-03-02 17:00:00,14.44,44.4264,26.1406,11.87,44.4264,26.1406,24.06,44.4264,26.1406
2022-03-02 17:00:00,2022-03-02 18:00:00,18.9,44.4264,26.1406,16.16,44.4264,26.1406,52.89,44.4264,26.1406
2022-03-02 18:00:00,2022-03-02 19:00:00,25.4,44.4264,26.1406,22.39,44.4264,26.1406,59.08,44.4264,26.1406
2022-03-02 19:00:00,2022-03-02 20:00:00,27.02,44.4264,26.1406,23.87,44.4264,26.1406,58.8,44.4264,26.1406
2022-03-02 20:00:00,2022-03-02 21:00:00,28.1,44.4264,26.1406,23.88,44.4264,26.1406,63.7,44.4264,26.1406
2022-03-02 21:00:00,2022-03-02 22:00:00,33.58,44.4264,26.1406,28.24,44.4264,26.1406,57.84,44.4264,26.1406
2022-03-02 22:00:00,2022-03-02 23:00:00,32.1,44.4264,26.1406,26.95,44.4264,26.1406,49.38,44.4264,26.1406
2022-03-02 23:00:00,2022-03-03 00:00:00,26.14,44.4264,26.1406,21.44,44.4264,26.1406,17.02,44.4264,26.1406
2022-03-03 00:00:00,2022-03-03 01:00:00,17.25,44.4264,26.1406,14.54,44.4264,26.1406,11.38,44.4264,26.1406
2022-03-03 01:00:00,2022-03-03 02:00:00,14.18,44.4264,26.1406,12.47,44.4264,26.1406,10.92,44.4264,26.1406
2022-03-03 02:00:00,2022-03-03 03:00:00,13.31,44.4264,26.1406,11.72,44.4264,26.1406,10.68,44.4264,26.1406
2022-03-03 03:00:00,2022-03-03 04:00:00,13.94,44.4264,26.1406,12.86,44.4264,26.1406,12.75,44.4264,26.1406
2022-03-03 04:00:00,2022-03-03 05:00:00,14.28,44.4264,26.1406,12.02,44.4264,26.1406,17.34,44.4264,26.1406
2022-03-03 05:00:00,2022-03-03 06:00:00,16.18,44.4264,26.1406,13.45,44.4264,26.1406,24.67,44.4264,26.1406
2022-03-03 06:00:00,2022-03-03 07:00:00,16.37,44.4264,26.1406,13.17,44.4264,26.1406,20.09,44.4264,26.1406
2022-03-03 07:00:00,2022-03-03 08:00:00,17.43,44.4264,26.1406,13.7,44.4264,26.1406,29.01,44.4264,26.1406
2022-03-03 08:00:00,2022-03-03 09:00:00,19.28,44.4264,26.1406,15.22,44.4264,26.1406,25.67,44.4264,26.1406
2022-03-03 09:00:00,2022-03-03 10:00:00,31.76,44.4264,26.1406,28.74,44.4264,26.1406,,44.4264,26.1406
2022-03-03 10:00:00,2022-03-03 11:00:00,34.62,44.4264,26.1406,32.47,44.4264,26.1406,26.36,44.4264,26.1406
2022-03-03 11:00:00,2022-03-03 12:00:00,44.68,44.4264,26.1406,37.18,44.4264,26.1406,43.29,44.4264,26.1406
2022-03-03 12:00:00,2022-03-03 13:00:00,52.12,44.4264,26.1406,39.57,44.4264,26.1406,42.96,44.4264,26.1406
2022-03-03 13:00:00,2022-03-03 14:00:00,44.97,44.4264,26.1406,33.4,44.4264,26.1406,26.84,44.4264,26.1406
2022-03-03 14:00:00,2022-03-03 15:00:00,28.32,44.4264,26.1406,22.07,44.4264,26.1406,14.86,44.4264,26.1406
2022-03-03 15:00:00,2022-03-03 16:00:00,20.79,44.4264,26.1406,15.98,44.4264,26.1406,13.11,44.4264,26.1406
2022-03-03 16:00:00,2022-03-03 17:00:00,20.78,44.4264,26.1406,13.62,44.4264,26.1406,27.86,44.4264,26.1406
2022-03-03 17:00:00,2022-03-03 18:00:00,31.2,44.4264,26.1406,19.6,44.4264,26.1406,42.97,44.4264,26.1406
2022-03-03 18:00:00,2022-03-03 19:00:00,38.47,44.4264,26.1406,22.91,44.4264,26.1406,61.99,44.4264,26.1406
2022-03-03 19:00:00,2022-03-03 20:00:00,44.63,44.4264,26.1406,26.24,44.4264,26.1406,71.32,44.4264,26.1406
2022-03-03 20:00:00,2022-03-03 21:00:00,50.75,44.4264,26.1406,28.32,44.4264,26.1406,65.34,44.4264,26.1406
2022-03-03 21:00:00,2022-03-03 22:00:00,48.23,44.4264,26.1406,30.38,44.4264,26.1406,51.2,44.4264,26.1406
2022-03-03 22:00:00,2022-03-03 23:00:00,39.96,44.4264,26.1406,27.84,44.4264,26.1406,40.39,44.4264,26.1406
2022-03-03 23:00:00,2022-03-04 00:00:00,28.92,44.4264,26.1406,21.78,44.4264,26.1406,22.16,44.4264,26.1406
2022-03-04 00:00:00,2022-03-04 01:00:00,19.83,44.4264,26.1406,16.13,44.4264,26.1406,24.15,44.4264,26.1406
2022-03-04 01:00:00,2022-03-04 02:00:00,21.78,44.4264,26.1406,18.72,44.4264,26.1406,21.97,44.4264,26.1406
2022-03-04 02:00:00,2022-03-04 03:00:00,20.6,44.4264,26.1406,18.0,44.4264,26.1406,14.57,44.4264,26.1406
2022-03-04 03:00:00,2022-03-04 04:00:00,23.59,44.4264,26.1406,20.33,44.4264,26.1406,18.1,44.4264,26.1406
2022-03-04 04:00:00,2022-03-04 05:00:00,21.15,44.4264,26.1406,18.33,44.4264,26.1406,17.6,44.4264,26.1406
2022-03-04 05:00:00,2022-03-04 06:00:00,20.85,44.4264,26.1406,16.32,44.4264,26.1406,28.74,44.4264,26.1406
2022-03-04 06:00:00,2022-03-04 07:00:00,25.84,44.4264,26.1406,17.7,44.4264,26.1406,34.43,44.4264,26.1406
2022-03-04 07:00:00,2022-03-04 08:00:00,31.03,44.4264,26.1406,19.39,44.4264,26.1406,35.31,44.4264,26.1406
2022-03-04 08:00:00,2022-03-04 09:00:00,31.34,44.4264,26.1406,20.57,44.4264,26.1406,23.61,44.4264,26.1406
2022-03-04 09:00:00,2022-03-04 10:00:00,29.16,44.4264,26.1406,20.22,44.4264,26.1406,22.39,44.4264,26.1406
2022-03-04 10:00:00,2022-03-04 11:00:00,30.21,44.4264,26.1406,21.19,44.4264,26.1406,,44.4264,26.1406
2022-03-04 11:00:00,2022-03-04 12:00:00,26.11,44.4264,26.1406,19.29,44.4264,26.1406,19.56,44.4264,26.1406
2022-03-04 12:00:00,2022-03-04 13:00:00,29.33,44.4264,26.1406,23.4,44.4264,26.1406,18.83,44.4264,26.1406
2022-03-04 13:00:00,2022-03-04 14:00:00,32.47,44.4264,26.1406,23.85,44.4264,26.1406,20.59,44.4264,26.1406
2022-03-04 14:00:00,2022-03-04 15:00:00,26.66,44.4264,26.1406,21.72,44.4264,26.1406,19.42,44.4264,26.1406
2022-03-04 15:00:00,2022-03-04 16:00:00,26.61,44.4264,26.1406,20.7,44.4264,26.1406,21.15,44.4264,26.1406
2022-03-04 16:00:00,2022-03-04 17:00:00,27.42,44.4264,26.1406,20.48,44.4264,26.1406,27.64,44.4264,26.1406
2022-03-04 17:00:00,2022-03-04 18:00:00,29.49,44.4264,26.1406,21.57,44.4264,26.1406,36.16,44.4264,26.1406
2022-03-04 18:00:00,2022-03-04 19:00:00,30.61,44.4264,26.1406,21.41,44.4264,26.1406,40.88,44.4264,26.1406
2022-03-04 19:00:00,2022-03-04 20:00:00,33.76,44.4264,26.1406,22.84,44.4264,26.1406,45.74,44.4264,26.1406
2022-03-04 20:00:00,2022-03-04 21:00:00,34.17,44.4264,26.1406,22.46,44.4264,26.1406,41.29,44.4264,26.1406
2022-03-04 21:00:00,2022-03-04 22:00:00,29.92,44.4264,26.1406,19.46,44.4264,26.1406,43.93,44.4264,26.1406
2022-03-04 22:00:00,2022-03-04 23:00:00,32.36,44.4264,26.1406,21.91,44.4264,26.1406,43.75,44.4264,26.1406
2022-03-04 23:00:00,2022-03-05 00:00:00,32.78,44.4264,26.1406,24.33,44.4264,26.1406,29.61,44.4264,26.1406
2022-03-05 00:00:00,2022-03-05 01:00:00,32.53,44.4264,26.1406,27.75,44.4264,26.1406,16.15,44.4264,26.1406
2022-03-05 01:00:00,2022-03-05 02:00:00,25.24,44.4264,26.1406,22.08,44.4264,26.1406,10.7,44.4264,26.1406
2022-03-05 02:00:00,2022-03-05 03:00:00,18.42,44.4264,26.1406,15.33,44.4264,26.1406,10.16,44.4264,26.1406
2022-03-05 03:00:00,2022-03-05 04:00:00,15.78,44.4264,26.1406,12.28,44.4264,26.1406,11.44,44.4264,26.1406
2022-03-05 04:00:00,2022-03-05 05:00:00,19.31,44.4264,26.1406,15.02,44.4264,26.1406,13.34,44.4264,26.1406
2022-03-05 05:00:00,2022-03-05 06:00:00,24.07,44.4264,26.1406,19.79,44.4264,26.1406,15.76,44.4264,26.1406
2022-03-05 06:00:00,2022-03-05 07:00:00,25.99,44.4264,26.1406,21.42,44.4264,26.1406,18.49,44.4264,26.1406
2022-03-05 07:00:00,2022-03-05 08:00:00,29.82,44.4264,26.1406,23.97,44.4264,26.1406,17.18,44.4264,26.1406
2022-03-05 08:00:00,2022-03-05 09:00:00,33.11,44.4264,26.1406,26.45,44.4264,26.1406,16.46,44.4264,26.1406
2022-03-05 09:00:00,2022-03-05 10:00:00,33.45,44.4264,26.1406,26.99,44.4264,26.1406,14.81,44.4264,26.1406
2022-03-05 10:00:00,2022-03-05 11:00:00,33.12,44.4264,26.1406,26.21,44.4264,26.1406,13.65,44.4264,26.1406
2022-03-05 11:00:00,2022-03-05 12:00:00,33.69,44.4264,26.1406,27.66,44.4264,26.1406,,44.4264,26.1406
2022-03-05 12:00:00,2022-03-05 13:00:00,26.49,44.4264,26.1406,20.89,44.4264,26.1406,14.66,44.4264,26.1406
2022-03-05 13:00:00,2022-03-05 14:00:00,28.22,44.4264,26.1406,21.66,44.4264,26.1406,16.18,44.4264,26.1406
2022-03-05 14:00:00,2022-03-05 15:00:00,27.52,44.4264,26.1406,21.96,44.4264,26.1406,13.77,44.4264,26.1406
2022-03-05 15:00:00,2022-03-05 16:00:00,28.37,44.4264,26.1406,22.82,44.4264,26.1406,14.62,44.4264,26.1406
2022-03-05 16:00:00,2022-03-05 17:00:00,26.11,44.4264,26.1406,21.97,44.4264,26.1406,14.78,44.4264,26.1406
2022-03-05 17:00:00,2022-03-05 18:00:00,24.75,44.4264,26.1406,19.97,44.4264,26.1406,19.09,44.4264,26.1406
2022-03-05 18:00:00,2022-03-05 19:00:00,29.75,44.4264,26.1406,24.29,44.4264,26.1406,28.46,44.4264,26.1406
2022-03-05 19:00:00,2022-03-05 20:00:00,35.26,44.4264,26.1406,28.15,44.4264,26.1406,39.67,44.4264,26.1406
2022-03-05 20:00:00,2022-03-05 21:00:00,38.65,44.4264,26.1406,31.12,44.4264,26.1406,33.16,44.4264,26.1406
2022-03-05 21:00:00,2022-03-05 22:00:00,38.37,44.4264,26.1406,31.64,44.4264,26.1406,22.57,44.4264,26.1406
2022-03-05 22:00:00,2022-03-05 23:00:00,30.42,44.4264,26.1406,25.07,44.4264,26.1406,13.97,44.4264,26.1406
2022-03-05 23:00:00,2022-03-06 00:00:00,13.35,44.4264,26.1406,10.0,44.4264,26.1406,12.84,44.4264,26.1406
2022-03-06 00:00:00,2022-03-06 01:00:00,9.26,44.4264,26.1406,7.37,44.4264,26.1406,11.46,44.4264,26.1406
2022-03-06 01:00:00,2022-03-06 02:00:00,12.33,44.4264,26.1406,10.73,44.4264,26.1406,10.93,44.4264,26.1406
2022-03-06 02:00:00,2022-03-06 03:00:00,12.63,44.4264,26.1406,11.06,44.4264,26.1406,10.13,44.4264,26.1406
2022-03-06 03:00:00,2022-03-06 04:00:00,12.0,44.4264,26.1406,9.97,44.4264,26.1406,9.9,44.4264,26.1406
2022-03-06 04:00:00,2022-03-06 05:00:00,14.4,44.4264,26.1406,12.87,44.4264,26.1406,10.72,44.4264,26.1406
2022-03-06 05:00:00,2022-03-06 06:00:00,12.89,44.4264,26.1406,10.99,44.4264,26.1406,12.2,44.4264,26.1406
2022-03-06 06:00:00,2022-03-06 07:00:00,11.51,44.4264,26.1406,8.64,44.4264,26.1406,9.72,44.4264,26.1406
2022-03-06 07:00:00,2022-03-06 08:00:00,12.4,44.4264,26.1406,9.31,44.4264,26.1406,10.11,44.4264,26.1406
2022-03-06 08:00:00,2022-03-06 09:00:00,11.24,44.4264,26.1406,7.42,44.4264,26.1406,9.05,44.4264,26.1406
2022-03-06 09:00:00,2022-03-06 10:00:00,15.36,44.4264,26.1406,8.52,44.4264,26.1406,8.91,44.4264,26.1406
2022-03-06 10:00:00,2022-03-06 11:00:00,11.86,44.4264,26.1406,7.73,44.4264,26.1406,9.66,44.4264,26.1406
2022-03-06 11:00:00,2022-03-06 12:00:00,12.81,44.4264,26.1406,8.81,44.4264,26.1406,9.29,44.4264,26.1406
2022-03-06 12:00:00,2022-03-06 13:00:00,14.16,44.4264,26.1406,9.36,44.4264,26.1406,,44.4264,26.1406
2022-03-06 13:00:00,2022-03-06 14:00:00,14.64,44.4264,26.1406,10.19,44.4264,26.1406,11.48,44.4264,26.1406
2022-03-06 14:00:00,2022-03-06 15:00:00,9.97,44.4264,26.1406,5.79,44.4264,26.1406,11.45,44.4264,26.1406
2022-03-06 15:00:00,2022-03-06 16:00:00,10.59,44.4264,26.1406,6.53,44.4264,26.1406,11.56,44.4264,26.1406
2022-03-06 16:00:00,2022-03-06 17:00:00,11.94,44.4264,26.1406,7.96,44.4264,26.1406,11.41,44.4264,26.1406
2022-03-06 17:00:00,2022-03-06 18:00:00,13.1,44.4264,26.1406,10.01,44.4264,26.1406,16.24,44.4264,26.1406
2022-03-06 18:00:00,2022-03-06 19:00:00,16.88,44.4264,26.1406,12.69,44.4264,26.1406,17.08,44.4264,26.1406
2022-03-06 19:00:00,2022-03-06 20:00:00,16.95,44.4264,26.1406,12.92,44.4264,26.1406,16.38,44.4264,26.1406
2022-03-06 20:00:00,2022-03-06 21:00:00,18.05,44.4264,26.1406,13.36,44.4264,26.1406,14.55,44.4264,26.1406
2022-03-06 21:00:00,2022-03-06 22:00:00,20.26,44.4264,26.1406,16.77,44.4264,26.1406,20.6,44.4264,26.1406
2022-03-06 22:00:00,2022-03-06 23:00:00,25.41,44.4264,26.1406,23.28,44.4264,26.1406,17.61,44.4264,26.1406
2022-03-06 23:00:00,2022-03-07 00:00:00,30.09,44.4264,26.1406,26.56,44.4264,26.1406,13.81,44.4264,26.1406
2022-03-07 00:00:00,2022-03-07 01:00:00,24.4,44.4264,26.1406,21.19,44.4264,26.1406,10.32,44.4264,26.1406
2022-03-07 01:00:00,2022-03-07 02:00:00,23.44,44.4264,26.1406,21.53,44.4264,26.1406,10.24,44.4264,26.1406
2022-03-07 02:00:00,2022-03-07 03:00:00,19.54,44.4264,26.1406,18.33,44.4264,26.1406,8.95,44.4264,26.1406
2022-03-07 03:00:00,2022-03-07 04:00:00,8.34,44.4264,26.1406,8.04,44.4264,26.1406,10.03,44.4264,26.1406
2022-03-07 04:00:00,2022-03-07 05:00:00,12.48,44.4264,26.1406,10.64,44.4264,26.1406,13.38,44.4264,26.1406
2022-03-07 05:00:00,2022-03-07 06:00:00,11.78,44.4264,26.1406,9.25,44.4264,26.1406,19.98,44.4264,26.1406
2022-03-07 06:00:00,2022-03-07 07:00:00,12.79,44.4264,26.1406,10.46,44.4264,26.1406,19.82,44.4264,26.1406
2022-03-07 07:00:00,2022-03-07 08:00:00,12.05,44.4264,26.1406,9.48,44.4264,26.1406,17.84,44.4264,26.1406
2022-03-07 08:00:00,2022-03-07 09:00:00,12.86,44.4264,26.1406,10.42,44.4264,26.1406,18.28,44.4264,26.1406
2022-03-07 09:00:00,2022-03-07 10:00:00,8.59,44.4264,26.1406,5.52,44.4264,26.1406,15.73,44.4264,26.1406
2022-03-07 10:00:00,2022-03-07 11:00:00,13.72,44.4264,26.1406,11.31,44.4264,26.1406,13.14,44.4264,26.1406
2022-03-07 11:00:00,2022-03-07 12:00:00,12.06,44.4264,26.1406,10.57,44.4264,26.1406,11.86,44.4264,26.1406
2022-03-07 12:00:00,2022-03-07 13:00:00,14.47,44.4264,26.1406,11.4,44.4264,26.1406,11.65,44.4264,26.1406
2022-03-07 13:00:00,2022-03-07 14:00:00,15.69,44.4264,26.1406,13.22,44.4264,26.1406,,44.4264,26.1406
2022-03-07 14:00:00,2022-03-07 15:00:00,9.12,44.4264,26.1406,6.69,44.4264,26.1406,7.42,44.4264,26.1406
2022-03-07 15:00:00,2022-03-07 16:00:00,13.89,44.4264,26.1406,12.93,44.4264,26.1406,6.48,44.4264,26.1406
2022-03-07 16:00:00,2022-03-07 17:00:00,10.25,44.4264,26.1406,8.33,44.4264,26.1406,9.9,44.4264,26.1406
2022-03-07 17:00:00,2022-03-07 18:00:00,14.44,44.4264,26.1406,12.11,44.4264,26.1406,17.07,44.4264,26.1406
2022-03-07 18:00:00,2022-03-07 19:00:00,17.59,44.4264,26.1406,13.94,44.4264,26.1406,19.0,44.4264,26.1406
2022-03-07 19:00:00,2022-03-07 20:00:00,20.13,44.4264,26.1406,16.57,44.4264,26.1406,20.46,44.4264,26.1406
2022-03-07 20:00:00,2022-03-07 21:00:00,18.01,44.4264,26.1406,14.97,44.4264,26.1406,19.12,44.4264,26.1406
2022-03-07 21:00:00,2022-03-07 22:00:00,16.85,44.4264,26.1406,14.01,44.4264,26.1406,17.51,44.4264,26.1406
2022-03-07 22:00:00,2022-03-07 23:00:00,15.98,44.4264,26.1406,14.41,44.4264,26.1406,14.26,44.4264,26.1406
2022-03-07 23:00:00,2022-03-08 00:00:00,16.46,44.4264,26.1406,14.63,44.4264,26.1406,11.43,44.4264,26.1406
2022-03-08 00:00:00,2022-03-08 01:00:00,16.28,44.4264,26.1406,15.62,44.4264,26.1406,12.48,44.4264,26.1406
2022-03-08 01:00:00,2022-03-08 02:00:00,18.42,44.4264,26.1406,17.56,44.4264,26.1406,10.11,44.4264,26.1406
2022-03-08 02:00:00,2022-03-08 03:00:00,15.86,44.4264,26.1406,14.53,44.4264,26.1406,8.73,44.4264,26.1406
2022-03-08 03:00:00,2022-03-08 04:00:00,14.78,44.4264,26.1406,11.83,44.4264,26.1406,8.58,44.4264,26.1406
2022-03-08 04:00:00,2022-03-08 05:00:00,17.07,44.4264,26.1406,14.9,44.4264,26.1406,10.0,44.4264,26.1406
2022-03-08 05:00:00,2022-03-08 06:00:00,18.47,44.4264,26.1406,16.54,44.4264,26.1406,14.83,44.4264,26.1406
2022-03-08 06:00:00,2022-03-08 07:00:00,20.69,44.4264,26.1406,18.52,44.4264,26.1406,21.25,44.4264,26.1406
2022-03-08 07:00:00,2022-03-08 08:00:00,26.49,44.4264,26.1406,23.36,44.4264,26.1406,25.49,44.4264,26.1406
2022-03-08 08:00:00,2022-03-08 09:00:00,24.84,44.4264,26.1406,20.56,44.4264,26.1406,25.91,44.4264,26.1406
2022-03-08 09:00:00,2022-03-08 10:00:00,24.34,44.4264,26.1406,19.64,44.4264,26.1406,23.84,44.4264,26.1406
2022-03-08 10:00:00,2022-03-08 11:00:00,23.96,44.4264,26.1406,19.3,44.4264,26.1406,20.1,44.4264,26.1406
2022-03-08 11:00:00,2022-03-08 12:00:00,23.9,44.4264,26.1406,18.59,44.4264,26.1406,14.14,44.4264,26.1406
2022-03-08 12:00:00,2022-03-08 13:00:00,20.67,44.4264,26.1406,17.46,44.4264,26.1406,12.11,44.4264,26.1406
2022-03-08 13:00:00,2022-03-08 14:00:00,24.03,44.4264,26.1406,19.4,44.4264,26.1406,13.26,44.4264,26.1406
2022-03-08 14:00:00,2022-03-08 15:00:00,22.58,44.4264,26.1406,18.43,44.4264,26.1406,,44.4264,26.1406
2022-03-08 15:00:00,2022-03-08 16:00:00,27.66,44.4264,26.1406,21.58,44.4264,26.1406,24.3,44.4264,26.1406
2022-03-08 16:00:00,2022-03-08 17:00:00,29.99,44.4264,26.1406,24.39,44.4264,26.1406,24.82,44.4264,26.1406
2022-03-08 17:00:00,2022-03-08 18:00:00,26.74,44.4264,26.1406,22.13,44.4264,26.1406,27.36,44.4264,26.1406
2022-03-08 18:00:00,2022-03-08 19:00:00,27.56,44.4264,26.1406,22.52,44.4264,26.1406,36.64,44.4264,26.1406
2022-03-08 19:00:00,2022-03-08 20:00:00,30.9,44.4264,26.1406,24.78,44.4264,26.1406,26.47,44.4264,26.1406
2022-03-08 20:00:00,2022-03-08 21:00:00,34.56,44.4264,26.1406,29.49,44.4264,26.1406,28.91,44.4264,26.1406
2022-03-08 21:00:00,2022-03-08 22:00:00,34.6,44.4264,26.1406,30.08,44.4264,26.1406,37.5,44.4264,26.1406
2022-03-08 22:00:00,2022-03-08 23:00:00,32.57,44.4264,26.1406,28.48,44.4264,26.1406,40.1,44.4264,26.1406
2022-03-08 23:00:00,2022-03-09 00:00:00,33.55,44.4264,26.1406,29.77,44.4264,26.1406,36.3,44.4264,26.1406
2022-03-09 00:00:00,2022-03-09 01:00:00,33.76,44.4264,26.1406,29.88,44.4264,26.1406,43.03,44.4264,26.1406
2022-03-09 01:00:00,2022-03-09 02:00:00,34.65,44.4264,26.1406,30.35,44.4264,26.1406,34.91,44.4264,26.1406
2022-03-09 02:00:00,2022-03-09 03:00:00,31.27,44.4264,26.1406,28.68,44.4264,26.1406,26.91,44.4264,26.1406
2022-03-09 03:00:00,2022-03-09 04:00:00,33.18,44.4264,26.1406,31.0,44.4264,26.1406,30.29,44.4264,26.1406
2022-03-09 04:00:00,2022-03-09 05:00:00,32.71,44.4264,26.1406,29.72,44.4264,26.1406,32.42,44.4264,26.1406
2022-03-09 05:00:00,2022-03-09 06:00:00,38.66,44.4264,26.1406,35.17,44.4264,26.1406,36.0,44.4264,26.1406
2022-03-09 06:00:00,2022-03-09 07:00:00,28.2,44.4264,26.1406,25.48,44.4264,26.1406,28.52,44.4264,26.1406
2022-03-09 07:00:00,2022-03-09 08:00:00,10.46,44.4264,26.1406,6.87,44.4264,26.1406,25.26,44.4264,26.1406
2022-03-09 08:00:00,2022-03-09 09:00:00,13.74,44.4264,26.1406,8.41,44.4264,26.1406,20.09,44.4264,26.1406
2022-03-09 09:00:00,2022-03-09 10:00:00,11.25,44.4264,26.1406,6.42,44.4264,26.1406,20.53,44.4264,26.1406
2022-03-09 10:00:00,2022-03-09 11:00:00,12.81,44.4264,26.1406,9.24,44.4264,26.1406,23.64,44.4264,26.1406
2022-03-09 11:00:00,2022-03-09 12:00:00,14.53,44.4264,26.1406,11.41,44.4264,26.1406,26.04,44.4264,26.1406
2022-03-09 12:00:00,2022-03-09 13:00:00,10.49,44.4264,26.1406,7.41,44.4264,26.1406,20.6,44.4264,26.1406
2022-03-09 13:00:00,2022-03-09 14:00:00,11.35,44.4264,26.1406,7.55,44.4264,26.1406,22.49,44.4264,26.1406
2022-03-09 14:00:00,2022-03-09 15:00:00,13.11,44.4264,26.1406,7.36,44.4264,26.1406,21.96,44.4264,26.1406
2022-03-09 15:00:00,2022-03-09 16:00:00,13.41,44.4264,26.1406,5.5,44.4264,26.1406,,44.4264,26.1406
2022-03-09 16:00:00,2022-03-09 17:00:00,13.16,44.4264,26.1406,6.62,44.4264,26.1406,21.78,44.4264,26.1406
2022-03-09 17:00:00,2022-03-09 18:00:00,16.2,44.4264,26.1406,11.12,44.4264,26.1406,21.4,44.4264,26.1406
2022-03-09 18:00:00,2022-03-09 19:00:00,16.38,44.4264,26.1406,11.56,44.4264,26.1406,32.17,44.4264,26.1406
2022-03-09 19:00:00,2022-03-09 20:00:00,8.79,44.4264,26.1406,2.93,44.4264,26.1406,40.58,44.4264,26.1406
2022-03-09 20:00:00,2022-03-09 21:00:00,17.81,44.4264,26.1406,12.8,44.4264,26.1406,46.42,44.4264,26.1406
2022-03-09 21:00:00,2022-03-09 22:00:00,20.89,44.4264,26.1406,17.13,44.4264,26.1406,43.14,44.4264,26.1406
2022-03-09 22:00:00,2022-03-09 23:00:00,21.56,44.4264,26.1406,18.79,44.4264,26.1406,44.27,44.4264,26.1406
2022-03-09 23:00:00,2022-03-10 00:00:00,26.82,44.4264,26.1406,24.16,44.4264,26.1406,45.62,44.4264,26.1406
2022-03-10 00:00:00,2022-03-10 01:00:00,31.03,44.4264,26.1406,28.69,44.4264,26.1406,32.41,44.4264,26.1406
2022-03-10 01:00:00,2022-03-10 02:00:00,28.92,44.4264,26.1406,27.72,44.4264,26.1406,15.79,44.4264,26.1406
2022-03-10 02:00:00,2022-03-10 03:00:00,25.02,44.4264,26.1406,24.16,44.4264,26.1406,19.68,44.4264,26.1406
2022-03-10 03:00:00,2022-03-10 04:00:00,22.12,44.4264,26.1406,20.65,44.4264,26.1406,11.41,44.4264,26.1406
2022-03-10 04:00:00,2022-03-10 05:00:00,13.26,44.4264,26.1406,12.3,44.4264,26.1406,13.88,44.4264,26.1406
2022-03-10 05:00:00,2022-03-10 06:00:00,12.79,44.4264,26.1406,11.26,44.4264,26.1406,27.02,44.4264,26.1406
2022-03-10 06:00:00,2022-03-10 07:00:00,20.13,44.4264,26.1406,17.23,44.4264,26.1406,34.39,44.4264,26.1406
2022-03-10 07:00:00,2022-03-10 08:00:00,23.24,44.4264,26.1406,18.29,44.4264,26.1406,21.02,44.4264,26.1406
2022-03-10 08:00:00,2022-03-10 09:00:00,18.63,44.4264,26.1406,13.09,44.4264,26.1406,9.79,44.4264,26.1406
2022-03-10 09:00:00,2022-03-10 10:00:00,14.18,44.4264,26.1406,10.39,44.4264,26.1406,9.04,44.4264,26.1406
2022-03-10 10:00:00,2022-03-10 11:00:00,15.73,44.4264,26.1406,11.57,44.4264,26.1406,9.51,44.4264,26.1406
2022-03-10 11:00:00,2022-03-10 12:00:00,13.72,44.4264,26.1406,9.67,44.4264,26.1406,8.53,44.4264,26.1406
2022-03-10 12:00:00,2022-03-10 13:00:00,17.83,44.4264,26.1406,13.11,44.4264,26.1406,10.0,44.4264,26.1406
2022-03-10 13:00:00,2022-03-10 14:00:00,15.39,44.4264,26.1406,11.73,44.4264,26.1406,12.21,44.4264,26.1406
2022-03-10 14:00:00,2022-03-10 15:00:00,15.56,44.4264,26.1406,9.82,44.4264,26.1406,12.78,44.4264,26.1406
2022-03-10 15:00:00,2022-03-10 16:00:00,12.82,44.4264,26.1406,8.32,44.4264,26.1406,11.72,44.4264,26.1406
2022-03-10 16:00:00,2022-03-10 17:00:00,16.33,44.4264,26.1406,11.65,44.4264,26.1406,,44.4264,26.1406
2022-03-10 17:00:00,2022-03-10 18:00:00,15.15,44.4264,26.1406,10.54,44.4264,26.1406,25.26,44.4264,26.1406
2022-03-10 18:00:00,2022-03-10 19:00:00,13.18,44.4264,26.1406,8.0,44.4264,26.1406,19.71,44.4264,26.1406
2022-03-10 19:00:00,2022-03-10 20:00:00,16.26,44.4264,26.1406,10.75,44.4264,26.1406,21.76,44.4264,26.1406
2022-03-10 20:00:00,2022-03-10 21:00:00,14.65,44.4264,26.1406,10.28,44.4264,26.1406,15.91,44.4264,26.1406
2022-03-10 21:00:00,2022-03-10 22:00:00,12.81,44.4264,26.1406,10.3,44.4264,26.1406,14.37,44.4264,26.1406
2022-03-10 22:00:00,2022-03-10 23:00:00,14.54,44.4264,26.1406,12.29,44.4264,26.1406,10.89,44.4264,26.1406
2022-03-10 23:00:00,2022-03-11 00:00:00,13.2,44.4264,26.1406,11.51,44.4264,26.1406,9.28,44.4264,26.1406
2022-03-11 00:00:00,2022-03-11 01:00:00,12.16,44.4264,26.1406,10.68,44.4264,26.1406,9.78,44.4264,26.1406
2022-03-11 01:00:00,2022-03-11 02:00:00,11.16,44.4264,26.1406,9.35,44.4264,26.1406,7.49,44.4264,26.1406
2022-03-11 02:00:00,2022-03-11 03:00:00,10.62,44.4264,26.1406,9.07,44.4264,26.1406,9.15,44.4264,26.1406
2022-03-11 03:00:00,2022-03-11 04:00:00,12.92,44.4264,26.1406,11.32,44.4264,26.1406,10.68,44.4264,26.1406
2022-03-11 04:00:00,2022-03-11 05:00:00,15.85,44.4264,26.1406,14.59,44.4264,26.1406,12.97,44.4264,26.1406
2022-03-11 05:00:00,2022-03-11 06:00:00,17.36,44.4264,26.1406,15.41,44.4264,26.1406,19.95,44.4264,26.1406
2022-03-11 06:00:00,2022-03-11 07:00:00,22.21,44.4264,26.1406,16.86,44.4264,26.1406,26.55,44.4264,26.1406
2022-03-11 07:00:00,2022-03-11 08:00:00,20.46,44.4264,26.1406,15.37,44.4264,26.1406,14.36,44.4264,26.1406
2022-03-11 08:00:00,2022-03-11 09:00:00,16.27,44.4264,26.1406,14.1,44.4264,26.1406,7.48,44.4264,26.1406
2022-03-11 09:00:00,2022-03-11 10:00:00,15.94,44.4264,26.1406,13.5,44.4264,26.1406,6.84,44.4264,26.1406
2022-03-11 10:00:00,2022-03-11 11:00:00,15.01,44.4264,26.1406,12.57,44.4264,26.1406,5.35,44.4264,26.1406
2022-03-11 11:00:00,2022-03-11 12:00:00,15.35,44.4264,26.1406,12.74,44.4264,26.1406,5.19,44.4264,26.1406
2022-03-11 12:00:00,2022-03-11 13:00:00,13.77,44.4264,26.1406,11.95,44.4264,26.1406,5.26,44.4264,26.1406
2022-03-11 13:00:00,2022-03-11 14:00:00,12.6,44.4264,26.1406,11.18,44.4264,26.1406,5.12,44.4264,26.1406
2022-03-11 14:00:00,2022-03-11 15:00:00,8.5,44.4264,26.1406,6.31,44.4264,26.1406,5.52,44.4264,26.1406
2022-03-11 15:00:00,2022-03-11 16:00:00,14.46,44.4264,26.1406,11.87,44.4264,26.1406,7.63,44.4264,26.1406
2022-03-11 16:00:00,2022-03-11 17:00:00,13.56,44.4264,26.1406,10.7,44.4264,26.1406,10.63,44.4264,26.1406
2022-03-11 17:00:00,2022-03-11 18:00:00,21.42,44.4264,26.1406,14.38,44.4264,26.1406,,44.4264,26.1406
2022-03-11 18:00:00,2022-03-11 19:00:00,21.2,44.4264,26.1406,12.34,44.4264,26.1406,22.45,44.4264,26.1406
2022-03-11 19:00:00,2022-03-11 20:00:00,15.27,44.4264,26.1406,8.78,44.4264,26.1406,13.16,44.4264,26.1406
2022-03-11 20:00:00,2022-03-11 21:00:00,9.78,44.4264,26.1406,7.23,44.4264,26.1406,8.96,44.4264,26.1406
2022-03-11 21:00:00,2022-03-11 22:00:00,9.63,44.4264,26.1406,8.22,44.4264,26.1406,14.38,44.4264,26.1406
2022-03-11 22:00:00,2022-03-11 23:00:00,12.14,44.4264,26.1406,8.93,44.4264,26.1406,21.28,44.4264,26.1406
2022-03-11 23:00:00,2022-03-12 00:00:00,15.16,44.4264,26.1406,9.26,44.4264,26.1406,12.48,44.4264,26.1406
2022-03-12 00:00:00,2022-03-12 01:00:00,17.88,44.4264,26.1406,12.88,44.4264,26.1406,10.85,44.4264,26.1406
2022-03-12 01:00:00,2022-03-12 02:00:00,17.61,44.4264,26.1406,13.49,44.4264,26.1406,11.26,44.4264,26.1406
2022-03-12 02:00:00,2022-03-12 03:00:00,16.03,44.4264,26.1406,11.49,44.4264,26.1406,11.12,44.4264,26.1406
2022-03-12 03:00:00,2022-03-12 04:00:00,17.31,44.4264,26.1406,13.27,44.4264,26.1406,14.4,44.4264,26.1406
2022-03-12 04:00:00,2022-03-12 05:00:00,18.8,44.4264,26.1406,15.23,44.4264,26.1406,30.91,44.4264,26.1406
2022-03-12 05:00:00,2022-03-12 06:00:00,21.95,44.4264,26.1406,17.83,44.4264,26.1406,25.35,44.4264,26.1406
2022-03-12 06:00:00,2022-03-12 07:00:00,20.98,44.4264,26.1406,16.78,44.4264,26.1406,27.0,44.4264,26.1406
2022-03-12 07:00:00,2022-03-12 08:00:00,20.83,44.4264,26.1406,16.56,44.4264,26.1406,18.08,44.4264,26.1406
2022-03-12 08:00:00,2022-03-12 09:00:00,23.99,44.4264,26.1406,20.5,44.4264,26.1406,9.64,44.4264,26.1406
2022-03-12 09:00:00,2022-03-12 10:00:00,21.04,44.4264,26.1406,16.86,44.4264,26.1406,7.68,44.4264,26.1406
2022-03-12 10:00:00,2022-03-12 11:00:00,14.95,44.4264,26.1406,10.49,44.4264,26.1406,7.4,44.4264,26.1406
2022-03-12 11:00:00,2022-03-12 12:00:00,14.04,44.4264,26.1406,9.81,44.4264,26.1406,5.79,44.4264,26.1406
2022-03-12 12:00:00,2022-03-12 13:00:00,12.13,44.4264,26.1406,8.42,44.4264,26.1406,5.83,44.4264,26.1406
2022-03-12 13:00:00,2022-03-12 14:00:00,15.54,44.4264,26.1406,12.89,44.4264,26.1406,5.36,44.4264,26.1406
2022-03-12 14:00:00,2022-03-12 15:00:00,12.57,44.4264,26.1406,9.83,44.4264,26.1406,5.15,44.4264,26.1406
2022-03-12 15:00:00,2022-03-12 16:00:00,11.92,44.4264,26.1406,8.13,44.4264,26.1406,5.17,44.4264,26.1406
2022-03-12 16:00:00,2022-03-12 17:00:00,15.54,44.4264,26.1406,13.18,44.4264,26.1406,6.33,44.4264,26.1406
2022-03-12 17:00:00,2022-03-12 18:00:00,15.27,44.4264,26.1406,11.36,44.4264,26.1406,15.69,44.4264,26.1406
2022-03-12 18:00:00,2022-03-12 19:00:00,21.74,44.4264,26.1406,15.58,44.4264,26.1406,,44.4264,26.1406
2022-03-12 19:00:00,2022-03-12 20:00:00,27.6,44.4264,26.1406,21.61,44.4264,26.1406,24.23,44.4264,26.1406
2022-03-12 20:00:00,2022-03-12 21:00:00,27.45,44.4264,26.1406,21.84,44.4264,26.1406,23.99,44.4264,26.1406
2022-03-12 21:00:00,2022-03-12 22:00:00,25.08,44.4264,26.1406,21.43,44.4264,26.1406,15.63,44.4264,26.1406
2022-03-12 22:00:00,2022-03-12 23:00:00,24.64,44.4264,26.1406,22.13,44.4264,26.1406,15.2,44.4264,26.1406
2022-03-12 23:00:00,2022-03-13 00:00:00,24.35,44.4264,26.1406,21.31,44.4264,26.1406,11.42,44.4264,26.1406
2022-03-13 00:00:00,2022-03-13 01:00:00,20.64,44.4264,26.1406,17.79,44.4264,26.1406,10.14,44.4264,26.1406
2022-03-13 01:00:00,2022-03-13 02:00:00,19.99,44.4264,26.1406,17.43,44.4264,26.1406,9.17,44.4264,26.1406
2022-03-13 02:00:00,2022-03-13 03:00:00,19.14,44.4264,26.1406,17.23,44.4264,26.1406,9.77,44.4264,26.1406
2022-03-13 03:00:00,2022-03-13 04:00:00,20.62,44.4264,26.1406,17.88,44.4264,26.1406,8.98,44.4264,26.1406
2022-03-13 04:00:00,2022-03-13 05:00:00,21.37,44.4264,26.1406,18.9,44.4264,26.1406,9.71,44.4264,26.1406
2022-03-13 05:00:00,2022-03-13 06:00:00,21.61,44.4264,26.1406,18.85,44.4264,26.1406,15.28,44.4264,26.1406
2022-03-13 06:00:00,2022-03-13 07:00:00,23.44,44.4264,26.1406,20.1,44.4264,26.1406,19.52,44.4264,26.1406
2022-03-13 07:00:00,2022-03-13 08:00:00,24.45,44.4264,26.1406,20.53,44.4264,26.1406,19.6,44.4264,26.1406
2022-03-13 08:00:00,2022-03-13 09:00:00,24.93,44.4264,26.1406,19.83,44.4264,26.1406,15.64,44.4264,26.1406
2022-03-13 09:00:00,2022-03-13 10:00:00,26.56,44.4264,26.1406,21.31,44.4264,26.1406,24.83,44.4264,26.1406
2022-03-13 10:00:00,2022-03-13 11:00:00,32.36,44.4264,26.1406,24.5,44.4264,26.1406,23.6,44.4264,26.1406
2022-03-13 11:00:00,2022-03-13 12:00:00,34.71,44.4264,26.1406,27.3,44.4264,26.1406,13.55,44.4264,26.1406
2022-03-13 12:00:00,2022-03-13 13:00:00,25.22,44.4264,26.1406,21.06,44.4264,26.1406,10.86,44.4264,26.1406
2022-03-13 13:00:00,2022-03-13 14:00:00,25.42,44.4264,26.1406,20.03,44.4264,26.1406,9.1,44.4264,26.1406
2022-03-13 14:00:00,2022-03-13 15:00:00,19.97,44.4264,26.1406,15.54,44.4264,26.1406,8.03,44.4264,26.1406
2022-03-13 15:00:00,2022-03-13 16:00:00,18.81,44.4264,26.1406,15.96,44.4264,26.1406,8.13,44.4264,26.1406
2022-03-13 16:00:00,2022-03-13 17:00:00,21.11,44.4264,26.1406,17.29,44.4264,26.1406,14.21,44.4264,26.1406
2022-03-13 17:00:00,2022-03-13 18:00:00,24.91,44.4264,26.1406,18.52,44.4264,26.1406,20.53,44.4264,26.1406
2022-03-13 18:00:00,2022-03-13 19:00:00,28.58,44.4264,26.1406,21.37,44.4264,26.1406,32.36,44.4264,26.1406
2022-03-13 19:00:00,2022-03-13 20:00:00,34.16,44.4264,26.1406,24.59,44.4264,26.1406,,44.4264,26.1406
2022-03-13 20:00:00,2022-03-13 21:00:00,30.86,44.4264,26.1406,20.66,44.4264,26.1406,36.34,44.4264,26.1406
2022-03-13 21:00:00,2022-03-13 22:00:00,29.88,44.4264,26.1406,20.25,44.4264,26.1406,29.72,44.4264,26.1406
2022-03-13 22:00:00,2022-03-13 23:00:00,28.77,44.4264,26.1406,20.72,44.4264,26.1406,35.43,44.4264,26.1406
2022-03-13 23:00:00,2022-03-14 00:00:00,29.6,44.4264,26.1406,21.86,44.4264,26.1406,37.78,44.4264,26.1406
2022-03-14 00:00:00,2022-03-14 01:00:00,32.51,44.4264,26.1406,26.35,44.4264,26.1406,42.33,44.4264,26.1406
2022-03-14 01:00:00,2022-03-14 02:00:00,42.33,44.4264,26.1406,35.4,44.4264,26.1406,43.33,44.4264,26.1406
2022-03-14 02:00:00,2022-03-14 03:00:00,37.51,44.4264,26.1406,31.49,44.4264,26.1406,31.83,44.4264,26.1406
2022-03-14 03:00:00,2022-03-14 04:00:00,37.04,44.4264,26.1406,31.62,44.4264,26.1406,32.52,44.4264,26.1406
2022-03-14 04:00:00,2022-03-14 05:00:00,36.11,44.4264,26.1406,30.12,44.4264,26.1406,33.78,44.4264,26.1406
2022-03-14 05:00:00,2022-03-14 06:00:00,37.69,44.4264,26.1406,32.07,44.4264,26.1406,33.83,44.4264,26.1406
2022-03-14 06:00:00,2022-03-14 07:00:00,39.59,44.4264,26.1406,32.62,44.4264,26.1406,46.59,44.4264,26.1406
2022-03-14 07:00:00,2022-03-14 08:00:00,38.68,44.4264,26.1406,24.92,44.4264,26.1406,30.67,44.4264,26.1406
2022-03-14 08:00:00,2022-03-14 09:00:00,32.74,44.4264,26.1406,23.15,44.4264,26.1406,17.51,44.4264,26.1406
2022-03-14 09:00:00,2022-03-14 10:00:00,27.63,44.4264,26.1406,20.59,44.4264,26.1406,12.86,44.4264,26.1406
2022-03-14 10:00:00,2022-03-14 11:00:00,30.67,44.4264,26.1406,25.69,44.4264,26.1406,10.0,44.4264,26.1406
2022-03-14 11:00:00,2022-03-14 12:00:00,23.85,44.4264,26.1406,19.76,44.4264,26.1406,9.46,44.4264,26.1406
2022-03-14 12:00:00,2022-03-14 13:00:00,25.97,44.4264,26.1406,21.49,44.4264,26.1406,8.7,44.4264,26.1406
2022-03-14 13:00:00,2022-03-14 14:00:00,25.83,44.4264,26.1406,21.56,44.4264,26.1406,10.79,44.4264,26.1406
2022-03-14 14:00:00,2022-03-14 15:00:00,30.58,44.4264,26.1406,24.32,44.4264,26.1406,11.87,44.4264,26.1406
2022-03-14 15:00:00,2022-03-14 16:00:00,34.19,44.4264,26.1406,27.35,44.4264,26.1406,13.43,44.4264,26.1406
2022-03-14 16:00:00,2022-03-14 17:00:00,34.61,44.4264,26.1406,25.91,44.4264,26.1406,17.68,44.4264,26.1406
2022-03-14 17:00:00,2022-03-14 18:00:00,32.76,44.4264,26.1406,22.9,44.4264,26.1406,26.37,44.4264,26.1406
2022-03-14 18:00:00,2022-03-14 19:00:00,40.62,44.4264,26.1406,28.27,44.4264,26.1406,33.32,44.4264,26.1406
2022-03-14 19:00:00,2022-03-14 20:00:00,40.76,44.4264,26.1406,27.32,44.4264,26.1406,27.77,44.4264,26.1406
2022-03-14 20:00:00,2022-03-14 21:00:00,34.98,44.4264,26.1406,25.8,44.4264,26.1406,,44.4264,26.1406
2022-03-14 21:00:00,2022-03-14 22:00:00,33.0,44.4264,26.1406,25.83,44.4264,26.1406,18.71,44.4264,26.1406
2022-03-14 22:00:00,2022-03-14 23:00:00,30.72,44.4264,26.1406,25.28,44.4264,26.1406,23.3,44.4264,26.1406
2022-03-14 23:00:00,2022-03-15 00:00:00,31.61,44.4264,26.1406,26.97,44.4264,26.1406,18.56,44.4264,26.1406
2022-03-15 00:00:00,2022-03-15 01:00:00,33.33,44.4264,26.1406,28.57,44.4264,26.1406,21.49,44.4264,26.1406
2022-03-15 01:00:00,2022-03-15 02:00:00,35.62,44.4264,26.1406,30.29,44.4264,26.1406,29.63,44.4264,26.1406
2022-03-15 02:00:00,2022-03-15 03:00:00,31.57,44.4264,26.1406,26.31,44.4264,26.1406,15.73,44.4264,26.1406
2022-03-15 03:00:00,2022-03-15 04:00:00,30.55,44.4264,26.1406,27.08,44.4264,26.1406,16.33,44.4264,26.1406
2022-03-15 04:00:00,2022-03-15 05:00:00,32.73,44.4264,26.1406,28.57,44.4264,26.1406,18.08,44.4264,26.1406
2022-03-15 05:00:00,2022-03-15 06:00:00,37.1,44.4264,26.1406,31.36,44.4264,26.1406,39.98,44.4264,26.1406
2022-03-15 06:00:00,2022-03-15 07:00:00,48.37,44.4264,26.1406,35.26,44.4264,26.1406,45.46,44.4264,26.1406
2022-03-15 07:00:00,2022-03-15 08:00:00,52.27,44.4264,26.1406,40.12,44.4264,26.1406,28.74,44.4264,26.1406
2022-03-15 08:00:00,2022-03-15 09:00:00,56.48,44.4264,26.1406,44.85,44.4264,26.1406,20.7,44.4264,26.1406
2022-03-15 09:00:00,2022-03-15 10:00:00,52.88,44.4264,26.1406,41.87,44.4264,26.1406,27.97,44.4264,26.1406
2022-03-15 10:00:00,2022-03-15 11:00:00,54.04,44.4264,26.1406,38.4,44.4264,26.1406,21.18,44.4264,26.1406
2022-03-15 11:00:00,2022-03-15 12:00:00,42.34,44.4264,26.1406,31.0,44.4264,26.1406,14.35,44.4264,26.1406
2022-03-15 12:00:00,2022-03-15 13:00:00,31.24,44.4264,26.1406,22.76,44.4264,26.1406,10.78,44.4264,26.1406
2022-03-15 13:00:00,2022-03-15 14:00:00,23.56,44.4264,26.1406,16.59,44.4264,26.1406,10.38,44.4264,26.1406
2022-03-15 14:00:00,2022-03-15 15:00:00,25.39,44.4264,26.1406,18.16,44.4264,26.1406,12.22,44.4264,26.1406
2022-03-15 15:00:00,2022-03-15 16:00:00,25.01,44.4264,26.1406,18.78,44.4264,26.1406,13.21,44.4264,26.1406
2022-03-15 16:00:00,2022-03-15 17:00:00,27.63,44.4264,26.1406,20.6,44.4264,26.1406,19.17,44.4264,26.1406
2022-03-15 17:00:00,2022-03-15 18:00:00,29.11,44.4264,26.1406,19.38,44.4264,26.1406,34.3,44.4264,26.1406
2022-03-15 18:00:00,2022-03-15 19:00:00,35.35,44.4264,26.1406,24.18,44.4264,26.1406,41.55,44.4264,26.1406
2022-03-15 19:00:00,2022-03-15 20:00:00,44.33,44.4264,26.1406,31.07,44.4264,26.1406,63.62,44.4264,26.1406
2022-03-15 20:00:00,2022-03-15 21:00:00,51.3,44.4264,26.1406,35.44,44.4264,26.1406,54.04,44.4264,26.1406
2022-03-15 21:00:00,2022-03-15 22:00:00,52.93,44.4264,26.1406,37.69,44.4264,26.1406,,44.4264,26.1406
2022-03-15 22:00:00,2022-03-15 23:00:00,57.93,44.4264,26.1406,39.59,44.4264,26.1406,64.94,44.4264,26.1406
2022-03-15 23:00:00,2022-03-16 00:00:00,76.88,44.4264,26.1406,61.37,44.4264,26.1406,71.2,44.4264,26.1406
2022-03-16 00:00:00,2022-03-16 01:00:00,84.16,44.4264,26.1406,70.22,44.4264,26.1406,70.35,44.4264,26.1406
2022-03-16 01:00:00,2022-03-16 02:00:00,72.28,44.4264,26.1406,58.59,44.4264,26.1406,62.64,44.4264,26.1406
2022-03-16 02:00:00,2022-03-16 03:00:00,76.12,44.4264,26.1406,63.41,44.4264,26.1406,58.69,44.4264,26.1406
2022-03-16 03:00:00,2022-03-16 04:00:00,82.45,44.4264,26.1406,73.46,44.4264,26.1406,57.36,44.4264,26.1406
2022-03-16 04:00:00,2022-03-16 05:00:00,79.72,44.4264,26.1406,70.64,44.4264,26.1406,50.47,44.4264,26.1406
2022-03-16 05:00:00,2022-03-16 06:00:00,75.76,44.4264,26.1406,66.53,44.4264,26.1406,44.06,44.4264,26.1406
2022-03-16 06:00:00,2022-03-16 07:00:00,78.51,44.4264,26.1406,69.49,44.4264,26.1406,44.59,44.4264,26.1406
2022-03-16 07:00:00,2022-03-16 08:00:00,94.48,44.4264,26.1406,79.27,44.4264,26.1406,53.15,44.4264,26.1406
2022-03-16 08:00:00,2022-03-16 09:00:00,124.28,44.4264,26.1406,93.58,44.4264,26.1406,68.25,44.4264,26.1406
2022-03-16 09:00:00,2022-03-16 10:00:00,104.14,44.4264,26.1406,73.45,44.4264,26.1406,76.94,44.4264,26.1406
2022-03-16 10:00:00,2022-03-16 11:00:00,80.36,44.4264,26.1406,49.5,44.4264,26.1406,70.56,44.4264,26.1406
2022-03-16 11:00:00,2022-03-16 12:00:00,87.81,44.4264,26.1406,56.1,44.4264,26.1406,68.57,44.4264,26.1406
2022-03-16 12:00:00,2022-03-16 13:00:00,87.48,44.4264,26.1406,55.28,44.4264,26.1406,62.07,44.4264,26.1406
2022-03-16 13:00:00,2022-03-16 14:00:00,82.21,44.4264,26.1406,55.25,44.4264,26.1406,63.39,44.4264,26.1406
2022-03-16 14:00:00,2022-03-16 15:00:00,92.43,44.4264,26.1406,62.59,44.4264,26.1406,68.07,44.4264,26.1406
2022-03-16 15:00:00,2022-03-16 16:00:00,89.41,44.4264,26.1406,60.73,44.4264,26.1406,47.89,44.4264,26.1406
2022-03-16 16:00:00,2022-03-16 17:00:00,71.7,44.4264,26.1406,51.47,44.4264,26.1406,25.67,44.4264,26.1406
2022-03-16 17:00:00,2022-03-16 18:00:00,69.13,44.4264,26.1406,55.36,44.4264,26.1406,30.73,44.4264,26.1406
2022-03-16 18:00:00,2022-03-16 19:00:00,78.5,44.4264,26.1406,65.05,44.4264,26.1406,32.05,44.4264,26.1406
2022-03-16 19:00:00,2022-03-16 20:00:00,73.13,44.4264,26.1406,59.09,44.4264,26.1406,28.26,44.4264,26.1406
2022-03-16 20:00:00,2022-03-16 21:00:00,52.88,44.4264,26.1406,39.91,44.4264,26.1406,19.14,44.4264,26.1406
2022-03-16 21:00:00,2022-03-16 22:00:00,36.39,44.4264,26.1406,23.11,44.4264,26.1406,14.92,44.4264,26.1406
2022-03-16 22:00:00,2022-03-16 23:00:00,26.11,44.4264,26.1406,11.43,44.4264,26.1406,,44.4264,26.1406
2022-03-16 23:00:00,2022-03-17 00:00:00,25.09,44.4264,26.1406,11.35,44.4264,26.1406,9.74,44.4264,26.1406
2022-03-17 00:00:00,2022-03-17 01:00:00,18.94,44.4264,26.1406,8.39,44.4264,26.1406,9.04,44.4264,26.1406
2022-03-17 01:00:00,2022-03-17 02:00:00,13.42,44.4264,26.1406,6.1,44.4264,26.1406,9.08,44.4264,26.1406
2022-03-17 02:00:00,2022-03-17 03:00:00,13.66,44.4264,26.1406,7.53,44.4264,26.1406,8.63,44.4264,26.1406
2022-03-17 03:00:00,2022-03-17 04:00:00,13.88,44.4264,26.1406,8.03,44.4264,26.1406,10.59,44.4264,26.1406
2022-03-17 04:00:00,2022-03-17 05:00:00,11.05,44.4264,26.1406,6.12,44.4264,26.1406,10.63,44.4264,26.1406
2022-03-17 05:00:00,2022-03-17 06:00:00,18.97,44.4264,26.1406,10.77,44.4264,26.1406,16.19,44.4264,26.1406
2022-03-17 06:00:00,2022-03-17 07:00:00,17.73,44.4264,26.1406,9.73,44.4264,26.1406,19.36,44.4264,26.1406
2022-03-17 07:00:00,2022-03-17 08:00:00,19.94,44.4264,26.1406,10.66,44.4264,26.1406,17.05,44.4264,26.1406
2022-03-17 08:00:00,2022-03-17 09:00:00,22.4,44.4264,26.1406,11.13,44.4264,26.1406,13.49,44.4264,26.1406
2022-03-17 09:00:00,2022-03-17 10:00:00,22.29,44.4264,26.1406,7.3,44.4264,26.1406,12.68,44.4264,26.1406
2022-03-17 10:00:00,2022-03-17 11:00:00,29.45,44.4264,26.1406,10.06,44.4264,26.1406,11.46,44.4264,26.1406
2022-03-17 11:00:00,2022-03-17 12:00:00,21.2,44.4264,26.1406,9.85,44.4264,26.1406,12.99,44.4264,26.1406
2022-03-17 12:00:00,2022-03-17 13:00:00,13.26,44.4264,26.1406,5.5,44.4264,26.1406,12.2,44.4264,26.1406
2022-03-17 13:00:00,2022-03-17 14:00:00,20.16,44.4264,26.1406,11.58,44.4264,26.1406,12.0,44.4264,26.1406
2022-03-17 14:00:00,2022-03-17 15:00:00,21.98,44.4264,26.1406,11.89,44.4264,26.1406,14.08,44.4264,26.1406
2022-03-17 15:00:00,2022-03-17 16:00:00,16.85,44.4264,26.1406,10.12,44.4264,26.1406,15.84,44.4264,26.1406
2022-03-17 16:00:00,2022-03-17 17:00:00,16.02,44.4264,26.1406,8.59,44.4264,26.1406,20.24,44.4264,26.1406
2022-03-17 17:00:00,2022-03-17 18:00:00,18.09,44.4264,26.1406,10.97,44.4264,26.1406,27.46,44.4264,26.1406
2022-03-17 18:00:00,2022-03-17 19:00:00,20.56,44.4264,26.1406,13.23,44.4264,26.1406,31.83,44.4264,26.1406
2022-03-17 19:00:00,2022-03-17 20:00:00,22.65,44.4264,26.1406,12.97,44.4264,26.1406,30.24,44.4264,26.1406
2022-03-17 20:00:00,2022-03-17 21:00:00,22.34,44.4264,26.1406,12.05,44.4264,26.1406,37.21,44.4264,26.1406
2022-03-17 21:00:00,2022-03-17 22:00:00,25.06,44.4264,26.1406,14.85,44.4264,26.1406,30.44,44.4264,26.1406
2022-03-17 22:00:00,2022-03-17 23:00:00,23.02,44.4264,26.1406,14.93,44.4264,26.1406,25.89,44.4264,26.1406
2022-03-17 23:00:00,2022-03-18 00:00:00,21.13,44.4264,26.1406,15.02,44.4264,26.1406,,44.4264,26.1406
2022-03-18 00:00:00,2022-03-18 01:00:00,19.55,44.4264,26.1406,15.25,44.4264,26.1406,16.13,44.4264,26.1406
2022-03-18 01:00:00,2022-03-18 02:00:00,22.27,44.4264,26.1406,18.09,44.4264,26.1406,13.58,44.4264,26.1406
2022-03-18 02:00:00,2022-03-18 03:00:00,21.07,44.4264,26.1406,16.73,44.4264,26.1406,12.54,44.4264,26.1406
2022-03-18 03:00:00,2022-03-18 04:00:00,18.94,44.4264,26.1406,15.37,44.4264,26.1406,14.96,44.4264,26.1406
2022-03-18 04:00:00,2022-03-18 05:00:00,20.17,44.4264,26.1406,16.26,44.4264,26.1406,21.45,44.4264,26.1406
2022-03-18 05:00:00,2022-03-18 06:00:00,18.54,44.4264,26.1406,14.23,44.4264,26.1406,27.9,44.4264,26.1406
2022-03-18 06:00:00,2022-03-18 07:00:00,25.83,44.4264,26.1406,19.78,44.4264,26.1406,28.85,44.4264,26.1406
2022-03-18 07:00:00,2022-03-18 08:00:00,25.75,44.4264,26.1406,18.71,44.4264,26.1406,18.54,44.4264,26.1406
2022-03-18 08:00:00,2022-03-18 09:00:00,24.41,44.4264,26.1406,16.81,44.4264,26.1406,10.16,44.4264,26.1406
2022-03-18 09:00:00,2022-03-18 10:00:00,21.33,44.4264,26.1406,15.75,44.4264,26.1406,9.45,44.4264,26.1406
2022-03-18 10:00:00,2022-03-18 11:00:00,18.64,44.4264,26.1406,11.87,44.4264,26.1406,9.71,44.4264,26.1406
2022-03-18 11:00:00,2022-03-18 12:00:00,18.34,44.4264,26.1406,12.42,44.4264,26.1406,7.31,44.4264,26.1406
2022-03-18 12:00:00,2022-03-18 13:00:00,13.75,44.4264,26.1406,8.25,44.4264,26.1406,9.34,44.4264,26.1406
2022-03-18 13:00:00,2022-03-18 14:00:00,16.89,44.4264,26.1406,10.59,44.4264,26.1406,8.24,44.4264,26.1406
2022-03-18 14:00:00,2022-03-18 15:00:00,12.31,44.4264,26.1406,8.87,44.4264,26.1406,7.49,44.4264,26.1406
2022-03-18 15:00:00,2022-03-18 16:00:00,18.52,44.4264,26.1406,13.04,44.4264,26.1406,18.52,44.4264,26.1406
2022-03-18 16:00:00,2022-03-18 17:00:00,26.35,44.4264,26.1406,16.7,44.4264,26.1406,16.68,44.4264,26.1406
2022-03-18 17:00:00,2022-03-18 18:00:00,21.23,44.4264,26.1406,11.14,44.4264,26.1406,18.3,44.4264,26.1406
2022-03-18 18:00:00,2022-03-18 19:00:00,27.0,44.4264,26.1406,14.92,44.4264,26.1406,22.79,44.4264,26.1406
2022-03-18 19:00:00,2022-03-18 20:00:00,30.48,44.4264,26.1406,17.55,44.4264,26.1406,31.37,44.4264,26.1406
2022-03-18 20:00:00,2022-03-18 21:00:00,26.91,44.4264,26.1406,15.7,44.4264,26.1406,29.28,44.4264,26.1406
2022-03-18 21:00:00,2022-03-18 22:00:00,26.11,44.4264,26.1406,16.81,44.4264,26.1406,24.76,44.4264,26.1406
2022-03-18 22:00:00,2022-03-18 23:00:00,29.27,44.4264,26.1406,19.26,44.4264,26.1406,22.57,44.4264,26.1406
2022-03-18 23:00:00,2022-03-19 00:00:00,23.09,44.4264,26.1406,17.04,44.4264,26.1406,32.99,44.4264,26.1406
2022-03-19 00:00:00,2022-03-19 01:00:00,22.6,44.4264,26.1406,16.68,44.4264,26.1406,,44.4264,26.1406
2022-03-19 01:00:00,2022-03-19 02:00:00,32.54,44.4264,26.1406,25.85,44.4264,26.1406,50.48,44.4264,26.1406
2022-03-19 02:00:00,2022-03-19 03:00:00,35.29,44.4264,26.1406,27.94,44.4264,26.1406,53.2,44.4264,26.1406
2022-03-19 03:00:00,2022-03-19 04:00:00,38.75,44.4264,26.1406,30.4,44.4264,26.1406,49.17,44.4264,26.1406
2022-03-19 04:00:00,2022-03-19 05:00:00,33.75,44.4264,26.1406,27.1,44.4264,26.1406,48.68,44.4264,26.1406
2022-03-19 05:00:00,2022-03-19 06:00:00,28.36,44.4264,26.1406,22.97,44.4264,26.1406,49.91,44.4264,26.1406
2022-03-19 06:00:00,2022-03-19 07:00:00,30.88,44.4264,26.1406,23.06,44.4264,26.1406,38.85,44.4264,26.1406
2022-03-19 07:00:00,2022-03-19 08:00:00,32.75,44.4264,26.1406,23.78,44.4264,26.1406,17.08,44.4264,26.1406
2022-03-19 08:00:00,2022-03-19 09:00:00,25.73,44.4264,26.1406,19.59,44.4264,26.1406,11.85,44.4264,26.1406
2022-03-19 09:00:00,2022-03-19 10:00:00,20.43,44.4264,26.1406,15.1,44.4264,26.1406,8.96,44.4264,26.1406
2022-03-19 10:00:00,2022-03-19 11:00:00,20.12,44.4264,26.1406,11.39,44.4264,26.1406,8.88,44.4264,26.1406
2022-03-19 11:00:00,2022-03-19 12:00:00,19.21,44.4264,26.1406,10.8,44.4264,26.1406,8.46,44.4264,26.1406
2022-03-19 12:00:00,2022-03-19 13:00:00,18.65,44.4264,26.1406,10.26,44.4264,26.1406,8.82,44.4264,26.1406
2022-03-19 13:00:00,2022-03-19 14:00:00,16.18,44.4264,26.1406,7.4,44.4264,26.1406,10.08,44.4264,26.1406
2022-03-19 14:00:00,2022-03-19 15:00:00,14.08,44.4264,26.1406,7.64,44.4264,26.1406,8.69,44.4264,26.1406
2022-03-19 15:00:00,2022-03-19 16:00:00,13.2,44.4264,26.1406,6.43,44.4264,26.1406,9.5,44.4264,26.1406
2022-03-19 16:00:00,2022-03-19 17:00:00,16.99,44.4264,26.1406,10.43,44.4264,26.1406,10.69,44.4264,26.1406
2022-03-19 17:00:00,2022-03-19 18:00:00,15.17,44.4264,26.1406,8.53,44.4264,26.1406,15.55,44.4264,26.1406
2022-03-19 18:00:00,2022-03-19 19:00:00,18.48,44.4264,26.1406,12.12,44.4264,26.1406,25.15,44.4264,26.1406
2022-03-19 19:00:00,2022-03-19 20:00:00,21.85,44.4264,26.1406,15.04,44.4264,26.1406,32.9,44.4264,26.1406
2022-03-19 20:00:00,2022-03-19 21:00:00,21.56,44.4264,26.1406,15.65,44.4264,26.1406,30.99,44.4264,26.1406
2022-03-19 21:00:00,2022-03-19 22:00:00,23.61,44.4264,26.1406,17.53,44.4264,26.1406,21.99,44.4264,26.1406
2022-03-19 22:00:00,2022-03-19 23:00:00,26.8,44.4264,26.1406,22.58,44.4264,26.1406,25.79,44.4264,26.1406
2022-03-19 23:00:00,2022-03-20 00:00:00,39.06,44.4264,26.1406,34.65,44.4264,26.1406,23.9,44.4264,26.1406
2022-03-20 00:00:00,2022-03-20 01:00:00,38.37,44.4264,26.1406,33.25,44.4264,26.1406,18.31,44.4264,26.1406
2022-03-20 01:00:00,2022-03-20 02:00:00,28.52,44.4264,26.1406,24.93,44.4264,26.1406,,44.4264,26.1406
2022-03-20 02:00:00,2022-03-20 03:00:00,21.51,44.4264,26.1406,18.12,44.4264,26.1406,13.83,44.4264,26.1406
2022-03-20 03:00:00,2022-03-20 04:00:00,25.33,44.4264,26.1406,22.61,44.4264,26.1406,13.93,44.4264,26.1406
2022-03-20 04:00:00,2022-03-20 05:00:00,25.93,44.4264,26.1406,22.2,44.4264,26.1406,16.49,44.4264,26.1406
2022-03-20 05:00:00,2022-03-20 06:00:00,24.06,44.4264,26.1406,20.75,44.4264,26.1406,19.47,44.4264,26.1406
2022-03-20 06:00:00,2022-03-20 07:00:00,27.4,44.4264,26.1406,23.96,44.4264,26.1406,20.99,44.4264,26.1406
2022-03-20 07:00:00,2022-03-20 08:00:00,31.29,44.4264,26.1406,26.43,44.4264,26.1406,20.56,44.4264,26.1406
2022-03-20 08:00:00,2022-03-20 09:00:00,27.66,44.4264,26.1406,22.94,44.4264,26.1406,10.63,44.4264,26.1406
2022-03-20 09:00:00,2022-03-20 10:00:00,23.19,44.4264,26.1406,17.98,44.4264,26.1406,9.81,44.4264,26.1406
2022-03-20 10:00:00,2022-03-20 11:00:00,23.6,44.4264,26.1406,16.26,44.4264,26.1406,9.66,44.4264,26.1406
2022-03-20 11:00:00,2022-03-20 12:00:00,28.7,44.4264,26.1406,20.51,44.4264,26.1406,11.07,44.4264,26.1406
2022-03-20 12:00:00,2022-03-20 13:00:00,34.26,44.4264,26.1406,26.29,44.4264,26.1406,10.45,44.4264,26.1406
2022-03-20 13:00:00,2022-03-20 14:00:00,39.1,44.4264,26.1406,28.1,44.4264,26.1406,11.72,44.4264,26.1406
2022-03-20 14:00:00,2022-03-20 15:00:00,32.04,44.4264,26.1406,23.69,44.4264,26.1406,12.02,44.4264,26.1406
2022-03-20 15:00:00,2022-03-20 16:00:00,31.57,44.4264,26.1406,23.33,44.4264,26.1406,12.61,44.4264,26.1406
2022-03-20 16:00:00,2022-03-20 17:00:00,29.8,44.4264,26.1406,22.13,44.4264,26.1406,16.59,44.4264,26.1406
2022-03-20 17:00:00,2022-03-20 18:00:00,30.38,44.4264,26.1406,22.79,44.4264,26.1406,24.9,44.4264,26.1406
2022-03-20 18:00:00,2022-03-20 19:00:00,24.95,44.4264,26.1406,17.78,44.4264,26.1406,28.48,44.4264,26.1406
2022-03-20 19:00:00,2022-03-20 20:00:00,26.84,44.4264,26.1406,20.55,44.4264,26.1406,41.72,44.4264,26.1406
2022-03-20 20:00:00,2022-03-20 21:00:00,42.13,44.4264,26.1406,34.06,44.4264,26.1406,34.67,44.4264,26.1406
2022-03-20 21:00:00,2022-03-20 22:00:00,44.02,44.4264,26.1406,35.32,44.4264,26.1406,25.84,44.4264,26.1406
2022-03-20 22:00:00,2022-03-20 23:00:00,42.84,44.4264,26.1406,36.87,44.4264,26.1406,18.65,44.4264,26.1406
2022-03-20 23:00:00,2022-03-21 00:00:00,35.95,44.4264,26.1406,31.75,44.4264,26.1406,22.36,44.4264,26.1406
2022-03-21 00:00:00,2022-03-21 01:00:00,29.57,44.4264,26.1406,25.38,44.4264,26.1406,22.41,44.4264,26.1406
2022-03-21 01:00:00,2022-03-21 02:00:00,31.11,44.4264,26.1406,26.76,44.4264,26.1406,25.25,44.4264,26.1406
2022-03-21 02:00:00,2022-03-21 03:00:00,33.23,44.4264,26.1406,27.68,44.4264,26.1406,,44.4264,26.1406
2022-03-21 03:00:00,2022-03-21 04:00:00,37.29,44.4264,26.1406,32.25,44.4264,26.1406,39.07,44.4264,26.1406
2022-03-21 04:00:00,2022-03-21 05:00:00,37.46,44.4264,26.1406,31.62,44.4264,26.1406,45.27,44.4264,26.1406
2022-03-21 05:00:00,2022-03-21 06:00:00,39.16,44.4264,26.1406,32.26,44.4264,26.1406,44.93,44.4264,26.1406
2022-03-21 06:00:00,2022-03-21 07:00:00,47.23,44.4264,26.1406,38.52,44.4264,26.1406,60.07,44.4264,26.1406
2022-03-21 07:00:00,2022-03-21 08:00:00,64.09,44.4264,26.1406,48.11,44.4264,26.1406,52.24,44.4264,26.1406
2022-03-21 08:00:00,2022-03-21 09:00:00,47.34,44.4264,26.1406,33.08,44.4264,26.1406,21.05,44.4264,26.1406
2022-03-21 09:00:00,2022-03-21 10:00:00,31.87,44.4264,26.1406,23.21,44.4264,26.1406,13.74,44.4264,26.1406
2022-03-21 10:00:00,2022-03-21 11:00:00,27.74,44.4264,26.1406,19.7,44.4264,26.1406,13.06,44.4264,26.1406
2022-03-21 11:00:00,2022-03-21 12:00:00,24.82,44.4264,26.1406,16.12,44.4264,26.1406,12.65,44.4264,26.1406
2022-03-21 12:00:00,2022-03-21 13:00:00,24.34,44.4264,26.1406,14.62,44.4264,26.1406,10.88,44.4264,26.1406
2022-03-21 13:00:00,2022-03-21 14:00:00,20.36,44.4264,26.1406,12.79,44.4264,26.1406,11.78,44.4264,26.1406
2022-03-21 14:00:00,2022-03-21 15:00:00,24.62,44.4264,26.1406,15.93,44.4264,26.1406,13.56,44.4264,26.1406
2022-03-21 15:00:00,2022-03-21 16:00:00,21.22,44.4264,26.1406,12.57,44.4264,26.1406,15.88,44.4264,26.1406
2022-03-21 16:00:00,2022-03-21 17:00:00,24.56,44.4264,26.1406,14.49,44.4264,26.1406,20.72,44.4264,26.1406
2022-03-21 17:00:00,2022-03-21 18:00:00,27.12,44.4264,26.1406,16.78,44.4264,26.1406,25.18,44.4264,26.1406
2022-03-21 18:00:00,2022-03-21 19:00:00,29.95,44.4264,26.1406,20.77,44.4264,26.1406,29.41,44.4264,26.1406
2022-03-21 19:00:00,2022-03-21 20:00:00,29.32,44.4264,26.1406,20.06,44.4264,26.1406,30.45,44.4264,26.1406
2022-03-21 20:00:00,2022-03-21 21:00:00,37.17,44.4264,26.1406,26.53,44.4264,26.1406,30.63,44.4264,26.1406
2022-03-21 21:00:00,2022-03-21 22:00:00,45.5,44.4264,26.1406,32.16,44.4264,26.1406,36.92,44.4264,26.1406
2022-03-21 22:00:00,2022-03-21 23:00:00,46.87,44.4264,26.1406,32.83,44.4264,26.1406,28.1,44.4264,26.1406
2022-03-21 23:00:00,2022-03-22 00:00:00,45.1,44.4264,26.1406,33.73,44.4264,26.1406,20.98,44.4264,26.1406
2022-03-22 00:00:00,2022-03-22 01:00:00,34.05,44.4264,26.1406,25.34,44.4264,26.1406,16.38,44.4264,26.1406
2022-03-22 01:00:00,2022-03-22 02:00:00,23.22,44.4264,26.1406,16.85,44.4264,26.1406,14.28,44.4264,26.1406
2022-03-22 02:00:00,2022-03-22 03:00:00,22.03,44.4264,26.1406,16.15,44.4264,26.1406,17.18,44.4264,26.1406
2022-03-22 03:00:00,2022-03-22 04:00:00,20.89,44.4264,26.1406,14.96,44.4264,26.1406,,44.4264,26.1406
2022-03-22 04:00:00,2022-03-22 05:00:00,22.25,44.4264,26.1406,16.27,44.4264,26.1406,20.25,44.4264,26.1406
2022-03-22 05:00:00,2022-03-22 06:00:00,26.16,44.4264,26.1406,19.41,44.4264,26.1406,35.01,44.4264,26.1406
2022-03-22 06:00:00,2022-03-22 07:00:00,37.99,44.4264,26.1406,26.59,44.4264,26.1406,42.03,44.4264,26.1406
2022-03-22 07:00:00,2022-03-22 08:00:00,38.6,44.4264,26.1406,24.94,44.4264,26.1406,19.42,44.4264,26.1406
2022-03-22 08:00:00,2022-03-22 09:00:00,27.12,44.4264,26.1406,16.06,44.4264,26.1406,11.79,44.4264,26.1406
2022-03-22 09:00:00,2022-03-22 10:00:00,44.93,44.4264,26.1406,15.09,44.4264,26.1406,9.56,44.4264,26.1406
2022-03-22 10:00:00,2022-03-22 11:00:00,37.68,44.4264,26.1406,14.3,44.4264,26.1406,9.12,44.4264,26.1406
2022-03-22 11:00:00,2022-03-22 12:00:00,47.26,44.4264,26.1406,10.24,44.4264,26.1406,10.52,44.4264,26.1406
2022-03-22 12:00:00,2022-03-22 13:00:00,241.26,44.4264,26.1406,15.14,44.4264,26.1406,10.43,44.4264,26.1406
2022-03-22 13:00:00,2022-03-22 14:00:00,338.61,44.4264,26.1406,23.84,44.4264,26.1406,11.06,44.4264,26.1406
2022-03-22 14:00:00,2022-03-22 15:00:00,306.68,44.4264,26.1406,26.34,44.4264,26.1406,12.06,44.4264,26.1406
2022-03-22 15:00:00,2022-03-22 16:00:00,178.3,44.4264,26.1406,19.23,44.4264,26.1406,12.83,44.4264,26.1406
2022-03-22 16:00:00,2022-03-22 17:00:00,101.62,44.4264,26.1406,13.14,44.4264,26.1406,16.17,44.4264,26.1406
2022-03-22 17:00:00,2022-03-22 18:00:00,89.19,44.4264,26.1406,14.28,44.4264,26.1406,18.28,44.4264,26.1406
2022-03-22 18:00:00,2022-03-22 19:00:00,92.07,44.4264,26.1406,14.09,44.4264,26.1406,21.57,44.4264,26.1406
2022-03-22 19:00:00,2022-03-22 20:00:00,45.4,44.4264,26.1406,16.18,44.4264,26.1406,26.36,44.4264,26.1406
2022-03-22 20:00:00,2022-03-22 21:00:00,38.58,44.4264,26.1406,22.55,44.4264,26.1406,24.11,44.4264,26.1406
2022-03-22 21:00:00,2022-03-22 22:00:00,32.12,44.4264,26.1406,16.86,44.4264,26.1406,28.37,44.4264,26.1406
2022-03-22 22:00:00,2022-03-22 23:00:00,30.71,44.4264,26.1406,15.78,44.4264,26.1406,25.8,44.4264,26.1406
2022-03-22 23:00:00,2022-03-23 00:00:00,31.36,44.4264,26.1406,14.83,44.4264,26.1406,29.86,44.4264,26.1406
2022-03-23 00:00:00,2022-03-23 01:00:00,40.7,44.4264,26.1406,24.46,44.4264,26.1406,24.38,44.4264,26.1406
2022-03-23 01:00:00,2022-03-23 02:00:00,37.24,44.4264,26.1406,21.85,44.4264,26.1406,25.95,44.4264,26.1406
2022-03-23 02:00:00,2022-03-23 03:00:00,35.34,44.4264,26.1406,20.36,44.4264,26.1406,23.79,44.4264,26.1406
2022-03-23 03:00:00,2022-03-23 04:00:00,31.04,44.4264,26.1406,18.9,44.4264,26.1406,23.36,44.4264,26.1406
2022-03-23 04:00:00,2022-03-23 05:00:00,32.29,44.4264,26.1406,21.41,44.4264,26.1406,,44.4264,26.1406
2022-03-23 05:00:00,2022-03-23 06:00:00,35.35,44.4264,26.1406,23.13,44.4264,26.1406,47.74,44.4264,26.1406
2022-03-23 06:00:00,2022-03-23 07:00:00,44.01,44.4264,26.1406,25.48,44.4264,26.1406,50.25,44.4264,26.1406
2022-03-23 07:00:00,2022-03-23 08:00:00,52.29,44.4264,26.1406,30.75,44.4264,26.1406,37.85,44.4264,26.1406
2022-03-23 08:00:00,2022-03-23 09:00:00,31.12,44.4264,26.1406,14.36,44.4264,26.1406,16.62,44.4264,26.1406
2022-03-23 09:00:00,2022-03-23 10:00:00,18.44,44.4264,26.1406,6.4,44.4264,26.1406,12.49,44.4264,26.1406
2022-03-23 10:00:00,2022-03-23 11:00:00,22.49,44.4264,26.1406,10.66,44.4264,26.1406,10.93,44.4264,26.1406
2022-03-23 11:00:00,2022-03-23 12:00:00,22.57,44.4264,26.1406,11.33,44.4264,26.1406,9.72,44.4264,26.1406
2022-03-23 12:00:00,2022-03-23 13:00:00,22.56,44.4264,26.1406,12.32,44.4264,26.1406,10.43,44.4264,26.1406
2022-03-23 13:00:00,2022-03-23 14:00:00,22.91,44.4264,26.1406,11.21,44.4264,26.1406,10.19,44.4264,26.1406
2022-03-23 14:00:00,2022-03-23 15:00:00,27.25,44.4264,26.1406,13.74,44.4264,26.1406,12.25,44.4264,26.1406
2022-03-23 15:00:00,2022-03-23 16:00:00,28.59,44.4264,26.1406,15.56,44.4264,26.1406,17.18,44.4264,26.1406
2022-03-23 16:00:00,2022-03-23 17:00:00,28.57,44.4264,26.1406,16.81,44.4264,26.1406,22.52,44.4264,26.1406
2022-03-23 17:00:00,2022-03-23 18:00:00,23.99,44.4264,26.1406,13.64,44.4264,26.1406,39.58,44.4264,26.1406
2022-03-23 18:00:00,2022-03-23 19:00:00,31.79,44.4264,26.1406,15.87,44.4264,26.1406,79.34,44.4264,26.1406
2022-03-23 19:00:00,2022-03-23 20:00:00,43.8,44.4264,26.1406,19.77,44.4264,26.1406,87.18,44.4264,26.1406
2022-03-23 20:00:00,2022-03-23 21:00:00,53.63,44.4264,26.1406,24.76,44.4264,26.1406,74.01,44.4264,26.1406
2022-03-23 21:00:00,2022-03-23 22:00:00,85.66,44.4264,26.1406,49.56,44.4264,26.1406,67.21,44.4264,26.1406
2022-03-23 22:00:00,2022-03-23 23:00:00,105.05,44.4264,26.1406,59.36,44.4264,26.1406,76.6,44.4264,26.1406
2022-03-23 23:00:00,2022-03-24 00:00:00,91.23,44.4264,26.1406,54.18,44.4264,26.1406,68.94,44.4264,26.1406
2022-03-24 00:00:00,2022-03-24 01:00:00,81.8,44.4264,26.1406,52.88,44.4264,26.1406,67.47,44.4264,26.1406
2022-03-24 01:00:00,2022-03-24 02:00:00,78.78,44.4264,26.1406,55.73,44.4264,26.1406,42.18,44.4264,26.1406
2022-03-24 02:00:00,2022-03-24 03:00:00,59.31,44.4264,26.1406,42.7,44.4264,26.1406,32.3,44.4264,26.1406
2022-03-24 03:00:00,2022-03-24 04:00:00,52.74,44.4264,26.1406,37.27,44.4264,26.1406,26.27,44.4264,26.1406
2022-03-24 04:00:00,2022-03-24 05:00:00,46.2,44.4264,26.1406,30.92,44.4264,26.1406,16.04,44.4264,26.1406
2022-03-24 05:00:00,2022-03-24 06:00:00,41.85,44.4264,26.1406,27.83,44.4264,26.1406,,44.4264,26.1406
2022-03-24 06:00:00,2022-03-24 07:00:00,45.79,44.4264,26.1406,31.5,44.4264,26.1406,25.76,44.4264,26.1406
2022-03-24 07:00:00,2022-03-24 08:00:00,52.1,44.4264,26.1406,31.32,44.4264,26.1406,32.55,44.4264,26.1406
2022-03-24 08:00:00,2022-03-24 09:00:00,61.22,44.4264,26.1406,35.53,44.4264,26.1406,32.55,44.4264,26.1406
2022-03-24 09:00:00,2022-03-24 10:00:00,47.32,44.4264,26.1406,29.59,44.4264,26.1406,22.11,44.4264,26.1406
2022-03-24 10:00:00,2022-03-24 11:00:00,33.39,44.4264,26.1406,20.67,44.4264,26.1406,11.62,44.4264,26.1406
2022-03-24 11:00:00,2022-03-24 12:00:00,23.49,44.4264,26.1406,14.95,44.4264,26.1406,6.94,44.4264,26.1406
2022-03-24 12:00:00,2022-03-24 13:00:00,20.8,44.4264,26.1406,13.42,44.4264,26.1406,6.84,44.4264,26.1406
2022-03-24 13:00:00,2022-03-24 14:00:00,19.32,44.4264,26.1406,11.58,44.4264,26.1406,8.35,44.4264,26.1406
2022-03-24 14:00:00,2022-03-24 15:00:00,23.79,44.4264,26.1406,12.83,44.4264,26.1406,10.49,44.4264,26.1406
2022-03-24 15:00:00,2022-03-24 16:00:00,23.94,44.4264,26.1406,12.51,44.4264,26.1406,12.81,44.4264,26.1406
2022-03-24 16:00:00,2022-03-24 17:00:00,28.19,44.4264,26.1406,16.47,44.4264,26.1406,13.52,44.4264,26.1406
2022-03-24 17:00:00,2022-03-24 18:00:00,29.3,44.4264,26.1406,16.99,44.4264,26.1406,20.98,44.4264,26.1406
2022-03-24 18:00:00,2022-03-24 19:00:00,37.35,44.4264,26.1406,20.37,44.4264,26.1406,59.64,44.4264,26.1406
2022-03-24 19:00:00,2022-03-24 20:00:00,56.93,44.4264,26.1406,28.85,44.4264,26.1406,62.41,44.4264,26.1406
2022-03-24 20:00:00,2022-03-24 21:00:00,54.26,44.4264,26.1406,26.04,44.4264,26.1406,16.04,44.4264,26.1406
2022-03-24 21:00:00,2022-03-24 22:00:00,53.5,44.4264,26.1406,26.5,44.4264,26.1406,13.77,44.4264,26.1406
2022-03-24 22:00:00,2022-03-24 23:00:00,39.87,44.4264,26.1406,17.32,44.4264,26.1406,11.48,44.4264,26.1406
2022-03-24 23:00:00,2022-03-25 00:00:00,36.07,44.4264,26.1406,13.81,44.4264,26.1406,9.19,44.4264,26.1406
2022-03-25 00:00:00,2022-03-25 01:00:00,36.57,44.4264,26.1406,14.3,44.4264,26.1406,8.1,44.4264,26.1406
2022-03-25 01:00:00,2022-03-25 02:00:00,28.99,44.4264,26.1406,14.88,44.4264,26.1406,7.76,44.4264,26.1406
2022-03-25 02:00:00,2022-03-25 03:00:00,24.59,44.4264,26.1406,12.65,44.4264,26.1406,8.58,44.4264,26.1406
2022-03-25 03:00:00,2022-03-25 04:00:00,23.09,44.4264,26.1406,12.11,44.4264,26.1406,9.73,44.4264,26.1406
2022-03-25 04:00:00,2022-03-25 05:00:00,21.24,44.4264,26.1406,11.11,44.4264,26.1406,15.54,44.4264,26.1406
2022-03-25 05:00:00,2022-03-25 06:00:00,24.48,44.4264,26.1406,11.98,44.4264,26.1406,37.17,44.4264,26.1406
2022-03-25 06:00:00,2022-03-25 07:00:00,33.16,44.4264,26.1406,17.02,44.4264,26.1406,,44.4264,26.1406
2022-03-25 07:00:00,2022-03-25 08:00:00,40.88,44.4264,26.1406,17.54,44.4264,26.1406,21.52,44.4264,26.1406
2022-03-25 08:00:00,2022-03-25 09:00:00,33.18,44.4264,26.1406,14.45,44.4264,26.1406,15.29,44.4264,26.1406
2022-03-25 09:00:00,2022-03-25 10:00:00,33.99,44.4264,26.1406,17.39,44.4264,26.1406,22.34,44.4264,26.1406
2022-03-25 10:00:00,2022-03-25 11:00:00,34.16,44.4264,26.1406,17.54,44.4264,26.1406,12.9,44.4264,26.1406
2022-03-25 11:00:00,2022-03-25 12:00:00,28.01,44.4264,26.1406,15.03,44.4264,26.1406,8.38,44.4264,26.1406
2022-03-25 12:00:00,2022-03-25 13:00:00,31.69,44.4264,26.1406,15.08,44.4264,26.1406,8.97,44.4264,26.1406
2022-03-25 13:00:00,2022-03-25 14:00:00,34.98,44.4264,26.1406,19.33,44.4264,26.1406,10.41,44.4264,26.1406
2022-03-25 14:00:00,2022-03-25 15:00:00,53.72,44.4264,26.1406,16.28,44.4264,26.1406,15.42,44.4264,26.1406
2022-03-25 15:00:00,2022-03-25 16:00:00,61.87,44.4264,26.1406,13.69,44.4264,26.1406,18.35,44.4264,26.1406
2022-03-25 16:00:00,2022-03-25 17:00:00,26.91,44.4264,26.1406,9.88,44.4264,26.1406,22.99,44.4264,26.1406
2022-03-25 17:00:00,2022-03-25 18:00:00,27.21,44.4264,26.1406,12.44,44.4264,26.1406,31.39,44.4264,26.1406
2022-03-25 18:00:00,2022-03-25 19:00:00,31.32,44.4264,26.1406,14.87,44.4264,26.1406,35.13,44.4264,26.1406
2022-03-25 19:00:00,2022-03-25 20:00:00,33.35,44.4264,26.1406,17.75,44.4264,26.1406,33.49,44.4264,26.1406
2022-03-25 20:00:00,2022-03-25 21:00:00,28.0,44.4264,26.1406,16.38,44.4264,26.1406,21.78,44.4264,26.1406
2022-03-25 21:00:00,2022-03-25 22:00:00,21.79,44.4264,26.1406,15.16,44.4264,26.1406,26.57,44.4264,26.1406
2022-03-25 22:00:00,2022-03-25 23:00:00,19.73,44.4264,26.1406,13.82,44.4264,26.1406,23.06,44.4264,26.1406
2022-03-25 23:00:00,2022-03-26 00:00:00,24.12,44.4264,26.1406,19.41,44.4264,26.1406,19.11,44.4264,26.1406
2022-03-26 00:00:00,2022-03-26 01:00:00,30.93,44.4264,26.1406,24.42,44.4264,26.1406,26.0,44.4264,26.1406
2022-03-26 01:00:00,2022-03-26 02:00:00,37.99,44.4264,26.1406,29.4,44.4264,26.1406,18.57,44.4264,26.1406
2022-03-26 02:00:00,2022-03-26 03:00:00,35.4,44.4264,26.1406,29.47,44.4264,26.1406,14.03,44.4264,26.1406
2022-03-26 03:00:00,2022-03-26 04:00:00,28.58,44.4264,26.1406,22.17,44.4264,26.1406,10.63,44.4264,26.1406
2022-03-26 04:00:00,2022-03-26 05:00:00,28.2,44.4264,26.1406,24.25,44.4264,26.1406,9.87,44.4264,26.1406
2022-03-26 05:00:00,2022-03-26 06:00:00,26.24,44.4264,26.1406,22.69,44.4264,26.1406,11.1,44.4264,26.1406
2022-03-26 06:00:00,2022-03-26 07:00:00,20.84,44.4264,26.1406,14.35,44.4264,26.1406,11.24,44.4264,26.1406
2022-03-26 07:00:00,2022-03-26 08:00:00,24.91,44.4264,26.1406,16.76,44.4264,26.1406,,44.4264,26.1406
2022-03-26 08:00:00,2022-03-26 09:00:00,28.3,44.4264,26.1406,21.87,44.4264,26.1406,10.46,44.4264,26.1406
2022-03-26 09:00:00,2022-03-26 10:00:00,26.45,44.4264,26.1406,18.99,44.4264,26.1406,8.97,44.4264,26.1406
2022-03-26 10:00:00,2022-03-26 11:00:00,24.93,44.4264,26.1406,16.0,44.4264,26.1406,7.49,44.4264,26.1406
2022-03-26 11:00:00,2022-03-26 12:00:00,18.15,44.4264,26.1406,11.29,44.4264,26.1406,7.21,44.4264,26.1406
2022-03-26 12:00:00,2022-03-26 13:00:00,17.92,44.4264,26.1406,10.62,44.4264,26.1406,7.41,44.4264,26.1406
2022-03-26 13:00:00,2022-03-26 14:00:00,23.14,44.4264,26.1406,15.78,44.4264,26.1406,7.0,44.4264,26.1406
2022-03-26 14:00:00,2022-03-26 15:00:00,28.27,44.4264,26.1406,18.6,44.4264,26.1406,7.18,44.4264,26.1406
2022-03-26 15:00:00,2022-03-26 16:00:00,27.31,44.4264,26.1406,17.35,44.4264,26.1406,9.23,44.4264,26.1406
2022-03-26 16:00:00,2022-03-26 17:00:00,25.31,44.4264,26.1406,15.35,44.4264,26.1406,10.1,44.4264,26.1406
2022-03-26 17:00:00,2022-03-26 18:00:00,22.16,44.4264,26.1406,12.93,44.4264,26.1406,18.08,44.4264,26.1406
2022-03-26 18:00:00,2022-03-26 19:00:00,27.07,44.4264,26.1406,16.53,44.4264,26.1406,20.4,44.4264,26.1406
2022-03-26 19:00:00,2022-03-26 20:00:00,34.38,44.4264,26.1406,21.81,44.4264,26.1406,22.19,44.4264,26.1406
2022-03-26 20:00:00,2022-03-26 21:00:00,28.63,44.4264,26.1406,17.58,44.4264,26.1406,14.54,44.4264,26.1406
2022-03-26 21:00:00,2022-03-26 22:00:00,26.84,44.4264,26.1406,15.45,44.4264,26.1406,13.11,44.4264,26.1406
2022-03-26 22:00:00,2022-03-26 23:00:00,28.35,44.4264,26.1406,17.03,44.4264,26.1406,11.74,44.4264,26.1406
2022-03-26 23:00:00,2022-03-27 00:00:00,33.2,44.4264,26.1406,22.39,44.4264,26.1406,14.34,44.4264,26.1406
2022-03-27 00:00:00,2022-03-27 01:00:00,32.45,44.4264,26.1406,22.15,44.4264,26.1406,19.58,44.4264,26.1406
2022-03-27 02:00:00,2022-03-27 03:00:00,32.05,44.4264,26.1406,21.38,44.4264,26.1406,13.25,44.4264,26.1406
2022-03-27 03:00:00,2022-03-27 04:00:00,34.94,44.4264,26.1406,24.4,44.4264,26.1406,13.35,44.4264,26.1406
2022-03-27 04:00:00,2022-03-27 05:00:00,34.66,44.4264,26.1406,25.76,44.4264,26.1406,25.6,44.4264,26.1406
2022-03-27 05:00:00,2022-03-27 06:00:00,37.33,44.4264,26.1406,28.19,44.4264,26.1406,27.41,44.4264,26.1406
2022-03-27 06:00:00,2022-03-27 07:00:00,40.62,44.4264,26.1406,31.74,44.4264,26.1406,18.3,44.4264,26.1406
2022-03-27 07:00:00,2022-03-27 08:00:00,44.67,44.4264,26.1406,35.53,44.4264,26.1406,25.98,44.4264,26.1406
2022-03-27 08:00:00,2022-03-27 09:00:00,43.12,44.4264,26.1406,33.32,44.4264,26.1406,20.3,44.4264,26.1406
2022-03-27 09:00:00,2022-03-27 10:00:00,42.37,44.4264,26.1406,31.23,44.4264,26.1406,,44.4264,26.1406
2022-03-27 10:00:00,2022-03-27 11:00:00,34.89,44.4264,26.1406,23.62,44.4264,26.1406,10.11,44.4264,26.1406
2022-03-27 11:00:00,2022-03-27 12:00:00,38.69,44.4264,26.1406,20.11,44.4264,26.1406,19.61,44.4264,26.1406
2022-03-27 12:00:00,2022-03-27 13:00:00,45.02,44.4264,26.1406,25.36,44.4264,26.1406,17.59,44.4264,26.1406
2022-03-27 13:00:00,2022-03-27 14:00:00,40.34,44.4264,26.1406,24.99,44.4264,26.1406,16.78,44.4264,26.1406
2022-03-27 14:00:00,2022-03-27 15:00:00,39.76,44.4264,26.1406,22.62,44.4264,26.1406,18.71,44.4264,26.1406
2022-03-27 15:00:00,2022-03-27 16:00:00,34.69,44.4264,26.1406,19.27,44.4264,26.1406,24.39,44.4264,26.1406
2022-03-27 16:00:00,2022-03-27 17:00:00,36.06,44.4264,26.1406,21.48,44.4264,26.1406,25.75,44.4264,26.1406
2022-03-27 17:00:00,2022-03-27 18:00:00,36.77,44.4264,26.1406,20.65,44.4264,26.1406,29.13,44.4264,26.1406
2022-03-27 18:00:00,2022-03-27 19:00:00,40.89,44.4264,26.1406,19.48,44.4264,26.1406,35.15,44.4264,26.1406
2022-03-27 19:00:00,2022-03-27 20:00:00,36.06,44.4264,26.1406,12.55,44.4264,26.1406,17.32,44.4264,26.1406
2022-03-27 20:00:00,2022-03-27 21:00:00,39.18,44.4264,26.1406,12.26,44.4264,26.1406,17.34,44.4264,26.1406
2022-03-27 21:00:00,2022-03-27 22:00:00,39.89,44.4264,26.1406,13.27,44.4264,26.1406,21.02,44.4264,26.1406
2022-03-27 22:00:00,2022-03-27 23:00:00,48.5,44.4264,26.1406,8.41,44.4264,26.1406,22.13,44.4264,26.1406
2022-03-28 23:00:00,2022-03-29 00:00:00,61.56,44.4264,26.1406,30.84,44.4264,26.1406,37.18,44.4264,26.1406
2022-03-29 00:00:00,2022-03-29 01:00:00,58.36,44.4264,26.1406,30.31,44.4264,26.1406,36.43,44.4264,26.1406
2022-03-29 01:00:00,2022-03-29 02:00:00,63.36,44.4264,26.1406,36.18,44.4264,26.1406,45.87,44.4264,26.1406
2022-03-29 02:00:00,2022-03-29 03:00:00,57.22,44.4264,26.1406,30.43,44.4264,26.1406,22.26,44.4264,26.1406
2022-03-29 03:00:00,2022-03-29 04:00:00,51.59,44.4264,26.1406,25.51,44.4264,26.1406,26.73,44.4264,26.1406
2022-03-29 04:00:00,2022-03-29 05:00:00,48.62,44.4264,26.1406,24.49,44.4264,26.1406,28.37,44.4264,26.1406
2022-03-29 05:00:00,2022-03-29 06:00:00,50.77,44.4264,26.1406,28.0,44.4264,26.1406,46.06,44.4264,26.1406
2022-03-29 06:00:00,2022-03-29 07:00:00,49.04,44.4264,26.1406,25.52,44.4264,26.1406,59.78,44.4264,26.1406
2022-03-29 07:00:00,2022-03-29 08:00:00,59.94,44.4264,26.1406,32.19,44.4264,26.1406,53.36,44.4264,26.1406
2022-03-29 08:00:00,2022-03-29 09:00:00,71.97,44.4264,26.1406,37.65,44.4264,26.1406,43.96,44.4264,26.1406
2022-03-29 09:00:00,2022-03-29 10:00:00,86.86,44.4264,26.1406,46.11,44.4264,26.1406,27.32,44.4264,26.1406
2022-03-29 10:00:00,2022-03-29 11:00:00,65.72,44.4264,26.1406,30.5,44.4264,26.1406,12.55,44.4264,26.1406
2022-03-29 11:00:00,2022-03-29 12:00:00,60.33,44.4264,26.1406,27.51,44.4264,26.1406,,44.4264,26.1406
2022-03-29 12:00:00,2022-03-29 13:00:00,51.57,44.4264,26.1406,26.05,44.4264,26.1406,9.48,44.4264,26.1406
2022-03-29 13:00:00,2022-03-29 14:00:00,50.95,44.4264,26.1406,25.65,44.4264,26.1406,9.69,44.4264,26.1406
2022-03-29 14:00:00,2022-03-29 15:00:00,44.9,44.4264,26.1406,21.24,44.4264,26.1406,9.79,44.4264,26.1406
2022-03-29 15:00:00,2022-03-29 16:00:00,43.99,44.4264,26.1406,22.75,44.4264,26.1406,10.23,44.4264,26.1406
2022-03-29 16:00:00,2022-03-29 17:00:00,43.0,44.4264,26.1406,23.12,44.4264,26.1406,12.55,44.4264,26.1406
2022-03-29 17:00:00,2022-03-29 18:00:00,42.24,44.4264,26.1406,20.54,44.4264,26.1406,13.7,44.4264,26.1406
2022-03-29 18:00:00,2022-03-29 19:00:00,44.03,44.4264,26.1406,23.12,44.4264,26.1406,23.37,44.4264,26.1406
2022-03-29 19:00:00,2022-03-29 20:00:00,46.55,44.4264,26.1406,26.68,44.4264,26.1406,25.52,44.4264,26.1406
2022-03-29 20:00:00,2022-03-29 21:00:00,47.92,44.4264,26.1406,25.88,44.4264,26.1406,42.72,44.4264,26.1406
2022-03-29 21:00:00,2022-03-29 22:00:00,73.99,44.4264,26.1406,33.57,44.4264,26.1406,39.53,44.4264,26.1406
2022-03-29 22:00:00,2022-03-29 23:00:00,51.79,44.4264,26.1406,30.75,44.4264,26.1406,33.36,44.4264,26.1406
2022-03-29 23:00:00,2022-03-30 00:00:00,49.38,44.4264,26.1406,29.91,44.4264,26.1406,18.38,44.4264,26.1406
2022-03-30 00:00:00,2022-03-30 01:00:00,51.9,44.4264,26.1406,34.22,44.4264,26.1406,16.02,44.4264,26.1406
2022-03-30 01:00:00,2022-03-30 02:00:00,50.96,44.4264,26.1406,35.2,44.4264,26.1406,22.07,44.4264,26.1406
2022-03-30 02:00:00,2022-03-30 03:00:00,59.56,44.4264,26.1406,41.09,44.4264,26.1406,25.07,44.4264,26.1406
2022-03-30 03:00:00,2022-03-30 04:00:00,46.12,44.4264,26.1406,31.6,44.4264,26.1406,19.67,44.4264,26.1406
2022-03-30 04:00:00,2022-03-30 05:00:00,42.75,44.4264,26.1406,29.65,44.4264,26.1406,22.36,44.4264,26.1406
2022-03-30 05:00:00,2022-03-30 06:00:00,41.33,44.4264,26.1406,27.35,44.4264,26.1406,31.98,44.4264,26.1406
2022-03-30 06:00:00,2022-03-30 07:00:00,46.8,44.4264,26.1406,33.2,44.4264,26.1406,30.68,44.4264,26.1406
2022-03-30 07:00:00,2022-03-30 08:00:00,48.35,44.4264,26.1406,33.17,44.4264,26.1406,31.48,44.4264,26.1406
2022-03-30 08:00:00,2022-03-30 09:00:00,55.06,44.4264,26.1406,35.6,44.4264,26.1406,25.47,44.4264,26.1406
2022-03-30 09:00:00,2022-03-30 10:00:00,59.36,44.4264,26.1406,38.51,44.4264,26.1406,20.67,44.4264,26.1406
2022-03-30 10:00:00,2022-03-30 11:00:00,55.59,44.4264,26.1406,34.94,44.4264,26.1406,16.1,44.4264,26.1406
2022-03-30 11:00:00,2022-03-30 12:00:00,51.43,44.4264,26.1406,29.76,44.4264,26.1406,11.5,44.4264,26.1406
2022-03-30 12:00:00,2022-03-30 13:00:00,45.84,44.4264,26.1406,24.15,44.4264,26.1406,,44.4264,26.1406
2022-03-30 13:00:00,2022-03-30 14:00:00,49.19,44.4264,26.1406,26.96,44.4264,26.1406,10.19,44.4264,26.1406
2022-03-30 14:00:00,2022-03-30 15:00:00,54.99,44.4264,26.1406,28.59,44.4264,26.1406,9.79,44.4264,26.1406
2022-03-30 15:00:00,2022-03-30 16:00:00,55.89,44.4264,26.1406,30.78,44.4264,26.1406,11.12,44.4264,26.1406
2022-03-30 16:00:00,2022-03-30 17:00:00,51.01,44.4264,26.1406,31.14,44.4264,26.1406,13.3,44.4264,26.1406
2022-03-30 17:00:00,2022-03-30 18:00:00,45.46,44.4264,26.1406,26.47,44.4264,26.1406,17.07,44.4264,26.1406
2022-03-30 18:00:00,2022-03-30 19:00:00,45.25,44.4264,26.1406,26.71,44.4264,26.1406,30.22,44.4264,26.1406
2022-03-30 19:00:00,2022-03-30 20:00:00,48.44,44.4264,26.1406,26.76,44.4264,26.1406,31.27,44.4264,26.1406
2022-03-30 20:00:00,2022-03-30 21:00:00,57.93,44.4264,26.1406,30.74,44.4264,26.1406,50.86,44.4264,26.1406
2022-03-30 21:00:00,2022-03-30 22:00:00,80.2,44.4264,26.1406,46.51,44.4264,26.1406,72.6,44.4264,26.1406
2022-03-30 22:00:00,2022-03-30 23:00:00,88.67,44.4264,26.1406,38.59,44.4264,26.1406,70.3,44.4264,26.1406
2022-03-30 23:00:00,2022-03-31 00:00:00,90.83,44.4264,26.1406,36.64,44.4264,26.1406,71.4,44.4264,26.1406
2022-03-31 00:00:00,2022-03-31 01:00:00,78.12,44.4264,26.1406,39.65,44.4264,26.1406,50.4,44.4264,26.1406
2022-03-31 01:00:00,2022-03-31 02:00:00,63.65,44.4264,26.1406,33.96,44.4264,26.1406,43.29,44.4264,26.1406
2022-03-31 02:00:00,2022-03-31 03:00:00,65.87,44.4264,26.1406,36.58,44.4264,26.1406,45.66,44.4264,26.1406
2022-03-31 03:00:00,2022-03-31 04:00:00,66.97,44.4264,26.1406,34.05,44.4264,26.1406,43.59,44.4264,26.1406
2022-03-31 04:00:00,2022-03-31 05:00:00,64.28,44.4264,26.1406,33.77,44.4264,26.1406,37.49,44.4264,26.1406
2022-03-31 05:00:00,2022-03-31 06:00:00,57.16,44.4264,26.1406,31.38,44.4264,26.1406,35.03,44.4264,26.1406
2022-03-31 06:00:00,2022-03-31 07:00:00,49.88,44.4264,26.1406,28.27,44.4264,26.1406,48.4,44.4264,26.1406
2022-03-31 07:00:00,2022-03-31 08:00:00,65.32,44.4264,26.1406,32.27,44.4264,26.1406,58.59,44.4264,26.1406
2022-03-31 08:00:00,2022-03-31 09:00:00,68.23,44.4264,26.1406,33.9,44.4264,26.1406,49.21,44.4264,26.1406
2022-03-31 09:00:00,2022-03-31 10:00:00,63.76,44.4264,26.1406,31.08,44.4264,26.1406,40.43,44.4264,26.1406
2022-03-31 10:00:00,2022-03-31 11:00:00,59.38,44.4264,26.1406,23.12,44.4264,26.1406,25.89,44.4264,26.1406
2022-03-31 11:00:00,2022-03-31 12:00:00,51.49,44.4264,26.1406,19.47,44.4264,26.1406,20.69,44.4264,26.1406
2022-03-31 12:00:00,2022-03-31 13:00:00,39.08,44.4264,26.1406,9.32,44.4264,26.1406,12.1,44.4264,26.1406
2022-03-31 13:00:00,2022-03-31 14:00:00,42.28,44.4264,26.1406,11.77,44.4264,26.1406,,44.4264,26.1406
2022-03-31 14:00:00,2022-03-31 15:00:00,39.42,44.4264,26.1406,8.64,44.4264,26.1406,13.54,44.4264,26.1406
2022-03-31 15:00:00,2022-03-31 16:00:00,38.25,44.4264,26.1406,7.95,44.4264,26.1406,13.4,44.4264,26.1406
2022-03-31 16:00:00,2022-03-31 17:00:00,39.14,44.4264,26.1406,9.98,44.4264,26.1406,17.04,44.4264,26.1406
2022-03-31 17:00:00,2022-03-31 18:00:00,43.15,44.4264,26.1406,11.25,44.4264,26.1406,49.62,44.4264,26.1406
2022-03-31 18:00:00,2022-03-31 19:00:00,49.39,44.4264,26.1406,8.86,44.4264,26.1406,48.56,44.4264,26.1406
2022-03-31 19:00:00,2022-03-31 20:00:00,56.97,44.4264,26.1406,15.87,44.4264,26.1406,23.56,44.4264,26.1406
2022-03-31 20:00:00,2022-03-31 21:00:00,58.83,44.4264,26.1406,16.85,44.4264,26.1406,19.07,44.4264,26.1406
2022-03-31 21:00:00,2022-03-31 22:00:00,59.26,44.4264,26.1406,8.26,44.4264,26.1406,12.44,44.4264,26.1406
2022-03-31 22:00:00,2022-03-31 23:00:00,47.6,44.4264,26.1406,6.9,44.4264,26.1406,9.5,44.4264,26.1406
2022-03-31 23:00:00,2022-04-01 00:00:00,42.8,44.4264,26.1406,7.27,44.4264,26.1406,8.16,44.4264,26.1406
2022-04-01 00:00:00,2022-04-01 01:00:00,43.05,44.4264,26.1406,8.1,44.4264,26.1406,7.67,44.4264,26.1406
2022-04-01 01:00:00,2022-04-01 02:00:00,44.62,44.4264,26.1406,10.78,44.4264,26.1406,6.74,44.4264,26.1406
2022-04-01 02:00:00,2022-04-01 03:00:00,38.39,44.4264,26.1406,7.86,44.4264,26.1406,6.64,44.4264,26.1406
2022-04-01 03:00:00,2022-04-01 04:00:00,31.29,44.4264,26.1406,6.72,44.4264,26.1406,7.5,44.4264,26.1406
2022-04-01 04:00:00,2022-04-01 05:00:00,30.69,44.4264,26.1406,8.54,44.4264,26.1406,9.72,44.4264,26.1406
2022-04-01 05:00:00,2022-04-01 06:00:00,32.02,44.4264,26.1406,7.98,44.4264,26.1406,20.53,44.4264,26.1406
2022-04-01 06:00:00,2022-04-01 07:00:00,34.11,44.4264,26.1406,7.85,44.4264,26.1406,30.37,44.4264,26.1406
2022-04-01 07:00:00,2022-04-01 08:00:00,45.04,44.4264,26.1406,11.19,44.4264,26.1406,39.03,44.4264,26.1406
2022-04-01 08:00:00,2022-04-01 09:00:00,54.72,44.4264,26.1406,12.52,44.4264,26.1406,20.05,44.4264,26.1406
2022-04-01 09:00:00,2022-04-01 10:00:00,81.49,44.4264,26.1406,15.91,44.4264,26.1406,13.38,44.4264,26.1406
2022-04-01 10:00:00,2022-04-01 11:00:00,109.35,44.4264,26.1406,23.75,44.4264,26.1406,12.0,44.4264,26.1406
2022-04-01 11:00:00,2022-04-01 12:00:00,112.69,44.4264,26.1406,23.83,44.4264,26.1406,11.31,44.4264,26.1406
2022-04-01 12:00:00,2022-04-01 13:00:00,122.34,44.4264,26.1406,24.64,44.4264,26.1406,8.49,44.4264,26.1406
2022-04-01 13:00:00,2022-04-01 14:00:00,156.43,44.4264,26.1406,31.96,44.4264,26.1406,8.61,44.4264,26.1406
2022-04-01 14:00:00,2022-04-01 15:00:00,143.77,44.4264,26.1406,31.49,44.4264,26.1406,,44.4264,26.1406
2022-04-01 15:00:00,2022-04-01 16:00:00,112.33,44.4264,26.1406,51.36,44.4264,26.1406,7.08,44.4264,26.1406
2022-04-01 16:00:00,2022-04-01 17:00:00,15.01,44.4264,26.1406,1.28,44.4264,26.1406,6.98,44.4264,26.1406
2022-04-01 17:00:00,2022-04-01 18:00:00,17.08,44.4264,26.1406,3.05,44.4264,26.1406,9.18,44.4264,26.1406
2022-04-01 18:00:00,2022-04-01 19:00:00,35.96,44.4264,26.1406,19.95,44.4264,26.1406,18.05,44.4264,26.1406
2022-04-01 19:00:00,2022-04-01 20:00:00,48.77,44.4264,26.1406,36.72,44.4264,26.1406,23.72,44.4264,26.1406
2022-04-01 20:00:00,2022-04-01 21:00:00,25.19,44.4264,26.1406,12.04,44.4264,26.1406,18.51,44.4264,26.1406
2022-04-01 21:00:00,2022-04-01 22:00:00,8.06,44.4264,26.1406,,,,14.57,44.4264,26.1406
2022-04-01 22:00:00,2022-04-01 23:00:00,6.56,44.4264,26.1406,,,,12.14,44.4264,26.1406
2022-04-02 01:00:00,2022-04-02 02:00:00,9.73,44.4264,26.1406,1.31,44.4264,26.1406,8.89,44.4264,26.1406
2022-04-02 02:00:00,2022-04-02 03:00:00,14.19,44.4264,26.1406,0.64,44.4264,26.1406,7.43,44.4264,26.1406
2022-04-02 03:00:00,2022-04-02 04:00:00,11.09,44.4264,26.1406,,,,6.97,44.4264,26.1406
2022-04-02 04:00:00,2022-04-02 05:00:00,6.55,44.4264,26.1406,,,,8.21,44.4264,26.1406
2022-04-02 05:00:00,2022-04-02 06:00:00,3.25,44.4264,26.1406,,,,10.86,44.4264,26.1406
2022-04-02 11:00:00,2022-04-02 12:00:00,1.62,44.4264,26.1406,,,,6.43,44.4264,26.1406
2022-04-02 12:00:00,2022-04-02 13:00:00,4.66,44.4264,26.1406,,,,6.98,44.4264,26.1406
2022-04-02 13:00:00,2022-04-02 14:00:00,4.19,44.4264,26.1406,,,,7.21,44.4264,26.1406
2022-04-02 14:00:00,2022-04-02 15:00:00,3.7,44.4264,26.1406,,,,7.22,44.4264,26.1406
2022-04-02 15:00:00,2022-04-02 16:00:00,6.27,44.4264,26.1406,,,,,44.4264,26.1406
2022-04-02 16:00:00,2022-04-02 17:00:00,4.45,44.4264,26.1406,,,,8.37,44.4264,26.1406
2022-04-02 17:00:00,2022-04-02 18:00:00,6.7,44.4264,26.1406,1.29,44.4264,26.1406,8.74,44.4264,26.1406
2022-04-02 18:00:00,2022-04-02 19:00:00,11.68,44.4264,26.1406,2.46,44.4264,26.1406,11.91,44.4264,26.1406
2022-04-02 19:00:00,2022-04-02 20:00:00,8.6,44.4264,26.1406,2.82,44.4264,26.1406,20.22,44.4264,26.1406
2022-04-02 20:00:00,2022-04-02 21:00:00,12.29,44.4264,26.1406,4.31,44.4264,26.1406,27.04,44.4264,26.1406
2022-04-02 21:00:00,2022-04-02 22:00:00,7.19,44.4264,26.1406,1.01,44.4264,26.1406,12.11,44.4264,26.1406
2022-04-02 22:00:00,2022-04-02 23:00:00,7.69,44.4264,26.1406,3.46,44.4264,26.1406,13.49,44.4264,26.1406
2022-04-02 23:00:00,2022-04-03 00:00:00,3.96,44.4264,26.1406,0.6,44.4264,26.1406,15.28,44.4264,26.1406
2022-04-03 00:00:00,2022-04-03 01:00:00,1.45,44.4264,26.1406,,,,11.26,44.4264,26.1406
2022-04-03 01:00:00,2022-04-03 02:00:00,1.13,44.4264,26.1406,,,,10.78,44.4264,26.1406
2022-04-03 02:00:00,2022-04-03 03:00:00,6.85,44.4264,26.1406,4.08,44.4264,26.1406,12.2,44.4264,26.1406
2022-04-03 03:00:00,2022-04-03 04:00:00,8.22,44.4264,26.1406,4.22,44.4264,26.1406,11.45,44.4264,26.1406
2022-04-03 04:00:00,2022-04-03 05:00:00,5.57,44.4264,26.1406,3.08,44.4264,26.1406,11.5,44.4264,26.1406
2022-04-03 05:00:00,2022-04-03 06:00:00,8.68,44.4264,26.1406,6.34,44.4264,26.1406,9.99,44.4264,26.1406
2022-04-03 06:00:00,2022-04-03 07:00:00,10.4,44.4264,26.1406,7.38,44.4264,26.1406,10.23,44.4264,26.1406
2022-04-03 07:00:00,2022-04-03 08:00:00,6.15,44.4264,26.1406,2.8,44.4264,26.1406,9.56,44.4264,26.1406
2022-04-03 08:00:00,2022-04-03 09:00:00,5.97,44.4264,26.1406,2.87,44.4264,26.1406,8.07,44.4264,26.1406
2022-04-03 09:00:00,2022-04-03 10:00:00,10.26,44.4264,26.1406,6.83,44.4264,26.1406,7.18,44.4264,26.1406
2022-04-03 10:00:00,2022-04-03 11:00:00,13.13,44.4264,26.1406,9.57,44.4264,26.1406,7.33,44.4264,26.1406
2022-04-03 11:00:00,2022-04-03 12:00:00,13.04,44.4264,26.1406,6.32,44.4264,26.1406,6.81,44.4264,26.1406
2022-04-03 12:00:00,2022-04-03 13:00:00,14.83,44.4264,26.1406,6.17,44.4264,26.1406,6.64,44.4264,26.1406
2022-04-03 13:00:00,2022-04-03 14:00:00,20.33,44.4264,26.1406,6.36,44.4264,26.1406,6.46,44.4264,26.1406
2022-04-03 14:00:00,2022-04-03 15:00:00,24.3,44.4264,26.1406,6.97,44.4264,26.1406,6.5,44.4264,26.1406
2022-04-03 15:00:00,2022-04-03 16:00:00,27.67,44.4264,26.1406,10.23,44.4264,26.1406,6.81,44.4264,26.1406
2022-04-03 16:00:00,2022-04-03 17:00:00,29.62,44.4264,26.1406,9.14,44.4264,26.1406,,44.4264,26.1406
2022-04-03 17:00:00,2022-04-03 18:00:00,28.56,44.4264,26.1406,9.4,44.4264,26.1406,7.84,44.4264,26.1406
2022-04-03 18:00:00,2022-04-03 19:00:00,24.21,44.4264,26.1406,9.11,44.4264,26.1406,8.62,44.4264,26.1406
2022-04-03 19:00:00,2022-04-03 20:00:00,26.99,44.4264,26.1406,11.57,44.4264,26.1406,10.15,44.4264,26.1406
2022-04-03 20:00:00,2022-04-03 21:00:00,19.18,44.4264,26.1406,7.66,44.4264,26.1406,8.64,44.4264,26.1406
2022-04-03 21:00:00,2022-04-03 22:00:00,13.71,44.4264,26.1406,7.62,44.4264,26.1406,9.46,44.4264,26.1406
2022-04-03 22:00:00,2022-04-03 23:00:00,10.08,44.4264,26.1406,5.93,44.4264,26.1406,9.18,44.4264,26.1406
2022-04-03 23:00:00,2022-04-04 00:00:00,11.9,44.4264,26.1406,9.13,44.4264,26.1406,10.34,44.4264,26.1406
2022-04-04 00:00:00,2022-04-04 01:00:00,11.93,44.4264,26.1406,9.27,44.4264,26.1406,8.88,44.4264,26.1406
2022-04-04 01:00:00,2022-04-04 02:00:00,10.14,44.4264,26.1406,7.71,44.4264,26.1406,9.96,44.4264,26.1406
2022-04-04 02:00:00,2022-04-04 03:00:00,8.28,44.4264,26.1406,6.41,44.4264,26.1406,9.01,44.4264,26.1406
2022-04-04 03:00:00,2022-04-04 04:00:00,17.68,44.4264,26.1406,9.57,44.4264,26.1406,9.92,44.4264,26.1406
2022-04-04 04:00:00,2022-04-04 05:00:00,9.99,44.4264,26.1406,8.12,44.4264,26.1406,12.69,44.4264,26.1406
2022-04-04 05:00:00,2022-04-04 06:00:00,8.77,44.4264,26.1406,6.32,44.4264,26.1406,25.85,44.4264,26.1406
2022-04-04 06:00:00,2022-04-04 07:00:00,15.85,44.4264,26.1406,8.87,44.4264,26.1406,35.91,44.4264,26.1406
2022-04-04 07:00:00,2022-04-04 08:00:00,22.45,44.4264,26.1406,11.51,44.4264,26.1406,30.51,44.4264,26.1406
2022-04-04 08:00:00,2022-04-04 09:00:00,20.86,44.4264,26.1406,11.78,44.4264,26.1406,22.26,44.4264,26.1406
2022-04-04 09:00:00,2022-04-04 10:00:00,23.55,44.4264,26.1406,15.02,44.4264,26.1406,16.83,44.4264,26.1406
2022-04-04 10:00:00,2022-04-04 11:00:00,24.59,44.4264,26.1406,16.06,44.4264,26.1406,16.77,44.4264,26.1406
2022-04-04 11:00:00,2022-04-04 12:00:00,21.22,44.4264,26.1406,10.81,44.4264,26.1406,12.13,44.4264,26.1406
2022-04-04 12:00:00,2022-04-04 13:00:00,20.5,44.4264,26.1406,13.32,44.4264,26.1406,8.15,44.4264,26.1406
2022-04-04 13:00:00,2022-04-04 14:00:00,12.64,44.4264,26.1406,8.8,44.4264,26.1406,8.18,44.4264,26.1406
2022-04-04 14:00:00,2022-04-04 15:00:00,14.51,44.4264,26.1406,8.26,44.4264,26.1406,9.88,44.4264,26.1406
2022-04-04 15:00:00,2022-04-04 16:00:00,21.74,44.4264,26.1406,14.22,44.4264,26.1406,9.85,44.4264,26.1406
2022-04-04 16:00:00,2022-04-04 17:00:00,23.48,44.4264,26.1406,15.9,44.4264,26.1406,8.8,44.4264,26.1406
2022-04-04 17:00:00,2022-04-04 18:00:00,20.17,44.4264,26.1406,14.04,44.4264,26.1406,,44.4264,26.1406
2022-04-04 18:00:00,2022-04-04 19:00:00,21.37,44.4264,26.1406,14.39,44.4264,26.1406,15.24,44.4264,26.1406
2022-04-04 19:00:00,2022-04-04 20:00:00,29.14,44.4264,26.1406,21.3,44.4264,26.1406,19.49,44.4264,26.1406
2022-04-04 20:00:00,2022-04-04 21:00:00,30.67,44.4264,26.1406,23.17,44.4264,26.1406,21.25,44.4264,26.1406
2022-04-04 21:00:00,2022-04-04 22:00:00,27.12,44.4264,26.1406,20.3,44.4264,26.1406,18.64,44.4264,26.1406
2022-04-04 22:00:00,2022-04-04 23:00:00,24.92,44.4264,26.1406,18.39,44.4264,26.1406,15.97,44.4264,26.1406
2022-04-04 23:00:00,2022-04-05 00:00:00,26.97,44.4264,26.1406,20.29,44.4264,26.1406,13.49,44.4264,26.1406
2022-04-05 00:00:00,2022-04-05 01:00:00,25.64,44.4264,26.1406,19.23,44.4264,26.1406,11.85,44.4264,26.1406
2022-04-05 01:00:00,2022-04-05 02:00:00,25.75,44.4264,26.1406,19.2,44.4264,26.1406,11.44,44.4264,26.1406
2022-04-05 02:00:00,2022-04-05 03:00:00,23.84,44.4264,26.1406,17.7,44.4264,26.1406,14.4,44.4264,26.1406
2022-04-05 03:00:00,2022-04-05 04:00:00,24.58,44.4264,26.1406,18.79,44.4264,26.1406,15.58,44.4264,26.1406
2022-04-05 04:00:00,2022-04-05 05:00:00,25.96,44.4264,26.1406,20.64,44.4264,26.1406,13.89,44.4264,26.1406
2022-04-05 05:00:00,2022-04-05 06:00:00,26.24,44.4264,26.1406,19.8,44.4264,26.1406,21.8,44.4264,26.1406
2022-04-05 06:00:00,2022-04-05 07:00:00,26.21,44.4264,26.1406,18.1,44.4264,26.1406,37.86,44.4264,26.1406
2022-04-05 07:00:00,2022-04-05 08:00:00,32.57,44.4264,26.1406,22.87,44.4264,26.1406,27.82,44.4264,26.1406
2022-04-05 08:00:00,2022-04-05 09:00:00,29.63,44.4264,26.1406,19.09,44.4264,26.1406,23.57,44.4264,26.1406
2022-04-05 09:00:00,2022-04-05 10:00:00,29.12,44.4264,26.1406,18.15,44.4264,26.1406,15.46,44.4264,26.1406
2022-04-05 10:00:00,2022-04-05 11:00:00,25.45,44.4264,26.1406,14.71,44.4264,26.1406,9.86,44.4264,26.1406
2022-04-05 11:00:00,2022-04-05 12:00:00,20.73,44.4264,26.1406,10.8,44.4264,26.1406,8.36,44.4264,26.1406
2022-04-05 12:00:00,2022-04-05 13:00:00,20.16,44.4264,26.1406,8.79,44.4264,26.1406,7.64,44.4264,26.1406
2022-04-05 13:00:00,2022-04-05 14:00:00,28.32,44.4264,26.1406,8.59,44.4264,26.1406,7.01,44.4264,26.1406
2022-04-05 14:00:00,2022-04-05 15:00:00,18.96,44.4264,26.1406,8.49,44.4264,26.1406,6.77,44.4264,26.1406
2022-04-05 15:00:00,2022-04-05 16:00:00,19.08,44.4264,26.1406,9.38,44.4264,26.1406,6.91,44.4264,26.1406
2022-04-05 16:00:00,2022-04-05 17:00:00,16.73,44.4264,26.1406,8.38,44.4264,26.1406,8.2,44.4264,26.1406
2022-04-05 17:00:00,2022-04-05 18:00:00,19.67,44.4264,26.1406,10.24,44.4264,26.1406,9.84,44.4264,26.1406
2022-04-05 18:00:00,2022-04-05 19:00:00,20.22,44.4264,26.1406,11.27,44.4264,26.1406,,44.4264,26.1406
2022-04-05 19:00:00,2022-04-05 20:00:00,18.73,44.4264,26.1406,10.28,44.4264,26.1406,17.52,44.4264,26.1406
2022-04-05 20:00:00,2022-04-05 21:00:00,18.79,44.4264,26.1406,9.46,44.4264,26.1406,20.83,44.4264,26.1406
2022-04-05 21:00:00,2022-04-05 22:00:00,20.16,44.4264,26.1406,8.71,44.4264,26.1406,20.53,44.4264,26.1406
2022-04-05 22:00:00,2022-04-05 23:00:00,24.89,44.4264,26.1406,14.42,44.4264,26.1406,20.04,44.4264,26.1406
2022-04-05 23:00:00,2022-04-06 00:00:00,20.59,44.4264,26.1406,10.57,44.4264,26.1406,24.86,44.4264,26.1406
2022-04-06 00:00:00,2022-04-06 01:00:00,23.36,44.4264,26.1406,14.33,44.4264,26.1406,17.29,44.4264,26.1406
2022-04-06 01:00:00,2022-04-06 02:00:00,23.08,44.4264,26.1406,15.08,44.4264,26.1406,18.04,44.4264,26.1406
2022-04-06 02:00:00,2022-04-06 03:00:00,23.19,44.4264,26.1406,15.32,44.4264,26.1406,13.47,44.4264,26.1406
2022-04-06 03:00:00,2022-04-06 04:00:00,23.1,44.4264,26.1406,16.41,44.4264,26.1406,15.76,44.4264,26.1406
2022-04-06 04:00:00,2022-04-06 05:00:00,25.04,44.4264,26.1406,19.3,44.4264,26.1406,18.34,44.4264,26.1406
2022-04-06 05:00:00,2022-04-06 06:00:00,23.36,44.4264,26.1406,17.54,44.4264,26.1406,31.62,44.4264,26.1406
2022-04-06 06:00:00,2022-04-06 07:00:00,28.93,44.4264,26.1406,18.15,44.4264,26.1406,43.84,44.4264,26.1406
2022-04-06 07:00:00,2022-04-06 08:00:00,39.24,44.4264,26.1406,23.02,44.4264,26.1406,43.2,44.4264,26.1406
2022-04-06 08:00:00,2022-04-06 09:00:00,46.36,44.4264,26.1406,29.69,44.4264,26.1406,45.82,44.4264,26.1406
2022-04-06 09:00:00,2022-04-06 10:00:00,56.49,44.4264,26.1406,32.17,44.4264,26.1406,64.58,44.4264,26.1406
2022-04-06 10:00:00,2022-04-06 11:00:00,63.11,44.4264,26.1406,33.57,44.4264,26.1406,36.67,44.4264,26.1406
2022-04-06 11:00:00,2022-04-06 12:00:00,35.47,44.4264,26.1406,16.99,44.4264,26.1406,18.69,44.4264,26.1406
2022-04-06 12:00:00,2022-04-06 13:00:00,25.09,44.4264,26.1406,15.58,44.4264,26.1406,10.8,44.4264,26.1406
2022-04-06 13:00:00,2022-04-06 14:00:00,18.41,44.4264,26.1406,9.46,44.4264,26.1406,9.16,44.4264,26.1406
2022-04-06 14:00:00,2022-04-06 15:00:00,17.08,44.4264,26.1406,7.57,44.4264,26.1406,7.72,44.4264,26.1406
2022-04-06 15:00:00,2022-04-06 16:00:00,14.4,44.4264,26.1406,4.82,44.4264,26.1406,6.33,44.4264,26.1406
2022-04-06 16:00:00,2022-04-06 17:00:00,14.48,44.4264,26.1406,8.21,44.4264,26.1406,6.05,44.4264,26.1406
2022-04-06 17:00:00,2022-04-06 18:00:00,12.4,44.4264,26.1406,7.8,44.4264,26.1406,11.33,44.4264,26.1406
2022-04-06 18:00:00,2022-04-06 19:00:00,13.1,44.4264,26.1406,5.52,44.4264,26.1406,26.27,44.4264,26.1406
2022-04-06 19:00:00,2022-04-06 20:00:00,18.17,44.4264,26.1406,4.86,44.4264,26.1406,,44.4264,26.1406
2022-04-06 20:00:00,2022-04-06 21:00:00,22.74,44.4264,26.1406,8.09,44.4264,26.1406,55.19,44.4264,26.1406
2022-04-06 21:00:00,2022-04-06 22:00:00,37.55,44.4264,26.1406,16.38,44.4264,26.1406,80.1,44.4264,26.1406
2022-04-06 22:00:00,2022-04-06 23:00:00,54.47,44.4264,26.1406,22.76,44.4264,26.1406,78.21,44.4264,26.1406
2022-04-06 23:00:00,2022-04-07 00:00:00,45.07,44.4264,26.1406,19.88,44.4264,26.1406,66.36,44.4264,26.1406
2022-04-07 00:00:00,2022-04-07 01:00:00,32.08,44.4264,26.1406,17.83,44.4264,26.1406,47.6,44.4264,26.1406
2022-04-07 01:00:00,2022-04-07 02:00:00,32.69,44.4264,26.1406,21.33,44.4264,26.1406,28.58,44.4264,26.1406
2022-04-07 02:00:00,2022-04-07 03:00:00,26.21,44.4264,26.1406,17.39,44.4264,26.1406,22.67,44.4264,26.1406
2022-04-07 03:00:00,2022-04-07 04:00:00,21.52,44.4264,26.1406,13.6,44.4264,26.1406,29.74,44.4264,26.1406
2022-04-07 04:00:00,2022-04-07 05:00:00,26.74,44.4264,26.1406,18.08,44.4264,26.1406,34.56,44.4264,26.1406
2022-04-07 05:00:00,2022-04-07 06:00:00,27.95,44.4264,26.1406,19.1,44.4264,26.1406,39.99,44.4264,26.1406
2022-04-07 06:00:00,2022-04-07 07:00:00,26.18,44.4264,26.1406,16.7,44.4264,26.1406,43.0,44.4264,26.1406
2022-04-07 07:00:00,2022-04-07 08:00:00,32.54,44.4264,26.1406,19.2,44.4264,26.1406,36.62,44.4264,26.1406
2022-04-07 08:00:00,2022-04-07 09:00:00,38.78,44.4264,26.1406,21.88,44.4264,26.1406,27.91,44.4264,26.1406
2022-04-07 09:00:00,2022-04-07 10:00:00,30.16,44.4264,26.1406,14.11,44.4264,26.1406,20.76,44.4264,26.1406
2022-04-07 10:00:00,2022-04-07 11:00:00,24.34,44.4264,26.1406,10.3,44.4264,26.1406,18.24,44.4264,26.1406
2022-04-07 11:00:00,2022-04-07 12:00:00,28.62,44.4264,26.1406,11.51,44.4264,26.1406,19.41,44.4264,26.1406
2022-04-07 12:00:00,2022-04-07 13:00:00,31.28,44.4264,26.1406,14.14,44.4264,26.1406,24.52,44.4264,26.1406
2022-04-07 13:00:00,2022-04-07 14:00:00,36.21,44.4264,26.1406,15.46,44.4264,26.1406,24.38,44.4264,26.1406
2022-04-07 14:00:00,2022-04-07 15:00:00,53.86,44.4264,26.1406,38.96,44.4264,26.1406,28.98,44.4264,26.1406
2022-04-07 15:00:00,2022-04-07 16:00:00,17.57,44.4264,26.1406,3.06,44.4264,26.1406,33.59,44.4264,26.1406
2022-04-07 16:00:00,2022-04-07 17:00:00,10.28,44.4264,26.1406,0.88,44.4264,26.1406,24.44,44.4264,26.1406
2022-04-07 17:00:00,2022-04-07 18:00:00,9.16,44.4264,26.1406,1.09,44.4264,26.1406,24.83,44.4264,26.1406
2022-04-07 18:00:00,2022-04-07 19:00:00,11.04,44.4264,26.1406,3.02,44.4264,26.1406,28.15,44.4264,26.1406
2022-04-07 19:00:00,2022-04-07 20:00:00,11.44,44.4264,26.1406,3.37,44.4264,26.1406,18.6,44.4264,26.1406
2022-04-07 20:00:00,2022-04-07 21:00:00,12.46,44.4264,26.1406,6.28,44.4264,26.1406,,44.4264,26.1406
2022-04-07 21:00:00,2022-04-07 22:00:00,18.18,44.4264,26.1406,11.97,44.4264,26.1406,22.37,44.4264,26.1406
2022-04-07 22:00:00,2022-04-07 23:00:00,21.21,44.4264,26.1406,14.93,44.4264,26.1406,17.76,44.4264,26.1406
2022-04-07 23:00:00,2022-04-08 00:00:00,25.1,44.4264,26.1406,18.33,44.4264,26.1406,19.7,44.4264,26.1406
2022-04-08 00:00:00,2022-04-08 01:00:00,35.69,44.4264,26.1406,23.69,44.4264,26.1406,20.54,44.4264,26.1406
2022-04-08 01:00:00,2022-04-08 02:00:00,26.71,44.4264,26.1406,14.82,44.4264,26.1406,18.1,44.4264,26.1406
2022-04-08 02:00:00,2022-04-08 03:00:00,21.19,44.4264,26.1406,16.48,44.4264,26.1406,13.1,44.4264,26.1406
2022-04-08 03:00:00,2022-04-08 04:00:00,25.98,44.4264,26.1406,21.82,44.4264,26.1406,13.87,44.4264,26.1406
2022-04-08 04:00:00,2022-04-08 05:00:00,27.1,44.4264,26.1406,22.47,44.4264,26.1406,14.49,44.4264,26.1406
2022-04-08 05:00:00,2022-04-08 06:00:00,25.63,44.4264,26.1406,19.44,44.4264,26.1406,26.35,44.4264,26.1406
2022-04-08 06:00:00,2022-04-08 07:00:00,23.13,44.4264,26.1406,15.68,44.4264,26.1406,27.73,44.4264,26.1406
2022-04-08 07:00:00,2022-04-08 08:00:00,25.87,44.4264,26.1406,18.2,44.4264,26.1406,22.98,44.4264,26.1406
2022-04-08 08:00:00,2022-04-08 09:00:00,26.44,44.4264,26.1406,17.38,44.4264,26.1406,18.07,44.4264,26.1406
2022-04-08 09:00:00,2022-04-08 10:00:00,23.03,44.4264,26.1406,13.37,44.4264,26.1406,12.49,44.4264,26.1406
2022-04-08 10:00:00,2022-04-08 11:00:00,12.37,44.4264,26.1406,3.3,44.4264,26.1406,9.09,44.4264,26.1406
2022-04-08 11:00:00,2022-04-08 12:00:00,11.88,44.4264,26.1406,2.28,44.4264,26.1406,7.99,44.4264,26.1406
2022-04-08 12:00:00,2022-04-08 13:00:00,11.28,44.4264,26.1406,4.01,44.4264,26.1406,6.47,44.4264,26.1406
2022-04-08 13:00:00,2022-04-08 14:00:00,13.51,44.4264,26.1406,7.14,44.4264,26.1406,6.47,44.4264,26.1406
2022-04-08 14:00:00,2022-04-08 15:00:00,10.66,44.4264,26.1406,3.72,44.4264,26.1406,6.58,44.4264,26.1406
2022-04-08 15:00:00,2022-04-08 16:00:00,8.69,44.4264,26.1406,1.68,44.4264,26.1406,8.04,44.4264,26.1406
2022-04-08 16:00:00,2022-04-08 17:00:00,12.69,44.4264,26.1406,5.28,44.4264,26.1406,9.52,44.4264,26.1406
2022-04-08 17:00:00,2022-04-08 18:00:00,13.28,44.4264,26.1406,6.2,44.4264,26.1406,13.64,44.4264,26.1406
2022-04-08 18:00:00,2022-04-08 19:00:00,18.84,44.4264,26.1406,6.58,44.4264,26.1406,15.76,44.4264,26.1406
2022-04-08 19:00:00,2022-04-08 20:00:00,27.01,44.4264,26.1406,3.52,44.4264,26.1406,19.2,44.4264,26.1406
2022-04-08 20:00:00,2022-04-08 21:00:00,33.99,44.4264,26.1406,5.11,44.4264,26.1406,17.94,44.4264,26.1406
2022-04-08 21:00:00,2022-04-08 22:00:00,32.03,44.4264,26.1406,6.15,44.4264,26.1406,,44.4264,26.1406
2022-04-08 22:00:00,2022-04-08 23:00:00,24.31,44.4264,26.1406,7.38,44.4264,26.1406,15.03,44.4264,26.1406
2022-04-08 23:00:00,2022-04-09 00:00:00,17.57,44.4264,26.1406,7.55,44.4264,26.1406,15.16,44.4264,26.1406
2022-04-09 00:00:00,2022-04-09 01:00:00,12.28,44.4264,26.1406,3.73,44.4264,26.1406,18.2,44.4264,26.1406
2022-04-09 01:00:00,2022-04-09 02:00:00,12.14,44.4264,26.1406,5.25,44.4264,26.1406,12.84,44.4264,26.1406
2022-04-09 02:00:00,2022-04-09 03:00:00,17.03,44.4264,26.1406,10.22,44.4264,26.1406,14.75,44.4264,26.1406
2022-04-09 03:00:00,2022-04-09 04:00:00,14.21,44.4264,26.1406,6.91,44.4264,26.1406,28.74,44.4264,26.1406
2022-04-09 04:00:00,2022-04-09 05:00:00,15.2,44.4264,26.1406,5.15,44.4264,26.1406,35.22,44.4264,26.1406
2022-04-09 05:00:00,2022-04-09 06:00:00,19.79,44.4264,26.1406,11.38,44.4264,26.1406,22.75,44.4264,26.1406
2022-04-09 06:00:00,2022-04-09 07:00:00,15.9,44.4264,26.1406,7.86,44.4264,26.1406,18.57,44.4264,26.1406
2022-04-09 07:00:00,2022-04-09 08:00:00,20.14,44.4264,26.1406,8.79,44.4264,26.1406,23.28,44.4264,26.1406
2022-04-09 08:00:00,2022-04-09 09:00:00,20.85,44.4264,26.1406,8.3,44.4264,26.1406,15.12,44.4264,26.1406
2022-04-09 09:00:00,2022-04-09 10:00:00,14.12,44.4264,26.1406,3.25,44.4264,26.1406,9.73,44.4264,26.1406
2022-04-09 10:00:00,2022-04-09 11:00:00,13.3,44.4264,26.1406,3.32,44.4264,26.1406,7.71,44.4264,26.1406
2022-04-09 11:00:00,2022-04-09 12:00:00,10.28,44.4264,26.1406,1.34,44.4264,26.1406,6.83,44.4264,26.1406
2022-04-09 12:00:00,2022-04-09 13:00:00,9.29,44.4264,26.1406,2.02,44.4264,26.1406,6.11,44.4264,26.1406
2022-04-09 13:00:00,2022-04-09 14:00:00,10.01,44.4264,26.1406,1.67,44.4264,26.1406,5.99,44.4264,26.1406
2022-04-09 14:00:00,2022-04-09 15:00:00,9.6,44.4264,26.1406,1.44,44.4264,26.1406,5.91,44.4264,26.1406
2022-04-09 15:00:00,2022-04-09 16:00:00,7.63,44.4264,26.1406,,,,6.47,44.4264,26.1406
2022-04-09 16:00:00,2022-04-09 17:00:00,6.9,44.4264,26.1406,,,,7.05,44.4264,26.1406
2022-04-09 17:00:00,2022-04-09 18:00:00,6.49,44.4264,26.1406,,,,9.82,44.4264,26.1406
2022-04-09 18:00:00,2022-04-09 19:00:00,11.98,44.4264,26.1406,4.21,44.4264,26.1406,14.37,44.4264,26.1406
2022-04-09 19:00:00,2022-04-09 20:00:00,15.79,44.4264,26.1406,4.91,44.4264,26.1406,21.34,44.4264,26.1406
2022-04-09 20:00:00,2022-04-09 21:00:00,16.45,44.4264,26.1406,4.6,44.4264,26.1406,24.43,44.4264,26.1406
2022-04-09 21:00:00,2022-04-09 22:00:00,23.97,44.4264,26.1406,11.13,44.4264,26.1406,33.24,44.4264,26.1406
2022-04-09 22:00:00,2022-04-09 23:00:00,28.7,44.4264,26.1406,13.05,44.4264,26.1406,,44.4264,26.1406
2022-04-09 23:00:00,2022-04-10 00:00:00,26.82,44.4264,26.1406,12.76,44.4264,26.1406,29.37,44.4264,26.1406
2022-04-10 00:00:00,2022-04-10 01:00:00,26.63,44.4264,26.1406,11.18,44.4264,26.1406,23.81,44.4264,26.1406
2022-04-10 01:00:00,2022-04-10 02:00:00,17.55,44.4264,26.1406,5.78,44.4264,26.1406,19.03,44.4264,26.1406
2022-04-10 02:00:00,2022-04-10 03:00:00,14.95,44.4264,26.1406,3.86,44.4264,26.1406,13.17,44.4264,26.1406
2022-04-10 03:00:00,2022-04-10 04:00:00,15.08,44.4264,26.1406,4.9,44.4264,26.1406,16.36,44.4264,26.1406
2022-04-10 04:00:00,2022-04-10 05:00:00,19.82,44.4264,26.1406,10.13,44.4264,26.1406,13.91,44.4264,26.1406
2022-04-10 05:00:00,2022-04-10 06:00:00,22.76,44.4264,26.1406,9.04,44.4264,26.1406,10.6,44.4264,26.1406
2022-04-10 06:00:00,2022-04-10 07:00:00,12.14,44.4264,26.1406,1.04,44.4264,26.1406,9.46,44.4264,26.1406
2022-04-10 07:00:00,2022-04-10 08:00:00,6.81,44.4264,26.1406,,,,8.61,44.4264,26.1406
2022-04-10 08:00:00,2022-04-10 09:00:00,4.93,44.4264,26.1406,,,,11.81,44.4264,26.1406
2022-04-10 09:00:00,2022-04-10 10:00:00,5.9,44.4264,26.1406,,,,13.54,44.4264,26.1406
2022-04-10 10:00:00,2022-04-10 11:00:00,11.29,44.4264,26.1406,2.11,44.4264,26.1406,11.69,44.4264,26.1406
2022-04-10 11:00:00,2022-04-10 12:00:00,6.17,44.4264,26.1406,,,,14.42,44.4264,26.1406
2022-04-10 12:00:00,2022-04-10 13:00:00,9.1,44.4264,26.1406,4.04,44.4264,26.1406,23.77,44.4264,26.1406
2022-04-10 13:00:00,2022-04-10 14:00:00,7.25,44.4264,26.1406,2.63,44.4264,26.1406,22.6,44.4264,26.1406
2022-04-10 14:00:00,2022-04-10 15:00:00,5.98,44.4264,26.1406,1.09,44.4264,26.1406,18.9,44.4264,26.1406
2022-04-10 15:00:00,2022-04-10 16:00:00,2.08,44.4264,26.1406,,,,16.26,44.4264,26.1406
2022-04-10 19:00:00,2022-04-10 20:00:00,0.04,44.4264,26.1406,,,,18.73,44.4264,26.1406
2022-04-10 20:00:00,2022-04-10 21:00:00,0.75,44.4264,26.1406,,,,14.25,44.4264,26.1406
2022-04-10 21:00:00,2022-04-10 22:00:00,1.65,44.4264,26.1406,,,,20.09,44.4264,26.1406
2022-04-10 22:00:00,2022-04-10 23:00:00,1.51,44.4264,26.1406,,,,15.92,44.4264,26.1406
2022-04-10 23:00:00,2022-04-11 00:00:00,3.04,44.4264,26.1406,1.05,44.4264,26.1406,,44.4264,26.1406
2022-04-11 00:00:00,2022-04-11 01:00:00,2.11,44.4264,26.1406,0.28,44.4264,26.1406,9.08,44.4264,26.1406
2022-04-11 01:00:00,2022-04-11 02:00:00,2.69,44.4264,26.1406,1.22,44.4264,26.1406,6.7,44.4264,26.1406
2022-04-11 04:00:00,2022-04-11 05:00:00,2.21,44.4264,26.1406,1.03,44.4264,26.1406,6.06,44.4264,26.1406
2022-04-11 05:00:00,2022-04-11 06:00:00,1.57,44.4264,26.1406,0.27,44.4264,26.1406,7.48,44.4264,26.1406
2022-04-11 07:00:00,2022-04-11 08:00:00,0.24,44.4264,26.1406,,,,8.93,44.4264,26.1406
2022-04-11 09:00:00,2022-04-11 10:00:00,1.07,44.4264,26.1406,,,,6.36,44.4264,26.1406
2022-04-11 10:00:00,2022-04-11 11:00:00,2.72,44.4264,26.1406,,,,6.0,44.4264,26.1406
2022-04-11 11:00:00,2022-04-11 12:00:00,4.58,44.4264,26.1406,0.76,44.4264,26.1406,6.24,44.4264,26.1406
2022-04-11 12:00:00,2022-04-11 13:00:00,5.34,44.4264,26.1406,2.09,44.4264,26.1406,5.05,44.4264,26.1406
2022-04-11 13:00:00,2022-04-11 14:00:00,6.55,44.4264,26.1406,3.47,44.4264,26.1406,5.24,44.4264,26.1406
2022-04-11 14:00:00,2022-04-11 15:00:00,7.49,44.4264,26.1406,4.61,44.4264,26.1406,4.78,44.4264,26.1406
2022-04-11 15:00:00,2022-04-11 16:00:00,6.02,44.4264,26.1406,2.94,44.4264,26.1406,4.41,44.4264,26.1406
2022-04-11 17:00:00,2022-04-11 18:00:00,2.86,44.4264,26.1406,0.32,44.4264,26.1406,5.01,44.4264,26.1406
2022-04-11 18:00:00,2022-04-11 19:00:00,6.18,44.4264,26.1406,4.1,44.4264,26.1406,5.97,44.4264,26.1406
2022-04-11 19:00:00,2022-04-11 20:00:00,11.85,44.4264,26.1406,8.39,44.4264,26.1406,10.16,44.4264,26.1406
2022-04-11 20:00:00,2022-04-11 21:00:00,15.8,44.4264,26.1406,11.97,44.4264,26.1406,20.18,44.4264,26.1406
2022-04-11 21:00:00,2022-04-11 22:00:00,19.32,44.4264,26.1406,14.91,44.4264,26.1406,12.76,44.4264,26.1406
2022-04-11 22:00:00,2022-04-11 23:00:00,14.83,44.4264,26.1406,11.25,44.4264,26.1406,14.01,44.4264,26.1406
2022-04-11 23:00:00,2022-04-12 00:00:00,15.45,44.4264,26.1406,10.54,44.4264,26.1406,14.73,44.4264,26.1406
2022-04-12 00:00:00,2022-04-12 01:00:00,17.47,44.4264,26.1406,12.52,44.4264,26.1406,,44.4264,26.1406
2022-04-12 01:00:00,2022-04-12 02:00:00,12.41,44.4264,26.1406,8.4,44.4264,26.1406,16.97,44.4264,26.1406
2022-04-12 02:00:00,2022-04-12 03:00:00,12.14,44.4264,26.1406,8.72,44.4264,26.1406,18.74,44.4264,26.1406
2022-04-12 03:00:00,2022-04-12 04:00:00,15.16,44.4264,26.1406,11.49,44.4264,26.1406,14.86,44.4264,26.1406
2022-04-12 04:00:00,2022-04-12 05:00:00,15.97,44.4264,26.1406,12.0,44.4264,26.1406,15.96,44.4264,26.1406
2022-04-12 05:00:00,2022-04-12 06:00:00,18.66,44.4264,26.1406,14.91,44.4264,26.1406,22.38,44.4264,26.1406
2022-04-12 06:00:00,2022-04-12 07:00:00,22.06,44.4264,26.1406,15.96,44.4264,26.1406,25.61,44.4264,26.1406
2022-04-12 07:00:00,2022-04-12 08:00:00,24.43,44.4264,26.1406,14.87,44.4264,26.1406,23.94,44.4264,26.1406
2022-04-12 08:00:00,2022-04-12 09:00:00,20.94,44.4264,26.1406,12.64,44.4264,26.1406,16.18,44.4264,26.1406
2022-04-12 09:00:00,2022-04-12 10:00:00,16.33,44.4264,26.1406,10.49,44.4264,26.1406,7.22,44.4264,26.1406
2022-04-12 10:00:00,2022-04-12 11:00:00,10.45,44.4264,26.1406,6.86,44.4264,26.1406,5.8,44.4264,26.1406
2022-04-12 11:00:00,2022-04-12 12:00:00,11.43,44.4264,26.1406,8.4,44.4264,26.1406,5.26,44.4264,26.1406
2022-04-12 12:00:00,2022-04-12 13:00:00,10.41,44.4264,26.1406,7.04,44.4264,26.1406,4.79,44.4264,26.1406
2022-04-12 13:00:00,2022-04-12 14:00:00,10.25,44.4264,26.1406,8.4,44.4264,26.1406,4.45,44.4264,26.1406
2022-04-12 14:00:00,2022-04-12 15:00:00,8.14,44.4264,26.1406,6.02,44.4264,26.1406,4.1,44.4264,26.1406
2022-04-12 15:00:00,2022-04-12 16:00:00,4.99,44.4264,26.1406,3.01,44.4264,26.1406,4.2,44.4264,26.1406
2022-04-12 16:00:00,2022-04-12 17:00:00,9.61,44.4264,26.1406,7.27,44.4264,26.1406,4.71,44.4264,26.1406
2022-04-12 17:00:00,2022-04-12 18:00:00,11.25,44.4264,26.1406,8.97,44.4264,26.1406,4.56,44.4264,26.1406
2022-04-12 18:00:00,2022-04-12 19:00:00,9.51,44.4264,26.1406,6.75,44.4264,26.1406,6.06,44.4264,26.1406
2022-04-12 19:00:00,2022-04-12 20:00:00,10.39,44.4264,26.1406,7.03,44.4264,26.1406,24.46,44.4264,26.1406
2022-04-12 20:00:00,2022-04-12 21:00:00,20.99,44.4264,26.1406,10.63,44.4264,26.1406,58.48,44.4264,26.1406
2022-04-12 21:00:00,2022-04-12 22:00:00,32.15,44.4264,26.1406,13.87,44.4264,26.1406,70.37,44.4264,26.1406
2022-04-12 22:00:00,2022-04-12 23:00:00,43.85,44.4264,26.1406,21.78,44.4264,26.1406,64.99,44.4264,26.1406
2022-04-12 23:00:00,2022-04-13 00:00:00,61.38,44.4264,26.1406,44.39,44.4264,26.1406,61.44,44.4264,26.1406
2022-04-13 00:00:00,2022-04-13 01:00:00,50.54,44.4264,26.1406,33.32,44.4264,26.1406,58.31,44.4264,26.1406
2022-04-13 01:00:00,2022-04-13 02:00:00,41.17,44.4264,26.1406,24.27,44.4264,26.1406,,44.4264,26.1406
2022-04-13 02:00:00,2022-04-13 03:00:00,20.46,44.4264,26.1406,13.12,44.4264,26.1406,18.84,44.4264,26.1406
2022-04-13 03:00:00,2022-04-13 04:00:00,15.23,44.4264,26.1406,10.85,44.4264,26.1406,14.53,44.4264,26.1406
2022-04-13 04:00:00,2022-04-13 05:00:00,16.18,44.4264,26.1406,11.29,44.4264,26.1406,15.45,44.4264,26.1406
2022-04-13 05:00:00,2022-04-13 06:00:00,16.17,44.4264,26.1406,10.01,44.4264,26.1406,33.07,44.4264,26.1406
2022-04-13 06:00:00,2022-04-13 07:00:00,20.49,44.4264,26.1406,9.66,44.4264,26.1406,44.55,44.4264,26.1406
2022-04-13 07:00:00,2022-04-13 08:00:00,26.75,44.4264,26.1406,13.66,44.4264,26.1406,43.61,44.4264,26.1406
2022-04-13 08:00:00,2022-04-13 09:00:00,31.34,44.4264,26.1406,18.71,44.4264,26.1406,24.12,44.4264,26.1406
2022-04-13 09:00:00,2022-04-13 10:00:00,15.04,44.4264,26.1406,7.89,44.4264,26.1406,13.14,44.4264,26.1406
2022-04-13 10:00:00,2022-04-13 11:00:00,9.41,44.4264,26.1406,4.56,44.4264,26.1406,7.51,44.4264,26.1406
2022-04-13 11:00:00,2022-04-13 12:00:00,14.13,44.4264,26.1406,9.93,44.4264,26.1406,6.27,44.4264,26.1406
2022-04-13 12:00:00,2022-04-13 13:00:00,16.71,44.4264,26.1406,11.23,44.4264,26.1406,5.36,44.4264,26.1406
2022-04-13 13:00:00,2022-04-13 14:00:00,11.18,44.4264,26.1406,7.76,44.4264,26.1406,5.44,44.4264,26.1406
2022-04-13 14:00:00,2022-04-13 15:00:00,9.96,44.4264,26.1406,5.87,44.4264,26.1406,5.77,44.4264,26.1406
2022-04-13 15:00:00,2022-04-13 16:00:00,13.68,44.4264,26.1406,8.45,44.4264,26.1406,6.12,44.4264,26.1406
2022-04-13 16:00:00,2022-04-13 17:00:00,11.47,44.4264,26.1406,7.16,44.4264,26.1406,6.57,44.4264,26.1406
2022-04-13 17:00:00,2022-04-13 18:00:00,7.96,44.4264,26.1406,4.14,44.4264,26.1406,7.79,44.4264,26.1406
2022-04-13 18:00:00,2022-04-13 19:00:00,12.38,44.4264,26.1406,8.01,44.4264,26.1406,12.53,44.4264,26.1406
2022-04-13 19:00:00,2022-04-13 20:00:00,14.35,44.4264,26.1406,7.25,44.4264,26.1406,24.26,44.4264,26.1406
2022-04-13 20:00:00,2022-04-13 21:00:00,20.3,44.4264,26.1406,9.23,44.4264,26.1406,26.99,44.4264,26.1406
2022-04-13 21:00:00,2022-04-13 22:00:00,23.1,44.4264,26.1406,13.08,44.4264,26.1406,34.92,44.4264,26.1406
2022-04-13 22:00:00,2022-04-13 23:00:00,18.68,44.4264,26.1406,10.82,44.4264,26.1406,19.55,44.4264,26.1406
2022-04-13 23:00:00,2022-04-14 00:00:00,16.39,44.4264,26.1406,11.3,44.4264,26.1406,23.09,44.4264,26.1406
2022-04-14 00:00:00,2022-04-14 01:00:00,24.82,44.4264,26.1406,16.55,44.4264,26.1406,36.89,44.4264,26.1406
2022-04-14 01:00:00,2022-04-14 02:00:00,28.48,44.4264,26.1406,21.26,44.4264,26.1406,29.63,44.4264,26.1406
2022-04-14 02:00:00,2022-04-14 03:00:00,46.71,44.4264,26.1406,43.23,44.4264,26.1406,,44.4264,26.1406
2022-04-14 03:00:00,2022-04-14 04:00:00,22.55,44.4264,26.1406,15.47,44.4264,26.1406,27.73,44.4264,26.1406
2022-04-14 04:00:00,2022-04-14 05:00:00,22.87,44.4264,26.1406,16.03,44.4264,26.1406,39.57,44.4264,26.1406
2022-04-14 05:00:00,2022-04-14 06:00:00,28.16,44.4264,26.1406,17.11,44.4264,26.1406,56.69,44.4264,26.1406
2022-04-14 06:00:00,2022-04-14 07:00:00,39.43,44.4264,26.1406,22.8,44.4264,26.1406,53.2,44.4264,26.1406
2022-04-14 07:00:00,2022-04-14 08:00:00,53.83,44.4264,26.1406,28.43,44.4264,26.1406,46.32,44.4264,26.1406
2022-04-14 08:00:00,2022-04-14 09:00:00,60.81,44.4264,26.1406,28.66,44.4264,26.1406,51.17,44.4264,26.1406
2022-04-14 09:00:00,2022-04-14 10:00:00,45.0,44.4264,26.1406,12.93,44.4264,26.1406,30.2,44.4264,26.1406
2022-04-14 10:00:00,2022-04-14 11:00:00,20.07,44.4264,26.1406,4.95,44.4264,26.1406,11.81,44.4264,26.1406
2022-04-14 11:00:00,2022-04-14 12:00:00,18.73,44.4264,26.1406,10.75,44.4264,26.1406,8.81,44.4264,26.1406
2022-04-14 12:00:00,2022-04-14 13:00:00,19.72,44.4264,26.1406,12.29,44.4264,26.1406,7.5,44.4264,26.1406
2022-04-14 13:00:00,2022-04-14 14:00:00,12.61,44.4264,26.1406,6.47,44.4264,26.1406,7.01,44.4264,26.1406
2022-04-14 14:00:00,2022-04-14 15:00:00,8.19,44.4264,26.1406,1.42,44.4264,26.1406,6.76,44.4264,26.1406
2022-04-14 15:00:00,2022-04-14 16:00:00,7.71,44.4264,26.1406,1.02,44.4264,26.1406,7.2,44.4264,26.1406
2022-04-14 16:00:00,2022-04-14 17:00:00,8.66,44.4264,26.1406,2.83,44.4264,26.1406,7.53,44.4264,26.1406
2022-04-14 17:00:00,2022-04-14 18:00:00,8.74,44.4264,26.1406,3.2,44.4264,26.1406,10.1,44.4264,26.1406
2022-04-14 18:00:00,2022-04-14 19:00:00,14.37,44.4264,26.1406,7.15,44.4264,26.1406,16.22,44.4264,26.1406
2022-04-14 19:00:00,2022-04-14 20:00:00,15.34,44.4264,26.1406,3.61,44.4264,26.1406,24.52,44.4264,26.1406
2022-04-14 20:00:00,2022-04-14 21:00:00,22.23,44.4264,26.1406,9.51,44.4264,26.1406,30.73,44.4264,26.1406
2022-04-14 21:00:00,2022-04-14 22:00:00,21.46,44.4264,26.1406,11.56,44.4264,26.1406,38.17,44.4264,26.1406
2022-04-14 22:00:00,2022-04-14 23:00:00,31.57,44.4264,26.1406,14.83,44.4264,26.1406,71.98,44.4264,26.1406
2022-04-14 23:00:00,2022-04-15 00:00:00,53.42,44.4264,26.1406,28.92,44.4264,26.1406,64.96,44.4264,26.1406
2022-04-15 00:00:00,2022-04-15 01:00:00,91.86,44.4264,26.1406,76.17,44.4264,26.1406,54.81,44.4264,26.1406
2022-04-15 01:00:00,2022-04-15 02:00:00,53.03,44.4264,26.1406,33.02,44.4264,26.1406,57.93,44.4264,26.1406
2022-04-15 02:00:00,2022-04-15 03:00:00,54.28,44.4264,26.1406,36.51,44.4264,26.1406,56.92,44.4264,26.1406
2022-04-15 03:00:00,2022-04-15 04:00:00,43.65,44.4264,26.1406,30.2,44.4264,26.1406,,44.4264,26.1406
2022-04-15 04:00:00,2022-04-15 05:00:00,39.64,44.4264,26.1406,25.6,44.4264,26.1406,42.47,44.4264,26.1406
2022-04-15 05:00:00,2022-04-15 06:00:00,35.52,44.4264,26.1406,22.88,44.4264,26.1406,36.01,44.4264,26.1406
2022-04-15 06:00:00,2022-04-15 07:00:00,27.62,44.4264,26.1406,14.13,44.4264,26.1406,36.15,44.4264,26.1406
2022-04-15 07:00:00,2022-04-15 08:00:00,42.13,44.4264,26.1406,24.16,44.4264,26.1406,42.1,44.4264,26.1406
2022-04-15 08:00:00,2022-04-15 09:00:00,51.29,44.4264,26.1406,30.09,44.4264,26.1406,47.77,44.4264,26.1406
2022-04-15 09:00:00,2022-04-15 10:00:00,43.87,44.4264,26.1406,22.94,44.4264,26.1406,41.7,44.4264,26.1406
2022-04-15 10:00:00,2022-04-15 11:00:00,36.94,44.4264,26.1406,13.15,44.4264,26.1406,31.69,44.4264,26.1406
2022-04-15 11:00:00,2022-04-15 12:00:00,7.7,44.4264,26.1406,,,,11.01,44.4264,26.1406
2022-04-15 12:00:00,2022-04-15 13:00:00,14.7,44.4264,26.1406,4.95,44.4264,26.1406,9.85,44.4264,26.1406
2022-04-15 13:00:00,2022-04-15 14:00:00,12.33,44.4264,26.1406,2.7,44.4264,26.1406,7.95,44.4264,26.1406
2022-04-15 14:00:00,2022-04-15 15:00:00,13.76,44.4264,26.1406,2.99,44.4264,26.1406,8.92,44.4264,26.1406
2022-04-15 15:00:00,2022-04-15 16:00:00,9.87,44.4264,26.1406,,,,8.92,44.4264,26.1406
2022-04-15 16:00:00,2022-04-15 17:00:00,12.06,44.4264,26.1406,2.67,44.4264,26.1406,9.33,44.4264,26.1406
2022-04-15 17:00:00,2022-04-15 18:00:00,14.37,44.4264,26.1406,5.89,44.4264,26.1406,12.17,44.4264,26.1406
2022-04-15 18:00:00,2022-04-15 19:00:00,9.59,44.4264,26.1406,0.99,44.4264,26.1406,15.86,44.4264,26.1406
2022-04-15 19:00:00,2022-04-15 20:00:00,16.81,44.4264,26.1406,4.61,44.4264,26.1406,25.2,44.4264,26.1406
2022-04-15 20:00:00,2022-04-15 21:00:00,24.65,44.4264,26.1406,9.68,44.4264,26.1406,35.84,44.4264,26.1406
2022-04-15 21:00:00,2022-04-15 22:00:00,40.64,44.4264,26.1406,25.38,44.4264,26.1406,49.51,44.4264,26.1406
2022-04-15 22:00:00,2022-04-15 23:00:00,70.49,44.4264,26.1406,54.71,44.4264,26.1406,53.52,44.4264,26.1406
2022-04-15 23:00:00,2022-04-16 00:00:00,12.13,44.4264,26.1406,1.65,44.4264,26.1406,60.39,44.4264,26.1406
2022-04-16 00:00:00,2022-04-16 01:00:00,48.69,44.4264,26.1406,39.85,44.4264,26.1406,55.53,44.4264,26.1406
2022-04-16 01:00:00,2022-04-16 02:00:00,50.55,44.4264,26.1406,37.2,44.4264,26.1406,40.31,44.4264,26.1406
2022-04-16 02:00:00,2022-04-16 03:00:00,29.78,44.4264,26.1406,17.73,44.4264,26.1406,37.58,44.4264,26.1406
2022-04-16 03:00:00,2022-04-16 04:00:00,27.9,44.4264,26.1406,15.56,44.4264,26.1406,49.11,44.4264,26.1406
2022-04-16 04:00:00,2022-04-16 05:00:00,34.62,44.4264,26.1406,21.12,44.4264,26.1406,,44.4264,26.1406
2022-04-16 05:00:00,2022-04-16 06:00:00,41.72,44.4264,26.1406,27.07,44.4264,26.1406,49.63,44.4264,26.1406
2022-04-16 06:00:00,2022-04-16 07:00:00,41.88,44.4264,26.1406,24.97,44.4264,26.1406,51.98,44.4264,26.1406
2022-04-16 07:00:00,2022-04-16 08:00:00,45.21,44.4264,26.1406,20.5,44.4264,26.1406,28.74,44.4264,26.1406
2022-04-16 08:00:00,2022-04-16 09:00:00,28.52,44.4264,26.1406,7.56,44.4264,26.1406,19.59,44.4264,26.1406
2022-04-16 09:00:00,2022-04-16 10:00:00,19.59,44.4264,26.1406,1.68,44.4264,26.1406,13.68,44.4264,26.1406
2022-04-16 10:00:00,2022-04-16 11:00:00,13.91,44.4264,26.1406,,,,16.56,44.4264,26.1406
2022-04-16 11:00:00,2022-04-16 12:00:00,11.4,44.4264,26.1406,,,,16.04,44.4264,26.1406
2022-04-16 12:00:00,2022-04-16 13:00:00,11.86,44.4264,26.1406,,,,14.08,44.4264,26.1406
2022-04-16 13:00:00,2022-04-16 14:00:00,9.8,44.4264,26.1406,,,,12.06,44.4264,26.1406
2022-04-16 14:00:00,2022-04-16 15:00:00,13.33,44.4264,26.1406,2.02,44.4264,26.1406,11.47,44.4264,26.1406
2022-04-16 15:00:00,2022-04-16 16:00:00,19.13,44.4264,26.1406,6.42,44.4264,26.1406,12.13,44.4264,26.1406
2022-04-16 16:00:00,2022-04-16 17:00:00,17.3,44.4264,26.1406,4.21,44.4264,26.1406,9.16,44.4264,26.1406
2022-04-16 17:00:00,2022-04-16 18:00:00,20.82,44.4264,26.1406,9.31,44.4264,26.1406,12.65,44.4264,26.1406
2022-04-16 18:00:00,2022-04-16 19:00:00,21.13,44.4264,26.1406,8.91,44.4264,26.1406,12.99,44.4264,26.1406
2022-04-16 19:00:00,2022-04-16 20:00:00,28.54,44.4264,26.1406,15.25,44.4264,26.1406,17.32,44.4264,26.1406
2022-04-16 20:00:00,2022-04-16 21:00:00,40.74,44.4264,26.1406,25.84,44.4264,26.1406,14.54,44.4264,26.1406
2022-04-16 21:00:00,2022-04-16 22:00:00,16.77,44.4264,26.1406,9.47,44.4264,26.1406,10.81,44.4264,26.1406
2022-04-16 22:00:00,2022-04-16 23:00:00,9.64,44.4264,26.1406,1.73,44.4264,26.1406,9.68,44.4264,26.1406
2022-04-16 23:00:00,2022-04-17 00:00:00,0.49,44.4264,26.1406,,,,7.48,44.4264,26.1406
2022-04-17 00:00:00,2022-04-17 01:00:00,6.62,44.4264,26.1406,,,,6.68,44.4264,26.1406
2022-04-17 01:00:00,2022-04-17 02:00:00,11.54,44.4264,26.1406,,,,5.95,44.4264,26.1406
2022-04-17 02:00:00,2022-04-17 03:00:00,13.0,44.4264,26.1406,,,,5.63,44.4264,26.1406
2022-04-17 03:00:00,2022-04-17 04:00:00,19.81,44.4264,26.1406,,,,5.78,44.4264,26.1406
2022-04-17 04:00:00,2022-04-17 05:00:00,25.49,44.4264,26.1406,,,,5.49,44.4264,26.1406
2022-04-17 05:00:00,2022-04-17 06:00:00,7.33,44.4264,26.1406,0.59,44.4264,26.1406,,44.4264,26.1406
2022-04-17 06:00:00,2022-04-17 07:00:00,8.64,44.4264,26.1406,2.25,44.4264,26.1406,7.18,44.4264,26.1406
2022-04-17 07:00:00,2022-04-17 08:00:00,6.26,44.4264,26.1406,1.94,44.4264,26.1406,7.17,44.4264,26.1406
2022-04-17 08:00:00,2022-04-17 09:00:00,4.77,44.4264,26.1406,3.56,44.4264,26.1406,7.68,44.4264,26.1406
2022-04-17 09:00:00,2022-04-17 10:00:00,6.67,44.4264,26.1406,5.35,44.4264,26.1406,8.15,44.4264,26.1406
2022-04-17 10:00:00,2022-04-17 11:00:00,6.15,44.4264,26.1406,4.12,44.4264,26.1406,8.92,44.4264,26.1406
2022-04-17 11:00:00,2022-04-17 12:00:00,7.09,44.4264,26.1406,5.26,44.4264,26.1406,9.57,44.4264,26.1406
2022-04-17 12:00:00,2022-04-17 13:00:00,3.03,44.4264,26.1406,1.08,44.4264,26.1406,9.97,44.4264,26.1406
2022-04-17 13:00:00,2022-04-17 14:00:00,5.92,44.4264,26.1406,3.74,44.4264,26.1406,9.66,44.4264,26.1406
2022-04-17 14:00:00,2022-04-17 15:00:00,6.4,44.4264,26.1406,3.66,44.4264,26.1406,10.63,44.4264,26.1406
2022-04-17 15:00:00,2022-04-17 16:00:00,1.41,44.4264,26.1406,,,,10.63,44.4264,26.1406
2022-04-17 16:00:00,2022-04-17 17:00:00,2.07,44.4264,26.1406,,,,11.14,44.4264,26.1406
2022-04-17 17:00:00,2022-04-17 18:00:00,7.11,44.4264,26.1406,4.18,44.4264,26.1406,13.8,44.4264,26.1406
2022-04-17 18:00:00,2022-04-17 19:00:00,6.0,44.4264,26.1406,3.17,44.4264,26.1406,14.31,44.4264,26.1406
2022-04-17 19:00:00,2022-04-17 20:00:00,5.35,44.4264,26.1406,2.41,44.4264,26.1406,13.35,44.4264,26.1406
2022-04-17 20:00:00,2022-04-17 21:00:00,2.72,44.4264,26.1406,0.12,44.4264,26.1406,11.74,44.4264,26.1406
2022-04-17 21:00:00,2022-04-17 22:00:00,1.74,44.4264,26.1406,,,,11.78,44.4264,26.1406
2022-04-17 22:00:00,2022-04-17 23:00:00,4.54,44.4264,26.1406,1.91,44.4264,26.1406,11.6,44.4264,26.1406
2022-04-17 23:00:00,2022-04-18 00:00:00,5.24,44.4264,26.1406,2.55,44.4264,26.1406,9.31,44.4264,26.1406
2022-04-18 00:00:00,2022-04-18 01:00:00,7.8,44.4264,26.1406,5.45,44.4264,26.1406,7.6,44.4264,26.1406
2022-04-18 01:00:00,2022-04-18 02:00:00,5.15,44.4264,26.1406,1.85,44.4264,26.1406,7.15,44.4264,26.1406
2022-04-18 02:00:00,2022-04-18 03:00:00,6.29,44.4264,26.1406,3.52,44.4264,26.1406,6.66,44.4264,26.1406
2022-04-18 03:00:00,2022-04-18 04:00:00,0.14,44.4264,26.1406,,,,6.16,44.4264,26.1406
2022-04-18 04:00:00,2022-04-18 05:00:00,3.16,44.4264,26.1406,0.36,44.4264,26.1406,10.69,44.4264,26.1406
2022-04-18 05:00:00,2022-04-18 06:00:00,8.42,44.4264,26.1406,5.18,44.4264,26.1406,16.77,44.4264,26.1406
2022-04-18 06:00:00,2022-04-18 07:00:00,5.99,44.4264,26.1406,1.91,44.4264,26.1406,,44.4264,26.1406
2022-04-18 07:00:00,2022-04-18 08:00:00,5.77,44.4264,26.1406,2.31,44.4264,26.1406,19.12,44.4264,26.1406
2022-04-18 08:00:00,2022-04-18 09:00:00,9.55,44.4264,26.1406,4.93,44.4264,26.1406,18.35,44.4264,26.1406
2022-04-18 09:00:00,2022-04-18 10:00:00,12.55,44.4264,26.1406,8.21,44.4264,26.1406,13.84,44.4264,26.1406
2022-04-18 10:00:00,2022-04-18 11:00:00,3.27,44.4264,26.1406,,,,11.28,44.4264,26.1406
2022-04-18 11:00:00,2022-04-18 12:00:00,5.84,44.4264,26.1406,0.95,44.4264,26.1406,9.38,44.4264,26.1406
2022-04-18 12:00:00,2022-04-18 13:00:00,8.07,44.4264,26.1406,3.41,44.4264,26.1406,9.05,44.4264,26.1406
2022-04-18 13:00:00,2022-04-18 14:00:00,5.25,44.4264,26.1406,1.22,44.4264,26.1406,8.76,44.4264,26.1406
2022-04-18 14:00:00,2022-04-18 15:00:00,5.96,44.4264,26.1406,1.89,44.4264,26.1406,11.2,44.4264,26.1406
2022-04-18 15:00:00,2022-04-18 16:00:00,6.69,44.4264,26.1406,2.42,44.4264,26.1406,14.11,44.4264,26.1406
2022-04-18 16:00:00,2022-04-18 17:00:00,8.74,44.4264,26.1406,4.58,44.4264,26.1406,20.54,44.4264,26.1406
2022-04-18 17:00:00,2022-04-18 18:00:00,9.71,44.4264,26.1406,4.91,44.4264,26.1406,17.3,44.4264,26.1406
2022-04-18 18:00:00,2022-04-18 19:00:00,9.91,44.4264,26.1406,5.61,44.4264,26.1406,18.43,44.4264,26.1406
2022-04-18 19:00:00,2022-04-18 20:00:00,11.75,44.4264,26.1406,5.72,44.4264,26.1406,25.67,44.4264,26.1406
2022-04-18 20:00:00,2022-04-18 21:00:00,16.55,44.4264,26.1406,9.6,44.4264,26.1406,23.94,44.4264,26.1406
2022-04-18 21:00:00,2022-04-18 22:00:00,11.89,44.4264,26.1406,6.12,44.4264,26.1406,16.66,44.4264,26.1406
2022-04-18 22:00:00,2022-04-18 23:00:00,6.43,44.4264,26.1406,1.35,44.4264,26.1406,14.84,44.4264,26.1406
2022-04-18 23:00:00,2022-04-19 00:00:00,3.5,44.4264,26.1406,,,,13.21,44.4264,26.1406
2022-04-19 00:00:00,2022-04-19 01:00:00,2.9,44.4264,26.1406,,,,13.21,44.4264,26.1406
2022-04-19 01:00:00,2022-04-19 02:00:00,4.42,44.4264,26.1406,1.07,44.4264,26.1406,11.9,44.4264,26.1406
2022-04-19 02:00:00,2022-04-19 03:00:00,0.91,44.4264,26.1406,,,,12.32,44.4264,26.1406
2022-04-19 04:00:00,2022-04-19 05:00:00,0.25,44.4264,26.1406,,,,13.46,44.4264,26.1406
2022-04-19 05:00:00,2022-04-19 06:00:00,1.7,44.4264,26.1406,,,,12.44,44.4264,26.1406
2022-04-19 06:00:00,2022-04-19 07:00:00,1.43,44.4264,26.1406,,,,25.92,44.4264,26.1406
2022-04-19 07:00:00,2022-04-19 08:00:00,5.3,44.4264,26.1406,,,,,44.4264,26.1406
2022-04-19 08:00:00,2022-04-19 09:00:00,1.31,44.4264,26.1406,,,,27.36,44.4264,26.1406
2022-04-19 09:00:00,2022-04-19 10:00:00,1.16,44.4264,26.1406,,,,20.68,44.4264,26.1406
2022-04-19 14:00:00,2022-04-19 15:00:00,1.37,44.4264,26.1406,,,,13.9,44.4264,26.1406
2022-04-19 15:00:00,2022-04-19 16:00:00,0.21,44.4264,26.1406,,,,25.94,44.4264,26.1406
2022-04-19 17:00:00,2022-04-19 18:00:00,0.76,44.4264,26.1406,,,,45.91,44.4264,26.1406
2022-04-19 18:00:00,2022-04-19 19:00:00,3.75,44.4264,26.1406,,,,37.4,44.4264,26.1406
2022-04-19 19:00:00,2022-04-19 20:00:00,5.64,44.4264,26.1406,2.24,44.4264,26.1406,30.19,44.4264,26.1406
2022-04-19 20:00:00,2022-04-19 21:00:00,1.09,44.4264,26.1406,,,,17.66,44.4264,26.1406
2022-04-19 21:00:00,2022-04-19 22:00:00,6.88,44.4264,26.1406,3.79,44.4264,26.1406,50.86,44.4264,26.1406
2022-04-19 22:00:00,2022-04-19 23:00:00,12.52,44.4264,26.1406,9.16,44.4264,26.1406,19.8,44.4264,26.1406
2022-04-19 23:00:00,2022-04-20 00:00:00,9.93,44.4264,26.1406,6.74,44.4264,26.1406,30.26,44.4264,26.1406
2022-04-20 00:00:00,2022-04-20 01:00:00,14.37,44.4264,26.1406,11.24,44.4264,26.1406,35.49,44.4264,26.1406
2022-04-20 01:00:00,2022-04-20 02:00:00,14.66,44.4264,26.1406,11.41,44.4264,26.1406,15.5,44.4264,26.1406
2022-04-20 02:00:00,2022-04-20 03:00:00,15.1,44.4264,26.1406,12.0,44.4264,26.1406,12.3,44.4264,26.1406
2022-04-20 03:00:00,2022-04-20 04:00:00,18.38,44.4264,26.1406,15.31,44.4264,26.1406,14.35,44.4264,26.1406
2022-04-20 04:00:00,2022-04-20 05:00:00,17.42,44.4264,26.1406,13.71,44.4264,26.1406,22.0,44.4264,26.1406
2022-04-20 05:00:00,2022-04-20 06:00:00,21.16,44.4264,26.1406,18.22,44.4264,26.1406,24.57,44.4264,26.1406
2022-04-20 06:00:00,2022-04-20 07:00:00,20.09,44.4264,26.1406,16.64,44.4264,26.1406,32.71,44.4264,26.1406
2022-04-20 07:00:00,2022-04-20 08:00:00,15.73,44.4264,26.1406,10.52,44.4264,26.1406,34.09,44.4264,26.1406
2022-04-20 08:00:00,2022-04-20 09:00:00,14.82,44.4264,26.1406,9.08,44.4264,26.1406,,44.4264,26.1406
2022-04-20 09:00:00,2022-04-20 10:00:00,24.97,44.4264,26.1406,17.19,44.4264,26.1406,19.67,44.4264,26.1406
2022-04-20 10:00:00,2022-04-20 11:00:00,19.32,44.4264,26.1406,11.42,44.4264,26.1406,13.61,44.4264,26.1406
2022-04-20 11:00:00,2022-04-20 12:00:00,11.89,44.4264,26.1406,6.3,44.4264,26.1406,11.89,44.4264,26.1406
2022-04-20 12:00:00,2022-04-20 13:00:00,9.25,44.4264,26.1406,3.81,44.4264,26.1406,8.04,44.4264,26.1406
2022-04-20 13:00:00,2022-04-20 14:00:00,6.96,44.4264,26.1406,3.13,44.4264,26.1406,8.62,44.4264,26.1406
2022-04-20 14:00:00,2022-04-20 15:00:00,9.16,44.4264,26.1406,5.02,44.4264,26.1406,7.3,44.4264,26.1406
2022-04-20 15:00:00,2022-04-20 16:00:00,9.66,44.4264,26.1406,5.91,44.4264,26.1406,8.18,44.4264,26.1406
2022-04-20 16:00:00,2022-04-20 17:00:00,11.3,44.4264,26.1406,7.23,44.4264,26.1406,8.76,44.4264,26.1406
2022-04-20 17:00:00,2022-04-20 18:00:00,12.17,44.4264,26.1406,7.16,44.4264,26.1406,10.5,44.4264,26.1406
2022-04-20 18:00:00,2022-04-20 19:00:00,16.14,44.4264,26.1406,9.81,44.4264,26.1406,13.9,44.4264,26.1406
2022-04-20 19:00:00,2022-04-20 20:00:00,17.39,44.4264,26.1406,11.8,44.4264,26.1406,12.03,44.4264,26.1406
2022-04-20 20:00:00,2022-04-20 21:00:00,13.71,44.4264,26.1406,8.84,44.4264,26.1406,11.75,44.4264,26.1406
2022-04-20 21:00:00,2022-04-20 22:00:00,16.47,44.4264,26.1406,11.77,44.4264,26.1406,11.64,44.4264,26.1406
2022-04-20 22:00:00,2022-04-20 23:00:00,12.93,44.4264,26.1406,9.3,44.4264,26.1406,14.81,44.4264,26.1406
2022-04-20 23:00:00,2022-04-21 00:00:00,14.79,44.4264,26.1406,11.46,44.4264,26.1406,10.18,44.4264,26.1406
2022-04-21 00:00:00,2022-04-21 01:00:00,14.34,44.4264,26.1406,11.4,44.4264,26.1406,12.3,44.4264,26.1406
2022-04-21 01:00:00,2022-04-21 02:00:00,13.3,44.4264,26.1406,11.32,44.4264,26.1406,11.45,44.4264,26.1406
2022-04-21 02:00:00,2022-04-21 03:00:00,13.42,44.4264,26.1406,11.67,44.4264,26.1406,15.78,44.4264,26.1406
2022-04-21 03:00:00,2022-04-21 04:00:00,17.34,44.4264,26.1406,16.2,44.4264,26.1406,14.46,44.4264,26.1406
2022-04-21 04:00:00,2022-04-21 05:00:00,22.62,44.4264,26.1406,21.71,44.4264,26.1406,9.14,44.4264,26.1406
2022-04-21 05:00:00,2022-04-21 06:00:00,15.41,44.4264,26.1406,14.14,44.4264,26.1406,12.14,44.4264,26.1406
2022-04-21 06:00:00,2022-04-21 07:00:00,17.05,44.4264,26.1406,14.44,44.4264,26.1406,16.52,44.4264,26.1406
2022-04-21 07:00:00,2022-04-21 08:00:00,18.21,44.4264,26.1406,15.32,44.4264,26.1406,16.66,44.4264,26.1406
2022-04-21 08:00:00,2022-04-21 09:00:00,22.52,44.4264,26.1406,18.98,44.4264,26.1406,13.47,44.4264,26.1406
2022-04-21 09:00:00,2022-04-21 10:00:00,21.92,44.4264,26.1406,15.93,44.4264,26.1406,,44.4264,26.1406
2022-04-21 10:00:00,2022-04-21 11:00:00,21.69,44.4264,26.1406,14.35,44.4264,26.1406,12.15,44.4264,26.1406
2022-04-21 11:00:00,2022-04-21 12:00:00,17.51,44.4264,26.1406,10.0,44.4264,26.1406,9.24,44.4264,26.1406
2022-04-21 12:00:00,2022-04-21 13:00:00,9.88,44.4264,26.1406,5.75,44.4264,26.1406,8.11,44.4264,26.1406
2022-04-21 13:00:00,2022-04-21 14:00:00,12.71,44.4264,26.1406,6.66,44.4264,26.1406,8.83,44.4264,26.1406
2022-04-21 14:00:00,2022-04-21 15:00:00,11.48,44.4264,26.1406,4.57,44.4264,26.1406,8.04,44.4264,26.1406
2022-04-21 15:00:00,2022-04-21 16:00:00,10.5,44.4264,26.1406,1.15,44.4264,26.1406,7.67,44.4264,26.1406
2022-04-21 16:00:00,2022-04-21 17:00:00,12.24,44.4264,26.1406,7.73,44.4264,26.1406,7.73,44.4264,26.1406
2022-04-21 17:00:00,2022-04-21 18:00:00,11.56,44.4264,26.1406,7.61,44.4264,26.1406,9.32,44.4264,26.1406
2022-04-21 18:00:00,2022-04-21 19:00:00,11.37,44.4264,26.1406,7.52,44.4264,26.1406,13.27,44.4264,26.1406
2022-04-21 19:00:00,2022-04-21 20:00:00,16.81,44.4264,26.1406,11.22,44.4264,26.1406,29.17,44.4264,26.1406
2022-04-21 20:00:00,2022-04-21 21:00:00,25.09,44.4264,26.1406,15.84,44.4264,26.1406,30.35,44.4264,26.1406
2022-04-21 21:00:00,2022-04-21 22:00:00,22.02,44.4264,26.1406,14.0,44.4264,26.1406,32.2,44.4264,26.1406
2022-04-21 22:00:00,2022-04-21 23:00:00,21.82,44.4264,26.1406,14.54,44.4264,26.1406,54.01,44.4264,26.1406
2022-04-21 23:00:00,2022-04-22 00:00:00,32.77,44.4264,26.1406,17.19,44.4264,26.1406,64.21,44.4264,26.1406
2022-04-22 00:00:00,2022-04-22 01:00:00,42.55,44.4264,26.1406,26.8,44.4264,26.1406,45.44,44.4264,26.1406
2022-04-22 01:00:00,2022-04-22 02:00:00,30.64,44.4264,26.1406,23.52,44.4264,26.1406,17.77,44.4264,26.1406
2022-04-22 02:00:00,2022-04-22 03:00:00,20.88,44.4264,26.1406,17.5,44.4264,26.1406,23.19,44.4264,26.1406
2022-04-22 03:00:00,2022-04-22 04:00:00,29.83,44.4264,26.1406,23.83,44.4264,26.1406,39.56,44.4264,26.1406
2022-04-22 04:00:00,2022-04-22 05:00:00,29.31,44.4264,26.1406,22.7,44.4264,26.1406,31.14,44.4264,26.1406
2022-04-22 05:00:00,2022-04-22 06:00:00,29.67,44.4264,26.1406,25.01,44.4264,26.1406,37.42,44.4264,26.1406
2022-04-22 06:00:00,2022-04-22 07:00:00,42.74,44.4264,26.1406,33.63,44.4264,26.1406,51.67,44.4264,26.1406
2022-04-22 07:00:00,2022-04-22 08:00:00,42.55,44.4264,26.1406,28.62,44.4264,26.1406,50.6,44.4264,26.1406
2022-04-22 08:00:00,2022-04-22 09:00:00,37.74,44.4264,26.1406,27.07,44.4264,26.1406,48.3,44.4264,26.1406
2022-04-22 09:00:00,2022-04-22 10:00:00,36.54,44.4264,26.1406,25.22,44.4264,26.1406,58.3,44.4264,26.1406
2022-04-22 10:00:00,2022-04-22 11:00:00,31.91,44.4264,26.1406,21.42,44.4264,26.1406,,44.4264,26.1406
2022-04-22 11:00:00,2022-04-22 12:00:00,24.06,44.4264,26.1406,16.48,44.4264,26.1406,37.5,44.4264,26.1406
2022-04-22 12:00:00,2022-04-22 13:00:00,24.87,44.4264,26.1406,18.13,44.4264,26.1406,26.06,44.4264,26.1406
2022-04-22 13:00:00,2022-04-22 14:00:00,26.13,44.4264,26.1406,19.21,44.4264,26.1406,18.12,44.4264,26.1406
2022-04-22 14:00:00,2022-04-22 15:00:00,17.39,44.4264,26.1406,9.66,44.4264,26.1406,16.03,44.4264,26.1406
2022-04-22 15:00:00,2022-04-22 16:00:00,8.49,44.4264,26.1406,,,,13.42,44.4264,26.1406
2022-04-22 16:00:00,2022-04-22 17:00:00,4.93,44.4264,26.1406,,,,12.2,44.4264,26.1406
2022-04-22 17:00:00,2022-04-22 18:00:00,4.82,44.4264,26.1406,,,,15.58,44.4264,26.1406
2022-04-22 18:00:00,2022-04-22 19:00:00,7.51,44.4264,26.1406,,,,22.74,44.4264,26.1406
2022-04-22 19:00:00,2022-04-22 20:00:00,12.94,44.4264,26.1406,,,,27.68,44.4264,26.1406
2022-04-22 20:00:00,2022-04-22 21:00:00,23.66,44.4264,26.1406,10.14,44.4264,26.1406,37.69,44.4264,26.1406
2022-04-22 21:00:00,2022-04-22 22:00:00,27.53,44.4264,26.1406,13.22,44.4264,26.1406,32.59,44.4264,26.1406
2022-04-22 22:00:00,2022-04-22 23:00:00,22.79,44.4264,26.1406,9.38,44.4264,26.1406,34.45,44.4264,26.1406
2022-04-22 23:00:00,2022-04-23 00:00:00,26.68,44.4264,26.1406,15.36,44.4264,26.1406,28.27,44.4264,26.1406
2022-04-23 00:00:00,2022-04-23 01:00:00,29.74,44.4264,26.1406,21.71,44.4264,26.1406,18.5,44.4264,26.1406
2022-04-23 01:00:00,2022-04-23 02:00:00,28.4,44.4264,26.1406,21.87,44.4264,26.1406,13.4,44.4264,26.1406
2022-04-23 02:00:00,2022-04-23 03:00:00,30.98,44.4264,26.1406,24.41,44.4264,26.1406,13.75,44.4264,26.1406
2022-04-23 03:00:00,2022-04-23 04:00:00,33.99,44.4264,26.1406,26.32,44.4264,26.1406,17.51,44.4264,26.1406
2022-04-23 04:00:00,2022-04-23 05:00:00,35.01,44.4264,26.1406,26.93,44.4264,26.1406,19.49,44.4264,26.1406
2022-04-23 05:00:00,2022-04-23 06:00:00,30.86,44.4264,26.1406,22.94,44.4264,26.1406,19.48,44.4264,26.1406
2022-04-23 06:00:00,2022-04-23 07:00:00,33.84,44.4264,26.1406,26.92,44.4264,26.1406,15.3,44.4264,26.1406
2022-04-23 07:00:00,2022-04-23 08:00:00,35.34,44.4264,26.1406,28.7,44.4264,26.1406,13.22,44.4264,26.1406
2022-04-23 08:00:00,2022-04-23 09:00:00,32.34,44.4264,26.1406,25.38,44.4264,26.1406,9.81,44.4264,26.1406
2022-04-23 09:00:00,2022-04-23 10:00:00,27.68,44.4264,26.1406,18.97,44.4264,26.1406,10.85,44.4264,26.1406
2022-04-23 10:00:00,2022-04-23 11:00:00,19.11,44.4264,26.1406,8.31,44.4264,26.1406,8.03,44.4264,26.1406
2022-04-23 11:00:00,2022-04-23 12:00:00,9.26,44.4264,26.1406,,,,,44.4264,26.1406
2022-04-23 12:00:00,2022-04-23 13:00:00,3.56,44.4264,26.1406,,,,7.63,44.4264,26.1406
2022-04-23 13:00:00,2022-04-23 14:00:00,4.22,44.4264,26.1406,,,,7.34,44.4264,26.1406
2022-04-23 14:00:00,2022-04-23 15:00:00,0.06,44.4264,26.1406,,,,5.95,44.4264,26.1406
2022-04-23 15:00:00,2022-04-23 16:00:00,0.59,44.4264,26.1406,,,,5.81,44.4264,26.1406
2022-04-23 16:00:00,2022-04-23 17:00:00,4.45,44.4264,26.1406,,,,5.35,44.4264,26.1406
2022-04-23 17:00:00,2022-04-23 18:00:00,3.36,44.4264,26.1406,,,,5.11,44.4264,26.1406
2022-04-23 18:00:00,2022-04-23 19:00:00,7.31,44.4264,26.1406,0.86,44.4264,26.1406,6.97,44.4264,26.1406
2022-04-23 19:00:00,2022-04-23 20:00:00,10.16,44.4264,26.1406,3.61,44.4264,26.1406,10.29,44.4264,26.1406
2022-04-23 20:00:00,2022-04-23 21:00:00,13.23,44.4264,26.1406,9.04,44.4264,26.1406,18.1,44.4264,26.1406
2022-04-23 21:00:00,2022-04-23 22:00:00,18.17,44.4264,26.1406,15.31,44.4264,26.1406,21.75,44.4264,26.1406
2022-04-23 22:00:00,2022-04-23 23:00:00,21.31,44.4264,26.1406,17.38,44.4264,26.1406,17.05,44.4264,26.1406
2022-04-23 23:00:00,2022-04-24 00:00:00,24.8,44.4264,26.1406,17.94,44.4264,26.1406,14.32,44.4264,26.1406
2022-04-24 00:00:00,2022-04-24 01:00:00,30.3,44.4264,26.1406,23.73,44.4264,26.1406,18.06,44.4264,26.1406
2022-04-24 01:00:00,2022-04-24 02:00:00,35.43,44.4264,26.1406,29.67,44.4264,26.1406,11.83,44.4264,26.1406
2022-04-24 02:00:00,2022-04-24 03:00:00,36.99,44.4264,26.1406,30.02,44.4264,26.1406,12.77,44.4264,26.1406
2022-04-24 03:00:00,2022-04-24 04:00:00,45.51,44.4264,26.1406,39.0,44.4264,26.1406,14.16,44.4264,26.1406
2022-04-24 04:00:00,2022-04-24 05:00:00,29.43,44.4264,26.1406,24.1,44.4264,26.1406,20.43,44.4264,26.1406
2022-04-24 05:00:00,2022-04-24 06:00:00,36.16,44.4264,26.1406,31.11,44.4264,26.1406,12.94,44.4264,26.1406
2022-04-24 06:00:00,2022-04-24 07:00:00,39.36,44.4264,26.1406,34.4,44.4264,26.1406,12.77,44.4264,26.1406
2022-04-24 07:00:00,2022-04-24 08:00:00,44.45,44.4264,26.1406,40.23,44.4264,26.1406,13.32,44.4264,26.1406
2022-04-24 08:00:00,2022-04-24 09:00:00,45.32,44.4264,26.1406,40.72,44.4264,26.1406,14.53,44.4264,26.1406
2022-04-24 09:00:00,2022-04-24 10:00:00,32.42,44.4264,26.1406,26.76,44.4264,26.1406,16.38,44.4264,26.1406
2022-04-24 10:00:00,2022-04-24 11:00:00,21.06,44.4264,26.1406,14.58,44.4264,26.1406,12.41,44.4264,26.1406
2022-04-24 11:00:00,2022-04-24 12:00:00,14.23,44.4264,26.1406,10.0,44.4264,26.1406,6.91,44.4264,26.1406
2022-04-24 12:00:00,2022-04-24 13:00:00,12.94,44.4264,26.1406,9.02,44.4264,26.1406,,44.4264,26.1406
2022-04-24 13:00:00,2022-04-24 14:00:00,9.91,44.4264,26.1406,4.68,44.4264,26.1406,5.63,44.4264,26.1406
2022-04-24 14:00:00,2022-04-24 15:00:00,5.6,44.4264,26.1406,1.01,44.4264,26.1406,5.74,44.4264,26.1406
2022-04-24 15:00:00,2022-04-24 16:00:00,9.2,44.4264,26.1406,4.87,44.4264,26.1406,5.68,44.4264,26.1406
2022-04-24 16:00:00,2022-04-24 17:00:00,5.96,44.4264,26.1406,0.89,44.4264,26.1406,6.22,44.4264,26.1406
2022-04-24 17:00:00,2022-04-24 18:00:00,8.22,44.4264,26.1406,3.61,44.4264,26.1406,8.1,44.4264,26.1406
2022-04-24 18:00:00,2022-04-24 19:00:00,13.3,44.4264,26.1406,9.06,44.4264,26.1406,17.39,44.4264,26.1406
2022-04-24 19:00:00,2022-04-24 20:00:00,19.52,44.4264,26.1406,10.03,44.4264,26.1406,49.7,44.4264,26.1406
2022-04-24 20:00:00,2022-04-24 21:00:00,26.69,44.4264,26.1406,12.93,44.4264,26.1406,50.85,44.4264,26.1406
2022-04-24 21:00:00,2022-04-24 22:00:00,28.71,44.4264,26.1406,18.01,44.4264,26.1406,32.66,44.4264,26.1406
2022-04-24 22:00:00,2022-04-24 23:00:00,23.57,44.4264,26.1406,14.77,44.4264,26.1406,15.99,44.4264,26.1406
2022-04-24 23:00:00,2022-04-25 00:00:00,21.63,44.4264,26.1406,14.41,44.4264,26.1406,14.48,44.4264,26.1406
2022-04-25 00:00:00,2022-04-25 01:00:00,20.99,44.4264,26.1406,13.52,44.4264,26.1406,16.08,44.4264,26.1406
2022-04-25 01:00:00,2022-04-25 02:00:00,20.38,44.4264,26.1406,12.77,44.4264,26.1406,15.08,44.4264,26.1406
2022-04-25 02:00:00,2022-04-25 03:00:00,26.46,44.4264,26.1406,17.56,44.4264,26.1406,17.01,44.4264,26.1406
2022-04-25 07:00:00,2022-04-25 08:00:00,17.24,44.4264,26.1406,11.44,44.4264,26.1406,12.84,44.4264,26.1406
2022-04-25 08:00:00,2022-04-25 09:00:00,9.73,44.4264,26.1406,3.79,44.4264,26.1406,11.03,44.4264,26.1406
2022-04-25 09:00:00,2022-04-25 10:00:00,14.92,44.4264,26.1406,6.58,44.4264,26.1406,13.12,44.4264,26.1406
2022-04-25 10:00:00,2022-04-25 11:00:00,21.9,44.4264,26.1406,8.05,44.4264,26.1406,13.34,44.4264,26.1406
2022-04-25 11:00:00,2022-04-25 12:00:00,19.29,44.4264,26.1406,0.55,44.4264,26.1406,10.32,44.4264,26.1406
2022-04-25 12:00:00,2022-04-25 13:00:00,21.62,44.4264,26.1406,1.01,44.4264,26.1406,8.55,44.4264,26.1406
2022-04-25 13:00:00,2022-04-25 14:00:00,26.42,44.4264,26.1406,2.34,44.4264,26.1406,,44.4264,26.1406
2022-04-25 14:00:00,2022-04-25 15:00:00,26.65,44.4264,26.1406,2.53,44.4264,26.1406,5.21,44.4264,26.1406
2022-04-25 15:00:00,2022-04-25 16:00:00,28.82,44.4264,26.1406,5.18,44.4264,26.1406,4.64,44.4264,26.1406
2022-04-25 16:00:00,2022-04-25 17:00:00,35.78,44.4264,26.1406,9.76,44.4264,26.1406,4.39,44.4264,26.1406
2022-04-25 17:00:00,2022-04-25 18:00:00,23.51,44.4264,26.1406,5.56,44.4264,26.1406,4.78,44.4264,26.1406
2022-04-25 18:00:00,2022-04-25 19:00:00,21.21,44.4264,26.1406,7.4,44.4264,26.1406,6.8,44.4264,26.1406
2022-04-25 19:00:00,2022-04-25 20:00:00,19.69,44.4264,26.1406,8.43,44.4264,26.1406,10.57,44.4264,26.1406
2022-04-25 20:00:00,2022-04-25 21:00:00,19.21,44.4264,26.1406,8.33,44.4264,26.1406,14.54,44.4264,26.1406
2022-04-25 21:00:00,2022-04-25 22:00:00,22.56,44.4264,26.1406,14.38,44.4264,26.1406,13.42,44.4264,26.1406
2022-04-25 22:00:00,2022-04-25 23:00:00,19.26,44.4264,26.1406,12.48,44.4264,26.1406,12.55,44.4264,26.1406
2022-04-25 23:00:00,2022-04-26 00:00:00,17.03,44.4264,26.1406,10.96,44.4264,26.1406,10.87,44.4264,26.1406
2022-04-26 00:00:00,2022-04-26 01:00:00,14.31,44.4264,26.1406,8.14,44.4264,26.1406,10.32,44.4264,26.1406
2022-04-26 01:00:00,2022-04-26 02:00:00,20.86,44.4264,26.1406,13.2,44.4264,26.1406,15.01,44.4264,26.1406
2022-04-26 02:00:00,2022-04-26 03:00:00,21.56,44.4264,26.1406,6.45,44.4264,26.1406,20.79,44.4264,26.1406
2022-04-26 03:00:00,2022-04-26 04:00:00,10.17,44.4264,26.1406,2.07,44.4264,26.1406,29.52,44.4264,26.1406
2022-04-26 04:00:00,2022-04-26 05:00:00,29.22,44.4264,26.1406,21.96,44.4264,26.1406,30.6,44.4264,26.1406
2022-04-26 05:00:00,2022-04-26 06:00:00,37.62,44.4264,26.1406,27.35,44.4264,26.1406,38.33,44.4264,26.1406
2022-04-26 06:00:00,2022-04-26 07:00:00,51.16,44.4264,26.1406,36.41,44.4264,26.1406,35.16,44.4264,26.1406
2022-04-26 07:00:00,2022-04-26 08:00:00,48.57,44.4264,26.1406,32.57,44.4264,26.1406,34.45,44.4264,26.1406
2022-04-26 08:00:00,2022-04-26 09:00:00,43.72,44.4264,26.1406,27.3,44.4264,26.1406,34.26,44.4264,26.1406
2022-04-26 09:00:00,2022-04-26 10:00:00,26.23,44.4264,26.1406,12.69,44.4264,26.1406,19.23,44.4264,26.1406
2022-04-26 10:00:00,2022-04-26 11:00:00,29.98,44.4264,26.1406,20.09,44.4264,26.1406,11.98,44.4264,26.1406
2022-04-26 11:00:00,2022-04-26 12:00:00,21.79,44.4264,26.1406,13.2,44.4264,26.1406,7.46,44.4264,26.1406
2022-04-26 12:00:00,2022-04-26 13:00:00,2.74,44.4264,26.1406,,,,7.43,44.4264,26.1406
2022-04-26 18:00:00,2022-04-26 19:00:00,0.86,44.4264,26.1406,,,,10.99,44.4264,26.1406
2022-04-26 19:00:00,2022-04-26 20:00:00,4.41,44.4264,26.1406,,,,20.6,44.4264,26.1406
2022-04-26 20:00:00,2022-04-26 21:00:00,11.22,44.4264,26.1406,,,,24.01,44.4264,26.1406
2022-04-26 21:00:00,2022-04-26 22:00:00,19.31,44.4264,26.1406,8.7,44.4264,26.1406,32.81,44.4264,26.1406
2022-04-26 22:00:00,2022-04-26 23:00:00,20.75,44.4264,26.1406,7.39,44.4264,26.1406,41.33,44.4264,26.1406
2022-04-26 23:00:00,2022-04-27 00:00:00,22.94,44.4264,26.1406,8.09,44.4264,26.1406,47.28,44.4264,26.1406
2022-04-27 00:00:00,2022-04-27 01:00:00,32.42,44.4264,26.1406,15.26,44.4264,26.1406,42.41,44.4264,26.1406
2022-04-27 01:00:00,2022-04-27 02:00:00,24.32,44.4264,26.1406,5.96,44.4264,26.1406,46.7,44.4264,26.1406
2022-04-27 02:00:00,2022-04-27 03:00:00,14.62,44.4264,26.1406,,,,45.65,44.4264,26.1406
2022-04-27 03:00:00,2022-04-27 04:00:00,34.09,44.4264,26.1406,20.07,44.4264,26.1406,47.18,44.4264,26.1406
2022-04-27 04:00:00,2022-04-27 05:00:00,23.92,44.4264,26.1406,13.17,44.4264,26.1406,16.18,44.4264,26.1406
2022-04-27 05:00:00,2022-04-27 06:00:00,15.19,44.4264,26.1406,8.32,44.4264,26.1406,14.05,44.4264,26.1406
2022-04-27 06:00:00,2022-04-27 07:00:00,22.31,44.4264,26.1406,14.07,44.4264,26.1406,14.42,44.4264,26.1406
2022-04-27 07:00:00,2022-04-27 08:00:00,28.51,44.4264,26.1406,19.0,44.4264,26.1406,12.42,44.4264,26.1406
2022-04-27 08:00:00,2022-04-27 09:00:00,26.21,44.4264,26.1406,14.34,44.4264,26.1406,13.05,44.4264,26.1406
2022-04-27 09:00:00,2022-04-27 10:00:00,24.89,44.4264,26.1406,11.67,44.4264,26.1406,11.68,44.4264,26.1406
2022-04-27 10:00:00,2022-04-27 11:00:00,22.9,44.4264,26.1406,10.51,44.4264,26.1406,13.06,44.4264,26.1406
2022-04-27 11:00:00,2022-04-27 12:00:00,25.76,44.4264,26.1406,13.02,44.4264,26.1406,12.02,44.4264,26.1406
2022-04-27 12:00:00,2022-04-27 13:00:00,17.35,44.4264,26.1406,4.33,44.4264,26.1406,12.54,44.4264,26.1406
2022-04-27 13:00:00,2022-04-27 14:00:00,14.72,44.4264,26.1406,0.28,44.4264,26.1406,13.84,44.4264,26.1406
2022-04-27 14:00:00,2022-04-27 15:00:00,20.12,44.4264,26.1406,4.7,44.4264,26.1406,16.07,44.4264,26.1406
2022-04-27 15:00:00,2022-04-27 16:00:00,22.98,44.4264,26.1406,10.15,44.4264,26.1406,,44.4264,26.1406
2022-04-27 16:00:00,2022-04-27 17:00:00,9.56,44.4264,26.1406,,,,21.67,44.4264,26.1406
2022-04-27 17:00:00,2022-04-27 18:00:00,4.23,44.4264,26.1406,,,,22.47,44.4264,26.1406
2022-04-27 18:00:00,2022-04-27 19:00:00,4.25,44.4264,26.1406,,,,15.57,44.4264,26.1406
2022-04-27 19:00:00,2022-04-27 20:00:00,13.71,44.4264,26.1406,,,,17.07,44.4264,26.1406
2022-04-27 20:00:00,2022-04-27 21:00:00,10.93,44.4264,26.1406,,,,16.64,44.4264,26.1406
2022-04-27 21:00:00,2022-04-27 22:00:00,25.34,44.4264,26.1406,9.49,44.4264,26.1406,16.76,44.4264,26.1406
2022-04-27 22:00:00,2022-04-27 23:00:00,17.81,44.4264,26.1406,6.85,44.4264,26.1406,11.02,44.4264,26.1406
2022-04-27 23:00:00,2022-04-28 00:00:00,4.26,44.4264,26.1406,,,,7.9,44.4264,26.1406
2022-04-28 02:00:00,2022-04-28 03:00:00,5.83,44.4264,26.1406,,,,6.37,44.4264,26.1406
2022-04-28 03:00:00,2022-04-28 04:00:00,9.03,44.4264,26.1406,,,,6.44,44.4264,26.1406
2022-04-28 04:00:00,2022-04-28 05:00:00,7.44,44.4264,26.1406,,,,11.74,44.4264,26.1406
2022-04-28 06:00:00,2022-04-28 07:00:00,19.16,44.4264,26.1406,,,,17.38,44.4264,26.1406
2022-04-28 07:00:00,2022-04-28 08:00:00,14.74,44.4264,26.1406,,,,16.75,44.4264,26.1406
2022-04-28 09:00:00,2022-04-28 10:00:00,24.14,44.4264,26.1406,,,,21.33,44.4264,26.1406
2022-04-28 10:00:00,2022-04-28 11:00:00,15.14,44.4264,26.1406,,,,12.34,44.4264,26.1406
2022-04-28 11:00:00,2022-04-28 12:00:00,16.26,44.4264,26.1406,,,,11.07,44.4264,26.1406
2022-05-03 23:00:00,2022-05-04 00:00:00,9.48,44.4264,26.1406,6.59,44.4264,26.1406,7.87,44.4264,26.1406
2022-05-04 00:00:00,2022-05-04 01:00:00,3.2,44.4264,26.1406,0.43,44.4264,26.1406,7.21,44.4264,26.1406
2022-05-04 01:00:00,2022-05-04 02:00:00,4.62,44.4264,26.1406,1.96,44.4264,26.1406,7.4,44.4264,26.1406
2022-05-04 02:00:00,2022-05-04 03:00:00,7.35,44.4264,26.1406,4.01,44.4264,26.1406,7.64,44.4264,26.1406
2022-05-04 03:00:00,2022-05-04 04:00:00,13.26,44.4264,26.1406,11.45,44.4264,26.1406,8.14,44.4264,26.1406
2022-05-04 04:00:00,2022-05-04 05:00:00,14.13,44.4264,26.1406,11.91,44.4264,26.1406,10.37,44.4264,26.1406
2022-05-04 05:00:00,2022-05-04 06:00:00,8.78,44.4264,26.1406,5.62,44.4264,26.1406,14.5,44.4264,26.1406
2022-05-04 06:00:00,2022-05-04 07:00:00,13.2,44.4264,26.1406,9.15,44.4264,26.1406,19.69,44.4264,26.1406
2022-05-04 07:00:00,2022-05-04 08:00:00,17.38,44.4264,26.1406,8.52,44.4264,26.1406,17.12,44.4264,26.1406
2022-05-04 08:00:00,2022-05-04 09:00:00,21.54,44.4264,26.1406,10.4,44.4264,26.1406,12.24,44.4264,26.1406
2022-05-04 09:00:00,2022-05-04 10:00:00,21.15,44.4264,26.1406,11.37,44.4264,26.1406,16.28,44.4264,26.1406
2022-05-04 10:00:00,2022-05-04 11:00:00,22.67,44.4264,26.1406,12.24,44.4264,26.1406,21.01,44.4264,26.1406
2022-05-04 11:00:00,2022-05-04 12:00:00,27.47,44.4264,26.1406,12.62,44.4264,26.1406,17.18,44.4264,26.1406
2022-05-04 12:00:00,2022-05-04 13:00:00,25.65,44.4264,26.1406,10.81,44.4264,26.1406,18.59,44.4264,26.1406
2022-05-04 13:00:00,2022-05-04 14:00:00,22.33,44.4264,26.1406,8.72,44.4264,26.1406,13.31,44.4264,26.1406
2022-05-04 14:00:00,2022-05-04 15:00:00,22.79,44.4264,26.1406,8.66,44.4264,26.1406,12.96,44.4264,26.1406
2022-05-04 15:00:00,2022-05-04 16:00:00,26.3,44.4264,26.1406,13.61,44.4264,26.1406,8.34,44.4264,26.1406
2022-05-04 16:00:00,2022-05-04 17:00:00,23.35,44.4264,26.1406,10.62,44.4264,26.1406,8.43,44.4264,26.1406
2022-05-04 17:00:00,2022-05-04 18:00:00,19.34,44.4264,26.1406,7.28,44.4264,26.1406,9.35,44.4264,26.1406
2022-05-04 18:00:00,2022-05-04 19:00:00,14.54,44.4264,26.1406,7.35,44.4264,26.1406,11.45,44.4264,26.1406
2022-05-04 19:00:00,2022-05-04 20:00:00,16.38,44.4264,26.1406,10.3,44.4264,26.1406,13.36,44.4264,26.1406
2022-05-04 20:00:00,2022-05-04 21:00:00,22.26,44.4264,26.1406,14.51,44.4264,26.1406,19.93,44.4264,26.1406
2022-05-04 21:00:00,2022-05-04 22:00:00,24.12,44.4264,26.1406,15.85,44.4264,26.1406,20.49,44.4264,26.1406
2022-05-04 22:00:00,2022-05-04 23:00:00,26.32,44.4264,26.1406,16.75,44.4264,26.1406,,44.4264,26.1406
2022-05-04 23:00:00,2022-05-05 00:00:00,25.49,44.4264,26.1406,16.87,44.4264,26.1406,29.5,44.4264,26.1406
2022-05-05 00:00:00,2022-05-05 01:00:00,25.4,44.4264,26.1406,17.86,44.4264,26.1406,30.99,44.4264,26.1406
2022-05-05 01:00:00,2022-05-05 02:00:00,21.52,44.4264,26.1406,15.18,44.4264,26.1406,21.07,44.4264,26.1406
2022-05-05 02:00:00,2022-05-05 03:00:00,22.6,44.4264,26.1406,17.71,44.4264,26.1406,18.49,44.4264,26.1406
2022-05-05 03:00:00,2022-05-05 04:00:00,19.76,44.4264,26.1406,14.89,44.4264,26.1406,24.04,44.4264,26.1406
2022-05-05 04:00:00,2022-05-05 05:00:00,19.73,44.4264,26.1406,15.45,44.4264,26.1406,22.25,44.4264,26.1406
2022-05-05 05:00:00,2022-05-05 06:00:00,23.22,44.4264,26.1406,18.43,44.4264,26.1406,27.04,44.4264,26.1406
2022-05-05 06:00:00,2022-05-05 07:00:00,29.85,44.4264,26.1406,19.67,44.4264,26.1406,39.27,44.4264,26.1406
2022-05-05 07:00:00,2022-05-05 08:00:00,29.62,44.4264,26.1406,14.09,44.4264,26.1406,35.42,44.4264,26.1406
2022-05-05 08:00:00,2022-05-05 09:00:00,18.6,44.4264,26.1406,4.15,44.4264,26.1406,24.19,44.4264,26.1406
2022-05-05 09:00:00,2022-05-05 10:00:00,16.16,44.4264,26.1406,1.32,44.4264,26.1406,13.0,44.4264,26.1406
2022-05-05 10:00:00,2022-05-05 11:00:00,13.89,44.4264,26.1406,2.13,44.4264,26.1406,10.17,44.4264,26.1406
2022-05-05 11:00:00,2022-05-05 12:00:00,8.03,44.4264,26.1406,,,,9.34,44.4264,26.1406
2022-05-05 12:00:00,2022-05-05 13:00:00,11.49,44.4264,26.1406,2.02,44.4264,26.1406,9.49,44.4264,26.1406
2022-05-05 13:00:00,2022-05-05 14:00:00,13.3,44.4264,26.1406,3.22,44.4264,26.1406,7.26,44.4264,26.1406
2022-05-05 14:00:00,2022-05-05 15:00:00,4.29,44.4264,26.1406,,,,7.91,44.4264,26.1406
2022-05-05 17:00:00,2022-05-05 18:00:00,9.8,44.4264,26.1406,0.74,44.4264,26.1406,6.59,44.4264,26.1406
2022-05-05 18:00:00,2022-05-05 19:00:00,16.32,44.4264,26.1406,7.4,44.4264,26.1406,16.17,44.4264,26.1406
2022-05-05 19:00:00,2022-05-05 20:00:00,19.92,44.4264,26.1406,7.05,44.4264,26.1406,28.44,44.4264,26.1406
2022-05-05 20:00:00,2022-05-05 21:00:00,24.65,44.4264,26.1406,8.63,44.4264,26.1406,62.59,44.4264,26.1406
2022-05-05 21:00:00,2022-05-05 22:00:00,42.28,44.4264,26.1406,12.35,44.4264,26.1406,81.71,44.4264,26.1406
2022-05-05 22:00:00,2022-05-05 23:00:00,57.32,44.4264,26.1406,18.07,44.4264,26.1406,77.51,44.4264,26.1406
2022-05-05 23:00:00,2022-05-06 00:00:00,43.97,44.4264,26.1406,16.76,44.4264,26.1406,,44.4264,26.1406
2022-05-06 00:00:00,2022-05-06 01:00:00,38.24,44.4264,26.1406,20.09,44.4264,26.1406,57.36,44.4264,26.1406
2022-05-06 01:00:00,2022-05-06 02:00:00,37.16,44.4264,26.1406,18.44,44.4264,26.1406,49.52,44.4264,26.1406
2022-05-06 02:00:00,2022-05-06 03:00:00,20.14,44.4264,26.1406,7.71,44.4264,26.1406,27.91,44.4264,26.1406
2022-05-06 03:00:00,2022-05-06 04:00:00,16.08,44.4264,26.1406,5.79,44.4264,26.1406,14.98,44.4264,26.1406
2022-05-06 04:00:00,2022-05-06 05:00:00,12.93,44.4264,26.1406,2.48,44.4264,26.1406,15.49,44.4264,26.1406
2022-05-06 05:00:00,2022-05-06 06:00:00,12.9,44.4264,26.1406,0.71,44.4264,26.1406,22.79,44.4264,26.1406
2022-05-06 06:00:00,2022-05-06 07:00:00,16.77,44.4264,26.1406,2.63,44.4264,26.1406,25.99,44.4264,26.1406
2022-05-06 07:00:00,2022-05-06 08:00:00,21.16,44.4264,26.1406,6.73,44.4264,26.1406,25.82,44.4264,26.1406
2022-05-06 08:00:00,2022-05-06 09:00:00,22.1,44.4264,26.1406,5.82,44.4264,26.1406,22.51,44.4264,26.1406
2022-05-06 09:00:00,2022-05-06 10:00:00,21.95,44.4264,26.1406,3.69,44.4264,26.1406,17.39,44.4264,26.1406
2022-05-06 10:00:00,2022-05-06 11:00:00,21.74,44.4264,26.1406,3.56,44.4264,26.1406,15.4,44.4264,26.1406
2022-05-06 11:00:00,2022-05-06 12:00:00,19.73,44.4264,26.1406,3.35,44.4264,26.1406,12.65,44.4264,26.1406
2022-05-06 12:00:00,2022-05-06 13:00:00,16.54,44.4264,26.1406,0.33,44.4264,26.1406,9.84,44.4264,26.1406
2022-05-06 13:00:00,2022-05-06 14:00:00,13.65,44.4264,26.1406,2.49,44.4264,26.1406,10.0,44.4264,26.1406
2022-05-06 14:00:00,2022-05-06 15:00:00,12.42,44.4264,26.1406,1.82,44.4264,26.1406,8.73,44.4264,26.1406
2022-05-06 15:00:00,2022-05-06 16:00:00,14.34,44.4264,26.1406,3.18,44.4264,26.1406,12.87,44.4264,26.1406
2022-05-06 16:00:00,2022-05-06 17:00:00,13.41,44.4264,26.1406,1.97,44.4264,26.1406,12.1,44.4264,26.1406
2022-05-06 17:00:00,2022-05-06 18:00:00,13.0,44.4264,26.1406,1.59,44.4264,26.1406,13.76,44.4264,26.1406
2022-05-06 18:00:00,2022-05-06 19:00:00,13.94,44.4264,26.1406,0.89,44.4264,26.1406,24.76,44.4264,26.1406
2022-05-06 19:00:00,2022-05-06 20:00:00,20.9,44.4264,26.1406,6.65,44.4264,26.1406,40.18,44.4264,26.1406
2022-05-06 20:00:00,2022-05-06 21:00:00,26.95,44.4264,26.1406,9.28,44.4264,26.1406,59.02,44.4264,26.1406
2022-05-06 21:00:00,2022-05-06 22:00:00,33.7,44.4264,26.1406,11.18,44.4264,26.1406,26.71,44.4264,26.1406
2022-05-06 22:00:00,2022-05-06 23:00:00,23.75,44.4264,26.1406,7.31,44.4264,26.1406,11.36,44.4264,26.1406
2022-05-06 23:00:00,2022-05-07 00:00:00,24.44,44.4264,26.1406,11.97,44.4264,26.1406,14.83,44.4264,26.1406
2022-05-07 00:00:00,2022-05-07 01:00:00,21.79,44.4264,26.1406,10.28,44.4264,26.1406,,44.4264,26.1406
2022-05-07 01:00:00,2022-05-07 02:00:00,24.23,44.4264,26.1406,13.4,44.4264,26.1406,22.03,44.4264,26.1406
2022-05-07 02:00:00,2022-05-07 03:00:00,22.27,44.4264,26.1406,12.35,44.4264,26.1406,19.87,44.4264,26.1406
2022-05-07 03:00:00,2022-05-07 04:00:00,20.56,44.4264,26.1406,11.16,44.4264,26.1406,18.58,44.4264,26.1406
2022-05-07 04:00:00,2022-05-07 05:00:00,18.73,44.4264,26.1406,10.57,44.4264,26.1406,17.07,44.4264,26.1406
2022-05-07 05:00:00,2022-05-07 06:00:00,20.99,44.4264,26.1406,11.85,44.4264,26.1406,22.67,44.4264,26.1406
2022-05-07 06:00:00,2022-05-07 07:00:00,23.57,44.4264,26.1406,12.31,44.4264,26.1406,23.52,44.4264,26.1406
2022-05-07 07:00:00,2022-05-07 08:00:00,22.63,44.4264,26.1406,7.43,44.4264,26.1406,23.21,44.4264,26.1406
2022-05-07 08:00:00,2022-05-07 09:00:00,23.28,44.4264,26.1406,8.92,44.4264,26.1406,19.16,44.4264,26.1406
2022-05-07 09:00:00,2022-05-07 10:00:00,20.88,44.4264,26.1406,6.21,44.4264,26.1406,15.85,44.4264,26.1406
2022-05-07 10:00:00,2022-05-07 11:00:00,17.26,44.4264,26.1406,4.8,44.4264,26.1406,11.84,44.4264,26.1406
2022-05-07 11:00:00,2022-05-07 12:00:00,18.19,44.4264,26.1406,5.7,44.4264,26.1406,10.85,44.4264,26.1406
2022-05-07 12:00:00,2022-05-07 13:00:00,19.3,44.4264,26.1406,5.45,44.4264,26.1406,11.87,44.4264,26.1406
2022-05-07 13:00:00,2022-05-07 14:00:00,18.54,44.4264,26.1406,3.52,44.4264,26.1406,12.64,44.4264,26.1406
2022-05-07 14:00:00,2022-05-07 15:00:00,20.16,44.4264,26.1406,6.35,44.4264,26.1406,11.04,44.4264,26.1406
2022-05-07 15:00:00,2022-05-07 16:00:00,17.45,44.4264,26.1406,7.17,44.4264,26.1406,10.09,44.4264,26.1406
2022-05-07 16:00:00,2022-05-07 17:00:00,16.15,44.4264,26.1406,5.99,44.4264,26.1406,9.83,44.4264,26.1406
2022-05-07 17:00:00,2022-05-07 18:00:00,15.06,44.4264,26.1406,4.98,44.4264,26.1406,12.61,44.4264,26.1406
2022-05-07 18:00:00,2022-05-07 19:00:00,16.72,44.4264,26.1406,5.51,44.4264,26.1406,16.01,44.4264,26.1406
2022-05-07 19:00:00,2022-05-07 20:00:00,14.92,44.4264,26.1406,3.19,44.4264,26.1406,22.48,44.4264,26.1406
2022-05-07 20:00:00,2022-05-07 21:00:00,15.99,44.4264,26.1406,2.73,44.4264,26.1406,19.05,44.4264,26.1406
2022-05-07 21:00:00,2022-05-07 22:00:00,17.52,44.4264,26.1406,4.14,44.4264,26.1406,19.31,44.4264,26.1406
2022-05-07 22:00:00,2022-05-07 23:00:00,18.38,44.4264,26.1406,7.07,44.4264,26.1406,18.9,44.4264,26.1406
2022-05-07 23:00:00,2022-05-08 00:00:00,19.61,44.4264,26.1406,8.24,44.4264,26.1406,22.77,44.4264,26.1406
2022-05-08 00:00:00,2022-05-08 01:00:00,15.11,44.4264,26.1406,3.94,44.4264,26.1406,16.48,44.4264,26.1406
2022-05-08 01:00:00,2022-05-08 02:00:00,11.15,44.4264,26.1406,2.13,44.4264,26.1406,,44.4264,26.1406
2022-05-08 02:00:00,2022-05-08 03:00:00,11.87,44.4264,26.1406,3.34,44.4264,26.1406,17.22,44.4264,26.1406
2022-05-08 03:00:00,2022-05-08 04:00:00,14.9,44.4264,26.1406,5.36,44.4264,26.1406,15.65,44.4264,26.1406
2022-05-08 04:00:00,2022-05-08 05:00:00,12.58,44.4264,26.1406,3.32,44.4264,26.1406,15.38,44.4264,26.1406
2022-05-08 05:00:00,2022-05-08 06:00:00,11.86,44.4264,26.1406,3.0,44.4264,26.1406,15.12,44.4264,26.1406
2022-05-08 06:00:00,2022-05-08 07:00:00,13.97,44.4264,26.1406,4.51,44.4264,26.1406,14.06,44.4264,26.1406
2022-05-08 07:00:00,2022-05-08 08:00:00,15.99,44.4264,26.1406,5.7,44.4264,26.1406,11.99,44.4264,26.1406
2022-05-08 08:00:00,2022-05-08 09:00:00,17.07,44.4264,26.1406,6.29,44.4264,26.1406,10.17,44.4264,26.1406
2022-05-08 09:00:00,2022-05-08 10:00:00,13.37,44.4264,26.1406,2.37,44.4264,26.1406,7.89,44.4264,26.1406
2022-05-08 10:00:00,2022-05-08 11:00:00,8.05,44.4264,26.1406,,,,8.42,44.4264,26.1406
2022-05-08 11:00:00,2022-05-08 12:00:00,6.55,44.4264,26.1406,,,,8.59,44.4264,26.1406
2022-05-08 12:00:00,2022-05-08 13:00:00,8.14,44.4264,26.1406,,,,9.26,44.4264,26.1406
2022-05-08 13:00:00,2022-05-08 14:00:00,12.62,44.4264,26.1406,1.27,44.4264,26.1406,11.16,44.4264,26.1406
2022-05-08 14:00:00,2022-05-08 15:00:00,17.3,44.4264,26.1406,1.92,44.4264,26.1406,10.45,44.4264,26.1406
2022-05-08 15:00:00,2022-05-08 16:00:00,12.34,44.4264,26.1406,3.62,44.4264,26.1406,12.22,44.4264,26.1406
2022-05-08 16:00:00,2022-05-08 17:00:00,18.82,44.4264,26.1406,10.85,44.4264,26.1406,11.27,44.4264,26.1406
2022-05-08 17:00:00,2022-05-08 18:00:00,11.46,44.4264,26.1406,3.03,44.4264,26.1406,14.12,44.4264,26.1406
2022-05-08 18:00:00,2022-05-08 19:00:00,9.26,44.4264,26.1406,,,,15.5,44.4264,26.1406
2022-05-08 19:00:00,2022-05-08 20:00:00,14.62,44.4264,26.1406,3.75,44.4264,26.1406,20.96,44.4264,26.1406
2022-05-08 20:00:00,2022-05-08 21:00:00,16.97,44.4264,26.1406,4.89,44.4264,26.1406,32.26,44.4264,26.1406
2022-05-08 21:00:00,2022-05-08 22:00:00,21.86,44.4264,26.1406,7.56,44.4264,26.1406,24.08,44.4264,26.1406
2022-05-08 22:00:00,2022-05-08 23:00:00,20.58,44.4264,26.1406,5.37,44.4264,26.1406,24.06,44.4264,26.1406
2022-05-08 23:00:00,2022-05-09 00:00:00,20.4,44.4264,26.1406,3.88,44.4264,26.1406,16.41,44.4264,26.1406
2022-05-09 00:00:00,2022-05-09 01:00:00,12.02,44.4264,26.1406,3.24,44.4264,26.1406,15.63,44.4264,26.1406
2022-05-09 01:00:00,2022-05-09 02:00:00,11.05,44.4264,26.1406,2.9,44.4264,26.1406,19.39,44.4264,26.1406
2022-05-09 02:00:00,2022-05-09 03:00:00,12.4,44.4264,26.1406,4.36,44.4264,26.1406,,44.4264,26.1406
2022-05-09 03:00:00,2022-05-09 04:00:00,12.53,44.4264,26.1406,5.06,44.4264,26.1406,12.94,44.4264,26.1406
2022-05-09 04:00:00,2022-05-09 05:00:00,10.55,44.4264,26.1406,3.34,44.4264,26.1406,15.97,44.4264,26.1406
2022-05-09 05:00:00,2022-05-09 06:00:00,12.56,44.4264,26.1406,3.85,44.4264,26.1406,23.99,44.4264,26.1406
2022-05-09 06:00:00,2022-05-09 07:00:00,17.73,44.4264,26.1406,6.62,44.4264,26.1406,32.89,44.4264,26.1406
2022-05-09 07:00:00,2022-05-09 08:00:00,20.76,44.4264,26.1406,5.86,44.4264,26.1406,34.64,44.4264,26.1406
2022-05-09 08:00:00,2022-05-09 09:00:00,24.42,44.4264,26.1406,8.99,44.4264,26.1406,34.74,44.4264,26.1406
2022-05-09 09:00:00,2022-05-09 10:00:00,22.76,44.4264,26.1406,5.46,44.4264,26.1406,19.81,44.4264,26.1406
2022-05-09 10:00:00,2022-05-09 11:00:00,17.53,44.4264,26.1406,4.52,44.4264,26.1406,12.6,44.4264,26.1406
2022-05-09 11:00:00,2022-05-09 12:00:00,15.18,44.4264,26.1406,2.6,44.4264,26.1406,9.74,44.4264,26.1406
2022-05-09 12:00:00,2022-05-09 13:00:00,10.76,44.4264,26.1406,0.81,44.4264,26.1406,7.44,44.4264,26.1406
2022-05-09 13:00:00,2022-05-09 14:00:00,9.78,44.4264,26.1406,2.39,44.4264,26.1406,7.69,44.4264,26.1406
2022-05-09 14:00:00,2022-05-09 15:00:00,5.58,44.4264,26.1406,,,,6.0,44.4264,26.1406
2022-05-09 15:00:00,2022-05-09 16:00:00,4.83,44.4264,26.1406,,,,11.24,44.4264,26.1406
2022-05-09 16:00:00,2022-05-09 17:00:00,4.67,44.4264,26.1406,,,,12.8,44.4264,26.1406
2022-05-09 17:00:00,2022-05-09 18:00:00,10.68,44.4264,26.1406,1.08,44.4264,26.1406,6.84,44.4264,26.1406
2022-05-09 18:00:00,2022-05-09 19:00:00,10.18,44.4264,26.1406,1.05,44.4264,26.1406,14.5,44.4264,26.1406
2022-05-09 19:00:00,2022-05-09 20:00:00,21.33,44.4264,26.1406,6.02,44.4264,26.1406,46.69,44.4264,26.1406
2022-05-09 20:00:00,2022-05-09 21:00:00,33.04,44.4264,26.1406,8.79,44.4264,26.1406,70.2,44.4264,26.1406
2022-05-09 21:00:00,2022-05-09 22:00:00,41.66,44.4264,26.1406,10.41,44.4264,26.1406,48.07,44.4264,26.1406
2022-05-09 22:00:00,2022-05-09 23:00:00,33.74,44.4264,26.1406,9.76,44.4264,26.1406,42.12,44.4264,26.1406
2022-05-09 23:00:00,2022-05-10 00:00:00,15.57,44.4264,26.1406,5.25,44.4264,26.1406,17.65,44.4264,26.1406
2022-05-10 00:00:00,2022-05-10 01:00:00,14.51,44.4264,26.1406,6.41,44.4264,26.1406,11.69,44.4264,26.1406
2022-05-10 01:00:00,2022-05-10 02:00:00,18.07,44.4264,26.1406,7.57,44.4264,26.1406,15.92,44.4264,26.1406
2022-05-10 02:00:00,2022-05-10 03:00:00,15.41,44.4264,26.1406,5.53,44.4264,26.1406,14.01,44.4264,26.1406
2022-05-10 03:00:00,2022-05-10 04:00:00,12.33,44.4264,26.1406,4.36,44.4264,26.1406,,44.4264,26.1406
2022-05-10 04:00:00,2022-05-10 05:00:00,9.26,44.4264,26.1406,3.71,44.4264,26.1406,12.45,44.4264,26.1406
2022-05-10 05:00:00,2022-05-10 06:00:00,15.31,44.4264,26.1406,5.01,44.4264,26.1406,18.77,44.4264,26.1406
2022-05-10 06:00:00,2022-05-10 07:00:00,18.37,44.4264,26.1406,9.31,44.4264,26.1406,28.96,44.4264,26.1406
2022-05-10 07:00:00,2022-05-10 08:00:00,20.65,44.4264,26.1406,10.18,44.4264,26.1406,38.0,44.4264,26.1406
2022-05-10 08:00:00,2022-05-10 09:00:00,21.32,44.4264,26.1406,8.28,44.4264,26.1406,27.37,44.4264,26.1406
2022-05-10 09:00:00,2022-05-10 10:00:00,16.88,44.4264,26.1406,7.87,44.4264,26.1406,23.1,44.4264,26.1406
2022-05-10 10:00:00,2022-05-10 11:00:00,6.96,44.4264,26.1406,0.25,44.4264,26.1406,20.65,44.4264,26.1406
2022-05-10 11:00:00,2022-05-10 12:00:00,15.7,44.4264,26.1406,9.02,44.4264,26.1406,23.17,44.4264,26.1406
2022-05-10 12:00:00,2022-05-10 13:00:00,16.32,44.4264,26.1406,10.03,44.4264,26.1406,21.55,44.4264,26.1406
2022-05-10 13:00:00,2022-05-10 14:00:00,16.52,44.4264,26.1406,9.39,44.4264,26.1406,14.91,44.4264,26.1406
2022-05-10 14:00:00,2022-05-10 15:00:00,14.42,44.4264,26.1406,8.62,44.4264,26.1406,10.57,44.4264,26.1406
2022-05-10 15:00:00,2022-05-10 16:00:00,11.72,44.4264,26.1406,6.92,44.4264,26.1406,9.03,44.4264,26.1406
2022-05-10 16:00:00,2022-05-10 17:00:00,9.97,44.4264,26.1406,4.13,44.4264,26.1406,8.55,44.4264,26.1406
2022-05-10 17:00:00,2022-05-10 18:00:00,11.04,44.4264,26.1406,6.76,44.4264,26.1406,9.61,44.4264,26.1406
2022-05-10 18:00:00,2022-05-10 19:00:00,14.41,44.4264,26.1406,7.45,44.4264,26.1406,20.08,44.4264,26.1406
2022-05-10 19:00:00,2022-05-10 20:00:00,16.69,44.4264,26.1406,8.35,44.4264,26.1406,25.29,44.4264,26.1406
2022-05-10 20:00:00,2022-05-10 21:00:00,16.31,44.4264,26.1406,6.88,44.4264,26.1406,35.82,44.4264,26.1406
2022-05-10 21:00:00,2022-05-10 22:00:00,18.85,44.4264,26.1406,9.05,44.4264,26.1406,44.17,44.4264,26.1406
2022-05-10 22:00:00,2022-05-10 23:00:00,22.9,44.4264,26.1406,13.61,44.4264,26.1406,36.06,44.4264,26.1406
2022-05-10 23:00:00,2022-05-11 00:00:00,15.95,44.4264,26.1406,9.6,44.4264,26.1406,29.67,44.4264,26.1406
2022-05-11 00:00:00,2022-05-11 01:00:00,14.46,44.4264,26.1406,9.33,44.4264,26.1406,27.34,44.4264,26.1406
2022-05-11 01:00:00,2022-05-11 02:00:00,12.14,44.4264,26.1406,8.28,44.4264,26.1406,29.04,44.4264,26.1406
2022-05-11 02:00:00,2022-05-11 03:00:00,15.27,44.4264,26.1406,10.8,44.4264,26.1406,33.71,44.4264,26.1406
2022-05-11 03:00:00,2022-05-11 04:00:00,17.08,44.4264,26.1406,12.01,44.4264,26.1406,28.81,44.4264,26.1406
2022-05-11 04:00:00,2022-05-11 05:00:00,15.49,44.4264,26.1406,9.2,44.4264,26.1406,,44.4264,26.1406
2022-05-11 05:00:00,2022-05-11 06:00:00,13.89,44.4264,26.1406,8.46,44.4264,26.1406,19.94,44.4264,26.1406
2022-05-11 06:00:00,2022-05-11 07:00:00,20.7,44.4264,26.1406,13.53,44.4264,26.1406,19.51,44.4264,26.1406
2022-05-11 07:00:00,2022-05-11 08:00:00,24.41,44.4264,26.1406,14.09,44.4264,26.1406,23.49,44.4264,26.1406
2022-05-11 08:00:00,2022-05-11 09:00:00,28.55,44.4264,26.1406,12.35,44.4264,26.1406,14.27,44.4264,26.1406
2022-05-11 09:00:00,2022-05-11 10:00:00,26.22,44.4264,26.1406,7.96,44.4264,26.1406,6.91,44.4264,26.1406
2022-05-11 10:00:00,2022-05-11 11:00:00,15.89,44.4264,26.1406,5.72,44.4264,26.1406,5.57,44.4264,26.1406
2022-05-11 11:00:00,2022-05-11 12:00:00,14.38,44.4264,26.1406,5.89,44.4264,26.1406,6.36,44.4264,26.1406
2022-05-11 12:00:00,2022-05-11 13:00:00,12.72,44.4264,26.1406,4.85,44.4264,26.1406,6.33,44.4264,26.1406
2022-05-11 13:00:00,2022-05-11 14:00:00,10.0,44.4264,26.1406,2.64,44.4264,26.1406,6.37,44.4264,26.1406
2022-05-11 14:00:00,2022-05-11 15:00:00,11.92,44.4264,26.1406,6.14,44.4264,26.1406,5.23,44.4264,26.1406
2022-05-11 15:00:00,2022-05-11 16:00:00,11.39,44.4264,26.1406,4.91,44.4264,26.1406,4.11,44.4264,26.1406
2022-05-11 16:00:00,2022-05-11 17:00:00,9.41,44.4264,26.1406,2.08,44.4264,26.1406,3.82,44.4264,26.1406
2022-05-11 17:00:00,2022-05-11 18:00:00,8.35,44.4264,26.1406,2.24,44.4264,26.1406,4.17,44.4264,26.1406
2022-05-11 18:00:00,2022-05-11 19:00:00,8.05,44.4264,26.1406,1.9,44.4264,26.1406,7.75,44.4264,26.1406
2022-05-11 19:00:00,2022-05-11 20:00:00,12.89,44.4264,26.1406,4.51,44.4264,26.1406,21.29,44.4264,26.1406
2022-05-11 20:00:00,2022-05-11 21:00:00,15.97,44.4264,26.1406,4.98,44.4264,26.1406,25.07,44.4264,26.1406
2022-05-11 21:00:00,2022-05-11 22:00:00,17.47,44.4264,26.1406,5.88,44.4264,26.1406,18.59,44.4264,26.1406
2022-05-11 22:00:00,2022-05-11 23:00:00,19.34,44.4264,26.1406,9.66,44.4264,26.1406,21.29,44.4264,26.1406
2022-05-11 23:00:00,2022-05-12 00:00:00,18.81,44.4264,26.1406,8.01,44.4264,26.1406,34.96,44.4264,26.1406
2022-05-12 00:00:00,2022-05-12 01:00:00,26.6,44.4264,26.1406,12.53,44.4264,26.1406,44.36,44.4264,26.1406
2022-05-12 01:00:00,2022-05-12 02:00:00,22.9,44.4264,26.1406,11.88,44.4264,26.1406,31.15,44.4264,26.1406
2022-05-12 02:00:00,2022-05-12 03:00:00,27.29,44.4264,26.1406,14.64,44.4264,26.1406,24.91,44.4264,26.1406
2022-05-12 03:00:00,2022-05-12 04:00:00,22.76,44.4264,26.1406,11.82,44.4264,26.1406,16.3,44.4264,26.1406
2022-05-12 04:00:00,2022-05-12 05:00:00,16.15,44.4264,26.1406,8.01,44.4264,26.1406,13.86,44.4264,26.1406
2022-05-12 05:00:00,2022-05-12 06:00:00,18.88,44.4264,26.1406,9.76,44.4264,26.1406,,44.4264,26.1406
2022-05-12 06:00:00,2022-05-12 07:00:00,25.79,44.4264,26.1406,9.57,44.4264,26.1406,34.91,44.4264,26.1406
2022-05-12 07:00:00,2022-05-12 08:00:00,40.12,44.4264,26.1406,9.6,44.4264,26.1406,31.76,44.4264,26.1406
2022-05-12 08:00:00,2022-05-12 09:00:00,44.43,44.4264,26.1406,14.37,44.4264,26.1406,31.52,44.4264,26.1406
2022-05-12 09:00:00,2022-05-12 10:00:00,49.64,44.4264,26.1406,12.59,44.4264,26.1406,21.12,44.4264,26.1406
2022-05-12 10:00:00,2022-05-12 11:00:00,21.71,44.4264,26.1406,4.76,44.4264,26.1406,9.88,44.4264,26.1406
2022-05-12 11:00:00,2022-05-12 12:00:00,16.38,44.4264,26.1406,5.1,44.4264,26.1406,6.56,44.4264,26.1406
2022-05-12 12:00:00,2022-05-12 13:00:00,13.75,44.4264,26.1406,4.14,44.4264,26.1406,4.82,44.4264,26.1406
2022-05-12 13:00:00,2022-05-12 14:00:00,13.48,44.4264,26.1406,3.6,44.4264,26.1406,5.31,44.4264,26.1406
2022-05-12 14:00:00,2022-05-12 15:00:00,13.61,44.4264,26.1406,2.36,44.4264,26.1406,4.43,44.4264,26.1406
2022-05-12 15:00:00,2022-05-12 16:00:00,15.64,44.4264,26.1406,5.82,44.4264,26.1406,5.79,44.4264,26.1406
2022-05-12 16:00:00,2022-05-12 17:00:00,14.36,44.4264,26.1406,4.48,44.4264,26.1406,6.31,44.4264,26.1406
2022-05-12 17:00:00,2022-05-12 18:00:00,10.92,44.4264,26.1406,1.73,44.4264,26.1406,9.46,44.4264,26.1406
2022-05-12 18:00:00,2022-05-12 19:00:00,10.13,44.4264,26.1406,1.2,44.4264,26.1406,12.38,44.4264,26.1406
2022-05-12 19:00:00,2022-05-12 20:00:00,15.22,44.4264,26.1406,5.4,44.4264,26.1406,14.73,44.4264,26.1406
2022-05-12 20:00:00,2022-05-12 21:00:00,17.65,44.4264,26.1406,7.05,44.4264,26.1406,17.68,44.4264,26.1406
2022-05-12 21:00:00,2022-05-12 22:00:00,18.81,44.4264,26.1406,5.77,44.4264,26.1406,22.13,44.4264,26.1406
2022-05-12 22:00:00,2022-05-12 23:00:00,7.78,44.4264,26.1406,,,,29.3,44.4264,26.1406
2022-05-12 23:00:00,2022-05-13 00:00:00,15.66,44.4264,26.1406,6.03,44.4264,26.1406,19.46,44.4264,26.1406
2022-05-13 00:00:00,2022-05-13 01:00:00,17.83,44.4264,26.1406,9.53,44.4264,26.1406,16.31,44.4264,26.1406
2022-05-13 01:00:00,2022-05-13 02:00:00,18.74,44.4264,26.1406,9.26,44.4264,26.1406,26.23,44.4264,26.1406
2022-05-13 02:00:00,2022-05-13 03:00:00,28.62,44.4264,26.1406,15.74,44.4264,26.1406,27.69,44.4264,26.1406
2022-05-13 03:00:00,2022-05-13 04:00:00,19.52,44.4264,26.1406,10.75,44.4264,26.1406,31.36,44.4264,26.1406
2022-05-13 04:00:00,2022-05-13 05:00:00,16.64,44.4264,26.1406,9.16,44.4264,26.1406,34.75,44.4264,26.1406
2022-05-13 05:00:00,2022-05-13 06:00:00,25.92,44.4264,26.1406,13.32,44.4264,26.1406,42.01,44.4264,26.1406
2022-05-13 06:00:00,2022-05-13 07:00:00,27.44,44.4264,26.1406,11.82,44.4264,26.1406,,44.4264,26.1406
2022-05-13 07:00:00,2022-05-13 08:00:00,40.19,44.4264,26.1406,17.21,44.4264,26.1406,45.09,44.4264,26.1406
2022-05-13 08:00:00,2022-05-13 09:00:00,60.83,44.4264,26.1406,19.24,44.4264,26.1406,42.93,44.4264,26.1406
2022-05-13 09:00:00,2022-05-13 10:00:00,62.43,44.4264,26.1406,18.54,44.4264,26.1406,27.9,44.4264,26.1406
2022-05-13 10:00:00,2022-05-13 11:00:00,40.89,44.4264,26.1406,14.79,44.4264,26.1406,24.04,44.4264,26.1406
2022-05-13 11:00:00,2022-05-13 12:00:00,35.57,44.4264,26.1406,13.51,44.4264,26.1406,15.07,44.4264,26.1406
2022-05-13 12:00:00,2022-05-13 13:00:00,24.14,44.4264,26.1406,10.66,44.4264,26.1406,8.14,44.4264,26.1406
2022-05-13 13:00:00,2022-05-13 14:00:00,19.08,44.4264,26.1406,8.01,44.4264,26.1406,6.57,44.4264,26.1406
2022-05-13 14:00:00,2022-05-13 15:00:00,17.91,44.4264,26.1406,8.28,44.4264,26.1406,8.4,44.4264,26.1406
2022-05-13 15:00:00,2022-05-13 16:00:00,18.56,44.4264,26.1406,8.44,44.4264,26.1406,6.56,44.4264,26.1406
2022-05-13 16:00:00,2022-05-13 17:00:00,17.2,44.4264,26.1406,7.31,44.4264,26.1406,8.18,44.4264,26.1406
2022-05-13 17:00:00,2022-05-13 18:00:00,16.28,44.4264,26.1406,7.34,44.4264,26.1406,7.72,44.4264,26.1406
2022-05-13 18:00:00,2022-05-13 19:00:00,17.58,44.4264,26.1406,9.22,44.4264,26.1406,11.07,44.4264,26.1406
2022-05-13 19:00:00,2022-05-13 20:00:00,22.42,44.4264,26.1406,10.72,44.4264,26.1406,19.63,44.4264,26.1406
2022-05-13 20:00:00,2022-05-13 21:00:00,23.41,44.4264,26.1406,10.19,44.4264,26.1406,23.86,44.4264,26.1406
2022-05-13 21:00:00,2022-05-13 22:00:00,22.54,44.4264,26.1406,9.58,44.4264,26.1406,27.28,44.4264,26.1406
2022-05-13 22:00:00,2022-05-13 23:00:00,23.91,44.4264,26.1406,12.09,44.4264,26.1406,21.86,44.4264,26.1406
2022-05-13 23:00:00,2022-05-14 00:00:00,20.38,44.4264,26.1406,7.69,44.4264,26.1406,30.45,44.4264,26.1406
2022-05-14 00:00:00,2022-05-14 01:00:00,15.8,44.4264,26.1406,,,,43.15,44.4264,26.1406
2022-05-14 01:00:00,2022-05-14 02:00:00,33.1,44.4264,26.1406,15.01,44.4264,26.1406,35.02,44.4264,26.1406
2022-05-14 02:00:00,2022-05-14 03:00:00,31.18,44.4264,26.1406,15.47,44.4264,26.1406,30.69,44.4264,26.1406
2022-05-14 03:00:00,2022-05-14 04:00:00,26.16,44.4264,26.1406,13.06,44.4264,26.1406,10.4,44.4264,26.1406
2022-05-14 04:00:00,2022-05-14 05:00:00,14.31,44.4264,26.1406,5.05,44.4264,26.1406,10.67,44.4264,26.1406
2022-05-14 05:00:00,2022-05-14 06:00:00,13.53,44.4264,26.1406,4.75,44.4264,26.1406,14.06,44.4264,26.1406
2022-05-14 06:00:00,2022-05-14 07:00:00,16.67,44.4264,26.1406,6.91,44.4264,26.1406,16.41,44.4264,26.1406
2022-05-14 07:00:00,2022-05-14 08:00:00,18.32,44.4264,26.1406,7.62,44.4264,26.1406,,44.4264,26.1406
2022-05-14 08:00:00,2022-05-14 09:00:00,21.27,44.4264,26.1406,9.08,44.4264,26.1406,21.38,44.4264,26.1406
2022-05-14 09:00:00,2022-05-14 10:00:00,21.74,44.4264,26.1406,9.43,44.4264,26.1406,21.69,44.4264,26.1406
2022-05-14 10:00:00,2022-05-14 11:00:00,12.66,44.4264,26.1406,0.16,44.4264,26.1406,12.12,44.4264,26.1406
2022-05-14 11:00:00,2022-05-14 12:00:00,16.98,44.4264,26.1406,4.58,44.4264,26.1406,10.36,44.4264,26.1406
2022-05-14 12:00:00,2022-05-14 13:00:00,24.43,44.4264,26.1406,12.56,44.4264,26.1406,8.84,44.4264,26.1406
2022-05-14 13:00:00,2022-05-14 14:00:00,25.57,44.4264,26.1406,14.33,44.4264,26.1406,8.56,44.4264,26.1406
2022-05-14 14:00:00,2022-05-14 15:00:00,21.23,44.4264,26.1406,10.84,44.4264,26.1406,7.58,44.4264,26.1406
2022-05-14 15:00:00,2022-05-14 16:00:00,17.66,44.4264,26.1406,10.08,44.4264,26.1406,8.16,44.4264,26.1406
2022-05-14 16:00:00,2022-05-14 17:00:00,16.32,44.4264,26.1406,10.53,44.4264,26.1406,7.14,44.4264,26.1406
2022-05-14 17:00:00,2022-05-14 18:00:00,15.81,44.4264,26.1406,8.92,44.4264,26.1406,6.25,44.4264,26.1406
2022-05-14 18:00:00,2022-05-14 19:00:00,22.04,44.4264,26.1406,11.36,44.4264,26.1406,13.48,44.4264,26.1406
2022-05-14 19:00:00,2022-05-14 20:00:00,20.16,44.4264,26.1406,12.58,44.4264,26.1406,17.48,44.4264,26.1406
2022-05-14 20:00:00,2022-05-14 21:00:00,19.06,44.4264,26.1406,12.37,44.4264,26.1406,20.01,44.4264,26.1406
2022-05-14 21:00:00,2022-05-14 22:00:00,17.65,44.4264,26.1406,11.23,44.4264,26.1406,18.11,44.4264,26.1406
2022-05-14 22:00:00,2022-05-14 23:00:00,15.4,44.4264,26.1406,9.58,44.4264,26.1406,12.54,44.4264,26.1406
2022-05-14 23:00:00,2022-05-15 00:00:00,16.06,44.4264,26.1406,8.1,44.4264,26.1406,9.66,44.4264,26.1406
2022-05-15 00:00:00,2022-05-15 01:00:00,20.01,44.4264,26.1406,10.4,44.4264,26.1406,8.71,44.4264,26.1406
2022-05-15 01:00:00,2022-05-15 02:00:00,18.13,44.4264,26.1406,8.31,44.4264,26.1406,6.91,44.4264,26.1406
2022-05-15 02:00:00,2022-05-15 03:00:00,15.74,44.4264,26.1406,7.68,44.4264,26.1406,6.32,44.4264,26.1406
2022-05-15 03:00:00,2022-05-15 04:00:00,14.22,44.4264,26.1406,6.45,44.4264,26.1406,6.41,44.4264,26.1406
2022-05-15 04:00:00,2022-05-15 05:00:00,17.0,44.4264,26.1406,8.88,44.4264,26.1406,7.83,44.4264,26.1406
2022-05-15 05:00:00,2022-05-15 06:00:00,12.11,44.4264,26.1406,3.78,44.4264,26.1406,7.89,44.4264,26.1406
2022-05-15 06:00:00,2022-05-15 07:00:00,10.03,44.4264,26.1406,2.92,44.4264,26.1406,8.5,44.4264,26.1406
2022-05-15 07:00:00,2022-05-15 08:00:00,10.84,44.4264,26.1406,4.19,44.4264,26.1406,8.69,44.4264,26.1406
2022-05-15 08:00:00,2022-05-15 09:00:00,12.42,44.4264,26.1406,4.89,44.4264,26.1406,,44.4264,26.1406
2022-05-15 09:00:00,2022-05-15 10:00:00,11.86,44.4264,26.1406,5.12,44.4264,26.1406,11.72,44.4264,26.1406
2022-05-15 10:00:00,2022-05-15 11:00:00,9.75,44.4264,26.1406,2.9,44.4264,26.1406,12.07,44.4264,26.1406
2022-05-15 11:00:00,2022-05-15 12:00:00,9.35,44.4264,26.1406,1.73,44.4264,26.1406,11.53,44.4264,26.1406
2022-05-15 12:00:00,2022-05-15 13:00:00,13.45,44.4264,26.1406,5.63,44.4264,26.1406,12.65,44.4264,26.1406
2022-05-15 13:00:00,2022-05-15 14:00:00,12.73,44.4264,26.1406,5.58,44.4264,26.1406,10.17,44.4264,26.1406
2022-05-15 14:00:00,2022-05-15 15:00:00,14.46,44.4264,26.1406,7.15,44.4264,26.1406,7.38,44.4264,26.1406
2022-05-15 15:00:00,2022-05-15 16:00:00,12.29,44.4264,26.1406,4.6,44.4264,26.1406,5.51,44.4264,26.1406
2022-05-15 16:00:00,2022-05-15 17:00:00,11.73,44.4264,26.1406,4.54,44.4264,26.1406,5.69,44.4264,26.1406
2022-05-15 17:00:00,2022-05-15 18:00:00,12.06,44.4264,26.1406,5.68,44.4264,26.1406,5.48,44.4264,26.1406
2022-05-15 18:00:00,2022-05-15 19:00:00,10.14,44.4264,26.1406,3.98,44.4264,26.1406,8.29,44.4264,26.1406
2022-05-15 19:00:00,2022-05-15 20:00:00,12.29,44.4264,26.1406,5.51,44.4264,26.1406,15.99,44.4264,26.1406
2022-05-15 20:00:00,2022-05-15 21:00:00,14.97,44.4264,26.1406,8.56,44.4264,26.1406,15.36,44.4264,26.1406
2022-05-15 21:00:00,2022-05-15 22:00:00,13.46,44.4264,26.1406,6.7,44.4264,26.1406,15.56,44.4264,26.1406
2022-05-15 22:00:00,2022-05-15 23:00:00,14.79,44.4264,26.1406,8.38,44.4264,26.1406,15.69,44.4264,26.1406
2022-05-15 23:00:00,2022-05-16 00:00:00,15.93,44.4264,26.1406,10.59,44.4264,26.1406,13.07,44.4264,26.1406
2022-05-16 00:00:00,2022-05-16 01:00:00,17.91,44.4264,26.1406,11.79,44.4264,26.1406,15.48,44.4264,26.1406
2022-05-16 01:00:00,2022-05-16 02:00:00,19.8,44.4264,26.1406,13.73,44.4264,26.1406,14.61,44.4264,26.1406
2022-05-16 02:00:00,2022-05-16 03:00:00,17.6,44.4264,26.1406,11.67,44.4264,26.1406,14.12,44.4264,26.1406
2022-05-16 03:00:00,2022-05-16 04:00:00,20.49,44.4264,26.1406,15.12,44.4264,26.1406,22.2,44.4264,26.1406
2022-05-16 04:00:00,2022-05-16 05:00:00,18.91,44.4264,26.1406,13.39,44.4264,26.1406,26.5,44.4264,26.1406
2022-05-16 05:00:00,2022-05-16 06:00:00,19.75,44.4264,26.1406,11.22,44.4264,26.1406,44.75,44.4264,26.1406
2022-05-16 06:00:00,2022-05-16 07:00:00,22.03,44.4264,26.1406,8.41,44.4264,26.1406,36.22,44.4264,26.1406
2022-05-16 07:00:00,2022-05-16 08:00:00,20.59,44.4264,26.1406,6.71,44.4264,26.1406,25.91,44.4264,26.1406
2022-05-16 08:00:00,2022-05-16 09:00:00,20.13,44.4264,26.1406,5.93,44.4264,26.1406,21.23,44.4264,26.1406
2022-05-16 09:00:00,2022-05-16 10:00:00,24.57,44.4264,26.1406,7.84,44.4264,26.1406,,44.4264,26.1406
2022-05-16 10:00:00,2022-05-16 11:00:00,25.83,44.4264,26.1406,8.42,44.4264,26.1406,27.64,44.4264,26.1406
2022-05-16 11:00:00,2022-05-16 12:00:00,27.72,44.4264,26.1406,11.28,44.4264,26.1406,18.13,44.4264,26.1406
2022-05-16 12:00:00,2022-05-16 13:00:00,22.46,44.4264,26.1406,10.5,44.4264,26.1406,15.23,44.4264,26.1406
2022-05-16 13:00:00,2022-05-16 14:00:00,18.07,44.4264,26.1406,8.44,44.4264,26.1406,12.91,44.4264,26.1406
2022-05-16 14:00:00,2022-05-16 15:00:00,18.93,44.4264,26.1406,8.93,44.4264,26.1406,13.09,44.4264,26.1406
2022-05-16 15:00:00,2022-05-16 16:00:00,20.4,44.4264,26.1406,8.81,44.4264,26.1406,8.28,44.4264,26.1406
2022-05-16 16:00:00,2022-05-16 17:00:00,17.8,44.4264,26.1406,4.93,44.4264,26.1406,6.08,44.4264,26.1406
2022-05-16 17:00:00,2022-05-16 18:00:00,18.81,44.4264,26.1406,7.34,44.4264,26.1406,5.65,44.4264,26.1406
2022-05-16 18:00:00,2022-05-16 19:00:00,16.01,44.4264,26.1406,5.4,44.4264,26.1406,6.44,44.4264,26.1406
2022-05-16 19:00:00,2022-05-16 20:00:00,18.35,44.4264,26.1406,7.24,44.4264,26.1406,14.57,44.4264,26.1406
2022-05-16 20:00:00,2022-05-16 21:00:00,23.42,44.4264,26.1406,8.49,44.4264,26.1406,31.91,44.4264,26.1406
2022-05-16 21:00:00,2022-05-16 22:00:00,26.75,44.4264,26.1406,12.89,44.4264,26.1406,26.07,44.4264,26.1406
2022-05-16 22:00:00,2022-05-16 23:00:00,23.08,44.4264,26.1406,13.14,44.4264,26.1406,21.63,44.4264,26.1406
2022-05-16 23:00:00,2022-05-17 00:00:00,19.99,44.4264,26.1406,11.52,44.4264,26.1406,17.21,44.4264,26.1406
2022-05-17 00:00:00,2022-05-17 01:00:00,15.25,44.4264,26.1406,8.9,44.4264,26.1406,10.97,44.4264,26.1406
2022-05-17 01:00:00,2022-05-17 02:00:00,11.04,44.4264,26.1406,6.48,44.4264,26.1406,9.95,44.4264,26.1406
2022-05-17 02:00:00,2022-05-17 03:00:00,15.63,44.4264,26.1406,9.61,44.4264,26.1406,25.42,44.4264,26.1406
2022-05-17 03:00:00,2022-05-17 04:00:00,24.66,44.4264,26.1406,15.81,44.4264,26.1406,23.02,44.4264,26.1406
2022-05-17 04:00:00,2022-05-17 05:00:00,22.37,44.4264,26.1406,14.86,44.4264,26.1406,26.45,44.4264,26.1406
2022-05-17 05:00:00,2022-05-17 06:00:00,24.11,44.4264,26.1406,15.79,44.4264,26.1406,23.9,44.4264,26.1406
2022-05-17 06:00:00,2022-05-17 07:00:00,31.06,44.4264,26.1406,18.2,44.4264,26.1406,49.29,44.4264,26.1406
2022-05-17 07:00:00,2022-05-17 08:00:00,48.75,44.4264,26.1406,22.21,44.4264,26.1406,48.24,44.4264,26.1406
2022-05-17 08:00:00,2022-05-17 09:00:00,36.51,44.4264,26.1406,18.14,44.4264,26.1406,50.45,44.4264,26.1406
2022-05-17 09:00:00,2022-05-17 10:00:00,37.63,44.4264,26.1406,16.62,44.4264,26.1406,47.54,44.4264,26.1406
2022-05-17 10:00:00,2022-05-17 11:00:00,47.32,44.4264,26.1406,17.07,44.4264,26.1406,,44.4264,26.1406
2022-05-17 11:00:00,2022-05-17 12:00:00,39.53,44.4264,26.1406,10.25,44.4264,26.1406,19.16,44.4264,26.1406
2022-05-17 12:00:00,2022-05-17 13:00:00,23.6,44.4264,26.1406,5.21,44.4264,26.1406,10.62,44.4264,26.1406
2022-05-17 13:00:00,2022-05-17 14:00:00,0.9,44.4264,26.1406,,,,8.16,44.4264,26.1406
2022-05-17 14:00:00,2022-05-17 15:00:00,9.65,44.4264,26.1406,,,,,44.4264,26.1406
2022-05-17 15:00:00,2022-05-17 16:00:00,16.03,44.4264,26.1406,5.44,44.4264,26.1406,,44.4264,26.1406
2022-05-17 16:00:00,2022-05-17 17:00:00,9.94,44.4264,26.1406,0.05,44.4264,26.1406,,44.4264,26.1406
2022-05-17 17:00:00,2022-05-17 18:00:00,11.61,44.4264,26.1406,0.29,44.4264,26.1406,,44.4264,26.1406
2022-05-17 18:00:00,2022-05-17 19:00:00,12.94,44.4264,26.1406,,,,,44.4264,26.1406
2022-05-17 19:00:00,2022-05-17 20:00:00,17.07,44.4264,26.1406,,,,,44.4264,26.1406
2022-05-17 20:00:00,2022-05-17 21:00:00,18.61,44.4264,26.1406,6.43,44.4264,26.1406,,44.4264,26.1406
2022-05-17 21:00:00,2022-05-17 22:00:00,20.73,44.4264,26.1406,10.75,44.4264,26.1406,,44.4264,26.1406
2022-05-17 22:00:00,2022-05-17 23:00:00,28.96,44.4264,26.1406,16.07,44.4264,26.1406,,44.4264,26.1406
2022-05-17 23:00:00,2022-05-18 00:00:00,25.08,44.4264,26.1406,15.89,44.4264,26.1406,,44.4264,26.1406
2022-05-18 00:00:00,2022-05-18 01:00:00,22.23,44.4264,26.1406,14.54,44.4264,26.1406,,44.4264,26.1406
2022-05-18 01:00:00,2022-05-18 02:00:00,27.2,44.4264,26.1406,22.12,44.4264,26.1406,,44.4264,26.1406
2022-05-18 02:00:00,2022-05-18 03:00:00,20.96,44.4264,26.1406,16.98,44.4264,26.1406,,44.4264,26.1406
2022-05-18 03:00:00,2022-05-18 04:00:00,18.96,44.4264,26.1406,15.24,44.4264,26.1406,,44.4264,26.1406
2022-05-18 04:00:00,2022-05-18 05:00:00,12.59,44.4264,26.1406,10.31,44.4264,26.1406,,44.4264,26.1406
2022-05-18 05:00:00,2022-05-18 06:00:00,10.58,44.4264,26.1406,8.45,44.4264,26.1406,11.27,44.4264,26.1406
2022-05-18 06:00:00,2022-05-18 07:00:00,10.58,44.4264,26.1406,8.71,44.4264,26.1406,13.98,44.4264,26.1406
2022-05-18 07:00:00,2022-05-18 08:00:00,9.88,44.4264,26.1406,6.59,44.4264,26.1406,16.61,44.4264,26.1406
2022-05-18 08:00:00,2022-05-18 09:00:00,9.19,44.4264,26.1406,2.38,44.4264,26.1406,15.93,44.4264,26.1406
2022-05-18 09:00:00,2022-05-18 10:00:00,14.07,44.4264,26.1406,1.58,44.4264,26.1406,15.43,44.4264,26.1406
2022-05-18 10:00:00,2022-05-18 11:00:00,16.37,44.4264,26.1406,1.66,44.4264,26.1406,15.81,44.4264,26.1406
2022-05-18 11:00:00,2022-05-18 12:00:00,14.62,44.4264,26.1406,,,,,44.4264,26.1406
2022-05-18 12:00:00,2022-05-18 13:00:00,16.05,44.4264,26.1406,,,,15.44,44.4264,26.1406
2022-05-18 13:00:00,2022-05-18 14:00:00,11.9,44.4264,26.1406,,,,15.19,44.4264,26.1406
2022-05-18 14:00:00,2022-05-18 15:00:00,11.22,44.4264,26.1406,,,,9.68,44.4264,26.1406
2022-05-18 15:00:00,2022-05-18 16:00:00,7.3,44.4264,26.1406,,,,7.06,44.4264,26.1406
2022-05-18 16:00:00,2022-05-18 17:00:00,4.99,44.4264,26.1406,,,,7.43,44.4264,26.1406
2022-05-18 17:00:00,2022-05-18 18:00:00,6.32,44.4264,26.1406,,,,7.43,44.4264,26.1406
2022-05-18 18:00:00,2022-05-18 19:00:00,14.63,44.4264,26.1406,5.19,44.4264,26.1406,11.86,44.4264,26.1406
2022-05-18 19:00:00,2022-05-18 20:00:00,16.94,44.4264,26.1406,6.38,44.4264,26.1406,,44.4264,26.1406
2022-05-18 20:00:00,2022-05-18 21:00:00,14.27,44.4264,26.1406,2.92,44.4264,26.1406,,44.4264,26.1406
2022-05-18 21:00:00,2022-05-18 22:00:00,15.89,44.4264,26.1406,4.93,44.4264,26.1406,21.14,44.4264,26.1406
2022-05-18 22:00:00,2022-05-18 23:00:00,17.57,44.4264,26.1406,7.98,44.4264,26.1406,16.97,44.4264,26.1406
2022-05-18 23:00:00,2022-05-19 00:00:00,16.7,44.4264,26.1406,6.39,44.4264,26.1406,7.31,44.4264,26.1406
2022-05-19 00:00:00,2022-05-19 01:00:00,10.63,44.4264,26.1406,2.58,44.4264,26.1406,7.94,44.4264,26.1406
2022-05-19 01:00:00,2022-05-19 02:00:00,12.35,44.4264,26.1406,5.72,44.4264,26.1406,7.99,44.4264,26.1406
2022-05-19 02:00:00,2022-05-19 03:00:00,13.95,44.4264,26.1406,8.29,44.4264,26.1406,9.0,44.4264,26.1406
2022-05-19 03:00:00,2022-05-19 04:00:00,12.58,44.4264,26.1406,6.91,44.4264,26.1406,8.43,44.4264,26.1406
2022-05-19 04:00:00,2022-05-19 05:00:00,13.03,44.4264,26.1406,7.38,44.4264,26.1406,8.57,44.4264,26.1406
2022-05-19 05:00:00,2022-05-19 06:00:00,13.56,44.4264,26.1406,7.3,44.4264,26.1406,9.61,44.4264,26.1406
2022-05-19 06:00:00,2022-05-19 07:00:00,15.4,44.4264,26.1406,9.17,44.4264,26.1406,12.03,44.4264,26.1406
2022-05-19 07:00:00,2022-05-19 08:00:00,16.45,44.4264,26.1406,8.87,44.4264,26.1406,15.62,44.4264,26.1406
2022-05-19 08:00:00,2022-05-19 09:00:00,17.62,44.4264,26.1406,7.0,44.4264,26.1406,17.48,44.4264,26.1406
2022-05-19 09:00:00,2022-05-19 10:00:00,12.19,44.4264,26.1406,2.11,44.4264,26.1406,7.08,44.4264,26.1406
2022-05-19 10:00:00,2022-05-19 11:00:00,5.61,44.4264,26.1406,,,,5.97,44.4264,26.1406
2022-05-19 11:00:00,2022-05-19 12:00:00,6.48,44.4264,26.1406,0.85,44.4264,26.1406,5.79,44.4264,26.1406
2022-05-19 12:00:00,2022-05-19 13:00:00,5.02,44.4264,26.1406,,,,,44.4264,26.1406
2022-05-19 13:00:00,2022-05-19 14:00:00,6.61,44.4264,26.1406,,,,6.68,44.4264,26.1406
2022-05-19 14:00:00,2022-05-19 15:00:00,13.04,44.4264,26.1406,4.94,44.4264,26.1406,6.58,44.4264,26.1406
2022-05-19 15:00:00,2022-05-19 16:00:00,13.56,44.4264,26.1406,5.12,44.4264,26.1406,6.01,44.4264,26.1406
2022-05-19 16:00:00,2022-05-19 17:00:00,8.55,44.4264,26.1406,1.51,44.4264,26.1406,5.8,44.4264,26.1406
2022-05-19 17:00:00,2022-05-19 18:00:00,7.71,44.4264,26.1406,1.58,44.4264,26.1406,7.18,44.4264,26.1406
2022-05-19 18:00:00,2022-05-19 19:00:00,10.44,44.4264,26.1406,3.77,44.4264,26.1406,8.72,44.4264,26.1406
2022-05-19 19:00:00,2022-05-19 20:00:00,9.58,44.4264,26.1406,3.97,44.4264,26.1406,12.98,44.4264,26.1406
2022-05-19 20:00:00,2022-05-19 21:00:00,10.68,44.4264,26.1406,2.49,44.4264,26.1406,19.51,44.4264,26.1406
2022-05-19 21:00:00,2022-05-19 22:00:00,17.69,44.4264,26.1406,8.06,44.4264,26.1406,20.44,44.4264,26.1406
2022-05-19 22:00:00,2022-05-19 23:00:00,18.15,44.4264,26.1406,9.64,44.4264,26.1406,18.41,44.4264,26.1406
2022-05-19 23:00:00,2022-05-20 00:00:00,15.51,44.4264,26.1406,8.0,44.4264,26.1406,19.62,44.4264,26.1406
2022-05-20 00:00:00,2022-05-20 01:00:00,10.69,44.4264,26.1406,4.43,44.4264,26.1406,21.45,44.4264,26.1406
2022-05-20 01:00:00,2022-05-20 02:00:00,13.82,44.4264,26.1406,7.26,44.4264,26.1406,15.95,44.4264,26.1406
2022-05-20 02:00:00,2022-05-20 03:00:00,11.42,44.4264,26.1406,6.0,44.4264,26.1406,17.65,44.4264,26.1406
2022-05-20 03:00:00,2022-05-20 04:00:00,9.06,44.4264,26.1406,3.03,44.4264,26.1406,24.59,44.4264,26.1406
2022-05-20 04:00:00,2022-05-20 05:00:00,14.52,44.4264,26.1406,8.35,44.4264,26.1406,23.6,44.4264,26.1406
2022-05-20 05:00:00,2022-05-20 06:00:00,18.14,44.4264,26.1406,9.79,44.4264,26.1406,35.81,44.4264,26.1406
2022-05-20 06:00:00,2022-05-20 07:00:00,25.99,44.4264,26.1406,9.77,44.4264,26.1406,29.35,44.4264,26.1406
2022-05-20 07:00:00,2022-05-20 08:00:00,41.02,44.4264,26.1406,16.0,44.4264,26.1406,32.45,44.4264,26.1406
2022-05-20 08:00:00,2022-05-20 09:00:00,34.08,44.4264,26.1406,11.46,44.4264,26.1406,27.87,44.4264,26.1406
2022-05-20 09:00:00,2022-05-20 10:00:00,35.95,44.4264,26.1406,12.86,44.4264,26.1406,32.72,44.4264,26.1406
2022-05-20 10:00:00,2022-05-20 11:00:00,23.5,44.4264,26.1406,6.39,44.4264,26.1406,18.39,44.4264,26.1406
2022-05-20 11:00:00,2022-05-20 12:00:00,16.68,44.4264,26.1406,4.83,44.4264,26.1406,8.07,44.4264,26.1406
2022-05-20 12:00:00,2022-05-20 13:00:00,13.07,44.4264,26.1406,6.08,44.4264,26.1406,7.01,44.4264,26.1406
2022-05-20 13:00:00,2022-05-20 14:00:00,12.08,44.4264,26.1406,4.24,44.4264,26.1406,,44.4264,26.1406
2022-05-20 14:00:00,2022-05-20 15:00:00,13.0,44.4264,26.1406,5.27,44.4264,26.1406,6.73,44.4264,26.1406
2022-05-20 15:00:00,2022-05-20 16:00:00,12.13,44.4264,26.1406,5.38,44.4264,26.1406,6.96,44.4264,26.1406
2022-05-20 16:00:00,2022-05-20 17:00:00,11.43,44.4264,26.1406,3.4,44.4264,26.1406,10.35,44.4264,26.1406
2022-05-20 17:00:00,2022-05-20 18:00:00,16.74,44.4264,26.1406,2.4,44.4264,26.1406,9.61,44.4264,26.1406
2022-05-20 18:00:00,2022-05-20 19:00:00,8.1,44.4264,26.1406,0.54,44.4264,26.1406,14.46,44.4264,26.1406
2022-05-20 19:00:00,2022-05-20 20:00:00,12.0,44.4264,26.1406,4.46,44.4264,26.1406,19.47,44.4264,26.1406
2022-05-20 20:00:00,2022-05-20 21:00:00,16.96,44.4264,26.1406,8.14,44.4264,26.1406,19.34,44.4264,26.1406
2022-05-20 21:00:00,2022-05-20 22:00:00,16.71,44.4264,26.1406,8.05,44.4264,26.1406,20.83,44.4264,26.1406
2022-05-20 22:00:00,2022-05-20 23:00:00,16.55,44.4264,26.1406,8.15,44.4264,26.1406,21.5,44.4264,26.1406
2022-05-20 23:00:00,2022-05-21 00:00:00,13.47,44.4264,26.1406,6.26,44.4264,26.1406,24.01,44.4264,26.1406
2022-05-21 00:00:00,2022-05-21 01:00:00,11.31,44.4264,26.1406,5.01,44.4264,26.1406,20.73,44.4264,26.1406
2022-05-21 01:00:00,2022-05-21 02:00:00,10.5,44.4264,26.1406,5.36,44.4264,26.1406,18.72,44.4264,26.1406
2022-05-21 02:00:00,2022-05-21 03:00:00,14.17,44.4264,26.1406,8.25,44.4264,26.1406,23.75,44.4264,26.1406
2022-05-21 03:00:00,2022-05-21 04:00:00,13.37,44.4264,26.1406,7.63,44.4264,26.1406,27.2,44.4264,26.1406
2022-05-21 04:00:00,2022-05-21 05:00:00,11.21,44.4264,26.1406,5.82,44.4264,26.1406,24.89,44.4264,26.1406
2022-05-21 05:00:00,2022-05-21 06:00:00,11.58,44.4264,26.1406,5.93,44.4264,26.1406,19.09,44.4264,26.1406
2022-05-21 06:00:00,2022-05-21 07:00:00,17.28,44.4264,26.1406,10.19,44.4264,26.1406,22.96,44.4264,26.1406
2022-05-21 07:00:00,2022-05-21 08:00:00,22.54,44.4264,26.1406,12.62,44.4264,26.1406,20.34,44.4264,26.1406
2022-05-21 08:00:00,2022-05-21 09:00:00,22.21,44.4264,26.1406,11.14,44.4264,26.1406,14.22,44.4264,26.1406
2022-05-21 09:00:00,2022-05-21 10:00:00,21.76,44.4264,26.1406,13.33,44.4264,26.1406,10.77,44.4264,26.1406
2022-05-21 10:00:00,2022-05-21 11:00:00,20.68,44.4264,26.1406,13.36,44.4264,26.1406,,44.4264,26.1406
2022-05-21 11:00:00,2022-05-21 12:00:00,23.79,44.4264,26.1406,16.35,44.4264,26.1406,,44.4264,26.1406
2022-05-21 12:00:00,2022-05-21 13:00:00,25.55,44.4264,26.1406,17.86,44.4264,26.1406,,44.4264,26.1406
2022-05-21 13:00:00,2022-05-21 14:00:00,20.86,44.4264,26.1406,14.79,44.4264,26.1406,,44.4264,26.1406
2022-05-21 14:00:00,2022-05-21 15:00:00,18.04,44.4264,26.1406,14.02,44.4264,26.1406,,44.4264,26.1406
2022-05-21 15:00:00,2022-05-21 16:00:00,19.68,44.4264,26.1406,16.61,44.4264,26.1406,,44.4264,26.1406
2022-05-21 16:00:00,2022-05-21 17:00:00,22.3,44.4264,26.1406,18.86,44.4264,26.1406,,44.4264,26.1406
2022-05-21 17:00:00,2022-05-21 18:00:00,12.79,44.4264,26.1406,8.57,44.4264,26.1406,,44.4264,26.1406
2022-05-21 20:00:00,2022-05-21 21:00:00,24.29,44.4264,26.1406,14.79,44.4264,26.1406,,44.4264,26.1406
2022-05-21 21:00:00,2022-05-21 22:00:00,15.75,44.4264,26.1406,6.75,44.4264,26.1406,,44.4264,26.1406
2022-05-21 22:00:00,2022-05-21 23:00:00,16.72,44.4264,26.1406,8.41,44.4264,26.1406,,44.4264,26.1406
2022-05-21 23:00:00,2022-05-22 00:00:00,15.85,44.4264,26.1406,6.23,44.4264,26.1406,,44.4264,26.1406
2022-05-22 00:00:00,2022-05-22 01:00:00,18.93,44.4264,26.1406,9.53,44.4264,26.1406,,44.4264,26.1406
2022-05-22 01:00:00,2022-05-22 02:00:00,19.76,44.4264,26.1406,12.1,44.4264,26.1406,,44.4264,26.1406
2022-05-22 02:00:00,2022-05-22 03:00:00,17.12,44.4264,26.1406,10.97,44.4264,26.1406,,44.4264,26.1406
2022-05-22 03:00:00,2022-05-22 04:00:00,16.27,44.4264,26.1406,9.87,44.4264,26.1406,,44.4264,26.1406
2022-05-22 04:00:00,2022-05-22 05:00:00,17.56,44.4264,26.1406,11.58,44.4264,26.1406,,44.4264,26.1406
2022-05-22 05:00:00,2022-05-22 06:00:00,20.8,44.4264,26.1406,10.04,44.4264,26.1406,,44.4264,26.1406
2022-05-22 06:00:00,2022-05-22 07:00:00,24.15,44.4264,26.1406,8.0,44.4264,26.1406,,44.4264,26.1406
2022-05-22 07:00:00,2022-05-22 08:00:00,19.92,44.4264,26.1406,5.2,44.4264,26.1406,,44.4264,26.1406
2022-05-22 08:00:00,2022-05-22 09:00:00,19.75,44.4264,26.1406,4.67,44.4264,26.1406,,44.4264,26.1406
2022-05-22 09:00:00,2022-05-22 10:00:00,23.29,44.4264,26.1406,5.25,44.4264,26.1406,,44.4264,26.1406
2022-05-22 10:00:00,2022-05-22 11:00:00,24.62,44.4264,26.1406,6.69,44.4264,26.1406,,44.4264,26.1406
2022-05-22 11:00:00,2022-05-22 12:00:00,26.08,44.4264,26.1406,5.35,44.4264,26.1406,,44.4264,26.1406
2022-05-22 12:00:00,2022-05-22 13:00:00,21.92,44.4264,26.1406,3.1,44.4264,26.1406,,44.4264,26.1406
2022-05-22 13:00:00,2022-05-22 14:00:00,19.49,44.4264,26.1406,3.27,44.4264,26.1406,,44.4264,26.1406
2022-05-22 14:00:00,2022-05-22 15:00:00,70.43,44.4264,26.1406,63.32,44.4264,26.1406,,44.4264,26.1406
2022-05-22 15:00:00,2022-05-22 16:00:00,31.37,44.4264,26.1406,23.79,44.4264,26.1406,,44.4264,26.1406
2022-05-22 16:00:00,2022-05-22 17:00:00,11.61,44.4264,26.1406,0.74,44.4264,26.1406,,44.4264,26.1406
2022-05-22 17:00:00,2022-05-22 18:00:00,14.53,44.4264,26.1406,3.38,44.4264,26.1406,,44.4264,26.1406
2022-05-22 18:00:00,2022-05-22 19:00:00,8.25,44.4264,26.1406,1.35,44.4264,26.1406,,44.4264,26.1406
2022-05-22 19:00:00,2022-05-22 20:00:00,9.07,44.4264,26.1406,0.77,44.4264,26.1406,,44.4264,26.1406
2022-05-22 20:00:00,2022-05-22 21:00:00,12.46,44.4264,26.1406,3.53,44.4264,26.1406,,44.4264,26.1406
2022-05-22 21:00:00,2022-05-22 22:00:00,9.81,44.4264,26.1406,2.96,44.4264,26.1406,,44.4264,26.1406
2022-05-22 22:00:00,2022-05-22 23:00:00,5.55,44.4264,26.1406,,,,,44.4264,26.1406
2022-05-22 23:00:00,2022-05-23 00:00:00,13.63,44.4264,26.1406,6.2,44.4264,26.1406,,44.4264,26.1406
2022-05-23 01:00:00,2022-05-23 02:00:00,9.63,44.4264,26.1406,1.08,44.4264,26.1406,,44.4264,26.1406
2022-05-23 02:00:00,2022-05-23 03:00:00,9.62,44.4264,26.1406,1.18,44.4264,26.1406,,44.4264,26.1406
2022-05-23 03:00:00,2022-05-23 04:00:00,11.26,44.4264,26.1406,5.5,44.4264,26.1406,,44.4264,26.1406
2022-05-23 04:00:00,2022-05-23 05:00:00,19.85,44.4264,26.1406,15.76,44.4264,26.1406,,44.4264,26.1406
2022-05-23 05:00:00,2022-05-23 06:00:00,38.91,44.4264,26.1406,35.23,44.4264,26.1406,,44.4264,26.1406
2022-05-23 06:00:00,2022-05-23 07:00:00,22.1,44.4264,26.1406,13.32,44.4264,26.1406,,44.4264,26.1406
2022-05-23 07:00:00,2022-05-23 08:00:00,21.79,44.4264,26.1406,13.69,44.4264,26.1406,,44.4264,26.1406
2022-05-23 08:00:00,2022-05-23 09:00:00,16.76,44.4264,26.1406,7.04,44.4264,26.1406,,44.4264,26.1406
2022-05-23 09:00:00,2022-05-23 10:00:00,12.47,44.4264,26.1406,1.73,44.4264,26.1406,,44.4264,26.1406
2022-05-23 10:00:00,2022-05-23 11:00:00,16.45,44.4264,26.1406,5.5,44.4264,26.1406,,44.4264,26.1406
2022-05-23 11:00:00,2022-05-23 12:00:00,17.3,44.4264,26.1406,7.75,44.4264,26.1406,,44.4264,26.1406
2022-05-23 12:00:00,2022-05-23 13:00:00,17.94,44.4264,26.1406,6.92,44.4264,26.1406,,44.4264,26.1406
2022-05-23 13:00:00,2022-05-23 14:00:00,17.71,44.4264,26.1406,5.9,44.4264,26.1406,,44.4264,26.1406
2022-05-23 14:00:00,2022-05-23 15:00:00,23.12,44.4264,26.1406,9.44,44.4264,26.1406,,44.4264,26.1406
2022-05-23 15:00:00,2022-05-23 16:00:00,26.01,44.4264,26.1406,12.77,44.4264,26.1406,,44.4264,26.1406
2022-05-23 16:00:00,2022-05-23 17:00:00,22.4,44.4264,26.1406,10.09,44.4264,26.1406,,44.4264,26.1406
2022-05-23 17:00:00,2022-05-23 18:00:00,16.35,44.4264,26.1406,4.09,44.4264,26.1406,,44.4264,26.1406
2022-05-23 18:00:00,2022-05-23 19:00:00,19.18,44.4264,26.1406,6.63,44.4264,26.1406,,44.4264,26.1406
2022-05-23 19:00:00,2022-05-23 20:00:00,21.13,44.4264,26.1406,7.72,44.4264,26.1406,,44.4264,26.1406
2022-05-23 20:00:00,2022-05-23 21:00:00,18.3,44.4264,26.1406,7.5,44.4264,26.1406,,44.4264,26.1406
2022-05-23 21:00:00,2022-05-23 22:00:00,18.99,44.4264,26.1406,9.74,44.4264,26.1406,,44.4264,26.1406
2022-05-23 22:00:00,2022-05-23 23:00:00,16.16,44.4264,26.1406,8.36,44.4264,26.1406,,44.4264,26.1406
2022-05-23 23:00:00,2022-05-24 00:00:00,15.14,44.4264,26.1406,7.91,44.4264,26.1406,,44.4264,26.1406
2022-05-24 00:00:00,2022-05-24 01:00:00,15.58,44.4264,26.1406,9.24,44.4264,26.1406,,44.4264,26.1406
2022-05-24 01:00:00,2022-05-24 02:00:00,17.31,44.4264,26.1406,11.8,44.4264,26.1406,,44.4264,26.1406
2022-05-24 02:00:00,2022-05-24 03:00:00,19.67,44.4264,26.1406,11.76,44.4264,26.1406,,44.4264,26.1406
2022-05-24 03:00:00,2022-05-24 04:00:00,16.21,44.4264,26.1406,11.5,44.4264,26.1406,,44.4264,26.1406
2022-05-24 04:00:00,2022-05-24 05:00:00,14.93,44.4264,26.1406,10.16,44.4264,26.1406,,44.4264,26.1406
2022-05-24 05:00:00,2022-05-24 06:00:00,13.96,44.4264,26.1406,8.15,44.4264,26.1406,,44.4264,26.1406
2022-05-24 06:00:00,2022-05-24 07:00:00,17.51,44.4264,26.1406,9.91,44.4264,26.1406,,44.4264,26.1406
2022-05-24 07:00:00,2022-05-24 08:00:00,19.62,44.4264,26.1406,11.37,44.4264,26.1406,,44.4264,26.1406
2022-05-24 08:00:00,2022-05-24 09:00:00,18.08,44.4264,26.1406,9.39,44.4264,26.1406,,44.4264,26.1406
2022-05-24 09:00:00,2022-05-24 10:00:00,20.16,44.4264,26.1406,12.25,44.4264,26.1406,,44.4264,26.1406
2022-05-24 10:00:00,2022-05-24 11:00:00,20.16,44.4264,26.1406,11.9,44.4264,26.1406,,44.4264,26.1406
2022-05-24 11:00:00,2022-05-24 12:00:00,17.89,44.4264,26.1406,8.78,44.4264,26.1406,,44.4264,26.1406
2022-05-24 12:00:00,2022-05-24 13:00:00,16.64,44.4264,26.1406,9.07,44.4264,26.1406,12.34,44.4264,26.1406
2022-05-24 13:00:00,2022-05-24 14:00:00,19.39,44.4264,26.1406,11.42,44.4264,26.1406,,44.4264,26.1406
2022-05-24 14:00:00,2022-05-24 15:00:00,16.92,44.4264,26.1406,7.18,44.4264,26.1406,22.05,44.4264,26.1406
2022-05-24 15:00:00,2022-05-24 16:00:00,19.24,44.4264,26.1406,11.49,44.4264,26.1406,11.63,44.4264,26.1406
2022-05-24 16:00:00,2022-05-24 17:00:00,18.9,44.4264,26.1406,9.99,44.4264,26.1406,11.42,44.4264,26.1406
2022-05-24 17:00:00,2022-05-24 18:00:00,18.49,44.4264,26.1406,9.76,44.4264,26.1406,14.81,44.4264,26.1406
2022-05-24 18:00:00,2022-05-24 19:00:00,12.94,44.4264,26.1406,6.28,44.4264,26.1406,16.1,44.4264,26.1406
2022-05-24 19:00:00,2022-05-24 20:00:00,13.86,44.4264,26.1406,7.27,44.4264,26.1406,20.71,44.4264,26.1406
2022-05-24 20:00:00,2022-05-24 21:00:00,18.11,44.4264,26.1406,10.86,44.4264,26.1406,19.99,44.4264,26.1406
2022-05-24 21:00:00,2022-05-24 22:00:00,17.89,44.4264,26.1406,9.88,44.4264,26.1406,19.12,44.4264,26.1406
2022-05-24 22:00:00,2022-05-24 23:00:00,15.92,44.4264,26.1406,8.37,44.4264,26.1406,34.65,44.4264,26.1406
2022-05-24 23:00:00,2022-05-25 00:00:00,16.12,44.4264,26.1406,8.5,44.4264,26.1406,16.99,44.4264,26.1406
2022-05-25 00:00:00,2022-05-25 01:00:00,15.15,44.4264,26.1406,9.43,44.4264,26.1406,14.08,44.4264,26.1406
2022-05-25 01:00:00,2022-05-25 02:00:00,11.73,44.4264,26.1406,7.09,44.4264,26.1406,12.42,44.4264,26.1406
2022-05-25 02:00:00,2022-05-25 03:00:00,11.57,44.4264,26.1406,6.89,44.4264,26.1406,8.47,44.4264,26.1406
2022-05-25 03:00:00,2022-05-25 04:00:00,11.36,44.4264,26.1406,7.45,44.4264,26.1406,11.67,44.4264,26.1406
2022-05-25 04:00:00,2022-05-25 05:00:00,9.5,44.4264,26.1406,5.08,44.4264,26.1406,15.05,44.4264,26.1406
2022-05-25 05:00:00,2022-05-25 06:00:00,11.33,44.4264,26.1406,7.21,44.4264,26.1406,18.81,44.4264,26.1406
2022-05-25 06:00:00,2022-05-25 07:00:00,10.66,44.4264,26.1406,5.62,44.4264,26.1406,18.63,44.4264,26.1406
2022-05-25 07:00:00,2022-05-25 08:00:00,14.74,44.4264,26.1406,7.67,44.4264,26.1406,23.69,44.4264,26.1406
2022-05-25 08:00:00,2022-05-25 09:00:00,20.38,44.4264,26.1406,11.02,44.4264,26.1406,26.24,44.4264,26.1406
2022-05-25 09:00:00,2022-05-25 10:00:00,26.21,44.4264,26.1406,13.39,44.4264,26.1406,30.2,44.4264,26.1406
2022-05-25 10:00:00,2022-05-25 11:00:00,28.34,44.4264,26.1406,13.77,44.4264,26.1406,21.6,44.4264,26.1406
2022-05-25 11:00:00,2022-05-25 12:00:00,24.96,44.4264,26.1406,10.95,44.4264,26.1406,11.31,44.4264,26.1406
2022-05-25 12:00:00,2022-05-25 13:00:00,22.31,44.4264,26.1406,8.07,44.4264,26.1406,8.64,44.4264,26.1406
2022-05-25 13:00:00,2022-05-25 14:00:00,23.2,44.4264,26.1406,8.43,44.4264,26.1406,18.58,44.4264,26.1406
2022-05-25 14:00:00,2022-05-25 15:00:00,23.94,44.4264,26.1406,12.11,44.4264,26.1406,,44.4264,26.1406
2022-05-25 15:00:00,2022-05-25 16:00:00,22.87,44.4264,26.1406,10.91,44.4264,26.1406,10.95,44.4264,26.1406
2022-05-25 16:00:00,2022-05-25 17:00:00,24.7,44.4264,26.1406,11.53,44.4264,26.1406,9.17,44.4264,26.1406
2022-05-25 17:00:00,2022-05-25 18:00:00,21.86,44.4264,26.1406,9.75,44.4264,26.1406,13.98,44.4264,26.1406
2022-05-25 18:00:00,2022-05-25 19:00:00,19.81,44.4264,26.1406,9.11,44.4264,26.1406,9.24,44.4264,26.1406
2022-05-25 19:00:00,2022-05-25 20:00:00,19.77,44.4264,26.1406,10.39,44.4264,26.1406,7.51,44.4264,26.1406
2022-05-25 20:00:00,2022-05-25 21:00:00,22.31,44.4264,26.1406,10.73,44.4264,26.1406,14.18,44.4264,26.1406
2022-05-25 21:00:00,2022-05-25 22:00:00,30.96,44.4264,26.1406,12.9,44.4264,26.1406,33.06,44.4264,26.1406
2022-05-25 22:00:00,2022-05-25 23:00:00,45.54,44.4264,26.1406,19.42,44.4264,26.1406,58.93,44.4264,26.1406
2022-05-25 23:00:00,2022-05-26 00:00:00,37.87,44.4264,26.1406,18.45,44.4264,26.1406,40.35,44.4264,26.1406
2022-05-26 00:00:00,2022-05-26 01:00:00,27.11,44.4264,26.1406,15.47,44.4264,26.1406,29.47,44.4264,26.1406
2022-05-26 01:00:00,2022-05-26 02:00:00,27.11,44.4264,26.1406,17.53,44.4264,26.1406,19.85,44.4264,26.1406
2022-05-26 02:00:00,2022-05-26 03:00:00,26.24,44.4264,26.1406,18.15,44.4264,26.1406,23.07,44.4264,26.1406
2022-05-26 03:00:00,2022-05-26 04:00:00,20.41,44.4264,26.1406,13.11,44.4264,26.1406,21.93,44.4264,26.1406
2022-05-26 04:00:00,2022-05-26 05:00:00,19.6,44.4264,26.1406,10.31,44.4264,26.1406,17.31,44.4264,26.1406
2022-05-26 05:00:00,2022-05-26 06:00:00,24.74,44.4264,26.1406,14.55,44.4264,26.1406,35.67,44.4264,26.1406
2022-05-26 06:00:00,2022-05-26 07:00:00,29.2,44.4264,26.1406,13.83,44.4264,26.1406,41.08,44.4264,26.1406
2022-05-26 07:00:00,2022-05-26 08:00:00,23.0,44.4264,26.1406,9.4,44.4264,26.1406,18.96,44.4264,26.1406
2022-05-26 08:00:00,2022-05-26 09:00:00,19.1,44.4264,26.1406,8.64,44.4264,26.1406,10.56,44.4264,26.1406
2022-05-26 09:00:00,2022-05-26 10:00:00,13.22,44.4264,26.1406,4.98,44.4264,26.1406,6.73,44.4264,26.1406
2022-05-26 10:00:00,2022-05-26 11:00:00,16.7,44.4264,26.1406,5.45,44.4264,26.1406,6.36,44.4264,26.1406
2022-05-26 11:00:00,2022-05-26 12:00:00,16.85,44.4264,26.1406,6.14,44.4264,26.1406,5.56,44.4264,26.1406
2022-05-26 12:00:00,2022-05-26 13:00:00,19.64,44.4264,26.1406,10.01,44.4264,26.1406,4.87,44.4264,26.1406
2022-05-26 13:00:00,2022-05-26 14:00:00,14.77,44.4264,26.1406,4.9,44.4264,26.1406,3.95,44.4264,26.1406
2022-05-26 14:00:00,2022-05-26 15:00:00,12.2,44.4264,26.1406,4.38,44.4264,26.1406,3.5,44.4264,26.1406
2022-05-26 15:00:00,2022-05-26 16:00:00,8.37,44.4264,26.1406,1.49,44.4264,26.1406,,44.4264,26.1406
2022-05-26 16:00:00,2022-05-26 17:00:00,11.71,44.4264,26.1406,4.05,44.4264,26.1406,4.79,44.4264,26.1406
2022-05-26 17:00:00,2022-05-26 18:00:00,16.95,44.4264,26.1406,7.93,44.4264,26.1406,4.77,44.4264,26.1406
2022-05-26 18:00:00,2022-05-26 19:00:00,20.94,44.4264,26.1406,8.01,44.4264,26.1406,14.16,44.4264,26.1406
2022-05-26 19:00:00,2022-05-26 20:00:00,19.67,44.4264,26.1406,8.04,44.4264,26.1406,16.71,44.4264,26.1406
2022-05-26 20:00:00,2022-05-26 21:00:00,17.27,44.4264,26.1406,8.75,44.4264,26.1406,22.47,44.4264,26.1406
2022-05-26 21:00:00,2022-05-26 22:00:00,18.07,44.4264,26.1406,8.8,44.4264,26.1406,28.15,44.4264,26.1406
2022-05-26 22:00:00,2022-05-26 23:00:00,17.19,44.4264,26.1406,7.66,44.4264,26.1406,35.22,44.4264,26.1406
2022-05-26 23:00:00,2022-05-27 00:00:00,18.63,44.4264,26.1406,10.36,44.4264,26.1406,19.46,44.4264,26.1406
2022-05-27 00:00:00,2022-05-27 01:00:00,16.63,44.4264,26.1406,9.33,44.4264,26.1406,14.37,44.4264,26.1406
2022-05-27 01:00:00,2022-05-27 02:00:00,17.29,44.4264,26.1406,9.94,44.4264,26.1406,11.06,44.4264,26.1406
2022-05-27 02:00:00,2022-05-27 03:00:00,19.91,44.4264,26.1406,14.23,44.4264,26.1406,12.17,44.4264,26.1406
2022-05-27 03:00:00,2022-05-27 04:00:00,18.29,44.4264,26.1406,12.39,44.4264,26.1406,11.23,44.4264,26.1406
2022-05-27 04:00:00,2022-05-27 05:00:00,16.25,44.4264,26.1406,10.23,44.4264,26.1406,14.71,44.4264,26.1406
2022-05-27 05:00:00,2022-05-27 06:00:00,17.83,44.4264,26.1406,11.36,44.4264,26.1406,23.74,44.4264,26.1406
2022-05-27 06:00:00,2022-05-27 07:00:00,21.75,44.4264,26.1406,11.6,44.4264,26.1406,35.71,44.4264,26.1406
2022-05-27 07:00:00,2022-05-27 08:00:00,23.12,44.4264,26.1406,11.84,44.4264,26.1406,30.35,44.4264,26.1406
2022-05-27 08:00:00,2022-05-27 09:00:00,22.56,44.4264,26.1406,10.04,44.4264,26.1406,26.57,44.4264,26.1406
2022-05-27 09:00:00,2022-05-27 10:00:00,19.4,44.4264,26.1406,6.89,44.4264,26.1406,12.09,44.4264,26.1406
2022-05-27 10:00:00,2022-05-27 11:00:00,12.77,44.4264,26.1406,5.49,44.4264,26.1406,7.89,44.4264,26.1406
2022-05-27 11:00:00,2022-05-27 12:00:00,13.76,44.4264,26.1406,8.07,44.4264,26.1406,6.49,44.4264,26.1406
2022-05-27 12:00:00,2022-05-27 13:00:00,14.34,44.4264,26.1406,8.94,44.4264,26.1406,5.5,44.4264,26.1406
2022-05-27 13:00:00,2022-05-27 14:00:00,11.85,44.4264,26.1406,6.56,44.4264,26.1406,6.46,44.4264,26.1406
2022-05-27 14:00:00,2022-05-27 15:00:00,15.6,44.4264,26.1406,8.0,44.4264,26.1406,6.75,44.4264,26.1406
2022-05-27 15:00:00,2022-05-27 16:00:00,18.15,44.4264,26.1406,9.89,44.4264,26.1406,5.8,44.4264,26.1406
2022-05-27 16:00:00,2022-05-27 17:00:00,15.57,44.4264,26.1406,5.73,44.4264,26.1406,,44.4264,26.1406
2022-05-27 17:00:00,2022-05-27 18:00:00,16.64,44.4264,26.1406,8.4,44.4264,26.1406,7.67,44.4264,26.1406
2022-05-27 18:00:00,2022-05-27 19:00:00,14.68,44.4264,26.1406,8.3,44.4264,26.1406,9.12,44.4264,26.1406
2022-05-27 19:00:00,2022-05-27 20:00:00,13.07,44.4264,26.1406,5.34,44.4264,26.1406,17.79,44.4264,26.1406
2022-05-27 20:00:00,2022-05-27 21:00:00,16.69,44.4264,26.1406,6.05,44.4264,26.1406,23.5,44.4264,26.1406
2022-05-27 21:00:00,2022-05-27 22:00:00,19.86,44.4264,26.1406,8.35,44.4264,26.1406,23.49,44.4264,26.1406
2022-05-27 22:00:00,2022-05-27 23:00:00,18.95,44.4264,26.1406,9.59,44.4264,26.1406,15.45,44.4264,26.1406
2022-05-27 23:00:00,2022-05-28 00:00:00,15.65,44.4264,26.1406,8.48,44.4264,26.1406,10.86,44.4264,26.1406
2022-05-28 00:00:00,2022-05-28 01:00:00,13.39,44.4264,26.1406,6.33,44.4264,26.1406,9.43,44.4264,26.1406
2022-05-28 01:00:00,2022-05-28 02:00:00,14.46,44.4264,26.1406,8.38,44.4264,26.1406,9.83,44.4264,26.1406
2022-05-28 02:00:00,2022-05-28 03:00:00,16.74,44.4264,26.1406,9.86,44.4264,26.1406,15.77,44.4264,26.1406
2022-05-28 03:00:00,2022-05-28 04:00:00,21.12,44.4264,26.1406,12.02,44.4264,26.1406,16.74,44.4264,26.1406
2022-05-28 04:00:00,2022-05-28 05:00:00,19.74,44.4264,26.1406,11.06,44.4264,26.1406,21.29,44.4264,26.1406
2022-05-28 05:00:00,2022-05-28 06:00:00,26.33,44.4264,26.1406,14.96,44.4264,26.1406,32.26,44.4264,26.1406
2022-05-28 06:00:00,2022-05-28 07:00:00,30.13,44.4264,26.1406,18.18,44.4264,26.1406,28.65,44.4264,26.1406
2022-05-28 07:00:00,2022-05-28 08:00:00,32.68,44.4264,26.1406,15.69,44.4264,26.1406,32.19,44.4264,26.1406
2022-05-28 08:00:00,2022-05-28 09:00:00,34.06,44.4264,26.1406,14.47,44.4264,26.1406,32.47,44.4264,26.1406
2022-05-28 09:00:00,2022-05-28 10:00:00,29.63,44.4264,26.1406,13.98,44.4264,26.1406,16.88,44.4264,26.1406
2022-05-28 10:00:00,2022-05-28 11:00:00,28.2,44.4264,26.1406,12.43,44.4264,26.1406,10.35,44.4264,26.1406
2022-05-28 11:00:00,2022-05-28 12:00:00,23.12,44.4264,26.1406,10.52,44.4264,26.1406,6.81,44.4264,26.1406
2022-05-28 12:00:00,2022-05-28 13:00:00,16.85,44.4264,26.1406,6.6,44.4264,26.1406,5.38,44.4264,26.1406
2022-05-28 13:00:00,2022-05-28 14:00:00,15.33,44.4264,26.1406,7.19,44.4264,26.1406,4.78,44.4264,26.1406
2022-05-28 14:00:00,2022-05-28 15:00:00,15.43,44.4264,26.1406,9.59,44.4264,26.1406,4.5,44.4264,26.1406
2022-05-28 15:00:00,2022-05-28 16:00:00,12.43,44.4264,26.1406,7.09,44.4264,26.1406,5.07,44.4264,26.1406
2022-05-28 16:00:00,2022-05-28 17:00:00,14.85,44.4264,26.1406,5.93,44.4264,26.1406,9.87,44.4264,26.1406
2022-05-28 17:00:00,2022-05-28 18:00:00,18.5,44.4264,26.1406,7.33,44.4264,26.1406,,44.4264,26.1406
2022-05-28 18:00:00,2022-05-28 19:00:00,16.04,44.4264,26.1406,7.19,44.4264,26.1406,38.29,44.4264,26.1406
2022-05-28 19:00:00,2022-05-28 20:00:00,18.83,44.4264,26.1406,10.37,44.4264,26.1406,15.99,44.4264,26.1406
2022-05-28 20:00:00,2022-05-28 21:00:00,19.85,44.4264,26.1406,14.68,44.4264,26.1406,,44.4264,26.1406
2022-05-28 21:00:00,2022-05-28 22:00:00,12.08,44.4264,26.1406,8.24,44.4264,26.1406,,44.4264,26.1406
2022-05-28 22:00:00,2022-05-28 23:00:00,2.1,44.4264,26.1406,,,,,44.4264,26.1406
2022-05-28 23:00:00,2022-05-29 00:00:00,5.31,44.4264,26.1406,3.89,44.4264,26.1406,,44.4264,26.1406
2022-05-29 00:00:00,2022-05-29 01:00:00,8.54,44.4264,26.1406,6.61,44.4264,26.1406,,44.4264,26.1406
2022-05-29 01:00:00,2022-05-29 02:00:00,8.83,44.4264,26.1406,6.96,44.4264,26.1406,,44.4264,26.1406
2022-05-29 02:00:00,2022-05-29 03:00:00,7.46,44.4264,26.1406,5.88,44.4264,26.1406,,44.4264,26.1406
2022-05-29 03:00:00,2022-05-29 04:00:00,11.25,44.4264,26.1406,9.35,44.4264,26.1406,,44.4264,26.1406
2022-05-29 04:00:00,2022-05-29 05:00:00,10.16,44.4264,26.1406,8.23,44.4264,26.1406,,44.4264,26.1406
2022-05-29 05:00:00,2022-05-29 06:00:00,9.07,44.4264,26.1406,7.23,44.4264,26.1406,,44.4264,26.1406
2022-05-29 06:00:00,2022-05-29 07:00:00,8.16,44.4264,26.1406,5.78,44.4264,26.1406,,44.4264,26.1406
2022-05-29 07:00:00,2022-05-29 08:00:00,6.87,44.4264,26.1406,3.16,44.4264,26.1406,,44.4264,26.1406
2022-05-29 08:00:00,2022-05-29 09:00:00,8.7,44.4264,26.1406,5.29,44.4264,26.1406,,44.4264,26.1406
2022-05-29 09:00:00,2022-05-29 10:00:00,6.69,44.4264,26.1406,2.93,44.4264,26.1406,,44.4264,26.1406
2022-05-29 10:00:00,2022-05-29 11:00:00,10.9,44.4264,26.1406,5.96,44.4264,26.1406,,44.4264,26.1406
2022-05-29 11:00:00,2022-05-29 12:00:00,15.1,44.4264,26.1406,9.93,44.4264,26.1406,,44.4264,26.1406
2022-05-29 12:00:00,2022-05-29 13:00:00,10.6,44.4264,26.1406,5.15,44.4264,26.1406,,44.4264,26.1406
2022-05-29 13:00:00,2022-05-29 14:00:00,18.86,44.4264,26.1406,11.75,44.4264,26.1406,,44.4264,26.1406
2022-05-29 14:00:00,2022-05-29 15:00:00,16.66,44.4264,26.1406,10.64,44.4264,26.1406,,44.4264,26.1406
2022-05-29 15:00:00,2022-05-29 16:00:00,20.55,44.4264,26.1406,14.78,44.4264,26.1406,,44.4264,26.1406
2022-05-29 16:00:00,2022-05-29 17:00:00,15.86,44.4264,26.1406,10.42,44.4264,26.1406,,44.4264,26.1406
2022-05-29 17:00:00,2022-05-29 18:00:00,12.49,44.4264,26.1406,7.9,44.4264,26.1406,,44.4264,26.1406
2022-05-29 18:00:00,2022-05-29 19:00:00,15.18,44.4264,26.1406,9.79,44.4264,26.1406,,44.4264,26.1406
2022-05-29 19:00:00,2022-05-29 20:00:00,14.15,44.4264,26.1406,7.93,44.4264,26.1406,,44.4264,26.1406
2022-05-29 20:00:00,2022-05-29 21:00:00,10.04,44.4264,26.1406,4.11,44.4264,26.1406,,44.4264,26.1406
2022-05-29 21:00:00,2022-05-29 22:00:00,14.83,44.4264,26.1406,8.4,44.4264,26.1406,,44.4264,26.1406
2022-05-29 22:00:00,2022-05-29 23:00:00,13.4,44.4264,26.1406,8.05,44.4264,26.1406,,44.4264,26.1406
2022-05-29 23:00:00,2022-05-30 00:00:00,10.98,44.4264,26.1406,5.39,44.4264,26.1406,,44.4264,26.1406
2022-05-30 00:00:00,2022-05-30 01:00:00,11.71,44.4264,26.1406,6.7,44.4264,26.1406,,44.4264,26.1406
2022-05-30 01:00:00,2022-05-30 02:00:00,12.14,44.4264,26.1406,7.81,44.4264,26.1406,,44.4264,26.1406
2022-05-30 02:00:00,2022-05-30 03:00:00,13.98,44.4264,26.1406,11.63,44.4264,26.1406,,44.4264,26.1406
2022-05-30 03:00:00,2022-05-30 04:00:00,12.99,44.4264,26.1406,9.67,44.4264,26.1406,,44.4264,26.1406
2022-05-30 04:00:00,2022-05-30 05:00:00,13.36,44.4264,26.1406,9.74,44.4264,26.1406,,44.4264,26.1406
2022-05-30 05:00:00,2022-05-30 06:00:00,14.09,44.4264,26.1406,9.31,44.4264,26.1406,,44.4264,26.1406
2022-05-30 06:00:00,2022-05-30 07:00:00,11.64,44.4264,26.1406,8.42,44.4264,26.1406,,44.4264,26.1406
2022-05-30 07:00:00,2022-05-30 08:00:00,13.73,44.4264,26.1406,8.87,44.4264,26.1406,,44.4264,26.1406
2022-05-30 08:00:00,2022-05-30 09:00:00,16.05,44.4264,26.1406,11.19,44.4264,26.1406,,44.4264,26.1406
2022-05-30 09:00:00,2022-05-30 10:00:00,14.11,44.4264,26.1406,8.73,44.4264,26.1406,,44.4264,26.1406
2022-05-30 10:00:00,2022-05-30 11:00:00,17.24,44.4264,26.1406,11.69,44.4264,26.1406,,44.4264,26.1406
2022-05-30 11:00:00,2022-05-30 12:00:00,15.27,44.4264,26.1406,9.13,44.4264,26.1406,,44.4264,26.1406
2022-05-30 12:00:00,2022-05-30 13:00:00,16.12,44.4264,26.1406,9.85,44.4264,26.1406,,44.4264,26.1406
2022-05-30 13:00:00,2022-05-30 14:00:00,19.45,44.4264,26.1406,13.81,44.4264,26.1406,,44.4264,26.1406
2022-05-30 14:00:00,2022-05-30 15:00:00,16.03,44.4264,26.1406,10.06,44.4264,26.1406,,44.4264,26.1406
2022-05-30 15:00:00,2022-05-30 16:00:00,14.3,44.4264,26.1406,9.18,44.4264,26.1406,,44.4264,26.1406
2022-05-30 16:00:00,2022-05-30 17:00:00,13.03,44.4264,26.1406,7.69,44.4264,26.1406,,44.4264,26.1406
2022-05-30 17:00:00,2022-05-30 18:00:00,10.81,44.4264,26.1406,5.68,44.4264,26.1406,,44.4264,26.1406
2022-05-30 18:00:00,2022-05-30 19:00:00,11.45,44.4264,26.1406,6.05,44.4264,26.1406,,44.4264,26.1406
2022-05-30 19:00:00,2022-05-30 20:00:00,14.14,44.4264,26.1406,8.47,44.4264,26.1406,,44.4264,26.1406
2022-05-30 20:00:00,2022-05-30 21:00:00,15.52,44.4264,26.1406,10.08,44.4264,26.1406,,44.4264,26.1406
2022-05-30 21:00:00,2022-05-30 22:00:00,18.32,44.4264,26.1406,11.33,44.4264,26.1406,,44.4264,26.1406
2022-05-30 22:00:00,2022-05-30 23:00:00,18.85,44.4264,26.1406,11.14,44.4264,26.1406,,44.4264,26.1406
2022-05-30 23:00:00,2022-05-31 00:00:00,17.13,44.4264,26.1406,10.44,44.4264,26.1406,,44.4264,26.1406
2022-05-31 00:00:00,2022-05-31 01:00:00,15.65,44.4264,26.1406,8.59,44.4264,26.1406,,44.4264,26.1406
2022-05-31 01:00:00,2022-05-31 02:00:00,15.52,44.4264,26.1406,9.62,44.4264,26.1406,,44.4264,26.1406
2022-05-31 02:00:00,2022-05-31 03:00:00,20.86,44.4264,26.1406,14.21,44.4264,26.1406,,44.4264,26.1406
2022-05-31 03:00:00,2022-05-31 04:00:00,20.86,44.4264,26.1406,11.59,44.4264,26.1406,,44.4264,26.1406
2022-05-31 04:00:00,2022-05-31 05:00:00,17.71,44.4264,26.1406,8.8,44.4264,26.1406,,44.4264,26.1406
2022-05-31 05:00:00,2022-05-31 06:00:00,19.14,44.4264,26.1406,9.55,44.4264,26.1406,,44.4264,26.1406
2022-05-31 06:00:00,2022-05-31 07:00:00,22.67,44.4264,26.1406,14.39,44.4264,26.1406,,44.4264,26.1406
2022-05-31 07:00:00,2022-05-31 08:00:00,25.75,44.4264,26.1406,16.29,44.4264,26.1406,,44.4264,26.1406
2022-05-31 08:00:00,2022-05-31 09:00:00,25.69,44.4264,26.1406,16.05,44.4264,26.1406,,44.4264,26.1406
2022-05-31 09:00:00,2022-05-31 10:00:00,17.05,44.4264,26.1406,8.32,44.4264,26.1406,,44.4264,26.1406
2022-05-31 10:00:00,2022-05-31 11:00:00,24.92,44.4264,26.1406,13.18,44.4264,26.1406,,44.4264,26.1406
2022-05-31 11:00:00,2022-05-31 12:00:00,26.96,44.4264,26.1406,15.96,44.4264,26.1406,5.81,44.4264,26.1406
2022-05-31 12:00:00,2022-05-31 13:00:00,22.78,44.4264,26.1406,12.35,44.4264,26.1406,6.08,44.4264,26.1406
2022-05-31 13:00:00,2022-05-31 14:00:00,26.64,44.4264,26.1406,16.52,44.4264,26.1406,5.43,44.4264,26.1406
2022-05-31 14:00:00,2022-05-31 15:00:00,24.55,44.4264,26.1406,15.69,44.4264,26.1406,4.91,44.4264,26.1406
2022-05-31 15:00:00,2022-05-31 16:00:00,24.44,44.4264,26.1406,15.99,44.4264,26.1406,5.52,44.4264,26.1406
2022-05-31 16:00:00,2022-05-31 17:00:00,26.96,44.4264,26.1406,14.76,44.4264,26.1406,22.99,44.4264,26.1406
2022-05-31 17:00:00,2022-05-31 18:00:00,32.31,44.4264,26.1406,13.27,44.4264,26.1406,18.51,44.4264,26.1406
2022-05-31 18:00:00,2022-05-31 19:00:00,13.9,44.4264,26.1406,7.3,44.4264,26.1406,18.06,44.4264,26.1406
2022-05-31 19:00:00,2022-05-31 20:00:00,12.96,44.4264,26.1406,8.23,44.4264,26.1406,18.52,44.4264,26.1406
2022-05-31 20:00:00,2022-05-31 21:00:00,12.18,44.4264,26.1406,7.02,44.4264,26.1406,,44.4264,26.1406
2022-05-31 21:00:00,2022-05-31 22:00:00,12.9,44.4264,26.1406,8.29,44.4264,26.1406,11.14,44.4264,26.1406
2022-05-31 22:00:00,2022-05-31 23:00:00,12.39,44.4264,26.1406,7.73,44.4264,26.1406,22.4,44.4264,26.1406
2022-05-31 23:00:00,2022-06-01 00:00:00,16.95,44.4264,26.1406,10.29,44.4264,26.1406,19.99,44.4264,26.1406
2022-06-01 00:00:00,2022-06-01 01:00:00,13.39,44.4264,26.1406,8.65,44.4264,26.1406,15.59,44.4264,26.1406
2022-06-01 01:00:00,2022-06-01 02:00:00,14.58,44.4264,26.1406,8.42,44.4264,26.1406,23.49,44.4264,26.1406
2022-06-01 02:00:00,2022-06-01 03:00:00,13.09,44.4264,26.1406,7.07,44.4264,26.1406,16.19,44.4264,26.1406
2022-06-01 03:00:00,2022-06-01 04:00:00,16.89,44.4264,26.1406,11.53,44.4264,26.1406,15.35,44.4264,26.1406
2022-06-01 04:00:00,2022-06-01 05:00:00,16.32,44.4264,26.1406,10.89,44.4264,26.1406,12.7,44.4264,26.1406
2022-06-01 05:00:00,2022-06-01 06:00:00,15.65,44.4264,26.1406,9.68,44.4264,26.1406,15.32,44.4264,26.1406
2022-06-01 06:00:00,2022-06-01 07:00:00,19.9,44.4264,26.1406,11.9,44.4264,26.1406,14.43,44.4264,26.1406
2022-06-01 07:00:00,2022-06-01 08:00:00,17.94,44.4264,26.1406,9.66,44.4264,26.1406,15.23,44.4264,26.1406
2022-06-01 08:00:00,2022-06-01 09:00:00,19.25,44.4264,26.1406,10.28,44.4264,26.1406,15.5,44.4264,26.1406
2022-06-01 09:00:00,2022-06-01 10:00:00,21.0,44.4264,26.1406,12.46,44.4264,26.1406,11.78,44.4264,26.1406
2022-06-01 10:00:00,2022-06-01 11:00:00,17.73,44.4264,26.1406,8.99,44.4264,26.1406,9.1,44.4264,26.1406
2022-06-01 11:00:00,2022-06-01 12:00:00,14.44,44.4264,26.1406,6.93,44.4264,26.1406,6.15,44.4264,26.1406
2022-06-01 12:00:00,2022-06-01 13:00:00,17.94,44.4264,26.1406,9.55,44.4264,26.1406,6.22,44.4264,26.1406
2022-06-01 13:00:00,2022-06-01 14:00:00,19.3,44.4264,26.1406,11.19,44.4264,26.1406,5.59,44.4264,26.1406
2022-06-01 14:00:00,2022-06-01 15:00:00,13.66,44.4264,26.1406,6.04,44.4264,26.1406,4.98,44.4264,26.1406
2022-06-01 15:00:00,2022-06-01 16:00:00,13.88,44.4264,26.1406,6.8,44.4264,26.1406,4.13,44.4264,26.1406
2022-06-01 16:00:00,2022-06-01 17:00:00,14.58,44.4264,26.1406,7.83,44.4264,26.1406,4.04,44.4264,26.1406
2022-06-01 17:00:00,2022-06-01 18:00:00,15.67,44.4264,26.1406,9.85,44.4264,26.1406,3.71,44.4264,26.1406
2022-06-01 18:00:00,2022-06-01 19:00:00,10.24,44.4264,26.1406,4.13,44.4264,26.1406,4.47,44.4264,26.1406
2022-06-01 19:00:00,2022-06-01 20:00:00,15.35,44.4264,26.1406,8.63,44.4264,26.1406,8.47,44.4264,26.1406
2022-06-01 20:00:00,2022-06-01 21:00:00,19.61,44.4264,26.1406,11.01,44.4264,26.1406,15.49,44.4264,26.1406
2022-06-01 21:00:00,2022-06-01 22:00:00,20.49,44.4264,26.1406,11.44,44.4264,26.1406,,44.4264,26.1406
2022-06-01 22:00:00,2022-06-01 23:00:00,18.66,44.4264,26.1406,10.66,44.4264,26.1406,18.53,44.4264,26.1406
2022-06-01 23:00:00,2022-06-02 00:00:00,21.43,44.4264,26.1406,11.89,44.4264,26.1406,28.14,44.4264,26.1406
2022-06-02 00:00:00,2022-06-02 01:00:00,24.59,44.4264,26.1406,12.94,44.4264,26.1406,22.43,44.4264,26.1406
2022-06-02 01:00:00,2022-06-02 02:00:00,24.22,44.4264,26.1406,13.87,44.4264,26.1406,23.44,44.4264,26.1406
2022-06-02 02:00:00,2022-06-02 03:00:00,25.24,44.4264,26.1406,14.17,44.4264,26.1406,25.9,44.4264,26.1406
2022-06-02 03:00:00,2022-06-02 04:00:00,19.05,44.4264,26.1406,11.23,44.4264,26.1406,18.66,44.4264,26.1406
2022-06-02 04:00:00,2022-06-02 05:00:00,19.16,44.4264,26.1406,12.12,44.4264,26.1406,21.1,44.4264,26.1406
2022-06-02 05:00:00,2022-06-02 06:00:00,18.85,44.4264,26.1406,10.34,44.4264,26.1406,19.31,44.4264,26.1406
2022-06-02 06:00:00,2022-06-02 07:00:00,19.9,44.4264,26.1406,8.16,44.4264,26.1406,20.29,44.4264,26.1406
2022-06-02 07:00:00,2022-06-02 08:00:00,25.68,44.4264,26.1406,11.11,44.4264,26.1406,22.17,44.4264,26.1406
2022-06-02 08:00:00,2022-06-02 09:00:00,24.65,44.4264,26.1406,11.54,44.4264,26.1406,22.87,44.4264,26.1406
2022-06-02 09:00:00,2022-06-02 10:00:00,22.56,44.4264,26.1406,10.2,44.4264,26.1406,15.4,44.4264,26.1406
2022-06-02 10:00:00,2022-06-02 11:00:00,21.38,44.4264,26.1406,10.87,44.4264,26.1406,9.82,44.4264,26.1406
2022-06-02 11:00:00,2022-06-02 12:00:00,19.07,44.4264,26.1406,9.08,44.4264,26.1406,7.65,44.4264,26.1406
2022-06-02 12:00:00,2022-06-02 13:00:00,20.06,44.4264,26.1406,11.11,44.4264,26.1406,7.0,44.4264,26.1406
2022-06-02 13:00:00,2022-06-02 14:00:00,20.7,44.4264,26.1406,13.26,44.4264,26.1406,6.42,44.4264,26.1406
2022-06-02 14:00:00,2022-06-02 15:00:00,19.28,44.4264,26.1406,11.81,44.4264,26.1406,6.81,44.4264,26.1406
2022-06-02 15:00:00,2022-06-02 16:00:00,20.46,44.4264,26.1406,11.83,44.4264,26.1406,5.39,44.4264,26.1406
2022-06-02 16:00:00,2022-06-02 17:00:00,18.31,44.4264,26.1406,9.62,44.4264,26.1406,4.66,44.4264,26.1406
2022-06-02 17:00:00,2022-06-02 18:00:00,16.25,44.4264,26.1406,8.18,44.4264,26.1406,4.39,44.4264,26.1406
2022-06-02 18:00:00,2022-06-02 19:00:00,14.27,44.4264,26.1406,6.2,44.4264,26.1406,5.16,44.4264,26.1406
2022-06-02 19:00:00,2022-06-02 20:00:00,16.73,44.4264,26.1406,7.67,44.4264,26.1406,12.17,44.4264,26.1406
2022-06-02 20:00:00,2022-06-02 21:00:00,23.85,44.4264,26.1406,11.49,44.4264,26.1406,20.62,44.4264,26.1406
2022-06-02 21:00:00,2022-06-02 22:00:00,28.1,44.4264,26.1406,14.95,44.4264,26.1406,20.94,44.4264,26.1406
2022-06-02 22:00:00,2022-06-02 23:00:00,27.41,44.4264,26.1406,15.37,44.4264,26.1406,,44.4264,26.1406
2022-06-02 23:00:00,2022-06-03 00:00:00,24.88,44.4264,26.1406,13.83,44.4264,26.1406,21.79,44.4264,26.1406
2022-06-03 00:00:00,2022-06-03 01:00:00,23.52,44.4264,26.1406,14.72,44.4264,26.1406,20.64,44.4264,26.1406
2022-06-03 01:00:00,2022-06-03 02:00:00,21.99,44.4264,26.1406,13.15,44.4264,26.1406,22.89,44.4264,26.1406
2022-06-03 02:00:00,2022-06-03 03:00:00,19.08,44.4264,26.1406,12.29,44.4264,26.1406,17.5,44.4264,26.1406
2022-06-03 03:00:00,2022-06-03 04:00:00,17.96,44.4264,26.1406,12.02,44.4264,26.1406,13.91,44.4264,26.1406
2022-06-03 04:00:00,2022-06-03 05:00:00,16.87,44.4264,26.1406,10.08,44.4264,26.1406,10.97,44.4264,26.1406
2022-06-03 05:00:00,2022-06-03 06:00:00,16.15,44.4264,26.1406,8.9,44.4264,26.1406,14.28,44.4264,26.1406
2022-06-03 06:00:00,2022-06-03 07:00:00,19.13,44.4264,26.1406,10.39,44.4264,26.1406,13.99,44.4264,26.1406
2022-06-03 07:00:00,2022-06-03 08:00:00,21.78,44.4264,26.1406,9.89,44.4264,26.1406,13.6,44.4264,26.1406
2022-06-03 08:00:00,2022-06-03 09:00:00,24.71,44.4264,26.1406,10.31,44.4264,26.1406,13.11,44.4264,26.1406
2022-06-03 09:00:00,2022-06-03 10:00:00,23.48,44.4264,26.1406,9.8,44.4264,26.1406,10.7,44.4264,26.1406
2022-06-03 10:00:00,2022-06-03 11:00:00,23.53,44.4264,26.1406,8.66,44.4264,26.1406,10.39,44.4264,26.1406
2022-06-03 11:00:00,2022-06-03 12:00:00,22.64,44.4264,26.1406,8.35,44.4264,26.1406,8.98,44.4264,26.1406
2022-06-03 12:00:00,2022-06-03 13:00:00,20.32,44.4264,26.1406,6.95,44.4264,26.1406,8.63,44.4264,26.1406
2022-06-03 13:00:00,2022-06-03 14:00:00,21.85,44.4264,26.1406,9.31,44.4264,26.1406,10.11,44.4264,26.1406
2022-06-03 14:00:00,2022-06-03 15:00:00,20.88,44.4264,26.1406,9.76,44.4264,26.1406,10.29,44.4264,26.1406
2022-06-03 15:00:00,2022-06-03 16:00:00,19.9,44.4264,26.1406,9.05,44.4264,26.1406,9.93,44.4264,26.1406
2022-06-03 16:00:00,2022-06-03 17:00:00,19.29,44.4264,26.1406,9.39,44.4264,26.1406,9.19,44.4264,26.1406
2022-06-03 17:00:00,2022-06-03 18:00:00,17.42,44.4264,26.1406,8.0,44.4264,26.1406,10.26,44.4264,26.1406
2022-06-03 18:00:00,2022-06-03 19:00:00,18.74,44.4264,26.1406,10.07,44.4264,26.1406,11.12,44.4264,26.1406
2022-06-03 19:00:00,2022-06-03 20:00:00,19.86,44.4264,26.1406,10.92,44.4264,26.1406,12.51,44.4264,26.1406
2022-06-03 20:00:00,2022-06-03 21:00:00,16.26,44.4264,26.1406,7.66,44.4264,26.1406,16.48,44.4264,26.1406
2022-06-03 21:00:00,2022-06-03 22:00:00,16.68,44.4264,26.1406,8.75,44.4264,26.1406,14.99,44.4264,26.1406
2022-06-03 22:00:00,2022-06-03 23:00:00,18.04,44.4264,26.1406,9.5,44.4264,26.1406,19.01,44.4264,26.1406
2022-06-03 23:00:00,2022-06-04 00:00:00,18.98,44.4264,26.1406,11.11,44.4264,26.1406,,44.4264,26.1406
2022-06-04 00:00:00,2022-06-04 01:00:00,19.22,44.4264,26.1406,12.04,44.4264,26.1406,19.62,44.4264,26.1406
2022-06-04 01:00:00,2022-06-04 02:00:00,19.63,44.4264,26.1406,12.72,44.4264,26.1406,14.98,44.4264,26.1406
2022-06-04 02:00:00,2022-06-04 03:00:00,17.0,44.4264,26.1406,11.01,44.4264,26.1406,15.94,44.4264,26.1406
2022-06-04 03:00:00,2022-06-04 04:00:00,20.78,44.4264,26.1406,14.92,44.4264,26.1406,16.03,44.4264,26.1406
2022-06-04 04:00:00,2022-06-04 05:00:00,16.89,44.4264,26.1406,11.64,44.4264,26.1406,15.5,44.4264,26.1406
2022-06-04 05:00:00,2022-06-04 06:00:00,17.85,44.4264,26.1406,12.43,44.4264,26.1406,15.31,44.4264,26.1406
2022-06-04 06:00:00,2022-06-04 07:00:00,16.83,44.4264,26.1406,9.84,44.4264,26.1406,13.62,44.4264,26.1406
2022-06-04 07:00:00,2022-06-04 08:00:00,15.03,44.4264,26.1406,7.46,44.4264,26.1406,13.13,44.4264,26.1406
2022-06-04 08:00:00,2022-06-04 09:00:00,17.74,44.4264,26.1406,9.33,44.4264,26.1406,14.07,44.4264,26.1406
2022-06-04 09:00:00,2022-06-04 10:00:00,17.88,44.4264,26.1406,9.92,44.4264,26.1406,13.52,44.4264,26.1406
2022-06-04 10:00:00,2022-06-04 11:00:00,18.14,44.4264,26.1406,10.63,44.4264,26.1406,11.15,44.4264,26.1406
2022-06-04 11:00:00,2022-06-04 12:00:00,21.84,44.4264,26.1406,13.07,44.4264,26.1406,11.25,44.4264,26.1406
2022-06-04 12:00:00,2022-06-04 13:00:00,21.22,44.4264,26.1406,12.03,44.4264,26.1406,8.97,44.4264,26.1406
2022-06-04 13:00:00,2022-06-04 14:00:00,17.88,44.4264,26.1406,10.84,44.4264,26.1406,7.58,44.4264,26.1406
2022-06-04 14:00:00,2022-06-04 15:00:00,16.8,44.4264,26.1406,9.41,44.4264,26.1406,6.54,44.4264,26.1406
2022-06-04 15:00:00,2022-06-04 16:00:00,18.1,44.4264,26.1406,11.67,44.4264,26.1406,6.83,44.4264,26.1406
2022-06-04 16:00:00,2022-06-04 17:00:00,22.22,44.4264,26.1406,14.66,44.4264,26.1406,6.36,44.4264,26.1406
2022-06-04 17:00:00,2022-06-04 18:00:00,19.56,44.4264,26.1406,11.88,44.4264,26.1406,5.54,44.4264,26.1406
2022-06-04 18:00:00,2022-06-04 19:00:00,19.72,44.4264,26.1406,11.25,44.4264,26.1406,5.41,44.4264,26.1406
2022-06-04 19:00:00,2022-06-04 20:00:00,19.92,44.4264,26.1406,11.15,44.4264,26.1406,10.54,44.4264,26.1406
2022-06-04 20:00:00,2022-06-04 21:00:00,23.05,44.4264,26.1406,14.19,44.4264,26.1406,8.76,44.4264,26.1406
2022-06-04 21:00:00,2022-06-04 22:00:00,25.63,44.4264,26.1406,16.84,44.4264,26.1406,26.14,44.4264,26.1406
2022-06-04 22:00:00,2022-06-04 23:00:00,30.62,44.4264,26.1406,18.26,44.4264,26.1406,48.47,44.4264,26.1406
2022-06-04 23:00:00,2022-06-05 00:00:00,34.55,44.4264,26.1406,22.03,44.4264,26.1406,32.61,44.4264,26.1406
2022-06-05 00:00:00,2022-06-05 01:00:00,41.9,44.4264,26.1406,27.21,44.4264,26.1406,,44.4264,26.1406
2022-06-05 01:00:00,2022-06-05 02:00:00,43.35,44.4264,26.1406,28.34,44.4264,26.1406,42.68,44.4264,26.1406
2022-06-05 02:00:00,2022-06-05 03:00:00,34.55,44.4264,26.1406,21.11,44.4264,26.1406,41.88,44.4264,26.1406
2022-06-05 03:00:00,2022-06-05 04:00:00,28.96,44.4264,26.1406,18.81,44.4264,26.1406,32.55,44.4264,26.1406
2022-06-05 04:00:00,2022-06-05 05:00:00,27.48,44.4264,26.1406,18.92,44.4264,26.1406,24.0,44.4264,26.1406
2022-06-05 05:00:00,2022-06-05 06:00:00,26.58,44.4264,26.1406,19.28,44.4264,26.1406,19.65,44.4264,26.1406
2022-06-05 06:00:00,2022-06-05 07:00:00,23.77,44.4264,26.1406,16.33,44.4264,26.1406,15.21,44.4264,26.1406
2022-06-05 07:00:00,2022-06-05 08:00:00,23.2,44.4264,26.1406,15.73,44.4264,26.1406,10.57,44.4264,26.1406
2022-06-05 08:00:00,2022-06-05 09:00:00,21.53,44.4264,26.1406,13.57,44.4264,26.1406,8.65,44.4264,26.1406
2022-06-05 09:00:00,2022-06-05 10:00:00,20.0,44.4264,26.1406,12.59,44.4264,26.1406,5.3,44.4264,26.1406
2022-06-05 10:00:00,2022-06-05 11:00:00,22.41,44.4264,26.1406,14.81,44.4264,26.1406,4.48,44.4264,26.1406
2022-06-05 11:00:00,2022-06-05 12:00:00,22.17,44.4264,26.1406,13.93,44.4264,26.1406,4.11,44.4264,26.1406
2022-06-05 12:00:00,2022-06-05 13:00:00,22.67,44.4264,26.1406,14.02,44.4264,26.1406,3.61,44.4264,26.1406
2022-06-05 13:00:00,2022-06-05 14:00:00,18.72,44.4264,26.1406,11.93,44.4264,26.1406,3.64,44.4264,26.1406
2022-06-05 14:00:00,2022-06-05 15:00:00,15.78,44.4264,26.1406,9.72,44.4264,26.1406,3.5,44.4264,26.1406
2022-06-05 15:00:00,2022-06-05 16:00:00,16.65,44.4264,26.1406,11.18,44.4264,26.1406,3.59,44.4264,26.1406
2022-06-05 16:00:00,2022-06-05 17:00:00,16.82,44.4264,26.1406,12.33,44.4264,26.1406,4.45,44.4264,26.1406
2022-06-05 17:00:00,2022-06-05 18:00:00,24.32,44.4264,26.1406,15.04,44.4264,26.1406,10.13,44.4264,26.1406
2022-06-05 18:00:00,2022-06-05 19:00:00,25.87,44.4264,26.1406,12.63,44.4264,26.1406,10.51,44.4264,26.1406
2022-06-05 19:00:00,2022-06-05 20:00:00,19.64,44.4264,26.1406,8.69,44.4264,26.1406,8.81,44.4264,26.1406
2022-06-05 20:00:00,2022-06-05 21:00:00,15.19,44.4264,26.1406,8.19,44.4264,26.1406,9.92,44.4264,26.1406
2022-06-05 21:00:00,2022-06-05 22:00:00,14.42,44.4264,26.1406,8.33,44.4264,26.1406,10.7,44.4264,26.1406
2022-06-05 22:00:00,2022-06-05 23:00:00,17.74,44.4264,26.1406,11.49,44.4264,26.1406,8.94,44.4264,26.1406
2022-06-05 23:00:00,2022-06-06 00:00:00,13.31,44.4264,26.1406,9.48,44.4264,26.1406,7.91,44.4264,26.1406
2022-06-06 00:00:00,2022-06-06 01:00:00,13.64,44.4264,26.1406,10.61,44.4264,26.1406,6.07,44.4264,26.1406
2022-06-06 01:00:00,2022-06-06 02:00:00,9.8,44.4264,26.1406,7.8,44.4264,26.1406,,44.4264,26.1406
2022-06-06 02:00:00,2022-06-06 03:00:00,7.38,44.4264,26.1406,5.89,44.4264,26.1406,5.61,44.4264,26.1406
2022-06-06 03:00:00,2022-06-06 04:00:00,1.99,44.4264,26.1406,,,,5.36,44.4264,26.1406
2022-06-06 04:00:00,2022-06-06 05:00:00,5.81,44.4264,26.1406,3.2,44.4264,26.1406,6.64,44.4264,26.1406
2022-06-06 05:00:00,2022-06-06 06:00:00,13.39,44.4264,26.1406,9.85,44.4264,26.1406,9.59,44.4264,26.1406
2022-06-06 06:00:00,2022-06-06 07:00:00,6.54,44.4264,26.1406,2.93,44.4264,26.1406,14.15,44.4264,26.1406
2022-06-06 07:00:00,2022-06-06 08:00:00,5.55,44.4264,26.1406,1.38,44.4264,26.1406,12.09,44.4264,26.1406
2022-06-06 08:00:00,2022-06-06 09:00:00,7.96,44.4264,26.1406,3.6,44.4264,26.1406,10.29,44.4264,26.1406
2022-06-06 09:00:00,2022-06-06 10:00:00,5.91,44.4264,26.1406,1.75,44.4264,26.1406,8.0,44.4264,26.1406
2022-06-06 10:00:00,2022-06-06 11:00:00,7.29,44.4264,26.1406,3.58,44.4264,26.1406,6.56,44.4264,26.1406
2022-06-06 11:00:00,2022-06-06 12:00:00,9.15,44.4264,26.1406,5.82,44.4264,26.1406,7.28,44.4264,26.1406
2022-06-06 12:00:00,2022-06-06 13:00:00,11.04,44.4264,26.1406,6.25,44.4264,26.1406,8.03,44.4264,26.1406
2022-06-06 13:00:00,2022-06-06 14:00:00,14.36,44.4264,26.1406,8.14,44.4264,26.1406,7.44,44.4264,26.1406
2022-06-06 14:00:00,2022-06-06 15:00:00,11.29,44.4264,26.1406,5.18,44.4264,26.1406,8.19,44.4264,26.1406
2022-06-06 15:00:00,2022-06-06 16:00:00,16.1,44.4264,26.1406,9.47,44.4264,26.1406,8.67,44.4264,26.1406
2022-06-06 16:00:00,2022-06-06 17:00:00,15.8,44.4264,26.1406,9.21,44.4264,26.1406,9.97,44.4264,26.1406
2022-06-06 17:00:00,2022-06-06 18:00:00,13.74,44.4264,26.1406,7.34,44.4264,26.1406,9.71,44.4264,26.1406
2022-06-06 18:00:00,2022-06-06 19:00:00,14.75,44.4264,26.1406,7.53,44.4264,26.1406,11.44,44.4264,26.1406
2022-06-06 19:00:00,2022-06-06 20:00:00,16.79,44.4264,26.1406,10.16,44.4264,26.1406,10.95,44.4264,26.1406
2022-06-06 20:00:00,2022-06-06 21:00:00,15.2,44.4264,26.1406,8.65,44.4264,26.1406,15.86,44.4264,26.1406
2022-06-06 21:00:00,2022-06-06 22:00:00,17.82,44.4264,26.1406,10.39,44.4264,26.1406,26.99,44.4264,26.1406
2022-06-06 22:00:00,2022-06-06 23:00:00,20.11,44.4264,26.1406,10.85,44.4264,26.1406,28.15,44.4264,26.1406
2022-06-06 23:00:00,2022-06-07 00:00:00,24.53,44.4264,26.1406,14.83,44.4264,26.1406,34.44,44.4264,26.1406
2022-06-07 00:00:00,2022-06-07 01:00:00,26.67,44.4264,26.1406,16.32,44.4264,26.1406,31.09,44.4264,26.1406
2022-06-07 01:00:00,2022-06-07 02:00:00,22.81,44.4264,26.1406,14.05,44.4264,26.1406,25.21,44.4264,26.1406
2022-06-07 02:00:00,2022-06-07 03:00:00,22.16,44.4264,26.1406,15.48,44.4264,26.1406,,44.4264,26.1406
2022-06-07 03:00:00,2022-06-07 04:00:00,21.26,44.4264,26.1406,15.29,44.4264,26.1406,22.03,44.4264,26.1406
2022-06-07 04:00:00,2022-06-07 05:00:00,17.11,44.4264,26.1406,10.72,44.4264,26.1406,16.9,44.4264,26.1406
2022-06-07 05:00:00,2022-06-07 06:00:00,16.67,44.4264,26.1406,9.51,44.4264,26.1406,22.42,44.4264,26.1406
2022-06-07 06:00:00,2022-06-07 07:00:00,19.12,44.4264,26.1406,10.94,44.4264,26.1406,17.11,44.4264,26.1406
2022-06-07 07:00:00,2022-06-07 08:00:00,19.09,44.4264,26.1406,11.29,44.4264,26.1406,14.0,44.4264,26.1406
2022-06-07 08:00:00,2022-06-07 09:00:00,18.81,44.4264,26.1406,11.46,44.4264,26.1406,11.13,44.4264,26.1406
2022-06-07 09:00:00,2022-06-07 10:00:00,14.97,44.4264,26.1406,8.94,44.4264,26.1406,6.99,44.4264,26.1406
2022-06-07 10:00:00,2022-06-07 11:00:00,12.54,44.4264,26.1406,6.64,44.4264,26.1406,6.43,44.4264,26.1406
2022-06-07 11:00:00,2022-06-07 12:00:00,11.49,44.4264,26.1406,6.0,44.4264,26.1406,5.54,44.4264,26.1406
2022-06-07 12:00:00,2022-06-07 13:00:00,6.32,44.4264,26.1406,1.76,44.4264,26.1406,6.06,44.4264,26.1406
2022-06-07 13:00:00,2022-06-07 14:00:00,10.41,44.4264,26.1406,4.8,44.4264,26.1406,8.98,44.4264,26.1406
2022-06-07 14:00:00,2022-06-07 15:00:00,12.66,44.4264,26.1406,6.87,44.4264,26.1406,9.97,44.4264,26.1406
2022-06-07 15:00:00,2022-06-07 16:00:00,11.37,44.4264,26.1406,5.39,44.4264,26.1406,11.04,44.4264,26.1406
2022-06-07 16:00:00,2022-06-07 17:00:00,15.85,44.4264,26.1406,8.02,44.4264,26.1406,18.97,44.4264,26.1406
2022-06-07 17:00:00,2022-06-07 18:00:00,18.5,44.4264,26.1406,9.96,44.4264,26.1406,15.38,44.4264,26.1406
2022-06-07 18:00:00,2022-06-07 19:00:00,14.61,44.4264,26.1406,5.6,44.4264,26.1406,13.22,44.4264,26.1406
2022-06-07 19:00:00,2022-06-07 20:00:00,13.98,44.4264,26.1406,4.97,44.4264,26.1406,13.49,44.4264,26.1406
2022-06-07 20:00:00,2022-06-07 21:00:00,17.24,44.4264,26.1406,7.28,44.4264,26.1406,18.84,44.4264,26.1406
2022-06-07 21:00:00,2022-06-07 22:00:00,22.82,44.4264,26.1406,11.54,44.4264,26.1406,26.22,44.4264,26.1406
2022-06-07 22:00:00,2022-06-07 23:00:00,21.19,44.4264,26.1406,9.92,44.4264,26.1406,20.34,44.4264,26.1406
2022-06-07 23:00:00,2022-06-08 00:00:00,20.1,44.4264,26.1406,9.81,44.4264,26.1406,27.08,44.4264,26.1406
2022-06-08 00:00:00,2022-06-08 01:00:00,19.61,44.4264,26.1406,11.09,44.4264,26.1406,20.59,44.4264,26.1406
2022-06-08 01:00:00,2022-06-08 02:00:00,16.72,44.4264,26.1406,9.04,44.4264,26.1406,18.58,44.4264,26.1406
2022-06-08 02:00:00,2022-06-08 03:00:00,20.7,44.4264,26.1406,12.74,44.4264,26.1406,19.29,44.4264,26.1406
2022-06-08 03:00:00,2022-06-08 04:00:00,19.49,44.4264,26.1406,12.36,44.4264,26.1406,,44.4264,26.1406
2022-06-08 04:00:00,2022-06-08 05:00:00,17.69,44.4264,26.1406,10.82,44.4264,26.1406,20.18,44.4264,26.1406
2022-06-08 05:00:00,2022-06-08 06:00:00,17.82,44.4264,26.1406,10.46,44.4264,26.1406,26.61,44.4264,26.1406
2022-06-08 06:00:00,2022-06-08 07:00:00,17.49,44.4264,26.1406,9.35,44.4264,26.1406,23.95,44.4264,26.1406
2022-06-08 07:00:00,2022-06-08 08:00:00,19.23,44.4264,26.1406,10.58,44.4264,26.1406,19.77,44.4264,26.1406
2022-06-08 08:00:00,2022-06-08 09:00:00,16.34,44.4264,26.1406,9.02,44.4264,26.1406,16.91,44.4264,26.1406
2022-06-08 09:00:00,2022-06-08 10:00:00,15.13,44.4264,26.1406,7.92,44.4264,26.1406,10.87,44.4264,26.1406
2022-06-08 10:00:00,2022-06-08 11:00:00,15.28,44.4264,26.1406,8.52,44.4264,26.1406,8.82,44.4264,26.1406
2022-06-08 11:00:00,2022-06-08 12:00:00,15.29,44.4264,26.1406,9.4,44.4264,26.1406,8.6,44.4264,26.1406
2022-06-08 12:00:00,2022-06-08 13:00:00,13.26,44.4264,26.1406,6.78,44.4264,26.1406,8.85,44.4264,26.1406
2022-06-08 13:00:00,2022-06-08 14:00:00,12.02,44.4264,26.1406,5.22,44.4264,26.1406,11.65,44.4264,26.1406
2022-06-08 14:00:00,2022-06-08 15:00:00,14.13,44.4264,26.1406,6.16,44.4264,26.1406,14.55,44.4264,26.1406
2022-06-08 15:00:00,2022-06-08 16:00:00,18.84,44.4264,26.1406,10.82,44.4264,26.1406,10.39,44.4264,26.1406
2022-06-08 16:00:00,2022-06-08 17:00:00,17.14,44.4264,26.1406,8.88,44.4264,26.1406,13.14,44.4264,26.1406
2022-06-08 17:00:00,2022-06-08 18:00:00,18.36,44.4264,26.1406,10.56,44.4264,26.1406,13.82,44.4264,26.1406
2022-06-08 18:00:00,2022-06-08 19:00:00,19.16,44.4264,26.1406,10.66,44.4264,26.1406,21.68,44.4264,26.1406
2022-06-08 19:00:00,2022-06-08 20:00:00,21.45,44.4264,26.1406,11.76,44.4264,26.1406,21.35,44.4264,26.1406
2022-06-08 20:00:00,2022-06-08 21:00:00,21.27,44.4264,26.1406,11.12,44.4264,26.1406,21.18,44.4264,26.1406
2022-06-08 21:00:00,2022-06-08 22:00:00,16.89,44.4264,26.1406,6.85,44.4264,26.1406,22.45,44.4264,26.1406
2022-06-08 22:00:00,2022-06-08 23:00:00,19.51,44.4264,26.1406,8.69,44.4264,26.1406,28.43,44.4264,26.1406
2022-06-08 23:00:00,2022-06-09 00:00:00,26.0,44.4264,26.1406,14.66,44.4264,26.1406,21.96,44.4264,26.1406
2022-06-09 00:00:00,2022-06-09 01:00:00,20.15,44.4264,26.1406,11.82,44.4264,26.1406,19.41,44.4264,26.1406
2022-06-09 01:00:00,2022-06-09 02:00:00,22.97,44.4264,26.1406,14.26,44.4264,26.1406,32.9,44.4264,26.1406
2022-06-09 02:00:00,2022-06-09 03:00:00,25.13,44.4264,26.1406,14.39,44.4264,26.1406,33.86,44.4264,26.1406
2022-06-09 03:00:00,2022-06-09 04:00:00,24.52,44.4264,26.1406,14.27,44.4264,26.1406,31.86,44.4264,26.1406
2022-06-09 04:00:00,2022-06-09 05:00:00,23.23,44.4264,26.1406,15.73,44.4264,26.1406,,44.4264,26.1406
2022-06-09 05:00:00,2022-06-09 06:00:00,17.24,44.4264,26.1406,9.94,44.4264,26.1406,23.57,44.4264,26.1406
2022-06-09 06:00:00,2022-06-09 07:00:00,14.5,44.4264,26.1406,7.68,44.4264,26.1406,18.97,44.4264,26.1406
2022-06-09 07:00:00,2022-06-09 08:00:00,14.18,44.4264,26.1406,7.04,44.4264,26.1406,13.51,44.4264,26.1406
2022-06-09 08:00:00,2022-06-09 09:00:00,15.09,44.4264,26.1406,8.51,44.4264,26.1406,15.66,44.4264,26.1406
2022-06-09 09:00:00,2022-06-09 10:00:00,14.29,44.4264,26.1406,6.18,44.4264,26.1406,10.94,44.4264,26.1406
2022-06-09 10:00:00,2022-06-09 11:00:00,15.12,44.4264,26.1406,6.34,44.4264,26.1406,11.45,44.4264,26.1406
2022-06-09 11:00:00,2022-06-09 12:00:00,14.16,44.4264,26.1406,5.15,44.4264,26.1406,11.19,44.4264,26.1406
2022-06-09 12:00:00,2022-06-09 13:00:00,16.07,44.4264,26.1406,8.37,44.4264,26.1406,6.84,44.4264,26.1406
2022-06-09 13:00:00,2022-06-09 14:00:00,15.49,44.4264,26.1406,8.38,44.4264,26.1406,6.63,44.4264,26.1406
2022-06-09 14:00:00,2022-06-09 15:00:00,15.58,44.4264,26.1406,9.31,44.4264,26.1406,6.1,44.4264,26.1406
2022-06-09 15:00:00,2022-06-09 16:00:00,14.87,44.4264,26.1406,6.47,44.4264,26.1406,6.96,44.4264,26.1406
2022-06-09 16:00:00,2022-06-09 17:00:00,17.19,44.4264,26.1406,7.5,44.4264,26.1406,8.88,44.4264,26.1406
2022-06-09 17:00:00,2022-06-09 18:00:00,22.3,44.4264,26.1406,7.74,44.4264,26.1406,20.04,44.4264,26.1406
2022-06-09 18:00:00,2022-06-09 19:00:00,23.15,44.4264,26.1406,11.13,44.4264,26.1406,38.13,44.4264,26.1406
2022-06-09 19:00:00,2022-06-09 20:00:00,19.81,44.4264,26.1406,13.44,44.4264,26.1406,31.05,44.4264,26.1406
2022-06-09 20:00:00,2022-06-09 21:00:00,21.1,44.4264,26.1406,14.29,44.4264,26.1406,41.43,44.4264,26.1406
2022-06-09 21:00:00,2022-06-09 22:00:00,22.59,44.4264,26.1406,15.82,44.4264,26.1406,28.13,44.4264,26.1406
2022-06-09 22:00:00,2022-06-09 23:00:00,17.7,44.4264,26.1406,11.17,44.4264,26.1406,19.72,44.4264,26.1406
2022-06-09 23:00:00,2022-06-10 00:00:00,18.59,44.4264,26.1406,11.45,44.4264,26.1406,15.61,44.4264,26.1406
2022-06-10 00:00:00,2022-06-10 01:00:00,17.92,44.4264,26.1406,11.61,44.4264,26.1406,11.69,44.4264,26.1406
2022-06-10 01:00:00,2022-06-10 02:00:00,18.75,44.4264,26.1406,12.18,44.4264,26.1406,10.14,44.4264,26.1406
2022-06-10 02:00:00,2022-06-10 03:00:00,15.09,44.4264,26.1406,8.81,44.4264,26.1406,9.54,44.4264,26.1406
2022-06-10 03:00:00,2022-06-10 04:00:00,15.82,44.4264,26.1406,9.56,44.4264,26.1406,11.13,44.4264,26.1406
2022-06-10 04:00:00,2022-06-10 05:00:00,18.33,44.4264,26.1406,12.52,44.4264,26.1406,11.17,44.4264,26.1406
2022-06-10 05:00:00,2022-06-10 06:00:00,16.89,44.4264,26.1406,9.98,44.4264,26.1406,,44.4264,26.1406
2022-06-10 06:00:00,2022-06-10 07:00:00,19.5,44.4264,26.1406,11.46,44.4264,26.1406,17.2,44.4264,26.1406
2022-06-10 07:00:00,2022-06-10 08:00:00,20.66,44.4264,26.1406,13.14,44.4264,26.1406,13.7,44.4264,26.1406
2022-06-10 08:00:00,2022-06-10 09:00:00,18.53,44.4264,26.1406,11.78,44.4264,26.1406,11.72,44.4264,26.1406
2022-06-10 09:00:00,2022-06-10 10:00:00,15.6,44.4264,26.1406,9.02,44.4264,26.1406,10.64,44.4264,26.1406
2022-06-10 10:00:00,2022-06-10 11:00:00,16.22,44.4264,26.1406,9.15,44.4264,26.1406,8.94,44.4264,26.1406
2022-06-10 11:00:00,2022-06-10 12:00:00,16.36,44.4264,26.1406,9.86,44.4264,26.1406,8.24,44.4264,26.1406
2022-06-10 12:00:00,2022-06-10 13:00:00,14.38,44.4264,26.1406,8.01,44.4264,26.1406,8.84,44.4264,26.1406
2022-06-10 13:00:00,2022-06-10 14:00:00,16.63,44.4264,26.1406,9.39,44.4264,26.1406,10.7,44.4264,26.1406
2022-06-10 14:00:00,2022-06-10 15:00:00,15.57,44.4264,26.1406,6.83,44.4264,26.1406,11.59,44.4264,26.1406
2022-06-10 15:00:00,2022-06-10 16:00:00,14.5,44.4264,26.1406,6.75,44.4264,26.1406,9.3,44.4264,26.1406
2022-06-10 16:00:00,2022-06-10 17:00:00,14.62,44.4264,26.1406,6.37,44.4264,26.1406,12.34,44.4264,26.1406
2022-06-10 17:00:00,2022-06-10 18:00:00,16.43,44.4264,26.1406,8.2,44.4264,26.1406,16.53,44.4264,26.1406
2022-06-10 18:00:00,2022-06-10 19:00:00,16.64,44.4264,26.1406,10.2,44.4264,26.1406,11.86,44.4264,26.1406
2022-06-10 19:00:00,2022-06-10 20:00:00,12.82,44.4264,26.1406,7.93,44.4264,26.1406,12.76,44.4264,26.1406
2022-06-10 20:00:00,2022-06-10 21:00:00,13.17,44.4264,26.1406,9.01,44.4264,26.1406,11.06,44.4264,26.1406
2022-06-10 21:00:00,2022-06-10 22:00:00,15.87,44.4264,26.1406,11.07,44.4264,26.1406,13.47,44.4264,26.1406
2022-06-10 22:00:00,2022-06-10 23:00:00,13.02,44.4264,26.1406,8.66,44.4264,26.1406,9.96,44.4264,26.1406
2022-06-10 23:00:00,2022-06-11 00:00:00,12.62,44.4264,26.1406,8.34,44.4264,26.1406,9.96,44.4264,26.1406
2022-06-11 00:00:00,2022-06-11 01:00:00,12.59,44.4264,26.1406,8.59,44.4264,26.1406,9.03,44.4264,26.1406
2022-06-11 01:00:00,2022-06-11 02:00:00,10.44,44.4264,26.1406,5.56,44.4264,26.1406,7.27,44.4264,26.1406
2022-06-11 02:00:00,2022-06-11 03:00:00,10.53,44.4264,26.1406,6.05,44.4264,26.1406,7.55,44.4264,26.1406
2022-06-11 03:00:00,2022-06-11 04:00:00,16.11,44.4264,26.1406,10.5,44.4264,26.1406,8.58,44.4264,26.1406
2022-06-11 04:00:00,2022-06-11 05:00:00,17.24,44.4264,26.1406,10.97,44.4264,26.1406,10.17,44.4264,26.1406
2022-06-11 05:00:00,2022-06-11 06:00:00,14.97,44.4264,26.1406,9.46,44.4264,26.1406,10.18,44.4264,26.1406
2022-06-11 06:00:00,2022-06-11 07:00:00,14.93,44.4264,26.1406,9.14,44.4264,26.1406,,44.4264,26.1406
2022-06-11 07:00:00,2022-06-11 08:00:00,16.75,44.4264,26.1406,10.76,44.4264,26.1406,11.36,44.4264,26.1406
2022-06-11 08:00:00,2022-06-11 09:00:00,18.18,44.4264,26.1406,12.52,44.4264,26.1406,9.59,44.4264,26.1406
2022-06-11 09:00:00,2022-06-11 10:00:00,17.93,44.4264,26.1406,10.98,44.4264,26.1406,11.62,44.4264,26.1406
2022-06-11 10:00:00,2022-06-11 11:00:00,16.03,44.4264,26.1406,8.34,44.4264,26.1406,12.01,44.4264,26.1406
2022-06-11 11:00:00,2022-06-11 12:00:00,14.02,44.4264,26.1406,6.85,44.4264,26.1406,14.93,44.4264,26.1406
2022-06-11 12:00:00,2022-06-11 13:00:00,16.56,44.4264,26.1406,10.9,44.4264,26.1406,16.27,44.4264,26.1406
2022-06-11 13:00:00,2022-06-11 14:00:00,14.75,44.4264,26.1406,9.81,44.4264,26.1406,19.14,44.4264,26.1406
2022-06-11 14:00:00,2022-06-11 15:00:00,20.08,44.4264,26.1406,14.14,44.4264,26.1406,16.45,44.4264,26.1406
2022-06-11 15:00:00,2022-06-11 16:00:00,13.72,44.4264,26.1406,10.04,44.4264,26.1406,12.92,44.4264,26.1406
2022-06-11 16:00:00,2022-06-11 17:00:00,12.43,44.4264,26.1406,9.85,44.4264,26.1406,7.9,44.4264,26.1406
2022-06-11 17:00:00,2022-06-11 18:00:00,10.24,44.4264,26.1406,7.02,44.4264,26.1406,5.56,44.4264,26.1406
2022-06-11 18:00:00,2022-06-11 19:00:00,9.45,44.4264,26.1406,7.48,44.4264,26.1406,5.86,44.4264,26.1406
2022-06-11 19:00:00,2022-06-11 20:00:00,13.59,44.4264,26.1406,10.6,44.4264,26.1406,6.72,44.4264,26.1406
2022-06-11 20:00:00,2022-06-11 21:00:00,11.92,44.4264,26.1406,8.92,44.4264,26.1406,10.01,44.4264,26.1406
2022-06-11 21:00:00,2022-06-11 22:00:00,11.42,44.4264,26.1406,7.95,44.4264,26.1406,11.78,44.4264,26.1406
2022-06-11 22:00:00,2022-06-11 23:00:00,12.71,44.4264,26.1406,8.87,44.4264,26.1406,10.19,44.4264,26.1406
2022-06-11 23:00:00,2022-06-12 00:00:00,13.35,44.4264,26.1406,8.86,44.4264,26.1406,10.08,44.4264,26.1406
2022-06-12 00:00:00,2022-06-12 01:00:00,16.13,44.4264,26.1406,10.98,44.4264,26.1406,9.06,44.4264,26.1406
2022-06-12 01:00:00,2022-06-12 02:00:00,16.3,44.4264,26.1406,10.17,44.4264,26.1406,8.45,44.4264,26.1406
2022-06-12 02:00:00,2022-06-12 03:00:00,17.52,44.4264,26.1406,11.9,44.4264,26.1406,8.38,44.4264,26.1406
2022-06-12 03:00:00,2022-06-12 04:00:00,17.91,44.4264,26.1406,12.52,44.4264,26.1406,8.41,44.4264,26.1406
2022-06-12 04:00:00,2022-06-12 05:00:00,15.83,44.4264,26.1406,9.34,44.4264,26.1406,8.92,44.4264,26.1406
2022-06-12 05:00:00,2022-06-12 06:00:00,17.22,44.4264,26.1406,10.68,44.4264,26.1406,7.25,44.4264,26.1406
2022-06-12 06:00:00,2022-06-12 07:00:00,17.01,44.4264,26.1406,10.82,44.4264,26.1406,6.95,44.4264,26.1406
2022-06-12 07:00:00,2022-06-12 08:00:00,17.13,44.4264,26.1406,10.56,44.4264,26.1406,,44.4264,26.1406
2022-06-12 08:00:00,2022-06-12 09:00:00,16.28,44.4264,26.1406,10.08,44.4264,26.1406,7.17,44.4264,26.1406
2022-06-12 09:00:00,2022-06-12 10:00:00,16.57,44.4264,26.1406,10.52,44.4264,26.1406,5.87,44.4264,26.1406
2022-06-12 10:00:00,2022-06-12 11:00:00,14.86,44.4264,26.1406,9.16,44.4264,26.1406,5.13,44.4264,26.1406
2022-06-12 11:00:00,2022-06-12 12:00:00,17.63,44.4264,26.1406,11.52,44.4264,26.1406,5.4,44.4264,26.1406
2022-06-12 12:00:00,2022-06-12 13:00:00,19.01,44.4264,26.1406,11.09,44.4264,26.1406,5.54,44.4264,26.1406
2022-06-12 13:00:00,2022-06-12 14:00:00,19.0,44.4264,26.1406,10.12,44.4264,26.1406,6.3,44.4264,26.1406
2022-06-12 14:00:00,2022-06-12 15:00:00,17.97,44.4264,26.1406,6.46,44.4264,26.1406,6.13,44.4264,26.1406
2022-06-12 15:00:00,2022-06-12 16:00:00,20.8,44.4264,26.1406,9.32,44.4264,26.1406,5.84,44.4264,26.1406
2022-06-12 16:00:00,2022-06-12 17:00:00,19.71,44.4264,26.1406,11.91,44.4264,26.1406,7.27,44.4264,26.1406
2022-06-12 17:00:00,2022-06-12 18:00:00,14.17,44.4264,26.1406,7.47,44.4264,26.1406,9.32,44.4264,26.1406
2022-06-12 18:00:00,2022-06-12 19:00:00,12.83,44.4264,26.1406,8.08,44.4264,26.1406,9.98,44.4264,26.1406
2022-06-12 19:00:00,2022-06-12 20:00:00,13.01,44.4264,26.1406,8.16,44.4264,26.1406,10.44,44.4264,26.1406
2022-06-12 20:00:00,2022-06-12 21:00:00,14.16,44.4264,26.1406,8.35,44.4264,26.1406,7.86,44.4264,26.1406
2022-06-12 21:00:00,2022-06-12 22:00:00,9.73,44.4264,26.1406,5.37,44.4264,26.1406,8.98,44.4264,26.1406
2022-06-12 22:00:00,2022-06-12 23:00:00,8.77,44.4264,26.1406,4.15,44.4264,26.1406,8.98,44.4264,26.1406
2022-06-12 23:00:00,2022-06-13 00:00:00,11.72,44.4264,26.1406,7.78,44.4264,26.1406,6.47,44.4264,26.1406
2022-06-13 00:00:00,2022-06-13 01:00:00,14.17,44.4264,26.1406,8.97,44.4264,26.1406,6.41,44.4264,26.1406
2022-06-13 01:00:00,2022-06-13 02:00:00,15.79,44.4264,26.1406,11.22,44.4264,26.1406,7.65,44.4264,26.1406
2022-06-13 02:00:00,2022-06-13 03:00:00,15.03,44.4264,26.1406,10.27,44.4264,26.1406,7.34,44.4264,26.1406
2022-06-13 03:00:00,2022-06-13 04:00:00,14.98,44.4264,26.1406,9.04,44.4264,26.1406,7.11,44.4264,26.1406
2022-06-13 04:00:00,2022-06-13 05:00:00,19.56,44.4264,26.1406,12.2,44.4264,26.1406,6.54,44.4264,26.1406
2022-06-13 05:00:00,2022-06-13 06:00:00,14.39,44.4264,26.1406,7.6,44.4264,26.1406,7.41,44.4264,26.1406
2022-06-13 06:00:00,2022-06-13 07:00:00,18.59,44.4264,26.1406,12.05,44.4264,26.1406,8.06,44.4264,26.1406
2022-06-13 07:00:00,2022-06-13 08:00:00,20.53,44.4264,26.1406,13.43,44.4264,26.1406,6.2,44.4264,26.1406
2022-06-13 08:00:00,2022-06-13 09:00:00,16.13,44.4264,26.1406,10.76,44.4264,26.1406,,44.4264,26.1406
2022-06-13 09:00:00,2022-06-13 10:00:00,7.0,44.4264,26.1406,10.59,44.4264,26.1406,4.82,44.4264,26.1406
2022-06-13 10:00:00,2022-06-13 11:00:00,11.54,44.4264,26.1406,8.47,44.4264,26.1406,4.24,44.4264,26.1406
2022-06-13 11:00:00,2022-06-13 12:00:00,15.96,44.4264,26.1406,10.43,44.4264,26.1406,4.31,44.4264,26.1406
2022-06-13 12:00:00,2022-06-13 13:00:00,16.84,44.4264,26.1406,11.32,44.4264,26.1406,4.16,44.4264,26.1406
2022-06-13 13:00:00,2022-06-13 14:00:00,17.91,44.4264,26.1406,10.88,44.4264,26.1406,3.92,44.4264,26.1406
2022-06-13 14:00:00,2022-06-13 15:00:00,19.08,44.4264,26.1406,11.31,44.4264,26.1406,12.64,44.4264,26.1406
2022-06-13 15:00:00,2022-06-13 16:00:00,21.13,44.4264,26.1406,12.03,44.4264,26.1406,20.52,44.4264,26.1406
2022-06-13 16:00:00,2022-06-13 17:00:00,20.75,44.4264,26.1406,13.13,44.4264,26.1406,5.07,44.4264,26.1406
2022-06-13 17:00:00,2022-06-13 18:00:00,21.69,44.4264,26.1406,15.58,44.4264,26.1406,7.34,44.4264,26.1406
2022-06-13 18:00:00,2022-06-13 19:00:00,16.81,44.4264,26.1406,11.61,44.4264,26.1406,9.79,44.4264,26.1406
2022-06-13 19:00:00,2022-06-13 20:00:00,13.29,44.4264,26.1406,8.9,44.4264,26.1406,9.49,44.4264,26.1406
2022-06-13 20:00:00,2022-06-13 21:00:00,18.82,44.4264,26.1406,12.91,44.4264,26.1406,8.87,44.4264,26.1406
2022-06-13 21:00:00,2022-06-13 22:00:00,18.89,44.4264,26.1406,12.97,44.4264,26.1406,12.69,44.4264,26.1406
2022-06-13 22:00:00,2022-06-13 23:00:00,21.74,44.4264,26.1406,14.91,44.4264,26.1406,17.22,44.4264,26.1406
2022-06-13 23:00:00,2022-06-14 00:00:00,19.67,44.4264,26.1406,13.83,44.4264,26.1406,15.04,44.4264,26.1406
2022-06-14 00:00:00,2022-06-14 01:00:00,18.37,44.4264,26.1406,12.91,44.4264,26.1406,19.61,44.4264,26.1406
2022-06-14 01:00:00,2022-06-14 02:00:00,19.15,44.4264,26.1406,13.25,44.4264,26.1406,14.9,44.4264,26.1406
2022-06-14 02:00:00,2022-06-14 03:00:00,17.87,44.4264,26.1406,12.28,44.4264,26.1406,14.65,44.4264,26.1406
2022-06-14 03:00:00,2022-06-14 04:00:00,18.35,44.4264,26.1406,14.29,44.4264,26.1406,14.17,44.4264,26.1406
2022-06-14 04:00:00,2022-06-14 05:00:00,19.02,44.4264,26.1406,14.67,44.4264,26.1406,12.34,44.4264,26.1406
2022-06-14 05:00:00,2022-06-14 06:00:00,22.84,44.4264,26.1406,18.01,44.4264,26.1406,12.85,44.4264,26.1406
2022-06-14 06:00:00,2022-06-14 07:00:00,24.59,44.4264,26.1406,18.82,44.4264,26.1406,14.67,44.4264,26.1406
2022-06-14 07:00:00,2022-06-14 08:00:00,24.84,44.4264,26.1406,16.34,44.4264,26.1406,19.12,44.4264,26.1406
2022-06-14 08:00:00,2022-06-14 09:00:00,27.58,44.4264,26.1406,14.59,44.4264,26.1406,18.01,44.4264,26.1406
2022-06-14 09:00:00,2022-06-14 10:00:00,26.59,44.4264,26.1406,12.02,44.4264,26.1406,,44.4264,26.1406
2022-06-14 10:00:00,2022-06-14 11:00:00,28.48,44.4264,26.1406,10.96,44.4264,26.1406,21.37,44.4264,26.1406
2022-06-14 11:00:00,2022-06-14 12:00:00,29.13,44.4264,26.1406,12.62,44.4264,26.1406,27.94,44.4264,26.1406
2022-06-14 12:00:00,2022-06-14 13:00:00,25.43,44.4264,26.1406,11.22,44.4264,26.1406,21.89,44.4264,26.1406
2022-06-14 13:00:00,2022-06-14 14:00:00,24.53,44.4264,26.1406,13.16,44.4264,26.1406,16.59,44.4264,26.1406
2022-06-14 14:00:00,2022-06-14 15:00:00,24.9,44.4264,26.1406,11.43,44.4264,26.1406,20.29,44.4264,26.1406
2022-06-14 15:00:00,2022-06-14 16:00:00,19.1,44.4264,26.1406,6.22,44.4264,26.1406,6.73,44.4264,26.1406
2022-06-14 16:00:00,2022-06-14 17:00:00,5.54,44.4264,26.1406,1.22,44.4264,26.1406,30.86,44.4264,26.1406
2022-06-14 17:00:00,2022-06-14 18:00:00,13.58,44.4264,26.1406,8.32,44.4264,26.1406,24.05,44.4264,26.1406
2022-06-14 18:00:00,2022-06-14 19:00:00,13.49,44.4264,26.1406,8.17,44.4264,26.1406,28.52,44.4264,26.1406
2022-06-14 19:00:00,2022-06-14 20:00:00,17.97,44.4264,26.1406,10.52,44.4264,26.1406,24.83,44.4264,26.1406
2022-06-14 20:00:00,2022-06-14 21:00:00,16.69,44.4264,26.1406,8.11,44.4264,26.1406,21.7,44.4264,26.1406
2022-06-14 21:00:00,2022-06-14 22:00:00,18.37,44.4264,26.1406,10.38,44.4264,26.1406,21.67,44.4264,26.1406
2022-06-14 22:00:00,2022-06-14 23:00:00,16.67,44.4264,26.1406,8.05,44.4264,26.1406,21.44,44.4264,26.1406
2022-06-14 23:00:00,2022-06-15 00:00:00,15.29,44.4264,26.1406,9.04,44.4264,26.1406,10.26,44.4264,26.1406
2022-06-15 00:00:00,2022-06-15 01:00:00,11.78,44.4264,26.1406,8.71,44.4264,26.1406,7.62,44.4264,26.1406
2022-06-15 01:00:00,2022-06-15 02:00:00,10.0,44.4264,26.1406,6.66,44.4264,26.1406,5.45,44.4264,26.1406
2022-06-15 02:00:00,2022-06-15 03:00:00,11.42,44.4264,26.1406,7.32,44.4264,26.1406,5.72,44.4264,26.1406
2022-06-15 03:00:00,2022-06-15 04:00:00,9.67,44.4264,26.1406,5.69,44.4264,26.1406,7.42,44.4264,26.1406
2022-06-15 04:00:00,2022-06-15 05:00:00,11.07,44.4264,26.1406,7.29,44.4264,26.1406,9.27,44.4264,26.1406
2022-06-15 05:00:00,2022-06-15 06:00:00,12.19,44.4264,26.1406,6.95,44.4264,26.1406,15.04,44.4264,26.1406
2022-06-15 06:00:00,2022-06-15 07:00:00,15.05,44.4264,26.1406,7.98,44.4264,26.1406,18.7,44.4264,26.1406
2022-06-15 07:00:00,2022-06-15 08:00:00,12.88,44.4264,26.1406,5.1,44.4264,26.1406,16.09,44.4264,26.1406
2022-06-15 08:00:00,2022-06-15 09:00:00,14.69,44.4264,26.1406,7.09,44.4264,26.1406,12.12,44.4264,26.1406
2022-06-15 09:00:00,2022-06-15 10:00:00,13.07,44.4264,26.1406,6.87,44.4264,26.1406,6.83,44.4264,26.1406
2022-06-15 10:00:00,2022-06-15 11:00:00,15.19,44.4264,26.1406,8.75,44.4264,26.1406,,44.4264,26.1406
2022-06-15 11:00:00,2022-06-15 12:00:00,15.27,44.4264,26.1406,8.61,44.4264,26.1406,7.77,44.4264,26.1406
2022-06-15 12:00:00,2022-06-15 13:00:00,12.0,44.4264,26.1406,6.24,44.4264,26.1406,6.56,44.4264,26.1406
2022-06-15 13:00:00,2022-06-15 14:00:00,12.65,44.4264,26.1406,6.83,44.4264,26.1406,6.05,44.4264,26.1406
2022-06-15 14:00:00,2022-06-15 15:00:00,10.37,44.4264,26.1406,5.1,44.4264,26.1406,6.42,44.4264,26.1406
2022-06-15 15:00:00,2022-06-15 16:00:00,12.64,44.4264,26.1406,7.06,44.4264,26.1406,6.44,44.4264,26.1406
2022-06-15 16:00:00,2022-06-15 17:00:00,13.33,44.4264,26.1406,7.36,44.4264,26.1406,6.68,44.4264,26.1406
2022-06-15 17:00:00,2022-06-15 18:00:00,13.72,44.4264,26.1406,7.99,44.4264,26.1406,7.95,44.4264,26.1406
2022-06-15 18:00:00,2022-06-15 19:00:00,12.37,44.4264,26.1406,6.2,44.4264,26.1406,5.95,44.4264,26.1406
2022-06-15 19:00:00,2022-06-15 20:00:00,12.43,44.4264,26.1406,6.43,44.4264,26.1406,8.24,44.4264,26.1406
2022-06-15 20:00:00,2022-06-15 21:00:00,17.4,44.4264,26.1406,10.13,44.4264,26.1406,22.02,44.4264,26.1406
2022-06-15 21:00:00,2022-06-15 22:00:00,21.41,44.4264,26.1406,11.85,44.4264,26.1406,49.81,44.4264,26.1406
2022-06-15 22:00:00,2022-06-15 23:00:00,25.53,44.4264,26.1406,12.35,44.4264,26.1406,57.51,44.4264,26.1406
2022-06-15 23:00:00,2022-06-16 00:00:00,29.22,44.4264,26.1406,13.98,44.4264,26.1406,48.27,44.4264,26.1406
2022-06-16 00:00:00,2022-06-16 01:00:00,26.43,44.4264,26.1406,14.81,44.4264,26.1406,46.3,44.4264,26.1406
2022-06-16 01:00:00,2022-06-16 02:00:00,27.62,44.4264,26.1406,16.19,44.4264,26.1406,39.46,44.4264,26.1406
2022-06-16 02:00:00,2022-06-16 03:00:00,26.69,44.4264,26.1406,15.87,44.4264,26.1406,35.23,44.4264,26.1406
2022-06-16 03:00:00,2022-06-16 04:00:00,26.1,44.4264,26.1406,15.07,44.4264,26.1406,33.12,44.4264,26.1406
2022-06-16 04:00:00,2022-06-16 05:00:00,20.91,44.4264,26.1406,13.07,44.4264,26.1406,20.94,44.4264,26.1406
2022-06-16 05:00:00,2022-06-16 06:00:00,21.78,44.4264,26.1406,15.11,44.4264,26.1406,19.06,44.4264,26.1406
2022-06-16 06:00:00,2022-06-16 07:00:00,23.37,44.4264,26.1406,15.29,44.4264,26.1406,25.26,44.4264,26.1406
2022-06-16 07:00:00,2022-06-16 08:00:00,28.19,44.4264,26.1406,17.7,44.4264,26.1406,28.52,44.4264,26.1406
2022-06-16 08:00:00,2022-06-16 09:00:00,24.72,44.4264,26.1406,14.87,44.4264,26.1406,13.47,44.4264,26.1406
2022-06-16 09:00:00,2022-06-16 10:00:00,18.4,44.4264,26.1406,9.85,44.4264,26.1406,10.19,44.4264,26.1406
2022-06-16 10:00:00,2022-06-16 11:00:00,21.06,44.4264,26.1406,11.03,44.4264,26.1406,9.31,44.4264,26.1406
2022-06-16 11:00:00,2022-06-16 12:00:00,17.09,44.4264,26.1406,7.69,44.4264,26.1406,,44.4264,26.1406
2022-06-16 12:00:00,2022-06-16 13:00:00,21.89,44.4264,26.1406,12.54,44.4264,26.1406,8.74,44.4264,26.1406
2022-06-16 13:00:00,2022-06-16 14:00:00,20.43,44.4264,26.1406,9.24,44.4264,26.1406,9.24,44.4264,26.1406
2022-06-16 14:00:00,2022-06-16 15:00:00,19.08,44.4264,26.1406,10.5,44.4264,26.1406,5.56,44.4264,26.1406
2022-06-16 15:00:00,2022-06-16 16:00:00,16.59,44.4264,26.1406,9.4,44.4264,26.1406,5.38,44.4264,26.1406
2022-06-16 16:00:00,2022-06-16 17:00:00,14.14,44.4264,26.1406,7.15,44.4264,26.1406,5.17,44.4264,26.1406
2022-06-16 17:00:00,2022-06-16 18:00:00,16.34,44.4264,26.1406,9.39,44.4264,26.1406,6.6,44.4264,26.1406
2022-06-16 18:00:00,2022-06-16 19:00:00,16.75,44.4264,26.1406,9.06,44.4264,26.1406,14.67,44.4264,26.1406
2022-06-16 19:00:00,2022-06-16 20:00:00,22.37,44.4264,26.1406,13.95,44.4264,26.1406,10.72,44.4264,26.1406
2022-06-16 20:00:00,2022-06-16 21:00:00,20.7,44.4264,26.1406,12.73,44.4264,26.1406,29.49,44.4264,26.1406
2022-06-16 21:00:00,2022-06-16 22:00:00,27.74,44.4264,26.1406,15.81,44.4264,26.1406,45.5,44.4264,26.1406
2022-06-16 22:00:00,2022-06-16 23:00:00,35.62,44.4264,26.1406,18.73,44.4264,26.1406,45.5,44.4264,26.1406
2022-06-16 23:00:00,2022-06-17 00:00:00,28.56,44.4264,26.1406,16.13,44.4264,26.1406,16.84,44.4264,26.1406
2022-06-17 00:00:00,2022-06-17 01:00:00,20.0,44.4264,26.1406,13.84,44.4264,26.1406,18.83,44.4264,26.1406
2022-06-17 01:00:00,2022-06-17 02:00:00,21.42,44.4264,26.1406,14.78,44.4264,26.1406,22.54,44.4264,26.1406
2022-06-17 02:00:00,2022-06-17 03:00:00,20.76,44.4264,26.1406,13.72,44.4264,26.1406,13.4,44.4264,26.1406
2022-06-17 03:00:00,2022-06-17 04:00:00,18.67,44.4264,26.1406,12.29,44.4264,26.1406,10.73,44.4264,26.1406
2022-06-17 04:00:00,2022-06-17 05:00:00,15.21,44.4264,26.1406,9.07,44.4264,26.1406,13.05,44.4264,26.1406
2022-06-17 05:00:00,2022-06-17 06:00:00,16.5,44.4264,26.1406,8.64,44.4264,26.1406,21.86,44.4264,26.1406
2022-06-17 06:00:00,2022-06-17 07:00:00,18.5,44.4264,26.1406,9.2,44.4264,26.1406,20.16,44.4264,26.1406
2022-06-17 07:00:00,2022-06-17 08:00:00,23.63,44.4264,26.1406,12.02,44.4264,26.1406,24.01,44.4264,26.1406
2022-06-17 08:00:00,2022-06-17 09:00:00,31.33,44.4264,26.1406,12.8,44.4264,26.1406,27.78,44.4264,26.1406
2022-06-17 09:00:00,2022-06-17 10:00:00,39.37,44.4264,26.1406,15.73,44.4264,26.1406,18.58,44.4264,26.1406
2022-06-17 10:00:00,2022-06-17 11:00:00,32.64,44.4264,26.1406,12.72,44.4264,26.1406,13.44,44.4264,26.1406
2022-06-17 11:00:00,2022-06-17 12:00:00,25.41,44.4264,26.1406,10.24,44.4264,26.1406,7.26,44.4264,26.1406
2022-06-17 12:00:00,2022-06-17 13:00:00,20.81,44.4264,26.1406,10.65,44.4264,26.1406,,44.4264,26.1406
2022-06-17 13:00:00,2022-06-17 14:00:00,18.92,44.4264,26.1406,10.94,44.4264,26.1406,5.75,44.4264,26.1406
2022-06-17 14:00:00,2022-06-17 15:00:00,17.31,44.4264,26.1406,7.36,44.4264,26.1406,10.72,44.4264,26.1406
2022-06-17 15:00:00,2022-06-17 16:00:00,21.47,44.4264,26.1406,8.46,44.4264,26.1406,12.64,44.4264,26.1406
2022-06-17 16:00:00,2022-06-17 17:00:00,15.91,44.4264,26.1406,9.25,44.4264,26.1406,14.1,44.4264,26.1406
2022-06-17 17:00:00,2022-06-17 18:00:00,16.23,44.4264,26.1406,10.44,44.4264,26.1406,17.1,44.4264,26.1406
2022-06-17 18:00:00,2022-06-17 19:00:00,17.29,44.4264,26.1406,11.4,44.4264,26.1406,23.45,44.4264,26.1406
2022-06-17 19:00:00,2022-06-17 20:00:00,21.9,44.4264,26.1406,15.28,44.4264,26.1406,41.02,44.4264,26.1406
2022-06-17 20:00:00,2022-06-17 21:00:00,24.06,44.4264,26.1406,15.49,44.4264,26.1406,35.18,44.4264,26.1406
2022-06-17 21:00:00,2022-06-17 22:00:00,22.45,44.4264,26.1406,14.56,44.4264,26.1406,29.37,44.4264,26.1406
2022-06-17 22:00:00,2022-06-17 23:00:00,19.94,44.4264,26.1406,12.76,44.4264,26.1406,26.16,44.4264,26.1406
2022-06-17 23:00:00,2022-06-18 00:00:00,19.25,44.4264,26.1406,13.22,44.4264,26.1406,19.96,44.4264,26.1406
2022-06-18 00:00:00,2022-06-18 01:00:00,18.87,44.4264,26.1406,13.24,44.4264,26.1406,11.63,44.4264,26.1406
2022-06-18 01:00:00,2022-06-18 02:00:00,18.58,44.4264,26.1406,12.55,44.4264,26.1406,7.48,44.4264,26.1406
2022-06-18 02:00:00,2022-06-18 03:00:00,17.83,44.4264,26.1406,11.05,44.4264,26.1406,7.49,44.4264,26.1406
2022-06-18 03:00:00,2022-06-18 04:00:00,13.9,44.4264,26.1406,8.34,44.4264,26.1406,7.61,44.4264,26.1406
2022-06-18 04:00:00,2022-06-18 05:00:00,11.84,44.4264,26.1406,6.34,44.4264,26.1406,8.81,44.4264,26.1406
2022-06-18 05:00:00,2022-06-18 06:00:00,10.44,44.4264,26.1406,5.1,44.4264,26.1406,9.97,44.4264,26.1406
2022-06-18 06:00:00,2022-06-18 07:00:00,12.11,44.4264,26.1406,7.6,44.4264,26.1406,11.52,44.4264,26.1406
2022-06-18 07:00:00,2022-06-18 08:00:00,13.31,44.4264,26.1406,8.52,44.4264,26.1406,11.47,44.4264,26.1406
2022-06-18 08:00:00,2022-06-18 09:00:00,16.25,44.4264,26.1406,10.27,44.4264,26.1406,9.59,44.4264,26.1406
2022-06-18 09:00:00,2022-06-18 10:00:00,14.11,44.4264,26.1406,9.21,44.4264,26.1406,7.53,44.4264,26.1406
2022-06-18 10:00:00,2022-06-18 11:00:00,12.49,44.4264,26.1406,6.51,44.4264,26.1406,5.6,44.4264,26.1406
2022-06-18 11:00:00,2022-06-18 12:00:00,12.49,44.4264,26.1406,5.18,44.4264,26.1406,4.83,44.4264,26.1406
2022-06-18 12:00:00,2022-06-18 13:00:00,13.32,44.4264,26.1406,6.52,44.4264,26.1406,5.38,44.4264,26.1406
2022-06-18 13:00:00,2022-06-18 14:00:00,12.4,44.4264,26.1406,7.11,44.4264,26.1406,,44.4264,26.1406
2022-06-18 14:00:00,2022-06-18 15:00:00,11.95,44.4264,26.1406,7.29,44.4264,26.1406,4.51,44.4264,26.1406
2022-06-18 15:00:00,2022-06-18 16:00:00,9.46,44.4264,26.1406,5.17,44.4264,26.1406,3.9,44.4264,26.1406
2022-06-18 16:00:00,2022-06-18 17:00:00,10.93,44.4264,26.1406,6.43,44.4264,26.1406,9.27,44.4264,26.1406
2022-06-18 17:00:00,2022-06-18 18:00:00,16.27,44.4264,26.1406,10.28,44.4264,26.1406,6.42,44.4264,26.1406
2022-06-18 18:00:00,2022-06-18 19:00:00,15.4,44.4264,26.1406,10.52,44.4264,26.1406,5.6,44.4264,26.1406
2022-06-18 19:00:00,2022-06-18 20:00:00,13.5,44.4264,26.1406,8.68,44.4264,26.1406,8.15,44.4264,26.1406
2022-06-18 20:00:00,2022-06-18 21:00:00,16.69,44.4264,26.1406,11.32,44.4264,26.1406,10.41,44.4264,26.1406
2022-06-18 21:00:00,2022-06-18 22:00:00,15.65,44.4264,26.1406,9.26,44.4264,26.1406,15.13,44.4264,26.1406
2022-06-18 22:00:00,2022-06-18 23:00:00,19.64,44.4264,26.1406,13.3,44.4264,26.1406,16.11,44.4264,26.1406
2022-06-18 23:00:00,2022-06-19 00:00:00,15.02,44.4264,26.1406,10.69,44.4264,26.1406,9.81,44.4264,26.1406
2022-06-19 00:00:00,2022-06-19 01:00:00,10.71,44.4264,26.1406,7.19,44.4264,26.1406,12.35,44.4264,26.1406
2022-06-19 01:00:00,2022-06-19 02:00:00,13.87,44.4264,26.1406,8.72,44.4264,26.1406,11.21,44.4264,26.1406
2022-06-19 02:00:00,2022-06-19 03:00:00,16.05,44.4264,26.1406,10.13,44.4264,26.1406,9.67,44.4264,26.1406
2022-06-19 03:00:00,2022-06-19 04:00:00,17.52,44.4264,26.1406,11.29,44.4264,26.1406,9.88,44.4264,26.1406
2022-06-19 04:00:00,2022-06-19 05:00:00,16.33,44.4264,26.1406,10.79,44.4264,26.1406,11.12,44.4264,26.1406
2022-06-19 05:00:00,2022-06-19 06:00:00,17.85,44.4264,26.1406,12.07,44.4264,26.1406,10.37,44.4264,26.1406
2022-06-19 06:00:00,2022-06-19 07:00:00,17.36,44.4264,26.1406,10.74,44.4264,26.1406,9.76,44.4264,26.1406
2022-06-19 07:00:00,2022-06-19 08:00:00,16.33,44.4264,26.1406,9.66,44.4264,26.1406,8.66,44.4264,26.1406
2022-06-19 08:00:00,2022-06-19 09:00:00,14.72,44.4264,26.1406,9.53,44.4264,26.1406,8.19,44.4264,26.1406
2022-06-19 09:00:00,2022-06-19 10:00:00,11.09,44.4264,26.1406,7.59,44.4264,26.1406,5.62,44.4264,26.1406
2022-06-19 10:00:00,2022-06-19 11:00:00,11.59,44.4264,26.1406,7.97,44.4264,26.1406,3.99,44.4264,26.1406
2022-06-19 11:00:00,2022-06-19 12:00:00,7.37,44.4264,26.1406,2.92,44.4264,26.1406,3.48,44.4264,26.1406
2022-06-19 12:00:00,2022-06-19 13:00:00,10.95,44.4264,26.1406,8.42,44.4264,26.1406,3.53,44.4264,26.1406
2022-06-19 13:00:00,2022-06-19 14:00:00,12.41,44.4264,26.1406,9.76,44.4264,26.1406,3.54,44.4264,26.1406
2022-06-19 14:00:00,2022-06-19 15:00:00,11.8,44.4264,26.1406,7.89,44.4264,26.1406,,44.4264,26.1406
2022-06-19 15:00:00,2022-06-19 16:00:00,11.29,44.4264,26.1406,7.47,44.4264,26.1406,4.73,44.4264,26.1406
2022-06-19 16:00:00,2022-06-19 17:00:00,9.52,44.4264,26.1406,5.09,44.4264,26.1406,4.63,44.4264,26.1406
2022-06-19 17:00:00,2022-06-19 18:00:00,12.24,44.4264,26.1406,8.43,44.4264,26.1406,5.19,44.4264,26.1406
2022-06-19 18:00:00,2022-06-19 19:00:00,10.93,44.4264,26.1406,7.58,44.4264,26.1406,11.18,44.4264,26.1406
2022-06-19 19:00:00,2022-06-19 20:00:00,14.59,44.4264,26.1406,9.59,44.4264,26.1406,15.03,44.4264,26.1406
2022-06-19 20:00:00,2022-06-19 21:00:00,14.77,44.4264,26.1406,8.65,44.4264,26.1406,27.52,44.4264,26.1406
2022-06-19 21:00:00,2022-06-19 22:00:00,17.45,44.4264,26.1406,9.18,44.4264,26.1406,23.66,44.4264,26.1406
2022-06-19 22:00:00,2022-06-19 23:00:00,16.34,44.4264,26.1406,8.2,44.4264,26.1406,35.6,44.4264,26.1406
2022-06-19 23:00:00,2022-06-20 00:00:00,19.07,44.4264,26.1406,10.73,44.4264,26.1406,27.36,44.4264,26.1406
2022-06-20 00:00:00,2022-06-20 01:00:00,17.36,44.4264,26.1406,8.86,44.4264,26.1406,32.48,44.4264,26.1406
2022-06-20 01:00:00,2022-06-20 02:00:00,23.87,44.4264,26.1406,15.47,44.4264,26.1406,31.46,44.4264,26.1406
2022-06-20 02:00:00,2022-06-20 03:00:00,21.41,44.4264,26.1406,14.47,44.4264,26.1406,14.66,44.4264,26.1406
2022-06-20 03:00:00,2022-06-20 04:00:00,17.08,44.4264,26.1406,11.11,44.4264,26.1406,15.11,44.4264,26.1406
2022-06-20 04:00:00,2022-06-20 05:00:00,19.87,44.4264,26.1406,12.35,44.4264,26.1406,28.53,44.4264,26.1406
2022-06-20 05:00:00,2022-06-20 06:00:00,28.21,44.4264,26.1406,17.7,44.4264,26.1406,37.45,44.4264,26.1406
2022-06-20 06:00:00,2022-06-20 07:00:00,31.76,44.4264,26.1406,16.84,44.4264,26.1406,36.75,44.4264,26.1406
2022-06-20 07:00:00,2022-06-20 08:00:00,33.98,44.4264,26.1406,16.47,44.4264,26.1406,32.44,44.4264,26.1406
2022-06-20 08:00:00,2022-06-20 09:00:00,26.77,44.4264,26.1406,12.83,44.4264,26.1406,21.31,44.4264,26.1406
2022-06-20 09:00:00,2022-06-20 10:00:00,27.6,44.4264,26.1406,11.98,44.4264,26.1406,16.33,44.4264,26.1406
2022-06-20 10:00:00,2022-06-20 11:00:00,26.58,44.4264,26.1406,8.95,44.4264,26.1406,12.89,44.4264,26.1406
2022-06-20 11:00:00,2022-06-20 12:00:00,21.27,44.4264,26.1406,8.31,44.4264,26.1406,8.75,44.4264,26.1406
2022-06-20 12:00:00,2022-06-20 13:00:00,20.94,44.4264,26.1406,11.0,44.4264,26.1406,8.52,44.4264,26.1406
2022-06-20 13:00:00,2022-06-20 14:00:00,12.32,44.4264,26.1406,3.43,44.4264,26.1406,5.16,44.4264,26.1406
2022-06-20 14:00:00,2022-06-20 15:00:00,16.8,44.4264,26.1406,8.91,44.4264,26.1406,5.32,44.4264,26.1406
2022-06-20 15:00:00,2022-06-20 16:00:00,19.27,44.4264,26.1406,11.28,44.4264,26.1406,,44.4264,26.1406
2022-06-20 16:00:00,2022-06-20 17:00:00,18.9,44.4264,26.1406,10.83,44.4264,26.1406,13.74,44.4264,26.1406
2022-06-20 17:00:00,2022-06-20 18:00:00,19.59,44.4264,26.1406,10.0,44.4264,26.1406,14.43,44.4264,26.1406
2022-06-20 18:00:00,2022-06-20 19:00:00,20.21,44.4264,26.1406,10.16,44.4264,26.1406,13.28,44.4264,26.1406
2022-06-20 19:00:00,2022-06-20 20:00:00,21.34,44.4264,26.1406,9.84,44.4264,26.1406,16.65,44.4264,26.1406
2022-06-20 20:00:00,2022-06-20 21:00:00,26.15,44.4264,26.1406,12.76,44.4264,26.1406,23.27,44.4264,26.1406
2022-06-20 21:00:00,2022-06-20 22:00:00,21.09,44.4264,26.1406,9.29,44.4264,26.1406,29.96,44.4264,26.1406
2022-06-20 22:00:00,2022-06-20 23:00:00,19.8,44.4264,26.1406,10.22,44.4264,26.1406,15.96,44.4264,26.1406
2022-06-20 23:00:00,2022-06-21 00:00:00,19.35,44.4264,26.1406,10.73,44.4264,26.1406,12.79,44.4264,26.1406
2022-06-21 00:00:00,2022-06-21 01:00:00,16.93,44.4264,26.1406,7.48,44.4264,26.1406,11.46,44.4264,26.1406
2022-06-21 01:00:00,2022-06-21 02:00:00,15.81,44.4264,26.1406,7.73,44.4264,26.1406,10.07,44.4264,26.1406
2022-06-21 02:00:00,2022-06-21 03:00:00,14.77,44.4264,26.1406,7.83,44.4264,26.1406,8.84,44.4264,26.1406
2022-06-21 03:00:00,2022-06-21 04:00:00,11.36,44.4264,26.1406,6.01,44.4264,26.1406,8.62,44.4264,26.1406
2022-06-21 04:00:00,2022-06-21 05:00:00,14.54,44.4264,26.1406,9.95,44.4264,26.1406,12.22,44.4264,26.1406
2022-06-21 05:00:00,2022-06-21 06:00:00,20.14,44.4264,26.1406,12.08,44.4264,26.1406,21.56,44.4264,26.1406
2022-06-21 06:00:00,2022-06-21 07:00:00,25.18,44.4264,26.1406,12.89,44.4264,26.1406,21.17,44.4264,26.1406
2022-06-21 07:00:00,2022-06-21 08:00:00,34.43,44.4264,26.1406,18.11,44.4264,26.1406,22.37,44.4264,26.1406
2022-06-21 08:00:00,2022-06-21 09:00:00,38.83,44.4264,26.1406,20.28,44.4264,26.1406,15.4,44.4264,26.1406
2022-06-21 09:00:00,2022-06-21 10:00:00,33.32,44.4264,26.1406,18.46,44.4264,26.1406,9.07,44.4264,26.1406
2022-06-21 10:00:00,2022-06-21 11:00:00,32.92,44.4264,26.1406,20.67,44.4264,26.1406,5.94,44.4264,26.1406
2022-06-21 11:00:00,2022-06-21 12:00:00,23.64,44.4264,26.1406,12.69,44.4264,26.1406,4.45,44.4264,26.1406
2022-06-21 12:00:00,2022-06-21 13:00:00,22.31,44.4264,26.1406,14.81,44.4264,26.1406,4.47,44.4264,26.1406
2022-06-21 13:00:00,2022-06-21 14:00:00,21.17,44.4264,26.1406,12.07,44.4264,26.1406,4.77,44.4264,26.1406
2022-06-21 14:00:00,2022-06-21 15:00:00,23.33,44.4264,26.1406,12.85,44.4264,26.1406,3.58,44.4264,26.1406
2022-06-21 15:00:00,2022-06-21 16:00:00,21.9,44.4264,26.1406,12.89,44.4264,26.1406,9.6,44.4264,26.1406
2022-06-21 16:00:00,2022-06-21 17:00:00,26.85,44.4264,26.1406,10.23,44.4264,26.1406,,44.4264,26.1406
2022-06-21 17:00:00,2022-06-21 18:00:00,29.92,44.4264,26.1406,9.7,44.4264,26.1406,5.97,44.4264,26.1406
2022-06-21 18:00:00,2022-06-21 19:00:00,30.24,44.4264,26.1406,10.66,44.4264,26.1406,4.49,44.4264,26.1406
2022-06-21 19:00:00,2022-06-21 20:00:00,40.95,44.4264,26.1406,9.69,44.4264,26.1406,5.21,44.4264,26.1406
2022-06-21 20:00:00,2022-06-21 21:00:00,24.15,44.4264,26.1406,7.43,44.4264,26.1406,5.48,44.4264,26.1406
2022-06-21 21:00:00,2022-06-21 22:00:00,17.19,44.4264,26.1406,6.22,44.4264,26.1406,7.72,44.4264,26.1406
2022-06-21 22:00:00,2022-06-21 23:00:00,20.68,44.4264,26.1406,9.4,44.4264,26.1406,8.16,44.4264,26.1406
2022-06-21 23:00:00,2022-06-22 00:00:00,17.64,44.4264,26.1406,5.91,44.4264,26.1406,7.72,44.4264,26.1406
2022-06-22 00:00:00,2022-06-22 01:00:00,19.0,44.4264,26.1406,7.85,44.4264,26.1406,7.24,44.4264,26.1406
2022-06-22 01:00:00,2022-06-22 02:00:00,15.14,44.4264,26.1406,5.69,44.4264,26.1406,7.26,44.4264,26.1406
2022-06-22 02:00:00,2022-06-22 03:00:00,13.39,44.4264,26.1406,5.43,44.4264,26.1406,9.97,44.4264,26.1406
2022-06-22 03:00:00,2022-06-22 04:00:00,14.93,44.4264,26.1406,7.12,44.4264,26.1406,8.39,44.4264,26.1406
2022-06-22 04:00:00,2022-06-22 05:00:00,13.45,44.4264,26.1406,5.34,44.4264,26.1406,17.0,44.4264,26.1406
2022-06-22 05:00:00,2022-06-22 06:00:00,18.7,44.4264,26.1406,8.98,44.4264,26.1406,24.68,44.4264,26.1406
2022-06-22 06:00:00,2022-06-22 07:00:00,19.44,44.4264,26.1406,7.87,44.4264,26.1406,21.3,44.4264,26.1406
2022-06-22 07:00:00,2022-06-22 08:00:00,21.18,44.4264,26.1406,9.2,44.4264,26.1406,15.67,44.4264,26.1406
2022-06-22 08:00:00,2022-06-22 09:00:00,18.36,44.4264,26.1406,5.17,44.4264,26.1406,20.18,44.4264,26.1406
2022-06-22 09:00:00,2022-06-22 10:00:00,22.69,44.4264,26.1406,7.89,44.4264,26.1406,13.53,44.4264,26.1406
2022-06-22 10:00:00,2022-06-22 11:00:00,22.17,44.4264,26.1406,8.69,44.4264,26.1406,5.77,44.4264,26.1406
2022-06-22 11:00:00,2022-06-22 12:00:00,20.26,44.4264,26.1406,7.54,44.4264,26.1406,4.23,44.4264,26.1406
2022-06-22 12:00:00,2022-06-22 13:00:00,21.15,44.4264,26.1406,10.2,44.4264,26.1406,4.1,44.4264,26.1406
2022-06-22 13:00:00,2022-06-22 14:00:00,15.45,44.4264,26.1406,5.8,44.4264,26.1406,3.84,44.4264,26.1406
2022-06-22 14:00:00,2022-06-22 15:00:00,17.89,44.4264,26.1406,9.08,44.4264,26.1406,3.95,44.4264,26.1406
2022-06-22 15:00:00,2022-06-22 16:00:00,16.81,44.4264,26.1406,8.32,44.4264,26.1406,4.48,44.4264,26.1406
2022-06-22 16:00:00,2022-06-22 17:00:00,13.97,44.4264,26.1406,5.05,44.4264,26.1406,4.69,44.4264,26.1406
2022-06-22 17:00:00,2022-06-22 18:00:00,15.64,44.4264,26.1406,7.54,44.4264,26.1406,,44.4264,26.1406
2022-06-22 18:00:00,2022-06-22 19:00:00,15.85,44.4264,26.1406,8.05,44.4264,26.1406,9.27,44.4264,26.1406
2022-06-22 19:00:00,2022-06-22 20:00:00,16.98,44.4264,26.1406,8.75,44.4264,26.1406,13.63,44.4264,26.1406
2022-06-22 20:00:00,2022-06-22 21:00:00,13.94,44.4264,26.1406,6.28,44.4264,26.1406,24.59,44.4264,26.1406
2022-06-22 21:00:00,2022-06-22 22:00:00,18.85,44.4264,26.1406,8.09,44.4264,26.1406,27.95,44.4264,26.1406
2022-06-22 22:00:00,2022-06-22 23:00:00,25.48,44.4264,26.1406,13.38,44.4264,26.1406,22.74,44.4264,26.1406
2022-06-22 23:00:00,2022-06-23 00:00:00,17.87,44.4264,26.1406,8.61,44.4264,26.1406,19.81,44.4264,26.1406
2022-06-23 00:00:00,2022-06-23 01:00:00,18.48,44.4264,26.1406,10.77,44.4264,26.1406,25.95,44.4264,26.1406
2022-06-23 01:00:00,2022-06-23 02:00:00,21.27,44.4264,26.1406,11.92,44.4264,26.1406,29.54,44.4264,26.1406
2022-06-23 02:00:00,2022-06-23 03:00:00,20.22,44.4264,26.1406,12.01,44.4264,26.1406,22.02,44.4264,26.1406
2022-06-23 03:00:00,2022-06-23 04:00:00,19.53,44.4264,26.1406,11.73,44.4264,26.1406,29.62,44.4264,26.1406
2022-06-23 04:00:00,2022-06-23 05:00:00,23.33,44.4264,26.1406,14.99,44.4264,26.1406,20.03,44.4264,26.1406
2022-06-23 05:00:00,2022-06-23 06:00:00,23.57,44.4264,26.1406,13.5,44.4264,26.1406,15.01,44.4264,26.1406
2022-06-23 06:00:00,2022-06-23 07:00:00,28.12,44.4264,26.1406,15.9,44.4264,26.1406,22.07,44.4264,26.1406
2022-06-23 07:00:00,2022-06-23 08:00:00,30.83,44.4264,26.1406,16.86,44.4264,26.1406,20.48,44.4264,26.1406
2022-06-23 08:00:00,2022-06-23 09:00:00,28.34,44.4264,26.1406,13.75,44.4264,26.1406,14.79,44.4264,26.1406
2022-06-23 09:00:00,2022-06-23 10:00:00,19.98,44.4264,26.1406,6.04,44.4264,26.1406,7.96,44.4264,26.1406
2022-06-23 10:00:00,2022-06-23 11:00:00,15.28,44.4264,26.1406,7.55,44.4264,26.1406,6.47,44.4264,26.1406
2022-06-23 11:00:00,2022-06-23 12:00:00,20.27,44.4264,26.1406,10.6,44.4264,26.1406,5.05,44.4264,26.1406
2022-06-23 12:00:00,2022-06-23 13:00:00,19.51,44.4264,26.1406,9.92,44.4264,26.1406,4.41,44.4264,26.1406
2022-06-23 13:00:00,2022-06-23 14:00:00,16.23,44.4264,26.1406,7.01,44.4264,26.1406,4.36,44.4264,26.1406
2022-06-23 14:00:00,2022-06-23 15:00:00,17.48,44.4264,26.1406,8.99,44.4264,26.1406,4.07,44.4264,26.1406
2022-06-23 15:00:00,2022-06-23 16:00:00,14.28,44.4264,26.1406,6.09,44.4264,26.1406,3.87,44.4264,26.1406
2022-06-23 16:00:00,2022-06-23 17:00:00,10.89,44.4264,26.1406,2.74,44.4264,26.1406,3.8,44.4264,26.1406
2022-06-23 17:00:00,2022-06-23 18:00:00,14.21,44.4264,26.1406,7.32,44.4264,26.1406,3.84,44.4264,26.1406
2022-06-23 18:00:00,2022-06-23 19:00:00,13.37,44.4264,26.1406,7.31,44.4264,26.1406,,44.4264,26.1406
2022-06-23 19:00:00,2022-06-23 20:00:00,15.43,44.4264,26.1406,8.15,44.4264,26.1406,10.55,44.4264,26.1406
2022-06-23 20:00:00,2022-06-23 21:00:00,22.66,44.4264,26.1406,12.26,44.4264,26.1406,26.28,44.4264,26.1406
2022-06-23 21:00:00,2022-06-23 22:00:00,31.14,44.4264,26.1406,13.57,44.4264,26.1406,45.68,44.4264,26.1406
2022-06-23 22:00:00,2022-06-23 23:00:00,32.76,44.4264,26.1406,14.43,44.4264,26.1406,32.94,44.4264,26.1406
2022-06-23 23:00:00,2022-06-24 00:00:00,25.74,44.4264,26.1406,10.89,44.4264,26.1406,22.82,44.4264,26.1406
2022-06-24 00:00:00,2022-06-24 01:00:00,20.56,44.4264,26.1406,8.81,44.4264,26.1406,25.31,44.4264,26.1406
2022-06-24 01:00:00,2022-06-24 02:00:00,23.34,44.4264,26.1406,9.81,44.4264,26.1406,23.71,44.4264,26.1406
2022-06-24 02:00:00,2022-06-24 03:00:00,17.69,44.4264,26.1406,5.88,44.4264,26.1406,22.64,44.4264,26.1406
2022-06-24 03:00:00,2022-06-24 04:00:00,17.23,44.4264,26.1406,6.6,44.4264,26.1406,25.98,44.4264,26.1406
2022-06-24 05:00:00,2022-06-24 06:00:00,5.18,44.4264,26.1406,0.76,44.4264,26.1406,31.1,44.4264,26.1406
2022-06-24 06:00:00,2022-06-24 07:00:00,18.99,44.4264,26.1406,7.64,44.4264,26.1406,16.61,44.4264,26.1406
2022-06-24 07:00:00,2022-06-24 08:00:00,19.2,44.4264,26.1406,9.02,44.4264,26.1406,11.63,44.4264,26.1406
2022-06-24 08:00:00,2022-06-24 09:00:00,18.02,44.4264,26.1406,8.02,44.4264,26.1406,9.76,44.4264,26.1406
2022-06-24 09:00:00,2022-06-24 10:00:00,16.67,44.4264,26.1406,6.83,44.4264,26.1406,6.26,44.4264,26.1406
2022-06-24 10:00:00,2022-06-24 11:00:00,16.67,44.4264,26.1406,7.24,44.4264,26.1406,4.49,44.4264,26.1406
2022-06-24 11:00:00,2022-06-24 12:00:00,14.78,44.4264,26.1406,6.87,44.4264,26.1406,3.82,44.4264,26.1406
2022-06-24 12:00:00,2022-06-24 13:00:00,11.55,44.4264,26.1406,5.3,44.4264,26.1406,4.1,44.4264,26.1406
2022-06-24 13:00:00,2022-06-24 14:00:00,12.58,44.4264,26.1406,6.7,44.4264,26.1406,4.0,44.4264,26.1406
2022-06-24 14:00:00,2022-06-24 15:00:00,14.29,44.4264,26.1406,7.79,44.4264,26.1406,4.0,44.4264,26.1406
2022-06-24 15:00:00,2022-06-24 16:00:00,12.64,44.4264,26.1406,5.54,44.4264,26.1406,3.69,44.4264,26.1406
2022-06-24 16:00:00,2022-06-24 17:00:00,13.41,44.4264,26.1406,7.35,44.4264,26.1406,3.43,44.4264,26.1406
2022-06-24 17:00:00,2022-06-24 18:00:00,13.25,44.4264,26.1406,7.55,44.4264,26.1406,3.51,44.4264,26.1406
2022-06-24 18:00:00,2022-06-24 19:00:00,12.26,44.4264,26.1406,6.57,44.4264,26.1406,3.98,44.4264,26.1406
2022-06-24 19:00:00,2022-06-24 20:00:00,12.62,44.4264,26.1406,7.17,44.4264,26.1406,,44.4264,26.1406
2022-06-24 20:00:00,2022-06-24 21:00:00,16.09,44.4264,26.1406,10.18,44.4264,26.1406,26.37,44.4264,26.1406
2022-06-24 21:00:00,2022-06-24 22:00:00,22.73,44.4264,26.1406,9.69,44.4264,26.1406,21.95,44.4264,26.1406
2022-06-24 22:00:00,2022-06-24 23:00:00,30.52,44.4264,26.1406,10.92,44.4264,26.1406,37.94,44.4264,26.1406
2022-06-24 23:00:00,2022-06-25 00:00:00,34.75,44.4264,26.1406,15.66,44.4264,26.1406,40.43,44.4264,26.1406
2022-06-25 00:00:00,2022-06-25 01:00:00,31.08,44.4264,26.1406,13.4,44.4264,26.1406,28.12,44.4264,26.1406
2022-06-25 01:00:00,2022-06-25 02:00:00,26.29,44.4264,26.1406,11.66,44.4264,26.1406,27.58,44.4264,26.1406
2022-06-25 02:00:00,2022-06-25 03:00:00,22.22,44.4264,26.1406,8.92,44.4264,26.1406,16.98,44.4264,26.1406
2022-06-25 03:00:00,2022-06-25 04:00:00,15.59,44.4264,26.1406,6.75,44.4264,26.1406,9.26,44.4264,26.1406
2022-06-25 04:00:00,2022-06-25 05:00:00,15.98,44.4264,26.1406,7.86,44.4264,26.1406,14.8,44.4264,26.1406
2022-06-25 05:00:00,2022-06-25 06:00:00,17.27,44.4264,26.1406,8.28,44.4264,26.1406,18.43,44.4264,26.1406
2022-06-25 06:00:00,2022-06-25 07:00:00,18.26,44.4264,26.1406,9.21,44.4264,26.1406,20.64,44.4264,26.1406
2022-06-25 07:00:00,2022-06-25 08:00:00,18.62,44.4264,26.1406,9.42,44.4264,26.1406,16.42,44.4264,26.1406
2022-06-25 08:00:00,2022-06-25 09:00:00,20.56,44.4264,26.1406,11.14,44.4264,26.1406,13.29,44.4264,26.1406
2022-06-25 09:00:00,2022-06-25 10:00:00,17.08,44.4264,26.1406,8.59,44.4264,26.1406,8.79,44.4264,26.1406
2022-06-25 10:00:00,2022-06-25 11:00:00,15.85,44.4264,26.1406,7.69,44.4264,26.1406,6.83,44.4264,26.1406
2022-06-25 11:00:00,2022-06-25 12:00:00,16.97,44.4264,26.1406,8.97,44.4264,26.1406,5.08,44.4264,26.1406
2022-06-25 12:00:00,2022-06-25 13:00:00,17.28,44.4264,26.1406,10.26,44.4264,26.1406,4.61,44.4264,26.1406
2022-06-25 13:00:00,2022-06-25 14:00:00,14.22,44.4264,26.1406,6.68,44.4264,26.1406,4.31,44.4264,26.1406
2022-06-25 14:00:00,2022-06-25 15:00:00,16.2,44.4264,26.1406,9.59,44.4264,26.1406,3.91,44.4264,26.1406
2022-06-25 15:00:00,2022-06-25 16:00:00,13.73,44.4264,26.1406,8.03,44.4264,26.1406,5.95,44.4264,26.1406
2022-06-25 16:00:00,2022-06-25 17:00:00,17.48,44.4264,26.1406,9.71,44.4264,26.1406,8.11,44.4264,26.1406
2022-06-25 17:00:00,2022-06-25 18:00:00,19.56,44.4264,26.1406,10.18,44.4264,26.1406,10.16,44.4264,26.1406
2022-06-25 18:00:00,2022-06-25 19:00:00,22.28,44.4264,26.1406,11.3,44.4264,26.1406,13.25,44.4264,26.1406
2022-06-25 19:00:00,2022-06-25 20:00:00,21.51,44.4264,26.1406,8.65,44.4264,26.1406,15.58,44.4264,26.1406
2022-06-25 20:00:00,2022-06-25 21:00:00,20.13,44.4264,26.1406,6.57,44.4264,26.1406,,44.4264,26.1406
2022-06-25 21:00:00,2022-06-25 22:00:00,23.6,44.4264,26.1406,8.77,44.4264,26.1406,26.23,44.4264,26.1406
2022-06-25 22:00:00,2022-06-25 23:00:00,29.84,44.4264,26.1406,12.63,44.4264,26.1406,38.02,44.4264,26.1406
2022-06-25 23:00:00,2022-06-26 00:00:00,27.33,44.4264,26.1406,10.03,44.4264,26.1406,17.98,44.4264,26.1406
2022-06-26 00:00:00,2022-06-26 01:00:00,26.55,44.4264,26.1406,10.4,44.4264,26.1406,22.43,44.4264,26.1406
2022-06-26 01:00:00,2022-06-26 02:00:00,27.84,44.4264,26.1406,14.33,44.4264,26.1406,18.65,44.4264,26.1406
2022-06-26 02:00:00,2022-06-26 03:00:00,28.1,44.4264,26.1406,14.58,44.4264,26.1406,14.22,44.4264,26.1406
2022-06-26 03:00:00,2022-06-26 04:00:00,22.94,44.4264,26.1406,12.12,44.4264,26.1406,11.3,44.4264,26.1406
2022-06-26 04:00:00,2022-06-26 05:00:00,21.37,44.4264,26.1406,10.38,44.4264,26.1406,11.51,44.4264,26.1406
2022-06-26 05:00:00,2022-06-26 06:00:00,20.91,44.4264,26.1406,10.1,44.4264,26.1406,18.04,44.4264,26.1406
2022-06-26 06:00:00,2022-06-26 07:00:00,23.68,44.4264,26.1406,13.38,44.4264,26.1406,16.92,44.4264,26.1406
2022-06-26 07:00:00,2022-06-26 08:00:00,22.05,44.4264,26.1406,12.97,44.4264,26.1406,12.09,44.4264,26.1406
2022-06-26 08:00:00,2022-06-26 09:00:00,20.41,44.4264,26.1406,11.04,44.4264,26.1406,9.79,44.4264,26.1406
2022-06-26 09:00:00,2022-06-26 10:00:00,20.41,44.4264,26.1406,10.04,44.4264,26.1406,10.21,44.4264,26.1406
2022-06-26 10:00:00,2022-06-26 11:00:00,22.42,44.4264,26.1406,11.51,44.4264,26.1406,9.57,44.4264,26.1406
2022-06-26 11:00:00,2022-06-26 12:00:00,22.01,44.4264,26.1406,11.2,44.4264,26.1406,5.63,44.4264,26.1406
2022-06-26 12:00:00,2022-06-26 13:00:00,22.1,44.4264,26.1406,12.97,44.4264,26.1406,5.47,44.4264,26.1406
2022-06-26 13:00:00,2022-06-26 14:00:00,19.39,44.4264,26.1406,10.61,44.4264,26.1406,5.16,44.4264,26.1406
2022-06-26 14:00:00,2022-06-26 15:00:00,19.24,44.4264,26.1406,11.63,44.4264,26.1406,5.45,44.4264,26.1406
2022-06-26 15:00:00,2022-06-26 16:00:00,14.04,44.4264,26.1406,8.83,44.4264,26.1406,5.7,44.4264,26.1406
2022-06-26 16:00:00,2022-06-26 17:00:00,8.23,44.4264,26.1406,5.64,44.4264,26.1406,5.72,44.4264,26.1406
2022-06-26 17:00:00,2022-06-26 18:00:00,8.52,44.4264,26.1406,5.21,44.4264,26.1406,7.17,44.4264,26.1406
2022-06-26 18:00:00,2022-06-26 19:00:00,10.95,44.4264,26.1406,8.06,44.4264,26.1406,5.21,44.4264,26.1406
2022-06-26 19:00:00,2022-06-26 20:00:00,12.41,44.4264,26.1406,10.52,44.4264,26.1406,5.28,44.4264,26.1406
2022-06-26 20:00:00,2022-06-26 21:00:00,11.04,44.4264,26.1406,7.32,44.4264,26.1406,8.42,44.4264,26.1406
2022-06-26 21:00:00,2022-06-26 22:00:00,14.25,44.4264,26.1406,11.26,44.4264,26.1406,,44.4264,26.1406
2022-06-26 22:00:00,2022-06-26 23:00:00,11.24,44.4264,26.1406,8.28,44.4264,26.1406,16.69,44.4264,26.1406
2022-06-26 23:00:00,2022-06-27 00:00:00,13.23,44.4264,26.1406,9.85,44.4264,26.1406,18.28,44.4264,26.1406
2022-06-27 00:00:00,2022-06-27 01:00:00,10.94,44.4264,26.1406,7.35,44.4264,26.1406,17.89,44.4264,26.1406
2022-06-27 01:00:00,2022-06-27 02:00:00,11.81,44.4264,26.1406,7.3,44.4264,26.1406,18.36,44.4264,26.1406
2022-06-27 02:00:00,2022-06-27 03:00:00,11.59,44.4264,26.1406,7.39,44.4264,26.1406,13.24,44.4264,26.1406
2022-06-27 03:00:00,2022-06-27 04:00:00,13.13,44.4264,26.1406,8.37,44.4264,26.1406,13.28,44.4264,26.1406
2022-06-27 04:00:00,2022-06-27 05:00:00,14.75,44.4264,26.1406,8.75,44.4264,26.1406,12.23,44.4264,26.1406
2022-06-27 05:00:00,2022-06-27 06:00:00,14.02,44.4264,26.1406,6.05,44.4264,26.1406,15.46,44.4264,26.1406
2022-06-27 06:00:00,2022-06-27 07:00:00,18.63,44.4264,26.1406,9.49,44.4264,26.1406,16.71,44.4264,26.1406
2022-06-27 07:00:00,2022-06-27 08:00:00,20.44,44.4264,26.1406,11.79,44.4264,26.1406,13.56,44.4264,26.1406
2022-06-27 08:00:00,2022-06-27 09:00:00,18.82,44.4264,26.1406,11.2,44.4264,26.1406,9.48,44.4264,26.1406
2022-06-27 09:00:00,2022-06-27 10:00:00,15.46,44.4264,26.1406,8.5,44.4264,26.1406,6.23,44.4264,26.1406
2022-06-27 10:00:00,2022-06-27 11:00:00,13.29,44.4264,26.1406,7.02,44.4264,26.1406,4.68,44.4264,26.1406
2022-06-27 11:00:00,2022-06-27 12:00:00,11.57,44.4264,26.1406,5.67,44.4264,26.1406,3.92,44.4264,26.1406
2022-06-27 12:00:00,2022-06-27 13:00:00,9.74,44.4264,26.1406,4.31,44.4264,26.1406,3.69,44.4264,26.1406
2022-06-27 13:00:00,2022-06-27 14:00:00,9.36,44.4264,26.1406,5.32,44.4264,26.1406,3.45,44.4264,26.1406
2022-06-27 14:00:00,2022-06-27 15:00:00,12.15,44.4264,26.1406,7.14,44.4264,26.1406,3.35,44.4264,26.1406
2022-06-27 15:00:00,2022-06-27 16:00:00,9.06,44.4264,26.1406,3.78,44.4264,26.1406,3.78,44.4264,26.1406
2022-06-27 16:00:00,2022-06-27 17:00:00,14.33,44.4264,26.1406,8.54,44.4264,26.1406,3.68,44.4264,26.1406
2022-06-27 17:00:00,2022-06-27 18:00:00,16.1,44.4264,26.1406,7.87,44.4264,26.1406,16.35,44.4264,26.1406
2022-06-27 18:00:00,2022-06-27 19:00:00,18.49,44.4264,26.1406,8.85,44.4264,26.1406,13.64,44.4264,26.1406
2022-06-27 19:00:00,2022-06-27 20:00:00,10.99,44.4264,26.1406,6.0,44.4264,26.1406,14.9,44.4264,26.1406
2022-06-27 20:00:00,2022-06-27 21:00:00,16.5,44.4264,26.1406,10.28,44.4264,26.1406,9.23,44.4264,26.1406
2022-06-27 21:00:00,2022-06-27 22:00:00,13.54,44.4264,26.1406,8.33,44.4264,26.1406,13.61,44.4264,26.1406
2022-06-27 22:00:00,2022-06-27 23:00:00,12.39,44.4264,26.1406,7.84,44.4264,26.1406,,44.4264,26.1406
2022-06-27 23:00:00,2022-06-28 00:00:00,14.15,44.4264,26.1406,9.2,44.4264,26.1406,13.15,44.4264,26.1406
2022-06-28 00:00:00,2022-06-28 01:00:00,16.76,44.4264,26.1406,11.73,44.4264,26.1406,10.04,44.4264,26.1406
2022-06-28 01:00:00,2022-06-28 02:00:00,12.95,44.4264,26.1406,8.38,44.4264,26.1406,7.31,44.4264,26.1406
2022-06-28 02:00:00,2022-06-28 03:00:00,11.44,44.4264,26.1406,7.09,44.4264,26.1406,8.56,44.4264,26.1406
2022-06-28 03:00:00,2022-06-28 04:00:00,12.25,44.4264,26.1406,8.02,44.4264,26.1406,8.54,44.4264,26.1406
2022-06-28 04:00:00,2022-06-28 05:00:00,16.81,44.4264,26.1406,11.26,44.4264,26.1406,10.96,44.4264,26.1406
2022-06-28 05:00:00,2022-06-28 06:00:00,17.29,44.4264,26.1406,11.1,44.4264,26.1406,14.45,44.4264,26.1406
2022-06-28 06:00:00,2022-06-28 07:00:00,19.07,44.4264,26.1406,11.87,44.4264,26.1406,19.91,44.4264,26.1406
2022-06-28 07:00:00,2022-06-28 08:00:00,22.49,44.4264,26.1406,12.71,44.4264,26.1406,22.91,44.4264,26.1406
2022-06-28 08:00:00,2022-06-28 09:00:00,28.52,44.4264,26.1406,12.88,44.4264,26.1406,19.97,44.4264,26.1406
2022-06-28 09:00:00,2022-06-28 10:00:00,24.97,44.4264,26.1406,12.45,44.4264,26.1406,15.19,44.4264,26.1406
2022-06-28 10:00:00,2022-06-28 11:00:00,26.48,44.4264,26.1406,13.71,44.4264,26.1406,29.67,44.4264,26.1406
2022-06-28 11:00:00,2022-06-28 12:00:00,26.92,44.4264,26.1406,12.99,44.4264,26.1406,22.45,44.4264,26.1406
2022-06-28 12:00:00,2022-06-28 13:00:00,24.07,44.4264,26.1406,13.6,44.4264,26.1406,32.33,44.4264,26.1406
2022-06-28 13:00:00,2022-06-28 14:00:00,26.28,44.4264,26.1406,15.94,44.4264,26.1406,19.3,44.4264,26.1406
2022-06-28 14:00:00,2022-06-28 15:00:00,22.68,44.4264,26.1406,14.83,44.4264,26.1406,11.88,44.4264,26.1406
2022-06-28 15:00:00,2022-06-28 16:00:00,15.7,44.4264,26.1406,8.99,44.4264,26.1406,6.15,44.4264,26.1406
2022-06-28 16:00:00,2022-06-28 17:00:00,14.24,44.4264,26.1406,8.96,44.4264,26.1406,3.9,44.4264,26.1406
2022-06-28 17:00:00,2022-06-28 18:00:00,13.11,44.4264,26.1406,7.67,44.4264,26.1406,3.9,44.4264,26.1406
2022-06-28 18:00:00,2022-06-28 19:00:00,12.5,44.4264,26.1406,7.81,44.4264,26.1406,4.83,44.4264,26.1406
2022-06-28 19:00:00,2022-06-28 20:00:00,12.97,44.4264,26.1406,7.1,44.4264,26.1406,6.25,44.4264,26.1406
2022-06-28 20:00:00,2022-06-28 21:00:00,18.92,44.4264,26.1406,12.17,44.4264,26.1406,10.5,44.4264,26.1406
2022-06-28 21:00:00,2022-06-28 22:00:00,18.3,44.4264,26.1406,9.6,44.4264,26.1406,9.71,44.4264,26.1406
2022-06-28 22:00:00,2022-06-28 23:00:00,22.57,44.4264,26.1406,12.57,44.4264,26.1406,8.96,44.4264,26.1406
2022-06-28 23:00:00,2022-06-29 00:00:00,22.44,44.4264,26.1406,13.17,44.4264,26.1406,,44.4264,26.1406
2022-06-29 00:00:00,2022-06-29 01:00:00,18.71,44.4264,26.1406,13.69,44.4264,26.1406,9.53,44.4264,26.1406
2022-06-29 01:00:00,2022-06-29 02:00:00,16.28,44.4264,26.1406,11.81,44.4264,26.1406,9.32,44.4264,26.1406
2022-06-29 02:00:00,2022-06-29 03:00:00,16.96,44.4264,26.1406,11.25,44.4264,26.1406,14.48,44.4264,26.1406
2022-06-29 03:00:00,2022-06-29 04:00:00,19.58,44.4264,26.1406,12.8,44.4264,26.1406,16.72,44.4264,26.1406
2022-06-29 04:00:00,2022-06-29 05:00:00,21.09,44.4264,26.1406,13.24,44.4264,26.1406,14.99,44.4264,26.1406
2022-06-29 05:00:00,2022-06-29 06:00:00,22.08,44.4264,26.1406,14.01,44.4264,26.1406,17.58,44.4264,26.1406
2022-06-29 06:00:00,2022-06-29 07:00:00,23.73,44.4264,26.1406,14.77,44.4264,26.1406,22.2,44.4264,26.1406
2022-06-29 07:00:00,2022-06-29 08:00:00,25.65,44.4264,26.1406,15.1,44.4264,26.1406,23.77,44.4264,26.1406
2022-06-29 08:00:00,2022-06-29 09:00:00,26.96,44.4264,26.1406,13.42,44.4264,26.1406,21.64,44.4264,26.1406
2022-06-29 09:00:00,2022-06-29 10:00:00,27.91,44.4264,26.1406,14.47,44.4264,26.1406,14.68,44.4264,26.1406
2022-06-29 10:00:00,2022-06-29 11:00:00,24.46,44.4264,26.1406,11.13,44.4264,26.1406,8.74,44.4264,26.1406
2022-06-29 11:00:00,2022-06-29 12:00:00,24.38,44.4264,26.1406,11.9,44.4264,26.1406,6.6,44.4264,26.1406
2022-06-29 12:00:00,2022-06-29 13:00:00,20.42,44.4264,26.1406,8.38,44.4264,26.1406,4.9,44.4264,26.1406
2022-06-29 13:00:00,2022-06-29 14:00:00,22.4,44.4264,26.1406,10.23,44.4264,26.1406,6.07,44.4264,26.1406
2022-06-29 14:00:00,2022-06-29 15:00:00,20.63,44.4264,26.1406,9.34,44.4264,26.1406,6.11,44.4264,26.1406
2022-06-29 15:00:00,2022-06-29 16:00:00,19.02,44.4264,26.1406,8.95,44.4264,26.1406,5.11,44.4264,26.1406
2022-06-29 16:00:00,2022-06-29 17:00:00,22.45,44.4264,26.1406,13.02,44.4264,26.1406,6.33,44.4264,26.1406
2022-06-29 17:00:00,2022-06-29 18:00:00,34.96,44.4264,26.1406,13.66,44.4264,26.1406,13.17,44.4264,26.1406
2022-06-29 18:00:00,2022-06-29 19:00:00,23.98,44.4264,26.1406,11.6,44.4264,26.1406,14.4,44.4264,26.1406
2022-06-29 19:00:00,2022-06-29 20:00:00,22.3,44.4264,26.1406,12.77,44.4264,26.1406,31.83,44.4264,26.1406
2022-06-29 20:00:00,2022-06-29 21:00:00,20.71,44.4264,26.1406,10.93,44.4264,26.1406,42.26,44.4264,26.1406
2022-06-29 21:00:00,2022-06-29 22:00:00,29.58,44.4264,26.1406,15.14,44.4264,26.1406,54.17,44.4264,26.1406
2022-06-29 22:00:00,2022-06-29 23:00:00,36.76,44.4264,26.1406,20.02,44.4264,26.1406,63.12,44.4264,26.1406
2022-06-29 23:00:00,2022-06-30 00:00:00,33.65,44.4264,26.1406,18.74,44.4264,26.1406,58.85,44.4264,26.1406
2022-06-30 00:00:00,2022-06-30 01:00:00,34.78,44.4264,26.1406,21.13,44.4264,26.1406,,44.4264,26.1406
2022-06-30 01:00:00,2022-06-30 02:00:00,32.88,44.4264,26.1406,20.23,44.4264,26.1406,44.6,44.4264,26.1406
2022-06-30 02:00:00,2022-06-30 03:00:00,32.26,44.4264,26.1406,19.98,44.4264,26.1406,38.87,44.4264,26.1406
2022-06-30 03:00:00,2022-06-30 04:00:00,32.79,44.4264,26.1406,23.17,44.4264,26.1406,30.8,44.4264,26.1406
2022-06-30 04:00:00,2022-06-30 05:00:00,29.84,44.4264,26.1406,21.2,44.4264,26.1406,31.27,44.4264,26.1406
2022-06-30 05:00:00,2022-06-30 06:00:00,31.03,44.4264,26.1406,20.99,44.4264,26.1406,27.63,44.4264,26.1406
2022-06-30 06:00:00,2022-06-30 07:00:00,30.54,44.4264,26.1406,20.02,44.4264,26.1406,29.74,44.4264,26.1406
2022-06-30 07:00:00,2022-06-30 08:00:00,30.94,44.4264,26.1406,19.42,44.4264,26.1406,35.19,44.4264,26.1406
2022-06-30 08:00:00,2022-06-30 09:00:00,32.8,44.4264,26.1406,19.73,44.4264,26.1406,30.3,44.4264,26.1406
2022-06-30 09:00:00,2022-06-30 10:00:00,30.17,44.4264,26.1406,16.9,44.4264,26.1406,23.27,44.4264,26.1406
2022-06-30 10:00:00,2022-06-30 11:00:00,30.08,44.4264,26.1406,14.82,44.4264,26.1406,20.5,44.4264,26.1406
2022-06-30 11:00:00,2022-06-30 12:00:00,28.29,44.4264,26.1406,11.7,44.4264,26.1406,16.15,44.4264,26.1406
2022-06-30 12:00:00,2022-06-30 13:00:00,25.02,44.4264,26.1406,12.36,44.4264,26.1406,14.25,44.4264,26.1406
2022-06-30 13:00:00,2022-06-30 14:00:00,26.66,44.4264,26.1406,15.13,44.4264,26.1406,16.33,44.4264,26.1406
2022-06-30 14:00:00,2022-06-30 15:00:00,19.84,44.4264,26.1406,10.7,44.4264,26.1406,12.97,44.4264,26.1406
2022-06-30 15:00:00,2022-06-30 16:00:00,21.51,44.4264,26.1406,10.7,44.4264,26.1406,7.25,44.4264,26.1406
2022-06-30 16:00:00,2022-06-30 17:00:00,23.44,44.4264,26.1406,11.34,44.4264,26.1406,13.55,44.4264,26.1406
2022-06-30 17:00:00,2022-06-30 18:00:00,21.96,44.4264,26.1406,9.48,44.4264,26.1406,12.07,44.4264,26.1406
2022-06-30 18:00:00,2022-06-30 19:00:00,18.47,44.4264,26.1406,7.66,44.4264,26.1406,13.7,44.4264,26.1406
2022-06-30 19:00:00,2022-06-30 20:00:00,26.74,44.4264,26.1406,10.1,44.4264,26.1406,14.89,44.4264,26.1406
2022-06-30 20:00:00,2022-06-30 21:00:00,88.74,44.4264,26.1406,17.4,44.4264,26.1406,9.8,44.4264,26.1406
2022-06-30 21:00:00,2022-06-30 22:00:00,62.78,44.4264,26.1406,15.19,44.4264,26.1406,14.46,44.4264,26.1406
2022-06-30 22:00:00,2022-06-30 23:00:00,38.14,44.4264,26.1406,10.96,44.4264,26.1406,14.06,44.4264,26.1406
2022-06-30 23:00:00,2022-07-01 00:00:00,32.73,44.4264,26.1406,9.26,44.4264,26.1406,10.85,44.4264,26.1406
2022-07-01 00:00:00,2022-07-01 01:00:00,26.45,44.4264,26.1406,7.17,44.4264,26.1406,10.42,44.4264,26.1406
2022-07-01 01:00:00,2022-07-01 02:00:00,24.65,44.4264,26.1406,10.47,44.4264,26.1406,,44.4264,26.1406
2022-07-01 02:00:00,2022-07-01 03:00:00,22.45,44.4264,26.1406,12.03,44.4264,26.1406,8.57,44.4264,26.1406
2022-07-01 03:00:00,2022-07-01 04:00:00,21.56,44.4264,26.1406,11.59,44.4264,26.1406,8.42,44.4264,26.1406
2022-07-01 04:00:00,2022-07-01 05:00:00,20.38,44.4264,26.1406,10.17,44.4264,26.1406,11.89,44.4264,26.1406
2022-07-01 05:00:00,2022-07-01 06:00:00,23.2,44.4264,26.1406,11.98,44.4264,26.1406,16.1,44.4264,26.1406
2022-07-01 06:00:00,2022-07-01 07:00:00,25.82,44.4264,26.1406,14.86,44.4264,26.1406,18.38,44.4264,26.1406
2022-07-01 07:00:00,2022-07-01 08:00:00,24.76,44.4264,26.1406,12.55,44.4264,26.1406,16.32,44.4264,26.1406
2022-07-01 08:00:00,2022-07-01 09:00:00,25.31,44.4264,26.1406,12.25,44.4264,26.1406,13.46,44.4264,26.1406
2022-07-01 09:00:00,2022-07-01 10:00:00,23.32,44.4264,26.1406,10.72,44.4264,26.1406,11.44,44.4264,26.1406
2022-07-01 10:00:00,2022-07-01 11:00:00,30.0,44.4264,26.1406,12.69,44.4264,26.1406,13.93,44.4264,26.1406
2022-07-01 11:00:00,2022-07-01 12:00:00,25.77,44.4264,26.1406,10.74,44.4264,26.1406,12.11,44.4264,26.1406
2022-07-01 12:00:00,2022-07-01 13:00:00,26.26,44.4264,26.1406,11.7,44.4264,26.1406,12.2,44.4264,26.1406
2022-07-01 13:00:00,2022-07-01 14:00:00,24.42,44.4264,26.1406,9.82,44.4264,26.1406,12.23,44.4264,26.1406
2022-07-01 14:00:00,2022-07-01 15:00:00,24.09,44.4264,26.1406,9.36,44.4264,26.1406,10.26,44.4264,26.1406
2022-07-01 15:00:00,2022-07-01 16:00:00,29.59,44.4264,26.1406,14.65,44.4264,26.1406,12.93,44.4264,26.1406
2022-07-01 16:00:00,2022-07-01 17:00:00,28.73,44.4264,26.1406,13.25,44.4264,26.1406,5.99,44.4264,26.1406
2022-07-01 17:00:00,2022-07-01 18:00:00,28.82,44.4264,26.1406,14.29,44.4264,26.1406,7.0,44.4264,26.1406
2022-07-01 18:00:00,2022-07-01 19:00:00,25.02,44.4264,26.1406,11.28,44.4264,26.1406,8.79,44.4264,26.1406
2022-07-01 19:00:00,2022-07-01 20:00:00,26.79,44.4264,26.1406,12.32,44.4264,26.1406,16.37,44.4264,26.1406
2022-07-01 20:00:00,2022-07-01 21:00:00,29.78,44.4264,26.1406,14.26,44.4264,26.1406,19.91,44.4264,26.1406
2022-07-01 21:00:00,2022-07-01 22:00:00,23.87,44.4264,26.1406,10.46,44.4264,26.1406,22.68,44.4264,26.1406
2022-07-01 22:00:00,2022-07-01 23:00:00,29.58,44.4264,26.1406,15.51,44.4264,26.1406,31.71,44.4264,26.1406
2022-07-01 23:00:00,2022-07-02 00:00:00,32.89,44.4264,26.1406,16.32,44.4264,26.1406,14.02,44.4264,26.1406
2022-07-02 00:00:00,2022-07-02 01:00:00,30.4,44.4264,26.1406,16.43,44.4264,26.1406,10.93,44.4264,26.1406
2022-07-02 01:00:00,2022-07-02 02:00:00,25.73,44.4264,26.1406,11.38,44.4264,26.1406,12.26,44.4264,26.1406
2022-07-02 02:00:00,2022-07-02 03:00:00,22.7,44.4264,26.1406,11.38,44.4264,26.1406,,44.4264,26.1406
2022-07-02 03:00:00,2022-07-02 04:00:00,21.66,44.4264,26.1406,12.28,44.4264,26.1406,13.82,44.4264,26.1406
2022-07-02 04:00:00,2022-07-02 05:00:00,20.83,44.4264,26.1406,12.03,44.4264,26.1406,18.25,44.4264,26.1406
2022-07-02 05:00:00,2022-07-02 06:00:00,22.39,44.4264,26.1406,13.93,44.4264,26.1406,17.41,44.4264,26.1406
2022-07-02 06:00:00,2022-07-02 07:00:00,20.2,44.4264,26.1406,10.53,44.4264,26.1406,14.65,44.4264,26.1406
2022-07-02 07:00:00,2022-07-02 08:00:00,22.25,44.4264,26.1406,12.57,44.4264,26.1406,16.2,44.4264,26.1406
2022-07-02 08:00:00,2022-07-02 09:00:00,22.19,44.4264,26.1406,12.36,44.4264,26.1406,16.29,44.4264,26.1406
2022-07-02 09:00:00,2022-07-02 10:00:00,22.4,44.4264,26.1406,12.02,44.4264,26.1406,15.69,44.4264,26.1406
2022-07-02 10:00:00,2022-07-02 11:00:00,21.94,44.4264,26.1406,12.5,44.4264,26.1406,12.3,44.4264,26.1406
2022-07-02 11:00:00,2022-07-02 12:00:00,22.02,44.4264,26.1406,11.44,44.4264,26.1406,8.74,44.4264,26.1406
2022-07-02 12:00:00,2022-07-02 13:00:00,23.26,44.4264,26.1406,12.73,44.4264,26.1406,6.4,44.4264,26.1406
2022-07-02 13:00:00,2022-07-02 14:00:00,23.8,44.4264,26.1406,13.15,44.4264,26.1406,5.98,44.4264,26.1406
2022-07-02 14:00:00,2022-07-02 15:00:00,26.68,44.4264,26.1406,14.6,44.4264,26.1406,7.97,44.4264,26.1406
2022-07-02 15:00:00,2022-07-02 16:00:00,26.4,44.4264,26.1406,14.24,44.4264,26.1406,7.47,44.4264,26.1406
2022-07-02 16:00:00,2022-07-02 17:00:00,23.53,44.4264,26.1406,10.26,44.4264,26.1406,8.41,44.4264,26.1406
2022-07-02 17:00:00,2022-07-02 18:00:00,25.51,44.4264,26.1406,12.01,44.4264,26.1406,12.69,44.4264,26.1406
2022-07-02 18:00:00,2022-07-02 19:00:00,27.32,44.4264,26.1406,11.11,44.4264,26.1406,18.38,44.4264,26.1406
2022-07-02 19:00:00,2022-07-02 20:00:00,31.09,44.4264,26.1406,11.91,44.4264,26.1406,18.75,44.4264,26.1406
2022-07-02 20:00:00,2022-07-02 21:00:00,30.25,44.4264,26.1406,12.84,44.4264,26.1406,11.91,44.4264,26.1406
2022-07-02 21:00:00,2022-07-02 22:00:00,25.1,44.4264,26.1406,11.71,44.4264,26.1406,4.88,44.4264,26.1406
2022-07-02 22:00:00,2022-07-02 23:00:00,18.73,44.4264,26.1406,12.01,44.4264,26.1406,14.14,44.4264,26.1406
2022-07-02 23:00:00,2022-07-03 00:00:00,22.51,44.4264,26.1406,14.28,44.4264,26.1406,12.2,44.4264,26.1406
2022-07-03 00:00:00,2022-07-03 01:00:00,22.9,44.4264,26.1406,12.88,44.4264,26.1406,12.04,44.4264,26.1406
2022-07-03 01:00:00,2022-07-03 02:00:00,21.28,44.4264,26.1406,12.67,44.4264,26.1406,9.58,44.4264,26.1406
2022-07-03 02:00:00,2022-07-03 03:00:00,22.85,44.4264,26.1406,16.44,44.4264,26.1406,8.68,44.4264,26.1406
2022-07-03 03:00:00,2022-07-03 04:00:00,19.41,44.4264,26.1406,13.37,44.4264,26.1406,,44.4264,26.1406
2022-07-03 04:00:00,2022-07-03 05:00:00,21.47,44.4264,26.1406,14.24,44.4264,26.1406,17.98,44.4264,26.1406
2022-07-03 05:00:00,2022-07-03 06:00:00,23.98,44.4264,26.1406,14.65,44.4264,26.1406,28.6,44.4264,26.1406
2022-07-03 06:00:00,2022-07-03 07:00:00,23.81,44.4264,26.1406,14.07,44.4264,26.1406,14.69,44.4264,26.1406
2022-07-03 07:00:00,2022-07-03 08:00:00,20.01,44.4264,26.1406,11.69,44.4264,26.1406,13.14,44.4264,26.1406
2022-07-03 08:00:00,2022-07-03 09:00:00,20.35,44.4264,26.1406,12.14,44.4264,26.1406,13.78,44.4264,26.1406
2022-07-03 09:00:00,2022-07-03 10:00:00,22.42,44.4264,26.1406,13.63,44.4264,26.1406,13.64,44.4264,26.1406
2022-07-03 10:00:00,2022-07-03 11:00:00,25.85,44.4264,26.1406,12.78,44.4264,26.1406,10.62,44.4264,26.1406
2022-07-03 11:00:00,2022-07-03 12:00:00,27.2,44.4264,26.1406,10.66,44.4264,26.1406,15.3,44.4264,26.1406
2022-07-03 12:00:00,2022-07-03 13:00:00,30.96,44.4264,26.1406,11.45,44.4264,26.1406,9.12,44.4264,26.1406
2022-07-03 13:00:00,2022-07-03 14:00:00,23.01,44.4264,26.1406,11.34,44.4264,26.1406,9.3,44.4264,26.1406
2022-07-03 14:00:00,2022-07-03 15:00:00,22.57,44.4264,26.1406,15.12,44.4264,26.1406,8.83,44.4264,26.1406
2022-07-03 15:00:00,2022-07-03 16:00:00,19.04,44.4264,26.1406,12.48,44.4264,26.1406,8.56,44.4264,26.1406
2022-07-03 16:00:00,2022-07-03 17:00:00,20.58,44.4264,26.1406,12.57,44.4264,26.1406,7.16,44.4264,26.1406
2022-07-03 17:00:00,2022-07-03 18:00:00,21.38,44.4264,26.1406,12.47,44.4264,26.1406,9.16,44.4264,26.1406
2022-07-03 18:00:00,2022-07-03 19:00:00,20.23,44.4264,26.1406,11.39,44.4264,26.1406,8.72,44.4264,26.1406
2022-07-03 19:00:00,2022-07-03 20:00:00,22.19,44.4264,26.1406,12.75,44.4264,26.1406,14.3,44.4264,26.1406
2022-07-03 20:00:00,2022-07-03 21:00:00,25.4,44.4264,26.1406,13.68,44.4264,26.1406,28.06,44.4264,26.1406
2022-07-03 21:00:00,2022-07-03 22:00:00,26.87,44.4264,26.1406,12.85,44.4264,26.1406,28.88,44.4264,26.1406
2022-07-03 22:00:00,2022-07-03 23:00:00,26.46,44.4264,26.1406,11.85,44.4264,26.1406,10.68,44.4264,26.1406
2022-07-03 23:00:00,2022-07-04 00:00:00,18.99,44.4264,26.1406,8.43,44.4264,26.1406,8.28,44.4264,26.1406
2022-07-04 00:00:00,2022-07-04 01:00:00,15.96,44.4264,26.1406,7.86,44.4264,26.1406,6.51,44.4264,26.1406
2022-07-04 01:00:00,2022-07-04 02:00:00,15.76,44.4264,26.1406,8.8,44.4264,26.1406,5.9,44.4264,26.1406
2022-07-04 02:00:00,2022-07-04 03:00:00,15.94,44.4264,26.1406,9.28,44.4264,26.1406,7.28,44.4264,26.1406
2022-07-04 03:00:00,2022-07-04 04:00:00,14.79,44.4264,26.1406,7.9,44.4264,26.1406,9.07,44.4264,26.1406
2022-07-04 04:00:00,2022-07-04 05:00:00,14.1,44.4264,26.1406,6.74,44.4264,26.1406,,44.4264,26.1406
2022-07-04 05:00:00,2022-07-04 06:00:00,19.87,44.4264,26.1406,11.29,44.4264,26.1406,36.32,44.4264,26.1406
2022-07-04 06:00:00,2022-07-04 07:00:00,26.85,44.4264,26.1406,13.9,44.4264,26.1406,49.88,44.4264,26.1406
2022-07-04 07:00:00,2022-07-04 08:00:00,27.1,44.4264,26.1406,12.33,44.4264,26.1406,39.21,44.4264,26.1406
2022-07-04 08:00:00,2022-07-04 09:00:00,23.76,44.4264,26.1406,10.05,44.4264,26.1406,23.8,44.4264,26.1406
2022-07-04 09:00:00,2022-07-04 10:00:00,22.89,44.4264,26.1406,7.61,44.4264,26.1406,18.34,44.4264,26.1406
2022-07-04 10:00:00,2022-07-04 11:00:00,33.43,44.4264,26.1406,12.38,44.4264,26.1406,12.51,44.4264,26.1406
2022-07-04 11:00:00,2022-07-04 12:00:00,29.4,44.4264,26.1406,10.22,44.4264,26.1406,11.25,44.4264,26.1406
2022-07-04 12:00:00,2022-07-04 13:00:00,27.74,44.4264,26.1406,11.17,44.4264,26.1406,10.34,44.4264,26.1406
2022-07-04 13:00:00,2022-07-04 14:00:00,28.22,44.4264,26.1406,12.02,44.4264,26.1406,6.62,44.4264,26.1406
2022-07-04 15:00:00,2022-07-04 16:00:00,24.45,44.4264,26.1406,8.18,44.4264,26.1406,8.96,44.4264,26.1406
2022-07-04 16:00:00,2022-07-04 17:00:00,28.49,44.4264,26.1406,11.7,44.4264,26.1406,8.42,44.4264,26.1406
2022-07-04 17:00:00,2022-07-04 18:00:00,32.57,44.4264,26.1406,13.33,44.4264,26.1406,5.85,44.4264,26.1406
2022-07-04 18:00:00,2022-07-04 19:00:00,25.05,44.4264,26.1406,12.05,44.4264,26.1406,7.53,44.4264,26.1406
2022-07-04 19:00:00,2022-07-04 20:00:00,19.24,44.4264,26.1406,11.76,44.4264,26.1406,16.18,44.4264,26.1406
2022-07-04 20:00:00,2022-07-04 21:00:00,22.25,44.4264,26.1406,12.98,44.4264,26.1406,17.21,44.4264,26.1406
2022-07-04 21:00:00,2022-07-04 22:00:00,28.9,44.4264,26.1406,15.0,44.4264,26.1406,14.46,44.4264,26.1406
2022-07-04 22:00:00,2022-07-04 23:00:00,36.63,44.4264,26.1406,22.22,44.4264,26.1406,30.97,44.4264,26.1406
2022-07-04 23:00:00,2022-07-05 00:00:00,33.05,44.4264,26.1406,18.68,44.4264,26.1406,23.88,44.4264,26.1406
2022-07-05 00:00:00,2022-07-05 01:00:00,31.85,44.4264,26.1406,16.56,44.4264,26.1406,17.42,44.4264,26.1406
2022-07-05 01:00:00,2022-07-05 02:00:00,23.85,44.4264,26.1406,11.1,44.4264,26.1406,13.81,44.4264,26.1406
2022-07-05 02:00:00,2022-07-05 03:00:00,21.55,44.4264,26.1406,10.9,44.4264,26.1406,17.18,44.4264,26.1406
2022-07-05 03:00:00,2022-07-05 04:00:00,20.76,44.4264,26.1406,11.83,44.4264,26.1406,18.71,44.4264,26.1406
2022-07-05 04:00:00,2022-07-05 05:00:00,20.77,44.4264,26.1406,10.43,44.4264,26.1406,21.53,44.4264,26.1406
2022-07-05 05:00:00,2022-07-05 06:00:00,30.18,44.4264,26.1406,18.71,44.4264,26.1406,,44.4264,26.1406
2022-07-05 06:00:00,2022-07-05 07:00:00,34.29,44.4264,26.1406,21.23,44.4264,26.1406,34.65,44.4264,26.1406
2022-07-05 07:00:00,2022-07-05 08:00:00,39.47,44.4264,26.1406,21.01,44.4264,26.1406,49.2,44.4264,26.1406
2022-07-05 08:00:00,2022-07-05 09:00:00,41.31,44.4264,26.1406,16.47,44.4264,26.1406,39.07,44.4264,26.1406
2022-07-05 09:00:00,2022-07-05 10:00:00,43.21,44.4264,26.1406,13.02,44.4264,26.1406,34.35,44.4264,26.1406
2022-07-05 10:00:00,2022-07-05 11:00:00,45.77,44.4264,26.1406,16.03,44.4264,26.1406,19.5,44.4264,26.1406
2022-07-05 11:00:00,2022-07-05 12:00:00,41.26,44.4264,26.1406,15.95,44.4264,26.1406,12.67,44.4264,26.1406
2022-07-05 12:00:00,2022-07-05 13:00:00,35.48,44.4264,26.1406,15.62,44.4264,26.1406,6.67,44.4264,26.1406
2022-07-05 13:00:00,2022-07-05 14:00:00,30.31,44.4264,26.1406,12.59,44.4264,26.1406,7.0,44.4264,26.1406
2022-07-05 14:00:00,2022-07-05 15:00:00,30.83,44.4264,26.1406,14.14,44.4264,26.1406,7.57,44.4264,26.1406
2022-07-05 15:00:00,2022-07-05 16:00:00,31.79,44.4264,26.1406,13.63,44.4264,26.1406,12.31,44.4264,26.1406
2022-07-05 16:00:00,2022-07-05 17:00:00,31.61,44.4264,26.1406,13.09,44.4264,26.1406,15.39,44.4264,26.1406
2022-07-05 17:00:00,2022-07-05 18:00:00,34.65,44.4264,26.1406,14.12,44.4264,26.1406,25.06,44.4264,26.1406
2022-07-05 18:00:00,2022-07-05 19:00:00,34.29,44.4264,26.1406,13.34,44.4264,26.1406,18.01,44.4264,26.1406
2022-07-05 19:00:00,2022-07-05 20:00:00,31.74,44.4264,26.1406,9.38,44.4264,26.1406,12.07,44.4264,26.1406
2022-07-05 20:00:00,2022-07-05 21:00:00,32.86,44.4264,26.1406,12.0,44.4264,26.1406,8.46,44.4264,26.1406
2022-07-05 21:00:00,2022-07-05 22:00:00,25.27,44.4264,26.1406,11.96,44.4264,26.1406,32.89,44.4264,26.1406
2022-07-05 22:00:00,2022-07-05 23:00:00,28.8,44.4264,26.1406,12.95,44.4264,26.1406,11.83,44.4264,26.1406
2022-07-05 23:00:00,2022-07-06 00:00:00,29.24,44.4264,26.1406,12.46,44.4264,26.1406,9.41,44.4264,26.1406
2022-07-06 00:00:00,2022-07-06 01:00:00,26.83,44.4264,26.1406,11.68,44.4264,26.1406,7.8,44.4264,26.1406
2022-07-06 01:00:00,2022-07-06 02:00:00,23.23,44.4264,26.1406,11.73,44.4264,26.1406,6.11,44.4264,26.1406
2022-07-06 02:00:00,2022-07-06 03:00:00,22.29,44.4264,26.1406,12.22,44.4264,26.1406,6.13,44.4264,26.1406
2022-07-06 03:00:00,2022-07-06 04:00:00,20.57,44.4264,26.1406,9.14,44.4264,26.1406,9.17,44.4264,26.1406
2022-07-06 04:00:00,2022-07-06 05:00:00,21.12,44.4264,26.1406,10.41,44.4264,26.1406,11.28,44.4264,26.1406
2022-07-06 05:00:00,2022-07-06 06:00:00,23.95,44.4264,26.1406,12.18,44.4264,26.1406,28.02,44.4264,26.1406
2022-07-06 06:00:00,2022-07-06 07:00:00,31.11,44.4264,26.1406,15.44,44.4264,26.1406,,44.4264,26.1406
2022-07-06 07:00:00,2022-07-06 08:00:00,41.97,44.4264,26.1406,16.71,44.4264,26.1406,26.26,44.4264,26.1406
2022-07-06 08:00:00,2022-07-06 09:00:00,41.25,44.4264,26.1406,16.04,44.4264,26.1406,24.78,44.4264,26.1406
2022-07-06 09:00:00,2022-07-06 10:00:00,46.9,44.4264,26.1406,18.51,44.4264,26.1406,15.2,44.4264,26.1406
2022-07-06 10:00:00,2022-07-06 11:00:00,36.94,44.4264,26.1406,16.24,44.4264,26.1406,7.12,44.4264,26.1406
2022-07-06 11:00:00,2022-07-06 12:00:00,31.7,44.4264,26.1406,15.88,44.4264,26.1406,6.32,44.4264,26.1406
2022-07-06 12:00:00,2022-07-06 13:00:00,28.76,44.4264,26.1406,15.14,44.4264,26.1406,5.49,44.4264,26.1406
2022-07-06 13:00:00,2022-07-06 14:00:00,29.62,44.4264,26.1406,16.47,44.4264,26.1406,5.04,44.4264,26.1406
2022-07-06 14:00:00,2022-07-06 15:00:00,28.06,44.4264,26.1406,12.93,44.4264,26.1406,5.27,44.4264,26.1406
2022-07-06 15:00:00,2022-07-06 16:00:00,20.2,44.4264,26.1406,9.17,44.4264,26.1406,5.27,44.4264,26.1406
2022-07-06 16:00:00,2022-07-06 17:00:00,21.03,44.4264,26.1406,10.42,44.4264,26.1406,4.82,44.4264,26.1406
2022-07-06 17:00:00,2022-07-06 18:00:00,14.02,44.4264,26.1406,6.76,44.4264,26.1406,5.97,44.4264,26.1406
2022-07-06 18:00:00,2022-07-06 19:00:00,18.93,44.4264,26.1406,10.46,44.4264,26.1406,6.49,44.4264,26.1406
2022-07-06 19:00:00,2022-07-06 20:00:00,22.41,44.4264,26.1406,13.72,44.4264,26.1406,7.69,44.4264,26.1406
2022-07-06 20:00:00,2022-07-06 21:00:00,25.9,44.4264,26.1406,18.17,44.4264,26.1406,9.86,44.4264,26.1406
2022-07-06 21:00:00,2022-07-06 22:00:00,24.22,44.4264,26.1406,16.09,44.4264,26.1406,10.9,44.4264,26.1406
2022-07-06 22:00:00,2022-07-06 23:00:00,22.99,44.4264,26.1406,16.03,44.4264,26.1406,8.88,44.4264,26.1406
2022-07-06 23:00:00,2022-07-07 00:00:00,23.32,44.4264,26.1406,15.76,44.4264,26.1406,8.87,44.4264,26.1406
2022-07-07 00:00:00,2022-07-07 01:00:00,25.1,44.4264,26.1406,17.79,44.4264,26.1406,8.57,44.4264,26.1406
2022-07-07 01:00:00,2022-07-07 02:00:00,20.62,44.4264,26.1406,13.61,44.4264,26.1406,9.79,44.4264,26.1406
2022-07-07 02:00:00,2022-07-07 03:00:00,21.92,44.4264,26.1406,12.2,44.4264,26.1406,6.15,44.4264,26.1406
2022-07-07 03:00:00,2022-07-07 04:00:00,15.49,44.4264,26.1406,6.84,44.4264,26.1406,5.42,44.4264,26.1406
2022-07-07 04:00:00,2022-07-07 05:00:00,12.01,44.4264,26.1406,5.97,44.4264,26.1406,7.54,44.4264,26.1406
2022-07-07 05:00:00,2022-07-07 06:00:00,11.2,44.4264,26.1406,5.51,44.4264,26.1406,9.82,44.4264,26.1406
2022-07-07 06:00:00,2022-07-07 07:00:00,8.95,44.4264,26.1406,3.84,44.4264,26.1406,16.0,44.4264,26.1406
2022-07-07 07:00:00,2022-07-07 08:00:00,7.32,44.4264,26.1406,3.68,44.4264,26.1406,,44.4264,26.1406
2022-07-07 08:00:00,2022-07-07 09:00:00,9.77,44.4264,26.1406,5.88,44.4264,26.1406,24.26,44.4264,26.1406
2022-07-07 09:00:00,2022-07-07 10:00:00,10.3,44.4264,26.1406,5.98,44.4264,26.1406,20.28,44.4264,26.1406
2022-07-07 10:00:00,2022-07-07 11:00:00,14.78,44.4264,26.1406,9.79,44.4264,26.1406,19.21,44.4264,26.1406
2022-07-07 11:00:00,2022-07-07 12:00:00,12.29,44.4264,26.1406,8.68,44.4264,26.1406,12.7,44.4264,26.1406
2022-07-07 12:00:00,2022-07-07 13:00:00,10.97,44.4264,26.1406,7.32,44.4264,26.1406,12.21,44.4264,26.1406
2022-07-07 13:00:00,2022-07-07 14:00:00,9.34,44.4264,26.1406,5.58,44.4264,26.1406,9.24,44.4264,26.1406
2022-07-07 14:00:00,2022-07-07 15:00:00,9.92,44.4264,26.1406,6.81,44.4264,26.1406,10.93,44.4264,26.1406
2022-07-07 15:00:00,2022-07-07 16:00:00,18.65,44.4264,26.1406,10.93,44.4264,26.1406,29.75,44.4264,26.1406
2022-07-07 16:00:00,2022-07-07 17:00:00,21.58,44.4264,26.1406,12.59,44.4264,26.1406,25.75,44.4264,26.1406
2022-07-07 17:00:00,2022-07-07 18:00:00,18.8,44.4264,26.1406,11.21,44.4264,26.1406,23.32,44.4264,26.1406
2022-07-07 18:00:00,2022-07-07 19:00:00,16.62,44.4264,26.1406,10.46,44.4264,26.1406,16.58,44.4264,26.1406
2022-07-07 19:00:00,2022-07-07 20:00:00,15.48,44.4264,26.1406,9.5,44.4264,26.1406,12.52,44.4264,26.1406
2022-07-07 20:00:00,2022-07-07 21:00:00,16.12,44.4264,26.1406,9.35,44.4264,26.1406,14.54,44.4264,26.1406
2022-07-07 21:00:00,2022-07-07 22:00:00,10.82,44.4264,26.1406,6.45,44.4264,26.1406,10.46,44.4264,26.1406
2022-07-07 22:00:00,2022-07-07 23:00:00,11.59,44.4264,26.1406,8.15,44.4264,26.1406,13.18,44.4264,26.1406
2022-07-07 23:00:00,2022-07-08 00:00:00,13.46,44.4264,26.1406,8.27,44.4264,26.1406,14.58,44.4264,26.1406
2022-07-08 00:00:00,2022-07-08 01:00:00,17.63,44.4264,26.1406,12.35,44.4264,26.1406,16.82,44.4264,26.1406
2022-07-08 01:00:00,2022-07-08 02:00:00,13.71,44.4264,26.1406,8.31,44.4264,26.1406,12.84,44.4264,26.1406
2022-07-08 02:00:00,2022-07-08 03:00:00,12.46,44.4264,26.1406,8.47,44.4264,26.1406,10.15,44.4264,26.1406
2022-07-08 03:00:00,2022-07-08 04:00:00,10.85,44.4264,26.1406,7.22,44.4264,26.1406,10.22,44.4264,26.1406
2022-07-08 04:00:00,2022-07-08 05:00:00,16.81,44.4264,26.1406,11.48,44.4264,26.1406,11.98,44.4264,26.1406
2022-07-08 05:00:00,2022-07-08 06:00:00,18.44,44.4264,26.1406,11.76,44.4264,26.1406,16.77,44.4264,26.1406
2022-07-08 06:00:00,2022-07-08 07:00:00,20.35,44.4264,26.1406,13.91,44.4264,26.1406,14.3,44.4264,26.1406
2022-07-08 07:00:00,2022-07-08 08:00:00,18.42,44.4264,26.1406,11.78,44.4264,26.1406,10.06,44.4264,26.1406
2022-07-08 08:00:00,2022-07-08 09:00:00,21.76,44.4264,26.1406,15.46,44.4264,26.1406,,44.4264,26.1406
2022-07-08 09:00:00,2022-07-08 10:00:00,19.63,44.4264,26.1406,13.09,44.4264,26.1406,9.03,44.4264,26.1406
2022-07-08 10:00:00,2022-07-08 11:00:00,14.03,44.4264,26.1406,7.85,44.4264,26.1406,7.51,44.4264,26.1406
2022-07-08 11:00:00,2022-07-08 12:00:00,14.58,44.4264,26.1406,8.25,44.4264,26.1406,5.47,44.4264,26.1406
2022-07-08 12:00:00,2022-07-08 13:00:00,14.91,44.4264,26.1406,7.81,44.4264,26.1406,4.88,44.4264,26.1406
2022-07-08 13:00:00,2022-07-08 14:00:00,17.53,44.4264,26.1406,9.15,44.4264,26.1406,4.31,44.4264,26.1406
2022-07-08 14:00:00,2022-07-08 15:00:00,11.98,44.4264,26.1406,4.21,44.4264,26.1406,6.18,44.4264,26.1406
2022-07-08 15:00:00,2022-07-08 16:00:00,13.61,44.4264,26.1406,6.83,44.4264,26.1406,6.66,44.4264,26.1406
2022-07-08 16:00:00,2022-07-08 17:00:00,12.28,44.4264,26.1406,6.58,44.4264,26.1406,4.28,44.4264,26.1406
2022-07-08 17:00:00,2022-07-08 18:00:00,12.33,44.4264,26.1406,6.49,44.4264,26.1406,6.35,44.4264,26.1406
2022-07-08 18:00:00,2022-07-08 19:00:00,10.33,44.4264,26.1406,5.01,44.4264,26.1406,5.57,44.4264,26.1406
2022-07-08 19:00:00,2022-07-08 20:00:00,14.39,44.4264,26.1406,7.36,44.4264,26.1406,17.96,44.4264,26.1406
2022-07-08 20:00:00,2022-07-08 21:00:00,23.45,44.4264,26.1406,12.35,44.4264,26.1406,25.04,44.4264,26.1406
2022-07-08 21:00:00,2022-07-08 22:00:00,23.17,44.4264,26.1406,12.39,44.4264,26.1406,14.05,44.4264,26.1406
2022-07-08 22:00:00,2022-07-08 23:00:00,19.21,44.4264,26.1406,10.52,44.4264,26.1406,15.54,44.4264,26.1406
2022-07-08 23:00:00,2022-07-09 00:00:00,20.34,44.4264,26.1406,11.53,44.4264,26.1406,14.03,44.4264,26.1406
2022-07-09 00:00:00,2022-07-09 01:00:00,18.73,44.4264,26.1406,12.11,44.4264,26.1406,9.36,44.4264,26.1406
2022-07-09 01:00:00,2022-07-09 02:00:00,16.1,44.4264,26.1406,9.41,44.4264,26.1406,9.28,44.4264,26.1406
2022-07-09 02:00:00,2022-07-09 03:00:00,15.07,44.4264,26.1406,10.33,44.4264,26.1406,8.66,44.4264,26.1406
2022-07-09 03:00:00,2022-07-09 04:00:00,17.68,44.4264,26.1406,12.82,44.4264,26.1406,9.2,44.4264,26.1406
2022-07-09 04:00:00,2022-07-09 05:00:00,15.68,44.4264,26.1406,11.03,44.4264,26.1406,10.43,44.4264,26.1406
2022-07-09 05:00:00,2022-07-09 06:00:00,12.34,44.4264,26.1406,5.99,44.4264,26.1406,9.18,44.4264,26.1406
2022-07-09 06:00:00,2022-07-09 07:00:00,13.54,44.4264,26.1406,7.4,44.4264,26.1406,12.75,44.4264,26.1406
2022-07-09 07:00:00,2022-07-09 08:00:00,13.53,44.4264,26.1406,7.64,44.4264,26.1406,8.13,44.4264,26.1406
2022-07-09 08:00:00,2022-07-09 09:00:00,14.97,44.4264,26.1406,8.57,44.4264,26.1406,5.46,44.4264,26.1406
2022-07-09 09:00:00,2022-07-09 10:00:00,14.68,44.4264,26.1406,6.34,44.4264,26.1406,,44.4264,26.1406
2022-07-09 10:00:00,2022-07-09 11:00:00,18.22,44.4264,26.1406,8.72,44.4264,26.1406,4.9,44.4264,26.1406
2022-07-09 11:00:00,2022-07-09 12:00:00,15.75,44.4264,26.1406,7.42,44.4264,26.1406,3.74,44.4264,26.1406
2022-07-09 12:00:00,2022-07-09 13:00:00,13.86,44.4264,26.1406,6.99,44.4264,26.1406,4.02,44.4264,26.1406
2022-07-09 13:00:00,2022-07-09 14:00:00,19.17,44.4264,26.1406,10.09,44.4264,26.1406,4.32,44.4264,26.1406
2022-07-09 14:00:00,2022-07-09 15:00:00,17.38,44.4264,26.1406,9.66,44.4264,26.1406,3.85,44.4264,26.1406
2022-07-09 15:00:00,2022-07-09 16:00:00,19.13,44.4264,26.1406,11.93,44.4264,26.1406,3.8,44.4264,26.1406
2022-07-09 16:00:00,2022-07-09 17:00:00,15.59,44.4264,26.1406,9.54,44.4264,26.1406,3.78,44.4264,26.1406
2022-07-09 17:00:00,2022-07-09 18:00:00,13.09,44.4264,26.1406,7.89,44.4264,26.1406,6.09,44.4264,26.1406
2022-07-09 18:00:00,2022-07-09 19:00:00,14.57,44.4264,26.1406,10.65,44.4264,26.1406,12.2,44.4264,26.1406
2022-07-09 19:00:00,2022-07-09 20:00:00,18.41,44.4264,26.1406,13.76,44.4264,26.1406,11.63,44.4264,26.1406
2022-07-09 20:00:00,2022-07-09 21:00:00,18.93,44.4264,26.1406,12.48,44.4264,26.1406,10.37,44.4264,26.1406
2022-07-09 21:00:00,2022-07-09 22:00:00,15.0,44.4264,26.1406,8.34,44.4264,26.1406,10.65,44.4264,26.1406
2022-07-09 22:00:00,2022-07-09 23:00:00,18.92,44.4264,26.1406,13.03,44.4264,26.1406,15.43,44.4264,26.1406
2022-07-09 23:00:00,2022-07-10 00:00:00,21.47,44.4264,26.1406,14.67,44.4264,26.1406,16.26,44.4264,26.1406
2022-07-10 00:00:00,2022-07-10 01:00:00,22.23,44.4264,26.1406,15.31,44.4264,26.1406,11.78,44.4264,26.1406
2022-07-10 01:00:00,2022-07-10 02:00:00,18.46,44.4264,26.1406,10.85,44.4264,26.1406,9.65,44.4264,26.1406
2022-07-10 02:00:00,2022-07-10 03:00:00,18.2,44.4264,26.1406,12.89,44.4264,26.1406,8.28,44.4264,26.1406
2022-07-10 03:00:00,2022-07-10 04:00:00,13.96,44.4264,26.1406,10.19,44.4264,26.1406,7.07,44.4264,26.1406
2022-07-10 04:00:00,2022-07-10 05:00:00,13.64,44.4264,26.1406,10.0,44.4264,26.1406,7.25,44.4264,26.1406
2022-07-10 05:00:00,2022-07-10 06:00:00,14.54,44.4264,26.1406,11.51,44.4264,26.1406,9.58,44.4264,26.1406
2022-07-10 06:00:00,2022-07-10 07:00:00,16.41,44.4264,26.1406,12.36,44.4264,26.1406,12.97,44.4264,26.1406
2022-07-10 07:00:00,2022-07-10 08:00:00,16.87,44.4264,26.1406,10.37,44.4264,26.1406,21.48,44.4264,26.1406
2022-07-10 08:00:00,2022-07-10 09:00:00,19.52,44.4264,26.1406,11.53,44.4264,26.1406,10.62,44.4264,26.1406
2022-07-10 09:00:00,2022-07-10 10:00:00,17.22,44.4264,26.1406,11.02,44.4264,26.1406,6.45,44.4264,26.1406
2022-07-10 10:00:00,2022-07-10 11:00:00,17.93,44.4264,26.1406,12.73,44.4264,26.1406,,44.4264,26.1406
2022-07-10 11:00:00,2022-07-10 12:00:00,17.46,44.4264,26.1406,9.25,44.4264,26.1406,5.09,44.4264,26.1406
2022-07-10 12:00:00,2022-07-10 13:00:00,15.05,44.4264,26.1406,9.85,44.4264,26.1406,4.51,44.4264,26.1406
2022-07-10 13:00:00,2022-07-10 14:00:00,19.24,44.4264,26.1406,13.27,44.4264,26.1406,6.07,44.4264,26.1406
2022-07-10 14:00:00,2022-07-10 15:00:00,16.57,44.4264,26.1406,10.18,44.4264,26.1406,7.41,44.4264,26.1406
2022-07-10 15:00:00,2022-07-10 16:00:00,10.47,44.4264,26.1406,5.25,44.4264,26.1406,4.84,44.4264,26.1406
2022-07-10 16:00:00,2022-07-10 17:00:00,15.68,44.4264,26.1406,8.1,44.4264,26.1406,6.36,44.4264,26.1406
2022-07-10 17:00:00,2022-07-10 18:00:00,13.36,44.4264,26.1406,7.26,44.4264,26.1406,4.14,44.4264,26.1406
2022-07-10 18:00:00,2022-07-10 19:00:00,11.13,44.4264,26.1406,5.78,44.4264,26.1406,4.64,44.4264,26.1406
2022-07-10 19:00:00,2022-07-10 20:00:00,13.08,44.4264,26.1406,8.04,44.4264,26.1406,9.66,44.4264,26.1406
2022-07-10 20:00:00,2022-07-10 21:00:00,10.44,44.4264,26.1406,6.08,44.4264,26.1406,9.47,44.4264,26.1406
2022-07-10 21:00:00,2022-07-10 22:00:00,12.89,44.4264,26.1406,7.82,44.4264,26.1406,17.06,44.4264,26.1406
2022-07-10 22:00:00,2022-07-10 23:00:00,14.61,44.4264,26.1406,7.33,44.4264,26.1406,13.36,44.4264,26.1406
2022-07-10 23:00:00,2022-07-11 00:00:00,11.85,44.4264,26.1406,6.66,44.4264,26.1406,10.23,44.4264,26.1406
2022-07-11 00:00:00,2022-07-11 01:00:00,9.06,44.4264,26.1406,5.47,44.4264,26.1406,9.39,44.4264,26.1406
2022-07-11 01:00:00,2022-07-11 02:00:00,10.28,44.4264,26.1406,6.65,44.4264,26.1406,8.69,44.4264,26.1406
2022-07-11 02:00:00,2022-07-11 03:00:00,15.44,44.4264,26.1406,11.25,44.4264,26.1406,12.76,44.4264,26.1406
2022-07-11 03:00:00,2022-07-11 04:00:00,14.9,44.4264,26.1406,11.21,44.4264,26.1406,15.23,44.4264,26.1406
2022-07-11 04:00:00,2022-07-11 05:00:00,13.79,44.4264,26.1406,9.49,44.4264,26.1406,15.72,44.4264,26.1406
2022-07-11 05:00:00,2022-07-11 06:00:00,16.19,44.4264,26.1406,10.38,44.4264,26.1406,16.49,44.4264,26.1406
2022-07-11 06:00:00,2022-07-11 07:00:00,17.77,44.4264,26.1406,10.33,44.4264,26.1406,28.38,44.4264,26.1406
2022-07-11 07:00:00,2022-07-11 08:00:00,18.51,44.4264,26.1406,8.35,44.4264,26.1406,24.03,44.4264,26.1406
2022-07-11 08:00:00,2022-07-11 09:00:00,17.12,44.4264,26.1406,6.43,44.4264,26.1406,15.72,44.4264,26.1406
2022-07-11 09:00:00,2022-07-11 10:00:00,23.68,44.4264,26.1406,11.14,44.4264,26.1406,12.68,44.4264,26.1406
2022-07-11 10:00:00,2022-07-11 11:00:00,25.58,44.4264,26.1406,13.22,44.4264,26.1406,11.38,44.4264,26.1406
2022-07-11 11:00:00,2022-07-11 12:00:00,17.94,44.4264,26.1406,10.19,44.4264,26.1406,,44.4264,26.1406
2022-07-11 12:00:00,2022-07-11 13:00:00,14.54,44.4264,26.1406,7.2,44.4264,26.1406,6.91,44.4264,26.1406
2022-07-11 13:00:00,2022-07-11 14:00:00,18.38,44.4264,26.1406,10.4,44.4264,26.1406,5.13,44.4264,26.1406
2022-07-11 14:00:00,2022-07-11 15:00:00,14.84,44.4264,26.1406,7.74,44.4264,26.1406,4.29,44.4264,26.1406
2022-07-11 15:00:00,2022-07-11 16:00:00,18.41,44.4264,26.1406,10.87,44.4264,26.1406,7.9,44.4264,26.1406
2022-07-11 16:00:00,2022-07-11 17:00:00,12.23,44.4264,26.1406,5.37,44.4264,26.1406,7.77,44.4264,26.1406
2022-07-11 17:00:00,2022-07-11 18:00:00,15.05,44.4264,26.1406,7.74,44.4264,26.1406,6.8,44.4264,26.1406
2022-07-11 18:00:00,2022-07-11 19:00:00,13.43,44.4264,26.1406,7.49,44.4264,26.1406,5.45,44.4264,26.1406
2022-07-11 19:00:00,2022-07-11 20:00:00,15.29,44.4264,26.1406,9.48,44.4264,26.1406,5.38,44.4264,26.1406
2022-07-11 20:00:00,2022-07-11 21:00:00,14.94,44.4264,26.1406,8.1,44.4264,26.1406,17.49,44.4264,26.1406
2022-07-11 21:00:00,2022-07-11 22:00:00,17.76,44.4264,26.1406,8.6,44.4264,26.1406,23.92,44.4264,26.1406
2022-07-11 22:00:00,2022-07-11 23:00:00,16.62,44.4264,26.1406,8.05,44.4264,26.1406,15.08,44.4264,26.1406
2022-07-11 23:00:00,2022-07-12 00:00:00,13.55,44.4264,26.1406,7.25,44.4264,26.1406,9.25,44.4264,26.1406
2022-07-12 00:00:00,2022-07-12 01:00:00,9.54,44.4264,26.1406,5.32,44.4264,26.1406,7.18,44.4264,26.1406
2022-07-12 01:00:00,2022-07-12 02:00:00,8.24,44.4264,26.1406,4.01,44.4264,26.1406,9.73,44.4264,26.1406
2022-07-12 02:00:00,2022-07-12 03:00:00,8.49,44.4264,26.1406,4.52,44.4264,26.1406,8.37,44.4264,26.1406
2022-07-12 03:00:00,2022-07-12 04:00:00,9.57,44.4264,26.1406,6.64,44.4264,26.1406,6.95,44.4264,26.1406
2022-07-12 04:00:00,2022-07-12 05:00:00,10.37,44.4264,26.1406,6.05,44.4264,26.1406,9.42,44.4264,26.1406
2022-07-12 05:00:00,2022-07-12 06:00:00,8.94,44.4264,26.1406,4.87,44.4264,26.1406,12.94,44.4264,26.1406
2022-07-12 06:00:00,2022-07-12 07:00:00,15.73,44.4264,26.1406,6.08,44.4264,26.1406,20.04,44.4264,26.1406
2022-07-12 07:00:00,2022-07-12 08:00:00,23.56,44.4264,26.1406,8.82,44.4264,26.1406,15.77,44.4264,26.1406
2022-07-12 08:00:00,2022-07-12 09:00:00,19.78,44.4264,26.1406,8.32,44.4264,26.1406,13.83,44.4264,26.1406
2022-07-12 09:00:00,2022-07-12 10:00:00,14.33,44.4264,26.1406,7.25,44.4264,26.1406,9.86,44.4264,26.1406
2022-07-12 10:00:00,2022-07-12 11:00:00,13.14,44.4264,26.1406,7.22,44.4264,26.1406,7.9,44.4264,26.1406
2022-07-12 11:00:00,2022-07-12 12:00:00,10.89,44.4264,26.1406,4.97,44.4264,26.1406,8.65,44.4264,26.1406
2022-07-12 12:00:00,2022-07-12 13:00:00,14.88,44.4264,26.1406,8.51,44.4264,26.1406,,44.4264,26.1406
2022-07-12 13:00:00,2022-07-12 14:00:00,8.5,44.4264,26.1406,2.91,44.4264,26.1406,4.82,44.4264,26.1406
2022-07-12 14:00:00,2022-07-12 15:00:00,13.73,44.4264,26.1406,8.69,44.4264,26.1406,4.16,44.4264,26.1406
2022-07-12 15:00:00,2022-07-12 16:00:00,11.41,44.4264,26.1406,6.38,44.4264,26.1406,3.99,44.4264,26.1406
2022-07-12 16:00:00,2022-07-12 17:00:00,8.23,44.4264,26.1406,2.22,44.4264,26.1406,3.86,44.4264,26.1406
2022-07-12 17:00:00,2022-07-12 18:00:00,7.65,44.4264,26.1406,1.55,44.4264,26.1406,3.75,44.4264,26.1406
2022-07-12 18:00:00,2022-07-12 19:00:00,14.83,44.4264,26.1406,8.53,44.4264,26.1406,3.93,44.4264,26.1406
2022-07-12 19:00:00,2022-07-12 20:00:00,16.78,44.4264,26.1406,9.26,44.4264,26.1406,6.92,44.4264,26.1406
2022-07-12 20:00:00,2022-07-12 21:00:00,16.87,44.4264,26.1406,9.3,44.4264,26.1406,8.05,44.4264,26.1406
2022-07-12 21:00:00,2022-07-12 22:00:00,14.47,44.4264,26.1406,10.03,44.4264,26.1406,7.65,44.4264,26.1406
2022-07-12 22:00:00,2022-07-12 23:00:00,8.49,44.4264,26.1406,4.75,44.4264,26.1406,8.37,44.4264,26.1406
2022-07-12 23:00:00,2022-07-13 00:00:00,7.19,44.4264,26.1406,4.04,44.4264,26.1406,7.2,44.4264,26.1406
2022-07-13 00:00:00,2022-07-13 01:00:00,10.36,44.4264,26.1406,7.83,44.4264,26.1406,8.77,44.4264,26.1406
2022-07-13 01:00:00,2022-07-13 02:00:00,7.56,44.4264,26.1406,4.24,44.4264,26.1406,14.53,44.4264,26.1406
2022-07-13 02:00:00,2022-07-13 03:00:00,8.4,44.4264,26.1406,4.01,44.4264,26.1406,12.34,44.4264,26.1406
2022-07-13 03:00:00,2022-07-13 04:00:00,8.63,44.4264,26.1406,4.94,44.4264,26.1406,9.44,44.4264,26.1406
2022-07-13 04:00:00,2022-07-13 05:00:00,9.57,44.4264,26.1406,5.38,44.4264,26.1406,11.07,44.4264,26.1406
2022-07-13 05:00:00,2022-07-13 06:00:00,11.25,44.4264,26.1406,6.99,44.4264,26.1406,7.43,44.4264,26.1406
2022-07-13 06:00:00,2022-07-13 07:00:00,11.85,44.4264,26.1406,7.68,44.4264,26.1406,14.34,44.4264,26.1406
2022-07-13 07:00:00,2022-07-13 08:00:00,17.43,44.4264,26.1406,6.8,44.4264,26.1406,15.26,44.4264,26.1406
2022-07-13 08:00:00,2022-07-13 09:00:00,19.59,44.4264,26.1406,7.64,44.4264,26.1406,10.16,44.4264,26.1406
2022-07-13 09:00:00,2022-07-13 10:00:00,17.69,44.4264,26.1406,6.73,44.4264,26.1406,5.67,44.4264,26.1406
2022-07-13 10:00:00,2022-07-13 11:00:00,15.65,44.4264,26.1406,8.5,44.4264,26.1406,3.48,44.4264,26.1406
2022-07-13 11:00:00,2022-07-13 12:00:00,10.82,44.4264,26.1406,4.19,44.4264,26.1406,3.04,44.4264,26.1406
2022-07-13 12:00:00,2022-07-13 13:00:00,10.52,44.4264,26.1406,5.07,44.4264,26.1406,2.99,44.4264,26.1406
2022-07-13 13:00:00,2022-07-13 14:00:00,9.09,44.4264,26.1406,4.26,44.4264,26.1406,,44.4264,26.1406
2022-07-13 14:00:00,2022-07-13 15:00:00,7.9,44.4264,26.1406,2.37,44.4264,26.1406,3.79,44.4264,26.1406
2022-07-13 15:00:00,2022-07-13 16:00:00,12.65,44.4264,26.1406,5.69,44.4264,26.1406,3.29,44.4264,26.1406
2022-07-13 16:00:00,2022-07-13 17:00:00,8.46,44.4264,26.1406,2.64,44.4264,26.1406,3.16,44.4264,26.1406
2022-07-13 17:00:00,2022-07-13 18:00:00,5.57,44.4264,26.1406,0.52,44.4264,26.1406,3.18,44.4264,26.1406
2022-07-13 18:00:00,2022-07-13 19:00:00,9.26,44.4264,26.1406,4.79,44.4264,26.1406,3.4,44.4264,26.1406
2022-07-13 19:00:00,2022-07-13 20:00:00,10.91,44.4264,26.1406,6.93,44.4264,26.1406,4.44,44.4264,26.1406
2022-07-13 20:00:00,2022-07-13 21:00:00,12.11,44.4264,26.1406,6.09,44.4264,26.1406,8.43,44.4264,26.1406
2022-07-13 21:00:00,2022-07-13 22:00:00,12.96,44.4264,26.1406,4.73,44.4264,26.1406,41.77,44.4264,26.1406
2022-07-13 22:00:00,2022-07-13 23:00:00,26.21,44.4264,26.1406,14.29,44.4264,26.1406,49.32,44.4264,26.1406
2022-07-13 23:00:00,2022-07-14 00:00:00,25.93,44.4264,26.1406,13.51,44.4264,26.1406,51.57,44.4264,26.1406
2022-07-14 00:00:00,2022-07-14 01:00:00,29.47,44.4264,26.1406,13.35,44.4264,26.1406,46.59,44.4264,26.1406
2022-07-14 01:00:00,2022-07-14 02:00:00,26.88,44.4264,26.1406,11.31,44.4264,26.1406,31.69,44.4264,26.1406
2022-07-14 02:00:00,2022-07-14 03:00:00,16.93,44.4264,26.1406,8.24,44.4264,26.1406,11.17,44.4264,26.1406
2022-07-14 03:00:00,2022-07-14 04:00:00,16.79,44.4264,26.1406,10.08,44.4264,26.1406,21.45,44.4264,26.1406
2022-07-14 04:00:00,2022-07-14 05:00:00,21.19,44.4264,26.1406,11.12,44.4264,26.1406,20.76,44.4264,26.1406
2022-07-14 05:00:00,2022-07-14 06:00:00,21.72,44.4264,26.1406,11.15,44.4264,26.1406,21.41,44.4264,26.1406
2022-07-14 06:00:00,2022-07-14 07:00:00,24.13,44.4264,26.1406,12.25,44.4264,26.1406,16.5,44.4264,26.1406
2022-07-14 07:00:00,2022-07-14 08:00:00,24.61,44.4264,26.1406,11.81,44.4264,26.1406,13.57,44.4264,26.1406
2022-07-14 08:00:00,2022-07-14 09:00:00,28.43,44.4264,26.1406,10.8,44.4264,26.1406,9.52,44.4264,26.1406
2022-07-14 09:00:00,2022-07-14 10:00:00,24.79,44.4264,26.1406,11.02,44.4264,26.1406,8.04,44.4264,26.1406
2022-07-14 10:00:00,2022-07-14 11:00:00,22.05,44.4264,26.1406,8.93,44.4264,26.1406,6.17,44.4264,26.1406
2022-07-14 11:00:00,2022-07-14 12:00:00,15.41,44.4264,26.1406,6.41,44.4264,26.1406,4.09,44.4264,26.1406
2022-07-14 12:00:00,2022-07-14 13:00:00,15.83,44.4264,26.1406,8.71,44.4264,26.1406,4.03,44.4264,26.1406
2022-07-14 13:00:00,2022-07-14 14:00:00,15.57,44.4264,26.1406,8.78,44.4264,26.1406,3.78,44.4264,26.1406
2022-07-14 14:00:00,2022-07-14 15:00:00,10.95,44.4264,26.1406,4.56,44.4264,26.1406,,44.4264,26.1406
2022-07-14 15:00:00,2022-07-14 16:00:00,10.65,44.4264,26.1406,3.82,44.4264,26.1406,4.66,44.4264,26.1406
2022-07-14 16:00:00,2022-07-14 17:00:00,10.09,44.4264,26.1406,3.7,44.4264,26.1406,3.99,44.4264,26.1406
2022-07-14 17:00:00,2022-07-14 18:00:00,12.63,44.4264,26.1406,7.19,44.4264,26.1406,4.27,44.4264,26.1406
2022-07-14 18:00:00,2022-07-14 19:00:00,14.03,44.4264,26.1406,7.21,44.4264,26.1406,6.3,44.4264,26.1406
2022-07-14 19:00:00,2022-07-14 20:00:00,14.05,44.4264,26.1406,6.98,44.4264,26.1406,14.34,44.4264,26.1406
2022-07-14 20:00:00,2022-07-14 21:00:00,16.22,44.4264,26.1406,7.71,44.4264,26.1406,24.2,44.4264,26.1406
2022-07-14 21:00:00,2022-07-14 22:00:00,20.88,44.4264,26.1406,10.01,44.4264,26.1406,36.12,44.4264,26.1406
2022-07-14 22:00:00,2022-07-14 23:00:00,27.87,44.4264,26.1406,12.14,44.4264,26.1406,42.48,44.4264,26.1406
2022-07-14 23:00:00,2022-07-15 00:00:00,29.64,44.4264,26.1406,14.15,44.4264,26.1406,31.35,44.4264,26.1406
2022-07-15 00:00:00,2022-07-15 01:00:00,24.58,44.4264,26.1406,10.5,44.4264,26.1406,40.73,44.4264,26.1406
2022-07-15 01:00:00,2022-07-15 02:00:00,26.78,44.4264,26.1406,12.32,44.4264,26.1406,33.87,44.4264,26.1406
2022-07-15 02:00:00,2022-07-15 03:00:00,31.05,44.4264,26.1406,17.27,44.4264,26.1406,35.07,44.4264,26.1406
2022-07-15 03:00:00,2022-07-15 04:00:00,23.9,44.4264,26.1406,13.86,44.4264,26.1406,21.23,44.4264,26.1406
2022-07-15 04:00:00,2022-07-15 05:00:00,20.35,44.4264,26.1406,12.52,44.4264,26.1406,16.27,44.4264,26.1406
2022-07-15 05:00:00,2022-07-15 06:00:00,16.16,44.4264,26.1406,9.43,44.4264,26.1406,14.19,44.4264,26.1406
2022-07-15 06:00:00,2022-07-15 07:00:00,17.1,44.4264,26.1406,10.67,44.4264,26.1406,19.53,44.4264,26.1406
2022-07-15 07:00:00,2022-07-15 08:00:00,17.32,44.4264,26.1406,8.37,44.4264,26.1406,30.19,44.4264,26.1406
2022-07-15 08:00:00,2022-07-15 09:00:00,35.76,44.4264,26.1406,13.41,44.4264,26.1406,37.75,44.4264,26.1406
2022-07-15 09:00:00,2022-07-15 10:00:00,43.11,44.4264,26.1406,16.51,44.4264,26.1406,31.99,44.4264,26.1406
2022-07-15 10:00:00,2022-07-15 11:00:00,32.99,44.4264,26.1406,11.82,44.4264,26.1406,13.87,44.4264,26.1406
2022-07-15 11:00:00,2022-07-15 12:00:00,25.44,44.4264,26.1406,9.41,44.4264,26.1406,7.62,44.4264,26.1406
2022-07-15 12:00:00,2022-07-15 13:00:00,21.11,44.4264,26.1406,9.38,44.4264,26.1406,4.31,44.4264,26.1406
2022-07-15 13:00:00,2022-07-15 14:00:00,14.32,44.4264,26.1406,6.69,44.4264,26.1406,3.43,44.4264,26.1406
2022-07-15 14:00:00,2022-07-15 15:00:00,15.49,44.4264,26.1406,9.56,44.4264,26.1406,3.26,44.4264,26.1406
2022-07-15 15:00:00,2022-07-15 16:00:00,17.18,44.4264,26.1406,9.21,44.4264,26.1406,,44.4264,26.1406
2022-07-15 16:00:00,2022-07-15 17:00:00,18.2,44.4264,26.1406,10.73,44.4264,26.1406,4.2,44.4264,26.1406
2022-07-15 17:00:00,2022-07-15 18:00:00,18.79,44.4264,26.1406,12.54,44.4264,26.1406,4.0,44.4264,26.1406
2022-07-15 18:00:00,2022-07-15 19:00:00,14.35,44.4264,26.1406,8.24,44.4264,26.1406,5.31,44.4264,26.1406
2022-07-15 19:00:00,2022-07-15 20:00:00,18.39,44.4264,26.1406,10.22,44.4264,26.1406,14.44,44.4264,26.1406
2022-07-15 20:00:00,2022-07-15 21:00:00,24.99,44.4264,26.1406,10.73,44.4264,26.1406,26.42,44.4264,26.1406
2022-07-15 21:00:00,2022-07-15 22:00:00,34.9,44.4264,26.1406,15.34,44.4264,26.1406,21.71,44.4264,26.1406
2022-07-15 22:00:00,2022-07-15 23:00:00,31.62,44.4264,26.1406,13.25,44.4264,26.1406,17.67,44.4264,26.1406
2022-07-15 23:00:00,2022-07-16 00:00:00,21.97,44.4264,26.1406,10.86,44.4264,26.1406,10.37,44.4264,26.1406
2022-07-16 00:00:00,2022-07-16 01:00:00,18.8,44.4264,26.1406,10.25,44.4264,26.1406,8.09,44.4264,26.1406
2022-07-16 01:00:00,2022-07-16 02:00:00,19.65,44.4264,26.1406,10.56,44.4264,26.1406,7.39,44.4264,26.1406
2022-07-16 02:00:00,2022-07-16 03:00:00,18.06,44.4264,26.1406,10.07,44.4264,26.1406,7.42,44.4264,26.1406
2022-07-16 03:00:00,2022-07-16 04:00:00,17.99,44.4264,26.1406,10.94,44.4264,26.1406,7.48,44.4264,26.1406
2022-07-16 04:00:00,2022-07-16 05:00:00,19.01,44.4264,26.1406,12.37,44.4264,26.1406,8.17,44.4264,26.1406
2022-07-16 05:00:00,2022-07-16 06:00:00,17.06,44.4264,26.1406,9.96,44.4264,26.1406,10.21,44.4264,26.1406
2022-07-16 06:00:00,2022-07-16 07:00:00,17.45,44.4264,26.1406,9.56,44.4264,26.1406,10.75,44.4264,26.1406
2022-07-16 07:00:00,2022-07-16 08:00:00,17.32,44.4264,26.1406,8.5,44.4264,26.1406,8.94,44.4264,26.1406
2022-07-16 08:00:00,2022-07-16 09:00:00,23.44,44.4264,26.1406,9.0,44.4264,26.1406,8.6,44.4264,26.1406
2022-07-16 09:00:00,2022-07-16 10:00:00,25.12,44.4264,26.1406,9.01,44.4264,26.1406,7.91,44.4264,26.1406
2022-07-16 10:00:00,2022-07-16 11:00:00,21.54,44.4264,26.1406,9.24,44.4264,26.1406,7.8,44.4264,26.1406
2022-07-16 11:00:00,2022-07-16 12:00:00,19.16,44.4264,26.1406,8.29,44.4264,26.1406,6.87,44.4264,26.1406
2022-07-16 12:00:00,2022-07-16 13:00:00,19.64,44.4264,26.1406,8.95,44.4264,26.1406,6.35,44.4264,26.1406
2022-07-16 13:00:00,2022-07-16 14:00:00,22.6,44.4264,26.1406,12.21,44.4264,26.1406,5.17,44.4264,26.1406
2022-07-16 14:00:00,2022-07-16 15:00:00,23.21,44.4264,26.1406,11.63,44.4264,26.1406,5.07,44.4264,26.1406
2022-07-16 15:00:00,2022-07-16 16:00:00,16.58,44.4264,26.1406,1.17,44.4264,26.1406,6.42,44.4264,26.1406
2022-07-16 16:00:00,2022-07-16 17:00:00,18.49,44.4264,26.1406,13.41,44.4264,26.1406,,44.4264,26.1406
2022-07-16 17:00:00,2022-07-16 18:00:00,16.77,44.4264,26.1406,10.44,44.4264,26.1406,8.25,44.4264,26.1406
2022-07-16 18:00:00,2022-07-16 19:00:00,17.13,44.4264,26.1406,11.69,44.4264,26.1406,12.7,44.4264,26.1406
2022-07-16 19:00:00,2022-07-16 20:00:00,14.85,44.4264,26.1406,10.23,44.4264,26.1406,17.46,44.4264,26.1406
2022-07-16 20:00:00,2022-07-16 21:00:00,19.06,44.4264,26.1406,13.48,44.4264,26.1406,32.41,44.4264,26.1406
2022-07-16 21:00:00,2022-07-16 22:00:00,23.8,44.4264,26.1406,15.24,44.4264,26.1406,33.05,44.4264,26.1406
2022-07-16 22:00:00,2022-07-16 23:00:00,22.45,44.4264,26.1406,14.05,44.4264,26.1406,27.7,44.4264,26.1406
2022-07-16 23:00:00,2022-07-17 00:00:00,19.97,44.4264,26.1406,12.54,44.4264,26.1406,23.22,44.4264,26.1406
2022-07-17 00:00:00,2022-07-17 01:00:00,19.98,44.4264,26.1406,12.5,44.4264,26.1406,23.93,44.4264,26.1406
2022-07-17 01:00:00,2022-07-17 02:00:00,20.47,44.4264,26.1406,12.6,44.4264,26.1406,29.58,44.4264,26.1406
2022-07-17 02:00:00,2022-07-17 03:00:00,23.76,44.4264,26.1406,15.63,44.4264,26.1406,25.6,44.4264,26.1406
2022-07-17 03:00:00,2022-07-17 04:00:00,24.59,44.4264,26.1406,17.49,44.4264,26.1406,18.29,44.4264,26.1406
2022-07-17 04:00:00,2022-07-17 05:00:00,20.39,44.4264,26.1406,15.07,44.4264,26.1406,13.74,44.4264,26.1406
2022-07-17 05:00:00,2022-07-17 06:00:00,19.11,44.4264,26.1406,12.92,44.4264,26.1406,14.49,44.4264,26.1406
2022-07-17 06:00:00,2022-07-17 07:00:00,19.72,44.4264,26.1406,13.13,44.4264,26.1406,10.31,44.4264,26.1406
2022-07-17 07:00:00,2022-07-17 08:00:00,17.01,44.4264,26.1406,9.93,44.4264,26.1406,11.08,44.4264,26.1406
2022-07-17 08:00:00,2022-07-17 09:00:00,19.22,44.4264,26.1406,11.88,44.4264,26.1406,12.74,44.4264,26.1406
2022-07-17 09:00:00,2022-07-17 10:00:00,16.9,44.4264,26.1406,9.62,44.4264,26.1406,9.02,44.4264,26.1406
2022-07-17 10:00:00,2022-07-17 11:00:00,19.12,44.4264,26.1406,12.02,44.4264,26.1406,6.08,44.4264,26.1406
2022-07-17 11:00:00,2022-07-17 12:00:00,19.31,44.4264,26.1406,12.21,44.4264,26.1406,3.89,44.4264,26.1406
2022-07-17 12:00:00,2022-07-17 13:00:00,11.22,44.4264,26.1406,5.87,44.4264,26.1406,3.49,44.4264,26.1406
2022-07-17 13:00:00,2022-07-17 14:00:00,11.37,44.4264,26.1406,5.51,44.4264,26.1406,3.09,44.4264,26.1406
2022-07-17 14:00:00,2022-07-17 15:00:00,12.04,44.4264,26.1406,5.8,44.4264,26.1406,3.24,44.4264,26.1406
2022-07-17 15:00:00,2022-07-17 16:00:00,10.95,44.4264,26.1406,4.65,44.4264,26.1406,3.04,44.4264,26.1406
2022-07-17 16:00:00,2022-07-17 17:00:00,10.41,44.4264,26.1406,4.45,44.4264,26.1406,2.86,44.4264,26.1406
2022-07-17 17:00:00,2022-07-17 18:00:00,7.58,44.4264,26.1406,2.42,44.4264,26.1406,,44.4264,26.1406
2022-07-17 18:00:00,2022-07-17 19:00:00,7.19,44.4264,26.1406,3.67,44.4264,26.1406,4.54,44.4264,26.1406
2022-07-17 19:00:00,2022-07-17 20:00:00,17.84,44.4264,26.1406,12.83,44.4264,26.1406,8.17,44.4264,26.1406
2022-07-17 20:00:00,2022-07-17 21:00:00,15.22,44.4264,26.1406,8.36,44.4264,26.1406,8.64,44.4264,26.1406
2022-07-17 21:00:00,2022-07-17 22:00:00,10.76,44.4264,26.1406,3.3,44.4264,26.1406,7.88,44.4264,26.1406
2022-07-17 22:00:00,2022-07-17 23:00:00,21.01,44.4264,26.1406,7.53,44.4264,26.1406,6.73,44.4264,26.1406
2022-07-17 23:00:00,2022-07-18 00:00:00,20.85,44.4264,26.1406,6.95,44.4264,26.1406,4.89,44.4264,26.1406
2022-07-18 00:00:00,2022-07-18 01:00:00,14.64,44.4264,26.1406,3.94,44.4264,26.1406,5.16,44.4264,26.1406
2022-07-18 01:00:00,2022-07-18 02:00:00,12.45,44.4264,26.1406,3.36,44.4264,26.1406,4.06,44.4264,26.1406
2022-07-18 02:00:00,2022-07-18 03:00:00,11.4,44.4264,26.1406,4.18,44.4264,26.1406,3.85,44.4264,26.1406
2022-07-18 03:00:00,2022-07-18 04:00:00,10.67,44.4264,26.1406,3.48,44.4264,26.1406,4.66,44.4264,26.1406
2022-07-18 04:00:00,2022-07-18 05:00:00,12.67,44.4264,26.1406,6.66,44.4264,26.1406,6.37,44.4264,26.1406
2022-07-18 05:00:00,2022-07-18 06:00:00,8.78,44.4264,26.1406,3.12,44.4264,26.1406,9.04,44.4264,26.1406
2022-07-18 06:00:00,2022-07-18 07:00:00,11.19,44.4264,26.1406,4.19,44.4264,26.1406,13.72,44.4264,26.1406
2022-07-18 07:00:00,2022-07-18 08:00:00,13.2,44.4264,26.1406,5.31,44.4264,26.1406,15.25,44.4264,26.1406
2022-07-18 08:00:00,2022-07-18 09:00:00,16.28,44.4264,26.1406,7.51,44.4264,26.1406,12.12,44.4264,26.1406
2022-07-18 09:00:00,2022-07-18 10:00:00,16.53,44.4264,26.1406,7.34,44.4264,26.1406,11.21,44.4264,26.1406
2022-07-18 10:00:00,2022-07-18 11:00:00,12.33,44.4264,26.1406,2.69,44.4264,26.1406,9.8,44.4264,26.1406
2022-07-18 11:00:00,2022-07-18 12:00:00,13.09,44.4264,26.1406,3.27,44.4264,26.1406,10.12,44.4264,26.1406
2022-07-18 12:00:00,2022-07-18 13:00:00,12.48,44.4264,26.1406,4.92,44.4264,26.1406,6.66,44.4264,26.1406
2022-07-18 13:00:00,2022-07-18 14:00:00,14.67,44.4264,26.1406,6.55,44.4264,26.1406,5.05,44.4264,26.1406
2022-07-18 14:00:00,2022-07-18 15:00:00,13.93,44.4264,26.1406,5.49,44.4264,26.1406,4.25,44.4264,26.1406
2022-07-18 15:00:00,2022-07-18 16:00:00,11.58,44.4264,26.1406,3.95,44.4264,26.1406,3.7,44.4264,26.1406
2022-07-18 16:00:00,2022-07-18 17:00:00,14.1,44.4264,26.1406,6.89,44.4264,26.1406,3.66,44.4264,26.1406
2022-07-18 17:00:00,2022-07-18 18:00:00,12.03,44.4264,26.1406,5.33,44.4264,26.1406,3.46,44.4264,26.1406
2022-07-18 18:00:00,2022-07-18 19:00:00,11.74,44.4264,26.1406,5.35,44.4264,26.1406,,44.4264,26.1406
2022-07-18 19:00:00,2022-07-18 20:00:00,10.52,44.4264,26.1406,4.72,44.4264,26.1406,6.11,44.4264,26.1406
2022-07-18 20:00:00,2022-07-18 21:00:00,16.72,44.4264,26.1406,8.93,44.4264,26.1406,32.04,44.4264,26.1406
2022-07-18 21:00:00,2022-07-18 22:00:00,24.14,44.4264,26.1406,11.36,44.4264,26.1406,43.99,44.4264,26.1406
2022-07-18 22:00:00,2022-07-18 23:00:00,25.84,44.4264,26.1406,10.57,44.4264,26.1406,45.49,44.4264,26.1406
2022-07-18 23:00:00,2022-07-19 00:00:00,24.82,44.4264,26.1406,11.19,44.4264,26.1406,36.11,44.4264,26.1406
2022-07-19 00:00:00,2022-07-19 01:00:00,25.38,44.4264,26.1406,11.87,44.4264,26.1406,37.54,44.4264,26.1406
2022-07-19 01:00:00,2022-07-19 02:00:00,24.47,44.4264,26.1406,12.22,44.4264,26.1406,33.55,44.4264,26.1406
2022-07-19 02:00:00,2022-07-19 03:00:00,22.92,44.4264,26.1406,11.23,44.4264,26.1406,22.21,44.4264,26.1406
2022-07-19 03:00:00,2022-07-19 04:00:00,19.18,44.4264,26.1406,9.31,44.4264,26.1406,16.38,44.4264,26.1406
2022-07-19 04:00:00,2022-07-19 05:00:00,19.88,44.4264,26.1406,10.68,44.4264,26.1406,20.1,44.4264,26.1406
2022-07-19 05:00:00,2022-07-19 06:00:00,16.26,44.4264,26.1406,6.79,44.4264,26.1406,20.29,44.4264,26.1406
2022-07-19 06:00:00,2022-07-19 07:00:00,17.75,44.4264,26.1406,7.71,44.4264,26.1406,23.12,44.4264,26.1406
2022-07-19 07:00:00,2022-07-19 08:00:00,16.69,44.4264,26.1406,6.25,44.4264,26.1406,22.5,44.4264,26.1406
2022-07-19 08:00:00,2022-07-19 09:00:00,19.06,44.4264,26.1406,6.41,44.4264,26.1406,19.51,44.4264,26.1406
2022-07-19 09:00:00,2022-07-19 10:00:00,22.02,44.4264,26.1406,9.03,44.4264,26.1406,13.49,44.4264,26.1406
2022-07-19 10:00:00,2022-07-19 11:00:00,18.14,44.4264,26.1406,7.2,44.4264,26.1406,6.78,44.4264,26.1406
2022-07-19 11:00:00,2022-07-19 12:00:00,15.9,44.4264,26.1406,6.38,44.4264,26.1406,5.54,44.4264,26.1406
2022-07-19 12:00:00,2022-07-19 13:00:00,14.44,44.4264,26.1406,5.88,44.4264,26.1406,4.79,44.4264,26.1406
2022-07-19 13:00:00,2022-07-19 14:00:00,12.91,44.4264,26.1406,5.37,44.4264,26.1406,4.56,44.4264,26.1406
2022-07-19 14:00:00,2022-07-19 15:00:00,12.31,44.4264,26.1406,6.38,44.4264,26.1406,4.0,44.4264,26.1406
2022-07-19 15:00:00,2022-07-19 16:00:00,10.58,44.4264,26.1406,4.31,44.4264,26.1406,3.9,44.4264,26.1406
2022-07-19 16:00:00,2022-07-19 17:00:00,11.37,44.4264,26.1406,4.67,44.4264,26.1406,4.26,44.4264,26.1406
2022-07-19 17:00:00,2022-07-19 18:00:00,16.15,44.4264,26.1406,7.93,44.4264,26.1406,4.51,44.4264,26.1406
2022-07-19 18:00:00,2022-07-19 19:00:00,17.37,44.4264,26.1406,9.4,44.4264,26.1406,5.01,44.4264,26.1406
2022-07-19 19:00:00,2022-07-19 20:00:00,12.41,44.4264,26.1406,4.14,44.4264,26.1406,,44.4264,26.1406
2022-07-19 20:00:00,2022-07-19 21:00:00,14.67,44.4264,26.1406,4.38,44.4264,26.1406,26.91,44.4264,26.1406
2022-07-19 21:00:00,2022-07-19 22:00:00,29.67,44.4264,26.1406,14.68,44.4264,26.1406,61.86,44.4264,26.1406
2022-07-19 22:00:00,2022-07-19 23:00:00,34.6,44.4264,26.1406,15.33,44.4264,26.1406,37.3,44.4264,26.1406
2022-07-19 23:00:00,2022-07-20 00:00:00,36.97,44.4264,26.1406,13.31,44.4264,26.1406,50.35,44.4264,26.1406
2022-07-20 00:00:00,2022-07-20 01:00:00,32.11,44.4264,26.1406,13.45,44.4264,26.1406,18.01,44.4264,26.1406
2022-07-20 01:00:00,2022-07-20 02:00:00,26.71,44.4264,26.1406,12.92,44.4264,26.1406,21.87,44.4264,26.1406
2022-07-20 02:00:00,2022-07-20 03:00:00,28.22,44.4264,26.1406,12.96,44.4264,26.1406,39.56,44.4264,26.1406
2022-07-20 03:00:00,2022-07-20 04:00:00,30.67,44.4264,26.1406,13.89,44.4264,26.1406,33.56,44.4264,26.1406
2022-07-20 04:00:00,2022-07-20 05:00:00,29.27,44.4264,26.1406,13.66,44.4264,26.1406,34.29,44.4264,26.1406
2022-07-20 05:00:00,2022-07-20 06:00:00,27.28,44.4264,26.1406,13.32,44.4264,26.1406,31.01,44.4264,26.1406
2022-07-20 06:00:00,2022-07-20 07:00:00,28.82,44.4264,26.1406,15.92,44.4264,26.1406,30.81,44.4264,26.1406
2022-07-20 07:00:00,2022-07-20 08:00:00,30.98,44.4264,26.1406,17.37,44.4264,26.1406,30.88,44.4264,26.1406
2022-07-20 08:00:00,2022-07-20 09:00:00,32.58,44.4264,26.1406,16.37,44.4264,26.1406,28.93,44.4264,26.1406
2022-07-20 09:00:00,2022-07-20 10:00:00,29.81,44.4264,26.1406,13.04,44.4264,26.1406,23.32,44.4264,26.1406
2022-07-20 10:00:00,2022-07-20 11:00:00,28.56,44.4264,26.1406,13.36,44.4264,26.1406,18.67,44.4264,26.1406
2022-07-20 11:00:00,2022-07-20 12:00:00,25.13,44.4264,26.1406,9.21,44.4264,26.1406,9.86,44.4264,26.1406
2022-07-20 12:00:00,2022-07-20 13:00:00,22.18,44.4264,26.1406,9.13,44.4264,26.1406,6.02,44.4264,26.1406
2022-07-20 13:00:00,2022-07-20 14:00:00,21.3,44.4264,26.1406,11.09,44.4264,26.1406,4.56,44.4264,26.1406
2022-07-20 14:00:00,2022-07-20 15:00:00,12.69,44.4264,26.1406,4.4,44.4264,26.1406,3.75,44.4264,26.1406
2022-07-20 15:00:00,2022-07-20 16:00:00,15.43,44.4264,26.1406,8.52,44.4264,26.1406,3.31,44.4264,26.1406
2022-07-20 16:00:00,2022-07-20 17:00:00,11.98,44.4264,26.1406,5.04,44.4264,26.1406,3.65,44.4264,26.1406
2022-07-20 17:00:00,2022-07-20 18:00:00,12.47,44.4264,26.1406,6.1,44.4264,26.1406,3.65,44.4264,26.1406
2022-07-20 18:00:00,2022-07-20 19:00:00,16.02,44.4264,26.1406,8.25,44.4264,26.1406,5.75,44.4264,26.1406
2022-07-20 19:00:00,2022-07-20 20:00:00,18.24,44.4264,26.1406,9.24,44.4264,26.1406,13.26,44.4264,26.1406
2022-07-20 20:00:00,2022-07-20 21:00:00,24.9,44.4264,26.1406,14.51,44.4264,26.1406,,44.4264,26.1406
2022-07-20 21:00:00,2022-07-20 22:00:00,29.42,44.4264,26.1406,13.23,44.4264,26.1406,30.09,44.4264,26.1406
2022-07-20 22:00:00,2022-07-20 23:00:00,33.19,44.4264,26.1406,15.7,44.4264,26.1406,41.17,44.4264,26.1406
2022-07-20 23:00:00,2022-07-21 00:00:00,39.04,44.4264,26.1406,18.24,44.4264,26.1406,31.47,44.4264,26.1406
2022-07-21 00:00:00,2022-07-21 01:00:00,30.8,44.4264,26.1406,15.05,44.4264,26.1406,27.16,44.4264,26.1406
2022-07-21 01:00:00,2022-07-21 02:00:00,26.72,44.4264,26.1406,15.11,44.4264,26.1406,21.75,44.4264,26.1406
2022-07-21 02:00:00,2022-07-21 03:00:00,23.7,44.4264,26.1406,13.49,44.4264,26.1406,18.65,44.4264,26.1406
2022-07-21 03:00:00,2022-07-21 04:00:00,27.06,44.4264,26.1406,17.78,44.4264,26.1406,24.13,44.4264,26.1406
2022-07-21 04:00:00,2022-07-21 05:00:00,23.61,44.4264,26.1406,14.46,44.4264,26.1406,22.86,44.4264,26.1406
2022-07-21 05:00:00,2022-07-21 06:00:00,19.63,44.4264,26.1406,10.02,44.4264,26.1406,24.16,44.4264,26.1406
2022-07-21 06:00:00,2022-07-21 07:00:00,21.91,44.4264,26.1406,10.1,44.4264,26.1406,20.35,44.4264,26.1406
2022-07-21 07:00:00,2022-07-21 08:00:00,24.69,44.4264,26.1406,10.06,44.4264,26.1406,12.11,44.4264,26.1406
2022-07-21 08:00:00,2022-07-21 09:00:00,29.64,44.4264,26.1406,9.68,44.4264,26.1406,11.83,44.4264,26.1406
2022-07-21 09:00:00,2022-07-21 10:00:00,27.82,44.4264,26.1406,8.9,44.4264,26.1406,11.11,44.4264,26.1406
2022-07-21 10:00:00,2022-07-21 11:00:00,28.55,44.4264,26.1406,9.54,44.4264,26.1406,10.22,44.4264,26.1406
2022-07-21 11:00:00,2022-07-21 12:00:00,29.04,44.4264,26.1406,11.08,44.4264,26.1406,9.16,44.4264,26.1406
2022-07-21 12:00:00,2022-07-21 13:00:00,27.07,44.4264,26.1406,11.62,44.4264,26.1406,6.8,44.4264,26.1406
2022-07-21 13:00:00,2022-07-21 14:00:00,26.03,44.4264,26.1406,12.47,44.4264,26.1406,5.08,44.4264,26.1406
2022-07-21 14:00:00,2022-07-21 15:00:00,26.81,44.4264,26.1406,13.34,44.4264,26.1406,5.61,44.4264,26.1406
2022-07-21 15:00:00,2022-07-21 16:00:00,27.06,44.4264,26.1406,12.83,44.4264,26.1406,5.23,44.4264,26.1406
2022-07-21 16:00:00,2022-07-21 17:00:00,25.07,44.4264,26.1406,10.67,44.4264,26.1406,17.94,44.4264,26.1406
2022-07-21 17:00:00,2022-07-21 18:00:00,32.62,44.4264,26.1406,12.8,44.4264,26.1406,25.81,44.4264,26.1406
2022-07-21 18:00:00,2022-07-21 19:00:00,33.78,44.4264,26.1406,10.46,44.4264,26.1406,20.48,44.4264,26.1406
2022-07-21 19:00:00,2022-07-21 20:00:00,35.16,44.4264,26.1406,12.94,44.4264,26.1406,20.06,44.4264,26.1406
2022-07-21 20:00:00,2022-07-21 21:00:00,29.85,44.4264,26.1406,9.82,44.4264,26.1406,26.46,44.4264,26.1406
2022-07-21 21:00:00,2022-07-21 22:00:00,30.85,44.4264,26.1406,10.6,44.4264,26.1406,,44.4264,26.1406
2022-07-21 22:00:00,2022-07-21 23:00:00,31.88,44.4264,26.1406,10.73,44.4264,26.1406,39.19,44.4264,26.1406
2022-07-21 23:00:00,2022-07-22 00:00:00,31.33,44.4264,26.1406,11.84,44.4264,26.1406,23.72,44.4264,26.1406
2022-07-22 00:00:00,2022-07-22 01:00:00,28.55,44.4264,26.1406,11.82,44.4264,26.1406,22.18,44.4264,26.1406
2022-07-22 01:00:00,2022-07-22 02:00:00,26.52,44.4264,26.1406,10.43,44.4264,26.1406,18.96,44.4264,26.1406
2022-07-22 02:00:00,2022-07-22 03:00:00,21.88,44.4264,26.1406,5.51,44.4264,26.1406,12.29,44.4264,26.1406
2022-07-22 03:00:00,2022-07-22 04:00:00,24.9,44.4264,26.1406,8.85,44.4264,26.1406,13.74,44.4264,26.1406
2022-07-22 04:00:00,2022-07-22 05:00:00,24.31,44.4264,26.1406,8.73,44.4264,26.1406,16.57,44.4264,26.1406
2022-07-22 05:00:00,2022-07-22 06:00:00,26.03,44.4264,26.1406,10.21,44.4264,26.1406,26.98,44.4264,26.1406
2022-07-22 06:00:00,2022-07-22 07:00:00,31.13,44.4264,26.1406,12.15,44.4264,26.1406,33.19,44.4264,26.1406
2022-07-22 07:00:00,2022-07-22 08:00:00,27.93,44.4264,26.1406,8.46,44.4264,26.1406,22.34,44.4264,26.1406
2022-07-22 08:00:00,2022-07-22 09:00:00,22.64,44.4264,26.1406,3.47,44.4264,26.1406,11.72,44.4264,26.1406
2022-07-22 09:00:00,2022-07-22 10:00:00,26.97,44.4264,26.1406,7.16,44.4264,26.1406,8.79,44.4264,26.1406
2022-07-22 10:00:00,2022-07-22 11:00:00,21.67,44.4264,26.1406,8.57,44.4264,26.1406,6.23,44.4264,26.1406
2022-07-22 11:00:00,2022-07-22 12:00:00,18.56,44.4264,26.1406,9.07,44.4264,26.1406,5.03,44.4264,26.1406
2022-07-22 12:00:00,2022-07-22 13:00:00,16.07,44.4264,26.1406,5.54,44.4264,26.1406,4.55,44.4264,26.1406
2022-07-22 13:00:00,2022-07-22 14:00:00,17.87,44.4264,26.1406,6.42,44.4264,26.1406,4.26,44.4264,26.1406
2022-07-22 14:00:00,2022-07-22 15:00:00,24.71,44.4264,26.1406,12.15,44.4264,26.1406,4.09,44.4264,26.1406
2022-07-22 15:00:00,2022-07-22 16:00:00,23.33,44.4264,26.1406,9.5,44.4264,26.1406,3.8,44.4264,26.1406
2022-07-22 16:00:00,2022-07-22 17:00:00,19.57,44.4264,26.1406,7.12,44.4264,26.1406,3.96,44.4264,26.1406
2022-07-22 17:00:00,2022-07-22 18:00:00,16.03,44.4264,26.1406,2.52,44.4264,26.1406,6.21,44.4264,26.1406
2022-07-22 18:00:00,2022-07-22 19:00:00,20.49,44.4264,26.1406,7.87,44.4264,26.1406,9.11,44.4264,26.1406
2022-07-22 19:00:00,2022-07-22 20:00:00,21.8,44.4264,26.1406,9.19,44.4264,26.1406,15.26,44.4264,26.1406
2022-07-22 20:00:00,2022-07-22 21:00:00,24.77,44.4264,26.1406,9.63,44.4264,26.1406,27.48,44.4264,26.1406
2022-07-22 21:00:00,2022-07-22 22:00:00,31.33,44.4264,26.1406,10.77,44.4264,26.1406,34.55,44.4264,26.1406
2022-07-22 22:00:00,2022-07-22 23:00:00,30.77,44.4264,26.1406,10.52,44.4264,26.1406,,44.4264,26.1406
2022-07-22 23:00:00,2022-07-23 00:00:00,31.8,44.4264,26.1406,15.16,44.4264,26.1406,36.58,44.4264,26.1406
2022-07-23 00:00:00,2022-07-23 01:00:00,38.63,44.4264,26.1406,17.68,44.4264,26.1406,53.48,44.4264,26.1406
2022-07-23 01:00:00,2022-07-23 02:00:00,43.48,44.4264,26.1406,17.91,44.4264,26.1406,40.22,44.4264,26.1406
2022-07-23 02:00:00,2022-07-23 03:00:00,34.25,44.4264,26.1406,13.59,44.4264,26.1406,35.72,44.4264,26.1406
2022-07-23 03:00:00,2022-07-23 04:00:00,30.82,44.4264,26.1406,13.81,44.4264,26.1406,19.6,44.4264,26.1406
2022-07-23 04:00:00,2022-07-23 05:00:00,26.2,44.4264,26.1406,12.16,44.4264,26.1406,19.77,44.4264,26.1406
2022-07-23 05:00:00,2022-07-23 06:00:00,26.82,44.4264,26.1406,11.62,44.4264,26.1406,24.23,44.4264,26.1406
2022-07-23 06:00:00,2022-07-23 07:00:00,30.01,44.4264,26.1406,13.84,44.4264,26.1406,18.85,44.4264,26.1406
2022-07-23 07:00:00,2022-07-23 08:00:00,26.86,44.4264,26.1406,11.48,44.4264,26.1406,15.5,44.4264,26.1406
2022-07-23 08:00:00,2022-07-23 09:00:00,33.94,44.4264,26.1406,13.71,44.4264,26.1406,15.74,44.4264,26.1406
2022-07-23 09:00:00,2022-07-23 10:00:00,36.35,44.4264,26.1406,11.01,44.4264,26.1406,13.4,44.4264,26.1406
2022-07-23 10:00:00,2022-07-23 11:00:00,26.39,44.4264,26.1406,10.47,44.4264,26.1406,11.13,44.4264,26.1406
2022-07-23 11:00:00,2022-07-23 12:00:00,26.39,44.4264,26.1406,9.49,44.4264,26.1406,9.45,44.4264,26.1406
2022-07-23 12:00:00,2022-07-23 13:00:00,25.45,44.4264,26.1406,8.02,44.4264,26.1406,7.16,44.4264,26.1406
2022-07-23 13:00:00,2022-07-23 14:00:00,25.94,44.4264,26.1406,12.32,44.4264,26.1406,4.86,44.4264,26.1406
2022-07-23 14:00:00,2022-07-23 15:00:00,24.33,44.4264,26.1406,10.74,44.4264,26.1406,4.69,44.4264,26.1406
2022-07-23 15:00:00,2022-07-23 16:00:00,31.83,44.4264,26.1406,18.3,44.4264,26.1406,4.53,44.4264,26.1406
2022-07-23 16:00:00,2022-07-23 17:00:00,31.18,44.4264,26.1406,16.91,44.4264,26.1406,4.9,44.4264,26.1406
2022-07-23 17:00:00,2022-07-23 18:00:00,28.35,44.4264,26.1406,14.26,44.4264,26.1406,3.49,44.4264,26.1406
2022-07-23 18:00:00,2022-07-23 19:00:00,23.09,44.4264,26.1406,8.93,44.4264,26.1406,3.13,44.4264,26.1406
2022-07-23 19:00:00,2022-07-23 20:00:00,26.74,44.4264,26.1406,11.99,44.4264,26.1406,23.85,44.4264,26.1406
2022-07-23 20:00:00,2022-07-23 21:00:00,36.66,44.4264,26.1406,16.59,44.4264,26.1406,34.59,44.4264,26.1406
2022-07-23 21:00:00,2022-07-23 22:00:00,38.71,44.4264,26.1406,16.93,44.4264,26.1406,39.59,44.4264,26.1406
2022-07-23 22:00:00,2022-07-23 23:00:00,46.11,44.4264,26.1406,15.41,44.4264,26.1406,30.77,44.4264,26.1406
2022-07-23 23:00:00,2022-07-24 00:00:00,39.61,44.4264,26.1406,13.97,44.4264,26.1406,,44.4264,26.1406
2022-07-24 00:00:00,2022-07-24 01:00:00,41.4,44.4264,26.1406,16.83,44.4264,26.1406,21.99,44.4264,26.1406
2022-07-24 01:00:00,2022-07-24 02:00:00,33.03,44.4264,26.1406,13.37,44.4264,26.1406,26.06,44.4264,26.1406
2022-07-24 02:00:00,2022-07-24 03:00:00,29.95,44.4264,26.1406,13.92,44.4264,26.1406,18.81,44.4264,26.1406
2022-07-24 03:00:00,2022-07-24 04:00:00,26.1,44.4264,26.1406,13.25,44.4264,26.1406,15.41,44.4264,26.1406
2022-07-24 04:00:00,2022-07-24 05:00:00,23.78,44.4264,26.1406,12.03,44.4264,26.1406,22.9,44.4264,26.1406
2022-07-24 05:00:00,2022-07-24 06:00:00,25.96,44.4264,26.1406,14.47,44.4264,26.1406,30.21,44.4264,26.1406
2022-07-24 06:00:00,2022-07-24 07:00:00,24.99,44.4264,26.1406,12.35,44.4264,26.1406,24.57,44.4264,26.1406
2022-07-24 07:00:00,2022-07-24 08:00:00,26.12,44.4264,26.1406,12.16,44.4264,26.1406,19.9,44.4264,26.1406
2022-07-24 08:00:00,2022-07-24 09:00:00,24.28,44.4264,26.1406,11.74,44.4264,26.1406,13.34,44.4264,26.1406
2022-07-24 09:00:00,2022-07-24 10:00:00,23.98,44.4264,26.1406,11.01,44.4264,26.1406,12.65,44.4264,26.1406
2022-07-24 10:00:00,2022-07-24 11:00:00,29.81,44.4264,26.1406,14.34,44.4264,26.1406,10.06,44.4264,26.1406
2022-07-24 11:00:00,2022-07-24 12:00:00,34.21,44.4264,26.1406,16.5,44.4264,26.1406,8.5,44.4264,26.1406
2022-07-24 12:00:00,2022-07-24 13:00:00,33.46,44.4264,26.1406,17.54,44.4264,26.1406,6.86,44.4264,26.1406
2022-07-24 13:00:00,2022-07-24 14:00:00,31.27,44.4264,26.1406,15.17,44.4264,26.1406,5.75,44.4264,26.1406
2022-07-24 14:00:00,2022-07-24 15:00:00,22.57,44.4264,26.1406,7.99,44.4264,26.1406,3.6,44.4264,26.1406
2022-07-24 15:00:00,2022-07-24 16:00:00,23.37,44.4264,26.1406,11.33,44.4264,26.1406,3.22,44.4264,26.1406
2022-07-24 16:00:00,2022-07-24 17:00:00,23.86,44.4264,26.1406,10.91,44.4264,26.1406,3.32,44.4264,26.1406
2022-07-24 17:00:00,2022-07-24 18:00:00,34.27,44.4264,26.1406,16.36,44.4264,26.1406,6.76,44.4264,26.1406
2022-07-24 18:00:00,2022-07-24 19:00:00,30.98,44.4264,26.1406,10.58,44.4264,26.1406,12.13,44.4264,26.1406
2022-07-24 19:00:00,2022-07-24 20:00:00,20.08,44.4264,26.1406,8.37,44.4264,26.1406,21.69,44.4264,26.1406
2022-07-24 20:00:00,2022-07-24 21:00:00,25.06,44.4264,26.1406,13.07,44.4264,26.1406,12.78,44.4264,26.1406
2022-07-24 21:00:00,2022-07-24 22:00:00,26.18,44.4264,26.1406,10.8,44.4264,26.1406,7.65,44.4264,26.1406
2022-07-24 22:00:00,2022-07-24 23:00:00,16.18,44.4264,26.1406,8.26,44.4264,26.1406,8.17,44.4264,26.1406
2022-07-24 23:00:00,2022-07-25 00:00:00,18.37,44.4264,26.1406,12.35,44.4264,26.1406,8.31,44.4264,26.1406
2022-07-25 00:00:00,2022-07-25 01:00:00,17.16,44.4264,26.1406,11.36,44.4264,26.1406,,44.4264,26.1406
2022-07-25 01:00:00,2022-07-25 02:00:00,15.81,44.4264,26.1406,8.92,44.4264,26.1406,9.62,44.4264,26.1406
2022-07-25 02:00:00,2022-07-25 03:00:00,14.38,44.4264,26.1406,8.18,44.4264,26.1406,9.68,44.4264,26.1406
2022-07-25 03:00:00,2022-07-25 04:00:00,15.36,44.4264,26.1406,10.36,44.4264,26.1406,8.37,44.4264,26.1406
2022-07-25 04:00:00,2022-07-25 05:00:00,11.46,44.4264,26.1406,7.57,44.4264,26.1406,10.68,44.4264,26.1406
2022-07-25 05:00:00,2022-07-25 06:00:00,15.4,44.4264,26.1406,10.56,44.4264,26.1406,16.61,44.4264,26.1406
2022-07-25 06:00:00,2022-07-25 07:00:00,12.67,44.4264,26.1406,7.75,44.4264,26.1406,15.06,44.4264,26.1406
2022-07-25 07:00:00,2022-07-25 08:00:00,14.64,44.4264,26.1406,9.2,44.4264,26.1406,13.53,44.4264,26.1406
2022-07-25 08:00:00,2022-07-25 09:00:00,20.27,44.4264,26.1406,12.66,44.4264,26.1406,9.47,44.4264,26.1406
2022-07-25 09:00:00,2022-07-25 10:00:00,18.79,44.4264,26.1406,9.45,44.4264,26.1406,8.22,44.4264,26.1406
2022-07-25 10:00:00,2022-07-25 11:00:00,19.49,44.4264,26.1406,8.95,44.4264,26.1406,10.67,44.4264,26.1406
2022-07-25 11:00:00,2022-07-25 12:00:00,16.05,44.4264,26.1406,6.43,44.4264,26.1406,9.13,44.4264,26.1406
2022-07-25 12:00:00,2022-07-25 13:00:00,18.01,44.4264,26.1406,9.19,44.4264,26.1406,7.06,44.4264,26.1406
2022-07-25 13:00:00,2022-07-25 14:00:00,17.04,44.4264,26.1406,9.51,44.4264,26.1406,6.43,44.4264,26.1406
2022-07-25 14:00:00,2022-07-25 15:00:00,20.13,44.4264,26.1406,11.76,44.4264,26.1406,6.02,44.4264,26.1406
2022-07-25 15:00:00,2022-07-25 16:00:00,21.92,44.4264,26.1406,14.95,44.4264,26.1406,4.88,44.4264,26.1406
2022-07-25 16:00:00,2022-07-25 17:00:00,19.64,44.4264,26.1406,12.83,44.4264,26.1406,5.44,44.4264,26.1406
2022-07-25 17:00:00,2022-07-25 18:00:00,18.16,44.4264,26.1406,9.85,44.4264,26.1406,7.2,44.4264,26.1406
2022-07-25 18:00:00,2022-07-25 19:00:00,23.67,44.4264,26.1406,14.78,44.4264,26.1406,7.41,44.4264,26.1406
2022-07-25 19:00:00,2022-07-25 20:00:00,18.96,44.4264,26.1406,9.48,44.4264,26.1406,9.09,44.4264,26.1406
2022-07-25 20:00:00,2022-07-25 21:00:00,17.82,44.4264,26.1406,9.58,44.4264,26.1406,20.42,44.4264,26.1406
2022-07-25 21:00:00,2022-07-25 22:00:00,25.17,44.4264,26.1406,13.79,44.4264,26.1406,27.77,44.4264,26.1406
2022-07-25 22:00:00,2022-07-25 23:00:00,24.96,44.4264,26.1406,13.4,44.4264,26.1406,23.31,44.4264,26.1406
2022-07-25 23:00:00,2022-07-26 00:00:00,25.29,44.4264,26.1406,14.45,44.4264,26.1406,23.57,44.4264,26.1406
2022-07-26 00:00:00,2022-07-26 01:00:00,26.18,44.4264,26.1406,14.04,44.4264,26.1406,23.09,44.4264,26.1406
2022-07-26 01:00:00,2022-07-26 02:00:00,24.77,44.4264,26.1406,12.91,44.4264,26.1406,,44.4264,26.1406
2022-07-26 02:00:00,2022-07-26 03:00:00,23.71,44.4264,26.1406,10.6,44.4264,26.1406,11.44,44.4264,26.1406
2022-07-26 03:00:00,2022-07-26 04:00:00,25.49,44.4264,26.1406,12.93,44.4264,26.1406,19.81,44.4264,26.1406
2022-07-26 04:00:00,2022-07-26 05:00:00,22.05,44.4264,26.1406,12.96,44.4264,26.1406,17.59,44.4264,26.1406
2022-07-26 05:00:00,2022-07-26 06:00:00,21.32,44.4264,26.1406,9.83,44.4264,26.1406,25.84,44.4264,26.1406
2022-07-26 06:00:00,2022-07-26 07:00:00,27.64,44.4264,26.1406,14.94,44.4264,26.1406,33.36,44.4264,26.1406
2022-07-26 07:00:00,2022-07-26 08:00:00,30.16,44.4264,26.1406,12.11,44.4264,26.1406,34.99,44.4264,26.1406
2022-07-26 08:00:00,2022-07-26 09:00:00,30.46,44.4264,26.1406,12.3,44.4264,26.1406,30.11,44.4264,26.1406
2022-07-26 09:00:00,2022-07-26 10:00:00,37.8,44.4264,26.1406,17.72,44.4264,26.1406,31.28,44.4264,26.1406
2022-07-26 10:00:00,2022-07-26 11:00:00,35.2,44.4264,26.1406,16.3,44.4264,26.1406,17.88,44.4264,26.1406
2022-07-26 11:00:00,2022-07-26 12:00:00,26.89,44.4264,26.1406,9.93,44.4264,26.1406,6.29,44.4264,26.1406
2022-07-26 12:00:00,2022-07-26 13:00:00,20.07,44.4264,26.1406,10.32,44.4264,26.1406,4.53,44.4264,26.1406
2022-07-26 13:00:00,2022-07-26 14:00:00,17.2,44.4264,26.1406,10.18,44.4264,26.1406,4.53,44.4264,26.1406
2022-07-26 14:00:00,2022-07-26 15:00:00,19.5,44.4264,26.1406,13.07,44.4264,26.1406,4.16,44.4264,26.1406
2022-07-26 15:00:00,2022-07-26 16:00:00,19.24,44.4264,26.1406,14.16,44.4264,26.1406,5.34,44.4264,26.1406
2022-07-26 16:00:00,2022-07-26 17:00:00,16.68,44.4264,26.1406,10.27,44.4264,26.1406,4.42,44.4264,26.1406
2022-07-26 17:00:00,2022-07-26 18:00:00,16.33,44.4264,26.1406,10.56,44.4264,26.1406,3.87,44.4264,26.1406
2022-07-26 18:00:00,2022-07-26 19:00:00,16.62,44.4264,26.1406,12.02,44.4264,26.1406,4.5,44.4264,26.1406
2022-07-26 19:00:00,2022-07-26 20:00:00,19.42,44.4264,26.1406,14.1,44.4264,26.1406,14.66,44.4264,26.1406
2022-07-26 20:00:00,2022-07-26 21:00:00,22.59,44.4264,26.1406,14.89,44.4264,26.1406,24.42,44.4264,26.1406
2022-07-26 21:00:00,2022-07-26 22:00:00,26.48,44.4264,26.1406,16.19,44.4264,26.1406,42.72,44.4264,26.1406
2022-07-26 22:00:00,2022-07-26 23:00:00,28.48,44.4264,26.1406,10.38,44.4264,26.1406,76.24,44.4264,26.1406
2022-07-26 23:00:00,2022-07-27 00:00:00,37.33,44.4264,26.1406,18.7,44.4264,26.1406,52.92,44.4264,26.1406
2022-07-27 00:00:00,2022-07-27 01:00:00,33.84,44.4264,26.1406,20.5,44.4264,26.1406,44.33,44.4264,26.1406
2022-07-27 01:00:00,2022-07-27 02:00:00,25.41,44.4264,26.1406,12.27,44.4264,26.1406,52.68,44.4264,26.1406
2022-07-27 02:00:00,2022-07-27 03:00:00,24.63,44.4264,26.1406,10.39,44.4264,26.1406,,44.4264,26.1406
2022-07-27 03:00:00,2022-07-27 04:00:00,28.1,44.4264,26.1406,17.67,44.4264,26.1406,27.33,44.4264,26.1406
2022-07-27 04:00:00,2022-07-27 05:00:00,24.16,44.4264,26.1406,16.0,44.4264,26.1406,17.41,44.4264,26.1406
2022-07-27 05:00:00,2022-07-27 06:00:00,28.92,44.4264,26.1406,22.0,44.4264,26.1406,26.1,44.4264,26.1406
2022-07-27 06:00:00,2022-07-27 07:00:00,29.63,44.4264,26.1406,13.88,44.4264,26.1406,37.49,44.4264,26.1406
2022-07-27 07:00:00,2022-07-27 08:00:00,60.57,44.4264,26.1406,34.49,44.4264,26.1406,44.0,44.4264,26.1406
2022-07-27 08:00:00,2022-07-27 09:00:00,40.8,44.4264,26.1406,21.34,44.4264,26.1406,53.72,44.4264,26.1406
2022-07-27 09:00:00,2022-07-27 10:00:00,52.36,44.4264,26.1406,27.67,44.4264,26.1406,43.08,44.4264,26.1406
2022-07-27 10:00:00,2022-07-27 11:00:00,49.04,44.4264,26.1406,21.0,44.4264,26.1406,31.16,44.4264,26.1406
2022-07-27 11:00:00,2022-07-27 12:00:00,63.89,44.4264,26.1406,37.99,44.4264,26.1406,15.09,44.4264,26.1406
2022-07-27 12:00:00,2022-07-27 13:00:00,47.75,44.4264,26.1406,28.55,44.4264,26.1406,,44.4264,26.1406
2022-07-27 13:00:00,2022-07-27 14:00:00,23.6,44.4264,26.1406,15.27,44.4264,26.1406,,44.4264,26.1406
2022-07-27 14:00:00,2022-07-27 15:00:00,30.64,44.4264,26.1406,14.03,44.4264,26.1406,,44.4264,26.1406
2022-07-27 15:00:00,2022-07-27 16:00:00,78.6,44.4264,26.1406,12.15,44.4264,26.1406,6.0,44.4264,26.1406
2022-07-27 17:00:00,2022-07-27 18:00:00,5.98,44.4264,26.1406,2.46,44.4264,26.1406,6.44,44.4264,26.1406
2022-07-27 18:00:00,2022-07-27 19:00:00,32.5,44.4264,26.1406,11.84,44.4264,26.1406,13.48,44.4264,26.1406
2022-07-27 19:00:00,2022-07-27 20:00:00,22.04,44.4264,26.1406,7.3,44.4264,26.1406,11.93,44.4264,26.1406
2022-07-27 20:00:00,2022-07-27 21:00:00,19.43,44.4264,26.1406,10.79,44.4264,26.1406,15.85,44.4264,26.1406
2022-07-27 21:00:00,2022-07-27 22:00:00,20.36,44.4264,26.1406,11.37,44.4264,26.1406,12.79,44.4264,26.1406
2022-07-27 22:00:00,2022-07-27 23:00:00,24.4,44.4264,26.1406,12.17,44.4264,26.1406,9.96,44.4264,26.1406
2022-07-27 23:00:00,2022-07-28 00:00:00,29.17,44.4264,26.1406,16.8,44.4264,26.1406,9.41,44.4264,26.1406
2022-07-28 00:00:00,2022-07-28 01:00:00,23.96,44.4264,26.1406,14.1,44.4264,26.1406,6.92,44.4264,26.1406
2022-07-28 01:00:00,2022-07-28 02:00:00,21.98,44.4264,26.1406,10.21,44.4264,26.1406,6.09,44.4264,26.1406
2022-07-28 02:00:00,2022-07-28 03:00:00,21.4,44.4264,26.1406,10.07,44.4264,26.1406,5.1,44.4264,26.1406
2022-07-28 03:00:00,2022-07-28 04:00:00,17.37,44.4264,26.1406,8.11,44.4264,26.1406,5.33,44.4264,26.1406
2022-07-28 04:00:00,2022-07-28 05:00:00,13.28,44.4264,26.1406,5.83,44.4264,26.1406,6.36,44.4264,26.1406
2022-07-28 05:00:00,2022-07-28 06:00:00,14.16,44.4264,26.1406,7.35,44.4264,26.1406,9.95,44.4264,26.1406
2022-07-28 06:00:00,2022-07-28 07:00:00,13.75,44.4264,26.1406,5.59,44.4264,26.1406,13.91,44.4264,26.1406
2022-07-28 07:00:00,2022-07-28 08:00:00,17.86,44.4264,26.1406,7.79,44.4264,26.1406,10.4,44.4264,26.1406
2022-07-28 08:00:00,2022-07-28 09:00:00,20.43,44.4264,26.1406,8.86,44.4264,26.1406,11.98,44.4264,26.1406
2022-07-28 09:00:00,2022-07-28 10:00:00,21.8,44.4264,26.1406,7.91,44.4264,26.1406,11.54,44.4264,26.1406
2022-07-28 10:00:00,2022-07-28 11:00:00,21.66,44.4264,26.1406,7.83,44.4264,26.1406,10.61,44.4264,26.1406
2022-07-28 11:00:00,2022-07-28 12:00:00,24.38,44.4264,26.1406,11.76,44.4264,26.1406,11.39,44.4264,26.1406
2022-07-28 12:00:00,2022-07-28 13:00:00,22.31,44.4264,26.1406,9.37,44.4264,26.1406,8.72,44.4264,26.1406
2022-07-28 13:00:00,2022-07-28 14:00:00,22.72,44.4264,26.1406,10.06,44.4264,26.1406,8.39,44.4264,26.1406
2022-07-28 14:00:00,2022-07-28 15:00:00,23.99,44.4264,26.1406,8.17,44.4264,26.1406,10.05,44.4264,26.1406
2022-07-28 15:00:00,2022-07-28 16:00:00,25.04,44.4264,26.1406,9.64,44.4264,26.1406,,44.4264,26.1406
2022-07-28 16:00:00,2022-07-28 17:00:00,22.86,44.4264,26.1406,7.93,44.4264,26.1406,10.95,44.4264,26.1406
2022-07-28 17:00:00,2022-07-28 18:00:00,17.95,44.4264,26.1406,4.97,44.4264,26.1406,13.46,44.4264,26.1406
2022-07-28 18:00:00,2022-07-28 19:00:00,19.41,44.4264,26.1406,7.13,44.4264,26.1406,13.78,44.4264,26.1406
2022-07-28 19:00:00,2022-07-28 20:00:00,20.73,44.4264,26.1406,9.43,44.4264,26.1406,18.46,44.4264,26.1406
2022-07-28 20:00:00,2022-07-28 21:00:00,19.08,44.4264,26.1406,9.25,44.4264,26.1406,14.5,44.4264,26.1406
2022-07-28 21:00:00,2022-07-28 22:00:00,15.5,44.4264,26.1406,8.33,44.4264,26.1406,13.02,44.4264,26.1406
2022-07-28 22:00:00,2022-07-28 23:00:00,16.11,44.4264,26.1406,9.66,44.4264,26.1406,12.79,44.4264,26.1406
2022-07-28 23:00:00,2022-07-29 00:00:00,13.92,44.4264,26.1406,8.78,44.4264,26.1406,11.28,44.4264,26.1406
2022-07-29 00:00:00,2022-07-29 01:00:00,12.78,44.4264,26.1406,9.11,44.4264,26.1406,10.16,44.4264,26.1406
2022-07-29 01:00:00,2022-07-29 02:00:00,13.68,44.4264,26.1406,10.38,44.4264,26.1406,9.05,44.4264,26.1406
2022-07-29 02:00:00,2022-07-29 03:00:00,14.19,44.4264,26.1406,10.93,44.4264,26.1406,10.55,44.4264,26.1406
2022-07-29 03:00:00,2022-07-29 04:00:00,13.51,44.4264,26.1406,9.92,44.4264,26.1406,11.66,44.4264,26.1406
2022-07-29 04:00:00,2022-07-29 05:00:00,16.29,44.4264,26.1406,12.18,44.4264,26.1406,11.34,44.4264,26.1406
2022-07-29 05:00:00,2022-07-29 06:00:00,15.86,44.4264,26.1406,10.89,44.4264,26.1406,22.24,44.4264,26.1406
2022-07-29 06:00:00,2022-07-29 07:00:00,19.99,44.4264,26.1406,13.01,44.4264,26.1406,21.66,44.4264,26.1406
2022-07-29 07:00:00,2022-07-29 08:00:00,17.9,44.4264,26.1406,10.31,44.4264,26.1406,16.98,44.4264,26.1406
2022-07-29 08:00:00,2022-07-29 09:00:00,18.33,44.4264,26.1406,9.47,44.4264,26.1406,16.01,44.4264,26.1406
2022-07-29 09:00:00,2022-07-29 10:00:00,19.53,44.4264,26.1406,9.17,44.4264,26.1406,14.78,44.4264,26.1406
2022-07-29 10:00:00,2022-07-29 11:00:00,18.89,44.4264,26.1406,8.92,44.4264,26.1406,13.78,44.4264,26.1406
2022-07-29 11:00:00,2022-07-29 12:00:00,19.31,44.4264,26.1406,9.35,44.4264,26.1406,14.38,44.4264,26.1406
2022-07-29 12:00:00,2022-07-29 13:00:00,15.27,44.4264,26.1406,6.64,44.4264,26.1406,10.87,44.4264,26.1406
2022-07-29 13:00:00,2022-07-29 14:00:00,13.01,44.4264,26.1406,4.72,44.4264,26.1406,13.16,44.4264,26.1406
2022-07-29 14:00:00,2022-07-29 15:00:00,14.47,44.4264,26.1406,5.49,44.4264,26.1406,9.08,44.4264,26.1406
2022-07-29 15:00:00,2022-07-29 16:00:00,21.14,44.4264,26.1406,12.33,44.4264,26.1406,10.14,44.4264,26.1406
2022-07-29 16:00:00,2022-07-29 17:00:00,20.12,44.4264,26.1406,11.32,44.4264,26.1406,,44.4264,26.1406
2022-07-29 17:00:00,2022-07-29 18:00:00,17.45,44.4264,26.1406,9.21,44.4264,26.1406,14.36,44.4264,26.1406
2022-07-29 18:00:00,2022-07-29 19:00:00,13.71,44.4264,26.1406,4.6,44.4264,26.1406,18.48,44.4264,26.1406
2022-07-29 19:00:00,2022-07-29 20:00:00,21.3,44.4264,26.1406,10.85,44.4264,26.1406,19.46,44.4264,26.1406
2022-07-29 20:00:00,2022-07-29 21:00:00,26.92,44.4264,26.1406,12.42,44.4264,26.1406,13.84,44.4264,26.1406
2022-07-29 21:00:00,2022-07-29 22:00:00,26.16,44.4264,26.1406,10.23,44.4264,26.1406,12.17,44.4264,26.1406
2022-07-29 22:00:00,2022-07-29 23:00:00,24.6,44.4264,26.1406,13.3,44.4264,26.1406,10.79,44.4264,26.1406
2022-07-29 23:00:00,2022-07-30 00:00:00,19.89,44.4264,26.1406,11.11,44.4264,26.1406,8.63,44.4264,26.1406
2022-07-30 00:00:00,2022-07-30 01:00:00,18.67,44.4264,26.1406,11.53,44.4264,26.1406,7.48,44.4264,26.1406
2022-07-30 01:00:00,2022-07-30 02:00:00,15.46,44.4264,26.1406,10.08,44.4264,26.1406,6.19,44.4264,26.1406
2022-07-30 02:00:00,2022-07-30 03:00:00,12.9,44.4264,26.1406,8.4,44.4264,26.1406,5.46,44.4264,26.1406
2022-07-30 03:00:00,2022-07-30 04:00:00,13.19,44.4264,26.1406,9.81,44.4264,26.1406,6.6,44.4264,26.1406
2022-07-30 04:00:00,2022-07-30 05:00:00,10.56,44.4264,26.1406,7.75,44.4264,26.1406,7.97,44.4264,26.1406
2022-07-30 05:00:00,2022-07-30 06:00:00,9.95,44.4264,26.1406,7.09,44.4264,26.1406,10.86,44.4264,26.1406
2022-07-30 06:00:00,2022-07-30 07:00:00,13.7,44.4264,26.1406,9.6,44.4264,26.1406,13.54,44.4264,26.1406
2022-07-30 07:00:00,2022-07-30 08:00:00,16.45,44.4264,26.1406,8.98,44.4264,26.1406,12.42,44.4264,26.1406
2022-07-30 08:00:00,2022-07-30 09:00:00,22.06,44.4264,26.1406,13.46,44.4264,26.1406,10.91,44.4264,26.1406
2022-07-30 09:00:00,2022-07-30 10:00:00,22.21,44.4264,26.1406,10.77,44.4264,26.1406,10.42,44.4264,26.1406
2022-07-30 10:00:00,2022-07-30 11:00:00,23.63,44.4264,26.1406,12.7,44.4264,26.1406,8.87,44.4264,26.1406
2022-07-30 11:00:00,2022-07-30 12:00:00,21.38,44.4264,26.1406,10.75,44.4264,26.1406,7.83,44.4264,26.1406
2022-07-30 12:00:00,2022-07-30 13:00:00,19.03,44.4264,26.1406,7.87,44.4264,26.1406,8.51,44.4264,26.1406
2022-07-30 13:00:00,2022-07-30 14:00:00,21.34,44.4264,26.1406,10.92,44.4264,26.1406,9.79,44.4264,26.1406
2022-07-30 14:00:00,2022-07-30 15:00:00,23.92,44.4264,26.1406,10.65,44.4264,26.1406,6.08,44.4264,26.1406
2022-07-30 15:00:00,2022-07-30 16:00:00,24.46,44.4264,26.1406,10.7,44.4264,26.1406,7.63,44.4264,26.1406
2022-07-30 16:00:00,2022-07-30 17:00:00,19.3,44.4264,26.1406,8.16,44.4264,26.1406,10.19,44.4264,26.1406
2022-07-30 17:00:00,2022-07-30 18:00:00,19.81,44.4264,26.1406,6.88,44.4264,26.1406,,44.4264,26.1406
2022-07-30 18:00:00,2022-07-30 19:00:00,24.52,44.4264,26.1406,10.35,44.4264,26.1406,16.47,44.4264,26.1406
2022-07-30 19:00:00,2022-07-30 20:00:00,41.22,44.4264,26.1406,12.9,44.4264,26.1406,12.43,44.4264,26.1406
2022-07-30 20:00:00,2022-07-30 21:00:00,28.4,44.4264,26.1406,14.8,44.4264,26.1406,19.9,44.4264,26.1406
2022-07-30 21:00:00,2022-07-30 22:00:00,28.62,44.4264,26.1406,15.52,44.4264,26.1406,17.16,44.4264,26.1406
2022-07-30 22:00:00,2022-07-30 23:00:00,27.9,44.4264,26.1406,14.62,44.4264,26.1406,12.08,44.4264,26.1406
2022-07-30 23:00:00,2022-07-31 00:00:00,28.21,44.4264,26.1406,16.57,44.4264,26.1406,7.63,44.4264,26.1406
2022-07-31 00:00:00,2022-07-31 01:00:00,30.37,44.4264,26.1406,15.71,44.4264,26.1406,3.76,44.4264,26.1406
2022-07-31 01:00:00,2022-07-31 02:00:00,19.89,44.4264,26.1406,8.37,44.4264,26.1406,3.5,44.4264,26.1406
2022-07-31 02:00:00,2022-07-31 03:00:00,20.95,44.4264,26.1406,9.75,44.4264,26.1406,6.8,44.4264,26.1406
2022-07-31 03:00:00,2022-07-31 04:00:00,21.46,44.4264,26.1406,13.54,44.4264,26.1406,7.91,44.4264,26.1406
2022-07-31 04:00:00,2022-07-31 05:00:00,17.38,44.4264,26.1406,11.1,44.4264,26.1406,6.81,44.4264,26.1406
2022-07-31 05:00:00,2022-07-31 06:00:00,15.9,44.4264,26.1406,11.5,44.4264,26.1406,7.2,44.4264,26.1406
2022-07-31 06:00:00,2022-07-31 07:00:00,14.23,44.4264,26.1406,9.74,44.4264,26.1406,7.72,44.4264,26.1406
2022-07-31 07:00:00,2022-07-31 08:00:00,14.29,44.4264,26.1406,10.29,44.4264,26.1406,9.7,44.4264,26.1406
2022-07-31 08:00:00,2022-07-31 09:00:00,16.01,44.4264,26.1406,12.73,44.4264,26.1406,9.1,44.4264,26.1406
2022-07-31 09:00:00,2022-07-31 10:00:00,17.66,44.4264,26.1406,13.71,44.4264,26.1406,8.04,44.4264,26.1406
2022-07-31 10:00:00,2022-07-31 11:00:00,14.39,44.4264,26.1406,9.75,44.4264,26.1406,5.87,44.4264,26.1406
2022-07-31 11:00:00,2022-07-31 12:00:00,14.88,44.4264,26.1406,11.26,44.4264,26.1406,4.41,44.4264,26.1406
2022-07-31 12:00:00,2022-07-31 13:00:00,20.77,44.4264,26.1406,16.12,44.4264,26.1406,4.03,44.4264,26.1406
2022-07-31 13:00:00,2022-07-31 14:00:00,27.31,44.4264,26.1406,22.74,44.4264,26.1406,4.04,44.4264,26.1406
2022-07-31 14:00:00,2022-07-31 15:00:00,19.16,44.4264,26.1406,13.93,44.4264,26.1406,4.52,44.4264,26.1406
2022-07-31 15:00:00,2022-07-31 16:00:00,16.1,44.4264,26.1406,11.15,44.4264,26.1406,5.15,44.4264,26.1406
2022-07-31 16:00:00,2022-07-31 17:00:00,10.57,44.4264,26.1406,6.99,44.4264,26.1406,5.5,44.4264,26.1406
2022-07-31 17:00:00,2022-07-31 18:00:00,13.06,44.4264,26.1406,9.78,44.4264,26.1406,5.71,44.4264,26.1406
2022-07-31 18:00:00,2022-07-31 19:00:00,10.63,44.4264,26.1406,7.52,44.4264,26.1406,,44.4264,26.1406
2022-07-31 19:00:00,2022-07-31 20:00:00,10.2,44.4264,26.1406,7.73,44.4264,26.1406,11.48,44.4264,26.1406
2022-07-31 20:00:00,2022-07-31 21:00:00,8.1,44.4264,26.1406,5.34,44.4264,26.1406,12.81,44.4264,26.1406
2022-07-31 21:00:00,2022-07-31 22:00:00,8.46,44.4264,26.1406,4.92,44.4264,26.1406,24.15,44.4264,26.1406
2022-07-31 22:00:00,2022-07-31 23:00:00,15.07,44.4264,26.1406,11.32,44.4264,26.1406,25.16,44.4264,26.1406
2022-07-31 23:00:00,2022-08-01 00:00:00,13.07,44.4264,26.1406,10.37,44.4264,26.1406,18.19,44.4264,26.1406
2022-08-01 00:00:00,2022-08-01 01:00:00,12.3,44.4264,26.1406,9.43,44.4264,26.1406,8.46,44.4264,26.1406
2022-08-01 01:00:00,2022-08-01 02:00:00,11.94,44.4264,26.1406,10.12,44.4264,26.1406,7.79,44.4264,26.1406
2022-08-01 02:00:00,2022-08-01 03:00:00,12.56,44.4264,26.1406,10.2,44.4264,26.1406,8.02,44.4264,26.1406
2022-08-01 03:00:00,2022-08-01 04:00:00,11.97,44.4264,26.1406,9.33,44.4264,26.1406,11.04,44.4264,26.1406
2022-08-01 04:00:00,2022-08-01 05:00:00,18.25,44.4264,26.1406,14.7,44.4264,26.1406,16.93,44.4264,26.1406
2022-08-01 05:00:00,2022-08-01 06:00:00,17.91,44.4264,26.1406,13.46,44.4264,26.1406,21.44,44.4264,26.1406
2022-08-01 06:00:00,2022-08-01 07:00:00,17.89,44.4264,26.1406,11.91,44.4264,26.1406,23.71,44.4264,26.1406
2022-08-01 07:00:00,2022-08-01 08:00:00,25.15,44.4264,26.1406,14.64,44.4264,26.1406,24.91,44.4264,26.1406
2022-08-01 08:00:00,2022-08-01 09:00:00,24.63,44.4264,26.1406,14.49,44.4264,26.1406,18.97,44.4264,26.1406
2022-08-01 09:00:00,2022-08-01 10:00:00,17.37,44.4264,26.1406,10.38,44.4264,26.1406,7.57,44.4264,26.1406
2022-08-01 10:00:00,2022-08-01 11:00:00,8.98,44.4264,26.1406,3.74,44.4264,26.1406,7.45,44.4264,26.1406
2022-08-01 11:00:00,2022-08-01 12:00:00,10.05,44.4264,26.1406,3.92,44.4264,26.1406,6.04,44.4264,26.1406
2022-08-01 12:00:00,2022-08-01 13:00:00,11.81,44.4264,26.1406,5.81,44.4264,26.1406,3.8,44.4264,26.1406
2022-08-01 13:00:00,2022-08-01 14:00:00,14.2,44.4264,26.1406,8.35,44.4264,26.1406,3.29,44.4264,26.1406
2022-08-01 14:00:00,2022-08-01 15:00:00,11.11,44.4264,26.1406,5.99,44.4264,26.1406,2.85,44.4264,26.1406
2022-08-01 15:00:00,2022-08-01 16:00:00,8.44,44.4264,26.1406,3.56,44.4264,26.1406,2.18,44.4264,26.1406
2022-08-01 16:00:00,2022-08-01 17:00:00,7.19,44.4264,26.1406,3.13,44.4264,26.1406,1.84,44.4264,26.1406
2022-08-01 17:00:00,2022-08-01 18:00:00,6.87,44.4264,26.1406,2.1,44.4264,26.1406,3.28,44.4264,26.1406
2022-08-01 18:00:00,2022-08-01 19:00:00,8.32,44.4264,26.1406,3.05,44.4264,26.1406,5.9,44.4264,26.1406
2022-08-01 19:00:00,2022-08-01 20:00:00,9.75,44.4264,26.1406,5.39,44.4264,26.1406,,44.4264,26.1406
2022-08-01 20:00:00,2022-08-01 21:00:00,12.34,44.4264,26.1406,6.23,44.4264,26.1406,32.23,44.4264,26.1406
2022-08-01 21:00:00,2022-08-01 22:00:00,14.67,44.4264,26.1406,7.02,44.4264,26.1406,17.14,44.4264,26.1406
2022-08-01 22:00:00,2022-08-01 23:00:00,8.72,44.4264,26.1406,2.84,44.4264,26.1406,17.57,44.4264,26.1406
2022-08-01 23:00:00,2022-08-02 00:00:00,9.23,44.4264,26.1406,4.55,44.4264,26.1406,13.46,44.4264,26.1406
2022-08-02 00:00:00,2022-08-02 01:00:00,9.84,44.4264,26.1406,5.75,44.4264,26.1406,15.58,44.4264,26.1406
2022-08-02 01:00:00,2022-08-02 02:00:00,8.49,44.4264,26.1406,4.59,44.4264,26.1406,12.73,44.4264,26.1406
2022-08-02 02:00:00,2022-08-02 03:00:00,8.66,44.4264,26.1406,4.84,44.4264,26.1406,13.04,44.4264,26.1406
2022-08-02 03:00:00,2022-08-02 04:00:00,7.55,44.4264,26.1406,4.12,44.4264,26.1406,26.21,44.4264,26.1406
2022-08-02 04:00:00,2022-08-02 05:00:00,10.02,44.4264,26.1406,7.34,44.4264,26.1406,25.24,44.4264,26.1406
2022-08-02 05:00:00,2022-08-02 06:00:00,10.31,44.4264,26.1406,6.53,44.4264,26.1406,31.63,44.4264,26.1406
2022-08-02 06:00:00,2022-08-02 07:00:00,22.99,44.4264,26.1406,11.37,44.4264,26.1406,36.23,44.4264,26.1406
2022-08-02 07:00:00,2022-08-02 08:00:00,21.6,44.4264,26.1406,9.03,44.4264,26.1406,31.77,44.4264,26.1406
2022-08-02 08:00:00,2022-08-02 09:00:00,20.32,44.4264,26.1406,9.16,44.4264,26.1406,31.64,44.4264,26.1406
2022-08-02 09:00:00,2022-08-02 10:00:00,22.16,44.4264,26.1406,10.57,44.4264,26.1406,16.38,44.4264,26.1406
2022-08-02 10:00:00,2022-08-02 11:00:00,22.6,44.4264,26.1406,9.11,44.4264,26.1406,15.15,44.4264,26.1406
2022-08-02 11:00:00,2022-08-02 12:00:00,19.41,44.4264,26.1406,6.7,44.4264,26.1406,4.47,44.4264,26.1406
2022-08-02 12:00:00,2022-08-02 13:00:00,13.79,44.4264,26.1406,7.51,44.4264,26.1406,2.83,44.4264,26.1406
2022-08-02 13:00:00,2022-08-02 14:00:00,10.3,44.4264,26.1406,6.41,44.4264,26.1406,2.63,44.4264,26.1406
2022-08-02 14:00:00,2022-08-02 15:00:00,11.86,44.4264,26.1406,7.1,44.4264,26.1406,2.37,44.4264,26.1406
2022-08-02 15:00:00,2022-08-02 16:00:00,13.82,44.4264,26.1406,8.22,44.4264,26.1406,2.26,44.4264,26.1406
2022-08-02 16:00:00,2022-08-02 17:00:00,13.22,44.4264,26.1406,7.86,44.4264,26.1406,2.62,44.4264,26.1406
2022-08-02 17:00:00,2022-08-02 18:00:00,9.1,44.4264,26.1406,3.78,44.4264,26.1406,2.62,44.4264,26.1406
2022-08-02 18:00:00,2022-08-02 19:00:00,6.52,44.4264,26.1406,2.72,44.4264,26.1406,7.44,44.4264,26.1406
2022-08-02 19:00:00,2022-08-02 20:00:00,7.06,44.4264,26.1406,2.94,44.4264,26.1406,19.84,44.4264,26.1406
2022-08-02 20:00:00,2022-08-02 21:00:00,12.65,44.4264,26.1406,5.39,44.4264,26.1406,,44.4264,26.1406
2022-08-02 21:00:00,2022-08-02 22:00:00,18.57,44.4264,26.1406,10.04,44.4264,26.1406,17.4,44.4264,26.1406
2022-08-02 22:00:00,2022-08-02 23:00:00,18.34,44.4264,26.1406,8.88,44.4264,26.1406,10.54,44.4264,26.1406
2022-08-02 23:00:00,2022-08-03 00:00:00,12.55,44.4264,26.1406,6.26,44.4264,26.1406,11.63,44.4264,26.1406
2022-08-03 00:00:00,2022-08-03 01:00:00,12.4,44.4264,26.1406,6.54,44.4264,26.1406,11.4,44.4264,26.1406
2022-08-03 01:00:00,2022-08-03 02:00:00,13.7,44.4264,26.1406,8.43,44.4264,26.1406,9.69,44.4264,26.1406
2022-08-03 02:00:00,2022-08-03 03:00:00,13.63,44.4264,26.1406,7.72,44.4264,26.1406,10.07,44.4264,26.1406
2022-08-03 03:00:00,2022-08-03 04:00:00,14.14,44.4264,26.1406,8.23,44.4264,26.1406,13.05,44.4264,26.1406
2022-08-03 04:00:00,2022-08-03 05:00:00,16.19,44.4264,26.1406,10.3,44.4264,26.1406,19.5,44.4264,26.1406
2022-08-03 05:00:00,2022-08-03 06:00:00,16.66,44.4264,26.1406,10.27,44.4264,26.1406,29.22,44.4264,26.1406
2022-08-03 06:00:00,2022-08-03 07:00:00,18.72,44.4264,26.1406,11.76,44.4264,26.1406,24.89,44.4264,26.1406
2022-08-03 07:00:00,2022-08-03 08:00:00,19.77,44.4264,26.1406,10.91,44.4264,26.1406,23.73,44.4264,26.1406
2022-08-03 08:00:00,2022-08-03 09:00:00,21.42,44.4264,26.1406,12.21,44.4264,26.1406,22.16,44.4264,26.1406
2022-08-03 09:00:00,2022-08-03 10:00:00,19.01,44.4264,26.1406,8.94,44.4264,26.1406,9.0,44.4264,26.1406
2022-08-03 10:00:00,2022-08-03 11:00:00,16.74,44.4264,26.1406,7.36,44.4264,26.1406,5.75,44.4264,26.1406
2022-08-03 11:00:00,2022-08-03 12:00:00,15.65,44.4264,26.1406,7.61,44.4264,26.1406,3.0,44.4264,26.1406
2022-08-03 12:00:00,2022-08-03 13:00:00,13.02,44.4264,26.1406,6.79,44.4264,26.1406,2.26,44.4264,26.1406
2022-08-03 13:00:00,2022-08-03 14:00:00,11.94,44.4264,26.1406,5.97,44.4264,26.1406,2.18,44.4264,26.1406
2022-08-03 14:00:00,2022-08-03 15:00:00,14.34,44.4264,26.1406,8.27,44.4264,26.1406,1.84,44.4264,26.1406
2022-08-03 15:00:00,2022-08-03 16:00:00,13.75,44.4264,26.1406,7.7,44.4264,26.1406,1.96,44.4264,26.1406
2022-08-03 16:00:00,2022-08-03 17:00:00,12.37,44.4264,26.1406,6.09,44.4264,26.1406,2.03,44.4264,26.1406
2022-08-03 17:00:00,2022-08-03 18:00:00,13.68,44.4264,26.1406,8.0,44.4264,26.1406,4.62,44.4264,26.1406
2022-08-03 18:00:00,2022-08-03 19:00:00,12.54,44.4264,26.1406,6.76,44.4264,26.1406,13.42,44.4264,26.1406
2022-08-03 19:00:00,2022-08-03 20:00:00,16.12,44.4264,26.1406,8.15,44.4264,26.1406,19.96,44.4264,26.1406
2022-08-03 20:00:00,2022-08-03 21:00:00,21.94,44.4264,26.1406,8.01,44.4264,26.1406,19.41,44.4264,26.1406
2022-08-03 21:00:00,2022-08-03 22:00:00,17.85,44.4264,26.1406,7.67,44.4264,26.1406,,44.4264,26.1406
2022-08-03 22:00:00,2022-08-03 23:00:00,18.68,44.4264,26.1406,9.67,44.4264,26.1406,24.91,44.4264,26.1406
2022-08-03 23:00:00,2022-08-04 00:00:00,18.48,44.4264,26.1406,7.64,44.4264,26.1406,15.11,44.4264,26.1406
2022-08-04 00:00:00,2022-08-04 01:00:00,14.03,44.4264,26.1406,6.53,44.4264,26.1406,11.75,44.4264,26.1406
2022-08-04 01:00:00,2022-08-04 02:00:00,15.07,44.4264,26.1406,6.95,44.4264,26.1406,9.25,44.4264,26.1406
2022-08-04 02:00:00,2022-08-04 03:00:00,16.07,44.4264,26.1406,7.98,44.4264,26.1406,9.08,44.4264,26.1406
2022-08-04 03:00:00,2022-08-04 04:00:00,15.35,44.4264,26.1406,7.83,44.4264,26.1406,13.97,44.4264,26.1406
2022-08-04 04:00:00,2022-08-04 05:00:00,16.02,44.4264,26.1406,9.08,44.4264,26.1406,20.89,44.4264,26.1406
2022-08-04 05:00:00,2022-08-04 06:00:00,15.89,44.4264,26.1406,6.83,44.4264,26.1406,30.2,44.4264,26.1406
2022-08-04 06:00:00,2022-08-04 07:00:00,24.05,44.4264,26.1406,12.02,44.4264,26.1406,35.1,44.4264,26.1406
2022-08-04 07:00:00,2022-08-04 08:00:00,23.3,44.4264,26.1406,11.7,44.4264,26.1406,21.66,44.4264,26.1406
2022-08-04 08:00:00,2022-08-04 09:00:00,20.95,44.4264,26.1406,10.19,44.4264,26.1406,18.67,44.4264,26.1406
2022-08-04 09:00:00,2022-08-04 10:00:00,18.98,44.4264,26.1406,9.72,44.4264,26.1406,9.36,44.4264,26.1406
2022-08-04 10:00:00,2022-08-04 11:00:00,18.78,44.4264,26.1406,8.79,44.4264,26.1406,5.2,44.4264,26.1406
2022-08-04 11:00:00,2022-08-04 12:00:00,15.84,44.4264,26.1406,6.84,44.4264,26.1406,4.18,44.4264,26.1406
2022-08-04 12:00:00,2022-08-04 13:00:00,16.08,44.4264,26.1406,6.15,44.4264,26.1406,2.44,44.4264,26.1406
2022-08-04 13:00:00,2022-08-04 14:00:00,12.14,44.4264,26.1406,4.98,44.4264,26.1406,2.96,44.4264,26.1406
2022-08-04 14:00:00,2022-08-04 15:00:00,13.91,44.4264,26.1406,6.94,44.4264,26.1406,1.94,44.4264,26.1406
2022-08-04 15:00:00,2022-08-04 16:00:00,15.82,44.4264,26.1406,8.14,44.4264,26.1406,2.35,44.4264,26.1406
2022-08-04 16:00:00,2022-08-04 17:00:00,13.32,44.4264,26.1406,5.36,44.4264,26.1406,2.06,44.4264,26.1406
2022-08-04 17:00:00,2022-08-04 18:00:00,13.06,44.4264,26.1406,7.55,44.4264,26.1406,6.0,44.4264,26.1406
2022-08-04 18:00:00,2022-08-04 19:00:00,17.99,44.4264,26.1406,9.86,44.4264,26.1406,17.87,44.4264,26.1406
2022-08-04 19:00:00,2022-08-04 20:00:00,21.24,44.4264,26.1406,7.34,44.4264,26.1406,16.02,44.4264,26.1406
2022-08-04 20:00:00,2022-08-04 21:00:00,20.23,44.4264,26.1406,7.89,44.4264,26.1406,24.73,44.4264,26.1406
2022-08-04 21:00:00,2022-08-04 22:00:00,21.99,44.4264,26.1406,9.25,44.4264,26.1406,29.56,44.4264,26.1406
2022-08-04 22:00:00,2022-08-04 23:00:00,24.57,44.4264,26.1406,8.83,44.4264,26.1406,,44.4264,26.1406
2022-08-04 23:00:00,2022-08-05 00:00:00,17.28,44.4264,26.1406,7.29,44.4264,26.1406,12.36,44.4264,26.1406
2022-08-05 00:00:00,2022-08-05 01:00:00,17.47,44.4264,26.1406,9.92,44.4264,26.1406,10.11,44.4264,26.1406
2022-08-05 01:00:00,2022-08-05 02:00:00,16.95,44.4264,26.1406,10.1,44.4264,26.1406,7.78,44.4264,26.1406
2022-08-05 02:00:00,2022-08-05 03:00:00,17.05,44.4264,26.1406,10.46,44.4264,26.1406,8.25,44.4264,26.1406
2022-08-05 03:00:00,2022-08-05 04:00:00,11.55,44.4264,26.1406,4.88,44.4264,26.1406,13.08,44.4264,26.1406
2022-08-05 04:00:00,2022-08-05 05:00:00,18.2,44.4264,26.1406,10.67,44.4264,26.1406,30.57,44.4264,26.1406
2022-08-05 05:00:00,2022-08-05 06:00:00,22.63,44.4264,26.1406,13.29,44.4264,26.1406,33.74,44.4264,26.1406
2022-08-05 06:00:00,2022-08-05 07:00:00,27.9,44.4264,26.1406,15.17,44.4264,26.1406,33.62,44.4264,26.1406
2022-08-05 07:00:00,2022-08-05 08:00:00,29.17,44.4264,26.1406,13.69,44.4264,26.1406,23.47,44.4264,26.1406
2022-08-05 08:00:00,2022-08-05 09:00:00,22.91,44.4264,26.1406,11.58,44.4264,26.1406,15.68,44.4264,26.1406
2022-08-05 09:00:00,2022-08-05 10:00:00,19.98,44.4264,26.1406,10.0,44.4264,26.1406,9.27,44.4264,26.1406
2022-08-05 10:00:00,2022-08-05 11:00:00,17.5,44.4264,26.1406,8.83,44.4264,26.1406,4.3,44.4264,26.1406
2022-08-05 11:00:00,2022-08-05 12:00:00,15.2,44.4264,26.1406,8.44,44.4264,26.1406,2.21,44.4264,26.1406
2022-08-05 12:00:00,2022-08-05 13:00:00,14.9,44.4264,26.1406,8.58,44.4264,26.1406,3.47,44.4264,26.1406
2022-08-05 13:00:00,2022-08-05 14:00:00,15.73,44.4264,26.1406,8.64,44.4264,26.1406,3.71,44.4264,26.1406
2022-08-05 14:00:00,2022-08-05 15:00:00,16.37,44.4264,26.1406,8.87,44.4264,26.1406,2.96,44.4264,26.1406
2022-08-05 15:00:00,2022-08-05 16:00:00,18.87,44.4264,26.1406,11.62,44.4264,26.1406,4.15,44.4264,26.1406
2022-08-05 16:00:00,2022-08-05 17:00:00,19.18,44.4264,26.1406,10.85,44.4264,26.1406,4.3,44.4264,26.1406
2022-08-05 17:00:00,2022-08-05 18:00:00,19.23,44.4264,26.1406,10.81,44.4264,26.1406,4.47,44.4264,26.1406
2022-08-05 18:00:00,2022-08-05 19:00:00,19.82,44.4264,26.1406,10.9,44.4264,26.1406,20.88,44.4264,26.1406
2022-08-05 19:00:00,2022-08-05 20:00:00,21.27,44.4264,26.1406,9.76,44.4264,26.1406,28.02,44.4264,26.1406
2022-08-05 20:00:00,2022-08-05 21:00:00,21.89,44.4264,26.1406,10.3,44.4264,26.1406,32.02,44.4264,26.1406
2022-08-05 21:00:00,2022-08-05 22:00:00,23.73,44.4264,26.1406,11.61,44.4264,26.1406,50.61,44.4264,26.1406
2022-08-05 22:00:00,2022-08-05 23:00:00,30.47,44.4264,26.1406,14.19,44.4264,26.1406,48.96,44.4264,26.1406
2022-08-05 23:00:00,2022-08-06 00:00:00,26.4,44.4264,26.1406,13.6,44.4264,26.1406,,44.4264,26.1406
2022-08-06 00:00:00,2022-08-06 01:00:00,22.75,44.4264,26.1406,11.97,44.4264,26.1406,19.03,44.4264,26.1406
2022-08-06 01:00:00,2022-08-06 02:00:00,23.7,44.4264,26.1406,13.36,44.4264,26.1406,18.68,44.4264,26.1406
2022-08-06 02:00:00,2022-08-06 03:00:00,21.49,44.4264,26.1406,11.68,44.4264,26.1406,12.67,44.4264,26.1406
2022-08-06 03:00:00,2022-08-06 04:00:00,20.02,44.4264,26.1406,10.87,44.4264,26.1406,19.44,44.4264,26.1406
2022-08-06 04:00:00,2022-08-06 05:00:00,22.45,44.4264,26.1406,13.1,44.4264,26.1406,20.4,44.4264,26.1406
2022-08-06 05:00:00,2022-08-06 06:00:00,17.74,44.4264,26.1406,10.21,44.4264,26.1406,20.66,44.4264,26.1406
2022-08-06 06:00:00,2022-08-06 07:00:00,17.05,44.4264,26.1406,9.55,44.4264,26.1406,14.02,44.4264,26.1406
2022-08-06 07:00:00,2022-08-06 08:00:00,20.35,44.4264,26.1406,12.0,44.4264,26.1406,17.73,44.4264,26.1406
2022-08-06 08:00:00,2022-08-06 09:00:00,24.63,44.4264,26.1406,13.31,44.4264,26.1406,15.18,44.4264,26.1406
2022-08-06 09:00:00,2022-08-06 10:00:00,23.2,44.4264,26.1406,10.47,44.4264,26.1406,7.37,44.4264,26.1406
2022-08-06 10:00:00,2022-08-06 11:00:00,19.51,44.4264,26.1406,9.04,44.4264,26.1406,4.58,44.4264,26.1406
2022-08-06 11:00:00,2022-08-06 12:00:00,18.43,44.4264,26.1406,9.1,44.4264,26.1406,4.28,44.4264,26.1406
2022-08-06 12:00:00,2022-08-06 13:00:00,16.41,44.4264,26.1406,8.32,44.4264,26.1406,4.22,44.4264,26.1406
2022-08-06 13:00:00,2022-08-06 14:00:00,15.28,44.4264,26.1406,7.88,44.4264,26.1406,4.15,44.4264,26.1406
2022-08-06 14:00:00,2022-08-06 15:00:00,14.61,44.4264,26.1406,7.69,44.4264,26.1406,4.49,44.4264,26.1406
2022-08-06 15:00:00,2022-08-06 16:00:00,17.55,44.4264,26.1406,9.48,44.4264,26.1406,4.03,44.4264,26.1406
2022-08-06 16:00:00,2022-08-06 17:00:00,17.31,44.4264,26.1406,10.31,44.4264,26.1406,5.22,44.4264,26.1406
2022-08-06 17:00:00,2022-08-06 18:00:00,14.85,44.4264,26.1406,7.69,44.4264,26.1406,3.55,44.4264,26.1406
2022-08-06 18:00:00,2022-08-06 19:00:00,13.14,44.4264,26.1406,7.37,44.4264,26.1406,7.0,44.4264,26.1406
2022-08-06 19:00:00,2022-08-06 20:00:00,20.03,44.4264,26.1406,11.36,44.4264,26.1406,12.46,44.4264,26.1406
2022-08-06 20:00:00,2022-08-06 21:00:00,21.14,44.4264,26.1406,11.07,44.4264,26.1406,20.54,44.4264,26.1406
2022-08-06 21:00:00,2022-08-06 22:00:00,21.88,44.4264,26.1406,11.53,44.4264,26.1406,19.51,44.4264,26.1406
2022-08-06 22:00:00,2022-08-06 23:00:00,16.71,44.4264,26.1406,8.56,44.4264,26.1406,9.63,44.4264,26.1406
2022-08-06 23:00:00,2022-08-07 00:00:00,14.33,44.4264,26.1406,9.14,44.4264,26.1406,8.61,44.4264,26.1406
2022-08-07 00:00:00,2022-08-07 01:00:00,13.51,44.4264,26.1406,8.76,44.4264,26.1406,,44.4264,26.1406
2022-08-07 01:00:00,2022-08-07 02:00:00,16.35,44.4264,26.1406,10.29,44.4264,26.1406,7.82,44.4264,26.1406
2022-08-07 02:00:00,2022-08-07 03:00:00,16.36,44.4264,26.1406,9.64,44.4264,26.1406,8.72,44.4264,26.1406
2022-08-07 03:00:00,2022-08-07 04:00:00,16.03,44.4264,26.1406,10.65,44.4264,26.1406,10.37,44.4264,26.1406
2022-08-07 04:00:00,2022-08-07 05:00:00,15.56,44.4264,26.1406,10.58,44.4264,26.1406,10.7,44.4264,26.1406
2022-08-07 05:00:00,2022-08-07 06:00:00,15.57,44.4264,26.1406,10.18,44.4264,26.1406,9.63,44.4264,26.1406
2022-08-07 06:00:00,2022-08-07 07:00:00,13.22,44.4264,26.1406,7.94,44.4264,26.1406,9.78,44.4264,26.1406
2022-08-07 07:00:00,2022-08-07 08:00:00,18.8,44.4264,26.1406,13.79,44.4264,26.1406,10.11,44.4264,26.1406
2022-08-07 08:00:00,2022-08-07 09:00:00,19.74,44.4264,26.1406,13.59,44.4264,26.1406,5.17,44.4264,26.1406
2022-08-07 09:00:00,2022-08-07 10:00:00,19.63,44.4264,26.1406,11.0,44.4264,26.1406,5.26,44.4264,26.1406
2022-08-07 10:00:00,2022-08-07 11:00:00,23.57,44.4264,26.1406,11.85,44.4264,26.1406,4.71,44.4264,26.1406
2022-08-07 11:00:00,2022-08-07 12:00:00,26.91,44.4264,26.1406,12.29,44.4264,26.1406,4.94,44.4264,26.1406
2022-08-07 12:00:00,2022-08-07 13:00:00,25.76,44.4264,26.1406,12.37,44.4264,26.1406,4.54,44.4264,26.1406
2022-08-07 13:00:00,2022-08-07 14:00:00,28.25,44.4264,26.1406,15.91,44.4264,26.1406,4.56,44.4264,26.1406
2022-08-07 14:00:00,2022-08-07 15:00:00,22.31,44.4264,26.1406,12.11,44.4264,26.1406,4.01,44.4264,26.1406
2022-08-07 15:00:00,2022-08-07 16:00:00,16.41,44.4264,26.1406,7.93,44.4264,26.1406,4.31,44.4264,26.1406
2022-08-07 16:00:00,2022-08-07 17:00:00,16.78,44.4264,26.1406,8.43,44.4264,26.1406,4.68,44.4264,26.1406
2022-08-07 17:00:00,2022-08-07 18:00:00,20.75,44.4264,26.1406,11.09,44.4264,26.1406,7.03,44.4264,26.1406
2022-08-07 18:00:00,2022-08-07 19:00:00,16.78,44.4264,26.1406,7.52,44.4264,26.1406,8.11,44.4264,26.1406
2022-08-07 19:00:00,2022-08-07 20:00:00,17.27,44.4264,26.1406,7.34,44.4264,26.1406,15.14,44.4264,26.1406
2022-08-07 20:00:00,2022-08-07 21:00:00,20.05,44.4264,26.1406,8.94,44.4264,26.1406,18.52,44.4264,26.1406
2022-08-07 21:00:00,2022-08-07 22:00:00,26.27,44.4264,26.1406,10.66,44.4264,26.1406,7.43,44.4264,26.1406
2022-08-07 22:00:00,2022-08-07 23:00:00,24.87,44.4264,26.1406,10.79,44.4264,26.1406,7.2,44.4264,26.1406
2022-08-07 23:00:00,2022-08-08 00:00:00,17.01,44.4264,26.1406,8.2,44.4264,26.1406,8.74,44.4264,26.1406
2022-08-08 00:00:00,2022-08-08 01:00:00,19.53,44.4264,26.1406,10.17,44.4264,26.1406,5.16,44.4264,26.1406
2022-08-08 01:00:00,2022-08-08 02:00:00,22.48,44.4264,26.1406,13.58,44.4264,26.1406,,44.4264,26.1406
2022-08-08 02:00:00,2022-08-08 03:00:00,19.47,44.4264,26.1406,12.06,44.4264,26.1406,5.23,44.4264,26.1406
2022-08-08 03:00:00,2022-08-08 04:00:00,14.19,44.4264,26.1406,8.31,44.4264,26.1406,4.98,44.4264,26.1406
2022-08-08 04:00:00,2022-08-08 05:00:00,14.54,44.4264,26.1406,9.35,44.4264,26.1406,6.56,44.4264,26.1406
2022-08-08 05:00:00,2022-08-08 06:00:00,12.33,44.4264,26.1406,6.74,44.4264,26.1406,15.41,44.4264,26.1406
2022-08-08 06:00:00,2022-08-08 07:00:00,14.1,44.4264,26.1406,7.97,44.4264,26.1406,16.78,44.4264,26.1406
2022-08-08 07:00:00,2022-08-08 08:00:00,16.85,44.4264,26.1406,8.36,44.4264,26.1406,13.39,44.4264,26.1406
2022-08-08 08:00:00,2022-08-08 09:00:00,17.12,44.4264,26.1406,7.19,44.4264,26.1406,10.64,44.4264,26.1406
2022-08-08 09:00:00,2022-08-08 10:00:00,18.06,44.4264,26.1406,5.14,44.4264,26.1406,8.27,44.4264,26.1406
2022-08-08 10:00:00,2022-08-08 11:00:00,21.04,44.4264,26.1406,7.93,44.4264,26.1406,6.59,44.4264,26.1406
2022-08-08 11:00:00,2022-08-08 12:00:00,21.87,44.4264,26.1406,7.24,44.4264,26.1406,4.84,44.4264,26.1406
2022-08-08 12:00:00,2022-08-08 13:00:00,22.46,44.4264,26.1406,7.09,44.4264,26.1406,4.82,44.4264,26.1406
2022-08-08 13:00:00,2022-08-08 14:00:00,25.34,44.4264,26.1406,10.72,44.4264,26.1406,9.89,44.4264,26.1406
2022-08-08 14:00:00,2022-08-08 15:00:00,27.1,44.4264,26.1406,10.7,44.4264,26.1406,11.41,44.4264,26.1406
2022-08-08 15:00:00,2022-08-08 16:00:00,26.98,44.4264,26.1406,11.13,44.4264,26.1406,9.8,44.4264,26.1406
2022-08-08 16:00:00,2022-08-08 17:00:00,24.76,44.4264,26.1406,8.5,44.4264,26.1406,13.79,44.4264,26.1406
2022-08-08 17:00:00,2022-08-08 18:00:00,27.05,44.4264,26.1406,12.48,44.4264,26.1406,12.8,44.4264,26.1406
2022-08-08 18:00:00,2022-08-08 19:00:00,25.0,44.4264,26.1406,11.0,44.4264,26.1406,11.72,44.4264,26.1406
2022-08-08 19:00:00,2022-08-08 20:00:00,24.13,44.4264,26.1406,11.42,44.4264,26.1406,12.26,44.4264,26.1406
2022-08-08 20:00:00,2022-08-08 21:00:00,19.66,44.4264,26.1406,10.24,44.4264,26.1406,17.99,44.4264,26.1406
2022-08-08 21:00:00,2022-08-08 22:00:00,19.95,44.4264,26.1406,9.94,44.4264,26.1406,16.22,44.4264,26.1406
2022-08-08 22:00:00,2022-08-08 23:00:00,22.93,44.4264,26.1406,9.29,44.4264,26.1406,17.9,44.4264,26.1406
2022-08-08 23:00:00,2022-08-09 00:00:00,23.98,44.4264,26.1406,11.92,44.4264,26.1406,7.57,44.4264,26.1406
2022-08-09 00:00:00,2022-08-09 01:00:00,19.41,44.4264,26.1406,10.8,44.4264,26.1406,5.41,44.4264,26.1406
2022-08-09 01:00:00,2022-08-09 02:00:00,18.82,44.4264,26.1406,12.13,44.4264,26.1406,6.65,44.4264,26.1406
2022-08-09 02:00:00,2022-08-09 03:00:00,17.46,44.4264,26.1406,10.44,44.4264,26.1406,,44.4264,26.1406
2022-08-09 03:00:00,2022-08-09 04:00:00,18.53,44.4264,26.1406,12.0,44.4264,26.1406,8.41,44.4264,26.1406
2022-08-09 04:00:00,2022-08-09 05:00:00,15.14,44.4264,26.1406,7.51,44.4264,26.1406,11.76,44.4264,26.1406
2022-08-09 05:00:00,2022-08-09 06:00:00,17.55,44.4264,26.1406,9.27,44.4264,26.1406,20.8,44.4264,26.1406
2022-08-09 06:00:00,2022-08-09 07:00:00,16.64,44.4264,26.1406,6.83,44.4264,26.1406,16.48,44.4264,26.1406
2022-08-09 07:00:00,2022-08-09 08:00:00,19.88,44.4264,26.1406,10.36,44.4264,26.1406,13.72,44.4264,26.1406
2022-08-09 08:00:00,2022-08-09 09:00:00,23.42,44.4264,26.1406,11.45,44.4264,26.1406,11.28,44.4264,26.1406
2022-08-09 09:00:00,2022-08-09 10:00:00,26.35,44.4264,26.1406,9.71,44.4264,26.1406,8.89,44.4264,26.1406
2022-08-09 10:00:00,2022-08-09 11:00:00,32.97,44.4264,26.1406,12.27,44.4264,26.1406,8.02,44.4264,26.1406
2022-08-09 11:00:00,2022-08-09 12:00:00,30.94,44.4264,26.1406,10.46,44.4264,26.1406,5.07,44.4264,26.1406
2022-08-09 12:00:00,2022-08-09 13:00:00,29.71,44.4264,26.1406,10.39,44.4264,26.1406,5.23,44.4264,26.1406
2022-08-09 13:00:00,2022-08-09 14:00:00,30.54,44.4264,26.1406,12.46,44.4264,26.1406,7.48,44.4264,26.1406
2022-08-09 14:00:00,2022-08-09 15:00:00,35.1,44.4264,26.1406,18.57,44.4264,26.1406,10.06,44.4264,26.1406
2022-08-09 15:00:00,2022-08-09 16:00:00,27.7,44.4264,26.1406,14.14,44.4264,26.1406,10.92,44.4264,26.1406
2022-08-09 16:00:00,2022-08-09 17:00:00,23.27,44.4264,26.1406,10.23,44.4264,26.1406,18.49,44.4264,26.1406
2022-08-09 17:00:00,2022-08-09 18:00:00,24.12,44.4264,26.1406,9.74,44.4264,26.1406,14.23,44.4264,26.1406
2022-08-09 18:00:00,2022-08-09 19:00:00,25.77,44.4264,26.1406,10.36,44.4264,26.1406,16.08,44.4264,26.1406
2022-08-09 19:00:00,2022-08-09 20:00:00,25.08,44.4264,26.1406,10.33,44.4264,26.1406,16.24,44.4264,26.1406
2022-08-09 20:00:00,2022-08-09 21:00:00,43.06,44.4264,26.1406,11.2,44.4264,26.1406,17.03,44.4264,26.1406
2022-08-09 21:00:00,2022-08-09 22:00:00,37.55,44.4264,26.1406,10.35,44.4264,26.1406,9.17,44.4264,26.1406
2022-08-09 22:00:00,2022-08-09 23:00:00,34.64,44.4264,26.1406,21.79,44.4264,26.1406,8.57,44.4264,26.1406
2022-08-09 23:00:00,2022-08-10 00:00:00,23.81,44.4264,26.1406,13.52,44.4264,26.1406,5.88,44.4264,26.1406
2022-08-10 00:00:00,2022-08-10 01:00:00,16.65,44.4264,26.1406,6.95,44.4264,26.1406,4.49,44.4264,26.1406
2022-08-10 01:00:00,2022-08-10 02:00:00,17.24,44.4264,26.1406,8.8,44.4264,26.1406,5.0,44.4264,26.1406
2022-08-10 02:00:00,2022-08-10 03:00:00,14.49,44.4264,26.1406,8.96,44.4264,26.1406,6.27,44.4264,26.1406
2022-08-10 03:00:00,2022-08-10 04:00:00,8.72,44.4264,26.1406,5.2,44.4264,26.1406,,44.4264,26.1406
2022-08-10 04:00:00,2022-08-10 05:00:00,7.65,44.4264,26.1406,4.16,44.4264,26.1406,7.02,44.4264,26.1406
2022-08-10 05:00:00,2022-08-10 06:00:00,5.12,44.4264,26.1406,1.71,44.4264,26.1406,7.18,44.4264,26.1406
2022-08-10 06:00:00,2022-08-10 07:00:00,8.11,44.4264,26.1406,2.84,44.4264,26.1406,14.44,44.4264,26.1406
2022-08-10 07:00:00,2022-08-10 08:00:00,13.32,44.4264,26.1406,4.0,44.4264,26.1406,19.62,44.4264,26.1406
2022-08-10 08:00:00,2022-08-10 09:00:00,16.41,44.4264,26.1406,7.87,44.4264,26.1406,18.44,44.4264,26.1406
2022-08-10 09:00:00,2022-08-10 10:00:00,17.02,44.4264,26.1406,7.74,44.4264,26.1406,14.65,44.4264,26.1406
2022-08-10 10:00:00,2022-08-10 11:00:00,16.3,44.4264,26.1406,6.11,44.4264,26.1406,7.81,44.4264,26.1406
2022-08-10 11:00:00,2022-08-10 12:00:00,14.49,44.4264,26.1406,6.56,44.4264,26.1406,6.91,44.4264,26.1406
2022-08-10 12:00:00,2022-08-10 13:00:00,19.46,44.4264,26.1406,6.38,44.4264,26.1406,7.07,44.4264,26.1406
2022-08-10 13:00:00,2022-08-10 14:00:00,21.47,44.4264,26.1406,7.64,44.4264,26.1406,8.46,44.4264,26.1406
2022-08-10 14:00:00,2022-08-10 15:00:00,19.11,44.4264,26.1406,7.83,44.4264,26.1406,5.64,44.4264,26.1406
2022-08-10 15:00:00,2022-08-10 16:00:00,20.63,44.4264,26.1406,10.47,44.4264,26.1406,4.95,44.4264,26.1406
2022-08-10 16:00:00,2022-08-10 17:00:00,18.94,44.4264,26.1406,10.0,44.4264,26.1406,8.66,44.4264,26.1406
2022-08-10 17:00:00,2022-08-10 18:00:00,19.48,44.4264,26.1406,9.13,44.4264,26.1406,14.74,44.4264,26.1406
2022-08-10 18:00:00,2022-08-10 19:00:00,14.54,44.4264,26.1406,4.31,44.4264,26.1406,11.89,44.4264,26.1406
2022-08-10 19:00:00,2022-08-10 20:00:00,13.43,44.4264,26.1406,2.81,44.4264,26.1406,9.76,44.4264,26.1406
2022-08-10 20:00:00,2022-08-10 21:00:00,10.88,44.4264,26.1406,2.73,44.4264,26.1406,8.71,44.4264,26.1406
2022-08-10 21:00:00,2022-08-10 22:00:00,10.05,44.4264,26.1406,4.86,44.4264,26.1406,7.61,44.4264,26.1406
2022-08-10 22:00:00,2022-08-10 23:00:00,11.47,44.4264,26.1406,6.91,44.4264,26.1406,6.3,44.4264,26.1406
2022-08-10 23:00:00,2022-08-11 00:00:00,7.91,44.4264,26.1406,4.89,44.4264,26.1406,6.07,44.4264,26.1406
2022-08-11 00:00:00,2022-08-11 01:00:00,8.71,44.4264,26.1406,5.42,44.4264,26.1406,7.34,44.4264,26.1406
2022-08-11 01:00:00,2022-08-11 02:00:00,8.4,44.4264,26.1406,4.73,44.4264,26.1406,7.03,44.4264,26.1406
2022-08-11 02:00:00,2022-08-11 03:00:00,10.34,44.4264,26.1406,4.05,44.4264,26.1406,9.62,44.4264,26.1406
2022-08-11 03:00:00,2022-08-11 04:00:00,16.51,44.4264,26.1406,7.39,44.4264,26.1406,12.76,44.4264,26.1406
2022-08-11 04:00:00,2022-08-11 05:00:00,18.15,44.4264,26.1406,10.99,44.4264,26.1406,,44.4264,26.1406
2022-08-11 05:00:00,2022-08-11 06:00:00,18.55,44.4264,26.1406,9.17,44.4264,26.1406,20.04,44.4264,26.1406
2022-08-11 06:00:00,2022-08-11 07:00:00,15.74,44.4264,26.1406,7.2,44.4264,26.1406,20.4,44.4264,26.1406
2022-08-11 07:00:00,2022-08-11 08:00:00,18.86,44.4264,26.1406,5.81,44.4264,26.1406,16.86,44.4264,26.1406
2022-08-11 08:00:00,2022-08-11 09:00:00,18.87,44.4264,26.1406,5.9,44.4264,26.1406,14.11,44.4264,26.1406
2022-08-11 09:00:00,2022-08-11 10:00:00,22.1,44.4264,26.1406,10.45,44.4264,26.1406,5.59,44.4264,26.1406
2022-08-11 10:00:00,2022-08-11 11:00:00,13.78,44.4264,26.1406,7.3,44.4264,26.1406,3.05,44.4264,26.1406
2022-08-11 11:00:00,2022-08-11 12:00:00,13.08,44.4264,26.1406,7.99,44.4264,26.1406,2.71,44.4264,26.1406
2022-08-11 12:00:00,2022-08-11 13:00:00,12.89,44.4264,26.1406,8.41,44.4264,26.1406,2.89,44.4264,26.1406
2022-08-11 13:00:00,2022-08-11 14:00:00,10.01,44.4264,26.1406,5.09,44.4264,26.1406,2.73,44.4264,26.1406
2022-08-11 14:00:00,2022-08-11 15:00:00,11.8,44.4264,26.1406,6.77,44.4264,26.1406,5.36,44.4264,26.1406
2022-08-11 15:00:00,2022-08-11 16:00:00,14.92,44.4264,26.1406,8.76,44.4264,26.1406,6.57,44.4264,26.1406
2022-08-11 16:00:00,2022-08-11 17:00:00,14.74,44.4264,26.1406,7.64,44.4264,26.1406,12.34,44.4264,26.1406
2022-08-11 17:00:00,2022-08-11 18:00:00,18.32,44.4264,26.1406,9.48,44.4264,26.1406,15.44,44.4264,26.1406
2022-08-11 18:00:00,2022-08-11 19:00:00,16.48,44.4264,26.1406,8.2,44.4264,26.1406,25.89,44.4264,26.1406
2022-08-11 19:00:00,2022-08-11 20:00:00,16.52,44.4264,26.1406,6.66,44.4264,26.1406,17.34,44.4264,26.1406
2022-08-11 20:00:00,2022-08-11 21:00:00,21.48,44.4264,26.1406,8.63,44.4264,26.1406,18.38,44.4264,26.1406
2022-08-11 21:00:00,2022-08-11 22:00:00,21.17,44.4264,26.1406,9.91,44.4264,26.1406,19.31,44.4264,26.1406
2022-08-11 22:00:00,2022-08-11 23:00:00,21.78,44.4264,26.1406,11.76,44.4264,26.1406,18.92,44.4264,26.1406
2022-08-11 23:00:00,2022-08-12 00:00:00,19.07,44.4264,26.1406,10.25,44.4264,26.1406,17.67,44.4264,26.1406
2022-08-12 00:00:00,2022-08-12 01:00:00,19.13,44.4264,26.1406,10.67,44.4264,26.1406,15.22,44.4264,26.1406
2022-08-12 01:00:00,2022-08-12 02:00:00,14.36,44.4264,26.1406,7.56,44.4264,26.1406,8.85,44.4264,26.1406
2022-08-12 02:00:00,2022-08-12 03:00:00,11.87,44.4264,26.1406,5.62,44.4264,26.1406,17.44,44.4264,26.1406
2022-08-12 03:00:00,2022-08-12 04:00:00,12.28,44.4264,26.1406,6.06,44.4264,26.1406,18.78,44.4264,26.1406
2022-08-12 04:00:00,2022-08-12 05:00:00,12.74,44.4264,26.1406,8.03,44.4264,26.1406,16.64,44.4264,26.1406
2022-08-12 05:00:00,2022-08-12 06:00:00,13.76,44.4264,26.1406,8.07,44.4264,26.1406,,44.4264,26.1406
2022-08-12 06:00:00,2022-08-12 07:00:00,20.26,44.4264,26.1406,10.15,44.4264,26.1406,29.32,44.4264,26.1406
2022-08-12 07:00:00,2022-08-12 08:00:00,25.46,44.4264,26.1406,11.51,44.4264,26.1406,28.54,44.4264,26.1406
2022-08-12 08:00:00,2022-08-12 09:00:00,24.98,44.4264,26.1406,10.81,44.4264,26.1406,19.08,44.4264,26.1406
2022-08-12 09:00:00,2022-08-12 10:00:00,19.29,44.4264,26.1406,9.58,44.4264,26.1406,13.13,44.4264,26.1406
2022-08-12 10:00:00,2022-08-12 11:00:00,16.41,44.4264,26.1406,6.4,44.4264,26.1406,3.95,44.4264,26.1406
2022-08-12 11:00:00,2022-08-12 12:00:00,15.31,44.4264,26.1406,6.64,44.4264,26.1406,2.75,44.4264,26.1406
2022-08-12 12:00:00,2022-08-12 13:00:00,19.27,44.4264,26.1406,8.16,44.4264,26.1406,2.6,44.4264,26.1406
2022-08-12 13:00:00,2022-08-12 14:00:00,17.48,44.4264,26.1406,6.19,44.4264,26.1406,3.27,44.4264,26.1406
2022-08-12 14:00:00,2022-08-12 15:00:00,15.51,44.4264,26.1406,7.52,44.4264,26.1406,2.96,44.4264,26.1406
2022-08-12 15:00:00,2022-08-12 16:00:00,18.21,44.4264,26.1406,9.52,44.4264,26.1406,7.04,44.4264,26.1406
2022-08-12 16:00:00,2022-08-12 17:00:00,18.42,44.4264,26.1406,8.69,44.4264,26.1406,5.6,44.4264,26.1406
2022-08-12 17:00:00,2022-08-12 18:00:00,19.25,44.4264,26.1406,6.11,44.4264,26.1406,10.15,44.4264,26.1406
2022-08-12 18:00:00,2022-08-12 19:00:00,23.87,44.4264,26.1406,9.44,44.4264,26.1406,13.28,44.4264,26.1406
2022-08-12 19:00:00,2022-08-12 20:00:00,28.35,44.4264,26.1406,13.27,44.4264,26.1406,12.91,44.4264,26.1406
2022-08-12 20:00:00,2022-08-12 21:00:00,22.32,44.4264,26.1406,11.89,44.4264,26.1406,12.8,44.4264,26.1406
2022-08-12 21:00:00,2022-08-12 22:00:00,19.52,44.4264,26.1406,8.83,44.4264,26.1406,11.06,44.4264,26.1406
2022-08-12 22:00:00,2022-08-12 23:00:00,18.79,44.4264,26.1406,10.38,44.4264,26.1406,9.42,44.4264,26.1406
2022-08-12 23:00:00,2022-08-13 00:00:00,19.5,44.4264,26.1406,12.92,44.4264,26.1406,8.17,44.4264,26.1406
2022-08-13 00:00:00,2022-08-13 01:00:00,19.4,44.4264,26.1406,13.1,44.4264,26.1406,6.8,44.4264,26.1406
2022-08-13 01:00:00,2022-08-13 02:00:00,18.74,44.4264,26.1406,13.44,44.4264,26.1406,7.37,44.4264,26.1406
2022-08-13 02:00:00,2022-08-13 03:00:00,16.7,44.4264,26.1406,11.39,44.4264,26.1406,9.8,44.4264,26.1406
2022-08-13 03:00:00,2022-08-13 04:00:00,16.89,44.4264,26.1406,11.99,44.4264,26.1406,9.94,44.4264,26.1406
2022-08-13 04:00:00,2022-08-13 05:00:00,19.37,44.4264,26.1406,14.13,44.4264,26.1406,14.01,44.4264,26.1406
2022-08-13 05:00:00,2022-08-13 06:00:00,18.4,44.4264,26.1406,12.64,44.4264,26.1406,32.12,44.4264,26.1406
2022-08-13 06:00:00,2022-08-13 07:00:00,25.94,44.4264,26.1406,16.38,44.4264,26.1406,,44.4264,26.1406
2022-08-13 07:00:00,2022-08-13 08:00:00,28.66,44.4264,26.1406,17.48,44.4264,26.1406,25.57,44.4264,26.1406
2022-08-13 08:00:00,2022-08-13 09:00:00,25.58,44.4264,26.1406,15.31,44.4264,26.1406,16.56,44.4264,26.1406
2022-08-13 09:00:00,2022-08-13 10:00:00,21.04,44.4264,26.1406,13.64,44.4264,26.1406,11.06,44.4264,26.1406
2022-08-13 10:00:00,2022-08-13 11:00:00,20.8,44.4264,26.1406,13.2,44.4264,26.1406,6.99,44.4264,26.1406
2022-08-13 11:00:00,2022-08-13 12:00:00,17.96,44.4264,26.1406,11.06,44.4264,26.1406,4.1,44.4264,26.1406
2022-08-13 12:00:00,2022-08-13 13:00:00,20.12,44.4264,26.1406,13.24,44.4264,26.1406,2.87,44.4264,26.1406
2022-08-13 13:00:00,2022-08-13 14:00:00,20.33,44.4264,26.1406,13.98,44.4264,26.1406,2.48,44.4264,26.1406
2022-08-13 14:00:00,2022-08-13 15:00:00,18.35,44.4264,26.1406,12.53,44.4264,26.1406,2.84,44.4264,26.1406
2022-08-13 15:00:00,2022-08-13 16:00:00,19.48,44.4264,26.1406,13.19,44.4264,26.1406,2.32,44.4264,26.1406
2022-08-13 16:00:00,2022-08-13 17:00:00,19.98,44.4264,26.1406,13.34,44.4264,26.1406,2.57,44.4264,26.1406
2022-08-13 17:00:00,2022-08-13 18:00:00,18.64,44.4264,26.1406,11.83,44.4264,26.1406,2.55,44.4264,26.1406
2022-08-13 18:00:00,2022-08-13 19:00:00,16.4,44.4264,26.1406,9.68,44.4264,26.1406,6.82,44.4264,26.1406
2022-08-13 19:00:00,2022-08-13 20:00:00,18.48,44.4264,26.1406,10.47,44.4264,26.1406,22.6,44.4264,26.1406
2022-08-13 20:00:00,2022-08-13 21:00:00,23.25,44.4264,26.1406,11.98,44.4264,26.1406,29.26,44.4264,26.1406
2022-08-13 21:00:00,2022-08-13 22:00:00,28.88,44.4264,26.1406,14.07,44.4264,26.1406,14.42,44.4264,26.1406
2022-08-13 22:00:00,2022-08-13 23:00:00,27.36,44.4264,26.1406,15.45,44.4264,26.1406,6.32,44.4264,26.1406
2022-08-13 23:00:00,2022-08-14 00:00:00,24.59,44.4264,26.1406,12.18,44.4264,26.1406,7.4,44.4264,26.1406
2022-08-14 00:00:00,2022-08-14 01:00:00,29.98,44.4264,26.1406,10.77,44.4264,26.1406,6.44,44.4264,26.1406
2022-08-14 01:00:00,2022-08-14 02:00:00,23.24,44.4264,26.1406,14.67,44.4264,26.1406,6.75,44.4264,26.1406
2022-08-14 02:00:00,2022-08-14 03:00:00,15.66,44.4264,26.1406,9.68,44.4264,26.1406,15.17,44.4264,26.1406
2022-08-14 03:00:00,2022-08-14 04:00:00,13.67,44.4264,26.1406,9.42,44.4264,26.1406,11.08,44.4264,26.1406
2022-08-14 04:00:00,2022-08-14 05:00:00,15.01,44.4264,26.1406,10.76,44.4264,26.1406,11.02,44.4264,26.1406
2022-08-14 05:00:00,2022-08-14 06:00:00,15.97,44.4264,26.1406,11.12,44.4264,26.1406,13.05,44.4264,26.1406
2022-08-14 06:00:00,2022-08-14 07:00:00,19.1,44.4264,26.1406,13.45,44.4264,26.1406,12.39,44.4264,26.1406
2022-08-14 07:00:00,2022-08-14 08:00:00,21.42,44.4264,26.1406,14.09,44.4264,26.1406,,44.4264,26.1406
2022-08-14 08:00:00,2022-08-14 09:00:00,23.08,44.4264,26.1406,15.34,44.4264,26.1406,18.35,44.4264,26.1406
2022-08-14 09:00:00,2022-08-14 10:00:00,26.35,44.4264,26.1406,16.57,44.4264,26.1406,5.92,44.4264,26.1406
2022-08-14 10:00:00,2022-08-14 11:00:00,16.64,44.4264,26.1406,8.17,44.4264,26.1406,3.82,44.4264,26.1406
2022-08-14 11:00:00,2022-08-14 12:00:00,10.64,44.4264,26.1406,5.99,44.4264,26.1406,4.33,44.4264,26.1406
2022-08-14 12:00:00,2022-08-14 13:00:00,11.61,44.4264,26.1406,8.03,44.4264,26.1406,7.73,44.4264,26.1406
2022-08-14 13:00:00,2022-08-14 14:00:00,13.08,44.4264,26.1406,9.21,44.4264,26.1406,4.76,44.4264,26.1406
2022-08-14 14:00:00,2022-08-14 15:00:00,11.66,44.4264,26.1406,8.08,44.4264,26.1406,2.83,44.4264,26.1406
2022-08-14 15:00:00,2022-08-14 16:00:00,17.18,44.4264,26.1406,11.76,44.4264,26.1406,3.21,44.4264,26.1406
2022-08-14 16:00:00,2022-08-14 17:00:00,19.65,44.4264,26.1406,13.15,44.4264,26.1406,4.45,44.4264,26.1406
2022-08-14 17:00:00,2022-08-14 18:00:00,14.25,44.4264,26.1406,8.14,44.4264,26.1406,6.04,44.4264,26.1406
2022-08-14 18:00:00,2022-08-14 19:00:00,12.87,44.4264,26.1406,8.12,44.4264,26.1406,5.46,44.4264,26.1406
2022-08-14 19:00:00,2022-08-14 20:00:00,13.69,44.4264,26.1406,8.22,44.4264,26.1406,7.36,44.4264,26.1406
2022-08-14 20:00:00,2022-08-14 21:00:00,12.21,44.4264,26.1406,7.76,44.4264,26.1406,9.66,44.4264,26.1406
2022-08-14 21:00:00,2022-08-14 22:00:00,12.65,44.4264,26.1406,8.33,44.4264,26.1406,8.56,44.4264,26.1406
2022-08-14 22:00:00,2022-08-14 23:00:00,10.99,44.4264,26.1406,7.68,44.4264,26.1406,7.11,44.4264,26.1406
2022-08-14 23:00:00,2022-08-15 00:00:00,10.12,44.4264,26.1406,6.31,44.4264,26.1406,6.45,44.4264,26.1406
2022-08-15 00:00:00,2022-08-15 01:00:00,11.47,44.4264,26.1406,8.91,44.4264,26.1406,6.2,44.4264,26.1406
2022-08-15 01:00:00,2022-08-15 02:00:00,13.47,44.4264,26.1406,11.05,44.4264,26.1406,5.46,44.4264,26.1406
2022-08-15 02:00:00,2022-08-15 03:00:00,13.27,44.4264,26.1406,10.15,44.4264,26.1406,5.02,44.4264,26.1406
2022-08-15 03:00:00,2022-08-15 04:00:00,12.4,44.4264,26.1406,8.61,44.4264,26.1406,5.26,44.4264,26.1406
2022-08-15 04:00:00,2022-08-15 05:00:00,14.66,44.4264,26.1406,10.57,44.4264,26.1406,5.93,44.4264,26.1406
2022-08-15 05:00:00,2022-08-15 06:00:00,15.03,44.4264,26.1406,11.23,44.4264,26.1406,8.47,44.4264,26.1406
2022-08-15 06:00:00,2022-08-15 07:00:00,16.55,44.4264,26.1406,13.3,44.4264,26.1406,10.52,44.4264,26.1406
2022-08-15 07:00:00,2022-08-15 08:00:00,19.86,44.4264,26.1406,16.06,44.4264,26.1406,13.26,44.4264,26.1406
2022-08-15 08:00:00,2022-08-15 09:00:00,19.9,44.4264,26.1406,16.66,44.4264,26.1406,,44.4264,26.1406
2022-08-15 09:00:00,2022-08-15 10:00:00,17.34,44.4264,26.1406,15.46,44.4264,26.1406,12.97,44.4264,26.1406
2022-08-15 10:00:00,2022-08-15 11:00:00,14.88,44.4264,26.1406,13.2,44.4264,26.1406,7.46,44.4264,26.1406
2022-08-15 11:00:00,2022-08-15 12:00:00,17.69,44.4264,26.1406,14.84,44.4264,26.1406,5.89,44.4264,26.1406
2022-08-15 12:00:00,2022-08-15 13:00:00,16.87,44.4264,26.1406,14.87,44.4264,26.1406,4.55,44.4264,26.1406
2022-08-15 13:00:00,2022-08-15 14:00:00,11.32,44.4264,26.1406,9.5,44.4264,26.1406,3.93,44.4264,26.1406
2022-08-15 14:00:00,2022-08-15 15:00:00,11.09,44.4264,26.1406,9.97,44.4264,26.1406,3.14,44.4264,26.1406
2022-08-15 15:00:00,2022-08-15 16:00:00,12.6,44.4264,26.1406,10.95,44.4264,26.1406,3.34,44.4264,26.1406
2022-08-15 16:00:00,2022-08-15 17:00:00,13.56,44.4264,26.1406,10.68,44.4264,26.1406,3.2,44.4264,26.1406
2022-08-15 17:00:00,2022-08-15 18:00:00,14.72,44.4264,26.1406,11.94,44.4264,26.1406,4.48,44.4264,26.1406
2022-08-15 18:00:00,2022-08-15 19:00:00,15.89,44.4264,26.1406,11.65,44.4264,26.1406,7.34,44.4264,26.1406
2022-08-15 19:00:00,2022-08-15 20:00:00,15.88,44.4264,26.1406,9.67,44.4264,26.1406,17.93,44.4264,26.1406
2022-08-15 20:00:00,2022-08-15 21:00:00,14.1,44.4264,26.1406,6.66,44.4264,26.1406,22.21,44.4264,26.1406
2022-08-15 21:00:00,2022-08-15 22:00:00,17.36,44.4264,26.1406,10.01,44.4264,26.1406,23.31,44.4264,26.1406
2022-08-15 22:00:00,2022-08-15 23:00:00,20.03,44.4264,26.1406,13.04,44.4264,26.1406,21.29,44.4264,26.1406
2022-08-15 23:00:00,2022-08-16 00:00:00,16.26,44.4264,26.1406,9.8,44.4264,26.1406,30.36,44.4264,26.1406
2022-08-16 00:00:00,2022-08-16 01:00:00,16.76,44.4264,26.1406,9.12,44.4264,26.1406,20.28,44.4264,26.1406
2022-08-16 01:00:00,2022-08-16 02:00:00,16.64,44.4264,26.1406,11.39,44.4264,26.1406,20.73,44.4264,26.1406
2022-08-16 02:00:00,2022-08-16 03:00:00,13.43,44.4264,26.1406,8.35,44.4264,26.1406,16.06,44.4264,26.1406
2022-08-16 03:00:00,2022-08-16 04:00:00,15.94,44.4264,26.1406,11.81,44.4264,26.1406,15.53,44.4264,26.1406
2022-08-16 04:00:00,2022-08-16 05:00:00,16.41,44.4264,26.1406,12.63,44.4264,26.1406,15.74,44.4264,26.1406
2022-08-16 05:00:00,2022-08-16 06:00:00,19.74,44.4264,26.1406,15.59,44.4264,26.1406,25.43,44.4264,26.1406
2022-08-16 06:00:00,2022-08-16 07:00:00,22.48,44.4264,26.1406,16.0,44.4264,26.1406,23.23,44.4264,26.1406
2022-08-16 07:00:00,2022-08-16 08:00:00,25.06,44.4264,26.1406,14.78,44.4264,26.1406,29.01,44.4264,26.1406
2022-08-16 08:00:00,2022-08-16 09:00:00,21.91,44.4264,26.1406,11.24,44.4264,26.1406,15.54,44.4264,26.1406
2022-08-16 09:00:00,2022-08-16 10:00:00,17.39,44.4264,26.1406,9.55,44.4264,26.1406,,44.4264,26.1406
2022-08-16 10:00:00,2022-08-16 11:00:00,19.9,44.4264,26.1406,10.99,44.4264,26.1406,12.61,44.4264,26.1406
2022-08-16 11:00:00,2022-08-16 12:00:00,25.17,44.4264,26.1406,15.77,44.4264,26.1406,8.46,44.4264,26.1406
2022-08-16 12:00:00,2022-08-16 13:00:00,22.25,44.4264,26.1406,13.26,44.4264,26.1406,6.3,44.4264,26.1406
2022-08-16 13:00:00,2022-08-16 14:00:00,21.79,44.4264,26.1406,13.43,44.4264,26.1406,7.51,44.4264,26.1406
2022-08-16 14:00:00,2022-08-16 15:00:00,19.49,44.4264,26.1406,12.76,44.4264,26.1406,7.96,44.4264,26.1406
2022-08-16 15:00:00,2022-08-16 16:00:00,20.62,44.4264,26.1406,14.15,44.4264,26.1406,10.32,44.4264,26.1406
2022-08-16 16:00:00,2022-08-16 17:00:00,24.2,44.4264,26.1406,16.72,44.4264,26.1406,6.2,44.4264,26.1406
2022-08-16 17:00:00,2022-08-16 18:00:00,26.02,44.4264,26.1406,16.75,44.4264,26.1406,11.01,44.4264,26.1406
2022-08-16 18:00:00,2022-08-16 19:00:00,17.47,44.4264,26.1406,9.58,44.4264,26.1406,12.37,44.4264,26.1406
2022-08-16 19:00:00,2022-08-16 20:00:00,17.59,44.4264,26.1406,7.93,44.4264,26.1406,28.51,44.4264,26.1406
2022-08-16 20:00:00,2022-08-16 21:00:00,18.13,44.4264,26.1406,9.33,44.4264,26.1406,32.67,44.4264,26.1406
2022-08-16 21:00:00,2022-08-16 22:00:00,21.97,44.4264,26.1406,13.87,44.4264,26.1406,27.37,44.4264,26.1406
2022-08-16 22:00:00,2022-08-16 23:00:00,25.83,44.4264,26.1406,17.54,44.4264,26.1406,64.3,44.4264,26.1406
2022-08-16 23:00:00,2022-08-17 00:00:00,33.03,44.4264,26.1406,17.66,44.4264,26.1406,58.36,44.4264,26.1406
2022-08-17 00:00:00,2022-08-17 01:00:00,31.74,44.4264,26.1406,18.65,44.4264,26.1406,22.24,44.4264,26.1406
2022-08-17 01:00:00,2022-08-17 02:00:00,26.31,44.4264,26.1406,16.83,44.4264,26.1406,21.28,44.4264,26.1406
2022-08-17 02:00:00,2022-08-17 03:00:00,24.62,44.4264,26.1406,13.93,44.4264,26.1406,39.57,44.4264,26.1406
2022-08-17 03:00:00,2022-08-17 04:00:00,26.61,44.4264,26.1406,14.31,44.4264,26.1406,30.48,44.4264,26.1406
2022-08-17 04:00:00,2022-08-17 05:00:00,26.84,44.4264,26.1406,15.95,44.4264,26.1406,19.93,44.4264,26.1406
2022-08-17 05:00:00,2022-08-17 06:00:00,22.02,44.4264,26.1406,15.43,44.4264,26.1406,20.53,44.4264,26.1406
2022-08-17 06:00:00,2022-08-17 07:00:00,23.14,44.4264,26.1406,16.83,44.4264,26.1406,21.98,44.4264,26.1406
2022-08-17 07:00:00,2022-08-17 08:00:00,19.22,44.4264,26.1406,11.9,44.4264,26.1406,21.75,44.4264,26.1406
2022-08-17 08:00:00,2022-08-17 09:00:00,26.89,44.4264,26.1406,13.63,44.4264,26.1406,32.26,44.4264,26.1406
2022-08-17 09:00:00,2022-08-17 10:00:00,30.03,44.4264,26.1406,15.3,44.4264,26.1406,18.32,44.4264,26.1406
2022-08-17 10:00:00,2022-08-17 11:00:00,22.09,44.4264,26.1406,12.9,44.4264,26.1406,,44.4264,26.1406
2022-08-17 11:00:00,2022-08-17 12:00:00,19.84,44.4264,26.1406,11.98,44.4264,26.1406,10.54,44.4264,26.1406
2022-08-17 12:00:00,2022-08-17 13:00:00,18.34,44.4264,26.1406,11.17,44.4264,26.1406,7.52,44.4264,26.1406
2022-08-17 13:00:00,2022-08-17 14:00:00,21.17,44.4264,26.1406,13.38,44.4264,26.1406,7.66,44.4264,26.1406
2022-08-17 14:00:00,2022-08-17 15:00:00,19.81,44.4264,26.1406,11.93,44.4264,26.1406,3.94,44.4264,26.1406
2022-08-17 15:00:00,2022-08-17 16:00:00,20.06,44.4264,26.1406,12.49,44.4264,26.1406,4.63,44.4264,26.1406
2022-08-17 16:00:00,2022-08-17 17:00:00,26.67,44.4264,26.1406,13.23,44.4264,26.1406,7.78,44.4264,26.1406
2022-08-17 17:00:00,2022-08-17 18:00:00,18.69,44.4264,26.1406,8.25,44.4264,26.1406,11.03,44.4264,26.1406
2022-08-17 18:00:00,2022-08-17 19:00:00,14.56,44.4264,26.1406,6.84,44.4264,26.1406,13.34,44.4264,26.1406
2022-08-17 19:00:00,2022-08-17 20:00:00,18.06,44.4264,26.1406,7.15,44.4264,26.1406,21.11,44.4264,26.1406
2022-08-17 20:00:00,2022-08-17 21:00:00,26.49,44.4264,26.1406,12.91,44.4264,26.1406,30.86,44.4264,26.1406
2022-08-17 21:00:00,2022-08-17 22:00:00,31.65,44.4264,26.1406,15.86,44.4264,26.1406,74.04,44.4264,26.1406
2022-08-17 22:00:00,2022-08-17 23:00:00,25.37,44.4264,26.1406,11.71,44.4264,26.1406,51.78,44.4264,26.1406
2022-08-17 23:00:00,2022-08-18 00:00:00,22.09,44.4264,26.1406,11.54,44.4264,26.1406,33.71,44.4264,26.1406
2022-08-18 00:00:00,2022-08-18 01:00:00,18.13,44.4264,26.1406,9.32,44.4264,26.1406,11.32,44.4264,26.1406
2022-08-18 01:00:00,2022-08-18 02:00:00,15.66,44.4264,26.1406,9.02,44.4264,26.1406,9.02,44.4264,26.1406
2022-08-18 02:00:00,2022-08-18 03:00:00,17.59,44.4264,26.1406,11.67,44.4264,26.1406,12.23,44.4264,26.1406
2022-08-18 03:00:00,2022-08-18 04:00:00,16.32,44.4264,26.1406,9.9,44.4264,26.1406,14.49,44.4264,26.1406
2022-08-18 04:00:00,2022-08-18 05:00:00,18.87,44.4264,26.1406,13.09,44.4264,26.1406,16.59,44.4264,26.1406
2022-08-18 05:00:00,2022-08-18 06:00:00,17.49,44.4264,26.1406,11.39,44.4264,26.1406,26.46,44.4264,26.1406
2022-08-18 06:00:00,2022-08-18 07:00:00,20.54,44.4264,26.1406,12.22,44.4264,26.1406,36.59,44.4264,26.1406
2022-08-18 07:00:00,2022-08-18 08:00:00,26.75,44.4264,26.1406,15.13,44.4264,26.1406,33.35,44.4264,26.1406
2022-08-18 08:00:00,2022-08-18 09:00:00,24.13,44.4264,26.1406,13.86,44.4264,26.1406,32.08,44.4264,26.1406
2022-08-18 09:00:00,2022-08-18 10:00:00,24.75,44.4264,26.1406,13.47,44.4264,26.1406,25.47,44.4264,26.1406
2022-08-18 10:00:00,2022-08-18 11:00:00,25.19,44.4264,26.1406,14.53,44.4264,26.1406,14.81,44.4264,26.1406
2022-08-18 11:00:00,2022-08-18 12:00:00,26.0,44.4264,26.1406,15.65,44.4264,26.1406,,44.4264,26.1406
2022-08-18 12:00:00,2022-08-18 13:00:00,25.78,44.4264,26.1406,14.12,44.4264,26.1406,11.12,44.4264,26.1406
2022-08-18 13:00:00,2022-08-18 14:00:00,26.01,44.4264,26.1406,13.69,44.4264,26.1406,13.22,44.4264,26.1406
2022-08-18 14:00:00,2022-08-18 15:00:00,24.19,44.4264,26.1406,13.13,44.4264,26.1406,7.7,44.4264,26.1406
2022-08-18 15:00:00,2022-08-18 16:00:00,24.09,44.4264,26.1406,13.05,44.4264,26.1406,20.76,44.4264,26.1406
2022-08-18 16:00:00,2022-08-18 17:00:00,29.19,44.4264,26.1406,15.48,44.4264,26.1406,18.03,44.4264,26.1406
2022-08-18 17:00:00,2022-08-18 18:00:00,32.98,44.4264,26.1406,16.07,44.4264,26.1406,20.11,44.4264,26.1406
2022-08-18 18:00:00,2022-08-18 19:00:00,27.84,44.4264,26.1406,13.09,44.4264,26.1406,24.01,44.4264,26.1406
2022-08-18 19:00:00,2022-08-18 20:00:00,27.35,44.4264,26.1406,14.48,44.4264,26.1406,23.65,44.4264,26.1406
2022-08-18 20:00:00,2022-08-18 21:00:00,29.76,44.4264,26.1406,16.35,44.4264,26.1406,28.97,44.4264,26.1406
2022-08-18 21:00:00,2022-08-18 22:00:00,28.86,44.4264,26.1406,15.8,44.4264,26.1406,22.35,44.4264,26.1406
2022-08-18 22:00:00,2022-08-18 23:00:00,22.87,44.4264,26.1406,12.31,44.4264,26.1406,24.02,44.4264,26.1406
2022-08-18 23:00:00,2022-08-19 00:00:00,20.08,44.4264,26.1406,11.19,44.4264,26.1406,24.94,44.4264,26.1406
2022-08-19 00:00:00,2022-08-19 01:00:00,21.33,44.4264,26.1406,12.2,44.4264,26.1406,33.54,44.4264,26.1406
2022-08-19 01:00:00,2022-08-19 02:00:00,23.42,44.4264,26.1406,13.6,44.4264,26.1406,26.05,44.4264,26.1406
2022-08-19 02:00:00,2022-08-19 03:00:00,23.06,44.4264,26.1406,13.68,44.4264,26.1406,29.15,44.4264,26.1406
2022-08-19 03:00:00,2022-08-19 04:00:00,24.47,44.4264,26.1406,15.57,44.4264,26.1406,27.65,44.4264,26.1406
2022-08-19 04:00:00,2022-08-19 05:00:00,25.11,44.4264,26.1406,15.84,44.4264,26.1406,26.81,44.4264,26.1406
2022-08-19 05:00:00,2022-08-19 06:00:00,25.66,44.4264,26.1406,15.17,44.4264,26.1406,32.77,44.4264,26.1406
2022-08-19 06:00:00,2022-08-19 07:00:00,30.86,44.4264,26.1406,17.92,44.4264,26.1406,32.91,44.4264,26.1406
2022-08-19 07:00:00,2022-08-19 08:00:00,33.43,44.4264,26.1406,18.57,44.4264,26.1406,31.62,44.4264,26.1406
2022-08-19 08:00:00,2022-08-19 09:00:00,30.02,44.4264,26.1406,15.91,44.4264,26.1406,12.14,44.4264,26.1406
2022-08-19 09:00:00,2022-08-19 10:00:00,23.93,44.4264,26.1406,13.26,44.4264,26.1406,7.54,44.4264,26.1406
2022-08-19 10:00:00,2022-08-19 11:00:00,23.42,44.4264,26.1406,12.09,44.4264,26.1406,4.69,44.4264,26.1406
2022-08-19 11:00:00,2022-08-19 12:00:00,25.71,44.4264,26.1406,14.76,44.4264,26.1406,2.76,44.4264,26.1406
2022-08-19 12:00:00,2022-08-19 13:00:00,18.84,44.4264,26.1406,11.17,44.4264,26.1406,,44.4264,26.1406
2022-08-19 13:00:00,2022-08-19 14:00:00,18.97,44.4264,26.1406,12.26,44.4264,26.1406,4.25,44.4264,26.1406
2022-08-19 14:00:00,2022-08-19 15:00:00,20.95,44.4264,26.1406,14.31,44.4264,26.1406,3.39,44.4264,26.1406
2022-08-19 15:00:00,2022-08-19 16:00:00,20.67,44.4264,26.1406,13.86,44.4264,26.1406,4.44,44.4264,26.1406
2022-08-19 16:00:00,2022-08-19 17:00:00,23.1,44.4264,26.1406,14.14,44.4264,26.1406,5.38,44.4264,26.1406
2022-08-19 17:00:00,2022-08-19 18:00:00,21.72,44.4264,26.1406,11.23,44.4264,26.1406,11.77,44.4264,26.1406
2022-08-19 18:00:00,2022-08-19 19:00:00,23.04,44.4264,26.1406,11.01,44.4264,26.1406,18.11,44.4264,26.1406
2022-08-19 19:00:00,2022-08-19 20:00:00,33.74,44.4264,26.1406,13.48,44.4264,26.1406,32.0,44.4264,26.1406
2022-08-19 20:00:00,2022-08-19 21:00:00,37.11,44.4264,26.1406,13.22,44.4264,26.1406,29.77,44.4264,26.1406
2022-08-19 21:00:00,2022-08-19 22:00:00,37.35,44.4264,26.1406,13.49,44.4264,26.1406,36.82,44.4264,26.1406
2022-08-19 22:00:00,2022-08-19 23:00:00,39.05,44.4264,26.1406,15.32,44.4264,26.1406,40.81,44.4264,26.1406
2022-08-19 23:00:00,2022-08-20 00:00:00,34.6,44.4264,26.1406,11.73,44.4264,26.1406,28.63,44.4264,26.1406
2022-08-20 00:00:00,2022-08-20 01:00:00,36.57,44.4264,26.1406,14.02,44.4264,26.1406,35.4,44.4264,26.1406
2022-08-20 01:00:00,2022-08-20 02:00:00,37.45,44.4264,26.1406,15.39,44.4264,26.1406,26.33,44.4264,26.1406
2022-08-20 02:00:00,2022-08-20 03:00:00,34.96,44.4264,26.1406,15.14,44.4264,26.1406,18.07,44.4264,26.1406
2022-08-20 03:00:00,2022-08-20 04:00:00,28.72,44.4264,26.1406,13.1,44.4264,26.1406,19.53,44.4264,26.1406
2022-08-20 04:00:00,2022-08-20 05:00:00,25.93,44.4264,26.1406,12.79,44.4264,26.1406,21.35,44.4264,26.1406
2022-08-20 05:00:00,2022-08-20 06:00:00,26.76,44.4264,26.1406,14.55,44.4264,26.1406,25.1,44.4264,26.1406
2022-08-20 06:00:00,2022-08-20 07:00:00,29.4,44.4264,26.1406,16.24,44.4264,26.1406,32.28,44.4264,26.1406
2022-08-20 07:00:00,2022-08-20 08:00:00,28.73,44.4264,26.1406,15.06,44.4264,26.1406,19.09,44.4264,26.1406
2022-08-20 08:00:00,2022-08-20 09:00:00,30.87,44.4264,26.1406,13.75,44.4264,26.1406,14.33,44.4264,26.1406
2022-08-20 09:00:00,2022-08-20 10:00:00,37.16,44.4264,26.1406,17.24,44.4264,26.1406,12.99,44.4264,26.1406
2022-08-20 10:00:00,2022-08-20 11:00:00,34.88,44.4264,26.1406,12.43,44.4264,26.1406,11.6,44.4264,26.1406
2022-08-20 11:00:00,2022-08-20 12:00:00,31.2,44.4264,26.1406,9.2,44.4264,26.1406,7.52,44.4264,26.1406
2022-08-20 12:00:00,2022-08-20 13:00:00,33.37,44.4264,26.1406,12.33,44.4264,26.1406,5.45,44.4264,26.1406
2022-08-20 13:00:00,2022-08-20 14:00:00,35.49,44.4264,26.1406,14.82,44.4264,26.1406,,44.4264,26.1406
2022-08-20 14:00:00,2022-08-20 15:00:00,31.75,44.4264,26.1406,11.63,44.4264,26.1406,5.04,44.4264,26.1406
2022-08-20 15:00:00,2022-08-20 16:00:00,28.12,44.4264,26.1406,9.92,44.4264,26.1406,5.61,44.4264,26.1406
2022-08-20 16:00:00,2022-08-20 17:00:00,29.36,44.4264,26.1406,12.13,44.4264,26.1406,3.36,44.4264,26.1406
2022-08-20 17:00:00,2022-08-20 18:00:00,30.13,44.4264,26.1406,10.56,44.4264,26.1406,6.11,44.4264,26.1406
2022-08-20 18:00:00,2022-08-20 19:00:00,31.33,44.4264,26.1406,10.79,44.4264,26.1406,9.68,44.4264,26.1406
2022-08-20 19:00:00,2022-08-20 20:00:00,32.52,44.4264,26.1406,10.87,44.4264,26.1406,36.57,44.4264,26.1406
2022-08-20 20:00:00,2022-08-20 21:00:00,38.51,44.4264,26.1406,13.24,44.4264,26.1406,35.52,44.4264,26.1406
2022-08-20 21:00:00,2022-08-20 22:00:00,39.98,44.4264,26.1406,13.43,44.4264,26.1406,19.48,44.4264,26.1406
2022-08-20 22:00:00,2022-08-20 23:00:00,38.95,44.4264,26.1406,14.01,44.4264,26.1406,13.34,44.4264,26.1406
2022-08-20 23:00:00,2022-08-21 00:00:00,30.91,44.4264,26.1406,13.97,44.4264,26.1406,15.28,44.4264,26.1406
2022-08-21 00:00:00,2022-08-21 01:00:00,27.14,44.4264,26.1406,12.29,44.4264,26.1406,9.58,44.4264,26.1406
2022-08-21 01:00:00,2022-08-21 02:00:00,23.16,44.4264,26.1406,11.07,44.4264,26.1406,11.7,44.4264,26.1406
2022-08-21 02:00:00,2022-08-21 03:00:00,24.32,44.4264,26.1406,12.9,44.4264,26.1406,16.37,44.4264,26.1406
2022-08-21 03:00:00,2022-08-21 04:00:00,25.43,44.4264,26.1406,13.16,44.4264,26.1406,17.0,44.4264,26.1406
2022-08-21 04:00:00,2022-08-21 05:00:00,27.68,44.4264,26.1406,12.78,44.4264,26.1406,15.25,44.4264,26.1406
2022-08-21 05:00:00,2022-08-21 06:00:00,28.93,44.4264,26.1406,13.02,44.4264,26.1406,24.8,44.4264,26.1406
2022-08-21 06:00:00,2022-08-21 07:00:00,30.28,44.4264,26.1406,14.06,44.4264,26.1406,22.12,44.4264,26.1406
2022-08-21 07:00:00,2022-08-21 08:00:00,30.23,44.4264,26.1406,15.71,44.4264,26.1406,13.99,44.4264,26.1406
2022-08-21 08:00:00,2022-08-21 09:00:00,23.71,44.4264,26.1406,11.5,44.4264,26.1406,7.97,44.4264,26.1406
2022-08-21 09:00:00,2022-08-21 10:00:00,23.89,44.4264,26.1406,10.02,44.4264,26.1406,7.01,44.4264,26.1406
2022-08-21 10:00:00,2022-08-21 11:00:00,26.27,44.4264,26.1406,11.29,44.4264,26.1406,8.52,44.4264,26.1406
2022-08-21 11:00:00,2022-08-21 12:00:00,28.08,44.4264,26.1406,12.11,44.4264,26.1406,9.15,44.4264,26.1406
2022-08-21 12:00:00,2022-08-21 13:00:00,27.49,44.4264,26.1406,11.3,44.4264,26.1406,10.39,44.4264,26.1406
2022-08-21 13:00:00,2022-08-21 14:00:00,27.41,44.4264,26.1406,11.14,44.4264,26.1406,11.1,44.4264,26.1406
2022-08-21 14:00:00,2022-08-21 15:00:00,23.42,44.4264,26.1406,8.43,44.4264,26.1406,,44.4264,26.1406
2022-08-21 15:00:00,2022-08-21 16:00:00,27.44,44.4264,26.1406,11.11,44.4264,26.1406,8.43,44.4264,26.1406
2022-08-21 16:00:00,2022-08-21 17:00:00,26.37,44.4264,26.1406,10.35,44.4264,26.1406,5.66,44.4264,26.1406
2022-08-21 17:00:00,2022-08-21 18:00:00,26.96,44.4264,26.1406,12.72,44.4264,26.1406,6.88,44.4264,26.1406
2022-08-21 18:00:00,2022-08-21 19:00:00,24.23,44.4264,26.1406,13.21,44.4264,26.1406,8.53,44.4264,26.1406
2022-08-21 19:00:00,2022-08-21 20:00:00,52.54,44.4264,26.1406,40.94,44.4264,26.1406,8.31,44.4264,26.1406
2022-08-21 20:00:00,2022-08-21 21:00:00,31.83,44.4264,26.1406,23.61,44.4264,26.1406,20.72,44.4264,26.1406
2022-08-21 21:00:00,2022-08-21 22:00:00,25.93,44.4264,26.1406,16.99,44.4264,26.1406,14.84,44.4264,26.1406
2022-08-21 22:00:00,2022-08-21 23:00:00,22.39,44.4264,26.1406,14.29,44.4264,26.1406,10.14,44.4264,26.1406
2022-08-21 23:00:00,2022-08-22 00:00:00,19.43,44.4264,26.1406,13.16,44.4264,26.1406,8.08,44.4264,26.1406
2022-08-22 00:00:00,2022-08-22 01:00:00,18.12,44.4264,26.1406,11.65,44.4264,26.1406,11.37,44.4264,26.1406
2022-08-22 01:00:00,2022-08-22 02:00:00,17.96,44.4264,26.1406,11.5,44.4264,26.1406,7.37,44.4264,26.1406
2022-08-22 02:00:00,2022-08-22 03:00:00,18.07,44.4264,26.1406,11.88,44.4264,26.1406,7.86,44.4264,26.1406
2022-08-22 03:00:00,2022-08-22 04:00:00,16.1,44.4264,26.1406,10.84,44.4264,26.1406,5.26,44.4264,26.1406
2022-08-22 04:00:00,2022-08-22 05:00:00,15.38,44.4264,26.1406,11.65,44.4264,26.1406,4.69,44.4264,26.1406
2022-08-22 05:00:00,2022-08-22 06:00:00,13.82,44.4264,26.1406,9.99,44.4264,26.1406,9.78,44.4264,26.1406
2022-08-22 06:00:00,2022-08-22 07:00:00,17.18,44.4264,26.1406,10.5,44.4264,26.1406,19.43,44.4264,26.1406
2022-08-22 07:00:00,2022-08-22 08:00:00,25.63,44.4264,26.1406,15.67,44.4264,26.1406,24.49,44.4264,26.1406
2022-08-22 08:00:00,2022-08-22 09:00:00,31.62,44.4264,26.1406,18.82,44.4264,26.1406,28.34,44.4264,26.1406
2022-08-22 09:00:00,2022-08-22 10:00:00,33.56,44.4264,26.1406,17.96,44.4264,26.1406,25.67,44.4264,26.1406
2022-08-22 10:00:00,2022-08-22 11:00:00,34.05,44.4264,26.1406,16.79,44.4264,26.1406,20.34,44.4264,26.1406
2022-08-22 11:00:00,2022-08-22 12:00:00,31.99,44.4264,26.1406,15.6,44.4264,26.1406,15.59,44.4264,26.1406
2022-08-22 12:00:00,2022-08-22 13:00:00,27.64,44.4264,26.1406,14.79,44.4264,26.1406,12.38,44.4264,26.1406
2022-08-22 13:00:00,2022-08-22 14:00:00,28.63,44.4264,26.1406,16.78,44.4264,26.1406,12.31,44.4264,26.1406
2022-08-22 14:00:00,2022-08-22 15:00:00,27.06,44.4264,26.1406,15.29,44.4264,26.1406,8.36,44.4264,26.1406
2022-08-22 15:00:00,2022-08-22 16:00:00,28.62,44.4264,26.1406,17.22,44.4264,26.1406,,44.4264,26.1406
2022-08-22 16:00:00,2022-08-22 17:00:00,23.7,44.4264,26.1406,12.98,44.4264,26.1406,5.03,44.4264,26.1406
2022-08-22 17:00:00,2022-08-22 18:00:00,15.85,44.4264,26.1406,8.12,44.4264,26.1406,5.16,44.4264,26.1406
2022-08-22 18:00:00,2022-08-22 19:00:00,16.45,44.4264,26.1406,9.43,44.4264,26.1406,9.7,44.4264,26.1406
2022-08-22 19:00:00,2022-08-22 20:00:00,21.44,44.4264,26.1406,9.93,44.4264,26.1406,15.45,44.4264,26.1406
2022-08-22 20:00:00,2022-08-22 21:00:00,15.18,44.4264,26.1406,5.59,44.4264,26.1406,14.05,44.4264,26.1406
2022-08-22 21:00:00,2022-08-22 22:00:00,13.07,44.4264,26.1406,3.49,44.4264,26.1406,13.19,44.4264,26.1406
2022-08-22 22:00:00,2022-08-22 23:00:00,17.15,44.4264,26.1406,7.62,44.4264,26.1406,11.16,44.4264,26.1406
2022-08-22 23:00:00,2022-08-23 00:00:00,19.42,44.4264,26.1406,9.97,44.4264,26.1406,10.59,44.4264,26.1406
2022-08-23 00:00:00,2022-08-23 01:00:00,18.12,44.4264,26.1406,8.82,44.4264,26.1406,8.28,44.4264,26.1406
2022-08-23 01:00:00,2022-08-23 02:00:00,17.45,44.4264,26.1406,8.61,44.4264,26.1406,15.6,44.4264,26.1406
2022-08-23 02:00:00,2022-08-23 03:00:00,22.76,44.4264,26.1406,14.26,44.4264,26.1406,26.57,44.4264,26.1406
2022-08-23 03:00:00,2022-08-23 04:00:00,30.92,44.4264,26.1406,21.61,44.4264,26.1406,24.57,44.4264,26.1406
2022-08-23 04:00:00,2022-08-23 05:00:00,21.46,44.4264,26.1406,13.47,44.4264,26.1406,22.79,44.4264,26.1406
2022-08-23 05:00:00,2022-08-23 06:00:00,19.97,44.4264,26.1406,10.93,44.4264,26.1406,25.9,44.4264,26.1406
2022-08-23 06:00:00,2022-08-23 07:00:00,25.48,44.4264,26.1406,13.41,44.4264,26.1406,20.98,44.4264,26.1406
2022-08-23 07:00:00,2022-08-23 08:00:00,25.08,44.4264,26.1406,11.26,44.4264,26.1406,16.66,44.4264,26.1406
2022-08-23 08:00:00,2022-08-23 09:00:00,28.86,44.4264,26.1406,13.19,44.4264,26.1406,14.78,44.4264,26.1406
2022-08-23 09:00:00,2022-08-23 10:00:00,32.11,44.4264,26.1406,11.63,44.4264,26.1406,11.97,44.4264,26.1406
2022-08-23 10:00:00,2022-08-23 11:00:00,33.53,44.4264,26.1406,9.2,44.4264,26.1406,10.79,44.4264,26.1406
2022-08-23 11:00:00,2022-08-23 12:00:00,34.44,44.4264,26.1406,11.52,44.4264,26.1406,6.65,44.4264,26.1406
2022-08-23 12:00:00,2022-08-23 13:00:00,41.46,44.4264,26.1406,16.11,44.4264,26.1406,7.31,44.4264,26.1406
2022-08-23 13:00:00,2022-08-23 14:00:00,38.13,44.4264,26.1406,13.1,44.4264,26.1406,10.3,44.4264,26.1406
2022-08-23 14:00:00,2022-08-23 15:00:00,38.99,44.4264,26.1406,13.99,44.4264,26.1406,12.32,44.4264,26.1406
2022-08-23 15:00:00,2022-08-23 16:00:00,37.64,44.4264,26.1406,11.97,44.4264,26.1406,13.87,44.4264,26.1406
2022-08-23 16:00:00,2022-08-23 17:00:00,38.28,44.4264,26.1406,13.85,44.4264,26.1406,,44.4264,26.1406
2022-08-23 17:00:00,2022-08-23 18:00:00,36.93,44.4264,26.1406,11.83,44.4264,26.1406,31.83,44.4264,26.1406
2022-08-23 18:00:00,2022-08-23 19:00:00,34.09,44.4264,26.1406,8.27,44.4264,26.1406,21.88,44.4264,26.1406
2022-08-23 19:00:00,2022-08-23 20:00:00,29.56,44.4264,26.1406,8.23,44.4264,26.1406,5.96,44.4264,26.1406
2022-08-23 20:00:00,2022-08-23 21:00:00,9.03,44.4264,26.1406,,,,6.84,44.4264,26.1406
2022-08-23 21:00:00,2022-08-23 22:00:00,6.59,44.4264,26.1406,0.25,44.4264,26.1406,11.75,44.4264,26.1406
2022-08-23 22:00:00,2022-08-23 23:00:00,8.35,44.4264,26.1406,2.87,44.4264,26.1406,13.77,44.4264,26.1406
2022-08-23 23:00:00,2022-08-24 00:00:00,5.83,44.4264,26.1406,1.87,44.4264,26.1406,6.77,44.4264,26.1406
2022-08-24 00:00:00,2022-08-24 01:00:00,9.2,44.4264,26.1406,5.5,44.4264,26.1406,12.53,44.4264,26.1406
2022-08-24 01:00:00,2022-08-24 02:00:00,8.42,44.4264,26.1406,4.92,44.4264,26.1406,8.66,44.4264,26.1406
2022-08-24 02:00:00,2022-08-24 03:00:00,5.73,44.4264,26.1406,1.31,44.4264,26.1406,11.82,44.4264,26.1406
2022-08-24 03:00:00,2022-08-24 04:00:00,8.06,44.4264,26.1406,2.8,44.4264,26.1406,8.56,44.4264,26.1406
2022-08-24 04:00:00,2022-08-24 05:00:00,14.39,44.4264,26.1406,7.62,44.4264,26.1406,6.43,44.4264,26.1406
2022-08-24 05:00:00,2022-08-24 06:00:00,13.95,44.4264,26.1406,7.47,44.4264,26.1406,9.48,44.4264,26.1406
2022-08-24 06:00:00,2022-08-24 07:00:00,9.93,44.4264,26.1406,4.29,44.4264,26.1406,6.91,44.4264,26.1406
2022-08-24 07:00:00,2022-08-24 08:00:00,11.66,44.4264,26.1406,5.75,44.4264,26.1406,7.26,44.4264,26.1406
2022-08-24 08:00:00,2022-08-24 09:00:00,12.47,44.4264,26.1406,5.68,44.4264,26.1406,7.7,44.4264,26.1406
2022-08-24 09:00:00,2022-08-24 10:00:00,13.24,44.4264,26.1406,4.53,44.4264,26.1406,8.69,44.4264,26.1406
2022-08-24 10:00:00,2022-08-24 11:00:00,27.91,44.4264,26.1406,7.82,44.4264,26.1406,7.43,44.4264,26.1406
2022-08-24 11:00:00,2022-08-24 12:00:00,45.7,44.4264,26.1406,7.11,44.4264,26.1406,9.82,44.4264,26.1406
2022-08-24 12:00:00,2022-08-24 13:00:00,52.25,44.4264,26.1406,7.63,44.4264,26.1406,8.78,44.4264,26.1406
2022-08-24 13:00:00,2022-08-24 14:00:00,57.25,44.4264,26.1406,7.78,44.4264,26.1406,9.69,44.4264,26.1406
2022-08-24 14:00:00,2022-08-24 15:00:00,65.99,44.4264,26.1406,14.24,44.4264,26.1406,11.43,44.4264,26.1406
2022-08-24 15:00:00,2022-08-24 16:00:00,60.09,44.4264,26.1406,12.04,44.4264,26.1406,10.69,44.4264,26.1406
2022-08-24 16:00:00,2022-08-24 17:00:00,60.9,44.4264,26.1406,14.67,44.4264,26.1406,9.35,44.4264,26.1406
2022-08-24 17:00:00,2022-08-24 18:00:00,61.06,44.4264,26.1406,14.54,44.4264,26.1406,,44.4264,26.1406
2022-08-24 18:00:00,2022-08-24 19:00:00,57.16,44.4264,26.1406,11.04,44.4264,26.1406,15.61,44.4264,26.1406
2022-08-24 19:00:00,2022-08-24 20:00:00,55.61,44.4264,26.1406,10.77,44.4264,26.1406,26.0,44.4264,26.1406
2022-08-24 20:00:00,2022-08-24 21:00:00,55.77,44.4264,26.1406,13.35,44.4264,26.1406,26.55,44.4264,26.1406
2022-08-24 21:00:00,2022-08-24 22:00:00,50.19,44.4264,26.1406,10.93,44.4264,26.1406,18.18,44.4264,26.1406
2022-08-24 22:00:00,2022-08-24 23:00:00,47.65,44.4264,26.1406,8.81,44.4264,26.1406,15.82,44.4264,26.1406
2022-08-24 23:00:00,2022-08-25 00:00:00,50.27,44.4264,26.1406,11.46,44.4264,26.1406,14.1,44.4264,26.1406
2022-08-25 00:00:00,2022-08-25 01:00:00,57.73,44.4264,26.1406,14.13,44.4264,26.1406,15.57,44.4264,26.1406
2022-08-25 01:00:00,2022-08-25 02:00:00,53.59,44.4264,26.1406,12.27,44.4264,26.1406,14.57,44.4264,26.1406
2022-08-25 02:00:00,2022-08-25 03:00:00,53.98,44.4264,26.1406,11.2,44.4264,26.1406,16.74,44.4264,26.1406
2022-08-25 03:00:00,2022-08-25 04:00:00,52.85,44.4264,26.1406,15.11,44.4264,26.1406,16.43,44.4264,26.1406
2022-08-25 04:00:00,2022-08-25 05:00:00,57.3,44.4264,26.1406,13.78,44.4264,26.1406,10.2,44.4264,26.1406
2022-08-25 05:00:00,2022-08-25 06:00:00,71.78,44.4264,26.1406,12.39,44.4264,26.1406,18.14,44.4264,26.1406
2022-08-25 06:00:00,2022-08-25 07:00:00,78.57,44.4264,26.1406,14.58,44.4264,26.1406,19.79,44.4264,26.1406
2022-08-25 07:00:00,2022-08-25 08:00:00,78.37,44.4264,26.1406,15.26,44.4264,26.1406,20.43,44.4264,26.1406
2022-08-25 08:00:00,2022-08-25 09:00:00,81.62,44.4264,26.1406,13.18,44.4264,26.1406,10.31,44.4264,26.1406
2022-08-25 09:00:00,2022-08-25 10:00:00,71.21,44.4264,26.1406,14.35,44.4264,26.1406,7.88,44.4264,26.1406
2022-08-25 10:00:00,2022-08-25 11:00:00,57.63,44.4264,26.1406,11.39,44.4264,26.1406,8.01,44.4264,26.1406
2022-08-25 11:00:00,2022-08-25 12:00:00,57.19,44.4264,26.1406,12.15,44.4264,26.1406,7.89,44.4264,26.1406
2022-08-25 12:00:00,2022-08-25 13:00:00,66.18,44.4264,26.1406,12.08,44.4264,26.1406,7.01,44.4264,26.1406
2022-08-25 13:00:00,2022-08-25 14:00:00,78.66,44.4264,26.1406,10.9,44.4264,26.1406,6.91,44.4264,26.1406
2022-08-25 14:00:00,2022-08-25 15:00:00,90.98,44.4264,26.1406,15.09,44.4264,26.1406,7.47,44.4264,26.1406
2022-08-25 15:00:00,2022-08-25 16:00:00,86.54,44.4264,26.1406,11.41,44.4264,26.1406,9.92,44.4264,26.1406
2022-08-25 16:00:00,2022-08-25 17:00:00,81.5,44.4264,26.1406,11.21,44.4264,26.1406,7.67,44.4264,26.1406
2022-08-25 17:00:00,2022-08-25 18:00:00,86.08,44.4264,26.1406,16.06,44.4264,26.1406,8.49,44.4264,26.1406
2022-08-25 18:00:00,2022-08-25 19:00:00,77.99,44.4264,26.1406,11.18,44.4264,26.1406,,44.4264,26.1406
2022-08-25 19:00:00,2022-08-25 20:00:00,69.46,44.4264,26.1406,12.62,44.4264,26.1406,17.56,44.4264,26.1406
2022-08-25 20:00:00,2022-08-25 21:00:00,61.04,44.4264,26.1406,12.42,44.4264,26.1406,11.55,44.4264,26.1406
2022-08-25 21:00:00,2022-08-25 22:00:00,62.02,44.4264,26.1406,13.6,44.4264,26.1406,10.29,44.4264,26.1406
2022-08-25 22:00:00,2022-08-25 23:00:00,59.81,44.4264,26.1406,12.2,44.4264,26.1406,13.76,44.4264,26.1406
2022-08-25 23:00:00,2022-08-26 00:00:00,54.87,44.4264,26.1406,12.16,44.4264,26.1406,12.97,44.4264,26.1406
2022-08-26 00:00:00,2022-08-26 01:00:00,48.6,44.4264,26.1406,14.29,44.4264,26.1406,10.58,44.4264,26.1406
2022-08-26 01:00:00,2022-08-26 02:00:00,43.22,44.4264,26.1406,13.18,44.4264,26.1406,13.02,44.4264,26.1406
2022-08-26 02:00:00,2022-08-26 03:00:00,37.9,44.4264,26.1406,10.33,44.4264,26.1406,17.84,44.4264,26.1406
2022-08-26 03:00:00,2022-08-26 04:00:00,36.07,44.4264,26.1406,11.03,44.4264,26.1406,11.99,44.4264,26.1406
2022-08-26 04:00:00,2022-08-26 05:00:00,29.01,44.4264,26.1406,9.21,44.4264,26.1406,10.78,44.4264,26.1406
2022-08-26 05:00:00,2022-08-26 06:00:00,24.06,44.4264,26.1406,6.24,44.4264,26.1406,11.69,44.4264,26.1406
2022-08-26 06:00:00,2022-08-26 07:00:00,22.52,44.4264,26.1406,5.51,44.4264,26.1406,13.89,44.4264,26.1406
2022-08-26 07:00:00,2022-08-26 08:00:00,23.31,44.4264,26.1406,5.51,44.4264,26.1406,14.5,44.4264,26.1406
2022-08-26 08:00:00,2022-08-26 09:00:00,28.71,44.4264,26.1406,8.06,44.4264,26.1406,12.38,44.4264,26.1406
2022-08-26 09:00:00,2022-08-26 10:00:00,27.64,44.4264,26.1406,6.74,44.4264,26.1406,10.62,44.4264,26.1406
2022-08-26 10:00:00,2022-08-26 11:00:00,34.6,44.4264,26.1406,10.08,44.4264,26.1406,5.15,44.4264,26.1406
2022-08-26 11:00:00,2022-08-26 12:00:00,37.52,44.4264,26.1406,9.41,44.4264,26.1406,4.22,44.4264,26.1406
2022-08-26 12:00:00,2022-08-26 13:00:00,37.72,44.4264,26.1406,7.18,44.4264,26.1406,3.67,44.4264,26.1406
2022-08-26 13:00:00,2022-08-26 14:00:00,51.23,44.4264,26.1406,10.4,44.4264,26.1406,4.76,44.4264,26.1406
2022-08-26 14:00:00,2022-08-26 15:00:00,59.99,44.4264,26.1406,12.01,44.4264,26.1406,6.62,44.4264,26.1406
2022-08-26 15:00:00,2022-08-26 16:00:00,58.53,44.4264,26.1406,11.45,44.4264,26.1406,9.17,44.4264,26.1406
2022-08-26 16:00:00,2022-08-26 17:00:00,64.17,44.4264,26.1406,13.01,44.4264,26.1406,10.19,44.4264,26.1406
2022-08-26 17:00:00,2022-08-26 18:00:00,61.72,44.4264,26.1406,10.15,44.4264,26.1406,11.9,44.4264,26.1406
2022-08-26 18:00:00,2022-08-26 19:00:00,59.72,44.4264,26.1406,10.06,44.4264,26.1406,17.36,44.4264,26.1406
2022-08-26 19:00:00,2022-08-26 20:00:00,68.89,44.4264,26.1406,15.13,44.4264,26.1406,,44.4264,26.1406
2022-08-26 20:00:00,2022-08-26 21:00:00,75.02,44.4264,26.1406,16.45,44.4264,26.1406,21.28,44.4264,26.1406
2022-08-26 21:00:00,2022-08-26 22:00:00,82.17,44.4264,26.1406,17.99,44.4264,26.1406,17.35,44.4264,26.1406
2022-08-26 22:00:00,2022-08-26 23:00:00,74.59,44.4264,26.1406,17.6,44.4264,26.1406,19.0,44.4264,26.1406
2022-08-26 23:00:00,2022-08-27 00:00:00,68.61,44.4264,26.1406,15.62,44.4264,26.1406,27.83,44.4264,26.1406
2022-08-27 00:00:00,2022-08-27 01:00:00,67.22,44.4264,26.1406,15.82,44.4264,26.1406,19.17,44.4264,26.1406
2022-08-27 01:00:00,2022-08-27 02:00:00,62.66,44.4264,26.1406,15.87,44.4264,26.1406,19.67,44.4264,26.1406
2022-08-27 02:00:00,2022-08-27 03:00:00,56.38,44.4264,26.1406,16.71,44.4264,26.1406,18.06,44.4264,26.1406
2022-08-27 03:00:00,2022-08-27 04:00:00,58.48,44.4264,26.1406,17.36,44.4264,26.1406,15.15,44.4264,26.1406
2022-08-27 04:00:00,2022-08-27 05:00:00,53.88,44.4264,26.1406,13.93,44.4264,26.1406,10.33,44.4264,26.1406
2022-08-27 05:00:00,2022-08-27 06:00:00,50.59,44.4264,26.1406,14.64,44.4264,26.1406,13.39,44.4264,26.1406
2022-08-27 06:00:00,2022-08-27 07:00:00,55.68,44.4264,26.1406,16.41,44.4264,26.1406,19.44,44.4264,26.1406
2022-08-27 07:00:00,2022-08-27 08:00:00,62.31,44.4264,26.1406,18.33,44.4264,26.1406,20.43,44.4264,26.1406
2022-08-27 08:00:00,2022-08-27 09:00:00,68.88,44.4264,26.1406,19.18,44.4264,26.1406,20.5,44.4264,26.1406
2022-08-27 09:00:00,2022-08-27 10:00:00,78.14,44.4264,26.1406,20.02,44.4264,26.1406,19.83,44.4264,26.1406
2022-08-27 10:00:00,2022-08-27 11:00:00,84.63,44.4264,26.1406,20.2,44.4264,26.1406,11.53,44.4264,26.1406
2022-08-27 11:00:00,2022-08-27 12:00:00,84.16,44.4264,26.1406,18.22,44.4264,26.1406,8.18,44.4264,26.1406
2022-08-27 12:00:00,2022-08-27 13:00:00,78.64,44.4264,26.1406,16.86,44.4264,26.1406,3.92,44.4264,26.1406
2022-08-27 13:00:00,2022-08-27 14:00:00,91.46,44.4264,26.1406,18.87,44.4264,26.1406,3.34,44.4264,26.1406
2022-08-27 14:00:00,2022-08-27 15:00:00,101.69,44.4264,26.1406,21.53,44.4264,26.1406,3.32,44.4264,26.1406
2022-08-27 15:00:00,2022-08-27 16:00:00,104.27,44.4264,26.1406,24.16,44.4264,26.1406,2.2,44.4264,26.1406
2022-08-27 16:00:00,2022-08-27 17:00:00,94.22,44.4264,26.1406,15.53,44.4264,26.1406,2.1,44.4264,26.1406
2022-08-27 17:00:00,2022-08-27 18:00:00,93.76,44.4264,26.1406,17.68,44.4264,26.1406,3.46,44.4264,26.1406
2022-08-27 18:00:00,2022-08-27 19:00:00,88.38,44.4264,26.1406,17.38,44.4264,26.1406,7.02,44.4264,26.1406
2022-08-27 19:00:00,2022-08-27 20:00:00,66.14,44.4264,26.1406,16.05,44.4264,26.1406,28.77,44.4264,26.1406
2022-08-27 20:00:00,2022-08-27 21:00:00,68.61,44.4264,26.1406,21.49,44.4264,26.1406,,44.4264,26.1406
2022-08-27 21:00:00,2022-08-27 22:00:00,71.61,44.4264,26.1406,24.5,44.4264,26.1406,60.19,44.4264,26.1406
2022-08-27 22:00:00,2022-08-27 23:00:00,74.43,44.4264,26.1406,26.79,44.4264,26.1406,68.0,44.4264,26.1406
2022-08-27 23:00:00,2022-08-28 00:00:00,83.19,44.4264,26.1406,25.02,44.4264,26.1406,66.27,44.4264,26.1406
2022-08-28 00:00:00,2022-08-28 01:00:00,77.76,44.4264,26.1406,25.29,44.4264,26.1406,40.17,44.4264,26.1406
2022-08-28 01:00:00,2022-08-28 02:00:00,67.28,44.4264,26.1406,24.63,44.4264,26.1406,34.34,44.4264,26.1406
2022-08-28 02:00:00,2022-08-28 03:00:00,70.14,44.4264,26.1406,22.18,44.4264,26.1406,30.59,44.4264,26.1406
2022-08-28 03:00:00,2022-08-28 04:00:00,66.03,44.4264,26.1406,19.35,44.4264,26.1406,23.01,44.4264,26.1406
2022-08-28 04:00:00,2022-08-28 05:00:00,63.1,44.4264,26.1406,19.57,44.4264,26.1406,20.03,44.4264,26.1406
2022-08-28 05:00:00,2022-08-28 06:00:00,57.25,44.4264,26.1406,18.94,44.4264,26.1406,17.53,44.4264,26.1406
2022-08-28 06:00:00,2022-08-28 07:00:00,56.52,44.4264,26.1406,19.75,44.4264,26.1406,17.84,44.4264,26.1406
2022-08-28 07:00:00,2022-08-28 08:00:00,56.87,44.4264,26.1406,19.66,44.4264,26.1406,15.02,44.4264,26.1406
2022-08-28 08:00:00,2022-08-28 09:00:00,57.61,44.4264,26.1406,19.77,44.4264,26.1406,12.32,44.4264,26.1406
2022-08-28 09:00:00,2022-08-28 10:00:00,72.22,44.4264,26.1406,18.83,44.4264,26.1406,10.83,44.4264,26.1406
2022-08-28 10:00:00,2022-08-28 11:00:00,76.75,44.4264,26.1406,18.64,44.4264,26.1406,6.76,44.4264,26.1406
2022-08-28 11:00:00,2022-08-28 12:00:00,61.42,44.4264,26.1406,17.28,44.4264,26.1406,4.24,44.4264,26.1406
2022-08-28 12:00:00,2022-08-28 13:00:00,49.09,44.4264,26.1406,15.43,44.4264,26.1406,2.54,44.4264,26.1406
2022-08-28 13:00:00,2022-08-28 14:00:00,45.08,44.4264,26.1406,16.5,44.4264,26.1406,1.82,44.4264,26.1406
2022-08-28 14:00:00,2022-08-28 15:00:00,42.99,44.4264,26.1406,17.27,44.4264,26.1406,1.9,44.4264,26.1406
2022-08-28 15:00:00,2022-08-28 16:00:00,34.25,44.4264,26.1406,10.78,44.4264,26.1406,1.68,44.4264,26.1406
2022-08-28 16:00:00,2022-08-28 17:00:00,34.55,44.4264,26.1406,10.4,44.4264,26.1406,1.63,44.4264,26.1406
2022-08-28 17:00:00,2022-08-28 18:00:00,42.02,44.4264,26.1406,16.96,44.4264,26.1406,2.02,44.4264,26.1406
2022-08-28 18:00:00,2022-08-28 19:00:00,44.45,44.4264,26.1406,20.3,44.4264,26.1406,3.3,44.4264,26.1406
2022-08-28 19:00:00,2022-08-28 20:00:00,40.87,44.4264,26.1406,15.65,44.4264,26.1406,14.61,44.4264,26.1406
2022-08-28 20:00:00,2022-08-28 21:00:00,50.27,44.4264,26.1406,25.21,44.4264,26.1406,23.28,44.4264,26.1406
2022-08-28 21:00:00,2022-08-28 22:00:00,56.54,44.4264,26.1406,28.18,44.4264,26.1406,,44.4264,26.1406
2022-08-28 22:00:00,2022-08-28 23:00:00,51.43,44.4264,26.1406,27.49,44.4264,26.1406,49.95,44.4264,26.1406
2022-08-28 23:00:00,2022-08-29 00:00:00,49.28,44.4264,26.1406,24.57,44.4264,26.1406,38.0,44.4264,26.1406
2022-08-29 00:00:00,2022-08-29 01:00:00,44.29,44.4264,26.1406,22.54,44.4264,26.1406,40.83,44.4264,26.1406
2022-08-29 01:00:00,2022-08-29 02:00:00,35.81,44.4264,26.1406,18.62,44.4264,26.1406,24.39,44.4264,26.1406
2022-08-29 02:00:00,2022-08-29 03:00:00,29.89,44.4264,26.1406,17.61,44.4264,26.1406,22.17,44.4264,26.1406
2022-08-29 03:00:00,2022-08-29 04:00:00,30.04,44.4264,26.1406,18.14,44.4264,26.1406,19.44,44.4264,26.1406
2022-08-29 04:00:00,2022-08-29 05:00:00,30.02,44.4264,26.1406,18.83,44.4264,26.1406,30.91,44.4264,26.1406
2022-08-29 05:00:00,2022-08-29 06:00:00,28.84,44.4264,26.1406,15.65,44.4264,26.1406,33.25,44.4264,26.1406
2022-08-29 06:00:00,2022-08-29 07:00:00,30.21,44.4264,26.1406,14.51,44.4264,26.1406,35.91,44.4264,26.1406
2022-08-29 07:00:00,2022-08-29 08:00:00,32.54,44.4264,26.1406,14.15,44.4264,26.1406,38.99,44.4264,26.1406
2022-08-29 08:00:00,2022-08-29 09:00:00,34.83,44.4264,26.1406,13.58,44.4264,26.1406,40.05,44.4264,26.1406
2022-08-29 09:00:00,2022-08-29 10:00:00,38.62,44.4264,26.1406,15.34,44.4264,26.1406,29.36,44.4264,26.1406
2022-08-29 10:00:00,2022-08-29 11:00:00,40.4,44.4264,26.1406,16.92,44.4264,26.1406,24.76,44.4264,26.1406
2022-08-29 11:00:00,2022-08-29 12:00:00,44.51,44.4264,26.1406,16.47,44.4264,26.1406,17.85,44.4264,26.1406
2022-08-29 12:00:00,2022-08-29 13:00:00,42.44,44.4264,26.1406,15.35,44.4264,26.1406,13.14,44.4264,26.1406
2022-08-29 13:00:00,2022-08-29 14:00:00,36.37,44.4264,26.1406,11.6,44.4264,26.1406,6.85,44.4264,26.1406
2022-08-29 14:00:00,2022-08-29 15:00:00,40.73,44.4264,26.1406,11.62,44.4264,26.1406,5.39,44.4264,26.1406
2022-08-29 15:00:00,2022-08-29 16:00:00,43.93,44.4264,26.1406,14.87,44.4264,26.1406,5.07,44.4264,26.1406
2022-08-29 16:00:00,2022-08-29 17:00:00,41.95,44.4264,26.1406,14.68,44.4264,26.1406,3.44,44.4264,26.1406
2022-08-29 17:00:00,2022-08-29 18:00:00,39.54,44.4264,26.1406,11.6,44.4264,26.1406,3.24,44.4264,26.1406
2022-08-29 18:00:00,2022-08-29 19:00:00,43.35,44.4264,26.1406,13.68,44.4264,26.1406,4.76,44.4264,26.1406
2022-08-29 19:00:00,2022-08-29 20:00:00,47.45,44.4264,26.1406,15.01,44.4264,26.1406,22.86,44.4264,26.1406
2022-08-29 20:00:00,2022-08-29 21:00:00,58.28,44.4264,26.1406,19.26,44.4264,26.1406,27.96,44.4264,26.1406
2022-08-29 21:00:00,2022-08-29 22:00:00,51.99,44.4264,26.1406,18.89,44.4264,26.1406,69.65,44.4264,26.1406
2022-08-29 22:00:00,2022-08-29 23:00:00,54.4,44.4264,26.1406,23.92,44.4264,26.1406,,44.4264,26.1406
2022-08-29 23:00:00,2022-08-30 00:00:00,49.86,44.4264,26.1406,20.75,44.4264,26.1406,58.49,44.4264,26.1406
2022-08-30 00:00:00,2022-08-30 01:00:00,45.64,44.4264,26.1406,20.93,44.4264,26.1406,25.92,44.4264,26.1406
2022-08-30 01:00:00,2022-08-30 02:00:00,39.57,44.4264,26.1406,19.97,44.4264,26.1406,23.35,44.4264,26.1406
2022-08-30 02:00:00,2022-08-30 03:00:00,39.05,44.4264,26.1406,19.09,44.4264,26.1406,17.74,44.4264,26.1406
2022-08-30 03:00:00,2022-08-30 04:00:00,41.67,44.4264,26.1406,18.0,44.4264,26.1406,20.49,44.4264,26.1406
2022-08-30 04:00:00,2022-08-30 05:00:00,41.1,44.4264,26.1406,16.91,44.4264,26.1406,22.02,44.4264,26.1406
2022-08-30 05:00:00,2022-08-30 06:00:00,47.57,44.4264,26.1406,16.28,44.4264,26.1406,30.18,44.4264,26.1406
2022-08-30 06:00:00,2022-08-30 07:00:00,48.6,44.4264,26.1406,18.73,44.4264,26.1406,29.49,44.4264,26.1406
2022-08-30 07:00:00,2022-08-30 08:00:00,40.04,44.4264,26.1406,16.4,44.4264,26.1406,21.99,44.4264,26.1406
2022-08-30 08:00:00,2022-08-30 09:00:00,36.46,44.4264,26.1406,14.38,44.4264,26.1406,16.55,44.4264,26.1406
2022-08-30 09:00:00,2022-08-30 10:00:00,38.13,44.4264,26.1406,10.86,44.4264,26.1406,13.31,44.4264,26.1406
2022-08-30 10:00:00,2022-08-30 11:00:00,43.93,44.4264,26.1406,12.32,44.4264,26.1406,12.88,44.4264,26.1406
2022-08-30 11:00:00,2022-08-30 12:00:00,46.24,44.4264,26.1406,14.71,44.4264,26.1406,11.15,44.4264,26.1406
2022-08-30 12:00:00,2022-08-30 13:00:00,46.4,44.4264,26.1406,15.36,44.4264,26.1406,6.29,44.4264,26.1406
2022-08-30 13:00:00,2022-08-30 14:00:00,44.29,44.4264,26.1406,13.43,44.4264,26.1406,5.65,44.4264,26.1406
2022-08-30 14:00:00,2022-08-30 15:00:00,47.55,44.4264,26.1406,14.85,44.4264,26.1406,5.24,44.4264,26.1406
2022-08-30 15:00:00,2022-08-30 16:00:00,48.21,44.4264,26.1406,16.2,44.4264,26.1406,23.86,44.4264,26.1406
2022-08-30 16:00:00,2022-08-30 17:00:00,43.83,44.4264,26.1406,13.61,44.4264,26.1406,19.93,44.4264,26.1406
2022-08-30 17:00:00,2022-08-30 18:00:00,40.97,44.4264,26.1406,13.7,44.4264,26.1406,8.9,44.4264,26.1406
2022-08-30 18:00:00,2022-08-30 19:00:00,36.44,44.4264,26.1406,14.12,44.4264,26.1406,13.7,44.4264,26.1406
2022-08-30 19:00:00,2022-08-30 20:00:00,35.39,44.4264,26.1406,14.1,44.4264,26.1406,11.84,44.4264,26.1406
2022-08-30 20:00:00,2022-08-30 21:00:00,26.04,44.4264,26.1406,12.8,44.4264,26.1406,18.38,44.4264,26.1406
2022-08-30 21:00:00,2022-08-30 22:00:00,22.87,44.4264,26.1406,11.7,44.4264,26.1406,11.88,44.4264,26.1406
2022-08-30 22:00:00,2022-08-30 23:00:00,15.87,44.4264,26.1406,7.85,44.4264,26.1406,7.89,44.4264,26.1406
2022-08-30 23:00:00,2022-08-31 00:00:00,17.46,44.4264,26.1406,8.52,44.4264,26.1406,,44.4264,26.1406
2022-08-31 00:00:00,2022-08-31 01:00:00,15.72,44.4264,26.1406,8.3,44.4264,26.1406,7.65,44.4264,26.1406
2022-08-31 01:00:00,2022-08-31 02:00:00,15.7,44.4264,26.1406,8.49,44.4264,26.1406,6.42,44.4264,26.1406
2022-08-31 02:00:00,2022-08-31 03:00:00,16.81,44.4264,26.1406,10.12,44.4264,26.1406,6.0,44.4264,26.1406
2022-08-31 03:00:00,2022-08-31 04:00:00,18.26,44.4264,26.1406,12.02,44.4264,26.1406,8.11,44.4264,26.1406
2022-08-31 04:00:00,2022-08-31 05:00:00,18.37,44.4264,26.1406,12.28,44.4264,26.1406,8.37,44.4264,26.1406
2022-08-31 05:00:00,2022-08-31 06:00:00,18.82,44.4264,26.1406,11.05,44.4264,26.1406,21.05,44.4264,26.1406
2022-08-31 06:00:00,2022-08-31 07:00:00,21.72,44.4264,26.1406,12.02,44.4264,26.1406,23.74,44.4264,26.1406
2022-08-31 07:00:00,2022-08-31 08:00:00,24.18,44.4264,26.1406,14.3,44.4264,26.1406,23.52,44.4264,26.1406
2022-08-31 08:00:00,2022-08-31 09:00:00,23.43,44.4264,26.1406,13.72,44.4264,26.1406,15.07,44.4264,26.1406
2022-08-31 09:00:00,2022-08-31 10:00:00,23.52,44.4264,26.1406,13.12,44.4264,26.1406,8.28,44.4264,26.1406
2022-08-31 10:00:00,2022-08-31 11:00:00,23.16,44.4264,26.1406,11.87,44.4264,26.1406,9.05,44.4264,26.1406
2022-08-31 11:00:00,2022-08-31 12:00:00,22.23,44.4264,26.1406,10.37,44.4264,26.1406,4.94,44.4264,26.1406
2022-08-31 12:00:00,2022-08-31 13:00:00,21.83,44.4264,26.1406,10.53,44.4264,26.1406,4.64,44.4264,26.1406
2022-08-31 13:00:00,2022-08-31 14:00:00,21.78,44.4264,26.1406,11.8,44.4264,26.1406,4.43,44.4264,26.1406
2022-08-31 14:00:00,2022-08-31 15:00:00,22.99,44.4264,26.1406,13.38,44.4264,26.1406,5.15,44.4264,26.1406
2022-08-31 15:00:00,2022-08-31 16:00:00,25.55,44.4264,26.1406,15.11,44.4264,26.1406,5.58,44.4264,26.1406
2022-08-31 16:00:00,2022-08-31 17:00:00,28.91,44.4264,26.1406,14.98,44.4264,26.1406,7.58,44.4264,26.1406
2022-08-31 17:00:00,2022-08-31 18:00:00,26.09,44.4264,26.1406,13.52,44.4264,26.1406,11.14,44.4264,26.1406
2022-08-31 18:00:00,2022-08-31 19:00:00,22.13,44.4264,26.1406,13.55,44.4264,26.1406,18.44,44.4264,26.1406
2022-08-31 19:00:00,2022-08-31 20:00:00,25.11,44.4264,26.1406,15.36,44.4264,26.1406,24.96,44.4264,26.1406
2022-08-31 20:00:00,2022-08-31 21:00:00,21.53,44.4264,26.1406,12.63,44.4264,26.1406,17.25,44.4264,26.1406
2022-08-31 21:00:00,2022-08-31 22:00:00,16.8,44.4264,26.1406,9.84,44.4264,26.1406,12.53,44.4264,26.1406
2022-08-31 22:00:00,2022-08-31 23:00:00,15.76,44.4264,26.1406,8.9,44.4264,26.1406,9.71,44.4264,26.1406
2022-08-31 23:00:00,2022-09-01 00:00:00,15.73,44.4264,26.1406,10.03,44.4264,26.1406,10.03,44.4264,26.1406
2022-09-01 00:00:00,2022-09-01 01:00:00,14.94,44.4264,26.1406,11.14,44.4264,26.1406,,44.4264,26.1406
2022-09-01 01:00:00,2022-09-01 02:00:00,15.46,44.4264,26.1406,12.04,44.4264,26.1406,6.05,44.4264,26.1406
2022-09-01 02:00:00,2022-09-01 03:00:00,13.85,44.4264,26.1406,10.59,44.4264,26.1406,4.57,44.4264,26.1406
2022-09-01 03:00:00,2022-09-01 04:00:00,14.7,44.4264,26.1406,10.63,44.4264,26.1406,4.38,44.4264,26.1406
2022-09-01 04:00:00,2022-09-01 05:00:00,12.46,44.4264,26.1406,8.13,44.4264,26.1406,10.27,44.4264,26.1406
2022-09-01 05:00:00,2022-09-01 06:00:00,15.24,44.4264,26.1406,9.9,44.4264,26.1406,19.54,44.4264,26.1406
2022-09-01 06:00:00,2022-09-01 07:00:00,17.58,44.4264,26.1406,10.52,44.4264,26.1406,24.12,44.4264,26.1406
2022-09-01 07:00:00,2022-09-01 08:00:00,20.64,44.4264,26.1406,13.18,44.4264,26.1406,23.07,44.4264,26.1406
2022-09-01 08:00:00,2022-09-01 09:00:00,22.65,44.4264,26.1406,13.71,44.4264,26.1406,16.6,44.4264,26.1406
2022-09-01 09:00:00,2022-09-01 10:00:00,19.82,44.4264,26.1406,11.59,44.4264,26.1406,11.09,44.4264,26.1406
2022-09-01 10:00:00,2022-09-01 11:00:00,17.16,44.4264,26.1406,10.38,44.4264,26.1406,9.81,44.4264,26.1406
2022-09-01 11:00:00,2022-09-01 12:00:00,18.71,44.4264,26.1406,11.27,44.4264,26.1406,8.68,44.4264,26.1406
2022-09-01 12:00:00,2022-09-01 13:00:00,17.76,44.4264,26.1406,9.95,44.4264,26.1406,8.08,44.4264,26.1406
2022-09-01 13:00:00,2022-09-01 14:00:00,21.01,44.4264,26.1406,12.93,44.4264,26.1406,8.73,44.4264,26.1406
2022-09-01 14:00:00,2022-09-01 15:00:00,19.89,44.4264,26.1406,11.73,44.4264,26.1406,8.35,44.4264,26.1406
2022-09-01 15:00:00,2022-09-01 16:00:00,18.06,44.4264,26.1406,10.34,44.4264,26.1406,8.32,44.4264,26.1406
2022-09-01 16:00:00,2022-09-01 17:00:00,22.26,44.4264,26.1406,12.86,44.4264,26.1406,8.14,44.4264,26.1406
2022-09-01 17:00:00,2022-09-01 18:00:00,20.39,44.4264,26.1406,11.06,44.4264,26.1406,10.65,44.4264,26.1406
2022-09-01 18:00:00,2022-09-01 19:00:00,21.11,44.4264,26.1406,11.47,44.4264,26.1406,11.09,44.4264,26.1406
2022-09-01 19:00:00,2022-09-01 20:00:00,20.3,44.4264,26.1406,9.73,44.4264,26.1406,14.64,44.4264,26.1406
2022-09-01 20:00:00,2022-09-01 21:00:00,20.03,44.4264,26.1406,9.53,44.4264,26.1406,15.85,44.4264,26.1406
2022-09-01 21:00:00,2022-09-01 22:00:00,22.34,44.4264,26.1406,11.82,44.4264,26.1406,12.69,44.4264,26.1406
2022-09-01 22:00:00,2022-09-01 23:00:00,21.33,44.4264,26.1406,11.56,44.4264,26.1406,8.99,44.4264,26.1406
2022-09-01 23:00:00,2022-09-02 00:00:00,17.36,44.4264,26.1406,7.16,44.4264,26.1406,7.31,44.4264,26.1406
2022-09-02 00:00:00,2022-09-02 01:00:00,20.07,44.4264,26.1406,10.6,44.4264,26.1406,6.31,44.4264,26.1406
2022-09-02 01:00:00,2022-09-02 02:00:00,16.58,44.4264,26.1406,7.68,44.4264,26.1406,,44.4264,26.1406
2022-09-02 02:00:00,2022-09-02 03:00:00,14.02,44.4264,26.1406,4.52,44.4264,26.1406,5.29,44.4264,26.1406
2022-09-02 03:00:00,2022-09-02 04:00:00,15.36,44.4264,26.1406,7.1,44.4264,26.1406,5.92,44.4264,26.1406
2022-09-02 04:00:00,2022-09-02 05:00:00,17.48,44.4264,26.1406,8.98,44.4264,26.1406,7.03,44.4264,26.1406
2022-09-02 05:00:00,2022-09-02 06:00:00,17.72,44.4264,26.1406,8.31,44.4264,26.1406,9.43,44.4264,26.1406
2022-09-02 06:00:00,2022-09-02 07:00:00,20.91,44.4264,26.1406,10.13,44.4264,26.1406,16.03,44.4264,26.1406
2022-09-02 07:00:00,2022-09-02 08:00:00,19.04,44.4264,26.1406,7.51,44.4264,26.1406,15.03,44.4264,26.1406
2022-09-02 08:00:00,2022-09-02 09:00:00,20.86,44.4264,26.1406,7.13,44.4264,26.1406,12.51,44.4264,26.1406
2022-09-02 09:00:00,2022-09-02 10:00:00,20.16,44.4264,26.1406,4.72,44.4264,26.1406,11.85,44.4264,26.1406
2022-09-02 10:00:00,2022-09-02 11:00:00,23.14,44.4264,26.1406,6.92,44.4264,26.1406,11.16,44.4264,26.1406
2022-09-02 11:00:00,2022-09-02 12:00:00,25.52,44.4264,26.1406,8.3,44.4264,26.1406,10.54,44.4264,26.1406
2022-09-02 12:00:00,2022-09-02 13:00:00,26.43,44.4264,26.1406,7.44,44.4264,26.1406,10.13,44.4264,26.1406
2022-09-02 13:00:00,2022-09-02 14:00:00,30.26,44.4264,26.1406,10.0,44.4264,26.1406,11.13,44.4264,26.1406
2022-09-02 14:00:00,2022-09-02 15:00:00,30.66,44.4264,26.1406,9.1,44.4264,26.1406,11.49,44.4264,26.1406
2022-09-02 15:00:00,2022-09-02 16:00:00,29.41,44.4264,26.1406,7.71,44.4264,26.1406,17.83,44.4264,26.1406
2022-09-02 16:00:00,2022-09-02 17:00:00,30.08,44.4264,26.1406,9.55,44.4264,26.1406,24.0,44.4264,26.1406
2022-09-02 17:00:00,2022-09-02 18:00:00,23.39,44.4264,26.1406,12.19,44.4264,26.1406,15.6,44.4264,26.1406
2022-09-02 18:00:00,2022-09-02 19:00:00,21.07,44.4264,26.1406,14.13,44.4264,26.1406,19.47,44.4264,26.1406
2022-09-02 19:00:00,2022-09-02 20:00:00,15.13,44.4264,26.1406,7.96,44.4264,26.1406,15.34,44.4264,26.1406
2022-09-02 20:00:00,2022-09-02 21:00:00,13.95,44.4264,26.1406,7.19,44.4264,26.1406,15.2,44.4264,26.1406
2022-09-02 21:00:00,2022-09-02 22:00:00,15.32,44.4264,26.1406,8.33,44.4264,26.1406,11.06,44.4264,26.1406
2022-09-02 22:00:00,2022-09-02 23:00:00,12.31,44.4264,26.1406,6.05,44.4264,26.1406,7.84,44.4264,26.1406
2022-09-02 23:00:00,2022-09-03 00:00:00,15.83,44.4264,26.1406,10.97,44.4264,26.1406,5.79,44.4264,26.1406
2022-09-03 00:00:00,2022-09-03 01:00:00,13.34,44.4264,26.1406,9.27,44.4264,26.1406,4.87,44.4264,26.1406
2022-09-03 01:00:00,2022-09-03 02:00:00,9.5,44.4264,26.1406,6.22,44.4264,26.1406,3.73,44.4264,26.1406
2022-09-03 02:00:00,2022-09-03 03:00:00,8.89,44.4264,26.1406,6.27,44.4264,26.1406,,44.4264,26.1406
2022-09-03 03:00:00,2022-09-03 04:00:00,12.41,44.4264,26.1406,9.92,44.4264,26.1406,5.48,44.4264,26.1406
2022-09-03 04:00:00,2022-09-03 05:00:00,11.43,44.4264,26.1406,9.51,44.4264,26.1406,5.65,44.4264,26.1406
2022-09-03 05:00:00,2022-09-03 06:00:00,9.36,44.4264,26.1406,6.78,44.4264,26.1406,5.72,44.4264,26.1406
2022-09-03 06:00:00,2022-09-03 07:00:00,10.98,44.4264,26.1406,9.02,44.4264,26.1406,8.67,44.4264,26.1406
2022-09-03 07:00:00,2022-09-03 08:00:00,12.3,44.4264,26.1406,9.74,44.4264,26.1406,9.78,44.4264,26.1406
2022-09-03 08:00:00,2022-09-03 09:00:00,13.21,44.4264,26.1406,9.89,44.4264,26.1406,10.9,44.4264,26.1406
2022-09-03 09:00:00,2022-09-03 10:00:00,13.4,44.4264,26.1406,9.52,44.4264,26.1406,11.18,44.4264,26.1406
2022-09-03 10:00:00,2022-09-03 11:00:00,11.72,44.4264,26.1406,8.79,44.4264,26.1406,10.56,44.4264,26.1406
2022-09-03 11:00:00,2022-09-03 12:00:00,8.08,44.4264,26.1406,5.75,44.4264,26.1406,9.06,44.4264,26.1406
2022-09-03 12:00:00,2022-09-03 13:00:00,10.72,44.4264,26.1406,9.39,44.4264,26.1406,7.85,44.4264,26.1406
2022-09-03 13:00:00,2022-09-03 14:00:00,12.31,44.4264,26.1406,9.34,44.4264,26.1406,9.15,44.4264,26.1406
2022-09-03 14:00:00,2022-09-03 15:00:00,9.38,44.4264,26.1406,6.03,44.4264,26.1406,7.3,44.4264,26.1406
2022-09-03 15:00:00,2022-09-03 16:00:00,12.87,44.4264,26.1406,8.51,44.4264,26.1406,6.02,44.4264,26.1406
2022-09-03 16:00:00,2022-09-03 17:00:00,14.35,44.4264,26.1406,8.68,44.4264,26.1406,13.71,44.4264,26.1406
2022-09-03 17:00:00,2022-09-03 18:00:00,16.07,44.4264,26.1406,8.95,44.4264,26.1406,14.15,44.4264,26.1406
2022-09-03 18:00:00,2022-09-03 19:00:00,13.24,44.4264,26.1406,7.57,44.4264,26.1406,15.57,44.4264,26.1406
2022-09-03 19:00:00,2022-09-03 20:00:00,14.39,44.4264,26.1406,8.67,44.4264,26.1406,13.09,44.4264,26.1406
2022-09-03 20:00:00,2022-09-03 21:00:00,11.78,44.4264,26.1406,7.17,44.4264,26.1406,12.2,44.4264,26.1406
2022-09-03 21:00:00,2022-09-03 22:00:00,11.56,44.4264,26.1406,6.89,44.4264,26.1406,15.92,44.4264,26.1406
2022-09-03 22:00:00,2022-09-03 23:00:00,11.51,44.4264,26.1406,6.27,44.4264,26.1406,14.58,44.4264,26.1406
2022-09-03 23:00:00,2022-09-04 00:00:00,11.96,44.4264,26.1406,7.7,44.4264,26.1406,8.56,44.4264,26.1406
2022-09-04 00:00:00,2022-09-04 01:00:00,10.45,44.4264,26.1406,7.36,44.4264,26.1406,7.88,44.4264,26.1406
2022-09-04 01:00:00,2022-09-04 02:00:00,15.64,44.4264,26.1406,12.03,44.4264,26.1406,7.69,44.4264,26.1406
2022-09-04 02:00:00,2022-09-04 03:00:00,13.31,44.4264,26.1406,10.01,44.4264,26.1406,7.99,44.4264,26.1406
2022-09-04 03:00:00,2022-09-04 04:00:00,12.88,44.4264,26.1406,9.91,44.4264,26.1406,,44.4264,26.1406
2022-09-04 04:00:00,2022-09-04 05:00:00,13.71,44.4264,26.1406,12.4,44.4264,26.1406,7.13,44.4264,26.1406
2022-09-04 05:00:00,2022-09-04 06:00:00,10.74,44.4264,26.1406,7.56,44.4264,26.1406,8.71,44.4264,26.1406
2022-09-04 06:00:00,2022-09-04 07:00:00,9.08,44.4264,26.1406,5.19,44.4264,26.1406,10.56,44.4264,26.1406
2022-09-04 07:00:00,2022-09-04 08:00:00,11.93,44.4264,26.1406,7.83,44.4264,26.1406,9.07,44.4264,26.1406
2022-09-04 08:00:00,2022-09-04 09:00:00,13.57,44.4264,26.1406,8.61,44.4264,26.1406,8.37,44.4264,26.1406
2022-09-04 09:00:00,2022-09-04 10:00:00,11.38,44.4264,26.1406,6.38,44.4264,26.1406,7.37,44.4264,26.1406
2022-09-04 10:00:00,2022-09-04 11:00:00,10.63,44.4264,26.1406,6.55,44.4264,26.1406,7.24,44.4264,26.1406
2022-09-04 11:00:00,2022-09-04 12:00:00,12.45,44.4264,26.1406,8.04,44.4264,26.1406,5.62,44.4264,26.1406
2022-09-04 12:00:00,2022-09-04 13:00:00,11.99,44.4264,26.1406,8.93,44.4264,26.1406,6.65,44.4264,26.1406
2022-09-04 13:00:00,2022-09-04 14:00:00,9.56,44.4264,26.1406,6.22,44.4264,26.1406,6.87,44.4264,26.1406
2022-09-04 14:00:00,2022-09-04 15:00:00,7.57,44.4264,26.1406,4.02,44.4264,26.1406,4.99,44.4264,26.1406
2022-09-04 15:00:00,2022-09-04 16:00:00,10.62,44.4264,26.1406,7.42,44.4264,26.1406,3.54,44.4264,26.1406
2022-09-04 16:00:00,2022-09-04 17:00:00,10.31,44.4264,26.1406,7.45,44.4264,26.1406,3.96,44.4264,26.1406
2022-09-04 17:00:00,2022-09-04 18:00:00,11.42,44.4264,26.1406,8.3,44.4264,26.1406,7.38,44.4264,26.1406
2022-09-04 18:00:00,2022-09-04 19:00:00,12.22,44.4264,26.1406,6.95,44.4264,26.1406,12.8,44.4264,26.1406
2022-09-04 19:00:00,2022-09-04 20:00:00,14.24,44.4264,26.1406,9.02,44.4264,26.1406,18.01,44.4264,26.1406
2022-09-04 20:00:00,2022-09-04 21:00:00,13.69,44.4264,26.1406,9.02,44.4264,26.1406,16.21,44.4264,26.1406
2022-09-04 21:00:00,2022-09-04 22:00:00,17.71,44.4264,26.1406,12.17,44.4264,26.1406,28.74,44.4264,26.1406
2022-09-04 22:00:00,2022-09-04 23:00:00,14.52,44.4264,26.1406,10.34,44.4264,26.1406,23.8,44.4264,26.1406
2022-09-04 23:00:00,2022-09-05 00:00:00,12.32,44.4264,26.1406,8.94,44.4264,26.1406,27.27,44.4264,26.1406
2022-09-05 00:00:00,2022-09-05 01:00:00,18.29,44.4264,26.1406,13.93,44.4264,26.1406,26.99,44.4264,26.1406
2022-09-05 01:00:00,2022-09-05 02:00:00,19.39,44.4264,26.1406,15.5,44.4264,26.1406,24.62,44.4264,26.1406
2022-09-05 02:00:00,2022-09-05 03:00:00,23.15,44.4264,26.1406,18.7,44.4264,26.1406,22.51,44.4264,26.1406
2022-09-05 03:00:00,2022-09-05 04:00:00,24.69,44.4264,26.1406,20.29,44.4264,26.1406,19.18,44.4264,26.1406
2022-09-05 04:00:00,2022-09-05 05:00:00,22.43,44.4264,26.1406,18.41,44.4264,26.1406,,44.4264,26.1406
2022-09-05 05:00:00,2022-09-05 06:00:00,22.31,44.4264,26.1406,17.65,44.4264,26.1406,19.08,44.4264,26.1406
2022-09-05 06:00:00,2022-09-05 07:00:00,23.21,44.4264,26.1406,17.26,44.4264,26.1406,24.11,44.4264,26.1406
2022-09-05 07:00:00,2022-09-05 08:00:00,23.8,44.4264,26.1406,15.6,44.4264,26.1406,23.54,44.4264,26.1406
2022-09-05 08:00:00,2022-09-05 09:00:00,28.76,44.4264,26.1406,19.65,44.4264,26.1406,25.28,44.4264,26.1406
2022-09-05 09:00:00,2022-09-05 10:00:00,26.73,44.4264,26.1406,17.59,44.4264,26.1406,19.9,44.4264,26.1406
2022-09-05 10:00:00,2022-09-05 11:00:00,19.32,44.4264,26.1406,14.08,44.4264,26.1406,7.67,44.4264,26.1406
2022-09-05 11:00:00,2022-09-05 12:00:00,13.7,44.4264,26.1406,8.03,44.4264,26.1406,3.96,44.4264,26.1406
2022-09-05 12:00:00,2022-09-05 13:00:00,15.15,44.4264,26.1406,9.08,44.4264,26.1406,3.66,44.4264,26.1406
2022-09-05 13:00:00,2022-09-05 14:00:00,14.73,44.4264,26.1406,9.56,44.4264,26.1406,3.21,44.4264,26.1406
2022-09-05 14:00:00,2022-09-05 15:00:00,16.72,44.4264,26.1406,12.01,44.4264,26.1406,3.03,44.4264,26.1406
2022-09-05 15:00:00,2022-09-05 16:00:00,12.91,44.4264,26.1406,7.57,44.4264,26.1406,3.59,44.4264,26.1406
2022-09-05 16:00:00,2022-09-05 17:00:00,11.83,44.4264,26.1406,7.19,44.4264,26.1406,4.97,44.4264,26.1406
2022-09-05 17:00:00,2022-09-05 18:00:00,16.35,44.4264,26.1406,9.7,44.4264,26.1406,33.73,44.4264,26.1406
2022-09-05 18:00:00,2022-09-05 19:00:00,19.0,44.4264,26.1406,8.78,44.4264,26.1406,34.43,44.4264,26.1406
2022-09-05 19:00:00,2022-09-05 20:00:00,20.87,44.4264,26.1406,10.48,44.4264,26.1406,53.74,44.4264,26.1406
2022-09-05 20:00:00,2022-09-05 21:00:00,26.27,44.4264,26.1406,13.65,44.4264,26.1406,34.23,44.4264,26.1406
2022-09-05 21:00:00,2022-09-05 22:00:00,23.0,44.4264,26.1406,12.82,44.4264,26.1406,30.01,44.4264,26.1406
2022-09-05 22:00:00,2022-09-05 23:00:00,21.21,44.4264,26.1406,12.01,44.4264,26.1406,20.85,44.4264,26.1406
2022-09-05 23:00:00,2022-09-06 00:00:00,19.66,44.4264,26.1406,12.39,44.4264,26.1406,15.4,44.4264,26.1406
2022-09-06 00:00:00,2022-09-06 01:00:00,18.91,44.4264,26.1406,12.02,44.4264,26.1406,13.63,44.4264,26.1406
2022-09-06 01:00:00,2022-09-06 02:00:00,19.17,44.4264,26.1406,11.77,44.4264,26.1406,11.58,44.4264,26.1406
2022-09-06 02:00:00,2022-09-06 03:00:00,15.81,44.4264,26.1406,9.37,44.4264,26.1406,9.52,44.4264,26.1406
2022-09-06 03:00:00,2022-09-06 04:00:00,17.05,44.4264,26.1406,11.69,44.4264,26.1406,7.93,44.4264,26.1406
2022-09-06 04:00:00,2022-09-06 05:00:00,13.69,44.4264,26.1406,8.66,44.4264,26.1406,11.57,44.4264,26.1406
2022-09-06 05:00:00,2022-09-06 06:00:00,13.2,44.4264,26.1406,8.63,44.4264,26.1406,,44.4264,26.1406
2022-09-06 06:00:00,2022-09-06 07:00:00,15.39,44.4264,26.1406,9.55,44.4264,26.1406,34.6,44.4264,26.1406
2022-09-06 07:00:00,2022-09-06 08:00:00,16.98,44.4264,26.1406,11.44,44.4264,26.1406,36.11,44.4264,26.1406
2022-09-06 08:00:00,2022-09-06 09:00:00,20.31,44.4264,26.1406,14.36,44.4264,26.1406,44.56,44.4264,26.1406
2022-09-06 09:00:00,2022-09-06 10:00:00,22.19,44.4264,26.1406,13.75,44.4264,26.1406,36.85,44.4264,26.1406
2022-09-06 10:00:00,2022-09-06 11:00:00,22.68,44.4264,26.1406,14.38,44.4264,26.1406,25.75,44.4264,26.1406
2022-09-06 11:00:00,2022-09-06 12:00:00,20.28,44.4264,26.1406,11.59,44.4264,26.1406,23.37,44.4264,26.1406
2022-09-06 12:00:00,2022-09-06 13:00:00,16.57,44.4264,26.1406,8.84,44.4264,26.1406,14.95,44.4264,26.1406
2022-09-06 13:00:00,2022-09-06 14:00:00,13.65,44.4264,26.1406,7.1,44.4264,26.1406,13.57,44.4264,26.1406
2022-09-06 14:00:00,2022-09-06 15:00:00,14.67,44.4264,26.1406,6.51,44.4264,26.1406,12.59,44.4264,26.1406
2022-09-06 15:00:00,2022-09-06 16:00:00,16.27,44.4264,26.1406,8.51,44.4264,26.1406,10.66,44.4264,26.1406
2022-09-06 16:00:00,2022-09-06 17:00:00,19.47,44.4264,26.1406,10.78,44.4264,26.1406,8.2,44.4264,26.1406
2022-09-06 17:00:00,2022-09-06 18:00:00,16.55,44.4264,26.1406,9.62,44.4264,26.1406,5.21,44.4264,26.1406
2022-09-06 18:00:00,2022-09-06 19:00:00,16.04,44.4264,26.1406,9.18,44.4264,26.1406,7.03,44.4264,26.1406
2022-09-06 19:00:00,2022-09-06 20:00:00,21.87,44.4264,26.1406,11.16,44.4264,26.1406,79.07,44.4264,26.1406
2022-09-06 20:00:00,2022-09-06 21:00:00,44.59,44.4264,26.1406,20.89,44.4264,26.1406,95.13,44.4264,26.1406
2022-09-06 21:00:00,2022-09-06 22:00:00,48.58,44.4264,26.1406,22.94,44.4264,26.1406,95.6,44.4264,26.1406
2022-09-06 22:00:00,2022-09-06 23:00:00,46.36,44.4264,26.1406,23.73,44.4264,26.1406,82.3,44.4264,26.1406
2022-09-06 23:00:00,2022-09-07 00:00:00,32.27,44.4264,26.1406,16.9,44.4264,26.1406,40.96,44.4264,26.1406
2022-09-07 00:00:00,2022-09-07 01:00:00,23.44,44.4264,26.1406,11.63,44.4264,26.1406,14.63,44.4264,26.1406
2022-09-07 01:00:00,2022-09-07 02:00:00,19.94,44.4264,26.1406,10.46,44.4264,26.1406,17.23,44.4264,26.1406
2022-09-07 02:00:00,2022-09-07 03:00:00,17.32,44.4264,26.1406,9.54,44.4264,26.1406,17.76,44.4264,26.1406
2022-09-07 03:00:00,2022-09-07 04:00:00,20.93,44.4264,26.1406,12.43,44.4264,26.1406,37.52,44.4264,26.1406
2022-09-07 04:00:00,2022-09-07 05:00:00,22.44,44.4264,26.1406,13.88,44.4264,26.1406,28.74,44.4264,26.1406
2022-09-07 05:00:00,2022-09-07 06:00:00,19.52,44.4264,26.1406,9.75,44.4264,26.1406,42.79,44.4264,26.1406
2022-09-07 06:00:00,2022-09-07 07:00:00,23.72,44.4264,26.1406,12.24,44.4264,26.1406,,44.4264,26.1406
2022-09-07 07:00:00,2022-09-07 08:00:00,24.88,44.4264,26.1406,12.97,44.4264,26.1406,31.81,44.4264,26.1406
2022-09-07 08:00:00,2022-09-07 09:00:00,27.91,44.4264,26.1406,13.97,44.4264,26.1406,24.31,44.4264,26.1406
2022-09-07 09:00:00,2022-09-07 10:00:00,27.73,44.4264,26.1406,13.85,44.4264,26.1406,26.54,44.4264,26.1406
2022-09-07 10:00:00,2022-09-07 11:00:00,27.04,44.4264,26.1406,12.77,44.4264,26.1406,24.32,44.4264,26.1406
2022-09-07 11:00:00,2022-09-07 12:00:00,25.8,44.4264,26.1406,12.05,44.4264,26.1406,18.96,44.4264,26.1406
2022-09-07 12:00:00,2022-09-07 13:00:00,20.38,44.4264,26.1406,8.75,44.4264,26.1406,7.39,44.4264,26.1406
2022-09-07 13:00:00,2022-09-07 14:00:00,20.1,44.4264,26.1406,9.86,44.4264,26.1406,5.81,44.4264,26.1406
2022-09-07 14:00:00,2022-09-07 15:00:00,23.09,44.4264,26.1406,10.82,44.4264,26.1406,5.78,44.4264,26.1406
2022-09-07 15:00:00,2022-09-07 16:00:00,22.88,44.4264,26.1406,12.26,44.4264,26.1406,5.49,44.4264,26.1406
2022-09-07 16:00:00,2022-09-07 17:00:00,20.38,44.4264,26.1406,12.15,44.4264,26.1406,4.61,44.4264,26.1406
2022-09-07 17:00:00,2022-09-07 18:00:00,19.59,44.4264,26.1406,11.09,44.4264,26.1406,4.63,44.4264,26.1406
2022-09-07 18:00:00,2022-09-07 19:00:00,14.57,44.4264,26.1406,7.18,44.4264,26.1406,16.4,44.4264,26.1406
2022-09-07 19:00:00,2022-09-07 20:00:00,31.21,44.4264,26.1406,15.7,44.4264,26.1406,89.53,44.4264,26.1406
2022-09-07 20:00:00,2022-09-07 21:00:00,42.21,44.4264,26.1406,19.54,44.4264,26.1406,75.4,44.4264,26.1406
2022-09-07 21:00:00,2022-09-07 22:00:00,37.61,44.4264,26.1406,19.21,44.4264,26.1406,48.45,44.4264,26.1406
2022-09-07 22:00:00,2022-09-07 23:00:00,32.11,44.4264,26.1406,18.23,44.4264,26.1406,34.29,44.4264,26.1406
2022-09-07 23:00:00,2022-09-08 00:00:00,29.86,44.4264,26.1406,17.32,44.4264,26.1406,37.91,44.4264,26.1406
2022-09-08 00:00:00,2022-09-08 01:00:00,31.32,44.4264,26.1406,19.36,44.4264,26.1406,34.98,44.4264,26.1406
2022-09-08 01:00:00,2022-09-08 02:00:00,27.57,44.4264,26.1406,17.01,44.4264,26.1406,32.31,44.4264,26.1406
2022-09-08 02:00:00,2022-09-08 03:00:00,26.27,44.4264,26.1406,16.99,44.4264,26.1406,32.24,44.4264,26.1406
2022-09-08 03:00:00,2022-09-08 04:00:00,26.28,44.4264,26.1406,18.49,44.4264,26.1406,29.35,44.4264,26.1406
2022-09-08 04:00:00,2022-09-08 05:00:00,29.08,44.4264,26.1406,21.33,44.4264,26.1406,24.14,44.4264,26.1406
2022-09-08 05:00:00,2022-09-08 06:00:00,29.05,44.4264,26.1406,20.64,44.4264,26.1406,28.91,44.4264,26.1406
2022-09-08 06:00:00,2022-09-08 07:00:00,30.72,44.4264,26.1406,21.34,44.4264,26.1406,36.05,44.4264,26.1406
2022-09-08 07:00:00,2022-09-08 08:00:00,38.99,44.4264,26.1406,25.19,44.4264,26.1406,,44.4264,26.1406
2022-09-08 08:00:00,2022-09-08 09:00:00,42.82,44.4264,26.1406,25.33,44.4264,26.1406,49.13,44.4264,26.1406
2022-09-08 09:00:00,2022-09-08 10:00:00,40.67,44.4264,26.1406,22.23,44.4264,26.1406,38.4,44.4264,26.1406
2022-09-08 10:00:00,2022-09-08 11:00:00,39.86,44.4264,26.1406,20.18,44.4264,26.1406,31.42,44.4264,26.1406
2022-09-08 11:00:00,2022-09-08 12:00:00,33.38,44.4264,26.1406,17.2,44.4264,26.1406,17.02,44.4264,26.1406
2022-09-08 12:00:00,2022-09-08 13:00:00,23.61,44.4264,26.1406,11.89,44.4264,26.1406,11.38,44.4264,26.1406
2022-09-08 13:00:00,2022-09-08 14:00:00,25.47,44.4264,26.1406,13.52,44.4264,26.1406,6.05,44.4264,26.1406
2022-09-08 14:00:00,2022-09-08 15:00:00,17.35,44.4264,26.1406,7.02,44.4264,26.1406,4.42,44.4264,26.1406
2022-09-08 15:00:00,2022-09-08 16:00:00,23.32,44.4264,26.1406,13.91,44.4264,26.1406,3.73,44.4264,26.1406
2022-09-08 16:00:00,2022-09-08 17:00:00,21.16,44.4264,26.1406,13.59,44.4264,26.1406,3.59,44.4264,26.1406
2022-09-08 17:00:00,2022-09-08 18:00:00,16.94,44.4264,26.1406,9.14,44.4264,26.1406,3.53,44.4264,26.1406
2022-09-08 18:00:00,2022-09-08 19:00:00,14.63,44.4264,26.1406,6.98,44.4264,26.1406,35.84,44.4264,26.1406
2022-09-08 19:00:00,2022-09-08 20:00:00,36.99,44.4264,26.1406,15.79,44.4264,26.1406,97.89,44.4264,26.1406
2022-09-08 20:00:00,2022-09-08 21:00:00,51.06,44.4264,26.1406,23.66,44.4264,26.1406,106.22,44.4264,26.1406
2022-09-08 21:00:00,2022-09-08 22:00:00,60.27,44.4264,26.1406,27.17,44.4264,26.1406,103.37,44.4264,26.1406
2022-09-08 22:00:00,2022-09-08 23:00:00,49.8,44.4264,26.1406,25.0,44.4264,26.1406,89.88,44.4264,26.1406
2022-09-08 23:00:00,2022-09-09 00:00:00,40.39,44.4264,26.1406,22.48,44.4264,26.1406,28.81,44.4264,26.1406
2022-09-09 00:00:00,2022-09-09 01:00:00,30.41,44.4264,26.1406,19.39,44.4264,26.1406,15.82,44.4264,26.1406
2022-09-09 01:00:00,2022-09-09 02:00:00,26.2,44.4264,26.1406,17.35,44.4264,26.1406,12.93,44.4264,26.1406
2022-09-09 02:00:00,2022-09-09 03:00:00,21.35,44.4264,26.1406,13.04,44.4264,26.1406,13.6,44.4264,26.1406
2022-09-09 03:00:00,2022-09-09 04:00:00,25.43,44.4264,26.1406,16.53,44.4264,26.1406,26.92,44.4264,26.1406
2022-09-09 04:00:00,2022-09-09 05:00:00,31.0,44.4264,26.1406,21.34,44.4264,26.1406,40.29,44.4264,26.1406
2022-09-09 05:00:00,2022-09-09 06:00:00,33.37,44.4264,26.1406,19.09,44.4264,26.1406,48.96,44.4264,26.1406
2022-09-09 06:00:00,2022-09-09 07:00:00,39.5,44.4264,26.1406,19.09,44.4264,26.1406,52.68,44.4264,26.1406
2022-09-09 07:00:00,2022-09-09 08:00:00,34.78,44.4264,26.1406,17.58,44.4264,26.1406,51.5,44.4264,26.1406
2022-09-09 08:00:00,2022-09-09 09:00:00,38.56,44.4264,26.1406,19.21,44.4264,26.1406,,44.4264,26.1406
2022-09-09 09:00:00,2022-09-09 10:00:00,27.42,44.4264,26.1406,12.71,44.4264,26.1406,30.93,44.4264,26.1406
2022-09-09 10:00:00,2022-09-09 11:00:00,26.45,44.4264,26.1406,11.11,44.4264,26.1406,23.81,44.4264,26.1406
2022-09-09 11:00:00,2022-09-09 12:00:00,33.65,44.4264,26.1406,16.1,44.4264,26.1406,28.76,44.4264,26.1406
2022-09-09 12:00:00,2022-09-09 13:00:00,36.42,44.4264,26.1406,15.86,44.4264,26.1406,22.25,44.4264,26.1406
2022-09-09 13:00:00,2022-09-09 14:00:00,33.91,44.4264,26.1406,14.32,44.4264,26.1406,12.07,44.4264,26.1406
2022-09-09 14:00:00,2022-09-09 15:00:00,32.09,44.4264,26.1406,15.11,44.4264,26.1406,7.42,44.4264,26.1406
2022-09-09 15:00:00,2022-09-09 16:00:00,31.32,44.4264,26.1406,14.51,44.4264,26.1406,9.21,44.4264,26.1406
2022-09-09 16:00:00,2022-09-09 17:00:00,33.16,44.4264,26.1406,12.55,44.4264,26.1406,22.97,44.4264,26.1406
2022-09-09 17:00:00,2022-09-09 18:00:00,38.93,44.4264,26.1406,15.68,44.4264,26.1406,25.3,44.4264,26.1406
2022-09-09 18:00:00,2022-09-09 19:00:00,35.39,44.4264,26.1406,16.21,44.4264,26.1406,29.4,44.4264,26.1406
2022-09-09 19:00:00,2022-09-09 20:00:00,37.69,44.4264,26.1406,18.39,44.4264,26.1406,40.24,44.4264,26.1406
2022-09-09 20:00:00,2022-09-09 21:00:00,42.13,44.4264,26.1406,21.48,44.4264,26.1406,37.44,44.4264,26.1406
2022-09-09 21:00:00,2022-09-09 22:00:00,39.43,44.4264,26.1406,21.39,44.4264,26.1406,33.0,44.4264,26.1406
2022-09-09 22:00:00,2022-09-09 23:00:00,39.25,44.4264,26.1406,21.58,44.4264,26.1406,39.09,44.4264,26.1406
2022-09-09 23:00:00,2022-09-10 00:00:00,40.61,44.4264,26.1406,23.55,44.4264,26.1406,49.75,44.4264,26.1406
2022-09-10 00:00:00,2022-09-10 01:00:00,38.56,44.4264,26.1406,24.07,44.4264,26.1406,42.09,44.4264,26.1406
2022-09-10 01:00:00,2022-09-10 02:00:00,38.81,44.4264,26.1406,23.73,44.4264,26.1406,39.45,44.4264,26.1406
2022-09-10 02:00:00,2022-09-10 03:00:00,22.23,44.4264,26.1406,11.34,44.4264,26.1406,28.16,44.4264,26.1406
2022-09-10 03:00:00,2022-09-10 04:00:00,15.99,44.4264,26.1406,8.37,44.4264,26.1406,14.58,44.4264,26.1406
2022-09-10 04:00:00,2022-09-10 05:00:00,15.13,44.4264,26.1406,8.08,44.4264,26.1406,17.17,44.4264,26.1406
2022-09-10 05:00:00,2022-09-10 06:00:00,13.89,44.4264,26.1406,6.12,44.4264,26.1406,19.73,44.4264,26.1406
2022-09-10 06:00:00,2022-09-10 07:00:00,15.66,44.4264,26.1406,8.0,44.4264,26.1406,21.74,44.4264,26.1406
2022-09-10 07:00:00,2022-09-10 08:00:00,18.36,44.4264,26.1406,9.91,44.4264,26.1406,17.13,44.4264,26.1406
2022-09-10 08:00:00,2022-09-10 09:00:00,19.12,44.4264,26.1406,9.84,44.4264,26.1406,17.89,44.4264,26.1406
2022-09-10 09:00:00,2022-09-10 10:00:00,17.67,44.4264,26.1406,8.35,44.4264,26.1406,,44.4264,26.1406
2022-09-10 10:00:00,2022-09-10 11:00:00,22.5,44.4264,26.1406,12.16,44.4264,26.1406,13.82,44.4264,26.1406
2022-09-10 11:00:00,2022-09-10 12:00:00,25.35,44.4264,26.1406,13.26,44.4264,26.1406,13.52,44.4264,26.1406
2022-09-10 12:00:00,2022-09-10 13:00:00,28.43,44.4264,26.1406,15.47,44.4264,26.1406,13.05,44.4264,26.1406
2022-09-10 13:00:00,2022-09-10 14:00:00,30.73,44.4264,26.1406,17.22,44.4264,26.1406,10.99,44.4264,26.1406
2022-09-10 14:00:00,2022-09-10 15:00:00,31.31,44.4264,26.1406,17.56,44.4264,26.1406,5.19,44.4264,26.1406
2022-09-10 15:00:00,2022-09-10 16:00:00,25.9,44.4264,26.1406,12.43,44.4264,26.1406,4.55,44.4264,26.1406
2022-09-10 16:00:00,2022-09-10 17:00:00,25.14,44.4264,26.1406,11.4,44.4264,26.1406,4.39,44.4264,26.1406
2022-09-10 17:00:00,2022-09-10 18:00:00,27.08,44.4264,26.1406,12.53,44.4264,26.1406,4.81,44.4264,26.1406
2022-09-10 18:00:00,2022-09-10 19:00:00,25.07,44.4264,26.1406,11.94,44.4264,26.1406,5.04,44.4264,26.1406
2022-09-10 19:00:00,2022-09-10 20:00:00,24.91,44.4264,26.1406,12.67,44.4264,26.1406,8.5,44.4264,26.1406
2022-09-10 20:00:00,2022-09-10 21:00:00,20.05,44.4264,26.1406,10.92,44.4264,26.1406,10.85,44.4264,26.1406
2022-09-10 21:00:00,2022-09-10 22:00:00,21.84,44.4264,26.1406,12.98,44.4264,26.1406,11.93,44.4264,26.1406
2022-09-10 22:00:00,2022-09-10 23:00:00,20.17,44.4264,26.1406,12.53,44.4264,26.1406,9.26,44.4264,26.1406
2022-09-10 23:00:00,2022-09-11 00:00:00,17.07,44.4264,26.1406,10.7,44.4264,26.1406,9.12,44.4264,26.1406
2022-09-11 00:00:00,2022-09-11 01:00:00,17.12,44.4264,26.1406,10.71,44.4264,26.1406,8.36,44.4264,26.1406
2022-09-11 01:00:00,2022-09-11 02:00:00,17.08,44.4264,26.1406,11.22,44.4264,26.1406,10.89,44.4264,26.1406
2022-09-11 02:00:00,2022-09-11 03:00:00,21.79,44.4264,26.1406,15.46,44.4264,26.1406,10.88,44.4264,26.1406
2022-09-11 03:00:00,2022-09-11 04:00:00,25.39,44.4264,26.1406,18.59,44.4264,26.1406,8.18,44.4264,26.1406
2022-09-11 04:00:00,2022-09-11 05:00:00,22.51,44.4264,26.1406,14.47,44.4264,26.1406,6.67,44.4264,26.1406
2022-09-11 05:00:00,2022-09-11 06:00:00,19.25,44.4264,26.1406,13.62,44.4264,26.1406,7.35,44.4264,26.1406
2022-09-11 06:00:00,2022-09-11 07:00:00,16.36,44.4264,26.1406,10.98,44.4264,26.1406,8.29,44.4264,26.1406
2022-09-11 07:00:00,2022-09-11 08:00:00,19.09,44.4264,26.1406,11.99,44.4264,26.1406,8.11,44.4264,26.1406
2022-09-11 08:00:00,2022-09-11 09:00:00,18.03,44.4264,26.1406,11.17,44.4264,26.1406,8.53,44.4264,26.1406
2022-09-11 09:00:00,2022-09-11 10:00:00,20.82,44.4264,26.1406,13.21,44.4264,26.1406,7.04,44.4264,26.1406
2022-09-11 10:00:00,2022-09-11 11:00:00,17.47,44.4264,26.1406,9.26,44.4264,26.1406,,44.4264,26.1406
2022-09-11 11:00:00,2022-09-11 12:00:00,15.41,44.4264,26.1406,8.74,44.4264,26.1406,7.63,44.4264,26.1406
2022-09-11 12:00:00,2022-09-11 13:00:00,15.98,44.4264,26.1406,9.19,44.4264,26.1406,6.02,44.4264,26.1406
2022-09-11 13:00:00,2022-09-11 14:00:00,10.1,44.4264,26.1406,4.76,44.4264,26.1406,2.24,44.4264,26.1406
2022-09-11 14:00:00,2022-09-11 15:00:00,10.87,44.4264,26.1406,5.98,44.4264,26.1406,2.84,44.4264,26.1406
2022-09-11 15:00:00,2022-09-11 16:00:00,14.37,44.4264,26.1406,8.06,44.4264,26.1406,2.1,44.4264,26.1406
2022-09-11 16:00:00,2022-09-11 17:00:00,10.55,44.4264,26.1406,3.9,44.4264,26.1406,2.34,44.4264,26.1406
2022-09-11 17:00:00,2022-09-11 18:00:00,7.04,44.4264,26.1406,0.77,44.4264,26.1406,3.88,44.4264,26.1406
2022-09-11 18:00:00,2022-09-11 19:00:00,13.59,44.4264,26.1406,5.26,44.4264,26.1406,10.17,44.4264,26.1406
2022-09-11 19:00:00,2022-09-11 20:00:00,7.88,44.4264,26.1406,2.77,44.4264,26.1406,17.27,44.4264,26.1406
2022-09-11 20:00:00,2022-09-11 21:00:00,9.19,44.4264,26.1406,3.29,44.4264,26.1406,24.22,44.4264,26.1406
2022-09-11 21:00:00,2022-09-11 22:00:00,14.96,44.4264,26.1406,8.58,44.4264,26.1406,25.85,44.4264,26.1406
2022-09-11 22:00:00,2022-09-11 23:00:00,16.64,44.4264,26.1406,10.26,44.4264,26.1406,26.38,44.4264,26.1406
2022-09-11 23:00:00,2022-09-12 00:00:00,15.16,44.4264,26.1406,7.86,44.4264,26.1406,14.92,44.4264,26.1406
2022-09-12 00:00:00,2022-09-12 01:00:00,14.9,44.4264,26.1406,8.65,44.4264,26.1406,13.68,44.4264,26.1406
2022-09-12 01:00:00,2022-09-12 02:00:00,14.23,44.4264,26.1406,8.79,44.4264,26.1406,19.54,44.4264,26.1406
2022-09-12 02:00:00,2022-09-12 03:00:00,12.69,44.4264,26.1406,7.07,44.4264,26.1406,23.07,44.4264,26.1406
2022-09-12 03:00:00,2022-09-12 04:00:00,13.6,44.4264,26.1406,8.39,44.4264,26.1406,18.9,44.4264,26.1406
2022-09-12 04:00:00,2022-09-12 05:00:00,10.87,44.4264,26.1406,6.54,44.4264,26.1406,14.59,44.4264,26.1406
2022-09-12 05:00:00,2022-09-12 06:00:00,10.41,44.4264,26.1406,5.66,44.4264,26.1406,17.68,44.4264,26.1406
2022-09-12 06:00:00,2022-09-12 07:00:00,13.3,44.4264,26.1406,5.39,44.4264,26.1406,27.71,44.4264,26.1406
2022-09-12 07:00:00,2022-09-12 08:00:00,24.66,44.4264,26.1406,6.16,44.4264,26.1406,29.44,44.4264,26.1406
2022-09-12 08:00:00,2022-09-12 09:00:00,33.57,44.4264,26.1406,9.73,44.4264,26.1406,24.04,44.4264,26.1406
2022-09-12 09:00:00,2022-09-12 10:00:00,24.38,44.4264,26.1406,10.04,44.4264,26.1406,17.25,44.4264,26.1406
2022-09-12 16:00:00,2022-09-12 17:00:00,10.16,44.4264,26.1406,1.88,44.4264,26.1406,5.02,44.4264,26.1406
2022-09-12 17:00:00,2022-09-12 18:00:00,5.1,44.4264,26.1406,0.59,44.4264,26.1406,5.38,44.4264,26.1406
2022-09-12 18:00:00,2022-09-12 19:00:00,5.36,44.4264,26.1406,1.71,44.4264,26.1406,12.59,44.4264,26.1406
2022-09-12 19:00:00,2022-09-12 20:00:00,10.45,44.4264,26.1406,5.37,44.4264,26.1406,13.42,44.4264,26.1406
2022-09-12 20:00:00,2022-09-12 21:00:00,11.45,44.4264,26.1406,5.9,44.4264,26.1406,12.75,44.4264,26.1406
2022-09-12 21:00:00,2022-09-12 22:00:00,9.61,44.4264,26.1406,3.54,44.4264,26.1406,12.42,44.4264,26.1406
2022-09-12 22:00:00,2022-09-12 23:00:00,10.82,44.4264,26.1406,5.76,44.4264,26.1406,11.92,44.4264,26.1406
2022-09-12 23:00:00,2022-09-13 00:00:00,12.95,44.4264,26.1406,6.96,44.4264,26.1406,8.07,44.4264,26.1406
2022-09-13 00:00:00,2022-09-13 01:00:00,12.83,44.4264,26.1406,7.09,44.4264,26.1406,6.62,44.4264,26.1406
2022-09-13 01:00:00,2022-09-13 02:00:00,7.61,44.4264,26.1406,3.32,44.4264,26.1406,9.14,44.4264,26.1406
2022-09-13 02:00:00,2022-09-13 03:00:00,7.89,44.4264,26.1406,4.02,44.4264,26.1406,10.43,44.4264,26.1406
2022-09-13 03:00:00,2022-09-13 04:00:00,8.37,44.4264,26.1406,4.29,44.4264,26.1406,15.86,44.4264,26.1406
2022-09-13 04:00:00,2022-09-13 05:00:00,11.6,44.4264,26.1406,6.2,44.4264,26.1406,22.26,44.4264,26.1406
2022-09-13 05:00:00,2022-09-13 06:00:00,13.87,44.4264,26.1406,7.53,44.4264,26.1406,22.53,44.4264,26.1406
2022-09-13 06:00:00,2022-09-13 07:00:00,19.5,44.4264,26.1406,11.48,44.4264,26.1406,27.79,44.4264,26.1406
2022-09-13 07:00:00,2022-09-13 08:00:00,22.98,44.4264,26.1406,11.17,44.4264,26.1406,29.01,44.4264,26.1406
2022-09-13 08:00:00,2022-09-13 09:00:00,28.53,44.4264,26.1406,14.34,44.4264,26.1406,21.98,44.4264,26.1406
2022-09-13 09:00:00,2022-09-13 10:00:00,26.55,44.4264,26.1406,10.88,44.4264,26.1406,12.77,44.4264,26.1406
2022-09-13 10:00:00,2022-09-13 11:00:00,17.46,44.4264,26.1406,6.27,44.4264,26.1406,7.44,44.4264,26.1406
2022-09-13 11:00:00,2022-09-13 12:00:00,15.99,44.4264,26.1406,7.59,44.4264,26.1406,3.09,44.4264,26.1406
2022-09-13 12:00:00,2022-09-13 13:00:00,14.82,44.4264,26.1406,6.87,44.4264,26.1406,,44.4264,26.1406
2022-09-13 13:00:00,2022-09-13 14:00:00,14.5,44.4264,26.1406,6.53,44.4264,26.1406,2.55,44.4264,26.1406
2022-09-13 14:00:00,2022-09-13 15:00:00,14.59,44.4264,26.1406,8.13,44.4264,26.1406,2.31,44.4264,26.1406
2022-09-13 15:00:00,2022-09-13 16:00:00,12.88,44.4264,26.1406,5.51,44.4264,26.1406,2.84,44.4264,26.1406
2022-09-13 16:00:00,2022-09-13 17:00:00,12.99,44.4264,26.1406,6.01,44.4264,26.1406,10.58,44.4264,26.1406
2022-09-13 17:00:00,2022-09-13 18:00:00,13.46,44.4264,26.1406,5.84,44.4264,26.1406,12.3,44.4264,26.1406
2022-09-13 18:00:00,2022-09-13 19:00:00,12.81,44.4264,26.1406,5.17,44.4264,26.1406,21.55,44.4264,26.1406
2022-09-13 19:00:00,2022-09-13 20:00:00,13.94,44.4264,26.1406,4.94,44.4264,26.1406,30.55,44.4264,26.1406
2022-09-13 20:00:00,2022-09-13 21:00:00,13.54,44.4264,26.1406,5.27,44.4264,26.1406,21.79,44.4264,26.1406
2022-09-13 21:00:00,2022-09-13 22:00:00,9.43,44.4264,26.1406,2.51,44.4264,26.1406,17.1,44.4264,26.1406
2022-09-13 22:00:00,2022-09-13 23:00:00,6.67,44.4264,26.1406,1.05,44.4264,26.1406,12.26,44.4264,26.1406
2022-09-13 23:00:00,2022-09-14 00:00:00,6.89,44.4264,26.1406,2.68,44.4264,26.1406,11.02,44.4264,26.1406
2022-09-14 00:00:00,2022-09-14 01:00:00,10.62,44.4264,26.1406,5.96,44.4264,26.1406,15.65,44.4264,26.1406
2022-09-14 01:00:00,2022-09-14 02:00:00,9.15,44.4264,26.1406,4.63,44.4264,26.1406,13.76,44.4264,26.1406
2022-09-14 02:00:00,2022-09-14 03:00:00,6.7,44.4264,26.1406,2.39,44.4264,26.1406,12.55,44.4264,26.1406
2022-09-14 03:00:00,2022-09-14 04:00:00,6.84,44.4264,26.1406,3.58,44.4264,26.1406,13.12,44.4264,26.1406
2022-09-14 04:00:00,2022-09-14 05:00:00,11.05,44.4264,26.1406,7.61,44.4264,26.1406,14.14,44.4264,26.1406
2022-09-14 05:00:00,2022-09-14 06:00:00,12.61,44.4264,26.1406,8.02,44.4264,26.1406,18.66,44.4264,26.1406
2022-09-14 06:00:00,2022-09-14 07:00:00,14.26,44.4264,26.1406,6.87,44.4264,26.1406,28.86,44.4264,26.1406
2022-09-14 07:00:00,2022-09-14 08:00:00,20.99,44.4264,26.1406,10.83,44.4264,26.1406,30.33,44.4264,26.1406
2022-09-14 08:00:00,2022-09-14 09:00:00,20.73,44.4264,26.1406,9.88,44.4264,26.1406,19.29,44.4264,26.1406
2022-09-14 09:00:00,2022-09-14 10:00:00,18.61,44.4264,26.1406,8.25,44.4264,26.1406,26.39,44.4264,26.1406
2022-09-14 10:00:00,2022-09-14 11:00:00,26.9,44.4264,26.1406,9.2,44.4264,26.1406,26.36,44.4264,26.1406
2022-09-14 11:00:00,2022-09-14 12:00:00,27.2,44.4264,26.1406,7.31,44.4264,26.1406,14.07,44.4264,26.1406
2022-09-14 12:00:00,2022-09-14 13:00:00,24.89,44.4264,26.1406,9.9,44.4264,26.1406,5.55,44.4264,26.1406
2022-09-14 13:00:00,2022-09-14 14:00:00,21.09,44.4264,26.1406,11.99,44.4264,26.1406,,44.4264,26.1406
2022-09-14 14:00:00,2022-09-14 15:00:00,14.61,44.4264,26.1406,5.79,44.4264,26.1406,5.08,44.4264,26.1406
2022-09-14 15:00:00,2022-09-14 16:00:00,13.36,44.4264,26.1406,4.4,44.4264,26.1406,4.29,44.4264,26.1406
2022-09-14 16:00:00,2022-09-14 17:00:00,11.62,44.4264,26.1406,3.21,44.4264,26.1406,4.54,44.4264,26.1406
2022-09-14 17:00:00,2022-09-14 18:00:00,14.19,44.4264,26.1406,5.54,44.4264,26.1406,10.31,44.4264,26.1406
2022-09-14 18:00:00,2022-09-14 19:00:00,14.39,44.4264,26.1406,4.58,44.4264,26.1406,23.75,44.4264,26.1406
2022-09-14 19:00:00,2022-09-14 20:00:00,22.19,44.4264,26.1406,9.44,44.4264,26.1406,28.23,44.4264,26.1406
2022-09-14 20:00:00,2022-09-14 21:00:00,25.06,44.4264,26.1406,12.15,44.4264,26.1406,32.84,44.4264,26.1406
2022-09-14 21:00:00,2022-09-14 22:00:00,23.5,44.4264,26.1406,9.69,44.4264,26.1406,43.61,44.4264,26.1406
2022-09-14 22:00:00,2022-09-14 23:00:00,27.1,44.4264,26.1406,13.35,44.4264,26.1406,28.37,44.4264,26.1406
2022-09-14 23:00:00,2022-09-15 00:00:00,25.85,44.4264,26.1406,13.56,44.4264,26.1406,26.87,44.4264,26.1406
2022-09-15 00:00:00,2022-09-15 01:00:00,30.2,44.4264,26.1406,17.4,44.4264,26.1406,30.17,44.4264,26.1406
2022-09-15 01:00:00,2022-09-15 02:00:00,29.3,44.4264,26.1406,16.13,44.4264,26.1406,30.87,44.4264,26.1406
2022-09-15 02:00:00,2022-09-15 03:00:00,28.2,44.4264,26.1406,16.89,44.4264,26.1406,29.67,44.4264,26.1406
2022-09-15 03:00:00,2022-09-15 04:00:00,27.17,44.4264,26.1406,15.3,44.4264,26.1406,22.09,44.4264,26.1406
2022-09-15 04:00:00,2022-09-15 05:00:00,18.8,44.4264,26.1406,9.56,44.4264,26.1406,13.5,44.4264,26.1406
2022-09-15 05:00:00,2022-09-15 06:00:00,21.68,44.4264,26.1406,12.1,44.4264,26.1406,42.57,44.4264,26.1406
2022-09-15 06:00:00,2022-09-15 07:00:00,23.07,44.4264,26.1406,11.47,44.4264,26.1406,37.15,44.4264,26.1406
2022-09-15 07:00:00,2022-09-15 08:00:00,29.78,44.4264,26.1406,11.92,44.4264,26.1406,26.31,44.4264,26.1406
2022-09-15 08:00:00,2022-09-15 09:00:00,36.5,44.4264,26.1406,11.64,44.4264,26.1406,20.55,44.4264,26.1406
2022-09-15 09:00:00,2022-09-15 10:00:00,28.7,44.4264,26.1406,11.02,44.4264,26.1406,15.27,44.4264,26.1406
2022-09-15 10:00:00,2022-09-15 11:00:00,33.55,44.4264,26.1406,13.61,44.4264,26.1406,9.52,44.4264,26.1406
2022-09-15 11:00:00,2022-09-15 12:00:00,40.23,44.4264,26.1406,12.14,44.4264,26.1406,5.72,44.4264,26.1406
2022-09-15 12:00:00,2022-09-15 13:00:00,40.2,44.4264,26.1406,10.69,44.4264,26.1406,4.75,44.4264,26.1406
2022-09-15 13:00:00,2022-09-15 14:00:00,54.83,44.4264,26.1406,10.15,44.4264,26.1406,4.71,44.4264,26.1406
2022-09-15 14:00:00,2022-09-15 15:00:00,49.91,44.4264,26.1406,6.41,44.4264,26.1406,,44.4264,26.1406
2022-09-15 15:00:00,2022-09-15 16:00:00,54.78,44.4264,26.1406,8.26,44.4264,26.1406,5.41,44.4264,26.1406
2022-09-15 16:00:00,2022-09-15 17:00:00,36.25,44.4264,26.1406,8.68,44.4264,26.1406,5.39,44.4264,26.1406
2022-09-15 17:00:00,2022-09-15 18:00:00,32.12,44.4264,26.1406,8.58,44.4264,26.1406,11.77,44.4264,26.1406
2022-09-15 18:00:00,2022-09-15 19:00:00,32.04,44.4264,26.1406,10.83,44.4264,26.1406,16.79,44.4264,26.1406
2022-09-15 19:00:00,2022-09-15 20:00:00,28.02,44.4264,26.1406,8.57,44.4264,26.1406,15.99,44.4264,26.1406
2022-09-15 20:00:00,2022-09-15 21:00:00,23.22,44.4264,26.1406,6.8,44.4264,26.1406,17.2,44.4264,26.1406
2022-09-15 21:00:00,2022-09-15 22:00:00,25.18,44.4264,26.1406,8.79,44.4264,26.1406,17.59,44.4264,26.1406
2022-09-15 22:00:00,2022-09-15 23:00:00,27.44,44.4264,26.1406,11.12,44.4264,26.1406,13.14,44.4264,26.1406
2022-09-15 23:00:00,2022-09-16 00:00:00,28.35,44.4264,26.1406,13.57,44.4264,26.1406,14.28,44.4264,26.1406
2022-09-16 00:00:00,2022-09-16 01:00:00,25.42,44.4264,26.1406,11.39,44.4264,26.1406,15.71,44.4264,26.1406
2022-09-16 01:00:00,2022-09-16 02:00:00,29.1,44.4264,26.1406,14.39,44.4264,26.1406,9.06,44.4264,26.1406
2022-09-16 02:00:00,2022-09-16 03:00:00,28.07,44.4264,26.1406,11.5,44.4264,26.1406,9.61,44.4264,26.1406
2022-09-16 03:00:00,2022-09-16 04:00:00,26.97,44.4264,26.1406,11.32,44.4264,26.1406,10.55,44.4264,26.1406
2022-09-16 04:00:00,2022-09-16 05:00:00,28.59,44.4264,26.1406,12.5,44.4264,26.1406,11.91,44.4264,26.1406
2022-09-16 05:00:00,2022-09-16 06:00:00,25.2,44.4264,26.1406,10.36,44.4264,26.1406,15.79,44.4264,26.1406
2022-09-16 06:00:00,2022-09-16 07:00:00,23.11,44.4264,26.1406,7.62,44.4264,26.1406,16.11,44.4264,26.1406
2022-09-16 07:00:00,2022-09-16 08:00:00,28.52,44.4264,26.1406,6.83,44.4264,26.1406,10.94,44.4264,26.1406
2022-09-16 08:00:00,2022-09-16 09:00:00,27.58,44.4264,26.1406,8.8,44.4264,26.1406,7.49,44.4264,26.1406
2022-09-16 09:00:00,2022-09-16 10:00:00,26.53,44.4264,26.1406,10.7,44.4264,26.1406,5.95,44.4264,26.1406
2022-09-16 10:00:00,2022-09-16 11:00:00,22.59,44.4264,26.1406,8.92,44.4264,26.1406,3.13,44.4264,26.1406
2022-09-16 11:00:00,2022-09-16 12:00:00,15.95,44.4264,26.1406,5.15,44.4264,26.1406,1.99,44.4264,26.1406
2022-09-16 12:00:00,2022-09-16 13:00:00,9.9,44.4264,26.1406,1.51,44.4264,26.1406,3.06,44.4264,26.1406
2022-09-16 13:00:00,2022-09-16 14:00:00,12.03,44.4264,26.1406,3.2,44.4264,26.1406,3.13,44.4264,26.1406
2022-09-16 14:00:00,2022-09-16 15:00:00,12.37,44.4264,26.1406,2.31,44.4264,26.1406,,44.4264,26.1406
2022-09-16 15:00:00,2022-09-16 16:00:00,17.47,44.4264,26.1406,4.95,44.4264,26.1406,,44.4264,26.1406
2022-09-16 16:00:00,2022-09-16 17:00:00,18.81,44.4264,26.1406,6.55,44.4264,26.1406,,44.4264,26.1406
2022-09-16 17:00:00,2022-09-16 18:00:00,20.21,44.4264,26.1406,6.81,44.4264,26.1406,18.28,44.4264,26.1406
2022-09-16 18:00:00,2022-09-16 19:00:00,20.16,44.4264,26.1406,6.11,44.4264,26.1406,21.96,44.4264,26.1406
2022-09-16 19:00:00,2022-09-16 20:00:00,22.69,44.4264,26.1406,6.79,44.4264,26.1406,19.54,44.4264,26.1406
2022-09-16 20:00:00,2022-09-16 21:00:00,25.21,44.4264,26.1406,9.18,44.4264,26.1406,18.37,44.4264,26.1406
2022-09-16 21:00:00,2022-09-16 22:00:00,26.24,44.4264,26.1406,10.08,44.4264,26.1406,15.51,44.4264,26.1406
2022-09-16 22:00:00,2022-09-16 23:00:00,25.68,44.4264,26.1406,9.8,44.4264,26.1406,10.07,44.4264,26.1406
2022-09-16 23:00:00,2022-09-17 00:00:00,14.19,44.4264,26.1406,5.58,44.4264,26.1406,25.15,44.4264,26.1406
2022-09-17 00:00:00,2022-09-17 01:00:00,14.83,44.4264,26.1406,8.15,44.4264,26.1406,22.62,44.4264,26.1406
2022-09-17 01:00:00,2022-09-17 02:00:00,15.57,44.4264,26.1406,7.58,44.4264,26.1406,18.08,44.4264,26.1406
2022-09-17 02:00:00,2022-09-17 03:00:00,12.8,44.4264,26.1406,5.34,44.4264,26.1406,17.64,44.4264,26.1406
2022-09-17 03:00:00,2022-09-17 04:00:00,9.56,44.4264,26.1406,4.26,44.4264,26.1406,21.14,44.4264,26.1406
2022-09-17 04:00:00,2022-09-17 05:00:00,8.28,44.4264,26.1406,4.46,44.4264,26.1406,15.12,44.4264,26.1406
2022-09-17 05:00:00,2022-09-17 06:00:00,6.19,44.4264,26.1406,1.44,44.4264,26.1406,21.5,44.4264,26.1406
2022-09-17 06:00:00,2022-09-17 07:00:00,8.47,44.4264,26.1406,2.92,44.4264,26.1406,26.73,44.4264,26.1406
2022-09-17 07:00:00,2022-09-17 08:00:00,14.63,44.4264,26.1406,8.44,44.4264,26.1406,26.59,44.4264,26.1406
2022-09-17 08:00:00,2022-09-17 09:00:00,17.45,44.4264,26.1406,8.9,44.4264,26.1406,32.48,44.4264,26.1406
2022-09-17 09:00:00,2022-09-17 10:00:00,19.02,44.4264,26.1406,6.04,44.4264,26.1406,52.13,44.4264,26.1406
2022-09-17 11:00:00,2022-09-17 12:00:00,26.71,44.4264,26.1406,10.58,44.4264,26.1406,28.83,44.4264,26.1406
2022-09-17 12:00:00,2022-09-17 13:00:00,20.32,44.4264,26.1406,6.12,44.4264,26.1406,7.73,44.4264,26.1406
2022-09-17 13:00:00,2022-09-17 14:00:00,12.63,44.4264,26.1406,3.81,44.4264,26.1406,7.06,44.4264,26.1406
2022-09-17 14:00:00,2022-09-17 15:00:00,10.37,44.4264,26.1406,3.64,44.4264,26.1406,7.69,44.4264,26.1406
2022-09-17 15:00:00,2022-09-17 16:00:00,14.52,44.4264,26.1406,7.87,44.4264,26.1406,10.6,44.4264,26.1406
2022-09-17 16:00:00,2022-09-17 17:00:00,16.96,44.4264,26.1406,10.0,44.4264,26.1406,6.29,44.4264,26.1406
2022-09-17 17:00:00,2022-09-17 18:00:00,14.69,44.4264,26.1406,8.08,44.4264,26.1406,10.46,44.4264,26.1406
2022-09-17 18:00:00,2022-09-17 19:00:00,14.94,44.4264,26.1406,8.37,44.4264,26.1406,,44.4264,26.1406
2022-09-17 19:00:00,2022-09-17 20:00:00,13.91,44.4264,26.1406,6.59,44.4264,26.1406,26.47,44.4264,26.1406
2022-09-17 20:00:00,2022-09-17 21:00:00,18.39,44.4264,26.1406,9.96,44.4264,26.1406,48.52,44.4264,26.1406
2022-09-17 21:00:00,2022-09-17 22:00:00,24.75,44.4264,26.1406,14.09,44.4264,26.1406,29.33,44.4264,26.1406
2022-09-17 22:00:00,2022-09-17 23:00:00,19.8,44.4264,26.1406,11.19,44.4264,26.1406,18.99,44.4264,26.1406
2022-09-17 23:00:00,2022-09-18 00:00:00,14.35,44.4264,26.1406,8.45,44.4264,26.1406,29.68,44.4264,26.1406
2022-09-18 00:00:00,2022-09-18 01:00:00,10.1,44.4264,26.1406,5.28,44.4264,26.1406,21.38,44.4264,26.1406
2022-09-18 01:00:00,2022-09-18 02:00:00,8.63,44.4264,26.1406,4.06,44.4264,26.1406,26.16,44.4264,26.1406
2022-09-18 02:00:00,2022-09-18 03:00:00,8.35,44.4264,26.1406,3.58,44.4264,26.1406,21.14,44.4264,26.1406
2022-09-18 03:00:00,2022-09-18 04:00:00,10.7,44.4264,26.1406,5.5,44.4264,26.1406,10.68,44.4264,26.1406
2022-09-18 04:00:00,2022-09-18 05:00:00,13.8,44.4264,26.1406,4.83,44.4264,26.1406,6.33,44.4264,26.1406
2022-09-18 05:00:00,2022-09-18 06:00:00,16.1,44.4264,26.1406,1.61,44.4264,26.1406,6.33,44.4264,26.1406
2022-09-18 06:00:00,2022-09-18 07:00:00,18.71,44.4264,26.1406,4.6,44.4264,26.1406,5.94,44.4264,26.1406
2022-09-18 07:00:00,2022-09-18 08:00:00,12.83,44.4264,26.1406,0.92,44.4264,26.1406,5.23,44.4264,26.1406
2022-09-18 08:00:00,2022-09-18 09:00:00,23.42,44.4264,26.1406,2.85,44.4264,26.1406,4.91,44.4264,26.1406
2022-09-18 09:00:00,2022-09-18 10:00:00,34.04,44.4264,26.1406,2.81,44.4264,26.1406,4.82,44.4264,26.1406
2022-09-18 10:00:00,2022-09-18 11:00:00,33.3,44.4264,26.1406,1.59,44.4264,26.1406,4.32,44.4264,26.1406
2022-09-18 11:00:00,2022-09-18 12:00:00,27.72,44.4264,26.1406,3.09,44.4264,26.1406,3.95,44.4264,26.1406
2022-09-18 12:00:00,2022-09-18 13:00:00,21.58,44.4264,26.1406,1.0,44.4264,26.1406,4.07,44.4264,26.1406
2022-09-18 13:00:00,2022-09-18 14:00:00,13.3,44.4264,26.1406,0.56,44.4264,26.1406,4.13,44.4264,26.1406
2022-09-18 14:00:00,2022-09-18 15:00:00,9.52,44.4264,26.1406,0.4,44.4264,26.1406,4.35,44.4264,26.1406
2022-09-18 15:00:00,2022-09-18 16:00:00,10.97,44.4264,26.1406,3.05,44.4264,26.1406,4.35,44.4264,26.1406
2022-09-18 16:00:00,2022-09-18 17:00:00,13.72,44.4264,26.1406,6.41,44.4264,26.1406,4.65,44.4264,26.1406
2022-09-18 17:00:00,2022-09-18 18:00:00,11.26,44.4264,26.1406,3.92,44.4264,26.1406,5.02,44.4264,26.1406
2022-09-18 18:00:00,2022-09-18 19:00:00,10.72,44.4264,26.1406,2.7,44.4264,26.1406,7.28,44.4264,26.1406
2022-09-18 19:00:00,2022-09-18 20:00:00,7.4,44.4264,26.1406,0.45,44.4264,26.1406,,44.4264,26.1406
2022-09-18 20:00:00,2022-09-18 21:00:00,8.17,44.4264,26.1406,3.04,44.4264,26.1406,10.26,44.4264,26.1406
2022-09-18 21:00:00,2022-09-18 22:00:00,9.31,44.4264,26.1406,4.45,44.4264,26.1406,8.66,44.4264,26.1406
2022-09-18 22:00:00,2022-09-18 23:00:00,8.45,44.4264,26.1406,3.95,44.4264,26.1406,7.6,44.4264,26.1406
2022-09-18 23:00:00,2022-09-19 00:00:00,6.82,44.4264,26.1406,3.24,44.4264,26.1406,7.29,44.4264,26.1406
2022-09-19 00:00:00,2022-09-19 01:00:00,8.09,44.4264,26.1406,4.28,44.4264,26.1406,7.12,44.4264,26.1406
2022-09-19 01:00:00,2022-09-19 02:00:00,9.99,44.4264,26.1406,6.71,44.4264,26.1406,6.83,44.4264,26.1406
2022-09-19 02:00:00,2022-09-19 03:00:00,3.55,44.4264,26.1406,0.6,44.4264,26.1406,7.4,44.4264,26.1406
2022-09-19 03:00:00,2022-09-19 04:00:00,4.64,44.4264,26.1406,1.54,44.4264,26.1406,11.77,44.4264,26.1406
2022-09-19 04:00:00,2022-09-19 05:00:00,5.54,44.4264,26.1406,2.79,44.4264,26.1406,9.5,44.4264,26.1406
2022-09-19 05:00:00,2022-09-19 06:00:00,7.21,44.4264,26.1406,4.38,44.4264,26.1406,16.38,44.4264,26.1406
2022-09-19 06:00:00,2022-09-19 07:00:00,9.01,44.4264,26.1406,4.91,44.4264,26.1406,27.29,44.4264,26.1406
2022-09-19 07:00:00,2022-09-19 08:00:00,10.93,44.4264,26.1406,4.01,44.4264,26.1406,18.34,44.4264,26.1406
2022-09-19 08:00:00,2022-09-19 09:00:00,15.45,44.4264,26.1406,7.01,44.4264,26.1406,15.35,44.4264,26.1406
2022-09-19 09:00:00,2022-09-19 10:00:00,19.68,44.4264,26.1406,9.0,44.4264,26.1406,20.18,44.4264,26.1406
2022-09-19 10:00:00,2022-09-19 11:00:00,23.72,44.4264,26.1406,11.12,44.4264,26.1406,12.38,44.4264,26.1406
2022-09-19 11:00:00,2022-09-19 12:00:00,13.15,44.4264,26.1406,5.52,44.4264,26.1406,7.39,44.4264,26.1406
2022-09-19 12:00:00,2022-09-19 13:00:00,8.95,44.4264,26.1406,3.28,44.4264,26.1406,5.44,44.4264,26.1406
2022-09-19 13:00:00,2022-09-19 14:00:00,5.51,44.4264,26.1406,0.63,44.4264,26.1406,5.23,44.4264,26.1406
2022-09-19 14:00:00,2022-09-19 15:00:00,9.23,44.4264,26.1406,4.65,44.4264,26.1406,5.07,44.4264,26.1406
2022-09-19 15:00:00,2022-09-19 16:00:00,7.72,44.4264,26.1406,2.47,44.4264,26.1406,5.41,44.4264,26.1406
2022-09-19 16:00:00,2022-09-19 17:00:00,10.26,44.4264,26.1406,4.03,44.4264,26.1406,6.25,44.4264,26.1406
2022-09-19 17:00:00,2022-09-19 18:00:00,8.98,44.4264,26.1406,2.74,44.4264,26.1406,10.98,44.4264,26.1406
2022-09-19 18:00:00,2022-09-19 19:00:00,12.8,44.4264,26.1406,5.88,44.4264,26.1406,29.29,44.4264,26.1406
2022-09-19 19:00:00,2022-09-19 20:00:00,17.77,44.4264,26.1406,6.87,44.4264,26.1406,61.24,44.4264,26.1406
2022-09-19 20:00:00,2022-09-19 21:00:00,27.34,44.4264,26.1406,12.24,44.4264,26.1406,,44.4264,26.1406
2022-09-19 21:00:00,2022-09-19 22:00:00,28.68,44.4264,26.1406,10.47,44.4264,26.1406,41.19,44.4264,26.1406
2022-09-19 22:00:00,2022-09-19 23:00:00,24.12,44.4264,26.1406,9.52,44.4264,26.1406,20.16,44.4264,26.1406
2022-09-19 23:00:00,2022-09-20 00:00:00,15.98,44.4264,26.1406,6.11,44.4264,26.1406,5.92,44.4264,26.1406
2022-09-20 00:00:00,2022-09-20 01:00:00,4.72,44.4264,26.1406,,,,6.08,44.4264,26.1406
2022-09-20 01:00:00,2022-09-20 02:00:00,5.96,44.4264,26.1406,3.29,44.4264,26.1406,7.84,44.4264,26.1406
2022-09-20 02:00:00,2022-09-20 03:00:00,6.21,44.4264,26.1406,4.63,44.4264,26.1406,7.09,44.4264,26.1406
2022-09-20 03:00:00,2022-09-20 04:00:00,5.85,44.4264,26.1406,3.93,44.4264,26.1406,7.98,44.4264,26.1406
2022-09-20 04:00:00,2022-09-20 05:00:00,5.48,44.4264,26.1406,3.44,44.4264,26.1406,9.56,44.4264,26.1406
2022-09-20 05:00:00,2022-09-20 06:00:00,9.21,44.4264,26.1406,6.58,44.4264,26.1406,12.35,44.4264,26.1406
2022-09-20 06:00:00,2022-09-20 07:00:00,6.59,44.4264,26.1406,2.72,44.4264,26.1406,18.51,44.4264,26.1406
2022-09-20 07:00:00,2022-09-20 08:00:00,11.47,44.4264,26.1406,4.74,44.4264,26.1406,19.84,44.4264,26.1406
2022-09-20 08:00:00,2022-09-20 09:00:00,13.73,44.4264,26.1406,4.74,44.4264,26.1406,11.62,44.4264,26.1406
2022-09-20 09:00:00,2022-09-20 10:00:00,8.93,44.4264,26.1406,2.93,44.4264,26.1406,11.23,44.4264,26.1406
2022-09-20 10:00:00,2022-09-20 11:00:00,6.17,44.4264,26.1406,0.08,44.4264,26.1406,7.84,44.4264,26.1406
2022-09-20 11:00:00,2022-09-20 12:00:00,6.75,44.4264,26.1406,1.38,44.4264,26.1406,5.56,44.4264,26.1406
2022-09-20 12:00:00,2022-09-20 13:00:00,11.35,44.4264,26.1406,6.3,44.4264,26.1406,4.36,44.4264,26.1406
2022-09-20 13:00:00,2022-09-20 14:00:00,8.09,44.4264,26.1406,3.72,44.4264,26.1406,4.48,44.4264,26.1406
2022-09-20 14:00:00,2022-09-20 15:00:00,6.17,44.4264,26.1406,1.95,44.4264,26.1406,4.15,44.4264,26.1406
2022-09-20 15:00:00,2022-09-20 16:00:00,6.17,44.4264,26.1406,1.56,44.4264,26.1406,5.52,44.4264,26.1406
2022-09-20 16:00:00,2022-09-20 17:00:00,9.51,44.4264,26.1406,3.1,44.4264,26.1406,7.46,44.4264,26.1406
2022-09-20 17:00:00,2022-09-20 18:00:00,13.92,44.4264,26.1406,7.34,44.4264,26.1406,9.84,44.4264,26.1406
2022-09-20 18:00:00,2022-09-20 19:00:00,13.96,44.4264,26.1406,4.9,44.4264,26.1406,25.72,44.4264,26.1406
2022-09-20 19:00:00,2022-09-20 20:00:00,17.81,44.4264,26.1406,5.38,44.4264,26.1406,24.15,44.4264,26.1406
2022-09-20 20:00:00,2022-09-20 21:00:00,20.86,44.4264,26.1406,6.03,44.4264,26.1406,31.32,44.4264,26.1406
2022-09-20 21:00:00,2022-09-20 22:00:00,23.94,44.4264,26.1406,8.87,44.4264,26.1406,,44.4264,26.1406
2022-09-20 22:00:00,2022-09-20 23:00:00,11.33,44.4264,26.1406,5.13,44.4264,26.1406,21.59,44.4264,26.1406
2022-09-20 23:00:00,2022-09-21 00:00:00,10.26,44.4264,26.1406,7.91,44.4264,26.1406,20.41,44.4264,26.1406
2022-09-21 00:00:00,2022-09-21 01:00:00,9.64,44.4264,26.1406,6.7,44.4264,26.1406,29.42,44.4264,26.1406
2022-09-21 01:00:00,2022-09-21 02:00:00,16.63,44.4264,26.1406,9.17,44.4264,26.1406,39.1,44.4264,26.1406
2022-09-21 02:00:00,2022-09-21 03:00:00,21.22,44.4264,26.1406,10.74,44.4264,26.1406,40.0,44.4264,26.1406
2022-09-21 03:00:00,2022-09-21 04:00:00,17.22,44.4264,26.1406,11.89,44.4264,26.1406,37.66,44.4264,26.1406
2022-09-21 04:00:00,2022-09-21 05:00:00,12.93,44.4264,26.1406,8.38,44.4264,26.1406,35.41,44.4264,26.1406
2022-09-21 05:00:00,2022-09-21 06:00:00,15.74,44.4264,26.1406,9.75,44.4264,26.1406,34.15,44.4264,26.1406
2022-09-21 06:00:00,2022-09-21 07:00:00,19.75,44.4264,26.1406,11.6,44.4264,26.1406,39.34,44.4264,26.1406
2022-09-21 07:00:00,2022-09-21 08:00:00,17.64,44.4264,26.1406,9.69,44.4264,26.1406,41.62,44.4264,26.1406
2022-09-21 08:00:00,2022-09-21 09:00:00,21.71,44.4264,26.1406,10.39,44.4264,26.1406,31.82,44.4264,26.1406
2022-09-21 09:00:00,2022-09-21 10:00:00,18.55,44.4264,26.1406,8.35,44.4264,26.1406,29.69,44.4264,26.1406
2022-09-21 10:00:00,2022-09-21 11:00:00,14.03,44.4264,26.1406,5.23,44.4264,26.1406,18.81,44.4264,26.1406
2022-09-21 11:00:00,2022-09-21 12:00:00,12.18,44.4264,26.1406,5.2,44.4264,26.1406,10.4,44.4264,26.1406
2022-09-21 12:00:00,2022-09-21 13:00:00,6.63,44.4264,26.1406,1.97,44.4264,26.1406,5.43,44.4264,26.1406
2022-09-21 13:00:00,2022-09-21 14:00:00,6.57,44.4264,26.1406,3.92,44.4264,26.1406,5.23,44.4264,26.1406
2022-09-21 14:00:00,2022-09-21 15:00:00,5.14,44.4264,26.1406,1.92,44.4264,26.1406,5.28,44.4264,26.1406
2022-09-21 15:00:00,2022-09-21 16:00:00,9.27,44.4264,26.1406,4.6,44.4264,26.1406,6.18,44.4264,26.1406
2022-09-21 16:00:00,2022-09-21 17:00:00,11.23,44.4264,26.1406,7.93,44.4264,26.1406,5.92,44.4264,26.1406
2022-09-21 17:00:00,2022-09-21 18:00:00,6.81,44.4264,26.1406,3.03,44.4264,26.1406,7.06,44.4264,26.1406
2022-09-21 18:00:00,2022-09-21 19:00:00,13.37,44.4264,26.1406,8.11,44.4264,26.1406,20.73,44.4264,26.1406
2022-09-21 19:00:00,2022-09-21 20:00:00,9.07,44.4264,26.1406,4.92,44.4264,26.1406,27.86,44.4264,26.1406
2022-09-21 21:00:00,2022-09-21 22:00:00,4.17,44.4264,26.1406,1.09,44.4264,26.1406,17.75,44.4264,26.1406
2022-09-21 22:00:00,2022-09-21 23:00:00,14.08,44.4264,26.1406,3.86,44.4264,26.1406,,44.4264,26.1406
2022-09-21 23:00:00,2022-09-22 00:00:00,13.11,44.4264,26.1406,5.27,44.4264,26.1406,16.42,44.4264,26.1406
2022-09-22 00:00:00,2022-09-22 01:00:00,13.62,44.4264,26.1406,6.75,44.4264,26.1406,14.52,44.4264,26.1406
2022-09-22 01:00:00,2022-09-22 02:00:00,12.41,44.4264,26.1406,6.36,44.4264,26.1406,16.08,44.4264,26.1406
2022-09-22 02:00:00,2022-09-22 03:00:00,15.9,44.4264,26.1406,9.27,44.4264,26.1406,17.57,44.4264,26.1406
2022-09-22 03:00:00,2022-09-22 04:00:00,15.43,44.4264,26.1406,10.77,44.4264,26.1406,16.42,44.4264,26.1406
2022-09-22 04:00:00,2022-09-22 05:00:00,11.27,44.4264,26.1406,9.16,44.4264,26.1406,16.08,44.4264,26.1406
2022-09-22 05:00:00,2022-09-22 06:00:00,11.06,44.4264,26.1406,7.67,44.4264,26.1406,26.02,44.4264,26.1406
2022-09-22 06:00:00,2022-09-22 07:00:00,13.53,44.4264,26.1406,8.86,44.4264,26.1406,33.34,44.4264,26.1406
2022-09-22 07:00:00,2022-09-22 08:00:00,17.01,44.4264,26.1406,8.7,44.4264,26.1406,40.98,44.4264,26.1406
2022-09-22 08:00:00,2022-09-22 09:00:00,23.4,44.4264,26.1406,9.68,44.4264,26.1406,37.57,44.4264,26.1406
2022-09-22 09:00:00,2022-09-22 10:00:00,18.5,44.4264,26.1406,8.27,44.4264,26.1406,21.34,44.4264,26.1406
2022-09-22 10:00:00,2022-09-22 11:00:00,16.5,44.4264,26.1406,6.24,44.4264,26.1406,14.73,44.4264,26.1406
2022-09-22 11:00:00,2022-09-22 12:00:00,18.67,44.4264,26.1406,7.8,44.4264,26.1406,12.39,44.4264,26.1406
2022-09-22 12:00:00,2022-09-22 13:00:00,13.4,44.4264,26.1406,4.36,44.4264,26.1406,8.38,44.4264,26.1406
2022-09-22 13:00:00,2022-09-22 14:00:00,11.0,44.4264,26.1406,3.68,44.4264,26.1406,6.6,44.4264,26.1406
2022-09-22 14:00:00,2022-09-22 15:00:00,10.56,44.4264,26.1406,4.35,44.4264,26.1406,5.53,44.4264,26.1406
2022-09-22 15:00:00,2022-09-22 16:00:00,11.87,44.4264,26.1406,4.53,44.4264,26.1406,9.8,44.4264,26.1406
2022-09-22 16:00:00,2022-09-22 17:00:00,12.42,44.4264,26.1406,4.31,44.4264,26.1406,12.72,44.4264,26.1406
2022-09-22 17:00:00,2022-09-22 18:00:00,14.11,44.4264,26.1406,6.66,44.4264,26.1406,14.56,44.4264,26.1406
2022-09-22 18:00:00,2022-09-22 19:00:00,13.43,44.4264,26.1406,7.15,44.4264,26.1406,21.41,44.4264,26.1406
2022-09-22 19:00:00,2022-09-22 20:00:00,17.53,44.4264,26.1406,6.64,44.4264,26.1406,23.48,44.4264,26.1406
2022-09-22 20:00:00,2022-09-22 21:00:00,12.04,44.4264,26.1406,4.38,44.4264,26.1406,24.33,44.4264,26.1406
2022-09-22 21:00:00,2022-09-22 22:00:00,12.25,44.4264,26.1406,5.28,44.4264,26.1406,32.01,44.4264,26.1406
2022-09-22 22:00:00,2022-09-22 23:00:00,12.53,44.4264,26.1406,6.61,44.4264,26.1406,30.78,44.4264,26.1406
2022-09-22 23:00:00,2022-09-23 00:00:00,10.18,44.4264,26.1406,4.19,44.4264,26.1406,,44.4264,26.1406
2022-09-23 00:00:00,2022-09-23 01:00:00,10.68,44.4264,26.1406,6.15,44.4264,26.1406,22.17,44.4264,26.1406
2022-09-23 01:00:00,2022-09-23 02:00:00,9.52,44.4264,26.1406,6.28,44.4264,26.1406,30.32,44.4264,26.1406
2022-09-23 02:00:00,2022-09-23 03:00:00,10.58,44.4264,26.1406,4.93,44.4264,26.1406,32.25,44.4264,26.1406
2022-09-23 03:00:00,2022-09-23 04:00:00,7.27,44.4264,26.1406,3.81,44.4264,26.1406,30.56,44.4264,26.1406
2022-09-23 04:00:00,2022-09-23 05:00:00,5.21,44.4264,26.1406,2.33,44.4264,26.1406,25.2,44.4264,26.1406
2022-09-23 05:00:00,2022-09-23 06:00:00,8.36,44.4264,26.1406,5.06,44.4264,26.1406,28.17,44.4264,26.1406
2022-09-23 06:00:00,2022-09-23 07:00:00,14.48,44.4264,26.1406,8.4,44.4264,26.1406,33.8,44.4264,26.1406
2022-09-23 07:00:00,2022-09-23 08:00:00,20.6,44.4264,26.1406,11.43,44.4264,26.1406,44.9,44.4264,26.1406
2022-09-23 08:00:00,2022-09-23 09:00:00,18.56,44.4264,26.1406,8.12,44.4264,26.1406,29.29,44.4264,26.1406
2022-09-23 09:00:00,2022-09-23 10:00:00,16.13,44.4264,26.1406,6.66,44.4264,26.1406,21.87,44.4264,26.1406
2022-09-23 10:00:00,2022-09-23 11:00:00,19.61,44.4264,26.1406,7.66,44.4264,26.1406,17.01,44.4264,26.1406
2022-09-23 11:00:00,2022-09-23 12:00:00,12.94,44.4264,26.1406,5.32,44.4264,26.1406,11.41,44.4264,26.1406
2022-09-23 12:00:00,2022-09-23 13:00:00,12.19,44.4264,26.1406,6.77,44.4264,26.1406,12.82,44.4264,26.1406
2022-09-23 13:00:00,2022-09-23 14:00:00,9.86,44.4264,26.1406,4.32,44.4264,26.1406,8.96,44.4264,26.1406
2022-09-23 14:00:00,2022-09-23 15:00:00,12.6,44.4264,26.1406,7.37,44.4264,26.1406,9.33,44.4264,26.1406
2022-09-23 15:00:00,2022-09-23 16:00:00,9.4,44.4264,26.1406,5.78,44.4264,26.1406,7.42,44.4264,26.1406
2022-09-23 16:00:00,2022-09-23 17:00:00,12.31,44.4264,26.1406,6.15,44.4264,26.1406,9.16,44.4264,26.1406
2022-09-23 17:00:00,2022-09-23 18:00:00,7.54,44.4264,26.1406,3.13,44.4264,26.1406,19.63,44.4264,26.1406
2022-09-23 18:00:00,2022-09-23 19:00:00,7.67,44.4264,26.1406,4.01,44.4264,26.1406,42.88,44.4264,26.1406
2022-09-23 19:00:00,2022-09-23 20:00:00,14.66,44.4264,26.1406,6.03,44.4264,26.1406,65.4,44.4264,26.1406
2022-09-23 20:00:00,2022-09-23 21:00:00,26.13,44.4264,26.1406,12.27,44.4264,26.1406,67.51,44.4264,26.1406
2022-09-23 21:00:00,2022-09-23 22:00:00,25.5,44.4264,26.1406,15.49,44.4264,26.1406,47.44,44.4264,26.1406
2022-09-23 22:00:00,2022-09-23 23:00:00,15.69,44.4264,26.1406,10.07,44.4264,26.1406,21.29,44.4264,26.1406
2022-09-23 23:00:00,2022-09-24 00:00:00,9.44,44.4264,26.1406,6.62,44.4264,26.1406,31.8,44.4264,26.1406
2022-09-24 00:00:00,2022-09-24 01:00:00,10.43,44.4264,26.1406,7.12,44.4264,26.1406,,44.4264,26.1406
2022-09-24 01:00:00,2022-09-24 02:00:00,12.63,44.4264,26.1406,8.42,44.4264,26.1406,40.87,44.4264,26.1406
2022-09-24 02:00:00,2022-09-24 03:00:00,9.79,44.4264,26.1406,6.41,44.4264,26.1406,23.77,44.4264,26.1406
2022-09-24 03:00:00,2022-09-24 04:00:00,8.71,44.4264,26.1406,6.75,44.4264,26.1406,21.83,44.4264,26.1406
2022-09-24 04:00:00,2022-09-24 05:00:00,8.11,44.4264,26.1406,6.5,44.4264,26.1406,25.26,44.4264,26.1406
2022-09-24 05:00:00,2022-09-24 06:00:00,10.09,44.4264,26.1406,7.57,44.4264,26.1406,24.21,44.4264,26.1406
2022-09-24 06:00:00,2022-09-24 07:00:00,13.0,44.4264,26.1406,8.7,44.4264,26.1406,22.2,44.4264,26.1406
2022-09-24 07:00:00,2022-09-24 08:00:00,13.59,44.4264,26.1406,8.72,44.4264,26.1406,13.96,44.4264,26.1406
2022-09-24 08:00:00,2022-09-24 09:00:00,17.1,44.4264,26.1406,8.16,44.4264,26.1406,20.13,44.4264,26.1406
2022-09-24 09:00:00,2022-09-24 10:00:00,21.34,44.4264,26.1406,10.94,44.4264,26.1406,19.36,44.4264,26.1406
2022-09-24 10:00:00,2022-09-24 11:00:00,14.15,44.4264,26.1406,7.01,44.4264,26.1406,10.49,44.4264,26.1406
2022-09-24 11:00:00,2022-09-24 12:00:00,12.12,44.4264,26.1406,7.97,44.4264,26.1406,7.15,44.4264,26.1406
2022-09-24 12:00:00,2022-09-24 13:00:00,7.54,44.4264,26.1406,3.78,44.4264,26.1406,5.49,44.4264,26.1406
2022-09-24 13:00:00,2022-09-24 14:00:00,6.28,44.4264,26.1406,2.94,44.4264,26.1406,5.25,44.4264,26.1406
2022-09-24 15:00:00,2022-09-24 16:00:00,4.61,44.4264,26.1406,3.31,44.4264,26.1406,5.99,44.4264,26.1406
2022-09-24 16:00:00,2022-09-24 17:00:00,11.52,44.4264,26.1406,7.17,44.4264,26.1406,5.48,44.4264,26.1406
2022-09-24 17:00:00,2022-09-24 18:00:00,11.11,44.4264,26.1406,7.2,44.4264,26.1406,9.7,44.4264,26.1406
2022-09-24 18:00:00,2022-09-24 19:00:00,12.27,44.4264,26.1406,7.48,44.4264,26.1406,25.08,44.4264,26.1406
2022-09-24 19:00:00,2022-09-24 20:00:00,16.02,44.4264,26.1406,9.57,44.4264,26.1406,45.93,44.4264,26.1406
2022-09-24 20:00:00,2022-09-24 21:00:00,17.73,44.4264,26.1406,9.83,44.4264,26.1406,77.78,44.4264,26.1406
2022-09-24 21:00:00,2022-09-24 22:00:00,29.89,44.4264,26.1406,15.92,44.4264,26.1406,87.34,44.4264,26.1406
2022-09-24 22:00:00,2022-09-24 23:00:00,40.67,44.4264,26.1406,23.99,44.4264,26.1406,83.98,44.4264,26.1406
2022-09-24 23:00:00,2022-09-25 00:00:00,35.41,44.4264,26.1406,21.25,44.4264,26.1406,68.28,44.4264,26.1406
2022-09-25 00:00:00,2022-09-25 01:00:00,35.96,44.4264,26.1406,26.08,44.4264,26.1406,55.77,44.4264,26.1406
2022-09-25 01:00:00,2022-09-25 02:00:00,38.66,44.4264,26.1406,28.49,44.4264,26.1406,,44.4264,26.1406
2022-09-25 02:00:00,2022-09-25 03:00:00,33.22,44.4264,26.1406,25.28,44.4264,26.1406,37.48,44.4264,26.1406
2022-09-25 03:00:00,2022-09-25 04:00:00,31.86,44.4264,26.1406,25.73,44.4264,26.1406,37.92,44.4264,26.1406
2022-09-25 04:00:00,2022-09-25 05:00:00,26.58,44.4264,26.1406,20.81,44.4264,26.1406,24.02,44.4264,26.1406
2022-09-25 05:00:00,2022-09-25 06:00:00,20.09,44.4264,26.1406,16.21,44.4264,26.1406,18.64,44.4264,26.1406
2022-09-25 06:00:00,2022-09-25 07:00:00,16.99,44.4264,26.1406,12.62,44.4264,26.1406,20.16,44.4264,26.1406
2022-09-25 07:00:00,2022-09-25 08:00:00,17.62,44.4264,26.1406,12.89,44.4264,26.1406,27.19,44.4264,26.1406
2022-09-25 08:00:00,2022-09-25 09:00:00,20.53,44.4264,26.1406,13.93,44.4264,26.1406,28.83,44.4264,26.1406
2022-09-25 09:00:00,2022-09-25 10:00:00,23.13,44.4264,26.1406,15.96,44.4264,26.1406,22.88,44.4264,26.1406
2022-09-25 10:00:00,2022-09-25 11:00:00,22.96,44.4264,26.1406,16.23,44.4264,26.1406,20.24,44.4264,26.1406
2022-09-25 11:00:00,2022-09-25 12:00:00,17.72,44.4264,26.1406,12.13,44.4264,26.1406,16.02,44.4264,26.1406
2022-09-25 12:00:00,2022-09-25 13:00:00,21.22,44.4264,26.1406,14.39,44.4264,26.1406,19.03,44.4264,26.1406
2022-09-25 13:00:00,2022-09-25 14:00:00,19.0,44.4264,26.1406,11.61,44.4264,26.1406,11.79,44.4264,26.1406
2022-09-25 14:00:00,2022-09-25 15:00:00,15.19,44.4264,26.1406,9.39,44.4264,26.1406,7.47,44.4264,26.1406
2022-09-25 15:00:00,2022-09-25 16:00:00,15.08,44.4264,26.1406,10.45,44.4264,26.1406,7.67,44.4264,26.1406
2022-09-25 16:00:00,2022-09-25 17:00:00,16.44,44.4264,26.1406,11.88,44.4264,26.1406,7.29,44.4264,26.1406
2022-09-25 17:00:00,2022-09-25 18:00:00,16.53,44.4264,26.1406,11.76,44.4264,26.1406,12.21,44.4264,26.1406
2022-09-25 18:00:00,2022-09-25 19:00:00,16.28,44.4264,26.1406,10.89,44.4264,26.1406,19.28,44.4264,26.1406
2022-09-25 19:00:00,2022-09-25 20:00:00,27.71,44.4264,26.1406,19.62,44.4264,26.1406,67.09,44.4264,26.1406
2022-09-25 20:00:00,2022-09-25 21:00:00,42.62,44.4264,26.1406,25.96,44.4264,26.1406,78.54,44.4264,26.1406
2022-09-25 21:00:00,2022-09-25 22:00:00,59.95,44.4264,26.1406,44.68,44.4264,26.1406,77.1,44.4264,26.1406
2022-09-25 22:00:00,2022-09-25 23:00:00,59.81,44.4264,26.1406,45.57,44.4264,26.1406,79.5,44.4264,26.1406
2022-09-25 23:00:00,2022-09-26 00:00:00,49.62,44.4264,26.1406,33.31,44.4264,26.1406,68.49,44.4264,26.1406
2022-09-26 00:00:00,2022-09-26 01:00:00,40.78,44.4264,26.1406,27.73,44.4264,26.1406,67.92,44.4264,26.1406
2022-09-26 01:00:00,2022-09-26 02:00:00,38.95,44.4264,26.1406,27.78,44.4264,26.1406,75.31,44.4264,26.1406
2022-09-26 02:00:00,2022-09-26 03:00:00,42.82,44.4264,26.1406,30.67,44.4264,26.1406,,44.4264,26.1406
2022-09-26 03:00:00,2022-09-26 04:00:00,33.37,44.4264,26.1406,23.62,44.4264,26.1406,54.55,44.4264,26.1406
2022-09-26 04:00:00,2022-09-26 05:00:00,30.16,44.4264,26.1406,19.46,44.4264,26.1406,51.07,44.4264,26.1406
2022-09-26 05:00:00,2022-09-26 06:00:00,31.31,44.4264,26.1406,22.81,44.4264,26.1406,46.5,44.4264,26.1406
2022-09-26 06:00:00,2022-09-26 07:00:00,32.67,44.4264,26.1406,23.8,44.4264,26.1406,40.5,44.4264,26.1406
2022-09-26 07:00:00,2022-09-26 08:00:00,35.47,44.4264,26.1406,23.01,44.4264,26.1406,58.26,44.4264,26.1406
2022-09-26 08:00:00,2022-09-26 09:00:00,50.39,44.4264,26.1406,28.01,44.4264,26.1406,60.54,44.4264,26.1406
2022-09-26 09:00:00,2022-09-26 10:00:00,53.25,44.4264,26.1406,26.1,44.4264,26.1406,47.83,44.4264,26.1406
2022-09-26 10:00:00,2022-09-26 11:00:00,37.31,44.4264,26.1406,16.16,44.4264,26.1406,19.06,44.4264,26.1406
2022-09-26 11:00:00,2022-09-26 12:00:00,27.76,44.4264,26.1406,12.39,44.4264,26.1406,17.72,44.4264,26.1406
2022-09-26 12:00:00,2022-09-26 13:00:00,28.35,44.4264,26.1406,13.6,44.4264,26.1406,11.9,44.4264,26.1406
2022-09-26 13:00:00,2022-09-26 14:00:00,24.12,44.4264,26.1406,12.81,44.4264,26.1406,11.81,44.4264,26.1406
2022-09-26 14:00:00,2022-09-26 15:00:00,23.36,44.4264,26.1406,10.22,44.4264,26.1406,16.23,44.4264,26.1406
2022-09-26 15:00:00,2022-09-26 16:00:00,25.75,44.4264,26.1406,12.13,44.4264,26.1406,10.12,44.4264,26.1406
2022-09-26 16:00:00,2022-09-26 17:00:00,20.31,44.4264,26.1406,10.76,44.4264,26.1406,8.29,44.4264,26.1406
2022-09-26 17:00:00,2022-09-26 18:00:00,21.0,44.4264,26.1406,9.16,44.4264,26.1406,14.27,44.4264,26.1406
2022-09-26 18:00:00,2022-09-26 19:00:00,25.69,44.4264,26.1406,11.29,44.4264,26.1406,18.72,44.4264,26.1406
2022-09-26 19:00:00,2022-09-26 20:00:00,27.08,44.4264,26.1406,13.43,44.4264,26.1406,35.46,44.4264,26.1406
2022-09-26 20:00:00,2022-09-26 21:00:00,33.23,44.4264,26.1406,16.46,44.4264,26.1406,45.56,44.4264,26.1406
2022-09-26 21:00:00,2022-09-26 22:00:00,37.16,44.4264,26.1406,17.98,44.4264,26.1406,35.24,44.4264,26.1406
2022-09-26 22:00:00,2022-09-26 23:00:00,28.37,44.4264,26.1406,15.8,44.4264,26.1406,18.93,44.4264,26.1406
2022-09-26 23:00:00,2022-09-27 00:00:00,23.3,44.4264,26.1406,13.42,44.4264,26.1406,18.33,44.4264,26.1406
2022-09-27 00:00:00,2022-09-27 01:00:00,19.84,44.4264,26.1406,13.09,44.4264,26.1406,14.3,44.4264,26.1406
2022-09-27 01:00:00,2022-09-27 02:00:00,16.43,44.4264,26.1406,11.14,44.4264,26.1406,13.66,44.4264,26.1406
2022-09-27 02:00:00,2022-09-27 03:00:00,24.25,44.4264,26.1406,19.51,44.4264,26.1406,10.95,44.4264,26.1406
2022-09-27 03:00:00,2022-09-27 04:00:00,20.84,44.4264,26.1406,17.77,44.4264,26.1406,,44.4264,26.1406
2022-09-27 04:00:00,2022-09-27 05:00:00,15.06,44.4264,26.1406,13.02,44.4264,26.1406,9.82,44.4264,26.1406
2022-09-27 05:00:00,2022-09-27 06:00:00,12.42,44.4264,26.1406,10.29,44.4264,26.1406,19.96,44.4264,26.1406
2022-09-27 06:00:00,2022-09-27 07:00:00,17.3,44.4264,26.1406,13.28,44.4264,26.1406,24.19,44.4264,26.1406
2022-09-27 07:00:00,2022-09-27 08:00:00,24.07,44.4264,26.1406,18.69,44.4264,26.1406,29.19,44.4264,26.1406
2022-09-27 08:00:00,2022-09-27 09:00:00,24.33,44.4264,26.1406,18.89,44.4264,26.1406,21.49,44.4264,26.1406
2022-09-27 09:00:00,2022-09-27 10:00:00,17.81,44.4264,26.1406,13.33,44.4264,26.1406,16.27,44.4264,26.1406
2022-09-27 10:00:00,2022-09-27 11:00:00,18.59,44.4264,26.1406,13.73,44.4264,26.1406,16.01,44.4264,26.1406
2022-09-27 11:00:00,2022-09-27 12:00:00,16.12,44.4264,26.1406,10.62,44.4264,26.1406,11.98,44.4264,26.1406
2022-09-27 12:00:00,2022-09-27 13:00:00,17.0,44.4264,26.1406,12.72,44.4264,26.1406,9.98,44.4264,26.1406
2022-09-27 13:00:00,2022-09-27 14:00:00,13.63,44.4264,26.1406,9.99,44.4264,26.1406,8.15,44.4264,26.1406
2022-09-27 14:00:00,2022-09-27 15:00:00,11.84,44.4264,26.1406,8.15,44.4264,26.1406,9.01,44.4264,26.1406
2022-09-27 15:00:00,2022-09-27 16:00:00,12.65,44.4264,26.1406,7.06,44.4264,26.1406,12.11,44.4264,26.1406
2022-09-27 16:00:00,2022-09-27 17:00:00,14.13,44.4264,26.1406,8.38,44.4264,26.1406,13.76,44.4264,26.1406
2022-09-27 17:00:00,2022-09-27 18:00:00,15.76,44.4264,26.1406,9.16,44.4264,26.1406,17.74,44.4264,26.1406
2022-09-27 18:00:00,2022-09-27 19:00:00,13.32,44.4264,26.1406,5.88,44.4264,26.1406,47.64,44.4264,26.1406
2022-09-27 19:00:00,2022-09-27 20:00:00,18.62,44.4264,26.1406,8.78,44.4264,26.1406,52.5,44.4264,26.1406
2022-09-27 20:00:00,2022-09-27 21:00:00,26.63,44.4264,26.1406,15.71,44.4264,26.1406,57.33,44.4264,26.1406
2022-09-27 21:00:00,2022-09-27 22:00:00,24.87,44.4264,26.1406,11.73,44.4264,26.1406,21.72,44.4264,26.1406
2022-09-27 22:00:00,2022-09-27 23:00:00,8.86,44.4264,26.1406,3.54,44.4264,26.1406,23.42,44.4264,26.1406
2022-09-27 23:00:00,2022-09-28 00:00:00,14.03,44.4264,26.1406,9.82,44.4264,26.1406,10.24,44.4264,26.1406
2022-09-28 00:00:00,2022-09-28 01:00:00,8.11,44.4264,26.1406,5.44,44.4264,26.1406,7.86,44.4264,26.1406
2022-09-28 01:00:00,2022-09-28 02:00:00,6.69,44.4264,26.1406,2.23,44.4264,26.1406,10.57,44.4264,26.1406
2022-09-28 02:00:00,2022-09-28 03:00:00,5.74,44.4264,26.1406,1.73,44.4264,26.1406,12.89,44.4264,26.1406
2022-09-28 03:00:00,2022-09-28 04:00:00,9.85,44.4264,26.1406,5.96,44.4264,26.1406,10.56,44.4264,26.1406
2022-09-28 04:00:00,2022-09-28 05:00:00,9.03,44.4264,26.1406,5.33,44.4264,26.1406,,44.4264,26.1406
2022-09-28 05:00:00,2022-09-28 06:00:00,12.25,44.4264,26.1406,8.04,44.4264,26.1406,17.68,44.4264,26.1406
2022-09-28 06:00:00,2022-09-28 07:00:00,9.47,44.4264,26.1406,5.27,44.4264,26.1406,27.29,44.4264,26.1406
2022-09-28 07:00:00,2022-09-28 08:00:00,15.73,44.4264,26.1406,9.94,44.4264,26.1406,24.63,44.4264,26.1406
2022-09-28 08:00:00,2022-09-28 09:00:00,18.24,44.4264,26.1406,13.08,44.4264,26.1406,17.6,44.4264,26.1406
2022-09-28 09:00:00,2022-09-28 10:00:00,14.6,44.4264,26.1406,10.32,44.4264,26.1406,13.93,44.4264,26.1406
2022-09-28 10:00:00,2022-09-28 11:00:00,7.27,44.4264,26.1406,2.17,44.4264,26.1406,10.52,44.4264,26.1406
2022-09-28 11:00:00,2022-09-28 12:00:00,10.1,44.4264,26.1406,4.49,44.4264,26.1406,9.01,44.4264,26.1406
2022-09-28 12:00:00,2022-09-28 13:00:00,8.34,44.4264,26.1406,2.68,44.4264,26.1406,8.56,44.4264,26.1406
2022-09-28 13:00:00,2022-09-28 14:00:00,8.84,44.4264,26.1406,2.54,44.4264,26.1406,8.25,44.4264,26.1406
2022-09-28 14:00:00,2022-09-28 15:00:00,9.0,44.4264,26.1406,4.05,44.4264,26.1406,7.62,44.4264,26.1406
2022-09-28 15:00:00,2022-09-28 16:00:00,10.28,44.4264,26.1406,5.73,44.4264,26.1406,8.33,44.4264,26.1406
2022-09-28 16:00:00,2022-09-28 17:00:00,11.11,44.4264,26.1406,6.27,44.4264,26.1406,9.99,44.4264,26.1406
2022-09-28 17:00:00,2022-09-28 18:00:00,14.75,44.4264,26.1406,8.12,44.4264,26.1406,15.24,44.4264,26.1406
2022-09-28 18:00:00,2022-09-28 19:00:00,14.2,44.4264,26.1406,6.85,44.4264,26.1406,37.12,44.4264,26.1406
2022-09-28 19:00:00,2022-09-28 20:00:00,14.76,44.4264,26.1406,4.34,44.4264,26.1406,49.75,44.4264,26.1406
2022-09-28 20:00:00,2022-09-28 21:00:00,22.83,44.4264,26.1406,8.74,44.4264,26.1406,62.09,44.4264,26.1406
2022-09-28 21:00:00,2022-09-28 22:00:00,26.39,44.4264,26.1406,10.61,44.4264,26.1406,70.55,44.4264,26.1406
2022-09-28 22:00:00,2022-09-28 23:00:00,34.77,44.4264,26.1406,14.79,44.4264,26.1406,83.34,44.4264,26.1406
2022-09-28 23:00:00,2022-09-29 00:00:00,39.07,44.4264,26.1406,18.41,44.4264,26.1406,75.03,44.4264,26.1406
2022-09-29 00:00:00,2022-09-29 01:00:00,32.44,44.4264,26.1406,16.88,44.4264,26.1406,59.83,44.4264,26.1406
2022-09-29 01:00:00,2022-09-29 02:00:00,30.24,44.4264,26.1406,16.27,44.4264,26.1406,60.67,44.4264,26.1406
2022-09-29 02:00:00,2022-09-29 03:00:00,25.49,44.4264,26.1406,13.44,44.4264,26.1406,53.81,44.4264,26.1406
2022-09-29 03:00:00,2022-09-29 04:00:00,25.25,44.4264,26.1406,14.51,44.4264,26.1406,60.09,44.4264,26.1406
2022-09-29 04:00:00,2022-09-29 05:00:00,23.33,44.4264,26.1406,14.36,44.4264,26.1406,36.93,44.4264,26.1406
2022-09-29 05:00:00,2022-09-29 06:00:00,16.99,44.4264,26.1406,9.9,44.4264,26.1406,,44.4264,26.1406
2022-09-29 06:00:00,2022-09-29 07:00:00,17.29,44.4264,26.1406,10.58,44.4264,26.1406,34.28,44.4264,26.1406
2022-09-29 07:00:00,2022-09-29 08:00:00,23.03,44.4264,26.1406,13.51,44.4264,26.1406,38.97,44.4264,26.1406
2022-09-29 08:00:00,2022-09-29 09:00:00,25.72,44.4264,26.1406,14.22,44.4264,26.1406,41.06,44.4264,26.1406
2022-09-29 09:00:00,2022-09-29 10:00:00,28.22,44.4264,26.1406,14.74,44.4264,26.1406,45.49,44.4264,26.1406
2022-09-29 10:00:00,2022-09-29 11:00:00,26.66,44.4264,26.1406,12.69,44.4264,26.1406,45.51,44.4264,26.1406
2022-09-29 11:00:00,2022-09-29 12:00:00,26.41,44.4264,26.1406,12.95,44.4264,26.1406,42.03,44.4264,26.1406
2022-09-29 12:00:00,2022-09-29 13:00:00,24.95,44.4264,26.1406,9.66,44.4264,26.1406,39.26,44.4264,26.1406
2022-09-29 13:00:00,2022-09-29 14:00:00,25.52,44.4264,26.1406,9.39,44.4264,26.1406,22.52,44.4264,26.1406
2022-09-29 14:00:00,2022-09-29 15:00:00,22.96,44.4264,26.1406,9.94,44.4264,26.1406,13.25,44.4264,26.1406
2022-09-29 15:00:00,2022-09-29 16:00:00,15.33,44.4264,26.1406,5.43,44.4264,26.1406,8.33,44.4264,26.1406
2022-09-29 16:00:00,2022-09-29 17:00:00,15.61,44.4264,26.1406,6.29,44.4264,26.1406,11.42,44.4264,26.1406
2022-09-29 17:00:00,2022-09-29 18:00:00,19.0,44.4264,26.1406,7.39,44.4264,26.1406,17.23,44.4264,26.1406
2022-09-29 18:00:00,2022-09-29 19:00:00,19.15,44.4264,26.1406,6.26,44.4264,26.1406,13.0,44.4264,26.1406
2022-09-29 19:00:00,2022-09-29 20:00:00,21.26,44.4264,26.1406,10.19,44.4264,26.1406,17.93,44.4264,26.1406
2022-09-29 20:00:00,2022-09-29 21:00:00,22.55,44.4264,26.1406,11.85,44.4264,26.1406,26.39,44.4264,26.1406
2022-09-29 21:00:00,2022-09-29 22:00:00,21.14,44.4264,26.1406,11.08,44.4264,26.1406,34.88,44.4264,26.1406
2022-09-29 22:00:00,2022-09-29 23:00:00,15.65,44.4264,26.1406,7.29,44.4264,26.1406,19.96,44.4264,26.1406
2022-09-29 23:00:00,2022-09-30 00:00:00,14.53,44.4264,26.1406,8.27,44.4264,26.1406,21.71,44.4264,26.1406
2022-09-30 00:00:00,2022-09-30 01:00:00,14.69,44.4264,26.1406,9.28,44.4264,26.1406,44.12,44.4264,26.1406
2022-09-30 01:00:00,2022-09-30 02:00:00,19.41,44.4264,26.1406,11.82,44.4264,26.1406,44.75,44.4264,26.1406
2022-09-30 02:00:00,2022-09-30 03:00:00,19.8,44.4264,26.1406,12.58,44.4264,26.1406,35.99,44.4264,26.1406
2022-09-30 03:00:00,2022-09-30 04:00:00,17.71,44.4264,26.1406,11.28,44.4264,26.1406,29.37,44.4264,26.1406
2022-09-30 04:00:00,2022-09-30 05:00:00,17.48,44.4264,26.1406,10.71,44.4264,26.1406,37.08,44.4264,26.1406
2022-09-30 05:00:00,2022-09-30 06:00:00,17.66,44.4264,26.1406,10.73,44.4264,26.1406,39.76,44.4264,26.1406
2022-09-30 06:00:00,2022-09-30 07:00:00,20.63,44.4264,26.1406,11.98,44.4264,26.1406,,44.4264,26.1406
2022-09-30 07:00:00,2022-09-30 08:00:00,21.42,44.4264,26.1406,12.38,44.4264,26.1406,34.58,44.4264,26.1406
2022-09-30 08:00:00,2022-09-30 09:00:00,34.84,44.4264,26.1406,13.49,44.4264,26.1406,36.74,44.4264,26.1406
2022-09-30 09:00:00,2022-09-30 10:00:00,36.66,44.4264,26.1406,11.86,44.4264,26.1406,32.53,44.4264,26.1406
2022-09-30 10:00:00,2022-09-30 11:00:00,25.47,44.4264,26.1406,9.32,44.4264,26.1406,19.98,44.4264,26.1406
2022-09-30 11:00:00,2022-09-30 12:00:00,19.39,44.4264,26.1406,6.79,44.4264,26.1406,20.16,44.4264,26.1406
2022-09-30 12:00:00,2022-09-30 13:00:00,15.78,44.4264,26.1406,4.94,44.4264,26.1406,9.06,44.4264,26.1406
2022-09-30 13:00:00,2022-09-30 14:00:00,14.97,44.4264,26.1406,7.61,44.4264,26.1406,7.41,44.4264,26.1406
2022-09-30 14:00:00,2022-09-30 15:00:00,17.0,44.4264,26.1406,8.54,44.4264,26.1406,6.33,44.4264,26.1406
2022-09-30 15:00:00,2022-09-30 16:00:00,13.28,44.4264,26.1406,4.54,44.4264,26.1406,7.37,44.4264,26.1406
2022-09-30 16:00:00,2022-09-30 17:00:00,15.84,44.4264,26.1406,7.71,44.4264,26.1406,7.22,44.4264,26.1406
2022-09-30 17:00:00,2022-09-30 18:00:00,17.77,44.4264,26.1406,8.61,44.4264,26.1406,12.02,44.4264,26.1406
2022-09-30 18:00:00,2022-09-30 19:00:00,19.76,44.4264,26.1406,9.65,44.4264,26.1406,13.28,44.4264,26.1406
2022-09-30 19:00:00,2022-09-30 20:00:00,18.98,44.4264,26.1406,7.27,44.4264,26.1406,24.02,44.4264,26.1406
2022-09-30 20:00:00,2022-09-30 21:00:00,23.51,44.4264,26.1406,12.29,44.4264,26.1406,25.84,44.4264,26.1406
2022-09-30 21:00:00,2022-09-30 22:00:00,25.59,44.4264,26.1406,14.24,44.4264,26.1406,29.96,44.4264,26.1406
2022-09-30 22:00:00,2022-09-30 23:00:00,16.98,44.4264,26.1406,9.13,44.4264,26.1406,20.44,44.4264,26.1406
2022-09-30 23:00:00,2022-10-01 00:00:00,20.49,44.4264,26.1406,11.89,44.4264,26.1406,26.22,44.4264,26.1406
2022-10-01 00:00:00,2022-10-01 01:00:00,23.6,44.4264,26.1406,14.5,44.4264,26.1406,36.82,44.4264,26.1406
2022-10-01 01:00:00,2022-10-01 02:00:00,24.16,44.4264,26.1406,14.74,44.4264,26.1406,44.3,44.4264,26.1406
2022-10-01 02:00:00,2022-10-01 03:00:00,22.59,44.4264,26.1406,11.74,44.4264,26.1406,48.39,44.4264,26.1406
2022-10-01 03:00:00,2022-10-01 04:00:00,20.34,44.4264,26.1406,10.92,44.4264,26.1406,39.31,44.4264,26.1406
2022-10-01 04:00:00,2022-10-01 05:00:00,23.22,44.4264,26.1406,14.0,44.4264,26.1406,36.88,44.4264,26.1406
2022-10-01 05:00:00,2022-10-01 06:00:00,23.77,44.4264,26.1406,15.26,44.4264,26.1406,28.44,44.4264,26.1406
2022-10-01 06:00:00,2022-10-01 07:00:00,23.74,44.4264,26.1406,15.43,44.4264,26.1406,28.26,44.4264,26.1406
2022-10-01 07:00:00,2022-10-01 08:00:00,27.8,44.4264,26.1406,17.23,44.4264,26.1406,,44.4264,26.1406
2022-10-01 08:00:00,2022-10-01 09:00:00,29.34,44.4264,26.1406,17.17,44.4264,26.1406,33.91,44.4264,26.1406
2022-10-01 09:00:00,2022-10-01 10:00:00,25.27,44.4264,26.1406,13.12,44.4264,26.1406,30.04,44.4264,26.1406
2022-10-01 10:00:00,2022-10-01 11:00:00,23.4,44.4264,26.1406,12.64,44.4264,26.1406,33.85,44.4264,26.1406
2022-10-01 11:00:00,2022-10-01 12:00:00,26.67,44.4264,26.1406,13.74,44.4264,26.1406,42.96,44.4264,26.1406
2022-10-01 12:00:00,2022-10-01 13:00:00,36.72,44.4264,26.1406,11.99,44.4264,26.1406,26.6,44.4264,26.1406
2022-10-01 13:00:00,2022-10-01 14:00:00,31.03,44.4264,26.1406,10.16,44.4264,26.1406,13.83,44.4264,26.1406
2022-10-01 14:00:00,2022-10-01 15:00:00,20.99,44.4264,26.1406,10.21,44.4264,26.1406,12.05,44.4264,26.1406
2022-10-01 15:00:00,2022-10-01 16:00:00,21.33,44.4264,26.1406,11.54,44.4264,26.1406,9.64,44.4264,26.1406
2022-10-01 16:00:00,2022-10-01 17:00:00,21.23,44.4264,26.1406,11.17,44.4264,26.1406,13.45,44.4264,26.1406
2022-10-01 17:00:00,2022-10-01 18:00:00,18.7,44.4264,26.1406,7.61,44.4264,26.1406,22.32,44.4264,26.1406
2022-10-01 18:00:00,2022-10-01 19:00:00,26.22,44.4264,26.1406,12.28,44.4264,26.1406,27.87,44.4264,26.1406
2022-10-01 19:00:00,2022-10-01 20:00:00,27.79,44.4264,26.1406,12.88,44.4264,26.1406,21.04,44.4264,26.1406
2022-10-01 20:00:00,2022-10-01 21:00:00,24.72,44.4264,26.1406,10.37,44.4264,26.1406,16.17,44.4264,26.1406
2022-10-01 21:00:00,2022-10-01 22:00:00,20.13,44.4264,26.1406,9.93,44.4264,26.1406,14.62,44.4264,26.1406
2022-10-01 22:00:00,2022-10-01 23:00:00,18.68,44.4264,26.1406,10.42,44.4264,26.1406,8.5,44.4264,26.1406
2022-10-01 23:00:00,2022-10-02 00:00:00,17.44,44.4264,26.1406,9.99,44.4264,26.1406,6.69,44.4264,26.1406
2022-10-02 00:00:00,2022-10-02 01:00:00,11.89,44.4264,26.1406,4.94,44.4264,26.1406,7.79,44.4264,26.1406
2022-10-02 01:00:00,2022-10-02 02:00:00,15.54,44.4264,26.1406,9.31,44.4264,26.1406,8.32,44.4264,26.1406
2022-10-02 02:00:00,2022-10-02 03:00:00,11.1,44.4264,26.1406,4.84,44.4264,26.1406,5.93,44.4264,26.1406
2022-10-02 03:00:00,2022-10-02 04:00:00,13.42,44.4264,26.1406,8.52,44.4264,26.1406,6.45,44.4264,26.1406
2022-10-02 04:00:00,2022-10-02 05:00:00,10.33,44.4264,26.1406,4.61,44.4264,26.1406,7.3,44.4264,26.1406
2022-10-02 05:00:00,2022-10-02 06:00:00,8.91,44.4264,26.1406,3.03,44.4264,26.1406,7.85,44.4264,26.1406
2022-10-02 06:00:00,2022-10-02 07:00:00,13.09,44.4264,26.1406,7.81,44.4264,26.1406,8.42,44.4264,26.1406
2022-10-02 07:00:00,2022-10-02 08:00:00,16.35,44.4264,26.1406,11.1,44.4264,26.1406,7.49,44.4264,26.1406
2022-10-02 08:00:00,2022-10-02 09:00:00,14.3,44.4264,26.1406,7.92,44.4264,26.1406,,44.4264,26.1406
2022-10-02 09:00:00,2022-10-02 10:00:00,15.09,44.4264,26.1406,8.8,44.4264,26.1406,6.95,44.4264,26.1406
2022-10-02 10:00:00,2022-10-02 11:00:00,11.92,44.4264,26.1406,3.69,44.4264,26.1406,4.35,44.4264,26.1406
2022-10-02 11:00:00,2022-10-02 12:00:00,12.08,44.4264,26.1406,3.46,44.4264,26.1406,4.07,44.4264,26.1406
2022-10-02 12:00:00,2022-10-02 13:00:00,4.61,44.4264,26.1406,,,,4.23,44.4264,26.1406
2022-10-02 13:00:00,2022-10-02 14:00:00,6.55,44.4264,26.1406,2.46,44.4264,26.1406,4.17,44.4264,26.1406
2022-10-02 14:00:00,2022-10-02 15:00:00,5.17,44.4264,26.1406,0.71,44.4264,26.1406,4.18,44.4264,26.1406
2022-10-02 15:00:00,2022-10-02 16:00:00,6.88,44.4264,26.1406,2.11,44.4264,26.1406,4.22,44.4264,26.1406
2022-10-02 16:00:00,2022-10-02 17:00:00,6.92,44.4264,26.1406,2.9,44.4264,26.1406,4.67,44.4264,26.1406
2022-10-02 17:00:00,2022-10-02 18:00:00,2.06,44.4264,26.1406,1.97,44.4264,26.1406,5.26,44.4264,26.1406
2022-10-02 18:00:00,2022-10-02 19:00:00,5.96,44.4264,26.1406,1.59,44.4264,26.1406,6.97,44.4264,26.1406
2022-10-02 19:00:00,2022-10-02 20:00:00,5.38,44.4264,26.1406,0.68,44.4264,26.1406,6.04,44.4264,26.1406
2022-10-02 20:00:00,2022-10-02 21:00:00,9.46,44.4264,26.1406,5.04,44.4264,26.1406,11.39,44.4264,26.1406
2022-10-02 21:00:00,2022-10-02 22:00:00,9.87,44.4264,26.1406,5.5,44.4264,26.1406,17.14,44.4264,26.1406
2022-10-02 22:00:00,2022-10-02 23:00:00,10.39,44.4264,26.1406,5.52,44.4264,26.1406,13.38,44.4264,26.1406
2022-10-02 23:00:00,2022-10-03 00:00:00,8.48,44.4264,26.1406,4.51,44.4264,26.1406,12.61,44.4264,26.1406
2022-10-03 00:00:00,2022-10-03 01:00:00,9.05,44.4264,26.1406,4.45,44.4264,26.1406,11.61,44.4264,26.1406
2022-10-03 01:00:00,2022-10-03 02:00:00,8.46,44.4264,26.1406,4.62,44.4264,26.1406,15.63,44.4264,26.1406
2022-10-03 02:00:00,2022-10-03 03:00:00,7.51,44.4264,26.1406,4.6,44.4264,26.1406,10.23,44.4264,26.1406
2022-10-03 03:00:00,2022-10-03 04:00:00,6.58,44.4264,26.1406,4.0,44.4264,26.1406,10.08,44.4264,26.1406
2022-10-03 04:00:00,2022-10-03 05:00:00,6.65,44.4264,26.1406,3.44,44.4264,26.1406,25.6,44.4264,26.1406
2022-10-03 05:00:00,2022-10-03 06:00:00,9.65,44.4264,26.1406,4.66,44.4264,26.1406,27.72,44.4264,26.1406
2022-10-03 06:00:00,2022-10-03 07:00:00,13.61,44.4264,26.1406,7.93,44.4264,26.1406,31.19,44.4264,26.1406
2022-10-03 07:00:00,2022-10-03 08:00:00,13.39,44.4264,26.1406,6.34,44.4264,26.1406,31.28,44.4264,26.1406
2022-10-03 08:00:00,2022-10-03 09:00:00,19.44,44.4264,26.1406,7.97,44.4264,26.1406,35.71,44.4264,26.1406
2022-10-03 09:00:00,2022-10-03 10:00:00,16.88,44.4264,26.1406,6.33,44.4264,26.1406,,44.4264,26.1406
2022-10-03 10:00:00,2022-10-03 11:00:00,14.18,44.4264,26.1406,5.8,44.4264,26.1406,14.89,44.4264,26.1406
2022-10-03 11:00:00,2022-10-03 12:00:00,10.72,44.4264,26.1406,5.09,44.4264,26.1406,9.28,44.4264,26.1406
2022-10-03 12:00:00,2022-10-03 13:00:00,8.21,44.4264,26.1406,3.95,44.4264,26.1406,8.82,44.4264,26.1406
2022-10-03 13:00:00,2022-10-03 14:00:00,7.63,44.4264,26.1406,2.96,44.4264,26.1406,7.99,44.4264,26.1406
2022-10-03 14:00:00,2022-10-03 15:00:00,8.89,44.4264,26.1406,3.59,44.4264,26.1406,9.71,44.4264,26.1406
2022-10-03 15:00:00,2022-10-03 16:00:00,11.31,44.4264,26.1406,4.3,44.4264,26.1406,22.23,44.4264,26.1406
2022-10-03 16:00:00,2022-10-03 17:00:00,9.22,44.4264,26.1406,5.61,44.4264,26.1406,16.0,44.4264,26.1406
2022-10-03 17:00:00,2022-10-03 18:00:00,4.46,44.4264,26.1406,1.24,44.4264,26.1406,26.89,44.4264,26.1406
2022-10-03 18:00:00,2022-10-03 19:00:00,15.72,44.4264,26.1406,6.23,44.4264,26.1406,56.33,44.4264,26.1406
2022-10-03 19:00:00,2022-10-03 20:00:00,20.74,44.4264,26.1406,8.06,44.4264,26.1406,45.87,44.4264,26.1406
2022-10-03 20:00:00,2022-10-03 21:00:00,16.69,44.4264,26.1406,7.54,44.4264,26.1406,40.28,44.4264,26.1406
2022-10-03 21:00:00,2022-10-03 22:00:00,15.57,44.4264,26.1406,7.57,44.4264,26.1406,31.93,44.4264,26.1406
2022-10-03 22:00:00,2022-10-03 23:00:00,21.6,44.4264,26.1406,11.89,44.4264,26.1406,37.89,44.4264,26.1406
2022-10-03 23:00:00,2022-10-04 00:00:00,18.79,44.4264,26.1406,8.51,44.4264,26.1406,36.08,44.4264,26.1406
2022-10-04 00:00:00,2022-10-04 01:00:00,17.03,44.4264,26.1406,9.55,44.4264,26.1406,14.67,44.4264,26.1406
2022-10-04 01:00:00,2022-10-04 02:00:00,13.33,44.4264,26.1406,9.03,44.4264,26.1406,13.18,44.4264,26.1406
2022-10-04 02:00:00,2022-10-04 03:00:00,10.91,44.4264,26.1406,6.5,44.4264,26.1406,22.46,44.4264,26.1406
2022-10-04 03:00:00,2022-10-04 04:00:00,8.25,44.4264,26.1406,4.22,44.4264,26.1406,15.25,44.4264,26.1406
2022-10-04 04:00:00,2022-10-04 05:00:00,5.65,44.4264,26.1406,2.57,44.4264,26.1406,11.34,44.4264,26.1406
2022-10-04 05:00:00,2022-10-04 06:00:00,6.14,44.4264,26.1406,3.66,44.4264,26.1406,25.65,44.4264,26.1406
2022-10-04 06:00:00,2022-10-04 07:00:00,12.51,44.4264,26.1406,5.87,44.4264,26.1406,39.41,44.4264,26.1406
2022-10-04 07:00:00,2022-10-04 08:00:00,18.09,44.4264,26.1406,6.77,44.4264,26.1406,32.71,44.4264,26.1406
2022-10-04 08:00:00,2022-10-04 09:00:00,19.95,44.4264,26.1406,5.67,44.4264,26.1406,21.68,44.4264,26.1406
2022-10-04 09:00:00,2022-10-04 10:00:00,21.07,44.4264,26.1406,8.01,44.4264,26.1406,27.74,44.4264,26.1406
2022-10-04 10:00:00,2022-10-04 11:00:00,16.73,44.4264,26.1406,6.57,44.4264,26.1406,,44.4264,26.1406
2022-10-04 11:00:00,2022-10-04 12:00:00,15.0,44.4264,26.1406,6.45,44.4264,26.1406,21.39,44.4264,26.1406
2022-10-04 12:00:00,2022-10-04 13:00:00,13.03,44.4264,26.1406,7.3,44.4264,26.1406,13.08,44.4264,26.1406
2022-10-04 13:00:00,2022-10-04 14:00:00,9.48,44.4264,26.1406,5.4,44.4264,26.1406,17.85,44.4264,26.1406
2022-10-04 14:00:00,2022-10-04 15:00:00,9.57,44.4264,26.1406,2.83,44.4264,26.1406,15.33,44.4264,26.1406
2022-10-04 15:00:00,2022-10-04 16:00:00,10.69,44.4264,26.1406,4.73,44.4264,26.1406,10.09,44.4264,26.1406
2022-10-04 16:00:00,2022-10-04 17:00:00,9.38,44.4264,26.1406,4.43,44.4264,26.1406,8.05,44.4264,26.1406
2022-10-04 17:00:00,2022-10-04 18:00:00,6.91,44.4264,26.1406,2.12,44.4264,26.1406,18.68,44.4264,26.1406
2022-10-04 18:00:00,2022-10-04 19:00:00,11.52,44.4264,26.1406,4.18,44.4264,26.1406,39.79,44.4264,26.1406
2022-10-04 19:00:00,2022-10-04 20:00:00,16.72,44.4264,26.1406,4.98,44.4264,26.1406,74.64,44.4264,26.1406
2022-10-04 20:00:00,2022-10-04 21:00:00,36.48,44.4264,26.1406,14.68,44.4264,26.1406,72.81,44.4264,26.1406
2022-10-04 21:00:00,2022-10-04 22:00:00,29.09,44.4264,26.1406,12.94,44.4264,26.1406,54.48,44.4264,26.1406
2022-10-04 22:00:00,2022-10-04 23:00:00,11.91,44.4264,26.1406,4.99,44.4264,26.1406,30.96,44.4264,26.1406
2022-10-04 23:00:00,2022-10-05 00:00:00,9.7,44.4264,26.1406,4.24,44.4264,26.1406,23.56,44.4264,26.1406
2022-10-05 00:00:00,2022-10-05 01:00:00,8.16,44.4264,26.1406,4.23,44.4264,26.1406,15.1,44.4264,26.1406
2022-10-05 01:00:00,2022-10-05 02:00:00,5.52,44.4264,26.1406,3.06,44.4264,26.1406,19.16,44.4264,26.1406
2022-10-05 02:00:00,2022-10-05 03:00:00,7.75,44.4264,26.1406,4.13,44.4264,26.1406,38.25,44.4264,26.1406
2022-10-05 03:00:00,2022-10-05 04:00:00,11.42,44.4264,26.1406,6.63,44.4264,26.1406,29.82,44.4264,26.1406
2022-10-05 04:00:00,2022-10-05 05:00:00,15.37,44.4264,26.1406,10.52,44.4264,26.1406,26.46,44.4264,26.1406
2022-10-05 05:00:00,2022-10-05 06:00:00,16.65,44.4264,26.1406,11.03,44.4264,26.1406,23.13,44.4264,26.1406
2022-10-05 06:00:00,2022-10-05 07:00:00,18.19,44.4264,26.1406,12.23,44.4264,26.1406,32.07,44.4264,26.1406
2022-10-05 07:00:00,2022-10-05 08:00:00,19.87,44.4264,26.1406,11.45,44.4264,26.1406,35.9,44.4264,26.1406
2022-10-05 08:00:00,2022-10-05 09:00:00,32.8,44.4264,26.1406,16.0,44.4264,26.1406,36.28,44.4264,26.1406
2022-10-05 09:00:00,2022-10-05 10:00:00,32.51,44.4264,26.1406,17.27,44.4264,26.1406,38.98,44.4264,26.1406
2022-10-05 10:00:00,2022-10-05 11:00:00,17.56,44.4264,26.1406,8.38,44.4264,26.1406,23.1,44.4264,26.1406
2022-10-05 11:00:00,2022-10-05 12:00:00,15.06,44.4264,26.1406,6.3,44.4264,26.1406,,44.4264,26.1406
2022-10-05 12:00:00,2022-10-05 13:00:00,12.1,44.4264,26.1406,5.56,44.4264,26.1406,12.24,44.4264,26.1406
2022-10-05 13:00:00,2022-10-05 14:00:00,12.44,44.4264,26.1406,6.57,44.4264,26.1406,10.22,44.4264,26.1406
2022-10-05 14:00:00,2022-10-05 15:00:00,10.47,44.4264,26.1406,4.54,44.4264,26.1406,16.08,44.4264,26.1406
2022-10-05 15:00:00,2022-10-05 16:00:00,15.39,44.4264,26.1406,5.96,44.4264,26.1406,11.28,44.4264,26.1406
2022-10-05 16:00:00,2022-10-05 17:00:00,15.03,44.4264,26.1406,7.96,44.4264,26.1406,9.46,44.4264,26.1406
2022-10-05 17:00:00,2022-10-05 18:00:00,14.92,44.4264,26.1406,8.56,44.4264,26.1406,16.81,44.4264,26.1406
2022-10-05 18:00:00,2022-10-05 19:00:00,17.16,44.4264,26.1406,8.28,44.4264,26.1406,44.95,44.4264,26.1406
2022-10-05 19:00:00,2022-10-05 20:00:00,26.32,44.4264,26.1406,11.84,44.4264,26.1406,70.48,44.4264,26.1406
2022-10-05 20:00:00,2022-10-05 21:00:00,31.4,44.4264,26.1406,13.39,44.4264,26.1406,53.56,44.4264,26.1406
2022-10-05 21:00:00,2022-10-05 22:00:00,24.46,44.4264,26.1406,12.83,44.4264,26.1406,39.16,44.4264,26.1406
2022-10-05 22:00:00,2022-10-05 23:00:00,21.28,44.4264,26.1406,12.86,44.4264,26.1406,26.39,44.4264,26.1406
2022-10-05 23:00:00,2022-10-06 00:00:00,19.38,44.4264,26.1406,12.7,44.4264,26.1406,36.43,44.4264,26.1406
2022-10-06 00:00:00,2022-10-06 01:00:00,15.69,44.4264,26.1406,10.02,44.4264,26.1406,22.31,44.4264,26.1406
2022-10-06 01:00:00,2022-10-06 02:00:00,18.1,44.4264,26.1406,11.25,44.4264,26.1406,30.56,44.4264,26.1406
2022-10-06 02:00:00,2022-10-06 03:00:00,18.74,44.4264,26.1406,12.96,44.4264,26.1406,29.62,44.4264,26.1406
2022-10-06 03:00:00,2022-10-06 04:00:00,18.09,44.4264,26.1406,12.59,44.4264,26.1406,25.77,44.4264,26.1406
2022-10-06 04:00:00,2022-10-06 05:00:00,18.2,44.4264,26.1406,12.68,44.4264,26.1406,40.45,44.4264,26.1406
2022-10-06 05:00:00,2022-10-06 06:00:00,18.9,44.4264,26.1406,12.93,44.4264,26.1406,48.56,44.4264,26.1406
2022-10-06 06:00:00,2022-10-06 07:00:00,25.89,44.4264,26.1406,16.59,44.4264,26.1406,43.39,44.4264,26.1406
2022-10-06 07:00:00,2022-10-06 08:00:00,33.04,44.4264,26.1406,19.54,44.4264,26.1406,36.15,44.4264,26.1406
2022-10-06 08:00:00,2022-10-06 09:00:00,36.19,44.4264,26.1406,20.89,44.4264,26.1406,36.33,44.4264,26.1406
2022-10-06 09:00:00,2022-10-06 10:00:00,33.81,44.4264,26.1406,17.58,44.4264,26.1406,24.28,44.4264,26.1406
2022-10-06 10:00:00,2022-10-06 11:00:00,24.82,44.4264,26.1406,12.46,44.4264,26.1406,14.12,44.4264,26.1406
2022-10-06 11:00:00,2022-10-06 12:00:00,19.31,44.4264,26.1406,8.87,44.4264,26.1406,10.61,44.4264,26.1406
2022-10-06 12:00:00,2022-10-06 13:00:00,18.04,44.4264,26.1406,10.1,44.4264,26.1406,,44.4264,26.1406
2022-10-06 13:00:00,2022-10-06 14:00:00,14.4,44.4264,26.1406,7.26,44.4264,26.1406,8.15,44.4264,26.1406
2022-10-06 14:00:00,2022-10-06 15:00:00,16.45,44.4264,26.1406,8.56,44.4264,26.1406,8.62,44.4264,26.1406
2022-10-06 15:00:00,2022-10-06 16:00:00,14.53,44.4264,26.1406,7.05,44.4264,26.1406,9.33,44.4264,26.1406
2022-10-06 16:00:00,2022-10-06 17:00:00,13.86,44.4264,26.1406,6.27,44.4264,26.1406,13.88,44.4264,26.1406
2022-10-06 17:00:00,2022-10-06 18:00:00,17.34,44.4264,26.1406,6.79,44.4264,26.1406,25.17,44.4264,26.1406
2022-10-06 18:00:00,2022-10-06 19:00:00,21.97,44.4264,26.1406,7.95,44.4264,26.1406,46.23,44.4264,26.1406
2022-10-06 19:00:00,2022-10-06 20:00:00,28.32,44.4264,26.1406,11.93,44.4264,26.1406,65.77,44.4264,26.1406
2022-10-06 20:00:00,2022-10-06 21:00:00,31.21,44.4264,26.1406,12.45,44.4264,26.1406,85.76,44.4264,26.1406
2022-10-06 21:00:00,2022-10-06 22:00:00,49.45,44.4264,26.1406,22.03,44.4264,26.1406,77.48,44.4264,26.1406
2022-10-06 22:00:00,2022-10-06 23:00:00,41.65,44.4264,26.1406,23.16,44.4264,26.1406,62.24,44.4264,26.1406
2022-10-06 23:00:00,2022-10-07 00:00:00,37.79,44.4264,26.1406,20.24,44.4264,26.1406,54.74,44.4264,26.1406
2022-10-07 00:00:00,2022-10-07 01:00:00,35.39,44.4264,26.1406,21.07,44.4264,26.1406,37.25,44.4264,26.1406
2022-10-07 01:00:00,2022-10-07 02:00:00,31.06,44.4264,26.1406,19.19,44.4264,26.1406,33.28,44.4264,26.1406
2022-10-07 02:00:00,2022-10-07 03:00:00,29.51,44.4264,26.1406,18.38,44.4264,26.1406,25.78,44.4264,26.1406
2022-10-07 03:00:00,2022-10-07 04:00:00,25.54,44.4264,26.1406,14.98,44.4264,26.1406,27.7,44.4264,26.1406
2022-10-07 04:00:00,2022-10-07 05:00:00,23.98,44.4264,26.1406,14.85,44.4264,26.1406,33.29,44.4264,26.1406
2022-10-07 05:00:00,2022-10-07 06:00:00,21.03,44.4264,26.1406,14.34,44.4264,26.1406,39.81,44.4264,26.1406
2022-10-07 06:00:00,2022-10-07 07:00:00,22.89,44.4264,26.1406,13.16,44.4264,26.1406,41.85,44.4264,26.1406
2022-10-07 07:00:00,2022-10-07 08:00:00,24.37,44.4264,26.1406,12.8,44.4264,26.1406,42.89,44.4264,26.1406
2022-10-07 08:00:00,2022-10-07 09:00:00,25.08,44.4264,26.1406,12.43,44.4264,26.1406,44.55,44.4264,26.1406
2022-10-07 09:00:00,2022-10-07 10:00:00,30.89,44.4264,26.1406,16.37,44.4264,26.1406,36.23,44.4264,26.1406
2022-10-07 10:00:00,2022-10-07 11:00:00,25.58,44.4264,26.1406,13.3,44.4264,26.1406,16.26,44.4264,26.1406
2022-10-07 11:00:00,2022-10-07 12:00:00,23.95,44.4264,26.1406,10.24,44.4264,26.1406,11.53,44.4264,26.1406
2022-10-07 12:00:00,2022-10-07 13:00:00,24.65,44.4264,26.1406,8.82,44.4264,26.1406,12.76,44.4264,26.1406
2022-10-07 13:00:00,2022-10-07 14:00:00,22.22,44.4264,26.1406,7.17,44.4264,26.1406,,44.4264,26.1406
2022-10-07 14:00:00,2022-10-07 15:00:00,23.62,44.4264,26.1406,8.98,44.4264,26.1406,13.42,44.4264,26.1406
2022-10-07 15:00:00,2022-10-07 16:00:00,24.17,44.4264,26.1406,9.6,44.4264,26.1406,17.87,44.4264,26.1406
2022-10-07 16:00:00,2022-10-07 17:00:00,23.3,44.4264,26.1406,9.08,44.4264,26.1406,20.75,44.4264,26.1406
2022-10-07 17:00:00,2022-10-07 18:00:00,24.25,44.4264,26.1406,8.66,44.4264,26.1406,39.5,44.4264,26.1406
2022-10-07 18:00:00,2022-10-07 19:00:00,29.23,44.4264,26.1406,11.65,44.4264,26.1406,50.28,44.4264,26.1406
2022-10-07 19:00:00,2022-10-07 20:00:00,33.82,44.4264,26.1406,15.1,44.4264,26.1406,73.55,44.4264,26.1406
2022-10-07 20:00:00,2022-10-07 21:00:00,36.05,44.4264,26.1406,16.63,44.4264,26.1406,64.63,44.4264,26.1406
2022-10-07 21:00:00,2022-10-07 22:00:00,37.13,44.4264,26.1406,17.14,44.4264,26.1406,65.19,44.4264,26.1406
2022-10-07 22:00:00,2022-10-07 23:00:00,39.56,44.4264,26.1406,18.85,44.4264,26.1406,57.0,44.4264,26.1406
2022-10-07 23:00:00,2022-10-08 00:00:00,30.38,44.4264,26.1406,16.93,44.4264,26.1406,28.45,44.4264,26.1406
2022-10-08 00:00:00,2022-10-08 01:00:00,19.21,44.4264,26.1406,11.68,44.4264,26.1406,16.42,44.4264,26.1406
2022-10-08 01:00:00,2022-10-08 02:00:00,19.43,44.4264,26.1406,11.01,44.4264,26.1406,19.25,44.4264,26.1406
2022-10-08 02:00:00,2022-10-08 03:00:00,16.19,44.4264,26.1406,7.93,44.4264,26.1406,17.62,44.4264,26.1406
2022-10-08 03:00:00,2022-10-08 04:00:00,20.07,44.4264,26.1406,13.42,44.4264,26.1406,21.39,44.4264,26.1406
2022-10-08 04:00:00,2022-10-08 05:00:00,19.35,44.4264,26.1406,12.29,44.4264,26.1406,25.39,44.4264,26.1406
2022-10-08 05:00:00,2022-10-08 06:00:00,18.15,44.4264,26.1406,11.76,44.4264,26.1406,31.0,44.4264,26.1406
2022-10-08 06:00:00,2022-10-08 07:00:00,18.42,44.4264,26.1406,12.07,44.4264,26.1406,36.49,44.4264,26.1406
2022-10-08 07:00:00,2022-10-08 08:00:00,21.79,44.4264,26.1406,13.89,44.4264,26.1406,36.06,44.4264,26.1406
2022-10-08 08:00:00,2022-10-08 09:00:00,25.54,44.4264,26.1406,14.85,44.4264,26.1406,24.01,44.4264,26.1406
2022-10-08 09:00:00,2022-10-08 10:00:00,23.23,44.4264,26.1406,11.69,44.4264,26.1406,17.77,44.4264,26.1406
2022-10-08 10:00:00,2022-10-08 11:00:00,23.44,44.4264,26.1406,12.03,44.4264,26.1406,14.91,44.4264,26.1406
2022-10-08 11:00:00,2022-10-08 12:00:00,22.66,44.4264,26.1406,11.94,44.4264,26.1406,10.69,44.4264,26.1406
2022-10-08 12:00:00,2022-10-08 13:00:00,23.24,44.4264,26.1406,12.7,44.4264,26.1406,7.86,44.4264,26.1406
2022-10-08 13:00:00,2022-10-08 14:00:00,15.59,44.4264,26.1406,8.11,44.4264,26.1406,7.0,44.4264,26.1406
2022-10-08 14:00:00,2022-10-08 15:00:00,16.81,44.4264,26.1406,9.75,44.4264,26.1406,,44.4264,26.1406
2022-10-08 15:00:00,2022-10-08 16:00:00,14.68,44.4264,26.1406,7.81,44.4264,26.1406,6.72,44.4264,26.1406
2022-10-08 16:00:00,2022-10-08 17:00:00,16.69,44.4264,26.1406,10.93,44.4264,26.1406,6.61,44.4264,26.1406
2022-10-08 17:00:00,2022-10-08 18:00:00,13.25,44.4264,26.1406,7.01,44.4264,26.1406,12.56,44.4264,26.1406
2022-10-08 18:00:00,2022-10-08 19:00:00,20.59,44.4264,26.1406,10.0,44.4264,26.1406,63.69,44.4264,26.1406
2022-10-08 19:00:00,2022-10-08 20:00:00,39.69,44.4264,26.1406,19.22,44.4264,26.1406,84.86,44.4264,26.1406
2022-10-08 20:00:00,2022-10-08 21:00:00,58.35,44.4264,26.1406,31.96,44.4264,26.1406,66.44,44.4264,26.1406
2022-10-08 21:00:00,2022-10-08 22:00:00,68.31,44.4264,26.1406,49.6,44.4264,26.1406,59.96,44.4264,26.1406
2022-10-08 22:00:00,2022-10-08 23:00:00,81.14,44.4264,26.1406,60.89,44.4264,26.1406,70.1,44.4264,26.1406
2022-10-08 23:00:00,2022-10-09 00:00:00,71.67,44.4264,26.1406,48.87,44.4264,26.1406,70.34,44.4264,26.1406
2022-10-09 00:00:00,2022-10-09 01:00:00,67.71,44.4264,26.1406,46.04,44.4264,26.1406,69.94,44.4264,26.1406
2022-10-09 01:00:00,2022-10-09 02:00:00,65.75,44.4264,26.1406,45.05,44.4264,26.1406,63.86,44.4264,26.1406
2022-10-09 02:00:00,2022-10-09 03:00:00,52.9,44.4264,26.1406,35.12,44.4264,26.1406,53.11,44.4264,26.1406
2022-10-09 03:00:00,2022-10-09 04:00:00,38.7,44.4264,26.1406,25.57,44.4264,26.1406,43.43,44.4264,26.1406
2022-10-09 04:00:00,2022-10-09 05:00:00,33.93,44.4264,26.1406,21.24,44.4264,26.1406,34.88,44.4264,26.1406
2022-10-09 05:00:00,2022-10-09 06:00:00,32.13,44.4264,26.1406,21.53,44.4264,26.1406,23.39,44.4264,26.1406
2022-10-09 06:00:00,2022-10-09 07:00:00,31.29,44.4264,26.1406,22.75,44.4264,26.1406,23.76,44.4264,26.1406
2022-10-09 07:00:00,2022-10-09 08:00:00,30.99,44.4264,26.1406,22.05,44.4264,26.1406,20.48,44.4264,26.1406
2022-10-09 08:00:00,2022-10-09 09:00:00,29.08,44.4264,26.1406,19.2,44.4264,26.1406,18.06,44.4264,26.1406
2022-10-09 09:00:00,2022-10-09 10:00:00,28.28,44.4264,26.1406,19.5,44.4264,26.1406,15.94,44.4264,26.1406
2022-10-09 10:00:00,2022-10-09 11:00:00,27.03,44.4264,26.1406,17.12,44.4264,26.1406,9.24,44.4264,26.1406
2022-10-09 11:00:00,2022-10-09 12:00:00,26.15,44.4264,26.1406,15.19,44.4264,26.1406,7.08,44.4264,26.1406
2022-10-09 12:00:00,2022-10-09 13:00:00,27.17,44.4264,26.1406,17.08,44.4264,26.1406,5.87,44.4264,26.1406
2022-10-09 13:00:00,2022-10-09 14:00:00,19.2,44.4264,26.1406,12.64,44.4264,26.1406,5.22,44.4264,26.1406
2022-10-09 14:00:00,2022-10-09 15:00:00,18.92,44.4264,26.1406,13.39,44.4264,26.1406,5.57,44.4264,26.1406
2022-10-09 15:00:00,2022-10-09 16:00:00,17.74,44.4264,26.1406,11.58,44.4264,26.1406,,44.4264,26.1406
2022-10-09 16:00:00,2022-10-09 17:00:00,18.41,44.4264,26.1406,11.52,44.4264,26.1406,7.81,44.4264,26.1406
2022-10-09 17:00:00,2022-10-09 18:00:00,18.75,44.4264,26.1406,10.8,44.4264,26.1406,55.51,44.4264,26.1406
2022-10-09 18:00:00,2022-10-09 19:00:00,31.48,44.4264,26.1406,14.97,44.4264,26.1406,93.62,44.4264,26.1406
2022-10-09 19:00:00,2022-10-09 20:00:00,36.86,44.4264,26.1406,18.15,44.4264,26.1406,78.5,44.4264,26.1406
2022-10-09 20:00:00,2022-10-09 21:00:00,39.52,44.4264,26.1406,18.29,44.4264,26.1406,59.53,44.4264,26.1406
2022-10-09 21:00:00,2022-10-09 22:00:00,41.03,44.4264,26.1406,17.91,44.4264,26.1406,16.81,44.4264,26.1406
2022-10-09 22:00:00,2022-10-09 23:00:00,38.26,44.4264,26.1406,13.04,44.4264,26.1406,12.69,44.4264,26.1406
2022-10-09 23:00:00,2022-10-10 00:00:00,26.18,44.4264,26.1406,9.2,44.4264,26.1406,10.08,44.4264,26.1406
2022-10-10 00:00:00,2022-10-10 01:00:00,22.12,44.4264,26.1406,12.38,44.4264,26.1406,8.96,44.4264,26.1406
2022-10-10 01:00:00,2022-10-10 02:00:00,16.3,44.4264,26.1406,8.78,44.4264,26.1406,7.36,44.4264,26.1406
2022-10-10 02:00:00,2022-10-10 03:00:00,18.36,44.4264,26.1406,11.47,44.4264,26.1406,6.67,44.4264,26.1406
2022-10-10 03:00:00,2022-10-10 04:00:00,12.47,44.4264,26.1406,4.44,44.4264,26.1406,7.14,44.4264,26.1406
2022-10-10 04:00:00,2022-10-10 05:00:00,14.43,44.4264,26.1406,7.21,44.4264,26.1406,9.75,44.4264,26.1406
2022-10-10 05:00:00,2022-10-10 06:00:00,15.03,44.4264,26.1406,5.99,44.4264,26.1406,14.43,44.4264,26.1406
2022-10-10 06:00:00,2022-10-10 07:00:00,15.07,44.4264,26.1406,5.74,44.4264,26.1406,20.46,44.4264,26.1406
2022-10-10 07:00:00,2022-10-10 08:00:00,20.33,44.4264,26.1406,9.31,44.4264,26.1406,23.21,44.4264,26.1406
2022-10-10 08:00:00,2022-10-10 09:00:00,18.17,44.4264,26.1406,6.97,44.4264,26.1406,18.16,44.4264,26.1406
2022-10-10 09:00:00,2022-10-10 10:00:00,21.47,44.4264,26.1406,6.72,44.4264,26.1406,13.86,44.4264,26.1406
2022-10-10 10:00:00,2022-10-10 11:00:00,26.7,44.4264,26.1406,5.44,44.4264,26.1406,10.34,44.4264,26.1406
2022-10-10 11:00:00,2022-10-10 12:00:00,18.45,44.4264,26.1406,2.18,44.4264,26.1406,13.4,44.4264,26.1406
2022-10-10 12:00:00,2022-10-10 13:00:00,22.92,44.4264,26.1406,6.68,44.4264,26.1406,12.44,44.4264,26.1406
2022-10-10 13:00:00,2022-10-10 14:00:00,22.29,44.4264,26.1406,7.27,44.4264,26.1406,12.57,44.4264,26.1406
2022-10-10 14:00:00,2022-10-10 15:00:00,20.49,44.4264,26.1406,6.1,44.4264,26.1406,16.06,44.4264,26.1406
2022-10-10 15:00:00,2022-10-10 16:00:00,21.39,44.4264,26.1406,7.46,44.4264,26.1406,20.92,44.4264,26.1406
2022-10-10 16:00:00,2022-10-10 17:00:00,20.31,44.4264,26.1406,6.49,44.4264,26.1406,,44.4264,26.1406
2022-10-10 17:00:00,2022-10-10 18:00:00,20.73,44.4264,26.1406,6.22,44.4264,26.1406,36.34,44.4264,26.1406
2022-10-10 18:00:00,2022-10-10 19:00:00,26.5,44.4264,26.1406,8.46,44.4264,26.1406,49.62,44.4264,26.1406
2022-10-10 19:00:00,2022-10-10 20:00:00,31.6,44.4264,26.1406,10.53,44.4264,26.1406,47.95,44.4264,26.1406
2022-10-10 20:00:00,2022-10-10 21:00:00,32.53,44.4264,26.1406,12.27,44.4264,26.1406,49.46,44.4264,26.1406
2022-10-10 21:00:00,2022-10-10 22:00:00,35.32,44.4264,26.1406,14.21,44.4264,26.1406,46.87,44.4264,26.1406
2022-10-10 22:00:00,2022-10-10 23:00:00,30.13,44.4264,26.1406,11.76,44.4264,26.1406,34.64,44.4264,26.1406
2022-10-10 23:00:00,2022-10-11 00:00:00,26.28,44.4264,26.1406,10.05,44.4264,26.1406,32.97,44.4264,26.1406
2022-10-11 00:00:00,2022-10-11 01:00:00,25.44,44.4264,26.1406,10.31,44.4264,26.1406,23.66,44.4264,26.1406
2022-10-11 01:00:00,2022-10-11 02:00:00,27.13,44.4264,26.1406,11.14,44.4264,26.1406,22.95,44.4264,26.1406
2022-10-11 02:00:00,2022-10-11 03:00:00,30.04,44.4264,26.1406,13.65,44.4264,26.1406,18.0,44.4264,26.1406
2022-10-11 03:00:00,2022-10-11 04:00:00,27.86,44.4264,26.1406,12.37,44.4264,26.1406,16.59,44.4264,26.1406
2022-10-11 04:00:00,2022-10-11 05:00:00,28.9,44.4264,26.1406,10.79,44.4264,26.1406,20.63,44.4264,26.1406
2022-10-11 05:00:00,2022-10-11 06:00:00,31.32,44.4264,26.1406,9.61,44.4264,26.1406,26.31,44.4264,26.1406
2022-10-11 06:00:00,2022-10-11 07:00:00,28.68,44.4264,26.1406,8.54,44.4264,26.1406,37.01,44.4264,26.1406
2022-10-11 07:00:00,2022-10-11 08:00:00,31.82,44.4264,26.1406,9.77,44.4264,26.1406,38.51,44.4264,26.1406
2022-10-11 08:00:00,2022-10-11 09:00:00,31.59,44.4264,26.1406,9.85,44.4264,26.1406,35.0,44.4264,26.1406
2022-10-11 09:00:00,2022-10-11 10:00:00,36.72,44.4264,26.1406,12.97,44.4264,26.1406,30.85,44.4264,26.1406
2022-10-11 10:00:00,2022-10-11 11:00:00,32.14,44.4264,26.1406,10.79,44.4264,26.1406,27.11,44.4264,26.1406
2022-10-11 11:00:00,2022-10-11 12:00:00,29.98,44.4264,26.1406,9.99,44.4264,26.1406,27.77,44.4264,26.1406
2022-10-11 12:00:00,2022-10-11 13:00:00,25.84,44.4264,26.1406,7.58,44.4264,26.1406,25.18,44.4264,26.1406
2022-10-11 13:00:00,2022-10-11 14:00:00,24.79,44.4264,26.1406,8.18,44.4264,26.1406,24.02,44.4264,26.1406
2022-10-11 14:00:00,2022-10-11 15:00:00,29.0,44.4264,26.1406,7.69,44.4264,26.1406,23.11,44.4264,26.1406
2022-10-11 15:00:00,2022-10-11 16:00:00,27.63,44.4264,26.1406,6.93,44.4264,26.1406,25.34,44.4264,26.1406
2022-10-11 16:00:00,2022-10-11 17:00:00,24.05,44.4264,26.1406,7.24,44.4264,26.1406,29.02,44.4264,26.1406
2022-10-11 17:00:00,2022-10-11 18:00:00,27.16,44.4264,26.1406,8.8,44.4264,26.1406,,44.4264,26.1406
2022-10-11 18:00:00,2022-10-11 19:00:00,32.97,44.4264,26.1406,10.99,44.4264,26.1406,44.61,44.4264,26.1406
2022-10-11 19:00:00,2022-10-11 20:00:00,37.98,44.4264,26.1406,12.31,44.4264,26.1406,41.92,44.4264,26.1406
2022-10-11 20:00:00,2022-10-11 21:00:00,36.57,44.4264,26.1406,13.51,44.4264,26.1406,38.27,44.4264,26.1406
2022-10-11 21:00:00,2022-10-11 22:00:00,36.64,44.4264,26.1406,17.37,44.4264,26.1406,40.21,44.4264,26.1406
2022-10-11 22:00:00,2022-10-11 23:00:00,28.77,44.4264,26.1406,10.27,44.4264,26.1406,29.29,44.4264,26.1406
2022-10-11 23:00:00,2022-10-12 00:00:00,32.81,44.4264,26.1406,12.48,44.4264,26.1406,22.26,44.4264,26.1406
2022-10-12 00:00:00,2022-10-12 01:00:00,31.21,44.4264,26.1406,10.46,44.4264,26.1406,22.43,44.4264,26.1406
2022-10-12 01:00:00,2022-10-12 02:00:00,32.21,44.4264,26.1406,11.74,44.4264,26.1406,19.1,44.4264,26.1406
2022-10-12 02:00:00,2022-10-12 03:00:00,33.24,44.4264,26.1406,13.16,44.4264,26.1406,16.95,44.4264,26.1406
2022-10-12 03:00:00,2022-10-12 04:00:00,33.11,44.4264,26.1406,14.46,44.4264,26.1406,22.85,44.4264,26.1406
2022-10-12 04:00:00,2022-10-12 05:00:00,32.68,44.4264,26.1406,15.24,44.4264,26.1406,30.14,44.4264,26.1406
2022-10-12 05:00:00,2022-10-12 06:00:00,33.64,44.4264,26.1406,15.66,44.4264,26.1406,32.22,44.4264,26.1406
2022-10-12 06:00:00,2022-10-12 07:00:00,31.7,44.4264,26.1406,15.16,44.4264,26.1406,32.4,44.4264,26.1406
2022-10-12 07:00:00,2022-10-12 08:00:00,28.27,44.4264,26.1406,15.43,44.4264,26.1406,32.41,44.4264,26.1406
2022-10-12 08:00:00,2022-10-12 09:00:00,30.84,44.4264,26.1406,15.61,44.4264,26.1406,28.53,44.4264,26.1406
2022-10-12 09:00:00,2022-10-12 10:00:00,33.36,44.4264,26.1406,15.23,44.4264,26.1406,27.24,44.4264,26.1406
2022-10-12 10:00:00,2022-10-12 11:00:00,30.18,44.4264,26.1406,12.17,44.4264,26.1406,27.11,44.4264,26.1406
2022-10-12 11:00:00,2022-10-12 12:00:00,30.3,44.4264,26.1406,13.91,44.4264,26.1406,23.69,44.4264,26.1406
2022-10-12 12:00:00,2022-10-12 13:00:00,29.41,44.4264,26.1406,13.92,44.4264,26.1406,23.67,44.4264,26.1406
2022-10-12 13:00:00,2022-10-12 14:00:00,20.17,44.4264,26.1406,7.96,44.4264,26.1406,29.71,44.4264,26.1406
2022-10-12 14:00:00,2022-10-12 15:00:00,18.68,44.4264,26.1406,6.93,44.4264,26.1406,31.07,44.4264,26.1406
2022-10-12 15:00:00,2022-10-12 16:00:00,26.17,44.4264,26.1406,10.62,44.4264,26.1406,26.11,44.4264,26.1406
2022-10-12 16:00:00,2022-10-12 17:00:00,27.29,44.4264,26.1406,11.81,44.4264,26.1406,34.42,44.4264,26.1406
2022-10-12 17:00:00,2022-10-12 18:00:00,29.92,44.4264,26.1406,10.66,44.4264,26.1406,67.13,44.4264,26.1406
2022-10-12 18:00:00,2022-10-12 19:00:00,33.6,44.4264,26.1406,11.61,44.4264,26.1406,,44.4264,26.1406
2022-10-12 19:00:00,2022-10-12 20:00:00,39.58,44.4264,26.1406,15.76,44.4264,26.1406,86.13,44.4264,26.1406
2022-10-12 20:00:00,2022-10-12 21:00:00,45.86,44.4264,26.1406,18.67,44.4264,26.1406,65.95,44.4264,26.1406
2022-10-12 21:00:00,2022-10-12 22:00:00,48.68,44.4264,26.1406,28.15,44.4264,26.1406,61.38,44.4264,26.1406
2022-10-12 22:00:00,2022-10-12 23:00:00,71.31,44.4264,26.1406,46.5,44.4264,26.1406,63.88,44.4264,26.1406
2022-10-12 23:00:00,2022-10-13 00:00:00,75.32,44.4264,26.1406,47.77,44.4264,26.1406,59.02,44.4264,26.1406
2022-10-13 00:00:00,2022-10-13 01:00:00,56.01,44.4264,26.1406,34.06,44.4264,26.1406,59.6,44.4264,26.1406
2022-10-13 01:00:00,2022-10-13 02:00:00,41.39,44.4264,26.1406,22.48,44.4264,26.1406,59.21,44.4264,26.1406
2022-10-13 02:00:00,2022-10-13 03:00:00,35.67,44.4264,26.1406,17.29,44.4264,26.1406,55.51,44.4264,26.1406
2022-10-13 03:00:00,2022-10-13 04:00:00,32.45,44.4264,26.1406,16.08,44.4264,26.1406,43.3,44.4264,26.1406
2022-10-13 04:00:00,2022-10-13 05:00:00,35.35,44.4264,26.1406,17.81,44.4264,26.1406,31.35,44.4264,26.1406
2022-10-13 05:00:00,2022-10-13 06:00:00,35.25,44.4264,26.1406,18.44,44.4264,26.1406,37.49,44.4264,26.1406
2022-10-13 06:00:00,2022-10-13 07:00:00,37.61,44.4264,26.1406,20.84,44.4264,26.1406,38.26,44.4264,26.1406
2022-10-13 07:00:00,2022-10-13 08:00:00,39.85,44.4264,26.1406,20.59,44.4264,26.1406,39.5,44.4264,26.1406
2022-10-13 08:00:00,2022-10-13 09:00:00,41.14,44.4264,26.1406,19.5,44.4264,26.1406,36.05,44.4264,26.1406
2022-10-13 09:00:00,2022-10-13 10:00:00,42.75,44.4264,26.1406,18.8,44.4264,26.1406,28.07,44.4264,26.1406
2022-10-13 10:00:00,2022-10-13 11:00:00,41.58,44.4264,26.1406,17.24,44.4264,26.1406,27.02,44.4264,26.1406
2022-10-13 11:00:00,2022-10-13 12:00:00,40.08,44.4264,26.1406,16.32,44.4264,26.1406,24.03,44.4264,26.1406
2022-10-13 12:00:00,2022-10-13 13:00:00,36.93,44.4264,26.1406,14.96,44.4264,26.1406,19.02,44.4264,26.1406
2022-10-13 13:00:00,2022-10-13 14:00:00,27.24,44.4264,26.1406,8.01,44.4264,26.1406,18.39,44.4264,26.1406
2022-10-13 14:00:00,2022-10-13 15:00:00,29.03,44.4264,26.1406,11.46,44.4264,26.1406,17.3,44.4264,26.1406
2022-10-13 15:00:00,2022-10-13 16:00:00,22.55,44.4264,26.1406,6.91,44.4264,26.1406,19.6,44.4264,26.1406
2022-10-13 16:00:00,2022-10-13 17:00:00,26.35,44.4264,26.1406,9.77,44.4264,26.1406,25.35,44.4264,26.1406
2022-10-13 17:00:00,2022-10-13 18:00:00,31.11,44.4264,26.1406,11.88,44.4264,26.1406,34.04,44.4264,26.1406
2022-10-13 18:00:00,2022-10-13 19:00:00,43.75,44.4264,26.1406,19.06,44.4264,26.1406,83.76,44.4264,26.1406
2022-10-13 19:00:00,2022-10-13 20:00:00,53.44,44.4264,26.1406,21.58,44.4264,26.1406,,44.4264,26.1406
2022-10-13 20:00:00,2022-10-13 21:00:00,55.68,44.4264,26.1406,19.8,44.4264,26.1406,41.93,44.4264,26.1406
2022-10-13 21:00:00,2022-10-13 22:00:00,50.54,44.4264,26.1406,18.84,44.4264,26.1406,17.95,44.4264,26.1406
2022-10-13 22:00:00,2022-10-13 23:00:00,47.66,44.4264,26.1406,27.43,44.4264,26.1406,17.1,44.4264,26.1406
2022-10-13 23:00:00,2022-10-14 00:00:00,40.67,44.4264,26.1406,25.02,44.4264,26.1406,16.84,44.4264,26.1406
2022-10-14 00:00:00,2022-10-14 01:00:00,35.85,44.4264,26.1406,19.31,44.4264,26.1406,15.08,44.4264,26.1406
2022-10-14 01:00:00,2022-10-14 02:00:00,29.97,44.4264,26.1406,17.19,44.4264,26.1406,13.6,44.4264,26.1406
2022-10-14 02:00:00,2022-10-14 03:00:00,28.31,44.4264,26.1406,17.76,44.4264,26.1406,13.6,44.4264,26.1406
2022-10-14 03:00:00,2022-10-14 04:00:00,27.47,44.4264,26.1406,18.33,44.4264,26.1406,12.45,44.4264,26.1406
2022-10-14 04:00:00,2022-10-14 05:00:00,25.8,44.4264,26.1406,17.55,44.4264,26.1406,15.8,44.4264,26.1406
2022-10-14 05:00:00,2022-10-14 06:00:00,24.38,44.4264,26.1406,14.87,44.4264,26.1406,24.75,44.4264,26.1406
2022-10-14 06:00:00,2022-10-14 07:00:00,26.49,44.4264,26.1406,15.77,44.4264,26.1406,36.16,44.4264,26.1406
2022-10-14 07:00:00,2022-10-14 08:00:00,36.2,44.4264,26.1406,24.03,44.4264,26.1406,34.68,44.4264,26.1406
2022-10-14 08:00:00,2022-10-14 09:00:00,32.06,44.4264,26.1406,19.23,44.4264,26.1406,23.53,44.4264,26.1406
2022-10-14 09:00:00,2022-10-14 10:00:00,31.43,44.4264,26.1406,18.47,44.4264,26.1406,20.44,44.4264,26.1406
2022-10-14 10:00:00,2022-10-14 11:00:00,27.01,44.4264,26.1406,12.79,44.4264,26.1406,14.58,44.4264,26.1406
2022-10-14 11:00:00,2022-10-14 12:00:00,24.31,44.4264,26.1406,10.45,44.4264,26.1406,14.04,44.4264,26.1406
2022-10-14 12:00:00,2022-10-14 13:00:00,23.23,44.4264,26.1406,9.76,44.4264,26.1406,15.05,44.4264,26.1406
2022-10-14 13:00:00,2022-10-14 14:00:00,23.8,44.4264,26.1406,8.59,44.4264,26.1406,12.86,44.4264,26.1406
2022-10-14 14:00:00,2022-10-14 15:00:00,27.62,44.4264,26.1406,11.7,44.4264,26.1406,12.24,44.4264,26.1406
2022-10-14 15:00:00,2022-10-14 16:00:00,30.54,44.4264,26.1406,11.47,44.4264,26.1406,15.52,44.4264,26.1406
2022-10-14 16:00:00,2022-10-14 17:00:00,29.9,44.4264,26.1406,10.38,44.4264,26.1406,22.91,44.4264,26.1406
2022-10-14 17:00:00,2022-10-14 18:00:00,33.6,44.4264,26.1406,14.78,44.4264,26.1406,31.18,44.4264,26.1406
2022-10-14 18:00:00,2022-10-14 19:00:00,37.41,44.4264,26.1406,16.7,44.4264,26.1406,31.84,44.4264,26.1406
2022-10-14 19:00:00,2022-10-14 20:00:00,34.57,44.4264,26.1406,15.69,44.4264,26.1406,21.9,44.4264,26.1406
2022-10-14 20:00:00,2022-10-14 21:00:00,32.93,44.4264,26.1406,16.76,44.4264,26.1406,,44.4264,26.1406
2022-10-14 21:00:00,2022-10-14 22:00:00,28.97,44.4264,26.1406,13.03,44.4264,26.1406,24.09,44.4264,26.1406
2022-10-14 22:00:00,2022-10-14 23:00:00,19.64,44.4264,26.1406,9.03,44.4264,26.1406,15.5,44.4264,26.1406
2022-10-14 23:00:00,2022-10-15 00:00:00,16.32,44.4264,26.1406,8.19,44.4264,26.1406,15.84,44.4264,26.1406
2022-10-15 00:00:00,2022-10-15 01:00:00,16.93,44.4264,26.1406,10.24,44.4264,26.1406,13.97,44.4264,26.1406
2022-10-15 01:00:00,2022-10-15 02:00:00,11.96,44.4264,26.1406,5.88,44.4264,26.1406,16.51,44.4264,26.1406
2022-10-15 02:00:00,2022-10-15 03:00:00,15.75,44.4264,26.1406,7.95,44.4264,26.1406,13.67,44.4264,26.1406
2022-10-15 03:00:00,2022-10-15 04:00:00,14.78,44.4264,26.1406,7.69,44.4264,26.1406,16.16,44.4264,26.1406
2022-10-15 04:00:00,2022-10-15 05:00:00,15.05,44.4264,26.1406,8.76,44.4264,26.1406,19.23,44.4264,26.1406
2022-10-15 05:00:00,2022-10-15 06:00:00,15.35,44.4264,26.1406,8.47,44.4264,26.1406,28.47,44.4264,26.1406
2022-10-15 06:00:00,2022-10-15 07:00:00,16.08,44.4264,26.1406,7.61,44.4264,26.1406,31.9,44.4264,26.1406
2022-10-15 07:00:00,2022-10-15 08:00:00,21.28,44.4264,26.1406,11.79,44.4264,26.1406,24.54,44.4264,26.1406
2022-10-15 08:00:00,2022-10-15 09:00:00,22.7,44.4264,26.1406,12.09,44.4264,26.1406,20.02,44.4264,26.1406
2022-10-15 09:00:00,2022-10-15 10:00:00,22.15,44.4264,26.1406,10.67,44.4264,26.1406,13.34,44.4264,26.1406
2022-10-15 10:00:00,2022-10-15 11:00:00,17.63,44.4264,26.1406,5.71,44.4264,26.1406,10.35,44.4264,26.1406
2022-10-15 11:00:00,2022-10-15 12:00:00,20.19,44.4264,26.1406,9.36,44.4264,26.1406,8.62,44.4264,26.1406
2022-10-15 12:00:00,2022-10-15 13:00:00,18.87,44.4264,26.1406,8.12,44.4264,26.1406,8.41,44.4264,26.1406
2022-10-15 13:00:00,2022-10-15 14:00:00,23.67,44.4264,26.1406,12.81,44.4264,26.1406,9.29,44.4264,26.1406
2022-10-15 14:00:00,2022-10-15 15:00:00,23.95,44.4264,26.1406,12.54,44.4264,26.1406,7.91,44.4264,26.1406
2022-10-15 15:00:00,2022-10-15 16:00:00,21.3,44.4264,26.1406,10.83,44.4264,26.1406,8.0,44.4264,26.1406
2022-10-15 16:00:00,2022-10-15 17:00:00,18.86,44.4264,26.1406,9.18,44.4264,26.1406,9.99,44.4264,26.1406
2022-10-15 17:00:00,2022-10-15 18:00:00,17.9,44.4264,26.1406,8.39,44.4264,26.1406,19.91,44.4264,26.1406
2022-10-15 18:00:00,2022-10-15 19:00:00,29.65,44.4264,26.1406,16.08,44.4264,26.1406,62.4,44.4264,26.1406
2022-10-15 19:00:00,2022-10-15 20:00:00,38.25,44.4264,26.1406,20.35,44.4264,26.1406,69.5,44.4264,26.1406
2022-10-15 20:00:00,2022-10-15 21:00:00,43.74,44.4264,26.1406,23.24,44.4264,26.1406,70.89,44.4264,26.1406
2022-10-15 21:00:00,2022-10-15 22:00:00,53.32,44.4264,26.1406,30.26,44.4264,26.1406,,44.4264,26.1406
2022-10-15 22:00:00,2022-10-15 23:00:00,51.41,44.4264,26.1406,30.42,44.4264,26.1406,64.01,44.4264,26.1406
2022-10-15 23:00:00,2022-10-16 00:00:00,50.4,44.4264,26.1406,33.24,44.4264,26.1406,51.78,44.4264,26.1406
2022-10-16 00:00:00,2022-10-16 01:00:00,58.56,44.4264,26.1406,41.54,44.4264,26.1406,52.73,44.4264,26.1406
2022-10-16 01:00:00,2022-10-16 02:00:00,46.66,44.4264,26.1406,31.39,44.4264,26.1406,36.26,44.4264,26.1406
2022-10-16 02:00:00,2022-10-16 03:00:00,38.73,44.4264,26.1406,25.18,44.4264,26.1406,31.56,44.4264,26.1406
2022-10-16 03:00:00,2022-10-16 04:00:00,35.89,44.4264,26.1406,23.65,44.4264,26.1406,35.53,44.4264,26.1406
2022-10-16 04:00:00,2022-10-16 05:00:00,37.77,44.4264,26.1406,27.11,44.4264,26.1406,30.48,44.4264,26.1406
2022-10-16 05:00:00,2022-10-16 06:00:00,30.86,44.4264,26.1406,20.41,44.4264,26.1406,34.18,44.4264,26.1406
2022-10-16 06:00:00,2022-10-16 07:00:00,27.8,44.4264,26.1406,17.83,44.4264,26.1406,35.9,44.4264,26.1406
2022-10-16 07:00:00,2022-10-16 08:00:00,23.83,44.4264,26.1406,14.53,44.4264,26.1406,33.73,44.4264,26.1406
2022-10-16 08:00:00,2022-10-16 09:00:00,20.37,44.4264,26.1406,11.27,44.4264,26.1406,15.07,44.4264,26.1406
2022-10-16 09:00:00,2022-10-16 10:00:00,18.42,44.4264,26.1406,10.07,44.4264,26.1406,17.82,44.4264,26.1406
2022-10-16 10:00:00,2022-10-16 11:00:00,19.71,44.4264,26.1406,10.61,44.4264,26.1406,15.2,44.4264,26.1406
2022-10-16 11:00:00,2022-10-16 12:00:00,25.57,44.4264,26.1406,14.4,44.4264,26.1406,13.12,44.4264,26.1406
2022-10-16 12:00:00,2022-10-16 13:00:00,29.6,44.4264,26.1406,18.58,44.4264,26.1406,11.8,44.4264,26.1406
2022-10-16 13:00:00,2022-10-16 14:00:00,33.43,44.4264,26.1406,22.49,44.4264,26.1406,9.62,44.4264,26.1406
2022-10-16 14:00:00,2022-10-16 15:00:00,29.33,44.4264,26.1406,18.45,44.4264,26.1406,10.06,44.4264,26.1406
2022-10-16 15:00:00,2022-10-16 16:00:00,28.8,44.4264,26.1406,17.39,44.4264,26.1406,10.27,44.4264,26.1406
2022-10-16 16:00:00,2022-10-16 17:00:00,28.87,44.4264,26.1406,18.29,44.4264,26.1406,12.89,44.4264,26.1406
2022-10-16 17:00:00,2022-10-16 18:00:00,27.38,44.4264,26.1406,15.22,44.4264,26.1406,42.51,44.4264,26.1406
2022-10-16 18:00:00,2022-10-16 19:00:00,34.13,44.4264,26.1406,17.56,44.4264,26.1406,59.91,44.4264,26.1406
2022-10-16 19:00:00,2022-10-16 20:00:00,37.69,44.4264,26.1406,19.68,44.4264,26.1406,76.69,44.4264,26.1406
2022-10-16 20:00:00,2022-10-16 21:00:00,35.8,44.4264,26.1406,18.53,44.4264,26.1406,75.04,44.4264,26.1406
2022-10-16 21:00:00,2022-10-16 22:00:00,30.89,44.4264,26.1406,15.19,44.4264,26.1406,67.2,44.4264,26.1406
2022-10-16 22:00:00,2022-10-16 23:00:00,29.87,44.4264,26.1406,13.71,44.4264,26.1406,,44.4264,26.1406
2022-10-16 23:00:00,2022-10-17 00:00:00,28.72,44.4264,26.1406,14.42,44.4264,26.1406,51.75,44.4264,26.1406
2022-10-17 00:00:00,2022-10-17 01:00:00,31.8,44.4264,26.1406,20.47,44.4264,26.1406,48.09,44.4264,26.1406
2022-10-17 01:00:00,2022-10-17 02:00:00,30.33,44.4264,26.1406,19.85,44.4264,26.1406,46.77,44.4264,26.1406
2022-10-17 02:00:00,2022-10-17 03:00:00,30.93,44.4264,26.1406,20.88,44.4264,26.1406,37.38,44.4264,26.1406
2022-10-17 03:00:00,2022-10-17 04:00:00,26.54,44.4264,26.1406,17.29,44.4264,26.1406,32.64,44.4264,26.1406
2022-10-17 04:00:00,2022-10-17 05:00:00,29.7,44.4264,26.1406,20.64,44.4264,26.1406,27.38,44.4264,26.1406
2022-10-17 05:00:00,2022-10-17 06:00:00,30.48,44.4264,26.1406,21.91,44.4264,26.1406,35.81,44.4264,26.1406
2022-10-17 06:00:00,2022-10-17 07:00:00,34.33,44.4264,26.1406,24.15,44.4264,26.1406,,44.4264,26.1406
2022-10-17 07:00:00,2022-10-17 08:00:00,32.45,44.4264,26.1406,20.61,44.4264,26.1406,,44.4264,26.1406
2022-10-17 08:00:00,2022-10-17 09:00:00,40.54,44.4264,26.1406,23.75,44.4264,26.1406,50.59,44.4264,26.1406
2022-10-17 09:00:00,2022-10-17 10:00:00,48.8,44.4264,26.1406,27.75,44.4264,26.1406,60.1,44.4264,26.1406
2022-10-17 10:00:00,2022-10-17 11:00:00,44.79,44.4264,26.1406,24.64,44.4264,26.1406,24.72,44.4264,26.1406
2022-10-17 11:00:00,2022-10-17 12:00:00,20.78,44.4264,26.1406,9.38,44.4264,26.1406,14.54,44.4264,26.1406
2022-10-17 12:00:00,2022-10-17 13:00:00,27.68,44.4264,26.1406,12.41,44.4264,26.1406,25.7,44.4264,26.1406
2022-10-17 13:00:00,2022-10-17 14:00:00,32.08,44.4264,26.1406,13.77,44.4264,26.1406,20.34,44.4264,26.1406
2022-10-17 14:00:00,2022-10-17 15:00:00,28.45,44.4264,26.1406,11.08,44.4264,26.1406,17.3,44.4264,26.1406
2022-10-17 15:00:00,2022-10-17 16:00:00,27.51,44.4264,26.1406,11.02,44.4264,26.1406,17.02,44.4264,26.1406
2022-10-17 16:00:00,2022-10-17 17:00:00,28.45,44.4264,26.1406,9.54,44.4264,26.1406,21.24,44.4264,26.1406
2022-10-17 17:00:00,2022-10-17 18:00:00,37.33,44.4264,26.1406,14.57,44.4264,26.1406,79.39,44.4264,26.1406
2022-10-17 18:00:00,2022-10-17 19:00:00,58.4,44.4264,26.1406,21.62,44.4264,26.1406,101.78,44.4264,26.1406
2022-10-17 19:00:00,2022-10-17 20:00:00,75.87,44.4264,26.1406,29.18,44.4264,26.1406,114.5,44.4264,26.1406
2022-10-17 20:00:00,2022-10-17 21:00:00,81.37,44.4264,26.1406,32.32,44.4264,26.1406,96.03,44.4264,26.1406
2022-10-17 21:00:00,2022-10-17 22:00:00,91.68,44.4264,26.1406,52.59,44.4264,26.1406,74.0,44.4264,26.1406
2022-10-17 22:00:00,2022-10-17 23:00:00,106.13,44.4264,26.1406,65.08,44.4264,26.1406,84.9,44.4264,26.1406
2022-10-17 23:00:00,2022-10-18 00:00:00,117.15,44.4264,26.1406,58.66,44.4264,26.1406,,44.4264,26.1406
2022-10-18 00:00:00,2022-10-18 01:00:00,92.96,44.4264,26.1406,48.18,44.4264,26.1406,73.12,44.4264,26.1406
2022-10-18 01:00:00,2022-10-18 02:00:00,76.14,44.4264,26.1406,45.55,44.4264,26.1406,66.91,44.4264,26.1406
2022-10-18 02:00:00,2022-10-18 03:00:00,66.9,44.4264,26.1406,42.75,44.4264,26.1406,57.69,44.4264,26.1406
2022-10-18 03:00:00,2022-10-18 04:00:00,60.15,44.4264,26.1406,41.27,44.4264,26.1406,63.32,44.4264,26.1406
2022-10-18 04:00:00,2022-10-18 05:00:00,53.42,44.4264,26.1406,37.36,44.4264,26.1406,50.2,44.4264,26.1406
2022-10-18 05:00:00,2022-10-18 06:00:00,52.35,44.4264,26.1406,36.74,44.4264,26.1406,47.41,44.4264,26.1406
2022-10-18 06:00:00,2022-10-18 07:00:00,58.52,44.4264,26.1406,38.01,44.4264,26.1406,44.61,44.4264,26.1406
2022-10-18 07:00:00,2022-10-18 08:00:00,65.36,44.4264,26.1406,40.72,44.4264,26.1406,46.86,44.4264,26.1406
2022-10-18 08:00:00,2022-10-18 09:00:00,69.0,44.4264,26.1406,41.84,44.4264,26.1406,52.94,44.4264,26.1406
2022-10-18 09:00:00,2022-10-18 10:00:00,70.83,44.4264,26.1406,41.66,44.4264,26.1406,54.61,44.4264,26.1406
2022-10-18 10:00:00,2022-10-18 11:00:00,60.59,44.4264,26.1406,36.2,44.4264,26.1406,59.51,44.4264,26.1406
2022-10-18 11:00:00,2022-10-18 12:00:00,69.37,44.4264,26.1406,35.54,44.4264,26.1406,64.8,44.4264,26.1406
2022-10-18 12:00:00,2022-10-18 13:00:00,63.26,44.4264,26.1406,28.9,44.4264,26.1406,53.83,44.4264,26.1406
2022-10-18 13:00:00,2022-10-18 14:00:00,55.64,44.4264,26.1406,22.85,44.4264,26.1406,44.19,44.4264,26.1406
2022-10-18 14:00:00,2022-10-18 15:00:00,44.4,44.4264,26.1406,14.7,44.4264,26.1406,42.85,44.4264,26.1406
2022-10-18 15:00:00,2022-10-18 16:00:00,46.34,44.4264,26.1406,18.72,44.4264,26.1406,51.19,44.4264,26.1406
2022-10-18 16:00:00,2022-10-18 17:00:00,47.83,44.4264,26.1406,18.4,44.4264,26.1406,60.14,44.4264,26.1406
2022-10-18 17:00:00,2022-10-18 18:00:00,43.84,44.4264,26.1406,14.71,44.4264,26.1406,61.3,44.4264,26.1406
2022-10-18 18:00:00,2022-10-18 19:00:00,46.58,44.4264,26.1406,15.87,44.4264,26.1406,90.43,44.4264,26.1406
2022-10-18 19:00:00,2022-10-18 20:00:00,62.79,44.4264,26.1406,26.21,44.4264,26.1406,108.56,44.4264,26.1406
2022-10-18 20:00:00,2022-10-18 21:00:00,73.71,44.4264,26.1406,32.82,44.4264,26.1406,114.55,44.4264,26.1406
2022-10-18 21:00:00,2022-10-18 22:00:00,83.75,44.4264,26.1406,43.96,44.4264,26.1406,89.78,44.4264,26.1406
2022-10-18 22:00:00,2022-10-18 23:00:00,89.67,44.4264,26.1406,57.38,44.4264,26.1406,78.2,44.4264,26.1406
2022-10-18 23:00:00,2022-10-19 00:00:00,89.08,44.4264,26.1406,54.9,44.4264,26.1406,74.49,44.4264,26.1406
2022-10-19 00:00:00,2022-10-19 01:00:00,66.08,44.4264,26.1406,42.71,44.4264,26.1406,,44.4264,26.1406
2022-10-19 01:00:00,2022-10-19 02:00:00,50.36,44.4264,26.1406,35.38,44.4264,26.1406,54.39,44.4264,26.1406
2022-10-19 02:00:00,2022-10-19 03:00:00,42.66,44.4264,26.1406,29.5,44.4264,26.1406,48.37,44.4264,26.1406
2022-10-19 03:00:00,2022-10-19 04:00:00,38.93,44.4264,26.1406,26.93,44.4264,26.1406,47.57,44.4264,26.1406
2022-10-19 04:00:00,2022-10-19 05:00:00,37.79,44.4264,26.1406,27.42,44.4264,26.1406,48.55,44.4264,26.1406
2022-10-19 05:00:00,2022-10-19 06:00:00,37.34,44.4264,26.1406,26.7,44.4264,26.1406,49.06,44.4264,26.1406
2022-10-19 06:00:00,2022-10-19 07:00:00,38.33,44.4264,26.1406,26.38,44.4264,26.1406,50.96,44.4264,26.1406
2022-10-19 07:00:00,2022-10-19 08:00:00,45.79,44.4264,26.1406,29.83,44.4264,26.1406,51.41,44.4264,26.1406
2022-10-19 08:00:00,2022-10-19 09:00:00,50.32,44.4264,26.1406,30.97,44.4264,26.1406,37.21,44.4264,26.1406
2022-10-19 09:00:00,2022-10-19 10:00:00,46.91,44.4264,26.1406,28.08,44.4264,26.1406,26.37,44.4264,26.1406
2022-10-19 10:00:00,2022-10-19 11:00:00,41.87,44.4264,26.1406,23.52,44.4264,26.1406,16.43,44.4264,26.1406
2022-10-19 11:00:00,2022-10-19 12:00:00,38.56,44.4264,26.1406,18.95,44.4264,26.1406,14.63,44.4264,26.1406
2022-10-19 12:00:00,2022-10-19 13:00:00,34.74,44.4264,26.1406,15.73,44.4264,26.1406,13.46,44.4264,26.1406
2022-10-19 13:00:00,2022-10-19 14:00:00,31.13,44.4264,26.1406,10.83,44.4264,26.1406,13.39,44.4264,26.1406
2022-10-19 14:00:00,2022-10-19 15:00:00,25.71,44.4264,26.1406,9.93,44.4264,26.1406,13.97,44.4264,26.1406
2022-10-19 15:00:00,2022-10-19 16:00:00,24.78,44.4264,26.1406,10.85,44.4264,26.1406,15.36,44.4264,26.1406
2022-10-19 16:00:00,2022-10-19 17:00:00,27.95,44.4264,26.1406,11.62,44.4264,26.1406,17.22,44.4264,26.1406
2022-10-19 17:00:00,2022-10-19 18:00:00,28.68,44.4264,26.1406,11.11,44.4264,26.1406,40.59,44.4264,26.1406
2022-10-19 18:00:00,2022-10-19 19:00:00,37.87,44.4264,26.1406,16.96,44.4264,26.1406,62.54,44.4264,26.1406
2022-10-19 19:00:00,2022-10-19 20:00:00,45.96,44.4264,26.1406,18.32,44.4264,26.1406,85.73,44.4264,26.1406
2022-10-19 20:00:00,2022-10-19 21:00:00,81.64,44.4264,26.1406,35.61,44.4264,26.1406,94.06,44.4264,26.1406
2022-10-19 21:00:00,2022-10-19 22:00:00,75.52,44.4264,26.1406,38.52,44.4264,26.1406,77.61,44.4264,26.1406
2022-10-19 22:00:00,2022-10-19 23:00:00,51.48,44.4264,26.1406,25.08,44.4264,26.1406,48.3,44.4264,26.1406
2022-10-19 23:00:00,2022-10-20 00:00:00,26.37,44.4264,26.1406,11.47,44.4264,26.1406,23.33,44.4264,26.1406
2022-10-20 00:00:00,2022-10-20 01:00:00,16.0,44.4264,26.1406,6.46,44.4264,26.1406,16.19,44.4264,26.1406
2022-10-20 01:00:00,2022-10-20 02:00:00,13.85,44.4264,26.1406,6.71,44.4264,26.1406,,44.4264,26.1406
2022-10-20 02:00:00,2022-10-20 03:00:00,8.78,44.4264,26.1406,2.58,44.4264,26.1406,11.03,44.4264,26.1406
2022-10-20 03:00:00,2022-10-20 04:00:00,14.12,44.4264,26.1406,6.51,44.4264,26.1406,12.13,44.4264,26.1406
2022-10-20 04:00:00,2022-10-20 05:00:00,13.9,44.4264,26.1406,6.68,44.4264,26.1406,19.48,44.4264,26.1406
2022-10-20 05:00:00,2022-10-20 06:00:00,11.65,44.4264,26.1406,4.89,44.4264,26.1406,32.94,44.4264,26.1406
2022-10-20 06:00:00,2022-10-20 07:00:00,16.42,44.4264,26.1406,6.15,44.4264,26.1406,44.77,44.4264,26.1406
2022-10-20 07:00:00,2022-10-20 08:00:00,16.39,44.4264,26.1406,4.49,44.4264,26.1406,33.35,44.4264,26.1406
2022-10-20 08:00:00,2022-10-20 09:00:00,21.11,44.4264,26.1406,6.91,44.4264,26.1406,26.7,44.4264,26.1406
2022-10-20 09:00:00,2022-10-20 10:00:00,24.35,44.4264,26.1406,3.53,44.4264,26.1406,24.28,44.4264,26.1406
2022-10-20 10:00:00,2022-10-20 11:00:00,24.96,44.4264,26.1406,6.55,44.4264,26.1406,19.26,44.4264,26.1406
2022-10-20 11:00:00,2022-10-20 12:00:00,31.0,44.4264,26.1406,5.6,44.4264,26.1406,18.11,44.4264,26.1406
2022-10-20 12:00:00,2022-10-20 13:00:00,35.17,44.4264,26.1406,5.52,44.4264,26.1406,17.12,44.4264,26.1406
2022-10-20 13:00:00,2022-10-20 14:00:00,35.41,44.4264,26.1406,5.27,44.4264,26.1406,17.0,44.4264,26.1406
2022-10-20 14:00:00,2022-10-20 15:00:00,34.59,44.4264,26.1406,4.77,44.4264,26.1406,17.1,44.4264,26.1406
2022-10-20 15:00:00,2022-10-20 16:00:00,35.88,44.4264,26.1406,4.34,44.4264,26.1406,21.29,44.4264,26.1406
2022-10-20 16:00:00,2022-10-20 17:00:00,40.57,44.4264,26.1406,7.54,44.4264,26.1406,24.83,44.4264,26.1406
2022-10-20 17:00:00,2022-10-20 18:00:00,34.91,44.4264,26.1406,8.39,44.4264,26.1406,42.03,44.4264,26.1406
2022-10-20 18:00:00,2022-10-20 19:00:00,43.92,44.4264,26.1406,8.38,44.4264,26.1406,46.16,44.4264,26.1406
2022-10-20 19:00:00,2022-10-20 20:00:00,48.85,44.4264,26.1406,10.08,44.4264,26.1406,43.45,44.4264,26.1406
2022-10-20 20:00:00,2022-10-20 21:00:00,39.71,44.4264,26.1406,7.44,44.4264,26.1406,50.29,44.4264,26.1406
2022-10-20 21:00:00,2022-10-20 22:00:00,39.43,44.4264,26.1406,10.56,44.4264,26.1406,34.46,44.4264,26.1406
2022-10-20 22:00:00,2022-10-20 23:00:00,37.56,44.4264,26.1406,7.74,44.4264,26.1406,15.85,44.4264,26.1406
2022-10-20 23:00:00,2022-10-21 00:00:00,21.11,44.4264,26.1406,3.6,44.4264,26.1406,13.06,44.4264,26.1406
2022-10-21 00:00:00,2022-10-21 01:00:00,16.67,44.4264,26.1406,5.11,44.4264,26.1406,11.03,44.4264,26.1406
2022-10-21 01:00:00,2022-10-21 02:00:00,13.78,44.4264,26.1406,3.12,44.4264,26.1406,12.36,44.4264,26.1406
2022-10-21 02:00:00,2022-10-21 03:00:00,14.92,44.4264,26.1406,2.98,44.4264,26.1406,,44.4264,26.1406
2022-10-21 03:00:00,2022-10-21 04:00:00,11.83,44.4264,26.1406,2.39,44.4264,26.1406,11.28,44.4264,26.1406
2022-10-21 04:00:00,2022-10-21 05:00:00,13.9,44.4264,26.1406,6.1,44.4264,26.1406,13.54,44.4264,26.1406
2022-10-21 05:00:00,2022-10-21 06:00:00,13.31,44.4264,26.1406,5.29,44.4264,26.1406,22.53,44.4264,26.1406
2022-10-21 06:00:00,2022-10-21 07:00:00,12.69,44.4264,26.1406,4.19,44.4264,26.1406,33.33,44.4264,26.1406
2022-10-21 07:00:00,2022-10-21 08:00:00,20.24,44.4264,26.1406,9.65,44.4264,26.1406,35.53,44.4264,26.1406
2022-10-21 08:00:00,2022-10-21 09:00:00,21.93,44.4264,26.1406,8.21,44.4264,26.1406,26.61,44.4264,26.1406
2022-10-21 09:00:00,2022-10-21 10:00:00,17.75,44.4264,26.1406,3.89,44.4264,26.1406,20.81,44.4264,26.1406
2022-10-21 10:00:00,2022-10-21 11:00:00,24.41,44.4264,26.1406,8.28,44.4264,26.1406,21.44,44.4264,26.1406
2022-10-21 11:00:00,2022-10-21 12:00:00,20.33,44.4264,26.1406,6.22,44.4264,26.1406,21.03,44.4264,26.1406
2022-10-21 12:00:00,2022-10-21 13:00:00,17.26,44.4264,26.1406,3.79,44.4264,26.1406,26.19,44.4264,26.1406
2022-10-21 13:00:00,2022-10-21 14:00:00,20.45,44.4264,26.1406,5.36,44.4264,26.1406,20.1,44.4264,26.1406
2022-10-21 14:00:00,2022-10-21 15:00:00,18.12,44.4264,26.1406,4.91,44.4264,26.1406,24.79,44.4264,26.1406
2022-10-21 15:00:00,2022-10-21 16:00:00,23.08,44.4264,26.1406,9.24,44.4264,26.1406,26.65,44.4264,26.1406
2022-10-21 16:00:00,2022-10-21 17:00:00,22.48,44.4264,26.1406,6.39,44.4264,26.1406,39.77,44.4264,26.1406
2022-10-21 17:00:00,2022-10-21 18:00:00,31.44,44.4264,26.1406,9.11,44.4264,26.1406,68.3,44.4264,26.1406
2022-10-21 18:00:00,2022-10-21 19:00:00,50.94,44.4264,26.1406,16.97,44.4264,26.1406,84.33,44.4264,26.1406
2022-10-21 19:00:00,2022-10-21 20:00:00,59.17,44.4264,26.1406,26.3,44.4264,26.1406,75.86,44.4264,26.1406
2022-10-21 20:00:00,2022-10-21 21:00:00,74.03,44.4264,26.1406,44.52,44.4264,26.1406,71.04,44.4264,26.1406
2022-10-21 21:00:00,2022-10-21 22:00:00,109.18,44.4264,26.1406,78.51,44.4264,26.1406,76.33,44.4264,26.1406
2022-10-21 22:00:00,2022-10-21 23:00:00,112.81,44.4264,26.1406,78.44,44.4264,26.1406,71.52,44.4264,26.1406
2022-10-21 23:00:00,2022-10-22 00:00:00,84.55,44.4264,26.1406,49.47,44.4264,26.1406,67.9,44.4264,26.1406
2022-10-22 00:00:00,2022-10-22 01:00:00,68.72,44.4264,26.1406,38.23,44.4264,26.1406,57.04,44.4264,26.1406
2022-10-22 01:00:00,2022-10-22 02:00:00,54.97,44.4264,26.1406,30.53,44.4264,26.1406,54.7,44.4264,26.1406
2022-10-22 02:00:00,2022-10-22 03:00:00,48.16,44.4264,26.1406,28.62,44.4264,26.1406,51.17,44.4264,26.1406
2022-10-22 03:00:00,2022-10-22 04:00:00,52.59,44.4264,26.1406,33.15,44.4264,26.1406,,44.4264,26.1406
2022-10-22 04:00:00,2022-10-22 05:00:00,51.27,44.4264,26.1406,33.33,44.4264,26.1406,44.68,44.4264,26.1406
2022-10-22 05:00:00,2022-10-22 06:00:00,50.31,44.4264,26.1406,31.47,44.4264,26.1406,39.12,44.4264,26.1406
2022-10-22 06:00:00,2022-10-22 07:00:00,47.81,44.4264,26.1406,29.41,44.4264,26.1406,56.1,44.4264,26.1406
2022-10-22 07:00:00,2022-10-22 08:00:00,53.39,44.4264,26.1406,29.81,44.4264,26.1406,64.35,44.4264,26.1406
2022-10-22 08:00:00,2022-10-22 09:00:00,46.1,44.4264,26.1406,24.59,44.4264,26.1406,50.64,44.4264,26.1406
2022-10-22 09:00:00,2022-10-22 10:00:00,41.63,44.4264,26.1406,22.12,44.4264,26.1406,43.14,44.4264,26.1406
2022-10-22 10:00:00,2022-10-22 11:00:00,46.79,44.4264,26.1406,26.45,44.4264,26.1406,36.68,44.4264,26.1406
2022-10-22 11:00:00,2022-10-22 12:00:00,40.12,44.4264,26.1406,21.54,44.4264,26.1406,27.17,44.4264,26.1406
2022-10-22 12:00:00,2022-10-22 13:00:00,40.37,44.4264,26.1406,21.06,44.4264,26.1406,17.84,44.4264,26.1406
2022-10-22 13:00:00,2022-10-22 14:00:00,36.02,44.4264,26.1406,19.36,44.4264,26.1406,17.96,44.4264,26.1406
2022-10-22 14:00:00,2022-10-22 15:00:00,35.64,44.4264,26.1406,19.47,44.4264,26.1406,16.18,44.4264,26.1406
2022-10-22 15:00:00,2022-10-22 16:00:00,35.37,44.4264,26.1406,19.88,44.4264,26.1406,18.32,44.4264,26.1406
2022-10-22 16:00:00,2022-10-22 17:00:00,36.18,44.4264,26.1406,19.32,44.4264,26.1406,49.15,44.4264,26.1406
2022-10-22 17:00:00,2022-10-22 18:00:00,46.17,44.4264,26.1406,22.3,44.4264,26.1406,59.48,44.4264,26.1406
2022-10-22 18:00:00,2022-10-22 19:00:00,53.2,44.4264,26.1406,27.52,44.4264,26.1406,46.48,44.4264,26.1406
2022-10-22 19:00:00,2022-10-22 20:00:00,51.89,44.4264,26.1406,30.37,44.4264,26.1406,53.69,44.4264,26.1406
2022-10-22 20:00:00,2022-10-22 21:00:00,50.65,44.4264,26.1406,31.01,44.4264,26.1406,49.95,44.4264,26.1406
2022-10-22 21:00:00,2022-10-22 22:00:00,47.55,44.4264,26.1406,29.16,44.4264,26.1406,33.94,44.4264,26.1406
2022-10-22 22:00:00,2022-10-22 23:00:00,43.46,44.4264,26.1406,25.94,44.4264,26.1406,31.37,44.4264,26.1406
2022-10-22 23:00:00,2022-10-23 00:00:00,40.52,44.4264,26.1406,25.14,44.4264,26.1406,26.14,44.4264,26.1406
2022-10-23 00:00:00,2022-10-23 01:00:00,35.88,44.4264,26.1406,22.25,44.4264,26.1406,18.67,44.4264,26.1406
2022-10-23 01:00:00,2022-10-23 02:00:00,32.48,44.4264,26.1406,19.01,44.4264,26.1406,13.07,44.4264,26.1406
2022-10-23 02:00:00,2022-10-23 03:00:00,34.43,44.4264,26.1406,20.62,44.4264,26.1406,24.12,44.4264,26.1406
2022-10-23 03:00:00,2022-10-23 04:00:00,33.4,44.4264,26.1406,20.35,44.4264,26.1406,22.51,44.4264,26.1406
2022-10-23 04:00:00,2022-10-23 05:00:00,33.68,44.4264,26.1406,19.64,44.4264,26.1406,,44.4264,26.1406
2022-10-23 05:00:00,2022-10-23 06:00:00,38.23,44.4264,26.1406,21.9,44.4264,26.1406,15.68,44.4264,26.1406
2022-10-23 06:00:00,2022-10-23 07:00:00,36.64,44.4264,26.1406,21.52,44.4264,26.1406,16.02,44.4264,26.1406
2022-10-23 07:00:00,2022-10-23 08:00:00,38.44,44.4264,26.1406,24.26,44.4264,26.1406,14.7,44.4264,26.1406
2022-10-23 08:00:00,2022-10-23 09:00:00,35.9,44.4264,26.1406,23.86,44.4264,26.1406,16.62,44.4264,26.1406
2022-10-23 09:00:00,2022-10-23 10:00:00,33.05,44.4264,26.1406,21.85,44.4264,26.1406,17.15,44.4264,26.1406
2022-10-23 10:00:00,2022-10-23 11:00:00,28.54,44.4264,26.1406,19.98,44.4264,26.1406,11.31,44.4264,26.1406
2022-10-23 11:00:00,2022-10-23 12:00:00,22.05,44.4264,26.1406,13.88,44.4264,26.1406,8.28,44.4264,26.1406
2022-10-23 12:00:00,2022-10-23 13:00:00,15.99,44.4264,26.1406,10.82,44.4264,26.1406,6.55,44.4264,26.1406
2022-10-23 13:00:00,2022-10-23 14:00:00,13.29,44.4264,26.1406,8.78,44.4264,26.1406,7.01,44.4264,26.1406
2022-10-23 14:00:00,2022-10-23 15:00:00,11.23,44.4264,26.1406,6.09,44.4264,26.1406,8.9,44.4264,26.1406
2022-10-23 15:00:00,2022-10-23 16:00:00,8.09,44.4264,26.1406,2.09,44.4264,26.1406,6.7,44.4264,26.1406
2022-10-23 16:00:00,2022-10-23 17:00:00,9.18,44.4264,26.1406,2.38,44.4264,26.1406,36.9,44.4264,26.1406
2022-10-23 17:00:00,2022-10-23 18:00:00,23.76,44.4264,26.1406,9.65,44.4264,26.1406,82.5,44.4264,26.1406
2022-10-23 18:00:00,2022-10-23 19:00:00,27.42,44.4264,26.1406,11.6,44.4264,26.1406,32.5,44.4264,26.1406
2022-10-23 19:00:00,2022-10-23 20:00:00,19.93,44.4264,26.1406,8.86,44.4264,26.1406,52.4,44.4264,26.1406
2022-10-23 20:00:00,2022-10-23 21:00:00,21.01,44.4264,26.1406,9.55,44.4264,26.1406,62.92,44.4264,26.1406
2022-10-23 21:00:00,2022-10-23 22:00:00,24.0,44.4264,26.1406,10.7,44.4264,26.1406,60.0,44.4264,26.1406
2022-10-23 22:00:00,2022-10-23 23:00:00,22.05,44.4264,26.1406,11.05,44.4264,26.1406,64.64,44.4264,26.1406
2022-10-23 23:00:00,2022-10-24 00:00:00,29.88,44.4264,26.1406,17.04,44.4264,26.1406,55.98,44.4264,26.1406
2022-10-24 00:00:00,2022-10-24 01:00:00,32.62,44.4264,26.1406,21.38,44.4264,26.1406,49.72,44.4264,26.1406
2022-10-24 01:00:00,2022-10-24 02:00:00,40.2,44.4264,26.1406,26.97,44.4264,26.1406,46.39,44.4264,26.1406
2022-10-24 02:00:00,2022-10-24 03:00:00,32.03,44.4264,26.1406,19.89,44.4264,26.1406,44.71,44.4264,26.1406
2022-10-24 03:00:00,2022-10-24 04:00:00,22.45,44.4264,26.1406,14.59,44.4264,26.1406,37.86,44.4264,26.1406
2022-10-24 04:00:00,2022-10-24 05:00:00,23.23,44.4264,26.1406,16.52,44.4264,26.1406,36.27,44.4264,26.1406
2022-10-24 05:00:00,2022-10-24 06:00:00,21.74,44.4264,26.1406,15.9,44.4264,26.1406,,44.4264,26.1406
2022-10-24 06:00:00,2022-10-24 07:00:00,21.28,44.4264,26.1406,15.1,44.4264,26.1406,40.88,44.4264,26.1406
2022-10-24 07:00:00,2022-10-24 08:00:00,22.92,44.4264,26.1406,14.4,44.4264,26.1406,42.27,44.4264,26.1406
2022-10-24 08:00:00,2022-10-24 09:00:00,28.73,44.4264,26.1406,15.7,44.4264,26.1406,45.1,44.4264,26.1406
2022-10-24 09:00:00,2022-10-24 10:00:00,38.79,44.4264,26.1406,21.42,44.4264,26.1406,59.71,44.4264,26.1406
2022-10-24 10:00:00,2022-10-24 11:00:00,46.58,44.4264,26.1406,24.29,44.4264,26.1406,69.47,44.4264,26.1406
2022-10-24 11:00:00,2022-10-24 12:00:00,48.98,44.4264,26.1406,25.33,44.4264,26.1406,69.38,44.4264,26.1406
2022-10-24 12:00:00,2022-10-24 13:00:00,43.15,44.4264,26.1406,20.81,44.4264,26.1406,50.7,44.4264,26.1406
2022-10-24 13:00:00,2022-10-24 14:00:00,34.5,44.4264,26.1406,15.63,44.4264,26.1406,32.43,44.4264,26.1406
2022-10-24 14:00:00,2022-10-24 15:00:00,35.5,44.4264,26.1406,12.72,44.4264,26.1406,20.05,44.4264,26.1406
2022-10-24 15:00:00,2022-10-24 16:00:00,24.26,44.4264,26.1406,8.65,44.4264,26.1406,16.63,44.4264,26.1406
2022-10-24 16:00:00,2022-10-24 17:00:00,18.33,44.4264,26.1406,6.89,44.4264,26.1406,28.07,44.4264,26.1406
2022-10-24 17:00:00,2022-10-24 18:00:00,28.67,44.4264,26.1406,10.58,44.4264,26.1406,78.43,44.4264,26.1406
2022-10-24 18:00:00,2022-10-24 19:00:00,38.8,44.4264,26.1406,13.06,44.4264,26.1406,92.87,44.4264,26.1406
2022-10-24 19:00:00,2022-10-24 20:00:00,58.43,44.4264,26.1406,22.91,44.4264,26.1406,84.78,44.4264,26.1406
2022-10-24 20:00:00,2022-10-24 21:00:00,46.48,44.4264,26.1406,22.9,44.4264,26.1406,83.88,44.4264,26.1406
2022-10-24 21:00:00,2022-10-24 22:00:00,52.03,44.4264,26.1406,25.89,44.4264,26.1406,81.21,44.4264,26.1406
2022-10-24 22:00:00,2022-10-24 23:00:00,48.46,44.4264,26.1406,25.8,44.4264,26.1406,65.95,44.4264,26.1406
2022-10-24 23:00:00,2022-10-25 00:00:00,36.65,44.4264,26.1406,21.87,44.4264,26.1406,41.65,44.4264,26.1406
2022-10-25 00:00:00,2022-10-25 01:00:00,33.43,44.4264,26.1406,20.99,44.4264,26.1406,58.29,44.4264,26.1406
2022-10-25 01:00:00,2022-10-25 02:00:00,39.42,44.4264,26.1406,26.38,44.4264,26.1406,59.24,44.4264,26.1406
2022-10-25 02:00:00,2022-10-25 03:00:00,38.99,44.4264,26.1406,25.89,44.4264,26.1406,55.2,44.4264,26.1406
2022-10-25 03:00:00,2022-10-25 04:00:00,40.18,44.4264,26.1406,27.08,44.4264,26.1406,50.3,44.4264,26.1406
2022-10-25 04:00:00,2022-10-25 05:00:00,38.62,44.4264,26.1406,27.31,44.4264,26.1406,45.83,44.4264,26.1406
2022-10-25 05:00:00,2022-10-25 06:00:00,45.87,44.4264,26.1406,35.53,44.4264,26.1406,44.27,44.4264,26.1406
2022-10-25 06:00:00,2022-10-25 07:00:00,47.76,44.4264,26.1406,33.6,44.4264,26.1406,,44.4264,26.1406
2022-10-25 07:00:00,2022-10-25 08:00:00,52.41,44.4264,26.1406,29.25,44.4264,26.1406,52.63,44.4264,26.1406
2022-10-25 08:00:00,2022-10-25 09:00:00,71.03,44.4264,26.1406,36.99,44.4264,26.1406,57.86,44.4264,26.1406
2022-10-25 09:00:00,2022-10-25 10:00:00,82.87,44.4264,26.1406,39.22,44.4264,26.1406,55.69,44.4264,26.1406
2022-10-25 10:00:00,2022-10-25 11:00:00,57.7,44.4264,26.1406,28.42,44.4264,26.1406,28.5,44.4264,26.1406
2022-10-25 11:00:00,2022-10-25 12:00:00,45.03,44.4264,26.1406,22.78,44.4264,26.1406,26.33,44.4264,26.1406
2022-10-25 12:00:00,2022-10-25 13:00:00,37.0,44.4264,26.1406,17.69,44.4264,26.1406,16.23,44.4264,26.1406
2022-10-25 13:00:00,2022-10-25 14:00:00,34.91,44.4264,26.1406,12.2,44.4264,26.1406,12.53,44.4264,26.1406
2022-10-25 14:00:00,2022-10-25 15:00:00,38.33,44.4264,26.1406,11.23,44.4264,26.1406,13.22,44.4264,26.1406
2022-10-25 15:00:00,2022-10-25 16:00:00,49.69,44.4264,26.1406,15.25,44.4264,26.1406,13.61,44.4264,26.1406
2022-10-25 16:00:00,2022-10-25 17:00:00,52.63,44.4264,26.1406,15.95,44.4264,26.1406,19.15,44.4264,26.1406
2022-10-25 17:00:00,2022-10-25 18:00:00,46.86,44.4264,26.1406,16.37,44.4264,26.1406,29.84,44.4264,26.1406
2022-10-25 18:00:00,2022-10-25 19:00:00,42.58,44.4264,26.1406,15.19,44.4264,26.1406,28.89,44.4264,26.1406
2022-10-25 19:00:00,2022-10-25 20:00:00,42.91,44.4264,26.1406,17.75,44.4264,26.1406,26.34,44.4264,26.1406
2022-10-25 20:00:00,2022-10-25 21:00:00,41.13,44.4264,26.1406,18.64,44.4264,26.1406,38.45,44.4264,26.1406
2022-10-25 21:00:00,2022-10-25 22:00:00,43.7,44.4264,26.1406,21.39,44.4264,26.1406,36.54,44.4264,26.1406
2022-10-25 22:00:00,2022-10-25 23:00:00,38.91,44.4264,26.1406,20.48,44.4264,26.1406,24.97,44.4264,26.1406
2022-10-25 23:00:00,2022-10-26 00:00:00,39.99,44.4264,26.1406,22.24,44.4264,26.1406,40.35,44.4264,26.1406
2022-10-26 00:00:00,2022-10-26 01:00:00,40.11,44.4264,26.1406,22.79,44.4264,26.1406,37.08,44.4264,26.1406
2022-10-26 01:00:00,2022-10-26 02:00:00,41.18,44.4264,26.1406,25.29,44.4264,26.1406,43.57,44.4264,26.1406
2022-10-26 02:00:00,2022-10-26 03:00:00,40.99,44.4264,26.1406,25.67,44.4264,26.1406,42.04,44.4264,26.1406
2022-10-26 03:00:00,2022-10-26 04:00:00,35.79,44.4264,26.1406,21.71,44.4264,26.1406,31.29,44.4264,26.1406
2022-10-26 04:00:00,2022-10-26 05:00:00,31.97,44.4264,26.1406,18.33,44.4264,26.1406,30.72,44.4264,26.1406
2022-10-26 05:00:00,2022-10-26 06:00:00,39.5,44.4264,26.1406,24.53,44.4264,26.1406,34.86,44.4264,26.1406
2022-10-26 06:00:00,2022-10-26 07:00:00,53.03,44.4264,26.1406,34.01,44.4264,26.1406,38.08,44.4264,26.1406
2022-10-26 07:00:00,2022-10-26 08:00:00,64.24,44.4264,26.1406,38.81,44.4264,26.1406,,44.4264,26.1406
2022-10-26 08:00:00,2022-10-26 09:00:00,59.83,44.4264,26.1406,28.71,44.4264,26.1406,49.1,44.4264,26.1406
2022-10-26 09:00:00,2022-10-26 10:00:00,41.1,44.4264,26.1406,16.09,44.4264,26.1406,31.24,44.4264,26.1406
2022-10-26 10:00:00,2022-10-26 11:00:00,31.0,44.4264,26.1406,12.29,44.4264,26.1406,19.28,44.4264,26.1406
2022-10-26 11:00:00,2022-10-26 12:00:00,28.63,44.4264,26.1406,11.55,44.4264,26.1406,18.8,44.4264,26.1406
2022-10-26 12:00:00,2022-10-26 13:00:00,19.41,44.4264,26.1406,7.68,44.4264,26.1406,14.47,44.4264,26.1406
2022-10-26 13:00:00,2022-10-26 14:00:00,16.64,44.4264,26.1406,7.3,44.4264,26.1406,10.68,44.4264,26.1406
2022-10-26 14:00:00,2022-10-26 15:00:00,12.75,44.4264,26.1406,4.06,44.4264,26.1406,12.15,44.4264,26.1406
2022-10-26 15:00:00,2022-10-26 16:00:00,21.15,44.4264,26.1406,10.89,44.4264,26.1406,14.05,44.4264,26.1406
2022-10-26 16:00:00,2022-10-26 17:00:00,16.1,44.4264,26.1406,6.26,44.4264,26.1406,30.22,44.4264,26.1406
2022-10-26 17:00:00,2022-10-26 18:00:00,22.97,44.4264,26.1406,8.97,44.4264,26.1406,64.54,44.4264,26.1406
2022-10-26 18:00:00,2022-10-26 19:00:00,38.82,44.4264,26.1406,14.91,44.4264,26.1406,93.33,44.4264,26.1406
2022-10-26 19:00:00,2022-10-26 20:00:00,56.68,44.4264,26.1406,23.36,44.4264,26.1406,107.61,44.4264,26.1406
2022-10-26 20:00:00,2022-10-26 21:00:00,57.7,44.4264,26.1406,24.9,44.4264,26.1406,101.94,44.4264,26.1406
2022-10-26 21:00:00,2022-10-26 22:00:00,59.92,44.4264,26.1406,27.59,44.4264,26.1406,88.65,44.4264,26.1406
2022-10-26 22:00:00,2022-10-26 23:00:00,63.33,44.4264,26.1406,32.92,44.4264,26.1406,75.2,44.4264,26.1406
2022-10-26 23:00:00,2022-10-27 00:00:00,36.63,44.4264,26.1406,18.86,44.4264,26.1406,50.98,44.4264,26.1406
2022-10-27 00:00:00,2022-10-27 01:00:00,20.17,44.4264,26.1406,11.17,44.4264,26.1406,26.98,44.4264,26.1406
2022-10-27 01:00:00,2022-10-27 02:00:00,15.9,44.4264,26.1406,9.06,44.4264,26.1406,44.47,44.4264,26.1406
2022-10-27 02:00:00,2022-10-27 03:00:00,20.65,44.4264,26.1406,13.51,44.4264,26.1406,23.3,44.4264,26.1406
2022-10-27 03:00:00,2022-10-27 04:00:00,10.54,44.4264,26.1406,6.21,44.4264,26.1406,17.59,44.4264,26.1406
2022-10-27 04:00:00,2022-10-27 05:00:00,15.55,44.4264,26.1406,10.24,44.4264,26.1406,18.53,44.4264,26.1406
2022-10-27 05:00:00,2022-10-27 06:00:00,14.11,44.4264,26.1406,7.28,44.4264,26.1406,37.25,44.4264,26.1406
2022-10-27 06:00:00,2022-10-27 07:00:00,18.42,44.4264,26.1406,8.71,44.4264,26.1406,48.74,44.4264,26.1406
2022-10-27 07:00:00,2022-10-27 08:00:00,21.99,44.4264,26.1406,11.51,44.4264,26.1406,54.26,44.4264,26.1406
2022-10-27 08:00:00,2022-10-27 09:00:00,28.51,44.4264,26.1406,13.36,44.4264,26.1406,,44.4264,26.1406
2022-10-27 09:00:00,2022-10-27 10:00:00,32.75,44.4264,26.1406,14.22,44.4264,26.1406,,44.4264,26.1406
2022-10-27 10:00:00,2022-10-27 11:00:00,30.76,44.4264,26.1406,11.44,44.4264,26.1406,,44.4264,26.1406
2022-10-27 11:00:00,2022-10-27 12:00:00,32.7,44.4264,26.1406,12.1,44.4264,26.1406,,44.4264,26.1406
2022-10-27 12:00:00,2022-10-27 13:00:00,24.17,44.4264,26.1406,9.31,44.4264,26.1406,18.83,44.4264,26.1406
2022-10-27 13:00:00,2022-10-27 14:00:00,18.46,44.4264,26.1406,8.53,44.4264,26.1406,15.33,44.4264,26.1406
2022-10-27 14:00:00,2022-10-27 15:00:00,16.03,44.4264,26.1406,6.83,44.4264,26.1406,9.74,44.4264,26.1406
2022-10-27 15:00:00,2022-10-27 16:00:00,14.28,44.4264,26.1406,5.93,44.4264,26.1406,9.66,44.4264,26.1406
2022-10-27 16:00:00,2022-10-27 17:00:00,14.92,44.4264,26.1406,5.78,44.4264,26.1406,11.69,44.4264,26.1406
2022-10-27 17:00:00,2022-10-27 18:00:00,20.29,44.4264,26.1406,7.32,44.4264,26.1406,46.76,44.4264,26.1406
2022-10-27 18:00:00,2022-10-27 19:00:00,27.87,44.4264,26.1406,7.46,44.4264,26.1406,109.86,44.4264,26.1406
2022-10-27 19:00:00,2022-10-27 20:00:00,55.35,44.4264,26.1406,18.09,44.4264,26.1406,112.92,44.4264,26.1406
2022-10-27 20:00:00,2022-10-27 21:00:00,72.64,44.4264,26.1406,30.24,44.4264,26.1406,89.19,44.4264,26.1406
2022-10-27 21:00:00,2022-10-27 22:00:00,73.7,44.4264,26.1406,35.6,44.4264,26.1406,89.0,44.4264,26.1406
2022-10-27 22:00:00,2022-10-27 23:00:00,83.36,44.4264,26.1406,46.91,44.4264,26.1406,81.82,44.4264,26.1406
2022-10-27 23:00:00,2022-10-28 00:00:00,74.27,44.4264,26.1406,42.59,44.4264,26.1406,80.67,44.4264,26.1406
2022-10-28 00:00:00,2022-10-28 01:00:00,52.94,44.4264,26.1406,33.96,44.4264,26.1406,76.19,44.4264,26.1406
2022-10-28 01:00:00,2022-10-28 02:00:00,50.88,44.4264,26.1406,33.49,44.4264,26.1406,66.63,44.4264,26.1406
2022-10-28 02:00:00,2022-10-28 03:00:00,53.46,44.4264,26.1406,36.13,44.4264,26.1406,68.96,44.4264,26.1406
2022-10-28 03:00:00,2022-10-28 04:00:00,42.35,44.4264,26.1406,28.28,44.4264,26.1406,47.39,44.4264,26.1406
2022-10-28 04:00:00,2022-10-28 05:00:00,31.26,44.4264,26.1406,20.57,44.4264,26.1406,26.7,44.4264,26.1406
2022-10-28 05:00:00,2022-10-28 06:00:00,24.18,44.4264,26.1406,14.93,44.4264,26.1406,27.35,44.4264,26.1406
2022-10-28 06:00:00,2022-10-28 07:00:00,23.74,44.4264,26.1406,14.01,44.4264,26.1406,47.13,44.4264,26.1406
2022-10-28 07:00:00,2022-10-28 08:00:00,32.57,44.4264,26.1406,17.39,44.4264,26.1406,46.78,44.4264,26.1406
2022-10-28 08:00:00,2022-10-28 09:00:00,33.83,44.4264,26.1406,16.99,44.4264,26.1406,31.83,44.4264,26.1406
2022-10-28 09:00:00,2022-10-28 10:00:00,36.31,44.4264,26.1406,18.2,44.4264,26.1406,35.41,44.4264,26.1406
2022-10-28 10:00:00,2022-10-28 11:00:00,36.61,44.4264,26.1406,18.1,44.4264,26.1406,35.08,44.4264,26.1406
2022-10-28 11:00:00,2022-10-28 12:00:00,37.83,44.4264,26.1406,17.58,44.4264,26.1406,33.63,44.4264,26.1406
2022-10-28 12:00:00,2022-10-28 13:00:00,36.6,44.4264,26.1406,16.54,44.4264,26.1406,,44.4264,26.1406
2022-10-28 13:00:00,2022-10-28 14:00:00,33.56,44.4264,26.1406,16.89,44.4264,26.1406,22.1,44.4264,26.1406
2022-10-28 14:00:00,2022-10-28 15:00:00,30.08,44.4264,26.1406,14.74,44.4264,26.1406,14.58,44.4264,26.1406
2022-10-28 15:00:00,2022-10-28 16:00:00,27.09,44.4264,26.1406,11.95,44.4264,26.1406,5.93,44.4264,26.1406
2022-10-28 16:00:00,2022-10-28 17:00:00,24.7,44.4264,26.1406,13.12,44.4264,26.1406,1.14,44.4264,26.1406
2022-10-28 17:00:00,2022-10-28 18:00:00,26.48,44.4264,26.1406,14.4,44.4264,26.1406,27.28,44.4264,26.1406
2022-10-28 18:00:00,2022-10-28 19:00:00,56.63,44.4264,26.1406,27.96,44.4264,26.1406,140.3,44.4264,26.1406
2022-10-28 19:00:00,2022-10-28 20:00:00,86.8,44.4264,26.1406,42.89,44.4264,26.1406,138.93,44.4264,26.1406
2022-10-28 20:00:00,2022-10-28 21:00:00,96.84,44.4264,26.1406,48.58,44.4264,26.1406,121.98,44.4264,26.1406
2022-10-28 21:00:00,2022-10-28 22:00:00,93.92,44.4264,26.1406,48.74,44.4264,26.1406,104.63,44.4264,26.1406
2022-10-28 22:00:00,2022-10-28 23:00:00,86.48,44.4264,26.1406,50.98,44.4264,26.1406,89.57,44.4264,26.1406
2022-10-28 23:00:00,2022-10-29 00:00:00,92.93,44.4264,26.1406,55.13,44.4264,26.1406,80.98,44.4264,26.1406
2022-10-29 00:00:00,2022-10-29 01:00:00,80.47,44.4264,26.1406,51.22,44.4264,26.1406,72.55,44.4264,26.1406
2022-10-29 01:00:00,2022-10-29 02:00:00,67.77,44.4264,26.1406,47.29,44.4264,26.1406,61.25,44.4264,26.1406
2022-10-29 02:00:00,2022-10-29 03:00:00,62.5,44.4264,26.1406,44.79,44.4264,26.1406,51.1,44.4264,26.1406
2022-10-29 03:00:00,2022-10-29 04:00:00,54.81,44.4264,26.1406,38.7,44.4264,26.1406,35.06,44.4264,26.1406
2022-10-29 04:00:00,2022-10-29 05:00:00,50.91,44.4264,26.1406,37.22,44.4264,26.1406,25.83,44.4264,26.1406
2022-10-29 05:00:00,2022-10-29 06:00:00,49.18,44.4264,26.1406,37.32,44.4264,26.1406,43.4,44.4264,26.1406
2022-10-29 06:00:00,2022-10-29 07:00:00,55.94,44.4264,26.1406,41.52,44.4264,26.1406,36.7,44.4264,26.1406
2022-10-29 07:00:00,2022-10-29 08:00:00,49.25,44.4264,26.1406,36.92,44.4264,26.1406,31.38,44.4264,26.1406
2022-10-29 08:00:00,2022-10-29 09:00:00,50.59,44.4264,26.1406,35.45,44.4264,26.1406,33.15,44.4264,26.1406
2022-10-29 09:00:00,2022-10-29 10:00:00,56.95,44.4264,26.1406,38.0,44.4264,26.1406,44.14,44.4264,26.1406
2022-10-29 10:00:00,2022-10-29 11:00:00,62.76,44.4264,26.1406,39.31,44.4264,26.1406,45.3,44.4264,26.1406
2022-10-29 11:00:00,2022-10-29 12:00:00,48.17,44.4264,26.1406,29.99,44.4264,26.1406,23.99,44.4264,26.1406
2022-10-29 12:00:00,2022-10-29 13:00:00,36.17,44.4264,26.1406,21.76,44.4264,26.1406,12.47,44.4264,26.1406
2022-10-29 13:00:00,2022-10-29 14:00:00,34.11,44.4264,26.1406,20.49,44.4264,26.1406,,44.4264,26.1406
2022-10-29 14:00:00,2022-10-29 15:00:00,26.28,44.4264,26.1406,14.67,44.4264,26.1406,3.85,44.4264,26.1406
2022-10-29 15:00:00,2022-10-29 16:00:00,24.58,44.4264,26.1406,15.08,44.4264,26.1406,2.87,44.4264,26.1406
2022-10-29 16:00:00,2022-10-29 17:00:00,24.47,44.4264,26.1406,15.11,44.4264,26.1406,10.22,44.4264,26.1406
2022-10-29 17:00:00,2022-10-29 18:00:00,24.56,44.4264,26.1406,13.8,44.4264,26.1406,22.04,44.4264,26.1406
2022-10-29 18:00:00,2022-10-29 19:00:00,29.54,44.4264,26.1406,17.03,44.4264,26.1406,40.77,44.4264,26.1406
2022-10-29 19:00:00,2022-10-29 20:00:00,33.63,44.4264,26.1406,21.72,44.4264,26.1406,39.07,44.4264,26.1406
2022-10-29 20:00:00,2022-10-29 21:00:00,32.47,44.4264,26.1406,22.09,44.4264,26.1406,41.81,44.4264,26.1406
2022-10-29 21:00:00,2022-10-29 22:00:00,41.64,44.4264,26.1406,28.99,44.4264,26.1406,33.82,44.4264,26.1406
2022-10-29 22:00:00,2022-10-29 23:00:00,42.79,44.4264,26.1406,30.73,44.4264,26.1406,28.93,44.4264,26.1406
2022-10-29 23:00:00,2022-10-30 00:00:00,42.16,44.4264,26.1406,30.46,44.4264,26.1406,25.45,44.4264,26.1406
2022-10-30 00:00:00,2022-10-30 01:00:00,29.46,44.4264,26.1406,20.21,44.4264,26.1406,11.63,44.4264,26.1406
2022-10-30 01:00:00,2022-10-30 02:00:00,31.67,44.4264,26.1406,23.39,44.4264,26.1406,11.23,44.4264,26.1406
2022-10-30 02:00:00,2022-10-30 03:00:00,32.13,44.4264,26.1406,24.49,44.4264,26.1406,7.53,44.4264,26.1406
2022-10-30 03:00:00,2022-10-30 04:00:00,35.39,44.4264,26.1406,26.77,44.4264,26.1406,16.1,44.4264,26.1406
2022-10-30 04:00:00,2022-10-30 05:00:00,31.84,44.4264,26.1406,24.51,44.4264,26.1406,23.61,44.4264,26.1406
2022-10-30 05:00:00,2022-10-30 06:00:00,31.55,44.4264,26.1406,24.99,44.4264,26.1406,17.93,44.4264,26.1406
2022-10-30 06:00:00,2022-10-30 07:00:00,30.43,44.4264,26.1406,22.68,44.4264,26.1406,23.66,44.4264,26.1406
2022-10-30 07:00:00,2022-10-30 08:00:00,33.9,44.4264,26.1406,25.48,44.4264,26.1406,24.73,44.4264,26.1406
2022-10-30 08:00:00,2022-10-30 09:00:00,41.8,44.4264,26.1406,32.52,44.4264,26.1406,18.09,44.4264,26.1406
2022-10-30 09:00:00,2022-10-30 10:00:00,42.23,44.4264,26.1406,32.39,44.4264,26.1406,12.72,44.4264,26.1406
2022-10-30 10:00:00,2022-10-30 11:00:00,37.24,44.4264,26.1406,27.27,44.4264,26.1406,8.07,44.4264,26.1406
2022-10-30 11:00:00,2022-10-30 12:00:00,32.13,44.4264,26.1406,21.8,44.4264,26.1406,5.48,44.4264,26.1406
2022-10-30 12:00:00,2022-10-30 13:00:00,32.19,44.4264,26.1406,22.97,44.4264,26.1406,3.11,44.4264,26.1406
2022-10-30 13:00:00,2022-10-30 14:00:00,33.98,44.4264,26.1406,23.29,44.4264,26.1406,,44.4264,26.1406
2022-10-30 14:00:00,2022-10-30 15:00:00,35.81,44.4264,26.1406,23.95,44.4264,26.1406,30.24,44.4264,26.1406
2022-10-30 15:00:00,2022-10-30 16:00:00,32.9,44.4264,26.1406,22.39,44.4264,26.1406,15.33,44.4264,26.1406
2022-10-30 16:00:00,2022-10-30 17:00:00,33.24,44.4264,26.1406,23.75,44.4264,26.1406,36.55,44.4264,26.1406
2022-10-30 17:00:00,2022-10-30 18:00:00,46.92,44.4264,26.1406,28.24,44.4264,26.1406,100.08,44.4264,26.1406
2022-10-30 18:00:00,2022-10-30 19:00:00,67.41,44.4264,26.1406,39.87,44.4264,26.1406,87.44,44.4264,26.1406
2022-10-30 19:00:00,2022-10-30 20:00:00,81.65,44.4264,26.1406,57.29,44.4264,26.1406,100.03,44.4264,26.1406
2022-10-30 20:00:00,2022-10-30 21:00:00,103.42,44.4264,26.1406,78.28,44.4264,26.1406,81.62,44.4264,26.1406
2022-10-30 21:00:00,2022-10-30 22:00:00,75.95,44.4264,26.1406,55.03,44.4264,26.1406,74.03,44.4264,26.1406
2022-10-30 22:00:00,2022-10-30 23:00:00,54.78,44.4264,26.1406,38.22,44.4264,26.1406,60.01,44.4264,26.1406
2022-10-30 23:00:00,2022-10-31 00:00:00,51.92,44.4264,26.1406,36.69,44.4264,26.1406,55.96,44.4264,26.1406
2022-10-31 00:00:00,2022-10-31 01:00:00,46.98,44.4264,26.1406,33.3,44.4264,26.1406,45.78,44.4264,26.1406
2022-10-31 01:00:00,2022-10-31 02:00:00,40.35,44.4264,26.1406,28.32,44.4264,26.1406,43.34,44.4264,26.1406
2022-10-31 02:00:00,2022-10-31 03:00:00,37.68,44.4264,26.1406,25.11,44.4264,26.1406,31.85,44.4264,26.1406
2022-10-31 03:00:00,2022-10-31 04:00:00,30.85,44.4264,26.1406,20.1,44.4264,26.1406,17.51,44.4264,26.1406
2022-10-31 04:00:00,2022-10-31 05:00:00,26.71,44.4264,26.1406,17.24,44.4264,26.1406,23.65,44.4264,26.1406
2022-10-31 05:00:00,2022-10-31 06:00:00,25.14,44.4264,26.1406,16.18,44.4264,26.1406,28.41,44.4264,26.1406
2022-10-31 06:00:00,2022-10-31 07:00:00,27.08,44.4264,26.1406,16.81,44.4264,26.1406,31.68,44.4264,26.1406
2022-10-31 07:00:00,2022-10-31 08:00:00,36.16,44.4264,26.1406,20.07,44.4264,26.1406,44.61,44.4264,26.1406
2022-10-31 08:00:00,2022-10-31 09:00:00,85.73,44.4264,26.1406,26.95,44.4264,26.1406,58.08,44.4264,26.1406
2022-10-31 09:00:00,2022-10-31 10:00:00,74.51,44.4264,26.1406,26.05,44.4264,26.1406,47.26,44.4264,26.1406
2022-10-31 10:00:00,2022-10-31 11:00:00,40.47,44.4264,26.1406,12.92,44.4264,26.1406,15.19,44.4264,26.1406
2022-10-31 11:00:00,2022-10-31 12:00:00,34.16,44.4264,26.1406,13.74,44.4264,26.1406,8.83,44.4264,26.1406
2022-10-31 12:00:00,2022-10-31 13:00:00,34.34,44.4264,26.1406,17.43,44.4264,26.1406,4.32,44.4264,26.1406
2022-10-31 13:00:00,2022-10-31 14:00:00,29.83,44.4264,26.1406,15.43,44.4264,26.1406,3.52,44.4264,26.1406
2022-10-31 14:00:00,2022-10-31 15:00:00,28.73,44.4264,26.1406,13.78,44.4264,26.1406,,44.4264,26.1406
2022-10-31 15:00:00,2022-10-31 16:00:00,29.56,44.4264,26.1406,12.79,44.4264,26.1406,19.68,44.4264,26.1406
2022-10-31 16:00:00,2022-10-31 17:00:00,32.88,44.4264,26.1406,13.28,44.4264,26.1406,57.76,44.4264,26.1406
2022-10-31 17:00:00,2022-10-31 18:00:00,46.5,44.4264,26.1406,18.4,44.4264,26.1406,79.89,44.4264,26.1406
2022-10-31 18:00:00,2022-10-31 19:00:00,73.29,44.4264,26.1406,31.93,44.4264,26.1406,112.62,44.4264,26.1406
2022-10-31 19:00:00,2022-10-31 20:00:00,100.48,44.4264,26.1406,42.93,44.4264,26.1406,122.65,44.4264,26.1406
2022-10-31 20:00:00,2022-10-31 21:00:00,88.78,44.4264,26.1406,38.93,44.4264,26.1406,85.59,44.4264,26.1406
2022-10-31 21:00:00,2022-10-31 22:00:00,113.15,44.4264,26.1406,69.61,44.4264,26.1406,85.92,44.4264,26.1406
2022-10-31 22:00:00,2022-10-31 23:00:00,129.56,44.4264,26.1406,90.97,44.4264,26.1406,85.31,44.4264,26.1406
2022-10-31 23:00:00,2022-11-01 00:00:00,72.89,44.4264,26.1406,44.96,44.4264,26.1406,58.53,44.4264,26.1406
2022-11-01 00:00:00,2022-11-01 01:00:00,49.61,44.4264,26.1406,27.43,44.4264,26.1406,19.41,44.4264,26.1406
2022-11-01 01:00:00,2022-11-01 02:00:00,38.79,44.4264,26.1406,22.87,44.4264,26.1406,10.8,44.4264,26.1406
2022-11-01 02:00:00,2022-11-01 03:00:00,27.91,44.4264,26.1406,16.56,44.4264,26.1406,7.29,44.4264,26.1406
2022-11-01 03:00:00,2022-11-01 04:00:00,20.11,44.4264,26.1406,11.36,44.4264,26.1406,9.1,44.4264,26.1406
2022-11-01 04:00:00,2022-11-01 05:00:00,18.11,44.4264,26.1406,8.57,44.4264,26.1406,27.06,44.4264,26.1406
2022-11-01 05:00:00,2022-11-01 06:00:00,23.17,44.4264,26.1406,12.37,44.4264,26.1406,36.97,44.4264,26.1406
2022-11-01 06:00:00,2022-11-01 07:00:00,24.67,44.4264,26.1406,13.67,44.4264,26.1406,43.82,44.4264,26.1406
2022-11-01 07:00:00,2022-11-01 08:00:00,29.44,44.4264,26.1406,16.06,44.4264,26.1406,39.5,44.4264,26.1406
2022-11-01 08:00:00,2022-11-01 09:00:00,34.09,44.4264,26.1406,15.62,44.4264,26.1406,37.94,44.4264,26.1406
2022-11-01 09:00:00,2022-11-01 10:00:00,34.39,44.4264,26.1406,14.56,44.4264,26.1406,40.03,44.4264,26.1406
2022-11-01 10:00:00,2022-11-01 11:00:00,36.44,44.4264,26.1406,14.85,44.4264,26.1406,36.81,44.4264,26.1406
2022-11-01 11:00:00,2022-11-01 12:00:00,55.13,44.4264,26.1406,16.01,44.4264,26.1406,31.28,44.4264,26.1406
2022-11-01 12:00:00,2022-11-01 13:00:00,52.3,44.4264,26.1406,15.31,44.4264,26.1406,14.95,44.4264,26.1406
2022-11-01 13:00:00,2022-11-01 14:00:00,34.85,44.4264,26.1406,13.18,44.4264,26.1406,10.5,44.4264,26.1406
2022-11-01 15:00:00,2022-11-01 16:00:00,9.22,44.4264,26.1406,2.92,44.4264,26.1406,,44.4264,26.1406
2022-11-01 16:00:00,2022-11-01 17:00:00,36.75,44.4264,26.1406,13.44,44.4264,26.1406,81.01,44.4264,26.1406
2022-11-01 17:00:00,2022-11-01 18:00:00,98.78,44.4264,26.1406,31.06,44.4264,26.1406,168.11,44.4264,26.1406
2022-11-01 18:00:00,2022-11-01 19:00:00,104.39,44.4264,26.1406,38.5,44.4264,26.1406,99.31,44.4264,26.1406
2022-11-01 19:00:00,2022-11-01 20:00:00,114.24,44.4264,26.1406,49.96,44.4264,26.1406,108.91,44.4264,26.1406
2022-11-01 20:00:00,2022-11-01 21:00:00,142.13,44.4264,26.1406,54.93,44.4264,26.1406,100.82,44.4264,26.1406
2022-11-01 21:00:00,2022-11-01 22:00:00,116.89,44.4264,26.1406,53.12,44.4264,26.1406,96.76,44.4264,26.1406
2022-11-01 22:00:00,2022-11-01 23:00:00,109.37,44.4264,26.1406,62.09,44.4264,26.1406,84.34,44.4264,26.1406
2022-11-01 23:00:00,2022-11-02 00:00:00,80.53,44.4264,26.1406,51.1,44.4264,26.1406,77.45,44.4264,26.1406
2022-11-02 00:00:00,2022-11-02 01:00:00,53.92,44.4264,26.1406,37.16,44.4264,26.1406,62.77,44.4264,26.1406
2022-11-02 01:00:00,2022-11-02 02:00:00,44.31,44.4264,26.1406,30.43,44.4264,26.1406,46.95,44.4264,26.1406
2022-11-02 02:00:00,2022-11-02 03:00:00,45.7,44.4264,26.1406,32.01,44.4264,26.1406,28.39,44.4264,26.1406
2022-11-02 03:00:00,2022-11-02 04:00:00,42.28,44.4264,26.1406,30.45,44.4264,26.1406,29.99,44.4264,26.1406
2022-11-02 04:00:00,2022-11-02 05:00:00,42.57,44.4264,26.1406,31.03,44.4264,26.1406,39.05,44.4264,26.1406
2022-11-02 05:00:00,2022-11-02 06:00:00,41.66,44.4264,26.1406,29.51,44.4264,26.1406,33.94,44.4264,26.1406
2022-11-02 06:00:00,2022-11-02 07:00:00,46.49,44.4264,26.1406,32.57,44.4264,26.1406,30.57,44.4264,26.1406
2022-11-02 07:00:00,2022-11-02 08:00:00,50.48,44.4264,26.1406,32.73,44.4264,26.1406,31.34,44.4264,26.1406
2022-11-02 08:00:00,2022-11-02 09:00:00,51.7,44.4264,26.1406,32.05,44.4264,26.1406,25.89,44.4264,26.1406
2022-11-02 09:00:00,2022-11-02 10:00:00,51.17,44.4264,26.1406,29.39,44.4264,26.1406,17.56,44.4264,26.1406
2022-11-02 10:00:00,2022-11-02 11:00:00,50.97,44.4264,26.1406,27.85,44.4264,26.1406,14.4,44.4264,26.1406
2022-11-02 11:00:00,2022-11-02 12:00:00,53.87,44.4264,26.1406,28.91,44.4264,26.1406,17.82,44.4264,26.1406
2022-11-02 12:00:00,2022-11-02 13:00:00,49.81,44.4264,26.1406,27.54,44.4264,26.1406,9.88,44.4264,26.1406
2022-11-02 13:00:00,2022-11-02 14:00:00,49.63,44.4264,26.1406,26.73,44.4264,26.1406,17.44,44.4264,26.1406
2022-11-02 14:00:00,2022-11-02 15:00:00,45.28,44.4264,26.1406,24.07,44.4264,26.1406,12.75,44.4264,26.1406
2022-11-02 15:00:00,2022-11-02 16:00:00,52.85,44.4264,26.1406,26.06,44.4264,26.1406,49.84,44.4264,26.1406
2022-11-02 16:00:00,2022-11-02 17:00:00,75.12,44.4264,26.1406,30.39,44.4264,26.1406,,44.4264,26.1406
2022-11-02 17:00:00,2022-11-02 18:00:00,89.07,44.4264,26.1406,33.0,44.4264,26.1406,91.34,44.4264,26.1406
2022-11-02 18:00:00,2022-11-02 19:00:00,66.24,44.4264,26.1406,25.82,44.4264,26.1406,68.28,44.4264,26.1406
2022-11-02 19:00:00,2022-11-02 20:00:00,55.92,44.4264,26.1406,22.44,44.4264,26.1406,62.89,44.4264,26.1406
2022-11-02 20:00:00,2022-11-02 21:00:00,56.17,44.4264,26.1406,24.6,44.4264,26.1406,63.29,44.4264,26.1406
2022-11-02 21:00:00,2022-11-02 22:00:00,58.71,44.4264,26.1406,27.29,44.4264,26.1406,67.36,44.4264,26.1406
2022-11-02 22:00:00,2022-11-02 23:00:00,57.38,44.4264,26.1406,26.51,44.4264,26.1406,29.41,44.4264,26.1406
2022-11-02 23:00:00,2022-11-03 00:00:00,46.89,44.4264,26.1406,19.92,44.4264,26.1406,9.85,44.4264,26.1406
2022-11-03 00:00:00,2022-11-03 01:00:00,38.82,44.4264,26.1406,18.67,44.4264,26.1406,8.87,44.4264,26.1406
2022-11-03 01:00:00,2022-11-03 02:00:00,26.78,44.4264,26.1406,12.81,44.4264,26.1406,7.1,44.4264,26.1406
2022-11-03 02:00:00,2022-11-03 03:00:00,27.01,44.4264,26.1406,15.88,44.4264,26.1406,12.33,44.4264,26.1406
2022-11-03 03:00:00,2022-11-03 04:00:00,25.66,44.4264,26.1406,14.7,44.4264,26.1406,9.46,44.4264,26.1406
2022-11-03 04:00:00,2022-11-03 05:00:00,25.31,44.4264,26.1406,14.11,44.4264,26.1406,16.01,44.4264,26.1406
2022-11-03 05:00:00,2022-11-03 06:00:00,31.59,44.4264,26.1406,18.87,44.4264,26.1406,36.85,44.4264,26.1406
2022-11-03 06:00:00,2022-11-03 07:00:00,37.85,44.4264,26.1406,19.75,44.4264,26.1406,42.27,44.4264,26.1406
2022-11-03 07:00:00,2022-11-03 08:00:00,45.49,44.4264,26.1406,20.25,44.4264,26.1406,43.19,44.4264,26.1406
2022-11-03 08:00:00,2022-11-03 09:00:00,52.68,44.4264,26.1406,20.13,44.4264,26.1406,42.36,44.4264,26.1406
2022-11-03 09:00:00,2022-11-03 10:00:00,48.33,44.4264,26.1406,21.62,44.4264,26.1406,29.82,44.4264,26.1406
2022-11-03 10:00:00,2022-11-03 11:00:00,41.96,44.4264,26.1406,20.29,44.4264,26.1406,21.46,44.4264,26.1406
2022-11-03 11:00:00,2022-11-03 12:00:00,38.91,44.4264,26.1406,16.64,44.4264,26.1406,18.17,44.4264,26.1406
2022-11-03 12:00:00,2022-11-03 13:00:00,31.56,44.4264,26.1406,15.77,44.4264,26.1406,20.38,44.4264,26.1406
2022-11-03 13:00:00,2022-11-03 14:00:00,27.45,44.4264,26.1406,14.26,44.4264,26.1406,17.23,44.4264,26.1406
2022-11-03 14:00:00,2022-11-03 15:00:00,24.33,44.4264,26.1406,12.34,44.4264,26.1406,26.38,44.4264,26.1406
2022-11-03 15:00:00,2022-11-03 16:00:00,28.51,44.4264,26.1406,12.77,44.4264,26.1406,30.19,44.4264,26.1406
2022-11-03 16:00:00,2022-11-03 17:00:00,33.24,44.4264,26.1406,13.31,44.4264,26.1406,65.35,44.4264,26.1406
2022-11-03 17:00:00,2022-11-03 18:00:00,44.14,44.4264,26.1406,16.34,44.4264,26.1406,,44.4264,26.1406
2022-11-03 18:00:00,2022-11-03 19:00:00,49.16,44.4264,26.1406,20.43,44.4264,26.1406,87.34,44.4264,26.1406
2022-11-03 19:00:00,2022-11-03 20:00:00,63.05,44.4264,26.1406,32.71,44.4264,26.1406,88.77,44.4264,26.1406
2022-11-03 20:00:00,2022-11-03 21:00:00,70.4,44.4264,26.1406,33.08,44.4264,26.1406,89.73,44.4264,26.1406
2022-11-03 21:00:00,2022-11-03 22:00:00,71.49,44.4264,26.1406,35.53,44.4264,26.1406,80.82,44.4264,26.1406
2022-11-03 22:00:00,2022-11-03 23:00:00,61.41,44.4264,26.1406,30.35,44.4264,26.1406,75.75,44.4264,26.1406
2022-11-03 23:00:00,2022-11-04 00:00:00,49.8,44.4264,26.1406,26.05,44.4264,26.1406,67.41,44.4264,26.1406
2022-11-04 00:00:00,2022-11-04 01:00:00,44.7,44.4264,26.1406,25.87,44.4264,26.1406,60.0,44.4264,26.1406
2022-11-04 01:00:00,2022-11-04 02:00:00,39.27,44.4264,26.1406,23.27,44.4264,26.1406,41.6,44.4264,26.1406
2022-11-04 02:00:00,2022-11-04 03:00:00,35.7,44.4264,26.1406,21.07,44.4264,26.1406,22.1,44.4264,26.1406
2022-11-04 03:00:00,2022-11-04 04:00:00,32.36,44.4264,26.1406,19.74,44.4264,26.1406,22.05,44.4264,26.1406
2022-11-04 04:00:00,2022-11-04 05:00:00,34.73,44.4264,26.1406,23.21,44.4264,26.1406,22.67,44.4264,26.1406
2022-11-04 05:00:00,2022-11-04 06:00:00,34.06,44.4264,26.1406,22.52,44.4264,26.1406,35.54,44.4264,26.1406
2022-11-04 06:00:00,2022-11-04 07:00:00,39.58,44.4264,26.1406,25.57,44.4264,26.1406,48.21,44.4264,26.1406
2022-11-04 07:00:00,2022-11-04 08:00:00,40.68,44.4264,26.1406,23.05,44.4264,26.1406,38.6,44.4264,26.1406
2022-11-04 08:00:00,2022-11-04 09:00:00,45.02,44.4264,26.1406,24.4,44.4264,26.1406,42.53,44.4264,26.1406
2022-11-04 09:00:00,2022-11-04 10:00:00,42.75,44.4264,26.1406,22.61,44.4264,26.1406,34.53,44.4264,26.1406
2022-11-04 10:00:00,2022-11-04 11:00:00,38.83,44.4264,26.1406,20.29,44.4264,26.1406,31.32,44.4264,26.1406
2022-11-04 11:00:00,2022-11-04 12:00:00,41.18,44.4264,26.1406,22.36,44.4264,26.1406,26.84,44.4264,26.1406
2022-11-04 12:00:00,2022-11-04 13:00:00,37.1,44.4264,26.1406,19.75,44.4264,26.1406,24.81,44.4264,26.1406
2022-11-04 13:00:00,2022-11-04 14:00:00,35.27,44.4264,26.1406,16.48,44.4264,26.1406,35.72,44.4264,26.1406
2022-11-04 14:00:00,2022-11-04 15:00:00,42.09,44.4264,26.1406,19.08,44.4264,26.1406,42.16,44.4264,26.1406
2022-11-04 15:00:00,2022-11-04 16:00:00,45.55,44.4264,26.1406,18.09,44.4264,26.1406,65.72,44.4264,26.1406
2022-11-04 16:00:00,2022-11-04 17:00:00,51.49,44.4264,26.1406,20.08,44.4264,26.1406,90.21,44.4264,26.1406
2022-11-04 17:00:00,2022-11-04 18:00:00,51.57,44.4264,26.1406,22.15,44.4264,26.1406,89.91,44.4264,26.1406
2022-11-04 18:00:00,2022-11-04 19:00:00,68.08,44.4264,26.1406,33.68,44.4264,26.1406,,44.4264,26.1406
2022-11-04 19:00:00,2022-11-04 20:00:00,72.52,44.4264,26.1406,41.36,44.4264,26.1406,82.64,44.4264,26.1406
2022-11-04 20:00:00,2022-11-04 21:00:00,54.85,44.4264,26.1406,32.44,44.4264,26.1406,56.46,44.4264,26.1406
2022-11-04 21:00:00,2022-11-04 22:00:00,45.39,44.4264,26.1406,25.89,44.4264,26.1406,45.88,44.4264,26.1406
2022-11-04 22:00:00,2022-11-04 23:00:00,47.97,44.4264,26.1406,26.91,44.4264,26.1406,48.5,44.4264,26.1406
2022-11-04 23:00:00,2022-11-05 00:00:00,54.27,44.4264,26.1406,30.3,44.4264,26.1406,44.53,44.4264,26.1406
2022-11-05 00:00:00,2022-11-05 01:00:00,52.03,44.4264,26.1406,31.94,44.4264,26.1406,39.87,44.4264,26.1406
2022-11-05 01:00:00,2022-11-05 02:00:00,45.87,44.4264,26.1406,28.94,44.4264,26.1406,21.3,44.4264,26.1406
2022-11-05 02:00:00,2022-11-05 03:00:00,37.52,44.4264,26.1406,24.4,44.4264,26.1406,19.26,44.4264,26.1406
2022-11-05 03:00:00,2022-11-05 04:00:00,34.33,44.4264,26.1406,23.84,44.4264,26.1406,20.17,44.4264,26.1406
2022-11-05 04:00:00,2022-11-05 05:00:00,29.94,44.4264,26.1406,19.39,44.4264,26.1406,22.84,44.4264,26.1406
2022-11-05 05:00:00,2022-11-05 06:00:00,27.17,44.4264,26.1406,17.77,44.4264,26.1406,20.12,44.4264,26.1406
2022-11-05 06:00:00,2022-11-05 07:00:00,24.41,44.4264,26.1406,13.51,44.4264,26.1406,23.22,44.4264,26.1406
2022-11-05 07:00:00,2022-11-05 08:00:00,24.7,44.4264,26.1406,13.54,44.4264,26.1406,18.24,44.4264,26.1406
2022-11-05 08:00:00,2022-11-05 09:00:00,31.12,44.4264,26.1406,17.27,44.4264,26.1406,13.92,44.4264,26.1406
2022-11-05 09:00:00,2022-11-05 10:00:00,35.65,44.4264,26.1406,20.05,44.4264,26.1406,11.16,44.4264,26.1406
2022-11-05 10:00:00,2022-11-05 11:00:00,43.61,44.4264,26.1406,23.25,44.4264,26.1406,7.13,44.4264,26.1406
2022-11-05 11:00:00,2022-11-05 12:00:00,51.64,44.4264,26.1406,27.49,44.4264,26.1406,8.45,44.4264,26.1406
2022-11-05 12:00:00,2022-11-05 13:00:00,50.67,44.4264,26.1406,27.35,44.4264,26.1406,8.64,44.4264,26.1406
2022-11-05 13:00:00,2022-11-05 14:00:00,49.15,44.4264,26.1406,27.68,44.4264,26.1406,8.53,44.4264,26.1406
2022-11-05 14:00:00,2022-11-05 15:00:00,50.0,44.4264,26.1406,23.57,44.4264,26.1406,13.9,44.4264,26.1406
2022-11-05 15:00:00,2022-11-05 16:00:00,51.29,44.4264,26.1406,21.35,44.4264,26.1406,11.86,44.4264,26.1406
2022-11-05 16:00:00,2022-11-05 17:00:00,46.25,44.4264,26.1406,19.6,44.4264,26.1406,9.9,44.4264,26.1406
2022-11-05 17:00:00,2022-11-05 18:00:00,41.73,44.4264,26.1406,19.48,44.4264,26.1406,9.15,44.4264,26.1406
2022-11-05 18:00:00,2022-11-05 19:00:00,43.12,44.4264,26.1406,22.73,44.4264,26.1406,7.65,44.4264,26.1406
2022-11-05 19:00:00,2022-11-05 20:00:00,41.21,44.4264,26.1406,20.63,44.4264,26.1406,,44.4264,26.1406
2022-11-05 20:00:00,2022-11-05 21:00:00,43.93,44.4264,26.1406,23.46,44.4264,26.1406,4.86,44.4264,26.1406
2022-11-05 21:00:00,2022-11-05 22:00:00,41.63,44.4264,26.1406,24.45,44.4264,26.1406,4.41,44.4264,26.1406
2022-11-05 22:00:00,2022-11-05 23:00:00,36.9,44.4264,26.1406,23.12,44.4264,26.1406,3.11,44.4264,26.1406
2022-11-05 23:00:00,2022-11-06 00:00:00,38.72,44.4264,26.1406,25.37,44.4264,26.1406,2.28,44.4264,26.1406
2022-11-06 00:00:00,2022-11-06 01:00:00,38.53,44.4264,26.1406,24.59,44.4264,26.1406,1.8,44.4264,26.1406
2022-11-06 01:00:00,2022-11-06 02:00:00,37.63,44.4264,26.1406,23.31,44.4264,26.1406,0.85,44.4264,26.1406
2022-11-06 02:00:00,2022-11-06 03:00:00,39.64,44.4264,26.1406,24.34,44.4264,26.1406,0.95,44.4264,26.1406
2022-11-06 03:00:00,2022-11-06 04:00:00,35.67,44.4264,26.1406,20.74,44.4264,26.1406,1.33,44.4264,26.1406
2022-11-06 04:00:00,2022-11-06 05:00:00,34.58,44.4264,26.1406,20.58,44.4264,26.1406,1.57,44.4264,26.1406
2022-11-06 05:00:00,2022-11-06 06:00:00,37.35,44.4264,26.1406,22.19,44.4264,26.1406,1.92,44.4264,26.1406
2022-11-06 06:00:00,2022-11-06 07:00:00,35.4,44.4264,26.1406,19.61,44.4264,26.1406,2.09,44.4264,26.1406
2022-11-06 07:00:00,2022-11-06 08:00:00,32.57,44.4264,26.1406,17.53,44.4264,26.1406,3.24,44.4264,26.1406
2022-11-06 08:00:00,2022-11-06 09:00:00,32.57,44.4264,26.1406,18.13,44.4264,26.1406,4.5,44.4264,26.1406
2022-11-06 09:00:00,2022-11-06 10:00:00,31.09,44.4264,26.1406,16.04,44.4264,26.1406,4.39,44.4264,26.1406
2022-11-06 10:00:00,2022-11-06 11:00:00,32.49,44.4264,26.1406,17.04,44.4264,26.1406,4.38,44.4264,26.1406
2022-11-06 11:00:00,2022-11-06 12:00:00,35.58,44.4264,26.1406,19.68,44.4264,26.1406,6.13,44.4264,26.1406
2022-11-06 12:00:00,2022-11-06 13:00:00,36.23,44.4264,26.1406,17.71,44.4264,26.1406,5.25,44.4264,26.1406
2022-11-06 13:00:00,2022-11-06 14:00:00,46.67,44.4264,26.1406,16.25,44.4264,26.1406,4.46,44.4264,26.1406
2022-11-06 14:00:00,2022-11-06 15:00:00,54.05,44.4264,26.1406,17.55,44.4264,26.1406,5.6,44.4264,26.1406
2022-11-06 15:00:00,2022-11-06 16:00:00,35.54,44.4264,26.1406,13.42,44.4264,26.1406,7.01,44.4264,26.1406
2022-11-06 16:00:00,2022-11-06 17:00:00,31.94,44.4264,26.1406,14.23,44.4264,26.1406,6.64,44.4264,26.1406
2022-11-06 17:00:00,2022-11-06 18:00:00,29.91,44.4264,26.1406,14.91,44.4264,26.1406,8.05,44.4264,26.1406
2022-11-06 18:00:00,2022-11-06 19:00:00,27.22,44.4264,26.1406,14.0,44.4264,26.1406,8.66,44.4264,26.1406
2022-11-06 19:00:00,2022-11-06 20:00:00,23.31,44.4264,26.1406,10.14,44.4264,26.1406,6.57,44.4264,26.1406
2022-11-06 20:00:00,2022-11-06 21:00:00,21.35,44.4264,26.1406,9.62,44.4264,26.1406,,44.4264,26.1406
2022-11-06 21:00:00,2022-11-06 22:00:00,19.45,44.4264,26.1406,8.69,44.4264,26.1406,4.07,44.4264,26.1406
2022-11-06 22:00:00,2022-11-06 23:00:00,16.57,44.4264,26.1406,7.46,44.4264,26.1406,2.37,44.4264,26.1406
2022-11-06 23:00:00,2022-11-07 00:00:00,16.3,44.4264,26.1406,8.5,44.4264,26.1406,2.77,44.4264,26.1406
2022-11-07 00:00:00,2022-11-07 01:00:00,16.83,44.4264,26.1406,9.18,44.4264,26.1406,0.31,44.4264,26.1406
2022-11-07 01:00:00,2022-11-07 02:00:00,15.5,44.4264,26.1406,6.96,44.4264,26.1406,,44.4264,26.1406
2022-11-07 02:00:00,2022-11-07 03:00:00,14.18,44.4264,26.1406,5.41,44.4264,26.1406,0.17,44.4264,26.1406
2022-11-07 03:00:00,2022-11-07 04:00:00,14.98,44.4264,26.1406,6.06,44.4264,26.1406,1.5,44.4264,26.1406
2022-11-07 04:00:00,2022-11-07 05:00:00,15.11,44.4264,26.1406,6.07,44.4264,26.1406,6.15,44.4264,26.1406
2022-11-07 05:00:00,2022-11-07 06:00:00,18.69,44.4264,26.1406,9.61,44.4264,26.1406,17.61,44.4264,26.1406
2022-11-07 06:00:00,2022-11-07 07:00:00,23.94,44.4264,26.1406,13.13,44.4264,26.1406,26.32,44.4264,26.1406
2022-11-07 07:00:00,2022-11-07 08:00:00,26.35,44.4264,26.1406,12.74,44.4264,26.1406,23.09,44.4264,26.1406
2022-11-07 08:00:00,2022-11-07 09:00:00,25.87,44.4264,26.1406,12.04,44.4264,26.1406,19.04,44.4264,26.1406
2022-11-07 09:00:00,2022-11-07 10:00:00,24.32,44.4264,26.1406,10.13,44.4264,26.1406,15.29,44.4264,26.1406
2022-11-07 10:00:00,2022-11-07 11:00:00,23.01,44.4264,26.1406,9.15,44.4264,26.1406,12.69,44.4264,26.1406
2022-11-07 11:00:00,2022-11-07 12:00:00,21.29,44.4264,26.1406,8.24,44.4264,26.1406,11.42,44.4264,26.1406
2022-11-07 12:00:00,2022-11-07 13:00:00,25.37,44.4264,26.1406,14.04,44.4264,26.1406,11.21,44.4264,26.1406
2022-11-07 13:00:00,2022-11-07 14:00:00,23.04,44.4264,26.1406,12.95,44.4264,26.1406,10.85,44.4264,26.1406
2022-11-07 14:00:00,2022-11-07 15:00:00,23.29,44.4264,26.1406,12.74,44.4264,26.1406,7.09,44.4264,26.1406
2022-11-07 15:00:00,2022-11-07 16:00:00,22.31,44.4264,26.1406,12.25,44.4264,26.1406,7.33,44.4264,26.1406
2022-11-07 16:00:00,2022-11-07 17:00:00,29.01,44.4264,26.1406,13.53,44.4264,26.1406,54.53,44.4264,26.1406
2022-11-07 17:00:00,2022-11-07 18:00:00,40.46,44.4264,26.1406,16.09,44.4264,26.1406,68.37,44.4264,26.1406
2022-11-07 18:00:00,2022-11-07 19:00:00,41.59,44.4264,26.1406,18.53,44.4264,26.1406,71.22,44.4264,26.1406
2022-11-07 19:00:00,2022-11-07 20:00:00,56.7,44.4264,26.1406,27.55,44.4264,26.1406,89.31,44.4264,26.1406
2022-11-07 20:00:00,2022-11-07 21:00:00,54.63,44.4264,26.1406,27.57,44.4264,26.1406,68.81,44.4264,26.1406
2022-11-07 21:00:00,2022-11-07 22:00:00,39.36,44.4264,26.1406,20.86,44.4264,26.1406,,44.4264,26.1406
2022-11-07 22:00:00,2022-11-07 23:00:00,39.69,44.4264,26.1406,24.81,44.4264,26.1406,65.0,44.4264,26.1406
2022-11-07 23:00:00,2022-11-08 00:00:00,56.14,44.4264,26.1406,35.66,44.4264,26.1406,64.72,44.4264,26.1406
2022-11-08 00:00:00,2022-11-08 01:00:00,51.73,44.4264,26.1406,34.64,44.4264,26.1406,52.02,44.4264,26.1406
2022-11-08 01:00:00,2022-11-08 02:00:00,38.29,44.4264,26.1406,27.37,44.4264,26.1406,22.42,44.4264,26.1406
2022-11-08 02:00:00,2022-11-08 03:00:00,31.79,44.4264,26.1406,22.65,44.4264,26.1406,34.82,44.4264,26.1406
2022-11-08 03:00:00,2022-11-08 04:00:00,28.19,44.4264,26.1406,19.61,44.4264,26.1406,33.5,44.4264,26.1406
2022-11-08 04:00:00,2022-11-08 05:00:00,27.35,44.4264,26.1406,19.62,44.4264,26.1406,26.66,44.4264,26.1406
2022-11-08 05:00:00,2022-11-08 06:00:00,25.74,44.4264,26.1406,17.34,44.4264,26.1406,44.64,44.4264,26.1406
2022-11-08 06:00:00,2022-11-08 07:00:00,26.41,44.4264,26.1406,15.99,44.4264,26.1406,52.12,44.4264,26.1406
2022-11-08 07:00:00,2022-11-08 08:00:00,31.16,44.4264,26.1406,16.11,44.4264,26.1406,46.68,44.4264,26.1406
2022-11-08 08:00:00,2022-11-08 09:00:00,45.14,44.4264,26.1406,21.57,44.4264,26.1406,32.12,44.4264,26.1406
2022-11-08 09:00:00,2022-11-08 10:00:00,41.02,44.4264,26.1406,21.36,44.4264,26.1406,25.57,44.4264,26.1406
2022-11-08 10:00:00,2022-11-08 11:00:00,36.21,44.4264,26.1406,17.05,44.4264,26.1406,9.03,44.4264,26.1406
2022-11-08 11:00:00,2022-11-08 12:00:00,32.82,44.4264,26.1406,17.18,44.4264,26.1406,14.07,44.4264,26.1406
2022-11-08 12:00:00,2022-11-08 13:00:00,30.94,44.4264,26.1406,15.37,44.4264,26.1406,12.88,44.4264,26.1406
2022-11-08 13:00:00,2022-11-08 14:00:00,29.63,44.4264,26.1406,15.82,44.4264,26.1406,8.14,44.4264,26.1406
2022-11-08 14:00:00,2022-11-08 15:00:00,31.13,44.4264,26.1406,16.39,44.4264,26.1406,19.06,44.4264,26.1406
2022-11-08 15:00:00,2022-11-08 16:00:00,35.16,44.4264,26.1406,17.9,44.4264,26.1406,28.06,44.4264,26.1406
2022-11-08 16:00:00,2022-11-08 17:00:00,48.47,44.4264,26.1406,25.91,44.4264,26.1406,69.35,44.4264,26.1406
2022-11-08 17:00:00,2022-11-08 18:00:00,64.61,44.4264,26.1406,34.18,44.4264,26.1406,70.96,44.4264,26.1406
2022-11-08 18:00:00,2022-11-08 19:00:00,69.89,44.4264,26.1406,39.93,44.4264,26.1406,69.66,44.4264,26.1406
2022-11-08 19:00:00,2022-11-08 20:00:00,63.66,44.4264,26.1406,39.8,44.4264,26.1406,64.8,44.4264,26.1406
2022-11-08 20:00:00,2022-11-08 21:00:00,55.64,44.4264,26.1406,33.29,44.4264,26.1406,61.34,44.4264,26.1406
2022-11-08 21:00:00,2022-11-08 22:00:00,48.33,44.4264,26.1406,29.78,44.4264,26.1406,49.55,44.4264,26.1406
2022-11-08 22:00:00,2022-11-08 23:00:00,44.45,44.4264,26.1406,26.63,44.4264,26.1406,,44.4264,26.1406
2022-11-08 23:00:00,2022-11-09 00:00:00,46.1,44.4264,26.1406,28.17,44.4264,26.1406,45.96,44.4264,26.1406
2022-11-09 00:00:00,2022-11-09 01:00:00,51.38,44.4264,26.1406,34.67,44.4264,26.1406,46.61,44.4264,26.1406
2022-11-09 01:00:00,2022-11-09 02:00:00,47.67,44.4264,26.1406,30.34,44.4264,26.1406,29.56,44.4264,26.1406
2022-11-09 02:00:00,2022-11-09 03:00:00,43.11,44.4264,26.1406,25.01,44.4264,26.1406,30.62,44.4264,26.1406
2022-11-09 03:00:00,2022-11-09 04:00:00,45.97,44.4264,26.1406,27.35,44.4264,26.1406,30.91,44.4264,26.1406
2022-11-09 04:00:00,2022-11-09 05:00:00,45.36,44.4264,26.1406,27.72,44.4264,26.1406,31.88,44.4264,26.1406
2022-11-09 05:00:00,2022-11-09 06:00:00,41.05,44.4264,26.1406,22.77,44.4264,26.1406,29.76,44.4264,26.1406
2022-11-09 06:00:00,2022-11-09 07:00:00,43.64,44.4264,26.1406,24.83,44.4264,26.1406,32.44,44.4264,26.1406
2022-11-09 07:00:00,2022-11-09 08:00:00,46.33,44.4264,26.1406,27.47,44.4264,26.1406,33.05,44.4264,26.1406
2022-11-09 08:00:00,2022-11-09 09:00:00,46.9,44.4264,26.1406,24.68,44.4264,26.1406,31.69,44.4264,26.1406
2022-11-09 09:00:00,2022-11-09 10:00:00,39.46,44.4264,26.1406,18.27,44.4264,26.1406,29.66,44.4264,26.1406
2022-11-09 10:00:00,2022-11-09 11:00:00,42.99,44.4264,26.1406,22.52,44.4264,26.1406,32.01,44.4264,26.1406
2022-11-09 11:00:00,2022-11-09 12:00:00,42.07,44.4264,26.1406,23.13,44.4264,26.1406,27.04,44.4264,26.1406
2022-11-09 12:00:00,2022-11-09 13:00:00,42.23,44.4264,26.1406,23.12,44.4264,26.1406,29.73,44.4264,26.1406
2022-11-09 13:00:00,2022-11-09 14:00:00,43.38,44.4264,26.1406,24.49,44.4264,26.1406,32.12,44.4264,26.1406
2022-11-09 14:00:00,2022-11-09 15:00:00,38.38,44.4264,26.1406,20.87,44.4264,26.1406,33.52,44.4264,26.1406
2022-11-09 15:00:00,2022-11-09 16:00:00,40.86,44.4264,26.1406,21.33,44.4264,26.1406,55.47,44.4264,26.1406
2022-11-09 16:00:00,2022-11-09 17:00:00,49.95,44.4264,26.1406,25.11,44.4264,26.1406,97.11,44.4264,26.1406
2022-11-09 17:00:00,2022-11-09 18:00:00,66.67,44.4264,26.1406,32.36,44.4264,26.1406,112.04,44.4264,26.1406
2022-11-09 18:00:00,2022-11-09 19:00:00,82.09,44.4264,26.1406,42.31,44.4264,26.1406,118.55,44.4264,26.1406
2022-11-09 19:00:00,2022-11-09 20:00:00,81.73,44.4264,26.1406,46.16,44.4264,26.1406,99.01,44.4264,26.1406
2022-11-09 20:00:00,2022-11-09 21:00:00,96.36,44.4264,26.1406,63.81,44.4264,26.1406,84.94,44.4264,26.1406
2022-11-09 21:00:00,2022-11-09 22:00:00,108.5,44.4264,26.1406,75.28,44.4264,26.1406,78.91,44.4264,26.1406
2022-11-09 22:00:00,2022-11-09 23:00:00,98.53,44.4264,26.1406,68.95,44.4264,26.1406,69.44,44.4264,26.1406
2022-11-09 23:00:00,2022-11-10 00:00:00,83.28,44.4264,26.1406,56.98,44.4264,26.1406,,44.4264,26.1406
2022-11-10 00:00:00,2022-11-10 01:00:00,62.37,44.4264,26.1406,42.82,44.4264,26.1406,55.1,44.4264,26.1406
2022-11-10 01:00:00,2022-11-10 02:00:00,54.99,44.4264,26.1406,38.43,44.4264,26.1406,45.58,44.4264,26.1406
2022-11-10 02:00:00,2022-11-10 03:00:00,56.01,44.4264,26.1406,40.59,44.4264,26.1406,42.4,44.4264,26.1406
2022-11-10 03:00:00,2022-11-10 04:00:00,55.8,44.4264,26.1406,40.36,44.4264,26.1406,36.59,44.4264,26.1406
2022-11-10 04:00:00,2022-11-10 05:00:00,53.32,44.4264,26.1406,39.77,44.4264,26.1406,32.65,44.4264,26.1406
2022-11-10 05:00:00,2022-11-10 06:00:00,53.15,44.4264,26.1406,40.32,44.4264,26.1406,31.56,44.4264,26.1406
2022-11-10 06:00:00,2022-11-10 07:00:00,50.9,44.4264,26.1406,36.54,44.4264,26.1406,33.11,44.4264,26.1406
2022-11-10 07:00:00,2022-11-10 08:00:00,57.02,44.4264,26.1406,39.37,44.4264,26.1406,41.5,44.4264,26.1406
2022-11-10 08:00:00,2022-11-10 09:00:00,66.37,44.4264,26.1406,43.83,44.4264,26.1406,48.51,44.4264,26.1406
2022-11-10 09:00:00,2022-11-10 10:00:00,66.15,44.4264,26.1406,42.33,44.4264,26.1406,53.9,44.4264,26.1406
2022-11-10 10:00:00,2022-11-10 11:00:00,65.57,44.4264,26.1406,40.27,44.4264,26.1406,61.79,44.4264,26.1406
2022-11-10 11:00:00,2022-11-10 12:00:00,61.5,44.4264,26.1406,36.15,44.4264,26.1406,65.37,44.4264,26.1406
2022-11-10 12:00:00,2022-11-10 13:00:00,52.19,44.4264,26.1406,30.08,44.4264,26.1406,65.83,44.4264,26.1406
2022-11-10 13:00:00,2022-11-10 14:00:00,55.14,44.4264,26.1406,30.52,44.4264,26.1406,79.76,44.4264,26.1406
2022-11-10 14:00:00,2022-11-10 15:00:00,71.55,44.4264,26.1406,36.4,44.4264,26.1406,81.7,44.4264,26.1406
2022-11-10 15:00:00,2022-11-10 16:00:00,72.68,44.4264,26.1406,33.82,44.4264,26.1406,79.25,44.4264,26.1406
2022-11-10 16:00:00,2022-11-10 17:00:00,64.62,44.4264,26.1406,27.81,44.4264,26.1406,79.6,44.4264,26.1406
2022-11-10 17:00:00,2022-11-10 18:00:00,77.69,44.4264,26.1406,35.47,44.4264,26.1406,115.32,44.4264,26.1406
2022-11-10 18:00:00,2022-11-10 19:00:00,91.62,44.4264,26.1406,42.74,44.4264,26.1406,110.08,44.4264,26.1406
2022-11-10 19:00:00,2022-11-10 20:00:00,82.07,44.4264,26.1406,42.86,44.4264,26.1406,84.33,44.4264,26.1406
2022-11-10 20:00:00,2022-11-10 21:00:00,80.65,44.4264,26.1406,52.88,44.4264,26.1406,80.53,44.4264,26.1406
2022-11-10 21:00:00,2022-11-10 22:00:00,59.58,44.4264,26.1406,42.65,44.4264,26.1406,69.72,44.4264,26.1406
2022-11-10 22:00:00,2022-11-10 23:00:00,56.98,44.4264,26.1406,42.32,44.4264,26.1406,52.43,44.4264,26.1406
2022-11-10 23:00:00,2022-11-11 00:00:00,54.57,44.4264,26.1406,42.46,44.4264,26.1406,45.91,44.4264,26.1406
2022-11-11 00:00:00,2022-11-11 01:00:00,53.97,44.4264,26.1406,42.74,44.4264,26.1406,,44.4264,26.1406
2022-11-11 01:00:00,2022-11-11 02:00:00,57.91,44.4264,26.1406,46.67,44.4264,26.1406,30.94,44.4264,26.1406
2022-11-11 02:00:00,2022-11-11 03:00:00,60.71,44.4264,26.1406,50.29,44.4264,26.1406,37.44,44.4264,26.1406
2022-11-11 03:00:00,2022-11-11 04:00:00,60.03,44.4264,26.1406,49.55,44.4264,26.1406,40.07,44.4264,26.1406
2022-11-11 04:00:00,2022-11-11 05:00:00,61.63,44.4264,26.1406,50.48,44.4264,26.1406,38.53,44.4264,26.1406
2022-11-11 05:00:00,2022-11-11 06:00:00,53.89,44.4264,26.1406,39.42,44.4264,26.1406,30.04,44.4264,26.1406
2022-11-11 06:00:00,2022-11-11 07:00:00,36.7,44.4264,26.1406,26.25,44.4264,26.1406,25.21,44.4264,26.1406
2022-11-11 07:00:00,2022-11-11 08:00:00,29.87,44.4264,26.1406,23.7,44.4264,26.1406,33.33,44.4264,26.1406
2022-11-11 08:00:00,2022-11-11 09:00:00,22.8,44.4264,26.1406,18.33,44.4264,26.1406,30.48,44.4264,26.1406
2022-11-11 09:00:00,2022-11-11 10:00:00,20.36,44.4264,26.1406,17.16,44.4264,26.1406,26.11,44.4264,26.1406
2022-11-11 10:00:00,2022-11-11 11:00:00,16.28,44.4264,26.1406,12.75,44.4264,26.1406,27.23,44.4264,26.1406
2022-11-11 11:00:00,2022-11-11 12:00:00,9.12,44.4264,26.1406,5.93,44.4264,26.1406,30.2,44.4264,26.1406
2022-11-11 12:00:00,2022-11-11 13:00:00,9.06,44.4264,26.1406,6.49,44.4264,26.1406,25.33,44.4264,26.1406
2022-11-11 13:00:00,2022-11-11 14:00:00,10.44,44.4264,26.1406,7.62,44.4264,26.1406,19.32,44.4264,26.1406
2022-11-11 14:00:00,2022-11-11 15:00:00,7.58,44.4264,26.1406,4.59,44.4264,26.1406,28.6,44.4264,26.1406
2022-11-11 15:00:00,2022-11-11 16:00:00,6.33,44.4264,26.1406,2.8,44.4264,26.1406,28.52,44.4264,26.1406
2022-11-11 16:00:00,2022-11-11 17:00:00,12.83,44.4264,26.1406,7.24,44.4264,26.1406,49.54,44.4264,26.1406
2022-11-11 17:00:00,2022-11-11 18:00:00,26.36,44.4264,26.1406,18.7,44.4264,26.1406,40.32,44.4264,26.1406
2022-11-11 18:00:00,2022-11-11 19:00:00,35.43,44.4264,26.1406,27.59,44.4264,26.1406,35.08,44.4264,26.1406
2022-11-11 19:00:00,2022-11-11 20:00:00,39.21,44.4264,26.1406,31.47,44.4264,26.1406,27.98,44.4264,26.1406
2022-11-11 20:00:00,2022-11-11 21:00:00,32.24,44.4264,26.1406,25.64,44.4264,26.1406,25.6,44.4264,26.1406
2022-11-11 21:00:00,2022-11-11 22:00:00,30.34,44.4264,26.1406,25.17,44.4264,26.1406,26.43,44.4264,26.1406
2022-11-11 22:00:00,2022-11-11 23:00:00,30.67,44.4264,26.1406,26.49,44.4264,26.1406,24.33,44.4264,26.1406
2022-11-11 23:00:00,2022-11-12 00:00:00,29.67,44.4264,26.1406,26.17,44.4264,26.1406,21.65,44.4264,26.1406
2022-11-12 00:00:00,2022-11-12 01:00:00,30.3,44.4264,26.1406,27.06,44.4264,26.1406,20.97,44.4264,26.1406
2022-11-12 01:00:00,2022-11-12 02:00:00,30.15,44.4264,26.1406,26.88,44.4264,26.1406,,44.4264,26.1406
2022-11-12 02:00:00,2022-11-12 03:00:00,29.59,44.4264,26.1406,25.5,44.4264,26.1406,22.42,44.4264,26.1406
2022-11-12 03:00:00,2022-11-12 04:00:00,28.32,44.4264,26.1406,24.33,44.4264,26.1406,21.47,44.4264,26.1406
2022-11-12 04:00:00,2022-11-12 05:00:00,24.67,44.4264,26.1406,20.52,44.4264,26.1406,18.07,44.4264,26.1406
2022-11-12 05:00:00,2022-11-12 06:00:00,20.18,44.4264,26.1406,16.7,44.4264,26.1406,22.52,44.4264,26.1406
2022-11-12 06:00:00,2022-11-12 07:00:00,22.14,44.4264,26.1406,18.52,44.4264,26.1406,22.04,44.4264,26.1406
2022-11-12 07:00:00,2022-11-12 08:00:00,25.0,44.4264,26.1406,20.62,44.4264,26.1406,27.41,44.4264,26.1406
2022-11-12 08:00:00,2022-11-12 09:00:00,26.55,44.4264,26.1406,19.44,44.4264,26.1406,18.53,44.4264,26.1406
2022-11-12 09:00:00,2022-11-12 10:00:00,24.82,44.4264,26.1406,17.09,44.4264,26.1406,14.45,44.4264,26.1406
2022-11-12 10:00:00,2022-11-12 11:00:00,22.0,44.4264,26.1406,15.26,44.4264,26.1406,7.54,44.4264,26.1406
2022-11-12 11:00:00,2022-11-12 12:00:00,18.77,44.4264,26.1406,13.23,44.4264,26.1406,5.22,44.4264,26.1406
2022-11-12 12:00:00,2022-11-12 13:00:00,16.19,44.4264,26.1406,11.07,44.4264,26.1406,8.4,44.4264,26.1406
2022-11-12 13:00:00,2022-11-12 14:00:00,15.77,44.4264,26.1406,10.92,44.4264,26.1406,4.59,44.4264,26.1406
2022-11-12 14:00:00,2022-11-12 15:00:00,8.74,44.4264,26.1406,5.65,44.4264,26.1406,13.96,44.4264,26.1406
2022-11-12 15:00:00,2022-11-12 16:00:00,14.81,44.4264,26.1406,7.46,44.4264,26.1406,25.52,44.4264,26.1406
2022-11-12 16:00:00,2022-11-12 17:00:00,22.46,44.4264,26.1406,13.62,44.4264,26.1406,69.58,44.4264,26.1406
2022-11-12 17:00:00,2022-11-12 18:00:00,30.49,44.4264,26.1406,16.86,44.4264,26.1406,81.68,44.4264,26.1406
2022-11-12 18:00:00,2022-11-12 19:00:00,42.11,44.4264,26.1406,21.83,44.4264,26.1406,71.37,44.4264,26.1406
2022-11-12 19:00:00,2022-11-12 20:00:00,73.74,44.4264,26.1406,56.99,44.4264,26.1406,62.41,44.4264,26.1406
2022-11-12 20:00:00,2022-11-12 21:00:00,102.83,44.4264,26.1406,78.19,44.4264,26.1406,64.16,44.4264,26.1406
2022-11-12 21:00:00,2022-11-12 22:00:00,102.94,44.4264,26.1406,75.39,44.4264,26.1406,59.54,44.4264,26.1406
2022-11-12 22:00:00,2022-11-12 23:00:00,87.29,44.4264,26.1406,67.21,44.4264,26.1406,57.31,44.4264,26.1406
2022-11-12 23:00:00,2022-11-13 00:00:00,73.45,44.4264,26.1406,61.13,44.4264,26.1406,50.39,44.4264,26.1406
2022-11-13 00:00:00,2022-11-13 01:00:00,63.38,44.4264,26.1406,55.01,44.4264,26.1406,48.42,44.4264,26.1406
2022-11-13 01:00:00,2022-11-13 02:00:00,56.74,44.4264,26.1406,49.67,44.4264,26.1406,43.05,44.4264,26.1406
2022-11-13 02:00:00,2022-11-13 03:00:00,56.95,44.4264,26.1406,50.0,44.4264,26.1406,,44.4264,26.1406
2022-11-13 03:00:00,2022-11-13 04:00:00,61.6,44.4264,26.1406,55.48,44.4264,26.1406,35.97,44.4264,26.1406
2022-11-13 04:00:00,2022-11-13 05:00:00,50.27,44.4264,26.1406,44.48,44.4264,26.1406,35.03,44.4264,26.1406
2022-11-13 05:00:00,2022-11-13 06:00:00,42.7,44.4264,26.1406,37.9,44.4264,26.1406,35.9,44.4264,26.1406
2022-11-13 06:00:00,2022-11-13 07:00:00,42.63,44.4264,26.1406,38.19,44.4264,26.1406,28.9,44.4264,26.1406
2022-11-13 07:00:00,2022-11-13 08:00:00,38.29,44.4264,26.1406,33.4,44.4264,26.1406,25.41,44.4264,26.1406
2022-11-13 08:00:00,2022-11-13 09:00:00,32.56,44.4264,26.1406,26.2,44.4264,26.1406,32.01,44.4264,26.1406
2022-11-13 09:00:00,2022-11-13 10:00:00,37.72,44.4264,26.1406,30.89,44.4264,26.1406,20.27,44.4264,26.1406
2022-11-13 10:00:00,2022-11-13 11:00:00,30.14,44.4264,26.1406,23.49,44.4264,26.1406,10.35,44.4264,26.1406
2022-11-13 11:00:00,2022-11-13 12:00:00,26.47,44.4264,26.1406,22.11,44.4264,26.1406,7.67,44.4264,26.1406
2022-11-13 12:00:00,2022-11-13 13:00:00,20.96,44.4264,26.1406,18.09,44.4264,26.1406,4.37,44.4264,26.1406
2022-11-13 13:00:00,2022-11-13 14:00:00,17.65,44.4264,26.1406,14.6,44.4264,26.1406,4.58,44.4264,26.1406
2022-11-13 14:00:00,2022-11-13 15:00:00,13.56,44.4264,26.1406,10.34,44.4264,26.1406,5.87,44.4264,26.1406
2022-11-13 15:00:00,2022-11-13 16:00:00,14.08,44.4264,26.1406,10.11,44.4264,26.1406,9.57,44.4264,26.1406
2022-11-13 16:00:00,2022-11-13 17:00:00,20.93,44.4264,26.1406,16.08,44.4264,26.1406,24.97,44.4264,26.1406
2022-11-13 17:00:00,2022-11-13 18:00:00,30.93,44.4264,26.1406,24.06,44.4264,26.1406,33.18,44.4264,26.1406
2022-11-13 18:00:00,2022-11-13 19:00:00,38.62,44.4264,26.1406,29.93,44.4264,26.1406,40.82,44.4264,26.1406
2022-11-13 19:00:00,2022-11-13 20:00:00,33.9,44.4264,26.1406,26.57,44.4264,26.1406,31.55,44.4264,26.1406
2022-11-13 20:00:00,2022-11-13 21:00:00,32.03,44.4264,26.1406,24.55,44.4264,26.1406,44.98,44.4264,26.1406
2022-11-13 21:00:00,2022-11-13 22:00:00,42.42,44.4264,26.1406,33.6,44.4264,26.1406,55.02,44.4264,26.1406
2022-11-13 22:00:00,2022-11-13 23:00:00,51.08,44.4264,26.1406,35.94,44.4264,26.1406,48.67,44.4264,26.1406
2022-11-13 23:00:00,2022-11-14 00:00:00,39.03,44.4264,26.1406,29.05,44.4264,26.1406,42.34,44.4264,26.1406
2022-11-14 00:00:00,2022-11-14 01:00:00,33.28,44.4264,26.1406,24.73,44.4264,26.1406,36.53,44.4264,26.1406
2022-11-14 01:00:00,2022-11-14 02:00:00,30.36,44.4264,26.1406,23.8,44.4264,26.1406,37.51,44.4264,26.1406
2022-11-14 02:00:00,2022-11-14 03:00:00,29.33,44.4264,26.1406,23.01,44.4264,26.1406,38.63,44.4264,26.1406
2022-11-14 03:00:00,2022-11-14 04:00:00,29.28,44.4264,26.1406,21.15,44.4264,26.1406,,44.4264,26.1406
2022-11-14 04:00:00,2022-11-14 05:00:00,27.87,44.4264,26.1406,17.77,44.4264,26.1406,20.89,44.4264,26.1406
2022-11-14 05:00:00,2022-11-14 06:00:00,27.51,44.4264,26.1406,14.68,44.4264,26.1406,27.2,44.4264,26.1406
2022-11-14 06:00:00,2022-11-14 07:00:00,28.99,44.4264,26.1406,15.23,44.4264,26.1406,34.35,44.4264,26.1406
2022-11-14 07:00:00,2022-11-14 08:00:00,31.5,44.4264,26.1406,19.4,44.4264,26.1406,35.58,44.4264,26.1406
2022-11-14 08:00:00,2022-11-14 09:00:00,38.15,44.4264,26.1406,26.61,44.4264,26.1406,36.89,44.4264,26.1406
2022-11-14 09:00:00,2022-11-14 10:00:00,40.9,44.4264,26.1406,28.0,44.4264,26.1406,30.96,44.4264,26.1406
2022-11-14 10:00:00,2022-11-14 11:00:00,40.76,44.4264,26.1406,29.86,44.4264,26.1406,28.5,44.4264,26.1406
2022-11-14 11:00:00,2022-11-14 12:00:00,37.2,44.4264,26.1406,25.91,44.4264,26.1406,24.32,44.4264,26.1406
2022-11-14 12:00:00,2022-11-14 13:00:00,32.72,44.4264,26.1406,23.34,44.4264,26.1406,20.93,44.4264,26.1406
2022-11-14 13:00:00,2022-11-14 14:00:00,28.59,44.4264,26.1406,21.58,44.4264,26.1406,19.77,44.4264,26.1406
2022-11-14 14:00:00,2022-11-14 15:00:00,29.29,44.4264,26.1406,22.33,44.4264,26.1406,22.94,44.4264,26.1406
2022-11-14 15:00:00,2022-11-14 16:00:00,26.05,44.4264,26.1406,19.3,44.4264,26.1406,26.54,44.4264,26.1406
2022-11-14 16:00:00,2022-11-14 17:00:00,28.19,44.4264,26.1406,21.07,44.4264,26.1406,36.15,44.4264,26.1406
2022-11-14 17:00:00,2022-11-14 18:00:00,31.61,44.4264,26.1406,22.58,44.4264,26.1406,33.6,44.4264,26.1406
2022-11-14 18:00:00,2022-11-14 19:00:00,25.09,44.4264,26.1406,17.98,44.4264,26.1406,28.3,44.4264,26.1406
2022-11-14 19:00:00,2022-11-14 20:00:00,23.76,44.4264,26.1406,16.84,44.4264,26.1406,32.59,44.4264,26.1406
2022-11-14 20:00:00,2022-11-14 21:00:00,23.51,44.4264,26.1406,16.31,44.4264,26.1406,24.27,44.4264,26.1406
2022-11-14 21:00:00,2022-11-14 22:00:00,21.69,44.4264,26.1406,16.73,44.4264,26.1406,10.05,44.4264,26.1406
2022-11-14 22:00:00,2022-11-14 23:00:00,22.22,44.4264,26.1406,17.45,44.4264,26.1406,16.81,44.4264,26.1406
2022-11-14 23:00:00,2022-11-15 00:00:00,20.15,44.4264,26.1406,15.24,44.4264,26.1406,6.81,44.4264,26.1406
2022-11-15 00:00:00,2022-11-15 01:00:00,20.27,44.4264,26.1406,15.49,44.4264,26.1406,3.28,44.4264,26.1406
2022-11-15 01:00:00,2022-11-15 02:00:00,19.44,44.4264,26.1406,16.16,44.4264,26.1406,3.29,44.4264,26.1406
2022-11-15 02:00:00,2022-11-15 03:00:00,18.27,44.4264,26.1406,14.69,44.4264,26.1406,4.42,44.4264,26.1406
2022-11-15 03:00:00,2022-11-15 04:00:00,20.19,44.4264,26.1406,16.04,44.4264,26.1406,10.54,44.4264,26.1406
2022-11-15 04:00:00,2022-11-15 05:00:00,21.8,44.4264,26.1406,17.93,44.4264,26.1406,,44.4264,26.1406
2022-11-15 05:00:00,2022-11-15 06:00:00,21.05,44.4264,26.1406,17.07,44.4264,26.1406,6.27,44.4264,26.1406
2022-11-15 06:00:00,2022-11-15 07:00:00,23.29,44.4264,26.1406,19.28,44.4264,26.1406,10.34,44.4264,26.1406
2022-11-15 07:00:00,2022-11-15 08:00:00,22.46,44.4264,26.1406,18.0,44.4264,26.1406,8.88,44.4264,26.1406
2022-11-15 08:00:00,2022-11-15 09:00:00,22.71,44.4264,26.1406,18.04,44.4264,26.1406,15.0,44.4264,26.1406
2022-11-15 09:00:00,2022-11-15 10:00:00,26.07,44.4264,26.1406,20.39,44.4264,26.1406,14.89,44.4264,26.1406
2022-11-15 10:00:00,2022-11-15 11:00:00,28.83,44.4264,26.1406,22.44,44.4264,26.1406,15.63,44.4264,26.1406
2022-11-15 11:00:00,2022-11-15 12:00:00,27.46,44.4264,26.1406,20.49,44.4264,26.1406,13.37,44.4264,26.1406
2022-11-15 12:00:00,2022-11-15 13:00:00,27.5,44.4264,26.1406,22.15,44.4264,26.1406,8.33,44.4264,26.1406
2022-11-15 13:00:00,2022-11-15 14:00:00,23.49,44.4264,26.1406,18.03,44.4264,26.1406,10.04,44.4264,26.1406
2022-11-15 14:00:00,2022-11-15 15:00:00,22.82,44.4264,26.1406,17.54,44.4264,26.1406,13.0,44.4264,26.1406
2022-11-15 15:00:00,2022-11-15 16:00:00,24.61,44.4264,26.1406,18.4,44.4264,26.1406,17.45,44.4264,26.1406
2022-11-15 16:00:00,2022-11-15 17:00:00,24.94,44.4264,26.1406,17.85,44.4264,26.1406,15.91,44.4264,26.1406
2022-11-15 17:00:00,2022-11-15 18:00:00,24.08,44.4264,26.1406,17.84,44.4264,26.1406,19.27,44.4264,26.1406
2022-11-15 18:00:00,2022-11-15 19:00:00,25.56,44.4264,26.1406,20.54,44.4264,26.1406,16.47,44.4264,26.1406
2022-11-15 19:00:00,2022-11-15 20:00:00,29.21,44.4264,26.1406,22.87,44.4264,26.1406,15.16,44.4264,26.1406
2022-11-15 20:00:00,2022-11-15 21:00:00,30.13,44.4264,26.1406,24.17,44.4264,26.1406,12.46,44.4264,26.1406
2022-11-15 21:00:00,2022-11-15 22:00:00,29.33,44.4264,26.1406,23.95,44.4264,26.1406,13.81,44.4264,26.1406
2022-11-15 22:00:00,2022-11-15 23:00:00,29.88,44.4264,26.1406,23.42,44.4264,26.1406,8.88,44.4264,26.1406
2022-11-15 23:00:00,2022-11-16 00:00:00,33.64,44.4264,26.1406,26.19,44.4264,26.1406,7.73,44.4264,26.1406
2022-11-16 00:00:00,2022-11-16 01:00:00,29.6,44.4264,26.1406,22.11,44.4264,26.1406,10.12,44.4264,26.1406
2022-11-16 01:00:00,2022-11-16 02:00:00,31.11,44.4264,26.1406,23.15,44.4264,26.1406,11.86,44.4264,26.1406
2022-11-16 05:00:00,2022-11-16 06:00:00,9.95,44.4264,26.1406,7.43,44.4264,26.1406,,44.4264,26.1406
2022-11-16 06:00:00,2022-11-16 07:00:00,32.4,44.4264,26.1406,25.11,44.4264,26.1406,16.05,44.4264,26.1406
2022-11-16 07:00:00,2022-11-16 08:00:00,35.41,44.4264,26.1406,26.47,44.4264,26.1406,18.23,44.4264,26.1406
2022-11-16 08:00:00,2022-11-16 09:00:00,33.13,44.4264,26.1406,24.25,44.4264,26.1406,12.2,44.4264,26.1406
2022-11-16 09:00:00,2022-11-16 10:00:00,26.29,44.4264,26.1406,18.14,44.4264,26.1406,12.33,44.4264,26.1406
2022-11-16 10:00:00,2022-11-16 11:00:00,28.91,44.4264,26.1406,21.13,44.4264,26.1406,13.57,44.4264,26.1406
2022-11-16 11:00:00,2022-11-16 12:00:00,28.51,44.4264,26.1406,22.29,44.4264,26.1406,9.81,44.4264,26.1406
2022-11-16 12:00:00,2022-11-16 13:00:00,29.16,44.4264,26.1406,23.3,44.4264,26.1406,11.41,44.4264,26.1406
2022-11-16 13:00:00,2022-11-16 14:00:00,36.46,44.4264,26.1406,27.67,44.4264,26.1406,14.19,44.4264,26.1406
2022-11-16 14:00:00,2022-11-16 15:00:00,38.67,44.4264,26.1406,28.45,44.4264,26.1406,18.08,44.4264,26.1406
2022-11-16 15:00:00,2022-11-16 16:00:00,35.38,44.4264,26.1406,27.26,44.4264,26.1406,23.8,44.4264,26.1406
2022-11-16 16:00:00,2022-11-16 17:00:00,30.89,44.4264,26.1406,23.31,44.4264,26.1406,32.75,44.4264,26.1406
2022-11-16 17:00:00,2022-11-16 18:00:00,32.24,44.4264,26.1406,24.28,44.4264,26.1406,30.97,44.4264,26.1406
2022-11-16 18:00:00,2022-11-16 19:00:00,28.72,44.4264,26.1406,19.74,44.4264,26.1406,37.17,44.4264,26.1406
2022-11-16 19:00:00,2022-11-16 20:00:00,33.2,44.4264,26.1406,22.61,44.4264,26.1406,34.46,44.4264,26.1406
2022-11-16 20:00:00,2022-11-16 21:00:00,33.06,44.4264,26.1406,23.72,44.4264,26.1406,26.49,44.4264,26.1406
2022-11-16 21:00:00,2022-11-16 22:00:00,25.8,44.4264,26.1406,18.21,44.4264,26.1406,42.58,44.4264,26.1406
2022-11-16 22:00:00,2022-11-16 23:00:00,29.5,44.4264,26.1406,22.84,44.4264,26.1406,38.35,44.4264,26.1406
2022-11-16 23:00:00,2022-11-17 00:00:00,31.68,44.4264,26.1406,26.19,44.4264,26.1406,35.21,44.4264,26.1406
2022-11-17 00:00:00,2022-11-17 01:00:00,33.75,44.4264,26.1406,27.46,44.4264,26.1406,41.41,44.4264,26.1406
2022-11-17 01:00:00,2022-11-17 02:00:00,34.26,44.4264,26.1406,26.0,44.4264,26.1406,45.67,44.4264,26.1406
2022-11-17 02:00:00,2022-11-17 03:00:00,35.62,44.4264,26.1406,25.27,44.4264,26.1406,42.11,44.4264,26.1406
2022-11-17 03:00:00,2022-11-17 04:00:00,35.19,44.4264,26.1406,26.7,44.4264,26.1406,40.45,44.4264,26.1406
2022-11-17 04:00:00,2022-11-17 05:00:00,33.09,44.4264,26.1406,24.68,44.4264,26.1406,27.47,44.4264,26.1406
2022-11-17 05:00:00,2022-11-17 06:00:00,33.63,44.4264,26.1406,25.84,44.4264,26.1406,40.84,44.4264,26.1406
2022-11-17 06:00:00,2022-11-17 07:00:00,42.85,44.4264,26.1406,27.31,44.4264,26.1406,,44.4264,26.1406
2022-11-17 07:00:00,2022-11-17 08:00:00,58.32,44.4264,26.1406,32.96,44.4264,26.1406,53.45,44.4264,26.1406
2022-11-17 08:00:00,2022-11-17 09:00:00,56.79,44.4264,26.1406,37.63,44.4264,26.1406,64.99,44.4264,26.1406
2022-11-17 09:00:00,2022-11-17 10:00:00,64.98,44.4264,26.1406,37.33,44.4264,26.1406,66.27,44.4264,26.1406
2022-11-17 10:00:00,2022-11-17 11:00:00,54.56,44.4264,26.1406,33.25,44.4264,26.1406,41.39,44.4264,26.1406
2022-11-17 11:00:00,2022-11-17 12:00:00,33.74,44.4264,26.1406,22.12,44.4264,26.1406,20.64,44.4264,26.1406
2022-11-17 12:00:00,2022-11-17 13:00:00,21.6,44.4264,26.1406,15.99,44.4264,26.1406,12.11,44.4264,26.1406
2022-11-17 13:00:00,2022-11-17 14:00:00,26.65,44.4264,26.1406,20.57,44.4264,26.1406,9.07,44.4264,26.1406
2022-11-17 14:00:00,2022-11-17 15:00:00,22.59,44.4264,26.1406,17.73,44.4264,26.1406,9.67,44.4264,26.1406
2022-11-17 15:00:00,2022-11-17 16:00:00,18.91,44.4264,26.1406,14.83,44.4264,26.1406,16.79,44.4264,26.1406
2022-11-17 16:00:00,2022-11-17 17:00:00,18.93,44.4264,26.1406,13.09,44.4264,26.1406,26.64,44.4264,26.1406
2022-11-17 17:00:00,2022-11-17 18:00:00,20.12,44.4264,26.1406,13.49,44.4264,26.1406,34.58,44.4264,26.1406
2022-11-17 18:00:00,2022-11-17 19:00:00,17.56,44.4264,26.1406,11.9,44.4264,26.1406,34.65,44.4264,26.1406
2022-11-17 19:00:00,2022-11-17 20:00:00,16.44,44.4264,26.1406,12.02,44.4264,26.1406,21.34,44.4264,26.1406
2022-11-17 20:00:00,2022-11-17 21:00:00,14.51,44.4264,26.1406,11.11,44.4264,26.1406,26.26,44.4264,26.1406
2022-11-17 21:00:00,2022-11-17 22:00:00,19.12,44.4264,26.1406,14.96,44.4264,26.1406,31.64,44.4264,26.1406
2022-11-17 22:00:00,2022-11-17 23:00:00,15.76,44.4264,26.1406,11.5,44.4264,26.1406,40.15,44.4264,26.1406
2022-11-17 23:00:00,2022-11-18 00:00:00,17.14,44.4264,26.1406,8.94,44.4264,26.1406,34.21,44.4264,26.1406
2022-11-18 00:00:00,2022-11-18 01:00:00,17.76,44.4264,26.1406,10.74,44.4264,26.1406,28.61,44.4264,26.1406
2022-11-18 01:00:00,2022-11-18 02:00:00,17.38,44.4264,26.1406,13.14,44.4264,26.1406,19.31,44.4264,26.1406
2022-11-18 02:00:00,2022-11-18 03:00:00,18.36,44.4264,26.1406,15.87,44.4264,26.1406,17.46,44.4264,26.1406
2022-11-18 03:00:00,2022-11-18 04:00:00,17.15,44.4264,26.1406,13.15,44.4264,26.1406,24.24,44.4264,26.1406
2022-11-18 04:00:00,2022-11-18 05:00:00,13.51,44.4264,26.1406,9.07,44.4264,26.1406,19.07,44.4264,26.1406
2022-11-18 05:00:00,2022-11-18 06:00:00,14.51,44.4264,26.1406,9.76,44.4264,26.1406,16.91,44.4264,26.1406
2022-11-18 06:00:00,2022-11-18 07:00:00,13.86,44.4264,26.1406,10.61,44.4264,26.1406,16.77,44.4264,26.1406
2022-11-18 07:00:00,2022-11-18 08:00:00,11.41,44.4264,26.1406,8.02,44.4264,26.1406,,44.4264,26.1406
2022-11-18 08:00:00,2022-11-18 09:00:00,11.86,44.4264,26.1406,6.57,44.4264,26.1406,16.75,44.4264,26.1406
2022-11-18 09:00:00,2022-11-18 10:00:00,16.8,44.4264,26.1406,8.92,44.4264,26.1406,21.59,44.4264,26.1406
2022-11-18 10:00:00,2022-11-18 11:00:00,23.54,44.4264,26.1406,13.32,44.4264,26.1406,24.66,44.4264,26.1406
2022-11-18 11:00:00,2022-11-18 12:00:00,30.12,44.4264,26.1406,19.15,44.4264,26.1406,41.34,44.4264,26.1406
2022-11-18 12:00:00,2022-11-18 13:00:00,35.66,44.4264,26.1406,21.43,44.4264,26.1406,42.0,44.4264,26.1406
2022-11-18 13:00:00,2022-11-18 14:00:00,33.51,44.4264,26.1406,20.54,44.4264,26.1406,29.11,44.4264,26.1406
2022-11-18 14:00:00,2022-11-18 15:00:00,33.02,44.4264,26.1406,20.99,44.4264,26.1406,34.93,44.4264,26.1406
2022-11-18 15:00:00,2022-11-18 16:00:00,28.54,44.4264,26.1406,17.83,44.4264,26.1406,35.94,44.4264,26.1406
2022-11-18 16:00:00,2022-11-18 17:00:00,29.4,44.4264,26.1406,20.15,44.4264,26.1406,37.61,44.4264,26.1406
2022-11-18 17:00:00,2022-11-18 18:00:00,30.06,44.4264,26.1406,21.73,44.4264,26.1406,38.97,44.4264,26.1406
2022-11-18 18:00:00,2022-11-18 19:00:00,30.58,44.4264,26.1406,22.58,44.4264,26.1406,29.65,44.4264,26.1406
2022-11-18 19:00:00,2022-11-18 20:00:00,28.81,44.4264,26.1406,21.87,44.4264,26.1406,25.76,44.4264,26.1406
2022-11-18 20:00:00,2022-11-18 21:00:00,26.48,44.4264,26.1406,21.18,44.4264,26.1406,29.2,44.4264,26.1406
2022-11-18 21:00:00,2022-11-18 22:00:00,29.4,44.4264,26.1406,23.18,44.4264,26.1406,31.45,44.4264,26.1406
2022-11-18 22:00:00,2022-11-18 23:00:00,26.99,44.4264,26.1406,22.0,44.4264,26.1406,26.43,44.4264,26.1406
2022-11-18 23:00:00,2022-11-19 00:00:00,22.83,44.4264,26.1406,18.32,44.4264,26.1406,26.57,44.4264,26.1406
2022-11-19 00:00:00,2022-11-19 01:00:00,28.29,44.4264,26.1406,23.72,44.4264,26.1406,21.25,44.4264,26.1406
2022-11-19 01:00:00,2022-11-19 02:00:00,25.54,44.4264,26.1406,21.52,44.4264,26.1406,17.53,44.4264,26.1406
2022-11-19 02:00:00,2022-11-19 03:00:00,23.92,44.4264,26.1406,20.85,44.4264,26.1406,12.32,44.4264,26.1406
2022-11-19 03:00:00,2022-11-19 04:00:00,21.89,44.4264,26.1406,18.51,44.4264,26.1406,11.3,44.4264,26.1406
2022-11-19 04:00:00,2022-11-19 05:00:00,22.63,44.4264,26.1406,19.0,44.4264,26.1406,16.58,44.4264,26.1406
2022-11-19 05:00:00,2022-11-19 06:00:00,24.5,44.4264,26.1406,20.99,44.4264,26.1406,12.59,44.4264,26.1406
2022-11-19 06:00:00,2022-11-19 07:00:00,18.38,44.4264,26.1406,15.08,44.4264,26.1406,15.01,44.4264,26.1406
2022-11-19 07:00:00,2022-11-19 08:00:00,16.43,44.4264,26.1406,13.63,44.4264,26.1406,11.06,44.4264,26.1406
2022-11-19 08:00:00,2022-11-19 09:00:00,12.29,44.4264,26.1406,8.91,44.4264,26.1406,,44.4264,26.1406
2022-11-19 09:00:00,2022-11-19 10:00:00,12.22,44.4264,26.1406,8.6,44.4264,26.1406,4.83,44.4264,26.1406
2022-11-19 10:00:00,2022-11-19 11:00:00,12.18,44.4264,26.1406,8.22,44.4264,26.1406,3.79,44.4264,26.1406
2022-11-19 11:00:00,2022-11-19 12:00:00,7.81,44.4264,26.1406,4.74,44.4264,26.1406,4.55,44.4264,26.1406
2022-11-19 12:00:00,2022-11-19 13:00:00,6.95,44.4264,26.1406,3.58,44.4264,26.1406,5.76,44.4264,26.1406
2022-11-19 13:00:00,2022-11-19 14:00:00,8.78,44.4264,26.1406,5.88,44.4264,26.1406,6.48,44.4264,26.1406
2022-11-19 14:00:00,2022-11-19 15:00:00,12.32,44.4264,26.1406,8.31,44.4264,26.1406,14.29,44.4264,26.1406
2022-11-19 15:00:00,2022-11-19 16:00:00,15.75,44.4264,26.1406,10.29,44.4264,26.1406,21.57,44.4264,26.1406
2022-11-19 16:00:00,2022-11-19 17:00:00,18.7,44.4264,26.1406,12.6,44.4264,26.1406,43.02,44.4264,26.1406
2022-11-19 17:00:00,2022-11-19 18:00:00,25.83,44.4264,26.1406,18.18,44.4264,26.1406,40.07,44.4264,26.1406
2022-11-19 18:00:00,2022-11-19 19:00:00,26.15,44.4264,26.1406,18.86,44.4264,26.1406,21.17,44.4264,26.1406
2022-11-19 19:00:00,2022-11-19 20:00:00,20.09,44.4264,26.1406,14.82,44.4264,26.1406,14.06,44.4264,26.1406
2022-11-19 20:00:00,2022-11-19 21:00:00,25.38,44.4264,26.1406,20.59,44.4264,26.1406,12.89,44.4264,26.1406
2022-11-19 21:00:00,2022-11-19 22:00:00,20.16,44.4264,26.1406,15.77,44.4264,26.1406,12.22,44.4264,26.1406
2022-11-19 22:00:00,2022-11-19 23:00:00,19.54,44.4264,26.1406,15.27,44.4264,26.1406,9.36,44.4264,26.1406
2022-11-19 23:00:00,2022-11-20 00:00:00,20.35,44.4264,26.1406,15.97,44.4264,26.1406,7.04,44.4264,26.1406
2022-11-20 00:00:00,2022-11-20 01:00:00,18.52,44.4264,26.1406,13.75,44.4264,26.1406,6.11,44.4264,26.1406
2022-11-20 01:00:00,2022-11-20 02:00:00,19.01,44.4264,26.1406,15.21,44.4264,26.1406,5.01,44.4264,26.1406
2022-11-20 02:00:00,2022-11-20 03:00:00,21.08,44.4264,26.1406,17.28,44.4264,26.1406,4.5,44.4264,26.1406
2022-11-20 03:00:00,2022-11-20 04:00:00,15.38,44.4264,26.1406,12.41,44.4264,26.1406,4.8,44.4264,26.1406
2022-11-20 04:00:00,2022-11-20 05:00:00,15.39,44.4264,26.1406,12.3,44.4264,26.1406,4.63,44.4264,26.1406
2022-11-20 05:00:00,2022-11-20 06:00:00,8.9,44.4264,26.1406,6.75,44.4264,26.1406,5.55,44.4264,26.1406
2022-11-20 06:00:00,2022-11-20 07:00:00,10.49,44.4264,26.1406,7.49,44.4264,26.1406,5.33,44.4264,26.1406
2022-11-20 07:00:00,2022-11-20 08:00:00,8.64,44.4264,26.1406,4.98,44.4264,26.1406,7.99,44.4264,26.1406
2022-11-20 08:00:00,2022-11-20 09:00:00,9.98,44.4264,26.1406,7.18,44.4264,26.1406,8.52,44.4264,26.1406
2022-11-20 09:00:00,2022-11-20 10:00:00,8.37,44.4264,26.1406,4.91,44.4264,26.1406,,44.4264,26.1406
2022-11-20 10:00:00,2022-11-20 11:00:00,9.36,44.4264,26.1406,5.89,44.4264,26.1406,21.44,44.4264,26.1406
2022-11-20 11:00:00,2022-11-20 12:00:00,13.09,44.4264,26.1406,9.36,44.4264,26.1406,16.25,44.4264,26.1406
2022-11-20 12:00:00,2022-11-20 13:00:00,13.43,44.4264,26.1406,10.81,44.4264,26.1406,20.97,44.4264,26.1406
2022-11-20 13:00:00,2022-11-20 14:00:00,9.19,44.4264,26.1406,6.8,44.4264,26.1406,17.09,44.4264,26.1406
2022-11-20 14:00:00,2022-11-20 15:00:00,9.49,44.4264,26.1406,7.63,44.4264,26.1406,18.3,44.4264,26.1406
2022-11-20 15:00:00,2022-11-20 16:00:00,13.04,44.4264,26.1406,11.19,44.4264,26.1406,28.05,44.4264,26.1406
2022-11-20 16:00:00,2022-11-20 17:00:00,14.21,44.4264,26.1406,12.32,44.4264,26.1406,24.22,44.4264,26.1406
2022-11-20 17:00:00,2022-11-20 18:00:00,16.66,44.4264,26.1406,14.63,44.4264,26.1406,24.39,44.4264,26.1406
2022-11-20 18:00:00,2022-11-20 19:00:00,19.32,44.4264,26.1406,15.82,44.4264,26.1406,25.24,44.4264,26.1406
2022-11-20 19:00:00,2022-11-20 20:00:00,15.95,44.4264,26.1406,13.78,44.4264,26.1406,22.32,44.4264,26.1406
2022-11-20 20:00:00,2022-11-20 21:00:00,15.36,44.4264,26.1406,13.48,44.4264,26.1406,22.33,44.4264,26.1406
2022-11-20 21:00:00,2022-11-20 22:00:00,14.36,44.4264,26.1406,12.58,44.4264,26.1406,22.24,44.4264,26.1406
2022-11-20 22:00:00,2022-11-20 23:00:00,11.51,44.4264,26.1406,9.87,44.4264,26.1406,28.38,44.4264,26.1406
2022-11-20 23:00:00,2022-11-21 00:00:00,13.98,44.4264,26.1406,11.11,44.4264,26.1406,20.48,44.4264,26.1406
2022-11-21 00:00:00,2022-11-21 01:00:00,14.15,44.4264,26.1406,11.07,44.4264,26.1406,9.17,44.4264,26.1406
2022-11-21 01:00:00,2022-11-21 02:00:00,7.63,44.4264,26.1406,5.8,44.4264,26.1406,7.73,44.4264,26.1406
2022-11-21 02:00:00,2022-11-21 03:00:00,5.85,44.4264,26.1406,4.73,44.4264,26.1406,3.55,44.4264,26.1406
2022-11-21 03:00:00,2022-11-21 04:00:00,0.42,44.4264,26.1406,,,,8.9,44.4264,26.1406
2022-11-21 05:00:00,2022-11-21 06:00:00,11.73,44.4264,26.1406,10.07,44.4264,26.1406,7.73,44.4264,26.1406
2022-11-21 06:00:00,2022-11-21 07:00:00,12.86,44.4264,26.1406,11.04,44.4264,26.1406,16.05,44.4264,26.1406
2022-11-21 07:00:00,2022-11-21 08:00:00,2.1,44.4264,26.1406,0.32,44.4264,26.1406,11.61,44.4264,26.1406
2022-11-21 08:00:00,2022-11-21 09:00:00,8.11,44.4264,26.1406,6.35,44.4264,26.1406,13.67,44.4264,26.1406
2022-11-21 09:00:00,2022-11-21 10:00:00,4.76,44.4264,26.1406,2.43,44.4264,26.1406,11.67,44.4264,26.1406
2022-11-21 10:00:00,2022-11-21 11:00:00,5.73,44.4264,26.1406,2.83,44.4264,26.1406,,44.4264,26.1406
2022-11-21 11:00:00,2022-11-21 12:00:00,8.48,44.4264,26.1406,5.11,44.4264,26.1406,26.81,44.4264,26.1406
2022-11-21 12:00:00,2022-11-21 13:00:00,15.17,44.4264,26.1406,12.26,44.4264,26.1406,25.92,44.4264,26.1406
2022-11-21 13:00:00,2022-11-21 14:00:00,15.12,44.4264,26.1406,10.94,44.4264,26.1406,22.64,44.4264,26.1406
2022-11-21 14:00:00,2022-11-21 15:00:00,13.68,44.4264,26.1406,9.69,44.4264,26.1406,15.37,44.4264,26.1406
2022-11-21 15:00:00,2022-11-21 16:00:00,9.05,44.4264,26.1406,6.98,44.4264,26.1406,17.14,44.4264,26.1406
2022-11-21 16:00:00,2022-11-21 17:00:00,8.88,44.4264,26.1406,7.1,44.4264,26.1406,17.73,44.4264,26.1406
2022-11-21 17:00:00,2022-11-21 18:00:00,9.31,44.4264,26.1406,7.87,44.4264,26.1406,19.14,44.4264,26.1406
2022-11-21 18:00:00,2022-11-21 19:00:00,12.82,44.4264,26.1406,11.1,44.4264,26.1406,16.05,44.4264,26.1406
2022-11-21 19:00:00,2022-11-21 20:00:00,12.48,44.4264,26.1406,10.6,44.4264,26.1406,18.63,44.4264,26.1406
2022-11-21 20:00:00,2022-11-21 21:00:00,13.45,44.4264,26.1406,10.69,44.4264,26.1406,14.97,44.4264,26.1406
2022-11-21 21:00:00,2022-11-21 22:00:00,12.33,44.4264,26.1406,10.08,44.4264,26.1406,20.78,44.4264,26.1406
2022-11-21 22:00:00,2022-11-21 23:00:00,16.19,44.4264,26.1406,13.25,44.4264,26.1406,24.17,44.4264,26.1406
2022-11-21 23:00:00,2022-11-22 00:00:00,15.82,44.4264,26.1406,11.93,44.4264,26.1406,26.97,44.4264,26.1406
2022-11-22 00:00:00,2022-11-22 01:00:00,18.94,44.4264,26.1406,15.67,44.4264,26.1406,23.85,44.4264,26.1406
2022-11-22 01:00:00,2022-11-22 02:00:00,19.0,44.4264,26.1406,16.02,44.4264,26.1406,16.5,44.4264,26.1406
2022-11-22 02:00:00,2022-11-22 03:00:00,15.91,44.4264,26.1406,11.09,44.4264,26.1406,13.72,44.4264,26.1406
2022-11-22 03:00:00,2022-11-22 04:00:00,13.82,44.4264,26.1406,9.92,44.4264,26.1406,13.49,44.4264,26.1406
2022-11-22 04:00:00,2022-11-22 05:00:00,13.45,44.4264,26.1406,10.78,44.4264,26.1406,16.67,44.4264,26.1406
2022-11-22 05:00:00,2022-11-22 06:00:00,13.91,44.4264,26.1406,10.2,44.4264,26.1406,19.55,44.4264,26.1406
2022-11-22 06:00:00,2022-11-22 07:00:00,16.14,44.4264,26.1406,11.31,44.4264,26.1406,19.56,44.4264,26.1406
2022-11-22 07:00:00,2022-11-22 08:00:00,23.59,44.4264,26.1406,17.01,44.4264,26.1406,23.84,44.4264,26.1406
2022-11-22 08:00:00,2022-11-22 09:00:00,22.16,44.4264,26.1406,17.7,44.4264,26.1406,26.92,44.4264,26.1406
2022-11-22 09:00:00,2022-11-22 10:00:00,20.58,44.4264,26.1406,15.58,44.4264,26.1406,30.5,44.4264,26.1406
2022-11-22 10:00:00,2022-11-22 11:00:00,21.22,44.4264,26.1406,16.36,44.4264,26.1406,27.54,44.4264,26.1406
2022-11-22 11:00:00,2022-11-22 12:00:00,23.5,44.4264,26.1406,16.16,44.4264,26.1406,,44.4264,26.1406
2022-11-22 12:00:00,2022-11-22 13:00:00,24.48,44.4264,26.1406,17.93,44.4264,26.1406,24.93,44.4264,26.1406
2022-11-22 13:00:00,2022-11-22 14:00:00,29.62,44.4264,26.1406,20.65,44.4264,26.1406,28.52,44.4264,26.1406
2022-11-22 14:00:00,2022-11-22 15:00:00,32.15,44.4264,26.1406,21.54,44.4264,26.1406,45.18,44.4264,26.1406
2022-11-22 15:00:00,2022-11-22 16:00:00,37.14,44.4264,26.1406,22.41,44.4264,26.1406,56.95,44.4264,26.1406
2022-11-22 16:00:00,2022-11-22 17:00:00,43.47,44.4264,26.1406,22.54,44.4264,26.1406,66.35,44.4264,26.1406
2022-11-22 17:00:00,2022-11-22 18:00:00,52.42,44.4264,26.1406,28.43,44.4264,26.1406,66.11,44.4264,26.1406
2022-11-22 18:00:00,2022-11-22 19:00:00,48.74,44.4264,26.1406,28.99,44.4264,26.1406,56.54,44.4264,26.1406
2022-11-22 19:00:00,2022-11-22 20:00:00,39.25,44.4264,26.1406,25.89,44.4264,26.1406,42.07,44.4264,26.1406
2022-11-22 20:00:00,2022-11-22 21:00:00,28.81,44.4264,26.1406,19.5,44.4264,26.1406,32.02,44.4264,26.1406
2022-11-22 21:00:00,2022-11-22 22:00:00,24.55,44.4264,26.1406,18.25,44.4264,26.1406,27.04,44.4264,26.1406
2022-11-22 22:00:00,2022-11-22 23:00:00,24.69,44.4264,26.1406,21.06,44.4264,26.1406,18.54,44.4264,26.1406
2022-11-22 23:00:00,2022-11-23 00:00:00,20.14,44.4264,26.1406,16.46,44.4264,26.1406,18.03,44.4264,26.1406
2022-11-23 00:00:00,2022-11-23 01:00:00,20.25,44.4264,26.1406,16.91,44.4264,26.1406,12.31,44.4264,26.1406
2022-11-23 01:00:00,2022-11-23 02:00:00,16.37,44.4264,26.1406,13.75,44.4264,26.1406,7.71,44.4264,26.1406
2022-11-23 02:00:00,2022-11-23 03:00:00,13.29,44.4264,26.1406,10.6,44.4264,26.1406,7.96,44.4264,26.1406
2022-11-23 03:00:00,2022-11-23 04:00:00,14.08,44.4264,26.1406,12.43,44.4264,26.1406,9.07,44.4264,26.1406
2022-11-23 04:00:00,2022-11-23 05:00:00,12.8,44.4264,26.1406,10.38,44.4264,26.1406,11.6,44.4264,26.1406
2022-11-23 05:00:00,2022-11-23 06:00:00,15.1,44.4264,26.1406,11.05,44.4264,26.1406,20.05,44.4264,26.1406
2022-11-23 06:00:00,2022-11-23 07:00:00,18.14,44.4264,26.1406,14.84,44.4264,26.1406,31.12,44.4264,26.1406
2022-11-23 07:00:00,2022-11-23 08:00:00,15.11,44.4264,26.1406,12.44,44.4264,26.1406,28.63,44.4264,26.1406
2022-11-23 08:00:00,2022-11-23 09:00:00,11.94,44.4264,26.1406,9.29,44.4264,26.1406,26.02,44.4264,26.1406
2022-11-23 09:00:00,2022-11-23 10:00:00,12.5,44.4264,26.1406,10.96,44.4264,26.1406,25.7,44.4264,26.1406
2022-11-23 10:00:00,2022-11-23 11:00:00,13.37,44.4264,26.1406,10.97,44.4264,26.1406,26.51,44.4264,26.1406
2022-11-23 11:00:00,2022-11-23 12:00:00,10.86,44.4264,26.1406,8.23,44.4264,26.1406,24.58,44.4264,26.1406
2022-11-23 12:00:00,2022-11-23 13:00:00,18.16,44.4264,26.1406,16.08,44.4264,26.1406,,44.4264,26.1406
2022-11-23 13:00:00,2022-11-23 14:00:00,16.74,44.4264,26.1406,14.41,44.4264,26.1406,31.57,44.4264,26.1406
2022-11-23 14:00:00,2022-11-23 15:00:00,21.63,44.4264,26.1406,17.42,44.4264,26.1406,35.84,44.4264,26.1406
2022-11-23 15:00:00,2022-11-23 16:00:00,20.26,44.4264,26.1406,15.8,44.4264,26.1406,32.08,44.4264,26.1406
2022-11-23 16:00:00,2022-11-23 17:00:00,27.38,44.4264,26.1406,20.34,44.4264,26.1406,38.92,44.4264,26.1406
2022-11-23 17:00:00,2022-11-23 18:00:00,28.93,44.4264,26.1406,18.47,44.4264,26.1406,30.6,44.4264,26.1406
2022-11-23 18:00:00,2022-11-23 19:00:00,21.43,44.4264,26.1406,13.31,44.4264,26.1406,20.0,44.4264,26.1406
2022-11-23 19:00:00,2022-11-23 20:00:00,19.85,44.4264,26.1406,15.38,44.4264,26.1406,18.55,44.4264,26.1406
2022-11-23 20:00:00,2022-11-23 21:00:00,22.56,44.4264,26.1406,19.6,44.4264,26.1406,18.11,44.4264,26.1406
2022-11-23 21:00:00,2022-11-23 22:00:00,19.89,44.4264,26.1406,16.89,44.4264,26.1406,31.96,44.4264,26.1406
2022-11-23 22:00:00,2022-11-23 23:00:00,22.65,44.4264,26.1406,18.83,44.4264,26.1406,33.33,44.4264,26.1406
2022-11-23 23:00:00,2022-11-24 00:00:00,21.58,44.4264,26.1406,16.94,44.4264,26.1406,34.8,44.4264,26.1406
2022-11-24 00:00:00,2022-11-24 01:00:00,19.21,44.4264,26.1406,15.37,44.4264,26.1406,24.05,44.4264,26.1406
2022-11-24 01:00:00,2022-11-24 02:00:00,18.07,44.4264,26.1406,14.16,44.4264,26.1406,31.18,44.4264,26.1406
2022-11-24 02:00:00,2022-11-24 03:00:00,14.74,44.4264,26.1406,10.76,44.4264,26.1406,14.9,44.4264,26.1406
2022-11-24 03:00:00,2022-11-24 04:00:00,9.95,44.4264,26.1406,7.17,44.4264,26.1406,13.1,44.4264,26.1406
2022-11-24 04:00:00,2022-11-24 05:00:00,10.5,44.4264,26.1406,8.4,44.4264,26.1406,17.16,44.4264,26.1406
2022-11-24 05:00:00,2022-11-24 06:00:00,14.36,44.4264,26.1406,10.17,44.4264,26.1406,21.61,44.4264,26.1406
2022-11-24 06:00:00,2022-11-24 07:00:00,15.35,44.4264,26.1406,9.12,44.4264,26.1406,25.18,44.4264,26.1406
2022-11-24 07:00:00,2022-11-24 08:00:00,13.18,44.4264,26.1406,6.79,44.4264,26.1406,18.87,44.4264,26.1406
2022-11-24 08:00:00,2022-11-24 09:00:00,13.74,44.4264,26.1406,9.62,44.4264,26.1406,16.74,44.4264,26.1406
2022-11-24 09:00:00,2022-11-24 10:00:00,16.46,44.4264,26.1406,13.06,44.4264,26.1406,15.54,44.4264,26.1406
2022-11-24 10:00:00,2022-11-24 11:00:00,18.06,44.4264,26.1406,14.2,44.4264,26.1406,,44.4264,26.1406
2022-11-24 11:00:00,2022-11-24 12:00:00,19.77,44.4264,26.1406,15.3,44.4264,26.1406,,44.4264,26.1406
2022-11-24 12:00:00,2022-11-24 13:00:00,17.86,44.4264,26.1406,13.28,44.4264,26.1406,,44.4264,26.1406
2022-11-24 13:00:00,2022-11-24 14:00:00,18.59,44.4264,26.1406,12.83,44.4264,26.1406,,44.4264,26.1406
2022-11-24 14:00:00,2022-11-24 15:00:00,13.94,44.4264,26.1406,8.68,44.4264,26.1406,15.36,44.4264,26.1406
2022-11-24 15:00:00,2022-11-24 16:00:00,14.26,44.4264,26.1406,8.43,44.4264,26.1406,,44.4264,26.1406
2022-11-24 16:00:00,2022-11-24 17:00:00,14.66,44.4264,26.1406,9.12,44.4264,26.1406,19.37,44.4264,26.1406
2022-11-24 17:00:00,2022-11-24 18:00:00,12.91,44.4264,26.1406,9.27,44.4264,26.1406,28.2,44.4264,26.1406
2022-11-24 18:00:00,2022-11-24 19:00:00,14.59,44.4264,26.1406,10.72,44.4264,26.1406,24.33,44.4264,26.1406
2022-11-24 19:00:00,2022-11-24 20:00:00,14.62,44.4264,26.1406,10.45,44.4264,26.1406,26.97,44.4264,26.1406
2022-11-24 20:00:00,2022-11-24 21:00:00,12.61,44.4264,26.1406,10.5,44.4264,26.1406,26.13,44.4264,26.1406
2022-11-24 21:00:00,2022-11-24 22:00:00,11.55,44.4264,26.1406,10.43,44.4264,26.1406,27.64,44.4264,26.1406
2022-11-24 22:00:00,2022-11-24 23:00:00,12.51,44.4264,26.1406,10.86,44.4264,26.1406,18.73,44.4264,26.1406
2022-11-24 23:00:00,2022-11-25 00:00:00,9.54,44.4264,26.1406,8.06,44.4264,26.1406,12.42,44.4264,26.1406
2022-11-25 00:00:00,2022-11-25 01:00:00,8.83,44.4264,26.1406,6.73,44.4264,26.1406,10.01,44.4264,26.1406
2022-11-25 01:00:00,2022-11-25 02:00:00,10.66,44.4264,26.1406,9.0,44.4264,26.1406,12.47,44.4264,26.1406
2022-11-25 02:00:00,2022-11-25 03:00:00,15.11,44.4264,26.1406,11.9,44.4264,26.1406,13.58,44.4264,26.1406
2022-11-25 03:00:00,2022-11-25 04:00:00,20.98,44.4264,26.1406,16.03,44.4264,26.1406,10.45,44.4264,26.1406
2022-11-25 04:00:00,2022-11-25 05:00:00,22.03,44.4264,26.1406,16.91,44.4264,26.1406,14.83,44.4264,26.1406
2022-11-25 05:00:00,2022-11-25 06:00:00,24.24,44.4264,26.1406,18.32,44.4264,26.1406,23.85,44.4264,26.1406
2022-11-25 06:00:00,2022-11-25 07:00:00,34.12,44.4264,26.1406,22.38,44.4264,26.1406,31.1,44.4264,26.1406
2022-11-25 07:00:00,2022-11-25 08:00:00,31.77,44.4264,26.1406,19.24,44.4264,26.1406,32.99,44.4264,26.1406
2022-11-25 08:00:00,2022-11-25 09:00:00,33.66,44.4264,26.1406,20.52,44.4264,26.1406,32.41,44.4264,26.1406
2022-11-25 09:00:00,2022-11-25 10:00:00,32.96,44.4264,26.1406,20.28,44.4264,26.1406,30.82,44.4264,26.1406
2022-11-25 10:00:00,2022-11-25 11:00:00,29.73,44.4264,26.1406,20.1,44.4264,26.1406,24.35,44.4264,26.1406
2022-11-25 11:00:00,2022-11-25 12:00:00,30.71,44.4264,26.1406,22.65,44.4264,26.1406,22.54,44.4264,26.1406
2022-11-25 12:00:00,2022-11-25 13:00:00,30.62,44.4264,26.1406,20.51,44.4264,26.1406,26.1,44.4264,26.1406
2022-11-25 13:00:00,2022-11-25 14:00:00,30.4,44.4264,26.1406,19.93,44.4264,26.1406,23.73,44.4264,26.1406
2022-11-25 14:00:00,2022-11-25 15:00:00,28.61,44.4264,26.1406,20.16,44.4264,26.1406,21.66,44.4264,26.1406
2022-11-25 15:00:00,2022-11-25 16:00:00,30.09,44.4264,26.1406,20.76,44.4264,26.1406,40.86,44.4264,26.1406
2022-11-25 16:00:00,2022-11-25 17:00:00,39.98,44.4264,26.1406,22.04,44.4264,26.1406,59.96,44.4264,26.1406
2022-11-25 17:00:00,2022-11-25 18:00:00,55.22,44.4264,26.1406,28.09,44.4264,26.1406,,44.4264,26.1406
2022-11-25 18:00:00,2022-11-25 19:00:00,72.33,44.4264,26.1406,33.97,44.4264,26.1406,69.3,44.4264,26.1406
2022-11-25 19:00:00,2022-11-25 20:00:00,84.43,44.4264,26.1406,40.56,44.4264,26.1406,74.6,44.4264,26.1406
2022-11-25 20:00:00,2022-11-25 21:00:00,82.22,44.4264,26.1406,47.85,44.4264,26.1406,55.54,44.4264,26.1406
2022-11-25 21:00:00,2022-11-25 22:00:00,62.1,44.4264,26.1406,41.61,44.4264,26.1406,48.67,44.4264,26.1406
2022-11-25 22:00:00,2022-11-25 23:00:00,45.28,44.4264,26.1406,30.79,44.4264,26.1406,37.09,44.4264,26.1406
2022-11-25 23:00:00,2022-11-26 00:00:00,30.83,44.4264,26.1406,22.92,44.4264,26.1406,24.66,44.4264,26.1406
2022-11-26 00:00:00,2022-11-26 01:00:00,26.89,44.4264,26.1406,20.87,44.4264,26.1406,23.32,44.4264,26.1406
2022-11-26 01:00:00,2022-11-26 02:00:00,23.02,44.4264,26.1406,18.56,44.4264,26.1406,19.99,44.4264,26.1406
2022-11-26 02:00:00,2022-11-26 03:00:00,21.06,44.4264,26.1406,16.64,44.4264,26.1406,24.6,44.4264,26.1406
2022-11-26 03:00:00,2022-11-26 04:00:00,20.74,44.4264,26.1406,15.5,44.4264,26.1406,32.6,44.4264,26.1406
2022-11-26 04:00:00,2022-11-26 05:00:00,17.53,44.4264,26.1406,11.97,44.4264,26.1406,29.23,44.4264,26.1406
2022-11-26 05:00:00,2022-11-26 06:00:00,21.4,44.4264,26.1406,15.88,44.4264,26.1406,24.85,44.4264,26.1406
2022-11-26 06:00:00,2022-11-26 07:00:00,28.26,44.4264,26.1406,21.0,44.4264,26.1406,22.77,44.4264,26.1406
2022-11-26 07:00:00,2022-11-26 08:00:00,31.73,44.4264,26.1406,21.92,44.4264,26.1406,23.79,44.4264,26.1406
2022-11-26 08:00:00,2022-11-26 09:00:00,32.47,44.4264,26.1406,22.28,44.4264,26.1406,23.8,44.4264,26.1406
2022-11-26 09:00:00,2022-11-26 10:00:00,27.75,44.4264,26.1406,22.37,44.4264,26.1406,22.46,44.4264,26.1406
2022-11-26 10:00:00,2022-11-26 11:00:00,31.6,44.4264,26.1406,23.94,44.4264,26.1406,21.35,44.4264,26.1406
2022-11-26 11:00:00,2022-11-26 12:00:00,35.69,44.4264,26.1406,26.74,44.4264,26.1406,32.34,44.4264,26.1406
2022-11-26 12:00:00,2022-11-26 13:00:00,29.89,44.4264,26.1406,24.22,44.4264,26.1406,21.32,44.4264,26.1406
2022-11-26 13:00:00,2022-11-26 14:00:00,33.59,44.4264,26.1406,28.54,44.4264,26.1406,27.99,44.4264,26.1406
2022-11-26 14:00:00,2022-11-26 15:00:00,31.02,44.4264,26.1406,26.38,44.4264,26.1406,30.03,44.4264,26.1406
2022-11-26 15:00:00,2022-11-26 16:00:00,30.22,44.4264,26.1406,24.8,44.4264,26.1406,32.92,44.4264,26.1406
2022-11-26 16:00:00,2022-11-26 17:00:00,26.8,44.4264,26.1406,21.12,44.4264,26.1406,42.28,44.4264,26.1406
2022-11-26 17:00:00,2022-11-26 18:00:00,27.98,44.4264,26.1406,19.47,44.4264,26.1406,42.59,44.4264,26.1406
2022-11-26 18:00:00,2022-11-26 19:00:00,23.77,44.4264,26.1406,16.23,44.4264,26.1406,,44.4264,26.1406
2022-11-26 19:00:00,2022-11-26 20:00:00,29.62,44.4264,26.1406,22.36,44.4264,26.1406,27.73,44.4264,26.1406
2022-11-26 20:00:00,2022-11-26 21:00:00,31.33,44.4264,26.1406,25.01,44.4264,26.1406,20.86,44.4264,26.1406
2022-11-26 21:00:00,2022-11-26 22:00:00,33.73,44.4264,26.1406,29.95,44.4264,26.1406,21.19,44.4264,26.1406
2022-11-26 22:00:00,2022-11-26 23:00:00,36.52,44.4264,26.1406,33.27,44.4264,26.1406,22.89,44.4264,26.1406
2022-11-26 23:00:00,2022-11-27 00:00:00,38.12,44.4264,26.1406,34.29,44.4264,26.1406,26.28,44.4264,26.1406
2022-11-27 00:00:00,2022-11-27 01:00:00,33.63,44.4264,26.1406,30.84,44.4264,26.1406,19.46,44.4264,26.1406
2022-11-27 01:00:00,2022-11-27 02:00:00,28.11,44.4264,26.1406,24.61,44.4264,26.1406,19.56,44.4264,26.1406
2022-11-27 02:00:00,2022-11-27 03:00:00,23.45,44.4264,26.1406,21.07,44.4264,26.1406,17.87,44.4264,26.1406
2022-11-27 03:00:00,2022-11-27 04:00:00,21.5,44.4264,26.1406,19.43,44.4264,26.1406,11.29,44.4264,26.1406
2022-11-27 04:00:00,2022-11-27 05:00:00,19.78,44.4264,26.1406,18.17,44.4264,26.1406,15.04,44.4264,26.1406
2022-11-27 05:00:00,2022-11-27 06:00:00,24.89,44.4264,26.1406,22.64,44.4264,26.1406,11.74,44.4264,26.1406
2022-11-27 06:00:00,2022-11-27 07:00:00,27.1,44.4264,26.1406,25.57,44.4264,26.1406,23.49,44.4264,26.1406
2022-11-27 07:00:00,2022-11-27 08:00:00,27.43,44.4264,26.1406,23.66,44.4264,26.1406,29.2,44.4264,26.1406
2022-11-27 08:00:00,2022-11-27 09:00:00,32.61,44.4264,26.1406,26.11,44.4264,26.1406,44.55,44.4264,26.1406
2022-11-27 09:00:00,2022-11-27 10:00:00,37.32,44.4264,26.1406,29.17,44.4264,26.1406,42.68,44.4264,26.1406
2022-11-27 10:00:00,2022-11-27 11:00:00,29.22,44.4264,26.1406,23.71,44.4264,26.1406,32.12,44.4264,26.1406
2022-11-27 11:00:00,2022-11-27 12:00:00,19.5,44.4264,26.1406,16.28,44.4264,26.1406,17.91,44.4264,26.1406
2022-11-27 12:00:00,2022-11-27 13:00:00,19.64,44.4264,26.1406,16.64,44.4264,26.1406,12.65,44.4264,26.1406
2022-11-27 13:00:00,2022-11-27 14:00:00,15.22,44.4264,26.1406,13.15,44.4264,26.1406,8.87,44.4264,26.1406
2022-11-27 14:00:00,2022-11-27 15:00:00,16.55,44.4264,26.1406,12.3,44.4264,26.1406,30.35,44.4264,26.1406
2022-11-27 15:00:00,2022-11-27 16:00:00,33.11,44.4264,26.1406,25.4,44.4264,26.1406,30.15,44.4264,26.1406
2022-11-27 16:00:00,2022-11-27 17:00:00,35.73,44.4264,26.1406,26.29,44.4264,26.1406,35.04,44.4264,26.1406
2022-11-27 17:00:00,2022-11-27 18:00:00,28.6,44.4264,26.1406,22.89,44.4264,26.1406,38.05,44.4264,26.1406
2022-11-27 18:00:00,2022-11-27 19:00:00,32.95,44.4264,26.1406,25.95,44.4264,26.1406,47.94,44.4264,26.1406
2022-11-27 19:00:00,2022-11-27 20:00:00,42.95,44.4264,26.1406,30.0,44.4264,26.1406,,44.4264,26.1406
2022-11-27 20:00:00,2022-11-27 21:00:00,46.1,44.4264,26.1406,33.05,44.4264,26.1406,52.52,44.4264,26.1406
2022-11-27 21:00:00,2022-11-27 22:00:00,50.64,44.4264,26.1406,36.27,44.4264,26.1406,56.61,44.4264,26.1406
2022-11-27 22:00:00,2022-11-27 23:00:00,45.24,44.4264,26.1406,33.36,44.4264,26.1406,49.85,44.4264,26.1406
2022-11-27 23:00:00,2022-11-28 00:00:00,37.49,44.4264,26.1406,29.47,44.4264,26.1406,26.02,44.4264,26.1406
2022-11-28 00:00:00,2022-11-28 01:00:00,22.34,44.4264,26.1406,19.48,44.4264,26.1406,14.22,44.4264,26.1406
2022-11-28 01:00:00,2022-11-28 02:00:00,19.52,44.4264,26.1406,17.07,44.4264,26.1406,,44.4264,26.1406
2022-11-28 02:00:00,2022-11-28 03:00:00,21.76,44.4264,26.1406,18.95,44.4264,26.1406,,44.4264,26.1406
2022-11-28 03:00:00,2022-11-28 04:00:00,18.04,44.4264,26.1406,15.14,44.4264,26.1406,,44.4264,26.1406
2022-11-28 04:00:00,2022-11-28 05:00:00,18.84,44.4264,26.1406,16.43,44.4264,26.1406,,44.4264,26.1406
2022-11-28 05:00:00,2022-11-28 06:00:00,22.4,44.4264,26.1406,19.55,44.4264,26.1406,19.32,44.4264,26.1406
2022-11-28 06:00:00,2022-11-28 07:00:00,25.8,44.4264,26.1406,22.14,44.4264,26.1406,24.71,44.4264,26.1406
2022-11-28 07:00:00,2022-11-28 08:00:00,26.28,44.4264,26.1406,22.45,44.4264,26.1406,27.63,44.4264,26.1406
2022-11-28 08:00:00,2022-11-28 09:00:00,22.18,44.4264,26.1406,16.9,44.4264,26.1406,28.1,44.4264,26.1406
2022-11-28 09:00:00,2022-11-28 10:00:00,21.58,44.4264,26.1406,15.7,44.4264,26.1406,26.77,44.4264,26.1406
2022-11-28 10:00:00,2022-11-28 11:00:00,26.42,44.4264,26.1406,20.0,44.4264,26.1406,21.35,44.4264,26.1406
2022-11-28 11:00:00,2022-11-28 12:00:00,25.59,44.4264,26.1406,20.08,44.4264,26.1406,15.81,44.4264,26.1406
2022-11-28 12:00:00,2022-11-28 13:00:00,22.86,44.4264,26.1406,18.59,44.4264,26.1406,18.38,44.4264,26.1406
2022-11-28 13:00:00,2022-11-28 14:00:00,25.76,44.4264,26.1406,21.08,44.4264,26.1406,19.97,44.4264,26.1406
2022-11-28 14:00:00,2022-11-28 15:00:00,20.5,44.4264,26.1406,15.92,44.4264,26.1406,20.11,44.4264,26.1406
2022-11-28 15:00:00,2022-11-28 16:00:00,17.25,44.4264,26.1406,13.36,44.4264,26.1406,25.19,44.4264,26.1406
2022-11-28 16:00:00,2022-11-28 17:00:00,15.74,44.4264,26.1406,11.04,44.4264,26.1406,24.83,44.4264,26.1406
2022-11-28 17:00:00,2022-11-28 18:00:00,20.08,44.4264,26.1406,15.77,44.4264,26.1406,24.48,44.4264,26.1406
2022-11-28 18:00:00,2022-11-28 19:00:00,19.91,44.4264,26.1406,15.78,44.4264,26.1406,19.43,44.4264,26.1406
2022-11-28 19:00:00,2022-11-28 20:00:00,21.84,44.4264,26.1406,17.15,44.4264,26.1406,16.79,44.4264,26.1406
2022-11-28 20:00:00,2022-11-28 21:00:00,20.71,44.4264,26.1406,16.42,44.4264,26.1406,,44.4264,26.1406
2022-11-28 21:00:00,2022-11-28 22:00:00,22.63,44.4264,26.1406,18.69,44.4264,26.1406,13.05,44.4264,26.1406
2022-11-28 22:00:00,2022-11-28 23:00:00,18.66,44.4264,26.1406,14.97,44.4264,26.1406,10.02,44.4264,26.1406
2022-11-28 23:00:00,2022-11-29 00:00:00,14.84,44.4264,26.1406,13.12,44.4264,26.1406,5.85,44.4264,26.1406
2022-11-29 00:00:00,2022-11-29 01:00:00,13.43,44.4264,26.1406,12.26,44.4264,26.1406,4.14,44.4264,26.1406
2022-11-29 01:00:00,2022-11-29 02:00:00,14.35,44.4264,26.1406,12.63,44.4264,26.1406,4.33,44.4264,26.1406
2022-11-29 02:00:00,2022-11-29 03:00:00,13.95,44.4264,26.1406,11.68,44.4264,26.1406,4.56,44.4264,26.1406
2022-11-29 03:00:00,2022-11-29 04:00:00,13.31,44.4264,26.1406,10.52,44.4264,26.1406,5.07,44.4264,26.1406
2022-11-29 04:00:00,2022-11-29 05:00:00,14.6,44.4264,26.1406,12.14,44.4264,26.1406,5.79,44.4264,26.1406
2022-11-29 05:00:00,2022-11-29 06:00:00,14.55,44.4264,26.1406,12.18,44.4264,26.1406,10.43,44.4264,26.1406
2022-11-29 06:00:00,2022-11-29 07:00:00,14.08,44.4264,26.1406,11.91,44.4264,26.1406,18.18,44.4264,26.1406
2022-11-29 07:00:00,2022-11-29 08:00:00,15.32,44.4264,26.1406,13.31,44.4264,26.1406,22.63,44.4264,26.1406
2022-11-29 08:00:00,2022-11-29 09:00:00,18.02,44.4264,26.1406,15.56,44.4264,26.1406,20.16,44.4264,26.1406
2022-11-29 09:00:00,2022-11-29 10:00:00,21.18,44.4264,26.1406,18.45,44.4264,26.1406,17.1,44.4264,26.1406
2022-11-29 10:00:00,2022-11-29 11:00:00,19.56,44.4264,26.1406,17.7,44.4264,26.1406,14.06,44.4264,26.1406
2022-11-29 11:00:00,2022-11-29 12:00:00,13.1,44.4264,26.1406,11.12,44.4264,26.1406,12.02,44.4264,26.1406
2022-11-29 12:00:00,2022-11-29 13:00:00,9.97,44.4264,26.1406,7.48,44.4264,26.1406,15.36,44.4264,26.1406
2022-11-29 13:00:00,2022-11-29 14:00:00,7.65,44.4264,26.1406,5.15,44.4264,26.1406,13.57,44.4264,26.1406
2022-11-29 14:00:00,2022-11-29 15:00:00,7.88,44.4264,26.1406,5.91,44.4264,26.1406,17.68,44.4264,26.1406
2022-11-29 15:00:00,2022-11-29 16:00:00,9.26,44.4264,26.1406,7.26,44.4264,26.1406,18.56,44.4264,26.1406
2022-11-29 16:00:00,2022-11-29 17:00:00,8.74,44.4264,26.1406,6.89,44.4264,26.1406,18.41,44.4264,26.1406
2022-11-29 17:00:00,2022-11-29 18:00:00,7.64,44.4264,26.1406,6.42,44.4264,26.1406,13.9,44.4264,26.1406
2022-11-29 18:00:00,2022-11-29 19:00:00,9.05,44.4264,26.1406,6.14,44.4264,26.1406,11.73,44.4264,26.1406
2022-11-29 19:00:00,2022-11-29 20:00:00,12.27,44.4264,26.1406,10.43,44.4264,26.1406,11.12,44.4264,26.1406
2022-11-29 20:00:00,2022-11-29 21:00:00,7.77,44.4264,26.1406,6.34,44.4264,26.1406,8.32,44.4264,26.1406
2022-11-29 21:00:00,2022-11-29 22:00:00,6.37,44.4264,26.1406,5.63,44.4264,26.1406,,44.4264,26.1406
2022-11-29 22:00:00,2022-11-29 23:00:00,4.58,44.4264,26.1406,2.46,44.4264,26.1406,6.22,44.4264,26.1406
2022-11-29 23:00:00,2022-11-30 00:00:00,7.93,44.4264,26.1406,5.55,44.4264,26.1406,4.8,44.4264,26.1406
2022-11-30 00:00:00,2022-11-30 01:00:00,8.65,44.4264,26.1406,7.1,44.4264,26.1406,3.57,44.4264,26.1406
2022-11-30 01:00:00,2022-11-30 02:00:00,11.54,44.4264,26.1406,9.31,44.4264,26.1406,2.14,44.4264,26.1406
2022-11-30 02:00:00,2022-11-30 03:00:00,8.99,44.4264,26.1406,7.41,44.4264,26.1406,2.22,44.4264,26.1406
2022-11-30 03:00:00,2022-11-30 04:00:00,10.26,44.4264,26.1406,8.24,44.4264,26.1406,3.28,44.4264,26.1406
2022-11-30 04:00:00,2022-11-30 05:00:00,7.02,44.4264,26.1406,4.67,44.4264,26.1406,4.51,44.4264,26.1406
2022-11-30 05:00:00,2022-11-30 06:00:00,7.83,44.4264,26.1406,5.14,44.4264,26.1406,7.71,44.4264,26.1406
2022-11-30 06:00:00,2022-11-30 07:00:00,5.58,44.4264,26.1406,3.38,44.4264,26.1406,9.87,44.4264,26.1406
2022-11-30 07:00:00,2022-11-30 08:00:00,8.99,44.4264,26.1406,6.36,44.4264,26.1406,8.51,44.4264,26.1406
2022-11-30 08:00:00,2022-11-30 09:00:00,5.52,44.4264,26.1406,1.65,44.4264,26.1406,7.7,44.4264,26.1406
2022-11-30 09:00:00,2022-11-30 10:00:00,5.33,44.4264,26.1406,2.97,44.4264,26.1406,8.55,44.4264,26.1406
2022-11-30 10:00:00,2022-11-30 11:00:00,10.39,44.4264,26.1406,7.09,44.4264,26.1406,8.75,44.4264,26.1406
2022-11-30 11:00:00,2022-11-30 12:00:00,6.49,44.4264,26.1406,3.24,44.4264,26.1406,8.24,44.4264,26.1406
2022-11-30 12:00:00,2022-11-30 13:00:00,4.65,44.4264,26.1406,2.01,44.4264,26.1406,8.14,44.4264,26.1406
2022-11-30 13:00:00,2022-11-30 14:00:00,11.52,44.4264,26.1406,8.15,44.4264,26.1406,10.75,44.4264,26.1406
2022-11-30 14:00:00,2022-11-30 15:00:00,9.11,44.4264,26.1406,5.44,44.4264,26.1406,12.08,44.4264,26.1406
2022-11-30 15:00:00,2022-11-30 16:00:00,7.47,44.4264,26.1406,3.79,44.4264,26.1406,11.16,44.4264,26.1406
2022-11-30 16:00:00,2022-11-30 17:00:00,4.78,44.4264,26.1406,1.76,44.4264,26.1406,12.4,44.4264,26.1406
2022-11-30 17:00:00,2022-11-30 18:00:00,8.43,44.4264,26.1406,6.1,44.4264,26.1406,8.18,44.4264,26.1406
2022-11-30 18:00:00,2022-11-30 19:00:00,8.37,44.4264,26.1406,6.34,44.4264,26.1406,7.97,44.4264,26.1406
2022-11-30 19:00:00,2022-11-30 20:00:00,15.2,44.4264,26.1406,12.61,44.4264,26.1406,8.06,44.4264,26.1406
2022-11-30 20:00:00,2022-11-30 21:00:00,16.05,44.4264,26.1406,13.56,44.4264,26.1406,4.86,44.4264,26.1406
2022-11-30 21:00:00,2022-11-30 22:00:00,11.27,44.4264,26.1406,7.67,44.4264,26.1406,4.86,44.4264,26.1406
2022-11-30 22:00:00,2022-11-30 23:00:00,15.79,44.4264,26.1406,12.38,44.4264,26.1406,,44.4264,26.1406
2022-11-30 23:00:00,2022-12-01 00:00:00,13.42,44.4264,26.1406,9.68,44.4264,26.1406,2.51,44.4264,26.1406
2022-12-01 00:00:00,2022-12-01 01:00:00,12.99,44.4264,26.1406,9.7,44.4264,26.1406,1.56,44.4264,26.1406
2022-12-01 01:00:00,2022-12-01 02:00:00,12.3,44.4264,26.1406,8.15,44.4264,26.1406,0.47,44.4264,26.1406
2022-12-01 02:00:00,2022-12-01 03:00:00,17.0,44.4264,26.1406,12.52,44.4264,26.1406,0.64,44.4264,26.1406
2022-12-01 03:00:00,2022-12-01 04:00:00,15.08,44.4264,26.1406,11.22,44.4264,26.1406,0.75,44.4264,26.1406
2022-12-01 04:00:00,2022-12-01 05:00:00,11.94,44.4264,26.1406,8.2,44.4264,26.1406,2.27,44.4264,26.1406
2022-12-01 05:00:00,2022-12-01 06:00:00,10.14,44.4264,26.1406,7.02,44.4264,26.1406,5.22,44.4264,26.1406
2022-12-01 06:00:00,2022-12-01 07:00:00,11.67,44.4264,26.1406,8.87,44.4264,26.1406,5.32,44.4264,26.1406
2022-12-01 07:00:00,2022-12-01 08:00:00,13.61,44.4264,26.1406,11.3,44.4264,26.1406,4.82,44.4264,26.1406
2022-12-01 08:00:00,2022-12-01 09:00:00,14.09,44.4264,26.1406,12.02,44.4264,26.1406,5.29,44.4264,26.1406
2022-12-01 09:00:00,2022-12-01 10:00:00,12.64,44.4264,26.1406,9.7,44.4264,26.1406,7.4,44.4264,26.1406
2022-12-01 10:00:00,2022-12-01 11:00:00,9.4,44.4264,26.1406,7.31,44.4264,26.1406,6.4,44.4264,26.1406
2022-12-01 11:00:00,2022-12-01 12:00:00,8.99,44.4264,26.1406,6.81,44.4264,26.1406,9.16,44.4264,26.1406
2022-12-01 12:00:00,2022-12-01 13:00:00,9.22,44.4264,26.1406,7.16,44.4264,26.1406,7.64,44.4264,26.1406
2022-12-01 13:00:00,2022-12-01 14:00:00,7.8,44.4264,26.1406,6.12,44.4264,26.1406,10.4,44.4264,26.1406
2022-12-01 14:00:00,2022-12-01 15:00:00,11.88,44.4264,26.1406,10.39,44.4264,26.1406,9.19,44.4264,26.1406
2022-12-01 15:00:00,2022-12-01 16:00:00,13.65,44.4264,26.1406,11.08,44.4264,26.1406,9.96,44.4264,26.1406
2022-12-01 16:00:00,2022-12-01 17:00:00,9.18,44.4264,26.1406,7.61,44.4264,26.1406,12.14,44.4264,26.1406
2022-12-01 17:00:00,2022-12-01 18:00:00,11.34,44.4264,26.1406,10.77,44.4264,26.1406,10.83,44.4264,26.1406
2022-12-01 18:00:00,2022-12-01 19:00:00,12.16,44.4264,26.1406,11.87,44.4264,26.1406,8.62,44.4264,26.1406
2022-12-01 19:00:00,2022-12-01 20:00:00,8.06,44.4264,26.1406,6.79,44.4264,26.1406,7.05,44.4264,26.1406
2022-12-01 20:00:00,2022-12-01 21:00:00,11.16,44.4264,26.1406,10.09,44.4264,26.1406,4.95,44.4264,26.1406
2022-12-01 21:00:00,2022-12-01 22:00:00,11.37,44.4264,26.1406,9.33,44.4264,26.1406,4.9,44.4264,26.1406
2022-12-01 22:00:00,2022-12-01 23:00:00,10.66,44.4264,26.1406,9.08,44.4264,26.1406,4.69,44.4264,26.1406
2022-12-01 23:00:00,2022-12-02 00:00:00,11.37,44.4264,26.1406,9.62,44.4264,26.1406,,44.4264,26.1406
2022-12-02 00:00:00,2022-12-02 01:00:00,9.79,44.4264,26.1406,7.07,44.4264,26.1406,3.15,44.4264,26.1406
2022-12-02 01:00:00,2022-12-02 02:00:00,7.64,44.4264,26.1406,5.45,44.4264,26.1406,1.86,44.4264,26.1406
2022-12-02 02:00:00,2022-12-02 03:00:00,6.51,44.4264,26.1406,5.48,44.4264,26.1406,1.47,44.4264,26.1406
2022-12-02 03:00:00,2022-12-02 04:00:00,8.03,44.4264,26.1406,7.27,44.4264,26.1406,1.83,44.4264,26.1406
2022-12-02 04:00:00,2022-12-02 05:00:00,7.43,44.4264,26.1406,6.38,44.4264,26.1406,3.2,44.4264,26.1406
2022-12-02 05:00:00,2022-12-02 06:00:00,10.1,44.4264,26.1406,9.6,44.4264,26.1406,6.34,44.4264,26.1406
2022-12-02 06:00:00,2022-12-02 07:00:00,8.5,44.4264,26.1406,7.12,44.4264,26.1406,10.36,44.4264,26.1406
2022-12-02 07:00:00,2022-12-02 08:00:00,9.79,44.4264,26.1406,8.06,44.4264,26.1406,11.59,44.4264,26.1406
2022-12-02 08:00:00,2022-12-02 09:00:00,15.21,44.4264,26.1406,13.08,44.4264,26.1406,8.64,44.4264,26.1406
2022-12-02 09:00:00,2022-12-02 10:00:00,15.92,44.4264,26.1406,14.06,44.4264,26.1406,9.59,44.4264,26.1406
2022-12-02 10:00:00,2022-12-02 11:00:00,20.28,44.4264,26.1406,16.97,44.4264,26.1406,9.44,44.4264,26.1406
2022-12-02 11:00:00,2022-12-02 12:00:00,17.41,44.4264,26.1406,12.73,44.4264,26.1406,9.65,44.4264,26.1406
2022-12-02 12:00:00,2022-12-02 13:00:00,16.52,44.4264,26.1406,11.43,44.4264,26.1406,9.11,44.4264,26.1406
2022-12-02 13:00:00,2022-12-02 14:00:00,16.33,44.4264,26.1406,11.84,44.4264,26.1406,11.87,44.4264,26.1406
2022-12-02 14:00:00,2022-12-02 15:00:00,13.67,44.4264,26.1406,8.87,44.4264,26.1406,14.27,44.4264,26.1406
2022-12-02 15:00:00,2022-12-02 16:00:00,18.18,44.4264,26.1406,13.23,44.4264,26.1406,21.5,44.4264,26.1406
2022-12-02 16:00:00,2022-12-02 17:00:00,23.1,44.4264,26.1406,16.25,44.4264,26.1406,22.96,44.4264,26.1406
2022-12-02 17:00:00,2022-12-02 18:00:00,18.68,44.4264,26.1406,13.69,44.4264,26.1406,23.27,44.4264,26.1406
2022-12-02 18:00:00,2022-12-02 19:00:00,20.65,44.4264,26.1406,15.52,44.4264,26.1406,28.52,44.4264,26.1406
2022-12-02 19:00:00,2022-12-02 20:00:00,21.84,44.4264,26.1406,16.46,44.4264,26.1406,26.15,44.4264,26.1406
2022-12-02 20:00:00,2022-12-02 21:00:00,21.7,44.4264,26.1406,18.13,44.4264,26.1406,20.89,44.4264,26.1406
2022-12-02 21:00:00,2022-12-02 22:00:00,23.53,44.4264,26.1406,19.46,44.4264,26.1406,20.42,44.4264,26.1406
2022-12-02 22:00:00,2022-12-02 23:00:00,29.49,44.4264,26.1406,23.23,44.4264,26.1406,17.55,44.4264,26.1406
2022-12-02 23:00:00,2022-12-03 00:00:00,33.63,44.4264,26.1406,21.13,44.4264,26.1406,11.87,44.4264,26.1406
2022-12-03 00:00:00,2022-12-03 01:00:00,33.05,44.4264,26.1406,20.38,44.4264,26.1406,,44.4264,26.1406
2022-12-03 01:00:00,2022-12-03 02:00:00,27.59,44.4264,26.1406,18.59,44.4264,26.1406,7.47,44.4264,26.1406
2022-12-03 02:00:00,2022-12-03 03:00:00,22.74,44.4264,26.1406,16.32,44.4264,26.1406,4.91,44.4264,26.1406
2022-12-03 03:00:00,2022-12-03 04:00:00,24.86,44.4264,26.1406,18.77,44.4264,26.1406,7.88,44.4264,26.1406
2022-12-03 04:00:00,2022-12-03 05:00:00,25.1,44.4264,26.1406,16.48,44.4264,26.1406,13.79,44.4264,26.1406
2022-12-03 05:00:00,2022-12-03 06:00:00,26.81,44.4264,26.1406,17.33,44.4264,26.1406,23.35,44.4264,26.1406
2022-12-03 06:00:00,2022-12-03 07:00:00,31.06,44.4264,26.1406,20.49,44.4264,26.1406,28.54,44.4264,26.1406
2022-12-03 07:00:00,2022-12-03 08:00:00,31.04,44.4264,26.1406,21.61,44.4264,26.1406,27.85,44.4264,26.1406
2022-12-03 08:00:00,2022-12-03 09:00:00,30.75,44.4264,26.1406,21.21,44.4264,26.1406,25.54,44.4264,26.1406
2022-12-03 09:00:00,2022-12-03 10:00:00,32.59,44.4264,26.1406,21.22,44.4264,26.1406,21.87,44.4264,26.1406
2022-12-03 10:00:00,2022-12-03 11:00:00,33.51,44.4264,26.1406,23.12,44.4264,26.1406,20.25,44.4264,26.1406
2022-12-03 11:00:00,2022-12-03 12:00:00,35.81,44.4264,26.1406,25.62,44.4264,26.1406,18.47,44.4264,26.1406
2022-12-03 12:00:00,2022-12-03 13:00:00,35.05,44.4264,26.1406,24.15,44.4264,26.1406,19.37,44.4264,26.1406
2022-12-03 13:00:00,2022-12-03 14:00:00,33.21,44.4264,26.1406,22.3,44.4264,26.1406,19.58,44.4264,26.1406
2022-12-03 14:00:00,2022-12-03 15:00:00,30.31,44.4264,26.1406,20.93,44.4264,26.1406,17.19,44.4264,26.1406
2022-12-03 15:00:00,2022-12-03 16:00:00,28.42,44.4264,26.1406,19.2,44.4264,26.1406,22.11,44.4264,26.1406
2022-12-03 16:00:00,2022-12-03 17:00:00,28.11,44.4264,26.1406,17.86,44.4264,26.1406,18.59,44.4264,26.1406
2022-12-03 17:00:00,2022-12-03 18:00:00,24.3,44.4264,26.1406,16.39,44.4264,26.1406,15.57,44.4264,26.1406
2022-12-03 18:00:00,2022-12-03 19:00:00,20.64,44.4264,26.1406,15.56,44.4264,26.1406,13.81,44.4264,26.1406
2022-12-03 19:00:00,2022-12-03 20:00:00,21.9,44.4264,26.1406,14.49,44.4264,26.1406,13.01,44.4264,26.1406
2022-12-03 20:00:00,2022-12-03 21:00:00,19.29,44.4264,26.1406,14.48,44.4264,26.1406,9.83,44.4264,26.1406
2022-12-03 21:00:00,2022-12-03 22:00:00,17.37,44.4264,26.1406,12.86,44.4264,26.1406,8.6,44.4264,26.1406
2022-12-03 22:00:00,2022-12-03 23:00:00,13.98,44.4264,26.1406,10.33,44.4264,26.1406,6.5,44.4264,26.1406
2022-12-03 23:00:00,2022-12-04 00:00:00,13.94,44.4264,26.1406,10.58,44.4264,26.1406,4.77,44.4264,26.1406
2022-12-04 00:00:00,2022-12-04 01:00:00,16.73,44.4264,26.1406,13.31,44.4264,26.1406,4.08,44.4264,26.1406
2022-12-04 01:00:00,2022-12-04 02:00:00,19.3,44.4264,26.1406,14.0,44.4264,26.1406,,44.4264,26.1406
2022-12-04 02:00:00,2022-12-04 03:00:00,8.96,44.4264,26.1406,6.36,44.4264,26.1406,4.32,44.4264,26.1406
2022-12-04 03:00:00,2022-12-04 04:00:00,7.11,44.4264,26.1406,6.39,44.4264,26.1406,2.68,44.4264,26.1406
2022-12-04 04:00:00,2022-12-04 05:00:00,7.31,44.4264,26.1406,6.44,44.4264,26.1406,4.39,44.4264,26.1406
2022-12-04 05:00:00,2022-12-04 06:00:00,7.3,44.4264,26.1406,6.52,44.4264,26.1406,4.82,44.4264,26.1406
2022-12-04 06:00:00,2022-12-04 07:00:00,5.7,44.4264,26.1406,5.12,44.4264,26.1406,4.35,44.4264,26.1406
2022-12-04 07:00:00,2022-12-04 08:00:00,6.69,44.4264,26.1406,5.85,44.4264,26.1406,5.15,44.4264,26.1406
2022-12-04 08:00:00,2022-12-04 09:00:00,10.25,44.4264,26.1406,9.14,44.4264,26.1406,6.16,44.4264,26.1406
2022-12-04 09:00:00,2022-12-04 10:00:00,9.07,44.4264,26.1406,7.63,44.4264,26.1406,9.0,44.4264,26.1406
2022-12-04 10:00:00,2022-12-04 11:00:00,9.9,44.4264,26.1406,8.56,44.4264,26.1406,9.78,44.4264,26.1406
2022-12-04 11:00:00,2022-12-04 12:00:00,11.26,44.4264,26.1406,10.03,44.4264,26.1406,10.4,44.4264,26.1406
2022-12-04 12:00:00,2022-12-04 13:00:00,6.73,44.4264,26.1406,6.26,44.4264,26.1406,14.0,44.4264,26.1406
2022-12-04 13:00:00,2022-12-04 14:00:00,10.81,44.4264,26.1406,9.82,44.4264,26.1406,16.69,44.4264,26.1406
2022-12-04 14:00:00,2022-12-04 15:00:00,11.52,44.4264,26.1406,9.67,44.4264,26.1406,12.29,44.4264,26.1406
2022-12-04 15:00:00,2022-12-04 16:00:00,7.97,44.4264,26.1406,5.71,44.4264,26.1406,14.75,44.4264,26.1406
2022-12-04 16:00:00,2022-12-04 17:00:00,11.9,44.4264,26.1406,8.29,44.4264,26.1406,15.82,44.4264,26.1406
2022-12-04 17:00:00,2022-12-04 18:00:00,11.71,44.4264,26.1406,8.2,44.4264,26.1406,15.4,44.4264,26.1406
2022-12-04 18:00:00,2022-12-04 19:00:00,7.05,44.4264,26.1406,4.65,44.4264,26.1406,16.49,44.4264,26.1406
2022-12-04 19:00:00,2022-12-04 20:00:00,12.15,44.4264,26.1406,9.95,44.4264,26.1406,17.75,44.4264,26.1406
2022-12-04 20:00:00,2022-12-04 21:00:00,8.8,44.4264,26.1406,6.28,44.4264,26.1406,14.38,44.4264,26.1406
2022-12-04 21:00:00,2022-12-04 22:00:00,10.91,44.4264,26.1406,8.83,44.4264,26.1406,11.51,44.4264,26.1406
2022-12-04 22:00:00,2022-12-04 23:00:00,7.22,44.4264,26.1406,5.46,44.4264,26.1406,9.04,44.4264,26.1406
2022-12-04 23:00:00,2022-12-05 00:00:00,2.99,44.4264,26.1406,0.65,44.4264,26.1406,4.92,44.4264,26.1406
2022-12-05 00:00:00,2022-12-05 01:00:00,2.65,44.4264,26.1406,1.24,44.4264,26.1406,2.54,44.4264,26.1406
2022-12-05 01:00:00,2022-12-05 02:00:00,4.72,44.4264,26.1406,3.11,44.4264,26.1406,2.15,44.4264,26.1406
2022-12-05 02:00:00,2022-12-05 03:00:00,3.52,44.4264,26.1406,2.06,44.4264,26.1406,,44.4264,26.1406
2022-12-05 03:00:00,2022-12-05 04:00:00,8.6,44.4264,26.1406,7.43,44.4264,26.1406,5.73,44.4264,26.1406
2022-12-05 04:00:00,2022-12-05 05:00:00,6.17,44.4264,26.1406,4.33,44.4264,26.1406,6.76,44.4264,26.1406
2022-12-05 05:00:00,2022-12-05 06:00:00,4.83,44.4264,26.1406,2.58,44.4264,26.1406,18.84,44.4264,26.1406
2022-12-05 06:00:00,2022-12-05 07:00:00,9.91,44.4264,26.1406,8.07,44.4264,26.1406,21.39,44.4264,26.1406
2022-12-05 07:00:00,2022-12-05 08:00:00,14.05,44.4264,26.1406,12.34,44.4264,26.1406,21.75,44.4264,26.1406
2022-12-05 08:00:00,2022-12-05 09:00:00,15.27,44.4264,26.1406,12.74,44.4264,26.1406,26.19,44.4264,26.1406
2022-12-05 09:00:00,2022-12-05 10:00:00,12.14,44.4264,26.1406,8.58,44.4264,26.1406,22.28,44.4264,26.1406
2022-12-05 10:00:00,2022-12-05 11:00:00,12.77,44.4264,26.1406,9.7,44.4264,26.1406,18.75,44.4264,26.1406
2022-12-05 11:00:00,2022-12-05 12:00:00,12.36,44.4264,26.1406,8.33,44.4264,26.1406,26.0,44.4264,26.1406
2022-12-05 12:00:00,2022-12-05 13:00:00,11.96,44.4264,26.1406,7.95,44.4264,26.1406,25.4,44.4264,26.1406
2022-12-05 13:00:00,2022-12-05 14:00:00,10.19,44.4264,26.1406,6.99,44.4264,26.1406,24.38,44.4264,26.1406
2022-12-05 14:00:00,2022-12-05 15:00:00,13.16,44.4264,26.1406,10.6,44.4264,26.1406,28.72,44.4264,26.1406
2022-12-05 15:00:00,2022-12-05 16:00:00,12.44,44.4264,26.1406,9.6,44.4264,26.1406,35.87,44.4264,26.1406
2022-12-05 16:00:00,2022-12-05 17:00:00,13.41,44.4264,26.1406,11.15,44.4264,26.1406,35.26,44.4264,26.1406
2022-12-05 17:00:00,2022-12-05 18:00:00,10.86,44.4264,26.1406,8.73,44.4264,26.1406,37.08,44.4264,26.1406
2022-12-05 18:00:00,2022-12-05 19:00:00,12.54,44.4264,26.1406,10.75,44.4264,26.1406,28.58,44.4264,26.1406
2022-12-05 19:00:00,2022-12-05 20:00:00,9.15,44.4264,26.1406,7.86,44.4264,26.1406,23.21,44.4264,26.1406
2022-12-05 20:00:00,2022-12-05 21:00:00,9.71,44.4264,26.1406,8.6,44.4264,26.1406,19.91,44.4264,26.1406
2022-12-05 21:00:00,2022-12-05 22:00:00,7.6,44.4264,26.1406,6.0,44.4264,26.1406,19.3,44.4264,26.1406
2022-12-05 22:00:00,2022-12-05 23:00:00,8.92,44.4264,26.1406,7.42,44.4264,26.1406,18.52,44.4264,26.1406
2022-12-05 23:00:00,2022-12-06 00:00:00,6.66,44.4264,26.1406,5.8,44.4264,26.1406,14.65,44.4264,26.1406
2022-12-06 00:00:00,2022-12-06 01:00:00,5.68,44.4264,26.1406,4.49,44.4264,26.1406,10.5,44.4264,26.1406
2022-12-06 01:00:00,2022-12-06 02:00:00,9.11,44.4264,26.1406,7.88,44.4264,26.1406,8.59,44.4264,26.1406
2022-12-06 02:00:00,2022-12-06 03:00:00,10.54,44.4264,26.1406,8.66,44.4264,26.1406,6.27,44.4264,26.1406
2022-12-06 03:00:00,2022-12-06 04:00:00,6.38,44.4264,26.1406,5.19,44.4264,26.1406,,44.4264,26.1406
2022-12-06 04:00:00,2022-12-06 05:00:00,3.42,44.4264,26.1406,2.55,44.4264,26.1406,10.78,44.4264,26.1406
2022-12-06 05:00:00,2022-12-06 06:00:00,2.95,44.4264,26.1406,1.97,44.4264,26.1406,17.3,44.4264,26.1406
2022-12-06 06:00:00,2022-12-06 07:00:00,2.99,44.4264,26.1406,1.8,44.4264,26.1406,31.1,44.4264,26.1406
2022-12-06 07:00:00,2022-12-06 08:00:00,8.85,44.4264,26.1406,6.9,44.4264,26.1406,35.23,44.4264,26.1406
2022-12-06 08:00:00,2022-12-06 09:00:00,8.25,44.4264,26.1406,6.04,44.4264,26.1406,34.93,44.4264,26.1406
2022-12-06 09:00:00,2022-12-06 10:00:00,10.38,44.4264,26.1406,6.7,44.4264,26.1406,33.49,44.4264,26.1406
2022-12-06 10:00:00,2022-12-06 11:00:00,13.91,44.4264,26.1406,9.44,44.4264,26.1406,32.85,44.4264,26.1406
2022-12-06 11:00:00,2022-12-06 12:00:00,16.47,44.4264,26.1406,11.31,44.4264,26.1406,29.69,44.4264,26.1406
2022-12-06 12:00:00,2022-12-06 13:00:00,17.83,44.4264,26.1406,14.62,44.4264,26.1406,29.53,44.4264,26.1406
2022-12-06 13:00:00,2022-12-06 14:00:00,16.76,44.4264,26.1406,12.16,44.4264,26.1406,31.05,44.4264,26.1406
2022-12-06 14:00:00,2022-12-06 15:00:00,15.53,44.4264,26.1406,9.82,44.4264,26.1406,30.63,44.4264,26.1406
2022-12-06 15:00:00,2022-12-06 16:00:00,17.94,44.4264,26.1406,12.05,44.4264,26.1406,32.8,44.4264,26.1406
2022-12-06 16:00:00,2022-12-06 17:00:00,19.88,44.4264,26.1406,13.66,44.4264,26.1406,32.61,44.4264,26.1406
2022-12-06 17:00:00,2022-12-06 18:00:00,20.96,44.4264,26.1406,14.19,44.4264,26.1406,31.49,44.4264,26.1406
2022-12-06 18:00:00,2022-12-06 19:00:00,27.33,44.4264,26.1406,20.0,44.4264,26.1406,32.31,44.4264,26.1406
2022-12-06 19:00:00,2022-12-06 20:00:00,26.46,44.4264,26.1406,18.03,44.4264,26.1406,28.64,44.4264,26.1406
2022-12-06 20:00:00,2022-12-06 21:00:00,23.6,44.4264,26.1406,14.92,44.4264,26.1406,22.33,44.4264,26.1406
2022-12-06 21:00:00,2022-12-06 22:00:00,22.65,44.4264,26.1406,15.91,44.4264,26.1406,19.17,44.4264,26.1406
2022-12-06 22:00:00,2022-12-06 23:00:00,13.82,44.4264,26.1406,6.95,44.4264,26.1406,10.71,44.4264,26.1406
2022-12-06 23:00:00,2022-12-07 00:00:00,16.31,44.4264,26.1406,9.32,44.4264,26.1406,9.71,44.4264,26.1406
2022-12-07 00:00:00,2022-12-07 01:00:00,20.18,44.4264,26.1406,13.28,44.4264,26.1406,11.2,44.4264,26.1406
2022-12-07 01:00:00,2022-12-07 02:00:00,17.24,44.4264,26.1406,11.68,44.4264,26.1406,12.92,44.4264,26.1406
2022-12-07 02:00:00,2022-12-07 03:00:00,16.04,44.4264,26.1406,11.09,44.4264,26.1406,12.14,44.4264,26.1406
2022-12-07 03:00:00,2022-12-07 04:00:00,15.1,44.4264,26.1406,10.5,44.4264,26.1406,16.16,44.4264,26.1406
2022-12-07 04:00:00,2022-12-07 05:00:00,17.21,44.4264,26.1406,13.61,44.4264,26.1406,,44.4264,26.1406
2022-12-07 05:00:00,2022-12-07 06:00:00,10.93,44.4264,26.1406,8.19,44.4264,26.1406,16.43,44.4264,26.1406
2022-12-07 06:00:00,2022-12-07 07:00:00,10.86,44.4264,26.1406,9.2,44.4264,26.1406,21.2,44.4264,26.1406
2022-12-07 07:00:00,2022-12-07 08:00:00,14.83,44.4264,26.1406,12.64,44.4264,26.1406,15.04,44.4264,26.1406
2022-12-07 08:00:00,2022-12-07 09:00:00,14.69,44.4264,26.1406,11.99,44.4264,26.1406,13.14,44.4264,26.1406
2022-12-07 09:00:00,2022-12-07 10:00:00,13.47,44.4264,26.1406,10.75,44.4264,26.1406,13.22,44.4264,26.1406
2022-12-07 10:00:00,2022-12-07 11:00:00,11.38,44.4264,26.1406,9.44,44.4264,26.1406,16.88,44.4264,26.1406
2022-12-07 11:00:00,2022-12-07 12:00:00,12.57,44.4264,26.1406,9.87,44.4264,26.1406,15.65,44.4264,26.1406
2022-12-07 12:00:00,2022-12-07 13:00:00,15.19,44.4264,26.1406,12.27,44.4264,26.1406,16.68,44.4264,26.1406
2022-12-07 13:00:00,2022-12-07 14:00:00,13.75,44.4264,26.1406,9.15,44.4264,26.1406,17.26,44.4264,26.1406
2022-12-07 14:00:00,2022-12-07 15:00:00,18.33,44.4264,26.1406,13.56,44.4264,26.1406,25.03,44.4264,26.1406
2022-12-07 15:00:00,2022-12-07 16:00:00,21.69,44.4264,26.1406,14.24,44.4264,26.1406,31.61,44.4264,26.1406
2022-12-07 16:00:00,2022-12-07 17:00:00,21.34,44.4264,26.1406,13.52,44.4264,26.1406,34.62,44.4264,26.1406
2022-12-07 17:00:00,2022-12-07 18:00:00,31.33,44.4264,26.1406,19.1,44.4264,26.1406,52.35,44.4264,26.1406
2022-12-07 18:00:00,2022-12-07 19:00:00,40.13,44.4264,26.1406,22.65,44.4264,26.1406,55.15,44.4264,26.1406
2022-12-07 19:00:00,2022-12-07 20:00:00,38.32,44.4264,26.1406,21.73,44.4264,26.1406,57.09,44.4264,26.1406
2022-12-07 20:00:00,2022-12-07 21:00:00,41.63,44.4264,26.1406,23.26,44.4264,26.1406,53.5,44.4264,26.1406
2022-12-07 21:00:00,2022-12-07 22:00:00,40.42,44.4264,26.1406,23.86,44.4264,26.1406,55.53,44.4264,26.1406
2022-12-07 22:00:00,2022-12-07 23:00:00,43.12,44.4264,26.1406,27.23,44.4264,26.1406,54.24,44.4264,26.1406
2022-12-07 23:00:00,2022-12-08 00:00:00,40.97,44.4264,26.1406,29.04,44.4264,26.1406,44.49,44.4264,26.1406
2022-12-08 00:00:00,2022-12-08 01:00:00,37.66,44.4264,26.1406,27.32,44.4264,26.1406,40.02,44.4264,26.1406
2022-12-08 01:00:00,2022-12-08 02:00:00,27.61,44.4264,26.1406,19.12,44.4264,26.1406,38.07,44.4264,26.1406
2022-12-08 02:00:00,2022-12-08 03:00:00,25.22,44.4264,26.1406,18.65,44.4264,26.1406,34.91,44.4264,26.1406
2022-12-08 03:00:00,2022-12-08 04:00:00,24.82,44.4264,26.1406,17.42,44.4264,26.1406,34.22,44.4264,26.1406
2022-12-08 04:00:00,2022-12-08 05:00:00,28.43,44.4264,26.1406,20.68,44.4264,26.1406,34.29,44.4264,26.1406
2022-12-08 05:00:00,2022-12-08 06:00:00,28.53,44.4264,26.1406,19.44,44.4264,26.1406,,44.4264,26.1406
2022-12-08 06:00:00,2022-12-08 07:00:00,25.8,44.4264,26.1406,14.32,44.4264,26.1406,34.97,44.4264,26.1406
2022-12-08 07:00:00,2022-12-08 08:00:00,26.63,44.4264,26.1406,13.99,44.4264,26.1406,34.64,44.4264,26.1406
2022-12-08 08:00:00,2022-12-08 09:00:00,26.32,44.4264,26.1406,12.78,44.4264,26.1406,34.63,44.4264,26.1406
2022-12-08 09:00:00,2022-12-08 10:00:00,23.61,44.4264,26.1406,12.85,44.4264,26.1406,36.81,44.4264,26.1406
2022-12-08 10:00:00,2022-12-08 11:00:00,23.56,44.4264,26.1406,17.52,44.4264,26.1406,37.4,44.4264,26.1406
2022-12-08 11:00:00,2022-12-08 12:00:00,24.61,44.4264,26.1406,20.68,44.4264,26.1406,38.69,44.4264,26.1406
2022-12-08 12:00:00,2022-12-08 13:00:00,23.59,44.4264,26.1406,20.74,44.4264,26.1406,38.33,44.4264,26.1406
2022-12-08 13:00:00,2022-12-08 14:00:00,23.13,44.4264,26.1406,19.99,44.4264,26.1406,43.21,44.4264,26.1406
2022-12-08 14:00:00,2022-12-08 15:00:00,28.86,44.4264,26.1406,24.17,44.4264,26.1406,46.93,44.4264,26.1406
2022-12-08 15:00:00,2022-12-08 16:00:00,34.44,44.4264,26.1406,27.73,44.4264,26.1406,52.15,44.4264,26.1406
2022-12-08 16:00:00,2022-12-08 17:00:00,33.87,44.4264,26.1406,24.36,44.4264,26.1406,44.91,44.4264,26.1406
2022-12-08 17:00:00,2022-12-08 18:00:00,29.72,44.4264,26.1406,22.6,44.4264,26.1406,46.35,44.4264,26.1406
2022-12-08 18:00:00,2022-12-08 19:00:00,32.09,44.4264,26.1406,24.68,44.4264,26.1406,39.91,44.4264,26.1406
2022-12-08 19:00:00,2022-12-08 20:00:00,24.73,44.4264,26.1406,17.44,44.4264,26.1406,30.49,44.4264,26.1406
2022-12-08 20:00:00,2022-12-08 21:00:00,26.59,44.4264,26.1406,19.93,44.4264,26.1406,25.43,44.4264,26.1406
2022-12-08 21:00:00,2022-12-08 22:00:00,24.11,44.4264,26.1406,15.47,44.4264,26.1406,23.3,44.4264,26.1406
2022-12-08 22:00:00,2022-12-08 23:00:00,21.25,44.4264,26.1406,12.55,44.4264,26.1406,,44.4264,26.1406
2022-12-08 23:00:00,2022-12-09 00:00:00,18.87,44.4264,26.1406,12.21,44.4264,26.1406,24.49,44.4264,26.1406
2022-12-09 00:00:00,2022-12-09 01:00:00,17.33,44.4264,26.1406,10.58,44.4264,26.1406,22.54,44.4264,26.1406
2022-12-09 01:00:00,2022-12-09 02:00:00,17.17,44.4264,26.1406,10.63,44.4264,26.1406,,44.4264,26.1406
2022-12-09 02:00:00,2022-12-09 03:00:00,18.1,44.4264,26.1406,10.08,44.4264,26.1406,,44.4264,26.1406
2022-12-09 03:00:00,2022-12-09 04:00:00,15.81,44.4264,26.1406,8.01,44.4264,26.1406,,44.4264,26.1406
2022-12-09 04:00:00,2022-12-09 05:00:00,19.36,44.4264,26.1406,11.97,44.4264,26.1406,,44.4264,26.1406
2022-12-09 05:00:00,2022-12-09 06:00:00,15.71,44.4264,26.1406,11.26,44.4264,26.1406,,44.4264,26.1406
2022-12-09 06:00:00,2022-12-09 07:00:00,14.38,44.4264,26.1406,10.46,44.4264,26.1406,,44.4264,26.1406
2022-12-09 07:00:00,2022-12-09 08:00:00,17.8,44.4264,26.1406,11.66,44.4264,26.1406,26.37,44.4264,26.1406
2022-12-09 08:00:00,2022-12-09 09:00:00,17.1,44.4264,26.1406,11.81,44.4264,26.1406,26.74,44.4264,26.1406
2022-12-09 09:00:00,2022-12-09 10:00:00,15.22,44.4264,26.1406,11.48,44.4264,26.1406,22.55,44.4264,26.1406
2022-12-09 10:00:00,2022-12-09 11:00:00,18.0,44.4264,26.1406,13.6,44.4264,26.1406,23.33,44.4264,26.1406
2022-12-09 11:00:00,2022-12-09 12:00:00,21.54,44.4264,26.1406,16.6,44.4264,26.1406,26.4,44.4264,26.1406
2022-12-09 12:00:00,2022-12-09 13:00:00,23.78,44.4264,26.1406,18.05,44.4264,26.1406,24.4,44.4264,26.1406
2022-12-09 13:00:00,2022-12-09 14:00:00,23.42,44.4264,26.1406,17.67,44.4264,26.1406,21.54,44.4264,26.1406
2022-12-09 14:00:00,2022-12-09 15:00:00,26.43,44.4264,26.1406,20.8,44.4264,26.1406,23.29,44.4264,26.1406
2022-12-09 15:00:00,2022-12-09 16:00:00,28.61,44.4264,26.1406,21.3,44.4264,26.1406,30.12,44.4264,26.1406
2022-12-09 16:00:00,2022-12-09 17:00:00,37.09,44.4264,26.1406,22.38,44.4264,26.1406,43.42,44.4264,26.1406
2022-12-09 17:00:00,2022-12-09 18:00:00,62.35,44.4264,26.1406,35.18,44.4264,26.1406,60.08,44.4264,26.1406
2022-12-09 18:00:00,2022-12-09 19:00:00,76.24,44.4264,26.1406,35.83,44.4264,26.1406,64.52,44.4264,26.1406
2022-12-09 19:00:00,2022-12-09 20:00:00,66.99,44.4264,26.1406,35.11,44.4264,26.1406,49.53,44.4264,26.1406
2022-12-09 20:00:00,2022-12-09 21:00:00,34.65,44.4264,26.1406,22.17,44.4264,26.1406,42.88,44.4264,26.1406
2022-12-09 21:00:00,2022-12-09 22:00:00,23.87,44.4264,26.1406,15.57,44.4264,26.1406,40.27,44.4264,26.1406
2022-12-09 22:00:00,2022-12-09 23:00:00,25.3,44.4264,26.1406,16.42,44.4264,26.1406,38.94,44.4264,26.1406
2022-12-09 23:00:00,2022-12-10 00:00:00,21.16,44.4264,26.1406,13.96,44.4264,26.1406,38.14,44.4264,26.1406
2022-12-10 00:00:00,2022-12-10 01:00:00,19.8,44.4264,26.1406,12.97,44.4264,26.1406,35.7,44.4264,26.1406
2022-12-10 02:00:00,2022-12-10 03:00:00,16.83,44.4264,26.1406,11.09,44.4264,26.1406,32.38,44.4264,26.1406
2022-12-10 03:00:00,2022-12-10 04:00:00,13.2,44.4264,26.1406,7.38,44.4264,26.1406,29.35,44.4264,26.1406
2022-12-10 04:00:00,2022-12-10 05:00:00,12.66,44.4264,26.1406,9.15,44.4264,26.1406,25.34,44.4264,26.1406
2022-12-10 05:00:00,2022-12-10 06:00:00,16.82,44.4264,26.1406,13.2,44.4264,26.1406,29.26,44.4264,26.1406
2022-12-10 06:00:00,2022-12-10 07:00:00,18.6,44.4264,26.1406,13.58,44.4264,26.1406,32.49,44.4264,26.1406
2022-12-10 07:00:00,2022-12-10 08:00:00,19.25,44.4264,26.1406,12.5,44.4264,26.1406,,44.4264,26.1406
2022-12-10 08:00:00,2022-12-10 09:00:00,21.94,44.4264,26.1406,18.02,44.4264,26.1406,30.06,44.4264,26.1406
2022-12-10 09:00:00,2022-12-10 10:00:00,26.66,44.4264,26.1406,21.68,44.4264,26.1406,32.65,44.4264,26.1406
2022-12-10 10:00:00,2022-12-10 11:00:00,29.16,44.4264,26.1406,22.76,44.4264,26.1406,37.1,44.4264,26.1406
2022-12-10 11:00:00,2022-12-10 12:00:00,32.72,44.4264,26.1406,24.26,44.4264,26.1406,35.04,44.4264,26.1406
2022-12-10 12:00:00,2022-12-10 13:00:00,39.51,44.4264,26.1406,26.1,44.4264,26.1406,48.79,44.4264,26.1406
2022-12-10 13:00:00,2022-12-10 14:00:00,54.1,44.4264,26.1406,30.44,44.4264,26.1406,45.36,44.4264,26.1406
2022-12-10 14:00:00,2022-12-10 15:00:00,42.09,44.4264,26.1406,23.89,44.4264,26.1406,49.71,44.4264,26.1406
2022-12-10 15:00:00,2022-12-10 16:00:00,40.16,44.4264,26.1406,18.89,44.4264,26.1406,58.96,44.4264,26.1406
2022-12-10 16:00:00,2022-12-10 17:00:00,55.5,44.4264,26.1406,20.62,44.4264,26.1406,68.14,44.4264,26.1406
2022-12-10 17:00:00,2022-12-10 18:00:00,72.0,44.4264,26.1406,27.82,44.4264,26.1406,67.53,44.4264,26.1406
2022-12-10 18:00:00,2022-12-10 19:00:00,72.63,44.4264,26.1406,35.97,44.4264,26.1406,75.72,44.4264,26.1406
2022-12-10 19:00:00,2022-12-10 20:00:00,73.35,44.4264,26.1406,37.04,44.4264,26.1406,68.0,44.4264,26.1406
2022-12-10 20:00:00,2022-12-10 21:00:00,60.85,44.4264,26.1406,33.93,44.4264,26.1406,54.66,44.4264,26.1406
2022-12-10 21:00:00,2022-12-10 22:00:00,55.87,44.4264,26.1406,37.86,44.4264,26.1406,46.05,44.4264,26.1406
2022-12-10 22:00:00,2022-12-10 23:00:00,44.07,44.4264,26.1406,29.1,44.4264,26.1406,37.86,44.4264,26.1406
2022-12-10 23:00:00,2022-12-11 00:00:00,41.35,44.4264,26.1406,28.13,44.4264,26.1406,34.81,44.4264,26.1406
2022-12-11 00:00:00,2022-12-11 01:00:00,37.21,44.4264,26.1406,25.0,44.4264,26.1406,30.42,44.4264,26.1406
2022-12-11 01:00:00,2022-12-11 02:00:00,33.47,44.4264,26.1406,21.85,44.4264,26.1406,29.25,44.4264,26.1406
2022-12-11 02:00:00,2022-12-11 03:00:00,34.43,44.4264,26.1406,23.25,44.4264,26.1406,26.05,44.4264,26.1406
2022-12-11 03:00:00,2022-12-11 04:00:00,44.42,44.4264,26.1406,33.26,44.4264,26.1406,26.35,44.4264,26.1406
2022-12-11 04:00:00,2022-12-11 05:00:00,33.28,44.4264,26.1406,23.1,44.4264,26.1406,25.71,44.4264,26.1406
2022-12-11 05:00:00,2022-12-11 06:00:00,29.01,44.4264,26.1406,18.45,44.4264,26.1406,27.64,44.4264,26.1406
2022-12-11 06:00:00,2022-12-11 07:00:00,26.93,44.4264,26.1406,17.16,44.4264,26.1406,32.58,44.4264,26.1406
2022-12-11 07:00:00,2022-12-11 08:00:00,27.1,44.4264,26.1406,17.34,44.4264,26.1406,28.61,44.4264,26.1406
2022-12-11 08:00:00,2022-12-11 09:00:00,24.06,44.4264,26.1406,15.41,44.4264,26.1406,,44.4264,26.1406
2022-12-11 09:00:00,2022-12-11 10:00:00,21.94,44.4264,26.1406,14.61,44.4264,26.1406,14.91,44.4264,26.1406
2022-12-11 10:00:00,2022-12-11 11:00:00,13.62,44.4264,26.1406,7.64,44.4264,26.1406,10.21,44.4264,26.1406
2022-12-11 11:00:00,2022-12-11 12:00:00,13.67,44.4264,26.1406,7.84,44.4264,26.1406,10.45,44.4264,26.1406
2022-12-11 12:00:00,2022-12-11 13:00:00,11.97,44.4264,26.1406,6.31,44.4264,26.1406,9.44,44.4264,26.1406
2022-12-11 13:00:00,2022-12-11 14:00:00,16.26,44.4264,26.1406,10.9,44.4264,26.1406,15.24,44.4264,26.1406
2022-12-11 14:00:00,2022-12-11 15:00:00,15.17,44.4264,26.1406,9.88,44.4264,26.1406,15.15,44.4264,26.1406
2022-12-11 15:00:00,2022-12-11 16:00:00,15.47,44.4264,26.1406,12.24,44.4264,26.1406,16.21,44.4264,26.1406
2022-12-11 16:00:00,2022-12-11 17:00:00,9.13,44.4264,26.1406,6.97,44.4264,26.1406,16.86,44.4264,26.1406
2022-12-11 17:00:00,2022-12-11 18:00:00,5.18,44.4264,26.1406,3.49,44.4264,26.1406,17.4,44.4264,26.1406
2022-12-11 18:00:00,2022-12-11 19:00:00,6.23,44.4264,26.1406,5.1,44.4264,26.1406,17.31,44.4264,26.1406
2022-12-11 19:00:00,2022-12-11 20:00:00,4.7,44.4264,26.1406,3.7,44.4264,26.1406,,44.4264,26.1406
2022-12-11 20:00:00,2022-12-11 21:00:00,7.9,44.4264,26.1406,6.41,44.4264,26.1406,13.17,44.4264,26.1406
2022-12-11 21:00:00,2022-12-11 22:00:00,10.2,44.4264,26.1406,9.92,44.4264,26.1406,13.79,44.4264,26.1406
2022-12-11 22:00:00,2022-12-11 23:00:00,9.64,44.4264,26.1406,8.87,44.4264,26.1406,15.18,44.4264,26.1406
2022-12-11 23:00:00,2022-12-12 00:00:00,9.56,44.4264,26.1406,8.59,44.4264,26.1406,14.27,44.4264,26.1406
2022-12-12 00:00:00,2022-12-12 01:00:00,10.43,44.4264,26.1406,8.85,44.4264,26.1406,11.86,44.4264,26.1406
2022-12-12 01:00:00,2022-12-12 02:00:00,11.33,44.4264,26.1406,9.91,44.4264,26.1406,15.51,44.4264,26.1406
2022-12-12 02:00:00,2022-12-12 03:00:00,12.34,44.4264,26.1406,10.53,44.4264,26.1406,14.05,44.4264,26.1406
2022-12-12 03:00:00,2022-12-12 04:00:00,14.36,44.4264,26.1406,12.97,44.4264,26.1406,,44.4264,26.1406
2022-12-12 04:00:00,2022-12-12 05:00:00,11.59,44.4264,26.1406,10.96,44.4264,26.1406,,44.4264,26.1406
2022-12-12 05:00:00,2022-12-12 06:00:00,11.18,44.4264,26.1406,9.2,44.4264,26.1406,,44.4264,26.1406
2022-12-12 06:00:00,2022-12-12 07:00:00,8.8,44.4264,26.1406,6.65,44.4264,26.1406,33.44,44.4264,26.1406
2022-12-12 07:00:00,2022-12-12 08:00:00,11.77,44.4264,26.1406,9.83,44.4264,26.1406,28.46,44.4264,26.1406
2022-12-12 08:00:00,2022-12-12 09:00:00,13.21,44.4264,26.1406,11.74,44.4264,26.1406,22.42,44.4264,26.1406
2022-12-12 09:00:00,2022-12-12 10:00:00,10.72,44.4264,26.1406,7.98,44.4264,26.1406,,44.4264,26.1406
2022-12-12 10:00:00,2022-12-12 11:00:00,12.25,44.4264,26.1406,10.0,44.4264,26.1406,13.95,44.4264,26.1406
2022-12-12 11:00:00,2022-12-12 12:00:00,13.17,44.4264,26.1406,9.68,44.4264,26.1406,15.12,44.4264,26.1406
2022-12-12 12:00:00,2022-12-12 13:00:00,10.72,44.4264,26.1406,8.39,44.4264,26.1406,11.84,44.4264,26.1406
2022-12-12 13:00:00,2022-12-12 14:00:00,15.35,44.4264,26.1406,13.46,44.4264,26.1406,15.29,44.4264,26.1406
2022-12-12 14:00:00,2022-12-12 15:00:00,13.55,44.4264,26.1406,10.6,44.4264,26.1406,23.37,44.4264,26.1406
2022-12-12 15:00:00,2022-12-12 16:00:00,14.99,44.4264,26.1406,11.0,44.4264,26.1406,,44.4264,26.1406
2022-12-12 16:00:00,2022-12-12 17:00:00,17.95,44.4264,26.1406,13.3,44.4264,26.1406,,44.4264,26.1406
2022-12-12 17:00:00,2022-12-12 18:00:00,17.47,44.4264,26.1406,12.88,44.4264,26.1406,,44.4264,26.1406
2022-12-12 18:00:00,2022-12-12 19:00:00,12.87,44.4264,26.1406,10.36,44.4264,26.1406,,44.4264,26.1406
2022-12-12 19:00:00,2022-12-12 20:00:00,10.67,44.4264,26.1406,8.24,44.4264,26.1406,,44.4264,26.1406
2022-12-12 20:00:00,2022-12-12 21:00:00,12.26,44.4264,26.1406,10.98,44.4264,26.1406,,44.4264,26.1406
2022-12-12 21:00:00,2022-12-12 22:00:00,14.23,44.4264,26.1406,13.82,44.4264,26.1406,,44.4264,26.1406
2022-12-12 22:00:00,2022-12-12 23:00:00,13.19,44.4264,26.1406,12.74,44.4264,26.1406,,44.4264,26.1406
2022-12-12 23:00:00,2022-12-13 00:00:00,12.44,44.4264,26.1406,11.6,44.4264,26.1406,,44.4264,26.1406
2022-12-13 00:00:00,2022-12-13 01:00:00,7.67,44.4264,26.1406,6.88,44.4264,26.1406,,44.4264,26.1406
2022-12-13 01:00:00,2022-12-13 02:00:00,9.56,44.4264,26.1406,8.52,44.4264,26.1406,,44.4264,26.1406
2022-12-13 02:00:00,2022-12-13 03:00:00,8.87,44.4264,26.1406,7.58,44.4264,26.1406,,44.4264,26.1406
2022-12-13 03:00:00,2022-12-13 04:00:00,9.88,44.4264,26.1406,9.3,44.4264,26.1406,,44.4264,26.1406
2022-12-13 04:00:00,2022-12-13 05:00:00,9.81,44.4264,26.1406,9.02,44.4264,26.1406,,44.4264,26.1406
2022-12-13 05:00:00,2022-12-13 06:00:00,9.95,44.4264,26.1406,9.14,44.4264,26.1406,,44.4264,26.1406
2022-12-13 06:00:00,2022-12-13 07:00:00,12.42,44.4264,26.1406,11.13,44.4264,26.1406,,44.4264,26.1406
2022-12-13 07:00:00,2022-12-13 08:00:00,14.7,44.4264,26.1406,12.89,44.4264,26.1406,40.94,44.4264,26.1406
2022-12-13 08:00:00,2022-12-13 09:00:00,18.06,44.4264,26.1406,14.81,44.4264,26.1406,34.95,44.4264,26.1406
2022-12-13 09:00:00,2022-12-13 10:00:00,16.49,44.4264,26.1406,12.95,44.4264,26.1406,27.4,44.4264,26.1406
2022-12-13 10:00:00,2022-12-13 11:00:00,16.17,44.4264,26.1406,12.03,44.4264,26.1406,,44.4264,26.1406
2022-12-13 11:00:00,2022-12-13 12:00:00,19.91,44.4264,26.1406,16.51,44.4264,26.1406,18.4,44.4264,26.1406
2022-12-13 12:00:00,2022-12-13 13:00:00,14.76,44.4264,26.1406,11.72,44.4264,26.1406,17.07,44.4264,26.1406
2022-12-13 13:00:00,2022-12-13 14:00:00,13.96,44.4264,26.1406,10.27,44.4264,26.1406,,44.4264,26.1406
2022-12-13 14:00:00,2022-12-13 15:00:00,19.18,44.4264,26.1406,15.87,44.4264,26.1406,,44.4264,26.1406
2022-12-13 15:00:00,2022-12-13 16:00:00,14.07,44.4264,26.1406,10.32,44.4264,26.1406,,44.4264,26.1406
2022-12-13 16:00:00,2022-12-13 17:00:00,26.2,44.4264,26.1406,17.94,44.4264,26.1406,74.04,44.4264,26.1406
2022-12-13 17:00:00,2022-12-13 18:00:00,26.63,44.4264,26.1406,18.43,44.4264,26.1406,51.8,44.4264,26.1406
2022-12-13 18:00:00,2022-12-13 19:00:00,28.2,44.4264,26.1406,21.81,44.4264,26.1406,56.15,44.4264,26.1406
2022-12-13 19:00:00,2022-12-13 20:00:00,32.31,44.4264,26.1406,25.02,44.4264,26.1406,70.38,44.4264,26.1406
2022-12-13 20:00:00,2022-12-13 21:00:00,36.5,44.4264,26.1406,26.92,44.4264,26.1406,68.83,44.4264,26.1406
2022-12-13 21:00:00,2022-12-13 22:00:00,38.95,44.4264,26.1406,31.06,44.4264,26.1406,55.76,44.4264,26.1406
2022-12-13 22:00:00,2022-12-13 23:00:00,36.72,44.4264,26.1406,30.09,44.4264,26.1406,54.19,44.4264,26.1406
2022-12-13 23:00:00,2022-12-14 00:00:00,36.86,44.4264,26.1406,30.0,44.4264,26.1406,48.25,44.4264,26.1406
2022-12-14 00:00:00,2022-12-14 01:00:00,34.89,44.4264,26.1406,30.07,44.4264,26.1406,,44.4264,26.1406
2022-12-14 01:00:00,2022-12-14 02:00:00,34.59,44.4264,26.1406,30.49,44.4264,26.1406,57.7,44.4264,26.1406
2022-12-14 02:00:00,2022-12-14 03:00:00,40.14,44.4264,26.1406,32.85,44.4264,26.1406,65.86,44.4264,26.1406
2022-12-14 03:00:00,2022-12-14 04:00:00,50.23,44.4264,26.1406,40.05,44.4264,26.1406,67.77,44.4264,26.1406
2022-12-14 04:00:00,2022-12-14 05:00:00,49.04,44.4264,26.1406,38.45,44.4264,26.1406,58.01,44.4264,26.1406
2022-12-14 05:00:00,2022-12-14 06:00:00,44.64,44.4264,26.1406,35.51,44.4264,26.1406,51.08,44.4264,26.1406
2022-12-14 06:00:00,2022-12-14 07:00:00,46.82,44.4264,26.1406,37.88,44.4264,26.1406,52.76,44.4264,26.1406
2022-12-14 07:00:00,2022-12-14 08:00:00,41.83,44.4264,26.1406,33.48,44.4264,26.1406,49.64,44.4264,26.1406
2022-12-14 08:00:00,2022-12-14 09:00:00,43.6,44.4264,26.1406,34.92,44.4264,26.1406,45.59,44.4264,26.1406
2022-12-14 09:00:00,2022-12-14 10:00:00,44.12,44.4264,26.1406,34.4,44.4264,26.1406,38.52,44.4264,26.1406
2022-12-14 10:00:00,2022-12-14 11:00:00,39.84,44.4264,26.1406,30.8,44.4264,26.1406,33.1,44.4264,26.1406
2022-12-14 11:00:00,2022-12-14 12:00:00,36.57,44.4264,26.1406,27.67,44.4264,26.1406,,44.4264,26.1406
2022-12-14 12:00:00,2022-12-14 13:00:00,33.5,44.4264,26.1406,24.84,44.4264,26.1406,32.64,44.4264,26.1406
2022-12-14 13:00:00,2022-12-14 14:00:00,31.67,44.4264,26.1406,24.37,44.4264,26.1406,35.31,44.4264,26.1406
2022-12-14 14:00:00,2022-12-14 15:00:00,29.71,44.4264,26.1406,22.66,44.4264,26.1406,35.66,44.4264,26.1406
2022-12-14 15:00:00,2022-12-14 16:00:00,27.45,44.4264,26.1406,21.74,44.4264,26.1406,39.39,44.4264,26.1406
2022-12-14 16:00:00,2022-12-14 17:00:00,25.74,44.4264,26.1406,20.29,44.4264,26.1406,46.9,44.4264,26.1406
2022-12-14 17:00:00,2022-12-14 18:00:00,27.15,44.4264,26.1406,21.93,44.4264,26.1406,46.54,44.4264,26.1406
2022-12-14 18:00:00,2022-12-14 19:00:00,24.28,44.4264,26.1406,19.86,44.4264,26.1406,40.7,44.4264,26.1406
2022-12-14 19:00:00,2022-12-14 20:00:00,25.81,44.4264,26.1406,21.05,44.4264,26.1406,39.74,44.4264,26.1406
2022-12-14 20:00:00,2022-12-14 21:00:00,27.99,44.4264,26.1406,23.7,44.4264,26.1406,37.98,44.4264,26.1406
2022-12-14 21:00:00,2022-12-14 22:00:00,23.7,44.4264,26.1406,18.78,44.4264,26.1406,39.89,44.4264,26.1406
2022-12-14 22:00:00,2022-12-14 23:00:00,22.25,44.4264,26.1406,19.13,44.4264,26.1406,39.94,44.4264,26.1406
2022-12-14 23:00:00,2022-12-15 00:00:00,21.96,44.4264,26.1406,19.49,44.4264,26.1406,36.93,44.4264,26.1406
2022-12-15 00:00:00,2022-12-15 01:00:00,21.3,44.4264,26.1406,18.53,44.4264,26.1406,27.02,44.4264,26.1406
2022-12-15 01:00:00,2022-12-15 02:00:00,15.4,44.4264,26.1406,13.48,44.4264,26.1406,,44.4264,26.1406
2022-12-15 02:00:00,2022-12-15 03:00:00,10.75,44.4264,26.1406,8.81,44.4264,26.1406,,44.4264,26.1406
2022-12-15 03:00:00,2022-12-15 04:00:00,8.88,44.4264,26.1406,7.19,44.4264,26.1406,,44.4264,26.1406
2022-12-15 04:00:00,2022-12-15 05:00:00,14.11,44.4264,26.1406,13.18,44.4264,26.1406,,44.4264,26.1406
2022-12-15 05:00:00,2022-12-15 06:00:00,9.95,44.4264,26.1406,8.74,44.4264,26.1406,,44.4264,26.1406
2022-12-15 06:00:00,2022-12-15 07:00:00,11.72,44.4264,26.1406,10.11,44.4264,26.1406,,44.4264,26.1406
2022-12-15 07:00:00,2022-12-15 08:00:00,12.68,44.4264,26.1406,10.82,44.4264,26.1406,,44.4264,26.1406
2022-12-15 08:00:00,2022-12-15 09:00:00,12.75,44.4264,26.1406,10.32,44.4264,26.1406,31.63,44.4264,26.1406
2022-12-15 09:00:00,2022-12-15 10:00:00,15.53,44.4264,26.1406,13.16,44.4264,26.1406,35.89,44.4264,26.1406
2022-12-15 10:00:00,2022-12-15 11:00:00,14.5,44.4264,26.1406,11.84,44.4264,26.1406,29.52,44.4264,26.1406
2022-12-15 11:00:00,2022-12-15 12:00:00,13.51,44.4264,26.1406,12.04,44.4264,26.1406,19.44,44.4264,26.1406
2022-12-15 12:00:00,2022-12-15 13:00:00,13.46,44.4264,26.1406,11.97,44.4264,26.1406,,44.4264,26.1406
2022-12-15 13:00:00,2022-12-15 14:00:00,13.49,44.4264,26.1406,11.26,44.4264,26.1406,18.94,44.4264,26.1406
2022-12-15 14:00:00,2022-12-15 15:00:00,12.92,44.4264,26.1406,10.88,44.4264,26.1406,,44.4264,26.1406
2022-12-15 15:00:00,2022-12-15 16:00:00,17.99,44.4264,26.1406,15.27,44.4264,26.1406,,44.4264,26.1406
2022-12-15 16:00:00,2022-12-15 17:00:00,18.31,44.4264,26.1406,15.52,44.4264,26.1406,,44.4264,26.1406
2022-12-15 17:00:00,2022-12-15 18:00:00,16.27,44.4264,26.1406,14.18,44.4264,26.1406,,44.4264,26.1406
2022-12-15 18:00:00,2022-12-15 19:00:00,17.83,44.4264,26.1406,16.44,44.4264,26.1406,,44.4264,26.1406
2022-12-15 19:00:00,2022-12-15 20:00:00,17.19,44.4264,26.1406,15.0,44.4264,26.1406,,44.4264,26.1406
2022-12-15 20:00:00,2022-12-15 21:00:00,23.26,44.4264,26.1406,20.43,44.4264,26.1406,,44.4264,26.1406
2022-12-15 21:00:00,2022-12-15 22:00:00,28.46,44.4264,26.1406,18.2,44.4264,26.1406,32.63,44.4264,26.1406
2022-12-15 22:00:00,2022-12-15 23:00:00,17.8,44.4264,26.1406,13.18,44.4264,26.1406,21.51,44.4264,26.1406
2022-12-15 23:00:00,2022-12-16 00:00:00,15.92,44.4264,26.1406,11.5,44.4264,26.1406,38.1,44.4264,26.1406
2022-12-16 00:00:00,2022-12-16 01:00:00,19.44,44.4264,26.1406,10.79,44.4264,26.1406,48.1,44.4264,26.1406
2022-12-16 01:00:00,2022-12-16 02:00:00,20.73,44.4264,26.1406,11.18,44.4264,26.1406,44.51,44.4264,26.1406
2022-12-16 02:00:00,2022-12-16 03:00:00,16.78,44.4264,26.1406,9.82,44.4264,26.1406,36.04,44.4264,26.1406
2022-12-16 03:00:00,2022-12-16 04:00:00,14.04,44.4264,26.1406,7.38,44.4264,26.1406,,44.4264,26.1406
2022-12-16 04:00:00,2022-12-16 05:00:00,15.28,44.4264,26.1406,10.96,44.4264,26.1406,15.54,44.4264,26.1406
2022-12-16 05:00:00,2022-12-16 06:00:00,14.14,44.4264,26.1406,9.87,44.4264,26.1406,21.87,44.4264,26.1406
2022-12-16 06:00:00,2022-12-16 07:00:00,10.29,44.4264,26.1406,5.36,44.4264,26.1406,28.96,44.4264,26.1406
2022-12-16 07:00:00,2022-12-16 08:00:00,5.55,44.4264,26.1406,0.66,44.4264,26.1406,32.49,44.4264,26.1406
2022-12-16 08:00:00,2022-12-16 09:00:00,15.72,44.4264,26.1406,9.83,44.4264,26.1406,27.22,44.4264,26.1406
2022-12-16 09:00:00,2022-12-16 10:00:00,13.6,44.4264,26.1406,8.41,44.4264,26.1406,23.4,44.4264,26.1406
2022-12-16 10:00:00,2022-12-16 11:00:00,14.33,44.4264,26.1406,10.82,44.4264,26.1406,24.04,44.4264,26.1406
2022-12-16 11:00:00,2022-12-16 12:00:00,23.21,44.4264,26.1406,17.56,44.4264,26.1406,33.7,44.4264,26.1406
2022-12-16 12:00:00,2022-12-16 13:00:00,28.56,44.4264,26.1406,19.95,44.4264,26.1406,37.12,44.4264,26.1406
2022-12-16 13:00:00,2022-12-16 14:00:00,35.53,44.4264,26.1406,26.28,44.4264,26.1406,,44.4264,26.1406
2022-12-16 14:00:00,2022-12-16 15:00:00,42.65,44.4264,26.1406,29.62,44.4264,26.1406,41.5,44.4264,26.1406
2022-12-16 15:00:00,2022-12-16 16:00:00,41.32,44.4264,26.1406,25.94,44.4264,26.1406,41.32,44.4264,26.1406
2022-12-16 16:00:00,2022-12-16 17:00:00,37.39,44.4264,26.1406,23.85,44.4264,26.1406,44.34,44.4264,26.1406
2022-12-16 17:00:00,2022-12-16 18:00:00,32.14,44.4264,26.1406,20.82,44.4264,26.1406,43.43,44.4264,26.1406
2022-12-16 18:00:00,2022-12-16 19:00:00,34.77,44.4264,26.1406,21.48,44.4264,26.1406,38.92,44.4264,26.1406
2022-12-16 19:00:00,2022-12-16 20:00:00,32.17,44.4264,26.1406,20.53,44.4264,26.1406,47.06,44.4264,26.1406
2022-12-16 20:00:00,2022-12-16 21:00:00,33.21,44.4264,26.1406,25.39,44.4264,26.1406,42.07,44.4264,26.1406
2022-12-16 21:00:00,2022-12-16 22:00:00,35.35,44.4264,26.1406,28.8,44.4264,26.1406,33.77,44.4264,26.1406
2022-12-16 22:00:00,2022-12-16 23:00:00,27.77,44.4264,26.1406,22.94,44.4264,26.1406,28.71,44.4264,26.1406
2022-12-16 23:00:00,2022-12-17 00:00:00,24.91,44.4264,26.1406,19.98,44.4264,26.1406,23.05,44.4264,26.1406
2022-12-17 00:00:00,2022-12-17 01:00:00,18.18,44.4264,26.1406,13.21,44.4264,26.1406,26.6,44.4264,26.1406
2022-12-17 01:00:00,2022-12-17 02:00:00,20.22,44.4264,26.1406,15.12,44.4264,26.1406,35.11,44.4264,26.1406
2022-12-17 02:00:00,2022-12-17 03:00:00,24.38,44.4264,26.1406,19.62,44.4264,26.1406,26.3,44.4264,26.1406
2022-12-17 03:00:00,2022-12-17 04:00:00,26.95,44.4264,26.1406,23.46,44.4264,26.1406,20.79,44.4264,26.1406
2022-12-17 04:00:00,2022-12-17 05:00:00,22.09,44.4264,26.1406,18.92,44.4264,26.1406,22.01,44.4264,26.1406
2022-12-17 05:00:00,2022-12-17 06:00:00,18.78,44.4264,26.1406,15.15,44.4264,26.1406,23.33,44.4264,26.1406
2022-12-17 06:00:00,2022-12-17 07:00:00,16.27,44.4264,26.1406,12.76,44.4264,26.1406,22.36,44.4264,26.1406
2022-12-17 07:00:00,2022-12-17 08:00:00,17.47,44.4264,26.1406,14.3,44.4264,26.1406,32.43,44.4264,26.1406
2022-12-17 08:00:00,2022-12-17 09:00:00,23.24,44.4264,26.1406,18.47,44.4264,26.1406,27.77,44.4264,26.1406
2022-12-17 09:00:00,2022-12-17 10:00:00,24.15,44.4264,26.1406,21.5,44.4264,26.1406,12.3,44.4264,26.1406
2022-12-17 10:00:00,2022-12-17 11:00:00,17.95,44.4264,26.1406,15.71,44.4264,26.1406,,44.4264,26.1406
2022-12-17 11:00:00,2022-12-17 12:00:00,16.43,44.4264,26.1406,13.17,44.4264,26.1406,41.03,44.4264,26.1406
2022-12-17 12:00:00,2022-12-17 13:00:00,16.39,44.4264,26.1406,10.6,44.4264,26.1406,27.64,44.4264,26.1406
2022-12-17 13:00:00,2022-12-17 14:00:00,12.37,44.4264,26.1406,9.49,44.4264,26.1406,16.82,44.4264,26.1406
2022-12-17 14:00:00,2022-12-17 15:00:00,16.89,44.4264,26.1406,14.9,44.4264,26.1406,,44.4264,26.1406
2022-12-17 15:00:00,2022-12-17 16:00:00,23.33,44.4264,26.1406,20.81,44.4264,26.1406,22.09,44.4264,26.1406
2022-12-17 16:00:00,2022-12-17 17:00:00,22.14,44.4264,26.1406,19.86,44.4264,26.1406,20.31,44.4264,26.1406
2022-12-17 17:00:00,2022-12-17 18:00:00,23.38,44.4264,26.1406,20.91,44.4264,26.1406,,44.4264,26.1406
2022-12-17 18:00:00,2022-12-17 19:00:00,23.05,44.4264,26.1406,20.09,44.4264,26.1406,,44.4264,26.1406
2022-12-17 19:00:00,2022-12-17 20:00:00,21.84,44.4264,26.1406,18.39,44.4264,26.1406,,44.4264,26.1406
2022-12-17 20:00:00,2022-12-17 21:00:00,24.7,44.4264,26.1406,21.47,44.4264,26.1406,,44.4264,26.1406
2022-12-17 21:00:00,2022-12-17 22:00:00,21.98,44.4264,26.1406,17.95,44.4264,26.1406,,44.4264,26.1406
2022-12-17 22:00:00,2022-12-17 23:00:00,19.13,44.4264,26.1406,17.65,44.4264,26.1406,,44.4264,26.1406
2022-12-17 23:00:00,2022-12-18 00:00:00,12.2,44.4264,26.1406,11.1,44.4264,26.1406,,44.4264,26.1406
2022-12-18 00:00:00,2022-12-18 01:00:00,12.92,44.4264,26.1406,11.35,44.4264,26.1406,,44.4264,26.1406
2022-12-18 01:00:00,2022-12-18 02:00:00,14.82,44.4264,26.1406,13.52,44.4264,26.1406,18.93,44.4264,26.1406
2022-12-18 02:00:00,2022-12-18 03:00:00,16.69,44.4264,26.1406,14.04,44.4264,26.1406,,44.4264,26.1406
2022-12-18 03:00:00,2022-12-18 04:00:00,18.15,44.4264,26.1406,16.32,44.4264,26.1406,17.9,44.4264,26.1406
2022-12-18 04:00:00,2022-12-18 05:00:00,24.89,44.4264,26.1406,22.65,44.4264,26.1406,14.91,44.4264,26.1406
2022-12-18 05:00:00,2022-12-18 06:00:00,20.72,44.4264,26.1406,17.25,44.4264,26.1406,,44.4264,26.1406
2022-12-18 06:00:00,2022-12-18 07:00:00,20.64,44.4264,26.1406,16.53,44.4264,26.1406,16.67,44.4264,26.1406
2022-12-18 07:00:00,2022-12-18 08:00:00,24.73,44.4264,26.1406,19.35,44.4264,26.1406,26.49,44.4264,26.1406
2022-12-18 08:00:00,2022-12-18 09:00:00,22.98,44.4264,26.1406,17.54,44.4264,26.1406,27.95,44.4264,26.1406
2022-12-18 09:00:00,2022-12-18 10:00:00,24.97,44.4264,26.1406,20.66,44.4264,26.1406,25.45,44.4264,26.1406
2022-12-18 10:00:00,2022-12-18 11:00:00,23.82,44.4264,26.1406,20.23,44.4264,26.1406,19.41,44.4264,26.1406
2022-12-18 11:00:00,2022-12-18 12:00:00,22.61,44.4264,26.1406,18.64,44.4264,26.1406,15.55,44.4264,26.1406
2022-12-18 12:00:00,2022-12-18 13:00:00,23.34,44.4264,26.1406,16.66,44.4264,26.1406,16.81,44.4264,26.1406
2022-12-18 13:00:00,2022-12-18 14:00:00,25.63,44.4264,26.1406,19.75,44.4264,26.1406,18.72,44.4264,26.1406
2022-12-18 14:00:00,2022-12-18 15:00:00,25.41,44.4264,26.1406,18.53,44.4264,26.1406,19.55,44.4264,26.1406
2022-12-18 15:00:00,2022-12-18 16:00:00,30.59,44.4264,26.1406,23.25,44.4264,26.1406,,44.4264,26.1406
2022-12-18 16:00:00,2022-12-18 17:00:00,24.35,44.4264,26.1406,17.03,44.4264,26.1406,24.86,44.4264,26.1406
2022-12-18 17:00:00,2022-12-18 18:00:00,23.87,44.4264,26.1406,18.63,44.4264,26.1406,28.0,44.4264,26.1406
2022-12-18 18:00:00,2022-12-18 19:00:00,25.0,44.4264,26.1406,22.5,44.4264,26.1406,29.2,44.4264,26.1406
2022-12-18 19:00:00,2022-12-18 20:00:00,21.11,44.4264,26.1406,18.3,44.4264,26.1406,31.35,44.4264,26.1406
2022-12-18 20:00:00,2022-12-18 21:00:00,26.47,44.4264,26.1406,23.39,44.4264,26.1406,,44.4264,26.1406
2022-12-18 21:00:00,2022-12-18 22:00:00,23.88,44.4264,26.1406,20.07,44.4264,26.1406,,44.4264,26.1406
2022-12-18 22:00:00,2022-12-18 23:00:00,19.98,44.4264,26.1406,16.72,44.4264,26.1406,,44.4264,26.1406
2022-12-18 23:00:00,2022-12-19 00:00:00,25.38,44.4264,26.1406,22.34,44.4264,26.1406,,44.4264,26.1406
2022-12-19 00:00:00,2022-12-19 01:00:00,23.61,44.4264,26.1406,21.77,44.4264,26.1406,,44.4264,26.1406
2022-12-19 01:00:00,2022-12-19 02:00:00,25.38,44.4264,26.1406,22.54,44.4264,26.1406,,44.4264,26.1406
2022-12-19 02:00:00,2022-12-19 03:00:00,23.58,44.4264,26.1406,19.63,44.4264,26.1406,,44.4264,26.1406
2022-12-19 03:00:00,2022-12-19 04:00:00,23.95,44.4264,26.1406,19.4,44.4264,26.1406,,44.4264,26.1406
2022-12-19 04:00:00,2022-12-19 05:00:00,22.27,44.4264,26.1406,18.14,44.4264,26.1406,,44.4264,26.1406
2022-12-19 05:00:00,2022-12-19 06:00:00,24.42,44.4264,26.1406,20.09,44.4264,26.1406,,44.4264,26.1406
2022-12-19 06:00:00,2022-12-19 07:00:00,23.09,44.4264,26.1406,17.67,44.4264,26.1406,,44.4264,26.1406
2022-12-19 07:00:00,2022-12-19 08:00:00,20.57,44.4264,26.1406,15.36,44.4264,26.1406,,44.4264,26.1406
2022-12-19 08:00:00,2022-12-19 09:00:00,25.95,44.4264,26.1406,19.82,44.4264,26.1406,29.85,44.4264,26.1406
2022-12-19 09:00:00,2022-12-19 10:00:00,24.75,44.4264,26.1406,18.39,44.4264,26.1406,27.64,44.4264,26.1406
2022-12-19 10:00:00,2022-12-19 11:00:00,27.0,44.4264,26.1406,20.41,44.4264,26.1406,29.12,44.4264,26.1406
2022-12-19 11:00:00,2022-12-19 12:00:00,30.25,44.4264,26.1406,22.77,44.4264,26.1406,24.21,44.4264,26.1406
2022-12-19 12:00:00,2022-12-19 13:00:00,26.13,44.4264,26.1406,19.41,44.4264,26.1406,22.59,44.4264,26.1406
2022-12-19 13:00:00,2022-12-19 14:00:00,31.28,44.4264,26.1406,25.24,44.4264,26.1406,24.23,44.4264,26.1406
2022-12-19 14:00:00,2022-12-19 15:00:00,29.62,44.4264,26.1406,23.61,44.4264,26.1406,25.11,44.4264,26.1406
2022-12-19 15:00:00,2022-12-19 16:00:00,25.69,44.4264,26.1406,20.63,44.4264,26.1406,30.09,44.4264,26.1406
2022-12-19 16:00:00,2022-12-19 17:00:00,29.73,44.4264,26.1406,23.58,44.4264,26.1406,,44.4264,26.1406
2022-12-19 17:00:00,2022-12-19 18:00:00,27.35,44.4264,26.1406,21.37,44.4264,26.1406,34.25,44.4264,26.1406
2022-12-19 18:00:00,2022-12-19 19:00:00,28.05,44.4264,26.1406,22.5,44.4264,26.1406,31.11,44.4264,26.1406
2022-12-19 19:00:00,2022-12-19 20:00:00,30.5,44.4264,26.1406,25.39,44.4264,26.1406,22.4,44.4264,26.1406
2022-12-19 20:00:00,2022-12-19 21:00:00,28.71,44.4264,26.1406,24.13,44.4264,26.1406,,44.4264,26.1406
2022-12-19 21:00:00,2022-12-19 22:00:00,26.53,44.4264,26.1406,23.11,44.4264,26.1406,,44.4264,26.1406
2022-12-19 22:00:00,2022-12-19 23:00:00,30.41,44.4264,26.1406,26.62,44.4264,26.1406,,44.4264,26.1406
2022-12-19 23:00:00,2022-12-20 00:00:00,30.61,44.4264,26.1406,26.57,44.4264,26.1406,,44.4264,26.1406
2022-12-20 00:00:00,2022-12-20 01:00:00,29.27,44.4264,26.1406,26.05,44.4264,26.1406,,44.4264,26.1406
2022-12-20 01:00:00,2022-12-20 02:00:00,30.96,44.4264,26.1406,26.33,44.4264,26.1406,47.1,44.4264,26.1406
2022-12-20 02:00:00,2022-12-20 03:00:00,31.9,44.4264,26.1406,26.06,44.4264,26.1406,45.48,44.4264,26.1406
2022-12-20 03:00:00,2022-12-20 04:00:00,31.53,44.4264,26.1406,24.21,44.4264,26.1406,47.93,44.4264,26.1406
2022-12-20 04:00:00,2022-12-20 05:00:00,37.13,44.4264,26.1406,19.84,44.4264,26.1406,43.75,44.4264,26.1406
2022-12-20 05:00:00,2022-12-20 06:00:00,27.67,44.4264,26.1406,19.33,44.4264,26.1406,47.56,44.4264,26.1406
2022-12-20 06:00:00,2022-12-20 07:00:00,137.33,44.4264,26.1406,26.86,44.4264,26.1406,48.41,44.4264,26.1406
2022-12-20 07:00:00,2022-12-20 08:00:00,124.29,44.4264,26.1406,46.7,44.4264,26.1406,55.12,44.4264,26.1406
2022-12-20 08:00:00,2022-12-20 09:00:00,42.44,44.4264,26.1406,33.02,44.4264,26.1406,55.13,44.4264,26.1406
2022-12-20 09:00:00,2022-12-20 10:00:00,43.44,44.4264,26.1406,34.54,44.4264,26.1406,33.35,44.4264,26.1406
2022-12-20 10:00:00,2022-12-20 11:00:00,41.82,44.4264,26.1406,33.25,44.4264,26.1406,31.87,44.4264,26.1406
2022-12-20 11:00:00,2022-12-20 12:00:00,41.15,44.4264,26.1406,33.72,44.4264,26.1406,,44.4264,26.1406
2022-12-20 12:00:00,2022-12-20 13:00:00,35.62,44.4264,26.1406,30.36,44.4264,26.1406,,44.4264,26.1406
2022-12-20 15:00:00,2022-12-20 16:00:00,10.07,44.4264,26.1406,6.85,44.4264,26.1406,38.4,44.4264,26.1406
2022-12-20 16:00:00,2022-12-20 17:00:00,39.63,44.4264,26.1406,30.19,44.4264,26.1406,57.65,44.4264,26.1406
2022-12-20 17:00:00,2022-12-20 18:00:00,47.31,44.4264,26.1406,36.55,44.4264,26.1406,,44.4264,26.1406
2022-12-20 18:00:00,2022-12-20 19:00:00,35.33,44.4264,26.1406,27.1,44.4264,26.1406,59.86,44.4264,26.1406
2022-12-20 19:00:00,2022-12-20 20:00:00,39.43,44.4264,26.1406,31.32,44.4264,26.1406,51.25,44.4264,26.1406
2022-12-20 20:00:00,2022-12-20 21:00:00,39.0,44.4264,26.1406,31.34,44.4264,26.1406,45.84,44.4264,26.1406
2022-12-20 21:00:00,2022-12-20 22:00:00,36.86,44.4264,26.1406,31.41,44.4264,26.1406,35.58,44.4264,26.1406
2022-12-20 22:00:00,2022-12-20 23:00:00,31.99,44.4264,26.1406,27.11,44.4264,26.1406,36.75,44.4264,26.1406
2022-12-20 23:00:00,2022-12-21 00:00:00,34.21,44.4264,26.1406,29.36,44.4264,26.1406,25.21,44.4264,26.1406
2022-12-21 00:00:00,2022-12-21 01:00:00,29.69,44.4264,26.1406,24.79,44.4264,26.1406,18.3,44.4264,26.1406
2022-12-21 01:00:00,2022-12-21 02:00:00,29.14,44.4264,26.1406,24.54,44.4264,26.1406,13.56,44.4264,26.1406
2022-12-21 02:00:00,2022-12-21 03:00:00,25.91,44.4264,26.1406,21.95,44.4264,26.1406,11.82,44.4264,26.1406
2022-12-21 03:00:00,2022-12-21 04:00:00,25.76,44.4264,26.1406,21.63,44.4264,26.1406,9.72,44.4264,26.1406
2022-12-21 04:00:00,2022-12-21 05:00:00,21.75,44.4264,26.1406,17.5,44.4264,26.1406,9.74,44.4264,26.1406
2022-12-21 05:00:00,2022-12-21 06:00:00,21.42,44.4264,26.1406,17.41,44.4264,26.1406,16.81,44.4264,26.1406
2022-12-21 06:00:00,2022-12-21 07:00:00,20.37,44.4264,26.1406,16.67,44.4264,26.1406,27.38,44.4264,26.1406
2022-12-21 07:00:00,2022-12-21 08:00:00,23.18,44.4264,26.1406,18.54,44.4264,26.1406,20.47,44.4264,26.1406
2022-12-21 08:00:00,2022-12-21 09:00:00,25.35,44.4264,26.1406,20.76,44.4264,26.1406,20.9,44.4264,26.1406
2022-12-21 09:00:00,2022-12-21 10:00:00,25.26,44.4264,26.1406,21.98,44.4264,26.1406,19.74,44.4264,26.1406
2022-12-21 10:00:00,2022-12-21 11:00:00,25.01,44.4264,26.1406,21.47,44.4264,26.1406,21.82,44.4264,26.1406
2022-12-21 11:00:00,2022-12-21 12:00:00,21.46,44.4264,26.1406,17.74,44.4264,26.1406,22.91,44.4264,26.1406
2022-12-21 12:00:00,2022-12-21 13:00:00,25.73,44.4264,26.1406,21.46,44.4264,26.1406,19.7,44.4264,26.1406
2022-12-21 13:00:00,2022-12-21 14:00:00,24.34,44.4264,26.1406,20.07,44.4264,26.1406,20.41,44.4264,26.1406
2022-12-21 14:00:00,2022-12-21 15:00:00,25.15,44.4264,26.1406,21.42,44.4264,26.1406,19.06,44.4264,26.1406
2022-12-21 15:00:00,2022-12-21 16:00:00,27.36,44.4264,26.1406,23.17,44.4264,26.1406,25.41,44.4264,26.1406
2022-12-21 16:00:00,2022-12-21 17:00:00,30.28,44.4264,26.1406,25.31,44.4264,26.1406,29.07,44.4264,26.1406
2022-12-21 17:00:00,2022-12-21 18:00:00,29.55,44.4264,26.1406,24.31,44.4264,26.1406,33.28,44.4264,26.1406
2022-12-21 18:00:00,2022-12-21 19:00:00,29.92,44.4264,26.1406,24.37,44.4264,26.1406,,44.4264,26.1406
2022-12-21 19:00:00,2022-12-21 20:00:00,29.07,44.4264,26.1406,23.41,44.4264,26.1406,28.07,44.4264,26.1406
2022-12-21 20:00:00,2022-12-21 21:00:00,30.05,44.4264,26.1406,24.08,44.4264,26.1406,26.2,44.4264,26.1406
2022-12-21 21:00:00,2022-12-21 22:00:00,30.15,44.4264,26.1406,26.18,44.4264,26.1406,28.83,44.4264,26.1406
2022-12-21 22:00:00,2022-12-21 23:00:00,30.42,44.4264,26.1406,26.62,44.4264,26.1406,29.23,44.4264,26.1406
2022-12-22 04:00:00,2022-12-22 05:00:00,26.47,44.4264,26.1406,22.33,44.4264,26.1406,13.64,44.4264,26.1406
2022-12-22 05:00:00,2022-12-22 06:00:00,28.26,44.4264,26.1406,23.71,44.4264,26.1406,13.76,44.4264,26.1406
2022-12-22 06:00:00,2022-12-22 07:00:00,26.48,44.4264,26.1406,22.34,44.4264,26.1406,15.46,44.4264,26.1406
2022-12-22 07:00:00,2022-12-22 08:00:00,26.61,44.4264,26.1406,22.49,44.4264,26.1406,19.21,44.4264,26.1406
2022-12-22 08:00:00,2022-12-22 09:00:00,30.56,44.4264,26.1406,25.97,44.4264,26.1406,23.54,44.4264,26.1406
2022-12-22 09:00:00,2022-12-22 10:00:00,32.7,44.4264,26.1406,27.5,44.4264,26.1406,22.72,44.4264,26.1406
2022-12-22 10:00:00,2022-12-22 11:00:00,30.65,44.4264,26.1406,26.7,44.4264,26.1406,23.0,44.4264,26.1406
2022-12-22 11:00:00,2022-12-22 12:00:00,34.23,44.4264,26.1406,28.81,44.4264,26.1406,23.34,44.4264,26.1406
2022-12-22 12:00:00,2022-12-22 13:00:00,35.1,44.4264,26.1406,28.16,44.4264,26.1406,21.66,44.4264,26.1406
2022-12-22 13:00:00,2022-12-22 14:00:00,35.93,44.4264,26.1406,30.47,44.4264,26.1406,23.06,44.4264,26.1406
2022-12-22 14:00:00,2022-12-22 15:00:00,39.29,44.4264,26.1406,32.73,44.4264,26.1406,31.93,44.4264,26.1406
2022-12-22 15:00:00,2022-12-22 16:00:00,40.55,44.4264,26.1406,30.84,44.4264,26.1406,40.19,44.4264,26.1406
2022-12-22 16:00:00,2022-12-22 17:00:00,46.69,44.4264,26.1406,31.8,44.4264,26.1406,43.17,44.4264,26.1406
2022-12-22 17:00:00,2022-12-22 18:00:00,52.69,44.4264,26.1406,40.3,44.4264,26.1406,45.8,44.4264,26.1406
2022-12-22 18:00:00,2022-12-22 19:00:00,46.86,44.4264,26.1406,37.36,44.4264,26.1406,41.0,44.4264,26.1406
2022-12-22 19:00:00,2022-12-22 20:00:00,44.78,44.4264,26.1406,36.23,44.4264,26.1406,,44.4264,26.1406
2022-12-22 20:00:00,2022-12-22 21:00:00,40.59,44.4264,26.1406,30.67,44.4264,26.1406,29.34,44.4264,26.1406
2022-12-22 21:00:00,2022-12-22 22:00:00,35.22,44.4264,26.1406,24.94,44.4264,26.1406,30.56,44.4264,26.1406
2022-12-22 22:00:00,2022-12-22 23:00:00,36.11,44.4264,26.1406,26.19,44.4264,26.1406,18.78,44.4264,26.1406
2022-12-22 23:00:00,2022-12-23 00:00:00,38.96,44.4264,26.1406,28.91,44.4264,26.1406,18.27,44.4264,26.1406
2022-12-23 00:00:00,2022-12-23 01:00:00,43.06,44.4264,26.1406,31.25,44.4264,26.1406,28.03,44.4264,26.1406
2022-12-23 01:00:00,2022-12-23 02:00:00,41.84,44.4264,26.1406,32.05,44.4264,26.1406,27.35,44.4264,26.1406
2022-12-23 02:00:00,2022-12-23 03:00:00,34.72,44.4264,26.1406,27.13,44.4264,26.1406,24.25,44.4264,26.1406
2022-12-23 03:00:00,2022-12-23 04:00:00,31.43,44.4264,26.1406,24.85,44.4264,26.1406,25.29,44.4264,26.1406
2022-12-23 04:00:00,2022-12-23 05:00:00,25.85,44.4264,26.1406,19.97,44.4264,26.1406,19.52,44.4264,26.1406
2022-12-23 05:00:00,2022-12-23 06:00:00,26.33,44.4264,26.1406,20.72,44.4264,26.1406,26.99,44.4264,26.1406
2022-12-23 06:00:00,2022-12-23 07:00:00,28.72,44.4264,26.1406,23.16,44.4264,26.1406,26.05,44.4264,26.1406
2022-12-23 07:00:00,2022-12-23 08:00:00,32.49,44.4264,26.1406,26.2,44.4264,26.1406,28.24,44.4264,26.1406
2022-12-23 08:00:00,2022-12-23 09:00:00,30.51,44.4264,26.1406,24.81,44.4264,26.1406,29.39,44.4264,26.1406
2022-12-23 09:00:00,2022-12-23 10:00:00,40.84,44.4264,26.1406,34.4,44.4264,26.1406,26.38,44.4264,26.1406
2022-12-23 10:00:00,2022-12-23 11:00:00,48.62,44.4264,26.1406,41.71,44.4264,26.1406,27.29,44.4264,26.1406
2022-12-23 11:00:00,2022-12-23 12:00:00,51.31,44.4264,26.1406,45.71,44.4264,26.1406,33.27,44.4264,26.1406
2022-12-23 12:00:00,2022-12-23 13:00:00,52.07,44.4264,26.1406,45.26,44.4264,26.1406,30.18,44.4264,26.1406
2022-12-23 13:00:00,2022-12-23 14:00:00,49.68,44.4264,26.1406,44.45,44.4264,26.1406,31.16,44.4264,26.1406
2022-12-23 14:00:00,2022-12-23 15:00:00,52.17,44.4264,26.1406,45.29,44.4264,26.1406,38.0,44.4264,26.1406
2022-12-23 15:00:00,2022-12-23 16:00:00,53.96,44.4264,26.1406,46.6,44.4264,26.1406,43.37,44.4264,26.1406
2022-12-23 16:00:00,2022-12-23 17:00:00,53.35,44.4264,26.1406,44.64,44.4264,26.1406,45.14,44.4264,26.1406
2022-12-23 17:00:00,2022-12-23 18:00:00,58.3,44.4264,26.1406,48.55,44.4264,26.1406,42.6,44.4264,26.1406
2022-12-23 18:00:00,2022-12-23 19:00:00,65.89,44.4264,26.1406,56.26,44.4264,26.1406,42.73,44.4264,26.1406
2022-12-23 19:00:00,2022-12-23 20:00:00,60.38,44.4264,26.1406,50.81,44.4264,26.1406,37.18,44.4264,26.1406
2022-12-23 20:00:00,2022-12-23 21:00:00,57.59,44.4264,26.1406,47.79,44.4264,26.1406,,44.4264,26.1406
2022-12-23 21:00:00,2022-12-23 22:00:00,65.1,44.4264,26.1406,53.39,44.4264,26.1406,46.73,44.4264,26.1406
2022-12-23 22:00:00,2022-12-23 23:00:00,64.13,44.4264,26.1406,49.73,44.4264,26.1406,43.53,44.4264,26.1406
2022-12-24 23:00:00,2022-12-25 00:00:00,42.13,44.4264,26.1406,37.39,44.4264,26.1406,46.49,44.4264,26.1406
2022-12-25 00:00:00,2022-12-25 01:00:00,38.1,44.4264,26.1406,34.34,44.4264,26.1406,61.17,44.4264,26.1406
2022-12-25 01:00:00,2022-12-25 02:00:00,34.15,44.4264,26.1406,30.12,44.4264,26.1406,41.25,44.4264,26.1406
2022-12-25 02:00:00,2022-12-25 03:00:00,31.54,44.4264,26.1406,28.39,44.4264,26.1406,34.59,44.4264,26.1406
2022-12-25 03:00:00,2022-12-25 04:00:00,30.67,44.4264,26.1406,28.96,44.4264,26.1406,28.83,44.4264,26.1406
2022-12-25 04:00:00,2022-12-25 05:00:00,32.86,44.4264,26.1406,30.89,44.4264,26.1406,29.06,44.4264,26.1406
2022-12-25 05:00:00,2022-12-25 06:00:00,29.77,44.4264,26.1406,28.14,44.4264,26.1406,24.73,44.4264,26.1406
2022-12-25 06:00:00,2022-12-25 07:00:00,22.24,44.4264,26.1406,20.17,44.4264,26.1406,27.02,44.4264,26.1406
2022-12-25 07:00:00,2022-12-25 08:00:00,20.66,44.4264,26.1406,18.45,44.4264,26.1406,24.75,44.4264,26.1406
2022-12-25 08:00:00,2022-12-25 09:00:00,22.6,44.4264,26.1406,20.94,44.4264,26.1406,16.59,44.4264,26.1406
2022-12-25 09:00:00,2022-12-25 10:00:00,22.44,44.4264,26.1406,21.2,44.4264,26.1406,9.46,44.4264,26.1406
2022-12-25 10:00:00,2022-12-25 11:00:00,19.25,44.4264,26.1406,17.34,44.4264,26.1406,9.78,44.4264,26.1406
2022-12-25 11:00:00,2022-12-25 12:00:00,12.98,44.4264,26.1406,11.46,44.4264,26.1406,9.77,44.4264,26.1406
2022-12-25 12:00:00,2022-12-25 13:00:00,6.87,44.4264,26.1406,5.66,44.4264,26.1406,3.83,44.4264,26.1406
2022-12-25 13:00:00,2022-12-25 14:00:00,4.68,44.4264,26.1406,4.0,44.4264,26.1406,7.41,44.4264,26.1406
2022-12-25 14:00:00,2022-12-25 15:00:00,9.64,44.4264,26.1406,7.87,44.4264,26.1406,10.71,44.4264,26.1406
2022-12-25 15:00:00,2022-12-25 16:00:00,9.62,44.4264,26.1406,7.31,44.4264,26.1406,15.35,44.4264,26.1406
2022-12-25 16:00:00,2022-12-25 17:00:00,12.99,44.4264,26.1406,11.35,44.4264,26.1406,12.11,44.4264,26.1406
2022-12-25 17:00:00,2022-12-25 18:00:00,8.63,44.4264,26.1406,7.18,44.4264,26.1406,13.76,44.4264,26.1406
2022-12-25 18:00:00,2022-12-25 19:00:00,18.01,44.4264,26.1406,15.2,44.4264,26.1406,34.46,44.4264,26.1406
2022-12-25 19:00:00,2022-12-25 20:00:00,32.36,44.4264,26.1406,27.0,44.4264,26.1406,68.06,44.4264,26.1406
2022-12-25 20:00:00,2022-12-25 21:00:00,53.12,44.4264,26.1406,44.64,44.4264,26.1406,66.8,44.4264,26.1406
2022-12-25 21:00:00,2022-12-25 22:00:00,55.64,44.4264,26.1406,50.86,44.4264,26.1406,68.88,44.4264,26.1406
2022-12-25 22:00:00,2022-12-25 23:00:00,57.22,44.4264,26.1406,48.26,44.4264,26.1406,,44.4264,26.1406
2022-12-25 23:00:00,2022-12-26 00:00:00,52.77,44.4264,26.1406,41.37,44.4264,26.1406,55.03,44.4264,26.1406
2022-12-26 00:00:00,2022-12-26 01:00:00,29.09,44.4264,26.1406,23.78,44.4264,26.1406,36.54,44.4264,26.1406
2022-12-26 01:00:00,2022-12-26 02:00:00,23.47,44.4264,26.1406,19.93,44.4264,26.1406,19.72,44.4264,26.1406
2022-12-26 02:00:00,2022-12-26 03:00:00,18.32,44.4264,26.1406,16.01,44.4264,26.1406,13.11,44.4264,26.1406
2022-12-26 03:00:00,2022-12-26 04:00:00,18.34,44.4264,26.1406,15.87,44.4264,26.1406,16.27,44.4264,26.1406
2022-12-26 04:00:00,2022-12-26 05:00:00,18.18,44.4264,26.1406,16.32,44.4264,26.1406,26.37,44.4264,26.1406
2022-12-26 05:00:00,2022-12-26 06:00:00,15.35,44.4264,26.1406,12.97,44.4264,26.1406,36.79,44.4264,26.1406
2022-12-26 06:00:00,2022-12-26 07:00:00,17.67,44.4264,26.1406,14.82,44.4264,26.1406,32.76,44.4264,26.1406
2022-12-26 07:00:00,2022-12-26 08:00:00,27.6,44.4264,26.1406,24.16,44.4264,26.1406,37.27,44.4264,26.1406
2022-12-26 08:00:00,2022-12-26 09:00:00,48.94,44.4264,26.1406,44.67,44.4264,26.1406,38.26,44.4264,26.1406
2022-12-26 09:00:00,2022-12-26 10:00:00,45.06,44.4264,26.1406,41.49,44.4264,26.1406,40.43,44.4264,26.1406
2022-12-26 10:00:00,2022-12-26 11:00:00,23.04,44.4264,26.1406,19.18,44.4264,26.1406,17.73,44.4264,26.1406
2022-12-26 11:00:00,2022-12-26 12:00:00,23.43,44.4264,26.1406,12.76,44.4264,26.1406,20.53,44.4264,26.1406
2022-12-26 12:00:00,2022-12-26 13:00:00,24.14,44.4264,26.1406,12.22,44.4264,26.1406,19.42,44.4264,26.1406
2022-12-26 13:00:00,2022-12-26 14:00:00,21.24,44.4264,26.1406,14.11,44.4264,26.1406,14.33,44.4264,26.1406
2022-12-26 14:00:00,2022-12-26 15:00:00,16.96,44.4264,26.1406,13.87,44.4264,26.1406,16.04,44.4264,26.1406
2022-12-26 15:00:00,2022-12-26 16:00:00,20.72,44.4264,26.1406,17.76,44.4264,26.1406,20.48,44.4264,26.1406
2022-12-26 16:00:00,2022-12-26 17:00:00,21.84,44.4264,26.1406,18.47,44.4264,26.1406,24.69,44.4264,26.1406
2022-12-26 17:00:00,2022-12-26 18:00:00,19.68,44.4264,26.1406,15.88,44.4264,26.1406,26.05,44.4264,26.1406
2022-12-26 18:00:00,2022-12-26 19:00:00,25.08,44.4264,26.1406,22.34,44.4264,26.1406,36.63,44.4264,26.1406
2022-12-26 19:00:00,2022-12-26 20:00:00,31.74,44.4264,26.1406,27.39,44.4264,26.1406,39.26,44.4264,26.1406
2022-12-26 20:00:00,2022-12-26 21:00:00,24.99,44.4264,26.1406,21.32,44.4264,26.1406,45.89,44.4264,26.1406
2022-12-26 21:00:00,2022-12-26 22:00:00,23.87,44.4264,26.1406,20.43,44.4264,26.1406,45.64,44.4264,26.1406
2022-12-26 22:00:00,2022-12-26 23:00:00,27.78,44.4264,26.1406,25.03,44.4264,26.1406,25.97,44.4264,26.1406
2022-12-26 23:00:00,2022-12-27 00:00:00,24.03,44.4264,26.1406,21.09,44.4264,26.1406,,44.4264,26.1406
2022-12-27 00:00:00,2022-12-27 01:00:00,22.85,44.4264,26.1406,18.88,44.4264,26.1406,35.36,44.4264,26.1406
2022-12-27 01:00:00,2022-12-27 02:00:00,22.71,44.4264,26.1406,20.21,44.4264,26.1406,23.44,44.4264,26.1406
2022-12-27 02:00:00,2022-12-27 03:00:00,22.49,44.4264,26.1406,20.01,44.4264,26.1406,14.81,44.4264,26.1406
2022-12-27 03:00:00,2022-12-27 04:00:00,24.0,44.4264,26.1406,21.75,44.4264,26.1406,15.1,44.4264,26.1406
2022-12-27 04:00:00,2022-12-27 05:00:00,23.37,44.4264,26.1406,21.17,44.4264,26.1406,20.09,44.4264,26.1406
2022-12-27 05:00:00,2022-12-27 06:00:00,25.69,44.4264,26.1406,22.75,44.4264,26.1406,33.24,44.4264,26.1406
2022-12-27 06:00:00,2022-12-27 07:00:00,22.13,44.4264,26.1406,19.21,44.4264,26.1406,38.64,44.4264,26.1406
2022-12-27 07:00:00,2022-12-27 08:00:00,26.04,44.4264,26.1406,22.96,44.4264,26.1406,35.96,44.4264,26.1406
2022-12-27 08:00:00,2022-12-27 09:00:00,29.71,44.4264,26.1406,25.55,44.4264,26.1406,28.29,44.4264,26.1406
2022-12-27 09:00:00,2022-12-27 10:00:00,40.26,44.4264,26.1406,36.56,44.4264,26.1406,26.97,44.4264,26.1406
2022-12-27 10:00:00,2022-12-27 11:00:00,38.33,44.4264,26.1406,34.44,44.4264,26.1406,22.2,44.4264,26.1406
2022-12-27 11:00:00,2022-12-27 12:00:00,34.65,44.4264,26.1406,29.47,44.4264,26.1406,20.14,44.4264,26.1406
2022-12-27 12:00:00,2022-12-27 13:00:00,31.1,44.4264,26.1406,25.71,44.4264,26.1406,13.49,44.4264,26.1406
2022-12-27 13:00:00,2022-12-27 14:00:00,28.82,44.4264,26.1406,24.2,44.4264,26.1406,13.75,44.4264,26.1406
2022-12-27 14:00:00,2022-12-27 15:00:00,28.33,44.4264,26.1406,22.97,44.4264,26.1406,30.58,44.4264,26.1406
2022-12-27 15:00:00,2022-12-27 16:00:00,28.77,44.4264,26.1406,22.85,44.4264,26.1406,52.15,44.4264,26.1406
2022-12-27 16:00:00,2022-12-27 17:00:00,30.72,44.4264,26.1406,23.05,44.4264,26.1406,55.23,44.4264,26.1406
2022-12-27 17:00:00,2022-12-27 18:00:00,29.78,44.4264,26.1406,26.02,44.4264,26.1406,45.4,44.4264,26.1406
2022-12-27 18:00:00,2022-12-27 19:00:00,23.07,44.4264,26.1406,19.66,44.4264,26.1406,33.01,44.4264,26.1406
2022-12-27 19:00:00,2022-12-27 20:00:00,21.3,44.4264,26.1406,17.47,44.4264,26.1406,24.21,44.4264,26.1406
2022-12-27 20:00:00,2022-12-27 21:00:00,22.98,44.4264,26.1406,19.13,44.4264,26.1406,39.62,44.4264,26.1406
2022-12-27 21:00:00,2022-12-27 22:00:00,23.2,44.4264,26.1406,17.84,44.4264,26.1406,54.91,44.4264,26.1406
2022-12-27 22:00:00,2022-12-27 23:00:00,26.09,44.4264,26.1406,19.12,44.4264,26.1406,62.17,44.4264,26.1406
2022-12-27 23:00:00,2022-12-28 00:00:00,34.49,44.4264,26.1406,22.43,44.4264,26.1406,55.1,44.4264,26.1406
2022-12-28 00:00:00,2022-12-28 01:00:00,25.3,44.4264,26.1406,18.53,44.4264,26.1406,,44.4264,26.1406
2022-12-28 01:00:00,2022-12-28 02:00:00,10.36,44.4264,26.1406,8.72,44.4264,26.1406,22.37,44.4264,26.1406
2022-12-28 02:00:00,2022-12-28 03:00:00,5.2,44.4264,26.1406,1.75,44.4264,26.1406,,44.4264,26.1406
2022-12-28 03:00:00,2022-12-28 04:00:00,10.59,44.4264,26.1406,6.04,44.4264,26.1406,9.73,44.4264,26.1406
2022-12-28 04:00:00,2022-12-28 05:00:00,10.7,44.4264,26.1406,6.43,44.4264,26.1406,16.27,44.4264,26.1406
2022-12-28 05:00:00,2022-12-28 06:00:00,14.98,44.4264,26.1406,6.21,44.4264,26.1406,50.6,44.4264,26.1406
2022-12-28 06:00:00,2022-12-28 07:00:00,18.28,44.4264,26.1406,4.01,44.4264,26.1406,43.89,44.4264,26.1406
2022-12-28 07:00:00,2022-12-28 08:00:00,16.63,44.4264,26.1406,3.11,44.4264,26.1406,43.33,44.4264,26.1406
2022-12-28 08:00:00,2022-12-28 09:00:00,24.31,44.4264,26.1406,9.36,44.4264,26.1406,50.08,44.4264,26.1406
2022-12-28 09:00:00,2022-12-28 10:00:00,26.23,44.4264,26.1406,8.31,44.4264,26.1406,44.75,44.4264,26.1406
2022-12-28 10:00:00,2022-12-28 11:00:00,28.44,44.4264,26.1406,11.14,44.4264,26.1406,33.27,44.4264,26.1406
2022-12-28 11:00:00,2022-12-28 12:00:00,21.44,44.4264,26.1406,8.14,44.4264,26.1406,19.11,44.4264,26.1406
2022-12-28 12:00:00,2022-12-28 13:00:00,16.78,44.4264,26.1406,8.39,44.4264,26.1406,17.23,44.4264,26.1406
2022-12-28 13:00:00,2022-12-28 14:00:00,13.72,44.4264,26.1406,6.01,44.4264,26.1406,20.74,44.4264,26.1406
2022-12-28 14:00:00,2022-12-28 15:00:00,14.73,44.4264,26.1406,7.45,44.4264,26.1406,22.37,44.4264,26.1406
2022-12-28 15:00:00,2022-12-28 16:00:00,14.19,44.4264,26.1406,5.95,44.4264,26.1406,49.66,44.4264,26.1406
2022-12-28 16:00:00,2022-12-28 17:00:00,25.32,44.4264,26.1406,9.73,44.4264,26.1406,83.81,44.4264,26.1406
2022-12-28 17:00:00,2022-12-28 18:00:00,27.36,44.4264,26.1406,14.81,44.4264,26.1406,86.26,44.4264,26.1406
2022-12-28 18:00:00,2022-12-28 19:00:00,36.04,44.4264,26.1406,24.49,44.4264,26.1406,89.97,44.4264,26.1406
2022-12-28 19:00:00,2022-12-28 20:00:00,37.23,44.4264,26.1406,24.52,44.4264,26.1406,89.46,44.4264,26.1406
2022-12-28 20:00:00,2022-12-28 21:00:00,33.41,44.4264,26.1406,20.87,44.4264,26.1406,81.05,44.4264,26.1406
2022-12-28 21:00:00,2022-12-28 22:00:00,64.49,44.4264,26.1406,52.73,44.4264,26.1406,74.14,44.4264,26.1406
2022-12-28 22:00:00,2022-12-28 23:00:00,69.31,44.4264,26.1406,57.94,44.4264,26.1406,71.63,44.4264,26.1406
2022-12-28 23:00:00,2022-12-29 00:00:00,48.19,44.4264,26.1406,38.84,44.4264,26.1406,67.21,44.4264,26.1406
2022-12-29 00:00:00,2022-12-29 01:00:00,38.99,44.4264,26.1406,32.38,44.4264,26.1406,60.92,44.4264,26.1406
2022-12-29 01:00:00,2022-12-29 02:00:00,41.72,44.4264,26.1406,35.92,44.4264,26.1406,,44.4264,26.1406
2022-12-29 02:00:00,2022-12-29 03:00:00,48.14,44.4264,26.1406,41.58,44.4264,26.1406,54.48,44.4264,26.1406
2022-12-29 03:00:00,2022-12-29 04:00:00,53.23,44.4264,26.1406,45.83,44.4264,26.1406,47.43,44.4264,26.1406
2022-12-29 04:00:00,2022-12-29 05:00:00,49.09,44.4264,26.1406,42.56,44.4264,26.1406,34.53,44.4264,26.1406
2022-12-29 05:00:00,2022-12-29 06:00:00,43.61,44.4264,26.1406,38.76,44.4264,26.1406,31.8,44.4264,26.1406
2022-12-29 06:00:00,2022-12-29 07:00:00,41.13,44.4264,26.1406,37.0,44.4264,26.1406,42.87,44.4264,26.1406
2022-12-29 07:00:00,2022-12-29 08:00:00,46.52,44.4264,26.1406,39.82,44.4264,26.1406,50.35,44.4264,26.1406
2022-12-29 08:00:00,2022-12-29 09:00:00,53.96,44.4264,26.1406,43.1,44.4264,26.1406,58.69,44.4264,26.1406
2022-12-29 09:00:00,2022-12-29 10:00:00,57.28,44.4264,26.1406,46.05,44.4264,26.1406,54.54,44.4264,26.1406
2022-12-29 10:00:00,2022-12-29 11:00:00,34.68,44.4264,26.1406,25.71,44.4264,26.1406,22.75,44.4264,26.1406
2022-12-29 11:00:00,2022-12-29 12:00:00,18.9,44.4264,26.1406,13.2,44.4264,26.1406,16.0,44.4264,26.1406
2022-12-29 12:00:00,2022-12-29 13:00:00,17.02,44.4264,26.1406,11.56,44.4264,26.1406,16.9,44.4264,26.1406
2022-12-29 13:00:00,2022-12-29 14:00:00,15.14,44.4264,26.1406,10.24,44.4264,26.1406,17.84,44.4264,26.1406
2022-12-29 14:00:00,2022-12-29 15:00:00,15.32,44.4264,26.1406,10.64,44.4264,26.1406,18.34,44.4264,26.1406
2022-12-29 15:00:00,2022-12-29 16:00:00,20.68,44.4264,26.1406,15.25,44.4264,26.1406,,44.4264,26.1406
2022-12-29 16:00:00,2022-12-29 17:00:00,21.06,44.4264,26.1406,14.84,44.4264,26.1406,30.85,44.4264,26.1406
2022-12-29 17:00:00,2022-12-29 18:00:00,31.22,44.4264,26.1406,24.7,44.4264,26.1406,28.32,44.4264,26.1406
2022-12-29 18:00:00,2022-12-29 19:00:00,35.22,44.4264,26.1406,29.28,44.4264,26.1406,34.73,44.4264,26.1406
2022-12-29 19:00:00,2022-12-29 20:00:00,36.42,44.4264,26.1406,31.38,44.4264,26.1406,43.2,44.4264,26.1406
2022-12-29 20:00:00,2022-12-29 21:00:00,36.74,44.4264,26.1406,31.9,44.4264,26.1406,39.98,44.4264,26.1406
2022-12-29 21:00:00,2022-12-29 22:00:00,35.47,44.4264,26.1406,31.85,44.4264,26.1406,38.17,44.4264,26.1406
2022-12-29 22:00:00,2022-12-29 23:00:00,34.32,44.4264,26.1406,31.04,44.4264,26.1406,36.43,44.4264,26.1406
2022-12-29 23:00:00,2022-12-30 00:00:00,36.43,44.4264,26.1406,32.62,44.4264,26.1406,21.49,44.4264,26.1406
2022-12-30 00:00:00,2022-12-30 01:00:00,38.71,44.4264,26.1406,34.41,44.4264,26.1406,25.67,44.4264,26.1406
2022-12-30 01:00:00,2022-12-30 02:00:00,35.9,44.4264,26.1406,31.72,44.4264,26.1406,29.22,44.4264,26.1406
2022-12-30 02:00:00,2022-12-30 03:00:00,37.69,44.4264,26.1406,33.89,44.4264,26.1406,,44.4264,26.1406
2022-12-30 03:00:00,2022-12-30 04:00:00,33.56,44.4264,26.1406,29.08,44.4264,26.1406,31.07,44.4264,26.1406
2022-12-30 04:00:00,2022-12-30 05:00:00,32.01,44.4264,26.1406,27.17,44.4264,26.1406,33.95,44.4264,26.1406
2022-12-30 05:00:00,2022-12-30 06:00:00,41.12,44.4264,26.1406,36.34,44.4264,26.1406,41.86,44.4264,26.1406
2022-12-30 06:00:00,2022-12-30 07:00:00,38.16,44.4264,26.1406,33.46,44.4264,26.1406,41.44,44.4264,26.1406
2022-12-30 07:00:00,2022-12-30 08:00:00,43.67,44.4264,26.1406,38.2,44.4264,26.1406,46.46,44.4264,26.1406
2022-12-30 08:00:00,2022-12-30 09:00:00,40.65,44.4264,26.1406,34.31,44.4264,26.1406,42.7,44.4264,26.1406
2022-12-30 09:00:00,2022-12-30 10:00:00,42.38,44.4264,26.1406,35.68,44.4264,26.1406,33.7,44.4264,26.1406
2022-12-30 10:00:00,2022-12-30 11:00:00,41.09,44.4264,26.1406,34.38,44.4264,26.1406,21.26,44.4264,26.1406
2022-12-30 11:00:00,2022-12-30 12:00:00,33.27,44.4264,26.1406,26.85,44.4264,26.1406,20.1,44.4264,26.1406
2022-12-30 12:00:00,2022-12-30 13:00:00,28.0,44.4264,26.1406,22.58,44.4264,26.1406,16.96,44.4264,26.1406
2022-12-30 13:00:00,2022-12-30 14:00:00,25.31,44.4264,26.1406,19.17,44.4264,26.1406,19.77,44.4264,26.1406
2022-12-30 14:00:00,2022-12-30 15:00:00,30.46,44.4264,26.1406,24.45,44.4264,26.1406,24.11,44.4264,26.1406
2022-12-30 15:00:00,2022-12-30 16:00:00,34.38,44.4264,26.1406,27.71,44.4264,26.1406,22.89,44.4264,26.1406
2022-12-30 16:00:00,2022-12-30 17:00:00,37.57,44.4264,26.1406,31.62,44.4264,26.1406,24.45,44.4264,26.1406
2022-12-30 17:00:00,2022-12-30 18:00:00,36.82,44.4264,26.1406,32.02,44.4264,26.1406,25.33,44.4264,26.1406
2022-12-30 18:00:00,2022-12-30 19:00:00,41.26,44.4264,26.1406,36.48,44.4264,26.1406,39.92,44.4264,26.1406
2022-12-30 19:00:00,2022-12-30 20:00:00,42.31,44.4264,26.1406,37.14,44.4264,26.1406,38.87,44.4264,26.1406
2022-12-30 20:00:00,2022-12-30 21:00:00,45.16,44.4264,26.1406,39.19,44.4264,26.1406,,44.4264,26.1406
2022-12-30 21:00:00,2022-12-30 22:00:00,50.59,44.4264,26.1406,44.99,44.4264,26.1406,29.64,44.4264,26.1406
2022-12-30 22:00:00,2022-12-30 23:00:00,50.38,44.4264,26.1406,44.51,44.4264,26.1406,38.7,44.4264,26.1406
2022-01-01 00:00:00,2022-01-01 01:00:00,,,,97.23,44.4264,26.1406,17.87,44.4264,26.1406
2022-01-01 01:00:00,2022-01-01 02:00:00,,,,58.21,44.4264,26.1406,18.27,44.4264,26.1406
2022-01-01 02:00:00,2022-01-01 03:00:00,,,,41.24,44.4264,26.1406,13.84,44.4264,26.1406
2022-01-01 03:00:00,2022-01-01 04:00:00,,,,31.92,44.4264,26.1406,15.65,44.4264,26.1406
2022-01-01 04:00:00,2022-01-01 05:00:00,,,,29.19,44.4264,26.1406,18.38,44.4264,26.1406
2022-01-01 05:00:00,2022-01-01 06:00:00,,,,29.26,44.4264,26.1406,19.35,44.4264,26.1406
2022-01-01 06:00:00,2022-01-01 07:00:00,,,,29.57,44.4264,26.1406,18.0,44.4264,26.1406
2022-01-01 07:00:00,2022-01-01 08:00:00,,,,32.08,44.4264,26.1406,20.03,44.4264,26.1406
2022-01-01 08:00:00,2022-01-01 09:00:00,,,,31.98,44.4264,26.1406,14.85,44.4264,26.1406
2022-01-01 09:00:00,2022-01-01 10:00:00,,,,42.58,44.4264,26.1406,16.63,44.4264,26.1406
2022-01-01 10:00:00,2022-01-01 11:00:00,,,,38.75,44.4264,26.1406,17.54,44.4264,26.1406
2022-01-01 11:00:00,2022-01-01 12:00:00,,,,38.51,44.4264,26.1406,19.62,44.4264,26.1406
2022-01-01 12:00:00,2022-01-01 13:00:00,,,,39.36,44.4264,26.1406,20.67,44.4264,26.1406
2022-01-01 13:00:00,2022-01-01 14:00:00,,,,37.63,44.4264,26.1406,21.64,44.4264,26.1406
2022-01-01 14:00:00,2022-01-01 15:00:00,,,,33.9,44.4264,26.1406,20.03,44.4264,26.1406
2022-01-01 15:00:00,2022-01-01 16:00:00,,,,30.54,44.4264,26.1406,24.22,44.4264,26.1406
2022-01-01 16:00:00,2022-01-01 17:00:00,,,,32.09,44.4264,26.1406,35.06,44.4264,26.1406
2022-01-01 17:00:00,2022-01-01 18:00:00,,,,48.19,44.4264,26.1406,40.47,44.4264,26.1406
2022-01-01 18:00:00,2022-01-01 19:00:00,,,,55.6,44.4264,26.1406,40.23,44.4264,26.1406
2022-01-01 19:00:00,2022-01-01 20:00:00,,,,62.5,44.4264,26.1406,39.49,44.4264,26.1406
2022-01-01 20:00:00,2022-01-01 21:00:00,,,,63.79,44.4264,26.1406,39.21,44.4264,26.1406
2022-01-01 21:00:00,2022-01-01 22:00:00,,,,49.79,44.4264,26.1406,45.86,44.4264,26.1406
2022-01-01 22:00:00,2022-01-01 23:00:00,,,,42.09,44.4264,26.1406,40.02,44.4264,26.1406
2022-01-25 23:00:00,2022-01-26 00:00:00,,,,36.58,44.4264,26.1406,51.8,44.4264,26.1406
2022-01-26 00:00:00,2022-01-26 01:00:00,,,,41.17,44.4264,26.1406,47.54,44.4264,26.1406
2022-01-26 01:00:00,2022-01-26 02:00:00,,,,40.68,44.4264,26.1406,27.78,44.4264,26.1406
2022-01-26 02:00:00,2022-01-26 03:00:00,,,,35.64,44.4264,26.1406,23.01,44.4264,26.1406
2022-01-26 03:00:00,2022-01-26 04:00:00,,,,30.44,44.4264,26.1406,32.44,44.4264,26.1406
2022-01-26 04:00:00,2022-01-26 05:00:00,,,,28.57,44.4264,26.1406,19.81,44.4264,26.1406
2022-01-26 05:00:00,2022-01-26 06:00:00,,,,25.42,44.4264,26.1406,27.08,44.4264,26.1406
2022-01-26 06:00:00,2022-01-26 07:00:00,,,,25.44,44.4264,26.1406,28.46,44.4264,26.1406
2022-01-26 07:00:00,2022-01-26 08:00:00,,,,29.3,44.4264,26.1406,32.36,44.4264,26.1406
2022-01-26 08:00:00,2022-01-26 09:00:00,,,,32.61,44.4264,26.1406,38.29,44.4264,26.1406
2022-01-26 09:00:00,2022-01-26 10:00:00,,,,35.79,44.4264,26.1406,39.08,44.4264,26.1406
2022-01-26 10:00:00,2022-01-26 11:00:00,,,,37.42,44.4264,26.1406,33.14,44.4264,26.1406
2022-01-26 11:00:00,2022-01-26 12:00:00,,,,33.1,44.4264,26.1406,35.24,44.4264,26.1406
2022-01-26 12:00:00,2022-01-26 13:00:00,,,,28.87,44.4264,26.1406,29.15,44.4264,26.1406
2022-01-26 13:00:00,2022-01-26 14:00:00,,,,24.11,44.4264,26.1406,25.78,44.4264,26.1406
2022-01-26 14:00:00,2022-01-26 15:00:00,,,,24.36,44.4264,26.1406,29.61,44.4264,26.1406
2022-01-26 15:00:00,2022-01-26 16:00:00,,,,25.15,44.4264,26.1406,32.26,44.4264,26.1406
2022-01-26 16:00:00,2022-01-26 17:00:00,,,,22.8,44.4264,26.1406,35.97,44.4264,26.1406
2022-01-26 17:00:00,2022-01-26 18:00:00,,,,38.33,44.4264,26.1406,57.09,44.4264,26.1406
2022-01-26 18:00:00,2022-01-26 19:00:00,,,,61.56,44.4264,26.1406,64.35,44.4264,26.1406
2022-01-26 19:00:00,2022-01-26 20:00:00,,,,68.11,44.4264,26.1406,61.36,44.4264,26.1406
2022-01-26 20:00:00,2022-01-26 21:00:00,,,,75.17,44.4264,26.1406,66.29,44.4264,26.1406
2022-01-26 21:00:00,2022-01-26 22:00:00,,,,60.27,44.4264,26.1406,60.31,44.4264,26.1406
2022-01-26 22:00:00,2022-01-26 23:00:00,,,,56.95,44.4264,26.1406,60.32,44.4264,26.1406
2022-03-27 23:00:00,2022-03-28 00:00:00,,,,9.45,44.4264,26.1406,17.04,44.4264,26.1406
2022-03-28 00:00:00,2022-03-28 01:00:00,,,,14.0,44.4264,26.1406,11.92,44.4264,26.1406
2022-03-28 01:00:00,2022-03-28 02:00:00,,,,12.03,44.4264,26.1406,10.84,44.4264,26.1406
2022-03-28 02:00:00,2022-03-28 03:00:00,,,,9.43,44.4264,26.1406,11.96,44.4264,26.1406
2022-03-28 03:00:00,2022-03-28 04:00:00,,,,11.11,44.4264,26.1406,11.6,44.4264,26.1406
2022-03-28 04:00:00,2022-03-28 05:00:00,,,,8.19,44.4264,26.1406,15.1,44.4264,26.1406
2022-03-28 05:00:00,2022-03-28 06:00:00,,,,10.2,44.4264,26.1406,34.64,44.4264,26.1406
2022-03-28 06:00:00,2022-03-28 07:00:00,,,,13.1,44.4264,26.1406,42.74,44.4264,26.1406
2022-03-28 07:00:00,2022-03-28 08:00:00,,,,11.34,44.4264,26.1406,37.87,44.4264,26.1406
2022-03-28 08:00:00,2022-03-28 09:00:00,,,,15.94,44.4264,26.1406,34.9,44.4264,26.1406
2022-03-28 09:00:00,2022-03-28 10:00:00,,,,17.17,44.4264,26.1406,19.73,44.4264,26.1406
2022-03-28 10:00:00,2022-03-28 11:00:00,,,,14.37,44.4264,26.1406,,44.4264,26.1406
2022-03-28 11:00:00,2022-03-28 12:00:00,,,,15.37,44.4264,26.1406,14.56,44.4264,26.1406
2022-03-28 12:00:00,2022-03-28 13:00:00,,,,16.49,44.4264,26.1406,11.95,44.4264,26.1406
2022-03-28 13:00:00,2022-03-28 14:00:00,,,,10.47,44.4264,26.1406,12.99,44.4264,26.1406
2022-03-28 14:00:00,2022-03-28 15:00:00,,,,11.77,44.4264,26.1406,13.06,44.4264,26.1406
2022-03-28 15:00:00,2022-03-28 16:00:00,,,,16.52,44.4264,26.1406,14.01,44.4264,26.1406
2022-03-28 16:00:00,2022-03-28 17:00:00,,,,15.71,44.4264,26.1406,17.79,44.4264,26.1406
2022-03-28 17:00:00,2022-03-28 18:00:00,,,,17.0,44.4264,26.1406,19.6,44.4264,26.1406
2022-03-28 18:00:00,2022-03-28 19:00:00,,,,14.84,44.4264,26.1406,21.38,44.4264,26.1406
2022-03-28 19:00:00,2022-03-28 20:00:00,,,,22.13,44.4264,26.1406,33.08,44.4264,26.1406
2022-03-28 20:00:00,2022-03-28 21:00:00,,,,27.68,44.4264,26.1406,36.81,44.4264,26.1406
2022-03-28 21:00:00,2022-03-28 22:00:00,,,,28.49,44.4264,26.1406,29.8,44.4264,26.1406
2022-03-28 22:00:00,2022-03-28 23:00:00,,,,25.77,44.4264,26.1406,35.32,44.4264,26.1406
2022-12-21 23:00:00,2022-12-22 00:00:00,,,,24.24,44.4264,26.1406,18.76,44.4264,26.1406
2022-12-22 00:00:00,2022-12-22 01:00:00,,,,18.69,44.4264,26.1406,15.9,44.4264,26.1406
2022-12-22 01:00:00,2022-12-22 02:00:00,,,,17.94,44.4264,26.1406,11.21,44.4264,26.1406
2022-12-22 02:00:00,2022-12-22 03:00:00,,,,20.31,44.4264,26.1406,11.6,44.4264,26.1406
2022-12-22 03:00:00,2022-12-22 04:00:00,,,,21.6,44.4264,26.1406,9.45,44.4264,26.1406
2022-12-23 23:00:00,2022-12-24 00:00:00,,,,58.48,44.4264,26.1406,33.92,44.4264,26.1406
2022-12-24 00:00:00,2022-12-24 01:00:00,,,,58.25,44.4264,26.1406,36.15,44.4264,26.1406
2022-12-24 01:00:00,2022-12-24 02:00:00,,,,56.89,44.4264,26.1406,38.49,44.4264,26.1406
2022-12-24 02:00:00,2022-12-24 03:00:00,,,,57.72,44.4264,26.1406,37.37,44.4264,26.1406
2022-12-24 03:00:00,2022-12-24 04:00:00,,,,54.04,44.4264,26.1406,31.84,44.4264,26.1406
2022-12-24 04:00:00,2022-12-24 05:00:00,,,,52.35,44.4264,26.1406,33.21,44.4264,26.1406
2022-12-24 05:00:00,2022-12-24 06:00:00,,,,53.45,44.4264,26.1406,33.34,44.4264,26.1406
2022-12-24 06:00:00,2022-12-24 07:00:00,,,,58.68,44.4264,26.1406,34.04,44.4264,26.1406
2022-12-24 07:00:00,2022-12-24 08:00:00,,,,58.05,44.4264,26.1406,37.63,44.4264,26.1406
2022-12-24 08:00:00,2022-12-24 09:00:00,,,,54.7,44.4264,26.1406,32.28,44.4264,26.1406
2022-12-24 09:00:00,2022-12-24 10:00:00,,,,52.99,44.4264,26.1406,33.77,44.4264,26.1406
2022-12-24 10:00:00,2022-12-24 11:00:00,,,,41.87,44.4264,26.1406,33.65,44.4264,26.1406
2022-12-24 11:00:00,2022-12-24 12:00:00,,,,50.7,44.4264,26.1406,27.03,44.4264,26.1406
2022-12-24 12:00:00,2022-12-24 13:00:00,,,,46.54,44.4264,26.1406,31.33,44.4264,26.1406
2022-12-24 13:00:00,2022-12-24 14:00:00,,,,45.57,44.4264,26.1406,28.82,44.4264,26.1406
2022-12-24 14:00:00,2022-12-24 15:00:00,,,,44.74,44.4264,26.1406,29.41,44.4264,26.1406
2022-12-24 15:00:00,2022-12-24 16:00:00,,,,47.78,44.4264,26.1406,25.23,44.4264,26.1406
2022-12-24 16:00:00,2022-12-24 17:00:00,,,,40.71,44.4264,26.1406,29.63,44.4264,26.1406
2022-12-24 17:00:00,2022-12-24 18:00:00,,,,47.88,44.4264,26.1406,28.69,44.4264,26.1406
2022-12-24 18:00:00,2022-12-24 19:00:00,,,,44.3,44.4264,26.1406,30.4,44.4264,26.1406
2022-12-24 19:00:00,2022-12-24 20:00:00,,,,47.24,44.4264,26.1406,25.77,44.4264,26.1406
2022-12-24 20:00:00,2022-12-24 21:00:00,,,,51.65,44.4264,26.1406,31.0,44.4264,26.1406
2022-12-24 21:00:00,2022-12-24 22:00:00,,,,48.93,44.4264,26.1406,,44.4264,26.1406
2022-12-24 22:00:00,2022-12-24 23:00:00,,,,42.89,44.4264,26.1406,39.95,44.4264,26.1406
2022-12-30 23:00:00,2022-12-31 00:00:00,,,,45.34,44.4264,26.1406,33.45,44.4264,26.1406
2022-12-31 00:00:00,2022-12-31 01:00:00,,,,45.33,44.4264,26.1406,,44.4264,26.1406
2022-12-31 01:00:00,2022-12-31 02:00:00,,,,50.44,44.4264,26.1406,,44.4264,26.1406
2022-12-31 02:00:00,2022-12-31 03:00:00,,,,49.4,44.4264,26.1406,42.01,44.4264,26.1406
2022-12-31 03:00:00,2022-12-31 04:00:00,,,,46.17,44.4264,26.1406,,44.4264,26.1406
2022-12-31 04:00:00,2022-12-31 05:00:00,,,,46.67,44.4264,26.1406,36.15,44.4264,26.1406
2022-12-31 05:00:00,2022-12-31 06:00:00,,,,39.71,44.4264,26.1406,47.13,44.4264,26.1406
2022-12-31 06:00:00,2022-12-31 07:00:00,,,,43.23,44.4264,26.1406,50.88,44.4264,26.1406
2022-12-31 07:00:00,2022-12-31 08:00:00,,,,45.32,44.4264,26.1406,48.05,44.4264,26.1406
2022-12-31 08:00:00,2022-12-31 09:00:00,,,,46.19,44.4264,26.1406,35.77,44.4264,26.1406
2022-12-31 09:00:00,2022-12-31 10:00:00,,,,51.99,44.4264,26.1406,35.22,44.4264,26.1406
2022-12-31 10:00:00,2022-12-31 11:00:00,,,,57.13,44.4264,26.1406,37.08,44.4264,26.1406
2022-12-31 11:00:00,2022-12-31 12:00:00,,,,51.83,44.4264,26.1406,31.72,44.4264,26.1406
2022-12-31 12:00:00,2022-12-31 13:00:00,,,,45.87,44.4264,26.1406,22.3,44.4264,26.1406
2022-12-31 13:00:00,2022-12-31 14:00:00,,,,38.87,44.4264,26.1406,21.5,44.4264,26.1406
2022-12-31 14:00:00,2022-12-31 15:00:00,,,,40.06,44.4264,26.1406,20.2,44.4264,26.1406
2022-12-31 15:00:00,2022-12-31 16:00:00,,,,40.07,44.4264,26.1406,,44.4264,26.1406
2022-12-31 16:00:00,2022-12-31 17:00:00,,,,43.66,44.4264,26.1406,,44.4264,26.1406
2022-12-31 17:00:00,2022-12-31 18:00:00,,,,56.92,44.4264,26.1406,,44.4264,26.1406
2022-12-31 18:00:00,2022-12-31 19:00:00,,,,52.06,44.4264,26.1406,,44.4264,26.1406
2022-12-31 19:00:00,2022-12-31 20:00:00,,,,49.6,44.4264,26.1406,29.74,44.4264,26.1406
2022-12-31 20:00:00,2022-12-31 21:00:00,,,,47.78,44.4264,26.1406,,44.4264,26.1406
2022-12-31 21:00:00,2022-12-31 22:00:00,,,,42.64,44.4264,26.1406,,44.4264,26.1406
2022-12-31 22:00:00,2022-12-31 23:00:00,,,,43.14,44.4264,26.1406,16.79,44.4264,26.1406
2022-01-28 10:00:00,2022-01-28 11:00:00,,,,,,,21.09,44.4264,26.1406
2022-04-01 23:00:00,2022-04-02 00:00:00,,,,,,,9.29,44.4264,26.1406
2022-04-02 00:00:00,2022-04-02 01:00:00,,,,,,,9.58,44.4264,26.1406
2022-04-02 06:00:00,2022-04-02 07:00:00,,,,,,,9.91,44.4264,26.1406
2022-04-02 07:00:00,2022-04-02 08:00:00,,,,,,,10.59,44.4264,26.1406
2022-04-02 08:00:00,2022-04-02 09:00:00,,,,,,,8.55,44.4264,26.1406
2022-04-02 09:00:00,2022-04-02 10:00:00,,,,,,,6.58,44.4264,26.1406
2022-04-02 10:00:00,2022-04-02 11:00:00,,,,,,,6.5,44.4264,26.1406
2022-04-10 16:00:00,2022-04-10 17:00:00,,,,,,,15.35,44.4264,26.1406
2022-04-10 17:00:00,2022-04-10 18:00:00,,,,,,,12.84,44.4264,26.1406
2022-04-10 18:00:00,2022-04-10 19:00:00,,,,,,,13.81,44.4264,26.1406
2022-04-11 02:00:00,2022-04-11 03:00:00,,,,,,,5.73,44.4264,26.1406
2022-04-11 03:00:00,2022-04-11 04:00:00,,,,,,,6.78,44.4264,26.1406
2022-04-11 06:00:00,2022-04-11 07:00:00,,,,,,,9.14,44.4264,26.1406
2022-04-11 08:00:00,2022-04-11 09:00:00,,,,,,,6.4,44.4264,26.1406
2022-04-11 16:00:00,2022-04-11 17:00:00,,,,,,,4.77,44.4264,26.1406
2022-04-19 03:00:00,2022-04-19 04:00:00,,,,,,,9.36,44.4264,26.1406
2022-04-19 10:00:00,2022-04-19 11:00:00,,,,,,,9.96,44.4264,26.1406
2022-04-19 11:00:00,2022-04-19 12:00:00,,,,,,,8.78,44.4264,26.1406
2022-04-19 12:00:00,2022-04-19 13:00:00,,,,,,,8.28,44.4264,26.1406
2022-04-19 13:00:00,2022-04-19 14:00:00,,,,,,,7.71,44.4264,26.1406
2022-04-19 16:00:00,2022-04-19 17:00:00,,,,,,,39.99,44.4264,26.1406
2022-04-25 03:00:00,2022-04-25 04:00:00,,,,,,,19.19,44.4264,26.1406
2022-04-25 04:00:00,2022-04-25 05:00:00,,,,,,,20.38,44.4264,26.1406
2022-04-25 05:00:00,2022-04-25 06:00:00,,,,,,,17.29,44.4264,26.1406
2022-04-25 06:00:00,2022-04-25 07:00:00,,,,,,,15.72,44.4264,26.1406
2022-04-26 13:00:00,2022-04-26 14:00:00,,,,,,,6.51,44.4264,26.1406
2022-04-26 15:00:00,2022-04-26 16:00:00,,,,,,,6.5,44.4264,26.1406
2022-04-26 16:00:00,2022-04-26 17:00:00,,,,,,,7.09,44.4264,26.1406
2022-04-26 17:00:00,2022-04-26 18:00:00,,,,,,,8.68,44.4264,26.1406
2022-04-28 00:00:00,2022-04-28 01:00:00,,,,,,,7.28,44.4264,26.1406
2022-04-28 01:00:00,2022-04-28 02:00:00,,,,,,,6.46,44.4264,26.1406
2022-04-28 05:00:00,2022-04-28 06:00:00,,,,,,,14.08,44.4264,26.1406
2022-04-28 08:00:00,2022-04-28 09:00:00,,,,,,,20.89,44.4264,26.1406
2022-04-28 12:00:00,2022-04-28 13:00:00,,,,,,,13.31,44.4264,26.1406
2022-04-28 13:00:00,2022-04-28 14:00:00,,,,,,,13.08,44.4264,26.1406
2022-04-28 14:00:00,2022-04-28 15:00:00,,,,,,,16.1,44.4264,26.1406
2022-04-28 15:00:00,2022-04-28 16:00:00,,,,,,,16.79,44.4264,26.1406
2022-04-28 17:00:00,2022-04-28 18:00:00,,,,,,,17.26,44.4264,26.1406
2022-04-28 18:00:00,2022-04-28 19:00:00,,,,,,,13.44,44.4264,26.1406
2022-04-28 19:00:00,2022-04-28 20:00:00,,,,,,,13.52,44.4264,26.1406
2022-04-28 20:00:00,2022-04-28 21:00:00,,,,,,,18.71,44.4264,26.1406
2022-04-28 21:00:00,2022-04-28 22:00:00,,,,,,,18.09,44.4264,26.1406
2022-04-28 22:00:00,2022-04-28 23:00:00,,,,,,,18.44,44.4264,26.1406
2022-04-28 23:00:00,2022-04-29 00:00:00,,,,,,,11.0,44.4264,26.1406
2022-04-29 00:00:00,2022-04-29 01:00:00,,,,,,,9.21,44.4264,26.1406
2022-04-29 01:00:00,2022-04-29 02:00:00,,,,,,,7.88,44.4264,26.1406
2022-04-29 02:00:00,2022-04-29 03:00:00,,,,,,,10.12,44.4264,26.1406
2022-04-29 03:00:00,2022-04-29 04:00:00,,,,,,,16.82,44.4264,26.1406
2022-04-29 04:00:00,2022-04-29 05:00:00,,,,,,,21.38,44.4264,26.1406
2022-04-29 05:00:00,2022-04-29 06:00:00,,,,,,,14.11,44.4264,26.1406
2022-04-29 06:00:00,2022-04-29 07:00:00,,,,,,,20.28,44.4264,26.1406
2022-04-29 07:00:00,2022-04-29 08:00:00,,,,,,,14.38,44.4264,26.1406
2022-04-29 08:00:00,2022-04-29 09:00:00,,,,,,,12.49,44.4264,26.1406
2022-04-29 09:00:00,2022-04-29 10:00:00,,,,,,,12.01,44.4264,26.1406
2022-04-29 10:00:00,2022-04-29 11:00:00,,,,,,,11.44,44.4264,26.1406
2022-04-29 11:00:00,2022-04-29 12:00:00,,,,,,,13.04,44.4264,26.1406
2022-04-29 12:00:00,2022-04-29 13:00:00,,,,,,,10.09,44.4264,26.1406
2022-04-29 13:00:00,2022-04-29 14:00:00,,,,,,,12.73,44.4264,26.1406
2022-04-29 14:00:00,2022-04-29 15:00:00,,,,,,,12.91,44.4264,26.1406
2022-04-29 15:00:00,2022-04-29 16:00:00,,,,,,,11.07,44.4264,26.1406
2022-04-29 16:00:00,2022-04-29 17:00:00,,,,,,,10.58,44.4264,26.1406
2022-04-29 18:00:00,2022-04-29 19:00:00,,,,,,,12.48,44.4264,26.1406
2022-04-29 19:00:00,2022-04-29 20:00:00,,,,,,,12.88,44.4264,26.1406
2022-04-29 20:00:00,2022-04-29 21:00:00,,,,,,,16.33,44.4264,26.1406
2022-04-29 21:00:00,2022-04-29 22:00:00,,,,,,,14.18,44.4264,26.1406
2022-04-29 22:00:00,2022-04-29 23:00:00,,,,,,,11.96,44.4264,26.1406
2022-04-29 23:00:00,2022-04-30 00:00:00,,,,,,,11.6,44.4264,26.1406
2022-04-30 00:00:00,2022-04-30 01:00:00,,,,,,,9.84,44.4264,26.1406
2022-04-30 01:00:00,2022-04-30 02:00:00,,,,,,,7.84,44.4264,26.1406
2022-04-30 02:00:00,2022-04-30 03:00:00,,,,,,,8.01,44.4264,26.1406
2022-04-30 03:00:00,2022-04-30 04:00:00,,,,,,,13.13,44.4264,26.1406
2022-04-30 04:00:00,2022-04-30 05:00:00,,,,,,,15.98,44.4264,26.1406
2022-04-30 05:00:00,2022-04-30 06:00:00,,,,,,,17.33,44.4264,26.1406
2022-04-30 06:00:00,2022-04-30 07:00:00,,,,,,,13.28,44.4264,26.1406
2022-04-30 07:00:00,2022-04-30 08:00:00,,,,,,,9.68,44.4264,26.1406
2022-04-30 08:00:00,2022-04-30 09:00:00,,,,,,,8.66,44.4264,26.1406
2022-04-30 09:00:00,2022-04-30 10:00:00,,,,,,,7.76,44.4264,26.1406
2022-04-30 10:00:00,2022-04-30 11:00:00,,,,,,,7.33,44.4264,26.1406
2022-04-30 11:00:00,2022-04-30 12:00:00,,,,,,,8.02,44.4264,26.1406
2022-04-30 12:00:00,2022-04-30 13:00:00,,,,,,,8.5,44.4264,26.1406
2022-04-30 13:00:00,2022-04-30 14:00:00,,,,,,,7.76,44.4264,26.1406
2022-04-30 14:00:00,2022-04-30 15:00:00,,,,,,,7.78,44.4264,26.1406
2022-04-30 15:00:00,2022-04-30 16:00:00,,,,,,,6.67,44.4264,26.1406
2022-04-30 16:00:00,2022-04-30 17:00:00,,,,,,,8.17,44.4264,26.1406
2022-04-30 17:00:00,2022-04-30 18:00:00,,,,,,,9.89,44.4264,26.1406
2022-04-30 19:00:00,2022-04-30 20:00:00,,,,,,,21.28,44.4264,26.1406
2022-04-30 20:00:00,2022-04-30 21:00:00,,,,,,,35.05,44.4264,26.1406
2022-04-30 21:00:00,2022-04-30 22:00:00,,,,,,,36.51,44.4264,26.1406
2022-04-30 22:00:00,2022-04-30 23:00:00,,,,,,,39.21,44.4264,26.1406
2022-04-30 23:00:00,2022-05-01 00:00:00,,,,,,,32.72,44.4264,26.1406
2022-05-01 00:00:00,2022-05-01 01:00:00,,,,,,,24.9,44.4264,26.1406
2022-05-01 01:00:00,2022-05-01 02:00:00,,,,,,,16.41,44.4264,26.1406
2022-05-01 02:00:00,2022-05-01 03:00:00,,,,,,,24.57,44.4264,26.1406
2022-05-01 03:00:00,2022-05-01 04:00:00,,,,,,,23.54,44.4264,26.1406
2022-05-01 04:00:00,2022-05-01 05:00:00,,,,,,,18.84,44.4264,26.1406
2022-05-01 05:00:00,2022-05-01 06:00:00,,,,,,,23.08,44.4264,26.1406
2022-05-01 06:00:00,2022-05-01 07:00:00,,,,,,,18.95,44.4264,26.1406
2022-05-01 07:00:00,2022-05-01 08:00:00,,,,,,,10.44,44.4264,26.1406
2022-05-01 08:00:00,2022-05-01 09:00:00,,,,,,,9.35,44.4264,26.1406
2022-05-01 09:00:00,2022-05-01 10:00:00,,,,,,,8.23,44.4264,26.1406
2022-05-01 10:00:00,2022-05-01 11:00:00,,,,,,,7.45,44.4264,26.1406
2022-05-01 11:00:00,2022-05-01 12:00:00,,,,,,,7.62,44.4264,26.1406
2022-05-01 12:00:00,2022-05-01 13:00:00,,,,,,,6.8,44.4264,26.1406
2022-05-01 13:00:00,2022-05-01 14:00:00,,,,,,,8.29,44.4264,26.1406
2022-05-01 14:00:00,2022-05-01 15:00:00,,,,,,,9.26,44.4264,26.1406
2022-05-01 15:00:00,2022-05-01 16:00:00,,,,,,,9.75,44.4264,26.1406
2022-05-01 16:00:00,2022-05-01 17:00:00,,,,,,,13.88,44.4264,26.1406
2022-05-01 17:00:00,2022-05-01 18:00:00,,,,,,,21.76,44.4264,26.1406
2022-05-01 18:00:00,2022-05-01 19:00:00,,,,,,,23.87,44.4264,26.1406
2022-05-01 20:00:00,2022-05-01 21:00:00,,,,,,,36.04,44.4264,26.1406
2022-05-01 21:00:00,2022-05-01 22:00:00,,,,,,,22.15,44.4264,26.1406
2022-05-01 22:00:00,2022-05-01 23:00:00,,,,,,,25.96,44.4264,26.1406
2022-05-01 23:00:00,2022-05-02 00:00:00,,,,,,,23.56,44.4264,26.1406
2022-05-02 00:00:00,2022-05-02 01:00:00,,,,,,,18.26,44.4264,26.1406
2022-05-02 01:00:00,2022-05-02 02:00:00,,,,,,,19.67,44.4264,26.1406
2022-05-02 02:00:00,2022-05-02 03:00:00,,,,,,,23.67,44.4264,26.1406
2022-05-02 03:00:00,2022-05-02 04:00:00,,,,,,,18.44,44.4264,26.1406
2022-05-02 04:00:00,2022-05-02 05:00:00,,,,,,,21.44,44.4264,26.1406
2022-05-02 05:00:00,2022-05-02 06:00:00,,,,,,,40.14,44.4264,26.1406
2022-05-02 06:00:00,2022-05-02 07:00:00,,,,,,,38.66,44.4264,26.1406
2022-05-02 07:00:00,2022-05-02 08:00:00,,,,,,,35.64,44.4264,26.1406
2022-05-02 08:00:00,2022-05-02 09:00:00,,,,,,,23.5,44.4264,26.1406
2022-05-02 09:00:00,2022-05-02 10:00:00,,,,,,,18.9,44.4264,26.1406
2022-05-02 10:00:00,2022-05-02 11:00:00,,,,,,,14.58,44.4264,26.1406
2022-05-02 11:00:00,2022-05-02 12:00:00,,,,,,,13.55,44.4264,26.1406
2022-05-02 12:00:00,2022-05-02 13:00:00,,,,,,,11.72,44.4264,26.1406
2022-05-02 13:00:00,2022-05-02 14:00:00,,,,,,,11.74,44.4264,26.1406
2022-05-02 14:00:00,2022-05-02 15:00:00,,,,,,,14.03,44.4264,26.1406
2022-05-02 15:00:00,2022-05-02 16:00:00,,,,,,,18.65,44.4264,26.1406
2022-05-02 16:00:00,2022-05-02 17:00:00,,,,,,,23.4,44.4264,26.1406
2022-05-02 17:00:00,2022-05-02 18:00:00,,,,,,,26.86,44.4264,26.1406
2022-05-02 18:00:00,2022-05-02 19:00:00,,,,,,,26.22,44.4264,26.1406
2022-05-02 19:00:00,2022-05-02 20:00:00,,,,,,,22.17,44.4264,26.1406
2022-05-02 21:00:00,2022-05-02 22:00:00,,,,,,,24.74,44.4264,26.1406
2022-05-02 22:00:00,2022-05-02 23:00:00,,,,,,,18.85,44.4264,26.1406
2022-05-02 23:00:00,2022-05-03 00:00:00,,,,,,,14.98,44.4264,26.1406
2022-05-03 00:00:00,2022-05-03 01:00:00,,,,,,,12.91,44.4264,26.1406
2022-05-03 01:00:00,2022-05-03 02:00:00,,,,,,,9.6,44.4264,26.1406
2022-05-03 02:00:00,2022-05-03 03:00:00,,,,,,,12.85,44.4264,26.1406
2022-05-03 03:00:00,2022-05-03 04:00:00,,,,,,,18.56,44.4264,26.1406
2022-05-03 04:00:00,2022-05-03 05:00:00,,,,,,,22.93,44.4264,26.1406
2022-05-03 05:00:00,2022-05-03 06:00:00,,,,,,,29.06,44.4264,26.1406
2022-05-03 06:00:00,2022-05-03 07:00:00,,,,,,,34.65,44.4264,26.1406
2022-05-03 07:00:00,2022-05-03 08:00:00,,,,,,,37.18,44.4264,26.1406
2022-05-03 08:00:00,2022-05-03 09:00:00,,,,,,,27.56,44.4264,26.1406
2022-05-03 09:00:00,2022-05-03 10:00:00,,,,,,,21.69,44.4264,26.1406
2022-05-03 10:00:00,2022-05-03 11:00:00,,,,,,,12.9,44.4264,26.1406
2022-05-03 11:00:00,2022-05-03 12:00:00,,,,,,,9.43,44.4264,26.1406
2022-05-03 12:00:00,2022-05-03 13:00:00,,,,,,,9.61,44.4264,26.1406
2022-05-03 13:00:00,2022-05-03 14:00:00,,,,,,,8.3,44.4264,26.1406
2022-05-03 14:00:00,2022-05-03 15:00:00,,,,,,,8.35,44.4264,26.1406
2022-05-03 15:00:00,2022-05-03 16:00:00,,,,,,,10.64,44.4264,26.1406
2022-05-03 16:00:00,2022-05-03 17:00:00,,,,,,,18.43,44.4264,26.1406
2022-05-03 17:00:00,2022-05-03 18:00:00,,,,,,,14.18,44.4264,26.1406
2022-05-03 18:00:00,2022-05-03 19:00:00,,,,,,,10.54,44.4264,26.1406
2022-05-03 19:00:00,2022-05-03 20:00:00,,,,,,,12.07,44.4264,26.1406
2022-05-03 20:00:00,2022-05-03 21:00:00,,,,,,,10.71,44.4264,26.1406
2022-05-03 22:00:00,2022-05-03 23:00:00,,,,,,,9.11,44.4264,26.1406
2022-05-05 15:00:00,2022-05-05 16:00:00,,,,,,,6.93,44.4264,26.1406
2022-05-05 16:00:00,2022-05-05 17:00:00,,,,,,,6.67,44.4264,26.1406
2022-07-04 14:00:00,2022-07-04 15:00:00,,,,,,,6.07,44.4264,26.1406
2022-07-27 16:00:00,2022-07-27 17:00:00,,,,,,,4.79,44.4264,26.1406
2022-09-12 10:00:00,2022-09-12 11:00:00,,,,,,,12.25,44.4264,26.1406
2022-09-12 12:00:00,2022-09-12 13:00:00,,,,,,,3.78,44.4264,26.1406
2022-09-12 13:00:00,2022-09-12 14:00:00,,,,,,,2.89,44.4264,26.1406
2022-09-12 14:00:00,2022-09-12 15:00:00,,,,,,,2.52,44.4264,26.1406
2022-09-12 15:00:00,2022-09-12 16:00:00,,,,,,,6.99,44.4264,26.1406
2022-09-21 20:00:00,2022-09-21 21:00:00,,,,,,,26.9,44.4264,26.1406
2022-11-01 14:00:00,2022-11-01 15:00:00,,,,,,,8.49,44.4264,26.1406
2022-11-21 04:00:00,2022-11-21 05:00:00,,,,,,,5.35,44.4264,26.1406
