start,end,pm10,no2,latitude,longitude
2021-12-31 23:00:00,2022-01-01 00:00:00,58.79,25.78,44.444925,26.127289
2022-01-01 00:00:00,2022-01-01 01:00:00,53.68,29.63,44.444925,26.127289
2022-01-01 01:00:00,2022-01-01 02:00:00,50.13,22.5,44.444925,26.127289
2022-01-01 02:00:00,2022-01-01 03:00:00,38.55,23.24,44.444925,26.127289
2022-01-01 03:00:00,2022-01-01 04:00:00,32.87,25.12,44.444925,26.127289
2022-01-01 04:00:00,2022-01-01 05:00:00,33.31,24.12,44.444925,26.127289
2022-01-01 05:00:00,2022-01-01 06:00:00,36.34,23.99,44.444925,26.127289
2022-01-01 06:00:00,2022-01-01 07:00:00,39.3,26.76,44.444925,26.127289
2022-01-01 07:00:00,2022-01-01 08:00:00,42.64,25.75,44.444925,26.127289
2022-01-01 08:00:00,2022-01-01 09:00:00,44.12,18.94,44.444925,26.127289
2022-01-01 09:00:00,2022-01-01 10:00:00,44.7,23.2,44.444925,26.127289
2022-01-01 10:00:00,2022-01-01 11:00:00,48.89,26.6,44.444925,26.127289
2022-01-01 12:00:00,2022-01-01 13:00:00,39.85,27.09,44.444925,26.127289
2022-01-01 13:00:00,2022-01-01 14:00:00,35.51,25.67,44.444925,26.127289
2022-01-01 14:00:00,2022-01-01 15:00:00,36.19,29.08,44.444925,26.127289
2022-01-01 15:00:00,2022-01-01 16:00:00,30.22,40.93,44.444925,26.127289
2022-01-01 16:00:00,2022-01-01 17:00:00,28.36,52.22,44.444925,26.127289
2022-01-01 17:00:00,2022-01-01 18:00:00,36.63,64.24,44.444925,26.127289
2022-01-01 18:00:00,2022-01-01 19:00:00,50.91,75.74,44.444925,26.127289
2022-01-01 19:00:00,2022-01-01 20:00:00,63.24,72.21,44.444925,26.127289
2022-01-01 20:00:00,2022-01-01 21:00:00,76.14,65.32,44.444925,26.127289
2022-01-01 21:00:00,2022-01-01 22:00:00,99.97,65.29,44.444925,26.127289
2022-01-01 22:00:00,2022-01-01 23:00:00,92.44,54.26,44.444925,26.127289
2022-01-01 23:00:00,2022-01-02 00:00:00,70.33,44.75,44.444925,26.127289
2022-01-02 00:00:00,2022-01-02 01:00:00,49.69,35.06,44.444925,26.127289
2022-01-02 01:00:00,2022-01-02 02:00:00,13.41,22.63,44.444925,26.127289
2022-01-02 02:00:00,2022-01-02 03:00:00,11.0,21.19,44.444925,26.127289
2022-01-02 03:00:00,2022-01-02 04:00:00,12.17,19.33,44.444925,26.127289
2022-01-02 04:00:00,2022-01-02 05:00:00,11.46,24.7,44.444925,26.127289
2022-01-02 05:00:00,2022-01-02 06:00:00,16.25,31.84,44.444925,26.127289
2022-01-02 06:00:00,2022-01-02 07:00:00,19.15,33.52,44.444925,26.127289
2022-01-02 07:00:00,2022-01-02 08:00:00,14.67,27.42,44.444925,26.127289
2022-01-02 08:00:00,2022-01-02 09:00:00,10.18,28.64,44.444925,26.127289
2022-01-02 09:00:00,2022-01-02 10:00:00,7.03,22.97,44.444925,26.127289
2022-01-02 10:00:00,2022-01-02 11:00:00,6.94,20.14,44.444925,26.127289
2022-01-02 11:00:00,2022-01-02 12:00:00,13.18,24.47,44.444925,26.127289
2022-01-02 13:00:00,2022-01-02 14:00:00,11.27,39.79,44.444925,26.127289
2022-01-02 14:00:00,2022-01-02 15:00:00,14.03,37.88,44.444925,26.127289
2022-01-02 15:00:00,2022-01-02 16:00:00,10.59,43.83,44.444925,26.127289
2022-01-02 16:00:00,2022-01-02 17:00:00,15.28,47.58,44.444925,26.127289
2022-01-02 17:00:00,2022-01-02 18:00:00,18.36,50.47,44.444925,26.127289
2022-01-02 18:00:00,2022-01-02 19:00:00,20.96,35.95,44.444925,26.127289
2022-01-02 19:00:00,2022-01-02 20:00:00,26.89,47.07,44.444925,26.127289
2022-01-02 20:00:00,2022-01-02 21:00:00,34.01,54.03,44.444925,26.127289
2022-01-02 21:00:00,2022-01-02 22:00:00,28.16,48.21,44.444925,26.127289
2022-01-02 22:00:00,2022-01-02 23:00:00,37.86,36.15,44.444925,26.127289
2022-01-02 23:00:00,2022-01-03 00:00:00,33.63,19.64,44.444925,26.127289
2022-01-03 00:00:00,2022-01-03 01:00:00,19.02,12.02,44.444925,26.127289
2022-01-03 01:00:00,2022-01-03 02:00:00,15.32,11.93,44.444925,26.127289
2022-01-03 02:00:00,2022-01-03 03:00:00,15.13,11.91,44.444925,26.127289
2022-01-03 03:00:00,2022-01-03 04:00:00,11.9,10.15,44.444925,26.127289
2022-01-03 04:00:00,2022-01-03 05:00:00,9.62,11.89,44.444925,26.127289
2022-01-03 05:00:00,2022-01-03 06:00:00,9.88,18.71,44.444925,26.127289
2022-01-03 06:00:00,2022-01-03 07:00:00,14.42,31.78,44.444925,26.127289
2022-01-03 07:00:00,2022-01-03 08:00:00,13.72,27.17,44.444925,26.127289
2022-01-03 08:00:00,2022-01-03 09:00:00,12.4,19.62,44.444925,26.127289
2022-01-03 09:00:00,2022-01-03 10:00:00,16.05,20.83,44.444925,26.127289
2022-01-03 10:00:00,2022-01-03 11:00:00,18.7,20.32,44.444925,26.127289
2022-01-03 11:00:00,2022-01-03 12:00:00,20.94,23.81,44.444925,26.127289
2022-01-03 12:00:00,2022-01-03 13:00:00,22.09,25.03,44.444925,26.127289
2022-01-03 14:00:00,2022-01-03 15:00:00,22.65,32.13,44.444925,26.127289
2022-01-03 15:00:00,2022-01-03 16:00:00,23.04,42.81,44.444925,26.127289
2022-01-03 16:00:00,2022-01-03 17:00:00,23.62,58.25,44.444925,26.127289
2022-01-03 17:00:00,2022-01-03 18:00:00,17.16,56.2,44.444925,26.127289
2022-01-03 18:00:00,2022-01-03 19:00:00,7.78,43.16,44.444925,26.127289
2022-01-03 19:00:00,2022-01-03 20:00:00,6.51,40.08,44.444925,26.127289
2022-01-03 20:00:00,2022-01-03 21:00:00,3.52,23.32,44.444925,26.127289
2022-01-03 21:00:00,2022-01-03 22:00:00,5.96,23.34,44.444925,26.127289
2022-01-03 22:00:00,2022-01-03 23:00:00,2.34,19.6,44.444925,26.127289
2022-01-03 23:00:00,2022-01-04 00:00:00,7.92,21.52,44.444925,26.127289
2022-01-04 00:00:00,2022-01-04 01:00:00,10.43,22.37,44.444925,26.127289
2022-01-04 01:00:00,2022-01-04 02:00:00,10.94,17.6,44.444925,26.127289
2022-01-04 02:00:00,2022-01-04 03:00:00,11.97,18.01,44.444925,26.127289
2022-01-04 03:00:00,2022-01-04 04:00:00,13.37,23.0,44.444925,26.127289
2022-01-04 04:00:00,2022-01-04 05:00:00,15.29,39.65,44.444925,26.127289
2022-01-04 05:00:00,2022-01-04 06:00:00,22.3,50.19,44.444925,26.127289
2022-01-04 06:00:00,2022-01-04 07:00:00,24.61,53.52,44.444925,26.127289
2022-01-04 07:00:00,2022-01-04 08:00:00,26.45,52.16,44.444925,26.127289
2022-01-04 08:00:00,2022-01-04 09:00:00,37.25,47.68,44.444925,26.127289
2022-01-04 09:00:00,2022-01-04 10:00:00,38.32,34.73,44.444925,26.127289
2022-01-04 10:00:00,2022-01-04 11:00:00,35.66,26.16,44.444925,26.127289
2022-01-04 11:00:00,2022-01-04 12:00:00,33.26,25.29,44.444925,26.127289
2022-01-04 12:00:00,2022-01-04 13:00:00,25.67,23.88,44.444925,26.127289
2022-01-04 13:00:00,2022-01-04 14:00:00,23.12,23.68,44.444925,26.127289
2022-01-04 15:00:00,2022-01-04 16:00:00,28.62,52.41,44.444925,26.127289
2022-01-04 16:00:00,2022-01-04 17:00:00,30.61,50.18,44.444925,26.127289
2022-01-04 17:00:00,2022-01-04 18:00:00,30.57,43.88,44.444925,26.127289
2022-01-04 18:00:00,2022-01-04 19:00:00,37.96,57.61,44.444925,26.127289
2022-01-04 19:00:00,2022-01-04 20:00:00,34.08,57.38,44.444925,26.127289
2022-01-04 20:00:00,2022-01-04 21:00:00,38.79,66.79,44.444925,26.127289
2022-01-04 21:00:00,2022-01-04 22:00:00,30.53,55.41,44.444925,26.127289
2022-01-04 22:00:00,2022-01-04 23:00:00,28.52,50.16,44.444925,26.127289
2022-01-04 23:00:00,2022-01-05 00:00:00,28.71,50.34,44.444925,26.127289
2022-01-05 00:00:00,2022-01-05 01:00:00,36.41,38.63,44.444925,26.127289
2022-01-05 01:00:00,2022-01-05 02:00:00,30.8,32.82,44.444925,26.127289
2022-01-05 02:00:00,2022-01-05 03:00:00,27.76,37.34,44.444925,26.127289
2022-01-05 03:00:00,2022-01-05 04:00:00,25.93,29.45,44.444925,26.127289
2022-01-05 04:00:00,2022-01-05 05:00:00,25.56,26.73,44.444925,26.127289
2022-01-05 05:00:00,2022-01-05 06:00:00,28.24,34.49,44.444925,26.127289
2022-01-05 06:00:00,2022-01-05 07:00:00,29.47,44.54,44.444925,26.127289
2022-01-05 07:00:00,2022-01-05 08:00:00,31.14,39.98,44.444925,26.127289
2022-01-05 08:00:00,2022-01-05 09:00:00,29.52,36.61,44.444925,26.127289
2022-01-05 09:00:00,2022-01-05 10:00:00,25.95,30.78,44.444925,26.127289
2022-01-05 10:00:00,2022-01-05 11:00:00,25.79,29.47,44.444925,26.127289
2022-01-05 11:00:00,2022-01-05 12:00:00,24.84,25.77,44.444925,26.127289
2022-01-05 12:00:00,2022-01-05 13:00:00,19.74,27.87,44.444925,26.127289
2022-01-05 13:00:00,2022-01-05 14:00:00,19.26,26.03,44.444925,26.127289
2022-01-05 14:00:00,2022-01-05 15:00:00,18.42,28.1,44.444925,26.127289
2022-01-05 16:00:00,2022-01-05 17:00:00,31.41,48.55,44.444925,26.127289
2022-01-05 17:00:00,2022-01-05 18:00:00,45.68,59.0,44.444925,26.127289
2022-01-05 18:00:00,2022-01-05 19:00:00,41.78,62.39,44.444925,26.127289
2022-01-05 19:00:00,2022-01-05 20:00:00,49.45,60.28,44.444925,26.127289
2022-01-05 20:00:00,2022-01-05 21:00:00,52.36,62.95,44.444925,26.127289
2022-01-05 21:00:00,2022-01-05 22:00:00,63.71,79.67,44.444925,26.127289
2022-01-05 22:00:00,2022-01-05 23:00:00,70.06,66.53,44.444925,26.127289
2022-01-05 23:00:00,2022-01-06 00:00:00,54.82,56.32,44.444925,26.127289
2022-01-06 00:00:00,2022-01-06 01:00:00,48.15,53.55,44.444925,26.127289
2022-01-06 01:00:00,2022-01-06 02:00:00,44.13,49.44,44.444925,26.127289
2022-01-06 02:00:00,2022-01-06 03:00:00,40.63,50.04,44.444925,26.127289
2022-01-06 03:00:00,2022-01-06 04:00:00,47.2,47.81,44.444925,26.127289
2022-01-06 04:00:00,2022-01-06 05:00:00,44.02,42.77,44.444925,26.127289
2022-01-06 05:00:00,2022-01-06 06:00:00,37.8,45.64,44.444925,26.127289
2022-01-06 06:00:00,2022-01-06 07:00:00,38.65,67.16,44.444925,26.127289
2022-01-06 07:00:00,2022-01-06 08:00:00,32.68,68.71,44.444925,26.127289
2022-01-06 08:00:00,2022-01-06 09:00:00,39.22,51.19,44.444925,26.127289
2022-01-06 09:00:00,2022-01-06 10:00:00,32.09,38.7,44.444925,26.127289
2022-01-06 10:00:00,2022-01-06 11:00:00,25.99,32.22,44.444925,26.127289
2022-01-06 11:00:00,2022-01-06 12:00:00,20.59,36.71,44.444925,26.127289
2022-01-06 12:00:00,2022-01-06 13:00:00,16.42,32.71,44.444925,26.127289
2022-01-06 13:00:00,2022-01-06 14:00:00,17.2,32.14,44.444925,26.127289
2022-01-06 14:00:00,2022-01-06 15:00:00,20.26,36.23,44.444925,26.127289
2022-01-06 15:00:00,2022-01-06 16:00:00,20.87,42.69,44.444925,26.127289
2022-01-06 17:00:00,2022-01-06 18:00:00,28.68,35.23,44.444925,26.127289
2022-01-06 18:00:00,2022-01-06 19:00:00,33.85,25.75,44.444925,26.127289
2022-01-06 19:00:00,2022-01-06 20:00:00,20.26,17.46,44.444925,26.127289
2022-01-06 20:00:00,2022-01-06 21:00:00,7.62,17.35,44.444925,26.127289
2022-01-06 21:00:00,2022-01-06 22:00:00,3.38,17.15,44.444925,26.127289
2022-01-06 22:00:00,2022-01-06 23:00:00,1.33,14.03,44.444925,26.127289
2022-01-06 23:00:00,2022-01-07 00:00:00,8.96,12.96,44.444925,26.127289
2022-01-07 00:00:00,2022-01-07 01:00:00,11.46,13.84,44.444925,26.127289
2022-01-07 01:00:00,2022-01-07 02:00:00,11.54,10.46,44.444925,26.127289
2022-01-07 02:00:00,2022-01-07 03:00:00,13.7,11.04,44.444925,26.127289
2022-01-07 03:00:00,2022-01-07 04:00:00,16.09,11.31,44.444925,26.127289
2022-01-07 04:00:00,2022-01-07 05:00:00,17.15,15.09,44.444925,26.127289
2022-01-07 05:00:00,2022-01-07 06:00:00,19.33,27.22,44.444925,26.127289
2022-01-07 06:00:00,2022-01-07 07:00:00,23.08,40.37,44.444925,26.127289
2022-01-07 07:00:00,2022-01-07 08:00:00,30.81,40.51,44.444925,26.127289
2022-01-07 08:00:00,2022-01-07 09:00:00,36.72,41.14,44.444925,26.127289
2022-01-07 09:00:00,2022-01-07 10:00:00,32.9,43.4,44.444925,26.127289
2022-01-07 10:00:00,2022-01-07 11:00:00,18.96,36.51,44.444925,26.127289
2022-01-07 11:00:00,2022-01-07 12:00:00,14.37,42.99,44.444925,26.127289
2022-01-07 12:00:00,2022-01-07 13:00:00,15.47,50.15,44.444925,26.127289
2022-01-07 13:00:00,2022-01-07 14:00:00,13.07,54.99,44.444925,26.127289
2022-01-07 14:00:00,2022-01-07 15:00:00,14.71,51.59,44.444925,26.127289
2022-01-07 15:00:00,2022-01-07 16:00:00,18.79,44.14,44.444925,26.127289
2022-01-07 16:00:00,2022-01-07 17:00:00,20.1,43.69,44.444925,26.127289
2022-01-07 18:00:00,2022-01-07 19:00:00,20.03,38.05,44.444925,26.127289
2022-01-07 19:00:00,2022-01-07 20:00:00,20.38,32.55,44.444925,26.127289
2022-01-07 20:00:00,2022-01-07 21:00:00,20.5,34.31,44.444925,26.127289
2022-01-07 21:00:00,2022-01-07 22:00:00,20.68,32.75,44.444925,26.127289
2022-01-07 22:00:00,2022-01-07 23:00:00,19.0,23.84,44.444925,26.127289
2022-01-07 23:00:00,2022-01-08 00:00:00,17.14,20.74,44.444925,26.127289
2022-01-08 00:00:00,2022-01-08 01:00:00,18.66,19.61,44.444925,26.127289
2022-01-08 01:00:00,2022-01-08 02:00:00,13.99,19.16,44.444925,26.127289
2022-01-08 02:00:00,2022-01-08 03:00:00,15.07,17.18,44.444925,26.127289
2022-01-08 03:00:00,2022-01-08 04:00:00,13.96,14.71,44.444925,26.127289
2022-01-08 04:00:00,2022-01-08 05:00:00,14.51,15.78,44.444925,26.127289
2022-01-08 05:00:00,2022-01-08 06:00:00,14.03,20.61,44.444925,26.127289
2022-01-08 06:00:00,2022-01-08 07:00:00,13.28,24.85,44.444925,26.127289
2022-01-08 07:00:00,2022-01-08 08:00:00,13.21,42.33,44.444925,26.127289
2022-01-08 08:00:00,2022-01-08 09:00:00,14.78,32.06,44.444925,26.127289
2022-01-08 09:00:00,2022-01-08 10:00:00,16.87,35.51,44.444925,26.127289
2022-01-08 10:00:00,2022-01-08 11:00:00,20.08,39.4,44.444925,26.127289
2022-01-08 11:00:00,2022-01-08 12:00:00,20.17,45.65,44.444925,26.127289
2022-01-08 12:00:00,2022-01-08 13:00:00,21.66,48.9,44.444925,26.127289
2022-01-08 13:00:00,2022-01-08 14:00:00,19.52,47.96,44.444925,26.127289
2022-01-08 14:00:00,2022-01-08 15:00:00,19.32,45.12,44.444925,26.127289
2022-01-08 15:00:00,2022-01-08 16:00:00,20.02,44.82,44.444925,26.127289
2022-01-08 16:00:00,2022-01-08 17:00:00,19.01,42.6,44.444925,26.127289
2022-01-08 17:00:00,2022-01-08 18:00:00,16.56,46.18,44.444925,26.127289
2022-01-08 19:00:00,2022-01-08 20:00:00,17.73,39.99,44.444925,26.127289
2022-01-08 20:00:00,2022-01-08 21:00:00,16.26,39.23,44.444925,26.127289
2022-01-08 21:00:00,2022-01-08 22:00:00,14.68,36.92,44.444925,26.127289
2022-01-08 22:00:00,2022-01-08 23:00:00,14.91,29.12,44.444925,26.127289
2022-01-08 23:00:00,2022-01-09 00:00:00,12.29,27.71,44.444925,26.127289
2022-01-09 00:00:00,2022-01-09 01:00:00,10.93,26.7,44.444925,26.127289
2022-01-09 01:00:00,2022-01-09 02:00:00,11.27,22.04,44.444925,26.127289
2022-01-09 02:00:00,2022-01-09 03:00:00,11.21,20.98,44.444925,26.127289
2022-01-09 03:00:00,2022-01-09 04:00:00,9.53,20.93,44.444925,26.127289
2022-01-09 04:00:00,2022-01-09 05:00:00,7.85,21.93,44.444925,26.127289
2022-01-09 05:00:00,2022-01-09 06:00:00,9.99,25.37,44.444925,26.127289
2022-01-09 06:00:00,2022-01-09 07:00:00,10.57,28.24,44.444925,26.127289
2022-01-09 07:00:00,2022-01-09 08:00:00,11.23,30.76,44.444925,26.127289
2022-01-09 08:00:00,2022-01-09 09:00:00,11.92,28.46,44.444925,26.127289
2022-01-09 09:00:00,2022-01-09 10:00:00,12.07,25.29,44.444925,26.127289
2022-01-09 10:00:00,2022-01-09 11:00:00,14.44,28.77,44.444925,26.127289
2022-01-09 11:00:00,2022-01-09 12:00:00,16.12,21.96,44.444925,26.127289
2022-01-09 12:00:00,2022-01-09 13:00:00,13.5,18.48,44.444925,26.127289
2022-01-09 13:00:00,2022-01-09 14:00:00,14.81,21.31,44.444925,26.127289
2022-01-09 14:00:00,2022-01-09 15:00:00,16.48,25.29,44.444925,26.127289
2022-01-09 15:00:00,2022-01-09 16:00:00,19.54,25.48,44.444925,26.127289
2022-01-09 16:00:00,2022-01-09 17:00:00,19.57,28.66,44.444925,26.127289
2022-01-09 17:00:00,2022-01-09 18:00:00,20.04,28.73,44.444925,26.127289
2022-01-09 18:00:00,2022-01-09 19:00:00,17.97,36.84,44.444925,26.127289
2022-01-09 20:00:00,2022-01-09 21:00:00,10.66,25.46,44.444925,26.127289
2022-01-09 21:00:00,2022-01-09 22:00:00,15.16,26.05,44.444925,26.127289
2022-01-09 22:00:00,2022-01-09 23:00:00,14.74,23.69,44.444925,26.127289
2022-01-09 23:00:00,2022-01-10 00:00:00,17.8,27.3,44.444925,26.127289
2022-01-10 00:00:00,2022-01-10 01:00:00,26.01,29.82,44.444925,26.127289
2022-01-10 01:00:00,2022-01-10 02:00:00,25.18,24.06,44.444925,26.127289
2022-01-10 02:00:00,2022-01-10 03:00:00,23.41,18.38,44.444925,26.127289
2022-01-10 03:00:00,2022-01-10 04:00:00,16.22,16.24,44.444925,26.127289
2022-01-10 04:00:00,2022-01-10 05:00:00,10.03,14.2,44.444925,26.127289
2022-01-10 05:00:00,2022-01-10 06:00:00,6.71,23.79,44.444925,26.127289
2022-01-10 06:00:00,2022-01-10 07:00:00,5.59,35.76,44.444925,26.127289
2022-01-10 07:00:00,2022-01-10 08:00:00,5.13,42.41,44.444925,26.127289
2022-01-10 08:00:00,2022-01-10 09:00:00,5.06,34.41,44.444925,26.127289
2022-01-10 09:00:00,2022-01-10 10:00:00,4.7,32.83,44.444925,26.127289
2022-01-10 10:00:00,2022-01-10 11:00:00,5.46,40.03,44.444925,26.127289
2022-01-10 11:00:00,2022-01-10 12:00:00,7.74,41.3,44.444925,26.127289
2022-01-10 12:00:00,2022-01-10 13:00:00,10.43,46.79,44.444925,26.127289
2022-01-10 13:00:00,2022-01-10 14:00:00,11.17,42.82,44.444925,26.127289
2022-01-10 14:00:00,2022-01-10 15:00:00,11.58,43.64,44.444925,26.127289
2022-01-10 15:00:00,2022-01-10 16:00:00,13.77,44.87,44.444925,26.127289
2022-01-10 16:00:00,2022-01-10 17:00:00,14.6,54.5,44.444925,26.127289
2022-01-10 17:00:00,2022-01-10 18:00:00,15.12,43.86,44.444925,26.127289
2022-01-10 18:00:00,2022-01-10 19:00:00,21.6,39.27,44.444925,26.127289
2022-01-10 19:00:00,2022-01-10 20:00:00,22.68,29.58,44.444925,26.127289
2022-01-10 21:00:00,2022-01-10 22:00:00,22.96,27.84,44.444925,26.127289
2022-01-10 22:00:00,2022-01-10 23:00:00,24.38,15.88,44.444925,26.127289
2022-01-10 23:00:00,2022-01-11 00:00:00,24.56,12.56,44.444925,26.127289
2022-01-11 00:00:00,2022-01-11 01:00:00,23.58,10.58,44.444925,26.127289
2022-01-11 01:00:00,2022-01-11 02:00:00,20.03,9.42,44.444925,26.127289
2022-01-11 02:00:00,2022-01-11 03:00:00,16.85,8.38,44.444925,26.127289
2022-01-11 03:00:00,2022-01-11 04:00:00,16.35,9.32,44.444925,26.127289
2022-01-11 04:00:00,2022-01-11 05:00:00,17.3,11.48,44.444925,26.127289
2022-01-11 05:00:00,2022-01-11 06:00:00,20.24,19.41,44.444925,26.127289
2022-01-11 06:00:00,2022-01-11 07:00:00,19.38,29.34,44.444925,26.127289
2022-01-11 07:00:00,2022-01-11 08:00:00,17.92,43.74,44.444925,26.127289
2022-01-11 08:00:00,2022-01-11 09:00:00,14.84,31.05,44.444925,26.127289
2022-01-11 09:00:00,2022-01-11 10:00:00,15.09,37.83,44.444925,26.127289
2022-01-11 10:00:00,2022-01-11 11:00:00,12.95,33.01,44.444925,26.127289
2022-01-11 11:00:00,2022-01-11 12:00:00,14.76,31.53,44.444925,26.127289
2022-01-11 12:00:00,2022-01-11 13:00:00,19.41,47.18,44.444925,26.127289
2022-01-11 13:00:00,2022-01-11 14:00:00,20.15,39.73,44.444925,26.127289
2022-01-11 14:00:00,2022-01-11 15:00:00,21.97,43.06,44.444925,26.127289
2022-01-11 15:00:00,2022-01-11 16:00:00,21.7,44.63,44.444925,26.127289
2022-01-11 16:00:00,2022-01-11 17:00:00,20.25,47.86,44.444925,26.127289
2022-01-11 17:00:00,2022-01-11 18:00:00,20.01,41.93,44.444925,26.127289
2022-01-11 18:00:00,2022-01-11 19:00:00,20.27,40.28,44.444925,26.127289
2022-01-11 19:00:00,2022-01-11 20:00:00,18.05,35.08,44.444925,26.127289
2022-01-11 20:00:00,2022-01-11 21:00:00,13.76,26.51,44.444925,26.127289
2022-01-11 22:00:00,2022-01-11 23:00:00,12.04,19.56,44.444925,26.127289
2022-01-11 23:00:00,2022-01-12 00:00:00,16.12,15.18,44.444925,26.127289
2022-01-12 00:00:00,2022-01-12 01:00:00,18.31,12.16,44.444925,26.127289
2022-01-12 01:00:00,2022-01-12 02:00:00,15.3,13.76,44.444925,26.127289
2022-01-12 02:00:00,2022-01-12 03:00:00,12.06,10.48,44.444925,26.127289
2022-01-12 03:00:00,2022-01-12 04:00:00,9.91,10.5,44.444925,26.127289
2022-01-12 04:00:00,2022-01-12 05:00:00,11.65,16.94,44.444925,26.127289
2022-01-12 05:00:00,2022-01-12 06:00:00,14.74,25.97,44.444925,26.127289
2022-01-12 06:00:00,2022-01-12 07:00:00,16.7,40.34,44.444925,26.127289
2022-01-12 07:00:00,2022-01-12 08:00:00,18.69,53.01,44.444925,26.127289
2022-01-12 08:00:00,2022-01-12 09:00:00,21.56,50.32,44.444925,26.127289
2022-01-12 09:00:00,2022-01-12 10:00:00,20.81,41.81,44.444925,26.127289
2022-01-12 10:00:00,2022-01-12 11:00:00,20.91,39.1,44.444925,26.127289
2022-01-12 11:00:00,2022-01-12 12:00:00,23.76,33.5,44.444925,26.127289
2022-01-12 12:00:00,2022-01-12 13:00:00,26.32,26.34,44.444925,26.127289
2022-01-12 13:00:00,2022-01-12 14:00:00,29.98,27.68,44.444925,26.127289
2022-01-12 14:00:00,2022-01-12 15:00:00,26.33,29.43,44.444925,26.127289
2022-01-12 15:00:00,2022-01-12 16:00:00,25.93,32.61,44.444925,26.127289
2022-01-12 16:00:00,2022-01-12 17:00:00,24.39,29.0,44.444925,26.127289
2022-01-12 17:00:00,2022-01-12 18:00:00,23.26,27.26,44.444925,26.127289
2022-01-12 18:00:00,2022-01-12 19:00:00,24.87,31.83,44.444925,26.127289
2022-01-12 19:00:00,2022-01-12 20:00:00,25.68,34.15,44.444925,26.127289
2022-01-12 20:00:00,2022-01-12 21:00:00,26.93,35.56,44.444925,26.127289
2022-01-12 21:00:00,2022-01-12 22:00:00,29.99,35.95,44.444925,26.127289
2022-01-12 23:00:00,2022-01-13 00:00:00,26.91,29.71,44.444925,26.127289
2022-01-13 00:00:00,2022-01-13 01:00:00,25.11,29.72,44.444925,26.127289
2022-01-13 01:00:00,2022-01-13 02:00:00,24.55,23.68,44.444925,26.127289
2022-01-13 02:00:00,2022-01-13 03:00:00,24.23,20.11,44.444925,26.127289
2022-01-13 03:00:00,2022-01-13 04:00:00,27.32,25.61,44.444925,26.127289
2022-01-13 04:00:00,2022-01-13 05:00:00,27.8,30.44,44.444925,26.127289
2022-01-13 05:00:00,2022-01-13 06:00:00,27.75,33.17,44.444925,26.127289
2022-01-13 06:00:00,2022-01-13 07:00:00,31.66,42.53,44.444925,26.127289
2022-01-13 07:00:00,2022-01-13 08:00:00,40.74,44.78,44.444925,26.127289
2022-01-13 08:00:00,2022-01-13 09:00:00,42.47,44.61,44.444925,26.127289
2022-01-13 09:00:00,2022-01-13 10:00:00,39.32,37.5,44.444925,26.127289
2022-01-13 10:00:00,2022-01-13 11:00:00,38.13,28.0,44.444925,26.127289
2022-01-13 11:00:00,2022-01-13 12:00:00,33.22,24.2,44.444925,26.127289
2022-01-13 12:00:00,2022-01-13 13:00:00,25.37,24.55,44.444925,26.127289
2022-01-13 13:00:00,2022-01-13 14:00:00,22.96,21.03,44.444925,26.127289
2022-01-13 14:00:00,2022-01-13 15:00:00,23.37,28.83,44.444925,26.127289
2022-01-13 15:00:00,2022-01-13 16:00:00,26.72,30.83,44.444925,26.127289
2022-01-13 16:00:00,2022-01-13 17:00:00,29.85,33.4,44.444925,26.127289
2022-01-13 17:00:00,2022-01-13 18:00:00,31.13,30.82,44.444925,26.127289
2022-01-13 18:00:00,2022-01-13 19:00:00,33.24,29.16,44.444925,26.127289
2022-01-13 19:00:00,2022-01-13 20:00:00,32.15,26.41,44.444925,26.127289
2022-01-13 20:00:00,2022-01-13 21:00:00,31.6,29.52,44.444925,26.127289
2022-01-13 21:00:00,2022-01-13 22:00:00,32.13,23.91,44.444925,26.127289
2022-01-13 22:00:00,2022-01-13 23:00:00,32.97,16.45,44.444925,26.127289
2022-01-14 00:00:00,2022-01-14 01:00:00,36.87,15.28,44.444925,26.127289
2022-01-14 01:00:00,2022-01-14 02:00:00,37.88,13.71,44.444925,26.127289
2022-01-14 02:00:00,2022-01-14 03:00:00,35.26,13.12,44.444925,26.127289
2022-01-14 03:00:00,2022-01-14 04:00:00,33.61,11.97,44.444925,26.127289
2022-01-14 04:00:00,2022-01-14 05:00:00,33.8,17.27,44.444925,26.127289
2022-01-14 05:00:00,2022-01-14 06:00:00,37.87,24.24,44.444925,26.127289
2022-01-14 06:00:00,2022-01-14 07:00:00,38.37,36.27,44.444925,26.127289
2022-01-14 07:00:00,2022-01-14 08:00:00,38.64,36.22,44.444925,26.127289
2022-01-14 08:00:00,2022-01-14 09:00:00,39.13,33.03,44.444925,26.127289
2022-01-14 09:00:00,2022-01-14 10:00:00,36.89,26.03,44.444925,26.127289
2022-01-14 10:00:00,2022-01-14 11:00:00,32.41,23.05,44.444925,26.127289
2022-01-14 11:00:00,2022-01-14 12:00:00,29.1,22.57,44.444925,26.127289
2022-01-14 12:00:00,2022-01-14 13:00:00,25.32,22.34,44.444925,26.127289
2022-01-14 13:00:00,2022-01-14 14:00:00,20.88,23.29,44.444925,26.127289
2022-01-14 14:00:00,2022-01-14 15:00:00,20.12,27.15,44.444925,26.127289
2022-01-14 15:00:00,2022-01-14 16:00:00,19.2,36.55,44.444925,26.127289
2022-01-14 16:00:00,2022-01-14 17:00:00,17.23,41.28,44.444925,26.127289
2022-01-14 17:00:00,2022-01-14 18:00:00,16.81,45.43,44.444925,26.127289
2022-01-14 18:00:00,2022-01-14 19:00:00,19.88,48.51,44.444925,26.127289
2022-01-14 19:00:00,2022-01-14 20:00:00,21.4,42.93,44.444925,26.127289
2022-01-14 20:00:00,2022-01-14 21:00:00,20.32,37.21,44.444925,26.127289
2022-01-14 21:00:00,2022-01-14 22:00:00,22.54,44.47,44.444925,26.127289
2022-01-14 22:00:00,2022-01-14 23:00:00,25.14,52.52,44.444925,26.127289
2022-01-14 23:00:00,2022-01-15 00:00:00,29.94,50.71,44.444925,26.127289
2022-01-15 01:00:00,2022-01-15 02:00:00,29.33,46.09,44.444925,26.127289
2022-01-15 02:00:00,2022-01-15 03:00:00,28.57,45.1,44.444925,26.127289
2022-01-15 03:00:00,2022-01-15 04:00:00,26.85,43.35,44.444925,26.127289
2022-01-15 04:00:00,2022-01-15 05:00:00,25.5,38.59,44.444925,26.127289
2022-01-15 05:00:00,2022-01-15 06:00:00,25.37,40.79,44.444925,26.127289
2022-01-15 06:00:00,2022-01-15 07:00:00,27.43,40.37,44.444925,26.127289
2022-01-15 07:00:00,2022-01-15 08:00:00,28.84,45.42,44.444925,26.127289
2022-01-15 08:00:00,2022-01-15 09:00:00,26.73,35.16,44.444925,26.127289
2022-01-15 09:00:00,2022-01-15 10:00:00,24.51,34.71,44.444925,26.127289
2022-01-15 10:00:00,2022-01-15 11:00:00,20.47,27.7,44.444925,26.127289
2022-01-15 11:00:00,2022-01-15 12:00:00,20.52,26.57,44.444925,26.127289
2022-01-15 12:00:00,2022-01-15 13:00:00,14.08,27.48,44.444925,26.127289
2022-01-15 13:00:00,2022-01-15 14:00:00,11.04,32.79,44.444925,26.127289
2022-01-15 14:00:00,2022-01-15 15:00:00,10.49,29.39,44.444925,26.127289
2022-01-15 15:00:00,2022-01-15 16:00:00,10.93,43.9,44.444925,26.127289
2022-01-15 16:00:00,2022-01-15 17:00:00,11.77,49.41,44.444925,26.127289
2022-01-15 17:00:00,2022-01-15 18:00:00,14.77,52.85,44.444925,26.127289
2022-01-15 18:00:00,2022-01-15 19:00:00,15.89,58.53,44.444925,26.127289
2022-01-15 19:00:00,2022-01-15 20:00:00,18.01,73.34,44.444925,26.127289
2022-01-15 20:00:00,2022-01-15 21:00:00,26.64,83.06,44.444925,26.127289
2022-01-15 21:00:00,2022-01-15 22:00:00,35.37,90.02,44.444925,26.127289
2022-01-15 22:00:00,2022-01-15 23:00:00,43.23,92.52,44.444925,26.127289
2022-01-15 23:00:00,2022-01-16 00:00:00,51.31,100.99,44.444925,26.127289
2022-01-16 00:00:00,2022-01-16 01:00:00,54.59,96.32,44.444925,26.127289
2022-01-16 02:00:00,2022-01-16 03:00:00,60.27,51.01,44.444925,26.127289
2022-01-16 03:00:00,2022-01-16 04:00:00,52.3,50.46,44.444925,26.127289
2022-01-16 04:00:00,2022-01-16 05:00:00,51.46,43.54,44.444925,26.127289
2022-01-16 05:00:00,2022-01-16 06:00:00,35.44,30.23,44.444925,26.127289
2022-01-16 06:00:00,2022-01-16 07:00:00,40.15,32.91,44.444925,26.127289
2022-01-16 07:00:00,2022-01-16 08:00:00,40.02,29.8,44.444925,26.127289
2022-01-16 08:00:00,2022-01-16 09:00:00,42.54,30.44,44.444925,26.127289
2022-01-16 09:00:00,2022-01-16 10:00:00,43.3,29.57,44.444925,26.127289
2022-01-16 10:00:00,2022-01-16 11:00:00,39.35,21.99,44.444925,26.127289
2022-01-16 11:00:00,2022-01-16 12:00:00,35.2,20.46,44.444925,26.127289
2022-01-16 12:00:00,2022-01-16 13:00:00,32.84,21.4,44.444925,26.127289
2022-01-16 13:00:00,2022-01-16 14:00:00,27.7,20.37,44.444925,26.127289
2022-01-16 14:00:00,2022-01-16 15:00:00,25.37,20.73,44.444925,26.127289
2022-01-16 15:00:00,2022-01-16 16:00:00,28.52,29.0,44.444925,26.127289
2022-01-16 16:00:00,2022-01-16 17:00:00,31.16,35.75,44.444925,26.127289
2022-01-16 17:00:00,2022-01-16 18:00:00,33.85,47.85,44.444925,26.127289
2022-01-16 18:00:00,2022-01-16 19:00:00,37.27,49.78,44.444925,26.127289
2022-01-16 19:00:00,2022-01-16 20:00:00,41.47,52.79,44.444925,26.127289
2022-01-16 20:00:00,2022-01-16 21:00:00,36.2,46.59,44.444925,26.127289
2022-01-16 21:00:00,2022-01-16 22:00:00,43.95,48.02,44.444925,26.127289
2022-01-16 22:00:00,2022-01-16 23:00:00,43.06,31.58,44.444925,26.127289
2022-01-16 23:00:00,2022-01-17 00:00:00,40.26,26.04,44.444925,26.127289
2022-01-17 00:00:00,2022-01-17 01:00:00,36.72,18.39,44.444925,26.127289
2022-01-17 01:00:00,2022-01-17 02:00:00,34.96,15.78,44.444925,26.127289
2022-01-17 03:00:00,2022-01-17 04:00:00,29.38,15.06,44.444925,26.127289
2022-01-17 04:00:00,2022-01-17 05:00:00,27.25,20.07,44.444925,26.127289
2022-01-17 05:00:00,2022-01-17 06:00:00,27.53,31.01,44.444925,26.127289
2022-01-17 06:00:00,2022-01-17 07:00:00,30.38,40.15,44.444925,26.127289
2022-01-17 07:00:00,2022-01-17 08:00:00,30.28,36.02,44.444925,26.127289
2022-01-17 08:00:00,2022-01-17 09:00:00,27.28,24.88,44.444925,26.127289
2022-01-17 09:00:00,2022-01-17 10:00:00,25.88,28.63,44.444925,26.127289
2022-01-17 10:00:00,2022-01-17 11:00:00,22.25,24.03,44.444925,26.127289
2022-01-17 11:00:00,2022-01-17 12:00:00,20.84,23.15,44.444925,26.127289
2022-01-17 12:00:00,2022-01-17 13:00:00,18.24,23.07,44.444925,26.127289
2022-01-17 13:00:00,2022-01-17 14:00:00,17.86,22.36,44.444925,26.127289
2022-01-17 14:00:00,2022-01-17 15:00:00,16.6,24.88,44.444925,26.127289
2022-01-17 15:00:00,2022-01-17 16:00:00,18.53,24.68,44.444925,26.127289
2022-01-17 16:00:00,2022-01-17 17:00:00,14.37,26.51,44.444925,26.127289
2022-01-17 17:00:00,2022-01-17 18:00:00,11.11,25.23,44.444925,26.127289
2022-01-17 18:00:00,2022-01-17 19:00:00,9.96,21.24,44.444925,26.127289
2022-01-17 19:00:00,2022-01-17 20:00:00,9.63,18.06,44.444925,26.127289
2022-01-17 20:00:00,2022-01-17 21:00:00,11.42,16.55,44.444925,26.127289
2022-01-17 21:00:00,2022-01-17 22:00:00,11.2,17.48,44.444925,26.127289
2022-01-17 22:00:00,2022-01-17 23:00:00,10.65,13.02,44.444925,26.127289
2022-01-17 23:00:00,2022-01-18 00:00:00,8.37,10.8,44.444925,26.127289
2022-01-18 00:00:00,2022-01-18 01:00:00,6.19,15.29,44.444925,26.127289
2022-01-18 01:00:00,2022-01-18 02:00:00,4.52,13.6,44.444925,26.127289
2022-01-18 02:00:00,2022-01-18 03:00:00,4.54,14.51,44.444925,26.127289
2022-01-18 04:00:00,2022-01-18 05:00:00,4.55,24.63,44.444925,26.127289
2022-01-18 05:00:00,2022-01-18 06:00:00,6.67,39.45,44.444925,26.127289
2022-01-18 06:00:00,2022-01-18 07:00:00,11.01,59.03,44.444925,26.127289
2022-01-18 07:00:00,2022-01-18 08:00:00,14.63,51.76,44.444925,26.127289
2022-01-18 08:00:00,2022-01-18 09:00:00,17.18,42.85,44.444925,26.127289
2022-01-18 09:00:00,2022-01-18 10:00:00,14.1,31.77,44.444925,26.127289
2022-01-18 10:00:00,2022-01-18 11:00:00,13.23,33.16,44.444925,26.127289
2022-01-18 11:00:00,2022-01-18 12:00:00,12.62,31.2,44.444925,26.127289
2022-01-18 12:00:00,2022-01-18 13:00:00,15.29,33.76,44.444925,26.127289
2022-01-18 13:00:00,2022-01-18 14:00:00,14.5,29.49,44.444925,26.127289
2022-01-18 14:00:00,2022-01-18 15:00:00,13.3,32.15,44.444925,26.127289
2022-01-18 15:00:00,2022-01-18 16:00:00,11.13,33.4,44.444925,26.127289
2022-01-18 16:00:00,2022-01-18 17:00:00,11.29,43.82,44.444925,26.127289
2022-01-18 17:00:00,2022-01-18 18:00:00,21.03,61.84,44.444925,26.127289
2022-01-18 18:00:00,2022-01-18 19:00:00,24.46,60.22,44.444925,26.127289
2022-01-18 19:00:00,2022-01-18 20:00:00,25.57,47.74,44.444925,26.127289
2022-01-18 20:00:00,2022-01-18 21:00:00,22.2,31.36,44.444925,26.127289
2022-01-18 21:00:00,2022-01-18 22:00:00,22.13,31.16,44.444925,26.127289
2022-01-18 22:00:00,2022-01-18 23:00:00,21.96,26.25,44.444925,26.127289
2022-01-18 23:00:00,2022-01-19 00:00:00,19.1,24.38,44.444925,26.127289
2022-01-19 00:00:00,2022-01-19 01:00:00,15.26,21.12,44.444925,26.127289
2022-01-19 01:00:00,2022-01-19 02:00:00,17.2,21.84,44.444925,26.127289
2022-01-19 02:00:00,2022-01-19 03:00:00,19.62,32.8,44.444925,26.127289
2022-01-19 03:00:00,2022-01-19 04:00:00,20.44,38.77,44.444925,26.127289
2022-01-19 05:00:00,2022-01-19 06:00:00,25.05,58.21,44.444925,26.127289
2022-01-19 06:00:00,2022-01-19 07:00:00,29.24,69.47,44.444925,26.127289
2022-01-19 07:00:00,2022-01-19 08:00:00,53.45,89.14,44.444925,26.127289
2022-01-19 08:00:00,2022-01-19 09:00:00,53.01,53.71,44.444925,26.127289
2022-01-19 09:00:00,2022-01-19 10:00:00,41.21,37.74,44.444925,26.127289
2022-01-19 10:00:00,2022-01-19 11:00:00,27.72,22.57,44.444925,26.127289
2022-01-19 11:00:00,2022-01-19 12:00:00,23.14,22.73,44.444925,26.127289
2022-01-19 12:00:00,2022-01-19 13:00:00,20.57,22.54,44.444925,26.127289
2022-01-19 13:00:00,2022-01-19 14:00:00,22.72,21.12,44.444925,26.127289
2022-01-19 14:00:00,2022-01-19 15:00:00,22.26,23.12,44.444925,26.127289
2022-01-19 15:00:00,2022-01-19 16:00:00,21.0,36.45,44.444925,26.127289
2022-01-19 16:00:00,2022-01-19 17:00:00,25.97,48.71,44.444925,26.127289
2022-01-19 17:00:00,2022-01-19 18:00:00,25.53,53.34,44.444925,26.127289
2022-01-19 18:00:00,2022-01-19 19:00:00,33.9,55.28,44.444925,26.127289
2022-01-19 19:00:00,2022-01-19 20:00:00,32.97,53.35,44.444925,26.127289
2022-01-19 20:00:00,2022-01-19 21:00:00,31.97,52.29,44.444925,26.127289
2022-01-19 21:00:00,2022-01-19 22:00:00,39.16,40.71,44.444925,26.127289
2022-01-19 22:00:00,2022-01-19 23:00:00,34.16,29.92,44.444925,26.127289
2022-01-19 23:00:00,2022-01-20 00:00:00,36.57,23.17,44.444925,26.127289
2022-01-20 00:00:00,2022-01-20 01:00:00,33.16,20.39,44.444925,26.127289
2022-01-20 01:00:00,2022-01-20 02:00:00,33.03,18.32,44.444925,26.127289
2022-01-20 02:00:00,2022-01-20 03:00:00,33.0,17.34,44.444925,26.127289
2022-01-20 03:00:00,2022-01-20 04:00:00,32.64,14.49,44.444925,26.127289
2022-01-20 04:00:00,2022-01-20 05:00:00,30.95,16.1,44.444925,26.127289
2022-01-20 06:00:00,2022-01-20 07:00:00,32.75,38.6,44.444925,26.127289
2022-01-20 07:00:00,2022-01-20 08:00:00,37.09,41.47,44.444925,26.127289
2022-01-20 08:00:00,2022-01-20 09:00:00,33.22,35.5,44.444925,26.127289
2022-01-20 09:00:00,2022-01-20 10:00:00,26.8,28.57,44.444925,26.127289
2022-01-20 10:00:00,2022-01-20 11:00:00,22.99,24.3,44.444925,26.127289
2022-01-20 11:00:00,2022-01-20 12:00:00,23.93,19.29,44.444925,26.127289
2022-01-20 12:00:00,2022-01-20 13:00:00,20.96,20.41,44.444925,26.127289
2022-01-20 13:00:00,2022-01-20 14:00:00,22.67,23.64,44.444925,26.127289
2022-01-20 14:00:00,2022-01-20 15:00:00,17.56,27.55,44.444925,26.127289
2022-01-20 15:00:00,2022-01-20 16:00:00,15.5,29.76,44.444925,26.127289
2022-01-20 16:00:00,2022-01-20 17:00:00,15.66,28.83,44.444925,26.127289
2022-01-20 17:00:00,2022-01-20 18:00:00,15.54,31.31,44.444925,26.127289
2022-01-20 18:00:00,2022-01-20 19:00:00,14.62,31.04,44.444925,26.127289
2022-01-20 19:00:00,2022-01-20 20:00:00,12.46,25.76,44.444925,26.127289
2022-01-20 20:00:00,2022-01-20 21:00:00,13.32,24.56,44.444925,26.127289
2022-01-20 21:00:00,2022-01-20 22:00:00,15.86,23.71,44.444925,26.127289
2022-01-20 22:00:00,2022-01-20 23:00:00,16.28,20.06,44.444925,26.127289
2022-01-20 23:00:00,2022-01-21 00:00:00,16.74,19.67,44.444925,26.127289
2022-01-21 00:00:00,2022-01-21 01:00:00,15.51,16.22,44.444925,26.127289
2022-01-21 01:00:00,2022-01-21 02:00:00,12.95,20.66,44.444925,26.127289
2022-01-21 02:00:00,2022-01-21 03:00:00,12.57,14.73,44.444925,26.127289
2022-01-21 03:00:00,2022-01-21 04:00:00,10.98,13.0,44.444925,26.127289
2022-01-21 04:00:00,2022-01-21 05:00:00,10.73,14.29,44.444925,26.127289
2022-01-21 05:00:00,2022-01-21 06:00:00,15.07,23.02,44.444925,26.127289
2022-01-21 07:00:00,2022-01-21 08:00:00,19.78,47.38,44.444925,26.127289
2022-01-21 08:00:00,2022-01-21 09:00:00,22.0,49.9,44.444925,26.127289
2022-01-21 09:00:00,2022-01-21 10:00:00,29.81,53.31,44.444925,26.127289
2022-01-21 10:00:00,2022-01-21 11:00:00,17.74,38.42,44.444925,26.127289
2022-01-21 11:00:00,2022-01-21 12:00:00,18.1,30.71,44.444925,26.127289
2022-01-21 12:00:00,2022-01-21 13:00:00,11.45,21.32,44.444925,26.127289
2022-01-21 13:00:00,2022-01-21 14:00:00,12.68,21.44,44.444925,26.127289
2022-01-21 14:00:00,2022-01-21 15:00:00,14.18,25.56,44.444925,26.127289
2022-01-21 15:00:00,2022-01-21 16:00:00,12.57,29.84,44.444925,26.127289
2022-01-21 16:00:00,2022-01-21 17:00:00,14.24,37.7,44.444925,26.127289
2022-01-21 17:00:00,2022-01-21 18:00:00,14.93,33.74,44.444925,26.127289
2022-01-21 18:00:00,2022-01-21 19:00:00,18.86,44.31,44.444925,26.127289
2022-01-21 19:00:00,2022-01-21 20:00:00,22.01,51.25,44.444925,26.127289
2022-01-21 20:00:00,2022-01-21 21:00:00,21.53,38.66,44.444925,26.127289
2022-01-21 21:00:00,2022-01-21 22:00:00,21.17,31.07,44.444925,26.127289
2022-01-21 22:00:00,2022-01-21 23:00:00,21.53,33.29,44.444925,26.127289
2022-01-21 23:00:00,2022-01-22 00:00:00,19.97,36.07,44.444925,26.127289
2022-01-22 00:00:00,2022-01-22 01:00:00,16.65,28.17,44.444925,26.127289
2022-01-22 01:00:00,2022-01-22 02:00:00,17.2,19.21,44.444925,26.127289
2022-01-22 02:00:00,2022-01-22 03:00:00,17.24,24.46,44.444925,26.127289
2022-01-22 03:00:00,2022-01-22 04:00:00,15.18,25.52,44.444925,26.127289
2022-01-22 04:00:00,2022-01-22 05:00:00,14.49,25.01,44.444925,26.127289
2022-01-22 05:00:00,2022-01-22 06:00:00,14.81,37.06,44.444925,26.127289
2022-01-22 06:00:00,2022-01-22 07:00:00,14.55,29.78,44.444925,26.127289
2022-01-22 08:00:00,2022-01-22 09:00:00,21.34,31.9,44.444925,26.127289
2022-01-22 09:00:00,2022-01-22 10:00:00,23.46,25.39,44.444925,26.127289
2022-01-22 10:00:00,2022-01-22 11:00:00,24.54,23.94,44.444925,26.127289
2022-01-22 11:00:00,2022-01-22 12:00:00,20.76,24.16,44.444925,26.127289
2022-01-22 12:00:00,2022-01-22 13:00:00,13.08,26.69,44.444925,26.127289
2022-01-22 13:00:00,2022-01-22 14:00:00,9.79,20.23,44.444925,26.127289
2022-01-22 14:00:00,2022-01-22 15:00:00,10.85,22.6,44.444925,26.127289
2022-01-22 15:00:00,2022-01-22 16:00:00,12.77,34.12,44.444925,26.127289
2022-01-22 16:00:00,2022-01-22 17:00:00,17.27,52.35,44.444925,26.127289
2022-01-22 17:00:00,2022-01-22 18:00:00,21.02,57.15,44.444925,26.127289
2022-01-22 18:00:00,2022-01-22 19:00:00,26.13,56.14,44.444925,26.127289
2022-01-22 19:00:00,2022-01-22 20:00:00,25.77,50.19,44.444925,26.127289
2022-01-22 20:00:00,2022-01-22 21:00:00,22.54,40.76,44.444925,26.127289
2022-01-22 21:00:00,2022-01-22 22:00:00,31.95,48.13,44.444925,26.127289
2022-01-22 22:00:00,2022-01-22 23:00:00,20.92,32.56,44.444925,26.127289
2022-01-22 23:00:00,2022-01-23 00:00:00,19.66,31.67,44.444925,26.127289
2022-01-23 00:00:00,2022-01-23 01:00:00,18.38,27.66,44.444925,26.127289
2022-01-23 01:00:00,2022-01-23 02:00:00,19.83,33.36,44.444925,26.127289
2022-01-23 02:00:00,2022-01-23 03:00:00,25.89,32.49,44.444925,26.127289
2022-01-23 03:00:00,2022-01-23 04:00:00,28.05,31.11,44.444925,26.127289
2022-01-23 04:00:00,2022-01-23 05:00:00,28.23,30.02,44.444925,26.127289
2022-01-23 05:00:00,2022-01-23 06:00:00,23.77,28.43,44.444925,26.127289
2022-01-23 06:00:00,2022-01-23 07:00:00,22.12,37.17,44.444925,26.127289
2022-01-23 07:00:00,2022-01-23 08:00:00,20.25,40.1,44.444925,26.127289
2022-01-23 09:00:00,2022-01-23 10:00:00,19.0,30.28,44.444925,26.127289
2022-01-23 10:00:00,2022-01-23 11:00:00,14.83,22.76,44.444925,26.127289
2022-01-23 11:00:00,2022-01-23 12:00:00,19.86,21.37,44.444925,26.127289
2022-01-23 12:00:00,2022-01-23 13:00:00,18.12,17.88,44.444925,26.127289
2022-01-23 13:00:00,2022-01-23 14:00:00,17.91,21.75,44.444925,26.127289
2022-01-23 14:00:00,2022-01-23 15:00:00,16.27,27.0,44.444925,26.127289
2022-01-23 15:00:00,2022-01-23 16:00:00,16.69,34.3,44.444925,26.127289
2022-01-23 16:00:00,2022-01-23 17:00:00,22.76,46.49,44.444925,26.127289
2022-01-23 17:00:00,2022-01-23 18:00:00,26.53,67.24,44.444925,26.127289
2022-01-23 18:00:00,2022-01-23 19:00:00,29.95,53.71,44.444925,26.127289
2022-01-23 19:00:00,2022-01-23 20:00:00,26.22,45.92,44.444925,26.127289
2022-01-23 20:00:00,2022-01-23 21:00:00,21.9,48.56,44.444925,26.127289
2022-01-23 21:00:00,2022-01-23 22:00:00,19.27,42.13,44.444925,26.127289
2022-01-23 22:00:00,2022-01-23 23:00:00,21.22,28.94,44.444925,26.127289
2022-01-23 23:00:00,2022-01-24 00:00:00,20.18,23.76,44.444925,26.127289
2022-01-24 00:00:00,2022-01-24 01:00:00,18.54,20.58,44.444925,26.127289
2022-01-24 01:00:00,2022-01-24 02:00:00,17.59,18.69,44.444925,26.127289
2022-01-24 02:00:00,2022-01-24 03:00:00,17.46,19.3,44.444925,26.127289
2022-01-24 03:00:00,2022-01-24 04:00:00,17.19,22.3,44.444925,26.127289
2022-01-24 04:00:00,2022-01-24 05:00:00,18.9,21.55,44.444925,26.127289
2022-01-24 05:00:00,2022-01-24 06:00:00,19.67,25.43,44.444925,26.127289
2022-01-24 06:00:00,2022-01-24 07:00:00,18.52,28.64,44.444925,26.127289
2022-01-24 07:00:00,2022-01-24 08:00:00,19.83,30.8,44.444925,26.127289
2022-01-24 08:00:00,2022-01-24 09:00:00,22.35,32.22,44.444925,26.127289
2022-01-24 10:00:00,2022-01-24 11:00:00,20.02,23.33,44.444925,26.127289
2022-01-24 11:00:00,2022-01-24 12:00:00,17.58,26.83,44.444925,26.127289
2022-01-24 12:00:00,2022-01-24 13:00:00,16.54,24.43,44.444925,26.127289
2022-01-24 13:00:00,2022-01-24 14:00:00,15.94,28.25,44.444925,26.127289
2022-01-24 14:00:00,2022-01-24 15:00:00,18.14,28.66,44.444925,26.127289
2022-01-24 15:00:00,2022-01-24 16:00:00,21.05,25.87,44.444925,26.127289
2022-01-24 16:00:00,2022-01-24 17:00:00,22.48,38.6,44.444925,26.127289
2022-01-24 17:00:00,2022-01-24 18:00:00,30.17,40.74,44.444925,26.127289
2022-01-24 18:00:00,2022-01-24 19:00:00,28.6,30.8,44.444925,26.127289
2022-01-24 19:00:00,2022-01-24 20:00:00,27.82,30.93,44.444925,26.127289
2022-01-24 20:00:00,2022-01-24 21:00:00,28.42,29.71,44.444925,26.127289
2022-01-24 21:00:00,2022-01-24 22:00:00,31.59,34.09,44.444925,26.127289
2022-01-24 22:00:00,2022-01-24 23:00:00,34.63,40.17,44.444925,26.127289
2022-01-24 23:00:00,2022-01-25 00:00:00,39.37,46.14,44.444925,26.127289
2022-01-25 00:00:00,2022-01-25 01:00:00,41.8,35.85,44.444925,26.127289
2022-01-25 01:00:00,2022-01-25 02:00:00,31.58,32.93,44.444925,26.127289
2022-01-25 02:00:00,2022-01-25 03:00:00,29.17,25.17,44.444925,26.127289
2022-01-25 03:00:00,2022-01-25 04:00:00,35.07,22.68,44.444925,26.127289
2022-01-25 04:00:00,2022-01-25 05:00:00,32.04,25.9,44.444925,26.127289
2022-01-25 05:00:00,2022-01-25 06:00:00,32.83,43.42,44.444925,26.127289
2022-01-25 06:00:00,2022-01-25 07:00:00,38.68,40.61,44.444925,26.127289
2022-01-25 07:00:00,2022-01-25 08:00:00,42.99,44.0,44.444925,26.127289
2022-01-25 08:00:00,2022-01-25 09:00:00,43.5,41.08,44.444925,26.127289
2022-01-25 09:00:00,2022-01-25 10:00:00,49.32,47.51,44.444925,26.127289
2022-01-25 11:00:00,2022-01-25 12:00:00,36.31,33.65,44.444925,26.127289
2022-01-25 12:00:00,2022-01-25 13:00:00,30.25,29.65,44.444925,26.127289
2022-01-25 13:00:00,2022-01-25 14:00:00,25.69,27.99,44.444925,26.127289
2022-01-25 14:00:00,2022-01-25 15:00:00,25.3,30.67,44.444925,26.127289
2022-01-25 15:00:00,2022-01-25 16:00:00,27.41,37.57,44.444925,26.127289
2022-01-25 16:00:00,2022-01-25 17:00:00,34.38,47.43,44.444925,26.127289
2022-01-25 17:00:00,2022-01-25 18:00:00,34.87,50.28,44.444925,26.127289
2022-01-25 18:00:00,2022-01-25 19:00:00,34.0,45.69,44.444925,26.127289
2022-01-25 19:00:00,2022-01-25 20:00:00,36.82,56.55,44.444925,26.127289
2022-01-25 20:00:00,2022-01-25 21:00:00,38.73,68.18,44.444925,26.127289
2022-01-25 21:00:00,2022-01-25 22:00:00,38.73,67.94,44.444925,26.127289
2022-01-25 22:00:00,2022-01-25 23:00:00,38.73,63.13,44.444925,26.127289
2022-01-25 23:00:00,2022-01-26 00:00:00,38.73,55.41,44.444925,26.127289
2022-01-26 00:00:00,2022-01-26 01:00:00,38.73,56.85,44.444925,26.127289
2022-01-26 01:00:00,2022-01-26 02:00:00,38.73,32.32,44.444925,26.127289
2022-01-26 02:00:00,2022-01-26 03:00:00,38.73,31.5,44.444925,26.127289
2022-01-26 03:00:00,2022-01-26 04:00:00,38.73,25.2,44.444925,26.127289
2022-01-26 04:00:00,2022-01-26 05:00:00,38.73,26.79,44.444925,26.127289
2022-01-26 05:00:00,2022-01-26 06:00:00,38.73,27.61,44.444925,26.127289
2022-01-26 06:00:00,2022-01-26 07:00:00,38.73,40.57,44.444925,26.127289
2022-01-26 07:00:00,2022-01-26 08:00:00,38.73,42.94,44.444925,26.127289
2022-01-26 08:00:00,2022-01-26 09:00:00,38.73,47.16,44.444925,26.127289
2022-01-26 09:00:00,2022-01-26 10:00:00,38.73,52.49,44.444925,26.127289
2022-01-26 12:00:00,2022-01-26 13:00:00,40.61,43.82,44.444925,26.127289
2022-01-26 13:00:00,2022-01-26 14:00:00,40.92,45.65,44.444925,26.127289
2022-01-26 14:00:00,2022-01-26 15:00:00,36.87,43.27,44.444925,26.127289
2022-01-26 15:00:00,2022-01-26 16:00:00,36.03,53.75,44.444925,26.127289
2022-01-26 16:00:00,2022-01-26 17:00:00,35.91,61.47,44.444925,26.127289
2022-01-26 17:00:00,2022-01-26 18:00:00,42.47,76.02,44.444925,26.127289
2022-01-26 18:00:00,2022-01-26 19:00:00,51.55,80.64,44.444925,26.127289
2022-01-26 19:00:00,2022-01-26 20:00:00,60.83,72.72,44.444925,26.127289
2022-01-26 20:00:00,2022-01-26 21:00:00,62.07,78.16,44.444925,26.127289
2022-01-26 21:00:00,2022-01-26 22:00:00,72.74,86.19,44.444925,26.127289
2022-01-26 22:00:00,2022-01-26 23:00:00,94.0,79.31,44.444925,26.127289
2022-01-26 23:00:00,2022-01-27 00:00:00,78.1,67.65,44.444925,26.127289
2022-01-27 00:00:00,2022-01-27 01:00:00,83.41,64.93,44.444925,26.127289
2022-01-27 01:00:00,2022-01-27 02:00:00,55.19,51.83,44.444925,26.127289
2022-01-27 02:00:00,2022-01-27 03:00:00,39.12,38.87,44.444925,26.127289
2022-01-27 03:00:00,2022-01-27 04:00:00,31.38,32.68,44.444925,26.127289
2022-01-27 04:00:00,2022-01-27 05:00:00,27.48,31.25,44.444925,26.127289
2022-01-27 05:00:00,2022-01-27 06:00:00,31.52,45.41,44.444925,26.127289
2022-01-27 06:00:00,2022-01-27 07:00:00,41.39,41.51,44.444925,26.127289
2022-01-27 07:00:00,2022-01-27 08:00:00,50.83,37.45,44.444925,26.127289
2022-01-27 08:00:00,2022-01-27 09:00:00,56.21,34.29,44.444925,26.127289
2022-01-27 09:00:00,2022-01-27 10:00:00,52.42,35.19,44.444925,26.127289
2022-01-27 10:00:00,2022-01-27 11:00:00,48.75,34.61,44.444925,26.127289
2022-01-27 11:00:00,2022-01-27 12:00:00,48.6,30.67,44.444925,26.127289
2022-01-27 13:00:00,2022-01-27 14:00:00,30.2,24.99,44.444925,26.127289
2022-01-27 14:00:00,2022-01-27 15:00:00,19.48,23.68,44.444925,26.127289
2022-01-27 15:00:00,2022-01-27 16:00:00,20.5,31.24,44.444925,26.127289
2022-01-27 16:00:00,2022-01-27 17:00:00,21.64,43.55,44.444925,26.127289
2022-01-27 17:00:00,2022-01-27 18:00:00,24.56,39.24,44.444925,26.127289
2022-01-27 18:00:00,2022-01-27 19:00:00,27.06,32.38,44.444925,26.127289
2022-01-27 19:00:00,2022-01-27 20:00:00,25.8,28.85,44.444925,26.127289
2022-01-27 20:00:00,2022-01-27 21:00:00,27.17,25.28,44.444925,26.127289
2022-01-27 21:00:00,2022-01-27 22:00:00,28.24,21.15,44.444925,26.127289
2022-01-27 22:00:00,2022-01-27 23:00:00,27.25,16.33,44.444925,26.127289
2022-01-27 23:00:00,2022-01-28 00:00:00,29.41,14.04,44.444925,26.127289
2022-01-28 00:00:00,2022-01-28 01:00:00,31.39,14.03,44.444925,26.127289
2022-01-28 01:00:00,2022-01-28 02:00:00,30.96,15.09,44.444925,26.127289
2022-01-28 02:00:00,2022-01-28 03:00:00,28.19,11.93,44.444925,26.127289
2022-01-28 03:00:00,2022-01-28 04:00:00,24.11,12.84,44.444925,26.127289
2022-01-28 04:00:00,2022-01-28 05:00:00,22.18,16.57,44.444925,26.127289
2022-01-28 05:00:00,2022-01-28 06:00:00,24.2,28.41,44.444925,26.127289
2022-01-28 06:00:00,2022-01-28 07:00:00,26.86,40.68,44.444925,26.127289
2022-01-28 07:00:00,2022-01-28 08:00:00,33.06,42.0,44.444925,26.127289
2022-01-28 08:00:00,2022-01-28 09:00:00,37.2,42.18,44.444925,26.127289
2022-01-28 09:00:00,2022-01-28 10:00:00,38.93,34.09,44.444925,26.127289
2022-01-28 10:00:00,2022-01-28 11:00:00,40.78,30.69,44.444925,26.127289
2022-01-28 11:00:00,2022-01-28 12:00:00,36.27,26.19,44.444925,26.127289
2022-01-28 12:00:00,2022-01-28 13:00:00,30.98,28.49,44.444925,26.127289
2022-01-28 14:00:00,2022-01-28 15:00:00,32.41,62.46,44.444925,26.127289
2022-01-28 15:00:00,2022-01-28 16:00:00,19.53,51.83,44.444925,26.127289
2022-01-28 16:00:00,2022-01-28 17:00:00,18.8,52.02,44.444925,26.127289
2022-01-28 17:00:00,2022-01-28 18:00:00,15.65,45.84,44.444925,26.127289
2022-01-28 18:00:00,2022-01-28 19:00:00,26.45,54.76,44.444925,26.127289
2022-01-28 19:00:00,2022-01-28 20:00:00,31.43,52.54,44.444925,26.127289
2022-01-28 20:00:00,2022-01-28 21:00:00,22.95,46.55,44.444925,26.127289
2022-01-28 21:00:00,2022-01-28 22:00:00,14.86,29.55,44.444925,26.127289
2022-01-28 22:00:00,2022-01-28 23:00:00,15.32,25.79,44.444925,26.127289
2022-01-28 23:00:00,2022-01-29 00:00:00,15.34,21.87,44.444925,26.127289
2022-01-29 00:00:00,2022-01-29 01:00:00,16.16,23.37,44.444925,26.127289
2022-01-29 01:00:00,2022-01-29 02:00:00,17.32,28.16,44.444925,26.127289
2022-01-29 02:00:00,2022-01-29 03:00:00,18.48,18.78,44.444925,26.127289
2022-01-29 03:00:00,2022-01-29 04:00:00,19.17,18.51,44.444925,26.127289
2022-01-29 04:00:00,2022-01-29 05:00:00,19.44,21.91,44.444925,26.127289
2022-01-29 05:00:00,2022-01-29 06:00:00,20.9,30.68,44.444925,26.127289
2022-01-29 06:00:00,2022-01-29 07:00:00,22.66,35.03,44.444925,26.127289
2022-01-29 07:00:00,2022-01-29 08:00:00,28.18,42.09,44.444925,26.127289
2022-01-29 08:00:00,2022-01-29 09:00:00,36.06,53.1,44.444925,26.127289
2022-01-29 09:00:00,2022-01-29 10:00:00,38.86,57.65,44.444925,26.127289
2022-01-29 10:00:00,2022-01-29 11:00:00,29.14,44.08,44.444925,26.127289
2022-01-29 11:00:00,2022-01-29 12:00:00,24.52,39.48,44.444925,26.127289
2022-01-29 12:00:00,2022-01-29 13:00:00,20.94,36.69,44.444925,26.127289
2022-01-29 13:00:00,2022-01-29 14:00:00,18.25,33.05,44.444925,26.127289
2022-01-29 15:00:00,2022-01-29 16:00:00,15.93,25.44,44.444925,26.127289
2022-01-29 16:00:00,2022-01-29 17:00:00,22.39,43.61,44.444925,26.127289
2022-01-29 17:00:00,2022-01-29 18:00:00,34.88,52.35,44.444925,26.127289
2022-01-29 18:00:00,2022-01-29 19:00:00,59.78,62.64,44.444925,26.127289
2022-01-29 19:00:00,2022-01-29 20:00:00,37.42,35.93,44.444925,26.127289
2022-01-29 20:00:00,2022-01-29 21:00:00,34.28,39.68,44.444925,26.127289
2022-01-29 21:00:00,2022-01-29 22:00:00,36.84,47.89,44.444925,26.127289
2022-01-29 22:00:00,2022-01-29 23:00:00,38.26,44.01,44.444925,26.127289
2022-01-29 23:00:00,2022-01-30 00:00:00,38.64,36.65,44.444925,26.127289
2022-01-30 00:00:00,2022-01-30 01:00:00,30.84,26.76,44.444925,26.127289
2022-01-30 01:00:00,2022-01-30 02:00:00,27.72,22.02,44.444925,26.127289
2022-01-30 02:00:00,2022-01-30 03:00:00,23.7,14.36,44.444925,26.127289
2022-01-30 03:00:00,2022-01-30 04:00:00,18.95,12.23,44.444925,26.127289
2022-01-30 04:00:00,2022-01-30 05:00:00,17.62,14.89,44.444925,26.127289
2022-01-30 05:00:00,2022-01-30 06:00:00,16.34,13.03,44.444925,26.127289
2022-01-30 06:00:00,2022-01-30 07:00:00,14.34,12.24,44.444925,26.127289
2022-01-30 07:00:00,2022-01-30 08:00:00,13.62,13.93,44.444925,26.127289
2022-01-30 08:00:00,2022-01-30 09:00:00,13.34,14.97,44.444925,26.127289
2022-01-30 09:00:00,2022-01-30 10:00:00,13.79,16.68,44.444925,26.127289
2022-01-30 10:00:00,2022-01-30 11:00:00,13.34,15.12,44.444925,26.127289
2022-01-30 11:00:00,2022-01-30 12:00:00,12.72,19.44,44.444925,26.127289
2022-01-30 12:00:00,2022-01-30 13:00:00,11.37,17.73,44.444925,26.127289
2022-01-30 13:00:00,2022-01-30 14:00:00,11.12,16.02,44.444925,26.127289
2022-01-30 14:00:00,2022-01-30 15:00:00,11.55,14.51,44.444925,26.127289
2022-01-30 16:00:00,2022-01-30 17:00:00,7.4,25.34,44.444925,26.127289
2022-01-30 17:00:00,2022-01-30 18:00:00,8.68,26.3,44.444925,26.127289
2022-01-30 18:00:00,2022-01-30 19:00:00,10.87,25.84,44.444925,26.127289
2022-01-30 19:00:00,2022-01-30 20:00:00,10.64,22.28,44.444925,26.127289
2022-01-30 20:00:00,2022-01-30 21:00:00,9.97,20.92,44.444925,26.127289
2022-01-30 21:00:00,2022-01-30 22:00:00,9.33,20.93,44.444925,26.127289
2022-01-30 22:00:00,2022-01-30 23:00:00,8.08,17.57,44.444925,26.127289
2022-01-30 23:00:00,2022-01-31 00:00:00,8.42,16.29,44.444925,26.127289
2022-01-31 00:00:00,2022-01-31 01:00:00,12.2,10.28,44.444925,26.127289
2022-01-31 01:00:00,2022-01-31 02:00:00,14.7,9.27,44.444925,26.127289
2022-01-31 02:00:00,2022-01-31 03:00:00,14.85,7.99,44.444925,26.127289
2022-01-31 03:00:00,2022-01-31 04:00:00,13.24,9.04,44.444925,26.127289
2022-01-31 04:00:00,2022-01-31 05:00:00,11.49,11.18,44.444925,26.127289
2022-01-31 05:00:00,2022-01-31 06:00:00,12.44,23.32,44.444925,26.127289
2022-01-31 06:00:00,2022-01-31 07:00:00,15.25,41.55,44.444925,26.127289
2022-01-31 07:00:00,2022-01-31 08:00:00,19.5,48.03,44.444925,26.127289
2022-01-31 08:00:00,2022-01-31 09:00:00,20.66,35.04,44.444925,26.127289
2022-01-31 09:00:00,2022-01-31 10:00:00,21.35,28.25,44.444925,26.127289
2022-01-31 10:00:00,2022-01-31 11:00:00,21.14,23.66,44.444925,26.127289
2022-01-31 11:00:00,2022-01-31 12:00:00,17.96,20.66,44.444925,26.127289
2022-01-31 12:00:00,2022-01-31 13:00:00,21.59,16.69,44.444925,26.127289
2022-01-31 13:00:00,2022-01-31 14:00:00,21.33,17.23,44.444925,26.127289
2022-01-31 14:00:00,2022-01-31 15:00:00,23.43,23.57,44.444925,26.127289
2022-01-31 15:00:00,2022-01-31 16:00:00,28.44,33.14,44.444925,26.127289
2022-01-31 17:00:00,2022-01-31 18:00:00,31.02,39.27,44.444925,26.127289
2022-01-31 18:00:00,2022-01-31 19:00:00,31.09,33.22,44.444925,26.127289
2022-01-31 19:00:00,2022-01-31 20:00:00,38.7,36.72,44.444925,26.127289
2022-01-31 20:00:00,2022-01-31 21:00:00,38.7,40.29,44.444925,26.127289
2022-01-31 21:00:00,2022-01-31 22:00:00,38.55,32.76,44.444925,26.127289
2022-01-31 22:00:00,2022-01-31 23:00:00,42.62,37.53,44.444925,26.127289
2022-01-31 23:00:00,2022-02-01 00:00:00,37.39,28.33,44.444925,26.127289
2022-02-01 00:00:00,2022-02-01 01:00:00,27.99,20.98,44.444925,26.127289
2022-02-01 01:00:00,2022-02-01 02:00:00,25.85,24.17,44.444925,26.127289
2022-02-01 02:00:00,2022-02-01 03:00:00,24.67,25.12,44.444925,26.127289
2022-02-01 03:00:00,2022-02-01 04:00:00,32.11,46.43,44.444925,26.127289
2022-02-01 04:00:00,2022-02-01 05:00:00,33.98,48.5,44.444925,26.127289
2022-02-01 05:00:00,2022-02-01 06:00:00,41.47,52.2,44.444925,26.127289
2022-02-01 06:00:00,2022-02-01 07:00:00,49.6,57.76,44.444925,26.127289
2022-02-01 07:00:00,2022-02-01 08:00:00,53.88,61.32,44.444925,26.127289
2022-02-01 08:00:00,2022-02-01 09:00:00,45.93,57.52,44.444925,26.127289
2022-02-01 09:00:00,2022-02-01 10:00:00,40.83,52.35,44.444925,26.127289
2022-02-01 10:00:00,2022-02-01 11:00:00,41.4,50.71,44.444925,26.127289
2022-02-01 11:00:00,2022-02-01 12:00:00,40.78,58.79,44.444925,26.127289
2022-02-01 12:00:00,2022-02-01 13:00:00,33.82,49.41,44.444925,26.127289
2022-02-01 13:00:00,2022-02-01 14:00:00,28.22,53.88,44.444925,26.127289
2022-02-01 14:00:00,2022-02-01 15:00:00,27.55,56.47,44.444925,26.127289
2022-02-01 15:00:00,2022-02-01 16:00:00,36.05,57.83,44.444925,26.127289
2022-02-01 16:00:00,2022-02-01 17:00:00,36.77,64.01,44.444925,26.127289
2022-02-01 18:00:00,2022-02-01 19:00:00,46.09,61.83,44.444925,26.127289
2022-02-01 19:00:00,2022-02-01 20:00:00,39.76,55.66,44.444925,26.127289
2022-02-01 20:00:00,2022-02-01 21:00:00,54.96,61.59,44.444925,26.127289
2022-02-01 21:00:00,2022-02-01 22:00:00,58.25,66.6,44.444925,26.127289
2022-02-01 22:00:00,2022-02-01 23:00:00,58.17,56.64,44.444925,26.127289
2022-02-01 23:00:00,2022-02-02 00:00:00,60.31,58.3,44.444925,26.127289
2022-02-02 00:00:00,2022-02-02 01:00:00,52.41,56.9,44.444925,26.127289
2022-02-02 01:00:00,2022-02-02 02:00:00,46.6,56.68,44.444925,26.127289
2022-02-02 02:00:00,2022-02-02 03:00:00,49.03,47.5,44.444925,26.127289
2022-02-02 03:00:00,2022-02-02 04:00:00,54.29,25.69,44.444925,26.127289
2022-02-02 04:00:00,2022-02-02 05:00:00,40.74,21.97,44.444925,26.127289
2022-02-02 05:00:00,2022-02-02 06:00:00,32.49,29.9,44.444925,26.127289
2022-02-02 06:00:00,2022-02-02 07:00:00,32.6,35.74,44.444925,26.127289
2022-02-02 07:00:00,2022-02-02 08:00:00,31.2,34.96,44.444925,26.127289
2022-02-02 08:00:00,2022-02-02 09:00:00,34.32,27.01,44.444925,26.127289
2022-02-02 09:00:00,2022-02-02 10:00:00,29.15,22.95,44.444925,26.127289
2022-02-02 10:00:00,2022-02-02 11:00:00,24.67,23.88,44.444925,26.127289
2022-02-02 11:00:00,2022-02-02 12:00:00,26.89,23.86,44.444925,26.127289
2022-02-02 12:00:00,2022-02-02 13:00:00,25.47,24.56,44.444925,26.127289
2022-02-02 13:00:00,2022-02-02 14:00:00,30.0,25.12,44.444925,26.127289
2022-02-02 14:00:00,2022-02-02 15:00:00,33.53,26.35,44.444925,26.127289
2022-02-02 15:00:00,2022-02-02 16:00:00,31.76,31.24,44.444925,26.127289
2022-02-02 16:00:00,2022-02-02 17:00:00,33.14,40.97,44.444925,26.127289
2022-02-02 17:00:00,2022-02-02 18:00:00,36.81,45.27,44.444925,26.127289
2022-02-02 19:00:00,2022-02-02 20:00:00,43.85,47.39,44.444925,26.127289
2022-02-02 20:00:00,2022-02-02 21:00:00,39.75,34.44,44.444925,26.127289
2022-02-02 21:00:00,2022-02-02 22:00:00,37.55,34.02,44.444925,26.127289
2022-02-02 22:00:00,2022-02-02 23:00:00,40.37,34.3,44.444925,26.127289
2022-02-02 23:00:00,2022-02-03 00:00:00,39.96,43.35,44.444925,26.127289
2022-02-03 00:00:00,2022-02-03 01:00:00,48.21,42.9,44.444925,26.127289
2022-02-03 01:00:00,2022-02-03 02:00:00,53.85,45.51,44.444925,26.127289
2022-02-03 02:00:00,2022-02-03 03:00:00,59.64,50.15,44.444925,26.127289
2022-02-03 03:00:00,2022-02-03 04:00:00,60.77,49.89,44.444925,26.127289
2022-02-03 04:00:00,2022-02-03 05:00:00,57.27,50.07,44.444925,26.127289
2022-02-03 05:00:00,2022-02-03 06:00:00,65.47,51.57,44.444925,26.127289
2022-02-03 06:00:00,2022-02-03 07:00:00,68.64,65.57,44.444925,26.127289
2022-02-03 07:00:00,2022-02-03 08:00:00,69.69,56.5,44.444925,26.127289
2022-02-03 08:00:00,2022-02-03 09:00:00,66.68,69.12,44.444925,26.127289
2022-02-03 09:00:00,2022-02-03 10:00:00,63.77,67.09,44.444925,26.127289
2022-02-03 10:00:00,2022-02-03 11:00:00,45.19,64.91,44.444925,26.127289
2022-02-03 11:00:00,2022-02-03 12:00:00,34.28,55.23,44.444925,26.127289
2022-02-03 12:00:00,2022-02-03 13:00:00,26.08,36.06,44.444925,26.127289
2022-02-03 13:00:00,2022-02-03 14:00:00,24.98,37.82,44.444925,26.127289
2022-02-03 14:00:00,2022-02-03 15:00:00,20.53,50.86,44.444925,26.127289
2022-02-03 15:00:00,2022-02-03 16:00:00,24.11,67.83,44.444925,26.127289
2022-02-03 16:00:00,2022-02-03 17:00:00,16.04,60.09,44.444925,26.127289
2022-02-03 17:00:00,2022-02-03 18:00:00,17.33,65.43,44.444925,26.127289
2022-02-03 18:00:00,2022-02-03 19:00:00,20.64,60.9,44.444925,26.127289
2022-02-03 20:00:00,2022-02-03 21:00:00,26.53,46.09,44.444925,26.127289
2022-02-03 21:00:00,2022-02-03 22:00:00,23.96,43.27,44.444925,26.127289
2022-02-03 22:00:00,2022-02-03 23:00:00,18.1,35.06,44.444925,26.127289
2022-02-03 23:00:00,2022-02-04 00:00:00,15.23,24.52,44.444925,26.127289
2022-02-04 00:00:00,2022-02-04 01:00:00,12.16,21.88,44.444925,26.127289
2022-02-04 01:00:00,2022-02-04 02:00:00,15.06,31.0,44.444925,26.127289
2022-02-04 02:00:00,2022-02-04 03:00:00,15.4,25.91,44.444925,26.127289
2022-02-04 03:00:00,2022-02-04 04:00:00,15.94,29.05,44.444925,26.127289
2022-02-04 04:00:00,2022-02-04 05:00:00,18.48,31.99,44.444925,26.127289
2022-02-04 05:00:00,2022-02-04 06:00:00,21.22,45.31,44.444925,26.127289
2022-02-04 06:00:00,2022-02-04 07:00:00,23.92,61.89,44.444925,26.127289
2022-02-04 07:00:00,2022-02-04 08:00:00,38.18,75.65,44.444925,26.127289
2022-02-04 08:00:00,2022-02-04 09:00:00,37.01,51.12,44.444925,26.127289
2022-02-04 09:00:00,2022-02-04 10:00:00,40.44,40.45,44.444925,26.127289
2022-02-04 10:00:00,2022-02-04 11:00:00,35.57,32.57,44.444925,26.127289
2022-02-04 11:00:00,2022-02-04 12:00:00,27.87,24.4,44.444925,26.127289
2022-02-04 12:00:00,2022-02-04 13:00:00,21.95,19.96,44.444925,26.127289
2022-02-04 13:00:00,2022-02-04 14:00:00,19.79,19.52,44.444925,26.127289
2022-02-04 14:00:00,2022-02-04 15:00:00,17.53,22.71,44.444925,26.127289
2022-02-04 15:00:00,2022-02-04 16:00:00,13.86,31.37,44.444925,26.127289
2022-02-04 16:00:00,2022-02-04 17:00:00,16.45,42.29,44.444925,26.127289
2022-02-04 17:00:00,2022-02-04 18:00:00,25.94,51.89,44.444925,26.127289
2022-02-04 18:00:00,2022-02-04 19:00:00,35.78,56.73,44.444925,26.127289
2022-02-04 19:00:00,2022-02-04 20:00:00,44.5,59.76,44.444925,26.127289
2022-02-04 21:00:00,2022-02-04 22:00:00,37.95,52.26,44.444925,26.127289
2022-02-04 22:00:00,2022-02-04 23:00:00,34.09,47.6,44.444925,26.127289
2022-02-04 23:00:00,2022-02-05 00:00:00,31.44,41.51,44.444925,26.127289
2022-02-05 00:00:00,2022-02-05 01:00:00,32.26,32.04,44.444925,26.127289
2022-02-05 01:00:00,2022-02-05 02:00:00,31.91,30.31,44.444925,26.127289
2022-02-05 02:00:00,2022-02-05 03:00:00,27.31,28.63,44.444925,26.127289
2022-02-05 03:00:00,2022-02-05 04:00:00,25.69,43.11,44.444925,26.127289
2022-02-05 04:00:00,2022-02-05 05:00:00,24.28,45.52,44.444925,26.127289
2022-02-05 05:00:00,2022-02-05 06:00:00,26.93,46.71,44.444925,26.127289
2022-02-05 06:00:00,2022-02-05 07:00:00,30.4,36.41,44.444925,26.127289
2022-02-05 07:00:00,2022-02-05 08:00:00,35.93,42.8,44.444925,26.127289
2022-02-05 08:00:00,2022-02-05 09:00:00,36.85,39.97,44.444925,26.127289
2022-02-05 09:00:00,2022-02-05 10:00:00,38.11,31.63,44.444925,26.127289
2022-02-05 10:00:00,2022-02-05 11:00:00,35.18,24.1,44.444925,26.127289
2022-02-05 11:00:00,2022-02-05 12:00:00,26.77,17.58,44.444925,26.127289
2022-02-05 12:00:00,2022-02-05 13:00:00,22.15,18.66,44.444925,26.127289
2022-02-05 13:00:00,2022-02-05 14:00:00,22.99,19.06,44.444925,26.127289
2022-02-05 14:00:00,2022-02-05 15:00:00,21.96,21.56,44.444925,26.127289
2022-02-05 15:00:00,2022-02-05 16:00:00,29.89,29.91,44.444925,26.127289
2022-02-05 16:00:00,2022-02-05 17:00:00,35.82,46.82,44.444925,26.127289
2022-02-05 17:00:00,2022-02-05 18:00:00,38.05,46.8,44.444925,26.127289
2022-02-05 18:00:00,2022-02-05 19:00:00,49.3,56.62,44.444925,26.127289
2022-02-05 19:00:00,2022-02-05 20:00:00,45.48,48.84,44.444925,26.127289
2022-02-05 20:00:00,2022-02-05 21:00:00,46.99,54.87,44.444925,26.127289
2022-02-05 22:00:00,2022-02-05 23:00:00,63.25,52.4,44.444925,26.127289
2022-02-05 23:00:00,2022-02-06 00:00:00,63.12,58.14,44.444925,26.127289
2022-02-06 00:00:00,2022-02-06 01:00:00,65.95,63.17,44.444925,26.127289
2022-02-06 01:00:00,2022-02-06 02:00:00,53.62,35.93,44.444925,26.127289
2022-02-06 02:00:00,2022-02-06 03:00:00,47.69,30.72,44.444925,26.127289
2022-02-06 03:00:00,2022-02-06 04:00:00,48.58,33.5,44.444925,26.127289
2022-02-06 04:00:00,2022-02-06 05:00:00,30.07,38.0,44.444925,26.127289
2022-02-06 05:00:00,2022-02-06 06:00:00,21.69,40.5,44.444925,26.127289
2022-02-06 06:00:00,2022-02-06 07:00:00,25.63,39.95,44.444925,26.127289
2022-02-06 07:00:00,2022-02-06 08:00:00,34.23,30.68,44.444925,26.127289
2022-02-06 08:00:00,2022-02-06 09:00:00,33.81,25.86,44.444925,26.127289
2022-02-06 09:00:00,2022-02-06 10:00:00,32.89,26.03,44.444925,26.127289
2022-02-06 10:00:00,2022-02-06 11:00:00,33.18,25.66,44.444925,26.127289
2022-02-06 11:00:00,2022-02-06 12:00:00,25.15,20.05,44.444925,26.127289
2022-02-06 12:00:00,2022-02-06 13:00:00,15.23,13.56,44.444925,26.127289
2022-02-06 13:00:00,2022-02-06 14:00:00,10.63,14.41,44.444925,26.127289
2022-02-06 14:00:00,2022-02-06 15:00:00,11.49,17.03,44.444925,26.127289
2022-02-06 15:00:00,2022-02-06 16:00:00,9.15,19.24,44.444925,26.127289
2022-02-06 16:00:00,2022-02-06 17:00:00,10.1,27.31,44.444925,26.127289
2022-02-06 17:00:00,2022-02-06 18:00:00,14.92,37.48,44.444925,26.127289
2022-02-06 18:00:00,2022-02-06 19:00:00,16.79,42.27,44.444925,26.127289
2022-02-06 19:00:00,2022-02-06 20:00:00,25.6,45.98,44.444925,26.127289
2022-02-06 20:00:00,2022-02-06 21:00:00,31.91,53.67,44.444925,26.127289
2022-02-06 21:00:00,2022-02-06 22:00:00,21.13,42.69,44.444925,26.127289
2022-02-06 23:00:00,2022-02-07 00:00:00,14.66,23.48,44.444925,26.127289
2022-02-07 00:00:00,2022-02-07 01:00:00,11.95,18.92,44.444925,26.127289
2022-02-07 01:00:00,2022-02-07 02:00:00,19.04,28.63,44.444925,26.127289
2022-02-07 02:00:00,2022-02-07 03:00:00,24.16,30.03,44.444925,26.127289
2022-02-07 03:00:00,2022-02-07 04:00:00,24.69,33.13,44.444925,26.127289
2022-02-07 04:00:00,2022-02-07 05:00:00,24.72,43.94,44.444925,26.127289
2022-02-07 05:00:00,2022-02-07 06:00:00,24.71,60.1,44.444925,26.127289
2022-02-07 06:00:00,2022-02-07 07:00:00,28.96,66.69,44.444925,26.127289
2022-02-07 07:00:00,2022-02-07 08:00:00,29.34,54.94,44.444925,26.127289
2022-02-07 08:00:00,2022-02-07 09:00:00,37.77,49.2,44.444925,26.127289
2022-02-07 09:00:00,2022-02-07 10:00:00,36.41,43.12,44.444925,26.127289
2022-02-07 10:00:00,2022-02-07 11:00:00,34.31,36.47,44.444925,26.127289
2022-02-07 11:00:00,2022-02-07 12:00:00,35.34,36.17,44.444925,26.127289
2022-02-07 12:00:00,2022-02-07 13:00:00,32.71,32.34,44.444925,26.127289
2022-02-07 13:00:00,2022-02-07 14:00:00,27.62,38.38,44.444925,26.127289
2022-02-07 14:00:00,2022-02-07 15:00:00,27.59,50.6,44.444925,26.127289
2022-02-07 15:00:00,2022-02-07 16:00:00,30.16,52.71,44.444925,26.127289
2022-02-07 16:00:00,2022-02-07 17:00:00,29.8,50.94,44.444925,26.127289
2022-02-07 17:00:00,2022-02-07 18:00:00,32.8,51.69,44.444925,26.127289
2022-02-07 18:00:00,2022-02-07 19:00:00,29.72,37.46,44.444925,26.127289
2022-02-07 19:00:00,2022-02-07 20:00:00,21.79,29.76,44.444925,26.127289
2022-02-07 20:00:00,2022-02-07 21:00:00,23.74,25.13,44.444925,26.127289
2022-02-07 21:00:00,2022-02-07 22:00:00,30.02,24.76,44.444925,26.127289
2022-02-07 22:00:00,2022-02-07 23:00:00,37.21,25.15,44.444925,26.127289
2022-02-08 00:00:00,2022-02-08 01:00:00,45.55,32.05,44.444925,26.127289
2022-02-08 01:00:00,2022-02-08 02:00:00,15.76,18.93,44.444925,26.127289
2022-02-08 02:00:00,2022-02-08 03:00:00,3.52,15.72,44.444925,26.127289
2022-02-08 03:00:00,2022-02-08 04:00:00,3.77,15.17,44.444925,26.127289
2022-02-08 04:00:00,2022-02-08 05:00:00,3.41,18.48,44.444925,26.127289
2022-02-08 05:00:00,2022-02-08 06:00:00,3.22,21.2,44.444925,26.127289
2022-02-08 06:00:00,2022-02-08 07:00:00,3.89,41.43,44.444925,26.127289
2022-02-08 07:00:00,2022-02-08 08:00:00,6.3,36.34,44.444925,26.127289
2022-02-08 08:00:00,2022-02-08 09:00:00,11.37,41.76,44.444925,26.127289
2022-02-08 09:00:00,2022-02-08 10:00:00,13.38,44.01,44.444925,26.127289
2022-02-08 10:00:00,2022-02-08 11:00:00,8.12,27.07,44.444925,26.127289
2022-02-08 11:00:00,2022-02-08 12:00:00,6.21,22.91,44.444925,26.127289
2022-02-08 12:00:00,2022-02-08 13:00:00,6.14,24.16,44.444925,26.127289
2022-02-08 13:00:00,2022-02-08 14:00:00,6.49,23.33,44.444925,26.127289
2022-02-08 14:00:00,2022-02-08 15:00:00,6.35,29.54,44.444925,26.127289
2022-02-08 15:00:00,2022-02-08 16:00:00,6.0,41.44,44.444925,26.127289
2022-02-08 16:00:00,2022-02-08 17:00:00,6.81,42.26,44.444925,26.127289
2022-02-08 17:00:00,2022-02-08 18:00:00,9.58,46.59,44.444925,26.127289
2022-02-08 18:00:00,2022-02-08 19:00:00,11.37,45.58,44.444925,26.127289
2022-02-08 19:00:00,2022-02-08 20:00:00,12.66,40.11,44.444925,26.127289
2022-02-08 20:00:00,2022-02-08 21:00:00,15.28,42.63,44.444925,26.127289
2022-02-08 21:00:00,2022-02-08 22:00:00,25.39,59.64,44.444925,26.127289
2022-02-08 22:00:00,2022-02-08 23:00:00,25.74,48.48,44.444925,26.127289
2022-02-08 23:00:00,2022-02-09 00:00:00,21.49,27.96,44.444925,26.127289
2022-02-09 01:00:00,2022-02-09 02:00:00,12.96,25.43,44.444925,26.127289
2022-02-09 02:00:00,2022-02-09 03:00:00,10.26,21.6,44.444925,26.127289
2022-02-09 03:00:00,2022-02-09 04:00:00,9.85,19.67,44.444925,26.127289
2022-02-09 04:00:00,2022-02-09 05:00:00,10.03,17.34,44.444925,26.127289
2022-02-09 05:00:00,2022-02-09 06:00:00,11.45,31.0,44.444925,26.127289
2022-02-09 06:00:00,2022-02-09 07:00:00,14.81,42.7,44.444925,26.127289
2022-02-09 07:00:00,2022-02-09 08:00:00,20.36,46.11,44.444925,26.127289
2022-02-09 08:00:00,2022-02-09 09:00:00,24.88,44.0,44.444925,26.127289
2022-02-09 09:00:00,2022-02-09 10:00:00,29.67,42.4,44.444925,26.127289
2022-02-09 10:00:00,2022-02-09 11:00:00,29.96,40.74,44.444925,26.127289
2022-02-09 11:00:00,2022-02-09 12:00:00,34.36,42.46,44.444925,26.127289
2022-02-09 12:00:00,2022-02-09 13:00:00,17.21,34.5,44.444925,26.127289
2022-02-09 13:00:00,2022-02-09 14:00:00,13.65,30.6,44.444925,26.127289
2022-02-09 14:00:00,2022-02-09 15:00:00,14.21,34.57,44.444925,26.127289
2022-02-09 15:00:00,2022-02-09 16:00:00,15.53,42.68,44.444925,26.127289
2022-02-09 16:00:00,2022-02-09 17:00:00,17.29,73.41,44.444925,26.127289
2022-02-09 17:00:00,2022-02-09 18:00:00,17.74,61.69,44.444925,26.127289
2022-02-09 18:00:00,2022-02-09 19:00:00,24.32,68.68,44.444925,26.127289
2022-02-09 19:00:00,2022-02-09 20:00:00,33.62,69.48,44.444925,26.127289
2022-02-09 20:00:00,2022-02-09 21:00:00,35.32,70.45,44.444925,26.127289
2022-02-09 21:00:00,2022-02-09 22:00:00,42.2,76.84,44.444925,26.127289
2022-02-09 22:00:00,2022-02-09 23:00:00,55.2,77.75,44.444925,26.127289
2022-02-09 23:00:00,2022-02-10 00:00:00,54.37,66.6,44.444925,26.127289
2022-02-10 00:00:00,2022-02-10 01:00:00,60.05,57.52,44.444925,26.127289
2022-02-10 02:00:00,2022-02-10 03:00:00,47.75,43.46,44.444925,26.127289
2022-02-10 03:00:00,2022-02-10 04:00:00,46.99,39.25,44.444925,26.127289
2022-02-10 04:00:00,2022-02-10 05:00:00,46.84,41.81,44.444925,26.127289
2022-02-10 05:00:00,2022-02-10 06:00:00,38.89,46.76,44.444925,26.127289
2022-02-10 06:00:00,2022-02-10 07:00:00,43.09,62.46,44.444925,26.127289
2022-02-10 07:00:00,2022-02-10 08:00:00,68.66,74.76,44.444925,26.127289
2022-02-10 08:00:00,2022-02-10 09:00:00,71.15,60.37,44.444925,26.127289
2022-02-10 09:00:00,2022-02-10 10:00:00,59.6,52.19,44.444925,26.127289
2022-02-10 10:00:00,2022-02-10 11:00:00,45.22,34.39,44.444925,26.127289
2022-02-10 11:00:00,2022-02-10 12:00:00,35.86,23.79,44.444925,26.127289
2022-02-10 12:00:00,2022-02-10 13:00:00,31.71,25.98,44.444925,26.127289
2022-02-10 13:00:00,2022-02-10 14:00:00,21.23,22.77,44.444925,26.127289
2022-02-10 14:00:00,2022-02-10 15:00:00,18.87,21.15,44.444925,26.127289
2022-02-10 15:00:00,2022-02-10 16:00:00,18.64,25.34,44.444925,26.127289
2022-02-10 16:00:00,2022-02-10 17:00:00,22.92,43.89,44.444925,26.127289
2022-02-10 17:00:00,2022-02-10 18:00:00,38.19,65.16,44.444925,26.127289
2022-02-10 18:00:00,2022-02-10 19:00:00,50.2,67.08,44.444925,26.127289
2022-02-10 19:00:00,2022-02-10 20:00:00,36.47,48.33,44.444925,26.127289
2022-02-10 20:00:00,2022-02-10 21:00:00,33.87,45.9,44.444925,26.127289
2022-02-10 21:00:00,2022-02-10 22:00:00,35.08,61.49,44.444925,26.127289
2022-02-10 22:00:00,2022-02-10 23:00:00,28.92,46.5,44.444925,26.127289
2022-02-11 23:00:00,2022-02-12 00:00:00,160.37,131.17,44.444925,26.127289
2022-02-12 00:00:00,2022-02-12 01:00:00,145.33,100.62,44.444925,26.127289
2022-02-12 01:00:00,2022-02-12 02:00:00,74.47,58.57,44.444925,26.127289
2022-02-12 02:00:00,2022-02-12 03:00:00,51.53,33.35,44.444925,26.127289
2022-02-12 04:00:00,2022-02-12 05:00:00,45.93,28.81,44.444925,26.127289
2022-02-12 05:00:00,2022-02-12 06:00:00,45.41,35.9,44.444925,26.127289
2022-02-12 06:00:00,2022-02-12 07:00:00,61.82,45.4,44.444925,26.127289
2022-02-12 07:00:00,2022-02-12 08:00:00,66.28,58.06,44.444925,26.127289
2022-02-12 08:00:00,2022-02-12 09:00:00,47.22,48.29,44.444925,26.127289
2022-02-12 09:00:00,2022-02-12 10:00:00,19.1,29.31,44.444925,26.127289
2022-02-12 10:00:00,2022-02-12 11:00:00,10.1,27.79,44.444925,26.127289
2022-02-12 11:00:00,2022-02-12 12:00:00,13.73,30.39,44.444925,26.127289
2022-02-12 12:00:00,2022-02-12 13:00:00,14.1,32.0,44.444925,26.127289
2022-02-12 13:00:00,2022-02-12 14:00:00,12.69,36.93,44.444925,26.127289
2022-02-12 14:00:00,2022-02-12 15:00:00,14.71,39.09,44.444925,26.127289
2022-02-12 15:00:00,2022-02-12 16:00:00,17.98,36.06,44.444925,26.127289
2022-02-12 16:00:00,2022-02-12 17:00:00,21.87,42.53,44.444925,26.127289
2022-02-12 17:00:00,2022-02-12 18:00:00,28.78,52.35,44.444925,26.127289
2022-02-12 18:00:00,2022-02-12 19:00:00,32.07,59.04,44.444925,26.127289
2022-02-12 19:00:00,2022-02-12 20:00:00,32.25,53.15,44.444925,26.127289
2022-02-12 20:00:00,2022-02-12 21:00:00,22.21,41.94,44.444925,26.127289
2022-02-12 21:00:00,2022-02-12 22:00:00,16.61,37.92,44.444925,26.127289
2022-02-12 22:00:00,2022-02-12 23:00:00,14.15,30.88,44.444925,26.127289
2022-02-12 23:00:00,2022-02-13 00:00:00,13.29,22.54,44.444925,26.127289
2022-02-13 00:00:00,2022-02-13 01:00:00,13.13,20.23,44.444925,26.127289
2022-02-13 01:00:00,2022-02-13 02:00:00,12.07,15.74,44.444925,26.127289
2022-02-13 02:00:00,2022-02-13 03:00:00,11.43,15.88,44.444925,26.127289
2022-02-13 03:00:00,2022-02-13 04:00:00,12.33,16.3,44.444925,26.127289
2022-02-13 05:00:00,2022-02-13 06:00:00,15.11,20.35,44.444925,26.127289
2022-02-13 06:00:00,2022-02-13 07:00:00,15.45,24.36,44.444925,26.127289
2022-02-13 07:00:00,2022-02-13 08:00:00,16.32,21.78,44.444925,26.127289
2022-02-13 08:00:00,2022-02-13 09:00:00,18.54,26.4,44.444925,26.127289
2022-02-13 09:00:00,2022-02-13 10:00:00,20.37,24.9,44.444925,26.127289
2022-02-13 10:00:00,2022-02-13 11:00:00,22.02,23.81,44.444925,26.127289
2022-02-13 11:00:00,2022-02-13 12:00:00,19.53,25.64,44.444925,26.127289
2022-02-13 12:00:00,2022-02-13 13:00:00,15.27,26.69,44.444925,26.127289
2022-02-13 13:00:00,2022-02-13 14:00:00,14.58,32.16,44.444925,26.127289
2022-02-13 14:00:00,2022-02-13 15:00:00,15.19,32.12,44.444925,26.127289
2022-02-13 15:00:00,2022-02-13 16:00:00,16.67,33.77,44.444925,26.127289
2022-02-13 16:00:00,2022-02-13 17:00:00,19.23,47.09,44.444925,26.127289
2022-02-13 17:00:00,2022-02-13 18:00:00,25.8,59.59,44.444925,26.127289
2022-02-13 18:00:00,2022-02-13 19:00:00,30.11,62.89,44.444925,26.127289
2022-02-13 19:00:00,2022-02-13 20:00:00,32.73,64.45,44.444925,26.127289
2022-02-13 20:00:00,2022-02-13 21:00:00,31.57,60.85,44.444925,26.127289
2022-02-13 21:00:00,2022-02-13 22:00:00,25.13,54.08,44.444925,26.127289
2022-02-13 22:00:00,2022-02-13 23:00:00,14.23,34.18,44.444925,26.127289
2022-02-13 23:00:00,2022-02-14 00:00:00,14.05,30.88,44.444925,26.127289
2022-02-14 00:00:00,2022-02-14 01:00:00,19.11,23.77,44.444925,26.127289
2022-02-14 01:00:00,2022-02-14 02:00:00,20.73,29.31,44.444925,26.127289
2022-02-14 02:00:00,2022-02-14 03:00:00,20.24,29.28,44.444925,26.127289
2022-02-14 03:00:00,2022-02-14 04:00:00,18.79,29.25,44.444925,26.127289
2022-02-14 04:00:00,2022-02-14 05:00:00,24.43,38.55,44.444925,26.127289
2022-02-14 06:00:00,2022-02-14 07:00:00,33.18,63.06,44.444925,26.127289
2022-02-14 07:00:00,2022-02-14 08:00:00,33.41,59.89,44.444925,26.127289
2022-02-14 08:00:00,2022-02-14 09:00:00,36.13,59.93,44.444925,26.127289
2022-02-14 09:00:00,2022-02-14 10:00:00,38.45,58.36,44.444925,26.127289
2022-02-14 10:00:00,2022-02-14 11:00:00,29.2,44.31,44.444925,26.127289
2022-02-14 11:00:00,2022-02-14 12:00:00,21.76,36.09,44.444925,26.127289
2022-02-14 12:00:00,2022-02-14 13:00:00,21.45,42.36,44.444925,26.127289
2022-02-14 13:00:00,2022-02-14 14:00:00,21.55,46.47,44.444925,26.127289
2022-02-14 14:00:00,2022-02-14 15:00:00,22.34,45.35,44.444925,26.127289
2022-02-14 15:00:00,2022-02-14 16:00:00,22.79,58.98,44.444925,26.127289
2022-02-14 16:00:00,2022-02-14 17:00:00,26.37,66.45,44.444925,26.127289
2022-02-14 17:00:00,2022-02-14 18:00:00,30.49,62.38,44.444925,26.127289
2022-02-14 18:00:00,2022-02-14 19:00:00,29.33,63.04,44.444925,26.127289
2022-02-14 19:00:00,2022-02-14 20:00:00,33.44,69.05,44.444925,26.127289
2022-02-14 20:00:00,2022-02-14 21:00:00,32.94,66.34,44.444925,26.127289
2022-02-14 21:00:00,2022-02-14 22:00:00,38.97,66.82,44.444925,26.127289
2022-02-14 22:00:00,2022-02-14 23:00:00,29.93,53.37,44.444925,26.127289
2022-02-16 23:00:00,2022-02-17 00:00:00,61.27,50.54,44.444925,26.127289
2022-02-17 00:00:00,2022-02-17 01:00:00,54.9,36.73,44.444925,26.127289
2022-02-17 01:00:00,2022-02-17 02:00:00,45.24,38.58,44.444925,26.127289
2022-02-17 02:00:00,2022-02-17 03:00:00,28.22,32.93,44.444925,26.127289
2022-02-17 03:00:00,2022-02-17 04:00:00,27.86,27.67,44.444925,26.127289
2022-02-17 04:00:00,2022-02-17 05:00:00,31.17,27.52,44.444925,26.127289
2022-02-17 05:00:00,2022-02-17 06:00:00,34.38,37.06,44.444925,26.127289
2022-02-17 06:00:00,2022-02-17 07:00:00,39.52,37.43,44.444925,26.127289
2022-02-17 07:00:00,2022-02-17 08:00:00,54.4,33.65,44.444925,26.127289
2022-02-17 09:00:00,2022-02-17 10:00:00,52.98,34.87,44.444925,26.127289
2022-02-17 10:00:00,2022-02-17 11:00:00,39.95,23.59,44.444925,26.127289
2022-02-17 11:00:00,2022-02-17 12:00:00,37.63,24.48,44.444925,26.127289
2022-02-17 12:00:00,2022-02-17 13:00:00,34.13,21.43,44.444925,26.127289
2022-02-17 13:00:00,2022-02-17 14:00:00,34.31,21.25,44.444925,26.127289
2022-02-17 14:00:00,2022-02-17 15:00:00,32.98,24.64,44.444925,26.127289
2022-02-17 15:00:00,2022-02-17 16:00:00,29.82,28.17,44.444925,26.127289
2022-02-17 16:00:00,2022-02-17 17:00:00,26.46,26.2,44.444925,26.127289
2022-02-17 17:00:00,2022-02-17 18:00:00,34.69,36.4,44.444925,26.127289
2022-02-17 18:00:00,2022-02-17 19:00:00,36.94,39.86,44.444925,26.127289
2022-02-17 19:00:00,2022-02-17 20:00:00,36.02,35.22,44.444925,26.127289
2022-02-17 20:00:00,2022-02-17 21:00:00,35.38,36.6,44.444925,26.127289
2022-02-17 21:00:00,2022-02-17 22:00:00,35.81,38.26,44.444925,26.127289
2022-02-17 22:00:00,2022-02-17 23:00:00,35.91,30.91,44.444925,26.127289
2022-02-17 23:00:00,2022-02-18 00:00:00,37.45,21.74,44.444925,26.127289
2022-02-18 00:00:00,2022-02-18 01:00:00,34.18,18.97,44.444925,26.127289
2022-02-18 01:00:00,2022-02-18 02:00:00,27.95,13.47,44.444925,26.127289
2022-02-18 02:00:00,2022-02-18 03:00:00,16.04,11.37,44.444925,26.127289
2022-02-18 03:00:00,2022-02-18 04:00:00,10.45,11.66,44.444925,26.127289
2022-02-18 04:00:00,2022-02-18 05:00:00,10.0,10.62,44.444925,26.127289
2022-02-18 05:00:00,2022-02-18 06:00:00,7.21,17.31,44.444925,26.127289
2022-02-18 06:00:00,2022-02-18 07:00:00,7.66,23.68,44.444925,26.127289
2022-02-18 07:00:00,2022-02-18 08:00:00,7.72,28.37,44.444925,26.127289
2022-02-18 08:00:00,2022-02-18 09:00:00,5.81,22.76,44.444925,26.127289
2022-02-18 10:00:00,2022-02-18 11:00:00,4.64,19.14,44.444925,26.127289
2022-02-18 11:00:00,2022-02-18 12:00:00,5.2,21.3,44.444925,26.127289
2022-02-18 12:00:00,2022-02-18 13:00:00,4.63,20.69,44.444925,26.127289
2022-02-18 13:00:00,2022-02-18 14:00:00,4.6,24.71,44.444925,26.127289
2022-02-18 14:00:00,2022-02-18 15:00:00,9.28,29.68,44.444925,26.127289
2022-02-18 15:00:00,2022-02-18 16:00:00,6.98,31.54,44.444925,26.127289
2022-02-18 16:00:00,2022-02-18 17:00:00,7.44,34.89,44.444925,26.127289
2022-02-18 17:00:00,2022-02-18 18:00:00,13.32,54.83,44.444925,26.127289
2022-02-18 18:00:00,2022-02-18 19:00:00,17.15,62.98,44.444925,26.127289
2022-02-18 19:00:00,2022-02-18 20:00:00,23.99,69.59,44.444925,26.127289
2022-02-18 20:00:00,2022-02-18 21:00:00,37.14,80.4,44.444925,26.127289
2022-02-18 21:00:00,2022-02-18 22:00:00,56.61,82.01,44.444925,26.127289
2022-02-18 22:00:00,2022-02-18 23:00:00,62.58,66.18,44.444925,26.127289
2022-02-18 23:00:00,2022-02-19 00:00:00,41.98,45.79,44.444925,26.127289
2022-02-19 00:00:00,2022-02-19 01:00:00,31.81,44.22,44.444925,26.127289
2022-02-19 01:00:00,2022-02-19 02:00:00,18.5,27.28,44.444925,26.127289
2022-02-19 02:00:00,2022-02-19 03:00:00,23.5,19.56,44.444925,26.127289
2022-02-19 03:00:00,2022-02-19 04:00:00,22.98,14.71,44.444925,26.127289
2022-02-19 04:00:00,2022-02-19 05:00:00,25.71,22.88,44.444925,26.127289
2022-02-19 05:00:00,2022-02-19 06:00:00,26.16,33.37,44.444925,26.127289
2022-02-19 06:00:00,2022-02-19 07:00:00,30.78,40.18,44.444925,26.127289
2022-02-19 07:00:00,2022-02-19 08:00:00,30.39,39.73,44.444925,26.127289
2022-02-19 08:00:00,2022-02-19 09:00:00,34.04,38.85,44.444925,26.127289
2022-02-19 09:00:00,2022-02-19 10:00:00,33.08,30.0,44.444925,26.127289
2022-02-19 11:00:00,2022-02-19 12:00:00,19.68,17.15,44.444925,26.127289
2022-02-19 12:00:00,2022-02-19 13:00:00,16.84,17.22,44.444925,26.127289
2022-02-19 13:00:00,2022-02-19 14:00:00,13.6,16.07,44.444925,26.127289
2022-02-19 14:00:00,2022-02-19 15:00:00,15.36,19.22,44.444925,26.127289
2022-02-19 15:00:00,2022-02-19 16:00:00,14.85,19.01,44.444925,26.127289
2022-02-19 16:00:00,2022-02-19 17:00:00,18.44,33.35,44.444925,26.127289
2022-02-19 17:00:00,2022-02-19 18:00:00,25.91,48.65,44.444925,26.127289
2022-02-19 18:00:00,2022-02-19 19:00:00,27.46,45.04,44.444925,26.127289
2022-02-19 19:00:00,2022-02-19 20:00:00,36.21,44.67,44.444925,26.127289
2022-02-19 20:00:00,2022-02-19 21:00:00,40.03,37.92,44.444925,26.127289
2022-02-19 21:00:00,2022-02-19 22:00:00,46.98,54.16,44.444925,26.127289
2022-02-19 22:00:00,2022-02-19 23:00:00,47.65,50.1,44.444925,26.127289
2022-02-19 23:00:00,2022-02-20 00:00:00,40.87,32.72,44.444925,26.127289
2022-02-20 00:00:00,2022-02-20 01:00:00,44.39,28.91,44.444925,26.127289
2022-02-20 01:00:00,2022-02-20 02:00:00,42.88,37.39,44.444925,26.127289
2022-02-20 02:00:00,2022-02-20 03:00:00,39.62,31.21,44.444925,26.127289
2022-02-20 03:00:00,2022-02-20 04:00:00,45.37,33.99,44.444925,26.127289
2022-02-20 04:00:00,2022-02-20 05:00:00,57.06,32.25,44.444925,26.127289
2022-02-20 05:00:00,2022-02-20 06:00:00,44.58,32.04,44.444925,26.127289
2022-02-20 06:00:00,2022-02-20 07:00:00,28.64,28.35,44.444925,26.127289
2022-02-20 07:00:00,2022-02-20 08:00:00,24.36,24.32,44.444925,26.127289
2022-02-20 08:00:00,2022-02-20 09:00:00,20.46,32.33,44.444925,26.127289
2022-02-20 09:00:00,2022-02-20 10:00:00,18.68,37.25,44.444925,26.127289
2022-02-20 10:00:00,2022-02-20 11:00:00,18.77,35.79,44.444925,26.127289
2022-02-20 12:00:00,2022-02-20 13:00:00,20.02,40.77,44.444925,26.127289
2022-02-20 13:00:00,2022-02-20 14:00:00,19.25,34.37,44.444925,26.127289
2022-02-20 14:00:00,2022-02-20 15:00:00,16.34,24.7,44.444925,26.127289
2022-02-20 15:00:00,2022-02-20 16:00:00,16.98,25.11,44.444925,26.127289
2022-02-20 16:00:00,2022-02-20 17:00:00,21.99,33.92,44.444925,26.127289
2022-02-20 17:00:00,2022-02-20 18:00:00,26.37,47.78,44.444925,26.127289
2022-02-20 18:00:00,2022-02-20 19:00:00,35.14,53.08,44.444925,26.127289
2022-02-20 19:00:00,2022-02-20 20:00:00,31.67,62.65,44.444925,26.127289
2022-02-20 20:00:00,2022-02-20 21:00:00,32.03,61.32,44.444925,26.127289
2022-02-20 21:00:00,2022-02-20 22:00:00,30.12,48.11,44.444925,26.127289
2022-02-20 22:00:00,2022-02-20 23:00:00,26.44,32.61,44.444925,26.127289
2022-02-20 23:00:00,2022-02-21 00:00:00,26.14,23.53,44.444925,26.127289
2022-02-21 00:00:00,2022-02-21 01:00:00,25.86,19.22,44.444925,26.127289
2022-02-21 01:00:00,2022-02-21 02:00:00,28.4,15.54,44.444925,26.127289
2022-02-21 02:00:00,2022-02-21 03:00:00,29.41,15.85,44.444925,26.127289
2022-02-21 03:00:00,2022-02-21 04:00:00,39.58,14.16,44.444925,26.127289
2022-02-21 04:00:00,2022-02-21 05:00:00,28.85,16.32,44.444925,26.127289
2022-02-21 05:00:00,2022-02-21 06:00:00,26.54,28.14,44.444925,26.127289
2022-02-21 06:00:00,2022-02-21 07:00:00,25.85,31.39,44.444925,26.127289
2022-02-21 07:00:00,2022-02-21 08:00:00,27.91,32.97,44.444925,26.127289
2022-02-21 08:00:00,2022-02-21 09:00:00,28.91,31.6,44.444925,26.127289
2022-02-21 09:00:00,2022-02-21 10:00:00,26.31,23.59,44.444925,26.127289
2022-02-21 10:00:00,2022-02-21 11:00:00,23.85,21.48,44.444925,26.127289
2022-02-21 11:00:00,2022-02-21 12:00:00,16.2,18.43,44.444925,26.127289
2022-02-21 13:00:00,2022-02-21 14:00:00,10.96,20.14,44.444925,26.127289
2022-02-21 14:00:00,2022-02-21 15:00:00,9.38,22.34,44.444925,26.127289
2022-02-21 15:00:00,2022-02-21 16:00:00,8.33,25.34,44.444925,26.127289
2022-02-21 16:00:00,2022-02-21 17:00:00,8.65,43.01,44.444925,26.127289
2022-02-21 17:00:00,2022-02-21 18:00:00,14.42,58.13,44.444925,26.127289
2022-02-21 18:00:00,2022-02-21 19:00:00,25.63,75.9,44.444925,26.127289
2022-02-21 19:00:00,2022-02-21 20:00:00,38.11,85.32,44.444925,26.127289
2022-02-21 20:00:00,2022-02-21 21:00:00,48.56,79.64,44.444925,26.127289
2022-02-21 21:00:00,2022-02-21 22:00:00,46.15,81.58,44.444925,26.127289
2022-02-21 22:00:00,2022-02-21 23:00:00,35.68,82.13,44.444925,26.127289
2022-02-21 23:00:00,2022-02-22 00:00:00,40.58,77.34,44.444925,26.127289
2022-02-22 00:00:00,2022-02-22 01:00:00,38.36,60.92,44.444925,26.127289
2022-02-22 01:00:00,2022-02-22 02:00:00,35.84,46.41,44.444925,26.127289
2022-02-22 02:00:00,2022-02-22 03:00:00,36.36,41.98,44.444925,26.127289
2022-02-22 03:00:00,2022-02-22 04:00:00,35.44,36.55,44.444925,26.127289
2022-02-22 04:00:00,2022-02-22 05:00:00,34.42,51.68,44.444925,26.127289
2022-02-22 05:00:00,2022-02-22 06:00:00,35.95,57.85,44.444925,26.127289
2022-02-22 06:00:00,2022-02-22 07:00:00,45.95,65.81,44.444925,26.127289
2022-02-22 07:00:00,2022-02-22 08:00:00,56.0,74.47,44.444925,26.127289
2022-02-22 08:00:00,2022-02-22 09:00:00,50.9,51.0,44.444925,26.127289
2022-02-22 09:00:00,2022-02-22 10:00:00,44.48,46.84,44.444925,26.127289
2022-02-22 10:00:00,2022-02-22 11:00:00,31.79,49.08,44.444925,26.127289
2022-02-22 11:00:00,2022-02-22 12:00:00,28.31,51.7,44.444925,26.127289
2022-02-22 12:00:00,2022-02-22 13:00:00,21.95,54.43,44.444925,26.127289
2022-02-22 14:00:00,2022-02-22 15:00:00,23.85,60.24,44.444925,26.127289
2022-02-22 15:00:00,2022-02-22 16:00:00,21.79,62.38,44.444925,26.127289
2022-02-22 16:00:00,2022-02-22 17:00:00,23.13,61.94,44.444925,26.127289
2022-02-22 17:00:00,2022-02-22 18:00:00,21.48,56.0,44.444925,26.127289
2022-02-22 18:00:00,2022-02-22 19:00:00,24.47,56.75,44.444925,26.127289
2022-02-22 19:00:00,2022-02-22 20:00:00,26.72,51.83,44.444925,26.127289
2022-02-22 20:00:00,2022-02-22 21:00:00,28.87,42.46,44.444925,26.127289
2022-02-22 21:00:00,2022-02-22 22:00:00,32.61,38.06,44.444925,26.127289
2022-02-22 22:00:00,2022-02-22 23:00:00,32.14,35.11,44.444925,26.127289
2022-02-22 23:00:00,2022-02-23 00:00:00,31.74,30.39,44.444925,26.127289
2022-02-23 00:00:00,2022-02-23 01:00:00,29.12,24.43,44.444925,26.127289
2022-02-23 01:00:00,2022-02-23 02:00:00,28.14,30.08,44.444925,26.127289
2022-02-23 02:00:00,2022-02-23 03:00:00,25.69,24.12,44.444925,26.127289
2022-02-23 03:00:00,2022-02-23 04:00:00,24.87,23.48,44.444925,26.127289
2022-02-23 04:00:00,2022-02-23 05:00:00,23.36,25.92,44.444925,26.127289
2022-02-23 05:00:00,2022-02-23 06:00:00,22.15,41.7,44.444925,26.127289
2022-02-23 06:00:00,2022-02-23 07:00:00,20.01,45.41,44.444925,26.127289
2022-02-23 07:00:00,2022-02-23 08:00:00,19.02,46.72,44.444925,26.127289
2022-02-23 08:00:00,2022-02-23 09:00:00,16.61,47.93,44.444925,26.127289
2022-02-23 09:00:00,2022-02-23 10:00:00,14.56,45.35,44.444925,26.127289
2022-02-23 10:00:00,2022-02-23 11:00:00,16.88,41.66,44.444925,26.127289
2022-02-23 11:00:00,2022-02-23 12:00:00,19.47,34.57,44.444925,26.127289
2022-02-23 12:00:00,2022-02-23 13:00:00,18.67,26.93,44.444925,26.127289
2022-02-23 13:00:00,2022-02-23 14:00:00,15.42,23.8,44.444925,26.127289
2022-02-23 15:00:00,2022-02-23 16:00:00,19.13,31.17,44.444925,26.127289
2022-02-23 16:00:00,2022-02-23 17:00:00,21.89,37.08,44.444925,26.127289
2022-02-23 17:00:00,2022-02-23 18:00:00,25.47,33.54,44.444925,26.127289
2022-02-23 18:00:00,2022-02-23 19:00:00,30.04,37.12,44.444925,26.127289
2022-02-23 19:00:00,2022-02-23 20:00:00,29.15,41.27,44.444925,26.127289
2022-02-23 20:00:00,2022-02-23 21:00:00,29.18,41.15,44.444925,26.127289
2022-02-23 21:00:00,2022-02-23 22:00:00,33.1,50.19,44.444925,26.127289
2022-02-23 22:00:00,2022-02-23 23:00:00,27.7,33.62,44.444925,26.127289
2022-02-23 23:00:00,2022-02-24 00:00:00,12.45,29.08,44.444925,26.127289
2022-02-24 00:00:00,2022-02-24 01:00:00,9.77,25.65,44.444925,26.127289
2022-02-24 01:00:00,2022-02-24 02:00:00,12.67,17.76,44.444925,26.127289
2022-02-24 02:00:00,2022-02-24 03:00:00,11.09,15.47,44.444925,26.127289
2022-02-24 03:00:00,2022-02-24 04:00:00,8.29,17.37,44.444925,26.127289
2022-02-24 04:00:00,2022-02-24 05:00:00,7.44,23.51,44.444925,26.127289
2022-02-24 05:00:00,2022-02-24 06:00:00,9.28,36.4,44.444925,26.127289
2022-02-24 06:00:00,2022-02-24 07:00:00,15.88,49.61,44.444925,26.127289
2022-02-24 07:00:00,2022-02-24 08:00:00,24.01,50.94,44.444925,26.127289
2022-02-24 08:00:00,2022-02-24 09:00:00,15.8,42.16,44.444925,26.127289
2022-02-24 09:00:00,2022-02-24 10:00:00,10.51,34.04,44.444925,26.127289
2022-02-24 10:00:00,2022-02-24 11:00:00,10.64,33.98,44.444925,26.127289
2022-02-24 11:00:00,2022-02-24 12:00:00,10.49,39.18,44.444925,26.127289
2022-02-24 12:00:00,2022-02-24 13:00:00,7.15,28.85,44.444925,26.127289
2022-02-24 13:00:00,2022-02-24 14:00:00,8.45,49.93,44.444925,26.127289
2022-02-24 14:00:00,2022-02-24 15:00:00,8.31,39.84,44.444925,26.127289
2022-02-24 16:00:00,2022-02-24 17:00:00,17.16,60.21,44.444925,26.127289
2022-02-24 17:00:00,2022-02-24 18:00:00,26.56,72.1,44.444925,26.127289
2022-02-24 18:00:00,2022-02-24 19:00:00,42.54,68.55,44.444925,26.127289
2022-02-24 19:00:00,2022-02-24 20:00:00,40.25,63.26,44.444925,26.127289
2022-02-24 20:00:00,2022-02-24 21:00:00,40.16,57.3,44.444925,26.127289
2022-02-24 21:00:00,2022-02-24 22:00:00,31.82,53.36,44.444925,26.127289
2022-02-24 22:00:00,2022-02-24 23:00:00,44.27,51.62,44.444925,26.127289
2022-02-24 23:00:00,2022-02-25 00:00:00,34.85,44.31,44.444925,26.127289
2022-02-25 00:00:00,2022-02-25 01:00:00,35.55,36.25,44.444925,26.127289
2022-02-25 01:00:00,2022-02-25 02:00:00,26.93,34.86,44.444925,26.127289
2022-02-25 02:00:00,2022-02-25 03:00:00,34.66,36.68,44.444925,26.127289
2022-02-25 03:00:00,2022-02-25 04:00:00,25.32,37.42,44.444925,26.127289
2022-02-25 04:00:00,2022-02-25 05:00:00,21.9,39.35,44.444925,26.127289
2022-02-25 05:00:00,2022-02-25 06:00:00,21.47,48.5,44.444925,26.127289
2022-02-25 06:00:00,2022-02-25 07:00:00,31.64,70.48,44.444925,26.127289
2022-02-25 07:00:00,2022-02-25 08:00:00,48.84,67.54,44.444925,26.127289
2022-02-25 08:00:00,2022-02-25 09:00:00,33.55,52.71,44.444925,26.127289
2022-02-25 09:00:00,2022-02-25 10:00:00,24.2,28.28,44.444925,26.127289
2022-02-25 10:00:00,2022-02-25 11:00:00,25.08,19.83,44.444925,26.127289
2022-02-25 11:00:00,2022-02-25 12:00:00,22.67,17.59,44.444925,26.127289
2022-02-25 12:00:00,2022-02-25 13:00:00,17.34,17.93,44.444925,26.127289
2022-02-25 13:00:00,2022-02-25 14:00:00,15.07,18.11,44.444925,26.127289
2022-02-25 14:00:00,2022-02-25 15:00:00,13.09,21.85,44.444925,26.127289
2022-02-25 15:00:00,2022-02-25 16:00:00,15.98,22.46,44.444925,26.127289
2022-02-25 17:00:00,2022-02-25 18:00:00,29.58,46.55,44.444925,26.127289
2022-02-25 18:00:00,2022-02-25 19:00:00,33.58,57.23,44.444925,26.127289
2022-02-25 19:00:00,2022-02-25 20:00:00,34.37,56.53,44.444925,26.127289
2022-02-25 20:00:00,2022-02-25 21:00:00,40.85,63.58,44.444925,26.127289
2022-02-25 21:00:00,2022-02-25 22:00:00,41.1,67.67,44.444925,26.127289
2022-02-25 22:00:00,2022-02-25 23:00:00,49.09,67.19,44.444925,26.127289
2022-02-25 23:00:00,2022-02-26 00:00:00,55.35,66.05,44.444925,26.127289
2022-02-26 00:00:00,2022-02-26 01:00:00,49.41,65.21,44.444925,26.127289
2022-02-26 01:00:00,2022-02-26 02:00:00,28.19,46.27,44.444925,26.127289
2022-02-26 02:00:00,2022-02-26 03:00:00,29.88,37.42,44.444925,26.127289
2022-02-26 03:00:00,2022-02-26 04:00:00,20.67,21.91,44.444925,26.127289
2022-02-26 04:00:00,2022-02-26 05:00:00,22.09,18.23,44.444925,26.127289
2022-02-26 05:00:00,2022-02-26 06:00:00,24.61,23.95,44.444925,26.127289
2022-02-26 06:00:00,2022-02-26 07:00:00,28.66,36.69,44.444925,26.127289
2022-02-26 07:00:00,2022-02-26 08:00:00,29.55,37.29,44.444925,26.127289
2022-02-26 08:00:00,2022-02-26 09:00:00,29.87,36.11,44.444925,26.127289
2022-02-26 09:00:00,2022-02-26 10:00:00,24.01,29.72,44.444925,26.127289
2022-02-26 10:00:00,2022-02-26 11:00:00,18.93,23.61,44.444925,26.127289
2022-02-26 11:00:00,2022-02-26 12:00:00,15.92,30.8,44.444925,26.127289
2022-02-26 12:00:00,2022-02-26 13:00:00,14.02,32.64,44.444925,26.127289
2022-02-26 13:00:00,2022-02-26 14:00:00,11.05,34.23,44.444925,26.127289
2022-02-26 14:00:00,2022-02-26 15:00:00,12.68,28.05,44.444925,26.127289
2022-02-26 15:00:00,2022-02-26 16:00:00,15.7,30.24,44.444925,26.127289
2022-02-26 16:00:00,2022-02-26 17:00:00,16.99,40.55,44.444925,26.127289
2022-02-26 18:00:00,2022-02-26 19:00:00,20.57,43.2,44.444925,26.127289
2022-02-26 19:00:00,2022-02-26 20:00:00,19.97,39.76,44.444925,26.127289
2022-02-26 20:00:00,2022-02-26 21:00:00,18.17,37.17,44.444925,26.127289
2022-02-26 21:00:00,2022-02-26 22:00:00,18.99,40.39,44.444925,26.127289
2022-02-26 22:00:00,2022-02-26 23:00:00,15.95,32.19,44.444925,26.127289
2022-02-26 23:00:00,2022-02-27 00:00:00,12.23,22.91,44.444925,26.127289
2022-02-27 00:00:00,2022-02-27 01:00:00,10.86,19.77,44.444925,26.127289
2022-02-27 01:00:00,2022-02-27 02:00:00,11.35,13.3,44.444925,26.127289
2022-02-27 02:00:00,2022-02-27 03:00:00,11.49,11.11,44.444925,26.127289
2022-02-27 03:00:00,2022-02-27 04:00:00,12.89,11.72,44.444925,26.127289
2022-02-27 04:00:00,2022-02-27 05:00:00,12.94,13.53,44.444925,26.127289
2022-02-27 05:00:00,2022-02-27 06:00:00,12.79,16.22,44.444925,26.127289
2022-02-27 06:00:00,2022-02-27 07:00:00,12.15,17.55,44.444925,26.127289
2022-02-27 07:00:00,2022-02-27 08:00:00,13.31,18.27,44.444925,26.127289
2022-02-27 08:00:00,2022-02-27 09:00:00,14.38,22.73,44.444925,26.127289
2022-02-27 09:00:00,2022-02-27 10:00:00,15.31,23.29,44.444925,26.127289
2022-02-27 10:00:00,2022-02-27 11:00:00,14.99,27.46,44.444925,26.127289
2022-02-27 11:00:00,2022-02-27 12:00:00,13.4,27.76,44.444925,26.127289
2022-02-27 12:00:00,2022-02-27 13:00:00,11.82,30.32,44.444925,26.127289
2022-02-27 13:00:00,2022-02-27 14:00:00,12.67,37.32,44.444925,26.127289
2022-02-27 14:00:00,2022-02-27 15:00:00,13.99,43.27,44.444925,26.127289
2022-02-27 15:00:00,2022-02-27 16:00:00,14.28,32.55,44.444925,26.127289
2022-02-27 16:00:00,2022-02-27 17:00:00,13.44,33.78,44.444925,26.127289
2022-02-27 17:00:00,2022-02-27 18:00:00,16.24,37.93,44.444925,26.127289
2022-02-27 19:00:00,2022-02-27 20:00:00,15.75,41.99,44.444925,26.127289
2022-02-27 20:00:00,2022-02-27 21:00:00,17.44,31.58,44.444925,26.127289
2022-02-27 21:00:00,2022-02-27 22:00:00,18.95,26.93,44.444925,26.127289
2022-02-27 22:00:00,2022-02-27 23:00:00,14.77,18.73,44.444925,26.127289
2022-02-27 23:00:00,2022-02-28 00:00:00,15.16,14.87,44.444925,26.127289
2022-02-28 00:00:00,2022-02-28 01:00:00,17.17,14.52,44.444925,26.127289
2022-02-28 01:00:00,2022-02-28 02:00:00,16.48,11.44,44.444925,26.127289
2022-02-28 02:00:00,2022-02-28 03:00:00,15.73,10.09,44.444925,26.127289
2022-02-28 03:00:00,2022-02-28 04:00:00,13.76,12.49,44.444925,26.127289
2022-02-28 04:00:00,2022-02-28 05:00:00,12.83,13.61,44.444925,26.127289
2022-02-28 05:00:00,2022-02-28 06:00:00,13.82,27.0,44.444925,26.127289
2022-02-28 06:00:00,2022-02-28 07:00:00,16.88,44.48,44.444925,26.127289
2022-02-28 07:00:00,2022-02-28 08:00:00,17.43,45.63,44.444925,26.127289
2022-02-28 08:00:00,2022-02-28 09:00:00,20.28,44.6,44.444925,26.127289
2022-02-28 09:00:00,2022-02-28 10:00:00,22.07,49.03,44.444925,26.127289
2022-02-28 10:00:00,2022-02-28 11:00:00,20.96,41.67,44.444925,26.127289
2022-02-28 11:00:00,2022-02-28 12:00:00,22.32,45.18,44.444925,26.127289
2022-02-28 12:00:00,2022-02-28 13:00:00,22.39,51.8,44.444925,26.127289
2022-02-28 13:00:00,2022-02-28 14:00:00,20.6,45.98,44.444925,26.127289
2022-02-28 14:00:00,2022-02-28 15:00:00,24.94,49.25,44.444925,26.127289
2022-02-28 15:00:00,2022-02-28 16:00:00,23.77,49.87,44.444925,26.127289
2022-02-28 16:00:00,2022-02-28 17:00:00,25.95,51.99,44.444925,26.127289
2022-02-28 17:00:00,2022-02-28 18:00:00,21.99,52.51,44.444925,26.127289
2022-02-28 18:00:00,2022-02-28 19:00:00,21.09,35.87,44.444925,26.127289
2022-02-28 20:00:00,2022-02-28 21:00:00,24.7,39.96,44.444925,26.127289
2022-02-28 21:00:00,2022-02-28 22:00:00,26.03,34.11,44.444925,26.127289
2022-02-28 22:00:00,2022-02-28 23:00:00,21.14,24.78,44.444925,26.127289
2022-02-28 23:00:00,2022-03-01 00:00:00,22.57,31.23,44.444925,26.127289
2022-03-01 00:00:00,2022-03-01 01:00:00,22.02,25.33,44.444925,26.127289
2022-03-01 01:00:00,2022-03-01 02:00:00,17.43,20.78,44.444925,26.127289
2022-03-01 02:00:00,2022-03-01 03:00:00,15.02,18.16,44.444925,26.127289
2022-03-01 03:00:00,2022-03-01 04:00:00,15.66,18.21,44.444925,26.127289
2022-03-01 04:00:00,2022-03-01 05:00:00,16.06,26.11,44.444925,26.127289
2022-03-01 05:00:00,2022-03-01 06:00:00,13.01,36.93,44.444925,26.127289
2022-03-01 06:00:00,2022-03-01 07:00:00,13.25,40.78,44.444925,26.127289
2022-03-01 07:00:00,2022-03-01 08:00:00,14.95,52.62,44.444925,26.127289
2022-03-01 08:00:00,2022-03-01 09:00:00,15.86,54.26,44.444925,26.127289
2022-03-01 09:00:00,2022-03-01 10:00:00,18.9,54.96,44.444925,26.127289
2022-03-01 10:00:00,2022-03-01 11:00:00,14.24,40.98,44.444925,26.127289
2022-03-01 11:00:00,2022-03-01 12:00:00,14.49,35.66,44.444925,26.127289
2022-03-01 12:00:00,2022-03-01 13:00:00,15.48,43.57,44.444925,26.127289
2022-03-01 13:00:00,2022-03-01 14:00:00,18.87,63.62,44.444925,26.127289
2022-03-01 14:00:00,2022-03-01 15:00:00,27.37,69.74,44.444925,26.127289
2022-03-01 15:00:00,2022-03-01 16:00:00,24.74,52.6,44.444925,26.127289
2022-03-01 16:00:00,2022-03-01 17:00:00,23.18,53.91,44.444925,26.127289
2022-03-01 17:00:00,2022-03-01 18:00:00,23.91,51.11,44.444925,26.127289
2022-03-01 18:00:00,2022-03-01 19:00:00,26.28,49.05,44.444925,26.127289
2022-03-01 19:00:00,2022-03-01 20:00:00,25.16,48.36,44.444925,26.127289
2022-03-01 21:00:00,2022-03-01 22:00:00,12.11,38.58,44.444925,26.127289
2022-03-01 22:00:00,2022-03-01 23:00:00,10.66,26.99,44.444925,26.127289
2022-03-01 23:00:00,2022-03-02 00:00:00,9.0,21.52,44.444925,26.127289
2022-03-02 00:00:00,2022-03-02 01:00:00,6.0,14.38,44.444925,26.127289
2022-03-02 01:00:00,2022-03-02 02:00:00,7.37,14.27,44.444925,26.127289
2022-03-02 02:00:00,2022-03-02 03:00:00,10.61,16.78,44.444925,26.127289
2022-03-02 03:00:00,2022-03-02 04:00:00,12.36,20.69,44.444925,26.127289
2022-03-02 04:00:00,2022-03-02 05:00:00,13.55,19.88,44.444925,26.127289
2022-03-02 05:00:00,2022-03-02 06:00:00,12.79,29.66,44.444925,26.127289
2022-03-02 06:00:00,2022-03-02 07:00:00,16.37,43.52,44.444925,26.127289
2022-03-02 07:00:00,2022-03-02 08:00:00,20.04,41.87,44.444925,26.127289
2022-03-02 08:00:00,2022-03-02 09:00:00,22.68,33.28,44.444925,26.127289
2022-03-02 09:00:00,2022-03-02 10:00:00,23.87,32.35,44.444925,26.127289
2022-03-02 10:00:00,2022-03-02 11:00:00,25.77,33.19,44.444925,26.127289
2022-03-02 11:00:00,2022-03-02 12:00:00,23.82,28.89,44.444925,26.127289
2022-03-02 12:00:00,2022-03-02 13:00:00,16.26,22.23,44.444925,26.127289
2022-03-02 13:00:00,2022-03-02 14:00:00,10.93,24.48,44.444925,26.127289
2022-03-02 14:00:00,2022-03-02 15:00:00,14.05,25.49,44.444925,26.127289
2022-03-02 15:00:00,2022-03-02 16:00:00,12.86,34.42,44.444925,26.127289
2022-03-02 16:00:00,2022-03-02 17:00:00,12.97,57.93,44.444925,26.127289
2022-03-02 17:00:00,2022-03-02 18:00:00,17.82,65.99,44.444925,26.127289
2022-03-02 18:00:00,2022-03-02 19:00:00,23.3,65.57,44.444925,26.127289
2022-03-02 19:00:00,2022-03-02 20:00:00,31.94,63.88,44.444925,26.127289
2022-03-02 20:00:00,2022-03-02 21:00:00,28.96,61.98,44.444925,26.127289
2022-03-02 22:00:00,2022-03-02 23:00:00,33.52,42.56,44.444925,26.127289
2022-03-02 23:00:00,2022-03-03 00:00:00,19.05,27.63,44.444925,26.127289
2022-03-03 00:00:00,2022-03-03 01:00:00,10.34,18.91,44.444925,26.127289
2022-03-03 01:00:00,2022-03-03 02:00:00,17.76,15.64,44.444925,26.127289
2022-03-03 02:00:00,2022-03-03 03:00:00,8.55,14.4,44.444925,26.127289
2022-03-03 03:00:00,2022-03-03 04:00:00,12.23,14.42,44.444925,26.127289
2022-03-03 04:00:00,2022-03-03 05:00:00,16.9,19.47,44.444925,26.127289
2022-03-03 05:00:00,2022-03-03 06:00:00,20.46,31.15,44.444925,26.127289
2022-03-03 06:00:00,2022-03-03 07:00:00,24.29,50.24,44.444925,26.127289
2022-03-03 07:00:00,2022-03-03 08:00:00,31.33,53.13,44.444925,26.127289
2022-03-03 08:00:00,2022-03-03 09:00:00,29.0,47.7,44.444925,26.127289
2022-03-03 09:00:00,2022-03-03 10:00:00,34.14,50.32,44.444925,26.127289
2022-03-03 10:00:00,2022-03-03 11:00:00,48.09,59.67,44.444925,26.127289
2022-03-03 11:00:00,2022-03-03 12:00:00,50.26,55.23,44.444925,26.127289
2022-03-03 12:00:00,2022-03-03 13:00:00,42.76,53.58,44.444925,26.127289
2022-03-03 13:00:00,2022-03-03 14:00:00,31.44,39.99,44.444925,26.127289
2022-03-03 14:00:00,2022-03-03 15:00:00,24.99,32.22,44.444925,26.127289
2022-03-03 15:00:00,2022-03-03 16:00:00,18.19,44.09,44.444925,26.127289
2022-03-03 16:00:00,2022-03-03 17:00:00,19.7,58.9,44.444925,26.127289
2022-03-03 17:00:00,2022-03-03 18:00:00,28.45,81.53,44.444925,26.127289
2022-03-03 18:00:00,2022-03-03 19:00:00,31.7,82.09,44.444925,26.127289
2022-03-03 19:00:00,2022-03-03 20:00:00,41.09,68.86,44.444925,26.127289
2022-03-03 20:00:00,2022-03-03 21:00:00,41.21,65.08,44.444925,26.127289
2022-03-03 21:00:00,2022-03-03 22:00:00,40.25,57.54,44.444925,26.127289
2022-03-03 23:00:00,2022-03-04 00:00:00,23.28,22.54,44.444925,26.127289
2022-03-04 00:00:00,2022-03-04 01:00:00,21.86,21.85,44.444925,26.127289
2022-03-04 01:00:00,2022-03-04 02:00:00,22.02,24.04,44.444925,26.127289
2022-03-04 02:00:00,2022-03-04 03:00:00,23.37,20.65,44.444925,26.127289
2022-03-04 03:00:00,2022-03-04 04:00:00,22.66,16.88,44.444925,26.127289
2022-03-04 04:00:00,2022-03-04 05:00:00,22.44,21.15,44.444925,26.127289
2022-03-04 05:00:00,2022-03-04 06:00:00,24.48,30.42,44.444925,26.127289
2022-03-04 06:00:00,2022-03-04 07:00:00,26.56,42.06,44.444925,26.127289
2022-03-04 07:00:00,2022-03-04 08:00:00,29.38,49.45,44.444925,26.127289
2022-03-04 08:00:00,2022-03-04 09:00:00,32.1,39.93,44.444925,26.127289
2022-03-04 09:00:00,2022-03-04 10:00:00,32.5,35.97,44.444925,26.127289
2022-03-04 10:00:00,2022-03-04 11:00:00,29.41,35.21,44.444925,26.127289
2022-03-04 11:00:00,2022-03-04 12:00:00,31.3,39.69,44.444925,26.127289
2022-03-04 12:00:00,2022-03-04 13:00:00,27.74,39.74,44.444925,26.127289
2022-03-04 13:00:00,2022-03-04 14:00:00,26.76,48.71,44.444925,26.127289
2022-03-04 14:00:00,2022-03-04 15:00:00,26.78,46.61,44.444925,26.127289
2022-03-04 15:00:00,2022-03-04 16:00:00,26.48,54.48,44.444925,26.127289
2022-03-04 16:00:00,2022-03-04 17:00:00,24.85,56.35,44.444925,26.127289
2022-03-04 17:00:00,2022-03-04 18:00:00,26.76,69.02,44.444925,26.127289
2022-03-04 18:00:00,2022-03-04 19:00:00,33.9,74.31,44.444925,26.127289
2022-03-04 19:00:00,2022-03-04 20:00:00,35.66,67.67,44.444925,26.127289
2022-03-04 20:00:00,2022-03-04 21:00:00,31.77,57.74,44.444925,26.127289
2022-03-04 21:00:00,2022-03-04 22:00:00,33.29,60.42,44.444925,26.127289
2022-03-04 22:00:00,2022-03-04 23:00:00,36.68,53.32,44.444925,26.127289
2022-03-05 00:00:00,2022-03-05 01:00:00,40.19,28.48,44.444925,26.127289
2022-03-05 01:00:00,2022-03-05 02:00:00,28.58,20.29,44.444925,26.127289
2022-03-05 02:00:00,2022-03-05 03:00:00,26.74,17.73,44.444925,26.127289
2022-03-05 03:00:00,2022-03-05 04:00:00,26.91,16.2,44.444925,26.127289
2022-03-05 04:00:00,2022-03-05 05:00:00,30.31,22.28,44.444925,26.127289
2022-03-05 05:00:00,2022-03-05 06:00:00,34.62,27.76,44.444925,26.127289
2022-03-05 06:00:00,2022-03-05 07:00:00,35.19,31.25,44.444925,26.127289
2022-03-05 07:00:00,2022-03-05 08:00:00,39.39,32.38,44.444925,26.127289
2022-03-05 08:00:00,2022-03-05 09:00:00,40.96,31.19,44.444925,26.127289
2022-03-05 09:00:00,2022-03-05 10:00:00,44.16,32.57,44.444925,26.127289
2022-03-05 10:00:00,2022-03-05 11:00:00,39.87,39.09,44.444925,26.127289
2022-03-05 11:00:00,2022-03-05 12:00:00,32.81,33.51,44.444925,26.127289
2022-03-05 12:00:00,2022-03-05 13:00:00,28.55,36.49,44.444925,26.127289
2022-03-05 13:00:00,2022-03-05 14:00:00,32.04,39.99,44.444925,26.127289
2022-03-05 14:00:00,2022-03-05 15:00:00,31.91,46.89,44.444925,26.127289
2022-03-05 15:00:00,2022-03-05 16:00:00,32.54,49.33,44.444925,26.127289
2022-03-05 16:00:00,2022-03-05 17:00:00,31.95,49.73,44.444925,26.127289
2022-03-05 17:00:00,2022-03-05 18:00:00,34.03,54.02,44.444925,26.127289
2022-03-05 18:00:00,2022-03-05 19:00:00,41.1,62.32,44.444925,26.127289
2022-03-05 19:00:00,2022-03-05 20:00:00,45.08,59.86,44.444925,26.127289
2022-03-05 20:00:00,2022-03-05 21:00:00,45.35,56.66,44.444925,26.127289
2022-03-05 21:00:00,2022-03-05 22:00:00,41.8,53.12,44.444925,26.127289
2022-03-05 22:00:00,2022-03-05 23:00:00,20.66,30.41,44.444925,26.127289
2022-03-05 23:00:00,2022-03-06 00:00:00,14.46,31.61,44.444925,26.127289
2022-03-06 01:00:00,2022-03-06 02:00:00,12.09,18.99,44.444925,26.127289
2022-03-06 02:00:00,2022-03-06 03:00:00,11.83,16.41,44.444925,26.127289
2022-03-06 03:00:00,2022-03-06 04:00:00,12.81,16.58,44.444925,26.127289
2022-03-06 04:00:00,2022-03-06 05:00:00,13.43,16.82,44.444925,26.127289
2022-03-06 05:00:00,2022-03-06 06:00:00,13.55,16.67,44.444925,26.127289
2022-03-06 06:00:00,2022-03-06 07:00:00,13.46,16.17,44.444925,26.127289
2022-03-06 07:00:00,2022-03-06 08:00:00,13.9,19.83,44.444925,26.127289
2022-03-06 08:00:00,2022-03-06 09:00:00,12.48,22.9,44.444925,26.127289
2022-03-06 09:00:00,2022-03-06 10:00:00,9.2,25.16,44.444925,26.127289
2022-03-06 10:00:00,2022-03-06 11:00:00,8.8,25.35,44.444925,26.127289
2022-03-06 11:00:00,2022-03-06 12:00:00,9.88,30.02,44.444925,26.127289
2022-03-06 12:00:00,2022-03-06 13:00:00,10.41,31.28,44.444925,26.127289
2022-03-06 13:00:00,2022-03-06 14:00:00,11.23,29.56,44.444925,26.127289
2022-03-06 14:00:00,2022-03-06 15:00:00,12.59,34.3,44.444925,26.127289
2022-03-06 15:00:00,2022-03-06 16:00:00,12.4,33.72,44.444925,26.127289
2022-03-06 16:00:00,2022-03-06 17:00:00,13.15,37.61,44.444925,26.127289
2022-03-06 17:00:00,2022-03-06 18:00:00,15.85,45.36,44.444925,26.127289
2022-03-06 18:00:00,2022-03-06 19:00:00,20.64,41.92,44.444925,26.127289
2022-03-06 19:00:00,2022-03-06 20:00:00,28.62,38.62,44.444925,26.127289
2022-03-06 20:00:00,2022-03-06 21:00:00,35.24,34.45,44.444925,26.127289
2022-03-06 21:00:00,2022-03-06 22:00:00,42.2,39.76,44.444925,26.127289
2022-03-06 22:00:00,2022-03-06 23:00:00,42.92,33.61,44.444925,26.127289
2022-03-06 23:00:00,2022-03-07 00:00:00,39.03,27.55,44.444925,26.127289
2022-03-07 00:00:00,2022-03-07 01:00:00,45.8,21.25,44.444925,26.127289
2022-03-07 02:00:00,2022-03-07 03:00:00,13.34,14.47,44.444925,26.127289
2022-03-07 03:00:00,2022-03-07 04:00:00,13.09,15.18,44.444925,26.127289
2022-03-07 04:00:00,2022-03-07 05:00:00,13.11,23.0,44.444925,26.127289
2022-03-07 05:00:00,2022-03-07 06:00:00,14.88,40.43,44.444925,26.127289
2022-03-07 06:00:00,2022-03-07 07:00:00,17.64,53.1,44.444925,26.127289
2022-03-07 07:00:00,2022-03-07 08:00:00,18.91,53.3,44.444925,26.127289
2022-03-07 08:00:00,2022-03-07 09:00:00,18.78,51.35,44.444925,26.127289
2022-03-07 09:00:00,2022-03-07 10:00:00,14.88,43.53,44.444925,26.127289
2022-03-07 10:00:00,2022-03-07 11:00:00,18.14,35.53,44.444925,26.127289
2022-03-07 11:00:00,2022-03-07 12:00:00,16.4,37.15,44.444925,26.127289
2022-03-07 12:00:00,2022-03-07 13:00:00,17.66,33.48,44.444925,26.127289
2022-03-07 13:00:00,2022-03-07 14:00:00,20.1,42.21,44.444925,26.127289
2022-03-07 14:00:00,2022-03-07 15:00:00,16.19,24.89,44.444925,26.127289
2022-03-07 15:00:00,2022-03-07 16:00:00,17.09,26.56,44.444925,26.127289
2022-03-07 16:00:00,2022-03-07 17:00:00,19.03,28.02,44.444925,26.127289
2022-03-07 17:00:00,2022-03-07 18:00:00,19.98,30.5,44.444925,26.127289
2022-03-07 18:00:00,2022-03-07 19:00:00,23.95,33.71,44.444925,26.127289
2022-03-07 19:00:00,2022-03-07 20:00:00,23.36,33.39,44.444925,26.127289
2022-03-07 20:00:00,2022-03-07 21:00:00,20.81,26.88,44.444925,26.127289
2022-03-07 21:00:00,2022-03-07 22:00:00,20.1,22.88,44.444925,26.127289
2022-03-07 22:00:00,2022-03-07 23:00:00,17.34,18.09,44.444925,26.127289
2022-03-07 23:00:00,2022-03-08 00:00:00,22.61,13.58,44.444925,26.127289
2022-03-08 00:00:00,2022-03-08 01:00:00,29.51,12.16,44.444925,26.127289
2022-03-08 01:00:00,2022-03-08 02:00:00,26.5,11.83,44.444925,26.127289
2022-03-08 03:00:00,2022-03-08 04:00:00,21.53,12.08,44.444925,26.127289
2022-03-08 04:00:00,2022-03-08 05:00:00,25.92,15.65,44.444925,26.127289
2022-03-08 05:00:00,2022-03-08 06:00:00,25.29,27.98,44.444925,26.127289
2022-03-08 06:00:00,2022-03-08 07:00:00,26.53,50.46,44.444925,26.127289
2022-03-08 07:00:00,2022-03-08 08:00:00,31.19,57.67,44.444925,26.127289
2022-03-08 08:00:00,2022-03-08 09:00:00,28.17,49.64,44.444925,26.127289
2022-03-08 09:00:00,2022-03-08 10:00:00,23.45,53.44,44.444925,26.127289
2022-03-08 10:00:00,2022-03-08 11:00:00,24.5,44.0,44.444925,26.127289
2022-03-08 11:00:00,2022-03-08 12:00:00,20.71,43.63,44.444925,26.127289
2022-03-08 12:00:00,2022-03-08 13:00:00,20.02,33.72,44.444925,26.127289
2022-03-08 13:00:00,2022-03-08 14:00:00,18.57,33.23,44.444925,26.127289
2022-03-08 14:00:00,2022-03-08 15:00:00,19.02,45.63,44.444925,26.127289
2022-03-08 15:00:00,2022-03-08 16:00:00,29.62,38.05,44.444925,26.127289
2022-03-08 16:00:00,2022-03-08 17:00:00,29.87,36.84,44.444925,26.127289
2022-03-08 17:00:00,2022-03-08 18:00:00,29.68,37.5,44.444925,26.127289
2022-03-08 18:00:00,2022-03-08 19:00:00,31.42,46.74,44.444925,26.127289
2022-03-08 19:00:00,2022-03-08 20:00:00,37.81,39.8,44.444925,26.127289
2022-03-08 20:00:00,2022-03-08 21:00:00,32.91,37.91,44.444925,26.127289
2022-03-08 21:00:00,2022-03-08 22:00:00,30.83,47.55,44.444925,26.127289
2022-03-08 22:00:00,2022-03-08 23:00:00,31.48,46.95,44.444925,26.127289
2022-03-08 23:00:00,2022-03-09 00:00:00,32.56,47.83,44.444925,26.127289
2022-03-09 00:00:00,2022-03-09 01:00:00,37.17,53.48,44.444925,26.127289
2022-03-09 01:00:00,2022-03-09 02:00:00,38.14,43.75,44.444925,26.127289
2022-03-09 02:00:00,2022-03-09 03:00:00,35.83,27.51,44.444925,26.127289
2022-03-09 04:00:00,2022-03-09 05:00:00,34.26,42.89,44.444925,26.127289
2022-03-09 05:00:00,2022-03-09 06:00:00,35.81,46.4,44.444925,26.127289
2022-03-09 06:00:00,2022-03-09 07:00:00,13.56,51.86,44.444925,26.127289
2022-03-09 07:00:00,2022-03-09 08:00:00,9.74,59.18,44.444925,26.127289
2022-03-09 08:00:00,2022-03-09 09:00:00,7.72,54.58,44.444925,26.127289
2022-03-09 09:00:00,2022-03-09 10:00:00,7.01,49.8,44.444925,26.127289
2022-03-09 10:00:00,2022-03-09 11:00:00,8.12,55.63,44.444925,26.127289
2022-03-09 11:00:00,2022-03-09 12:00:00,8.61,52.1,44.444925,26.127289
2022-03-09 12:00:00,2022-03-09 13:00:00,8.02,58.52,44.444925,26.127289
2022-03-09 13:00:00,2022-03-09 14:00:00,8.93,51.39,44.444925,26.127289
2022-03-09 14:00:00,2022-03-09 15:00:00,12.55,44.82,44.444925,26.127289
2022-03-09 15:00:00,2022-03-09 16:00:00,12.12,49.56,44.444925,26.127289
2022-03-09 16:00:00,2022-03-09 17:00:00,11.17,52.41,44.444925,26.127289
2022-03-09 17:00:00,2022-03-09 18:00:00,14.33,56.11,44.444925,26.127289
2022-03-09 18:00:00,2022-03-09 19:00:00,18.54,54.61,44.444925,26.127289
2022-03-09 19:00:00,2022-03-09 20:00:00,18.59,59.68,44.444925,26.127289
2022-03-09 20:00:00,2022-03-09 21:00:00,24.66,62.51,44.444925,26.127289
2022-03-09 21:00:00,2022-03-09 22:00:00,25.8,53.07,44.444925,26.127289
2022-03-09 22:00:00,2022-03-09 23:00:00,21.36,48.16,44.444925,26.127289
2022-03-09 23:00:00,2022-03-10 00:00:00,19.66,40.94,44.444925,26.127289
2022-03-10 00:00:00,2022-03-10 01:00:00,26.94,31.57,44.444925,26.127289
2022-03-10 01:00:00,2022-03-10 02:00:00,31.4,33.93,44.444925,26.127289
2022-03-10 02:00:00,2022-03-10 03:00:00,28.15,32.62,44.444925,26.127289
2022-03-10 03:00:00,2022-03-10 04:00:00,28.05,25.63,44.444925,26.127289
2022-03-10 05:00:00,2022-03-10 06:00:00,26.3,42.83,44.444925,26.127289
2022-03-10 06:00:00,2022-03-10 07:00:00,24.13,54.5,44.444925,26.127289
2022-03-10 07:00:00,2022-03-10 08:00:00,22.11,52.44,44.444925,26.127289
2022-03-10 08:00:00,2022-03-10 09:00:00,20.65,45.73,44.444925,26.127289
2022-03-10 09:00:00,2022-03-10 10:00:00,20.75,41.56,44.444925,26.127289
2022-03-10 10:00:00,2022-03-10 11:00:00,21.79,47.59,44.444925,26.127289
2022-03-10 11:00:00,2022-03-10 12:00:00,22.07,40.95,44.444925,26.127289
2022-03-10 12:00:00,2022-03-10 13:00:00,19.95,37.73,44.444925,26.127289
2022-03-10 13:00:00,2022-03-10 14:00:00,19.03,47.44,44.444925,26.127289
2022-03-10 14:00:00,2022-03-10 15:00:00,20.57,44.93,44.444925,26.127289
2022-03-10 15:00:00,2022-03-10 16:00:00,19.71,52.56,44.444925,26.127289
2022-03-10 16:00:00,2022-03-10 17:00:00,23.77,54.24,44.444925,26.127289
2022-03-10 17:00:00,2022-03-10 18:00:00,19.87,57.51,44.444925,26.127289
2022-03-10 18:00:00,2022-03-10 19:00:00,21.9,53.42,44.444925,26.127289
2022-03-10 19:00:00,2022-03-10 20:00:00,22.55,53.19,44.444925,26.127289
2022-03-10 20:00:00,2022-03-10 21:00:00,22.8,47.81,44.444925,26.127289
2022-03-10 21:00:00,2022-03-10 22:00:00,20.18,45.99,44.444925,26.127289
2022-03-10 22:00:00,2022-03-10 23:00:00,18.04,29.06,44.444925,26.127289
2022-03-10 23:00:00,2022-03-11 00:00:00,15.47,28.53,44.444925,26.127289
2022-03-11 00:00:00,2022-03-11 01:00:00,9.45,23.45,44.444925,26.127289
2022-03-11 01:00:00,2022-03-11 02:00:00,7.83,16.07,44.444925,26.127289
2022-03-11 02:00:00,2022-03-11 03:00:00,8.96,16.59,44.444925,26.127289
2022-03-11 03:00:00,2022-03-11 04:00:00,10.71,21.18,44.444925,26.127289
2022-03-11 04:00:00,2022-03-11 05:00:00,10.71,31.33,44.444925,26.127289
2022-03-11 06:00:00,2022-03-11 07:00:00,12.35,46.34,44.444925,26.127289
2022-03-11 07:00:00,2022-03-11 08:00:00,13.0,44.96,44.444925,26.127289
2022-03-11 08:00:00,2022-03-11 09:00:00,10.82,33.29,44.444925,26.127289
2022-03-11 09:00:00,2022-03-11 10:00:00,11.37,26.93,44.444925,26.127289
2022-03-11 10:00:00,2022-03-11 11:00:00,10.58,21.03,44.444925,26.127289
2022-03-11 11:00:00,2022-03-11 12:00:00,10.16,25.88,44.444925,26.127289
2022-03-11 12:00:00,2022-03-11 13:00:00,11.31,19.83,44.444925,26.127289
2022-03-11 13:00:00,2022-03-11 14:00:00,14.05,23.6,44.444925,26.127289
2022-03-11 14:00:00,2022-03-11 15:00:00,12.76,30.73,44.444925,26.127289
2022-03-11 15:00:00,2022-03-11 16:00:00,14.65,53.7,44.444925,26.127289
2022-03-11 16:00:00,2022-03-11 17:00:00,15.5,42.93,44.444925,26.127289
2022-03-11 17:00:00,2022-03-11 18:00:00,18.33,54.56,44.444925,26.127289
2022-03-11 18:00:00,2022-03-11 19:00:00,15.74,46.29,44.444925,26.127289
2022-03-11 19:00:00,2022-03-11 20:00:00,11.05,52.23,44.444925,26.127289
2022-03-11 20:00:00,2022-03-11 21:00:00,13.11,51.12,44.444925,26.127289
2022-03-11 21:00:00,2022-03-11 22:00:00,14.09,47.0,44.444925,26.127289
2022-03-11 22:00:00,2022-03-11 23:00:00,13.08,37.74,44.444925,26.127289
2022-03-11 23:00:00,2022-03-12 00:00:00,13.48,29.74,44.444925,26.127289
2022-03-12 00:00:00,2022-03-12 01:00:00,18.86,27.42,44.444925,26.127289
2022-03-12 01:00:00,2022-03-12 02:00:00,22.4,24.68,44.444925,26.127289
2022-03-12 02:00:00,2022-03-12 03:00:00,24.48,23.47,44.444925,26.127289
2022-03-12 03:00:00,2022-03-12 04:00:00,27.12,24.12,44.444925,26.127289
2022-03-12 04:00:00,2022-03-12 05:00:00,28.35,30.89,44.444925,26.127289
2022-03-12 05:00:00,2022-03-12 06:00:00,31.6,39.36,44.444925,26.127289
2022-03-12 07:00:00,2022-03-12 08:00:00,30.7,26.6,44.444925,26.127289
2022-03-12 08:00:00,2022-03-12 09:00:00,35.5,21.39,44.444925,26.127289
2022-03-12 09:00:00,2022-03-12 10:00:00,32.15,23.55,44.444925,26.127289
2022-03-12 10:00:00,2022-03-12 11:00:00,23.33,30.07,44.444925,26.127289
2022-03-12 11:00:00,2022-03-12 12:00:00,22.03,26.73,44.444925,26.127289
2022-03-12 12:00:00,2022-03-12 13:00:00,23.1,24.57,44.444925,26.127289
2022-03-12 13:00:00,2022-03-12 14:00:00,20.34,21.19,44.444925,26.127289
2022-03-12 14:00:00,2022-03-12 15:00:00,18.13,23.46,44.444925,26.127289
2022-03-12 15:00:00,2022-03-12 16:00:00,20.48,28.92,44.444925,26.127289
2022-03-12 16:00:00,2022-03-12 17:00:00,20.78,31.52,44.444925,26.127289
2022-03-12 17:00:00,2022-03-12 18:00:00,26.77,36.94,44.444925,26.127289
2022-03-12 18:00:00,2022-03-12 19:00:00,39.01,45.11,44.444925,26.127289
2022-03-12 19:00:00,2022-03-12 20:00:00,43.15,46.02,44.444925,26.127289
2022-03-12 20:00:00,2022-03-12 21:00:00,35.47,38.88,44.444925,26.127289
2022-03-12 21:00:00,2022-03-12 22:00:00,33.72,31.53,44.444925,26.127289
2022-03-12 22:00:00,2022-03-12 23:00:00,29.19,31.54,44.444925,26.127289
2022-03-12 23:00:00,2022-03-13 00:00:00,25.94,30.22,44.444925,26.127289
2022-03-13 00:00:00,2022-03-13 01:00:00,20.49,25.51,44.444925,26.127289
2022-03-13 01:00:00,2022-03-13 02:00:00,19.96,27.94,44.444925,26.127289
2022-03-13 02:00:00,2022-03-13 03:00:00,20.9,22.95,44.444925,26.127289
2022-03-13 03:00:00,2022-03-13 04:00:00,21.95,16.93,44.444925,26.127289
2022-03-13 04:00:00,2022-03-13 05:00:00,24.02,17.75,44.444925,26.127289
2022-03-13 05:00:00,2022-03-13 06:00:00,27.14,25.93,44.444925,26.127289
2022-03-13 06:00:00,2022-03-13 07:00:00,26.97,29.23,44.444925,26.127289
2022-03-13 08:00:00,2022-03-13 09:00:00,27.32,39.84,44.444925,26.127289
2022-03-13 09:00:00,2022-03-13 10:00:00,30.77,36.18,44.444925,26.127289
2022-03-13 10:00:00,2022-03-13 11:00:00,33.41,32.63,44.444925,26.127289
2022-03-13 11:00:00,2022-03-13 12:00:00,24.77,20.83,44.444925,26.127289
2022-03-13 12:00:00,2022-03-13 13:00:00,23.11,27.16,44.444925,26.127289
2022-03-13 13:00:00,2022-03-13 14:00:00,19.81,23.5,44.444925,26.127289
2022-03-13 14:00:00,2022-03-13 15:00:00,15.62,27.18,44.444925,26.127289
2022-03-13 15:00:00,2022-03-13 16:00:00,17.34,37.63,44.444925,26.127289
2022-03-13 16:00:00,2022-03-13 17:00:00,20.93,42.89,44.444925,26.127289
2022-03-13 17:00:00,2022-03-13 18:00:00,23.03,42.75,44.444925,26.127289
2022-03-13 18:00:00,2022-03-13 19:00:00,23.47,45.75,44.444925,26.127289
2022-03-13 19:00:00,2022-03-13 20:00:00,23.63,43.38,44.444925,26.127289
2022-03-13 20:00:00,2022-03-13 21:00:00,25.36,45.58,44.444925,26.127289
2022-03-13 21:00:00,2022-03-13 22:00:00,24.57,44.59,44.444925,26.127289
2022-03-13 22:00:00,2022-03-13 23:00:00,29.28,43.41,44.444925,26.127289
2022-03-13 23:00:00,2022-03-14 00:00:00,28.11,38.1,44.444925,26.127289
2022-03-14 00:00:00,2022-03-14 01:00:00,28.94,42.35,44.444925,26.127289
2022-03-14 01:00:00,2022-03-14 02:00:00,35.02,58.8,44.444925,26.127289
2022-03-14 02:00:00,2022-03-14 03:00:00,33.67,57.15,44.444925,26.127289
2022-03-14 03:00:00,2022-03-14 04:00:00,33.07,44.52,44.444925,26.127289
2022-03-14 04:00:00,2022-03-14 05:00:00,31.26,46.22,44.444925,26.127289
2022-03-14 05:00:00,2022-03-14 06:00:00,33.69,59.34,44.444925,26.127289
2022-03-14 06:00:00,2022-03-14 07:00:00,40.16,60.55,44.444925,26.127289
2022-03-14 07:00:00,2022-03-14 08:00:00,40.44,52.38,44.444925,26.127289
2022-03-14 09:00:00,2022-03-14 10:00:00,37.37,36.68,44.444925,26.127289
2022-03-14 10:00:00,2022-03-14 11:00:00,32.07,32.4,44.444925,26.127289
2022-03-14 11:00:00,2022-03-14 12:00:00,28.91,25.17,44.444925,26.127289
2022-03-14 12:00:00,2022-03-14 13:00:00,34.63,28.88,44.444925,26.127289
2022-03-14 13:00:00,2022-03-14 14:00:00,36.3,27.97,44.444925,26.127289
2022-03-14 14:00:00,2022-03-14 15:00:00,39.9,32.47,44.444925,26.127289
2022-03-14 15:00:00,2022-03-14 16:00:00,36.84,33.29,44.444925,26.127289
2022-03-14 16:00:00,2022-03-14 17:00:00,32.43,29.93,44.444925,26.127289
2022-03-14 17:00:00,2022-03-14 18:00:00,36.69,41.67,44.444925,26.127289
2022-03-14 18:00:00,2022-03-14 19:00:00,41.98,50.46,44.444925,26.127289
2022-03-14 19:00:00,2022-03-14 20:00:00,38.07,35.26,44.444925,26.127289
2022-03-14 20:00:00,2022-03-14 21:00:00,36.24,29.44,44.444925,26.127289
2022-03-14 21:00:00,2022-03-14 22:00:00,34.03,31.19,44.444925,26.127289
2022-03-14 22:00:00,2022-03-14 23:00:00,29.65,22.76,44.444925,26.127289
2022-03-14 23:00:00,2022-03-15 00:00:00,32.42,24.74,44.444925,26.127289
2022-03-15 00:00:00,2022-03-15 01:00:00,31.2,23.75,44.444925,26.127289
2022-03-15 01:00:00,2022-03-15 02:00:00,29.89,26.41,44.444925,26.127289
2022-03-15 02:00:00,2022-03-15 03:00:00,30.97,31.83,44.444925,26.127289
2022-03-15 03:00:00,2022-03-15 04:00:00,29.89,28.68,44.444925,26.127289
2022-03-15 04:00:00,2022-03-15 05:00:00,33.21,25.54,44.444925,26.127289
2022-03-15 05:00:00,2022-03-15 06:00:00,37.16,48.87,44.444925,26.127289
2022-03-15 06:00:00,2022-03-15 07:00:00,41.45,56.63,44.444925,26.127289
2022-03-15 07:00:00,2022-03-15 08:00:00,43.9,57.16,44.444925,26.127289
2022-03-15 08:00:00,2022-03-15 09:00:00,50.62,56.4,44.444925,26.127289
2022-03-15 10:00:00,2022-03-15 11:00:00,43.14,36.27,44.444925,26.127289
2022-03-15 11:00:00,2022-03-15 12:00:00,41.11,28.21,44.444925,26.127289
2022-03-15 12:00:00,2022-03-15 13:00:00,30.17,24.32,44.444925,26.127289
2022-03-15 13:00:00,2022-03-15 14:00:00,28.9,27.98,44.444925,26.127289
2022-03-15 14:00:00,2022-03-15 15:00:00,28.58,28.07,44.444925,26.127289
2022-03-15 15:00:00,2022-03-15 16:00:00,24.97,32.45,44.444925,26.127289
2022-03-15 16:00:00,2022-03-15 17:00:00,26.74,41.83,44.444925,26.127289
2022-03-15 17:00:00,2022-03-15 18:00:00,32.67,61.55,44.444925,26.127289
2022-03-15 18:00:00,2022-03-15 19:00:00,41.5,71.15,44.444925,26.127289
2022-03-15 19:00:00,2022-03-15 20:00:00,51.53,89.86,44.444925,26.127289
2022-03-15 20:00:00,2022-03-15 21:00:00,50.0,73.58,44.444925,26.127289
2022-03-15 21:00:00,2022-03-15 22:00:00,69.69,93.54,44.444925,26.127289
2022-03-15 22:00:00,2022-03-15 23:00:00,62.67,84.69,44.444925,26.127289
2022-03-15 23:00:00,2022-03-16 00:00:00,57.36,85.44,44.444925,26.127289
2022-03-16 00:00:00,2022-03-16 01:00:00,66.24,78.82,44.444925,26.127289
2022-03-16 01:00:00,2022-03-16 02:00:00,69.65,73.96,44.444925,26.127289
2022-03-16 02:00:00,2022-03-16 03:00:00,64.31,68.44,44.444925,26.127289
2022-03-16 03:00:00,2022-03-16 04:00:00,59.23,66.92,44.444925,26.127289
2022-03-16 04:00:00,2022-03-16 05:00:00,69.49,66.18,44.444925,26.127289
2022-03-16 05:00:00,2022-03-16 06:00:00,72.54,72.37,44.444925,26.127289
2022-03-16 06:00:00,2022-03-16 07:00:00,75.08,88.19,44.444925,26.127289
2022-03-16 07:00:00,2022-03-16 08:00:00,70.34,91.27,44.444925,26.127289
2022-03-16 08:00:00,2022-03-16 09:00:00,62.84,81.9,44.444925,26.127289
2022-03-16 09:00:00,2022-03-16 10:00:00,82.54,92.11,44.444925,26.127289
2022-03-16 11:00:00,2022-03-16 12:00:00,105.74,89.29,44.444925,26.127289
2022-03-16 12:00:00,2022-03-16 13:00:00,91.1,75.21,44.444925,26.127289
2022-03-16 13:00:00,2022-03-16 14:00:00,100.21,70.18,44.444925,26.127289
2022-03-16 14:00:00,2022-03-16 15:00:00,105.72,71.74,44.444925,26.127289
2022-03-16 15:00:00,2022-03-16 16:00:00,96.54,73.34,44.444925,26.127289
2022-03-16 16:00:00,2022-03-16 17:00:00,81.8,59.42,44.444925,26.127289
2022-03-16 17:00:00,2022-03-16 18:00:00,97.3,58.57,44.444925,26.127289
2022-03-16 18:00:00,2022-03-16 19:00:00,94.55,55.97,44.444925,26.127289
2022-03-16 19:00:00,2022-03-16 20:00:00,74.9,55.33,44.444925,26.127289
2022-03-16 20:00:00,2022-03-16 21:00:00,49.87,44.58,44.444925,26.127289
2022-03-16 21:00:00,2022-03-16 22:00:00,27.43,36.05,44.444925,26.127289
2022-03-16 22:00:00,2022-03-16 23:00:00,20.04,26.49,44.444925,26.127289
2022-03-16 23:00:00,2022-03-17 00:00:00,16.0,23.54,44.444925,26.127289
2022-03-17 00:00:00,2022-03-17 01:00:00,11.03,17.12,44.444925,26.127289
2022-03-17 01:00:00,2022-03-17 02:00:00,9.78,15.45,44.444925,26.127289
2022-03-17 02:00:00,2022-03-17 03:00:00,8.98,14.42,44.444925,26.127289
2022-03-17 03:00:00,2022-03-17 04:00:00,9.47,14.46,44.444925,26.127289
2022-03-17 04:00:00,2022-03-17 05:00:00,10.7,19.79,44.444925,26.127289
2022-03-17 05:00:00,2022-03-17 06:00:00,11.91,31.22,44.444925,26.127289
2022-03-17 06:00:00,2022-03-17 07:00:00,15.05,47.05,44.444925,26.127289
2022-03-17 07:00:00,2022-03-17 08:00:00,16.68,47.54,44.444925,26.127289
2022-03-17 08:00:00,2022-03-17 09:00:00,16.82,41.01,44.444925,26.127289
2022-03-17 09:00:00,2022-03-17 10:00:00,16.48,35.9,44.444925,26.127289
2022-03-17 10:00:00,2022-03-17 11:00:00,15.33,38.47,44.444925,26.127289
2022-03-17 12:00:00,2022-03-17 13:00:00,16.81,49.86,44.444925,26.127289
2022-03-17 13:00:00,2022-03-17 14:00:00,18.67,47.77,44.444925,26.127289
2022-03-17 14:00:00,2022-03-17 15:00:00,19.05,48.14,44.444925,26.127289
2022-03-17 15:00:00,2022-03-17 16:00:00,20.85,52.76,44.444925,26.127289
2022-03-17 16:00:00,2022-03-17 17:00:00,19.04,59.01,44.444925,26.127289
2022-03-17 17:00:00,2022-03-17 18:00:00,19.67,63.13,44.444925,26.127289
2022-03-17 18:00:00,2022-03-17 19:00:00,21.55,62.54,44.444925,26.127289
2022-03-17 19:00:00,2022-03-17 20:00:00,23.97,53.69,44.444925,26.127289
2022-03-17 20:00:00,2022-03-17 21:00:00,26.22,54.51,44.444925,26.127289
2022-03-17 21:00:00,2022-03-17 22:00:00,26.13,49.12,44.444925,26.127289
2022-03-17 22:00:00,2022-03-17 23:00:00,25.57,43.14,44.444925,26.127289
2022-03-17 23:00:00,2022-03-18 00:00:00,22.14,33.71,44.444925,26.127289
2022-03-18 00:00:00,2022-03-18 01:00:00,26.49,30.11,44.444925,26.127289
2022-03-18 01:00:00,2022-03-18 02:00:00,27.45,30.01,44.444925,26.127289
2022-03-18 02:00:00,2022-03-18 03:00:00,27.29,29.81,44.444925,26.127289
2022-03-18 03:00:00,2022-03-18 04:00:00,24.12,30.38,44.444925,26.127289
2022-03-18 04:00:00,2022-03-18 05:00:00,23.22,36.42,44.444925,26.127289
2022-03-18 05:00:00,2022-03-18 06:00:00,23.73,53.96,44.444925,26.127289
2022-03-18 06:00:00,2022-03-18 07:00:00,27.73,59.11,44.444925,26.127289
2022-03-18 07:00:00,2022-03-18 08:00:00,28.73,58.07,44.444925,26.127289
2022-03-18 08:00:00,2022-03-18 09:00:00,24.97,43.34,44.444925,26.127289
2022-03-18 09:00:00,2022-03-18 10:00:00,23.1,37.57,44.444925,26.127289
2022-03-18 10:00:00,2022-03-18 11:00:00,21.78,39.19,44.444925,26.127289
2022-03-18 11:00:00,2022-03-18 12:00:00,20.51,37.13,44.444925,26.127289
2022-03-18 13:00:00,2022-03-18 14:00:00,18.74,43.02,44.444925,26.127289
2022-03-18 14:00:00,2022-03-18 15:00:00,17.84,33.94,44.444925,26.127289
2022-03-18 15:00:00,2022-03-18 16:00:00,24.01,54.29,44.444925,26.127289
2022-03-18 16:00:00,2022-03-18 17:00:00,26.32,63.8,44.444925,26.127289
2022-03-18 17:00:00,2022-03-18 18:00:00,29.68,54.44,44.444925,26.127289
2022-03-18 18:00:00,2022-03-18 19:00:00,28.71,53.45,44.444925,26.127289
2022-03-18 19:00:00,2022-03-18 20:00:00,32.2,45.4,44.444925,26.127289
2022-03-18 20:00:00,2022-03-18 21:00:00,29.84,46.7,44.444925,26.127289
2022-03-18 21:00:00,2022-03-18 22:00:00,31.51,46.05,44.444925,26.127289
2022-03-18 22:00:00,2022-03-18 23:00:00,22.55,42.99,44.444925,26.127289
2022-03-18 23:00:00,2022-03-19 00:00:00,21.79,42.31,44.444925,26.127289
2022-03-19 00:00:00,2022-03-19 01:00:00,22.31,43.32,44.444925,26.127289
2022-03-19 01:00:00,2022-03-19 02:00:00,26.91,43.1,44.444925,26.127289
2022-03-19 02:00:00,2022-03-19 03:00:00,24.32,44.4,44.444925,26.127289
2022-03-19 03:00:00,2022-03-19 04:00:00,28.49,56.6,44.444925,26.127289
2022-03-19 04:00:00,2022-03-19 05:00:00,28.01,52.92,44.444925,26.127289
2022-03-19 05:00:00,2022-03-19 06:00:00,33.17,46.59,44.444925,26.127289
2022-03-19 06:00:00,2022-03-19 07:00:00,31.36,42.51,44.444925,26.127289
2022-03-19 07:00:00,2022-03-19 08:00:00,32.95,37.08,44.444925,26.127289
2022-03-19 08:00:00,2022-03-19 09:00:00,25.24,30.86,44.444925,26.127289
2022-03-19 09:00:00,2022-03-19 10:00:00,22.01,31.78,44.444925,26.127289
2022-03-19 10:00:00,2022-03-19 11:00:00,21.27,30.95,44.444925,26.127289
2022-03-19 11:00:00,2022-03-19 12:00:00,19.44,38.11,44.444925,26.127289
2022-03-19 12:00:00,2022-03-19 13:00:00,17.97,35.58,44.444925,26.127289
2022-03-19 14:00:00,2022-03-19 15:00:00,18.7,36.97,44.444925,26.127289
2022-03-19 15:00:00,2022-03-19 16:00:00,18.54,33.03,44.444925,26.127289
2022-03-19 16:00:00,2022-03-19 17:00:00,18.75,37.05,44.444925,26.127289
2022-03-19 17:00:00,2022-03-19 18:00:00,22.38,53.83,44.444925,26.127289
2022-03-19 18:00:00,2022-03-19 19:00:00,25.36,58.43,44.444925,26.127289
2022-03-19 19:00:00,2022-03-19 20:00:00,34.01,64.75,44.444925,26.127289
2022-03-19 20:00:00,2022-03-19 21:00:00,32.21,62.26,44.444925,26.127289
2022-03-19 21:00:00,2022-03-19 22:00:00,28.63,47.88,44.444925,26.127289
2022-03-19 22:00:00,2022-03-19 23:00:00,30.77,42.54,44.444925,26.127289
2022-03-19 23:00:00,2022-03-20 00:00:00,31.56,48.25,44.444925,26.127289
2022-03-20 00:00:00,2022-03-20 01:00:00,31.87,45.58,44.444925,26.127289
2022-03-20 01:00:00,2022-03-20 02:00:00,30.03,45.03,44.444925,26.127289
2022-03-20 02:00:00,2022-03-20 03:00:00,28.42,44.33,44.444925,26.127289
2022-03-20 03:00:00,2022-03-20 04:00:00,27.73,40.63,44.444925,26.127289
2022-03-20 04:00:00,2022-03-20 05:00:00,26.89,39.33,44.444925,26.127289
2022-03-20 05:00:00,2022-03-20 06:00:00,27.26,47.69,44.444925,26.127289
2022-03-20 06:00:00,2022-03-20 07:00:00,27.05,43.8,44.444925,26.127289
2022-03-20 07:00:00,2022-03-20 08:00:00,25.12,37.18,44.444925,26.127289
2022-03-20 08:00:00,2022-03-20 09:00:00,23.86,31.8,44.444925,26.127289
2022-03-20 09:00:00,2022-03-20 10:00:00,26.93,30.73,44.444925,26.127289
2022-03-20 10:00:00,2022-03-20 11:00:00,28.53,31.33,44.444925,26.127289
2022-03-20 11:00:00,2022-03-20 12:00:00,29.68,40.46,44.444925,26.127289
2022-03-20 12:00:00,2022-03-20 13:00:00,33.53,35.8,44.444925,26.127289
2022-03-20 13:00:00,2022-03-20 14:00:00,33.47,41.13,44.444925,26.127289
2022-03-20 15:00:00,2022-03-20 16:00:00,29.1,39.86,44.444925,26.127289
2022-03-20 16:00:00,2022-03-20 17:00:00,31.11,47.48,44.444925,26.127289
2022-03-20 17:00:00,2022-03-20 18:00:00,28.48,60.95,44.444925,26.127289
2022-03-20 18:00:00,2022-03-20 19:00:00,30.94,67.36,44.444925,26.127289
2022-03-20 19:00:00,2022-03-20 20:00:00,33.48,58.4,44.444925,26.127289
2022-03-20 20:00:00,2022-03-20 21:00:00,30.98,56.92,44.444925,26.127289
2022-03-20 21:00:00,2022-03-20 22:00:00,39.24,40.1,44.444925,26.127289
2022-03-20 22:00:00,2022-03-20 23:00:00,37.17,42.21,44.444925,26.127289
2022-03-20 23:00:00,2022-03-21 00:00:00,35.39,46.46,44.444925,26.127289
2022-03-21 00:00:00,2022-03-21 01:00:00,34.94,41.04,44.444925,26.127289
2022-03-21 01:00:00,2022-03-21 02:00:00,34.77,39.85,44.444925,26.127289
2022-03-21 02:00:00,2022-03-21 03:00:00,34.92,34.32,44.444925,26.127289
2022-03-21 03:00:00,2022-03-21 04:00:00,35.28,41.68,44.444925,26.127289
2022-03-21 04:00:00,2022-03-21 05:00:00,35.37,49.46,44.444925,26.127289
2022-03-21 05:00:00,2022-03-21 06:00:00,39.71,58.72,44.444925,26.127289
2022-03-21 06:00:00,2022-03-21 07:00:00,42.04,67.57,44.444925,26.127289
2022-03-21 07:00:00,2022-03-21 08:00:00,44.51,77.53,44.444925,26.127289
2022-03-21 08:00:00,2022-03-21 09:00:00,39.3,61.75,44.444925,26.127289
2022-03-21 09:00:00,2022-03-21 10:00:00,34.36,54.08,44.444925,26.127289
2022-03-21 10:00:00,2022-03-21 11:00:00,29.89,46.87,44.444925,26.127289
2022-03-21 11:00:00,2022-03-21 12:00:00,25.07,48.54,44.444925,26.127289
2022-03-21 12:00:00,2022-03-21 13:00:00,20.82,46.39,44.444925,26.127289
2022-03-21 13:00:00,2022-03-21 14:00:00,23.35,51.39,44.444925,26.127289
2022-03-21 14:00:00,2022-03-21 15:00:00,24.56,52.84,44.444925,26.127289
2022-03-21 16:00:00,2022-03-21 17:00:00,26.75,70.4,44.444925,26.127289
2022-03-21 17:00:00,2022-03-21 18:00:00,29.56,72.28,44.444925,26.127289
2022-03-21 18:00:00,2022-03-21 19:00:00,31.53,78.46,44.444925,26.127289
2022-03-21 19:00:00,2022-03-21 20:00:00,32.59,70.31,44.444925,26.127289
2022-03-21 20:00:00,2022-03-21 21:00:00,34.72,66.67,44.444925,26.127289
2022-03-21 21:00:00,2022-03-21 22:00:00,36.27,61.43,44.444925,26.127289
2022-03-21 22:00:00,2022-03-21 23:00:00,35.97,42.51,44.444925,26.127289
2022-03-21 23:00:00,2022-03-22 00:00:00,32.51,38.17,44.444925,26.127289
2022-03-22 00:00:00,2022-03-22 01:00:00,26.68,27.32,44.444925,26.127289
2022-03-22 01:00:00,2022-03-22 02:00:00,25.61,22.62,44.444925,26.127289
2022-03-22 02:00:00,2022-03-22 03:00:00,24.63,22.22,44.444925,26.127289
2022-03-22 03:00:00,2022-03-22 04:00:00,25.01,23.75,44.444925,26.127289
2022-03-22 04:00:00,2022-03-22 05:00:00,27.99,30.66,44.444925,26.127289
2022-03-22 05:00:00,2022-03-22 06:00:00,28.36,35.13,44.444925,26.127289
2022-03-22 06:00:00,2022-03-22 07:00:00,30.03,51.75,44.444925,26.127289
2022-03-22 07:00:00,2022-03-22 08:00:00,29.37,44.73,44.444925,26.127289
2022-03-22 08:00:00,2022-03-22 09:00:00,34.25,51.69,44.444925,26.127289
2022-03-22 09:00:00,2022-03-22 10:00:00,35.88,47.23,44.444925,26.127289
2022-03-22 10:00:00,2022-03-22 11:00:00,33.22,45.89,44.444925,26.127289
2022-03-22 11:00:00,2022-03-22 12:00:00,73.3,45.0,44.444925,26.127289
2022-03-22 12:00:00,2022-03-22 13:00:00,153.16,44.62,44.444925,26.127289
2022-03-22 13:00:00,2022-03-22 14:00:00,178.7,52.26,44.444925,26.127289
2022-03-22 14:00:00,2022-03-22 15:00:00,127.57,46.35,44.444925,26.127289
2022-03-22 15:00:00,2022-03-22 16:00:00,92.96,50.79,44.444925,26.127289
2022-03-22 17:00:00,2022-03-22 18:00:00,85.02,43.39,44.444925,26.127289
2022-03-22 18:00:00,2022-03-22 19:00:00,73.03,54.27,44.444925,26.127289
2022-03-22 19:00:00,2022-03-22 20:00:00,65.32,48.88,44.444925,26.127289
2022-03-22 20:00:00,2022-03-22 21:00:00,72.49,55.49,44.444925,26.127289
2022-03-22 21:00:00,2022-03-22 22:00:00,61.47,54.7,44.444925,26.127289
2022-03-22 22:00:00,2022-03-22 23:00:00,45.64,44.43,44.444925,26.127289
2022-03-22 23:00:00,2022-03-23 00:00:00,43.67,46.49,44.444925,26.127289
2022-03-23 00:00:00,2022-03-23 01:00:00,40.89,37.46,44.444925,26.127289
2022-03-23 01:00:00,2022-03-23 02:00:00,37.72,23.71,44.444925,26.127289
2022-03-23 02:00:00,2022-03-23 03:00:00,34.02,25.0,44.444925,26.127289
2022-03-23 03:00:00,2022-03-23 04:00:00,34.72,27.93,44.444925,26.127289
2022-03-23 04:00:00,2022-03-23 05:00:00,34.23,36.48,44.444925,26.127289
2022-03-23 05:00:00,2022-03-23 06:00:00,37.43,55.32,44.444925,26.127289
2022-03-23 06:00:00,2022-03-23 07:00:00,40.67,60.97,44.444925,26.127289
2022-03-23 07:00:00,2022-03-23 08:00:00,39.52,64.64,44.444925,26.127289
2022-03-23 08:00:00,2022-03-23 09:00:00,32.19,46.61,44.444925,26.127289
2022-03-23 09:00:00,2022-03-23 10:00:00,30.46,45.37,44.444925,26.127289
2022-03-23 10:00:00,2022-03-23 11:00:00,28.19,36.67,44.444925,26.127289
2022-03-23 11:00:00,2022-03-23 12:00:00,24.84,40.15,44.444925,26.127289
2022-03-23 12:00:00,2022-03-23 13:00:00,23.85,40.3,44.444925,26.127289
2022-03-23 13:00:00,2022-03-23 14:00:00,27.21,42.04,44.444925,26.127289
2022-03-23 14:00:00,2022-03-23 15:00:00,29.09,45.43,44.444925,26.127289
2022-03-23 15:00:00,2022-03-23 16:00:00,27.7,50.97,44.444925,26.127289
2022-03-23 16:00:00,2022-03-23 17:00:00,25.13,57.52,44.444925,26.127289
2022-03-23 18:00:00,2022-03-23 19:00:00,47.2,92.0,44.444925,26.127289
2022-03-23 19:00:00,2022-03-23 20:00:00,57.02,89.38,44.444925,26.127289
2022-03-23 20:00:00,2022-03-23 21:00:00,53.78,84.68,44.444925,26.127289
2022-03-23 21:00:00,2022-03-23 22:00:00,67.43,88.84,44.444925,26.127289
2022-03-23 22:00:00,2022-03-23 23:00:00,86.18,83.75,44.444925,26.127289
2022-03-23 23:00:00,2022-03-24 00:00:00,56.44,69.74,44.444925,26.127289
2022-03-24 00:00:00,2022-03-24 01:00:00,46.38,63.08,44.444925,26.127289
2022-03-24 01:00:00,2022-03-24 02:00:00,57.47,53.26,44.444925,26.127289
2022-03-24 02:00:00,2022-03-24 03:00:00,53.49,28.31,44.444925,26.127289
2022-03-24 03:00:00,2022-03-24 04:00:00,46.97,20.61,44.444925,26.127289
2022-03-24 04:00:00,2022-03-24 05:00:00,48.83,25.58,44.444925,26.127289
2022-03-24 05:00:00,2022-03-24 06:00:00,49.83,36.44,44.444925,26.127289
2022-03-24 06:00:00,2022-03-24 07:00:00,56.75,61.77,44.444925,26.127289
2022-03-24 07:00:00,2022-03-24 08:00:00,65.52,84.1,44.444925,26.127289
2022-03-24 08:00:00,2022-03-24 09:00:00,48.22,58.46,44.444925,26.127289
2022-03-24 09:00:00,2022-03-24 10:00:00,40.56,47.08,44.444925,26.127289
2022-03-24 10:00:00,2022-03-24 11:00:00,31.97,46.17,44.444925,26.127289
2022-03-24 11:00:00,2022-03-24 12:00:00,22.6,31.04,44.444925,26.127289
2022-03-24 12:00:00,2022-03-24 13:00:00,22.82,26.35,44.444925,26.127289
2022-03-24 13:00:00,2022-03-24 14:00:00,26.46,24.43,44.444925,26.127289
2022-03-24 14:00:00,2022-03-24 15:00:00,23.17,23.83,44.444925,26.127289
2022-03-24 15:00:00,2022-03-24 16:00:00,25.29,30.26,44.444925,26.127289
2022-03-24 16:00:00,2022-03-24 17:00:00,27.2,34.35,44.444925,26.127289
2022-03-24 17:00:00,2022-03-24 18:00:00,32.71,46.39,44.444925,26.127289
2022-03-24 19:00:00,2022-03-24 20:00:00,59.09,85.22,44.444925,26.127289
2022-03-24 20:00:00,2022-03-24 21:00:00,61.26,41.69,44.444925,26.127289
2022-03-24 21:00:00,2022-03-24 22:00:00,47.13,43.05,44.444925,26.127289
2022-03-24 22:00:00,2022-03-24 23:00:00,38.12,32.42,44.444925,26.127289
2022-03-24 23:00:00,2022-03-25 00:00:00,33.1,27.11,44.444925,26.127289
2022-03-25 00:00:00,2022-03-25 01:00:00,29.0,17.8,44.444925,26.127289
2022-03-25 01:00:00,2022-03-25 02:00:00,25.13,16.59,44.444925,26.127289
2022-03-25 02:00:00,2022-03-25 03:00:00,23.01,16.3,44.444925,26.127289
2022-03-25 03:00:00,2022-03-25 04:00:00,24.72,16.98,44.444925,26.127289
2022-03-25 04:00:00,2022-03-25 05:00:00,25.66,24.24,44.444925,26.127289
2022-03-25 05:00:00,2022-03-25 06:00:00,29.14,50.61,44.444925,26.127289
2022-03-25 06:00:00,2022-03-25 07:00:00,34.46,65.39,44.444925,26.127289
2022-03-25 07:00:00,2022-03-25 08:00:00,38.62,50.23,44.444925,26.127289
2022-03-25 08:00:00,2022-03-25 09:00:00,43.11,43.73,44.444925,26.127289
2022-03-25 09:00:00,2022-03-25 10:00:00,45.02,39.36,44.444925,26.127289
2022-03-25 10:00:00,2022-03-25 11:00:00,39.98,24.53,44.444925,26.127289
2022-03-25 11:00:00,2022-03-25 12:00:00,34.46,21.94,44.444925,26.127289
2022-03-25 12:00:00,2022-03-25 13:00:00,30.35,18.72,44.444925,26.127289
2022-03-25 13:00:00,2022-03-25 14:00:00,31.3,33.56,44.444925,26.127289
2022-03-25 14:00:00,2022-03-25 15:00:00,49.49,47.55,44.444925,26.127289
2022-03-25 15:00:00,2022-03-25 16:00:00,24.01,57.34,44.444925,26.127289
2022-03-25 16:00:00,2022-03-25 17:00:00,44.96,57.68,44.444925,26.127289
2022-03-25 17:00:00,2022-03-25 18:00:00,47.37,72.92,44.444925,26.127289
2022-03-25 18:00:00,2022-03-25 19:00:00,48.33,65.05,44.444925,26.127289
2022-03-25 20:00:00,2022-03-25 21:00:00,36.45,49.28,44.444925,26.127289
2022-03-25 21:00:00,2022-03-25 22:00:00,32.84,51.78,44.444925,26.127289
2022-03-25 22:00:00,2022-03-25 23:00:00,35.25,57.93,44.444925,26.127289
2022-03-25 23:00:00,2022-03-26 00:00:00,36.9,45.13,44.444925,26.127289
2022-03-26 00:00:00,2022-03-26 01:00:00,51.1,34.36,44.444925,26.127289
2022-03-26 01:00:00,2022-03-26 02:00:00,50.28,21.49,44.444925,26.127289
2022-03-26 02:00:00,2022-03-26 03:00:00,42.59,20.6,44.444925,26.127289
2022-03-26 03:00:00,2022-03-26 04:00:00,33.21,18.62,44.444925,26.127289
2022-03-26 04:00:00,2022-03-26 05:00:00,29.02,17.3,44.444925,26.127289
2022-03-26 05:00:00,2022-03-26 06:00:00,30.65,18.73,44.444925,26.127289
2022-03-26 06:00:00,2022-03-26 07:00:00,31.25,19.76,44.444925,26.127289
2022-03-26 07:00:00,2022-03-26 08:00:00,28.09,17.23,44.444925,26.127289
2022-03-26 08:00:00,2022-03-26 09:00:00,24.38,19.43,44.444925,26.127289
2022-03-26 09:00:00,2022-03-26 10:00:00,19.82,14.1,44.444925,26.127289
2022-03-26 10:00:00,2022-03-26 11:00:00,18.01,13.79,44.444925,26.127289
2022-03-26 11:00:00,2022-03-26 12:00:00,17.65,13.04,44.444925,26.127289
2022-03-26 12:00:00,2022-03-26 13:00:00,18.66,15.28,44.444925,26.127289
2022-03-26 13:00:00,2022-03-26 14:00:00,19.85,14.6,44.444925,26.127289
2022-03-26 14:00:00,2022-03-26 15:00:00,20.51,13.56,44.444925,26.127289
2022-03-26 15:00:00,2022-03-26 16:00:00,23.1,15.99,44.444925,26.127289
2022-03-26 16:00:00,2022-03-26 17:00:00,22.46,20.44,44.444925,26.127289
2022-03-26 17:00:00,2022-03-26 18:00:00,25.21,29.35,44.444925,26.127289
2022-03-26 18:00:00,2022-03-26 19:00:00,32.21,34.28,44.444925,26.127289
2022-03-26 19:00:00,2022-03-26 20:00:00,29.65,30.08,44.444925,26.127289
2022-03-26 21:00:00,2022-03-26 22:00:00,27.15,23.89,44.444925,26.127289
2022-03-26 22:00:00,2022-03-26 23:00:00,26.69,23.65,44.444925,26.127289
2022-03-26 23:00:00,2022-03-27 00:00:00,30.65,33.04,44.444925,26.127289
2022-03-27 00:00:00,2022-03-27 01:00:00,35.67,30.45,44.444925,26.127289
2022-03-27 02:00:00,2022-03-27 03:00:00,40.03,31.22,44.444925,26.127289
2022-03-27 03:00:00,2022-03-27 04:00:00,41.13,37.5,44.444925,26.127289
2022-03-27 04:00:00,2022-03-27 05:00:00,39.26,29.45,44.444925,26.127289
2022-03-27 05:00:00,2022-03-27 06:00:00,42.56,27.13,44.444925,26.127289
2022-03-27 06:00:00,2022-03-27 07:00:00,47.81,31.94,44.444925,26.127289
2022-03-27 07:00:00,2022-03-27 08:00:00,48.39,29.14,44.444925,26.127289
2022-03-27 08:00:00,2022-03-27 09:00:00,49.59,31.42,44.444925,26.127289
2022-03-27 09:00:00,2022-03-27 10:00:00,47.21,29.23,44.444925,26.127289
2022-03-27 10:00:00,2022-03-27 11:00:00,41.42,37.61,44.444925,26.127289
2022-03-27 11:00:00,2022-03-27 12:00:00,40.27,29.72,44.444925,26.127289
2022-03-27 12:00:00,2022-03-27 13:00:00,36.24,24.9,44.444925,26.127289
2022-03-27 13:00:00,2022-03-27 14:00:00,35.66,32.92,44.444925,26.127289
2022-03-27 14:00:00,2022-03-27 15:00:00,35.06,32.86,44.444925,26.127289
2022-03-27 15:00:00,2022-03-27 16:00:00,34.67,42.99,44.444925,26.127289
2022-03-27 16:00:00,2022-03-27 17:00:00,35.86,46.74,44.444925,26.127289
2022-03-27 17:00:00,2022-03-27 18:00:00,33.37,51.57,44.444925,26.127289
2022-03-27 18:00:00,2022-03-27 19:00:00,31.2,57.33,44.444925,26.127289
2022-03-27 19:00:00,2022-03-27 20:00:00,26.77,49.9,44.444925,26.127289
2022-03-27 20:00:00,2022-03-27 21:00:00,26.49,38.22,44.444925,26.127289
2022-03-27 21:00:00,2022-03-27 22:00:00,28.47,29.54,44.444925,26.127289
2022-03-27 23:00:00,2022-03-28 00:00:00,32.99,20.85,44.444925,26.127289
2022-03-28 00:00:00,2022-03-28 01:00:00,62.78,22.89,44.444925,26.127289
2022-03-28 01:00:00,2022-03-28 02:00:00,50.15,21.5,44.444925,26.127289
2022-03-28 02:00:00,2022-03-28 03:00:00,37.12,19.26,44.444925,26.127289
2022-03-28 03:00:00,2022-03-28 04:00:00,42.84,23.63,44.444925,26.127289
2022-03-28 04:00:00,2022-03-28 05:00:00,24.54,27.43,44.444925,26.127289
2022-03-28 05:00:00,2022-03-28 06:00:00,25.98,47.48,44.444925,26.127289
2022-03-28 06:00:00,2022-03-28 07:00:00,33.38,58.28,44.444925,26.127289
2022-03-28 07:00:00,2022-03-28 08:00:00,43.87,55.84,44.444925,26.127289
2022-03-28 08:00:00,2022-03-28 09:00:00,49.11,47.01,44.444925,26.127289
2022-03-28 09:00:00,2022-03-28 10:00:00,41.09,44.83,44.444925,26.127289
2022-03-28 10:00:00,2022-03-28 11:00:00,42.66,34.71,44.444925,26.127289
2022-03-28 11:00:00,2022-03-28 12:00:00,45.23,29.58,44.444925,26.127289
2022-03-28 12:00:00,2022-03-28 13:00:00,46.55,32.04,44.444925,26.127289
2022-03-28 13:00:00,2022-03-28 14:00:00,50.2,36.74,44.444925,26.127289
2022-03-28 14:00:00,2022-03-28 15:00:00,56.22,31.7,44.444925,26.127289
2022-03-28 15:00:00,2022-03-28 16:00:00,55.69,40.05,44.444925,26.127289
2022-03-28 16:00:00,2022-03-28 17:00:00,58.1,45.2,44.444925,26.127289
2022-03-28 17:00:00,2022-03-28 18:00:00,60.46,45.44,44.444925,26.127289
2022-03-28 18:00:00,2022-03-28 19:00:00,57.58,53.57,44.444925,26.127289
2022-03-28 19:00:00,2022-03-28 20:00:00,62.16,79.34,44.444925,26.127289
2022-03-28 20:00:00,2022-03-28 21:00:00,69.32,62.16,44.444925,26.127289
2022-03-28 21:00:00,2022-03-28 22:00:00,75.23,61.54,44.444925,26.127289
2022-03-28 22:00:00,2022-03-28 23:00:00,62.74,43.3,44.444925,26.127289
2022-03-30 23:00:00,2022-03-31 00:00:00,80.48,71.5,44.444925,26.127289
2022-03-31 00:00:00,2022-03-31 01:00:00,65.2,49.34,44.444925,26.127289
2022-03-31 02:00:00,2022-03-31 03:00:00,73.36,53.93,44.444925,26.127289
2022-03-31 03:00:00,2022-03-31 04:00:00,70.27,44.06,44.444925,26.127289
2022-03-31 04:00:00,2022-03-31 05:00:00,58.1,36.6,44.444925,26.127289
2022-03-31 05:00:00,2022-03-31 06:00:00,54.69,41.7,44.444925,26.127289
2022-03-31 06:00:00,2022-03-31 07:00:00,46.94,48.37,44.444925,26.127289
2022-03-31 07:00:00,2022-03-31 08:00:00,48.15,53.79,44.444925,26.127289
2022-03-31 08:00:00,2022-03-31 09:00:00,49.38,51.36,44.444925,26.127289
2022-03-31 09:00:00,2022-03-31 10:00:00,43.57,37.54,44.444925,26.127289
2022-03-31 10:00:00,2022-03-31 11:00:00,53.07,34.01,44.444925,26.127289
2022-03-31 11:00:00,2022-03-31 12:00:00,45.02,27.78,44.444925,26.127289
2022-03-31 12:00:00,2022-03-31 13:00:00,42.9,29.23,44.444925,26.127289
2022-03-31 13:00:00,2022-03-31 14:00:00,42.74,25.53,44.444925,26.127289
2022-03-31 14:00:00,2022-03-31 15:00:00,40.35,23.43,44.444925,26.127289
2022-03-31 15:00:00,2022-03-31 16:00:00,48.14,31.21,44.444925,26.127289
2022-03-31 16:00:00,2022-03-31 17:00:00,53.28,49.7,44.444925,26.127289
2022-03-31 17:00:00,2022-03-31 18:00:00,59.3,64.13,44.444925,26.127289
2022-03-31 18:00:00,2022-03-31 19:00:00,69.41,72.52,44.444925,26.127289
2022-03-31 19:00:00,2022-03-31 20:00:00,68.45,37.17,44.444925,26.127289
2022-03-31 20:00:00,2022-03-31 21:00:00,55.87,27.53,44.444925,26.127289
2022-03-31 21:00:00,2022-03-31 22:00:00,54.32,26.78,44.444925,26.127289
2022-03-31 22:00:00,2022-03-31 23:00:00,57.05,15.08,44.444925,26.127289
2022-03-31 23:00:00,2022-04-01 00:00:00,57.44,11.94,44.444925,26.127289
2022-04-01 00:00:00,2022-04-01 01:00:00,56.77,9.23,44.444925,26.127289
2022-04-01 01:00:00,2022-04-01 02:00:00,54.13,8.3,44.444925,26.127289
2022-04-01 03:00:00,2022-04-01 04:00:00,44.6,7.82,44.444925,26.127289
2022-04-01 04:00:00,2022-04-01 05:00:00,46.39,13.5,44.444925,26.127289
2022-04-01 05:00:00,2022-04-01 06:00:00,47.88,24.52,44.444925,26.127289
2022-04-01 06:00:00,2022-04-01 07:00:00,54.44,50.13,44.444925,26.127289
2022-04-01 07:00:00,2022-04-01 08:00:00,62.08,51.26,44.444925,26.127289
2022-04-01 08:00:00,2022-04-01 09:00:00,82.51,22.89,44.444925,26.127289
2022-04-01 09:00:00,2022-04-01 10:00:00,103.53,20.27,44.444925,26.127289
2022-04-01 10:00:00,2022-04-01 11:00:00,107.97,21.22,44.444925,26.127289
2022-04-01 11:00:00,2022-04-01 12:00:00,118.77,22.47,44.444925,26.127289
2022-04-01 12:00:00,2022-04-01 13:00:00,132.42,15.48,44.444925,26.127289
2022-04-01 13:00:00,2022-04-01 14:00:00,137.48,17.74,44.444925,26.127289
2022-04-01 14:00:00,2022-04-01 15:00:00,129.12,20.6,44.444925,26.127289
2022-04-01 15:00:00,2022-04-01 16:00:00,54.98,25.2,44.444925,26.127289
2022-04-01 16:00:00,2022-04-01 17:00:00,39.72,30.29,44.444925,26.127289
2022-04-01 17:00:00,2022-04-01 18:00:00,52.87,40.66,44.444925,26.127289
2022-04-01 18:00:00,2022-04-01 19:00:00,45.34,32.33,44.444925,26.127289
2022-04-01 19:00:00,2022-04-01 20:00:00,45.0,42.06,44.444925,26.127289
2022-04-01 20:00:00,2022-04-01 21:00:00,47.24,37.99,44.444925,26.127289
2022-04-01 21:00:00,2022-04-01 22:00:00,35.8,27.88,44.444925,26.127289
2022-04-01 22:00:00,2022-04-01 23:00:00,28.07,16.87,44.444925,26.127289
2022-04-01 23:00:00,2022-04-02 00:00:00,10.76,13.28,44.444925,26.127289
2022-04-02 00:00:00,2022-04-02 01:00:00,24.66,15.42,44.444925,26.127289
2022-04-02 01:00:00,2022-04-02 02:00:00,42.51,15.9,44.444925,26.127289
2022-04-02 02:00:00,2022-04-02 03:00:00,37.65,14.45,44.444925,26.127289
2022-04-02 04:00:00,2022-04-02 05:00:00,17.53,10.26,44.444925,26.127289
2022-04-02 05:00:00,2022-04-02 06:00:00,9.23,11.73,44.444925,26.127289
2022-04-02 06:00:00,2022-04-02 07:00:00,8.79,14.43,44.444925,26.127289
2022-04-02 07:00:00,2022-04-02 08:00:00,10.47,16.42,44.444925,26.127289
2022-04-02 08:00:00,2022-04-02 09:00:00,9.36,12.13,44.444925,26.127289
2022-04-02 09:00:00,2022-04-02 10:00:00,7.09,9.09,44.444925,26.127289
2022-04-02 10:00:00,2022-04-02 11:00:00,8.25,9.19,44.444925,26.127289
2022-04-02 11:00:00,2022-04-02 12:00:00,6.85,9.23,44.444925,26.127289
2022-04-02 12:00:00,2022-04-02 13:00:00,6.46,9.49,44.444925,26.127289
2022-04-02 13:00:00,2022-04-02 14:00:00,6.47,10.53,44.444925,26.127289
2022-04-02 14:00:00,2022-04-02 15:00:00,7.97,11.41,44.444925,26.127289
2022-04-02 15:00:00,2022-04-02 16:00:00,9.72,11.8,44.444925,26.127289
2022-04-02 16:00:00,2022-04-02 17:00:00,9.1,14.74,44.444925,26.127289
2022-04-02 17:00:00,2022-04-02 18:00:00,8.93,14.7,44.444925,26.127289
2022-04-02 18:00:00,2022-04-02 19:00:00,12.0,23.33,44.444925,26.127289
2022-04-02 19:00:00,2022-04-02 20:00:00,18.6,35.83,44.444925,26.127289
2022-04-02 20:00:00,2022-04-02 21:00:00,17.27,29.52,44.444925,26.127289
2022-04-02 21:00:00,2022-04-02 22:00:00,11.5,21.69,44.444925,26.127289
2022-04-02 22:00:00,2022-04-02 23:00:00,10.19,21.69,44.444925,26.127289
2022-04-02 23:00:00,2022-04-03 00:00:00,9.17,18.26,44.444925,26.127289
2022-04-03 00:00:00,2022-04-03 01:00:00,7.56,13.73,44.444925,26.127289
2022-04-03 01:00:00,2022-04-03 02:00:00,7.78,11.4,44.444925,26.127289
2022-04-03 02:00:00,2022-04-03 03:00:00,8.88,11.17,44.444925,26.127289
2022-04-03 03:00:00,2022-04-03 04:00:00,7.13,10.12,44.444925,26.127289
2022-04-03 05:00:00,2022-04-03 06:00:00,9.03,14.11,44.444925,26.127289
2022-04-03 06:00:00,2022-04-03 07:00:00,10.13,14.21,44.444925,26.127289
2022-04-03 07:00:00,2022-04-03 08:00:00,10.6,12.64,44.444925,26.127289
2022-04-03 08:00:00,2022-04-03 09:00:00,10.02,9.71,44.444925,26.127289
2022-04-03 09:00:00,2022-04-03 10:00:00,10.02,9.15,44.444925,26.127289
2022-04-03 10:00:00,2022-04-03 11:00:00,12.1,8.74,44.444925,26.127289
2022-04-03 11:00:00,2022-04-03 12:00:00,14.68,8.3,44.444925,26.127289
2022-04-03 12:00:00,2022-04-03 13:00:00,18.25,8.8,44.444925,26.127289
2022-04-03 13:00:00,2022-04-03 14:00:00,18.97,7.69,44.444925,26.127289
2022-04-03 14:00:00,2022-04-03 15:00:00,19.46,9.19,44.444925,26.127289
2022-04-03 15:00:00,2022-04-03 16:00:00,21.35,9.1,44.444925,26.127289
2022-04-03 16:00:00,2022-04-03 17:00:00,20.27,9.47,44.444925,26.127289
2022-04-03 17:00:00,2022-04-03 18:00:00,24.9,11.0,44.444925,26.127289
2022-04-03 18:00:00,2022-04-03 19:00:00,19.16,14.62,44.444925,26.127289
2022-04-03 19:00:00,2022-04-03 20:00:00,22.26,16.88,44.444925,26.127289
2022-04-03 20:00:00,2022-04-03 21:00:00,15.6,15.44,44.444925,26.127289
2022-04-03 21:00:00,2022-04-03 22:00:00,13.9,13.38,44.444925,26.127289
2022-04-03 22:00:00,2022-04-03 23:00:00,13.45,11.21,44.444925,26.127289
2022-04-03 23:00:00,2022-04-04 00:00:00,11.94,10.45,44.444925,26.127289
2022-04-04 00:00:00,2022-04-04 01:00:00,11.6,10.52,44.444925,26.127289
2022-04-04 01:00:00,2022-04-04 02:00:00,11.54,12.34,44.444925,26.127289
2022-04-04 02:00:00,2022-04-04 03:00:00,11.5,12.01,44.444925,26.127289
2022-04-04 03:00:00,2022-04-04 04:00:00,12.67,13.22,44.444925,26.127289
2022-04-04 04:00:00,2022-04-04 05:00:00,14.99,22.2,44.444925,26.127289
2022-04-04 06:00:00,2022-04-04 07:00:00,18.29,42.2,44.444925,26.127289
2022-04-04 07:00:00,2022-04-04 08:00:00,22.43,49.5,44.444925,26.127289
2022-04-04 08:00:00,2022-04-04 09:00:00,24.63,42.07,44.444925,26.127289
2022-04-04 09:00:00,2022-04-04 10:00:00,27.58,37.28,44.444925,26.127289
2022-04-04 10:00:00,2022-04-04 11:00:00,24.11,29.02,44.444925,26.127289
2022-04-04 11:00:00,2022-04-04 12:00:00,22.17,27.08,44.444925,26.127289
2022-04-04 12:00:00,2022-04-04 13:00:00,15.69,18.04,44.444925,26.127289
2022-04-04 13:00:00,2022-04-04 14:00:00,13.54,16.27,44.444925,26.127289
2022-04-04 14:00:00,2022-04-04 15:00:00,16.59,15.97,44.444925,26.127289
2022-04-04 15:00:00,2022-04-04 16:00:00,20.98,16.76,44.444925,26.127289
2022-04-04 16:00:00,2022-04-04 17:00:00,21.99,17.76,44.444925,26.127289
2022-04-04 17:00:00,2022-04-04 18:00:00,23.56,18.36,44.444925,26.127289
2022-04-04 18:00:00,2022-04-04 19:00:00,25.02,23.23,44.444925,26.127289
2022-04-04 19:00:00,2022-04-04 20:00:00,28.85,31.26,44.444925,26.127289
2022-04-04 20:00:00,2022-04-04 21:00:00,30.93,34.23,44.444925,26.127289
2022-04-04 21:00:00,2022-04-04 22:00:00,35.88,43.09,44.444925,26.127289
2022-04-04 22:00:00,2022-04-04 23:00:00,29.01,25.81,44.444925,26.127289
2022-04-04 23:00:00,2022-04-05 00:00:00,29.79,20.81,44.444925,26.127289
2022-04-05 00:00:00,2022-04-05 01:00:00,27.48,17.62,44.444925,26.127289
2022-04-05 01:00:00,2022-04-05 02:00:00,24.91,12.9,44.444925,26.127289
2022-04-05 02:00:00,2022-04-05 03:00:00,24.15,11.69,44.444925,26.127289
2022-04-05 03:00:00,2022-04-05 04:00:00,24.32,11.92,44.444925,26.127289
2022-04-05 04:00:00,2022-04-05 05:00:00,24.58,17.16,44.444925,26.127289
2022-04-05 05:00:00,2022-04-05 06:00:00,25.95,33.17,44.444925,26.127289
2022-04-05 07:00:00,2022-04-05 08:00:00,33.45,47.08,44.444925,26.127289
2022-04-05 08:00:00,2022-04-05 09:00:00,34.56,34.82,44.444925,26.127289
2022-04-05 09:00:00,2022-04-05 10:00:00,28.93,25.74,44.444925,26.127289
2022-04-05 10:00:00,2022-04-05 11:00:00,24.65,15.7,44.444925,26.127289
2022-04-05 11:00:00,2022-04-05 12:00:00,20.86,15.22,44.444925,26.127289
2022-04-05 12:00:00,2022-04-05 13:00:00,16.81,14.21,44.444925,26.127289
2022-04-05 13:00:00,2022-04-05 14:00:00,15.96,13.05,44.444925,26.127289
2022-04-05 14:00:00,2022-04-05 15:00:00,14.0,15.13,44.444925,26.127289
2022-04-05 15:00:00,2022-04-05 16:00:00,15.32,16.79,44.444925,26.127289
2022-04-05 16:00:00,2022-04-05 17:00:00,13.85,17.28,44.444925,26.127289
2022-04-05 17:00:00,2022-04-05 18:00:00,13.14,18.96,44.444925,26.127289
2022-04-05 18:00:00,2022-04-05 19:00:00,15.42,25.67,44.444925,26.127289
2022-04-05 19:00:00,2022-04-05 20:00:00,18.29,34.0,44.444925,26.127289
2022-04-05 20:00:00,2022-04-05 21:00:00,25.19,33.39,44.444925,26.127289
2022-04-05 21:00:00,2022-04-05 22:00:00,28.13,40.66,44.444925,26.127289
2022-04-05 22:00:00,2022-04-05 23:00:00,25.32,40.08,44.444925,26.127289
2022-04-05 23:00:00,2022-04-06 00:00:00,24.73,31.51,44.444925,26.127289
2022-04-06 00:00:00,2022-04-06 01:00:00,24.86,25.2,44.444925,26.127289
2022-04-06 01:00:00,2022-04-06 02:00:00,24.81,18.74,44.444925,26.127289
2022-04-06 02:00:00,2022-04-06 03:00:00,24.05,16.39,44.444925,26.127289
2022-04-06 03:00:00,2022-04-06 04:00:00,25.47,23.16,44.444925,26.127289
2022-04-06 04:00:00,2022-04-06 05:00:00,27.31,33.75,44.444925,26.127289
2022-04-06 05:00:00,2022-04-06 06:00:00,28.71,46.29,44.444925,26.127289
2022-04-06 06:00:00,2022-04-06 07:00:00,33.81,59.84,44.444925,26.127289
2022-04-06 08:00:00,2022-04-06 09:00:00,46.59,74.59,44.444925,26.127289
2022-04-06 09:00:00,2022-04-06 10:00:00,51.43,75.52,44.444925,26.127289
2022-04-06 10:00:00,2022-04-06 11:00:00,45.23,53.56,44.444925,26.127289
2022-04-06 11:00:00,2022-04-06 12:00:00,35.7,40.91,44.444925,26.127289
2022-04-06 12:00:00,2022-04-06 13:00:00,21.99,29.03,44.444925,26.127289
2022-04-06 13:00:00,2022-04-06 14:00:00,17.39,24.01,44.444925,26.127289
2022-04-06 14:00:00,2022-04-06 15:00:00,16.71,18.04,44.444925,26.127289
2022-04-06 15:00:00,2022-04-06 16:00:00,19.91,28.69,44.444925,26.127289
2022-04-06 16:00:00,2022-04-06 17:00:00,17.63,29.17,44.444925,26.127289
2022-04-06 17:00:00,2022-04-06 18:00:00,15.8,30.22,44.444925,26.127289
2022-04-06 18:00:00,2022-04-06 19:00:00,20.76,46.93,44.444925,26.127289
2022-04-06 19:00:00,2022-04-06 20:00:00,36.71,72.94,44.444925,26.127289
2022-04-06 20:00:00,2022-04-06 21:00:00,47.81,78.02,44.444925,26.127289
2022-04-06 21:00:00,2022-04-06 22:00:00,60.18,86.96,44.444925,26.127289
2022-04-06 22:00:00,2022-04-06 23:00:00,38.18,70.35,44.444925,26.127289
2022-04-06 23:00:00,2022-04-07 00:00:00,36.51,62.11,44.444925,26.127289
2022-04-07 00:00:00,2022-04-07 01:00:00,30.6,41.55,44.444925,26.127289
2022-04-07 01:00:00,2022-04-07 02:00:00,26.75,33.81,44.444925,26.127289
2022-04-07 02:00:00,2022-04-07 03:00:00,25.86,29.8,44.444925,26.127289
2022-04-07 03:00:00,2022-04-07 04:00:00,23.55,30.14,44.444925,26.127289
2022-04-07 04:00:00,2022-04-07 05:00:00,26.1,39.61,44.444925,26.127289
2022-04-07 05:00:00,2022-04-07 06:00:00,27.11,49.78,44.444925,26.127289
2022-04-07 06:00:00,2022-04-07 07:00:00,32.16,53.82,44.444925,26.127289
2022-04-07 07:00:00,2022-04-07 08:00:00,37.8,52.1,44.444925,26.127289
2022-04-07 09:00:00,2022-04-07 10:00:00,32.14,48.44,44.444925,26.127289
2022-04-07 10:00:00,2022-04-07 11:00:00,31.28,46.43,44.444925,26.127289
2022-04-07 11:00:00,2022-04-07 12:00:00,25.99,45.42,44.444925,26.127289
2022-04-07 12:00:00,2022-04-07 13:00:00,27.99,58.05,44.444925,26.127289
2022-04-07 13:00:00,2022-04-07 14:00:00,30.75,51.24,44.444925,26.127289
2022-04-07 14:00:00,2022-04-07 15:00:00,34.55,47.53,44.444925,26.127289
2022-04-07 15:00:00,2022-04-07 16:00:00,35.71,50.04,44.444925,26.127289
2022-04-07 16:00:00,2022-04-07 17:00:00,31.22,59.97,44.444925,26.127289
2022-04-07 17:00:00,2022-04-07 18:00:00,31.49,47.71,44.444925,26.127289
2022-04-07 18:00:00,2022-04-07 19:00:00,31.18,40.33,44.444925,26.127289
2022-04-07 19:00:00,2022-04-07 20:00:00,39.01,32.25,44.444925,26.127289
2022-04-07 20:00:00,2022-04-07 21:00:00,34.48,33.32,44.444925,26.127289
2022-04-07 21:00:00,2022-04-07 22:00:00,32.56,33.95,44.444925,26.127289
2022-04-07 22:00:00,2022-04-07 23:00:00,34.76,26.93,44.444925,26.127289
2022-04-07 23:00:00,2022-04-08 00:00:00,41.02,24.88,44.444925,26.127289
2022-04-08 00:00:00,2022-04-08 01:00:00,56.79,25.17,44.444925,26.127289
2022-04-08 01:00:00,2022-04-08 02:00:00,34.0,18.01,44.444925,26.127289
2022-04-08 02:00:00,2022-04-08 03:00:00,25.38,12.47,44.444925,26.127289
2022-04-08 03:00:00,2022-04-08 04:00:00,29.21,12.07,44.444925,26.127289
2022-04-08 04:00:00,2022-04-08 05:00:00,27.77,18.13,44.444925,26.127289
2022-04-08 05:00:00,2022-04-08 06:00:00,26.51,32.93,44.444925,26.127289
2022-04-08 06:00:00,2022-04-08 07:00:00,24.35,37.04,44.444925,26.127289
2022-04-08 07:00:00,2022-04-08 08:00:00,24.01,34.82,44.444925,26.127289
2022-04-08 08:00:00,2022-04-08 09:00:00,22.54,24.31,44.444925,26.127289
2022-04-08 10:00:00,2022-04-08 11:00:00,13.24,20.58,44.444925,26.127289
2022-04-08 11:00:00,2022-04-08 12:00:00,9.6,17.26,44.444925,26.127289
2022-04-08 12:00:00,2022-04-08 13:00:00,8.23,15.78,44.444925,26.127289
2022-04-08 13:00:00,2022-04-08 14:00:00,9.91,16.35,44.444925,26.127289
2022-04-08 14:00:00,2022-04-08 15:00:00,9.85,15.18,44.444925,26.127289
2022-04-08 15:00:00,2022-04-08 16:00:00,9.6,18.04,44.444925,26.127289
2022-04-08 16:00:00,2022-04-08 17:00:00,11.04,18.51,44.444925,26.127289
2022-04-08 17:00:00,2022-04-08 18:00:00,12.68,21.3,44.444925,26.127289
2022-04-08 18:00:00,2022-04-08 19:00:00,18.05,24.61,44.444925,26.127289
2022-04-08 19:00:00,2022-04-08 20:00:00,27.2,29.81,44.444925,26.127289
2022-04-08 20:00:00,2022-04-08 21:00:00,28.37,32.02,44.444925,26.127289
2022-04-08 21:00:00,2022-04-08 22:00:00,25.06,29.18,44.444925,26.127289
2022-04-08 22:00:00,2022-04-08 23:00:00,28.4,45.12,44.444925,26.127289
2022-04-08 23:00:00,2022-04-09 00:00:00,22.35,31.06,44.444925,26.127289
2022-04-09 00:00:00,2022-04-09 01:00:00,24.54,38.48,44.444925,26.127289
2022-04-09 01:00:00,2022-04-09 02:00:00,21.87,35.11,44.444925,26.127289
2022-04-09 02:00:00,2022-04-09 03:00:00,22.14,42.68,44.444925,26.127289
2022-04-09 03:00:00,2022-04-09 04:00:00,25.51,37.61,44.444925,26.127289
2022-04-09 04:00:00,2022-04-09 05:00:00,25.97,40.56,44.444925,26.127289
2022-04-09 05:00:00,2022-04-09 06:00:00,26.8,40.82,44.444925,26.127289
2022-04-09 06:00:00,2022-04-09 07:00:00,30.14,31.6,44.444925,26.127289
2022-04-09 07:00:00,2022-04-09 08:00:00,29.12,34.75,44.444925,26.127289
2022-04-09 08:00:00,2022-04-09 09:00:00,21.43,20.25,44.444925,26.127289
2022-04-09 09:00:00,2022-04-09 10:00:00,19.16,13.75,44.444925,26.127289
2022-04-09 11:00:00,2022-04-09 12:00:00,14.98,12.48,44.444925,26.127289
2022-04-09 12:00:00,2022-04-09 13:00:00,13.0,11.12,44.444925,26.127289
2022-04-09 13:00:00,2022-04-09 14:00:00,13.33,10.92,44.444925,26.127289
2022-04-09 14:00:00,2022-04-09 15:00:00,12.88,13.77,44.444925,26.127289
2022-04-09 15:00:00,2022-04-09 16:00:00,15.1,12.53,44.444925,26.127289
2022-04-09 16:00:00,2022-04-09 17:00:00,13.34,13.19,44.444925,26.127289
2022-04-09 17:00:00,2022-04-09 18:00:00,14.67,20.48,44.444925,26.127289
2022-04-09 18:00:00,2022-04-09 19:00:00,24.77,38.08,44.444925,26.127289
2022-04-09 19:00:00,2022-04-09 20:00:00,30.85,46.21,44.444925,26.127289
2022-04-09 20:00:00,2022-04-09 21:00:00,32.54,54.43,44.444925,26.127289
2022-04-09 21:00:00,2022-04-09 22:00:00,47.83,56.94,44.444925,26.127289
2022-04-09 22:00:00,2022-04-09 23:00:00,49.51,56.82,44.444925,26.127289
2022-04-09 23:00:00,2022-04-10 00:00:00,36.11,52.07,44.444925,26.127289
2022-04-10 00:00:00,2022-04-10 01:00:00,31.28,42.99,44.444925,26.127289
2022-04-10 01:00:00,2022-04-10 02:00:00,25.84,32.16,44.444925,26.127289
2022-04-10 02:00:00,2022-04-10 03:00:00,21.69,26.19,44.444925,26.127289
2022-04-10 03:00:00,2022-04-10 04:00:00,22.62,22.57,44.444925,26.127289
2022-04-10 04:00:00,2022-04-10 05:00:00,22.27,23.95,44.444925,26.127289
2022-04-10 05:00:00,2022-04-10 06:00:00,12.65,16.95,44.444925,26.127289
2022-04-10 06:00:00,2022-04-10 07:00:00,10.58,13.6,44.444925,26.127289
2022-04-10 07:00:00,2022-04-10 08:00:00,10.32,13.91,44.444925,26.127289
2022-04-10 08:00:00,2022-04-10 09:00:00,10.89,15.47,44.444925,26.127289
2022-04-10 09:00:00,2022-04-10 10:00:00,13.7,20.17,44.444925,26.127289
2022-04-10 10:00:00,2022-04-10 11:00:00,16.19,26.32,44.444925,26.127289
2022-04-10 12:00:00,2022-04-10 13:00:00,20.9,34.2,44.444925,26.127289
2022-04-10 13:00:00,2022-04-10 14:00:00,23.08,32.53,44.444925,26.127289
2022-04-10 14:00:00,2022-04-10 15:00:00,18.13,26.62,44.444925,26.127289
2022-04-10 15:00:00,2022-04-10 16:00:00,11.67,26.56,44.444925,26.127289
2022-04-10 16:00:00,2022-04-10 17:00:00,8.53,30.4,44.444925,26.127289
2022-04-10 17:00:00,2022-04-10 18:00:00,6.96,37.21,44.444925,26.127289
2022-04-10 18:00:00,2022-04-10 19:00:00,7.12,37.24,44.444925,26.127289
2022-04-10 19:00:00,2022-04-10 20:00:00,8.37,36.21,44.444925,26.127289
2022-04-10 20:00:00,2022-04-10 21:00:00,7.01,34.68,44.444925,26.127289
2022-04-10 21:00:00,2022-04-10 22:00:00,7.74,29.2,44.444925,26.127289
2022-04-10 22:00:00,2022-04-10 23:00:00,8.71,29.04,44.444925,26.127289
2022-04-10 23:00:00,2022-04-11 00:00:00,8.96,26.01,44.444925,26.127289
2022-04-11 00:00:00,2022-04-11 01:00:00,7.58,23.46,44.444925,26.127289
2022-04-11 01:00:00,2022-04-11 02:00:00,5.83,11.41,44.444925,26.127289
2022-04-11 02:00:00,2022-04-11 03:00:00,6.1,9.05,44.444925,26.127289
2022-04-11 03:00:00,2022-04-11 04:00:00,6.31,10.85,44.444925,26.127289
2022-04-11 04:00:00,2022-04-11 05:00:00,5.53,12.85,44.444925,26.127289
2022-04-11 05:00:00,2022-04-11 06:00:00,2.25,12.36,44.444925,26.127289
2022-04-11 06:00:00,2022-04-11 07:00:00,3.59,18.88,44.444925,26.127289
2022-04-11 07:00:00,2022-04-11 08:00:00,5.82,17.76,44.444925,26.127289
2022-04-11 08:00:00,2022-04-11 09:00:00,7.03,20.08,44.444925,26.127289
2022-04-11 09:00:00,2022-04-11 10:00:00,7.2,14.86,44.444925,26.127289
2022-04-11 10:00:00,2022-04-11 11:00:00,8.59,15.75,44.444925,26.127289
2022-04-11 11:00:00,2022-04-11 12:00:00,9.97,27.8,44.444925,26.127289
2022-04-11 13:00:00,2022-04-11 14:00:00,11.48,30.01,44.444925,26.127289
2022-04-11 14:00:00,2022-04-11 15:00:00,9.83,23.05,44.444925,26.127289
2022-04-11 15:00:00,2022-04-11 16:00:00,8.25,21.07,44.444925,26.127289
2022-04-11 16:00:00,2022-04-11 17:00:00,8.97,32.32,44.444925,26.127289
2022-04-11 17:00:00,2022-04-11 18:00:00,9.72,28.08,44.444925,26.127289
2022-04-11 18:00:00,2022-04-11 19:00:00,12.84,28.75,44.444925,26.127289
2022-04-11 19:00:00,2022-04-11 20:00:00,11.37,38.66,44.444925,26.127289
2022-04-11 20:00:00,2022-04-11 21:00:00,18.57,59.23,44.444925,26.127289
2022-04-11 21:00:00,2022-04-11 22:00:00,12.83,36.43,44.444925,26.127289
2022-04-11 22:00:00,2022-04-11 23:00:00,12.5,31.84,44.444925,26.127289
2022-04-11 23:00:00,2022-04-12 00:00:00,13.12,35.07,44.444925,26.127289
2022-04-12 00:00:00,2022-04-12 01:00:00,21.2,42.76,44.444925,26.127289
2022-04-12 01:00:00,2022-04-12 02:00:00,18.65,37.29,44.444925,26.127289
2022-04-12 02:00:00,2022-04-12 03:00:00,19.47,35.57,44.444925,26.127289
2022-04-12 03:00:00,2022-04-12 04:00:00,19.82,30.67,44.444925,26.127289
2022-04-12 04:00:00,2022-04-12 05:00:00,21.92,29.42,44.444925,26.127289
2022-04-12 05:00:00,2022-04-12 06:00:00,23.36,48.82,44.444925,26.127289
2022-04-12 06:00:00,2022-04-12 07:00:00,27.84,54.45,44.444925,26.127289
2022-04-12 07:00:00,2022-04-12 08:00:00,31.85,62.83,44.444925,26.127289
2022-04-12 08:00:00,2022-04-12 09:00:00,24.74,48.17,44.444925,26.127289
2022-04-12 09:00:00,2022-04-12 10:00:00,11.7,24.31,44.444925,26.127289
2022-04-12 10:00:00,2022-04-12 11:00:00,20.06,18.22,44.444925,26.127289
2022-04-12 11:00:00,2022-04-12 12:00:00,8.14,18.24,44.444925,26.127289
2022-04-12 12:00:00,2022-04-12 13:00:00,10.98,17.04,44.444925,26.127289
2022-04-12 14:00:00,2022-04-12 15:00:00,8.06,25.09,44.444925,26.127289
2022-04-12 15:00:00,2022-04-12 16:00:00,8.49,18.72,44.444925,26.127289
2022-04-12 16:00:00,2022-04-12 17:00:00,8.04,18.76,44.444925,26.127289
2022-04-12 17:00:00,2022-04-12 18:00:00,8.4,25.85,44.444925,26.127289
2022-04-12 18:00:00,2022-04-12 19:00:00,10.53,36.67,44.444925,26.127289
2022-04-12 19:00:00,2022-04-12 20:00:00,17.6,53.48,44.444925,26.127289
2022-04-12 20:00:00,2022-04-12 21:00:00,21.83,67.67,44.444925,26.127289
2022-04-12 21:00:00,2022-04-12 22:00:00,29.41,66.08,44.444925,26.127289
2022-04-12 22:00:00,2022-04-12 23:00:00,36.96,75.3,44.444925,26.127289
2022-04-12 23:00:00,2022-04-13 00:00:00,41.99,75.88,44.444925,26.127289
2022-04-13 00:00:00,2022-04-13 01:00:00,44.54,68.85,44.444925,26.127289
2022-04-13 01:00:00,2022-04-13 02:00:00,37.17,45.94,44.444925,26.127289
2022-04-13 02:00:00,2022-04-13 03:00:00,23.98,25.28,44.444925,26.127289
2022-04-13 03:00:00,2022-04-13 04:00:00,20.41,19.48,44.444925,26.127289
2022-04-13 04:00:00,2022-04-13 05:00:00,23.82,25.93,44.444925,26.127289
2022-04-13 05:00:00,2022-04-13 06:00:00,22.04,41.75,44.444925,26.127289
2022-04-13 06:00:00,2022-04-13 07:00:00,25.97,59.85,44.444925,26.127289
2022-04-13 07:00:00,2022-04-13 08:00:00,30.99,57.11,44.444925,26.127289
2022-04-13 08:00:00,2022-04-13 09:00:00,25.63,38.49,44.444925,26.127289
2022-04-13 09:00:00,2022-04-13 10:00:00,20.2,28.29,44.444925,26.127289
2022-04-13 10:00:00,2022-04-13 11:00:00,16.05,26.43,44.444925,26.127289
2022-04-13 11:00:00,2022-04-13 12:00:00,15.27,21.67,44.444925,26.127289
2022-04-13 12:00:00,2022-04-13 13:00:00,15.45,13.66,44.444925,26.127289
2022-04-13 13:00:00,2022-04-13 14:00:00,16.48,16.78,44.444925,26.127289
2022-04-13 15:00:00,2022-04-13 16:00:00,14.94,19.81,44.444925,26.127289
2022-04-13 16:00:00,2022-04-13 17:00:00,13.42,22.6,44.444925,26.127289
2022-04-13 17:00:00,2022-04-13 18:00:00,15.03,23.13,44.444925,26.127289
2022-04-13 18:00:00,2022-04-13 19:00:00,15.96,32.02,44.444925,26.127289
2022-04-13 19:00:00,2022-04-13 20:00:00,19.55,39.68,44.444925,26.127289
2022-04-13 20:00:00,2022-04-13 21:00:00,30.44,50.57,44.444925,26.127289
2022-04-13 21:00:00,2022-04-13 22:00:00,31.9,43.42,44.444925,26.127289
2022-04-13 22:00:00,2022-04-13 23:00:00,18.48,36.88,44.444925,26.127289
2022-04-13 23:00:00,2022-04-14 00:00:00,20.75,43.04,44.444925,26.127289
2022-04-14 00:00:00,2022-04-14 01:00:00,29.28,49.98,44.444925,26.127289
2022-04-14 01:00:00,2022-04-14 02:00:00,27.36,53.62,44.444925,26.127289
2022-04-14 02:00:00,2022-04-14 03:00:00,28.23,55.57,44.444925,26.127289
2022-04-14 03:00:00,2022-04-14 04:00:00,30.24,48.44,44.444925,26.127289
2022-04-14 04:00:00,2022-04-14 05:00:00,32.47,47.93,44.444925,26.127289
2022-04-14 05:00:00,2022-04-14 06:00:00,36.56,60.05,44.444925,26.127289
2022-04-14 06:00:00,2022-04-14 07:00:00,47.39,74.11,44.444925,26.127289
2022-04-14 07:00:00,2022-04-14 08:00:00,58.53,84.79,44.444925,26.127289
2022-04-14 08:00:00,2022-04-14 09:00:00,44.91,63.28,44.444925,26.127289
2022-04-14 09:00:00,2022-04-14 10:00:00,32.55,44.06,44.444925,26.127289
2022-04-14 10:00:00,2022-04-14 11:00:00,27.86,30.97,44.444925,26.127289
2022-04-14 11:00:00,2022-04-14 12:00:00,21.95,21.8,44.444925,26.127289
2022-04-14 12:00:00,2022-04-14 13:00:00,20.8,23.88,44.444925,26.127289
2022-04-14 13:00:00,2022-04-14 14:00:00,18.63,18.67,44.444925,26.127289
2022-04-14 14:00:00,2022-04-14 15:00:00,16.88,14.42,44.444925,26.127289
2022-04-14 16:00:00,2022-04-14 17:00:00,15.49,26.14,44.444925,26.127289
2022-04-14 17:00:00,2022-04-14 18:00:00,15.78,27.98,44.444925,26.127289
2022-04-14 18:00:00,2022-04-14 19:00:00,15.86,28.29,44.444925,26.127289
2022-04-14 19:00:00,2022-04-14 20:00:00,17.74,34.89,44.444925,26.127289
2022-04-14 20:00:00,2022-04-14 21:00:00,25.44,54.24,44.444925,26.127289
2022-04-14 21:00:00,2022-04-14 22:00:00,35.45,72.2,44.444925,26.127289
2022-04-14 22:00:00,2022-04-14 23:00:00,33.12,73.47,44.444925,26.127289
2022-04-14 23:00:00,2022-04-15 00:00:00,40.15,82.73,44.444925,26.127289
2022-04-15 00:00:00,2022-04-15 01:00:00,49.25,86.21,44.444925,26.127289
2022-04-15 01:00:00,2022-04-15 02:00:00,39.77,77.13,44.444925,26.127289
2022-04-15 02:00:00,2022-04-15 03:00:00,47.29,71.38,44.444925,26.127289
2022-04-15 03:00:00,2022-04-15 04:00:00,49.89,68.68,44.444925,26.127289
2022-04-15 04:00:00,2022-04-15 05:00:00,41.32,56.38,44.444925,26.127289
2022-04-15 05:00:00,2022-04-15 06:00:00,37.34,49.57,44.444925,26.127289
2022-04-15 06:00:00,2022-04-15 07:00:00,36.06,53.03,44.444925,26.127289
2022-04-15 07:00:00,2022-04-15 08:00:00,42.06,57.36,44.444925,26.127289
2022-04-15 08:00:00,2022-04-15 09:00:00,46.42,64.97,44.444925,26.127289
2022-04-15 09:00:00,2022-04-15 10:00:00,47.81,65.5,44.444925,26.127289
2022-04-15 10:00:00,2022-04-15 11:00:00,34.31,36.92,44.444925,26.127289
2022-04-15 11:00:00,2022-04-15 12:00:00,27.23,21.81,44.444925,26.127289
2022-04-15 12:00:00,2022-04-15 13:00:00,24.45,19.23,44.444925,26.127289
2022-04-15 13:00:00,2022-04-15 14:00:00,20.06,24.34,44.444925,26.127289
2022-04-15 14:00:00,2022-04-15 15:00:00,19.7,22.06,44.444925,26.127289
2022-04-15 15:00:00,2022-04-15 16:00:00,18.65,23.32,44.444925,26.127289
2022-04-15 17:00:00,2022-04-15 18:00:00,15.21,25.54,44.444925,26.127289
2022-04-15 18:00:00,2022-04-15 19:00:00,15.93,31.74,44.444925,26.127289
2022-04-15 19:00:00,2022-04-15 20:00:00,25.1,43.4,44.444925,26.127289
2022-04-15 20:00:00,2022-04-15 21:00:00,42.71,80.52,44.444925,26.127289
2022-04-15 21:00:00,2022-04-15 22:00:00,56.21,74.82,44.444925,26.127289
2022-04-15 22:00:00,2022-04-15 23:00:00,37.55,77.51,44.444925,26.127289
2022-04-15 23:00:00,2022-04-16 00:00:00,34.42,59.29,44.444925,26.127289
2022-04-16 00:00:00,2022-04-16 01:00:00,33.66,63.62,44.444925,26.127289
2022-04-16 01:00:00,2022-04-16 02:00:00,35.79,63.2,44.444925,26.127289
2022-04-16 02:00:00,2022-04-16 03:00:00,42.39,71.39,44.444925,26.127289
2022-04-16 03:00:00,2022-04-16 04:00:00,53.14,74.9,44.444925,26.127289
2022-04-16 04:00:00,2022-04-16 05:00:00,61.87,71.94,44.444925,26.127289
2022-04-16 05:00:00,2022-04-16 06:00:00,49.63,74.53,44.444925,26.127289
2022-04-16 06:00:00,2022-04-16 07:00:00,51.34,61.72,44.444925,26.127289
2022-04-16 07:00:00,2022-04-16 08:00:00,40.81,36.31,44.444925,26.127289
2022-04-16 08:00:00,2022-04-16 09:00:00,26.4,28.34,44.444925,26.127289
2022-04-16 09:00:00,2022-04-16 10:00:00,21.25,25.21,44.444925,26.127289
2022-04-16 10:00:00,2022-04-16 11:00:00,23.7,28.71,44.444925,26.127289
2022-04-16 11:00:00,2022-04-16 12:00:00,24.96,31.87,44.444925,26.127289
2022-04-16 12:00:00,2022-04-16 13:00:00,24.08,29.37,44.444925,26.127289
2022-04-16 13:00:00,2022-04-16 14:00:00,24.65,25.31,44.444925,26.127289
2022-04-16 14:00:00,2022-04-16 15:00:00,25.97,30.08,44.444925,26.127289
2022-04-16 15:00:00,2022-04-16 16:00:00,29.11,29.5,44.444925,26.127289
2022-04-16 16:00:00,2022-04-16 17:00:00,29.22,29.21,44.444925,26.127289
2022-04-16 18:00:00,2022-04-16 19:00:00,35.32,32.5,44.444925,26.127289
2022-04-16 19:00:00,2022-04-16 20:00:00,41.08,51.92,44.444925,26.127289
2022-04-16 20:00:00,2022-04-16 21:00:00,27.54,55.41,44.444925,26.127289
2022-04-16 21:00:00,2022-04-16 22:00:00,17.42,42.97,44.444925,26.127289
2022-04-16 22:00:00,2022-04-16 23:00:00,14.04,34.0,44.444925,26.127289
2022-04-16 23:00:00,2022-04-17 00:00:00,8.15,25.54,44.444925,26.127289
2022-04-17 00:00:00,2022-04-17 01:00:00,8.5,22.95,44.444925,26.127289
2022-04-17 01:00:00,2022-04-17 02:00:00,9.34,18.57,44.444925,26.127289
2022-04-17 02:00:00,2022-04-17 03:00:00,9.24,17.24,44.444925,26.127289
2022-04-17 03:00:00,2022-04-17 04:00:00,14.58,15.98,44.444925,26.127289
2022-04-17 04:00:00,2022-04-17 05:00:00,17.26,13.57,44.444925,26.127289
2022-04-17 05:00:00,2022-04-17 06:00:00,15.09,13.28,44.444925,26.127289
2022-04-17 06:00:00,2022-04-17 07:00:00,14.19,12.26,44.444925,26.127289
2022-04-17 07:00:00,2022-04-17 08:00:00,11.36,11.24,44.444925,26.127289
2022-04-17 08:00:00,2022-04-17 09:00:00,9.41,9.84,44.444925,26.127289
2022-04-17 09:00:00,2022-04-17 10:00:00,9.3,12.81,44.444925,26.127289
2022-04-17 10:00:00,2022-04-17 11:00:00,8.43,13.22,44.444925,26.127289
2022-04-17 11:00:00,2022-04-17 12:00:00,9.24,22.17,44.444925,26.127289
2022-04-17 12:00:00,2022-04-17 13:00:00,9.86,21.6,44.444925,26.127289
2022-04-17 13:00:00,2022-04-17 14:00:00,10.96,31.88,44.444925,26.127289
2022-04-17 14:00:00,2022-04-17 15:00:00,11.96,29.31,44.444925,26.127289
2022-04-17 15:00:00,2022-04-17 16:00:00,11.87,30.11,44.444925,26.127289
2022-04-17 16:00:00,2022-04-17 17:00:00,12.0,34.99,44.444925,26.127289
2022-04-17 17:00:00,2022-04-17 18:00:00,11.88,38.53,44.444925,26.127289
2022-04-17 19:00:00,2022-04-17 20:00:00,10.0,33.94,44.444925,26.127289
2022-04-17 20:00:00,2022-04-17 21:00:00,11.27,39.98,44.444925,26.127289
2022-04-17 21:00:00,2022-04-17 22:00:00,10.15,38.85,44.444925,26.127289
2022-04-17 22:00:00,2022-04-17 23:00:00,10.16,32.34,44.444925,26.127289
2022-04-17 23:00:00,2022-04-18 00:00:00,8.59,23.86,44.444925,26.127289
2022-04-18 00:00:00,2022-04-18 01:00:00,8.38,16.97,44.444925,26.127289
2022-04-18 01:00:00,2022-04-18 02:00:00,6.59,12.71,44.444925,26.127289
2022-04-18 02:00:00,2022-04-18 03:00:00,8.54,13.77,44.444925,26.127289
2022-04-18 03:00:00,2022-04-18 04:00:00,7.57,13.68,44.444925,26.127289
2022-04-18 04:00:00,2022-04-18 05:00:00,10.29,19.73,44.444925,26.127289
2022-04-18 05:00:00,2022-04-18 06:00:00,14.72,21.93,44.444925,26.127289
2022-04-18 06:00:00,2022-04-18 07:00:00,17.72,33.57,44.444925,26.127289
2022-04-18 07:00:00,2022-04-18 08:00:00,16.83,37.08,44.444925,26.127289
2022-04-18 08:00:00,2022-04-18 09:00:00,13.2,42.37,44.444925,26.127289
2022-04-18 09:00:00,2022-04-18 10:00:00,11.28,28.2,44.444925,26.127289
2022-04-18 10:00:00,2022-04-18 11:00:00,11.6,30.53,44.444925,26.127289
2022-04-18 11:00:00,2022-04-18 12:00:00,8.78,27.55,44.444925,26.127289
2022-04-18 12:00:00,2022-04-18 13:00:00,8.0,29.87,44.444925,26.127289
2022-04-18 13:00:00,2022-04-18 14:00:00,8.52,31.74,44.444925,26.127289
2022-04-18 14:00:00,2022-04-18 15:00:00,8.54,41.87,44.444925,26.127289
2022-04-18 15:00:00,2022-04-18 16:00:00,9.22,46.49,44.444925,26.127289
2022-04-18 16:00:00,2022-04-18 17:00:00,11.41,41.47,44.444925,26.127289
2022-04-18 17:00:00,2022-04-18 18:00:00,11.5,47.17,44.444925,26.127289
2022-04-18 18:00:00,2022-04-18 19:00:00,14.29,41.53,44.444925,26.127289
2022-04-18 20:00:00,2022-04-18 21:00:00,27.1,33.22,44.444925,26.127289
2022-04-18 21:00:00,2022-04-18 22:00:00,19.57,28.14,44.444925,26.127289
2022-04-18 22:00:00,2022-04-18 23:00:00,18.53,23.92,44.444925,26.127289
2022-04-18 23:00:00,2022-04-19 00:00:00,12.45,16.12,44.444925,26.127289
2022-04-19 00:00:00,2022-04-19 01:00:00,12.82,22.47,44.444925,26.127289
2022-04-19 01:00:00,2022-04-19 02:00:00,12.53,14.47,44.444925,26.127289
2022-04-19 02:00:00,2022-04-19 03:00:00,12.65,15.43,44.444925,26.127289
2022-04-19 03:00:00,2022-04-19 04:00:00,13.14,17.2,44.444925,26.127289
2022-04-19 04:00:00,2022-04-19 05:00:00,16.07,23.27,44.444925,26.127289
2022-04-19 05:00:00,2022-04-19 06:00:00,17.55,34.04,44.444925,26.127289
2022-04-19 06:00:00,2022-04-19 07:00:00,20.47,41.82,44.444925,26.127289
2022-04-19 07:00:00,2022-04-19 08:00:00,20.64,37.94,44.444925,26.127289
2022-04-19 08:00:00,2022-04-19 09:00:00,12.14,26.7,44.444925,26.127289
2022-04-19 09:00:00,2022-04-19 10:00:00,11.69,27.25,44.444925,26.127289
2022-04-19 10:00:00,2022-04-19 11:00:00,10.04,34.63,44.444925,26.127289
2022-04-19 11:00:00,2022-04-19 12:00:00,10.24,37.02,44.444925,26.127289
2022-04-19 12:00:00,2022-04-19 13:00:00,12.6,31.76,44.444925,26.127289
2022-04-19 13:00:00,2022-04-19 14:00:00,11.71,31.72,44.444925,26.127289
2022-04-19 14:00:00,2022-04-19 15:00:00,10.39,38.66,44.444925,26.127289
2022-04-19 15:00:00,2022-04-19 16:00:00,12.94,51.97,44.444925,26.127289
2022-04-19 16:00:00,2022-04-19 17:00:00,13.12,41.09,44.444925,26.127289
2022-04-19 17:00:00,2022-04-19 18:00:00,13.41,66.7,44.444925,26.127289
2022-04-19 18:00:00,2022-04-19 19:00:00,17.3,60.18,44.444925,26.127289
2022-04-19 19:00:00,2022-04-19 20:00:00,18.15,54.05,44.444925,26.127289
2022-04-19 21:00:00,2022-04-19 22:00:00,12.26,52.79,44.444925,26.127289
2022-04-19 22:00:00,2022-04-19 23:00:00,14.86,50.2,44.444925,26.127289
2022-04-19 23:00:00,2022-04-20 00:00:00,16.8,48.5,44.444925,26.127289
2022-04-20 00:00:00,2022-04-20 01:00:00,16.13,34.15,44.444925,26.127289
2022-04-20 01:00:00,2022-04-20 02:00:00,12.15,16.04,44.444925,26.127289
2022-04-20 02:00:00,2022-04-20 03:00:00,12.1,15.58,44.444925,26.127289
2022-04-20 03:00:00,2022-04-20 04:00:00,13.46,15.56,44.444925,26.127289
2022-04-20 04:00:00,2022-04-20 05:00:00,13.91,21.17,44.444925,26.127289
2022-04-20 05:00:00,2022-04-20 06:00:00,14.92,30.38,44.444925,26.127289
2022-04-20 06:00:00,2022-04-20 07:00:00,16.33,37.84,44.444925,26.127289
2022-04-20 07:00:00,2022-04-20 08:00:00,20.68,39.52,44.444925,26.127289
2022-04-20 08:00:00,2022-04-20 09:00:00,21.97,41.61,44.444925,26.127289
2022-04-20 09:00:00,2022-04-20 10:00:00,19.0,33.79,44.444925,26.127289
2022-04-20 10:00:00,2022-04-20 11:00:00,17.59,29.56,44.444925,26.127289
2022-04-20 11:00:00,2022-04-20 12:00:00,13.34,20.76,44.444925,26.127289
2022-04-20 12:00:00,2022-04-20 13:00:00,10.3,18.51,44.444925,26.127289
2022-04-20 13:00:00,2022-04-20 14:00:00,9.33,19.64,44.444925,26.127289
2022-04-20 14:00:00,2022-04-20 15:00:00,9.73,19.82,44.444925,26.127289
2022-04-20 15:00:00,2022-04-20 16:00:00,12.22,21.34,44.444925,26.127289
2022-04-20 16:00:00,2022-04-20 17:00:00,9.59,24.18,44.444925,26.127289
2022-04-20 17:00:00,2022-04-20 18:00:00,14.1,22.15,44.444925,26.127289
2022-04-20 18:00:00,2022-04-20 19:00:00,14.68,28.51,44.444925,26.127289
2022-04-20 19:00:00,2022-04-20 20:00:00,15.56,27.9,44.444925,26.127289
2022-04-20 20:00:00,2022-04-20 21:00:00,15.1,20.47,44.444925,26.127289
2022-04-20 22:00:00,2022-04-20 23:00:00,17.22,15.56,44.444925,26.127289
2022-04-20 23:00:00,2022-04-21 00:00:00,16.37,11.32,44.444925,26.127289
2022-04-21 00:00:00,2022-04-21 01:00:00,17.03,9.7,44.444925,26.127289
2022-04-21 01:00:00,2022-04-21 02:00:00,17.29,9.52,44.444925,26.127289
2022-04-21 02:00:00,2022-04-21 03:00:00,17.65,9.6,44.444925,26.127289
2022-04-21 03:00:00,2022-04-21 04:00:00,16.65,9.23,44.444925,26.127289
2022-04-21 04:00:00,2022-04-21 05:00:00,18.33,10.65,44.444925,26.127289
2022-04-21 05:00:00,2022-04-21 06:00:00,21.51,18.97,44.444925,26.127289
2022-04-21 06:00:00,2022-04-21 07:00:00,23.09,25.98,44.444925,26.127289
2022-04-21 07:00:00,2022-04-21 08:00:00,26.77,25.04,44.444925,26.127289
2022-04-21 08:00:00,2022-04-21 09:00:00,28.73,20.77,44.444925,26.127289
2022-04-21 09:00:00,2022-04-21 10:00:00,28.42,17.86,44.444925,26.127289
2022-04-21 10:00:00,2022-04-21 11:00:00,24.9,18.43,44.444925,26.127289
2022-04-21 11:00:00,2022-04-21 12:00:00,19.04,16.52,44.444925,26.127289
2022-04-21 12:00:00,2022-04-21 13:00:00,15.38,14.11,44.444925,26.127289
2022-04-21 13:00:00,2022-04-21 14:00:00,12.4,15.41,44.444925,26.127289
2022-04-21 14:00:00,2022-04-21 15:00:00,11.04,13.82,44.444925,26.127289
2022-04-21 15:00:00,2022-04-21 16:00:00,10.2,14.19,44.444925,26.127289
2022-04-21 16:00:00,2022-04-21 17:00:00,10.32,15.28,44.444925,26.127289
2022-04-21 17:00:00,2022-04-21 18:00:00,11.32,14.7,44.444925,26.127289
2022-04-21 18:00:00,2022-04-21 19:00:00,13.06,21.17,44.444925,26.127289
2022-04-21 19:00:00,2022-04-21 20:00:00,19.84,47.36,44.444925,26.127289
2022-04-21 20:00:00,2022-04-21 21:00:00,22.48,58.27,44.444925,26.127289
2022-04-21 21:00:00,2022-04-21 22:00:00,30.71,64.94,44.444925,26.127289
2022-04-21 23:00:00,2022-04-22 00:00:00,45.58,68.81,44.444925,26.127289
2022-04-22 00:00:00,2022-04-22 01:00:00,44.14,53.92,44.444925,26.127289
2022-04-22 01:00:00,2022-04-22 02:00:00,39.42,57.98,44.444925,26.127289
2022-04-22 02:00:00,2022-04-22 03:00:00,27.82,43.3,44.444925,26.127289
2022-04-22 03:00:00,2022-04-22 04:00:00,26.18,43.34,44.444925,26.127289
2022-04-22 04:00:00,2022-04-22 05:00:00,33.38,58.1,44.444925,26.127289
2022-04-22 05:00:00,2022-04-22 06:00:00,37.62,57.41,44.444925,26.127289
2022-04-22 06:00:00,2022-04-22 07:00:00,37.12,57.59,44.444925,26.127289
2022-04-22 07:00:00,2022-04-22 08:00:00,40.11,56.57,44.444925,26.127289
2022-04-22 08:00:00,2022-04-22 09:00:00,38.38,53.56,44.444925,26.127289
2022-04-22 09:00:00,2022-04-22 10:00:00,31.54,62.66,44.444925,26.127289
2022-04-22 10:00:00,2022-04-22 11:00:00,35.74,55.63,44.444925,26.127289
2022-04-22 11:00:00,2022-04-22 12:00:00,34.86,48.22,44.444925,26.127289
2022-04-22 12:00:00,2022-04-22 13:00:00,36.27,40.49,44.444925,26.127289
2022-04-22 13:00:00,2022-04-22 14:00:00,27.02,29.95,44.444925,26.127289
2022-04-22 14:00:00,2022-04-22 15:00:00,21.7,25.08,44.444925,26.127289
2022-04-22 15:00:00,2022-04-22 16:00:00,18.52,23.29,44.444925,26.127289
2022-04-22 16:00:00,2022-04-22 17:00:00,17.38,23.99,44.444925,26.127289
2022-04-22 17:00:00,2022-04-22 18:00:00,19.15,29.45,44.444925,26.127289
2022-04-22 18:00:00,2022-04-22 19:00:00,21.75,31.39,44.444925,26.127289
2022-04-22 19:00:00,2022-04-22 20:00:00,21.58,37.29,44.444925,26.127289
2022-04-22 20:00:00,2022-04-22 21:00:00,26.78,44.14,44.444925,26.127289
2022-04-22 21:00:00,2022-04-22 22:00:00,26.48,39.67,44.444925,26.127289
2022-04-22 22:00:00,2022-04-22 23:00:00,24.51,42.82,44.444925,26.127289
2022-04-23 00:00:00,2022-04-23 01:00:00,22.94,33.72,44.444925,26.127289
2022-04-23 01:00:00,2022-04-23 02:00:00,25.99,27.92,44.444925,26.127289
2022-04-23 02:00:00,2022-04-23 03:00:00,31.64,24.24,44.444925,26.127289
2022-04-23 03:00:00,2022-04-23 04:00:00,35.5,23.6,44.444925,26.127289
2022-04-23 04:00:00,2022-04-23 05:00:00,36.4,24.04,44.444925,26.127289
2022-04-23 05:00:00,2022-04-23 06:00:00,36.02,23.16,44.444925,26.127289
2022-04-23 06:00:00,2022-04-23 07:00:00,34.49,19.82,44.444925,26.127289
2022-04-23 07:00:00,2022-04-23 08:00:00,34.51,20.68,44.444925,26.127289
2022-04-23 08:00:00,2022-04-23 09:00:00,33.27,23.84,44.444925,26.127289
2022-04-23 09:00:00,2022-04-23 10:00:00,27.55,17.75,44.444925,26.127289
2022-04-23 10:00:00,2022-04-23 11:00:00,21.58,11.73,44.444925,26.127289
2022-04-23 11:00:00,2022-04-23 12:00:00,13.75,8.65,44.444925,26.127289
2022-04-23 12:00:00,2022-04-23 13:00:00,7.54,8.4,44.444925,26.127289
2022-04-23 13:00:00,2022-04-23 14:00:00,10.01,9.07,44.444925,26.127289
2022-04-23 14:00:00,2022-04-23 15:00:00,10.4,6.9,44.444925,26.127289
2022-04-23 15:00:00,2022-04-23 16:00:00,7.32,6.84,44.444925,26.127289
2022-04-23 16:00:00,2022-04-23 17:00:00,5.51,6.98,44.444925,26.127289
2022-04-23 17:00:00,2022-04-23 18:00:00,8.11,9.67,44.444925,26.127289
2022-04-23 18:00:00,2022-04-23 19:00:00,6.95,15.42,44.444925,26.127289
2022-04-23 19:00:00,2022-04-23 20:00:00,7.47,19.29,44.444925,26.127289
2022-04-23 20:00:00,2022-04-23 21:00:00,13.29,25.8,44.444925,26.127289
2022-04-23 21:00:00,2022-04-23 22:00:00,13.6,32.01,44.444925,26.127289
2022-04-23 22:00:00,2022-04-23 23:00:00,12.89,25.02,44.444925,26.127289
2022-04-23 23:00:00,2022-04-24 00:00:00,18.22,19.72,44.444925,26.127289
2022-04-24 01:00:00,2022-04-24 02:00:00,22.31,29.82,44.444925,26.127289
2022-04-24 02:00:00,2022-04-24 03:00:00,23.92,22.27,44.444925,26.127289
2022-04-24 03:00:00,2022-04-24 04:00:00,27.71,24.83,44.444925,26.127289
2022-04-24 04:00:00,2022-04-24 05:00:00,26.57,22.04,44.444925,26.127289
2022-04-24 05:00:00,2022-04-24 06:00:00,28.96,26.1,44.444925,26.127289
2022-04-24 06:00:00,2022-04-24 07:00:00,34.22,25.85,44.444925,26.127289
2022-04-24 07:00:00,2022-04-24 08:00:00,34.36,20.42,44.444925,26.127289
2022-04-24 08:00:00,2022-04-24 09:00:00,34.1,21.86,44.444925,26.127289
2022-04-24 09:00:00,2022-04-24 10:00:00,24.43,16.64,44.444925,26.127289
2022-04-24 10:00:00,2022-04-24 11:00:00,13.46,11.14,44.444925,26.127289
2022-04-24 11:00:00,2022-04-24 12:00:00,8.32,9.1,44.444925,26.127289
2022-04-24 12:00:00,2022-04-24 13:00:00,6.98,8.43,44.444925,26.127289
2022-04-24 13:00:00,2022-04-24 14:00:00,6.83,10.39,44.444925,26.127289
2022-04-24 14:00:00,2022-04-24 15:00:00,7.49,10.94,44.444925,26.127289
2022-04-24 15:00:00,2022-04-24 16:00:00,6.25,9.64,44.444925,26.127289
2022-04-24 16:00:00,2022-04-24 17:00:00,5.84,11.26,44.444925,26.127289
2022-04-24 17:00:00,2022-04-24 18:00:00,7.03,16.91,44.444925,26.127289
2022-04-24 18:00:00,2022-04-24 19:00:00,11.9,34.2,44.444925,26.127289
2022-04-24 19:00:00,2022-04-24 20:00:00,15.85,62.39,44.444925,26.127289
2022-04-24 20:00:00,2022-04-24 21:00:00,18.54,53.89,44.444925,26.127289
2022-04-24 21:00:00,2022-04-24 22:00:00,13.51,35.0,44.444925,26.127289
2022-04-24 22:00:00,2022-04-24 23:00:00,13.8,22.86,44.444925,26.127289
2022-04-24 23:00:00,2022-04-25 00:00:00,12.91,20.83,44.444925,26.127289
2022-04-25 00:00:00,2022-04-25 01:00:00,13.62,16.38,44.444925,26.127289
2022-04-25 02:00:00,2022-04-25 03:00:00,14.75,26.57,44.444925,26.127289
2022-04-25 03:00:00,2022-04-25 04:00:00,16.16,25.84,44.444925,26.127289
2022-04-25 04:00:00,2022-04-25 05:00:00,15.46,21.46,44.444925,26.127289
2022-04-25 05:00:00,2022-04-25 06:00:00,14.18,20.95,44.444925,26.127289
2022-04-25 06:00:00,2022-04-25 07:00:00,13.8,21.83,44.444925,26.127289
2022-04-25 07:00:00,2022-04-25 08:00:00,14.84,18.08,44.444925,26.127289
2022-04-25 08:00:00,2022-04-25 09:00:00,16.62,18.34,44.444925,26.127289
2022-04-25 09:00:00,2022-04-25 10:00:00,20.79,17.56,44.444925,26.127289
2022-04-25 10:00:00,2022-04-25 11:00:00,24.19,20.39,44.444925,26.127289
2022-04-25 11:00:00,2022-04-25 12:00:00,28.41,14.72,44.444925,26.127289
2022-04-25 12:00:00,2022-04-25 13:00:00,33.12,13.32,44.444925,26.127289
2022-04-25 13:00:00,2022-04-25 14:00:00,33.04,9.0,44.444925,26.127289
2022-04-25 14:00:00,2022-04-25 15:00:00,28.68,9.95,44.444925,26.127289
2022-04-25 15:00:00,2022-04-25 16:00:00,28.88,8.83,44.444925,26.127289
2022-04-25 16:00:00,2022-04-25 17:00:00,25.7,9.05,44.444925,26.127289
2022-04-25 17:00:00,2022-04-25 18:00:00,17.02,10.02,44.444925,26.127289
2022-04-25 18:00:00,2022-04-25 19:00:00,15.09,14.99,44.444925,26.127289
2022-04-25 19:00:00,2022-04-25 20:00:00,17.56,18.28,44.444925,26.127289
2022-04-25 20:00:00,2022-04-25 21:00:00,12.6,22.76,44.444925,26.127289
2022-04-25 21:00:00,2022-04-25 22:00:00,13.99,28.31,44.444925,26.127289
2022-04-25 22:00:00,2022-04-25 23:00:00,10.68,18.09,44.444925,26.127289
2022-04-25 23:00:00,2022-04-26 00:00:00,13.26,25.92,44.444925,26.127289
2022-04-26 00:00:00,2022-04-26 01:00:00,15.93,40.09,44.444925,26.127289
2022-04-26 01:00:00,2022-04-26 02:00:00,18.75,48.55,44.444925,26.127289
2022-04-26 03:00:00,2022-04-26 04:00:00,22.38,48.47,44.444925,26.127289
2022-04-26 04:00:00,2022-04-26 05:00:00,33.04,52.12,44.444925,26.127289
2022-04-26 05:00:00,2022-04-26 06:00:00,31.32,59.72,44.444925,26.127289
2022-04-26 06:00:00,2022-04-26 07:00:00,36.16,57.98,44.444925,26.127289
2022-04-26 07:00:00,2022-04-26 08:00:00,36.06,54.54,44.444925,26.127289
2022-04-26 08:00:00,2022-04-26 09:00:00,22.24,32.06,44.444925,26.127289
2022-04-26 09:00:00,2022-04-26 10:00:00,21.15,29.23,44.444925,26.127289
2022-04-26 10:00:00,2022-04-26 11:00:00,18.3,22.14,44.444925,26.127289
2022-04-26 11:00:00,2022-04-26 12:00:00,17.52,18.82,44.444925,26.127289
2022-04-26 12:00:00,2022-04-26 13:00:00,17.5,18.14,44.444925,26.127289
2022-04-26 13:00:00,2022-04-26 14:00:00,13.6,14.03,44.444925,26.127289
2022-04-26 14:00:00,2022-04-26 15:00:00,12.16,16.56,44.444925,26.127289
2022-04-26 15:00:00,2022-04-26 16:00:00,12.86,14.5,44.444925,26.127289
2022-04-26 16:00:00,2022-04-26 17:00:00,13.49,19.65,44.444925,26.127289
2022-04-26 17:00:00,2022-04-26 18:00:00,13.69,19.32,44.444925,26.127289
2022-04-26 18:00:00,2022-04-26 19:00:00,15.22,24.84,44.444925,26.127289
2022-04-26 19:00:00,2022-04-26 20:00:00,17.75,29.88,44.444925,26.127289
2022-04-26 20:00:00,2022-04-26 21:00:00,19.89,38.29,44.444925,26.127289
2022-04-26 21:00:00,2022-04-26 22:00:00,29.53,59.75,44.444925,26.127289
2022-04-26 22:00:00,2022-04-26 23:00:00,27.39,59.83,44.444925,26.127289
2022-04-26 23:00:00,2022-04-27 00:00:00,36.97,68.72,44.444925,26.127289
2022-04-27 00:00:00,2022-04-27 01:00:00,27.81,54.65,44.444925,26.127289
2022-04-27 01:00:00,2022-04-27 02:00:00,21.42,31.58,44.444925,26.127289
2022-04-27 02:00:00,2022-04-27 03:00:00,28.86,44.44,44.444925,26.127289
2022-04-27 04:00:00,2022-04-27 05:00:00,18.75,20.31,44.444925,26.127289
2022-04-27 05:00:00,2022-04-27 06:00:00,17.87,28.87,44.444925,26.127289
2022-04-27 06:00:00,2022-04-27 07:00:00,20.94,33.33,44.444925,26.127289
2022-04-27 07:00:00,2022-04-27 08:00:00,22.63,39.04,44.444925,26.127289
2022-04-27 08:00:00,2022-04-27 09:00:00,23.97,36.93,44.444925,26.127289
2022-04-27 09:00:00,2022-04-27 10:00:00,23.16,33.81,44.444925,26.127289
2022-04-27 10:00:00,2022-04-27 11:00:00,24.58,31.02,44.444925,26.127289
2022-04-27 11:00:00,2022-04-27 12:00:00,20.03,34.3,44.444925,26.127289
2022-04-27 12:00:00,2022-04-27 13:00:00,17.7,33.34,44.444925,26.127289
2022-04-27 13:00:00,2022-04-27 14:00:00,17.65,28.48,44.444925,26.127289
2022-04-27 14:00:00,2022-04-27 15:00:00,16.68,34.77,44.444925,26.127289
2022-04-27 15:00:00,2022-04-27 16:00:00,15.47,41.9,44.444925,26.127289
2022-04-27 16:00:00,2022-04-27 17:00:00,18.52,50.39,44.444925,26.127289
2022-04-27 17:00:00,2022-04-27 18:00:00,17.93,41.6,44.444925,26.127289
2022-04-27 18:00:00,2022-04-27 19:00:00,16.33,44.1,44.444925,26.127289
2022-04-27 19:00:00,2022-04-27 20:00:00,17.08,36.63,44.444925,26.127289
2022-04-27 20:00:00,2022-04-27 21:00:00,14.31,30.28,44.444925,26.127289
2022-04-27 21:00:00,2022-04-27 22:00:00,13.22,29.92,44.444925,26.127289
2022-04-27 22:00:00,2022-04-27 23:00:00,13.83,22.38,44.444925,26.127289
2022-04-27 23:00:00,2022-04-28 00:00:00,15.65,18.57,44.444925,26.127289
2022-04-28 00:00:00,2022-04-28 01:00:00,14.96,14.63,44.444925,26.127289
2022-04-28 01:00:00,2022-04-28 02:00:00,16.08,11.39,44.444925,26.127289
2022-04-28 02:00:00,2022-04-28 03:00:00,17.98,10.3,44.444925,26.127289
2022-04-28 03:00:00,2022-04-28 04:00:00,17.38,8.41,44.444925,26.127289
2022-04-28 05:00:00,2022-04-28 06:00:00,18.22,25.38,44.444925,26.127289
2022-04-28 06:00:00,2022-04-28 07:00:00,19.65,29.35,44.444925,26.127289
2022-04-28 07:00:00,2022-04-28 08:00:00,20.35,41.87,44.444925,26.127289
2022-04-28 08:00:00,2022-04-28 09:00:00,23.02,41.48,44.444925,26.127289
2022-04-28 09:00:00,2022-04-28 10:00:00,23.56,37.62,44.444925,26.127289
2022-04-28 10:00:00,2022-04-28 11:00:00,22.62,25.45,44.444925,26.127289
2022-04-28 11:00:00,2022-04-28 12:00:00,19.29,20.79,44.444925,26.127289
2022-04-28 12:00:00,2022-04-28 13:00:00,22.23,24.67,44.444925,26.127289
2022-04-28 13:00:00,2022-04-28 14:00:00,22.97,28.88,44.444925,26.127289
2022-04-28 14:00:00,2022-04-28 15:00:00,24.21,35.14,44.444925,26.127289
2022-04-28 15:00:00,2022-04-28 16:00:00,22.25,40.93,44.444925,26.127289
2022-04-28 16:00:00,2022-04-28 17:00:00,17.59,26.82,44.444925,26.127289
2022-04-28 17:00:00,2022-04-28 18:00:00,20.77,30.77,44.444925,26.127289
2022-04-28 18:00:00,2022-04-28 19:00:00,19.46,26.27,44.444925,26.127289
2022-04-28 19:00:00,2022-04-28 20:00:00,19.59,29.26,44.444925,26.127289
2022-04-28 20:00:00,2022-04-28 21:00:00,23.78,31.31,44.444925,26.127289
2022-04-28 21:00:00,2022-04-28 22:00:00,20.63,23.56,44.444925,26.127289
2022-04-28 22:00:00,2022-04-28 23:00:00,17.75,18.28,44.444925,26.127289
2022-04-28 23:00:00,2022-04-29 00:00:00,14.93,13.4,44.444925,26.127289
2022-04-29 00:00:00,2022-04-29 01:00:00,14.5,12.78,44.444925,26.127289
2022-04-29 01:00:00,2022-04-29 02:00:00,16.46,9.1,44.444925,26.127289
2022-04-29 02:00:00,2022-04-29 03:00:00,18.45,10.04,44.444925,26.127289
2022-04-29 03:00:00,2022-04-29 04:00:00,18.63,10.95,44.444925,26.127289
2022-04-29 04:00:00,2022-04-29 05:00:00,17.61,12.62,44.444925,26.127289
2022-04-29 06:00:00,2022-04-29 07:00:00,9.44,31.85,44.444925,26.127289
2022-04-29 07:00:00,2022-04-29 08:00:00,6.24,37.97,44.444925,26.127289
2022-04-29 08:00:00,2022-04-29 09:00:00,7.61,35.61,44.444925,26.127289
2022-04-29 09:00:00,2022-04-29 10:00:00,8.72,42.74,44.444925,26.127289
2022-04-29 10:00:00,2022-04-29 11:00:00,8.94,41.9,44.444925,26.127289
2022-04-29 11:00:00,2022-04-29 12:00:00,8.65,39.47,44.444925,26.127289
2022-04-29 12:00:00,2022-04-29 13:00:00,8.48,31.6,44.444925,26.127289
2022-04-29 13:00:00,2022-04-29 14:00:00,7.04,33.24,44.444925,26.127289
2022-04-29 14:00:00,2022-04-29 15:00:00,6.57,32.14,44.444925,26.127289
2022-04-29 15:00:00,2022-04-29 16:00:00,7.37,38.25,44.444925,26.127289
2022-04-29 16:00:00,2022-04-29 17:00:00,8.45,37.64,44.444925,26.127289
2022-04-29 17:00:00,2022-04-29 18:00:00,9.95,43.03,44.444925,26.127289
2022-04-29 18:00:00,2022-04-29 19:00:00,10.8,41.59,44.444925,26.127289
2022-04-29 19:00:00,2022-04-29 20:00:00,10.75,42.91,44.444925,26.127289
2022-04-29 20:00:00,2022-04-29 21:00:00,13.35,34.9,44.444925,26.127289
2022-04-29 21:00:00,2022-04-29 22:00:00,13.43,37.87,44.444925,26.127289
2022-04-29 22:00:00,2022-04-29 23:00:00,12.46,31.1,44.444925,26.127289
2022-04-29 23:00:00,2022-04-30 00:00:00,12.45,33.69,44.444925,26.127289
2022-04-30 00:00:00,2022-04-30 01:00:00,12.5,30.33,44.444925,26.127289
2022-04-30 01:00:00,2022-04-30 02:00:00,14.25,24.11,44.444925,26.127289
2022-04-30 02:00:00,2022-04-30 03:00:00,14.38,23.72,44.444925,26.127289
2022-04-30 03:00:00,2022-04-30 04:00:00,12.13,21.72,44.444925,26.127289
2022-04-30 04:00:00,2022-04-30 05:00:00,12.14,23.87,44.444925,26.127289
2022-04-30 05:00:00,2022-04-30 06:00:00,13.48,25.51,44.444925,26.127289
2022-04-30 07:00:00,2022-04-30 08:00:00,16.49,24.71,44.444925,26.127289
2022-04-30 08:00:00,2022-04-30 09:00:00,14.02,21.12,44.444925,26.127289
2022-04-30 09:00:00,2022-04-30 10:00:00,11.73,17.03,44.444925,26.127289
2022-04-30 10:00:00,2022-04-30 11:00:00,11.59,18.25,44.444925,26.127289
2022-04-30 11:00:00,2022-04-30 12:00:00,12.14,18.2,44.444925,26.127289
2022-04-30 12:00:00,2022-04-30 13:00:00,12.96,17.18,44.444925,26.127289
2022-04-30 13:00:00,2022-04-30 14:00:00,13.2,17.3,44.444925,26.127289
2022-04-30 14:00:00,2022-04-30 15:00:00,12.88,19.27,44.444925,26.127289
2022-04-30 15:00:00,2022-04-30 16:00:00,12.57,19.65,44.444925,26.127289
2022-04-30 16:00:00,2022-04-30 17:00:00,14.23,23.4,44.444925,26.127289
2022-04-30 17:00:00,2022-04-30 18:00:00,16.27,34.56,44.444925,26.127289
2022-04-30 18:00:00,2022-04-30 19:00:00,16.69,26.95,44.444925,26.127289
2022-04-30 19:00:00,2022-04-30 20:00:00,19.78,34.24,44.444925,26.127289
2022-04-30 20:00:00,2022-04-30 21:00:00,23.47,46.14,44.444925,26.127289
2022-04-30 21:00:00,2022-04-30 22:00:00,30.09,50.13,44.444925,26.127289
2022-04-30 22:00:00,2022-04-30 23:00:00,23.95,48.65,44.444925,26.127289
2022-04-30 23:00:00,2022-05-01 00:00:00,21.07,41.53,44.444925,26.127289
2022-05-01 00:00:00,2022-05-01 01:00:00,20.2,32.9,44.444925,26.127289
2022-05-01 01:00:00,2022-05-01 02:00:00,18.54,31.48,44.444925,26.127289
2022-05-01 02:00:00,2022-05-01 03:00:00,18.76,21.1,44.444925,26.127289
2022-05-01 03:00:00,2022-05-01 04:00:00,17.79,22.38,44.444925,26.127289
2022-05-01 04:00:00,2022-05-01 05:00:00,18.16,24.97,44.444925,26.127289
2022-05-01 05:00:00,2022-05-01 06:00:00,18.39,25.16,44.444925,26.127289
2022-05-01 06:00:00,2022-05-01 07:00:00,18.71,22.48,44.444925,26.127289
2022-05-01 08:00:00,2022-05-01 09:00:00,16.73,15.86,44.444925,26.127289
2022-05-01 09:00:00,2022-05-01 10:00:00,16.42,14.52,44.444925,26.127289
2022-05-01 10:00:00,2022-05-01 11:00:00,13.59,11.02,44.444925,26.127289
2022-05-01 11:00:00,2022-05-01 12:00:00,12.67,11.22,44.444925,26.127289
2022-05-01 12:00:00,2022-05-01 13:00:00,13.53,9.97,44.444925,26.127289
2022-05-01 13:00:00,2022-05-01 14:00:00,13.02,12.94,44.444925,26.127289
2022-05-01 14:00:00,2022-05-01 15:00:00,14.81,12.71,44.444925,26.127289
2022-05-01 15:00:00,2022-05-01 16:00:00,14.15,15.55,44.444925,26.127289
2022-05-01 16:00:00,2022-05-01 17:00:00,15.18,13.56,44.444925,26.127289
2022-05-01 17:00:00,2022-05-01 18:00:00,15.01,16.76,44.444925,26.127289
2022-05-01 18:00:00,2022-05-01 19:00:00,16.94,20.07,44.444925,26.127289
2022-05-01 19:00:00,2022-05-01 20:00:00,18.14,27.23,44.444925,26.127289
2022-05-01 20:00:00,2022-05-01 21:00:00,18.56,30.65,44.444925,26.127289
2022-05-01 21:00:00,2022-05-01 22:00:00,17.81,24.59,44.444925,26.127289
2022-05-01 22:00:00,2022-05-01 23:00:00,17.07,24.7,44.444925,26.127289
2022-05-01 23:00:00,2022-05-02 00:00:00,18.81,28.83,44.444925,26.127289
2022-05-02 00:00:00,2022-05-02 01:00:00,15.9,22.06,44.444925,26.127289
2022-05-02 01:00:00,2022-05-02 02:00:00,23.86,26.16,44.444925,26.127289
2022-05-02 02:00:00,2022-05-02 03:00:00,19.76,24.03,44.444925,26.127289
2022-05-02 03:00:00,2022-05-02 04:00:00,15.43,18.06,44.444925,26.127289
2022-05-02 04:00:00,2022-05-02 05:00:00,16.3,21.95,44.444925,26.127289
2022-05-02 05:00:00,2022-05-02 06:00:00,20.26,43.96,44.444925,26.127289
2022-05-02 06:00:00,2022-05-02 07:00:00,23.41,50.17,44.444925,26.127289
2022-05-02 07:00:00,2022-05-02 08:00:00,26.48,53.04,44.444925,26.127289
2022-05-02 09:00:00,2022-05-02 10:00:00,18.15,40.93,44.444925,26.127289
2022-05-02 10:00:00,2022-05-02 11:00:00,17.21,33.18,44.444925,26.127289
2022-05-02 11:00:00,2022-05-02 12:00:00,16.7,36.24,44.444925,26.127289
2022-05-02 12:00:00,2022-05-02 13:00:00,16.8,33.77,44.444925,26.127289
2022-05-02 13:00:00,2022-05-02 14:00:00,17.66,39.59,44.444925,26.127289
2022-05-02 14:00:00,2022-05-02 15:00:00,16.67,45.95,44.444925,26.127289
2022-05-02 15:00:00,2022-05-02 16:00:00,16.33,43.07,44.444925,26.127289
2022-05-02 16:00:00,2022-05-02 17:00:00,15.14,41.32,44.444925,26.127289
2022-05-02 17:00:00,2022-05-02 18:00:00,16.83,53.24,44.444925,26.127289
2022-05-02 18:00:00,2022-05-02 19:00:00,21.02,47.38,44.444925,26.127289
2022-05-02 19:00:00,2022-05-02 20:00:00,19.01,37.02,44.444925,26.127289
2022-05-02 20:00:00,2022-05-02 21:00:00,17.86,29.67,44.444925,26.127289
2022-05-02 21:00:00,2022-05-02 22:00:00,17.88,27.75,44.444925,26.127289
2022-05-02 22:00:00,2022-05-02 23:00:00,18.11,27.24,44.444925,26.127289
2022-05-02 23:00:00,2022-05-03 00:00:00,19.02,23.05,44.444925,26.127289
2022-05-03 00:00:00,2022-05-03 01:00:00,18.97,21.15,44.444925,26.127289
2022-05-03 01:00:00,2022-05-03 02:00:00,19.33,20.54,44.444925,26.127289
2022-05-03 02:00:00,2022-05-03 03:00:00,20.68,20.2,44.444925,26.127289
2022-05-03 03:00:00,2022-05-03 04:00:00,21.82,18.56,44.444925,26.127289
2022-05-03 04:00:00,2022-05-03 05:00:00,23.14,21.41,44.444925,26.127289
2022-05-03 05:00:00,2022-05-03 06:00:00,26.77,37.18,44.444925,26.127289
2022-05-03 06:00:00,2022-05-03 07:00:00,31.2,53.95,44.444925,26.127289
2022-05-03 07:00:00,2022-05-03 08:00:00,32.21,55.72,44.444925,26.127289
2022-05-03 08:00:00,2022-05-03 09:00:00,30.48,51.17,44.444925,26.127289
2022-05-03 10:00:00,2022-05-03 11:00:00,23.14,53.04,44.444925,26.127289
2022-05-03 11:00:00,2022-05-03 12:00:00,19.24,45.52,44.444925,26.127289
2022-05-03 12:00:00,2022-05-03 13:00:00,16.46,45.47,44.444925,26.127289
2022-05-03 13:00:00,2022-05-03 14:00:00,16.18,37.66,44.444925,26.127289
2022-05-03 14:00:00,2022-05-03 15:00:00,17.08,41.12,44.444925,26.127289
2022-05-03 15:00:00,2022-05-03 16:00:00,20.01,55.0,44.444925,26.127289
2022-05-03 16:00:00,2022-05-03 17:00:00,21.62,36.03,44.444925,26.127289
2022-05-03 17:00:00,2022-05-03 18:00:00,21.8,26.92,44.444925,26.127289
2022-05-03 18:00:00,2022-05-03 19:00:00,13.74,19.16,44.444925,26.127289
2022-05-03 19:00:00,2022-05-03 20:00:00,16.43,22.47,44.444925,26.127289
2022-05-03 20:00:00,2022-05-03 21:00:00,16.78,21.08,44.444925,26.127289
2022-05-03 21:00:00,2022-05-03 22:00:00,9.67,13.15,44.444925,26.127289
2022-05-03 22:00:00,2022-05-03 23:00:00,10.84,12.64,44.444925,26.127289
2022-05-03 23:00:00,2022-05-04 00:00:00,11.14,11.64,44.444925,26.127289
2022-05-04 00:00:00,2022-05-04 01:00:00,10.86,9.1,44.444925,26.127289
2022-05-04 01:00:00,2022-05-04 02:00:00,10.38,8.32,44.444925,26.127289
2022-05-04 02:00:00,2022-05-04 03:00:00,11.25,9.1,44.444925,26.127289
2022-05-04 03:00:00,2022-05-04 04:00:00,12.44,9.99,44.444925,26.127289
2022-05-04 04:00:00,2022-05-04 05:00:00,11.47,12.04,44.444925,26.127289
2022-05-04 05:00:00,2022-05-04 06:00:00,13.17,21.48,44.444925,26.127289
2022-05-04 06:00:00,2022-05-04 07:00:00,17.26,29.49,44.444925,26.127289
2022-05-04 07:00:00,2022-05-04 08:00:00,21.92,28.25,44.444925,26.127289
2022-05-04 08:00:00,2022-05-04 09:00:00,28.1,31.84,44.444925,26.127289
2022-05-04 09:00:00,2022-05-04 10:00:00,30.13,34.91,44.444925,26.127289
2022-05-04 11:00:00,2022-05-04 12:00:00,25.33,39.16,44.444925,26.127289
2022-05-04 12:00:00,2022-05-04 13:00:00,21.31,43.24,44.444925,26.127289
2022-05-04 13:00:00,2022-05-04 14:00:00,17.9,37.11,44.444925,26.127289
2022-05-04 14:00:00,2022-05-04 15:00:00,18.86,40.84,44.444925,26.127289
2022-05-04 15:00:00,2022-05-04 16:00:00,18.89,45.55,44.444925,26.127289
2022-05-04 16:00:00,2022-05-04 17:00:00,18.47,39.84,44.444925,26.127289
2022-05-04 17:00:00,2022-05-04 18:00:00,15.1,30.9,44.444925,26.127289
2022-05-04 18:00:00,2022-05-04 19:00:00,15.85,33.09,44.444925,26.127289
2022-05-04 19:00:00,2022-05-04 20:00:00,19.21,31.63,44.444925,26.127289
2022-05-04 20:00:00,2022-05-04 21:00:00,19.04,37.6,44.444925,26.127289
2022-05-04 21:00:00,2022-05-04 22:00:00,22.4,36.61,44.444925,26.127289
2022-05-04 22:00:00,2022-05-04 23:00:00,24.39,38.6,44.444925,26.127289
2022-05-04 23:00:00,2022-05-05 00:00:00,29.05,50.62,44.444925,26.127289
2022-05-05 00:00:00,2022-05-05 01:00:00,29.27,43.34,44.444925,26.127289
2022-05-05 01:00:00,2022-05-05 02:00:00,32.39,34.58,44.444925,26.127289
2022-05-05 02:00:00,2022-05-05 03:00:00,30.95,27.88,44.444925,26.127289
2022-05-05 03:00:00,2022-05-05 04:00:00,26.97,30.53,44.444925,26.127289
2022-05-05 04:00:00,2022-05-05 05:00:00,31.31,39.3,44.444925,26.127289
2022-05-05 05:00:00,2022-05-05 06:00:00,34.12,45.5,44.444925,26.127289
2022-05-05 06:00:00,2022-05-05 07:00:00,27.69,53.77,44.444925,26.127289
2022-05-05 07:00:00,2022-05-05 08:00:00,25.22,53.75,44.444925,26.127289
2022-05-05 08:00:00,2022-05-05 09:00:00,25.16,49.2,44.444925,26.127289
2022-05-05 09:00:00,2022-05-05 10:00:00,19.88,41.02,44.444925,26.127289
2022-05-05 10:00:00,2022-05-05 11:00:00,17.07,40.12,44.444925,26.127289
2022-05-05 12:00:00,2022-05-05 13:00:00,16.88,40.3,44.444925,26.127289
2022-05-05 13:00:00,2022-05-05 14:00:00,17.04,41.45,44.444925,26.127289
2022-05-05 14:00:00,2022-05-05 15:00:00,14.78,26.74,44.444925,26.127289
2022-05-05 15:00:00,2022-05-05 16:00:00,15.93,33.0,44.444925,26.127289
2022-05-05 16:00:00,2022-05-05 17:00:00,17.15,41.57,44.444925,26.127289
2022-05-05 17:00:00,2022-05-05 18:00:00,18.83,44.36,44.444925,26.127289
2022-05-05 18:00:00,2022-05-05 19:00:00,20.71,58.29,44.444925,26.127289
2022-05-05 19:00:00,2022-05-05 20:00:00,28.12,65.13,44.444925,26.127289
2022-05-05 20:00:00,2022-05-05 21:00:00,41.32,81.65,44.444925,26.127289
2022-05-05 21:00:00,2022-05-05 22:00:00,40.15,77.58,44.444925,26.127289
2022-05-05 22:00:00,2022-05-05 23:00:00,34.95,71.79,44.444925,26.127289
2022-05-05 23:00:00,2022-05-06 00:00:00,32.95,67.5,44.444925,26.127289
2022-05-06 00:00:00,2022-05-06 01:00:00,38.62,73.49,44.444925,26.127289
2022-05-06 01:00:00,2022-05-06 02:00:00,36.38,56.38,44.444925,26.127289
2022-05-06 02:00:00,2022-05-06 03:00:00,25.38,22.39,44.444925,26.127289
2022-05-06 03:00:00,2022-05-06 04:00:00,22.88,23.24,44.444925,26.127289
2022-05-06 04:00:00,2022-05-06 05:00:00,21.99,25.06,44.444925,26.127289
2022-05-06 05:00:00,2022-05-06 06:00:00,24.46,41.96,44.444925,26.127289
2022-05-06 06:00:00,2022-05-06 07:00:00,27.64,47.32,44.444925,26.127289
2022-05-06 07:00:00,2022-05-06 08:00:00,31.2,42.28,44.444925,26.127289
2022-05-06 08:00:00,2022-05-06 09:00:00,29.67,44.06,44.444925,26.127289
2022-05-06 09:00:00,2022-05-06 10:00:00,29.22,44.1,44.444925,26.127289
2022-05-06 10:00:00,2022-05-06 11:00:00,22.96,37.02,44.444925,26.127289
2022-05-06 11:00:00,2022-05-06 12:00:00,19.68,37.89,44.444925,26.127289
2022-05-06 13:00:00,2022-05-06 14:00:00,20.2,41.4,44.444925,26.127289
2022-05-06 14:00:00,2022-05-06 15:00:00,19.33,42.68,44.444925,26.127289
2022-05-06 15:00:00,2022-05-06 16:00:00,19.59,49.04,44.444925,26.127289
2022-05-06 16:00:00,2022-05-06 17:00:00,21.34,51.6,44.444925,26.127289
2022-05-06 17:00:00,2022-05-06 18:00:00,23.68,46.94,44.444925,26.127289
2022-05-06 18:00:00,2022-05-06 19:00:00,27.25,55.56,44.444925,26.127289
2022-05-06 19:00:00,2022-05-06 20:00:00,32.24,62.88,44.444925,26.127289
2022-05-06 20:00:00,2022-05-06 21:00:00,35.04,75.47,44.444925,26.127289
2022-05-06 21:00:00,2022-05-06 22:00:00,32.88,41.19,44.444925,26.127289
2022-05-06 22:00:00,2022-05-06 23:00:00,33.89,34.42,44.444925,26.127289
2022-05-06 23:00:00,2022-05-07 00:00:00,34.07,36.02,44.444925,26.127289
2022-05-07 00:00:00,2022-05-07 01:00:00,34.03,31.8,44.444925,26.127289
2022-05-07 01:00:00,2022-05-07 02:00:00,28.85,31.03,44.444925,26.127289
2022-05-07 02:00:00,2022-05-07 03:00:00,29.02,32.44,44.444925,26.127289
2022-05-07 03:00:00,2022-05-07 04:00:00,27.52,25.27,44.444925,26.127289
2022-05-07 04:00:00,2022-05-07 05:00:00,28.61,25.57,44.444925,26.127289
2022-05-07 05:00:00,2022-05-07 06:00:00,32.25,32.27,44.444925,26.127289
2022-05-07 06:00:00,2022-05-07 07:00:00,33.88,32.96,44.444925,26.127289
2022-05-07 07:00:00,2022-05-07 08:00:00,33.09,37.08,44.444925,26.127289
2022-05-07 08:00:00,2022-05-07 09:00:00,31.15,29.7,44.444925,26.127289
2022-05-07 09:00:00,2022-05-07 10:00:00,25.44,26.19,44.444925,26.127289
2022-05-07 10:00:00,2022-05-07 11:00:00,113.41,27.85,44.444925,26.127289
2022-05-07 11:00:00,2022-05-07 12:00:00,17.56,30.65,44.444925,26.127289
2022-05-07 12:00:00,2022-05-07 13:00:00,8.73,29.57,44.444925,26.127289
2022-05-07 14:00:00,2022-05-07 15:00:00,6.37,28.04,44.444925,26.127289
2022-05-07 15:00:00,2022-05-07 16:00:00,5.07,28.35,44.444925,26.127289
2022-05-07 16:00:00,2022-05-07 17:00:00,5.38,28.19,44.444925,26.127289
2022-05-07 17:00:00,2022-05-07 18:00:00,5.63,32.09,44.444925,26.127289
2022-05-07 18:00:00,2022-05-07 19:00:00,5.84,39.01,44.444925,26.127289
2022-05-07 19:00:00,2022-05-07 20:00:00,6.84,39.82,44.444925,26.127289
2022-05-07 20:00:00,2022-05-07 21:00:00,7.89,43.79,44.444925,26.127289
2022-05-07 21:00:00,2022-05-07 22:00:00,6.94,41.24,44.444925,26.127289
2022-05-07 22:00:00,2022-05-07 23:00:00,6.5,34.95,44.444925,26.127289
2022-05-07 23:00:00,2022-05-08 00:00:00,8.44,35.02,44.444925,26.127289
2022-05-08 00:00:00,2022-05-08 01:00:00,8.11,28.81,44.444925,26.127289
2022-05-08 01:00:00,2022-05-08 02:00:00,8.03,30.31,44.444925,26.127289
2022-05-08 02:00:00,2022-05-08 03:00:00,8.09,27.13,44.444925,26.127289
2022-05-08 03:00:00,2022-05-08 04:00:00,8.49,22.29,44.444925,26.127289
2022-05-08 04:00:00,2022-05-08 05:00:00,9.59,25.81,44.444925,26.127289
2022-05-08 05:00:00,2022-05-08 06:00:00,10.58,23.18,44.444925,26.127289
2022-05-08 06:00:00,2022-05-08 07:00:00,10.63,20.13,44.444925,26.127289
2022-05-08 07:00:00,2022-05-08 08:00:00,9.34,15.83,44.444925,26.127289
2022-05-08 08:00:00,2022-05-08 09:00:00,9.75,11.17,44.444925,26.127289
2022-05-08 09:00:00,2022-05-08 10:00:00,8.43,12.32,44.444925,26.127289
2022-05-08 10:00:00,2022-05-08 11:00:00,9.31,16.43,44.444925,26.127289
2022-05-08 11:00:00,2022-05-08 12:00:00,8.76,17.08,44.444925,26.127289
2022-05-08 12:00:00,2022-05-08 13:00:00,9.56,20.55,44.444925,26.127289
2022-05-08 13:00:00,2022-05-08 14:00:00,8.62,19.92,44.444925,26.127289
2022-05-08 15:00:00,2022-05-08 16:00:00,8.06,25.72,44.444925,26.127289
2022-05-08 16:00:00,2022-05-08 17:00:00,8.4,24.84,44.444925,26.127289
2022-05-08 17:00:00,2022-05-08 18:00:00,9.27,37.36,44.444925,26.127289
2022-05-08 18:00:00,2022-05-08 19:00:00,12.6,39.8,44.444925,26.127289
2022-05-08 19:00:00,2022-05-08 20:00:00,16.29,42.14,44.444925,26.127289
2022-05-08 20:00:00,2022-05-08 21:00:00,17.68,45.31,44.444925,26.127289
2022-05-08 21:00:00,2022-05-08 22:00:00,14.09,33.99,44.444925,26.127289
2022-05-08 22:00:00,2022-05-08 23:00:00,13.51,26.67,44.444925,26.127289
2022-05-08 23:00:00,2022-05-09 00:00:00,13.74,24.17,44.444925,26.127289
2022-05-09 00:00:00,2022-05-09 01:00:00,14.12,23.49,44.444925,26.127289
2022-05-09 01:00:00,2022-05-09 02:00:00,16.51,27.99,44.444925,26.127289
2022-05-09 02:00:00,2022-05-09 03:00:00,14.49,17.63,44.444925,26.127289
2022-05-09 03:00:00,2022-05-09 04:00:00,14.82,13.83,44.444925,26.127289
2022-05-09 04:00:00,2022-05-09 05:00:00,18.05,19.0,44.444925,26.127289
2022-05-09 05:00:00,2022-05-09 06:00:00,19.54,36.96,44.444925,26.127289
2022-05-09 06:00:00,2022-05-09 07:00:00,21.98,39.11,44.444925,26.127289
2022-05-09 07:00:00,2022-05-09 08:00:00,25.65,45.78,44.444925,26.127289
2022-05-09 08:00:00,2022-05-09 09:00:00,28.27,46.04,44.444925,26.127289
2022-05-09 09:00:00,2022-05-09 10:00:00,17.71,42.68,44.444925,26.127289
2022-05-09 10:00:00,2022-05-09 11:00:00,16.81,35.0,44.444925,26.127289
2022-05-09 11:00:00,2022-05-09 12:00:00,14.82,44.07,44.444925,26.127289
2022-05-09 12:00:00,2022-05-09 13:00:00,13.84,35.59,44.444925,26.127289
2022-05-09 13:00:00,2022-05-09 14:00:00,14.01,33.08,44.444925,26.127289
2022-05-09 14:00:00,2022-05-09 15:00:00,11.53,40.67,44.444925,26.127289
2022-05-09 16:00:00,2022-05-09 17:00:00,15.95,42.6,44.444925,26.127289
2022-05-09 17:00:00,2022-05-09 18:00:00,15.53,37.14,44.444925,26.127289
2022-05-09 18:00:00,2022-05-09 19:00:00,16.56,47.54,44.444925,26.127289
2022-05-09 19:00:00,2022-05-09 20:00:00,21.51,64.41,44.444925,26.127289
2022-05-09 20:00:00,2022-05-09 21:00:00,39.45,74.77,44.444925,26.127289
2022-05-09 21:00:00,2022-05-09 22:00:00,37.43,83.0,44.444925,26.127289
2022-05-09 22:00:00,2022-05-09 23:00:00,31.31,58.44,44.444925,26.127289
2022-05-09 23:00:00,2022-05-10 00:00:00,22.17,34.71,44.444925,26.127289
2022-05-10 00:00:00,2022-05-10 01:00:00,24.66,26.5,44.444925,26.127289
2022-05-10 01:00:00,2022-05-10 02:00:00,25.57,22.33,44.444925,26.127289
2022-05-10 02:00:00,2022-05-10 03:00:00,20.94,19.04,44.444925,26.127289
2022-05-10 03:00:00,2022-05-10 04:00:00,16.89,15.35,44.444925,26.127289
2022-05-10 04:00:00,2022-05-10 05:00:00,17.66,15.59,44.444925,26.127289
2022-05-10 05:00:00,2022-05-10 06:00:00,20.67,28.82,44.444925,26.127289
2022-05-10 06:00:00,2022-05-10 07:00:00,24.45,37.16,44.444925,26.127289
2022-05-10 07:00:00,2022-05-10 08:00:00,27.98,52.04,44.444925,26.127289
2022-05-10 08:00:00,2022-05-10 09:00:00,28.84,45.72,44.444925,26.127289
2022-05-10 09:00:00,2022-05-10 10:00:00,27.08,46.73,44.444925,26.127289
2022-05-10 10:00:00,2022-05-10 11:00:00,29.01,45.22,44.444925,26.127289
2022-05-10 11:00:00,2022-05-10 12:00:00,26.33,46.15,44.444925,26.127289
2022-05-10 12:00:00,2022-05-10 13:00:00,24.49,42.96,44.444925,26.127289
2022-05-10 13:00:00,2022-05-10 14:00:00,20.34,41.7,44.444925,26.127289
2022-05-10 14:00:00,2022-05-10 15:00:00,16.86,34.69,44.444925,26.127289
2022-05-10 15:00:00,2022-05-10 16:00:00,16.91,38.59,44.444925,26.127289
2022-05-10 17:00:00,2022-05-10 18:00:00,17.55,39.44,44.444925,26.127289
2022-05-10 18:00:00,2022-05-10 19:00:00,19.67,41.01,44.444925,26.127289
2022-05-10 19:00:00,2022-05-10 20:00:00,18.97,38.46,44.444925,26.127289
2022-05-10 20:00:00,2022-05-10 21:00:00,20.24,38.41,44.444925,26.127289
2022-05-10 21:00:00,2022-05-10 22:00:00,24.01,45.1,44.444925,26.127289
2022-05-10 22:00:00,2022-05-10 23:00:00,23.43,41.41,44.444925,26.127289
2022-05-10 23:00:00,2022-05-11 00:00:00,23.19,39.01,44.444925,26.127289
2022-05-11 00:00:00,2022-05-11 01:00:00,21.31,27.49,44.444925,26.127289
2022-05-11 01:00:00,2022-05-11 02:00:00,19.46,26.43,44.444925,26.127289
2022-05-11 02:00:00,2022-05-11 03:00:00,22.01,25.85,44.444925,26.127289
2022-05-11 03:00:00,2022-05-11 04:00:00,23.5,24.04,44.444925,26.127289
2022-05-11 04:00:00,2022-05-11 05:00:00,22.43,22.58,44.444925,26.127289
2022-05-11 05:00:00,2022-05-11 06:00:00,22.3,27.2,44.444925,26.127289
2022-05-11 06:00:00,2022-05-11 07:00:00,26.58,39.37,44.444925,26.127289
2022-05-11 07:00:00,2022-05-11 08:00:00,28.29,40.81,44.444925,26.127289
2022-05-11 08:00:00,2022-05-11 09:00:00,24.47,30.83,44.444925,26.127289
2022-05-11 09:00:00,2022-05-11 10:00:00,28.67,19.22,44.444925,26.127289
2022-05-11 10:00:00,2022-05-11 11:00:00,14.94,20.8,44.444925,26.127289
2022-05-11 11:00:00,2022-05-11 12:00:00,11.73,19.91,44.444925,26.127289
2022-05-11 12:00:00,2022-05-11 13:00:00,12.18,18.57,44.444925,26.127289
2022-05-11 13:00:00,2022-05-11 14:00:00,14.36,16.19,44.444925,26.127289
2022-05-11 14:00:00,2022-05-11 15:00:00,12.12,21.97,44.444925,26.127289
2022-05-11 15:00:00,2022-05-11 16:00:00,11.18,17.76,44.444925,26.127289
2022-05-11 16:00:00,2022-05-11 17:00:00,10.77,20.63,44.444925,26.127289
2022-05-11 18:00:00,2022-05-11 19:00:00,18.46,28.27,44.444925,26.127289
2022-05-11 19:00:00,2022-05-11 20:00:00,16.71,35.19,44.444925,26.127289
2022-05-11 20:00:00,2022-05-11 21:00:00,23.67,42.64,44.444925,26.127289
2022-05-11 21:00:00,2022-05-11 22:00:00,27.1,38.79,44.444925,26.127289
2022-05-11 22:00:00,2022-05-11 23:00:00,26.75,40.75,44.444925,26.127289
2022-05-11 23:00:00,2022-05-12 00:00:00,28.18,54.3,44.444925,26.127289
2022-05-12 00:00:00,2022-05-12 01:00:00,34.62,56.58,44.444925,26.127289
2022-05-12 01:00:00,2022-05-12 02:00:00,26.36,31.63,44.444925,26.127289
2022-05-12 02:00:00,2022-05-12 03:00:00,29.36,30.93,44.444925,26.127289
2022-05-12 03:00:00,2022-05-12 04:00:00,30.52,33.7,44.444925,26.127289
2022-05-12 04:00:00,2022-05-12 05:00:00,27.77,25.48,44.444925,26.127289
2022-05-12 05:00:00,2022-05-12 06:00:00,31.21,36.21,44.444925,26.127289
2022-05-12 06:00:00,2022-05-12 07:00:00,36.56,46.42,44.444925,26.127289
2022-05-12 07:00:00,2022-05-12 08:00:00,35.51,54.66,44.444925,26.127289
2022-05-12 08:00:00,2022-05-12 09:00:00,37.55,57.33,44.444925,26.127289
2022-05-12 09:00:00,2022-05-12 10:00:00,26.95,28.37,44.444925,26.127289
2022-05-12 10:00:00,2022-05-12 11:00:00,23.62,19.26,44.444925,26.127289
2022-05-12 11:00:00,2022-05-12 12:00:00,22.98,21.49,44.444925,26.127289
2022-05-12 12:00:00,2022-05-12 13:00:00,20.03,19.67,44.444925,26.127289
2022-05-12 13:00:00,2022-05-12 14:00:00,21.4,19.1,44.444925,26.127289
2022-05-12 14:00:00,2022-05-12 15:00:00,19.28,19.05,44.444925,26.127289
2022-05-12 15:00:00,2022-05-12 16:00:00,18.18,20.01,44.444925,26.127289
2022-05-12 16:00:00,2022-05-12 17:00:00,16.7,19.67,44.444925,26.127289
2022-05-12 17:00:00,2022-05-12 18:00:00,18.89,22.99,44.444925,26.127289
2022-05-12 19:00:00,2022-05-12 20:00:00,22.19,36.37,44.444925,26.127289
2022-05-12 20:00:00,2022-05-12 21:00:00,24.33,36.04,44.444925,26.127289
2022-05-12 21:00:00,2022-05-12 22:00:00,28.11,42.14,44.444925,26.127289
2022-05-12 22:00:00,2022-05-12 23:00:00,25.19,39.7,44.444925,26.127289
2022-05-12 23:00:00,2022-05-13 00:00:00,24.71,27.91,44.444925,26.127289
2022-05-13 00:00:00,2022-05-13 01:00:00,23.84,24.44,44.444925,26.127289
2022-05-13 01:00:00,2022-05-13 02:00:00,21.75,21.15,44.444925,26.127289
2022-05-13 02:00:00,2022-05-13 03:00:00,24.16,32.67,44.444925,26.127289
2022-05-13 03:00:00,2022-05-13 04:00:00,23.8,20.99,44.444925,26.127289
2022-05-13 04:00:00,2022-05-13 05:00:00,23.59,20.03,44.444925,26.127289
2022-05-13 05:00:00,2022-05-13 06:00:00,31.44,44.99,44.444925,26.127289
2022-05-13 06:00:00,2022-05-13 07:00:00,37.7,59.75,44.444925,26.127289
2022-05-13 07:00:00,2022-05-13 08:00:00,36.79,49.89,44.444925,26.127289
2022-05-13 08:00:00,2022-05-13 09:00:00,34.37,41.72,44.444925,26.127289
2022-05-13 09:00:00,2022-05-13 10:00:00,31.25,33.81,44.444925,26.127289
2022-05-13 11:00:00,2022-05-13 12:00:00,26.99,26.81,44.444925,26.127289
2022-05-13 12:00:00,2022-05-13 13:00:00,26.78,29.64,44.444925,26.127289
2022-05-13 13:00:00,2022-05-13 14:00:00,28.25,36.54,44.444925,26.127289
2022-05-13 14:00:00,2022-05-13 15:00:00,28.59,45.37,44.444925,26.127289
2022-05-13 15:00:00,2022-05-13 16:00:00,27.48,36.94,44.444925,26.127289
2022-05-13 16:00:00,2022-05-13 17:00:00,24.94,30.45,44.444925,26.127289
2022-05-13 17:00:00,2022-05-13 18:00:00,27.96,36.14,44.444925,26.127289
2022-05-13 18:00:00,2022-05-13 19:00:00,25.99,33.42,44.444925,26.127289
2022-05-13 20:00:00,2022-05-13 21:00:00,32.22,38.72,44.444925,26.127289
2022-05-13 21:00:00,2022-05-13 22:00:00,34.45,60.68,44.444925,26.127289
2022-05-13 22:00:00,2022-05-13 23:00:00,45.25,47.85,44.444925,26.127289
2022-05-13 23:00:00,2022-05-14 00:00:00,32.69,44.72,44.444925,26.127289
2022-05-14 00:00:00,2022-05-14 01:00:00,31.64,50.34,44.444925,26.127289
2022-05-14 01:00:00,2022-05-14 02:00:00,37.11,53.2,44.444925,26.127289
2022-05-14 02:00:00,2022-05-14 03:00:00,32.7,36.68,44.444925,26.127289
2022-05-14 03:00:00,2022-05-14 04:00:00,20.09,21.53,44.444925,26.127289
2022-05-14 04:00:00,2022-05-14 05:00:00,19.54,22.19,44.444925,26.127289
2022-05-14 05:00:00,2022-05-14 06:00:00,22.09,25.36,44.444925,26.127289
2022-05-14 06:00:00,2022-05-14 07:00:00,24.29,28.59,44.444925,26.127289
2022-05-14 07:00:00,2022-05-14 08:00:00,27.17,25.61,44.444925,26.127289
2022-05-14 08:00:00,2022-05-14 09:00:00,27.84,27.49,44.444925,26.127289
2022-05-14 09:00:00,2022-05-14 10:00:00,27.86,26.29,44.444925,26.127289
2022-05-14 10:00:00,2022-05-14 11:00:00,25.51,16.68,44.444925,26.127289
2022-05-14 11:00:00,2022-05-14 12:00:00,26.95,15.48,44.444925,26.127289
2022-05-14 12:00:00,2022-05-14 13:00:00,29.53,13.98,44.444925,26.127289
2022-05-14 13:00:00,2022-05-14 14:00:00,27.56,15.5,44.444925,26.127289
2022-05-14 14:00:00,2022-05-14 15:00:00,23.41,13.45,44.444925,26.127289
2022-05-14 15:00:00,2022-05-14 16:00:00,24.91,12.75,44.444925,26.127289
2022-05-14 16:00:00,2022-05-14 17:00:00,26.97,11.89,44.444925,26.127289
2022-05-14 17:00:00,2022-05-14 18:00:00,27.87,18.26,44.444925,26.127289
2022-05-14 18:00:00,2022-05-14 19:00:00,28.06,35.5,44.444925,26.127289
2022-05-14 19:00:00,2022-05-14 20:00:00,24.11,31.82,44.444925,26.127289
2022-05-14 21:00:00,2022-05-14 22:00:00,24.54,36.49,44.444925,26.127289
2022-05-14 22:00:00,2022-05-14 23:00:00,23.24,31.6,44.444925,26.127289
2022-05-14 23:00:00,2022-05-15 00:00:00,24.79,24.76,44.444925,26.127289
2022-05-15 00:00:00,2022-05-15 01:00:00,22.04,23.8,44.444925,26.127289
2022-05-15 01:00:00,2022-05-15 02:00:00,20.46,20.22,44.444925,26.127289
2022-05-15 02:00:00,2022-05-15 03:00:00,19.99,17.68,44.444925,26.127289
2022-05-15 03:00:00,2022-05-15 04:00:00,20.19,14.87,44.444925,26.127289
2022-05-15 04:00:00,2022-05-15 05:00:00,19.39,17.38,44.444925,26.127289
2022-05-15 05:00:00,2022-05-15 06:00:00,17.4,16.56,44.444925,26.127289
2022-05-15 06:00:00,2022-05-15 07:00:00,17.34,15.92,44.444925,26.127289
2022-05-15 07:00:00,2022-05-15 08:00:00,16.67,16.06,44.444925,26.127289
2022-05-15 08:00:00,2022-05-15 09:00:00,16.69,17.06,44.444925,26.127289
2022-05-15 09:00:00,2022-05-15 10:00:00,17.68,22.29,44.444925,26.127289
2022-05-15 10:00:00,2022-05-15 11:00:00,17.01,18.25,44.444925,26.127289
2022-05-15 11:00:00,2022-05-15 12:00:00,19.33,16.45,44.444925,26.127289
2022-05-15 12:00:00,2022-05-15 13:00:00,21.02,16.04,44.444925,26.127289
2022-05-15 13:00:00,2022-05-15 14:00:00,20.24,13.42,44.444925,26.127289
2022-05-15 14:00:00,2022-05-15 15:00:00,21.87,15.83,44.444925,26.127289
2022-05-15 15:00:00,2022-05-15 16:00:00,21.6,12.1,44.444925,26.127289
2022-05-15 16:00:00,2022-05-15 17:00:00,22.77,12.14,44.444925,26.127289
2022-05-15 17:00:00,2022-05-15 18:00:00,20.42,11.38,44.444925,26.127289
2022-05-15 18:00:00,2022-05-15 19:00:00,21.76,17.82,44.444925,26.127289
2022-05-15 19:00:00,2022-05-15 20:00:00,19.22,23.47,44.444925,26.127289
2022-05-15 20:00:00,2022-05-15 21:00:00,21.65,26.52,44.444925,26.127289
2022-05-15 22:00:00,2022-05-15 23:00:00,21.78,31.91,44.444925,26.127289
2022-05-15 23:00:00,2022-05-16 00:00:00,20.71,21.66,44.444925,26.127289
2022-05-16 00:00:00,2022-05-16 01:00:00,24.02,23.53,44.444925,26.127289
2022-05-16 01:00:00,2022-05-16 02:00:00,24.61,25.82,44.444925,26.127289
2022-05-16 02:00:00,2022-05-16 03:00:00,23.19,25.43,44.444925,26.127289
2022-05-16 03:00:00,2022-05-16 04:00:00,23.64,26.1,44.444925,26.127289
2022-05-16 04:00:00,2022-05-16 05:00:00,22.71,34.01,44.444925,26.127289
2022-05-16 05:00:00,2022-05-16 06:00:00,26.87,53.39,44.444925,26.127289
2022-05-16 06:00:00,2022-05-16 07:00:00,26.07,54.01,44.444925,26.127289
2022-05-16 07:00:00,2022-05-16 08:00:00,29.27,59.13,44.444925,26.127289
2022-05-16 08:00:00,2022-05-16 09:00:00,31.89,44.03,44.444925,26.127289
2022-05-16 09:00:00,2022-05-16 10:00:00,29.22,46.83,44.444925,26.127289
2022-05-16 10:00:00,2022-05-16 11:00:00,30.28,43.78,44.444925,26.127289
2022-05-16 11:00:00,2022-05-16 12:00:00,29.08,43.69,44.444925,26.127289
2022-05-16 12:00:00,2022-05-16 13:00:00,24.6,48.04,44.444925,26.127289
2022-05-16 13:00:00,2022-05-16 14:00:00,25.59,50.26,44.444925,26.127289
2022-05-16 14:00:00,2022-05-16 15:00:00,25.62,47.49,44.444925,26.127289
2022-05-16 15:00:00,2022-05-16 16:00:00,25.36,26.83,44.444925,26.127289
2022-05-16 16:00:00,2022-05-16 17:00:00,25.92,27.44,44.444925,26.127289
2022-05-16 17:00:00,2022-05-16 18:00:00,24.54,34.2,44.444925,26.127289
2022-05-16 18:00:00,2022-05-16 19:00:00,27.35,43.48,44.444925,26.127289
2022-05-16 19:00:00,2022-05-16 20:00:00,31.47,46.28,44.444925,26.127289
2022-05-16 20:00:00,2022-05-16 21:00:00,43.79,64.59,44.444925,26.127289
2022-05-16 21:00:00,2022-05-16 22:00:00,48.85,58.18,44.444925,26.127289
2022-05-16 23:00:00,2022-05-17 00:00:00,22.98,22.52,44.444925,26.127289
2022-05-17 00:00:00,2022-05-17 01:00:00,19.26,15.78,44.444925,26.127289
2022-05-17 01:00:00,2022-05-17 02:00:00,18.29,15.48,44.444925,26.127289
2022-05-17 02:00:00,2022-05-17 03:00:00,19.94,17.51,44.444925,26.127289
2022-05-17 03:00:00,2022-05-17 04:00:00,26.54,23.06,44.444925,26.127289
2022-05-17 04:00:00,2022-05-17 05:00:00,27.86,22.53,44.444925,26.127289
2022-05-17 05:00:00,2022-05-17 06:00:00,36.94,45.7,44.444925,26.127289
2022-05-17 06:00:00,2022-05-17 07:00:00,43.28,57.79,44.444925,26.127289
2022-05-17 07:00:00,2022-05-17 08:00:00,45.11,67.77,44.444925,26.127289
2022-05-17 08:00:00,2022-05-17 09:00:00,50.4,72.58,44.444925,26.127289
2022-05-17 09:00:00,2022-05-17 10:00:00,47.32,65.86,44.444925,26.127289
2022-05-17 10:00:00,2022-05-17 11:00:00,33.63,53.08,44.444925,26.127289
2022-05-17 11:00:00,2022-05-17 12:00:00,32.31,59.71,44.444925,26.127289
2022-05-17 12:00:00,2022-05-17 13:00:00,29.13,45.72,44.444925,26.127289
2022-05-17 13:00:00,2022-05-17 14:00:00,24.69,30.58,44.444925,26.127289
2022-05-17 14:00:00,2022-05-17 15:00:00,23.21,25.5,44.444925,26.127289
2022-05-17 15:00:00,2022-05-17 16:00:00,23.97,28.3,44.444925,26.127289
2022-05-17 16:00:00,2022-05-17 17:00:00,24.08,29.1,44.444925,26.127289
2022-05-17 17:00:00,2022-05-17 18:00:00,23.09,24.66,44.444925,26.127289
2022-05-17 18:00:00,2022-05-17 19:00:00,27.89,43.56,44.444925,26.127289
2022-05-17 19:00:00,2022-05-17 20:00:00,26.03,32.18,44.444925,26.127289
2022-05-17 20:00:00,2022-05-17 21:00:00,23.82,30.98,44.444925,26.127289
2022-05-17 21:00:00,2022-05-17 22:00:00,25.52,34.6,44.444925,26.127289
2022-05-17 22:00:00,2022-05-17 23:00:00,27.22,28.99,44.444925,26.127289
2022-05-18 00:00:00,2022-05-18 01:00:00,24.63,25.42,44.444925,26.127289
2022-05-18 01:00:00,2022-05-18 02:00:00,21.48,16.13,44.444925,26.127289
2022-05-18 02:00:00,2022-05-18 03:00:00,22.47,16.08,44.444925,26.127289
2022-05-18 03:00:00,2022-05-18 04:00:00,12.33,11.47,44.444925,26.127289
2022-05-18 04:00:00,2022-05-18 05:00:00,8.75,11.55,44.444925,26.127289
2022-05-18 05:00:00,2022-05-18 06:00:00,9.7,22.69,44.444925,26.127289
2022-05-18 06:00:00,2022-05-18 07:00:00,10.93,35.19,44.444925,26.127289
2022-05-18 07:00:00,2022-05-18 08:00:00,13.83,44.36,44.444925,26.127289
2022-05-18 08:00:00,2022-05-18 09:00:00,20.18,49.74,44.444925,26.127289
2022-05-18 09:00:00,2022-05-18 10:00:00,20.43,47.74,44.444925,26.127289
2022-05-18 10:00:00,2022-05-18 11:00:00,21.09,39.65,44.444925,26.127289
2022-05-18 11:00:00,2022-05-18 12:00:00,23.08,41.29,44.444925,26.127289
2022-05-18 12:00:00,2022-05-18 13:00:00,21.64,44.8,44.444925,26.127289
2022-05-18 13:00:00,2022-05-18 14:00:00,20.97,48.27,44.444925,26.127289
2022-05-18 14:00:00,2022-05-18 15:00:00,19.83,29.4,44.444925,26.127289
2022-05-18 15:00:00,2022-05-18 16:00:00,24.58,23.68,44.444925,26.127289
2022-05-18 16:00:00,2022-05-18 17:00:00,18.81,22.54,44.444925,26.127289
2022-05-18 17:00:00,2022-05-18 18:00:00,19.41,24.55,44.444925,26.127289
2022-05-18 18:00:00,2022-05-18 19:00:00,20.07,19.2,44.444925,26.127289
2022-05-18 19:00:00,2022-05-18 20:00:00,25.43,24.76,44.444925,26.127289
2022-05-18 20:00:00,2022-05-18 21:00:00,26.33,25.87,44.444925,26.127289
2022-05-18 21:00:00,2022-05-18 22:00:00,20.23,24.72,44.444925,26.127289
2022-05-18 22:00:00,2022-05-18 23:00:00,22.25,24.28,44.444925,26.127289
2022-05-18 23:00:00,2022-05-19 00:00:00,16.33,12.74,44.444925,26.127289
2022-05-19 01:00:00,2022-05-19 02:00:00,16.34,16.62,44.444925,26.127289
2022-05-19 02:00:00,2022-05-19 03:00:00,19.08,13.22,44.444925,26.127289
2022-05-19 03:00:00,2022-05-19 04:00:00,19.48,11.8,44.444925,26.127289
2022-05-19 04:00:00,2022-05-19 05:00:00,19.61,11.07,44.444925,26.127289
2022-05-19 05:00:00,2022-05-19 06:00:00,21.48,19.86,44.444925,26.127289
2022-05-19 06:00:00,2022-05-19 07:00:00,25.76,32.02,44.444925,26.127289
2022-05-19 07:00:00,2022-05-19 08:00:00,29.9,41.69,44.444925,26.127289
2022-05-19 08:00:00,2022-05-19 09:00:00,18.31,37.33,44.444925,26.127289
2022-05-19 09:00:00,2022-05-19 10:00:00,13.35,28.51,44.444925,26.127289
2022-05-19 10:00:00,2022-05-19 11:00:00,13.41,23.25,44.444925,26.127289
2022-05-19 11:00:00,2022-05-19 12:00:00,12.13,19.48,44.444925,26.127289
2022-05-19 12:00:00,2022-05-19 13:00:00,12.12,16.13,44.444925,26.127289
2022-05-19 13:00:00,2022-05-19 14:00:00,13.11,14.35,44.444925,26.127289
2022-05-19 14:00:00,2022-05-19 15:00:00,15.36,18.22,44.444925,26.127289
2022-05-19 15:00:00,2022-05-19 16:00:00,15.09,23.38,44.444925,26.127289
2022-05-19 16:00:00,2022-05-19 17:00:00,15.19,22.54,44.444925,26.127289
2022-05-19 17:00:00,2022-05-19 18:00:00,15.15,27.53,44.444925,26.127289
2022-05-19 18:00:00,2022-05-19 19:00:00,17.28,22.13,44.444925,26.127289
2022-05-19 19:00:00,2022-05-19 20:00:00,17.67,31.58,44.444925,26.127289
2022-05-19 20:00:00,2022-05-19 21:00:00,25.56,40.29,44.444925,26.127289
2022-05-19 21:00:00,2022-05-19 22:00:00,23.0,37.62,44.444925,26.127289
2022-05-19 22:00:00,2022-05-19 23:00:00,21.5,35.8,44.444925,26.127289
2022-05-19 23:00:00,2022-05-20 00:00:00,17.48,25.85,44.444925,26.127289
2022-05-20 00:00:00,2022-05-20 01:00:00,15.15,20.61,44.444925,26.127289
2022-05-20 02:00:00,2022-05-20 03:00:00,15.69,29.32,44.444925,26.127289
2022-05-20 03:00:00,2022-05-20 04:00:00,17.04,27.76,44.444925,26.127289
2022-05-20 04:00:00,2022-05-20 05:00:00,18.82,31.19,44.444925,26.127289
2022-05-20 05:00:00,2022-05-20 06:00:00,24.85,37.41,44.444925,26.127289
2022-05-20 06:00:00,2022-05-20 07:00:00,31.65,46.8,44.444925,26.127289
2022-05-20 07:00:00,2022-05-20 08:00:00,30.95,47.89,44.444925,26.127289
2022-05-20 08:00:00,2022-05-20 09:00:00,47.94,53.43,44.444925,26.127289
2022-05-20 09:00:00,2022-05-20 10:00:00,39.53,46.78,44.444925,26.127289
2022-05-20 10:00:00,2022-05-20 11:00:00,25.85,27.98,44.444925,26.127289
2022-05-20 11:00:00,2022-05-20 12:00:00,19.86,20.76,44.444925,26.127289
2022-05-20 12:00:00,2022-05-20 13:00:00,16.49,17.84,44.444925,26.127289
2022-05-20 13:00:00,2022-05-20 14:00:00,16.4,20.48,44.444925,26.127289
2022-05-20 14:00:00,2022-05-20 15:00:00,15.33,17.47,44.444925,26.127289
2022-05-20 15:00:00,2022-05-20 16:00:00,12.93,19.04,44.444925,26.127289
2022-05-20 16:00:00,2022-05-20 17:00:00,14.1,17.85,44.444925,26.127289
2022-05-20 17:00:00,2022-05-20 18:00:00,14.47,17.23,44.444925,26.127289
2022-05-20 18:00:00,2022-05-20 19:00:00,19.1,24.7,44.444925,26.127289
2022-05-20 19:00:00,2022-05-20 20:00:00,18.46,35.29,44.444925,26.127289
2022-05-20 20:00:00,2022-05-20 21:00:00,25.39,40.42,44.444925,26.127289
2022-05-20 21:00:00,2022-05-20 22:00:00,20.6,34.59,44.444925,26.127289
2022-05-20 22:00:00,2022-05-20 23:00:00,21.16,27.33,44.444925,26.127289
2022-05-20 23:00:00,2022-05-21 00:00:00,19.41,25.88,44.444925,26.127289
2022-05-21 00:00:00,2022-05-21 01:00:00,16.74,26.66,44.444925,26.127289
2022-05-21 01:00:00,2022-05-21 02:00:00,16.67,21.78,44.444925,26.127289
2022-05-21 03:00:00,2022-05-21 04:00:00,17.5,23.62,44.444925,26.127289
2022-05-21 04:00:00,2022-05-21 05:00:00,17.57,21.81,44.444925,26.127289
2022-05-21 05:00:00,2022-05-21 06:00:00,23.25,32.18,44.444925,26.127289
2022-05-21 06:00:00,2022-05-21 07:00:00,23.69,25.49,44.444925,26.127289
2022-05-21 07:00:00,2022-05-21 08:00:00,26.14,22.46,44.444925,26.127289
2022-05-21 08:00:00,2022-05-21 09:00:00,21.69,17.74,44.444925,26.127289
2022-05-21 09:00:00,2022-05-21 10:00:00,21.25,16.22,44.444925,26.127289
2022-05-21 10:00:00,2022-05-21 11:00:00,17.79,14.64,44.444925,26.127289
2022-05-21 11:00:00,2022-05-21 12:00:00,15.16,14.62,44.444925,26.127289
2022-05-21 12:00:00,2022-05-21 13:00:00,12.21,11.74,44.444925,26.127289
2022-05-21 13:00:00,2022-05-21 14:00:00,12.83,12.52,44.444925,26.127289
2022-05-21 14:00:00,2022-05-21 15:00:00,13.42,12.31,44.444925,26.127289
2022-05-21 15:00:00,2022-05-21 16:00:00,13.79,11.39,44.444925,26.127289
2022-05-21 16:00:00,2022-05-21 17:00:00,13.53,11.82,44.444925,26.127289
2022-05-21 17:00:00,2022-05-21 18:00:00,14.72,15.37,44.444925,26.127289
2022-05-21 18:00:00,2022-05-21 19:00:00,17.66,20.93,44.444925,26.127289
2022-05-21 19:00:00,2022-05-21 20:00:00,25.38,26.87,44.444925,26.127289
2022-05-21 20:00:00,2022-05-21 21:00:00,25.66,28.21,44.444925,26.127289
2022-05-21 21:00:00,2022-05-21 22:00:00,22.79,24.99,44.444925,26.127289
2022-05-21 22:00:00,2022-05-21 23:00:00,26.3,27.52,44.444925,26.127289
2022-05-21 23:00:00,2022-05-22 00:00:00,24.0,23.98,44.444925,26.127289
2022-05-22 00:00:00,2022-05-22 01:00:00,29.25,35.08,44.444925,26.127289
2022-05-22 01:00:00,2022-05-22 02:00:00,28.65,33.16,44.444925,26.127289
2022-05-22 02:00:00,2022-05-22 03:00:00,28.31,33.61,44.444925,26.127289
2022-05-22 04:00:00,2022-05-22 05:00:00,24.25,25.37,44.444925,26.127289
2022-05-22 05:00:00,2022-05-22 06:00:00,21.92,16.7,44.444925,26.127289
2022-05-22 06:00:00,2022-05-22 07:00:00,21.4,14.39,44.444925,26.127289
2022-05-22 07:00:00,2022-05-22 08:00:00,20.33,12.01,44.444925,26.127289
2022-05-22 08:00:00,2022-05-22 09:00:00,22.31,12.45,44.444925,26.127289
2022-05-22 09:00:00,2022-05-22 10:00:00,23.82,13.13,44.444925,26.127289
2022-05-22 10:00:00,2022-05-22 11:00:00,27.02,11.59,44.444925,26.127289
2022-05-22 11:00:00,2022-05-22 12:00:00,29.04,10.02,44.444925,26.127289
2022-05-22 12:00:00,2022-05-22 13:00:00,25.86,9.58,44.444925,26.127289
2022-05-22 13:00:00,2022-05-22 14:00:00,26.35,9.16,44.444925,26.127289
2022-05-22 14:00:00,2022-05-22 15:00:00,18.63,8.52,44.444925,26.127289
2022-05-22 15:00:00,2022-05-22 16:00:00,16.38,8.09,44.444925,26.127289
2022-05-22 16:00:00,2022-05-22 17:00:00,23.59,21.76,44.444925,26.127289
2022-05-22 17:00:00,2022-05-22 18:00:00,18.62,25.51,44.444925,26.127289
2022-05-22 18:00:00,2022-05-22 19:00:00,16.67,28.61,44.444925,26.127289
2022-05-22 19:00:00,2022-05-22 20:00:00,19.2,30.96,44.444925,26.127289
2022-05-22 20:00:00,2022-05-22 21:00:00,16.38,24.43,44.444925,26.127289
2022-05-22 21:00:00,2022-05-22 22:00:00,17.15,28.65,44.444925,26.127289
2022-05-22 22:00:00,2022-05-22 23:00:00,14.37,31.71,44.444925,26.127289
2022-05-22 23:00:00,2022-05-23 00:00:00,13.56,22.07,44.444925,26.127289
2022-05-23 00:00:00,2022-05-23 01:00:00,12.02,15.66,44.444925,26.127289
2022-05-23 01:00:00,2022-05-23 02:00:00,11.98,14.02,44.444925,26.127289
2022-05-23 02:00:00,2022-05-23 03:00:00,11.87,10.5,44.444925,26.127289
2022-05-23 03:00:00,2022-05-23 04:00:00,11.4,12.48,44.444925,26.127289
2022-05-23 05:00:00,2022-05-23 06:00:00,14.81,32.7,44.444925,26.127289
2022-05-23 06:00:00,2022-05-23 07:00:00,19.43,46.78,44.444925,26.127289
2022-05-23 07:00:00,2022-05-23 08:00:00,21.28,43.87,44.444925,26.127289
2022-05-23 08:00:00,2022-05-23 09:00:00,22.74,42.74,44.444925,26.127289
2022-05-23 09:00:00,2022-05-23 10:00:00,18.74,36.31,44.444925,26.127289
2022-05-23 10:00:00,2022-05-23 11:00:00,19.93,34.23,44.444925,26.127289
2022-05-23 11:00:00,2022-05-23 12:00:00,23.16,37.05,44.444925,26.127289
2022-05-23 12:00:00,2022-05-23 13:00:00,20.53,39.27,44.444925,26.127289
2022-05-23 13:00:00,2022-05-23 14:00:00,20.68,36.68,44.444925,26.127289
2022-05-23 14:00:00,2022-05-23 15:00:00,23.21,37.78,44.444925,26.127289
2022-05-23 15:00:00,2022-05-23 16:00:00,22.92,35.18,44.444925,26.127289
2022-05-23 16:00:00,2022-05-23 17:00:00,21.57,32.21,44.444925,26.127289
2022-05-23 17:00:00,2022-05-23 18:00:00,23.97,41.11,44.444925,26.127289
2022-05-23 18:00:00,2022-05-23 19:00:00,22.75,42.01,44.444925,26.127289
2022-05-23 19:00:00,2022-05-23 20:00:00,21.39,32.34,44.444925,26.127289
2022-05-23 20:00:00,2022-05-23 21:00:00,20.89,29.2,44.444925,26.127289
2022-05-23 21:00:00,2022-05-23 22:00:00,20.13,35.26,44.444925,26.127289
2022-05-23 22:00:00,2022-05-23 23:00:00,15.11,23.11,44.444925,26.127289
2022-05-23 23:00:00,2022-05-24 00:00:00,14.64,20.01,44.444925,26.127289
2022-05-24 00:00:00,2022-05-24 01:00:00,17.27,20.13,44.444925,26.127289
2022-05-24 01:00:00,2022-05-24 02:00:00,17.73,17.06,44.444925,26.127289
2022-05-24 02:00:00,2022-05-24 03:00:00,16.59,14.26,44.444925,26.127289
2022-05-24 03:00:00,2022-05-24 04:00:00,17.76,14.68,44.444925,26.127289
2022-05-24 04:00:00,2022-05-24 05:00:00,16.36,16.84,44.444925,26.127289
2022-05-24 06:00:00,2022-05-24 07:00:00,21.27,33.86,44.444925,26.127289
2022-05-24 07:00:00,2022-05-24 08:00:00,20.56,35.4,44.444925,26.127289
2022-05-24 08:00:00,2022-05-24 09:00:00,18.53,37.88,44.444925,26.127289
2022-05-24 09:00:00,2022-05-24 10:00:00,19.75,43.63,44.444925,26.127289
2022-05-24 10:00:00,2022-05-24 11:00:00,17.27,38.98,44.444925,26.127289
2022-05-24 11:00:00,2022-05-24 12:00:00,17.48,43.2,44.444925,26.127289
2022-05-24 12:00:00,2022-05-24 13:00:00,18.41,32.67,44.444925,26.127289
2022-05-24 13:00:00,2022-05-24 14:00:00,19.96,42.7,44.444925,26.127289
2022-05-24 14:00:00,2022-05-24 15:00:00,20.76,45.34,44.444925,26.127289
2022-05-24 15:00:00,2022-05-24 16:00:00,22.35,45.28,44.444925,26.127289
2022-05-24 16:00:00,2022-05-24 17:00:00,19.85,41.35,44.444925,26.127289
2022-05-24 17:00:00,2022-05-24 18:00:00,26.75,47.19,44.444925,26.127289
2022-05-24 18:00:00,2022-05-24 19:00:00,29.64,40.28,44.444925,26.127289
2022-05-24 19:00:00,2022-05-24 20:00:00,22.42,36.03,44.444925,26.127289
2022-05-24 20:00:00,2022-05-24 21:00:00,22.53,31.98,44.444925,26.127289
2022-05-24 21:00:00,2022-05-24 22:00:00,22.3,40.7,44.444925,26.127289
2022-05-24 22:00:00,2022-05-24 23:00:00,17.61,32.67,44.444925,26.127289
2022-05-24 23:00:00,2022-05-25 00:00:00,14.79,25.8,44.444925,26.127289
2022-05-25 00:00:00,2022-05-25 01:00:00,14.13,21.75,44.444925,26.127289
2022-05-25 01:00:00,2022-05-25 02:00:00,12.96,21.37,44.444925,26.127289
2022-05-25 02:00:00,2022-05-25 03:00:00,14.1,16.82,44.444925,26.127289
2022-05-25 03:00:00,2022-05-25 04:00:00,14.75,16.38,44.444925,26.127289
2022-05-25 04:00:00,2022-05-25 05:00:00,15.44,24.01,44.444925,26.127289
2022-05-25 05:00:00,2022-05-25 06:00:00,18.53,31.31,44.444925,26.127289
2022-05-25 07:00:00,2022-05-25 08:00:00,28.82,43.2,44.444925,26.127289
2022-05-25 08:00:00,2022-05-25 09:00:00,34.23,40.66,44.444925,26.127289
2022-05-25 09:00:00,2022-05-25 10:00:00,33.86,46.43,44.444925,26.127289
2022-05-25 10:00:00,2022-05-25 11:00:00,29.2,38.41,44.444925,26.127289
2022-05-25 11:00:00,2022-05-25 12:00:00,25.46,42.74,44.444925,26.127289
2022-05-25 12:00:00,2022-05-25 13:00:00,24.29,37.62,44.444925,26.127289
2022-05-25 13:00:00,2022-05-25 14:00:00,23.18,38.99,44.444925,26.127289
2022-05-25 14:00:00,2022-05-25 15:00:00,24.83,43.95,44.444925,26.127289
2022-05-25 15:00:00,2022-05-25 16:00:00,21.7,32.69,44.444925,26.127289
2022-05-25 16:00:00,2022-05-25 17:00:00,25.52,42.75,44.444925,26.127289
2022-05-25 17:00:00,2022-05-25 18:00:00,23.08,42.69,44.444925,26.127289
2022-05-25 18:00:00,2022-05-25 19:00:00,20.28,24.01,44.444925,26.127289
2022-05-25 19:00:00,2022-05-25 20:00:00,25.81,34.11,44.444925,26.127289
2022-05-25 20:00:00,2022-05-25 21:00:00,52.45,57.9,44.444925,26.127289
2022-05-25 21:00:00,2022-05-25 22:00:00,40.4,74.92,44.444925,26.127289
2022-05-25 22:00:00,2022-05-25 23:00:00,29.44,44.04,44.444925,26.127289
2022-05-25 23:00:00,2022-05-26 00:00:00,23.25,30.17,44.444925,26.127289
2022-05-26 00:00:00,2022-05-26 01:00:00,21.42,23.27,44.444925,26.127289
2022-05-26 01:00:00,2022-05-26 02:00:00,19.26,25.92,44.444925,26.127289
2022-05-26 02:00:00,2022-05-26 03:00:00,19.57,21.38,44.444925,26.127289
2022-05-26 03:00:00,2022-05-26 04:00:00,22.78,18.86,44.444925,26.127289
2022-05-26 04:00:00,2022-05-26 05:00:00,36.52,23.39,44.444925,26.127289
2022-05-26 05:00:00,2022-05-26 06:00:00,33.32,43.45,44.444925,26.127289
2022-05-26 06:00:00,2022-05-26 07:00:00,34.63,56.3,44.444925,26.127289
2022-05-26 08:00:00,2022-05-26 09:00:00,19.09,32.48,44.444925,26.127289
2022-05-26 09:00:00,2022-05-26 10:00:00,16.34,25.63,44.444925,26.127289
2022-05-26 10:00:00,2022-05-26 11:00:00,19.55,19.37,44.444925,26.127289
2022-05-26 11:00:00,2022-05-26 12:00:00,20.84,18.82,44.444925,26.127289
2022-05-26 12:00:00,2022-05-26 13:00:00,18.64,18.26,44.444925,26.127289
2022-05-26 13:00:00,2022-05-26 14:00:00,16.86,19.92,44.444925,26.127289
2022-05-26 14:00:00,2022-05-26 15:00:00,13.94,23.04,44.444925,26.127289
2022-05-26 15:00:00,2022-05-26 16:00:00,15.54,24.57,44.444925,26.127289
2022-05-26 16:00:00,2022-05-26 17:00:00,17.0,37.57,44.444925,26.127289
2022-05-26 17:00:00,2022-05-26 18:00:00,16.28,36.49,44.444925,26.127289
2022-05-26 18:00:00,2022-05-26 19:00:00,23.8,60.26,44.444925,26.127289
2022-05-26 19:00:00,2022-05-26 20:00:00,22.69,50.99,44.444925,26.127289
2022-05-26 20:00:00,2022-05-26 21:00:00,22.21,48.96,44.444925,26.127289
2022-05-26 21:00:00,2022-05-26 22:00:00,20.25,45.59,44.444925,26.127289
2022-05-26 22:00:00,2022-05-26 23:00:00,18.44,42.89,44.444925,26.127289
2022-05-26 23:00:00,2022-05-27 00:00:00,21.36,32.93,44.444925,26.127289
2022-05-27 00:00:00,2022-05-27 01:00:00,22.42,28.31,44.444925,26.127289
2022-05-27 01:00:00,2022-05-27 02:00:00,24.46,21.16,44.444925,26.127289
2022-05-27 02:00:00,2022-05-27 03:00:00,25.33,20.46,44.444925,26.127289
2022-05-27 03:00:00,2022-05-27 04:00:00,24.29,20.43,44.444925,26.127289
2022-05-27 04:00:00,2022-05-27 05:00:00,26.66,24.07,44.444925,26.127289
2022-05-27 05:00:00,2022-05-27 06:00:00,33.5,34.97,44.444925,26.127289
2022-05-27 06:00:00,2022-05-27 07:00:00,27.84,45.72,44.444925,26.127289
2022-05-27 07:00:00,2022-05-27 08:00:00,26.79,52.19,44.444925,26.127289
2022-05-27 09:00:00,2022-05-27 10:00:00,17.28,39.82,44.444925,26.127289
2022-05-27 10:00:00,2022-05-27 11:00:00,17.17,42.44,44.444925,26.127289
2022-05-27 11:00:00,2022-05-27 12:00:00,15.03,34.48,44.444925,26.127289
2022-05-27 12:00:00,2022-05-27 13:00:00,14.41,27.85,44.444925,26.127289
2022-05-27 13:00:00,2022-05-27 14:00:00,16.87,32.02,44.444925,26.127289
2022-05-27 14:00:00,2022-05-27 15:00:00,19.1,37.32,44.444925,26.127289
2022-05-27 15:00:00,2022-05-27 16:00:00,19.41,25.48,44.444925,26.127289
2022-05-27 16:00:00,2022-05-27 17:00:00,16.8,21.67,44.444925,26.127289
2022-05-27 17:00:00,2022-05-27 18:00:00,20.6,22.22,44.444925,26.127289
2022-05-27 18:00:00,2022-05-27 19:00:00,20.45,23.16,44.444925,26.127289
2022-05-27 19:00:00,2022-05-27 20:00:00,21.63,32.75,44.444925,26.127289
2022-05-27 20:00:00,2022-05-27 21:00:00,26.05,40.56,44.444925,26.127289
2022-05-27 21:00:00,2022-05-27 22:00:00,22.19,42.6,44.444925,26.127289
2022-05-27 22:00:00,2022-05-27 23:00:00,17.09,22.9,44.444925,26.127289
2022-05-27 23:00:00,2022-05-28 00:00:00,15.37,18.71,44.444925,26.127289
2022-05-28 00:00:00,2022-05-28 01:00:00,15.12,18.72,44.444925,26.127289
2022-05-28 01:00:00,2022-05-28 02:00:00,17.34,17.36,44.444925,26.127289
2022-05-28 02:00:00,2022-05-28 03:00:00,19.07,22.17,44.444925,26.127289
2022-05-28 03:00:00,2022-05-28 04:00:00,23.57,27.29,44.444925,26.127289
2022-05-28 04:00:00,2022-05-28 05:00:00,30.05,40.52,44.444925,26.127289
2022-05-28 05:00:00,2022-05-28 06:00:00,25.77,31.57,44.444925,26.127289
2022-05-28 06:00:00,2022-05-28 07:00:00,30.9,42.19,44.444925,26.127289
2022-05-28 07:00:00,2022-05-28 08:00:00,41.38,48.9,44.444925,26.127289
2022-05-28 08:00:00,2022-05-28 09:00:00,39.25,40.25,44.444925,26.127289
2022-05-28 10:00:00,2022-05-28 11:00:00,37.53,14.98,44.444925,26.127289
2022-05-28 11:00:00,2022-05-28 12:00:00,22.31,13.37,44.444925,26.127289
2022-05-28 12:00:00,2022-05-28 13:00:00,18.44,12.47,44.444925,26.127289
2022-05-28 13:00:00,2022-05-28 14:00:00,15.43,11.13,44.444925,26.127289
2022-05-28 14:00:00,2022-05-28 15:00:00,18.39,12.07,44.444925,26.127289
2022-05-28 15:00:00,2022-05-28 16:00:00,17.81,12.59,44.444925,26.127289
2022-05-28 16:00:00,2022-05-28 17:00:00,18.66,12.17,44.444925,26.127289
2022-05-28 17:00:00,2022-05-28 18:00:00,25.91,18.62,44.444925,26.127289
2022-05-28 18:00:00,2022-05-28 19:00:00,34.04,45.27,44.444925,26.127289
2022-05-28 19:00:00,2022-05-28 20:00:00,33.55,35.0,44.444925,26.127289
2022-05-28 20:00:00,2022-05-28 21:00:00,27.45,30.73,44.444925,26.127289
2022-05-28 21:00:00,2022-05-28 22:00:00,21.25,23.33,44.444925,26.127289
2022-05-28 22:00:00,2022-05-28 23:00:00,14.79,16.82,44.444925,26.127289
2022-05-28 23:00:00,2022-05-29 00:00:00,14.17,20.36,44.444925,26.127289
2022-05-29 00:00:00,2022-05-29 01:00:00,11.44,19.59,44.444925,26.127289
2022-05-29 01:00:00,2022-05-29 02:00:00,11.31,16.11,44.444925,26.127289
2022-05-29 02:00:00,2022-05-29 03:00:00,11.12,14.46,44.444925,26.127289
2022-05-29 03:00:00,2022-05-29 04:00:00,13.74,13.9,44.444925,26.127289
2022-05-29 04:00:00,2022-05-29 05:00:00,13.82,14.46,44.444925,26.127289
2022-05-29 05:00:00,2022-05-29 06:00:00,12.1,13.94,44.444925,26.127289
2022-05-29 06:00:00,2022-05-29 07:00:00,10.14,11.56,44.444925,26.127289
2022-05-29 07:00:00,2022-05-29 08:00:00,8.58,11.11,44.444925,26.127289
2022-05-29 08:00:00,2022-05-29 09:00:00,10.24,11.98,44.444925,26.127289
2022-05-29 09:00:00,2022-05-29 10:00:00,12.32,11.74,44.444925,26.127289
2022-05-29 11:00:00,2022-05-29 12:00:00,14.13,16.55,44.444925,26.127289
2022-05-29 12:00:00,2022-05-29 13:00:00,14.0,18.43,44.444925,26.127289
2022-05-29 13:00:00,2022-05-29 14:00:00,15.82,14.58,44.444925,26.127289
2022-05-29 14:00:00,2022-05-29 15:00:00,20.19,16.92,44.444925,26.127289
2022-05-29 15:00:00,2022-05-29 16:00:00,18.89,17.42,44.444925,26.127289
2022-05-29 16:00:00,2022-05-29 17:00:00,15.3,16.24,44.444925,26.127289
2022-05-29 17:00:00,2022-05-29 18:00:00,14.96,20.31,44.444925,26.127289
2022-05-29 18:00:00,2022-05-29 19:00:00,14.01,18.86,44.444925,26.127289
2022-05-29 19:00:00,2022-05-29 20:00:00,13.19,18.17,44.444925,26.127289
2022-05-29 20:00:00,2022-05-29 21:00:00,17.14,16.58,44.444925,26.127289
2022-05-29 21:00:00,2022-05-29 22:00:00,22.99,18.91,44.444925,26.127289
2022-05-29 22:00:00,2022-05-29 23:00:00,19.11,16.42,44.444925,26.127289
2022-05-29 23:00:00,2022-05-30 00:00:00,14.51,15.62,44.444925,26.127289
2022-05-30 00:00:00,2022-05-30 01:00:00,14.61,15.33,44.444925,26.127289
2022-05-30 01:00:00,2022-05-30 02:00:00,17.0,14.57,44.444925,26.127289
2022-05-30 02:00:00,2022-05-30 03:00:00,16.99,11.81,44.444925,26.127289
2022-05-30 03:00:00,2022-05-30 04:00:00,18.51,12.52,44.444925,26.127289
2022-05-30 04:00:00,2022-05-30 05:00:00,18.23,16.74,44.444925,26.127289
2022-05-30 05:00:00,2022-05-30 06:00:00,21.0,24.24,44.444925,26.127289
2022-05-30 06:00:00,2022-05-30 07:00:00,21.22,26.38,44.444925,26.127289
2022-05-30 07:00:00,2022-05-30 08:00:00,21.75,30.32,44.444925,26.127289
2022-05-30 08:00:00,2022-05-30 09:00:00,22.91,29.55,44.444925,26.127289
2022-05-30 09:00:00,2022-05-30 10:00:00,22.79,30.06,44.444925,26.127289
2022-05-30 10:00:00,2022-05-30 11:00:00,19.84,20.66,44.444925,26.127289
2022-05-30 12:00:00,2022-05-30 13:00:00,18.53,23.92,44.444925,26.127289
2022-05-30 13:00:00,2022-05-30 14:00:00,18.2,18.81,44.444925,26.127289
2022-05-30 14:00:00,2022-05-30 15:00:00,16.35,20.27,44.444925,26.127289
2022-05-30 15:00:00,2022-05-30 16:00:00,14.55,16.81,44.444925,26.127289
2022-05-30 16:00:00,2022-05-30 17:00:00,13.38,18.36,44.444925,26.127289
2022-05-30 17:00:00,2022-05-30 18:00:00,13.33,19.28,44.444925,26.127289
2022-05-30 18:00:00,2022-05-30 19:00:00,17.09,17.59,44.444925,26.127289
2022-05-30 19:00:00,2022-05-30 20:00:00,16.28,22.23,44.444925,26.127289
2022-05-30 20:00:00,2022-05-30 21:00:00,27.59,41.11,44.444925,26.127289
2022-05-30 21:00:00,2022-05-30 22:00:00,22.12,54.56,44.444925,26.127289
2022-05-30 22:00:00,2022-05-30 23:00:00,30.72,48.65,44.444925,26.127289
2022-05-30 23:00:00,2022-05-31 00:00:00,24.54,39.52,44.444925,26.127289
2022-05-31 00:00:00,2022-05-31 01:00:00,25.04,28.54,44.444925,26.127289
2022-05-31 01:00:00,2022-05-31 02:00:00,21.53,22.26,44.444925,26.127289
2022-05-31 02:00:00,2022-05-31 03:00:00,19.67,16.62,44.444925,26.127289
2022-05-31 03:00:00,2022-05-31 04:00:00,21.98,15.96,44.444925,26.127289
2022-05-31 04:00:00,2022-05-31 05:00:00,27.29,21.58,44.444925,26.127289
2022-05-31 05:00:00,2022-05-31 06:00:00,35.46,26.91,44.444925,26.127289
2022-05-31 10:00:00,2022-05-31 11:00:00,42.32,21.61,44.444925,26.127289
2022-05-31 11:00:00,2022-05-31 12:00:00,33.1,24.63,44.444925,26.127289
2022-05-31 13:00:00,2022-05-31 14:00:00,24.05,22.63,44.444925,26.127289
2022-05-31 14:00:00,2022-05-31 15:00:00,23.07,25.31,44.444925,26.127289
2022-05-31 15:00:00,2022-05-31 16:00:00,26.64,54.39,44.444925,26.127289
2022-05-31 16:00:00,2022-05-31 17:00:00,29.04,63.53,44.444925,26.127289
2022-05-31 17:00:00,2022-05-31 18:00:00,22.3,69.82,44.444925,26.127289
2022-05-31 18:00:00,2022-05-31 19:00:00,15.72,57.86,44.444925,26.127289
2022-05-31 19:00:00,2022-05-31 20:00:00,16.42,45.54,44.444925,26.127289
2022-05-31 20:00:00,2022-05-31 21:00:00,16.2,41.2,44.444925,26.127289
2022-05-31 21:00:00,2022-05-31 22:00:00,18.16,31.11,44.444925,26.127289
2022-05-31 22:00:00,2022-05-31 23:00:00,17.12,32.92,44.444925,26.127289
2022-05-31 23:00:00,2022-06-01 00:00:00,16.17,29.19,44.444925,26.127289
2022-06-01 00:00:00,2022-06-01 01:00:00,17.5,26.44,44.444925,26.127289
2022-06-01 01:00:00,2022-06-01 02:00:00,21.47,27.09,44.444925,26.127289
2022-06-01 02:00:00,2022-06-01 03:00:00,20.61,25.51,44.444925,26.127289
2022-06-01 03:00:00,2022-06-01 04:00:00,19.47,21.78,44.444925,26.127289
2022-06-01 04:00:00,2022-06-01 05:00:00,19.85,25.75,44.444925,26.127289
2022-06-01 05:00:00,2022-06-01 06:00:00,21.39,23.19,44.444925,26.127289
2022-06-01 06:00:00,2022-06-01 07:00:00,21.46,23.96,44.444925,26.127289
2022-06-01 07:00:00,2022-06-01 08:00:00,21.01,27.04,44.444925,26.127289
2022-06-01 08:00:00,2022-06-01 09:00:00,23.95,28.44,44.444925,26.127289
2022-06-01 09:00:00,2022-06-01 10:00:00,25.05,25.45,44.444925,26.127289
2022-06-01 10:00:00,2022-06-01 11:00:00,25.51,23.26,44.444925,26.127289
2022-06-01 11:00:00,2022-06-01 12:00:00,21.69,20.44,44.444925,26.127289
2022-06-01 12:00:00,2022-06-01 13:00:00,23.93,22.36,44.444925,26.127289
2022-06-01 14:00:00,2022-06-01 15:00:00,20.62,21.11,44.444925,26.127289
2022-06-01 15:00:00,2022-06-01 16:00:00,18.55,18.01,44.444925,26.127289
2022-06-01 16:00:00,2022-06-01 17:00:00,18.65,19.18,44.444925,26.127289
2022-06-01 17:00:00,2022-06-01 18:00:00,18.99,16.49,44.444925,26.127289
2022-06-01 18:00:00,2022-06-01 19:00:00,16.7,15.21,44.444925,26.127289
2022-06-01 19:00:00,2022-06-01 20:00:00,19.94,30.87,44.444925,26.127289
2022-06-01 20:00:00,2022-06-01 21:00:00,21.45,35.62,44.444925,26.127289
2022-06-01 21:00:00,2022-06-01 22:00:00,24.48,43.79,44.444925,26.127289
2022-06-01 22:00:00,2022-06-01 23:00:00,29.32,43.65,44.444925,26.127289
2022-06-01 23:00:00,2022-06-02 00:00:00,23.53,35.03,44.444925,26.127289
2022-06-02 00:00:00,2022-06-02 01:00:00,25.0,23.71,44.444925,26.127289
2022-06-02 01:00:00,2022-06-02 02:00:00,27.55,29.94,44.444925,26.127289
2022-06-02 02:00:00,2022-06-02 03:00:00,25.17,28.69,44.444925,26.127289
2022-06-02 03:00:00,2022-06-02 04:00:00,24.39,29.67,44.444925,26.127289
2022-06-02 04:00:00,2022-06-02 05:00:00,22.97,21.39,44.444925,26.127289
2022-06-02 05:00:00,2022-06-02 06:00:00,26.1,26.13,44.444925,26.127289
2022-06-02 06:00:00,2022-06-02 07:00:00,28.08,31.81,44.444925,26.127289
2022-06-02 07:00:00,2022-06-02 08:00:00,30.59,40.05,44.444925,26.127289
2022-06-02 08:00:00,2022-06-02 09:00:00,31.32,43.9,44.444925,26.127289
2022-06-02 09:00:00,2022-06-02 10:00:00,34.84,44.72,44.444925,26.127289
2022-06-02 10:00:00,2022-06-02 11:00:00,27.81,29.71,44.444925,26.127289
2022-06-02 11:00:00,2022-06-02 12:00:00,26.82,43.5,44.444925,26.127289
2022-06-02 12:00:00,2022-06-02 13:00:00,27.52,41.4,44.444925,26.127289
2022-06-02 13:00:00,2022-06-02 14:00:00,28.65,44.43,44.444925,26.127289
2022-06-02 15:00:00,2022-06-02 16:00:00,26.97,59.06,44.444925,26.127289
2022-06-02 16:00:00,2022-06-02 17:00:00,19.16,24.56,44.444925,26.127289
2022-06-02 17:00:00,2022-06-02 18:00:00,19.1,34.86,44.444925,26.127289
2022-06-02 18:00:00,2022-06-02 19:00:00,20.29,29.51,44.444925,26.127289
2022-06-02 19:00:00,2022-06-02 20:00:00,18.42,33.83,44.444925,26.127289
2022-06-02 20:00:00,2022-06-02 21:00:00,24.06,55.71,44.444925,26.127289
2022-06-02 21:00:00,2022-06-02 22:00:00,34.36,69.33,44.444925,26.127289
2022-06-02 22:00:00,2022-06-02 23:00:00,25.52,45.37,44.444925,26.127289
2022-06-02 23:00:00,2022-06-03 00:00:00,28.1,47.34,44.444925,26.127289
2022-06-03 00:00:00,2022-06-03 01:00:00,27.0,38.44,44.444925,26.127289
2022-06-03 01:00:00,2022-06-03 02:00:00,24.29,29.84,44.444925,26.127289
2022-06-03 02:00:00,2022-06-03 03:00:00,23.23,28.77,44.444925,26.127289
2022-06-03 03:00:00,2022-06-03 04:00:00,22.6,19.39,44.444925,26.127289
2022-06-03 04:00:00,2022-06-03 05:00:00,21.98,17.21,44.444925,26.127289
2022-06-03 05:00:00,2022-06-03 06:00:00,18.34,24.57,44.444925,26.127289
2022-06-03 06:00:00,2022-06-03 07:00:00,19.46,35.38,44.444925,26.127289
2022-06-03 07:00:00,2022-06-03 08:00:00,24.08,45.59,44.444925,26.127289
2022-06-03 08:00:00,2022-06-03 09:00:00,25.92,45.54,44.444925,26.127289
2022-06-03 09:00:00,2022-06-03 10:00:00,28.58,45.88,44.444925,26.127289
2022-06-03 10:00:00,2022-06-03 11:00:00,27.81,47.11,44.444925,26.127289
2022-06-03 11:00:00,2022-06-03 12:00:00,26.43,48.33,44.444925,26.127289
2022-06-03 12:00:00,2022-06-03 13:00:00,22.2,52.09,44.444925,26.127289
2022-06-03 13:00:00,2022-06-03 14:00:00,23.79,57.11,44.444925,26.127289
2022-06-03 14:00:00,2022-06-03 15:00:00,24.41,54.54,44.444925,26.127289
2022-06-03 16:00:00,2022-06-03 17:00:00,22.56,55.28,44.444925,26.127289
2022-06-03 17:00:00,2022-06-03 18:00:00,21.39,51.67,44.444925,26.127289
2022-06-03 18:00:00,2022-06-03 19:00:00,23.03,58.47,44.444925,26.127289
2022-06-03 19:00:00,2022-06-03 20:00:00,22.84,45.03,44.444925,26.127289
2022-06-03 20:00:00,2022-06-03 21:00:00,25.15,58.4,44.444925,26.127289
2022-06-03 21:00:00,2022-06-03 22:00:00,24.08,50.58,44.444925,26.127289
2022-06-03 22:00:00,2022-06-03 23:00:00,24.71,47.92,44.444925,26.127289
2022-06-03 23:00:00,2022-06-04 00:00:00,21.14,38.01,44.444925,26.127289
2022-06-04 00:00:00,2022-06-04 01:00:00,23.33,32.29,44.444925,26.127289
2022-06-04 01:00:00,2022-06-04 02:00:00,22.8,33.69,44.444925,26.127289
2022-06-04 02:00:00,2022-06-04 03:00:00,20.54,29.94,44.444925,26.127289
2022-06-04 03:00:00,2022-06-04 04:00:00,25.01,34.53,44.444925,26.127289
2022-06-04 04:00:00,2022-06-04 05:00:00,19.99,27.4,44.444925,26.127289
2022-06-04 05:00:00,2022-06-04 06:00:00,20.81,26.17,44.444925,26.127289
2022-06-04 06:00:00,2022-06-04 07:00:00,19.6,29.66,44.444925,26.127289
2022-06-04 07:00:00,2022-06-04 08:00:00,22.57,26.81,44.444925,26.127289
2022-06-04 08:00:00,2022-06-04 09:00:00,22.34,24.44,44.444925,26.127289
2022-06-04 09:00:00,2022-06-04 10:00:00,25.95,25.9,44.444925,26.127289
2022-06-04 10:00:00,2022-06-04 11:00:00,25.08,26.75,44.444925,26.127289
2022-06-04 11:00:00,2022-06-04 12:00:00,24.79,28.28,44.444925,26.127289
2022-06-04 12:00:00,2022-06-04 13:00:00,22.65,25.91,44.444925,26.127289
2022-06-04 13:00:00,2022-06-04 14:00:00,22.91,23.29,44.444925,26.127289
2022-06-04 14:00:00,2022-06-04 15:00:00,24.39,19.99,44.444925,26.127289
2022-06-04 15:00:00,2022-06-04 16:00:00,25.84,24.69,44.444925,26.127289
2022-06-04 17:00:00,2022-06-04 18:00:00,24.04,24.69,44.444925,26.127289
2022-06-04 18:00:00,2022-06-04 19:00:00,24.17,19.79,44.444925,26.127289
2022-06-04 19:00:00,2022-06-04 20:00:00,26.75,32.27,44.444925,26.127289
2022-06-04 20:00:00,2022-06-04 21:00:00,29.31,48.83,44.444925,26.127289
2022-06-04 21:00:00,2022-06-04 22:00:00,46.85,84.98,44.444925,26.127289
2022-06-04 22:00:00,2022-06-04 23:00:00,48.42,73.36,44.444925,26.127289
2022-06-04 23:00:00,2022-06-05 00:00:00,36.08,68.02,44.444925,26.127289
2022-06-05 00:00:00,2022-06-05 01:00:00,35.17,67.29,44.444925,26.127289
2022-06-05 01:00:00,2022-06-05 02:00:00,37.87,62.66,44.444925,26.127289
2022-06-05 02:00:00,2022-06-05 03:00:00,27.7,53.36,44.444925,26.127289
2022-06-05 03:00:00,2022-06-05 04:00:00,25.06,37.49,44.444925,26.127289
2022-06-05 04:00:00,2022-06-05 05:00:00,28.3,30.22,44.444925,26.127289
2022-06-05 05:00:00,2022-06-05 06:00:00,25.02,27.34,44.444925,26.127289
2022-06-05 06:00:00,2022-06-05 07:00:00,21.82,17.83,44.444925,26.127289
2022-06-05 07:00:00,2022-06-05 08:00:00,22.04,15.48,44.444925,26.127289
2022-06-05 08:00:00,2022-06-05 09:00:00,23.76,14.73,44.444925,26.127289
2022-06-05 09:00:00,2022-06-05 10:00:00,20.85,13.33,44.444925,26.127289
2022-06-05 10:00:00,2022-06-05 11:00:00,25.29,12.03,44.444925,26.127289
2022-06-05 11:00:00,2022-06-05 12:00:00,24.49,13.76,44.444925,26.127289
2022-06-05 12:00:00,2022-06-05 13:00:00,22.31,12.66,44.444925,26.127289
2022-06-05 13:00:00,2022-06-05 14:00:00,21.12,13.5,44.444925,26.127289
2022-06-05 14:00:00,2022-06-05 15:00:00,24.46,21.88,44.444925,26.127289
2022-06-05 15:00:00,2022-06-05 16:00:00,21.82,14.9,44.444925,26.127289
2022-06-05 16:00:00,2022-06-05 17:00:00,21.8,21.22,44.444925,26.127289
2022-06-05 18:00:00,2022-06-05 19:00:00,19.27,34.13,44.444925,26.127289
2022-06-05 19:00:00,2022-06-05 20:00:00,17.67,35.29,44.444925,26.127289
2022-06-05 20:00:00,2022-06-05 21:00:00,17.0,29.69,44.444925,26.127289
2022-06-05 21:00:00,2022-06-05 22:00:00,20.32,25.22,44.444925,26.127289
2022-06-05 22:00:00,2022-06-05 23:00:00,29.3,23.59,44.444925,26.127289
2022-06-05 23:00:00,2022-06-06 00:00:00,24.14,21.27,44.444925,26.127289
2022-06-06 00:00:00,2022-06-06 01:00:00,16.57,15.15,44.444925,26.127289
2022-06-06 01:00:00,2022-06-06 02:00:00,12.01,11.76,44.444925,26.127289
2022-06-06 02:00:00,2022-06-06 03:00:00,11.74,13.17,44.444925,26.127289
2022-06-06 03:00:00,2022-06-06 04:00:00,9.74,11.87,44.444925,26.127289
2022-06-06 04:00:00,2022-06-06 05:00:00,12.72,13.08,44.444925,26.127289
2022-06-06 05:00:00,2022-06-06 06:00:00,12.11,21.89,44.444925,26.127289
2022-06-06 06:00:00,2022-06-06 07:00:00,8.38,30.94,44.444925,26.127289
2022-06-06 07:00:00,2022-06-06 08:00:00,12.54,36.95,44.444925,26.127289
2022-06-06 08:00:00,2022-06-06 09:00:00,12.97,37.13,44.444925,26.127289
2022-06-06 09:00:00,2022-06-06 10:00:00,14.57,39.4,44.444925,26.127289
2022-06-06 10:00:00,2022-06-06 11:00:00,15.35,42.98,44.444925,26.127289
2022-06-06 11:00:00,2022-06-06 12:00:00,13.09,44.38,44.444925,26.127289
2022-06-06 12:00:00,2022-06-06 13:00:00,16.63,40.53,44.444925,26.127289
2022-06-06 13:00:00,2022-06-06 14:00:00,16.72,41.59,44.444925,26.127289
2022-06-06 14:00:00,2022-06-06 15:00:00,16.6,41.57,44.444925,26.127289
2022-06-06 15:00:00,2022-06-06 16:00:00,16.03,50.7,44.444925,26.127289
2022-06-06 16:00:00,2022-06-06 17:00:00,16.14,50.95,44.444925,26.127289
2022-06-06 17:00:00,2022-06-06 18:00:00,16.06,53.35,44.444925,26.127289
2022-06-06 19:00:00,2022-06-06 20:00:00,15.53,43.13,44.444925,26.127289
2022-06-06 20:00:00,2022-06-06 21:00:00,17.41,33.26,44.444925,26.127289
2022-06-06 21:00:00,2022-06-06 22:00:00,20.23,36.44,44.444925,26.127289
2022-06-06 22:00:00,2022-06-06 23:00:00,22.18,36.38,44.444925,26.127289
2022-06-06 23:00:00,2022-06-07 00:00:00,24.13,46.58,44.444925,26.127289
2022-06-07 00:00:00,2022-06-07 01:00:00,22.67,46.78,44.444925,26.127289
2022-06-07 01:00:00,2022-06-07 02:00:00,17.73,27.92,44.444925,26.127289
2022-06-07 02:00:00,2022-06-07 03:00:00,17.2,19.22,44.444925,26.127289
2022-06-07 03:00:00,2022-06-07 04:00:00,16.82,16.41,44.444925,26.127289
2022-06-07 04:00:00,2022-06-07 05:00:00,19.68,18.57,44.444925,26.127289
2022-06-07 05:00:00,2022-06-07 06:00:00,19.84,23.56,44.444925,26.127289
2022-06-07 06:00:00,2022-06-07 07:00:00,20.01,31.88,44.444925,26.127289
2022-06-07 07:00:00,2022-06-07 08:00:00,21.75,41.12,44.444925,26.127289
2022-06-07 08:00:00,2022-06-07 09:00:00,24.16,39.51,44.444925,26.127289
2022-06-07 09:00:00,2022-06-07 10:00:00,19.01,32.15,44.444925,26.127289
2022-06-07 10:00:00,2022-06-07 11:00:00,15.49,27.83,44.444925,26.127289
2022-06-07 11:00:00,2022-06-07 12:00:00,14.88,39.69,44.444925,26.127289
2022-06-07 12:00:00,2022-06-07 13:00:00,13.01,50.03,44.444925,26.127289
2022-06-07 13:00:00,2022-06-07 14:00:00,14.46,55.75,44.444925,26.127289
2022-06-07 14:00:00,2022-06-07 15:00:00,15.89,55.58,44.444925,26.127289
2022-06-07 15:00:00,2022-06-07 16:00:00,15.09,54.95,44.444925,26.127289
2022-06-07 16:00:00,2022-06-07 17:00:00,15.17,59.75,44.444925,26.127289
2022-06-07 17:00:00,2022-06-07 18:00:00,15.86,56.26,44.444925,26.127289
2022-06-07 18:00:00,2022-06-07 19:00:00,19.21,49.77,44.444925,26.127289
2022-06-07 20:00:00,2022-06-07 21:00:00,22.93,43.68,44.444925,26.127289
2022-06-07 21:00:00,2022-06-07 22:00:00,25.45,41.9,44.444925,26.127289
2022-06-07 22:00:00,2022-06-07 23:00:00,24.79,34.07,44.444925,26.127289
2022-06-07 23:00:00,2022-06-08 00:00:00,23.62,30.2,44.444925,26.127289
2022-06-08 00:00:00,2022-06-08 01:00:00,21.23,27.83,44.444925,26.127289
2022-06-08 01:00:00,2022-06-08 02:00:00,23.01,22.96,44.444925,26.127289
2022-06-08 02:00:00,2022-06-08 03:00:00,24.62,20.24,44.444925,26.127289
2022-06-08 03:00:00,2022-06-08 04:00:00,23.36,20.25,44.444925,26.127289
2022-06-08 04:00:00,2022-06-08 05:00:00,25.36,26.79,44.444925,26.127289
2022-06-08 05:00:00,2022-06-08 06:00:00,27.74,36.74,44.444925,26.127289
2022-06-08 06:00:00,2022-06-08 07:00:00,28.29,38.77,44.444925,26.127289
2022-06-08 07:00:00,2022-06-08 08:00:00,26.27,44.6,44.444925,26.127289
2022-06-08 08:00:00,2022-06-08 09:00:00,24.89,40.86,44.444925,26.127289
2022-06-08 09:00:00,2022-06-08 10:00:00,23.27,40.39,44.444925,26.127289
2022-06-08 10:00:00,2022-06-08 11:00:00,30.6,45.67,44.444925,26.127289
2022-06-08 11:00:00,2022-06-08 12:00:00,16.0,45.98,44.444925,26.127289
2022-06-08 12:00:00,2022-06-08 13:00:00,14.61,52.5,44.444925,26.127289
2022-06-08 13:00:00,2022-06-08 14:00:00,15.42,44.28,44.444925,26.127289
2022-06-08 14:00:00,2022-06-08 15:00:00,14.98,51.09,44.444925,26.127289
2022-06-08 15:00:00,2022-06-08 16:00:00,16.92,57.39,44.444925,26.127289
2022-06-08 16:00:00,2022-06-08 17:00:00,17.84,57.52,44.444925,26.127289
2022-06-08 17:00:00,2022-06-08 18:00:00,18.38,53.42,44.444925,26.127289
2022-06-08 18:00:00,2022-06-08 19:00:00,20.8,50.91,44.444925,26.127289
2022-06-08 19:00:00,2022-06-08 20:00:00,24.98,43.08,44.444925,26.127289
2022-06-08 21:00:00,2022-06-08 22:00:00,33.1,47.4,44.444925,26.127289
2022-06-08 22:00:00,2022-06-08 23:00:00,23.38,36.45,44.444925,26.127289
2022-06-08 23:00:00,2022-06-09 00:00:00,21.5,32.87,44.444925,26.127289
2022-06-09 00:00:00,2022-06-09 01:00:00,21.66,36.2,44.444925,26.127289
2022-06-09 01:00:00,2022-06-09 02:00:00,27.27,37.64,44.444925,26.127289
2022-06-09 02:00:00,2022-06-09 03:00:00,29.65,32.36,44.444925,26.127289
2022-06-09 03:00:00,2022-06-09 04:00:00,21.9,25.04,44.444925,26.127289
2022-06-09 04:00:00,2022-06-09 05:00:00,22.82,27.57,44.444925,26.127289
2022-06-09 05:00:00,2022-06-09 06:00:00,22.74,32.62,44.444925,26.127289
2022-06-09 06:00:00,2022-06-09 07:00:00,21.36,37.49,44.444925,26.127289
2022-06-09 07:00:00,2022-06-09 08:00:00,20.04,37.95,44.444925,26.127289
2022-06-09 08:00:00,2022-06-09 09:00:00,21.42,43.25,44.444925,26.127289
2022-06-09 09:00:00,2022-06-09 10:00:00,19.63,48.93,44.444925,26.127289
2022-06-09 10:00:00,2022-06-09 11:00:00,22.42,51.85,44.444925,26.127289
2022-06-09 11:00:00,2022-06-09 12:00:00,22.62,40.14,44.444925,26.127289
2022-06-09 12:00:00,2022-06-09 13:00:00,20.95,31.43,44.444925,26.127289
2022-06-09 13:00:00,2022-06-09 14:00:00,20.49,38.93,44.444925,26.127289
2022-06-09 14:00:00,2022-06-09 15:00:00,24.48,37.2,44.444925,26.127289
2022-06-09 15:00:00,2022-06-09 16:00:00,21.49,54.39,44.444925,26.127289
2022-06-09 16:00:00,2022-06-09 17:00:00,23.02,58.04,44.444925,26.127289
2022-06-09 17:00:00,2022-06-09 18:00:00,29.11,60.99,44.444925,26.127289
2022-06-09 18:00:00,2022-06-09 19:00:00,30.13,66.22,44.444925,26.127289
2022-06-09 19:00:00,2022-06-09 20:00:00,30.06,61.66,44.444925,26.127289
2022-06-09 20:00:00,2022-06-09 21:00:00,32.33,61.21,44.444925,26.127289
2022-06-09 22:00:00,2022-06-09 23:00:00,22.4,37.25,44.444925,26.127289
2022-06-09 23:00:00,2022-06-10 00:00:00,19.66,33.45,44.444925,26.127289
2022-06-10 00:00:00,2022-06-10 01:00:00,17.1,24.07,44.444925,26.127289
2022-06-10 01:00:00,2022-06-10 02:00:00,19.89,19.06,44.444925,26.127289
2022-06-10 02:00:00,2022-06-10 03:00:00,21.69,18.92,44.444925,26.127289
2022-06-10 03:00:00,2022-06-10 04:00:00,22.46,17.77,44.444925,26.127289
2022-06-10 04:00:00,2022-06-10 05:00:00,24.61,18.84,44.444925,26.127289
2022-06-10 05:00:00,2022-06-10 06:00:00,27.58,30.6,44.444925,26.127289
2022-06-10 06:00:00,2022-06-10 07:00:00,27.94,34.09,44.444925,26.127289
2022-06-10 07:00:00,2022-06-10 08:00:00,24.58,37.0,44.444925,26.127289
2022-06-10 08:00:00,2022-06-10 09:00:00,20.52,37.51,44.444925,26.127289
2022-06-10 09:00:00,2022-06-10 10:00:00,19.4,44.02,44.444925,26.127289
2022-06-10 10:00:00,2022-06-10 11:00:00,18.93,42.54,44.444925,26.127289
2022-06-10 11:00:00,2022-06-10 12:00:00,16.64,42.62,44.444925,26.127289
2022-06-10 12:00:00,2022-06-10 13:00:00,15.99,48.93,44.444925,26.127289
2022-06-10 13:00:00,2022-06-10 14:00:00,16.21,50.31,44.444925,26.127289
2022-06-10 14:00:00,2022-06-10 15:00:00,17.54,58.91,44.444925,26.127289
2022-06-10 15:00:00,2022-06-10 16:00:00,16.88,50.03,44.444925,26.127289
2022-06-10 16:00:00,2022-06-10 17:00:00,17.71,49.91,44.444925,26.127289
2022-06-10 17:00:00,2022-06-10 18:00:00,16.68,52.36,44.444925,26.127289
2022-06-10 18:00:00,2022-06-10 19:00:00,14.94,43.77,44.444925,26.127289
2022-06-10 19:00:00,2022-06-10 20:00:00,16.34,36.93,44.444925,26.127289
2022-06-10 20:00:00,2022-06-10 21:00:00,18.04,37.84,44.444925,26.127289
2022-06-10 21:00:00,2022-06-10 22:00:00,19.71,38.21,44.444925,26.127289
2022-06-10 23:00:00,2022-06-11 00:00:00,18.48,34.62,44.444925,26.127289
2022-06-11 00:00:00,2022-06-11 01:00:00,17.21,23.93,44.444925,26.127289
2022-06-11 01:00:00,2022-06-11 02:00:00,18.19,20.54,44.444925,26.127289
2022-06-11 02:00:00,2022-06-11 03:00:00,20.09,20.08,44.444925,26.127289
2022-06-11 03:00:00,2022-06-11 04:00:00,22.0,19.8,44.444925,26.127289
2022-06-11 04:00:00,2022-06-11 05:00:00,20.66,21.24,44.444925,26.127289
2022-06-11 05:00:00,2022-06-11 06:00:00,21.21,21.64,44.444925,26.127289
2022-06-11 06:00:00,2022-06-11 07:00:00,20.58,24.77,44.444925,26.127289
2022-06-11 07:00:00,2022-06-11 08:00:00,20.8,21.59,44.444925,26.127289
2022-06-11 08:00:00,2022-06-11 09:00:00,21.42,19.08,44.444925,26.127289
2022-06-11 09:00:00,2022-06-11 10:00:00,21.31,23.29,44.444925,26.127289
2022-06-11 10:00:00,2022-06-11 11:00:00,21.72,22.4,44.444925,26.127289
2022-06-11 11:00:00,2022-06-11 12:00:00,24.28,22.2,44.444925,26.127289
2022-06-11 12:00:00,2022-06-11 13:00:00,19.08,21.1,44.444925,26.127289
2022-06-11 13:00:00,2022-06-11 14:00:00,21.86,25.39,44.444925,26.127289
2022-06-11 14:00:00,2022-06-11 15:00:00,16.96,20.1,44.444925,26.127289
2022-06-11 15:00:00,2022-06-11 16:00:00,15.27,24.38,44.444925,26.127289
2022-06-11 16:00:00,2022-06-11 17:00:00,15.37,15.68,44.444925,26.127289
2022-06-11 17:00:00,2022-06-11 18:00:00,13.78,15.82,44.444925,26.127289
2022-06-11 18:00:00,2022-06-11 19:00:00,16.15,22.02,44.444925,26.127289
2022-06-11 19:00:00,2022-06-11 20:00:00,16.86,17.97,44.444925,26.127289
2022-06-11 20:00:00,2022-06-11 21:00:00,17.98,20.48,44.444925,26.127289
2022-06-11 21:00:00,2022-06-11 22:00:00,16.6,20.23,44.444925,26.127289
2022-06-11 22:00:00,2022-06-11 23:00:00,15.45,21.6,44.444925,26.127289
2022-06-12 00:00:00,2022-06-12 01:00:00,16.06,22.02,44.444925,26.127289
2022-06-12 01:00:00,2022-06-12 02:00:00,17.25,20.24,44.444925,26.127289
2022-06-12 02:00:00,2022-06-12 03:00:00,16.52,17.9,44.444925,26.127289
2022-06-12 03:00:00,2022-06-12 04:00:00,16.49,20.72,44.444925,26.127289
2022-06-12 04:00:00,2022-06-12 05:00:00,15.14,15.04,44.444925,26.127289
2022-06-12 05:00:00,2022-06-12 06:00:00,14.8,16.02,44.444925,26.127289
2022-06-12 06:00:00,2022-06-12 07:00:00,17.75,20.06,44.444925,26.127289
2022-06-12 07:00:00,2022-06-12 08:00:00,18.73,21.53,44.444925,26.127289
2022-06-12 08:00:00,2022-06-12 09:00:00,16.31,16.71,44.444925,26.127289
2022-06-12 09:00:00,2022-06-12 10:00:00,13.41,11.53,44.444925,26.127289
2022-06-12 10:00:00,2022-06-12 11:00:00,14.42,13.18,44.444925,26.127289
2022-06-12 11:00:00,2022-06-12 12:00:00,18.22,17.15,44.444925,26.127289
2022-06-12 12:00:00,2022-06-12 13:00:00,16.24,18.23,44.444925,26.127289
2022-06-12 13:00:00,2022-06-12 14:00:00,17.42,18.87,44.444925,26.127289
2022-06-12 14:00:00,2022-06-12 15:00:00,19.03,21.62,44.444925,26.127289
2022-06-12 15:00:00,2022-06-12 16:00:00,16.31,19.6,44.444925,26.127289
2022-06-12 16:00:00,2022-06-12 17:00:00,18.3,24.62,44.444925,26.127289
2022-06-12 17:00:00,2022-06-12 18:00:00,14.37,24.81,44.444925,26.127289
2022-06-12 18:00:00,2022-06-12 19:00:00,15.29,22.82,44.444925,26.127289
2022-06-12 19:00:00,2022-06-12 20:00:00,16.62,20.6,44.444925,26.127289
2022-06-12 20:00:00,2022-06-12 21:00:00,13.43,20.93,44.444925,26.127289
2022-06-12 21:00:00,2022-06-12 22:00:00,12.78,27.41,44.444925,26.127289
2022-06-12 22:00:00,2022-06-12 23:00:00,12.83,32.96,44.444925,26.127289
2022-06-12 23:00:00,2022-06-13 00:00:00,15.66,23.41,44.444925,26.127289
2022-06-13 01:00:00,2022-06-13 02:00:00,16.7,23.24,44.444925,26.127289
2022-06-13 02:00:00,2022-06-13 03:00:00,18.97,21.17,44.444925,26.127289
2022-06-13 03:00:00,2022-06-13 04:00:00,19.92,12.54,44.444925,26.127289
2022-06-13 04:00:00,2022-06-13 05:00:00,24.6,12.39,44.444925,26.127289
2022-06-13 05:00:00,2022-06-13 06:00:00,19.04,23.49,44.444925,26.127289
2022-06-13 06:00:00,2022-06-13 07:00:00,19.75,26.36,44.444925,26.127289
2022-06-13 07:00:00,2022-06-13 08:00:00,18.7,14.41,44.444925,26.127289
2022-06-13 08:00:00,2022-06-13 09:00:00,16.31,14.21,44.444925,26.127289
2022-06-13 09:00:00,2022-06-13 10:00:00,15.75,16.24,44.444925,26.127289
2022-06-13 10:00:00,2022-06-13 11:00:00,16.15,16.6,44.444925,26.127289
2022-06-13 11:00:00,2022-06-13 12:00:00,17.07,17.67,44.444925,26.127289
2022-06-13 12:00:00,2022-06-13 13:00:00,18.2,16.87,44.444925,26.127289
2022-06-13 13:00:00,2022-06-13 14:00:00,22.52,12.62,44.444925,26.127289
2022-06-13 14:00:00,2022-06-13 15:00:00,29.44,38.57,44.444925,26.127289
2022-06-13 15:00:00,2022-06-13 16:00:00,28.81,41.78,44.444925,26.127289
2022-06-13 16:00:00,2022-06-13 17:00:00,20.32,27.2,44.444925,26.127289
2022-06-13 17:00:00,2022-06-13 18:00:00,18.41,31.27,44.444925,26.127289
2022-06-13 18:00:00,2022-06-13 19:00:00,17.56,30.41,44.444925,26.127289
2022-06-13 19:00:00,2022-06-13 20:00:00,22.02,19.82,44.444925,26.127289
2022-06-13 20:00:00,2022-06-13 21:00:00,20.55,44.76,44.444925,26.127289
2022-06-13 21:00:00,2022-06-13 22:00:00,29.46,65.43,44.444925,26.127289
2022-06-13 22:00:00,2022-06-13 23:00:00,28.06,62.9,44.444925,26.127289
2022-06-13 23:00:00,2022-06-14 00:00:00,26.34,44.22,44.444925,26.127289
2022-06-14 00:00:00,2022-06-14 01:00:00,27.4,31.1,44.444925,26.127289
2022-06-14 02:00:00,2022-06-14 03:00:00,22.83,20.69,44.444925,26.127289
2022-06-14 03:00:00,2022-06-14 04:00:00,23.2,18.9,44.444925,26.127289
2022-06-14 04:00:00,2022-06-14 05:00:00,22.97,21.8,44.444925,26.127289
2022-06-14 05:00:00,2022-06-14 06:00:00,24.16,27.38,44.444925,26.127289
2022-06-14 06:00:00,2022-06-14 07:00:00,24.82,29.03,44.444925,26.127289
2022-06-14 07:00:00,2022-06-14 08:00:00,27.32,41.31,44.444925,26.127289
2022-06-14 08:00:00,2022-06-14 09:00:00,27.82,42.0,44.444925,26.127289
2022-06-14 09:00:00,2022-06-14 10:00:00,26.65,39.62,44.444925,26.127289
2022-06-14 10:00:00,2022-06-14 11:00:00,32.0,46.53,44.444925,26.127289
2022-06-14 11:00:00,2022-06-14 12:00:00,29.39,55.52,44.444925,26.127289
2022-06-14 12:00:00,2022-06-14 13:00:00,28.73,58.63,44.444925,26.127289
2022-06-14 13:00:00,2022-06-14 14:00:00,30.37,56.0,44.444925,26.127289
2022-06-14 14:00:00,2022-06-14 15:00:00,32.75,62.66,44.444925,26.127289
2022-06-14 15:00:00,2022-06-14 16:00:00,22.22,36.95,44.444925,26.127289
2022-06-14 16:00:00,2022-06-14 17:00:00,21.21,61.16,44.444925,26.127289
2022-06-14 17:00:00,2022-06-14 18:00:00,19.06,60.99,44.444925,26.127289
2022-06-14 18:00:00,2022-06-14 19:00:00,18.95,53.2,44.444925,26.127289
2022-06-14 19:00:00,2022-06-14 20:00:00,18.38,47.55,44.444925,26.127289
2022-06-14 20:00:00,2022-06-14 21:00:00,19.59,43.8,44.444925,26.127289
2022-06-14 21:00:00,2022-06-14 22:00:00,21.47,41.68,44.444925,26.127289
2022-06-14 22:00:00,2022-06-14 23:00:00,30.67,38.15,44.444925,26.127289
2022-06-14 23:00:00,2022-06-15 00:00:00,15.03,26.5,44.444925,26.127289
2022-06-15 00:00:00,2022-06-15 01:00:00,13.76,20.38,44.444925,26.127289
2022-06-15 01:00:00,2022-06-15 02:00:00,11.33,15.84,44.444925,26.127289
2022-06-15 03:00:00,2022-06-15 04:00:00,11.46,18.92,44.444925,26.127289
2022-06-15 04:00:00,2022-06-15 05:00:00,11.83,22.41,44.444925,26.127289
2022-06-15 05:00:00,2022-06-15 06:00:00,14.48,37.43,44.444925,26.127289
2022-06-15 06:00:00,2022-06-15 07:00:00,15.41,41.2,44.444925,26.127289
2022-06-15 07:00:00,2022-06-15 08:00:00,17.81,49.2,44.444925,26.127289
2022-06-15 08:00:00,2022-06-15 09:00:00,19.26,51.96,44.444925,26.127289
2022-06-15 09:00:00,2022-06-15 10:00:00,16.4,48.13,44.444925,26.127289
2022-06-15 10:00:00,2022-06-15 11:00:00,16.62,34.83,44.444925,26.127289
2022-06-15 11:00:00,2022-06-15 12:00:00,17.64,45.33,44.444925,26.127289
2022-06-15 12:00:00,2022-06-15 13:00:00,15.9,31.21,44.444925,26.127289
2022-06-15 13:00:00,2022-06-15 14:00:00,13.86,35.72,44.444925,26.127289
2022-06-15 14:00:00,2022-06-15 15:00:00,13.42,37.87,44.444925,26.127289
2022-06-15 15:00:00,2022-06-15 16:00:00,15.31,41.27,44.444925,26.127289
2022-06-15 16:00:00,2022-06-15 17:00:00,16.31,49.5,44.444925,26.127289
2022-06-15 17:00:00,2022-06-15 18:00:00,17.29,32.99,44.444925,26.127289
2022-06-15 18:00:00,2022-06-15 19:00:00,26.05,27.73,44.444925,26.127289
2022-06-15 19:00:00,2022-06-15 20:00:00,31.38,32.81,44.444925,26.127289
2022-06-15 20:00:00,2022-06-15 21:00:00,15.88,49.69,44.444925,26.127289
2022-06-15 21:00:00,2022-06-15 22:00:00,18.27,54.35,44.444925,26.127289
2022-06-15 22:00:00,2022-06-15 23:00:00,21.05,63.96,44.444925,26.127289
2022-06-15 23:00:00,2022-06-16 00:00:00,25.77,62.79,44.444925,26.127289
2022-06-16 00:00:00,2022-06-16 01:00:00,27.63,46.19,44.444925,26.127289
2022-06-16 01:00:00,2022-06-16 02:00:00,20.83,31.73,44.444925,26.127289
2022-06-16 02:00:00,2022-06-16 03:00:00,19.05,24.4,44.444925,26.127289
2022-06-16 04:00:00,2022-06-16 05:00:00,27.55,47.58,44.444925,26.127289
2022-06-16 05:00:00,2022-06-16 06:00:00,28.19,39.89,44.444925,26.127289
2022-06-16 06:00:00,2022-06-16 07:00:00,31.38,42.11,44.444925,26.127289
2022-06-16 07:00:00,2022-06-16 08:00:00,30.87,43.39,44.444925,26.127289
2022-06-16 08:00:00,2022-06-16 09:00:00,22.81,32.07,44.444925,26.127289
2022-06-16 09:00:00,2022-06-16 10:00:00,22.39,37.93,44.444925,26.127289
2022-06-16 10:00:00,2022-06-16 11:00:00,19.66,25.86,44.444925,26.127289
2022-06-16 11:00:00,2022-06-16 12:00:00,19.74,31.99,44.444925,26.127289
2022-06-16 12:00:00,2022-06-16 13:00:00,19.38,36.05,44.444925,26.127289
2022-06-16 13:00:00,2022-06-16 14:00:00,17.81,22.78,44.444925,26.127289
2022-06-16 14:00:00,2022-06-16 15:00:00,17.91,22.29,44.444925,26.127289
2022-06-16 15:00:00,2022-06-16 16:00:00,17.69,36.86,44.444925,26.127289
2022-06-16 16:00:00,2022-06-16 17:00:00,17.71,28.46,44.444925,26.127289
2022-06-16 17:00:00,2022-06-16 18:00:00,19.39,23.18,44.444925,26.127289
2022-06-16 18:00:00,2022-06-16 19:00:00,18.07,35.07,44.444925,26.127289
2022-06-16 19:00:00,2022-06-16 20:00:00,19.1,29.18,44.444925,26.127289
2022-06-16 20:00:00,2022-06-16 21:00:00,26.59,40.98,44.444925,26.127289
2022-06-16 21:00:00,2022-06-16 22:00:00,30.47,54.15,44.444925,26.127289
2022-06-16 22:00:00,2022-06-16 23:00:00,33.12,63.3,44.444925,26.127289
2022-06-16 23:00:00,2022-06-17 00:00:00,26.2,35.62,44.444925,26.127289
2022-06-17 00:00:00,2022-06-17 01:00:00,23.44,29.33,44.444925,26.127289
2022-06-17 01:00:00,2022-06-17 02:00:00,23.11,29.19,44.444925,26.127289
2022-06-17 02:00:00,2022-06-17 03:00:00,18.02,20.13,44.444925,26.127289
2022-06-17 03:00:00,2022-06-17 04:00:00,16.27,15.9,44.444925,26.127289
2022-06-17 05:00:00,2022-06-17 06:00:00,15.31,27.05,44.444925,26.127289
2022-06-17 06:00:00,2022-06-17 07:00:00,17.38,36.04,44.444925,26.127289
2022-06-17 07:00:00,2022-06-17 08:00:00,24.28,42.91,44.444925,26.127289
2022-06-17 08:00:00,2022-06-17 09:00:00,25.43,31.98,44.444925,26.127289
2022-06-17 09:00:00,2022-06-17 10:00:00,27.81,30.0,44.444925,26.127289
2022-06-17 10:00:00,2022-06-17 11:00:00,27.84,32.49,44.444925,26.127289
2022-06-17 11:00:00,2022-06-17 12:00:00,22.95,19.11,44.444925,26.127289
2022-06-17 12:00:00,2022-06-17 13:00:00,19.15,21.28,44.444925,26.127289
2022-06-17 13:00:00,2022-06-17 14:00:00,21.53,30.65,44.444925,26.127289
2022-06-17 14:00:00,2022-06-17 15:00:00,23.05,32.95,44.444925,26.127289
2022-06-17 15:00:00,2022-06-17 16:00:00,22.95,34.44,44.444925,26.127289
2022-06-17 16:00:00,2022-06-17 17:00:00,24.2,54.68,44.444925,26.127289
2022-06-17 17:00:00,2022-06-17 18:00:00,23.93,52.88,44.444925,26.127289
2022-06-17 18:00:00,2022-06-17 19:00:00,22.06,47.14,44.444925,26.127289
2022-06-17 19:00:00,2022-06-17 20:00:00,25.4,52.38,44.444925,26.127289
2022-06-17 20:00:00,2022-06-17 21:00:00,27.19,43.49,44.444925,26.127289
2022-06-17 21:00:00,2022-06-17 22:00:00,25.31,47.49,44.444925,26.127289
2022-06-17 22:00:00,2022-06-17 23:00:00,23.83,47.84,44.444925,26.127289
2022-06-17 23:00:00,2022-06-18 00:00:00,25.39,32.72,44.444925,26.127289
2022-06-18 00:00:00,2022-06-18 01:00:00,18.74,24.4,44.444925,26.127289
2022-06-18 01:00:00,2022-06-18 02:00:00,15.73,21.86,44.444925,26.127289
2022-06-18 02:00:00,2022-06-18 03:00:00,19.36,31.19,44.444925,26.127289
2022-06-18 03:00:00,2022-06-18 04:00:00,16.81,25.02,44.444925,26.127289
2022-06-18 04:00:00,2022-06-18 05:00:00,14.01,24.78,44.444925,26.127289
2022-06-18 06:00:00,2022-06-18 07:00:00,16.24,32.06,44.444925,26.127289
2022-06-18 07:00:00,2022-06-18 08:00:00,13.79,29.69,44.444925,26.127289
2022-06-18 08:00:00,2022-06-18 09:00:00,13.68,31.65,44.444925,26.127289
2022-06-18 09:00:00,2022-06-18 10:00:00,13.32,21.3,44.444925,26.127289
2022-06-18 10:00:00,2022-06-18 11:00:00,15.29,20.97,44.444925,26.127289
2022-06-18 11:00:00,2022-06-18 12:00:00,13.55,17.06,44.444925,26.127289
2022-06-18 12:00:00,2022-06-18 13:00:00,13.93,23.43,44.444925,26.127289
2022-06-18 13:00:00,2022-06-18 14:00:00,12.78,17.94,44.444925,26.127289
2022-06-18 14:00:00,2022-06-18 15:00:00,12.24,17.53,44.444925,26.127289
2022-06-18 15:00:00,2022-06-18 16:00:00,10.75,16.36,44.444925,26.127289
2022-06-18 16:00:00,2022-06-18 17:00:00,12.85,22.02,44.444925,26.127289
2022-06-18 17:00:00,2022-06-18 18:00:00,13.24,24.47,44.444925,26.127289
2022-06-18 18:00:00,2022-06-18 19:00:00,26.15,21.79,44.444925,26.127289
2022-06-18 19:00:00,2022-06-18 20:00:00,22.97,29.17,44.444925,26.127289
2022-06-18 20:00:00,2022-06-18 21:00:00,19.85,29.62,44.444925,26.127289
2022-06-18 21:00:00,2022-06-18 22:00:00,21.08,31.08,44.444925,26.127289
2022-06-18 22:00:00,2022-06-18 23:00:00,16.42,34.83,44.444925,26.127289
2022-06-18 23:00:00,2022-06-19 00:00:00,13.47,30.48,44.444925,26.127289
2022-06-19 00:00:00,2022-06-19 01:00:00,14.48,28.36,44.444925,26.127289
2022-06-19 01:00:00,2022-06-19 02:00:00,16.57,22.54,44.444925,26.127289
2022-06-19 02:00:00,2022-06-19 03:00:00,22.91,25.79,44.444925,26.127289
2022-06-19 03:00:00,2022-06-19 04:00:00,17.06,24.68,44.444925,26.127289
2022-06-19 04:00:00,2022-06-19 05:00:00,15.98,23.65,44.444925,26.127289
2022-06-19 05:00:00,2022-06-19 06:00:00,13.69,18.39,44.444925,26.127289
2022-06-19 07:00:00,2022-06-19 08:00:00,12.19,20.15,44.444925,26.127289
2022-06-19 08:00:00,2022-06-19 09:00:00,9.7,17.39,44.444925,26.127289
2022-06-19 09:00:00,2022-06-19 10:00:00,8.84,12.76,44.444925,26.127289
2022-06-19 10:00:00,2022-06-19 11:00:00,8.54,12.62,44.444925,26.127289
2022-06-19 11:00:00,2022-06-19 12:00:00,9.58,10.82,44.444925,26.127289
2022-06-19 12:00:00,2022-06-19 13:00:00,9.56,12.75,44.444925,26.127289
2022-06-19 13:00:00,2022-06-19 14:00:00,10.06,9.49,44.444925,26.127289
2022-06-19 14:00:00,2022-06-19 15:00:00,11.41,13.17,44.444925,26.127289
2022-06-19 15:00:00,2022-06-19 16:00:00,9.94,11.43,44.444925,26.127289
2022-06-19 16:00:00,2022-06-19 17:00:00,9.16,13.04,44.444925,26.127289
2022-06-19 17:00:00,2022-06-19 18:00:00,11.08,13.65,44.444925,26.127289
2022-06-19 18:00:00,2022-06-19 19:00:00,10.58,15.77,44.444925,26.127289
2022-06-19 19:00:00,2022-06-19 20:00:00,17.8,26.26,44.444925,26.127289
2022-06-19 20:00:00,2022-06-19 21:00:00,26.09,44.01,44.444925,26.127289
2022-06-19 21:00:00,2022-06-19 22:00:00,33.86,70.45,44.444925,26.127289
2022-06-19 22:00:00,2022-06-19 23:00:00,50.14,57.93,44.444925,26.127289
2022-06-19 23:00:00,2022-06-20 00:00:00,61.07,44.07,44.444925,26.127289
2022-06-20 00:00:00,2022-06-20 01:00:00,24.32,42.74,44.444925,26.127289
2022-06-20 01:00:00,2022-06-20 02:00:00,17.6,32.99,44.444925,26.127289
2022-06-20 02:00:00,2022-06-20 03:00:00,18.27,28.84,44.444925,26.127289
2022-06-20 03:00:00,2022-06-20 04:00:00,21.14,33.86,44.444925,26.127289
2022-06-20 04:00:00,2022-06-20 05:00:00,18.6,33.61,44.444925,26.127289
2022-06-20 05:00:00,2022-06-20 06:00:00,23.73,38.21,44.444925,26.127289
2022-06-20 06:00:00,2022-06-20 07:00:00,23.16,53.98,44.444925,26.127289
2022-06-20 08:00:00,2022-06-20 09:00:00,31.99,55.23,44.444925,26.127289
2022-06-20 09:00:00,2022-06-20 10:00:00,27.87,44.69,44.444925,26.127289
2022-06-20 10:00:00,2022-06-20 11:00:00,46.21,35.69,44.444925,26.127289
2022-06-20 11:00:00,2022-06-20 12:00:00,28.79,42.28,44.444925,26.127289
2022-06-20 12:00:00,2022-06-20 13:00:00,20.98,30.19,44.444925,26.127289
2022-06-20 13:00:00,2022-06-20 14:00:00,23.37,51.55,44.444925,26.127289
2022-06-20 14:00:00,2022-06-20 15:00:00,22.88,45.54,44.444925,26.127289
2022-06-20 15:00:00,2022-06-20 16:00:00,24.36,60.35,44.444925,26.127289
2022-06-20 16:00:00,2022-06-20 17:00:00,27.45,75.34,44.444925,26.127289
2022-06-20 17:00:00,2022-06-20 18:00:00,24.73,69.04,44.444925,26.127289
2022-06-20 18:00:00,2022-06-20 19:00:00,26.15,68.21,44.444925,26.127289
2022-06-20 19:00:00,2022-06-20 20:00:00,28.38,65.46,44.444925,26.127289
2022-06-20 20:00:00,2022-06-20 21:00:00,30.21,62.67,44.444925,26.127289
2022-06-20 21:00:00,2022-06-20 22:00:00,24.78,57.53,44.444925,26.127289
2022-06-20 22:00:00,2022-06-20 23:00:00,25.0,58.68,44.444925,26.127289
2022-06-20 23:00:00,2022-06-21 00:00:00,21.16,32.41,44.444925,26.127289
2022-06-21 00:00:00,2022-06-21 01:00:00,20.16,18.91,44.444925,26.127289
2022-06-21 01:00:00,2022-06-21 02:00:00,26.18,19.73,44.444925,26.127289
2022-06-21 02:00:00,2022-06-21 03:00:00,23.27,14.76,44.444925,26.127289
2022-06-21 03:00:00,2022-06-21 04:00:00,22.4,13.94,44.444925,26.127289
2022-06-21 04:00:00,2022-06-21 05:00:00,23.17,15.78,44.444925,26.127289
2022-06-21 05:00:00,2022-06-21 06:00:00,32.19,27.1,44.444925,26.127289
2022-06-21 06:00:00,2022-06-21 07:00:00,42.7,34.98,44.444925,26.127289
2022-06-21 07:00:00,2022-06-21 08:00:00,50.19,33.13,44.444925,26.127289
2022-06-21 09:00:00,2022-06-21 10:00:00,41.34,26.06,44.444925,26.127289
2022-06-21 10:00:00,2022-06-21 11:00:00,33.77,22.44,44.444925,26.127289
2022-06-21 11:00:00,2022-06-21 12:00:00,28.87,22.63,44.444925,26.127289
2022-06-21 12:00:00,2022-06-21 13:00:00,27.5,24.23,44.444925,26.127289
2022-06-21 13:00:00,2022-06-21 14:00:00,27.11,19.23,44.444925,26.127289
2022-06-21 14:00:00,2022-06-21 15:00:00,22.92,25.09,44.444925,26.127289
2022-06-21 15:00:00,2022-06-21 16:00:00,36.2,41.34,44.444925,26.127289
2022-06-21 16:00:00,2022-06-21 17:00:00,37.93,57.43,44.444925,26.127289
2022-06-22 13:00:00,2022-06-22 14:00:00,15.7,36.91,44.444925,26.127289
2022-06-22 14:00:00,2022-06-22 15:00:00,12.94,37.93,44.444925,26.127289
2022-06-22 15:00:00,2022-06-22 16:00:00,10.85,44.16,44.444925,26.127289
2022-06-22 16:00:00,2022-06-22 17:00:00,10.68,40.66,44.444925,26.127289
2022-06-22 17:00:00,2022-06-22 18:00:00,12.02,49.15,44.444925,26.127289
2022-06-22 18:00:00,2022-06-22 19:00:00,12.71,44.46,44.444925,26.127289
2022-06-22 19:00:00,2022-06-22 20:00:00,11.22,52.73,44.444925,26.127289
2022-06-22 20:00:00,2022-06-22 21:00:00,16.25,50.01,44.444925,26.127289
2022-06-22 21:00:00,2022-06-22 22:00:00,20.68,46.01,44.444925,26.127289
2022-06-22 22:00:00,2022-06-22 23:00:00,12.12,34.2,44.444925,26.127289
2022-06-22 23:00:00,2022-06-23 00:00:00,20.39,27.71,44.444925,26.127289
2022-06-23 00:00:00,2022-06-23 01:00:00,20.96,30.15,44.444925,26.127289
2022-06-23 01:00:00,2022-06-23 02:00:00,21.9,39.14,44.444925,26.127289
2022-06-23 02:00:00,2022-06-23 03:00:00,25.1,33.63,44.444925,26.127289
2022-06-23 03:00:00,2022-06-23 04:00:00,21.67,24.99,44.444925,26.127289
2022-06-23 04:00:00,2022-06-23 05:00:00,31.76,27.42,44.444925,26.127289
2022-06-23 05:00:00,2022-06-23 06:00:00,31.58,35.37,44.444925,26.127289
2022-06-23 06:00:00,2022-06-23 07:00:00,32.45,50.86,44.444925,26.127289
2022-06-23 07:00:00,2022-06-23 08:00:00,25.82,45.07,44.444925,26.127289
2022-06-23 08:00:00,2022-06-23 09:00:00,21.15,29.75,44.444925,26.127289
2022-06-23 09:00:00,2022-06-23 10:00:00,20.7,24.06,44.444925,26.127289
2022-06-23 10:00:00,2022-06-23 11:00:00,18.28,23.71,44.444925,26.127289
2022-06-23 11:00:00,2022-06-23 12:00:00,20.01,24.67,44.444925,26.127289
2022-06-23 12:00:00,2022-06-23 13:00:00,19.01,17.05,44.444925,26.127289
2022-06-23 14:00:00,2022-06-23 15:00:00,22.59,24.96,44.444925,26.127289
2022-06-23 15:00:00,2022-06-23 16:00:00,15.96,20.53,44.444925,26.127289
2022-06-23 16:00:00,2022-06-23 17:00:00,14.44,18.66,44.444925,26.127289
2022-06-23 17:00:00,2022-06-23 18:00:00,16.15,21.02,44.444925,26.127289
2022-06-23 18:00:00,2022-06-23 19:00:00,17.99,20.98,44.444925,26.127289
2022-06-23 19:00:00,2022-06-23 20:00:00,22.68,30.51,44.444925,26.127289
2022-06-23 20:00:00,2022-06-23 21:00:00,34.13,55.65,44.444925,26.127289
2022-06-23 21:00:00,2022-06-23 22:00:00,32.49,66.31,44.444925,26.127289
2022-06-23 22:00:00,2022-06-23 23:00:00,25.46,36.43,44.444925,26.127289
2022-06-23 23:00:00,2022-06-24 00:00:00,27.31,38.59,44.444925,26.127289
2022-06-24 00:00:00,2022-06-24 01:00:00,27.68,33.57,44.444925,26.127289
2022-06-24 01:00:00,2022-06-24 02:00:00,23.47,30.68,44.444925,26.127289
2022-06-24 02:00:00,2022-06-24 03:00:00,20.02,27.81,44.444925,26.127289
2022-06-24 03:00:00,2022-06-24 04:00:00,25.38,37.92,44.444925,26.127289
2022-06-24 04:00:00,2022-06-24 05:00:00,29.94,40.38,44.444925,26.127289
2022-06-24 05:00:00,2022-06-24 06:00:00,36.16,45.09,44.444925,26.127289
2022-06-24 06:00:00,2022-06-24 07:00:00,26.5,37.58,44.444925,26.127289
2022-06-24 07:00:00,2022-06-24 08:00:00,24.67,32.87,44.444925,26.127289
2022-06-24 08:00:00,2022-06-24 09:00:00,22.3,34.07,44.444925,26.127289
2022-06-24 09:00:00,2022-06-24 10:00:00,19.73,26.28,44.444925,26.127289
2022-06-24 10:00:00,2022-06-24 11:00:00,20.3,23.81,44.444925,26.127289
2022-06-24 11:00:00,2022-06-24 12:00:00,19.87,31.02,44.444925,26.127289
2022-06-24 12:00:00,2022-06-24 13:00:00,18.42,36.03,44.444925,26.127289
2022-06-24 13:00:00,2022-06-24 14:00:00,13.67,29.78,44.444925,26.127289
2022-06-24 15:00:00,2022-06-24 16:00:00,15.25,25.96,44.444925,26.127289
2022-06-24 16:00:00,2022-06-24 17:00:00,14.4,19.95,44.444925,26.127289
2022-06-24 17:00:00,2022-06-24 18:00:00,14.11,20.56,44.444925,26.127289
2022-06-24 18:00:00,2022-06-24 19:00:00,15.31,28.35,44.444925,26.127289
2022-06-24 19:00:00,2022-06-24 20:00:00,13.48,31.4,44.444925,26.127289
2022-06-24 20:00:00,2022-06-24 21:00:00,34.26,57.74,44.444925,26.127289
2022-06-24 21:00:00,2022-06-24 22:00:00,37.2,61.78,44.444925,26.127289
2022-06-24 22:00:00,2022-06-24 23:00:00,33.51,59.77,44.444925,26.127289
2022-06-24 23:00:00,2022-06-25 00:00:00,31.32,49.92,44.444925,26.127289
2022-06-25 00:00:00,2022-06-25 01:00:00,28.59,48.56,44.444925,26.127289
2022-06-25 01:00:00,2022-06-25 02:00:00,23.85,45.46,44.444925,26.127289
2022-06-25 02:00:00,2022-06-25 03:00:00,21.1,36.89,44.444925,26.127289
2022-06-25 03:00:00,2022-06-25 04:00:00,22.05,33.72,44.444925,26.127289
2022-06-25 04:00:00,2022-06-25 05:00:00,19.16,28.63,44.444925,26.127289
2022-06-25 05:00:00,2022-06-25 06:00:00,20.34,25.79,44.444925,26.127289
2022-06-25 06:00:00,2022-06-25 07:00:00,20.59,24.48,44.444925,26.127289
2022-06-25 07:00:00,2022-06-25 08:00:00,23.4,23.64,44.444925,26.127289
2022-06-25 08:00:00,2022-06-25 09:00:00,20.33,24.67,44.444925,26.127289
2022-06-25 09:00:00,2022-06-25 10:00:00,21.02,29.36,44.444925,26.127289
2022-06-25 10:00:00,2022-06-25 11:00:00,22.36,22.13,44.444925,26.127289
2022-06-25 11:00:00,2022-06-25 12:00:00,22.18,21.87,44.444925,26.127289
2022-06-25 12:00:00,2022-06-25 13:00:00,19.98,22.65,44.444925,26.127289
2022-06-25 13:00:00,2022-06-25 14:00:00,20.49,24.75,44.444925,26.127289
2022-06-25 14:00:00,2022-06-25 15:00:00,18.31,21.11,44.444925,26.127289
2022-06-25 16:00:00,2022-06-25 17:00:00,20.17,30.22,44.444925,26.127289
2022-06-25 17:00:00,2022-06-25 18:00:00,28.61,37.64,44.444925,26.127289
2022-06-25 18:00:00,2022-06-25 19:00:00,32.79,36.17,44.444925,26.127289
2022-06-25 19:00:00,2022-06-25 20:00:00,35.43,45.87,44.444925,26.127289
2022-06-25 20:00:00,2022-06-25 21:00:00,30.24,44.21,44.444925,26.127289
2022-06-25 21:00:00,2022-06-25 22:00:00,26.79,47.63,44.444925,26.127289
2022-06-25 22:00:00,2022-06-25 23:00:00,26.33,45.48,44.444925,26.127289
2022-06-25 23:00:00,2022-06-26 00:00:00,30.63,42.25,44.444925,26.127289
2022-06-26 00:00:00,2022-06-26 01:00:00,42.24,40.67,44.444925,26.127289
2022-06-26 01:00:00,2022-06-26 02:00:00,34.77,28.88,44.444925,26.127289
2022-06-26 02:00:00,2022-06-26 03:00:00,26.83,24.28,44.444925,26.127289
2022-06-26 03:00:00,2022-06-26 04:00:00,29.9,29.58,44.444925,26.127289
2022-06-26 04:00:00,2022-06-26 05:00:00,33.07,27.79,44.444925,26.127289
2022-06-26 05:00:00,2022-06-26 06:00:00,30.52,22.43,44.444925,26.127289
2022-06-26 06:00:00,2022-06-26 07:00:00,31.02,24.5,44.444925,26.127289
2022-06-26 07:00:00,2022-06-26 08:00:00,33.1,20.32,44.444925,26.127289
2022-06-26 08:00:00,2022-06-26 09:00:00,29.65,21.03,44.444925,26.127289
2022-06-26 09:00:00,2022-06-26 10:00:00,31.0,22.43,44.444925,26.127289
2022-06-26 10:00:00,2022-06-26 11:00:00,30.66,28.02,44.444925,26.127289
2022-06-26 11:00:00,2022-06-26 12:00:00,26.63,19.08,44.444925,26.127289
2022-06-26 12:00:00,2022-06-26 13:00:00,26.88,14.5,44.444925,26.127289
2022-06-26 13:00:00,2022-06-26 14:00:00,27.45,13.64,44.444925,26.127289
2022-06-26 14:00:00,2022-06-26 15:00:00,20.33,24.98,44.444925,26.127289
2022-06-26 15:00:00,2022-06-26 16:00:00,10.25,28.7,44.444925,26.127289
2022-06-26 17:00:00,2022-06-26 18:00:00,17.45,30.14,44.444925,26.127289
2022-06-26 18:00:00,2022-06-26 19:00:00,17.35,24.45,44.444925,26.127289
2022-06-26 19:00:00,2022-06-26 20:00:00,14.96,26.7,44.444925,26.127289
2022-06-26 20:00:00,2022-06-26 21:00:00,13.07,28.3,44.444925,26.127289
2022-06-26 21:00:00,2022-06-26 22:00:00,13.14,26.26,44.444925,26.127289
2022-06-26 22:00:00,2022-06-26 23:00:00,12.77,31.56,44.444925,26.127289
2022-06-26 23:00:00,2022-06-27 00:00:00,12.26,21.76,44.444925,26.127289
2022-06-27 00:00:00,2022-06-27 01:00:00,13.13,20.36,44.444925,26.127289
2022-06-27 01:00:00,2022-06-27 02:00:00,13.42,16.97,44.444925,26.127289
2022-06-27 02:00:00,2022-06-27 03:00:00,14.66,18.93,44.444925,26.127289
2022-06-27 03:00:00,2022-06-27 04:00:00,16.3,17.4,44.444925,26.127289
2022-06-27 04:00:00,2022-06-27 05:00:00,17.53,16.96,44.444925,26.127289
2022-06-27 05:00:00,2022-06-27 06:00:00,18.38,22.72,44.444925,26.127289
2022-06-27 06:00:00,2022-06-27 07:00:00,20.85,34.04,44.444925,26.127289
2022-06-27 07:00:00,2022-06-27 08:00:00,21.62,34.53,44.444925,26.127289
2022-06-27 08:00:00,2022-06-27 09:00:00,19.53,35.2,44.444925,26.127289
2022-06-27 09:00:00,2022-06-27 10:00:00,19.52,39.95,44.444925,26.127289
2022-06-27 10:00:00,2022-06-27 11:00:00,17.19,34.03,44.444925,26.127289
2022-06-27 11:00:00,2022-06-27 12:00:00,16.26,31.9,44.444925,26.127289
2022-06-27 12:00:00,2022-06-27 13:00:00,16.1,27.83,44.444925,26.127289
2022-06-27 13:00:00,2022-06-27 14:00:00,15.87,28.67,44.444925,26.127289
2022-06-27 14:00:00,2022-06-27 15:00:00,16.16,23.62,44.444925,26.127289
2022-06-27 15:00:00,2022-06-27 16:00:00,19.76,38.92,44.444925,26.127289
2022-06-27 16:00:00,2022-06-27 17:00:00,18.97,28.58,44.444925,26.127289
2022-06-27 18:00:00,2022-06-27 19:00:00,19.56,46.64,44.444925,26.127289
2022-06-27 19:00:00,2022-06-27 20:00:00,21.2,36.78,44.444925,26.127289
2022-06-27 20:00:00,2022-06-27 21:00:00,21.39,34.65,44.444925,26.127289
2022-06-27 21:00:00,2022-06-27 22:00:00,21.35,38.0,44.444925,26.127289
2022-06-27 22:00:00,2022-06-27 23:00:00,18.7,28.98,44.444925,26.127289
2022-06-27 23:00:00,2022-06-28 00:00:00,16.57,19.56,44.444925,26.127289
2022-06-28 00:00:00,2022-06-28 01:00:00,15.96,14.77,44.444925,26.127289
2022-06-28 01:00:00,2022-06-28 02:00:00,15.45,12.31,44.444925,26.127289
2022-06-28 02:00:00,2022-06-28 03:00:00,17.19,14.4,44.444925,26.127289
2022-06-28 03:00:00,2022-06-28 04:00:00,16.65,16.09,44.444925,26.127289
2022-06-28 04:00:00,2022-06-28 05:00:00,18.18,21.08,44.444925,26.127289
2022-06-28 05:00:00,2022-06-28 06:00:00,19.97,27.47,44.444925,26.127289
2022-06-28 06:00:00,2022-06-28 07:00:00,22.57,38.34,44.444925,26.127289
2022-06-28 07:00:00,2022-06-28 08:00:00,28.04,48.69,44.444925,26.127289
2022-06-28 08:00:00,2022-06-28 09:00:00,31.06,47.25,44.444925,26.127289
2022-06-28 09:00:00,2022-06-28 10:00:00,33.5,51.26,44.444925,26.127289
2022-06-28 10:00:00,2022-06-28 11:00:00,36.61,55.17,44.444925,26.127289
2022-06-28 11:00:00,2022-06-28 12:00:00,37.42,68.0,44.444925,26.127289
2022-06-28 12:00:00,2022-06-28 13:00:00,39.2,61.03,44.444925,26.127289
2022-06-28 13:00:00,2022-06-28 14:00:00,31.84,42.76,44.444925,26.127289
2022-06-28 14:00:00,2022-06-28 15:00:00,25.78,51.23,44.444925,26.127289
2022-06-28 15:00:00,2022-06-28 16:00:00,20.09,32.3,44.444925,26.127289
2022-06-28 16:00:00,2022-06-28 17:00:00,18.62,27.12,44.444925,26.127289
2022-06-28 17:00:00,2022-06-28 18:00:00,21.74,26.25,44.444925,26.127289
2022-06-28 19:00:00,2022-06-28 20:00:00,22.64,35.46,44.444925,26.127289
2022-06-28 20:00:00,2022-06-28 21:00:00,24.26,33.43,44.444925,26.127289
2022-06-28 21:00:00,2022-06-28 22:00:00,30.5,35.76,44.444925,26.127289
2022-06-28 22:00:00,2022-06-28 23:00:00,22.69,31.67,44.444925,26.127289
2022-06-28 23:00:00,2022-06-29 00:00:00,20.11,29.69,44.444925,26.127289
2022-06-29 00:00:00,2022-06-29 01:00:00,18.18,21.27,44.444925,26.127289
2022-06-29 01:00:00,2022-06-29 02:00:00,19.08,17.26,44.444925,26.127289
2022-06-29 02:00:00,2022-06-29 03:00:00,20.68,21.52,44.444925,26.127289
2022-06-29 03:00:00,2022-06-29 04:00:00,22.15,18.31,44.444925,26.127289
2022-06-29 04:00:00,2022-06-29 05:00:00,24.03,23.13,44.444925,26.127289
2022-06-29 05:00:00,2022-06-29 06:00:00,26.22,27.43,44.444925,26.127289
2022-06-29 06:00:00,2022-06-29 07:00:00,29.33,37.71,44.444925,26.127289
2022-06-29 07:00:00,2022-06-29 08:00:00,31.86,48.63,44.444925,26.127289
2022-06-29 08:00:00,2022-06-29 09:00:00,30.09,48.35,44.444925,26.127289
2022-06-29 09:00:00,2022-06-29 10:00:00,30.89,55.31,44.444925,26.127289
2022-06-29 10:00:00,2022-06-29 11:00:00,25.83,41.14,44.444925,26.127289
2022-06-29 11:00:00,2022-06-29 12:00:00,22.44,39.92,44.444925,26.127289
2022-06-29 12:00:00,2022-06-29 13:00:00,20.99,45.65,44.444925,26.127289
2022-06-29 13:00:00,2022-06-29 14:00:00,20.07,51.56,44.444925,26.127289
2022-06-29 14:00:00,2022-06-29 15:00:00,19.41,52.37,44.444925,26.127289
2022-06-29 15:00:00,2022-06-29 16:00:00,17.87,41.8,44.444925,26.127289
2022-06-29 16:00:00,2022-06-29 17:00:00,23.76,40.91,44.444925,26.127289
2022-06-29 17:00:00,2022-06-29 18:00:00,29.95,64.04,44.444925,26.127289
2022-06-29 18:00:00,2022-06-29 19:00:00,25.98,48.49,44.444925,26.127289
2022-06-29 20:00:00,2022-06-29 21:00:00,44.98,75.73,44.444925,26.127289
2022-06-29 21:00:00,2022-06-29 22:00:00,41.07,76.14,44.444925,26.127289
2022-06-29 22:00:00,2022-06-29 23:00:00,37.59,64.24,44.444925,26.127289
2022-06-29 23:00:00,2022-06-30 00:00:00,33.38,54.67,44.444925,26.127289
2022-06-30 00:00:00,2022-06-30 01:00:00,40.13,53.6,44.444925,26.127289
2022-06-30 01:00:00,2022-06-30 02:00:00,41.38,58.87,44.444925,26.127289
2022-06-30 02:00:00,2022-06-30 03:00:00,39.57,53.44,44.444925,26.127289
2022-06-30 03:00:00,2022-06-30 04:00:00,40.68,54.98,44.444925,26.127289
2022-06-30 04:00:00,2022-06-30 05:00:00,40.51,48.07,44.444925,26.127289
2022-06-30 05:00:00,2022-06-30 06:00:00,38.0,46.22,44.444925,26.127289
2022-06-30 06:00:00,2022-06-30 07:00:00,38.2,41.09,44.444925,26.127289
2022-06-30 07:00:00,2022-06-30 08:00:00,40.24,55.23,44.444925,26.127289
2022-06-30 08:00:00,2022-06-30 09:00:00,36.41,66.75,44.444925,26.127289
2022-06-30 09:00:00,2022-06-30 10:00:00,33.18,66.0,44.444925,26.127289
2022-06-30 10:00:00,2022-06-30 11:00:00,32.13,56.01,44.444925,26.127289
2022-06-30 11:00:00,2022-06-30 12:00:00,28.51,63.5,44.444925,26.127289
2022-06-30 12:00:00,2022-06-30 13:00:00,23.37,60.46,44.444925,26.127289
2022-06-30 13:00:00,2022-06-30 14:00:00,22.62,53.16,44.444925,26.127289
2022-06-30 14:00:00,2022-06-30 15:00:00,23.86,64.65,44.444925,26.127289
2022-06-30 15:00:00,2022-06-30 16:00:00,24.93,62.74,44.444925,26.127289
2022-06-30 16:00:00,2022-06-30 17:00:00,26.57,72.01,44.444925,26.127289
2022-06-30 17:00:00,2022-06-30 18:00:00,25.43,73.73,44.444925,26.127289
2022-06-30 18:00:00,2022-06-30 19:00:00,29.84,62.41,44.444925,26.127289
2022-06-30 19:00:00,2022-06-30 20:00:00,53.17,55.48,44.444925,26.127289
2022-06-30 21:00:00,2022-06-30 22:00:00,41.27,37.74,44.444925,26.127289
2022-06-30 22:00:00,2022-06-30 23:00:00,35.84,37.6,44.444925,26.127289
2022-06-30 23:00:00,2022-07-01 00:00:00,32.31,31.33,44.444925,26.127289
2022-07-01 00:00:00,2022-07-01 01:00:00,28.91,19.74,44.444925,26.127289
2022-07-01 01:00:00,2022-07-01 02:00:00,24.02,22.85,44.444925,26.127289
2022-07-01 02:00:00,2022-07-01 03:00:00,25.59,20.02,44.444925,26.127289
2022-07-01 03:00:00,2022-07-01 04:00:00,27.36,15.67,44.444925,26.127289
2022-07-01 04:00:00,2022-07-01 05:00:00,29.24,18.23,44.444925,26.127289
2022-07-01 05:00:00,2022-07-01 06:00:00,33.48,28.05,44.444925,26.127289
2022-07-01 06:00:00,2022-07-01 07:00:00,36.48,37.18,44.444925,26.127289
2022-07-01 07:00:00,2022-07-01 08:00:00,35.11,42.4,44.444925,26.127289
2022-07-01 08:00:00,2022-07-01 09:00:00,30.79,37.77,44.444925,26.127289
2022-07-01 09:00:00,2022-07-01 10:00:00,30.55,39.55,44.444925,26.127289
2022-07-01 10:00:00,2022-07-01 11:00:00,28.76,48.01,44.444925,26.127289
2022-07-01 11:00:00,2022-07-01 12:00:00,29.92,53.84,44.444925,26.127289
2022-07-01 12:00:00,2022-07-01 13:00:00,28.35,50.15,44.444925,26.127289
2022-07-01 13:00:00,2022-07-01 14:00:00,28.13,53.43,44.444925,26.127289
2022-07-01 14:00:00,2022-07-01 15:00:00,27.92,53.18,44.444925,26.127289
2022-07-01 15:00:00,2022-07-01 16:00:00,27.54,49.36,44.444925,26.127289
2022-07-01 16:00:00,2022-07-01 17:00:00,30.91,63.18,44.444925,26.127289
2022-07-01 17:00:00,2022-07-01 18:00:00,32.91,64.15,44.444925,26.127289
2022-07-01 18:00:00,2022-07-01 19:00:00,30.38,52.52,44.444925,26.127289
2022-07-01 19:00:00,2022-07-01 20:00:00,32.57,52.15,44.444925,26.127289
2022-07-01 20:00:00,2022-07-01 21:00:00,34.17,53.71,44.444925,26.127289
2022-07-01 22:00:00,2022-07-01 23:00:00,38.49,47.36,44.444925,26.127289
2022-07-01 23:00:00,2022-07-02 00:00:00,32.32,36.13,44.444925,26.127289
2022-07-02 00:00:00,2022-07-02 01:00:00,31.84,28.67,44.444925,26.127289
2022-07-02 01:00:00,2022-07-02 02:00:00,28.49,22.02,44.444925,26.127289
2022-07-02 02:00:00,2022-07-02 03:00:00,27.57,26.66,44.444925,26.127289
2022-07-02 03:00:00,2022-07-02 04:00:00,33.78,35.86,44.444925,26.127289
2022-07-02 04:00:00,2022-07-02 05:00:00,34.73,27.22,44.444925,26.127289
2022-07-02 05:00:00,2022-07-02 06:00:00,28.95,27.18,44.444925,26.127289
2022-07-02 06:00:00,2022-07-02 07:00:00,32.31,33.01,44.444925,26.127289
2022-07-02 07:00:00,2022-07-02 08:00:00,26.39,28.91,44.444925,26.127289
2022-07-02 08:00:00,2022-07-02 09:00:00,23.72,22.49,44.444925,26.127289
2022-07-02 09:00:00,2022-07-02 10:00:00,21.84,19.48,44.444925,26.127289
2022-07-02 10:00:00,2022-07-02 11:00:00,23.78,15.76,44.444925,26.127289
2022-07-02 11:00:00,2022-07-02 12:00:00,25.9,16.8,44.444925,26.127289
2022-07-02 12:00:00,2022-07-02 13:00:00,25.28,13.14,44.444925,26.127289
2022-07-02 13:00:00,2022-07-02 14:00:00,27.18,12.92,44.444925,26.127289
2022-07-02 14:00:00,2022-07-02 15:00:00,26.82,13.06,44.444925,26.127289
2022-07-02 15:00:00,2022-07-02 16:00:00,26.99,13.24,44.444925,26.127289
2022-07-02 16:00:00,2022-07-02 17:00:00,31.92,16.09,44.444925,26.127289
2022-07-02 17:00:00,2022-07-02 18:00:00,35.19,15.66,44.444925,26.127289
2022-07-02 18:00:00,2022-07-02 19:00:00,36.1,22.04,44.444925,26.127289
2022-07-02 19:00:00,2022-07-02 20:00:00,38.49,23.45,44.444925,26.127289
2022-07-02 20:00:00,2022-07-02 21:00:00,44.08,35.11,44.444925,26.127289
2022-07-02 21:00:00,2022-07-02 22:00:00,31.62,20.98,44.444925,26.127289
2022-07-02 23:00:00,2022-07-03 00:00:00,32.96,35.32,44.444925,26.127289
2022-07-03 00:00:00,2022-07-03 01:00:00,25.77,27.89,44.444925,26.127289
2022-07-03 01:00:00,2022-07-03 02:00:00,23.88,22.06,44.444925,26.127289
2022-07-03 02:00:00,2022-07-03 03:00:00,27.29,33.48,44.444925,26.127289
2022-07-03 03:00:00,2022-07-03 04:00:00,23.99,21.43,44.444925,26.127289
2022-07-03 04:00:00,2022-07-03 05:00:00,22.09,28.5,44.444925,26.127289
2022-07-03 05:00:00,2022-07-03 06:00:00,23.44,27.22,44.444925,26.127289
2022-07-03 06:00:00,2022-07-03 07:00:00,22.37,23.12,44.444925,26.127289
2022-07-03 07:00:00,2022-07-03 08:00:00,21.81,19.57,44.444925,26.127289
2022-07-03 08:00:00,2022-07-03 09:00:00,19.71,16.24,44.444925,26.127289
2022-07-03 09:00:00,2022-07-03 10:00:00,21.8,22.57,44.444925,26.127289
2022-07-03 10:00:00,2022-07-03 11:00:00,22.23,18.46,44.444925,26.127289
2022-07-03 11:00:00,2022-07-03 12:00:00,18.66,14.25,44.444925,26.127289
2022-07-03 12:00:00,2022-07-03 13:00:00,19.82,11.55,44.444925,26.127289
2022-07-03 13:00:00,2022-07-03 14:00:00,19.37,11.33,44.444925,26.127289
2022-07-03 14:00:00,2022-07-03 15:00:00,20.75,12.03,44.444925,26.127289
2022-07-03 15:00:00,2022-07-03 16:00:00,21.28,11.44,44.444925,26.127289
2022-07-03 16:00:00,2022-07-03 17:00:00,21.44,12.02,44.444925,26.127289
2022-07-03 17:00:00,2022-07-03 18:00:00,24.69,10.97,44.444925,26.127289
2022-07-03 18:00:00,2022-07-03 19:00:00,23.29,18.12,44.444925,26.127289
2022-07-03 19:00:00,2022-07-03 20:00:00,31.97,26.56,44.444925,26.127289
2022-07-03 20:00:00,2022-07-03 21:00:00,38.24,55.39,44.444925,26.127289
2022-07-03 21:00:00,2022-07-03 22:00:00,30.85,53.05,44.444925,26.127289
2022-07-03 22:00:00,2022-07-03 23:00:00,20.19,29.57,44.444925,26.127289
2022-07-04 00:00:00,2022-07-04 01:00:00,16.36,16.53,44.444925,26.127289
2022-07-04 01:00:00,2022-07-04 02:00:00,16.11,17.94,44.444925,26.127289
2022-07-04 02:00:00,2022-07-04 03:00:00,14.77,14.73,44.444925,26.127289
2022-07-04 03:00:00,2022-07-04 04:00:00,14.03,13.09,44.444925,26.127289
2022-07-04 04:00:00,2022-07-04 05:00:00,14.83,14.35,44.444925,26.127289
2022-07-04 05:00:00,2022-07-04 06:00:00,18.67,44.75,44.444925,26.127289
2022-07-04 06:00:00,2022-07-04 07:00:00,28.85,67.16,44.444925,26.127289
2022-07-04 07:00:00,2022-07-04 08:00:00,25.23,53.38,44.444925,26.127289
2022-07-04 08:00:00,2022-07-04 09:00:00,22.11,46.11,44.444925,26.127289
2022-07-04 09:00:00,2022-07-04 10:00:00,26.8,29.55,44.444925,26.127289
2022-07-04 10:00:00,2022-07-04 11:00:00,27.8,35.67,44.444925,26.127289
2022-07-04 11:00:00,2022-07-04 12:00:00,29.82,39.04,44.444925,26.127289
2022-07-04 12:00:00,2022-07-04 13:00:00,28.74,50.76,44.444925,26.127289
2022-07-04 13:00:00,2022-07-04 14:00:00,31.4,52.73,44.444925,26.127289
2022-07-04 14:00:00,2022-07-04 15:00:00,32.74,37.26,44.444925,26.127289
2022-07-04 15:00:00,2022-07-04 16:00:00,33.55,55.74,44.444925,26.127289
2022-07-04 16:00:00,2022-07-04 17:00:00,34.03,43.26,44.444925,26.127289
2022-07-04 17:00:00,2022-07-04 18:00:00,39.45,34.35,44.444925,26.127289
2022-07-04 18:00:00,2022-07-04 19:00:00,29.79,25.77,44.444925,26.127289
2022-07-04 19:00:00,2022-07-04 20:00:00,29.54,34.29,44.444925,26.127289
2022-07-04 20:00:00,2022-07-04 21:00:00,36.38,32.45,44.444925,26.127289
2022-07-04 21:00:00,2022-07-04 22:00:00,47.66,50.76,44.444925,26.127289
2022-07-04 22:00:00,2022-07-04 23:00:00,41.5,58.14,44.444925,26.127289
2022-07-04 23:00:00,2022-07-05 00:00:00,39.28,41.27,44.444925,26.127289
2022-07-05 01:00:00,2022-07-05 02:00:00,19.07,22.11,44.444925,26.127289
2022-07-05 02:00:00,2022-07-05 03:00:00,15.92,18.28,44.444925,26.127289
2022-07-05 03:00:00,2022-07-05 04:00:00,15.8,17.51,44.444925,26.127289
2022-07-05 04:00:00,2022-07-05 05:00:00,17.68,23.97,44.444925,26.127289
2022-07-05 05:00:00,2022-07-05 06:00:00,23.55,42.15,44.444925,26.127289
2022-07-05 06:00:00,2022-07-05 07:00:00,41.68,54.53,44.444925,26.127289
2022-07-05 07:00:00,2022-07-05 08:00:00,41.24,60.62,44.444925,26.127289
2022-07-05 08:00:00,2022-07-05 09:00:00,29.75,55.89,44.444925,26.127289
2022-07-05 09:00:00,2022-07-05 10:00:00,35.64,57.0,44.444925,26.127289
2022-07-05 10:00:00,2022-07-05 11:00:00,35.26,56.84,44.444925,26.127289
2022-07-05 11:00:00,2022-07-05 12:00:00,34.54,62.14,44.444925,26.127289
2022-07-05 12:00:00,2022-07-05 13:00:00,36.06,40.58,44.444925,26.127289
2022-07-05 13:00:00,2022-07-05 14:00:00,37.27,49.62,44.444925,26.127289
2022-07-05 14:00:00,2022-07-05 15:00:00,36.97,55.0,44.444925,26.127289
2022-07-05 15:00:00,2022-07-05 16:00:00,39.2,66.75,44.444925,26.127289
2022-07-05 16:00:00,2022-07-05 17:00:00,39.17,85.54,44.444925,26.127289
2022-07-05 17:00:00,2022-07-05 18:00:00,36.96,81.76,44.444925,26.127289
2022-07-05 18:00:00,2022-07-05 19:00:00,36.72,88.19,44.444925,26.127289
2022-07-05 19:00:00,2022-07-05 20:00:00,39.19,63.16,44.444925,26.127289
2022-07-05 20:00:00,2022-07-05 21:00:00,41.08,32.22,44.444925,26.127289
2022-07-05 21:00:00,2022-07-05 22:00:00,38.99,54.22,44.444925,26.127289
2022-07-05 22:00:00,2022-07-05 23:00:00,32.64,33.21,44.444925,26.127289
2022-07-05 23:00:00,2022-07-06 00:00:00,32.83,31.58,44.444925,26.127289
2022-07-06 00:00:00,2022-07-06 01:00:00,28.81,25.73,44.444925,26.127289
2022-07-06 02:00:00,2022-07-06 03:00:00,25.37,16.37,44.444925,26.127289
2022-07-06 03:00:00,2022-07-06 04:00:00,25.39,12.81,44.444925,26.127289
2022-07-06 04:00:00,2022-07-06 05:00:00,26.64,21.58,44.444925,26.127289
2022-07-06 05:00:00,2022-07-06 06:00:00,32.62,37.79,44.444925,26.127289
2022-07-06 06:00:00,2022-07-06 07:00:00,38.5,46.55,44.444925,26.127289
2022-07-06 08:00:00,2022-07-06 09:00:00,46.05,39.8,44.444925,26.127289
2022-07-06 09:00:00,2022-07-06 10:00:00,37.18,34.29,44.444925,26.127289
2022-07-06 10:00:00,2022-07-06 11:00:00,39.52,27.28,44.444925,26.127289
2022-07-06 11:00:00,2022-07-06 12:00:00,42.93,24.68,44.444925,26.127289
2022-07-06 12:00:00,2022-07-06 13:00:00,41.65,20.17,44.444925,26.127289
2022-07-06 13:00:00,2022-07-06 14:00:00,40.28,18.9,44.444925,26.127289
2022-07-06 14:00:00,2022-07-06 15:00:00,34.14,19.47,44.444925,26.127289
2022-07-06 15:00:00,2022-07-06 16:00:00,31.06,20.9,44.444925,26.127289
2022-07-06 16:00:00,2022-07-06 17:00:00,26.69,21.21,44.444925,26.127289
2022-07-06 17:00:00,2022-07-06 18:00:00,23.4,22.04,44.444925,26.127289
2022-07-06 18:00:00,2022-07-06 19:00:00,30.16,22.06,44.444925,26.127289
2022-07-06 19:00:00,2022-07-06 20:00:00,28.7,19.96,44.444925,26.127289
2022-07-06 20:00:00,2022-07-06 21:00:00,29.76,22.46,44.444925,26.127289
2022-07-06 21:00:00,2022-07-06 22:00:00,28.43,22.63,44.444925,26.127289
2022-07-06 22:00:00,2022-07-06 23:00:00,26.53,20.66,44.444925,26.127289
2022-07-06 23:00:00,2022-07-07 00:00:00,24.27,15.48,44.444925,26.127289
2022-07-07 00:00:00,2022-07-07 01:00:00,23.81,17.08,44.444925,26.127289
2022-07-07 01:00:00,2022-07-07 02:00:00,23.92,18.49,44.444925,26.127289
2022-07-07 03:00:00,2022-07-07 04:00:00,8.79,10.61,44.444925,26.127289
2022-07-07 04:00:00,2022-07-07 05:00:00,8.55,12.3,44.444925,26.127289
2022-07-07 05:00:00,2022-07-07 06:00:00,7.37,19.07,44.444925,26.127289
2022-07-07 06:00:00,2022-07-07 07:00:00,10.98,30.98,44.444925,26.127289
2022-07-07 07:00:00,2022-07-07 08:00:00,12.95,44.58,44.444925,26.127289
2022-07-07 08:00:00,2022-07-07 09:00:00,17.36,44.55,44.444925,26.127289
2022-07-07 09:00:00,2022-07-07 10:00:00,16.97,49.23,44.444925,26.127289
2022-07-07 10:00:00,2022-07-07 11:00:00,12.92,40.04,44.444925,26.127289
2022-07-07 11:00:00,2022-07-07 12:00:00,17.73,34.23,44.444925,26.127289
2022-07-07 12:00:00,2022-07-07 13:00:00,17.03,33.43,44.444925,26.127289
2022-07-07 13:00:00,2022-07-07 14:00:00,19.05,31.43,44.444925,26.127289
2022-07-07 14:00:00,2022-07-07 15:00:00,22.41,44.2,44.444925,26.127289
2022-07-07 15:00:00,2022-07-07 16:00:00,24.39,51.65,44.444925,26.127289
2022-07-07 16:00:00,2022-07-07 17:00:00,21.54,48.97,44.444925,26.127289
2022-07-07 17:00:00,2022-07-07 18:00:00,15.7,46.8,44.444925,26.127289
2022-07-07 18:00:00,2022-07-07 19:00:00,14.6,40.89,44.444925,26.127289
2022-07-07 19:00:00,2022-07-07 20:00:00,16.03,37.18,44.444925,26.127289
2022-07-07 20:00:00,2022-07-07 21:00:00,16.06,29.72,44.444925,26.127289
2022-07-07 21:00:00,2022-07-07 22:00:00,15.62,29.03,44.444925,26.127289
2022-07-07 22:00:00,2022-07-07 23:00:00,13.05,27.19,44.444925,26.127289
2022-07-07 23:00:00,2022-07-08 00:00:00,13.54,31.41,44.444925,26.127289
2022-07-08 00:00:00,2022-07-08 01:00:00,17.34,28.01,44.444925,26.127289
2022-07-08 01:00:00,2022-07-08 02:00:00,13.6,19.51,44.444925,26.127289
2022-07-08 02:00:00,2022-07-08 03:00:00,12.12,15.24,44.444925,26.127289
2022-07-08 04:00:00,2022-07-08 05:00:00,14.89,17.96,44.444925,26.127289
2022-07-08 05:00:00,2022-07-08 06:00:00,18.19,26.08,44.444925,26.127289
2022-07-08 06:00:00,2022-07-08 07:00:00,19.26,32.83,44.444925,26.127289
2022-07-08 07:00:00,2022-07-08 08:00:00,19.26,31.22,44.444925,26.127289
2022-07-08 08:00:00,2022-07-08 09:00:00,19.75,28.52,44.444925,26.127289
2022-07-08 09:00:00,2022-07-08 10:00:00,14.86,30.15,44.444925,26.127289
2022-07-08 10:00:00,2022-07-08 11:00:00,16.54,34.05,44.444925,26.127289
2022-07-08 11:00:00,2022-07-08 12:00:00,14.11,33.97,44.444925,26.127289
2022-07-08 12:00:00,2022-07-08 13:00:00,12.97,34.9,44.444925,26.127289
2022-07-08 13:00:00,2022-07-08 14:00:00,15.14,33.44,44.444925,26.127289
2022-07-08 14:00:00,2022-07-08 15:00:00,15.18,46.17,44.444925,26.127289
2022-07-08 15:00:00,2022-07-08 16:00:00,13.3,50.59,44.444925,26.127289
2022-07-08 16:00:00,2022-07-08 17:00:00,10.55,40.64,44.444925,26.127289
2022-07-08 17:00:00,2022-07-08 18:00:00,12.43,41.11,44.444925,26.127289
2022-07-08 18:00:00,2022-07-08 19:00:00,15.22,51.75,44.444925,26.127289
2022-07-08 19:00:00,2022-07-08 20:00:00,19.59,51.44,44.444925,26.127289
2022-07-08 20:00:00,2022-07-08 21:00:00,24.77,58.75,44.444925,26.127289
2022-07-08 21:00:00,2022-07-08 22:00:00,24.91,49.82,44.444925,26.127289
2022-07-08 22:00:00,2022-07-08 23:00:00,23.14,51.32,44.444925,26.127289
2022-07-08 23:00:00,2022-07-09 00:00:00,22.88,40.78,44.444925,26.127289
2022-07-09 00:00:00,2022-07-09 01:00:00,21.62,29.37,44.444925,26.127289
2022-07-09 01:00:00,2022-07-09 02:00:00,20.05,25.05,44.444925,26.127289
2022-07-09 02:00:00,2022-07-09 03:00:00,17.5,20.33,44.444925,26.127289
2022-07-09 03:00:00,2022-07-09 04:00:00,16.52,18.01,44.444925,26.127289
2022-07-09 05:00:00,2022-07-09 06:00:00,18.26,30.21,44.444925,26.127289
2022-07-09 06:00:00,2022-07-09 07:00:00,18.89,29.93,44.444925,26.127289
2022-07-09 07:00:00,2022-07-09 08:00:00,19.51,33.5,44.444925,26.127289
2022-07-09 08:00:00,2022-07-09 09:00:00,19.23,31.54,44.444925,26.127289
2022-07-09 09:00:00,2022-07-09 10:00:00,20.81,34.44,44.444925,26.127289
2022-07-09 10:00:00,2022-07-09 11:00:00,19.99,30.38,44.444925,26.127289
2022-07-09 11:00:00,2022-07-09 12:00:00,18.2,29.07,44.444925,26.127289
2022-07-09 12:00:00,2022-07-09 13:00:00,17.09,17.88,44.444925,26.127289
2022-07-09 13:00:00,2022-07-09 14:00:00,23.29,21.64,44.444925,26.127289
2022-07-09 14:00:00,2022-07-09 15:00:00,17.92,17.05,44.444925,26.127289
2022-07-09 15:00:00,2022-07-09 16:00:00,21.93,16.62,44.444925,26.127289
2022-07-09 16:00:00,2022-07-09 17:00:00,21.0,17.58,44.444925,26.127289
2022-07-09 17:00:00,2022-07-09 18:00:00,19.1,11.44,44.444925,26.127289
2022-07-09 18:00:00,2022-07-09 19:00:00,21.58,22.03,44.444925,26.127289
2022-07-09 19:00:00,2022-07-09 20:00:00,30.04,26.73,44.444925,26.127289
2022-07-09 20:00:00,2022-07-09 21:00:00,25.74,26.2,44.444925,26.127289
2022-07-09 21:00:00,2022-07-09 22:00:00,22.38,33.8,44.444925,26.127289
2022-07-09 22:00:00,2022-07-09 23:00:00,22.04,41.18,44.444925,26.127289
2022-07-09 23:00:00,2022-07-10 00:00:00,20.89,34.99,44.444925,26.127289
2022-07-10 00:00:00,2022-07-10 01:00:00,22.89,27.84,44.444925,26.127289
2022-07-10 01:00:00,2022-07-10 02:00:00,23.47,21.89,44.444925,26.127289
2022-07-10 02:00:00,2022-07-10 03:00:00,22.97,23.03,44.444925,26.127289
2022-07-10 03:00:00,2022-07-10 04:00:00,22.52,22.66,44.444925,26.127289
2022-07-10 04:00:00,2022-07-10 05:00:00,21.36,22.11,44.444925,26.127289
2022-07-10 06:00:00,2022-07-10 07:00:00,26.15,27.6,44.444925,26.127289
2022-07-10 07:00:00,2022-07-10 08:00:00,31.87,24.41,44.444925,26.127289
2022-07-10 08:00:00,2022-07-10 09:00:00,27.06,15.08,44.444925,26.127289
2022-07-10 09:00:00,2022-07-10 10:00:00,25.16,11.7,44.444925,26.127289
2022-07-10 10:00:00,2022-07-10 11:00:00,22.84,11.52,44.444925,26.127289
2022-07-10 11:00:00,2022-07-10 12:00:00,20.81,11.55,44.444925,26.127289
2022-07-10 12:00:00,2022-07-10 13:00:00,19.94,12.69,44.444925,26.127289
2022-07-10 13:00:00,2022-07-10 14:00:00,22.93,12.63,44.444925,26.127289
2022-07-10 14:00:00,2022-07-10 15:00:00,19.57,15.18,44.444925,26.127289
2022-07-10 15:00:00,2022-07-10 16:00:00,19.01,11.53,44.444925,26.127289
2022-07-10 16:00:00,2022-07-10 17:00:00,14.06,13.3,44.444925,26.127289
2022-07-10 17:00:00,2022-07-10 18:00:00,10.1,16.15,44.444925,26.127289
2022-07-10 18:00:00,2022-07-10 19:00:00,9.32,18.37,44.444925,26.127289
2022-07-10 19:00:00,2022-07-10 20:00:00,9.89,23.26,44.444925,26.127289
2022-07-10 20:00:00,2022-07-10 21:00:00,10.32,31.1,44.444925,26.127289
2022-07-10 21:00:00,2022-07-10 22:00:00,18.83,26.45,44.444925,26.127289
2022-07-10 22:00:00,2022-07-10 23:00:00,11.24,22.9,44.444925,26.127289
2022-07-10 23:00:00,2022-07-11 00:00:00,11.19,17.62,44.444925,26.127289
2022-07-11 00:00:00,2022-07-11 01:00:00,11.12,14.25,44.444925,26.127289
2022-07-11 01:00:00,2022-07-11 02:00:00,11.59,15.15,44.444925,26.127289
2022-07-11 02:00:00,2022-07-11 03:00:00,10.66,18.72,44.444925,26.127289
2022-07-11 03:00:00,2022-07-11 04:00:00,10.41,17.4,44.444925,26.127289
2022-07-11 04:00:00,2022-07-11 05:00:00,10.49,20.77,44.444925,26.127289
2022-07-11 05:00:00,2022-07-11 06:00:00,14.18,36.63,44.444925,26.127289
2022-07-11 07:00:00,2022-07-11 08:00:00,21.56,43.93,44.444925,26.127289
2022-07-11 08:00:00,2022-07-11 09:00:00,19.59,39.89,44.444925,26.127289
2022-07-11 09:00:00,2022-07-11 10:00:00,24.77,26.16,44.444925,26.127289
2022-07-11 10:00:00,2022-07-11 11:00:00,17.53,31.59,44.444925,26.127289
2022-07-11 11:00:00,2022-07-11 12:00:00,16.4,26.01,44.444925,26.127289
2022-07-11 12:00:00,2022-07-11 13:00:00,15.15,17.86,44.444925,26.127289
2022-07-11 13:00:00,2022-07-11 14:00:00,14.86,20.24,44.444925,26.127289
2022-07-11 14:00:00,2022-07-11 15:00:00,13.53,22.03,44.444925,26.127289
2022-07-11 15:00:00,2022-07-11 16:00:00,15.62,27.47,44.444925,26.127289
2022-07-11 16:00:00,2022-07-11 17:00:00,16.1,39.0,44.444925,26.127289
2022-07-11 17:00:00,2022-07-11 18:00:00,14.76,33.26,44.444925,26.127289
2022-07-11 18:00:00,2022-07-11 19:00:00,14.11,28.37,44.444925,26.127289
2022-07-11 19:00:00,2022-07-11 20:00:00,16.12,30.92,44.444925,26.127289
2022-07-11 20:00:00,2022-07-11 21:00:00,17.82,38.09,44.444925,26.127289
2022-07-11 21:00:00,2022-07-11 22:00:00,19.1,42.46,44.444925,26.127289
2022-07-11 22:00:00,2022-07-11 23:00:00,17.85,36.86,44.444925,26.127289
2022-07-11 23:00:00,2022-07-12 00:00:00,11.98,28.75,44.444925,26.127289
2022-07-12 00:00:00,2022-07-12 01:00:00,10.32,20.15,44.444925,26.127289
2022-07-12 01:00:00,2022-07-12 02:00:00,9.92,15.53,44.444925,26.127289
2022-07-12 02:00:00,2022-07-12 03:00:00,8.6,15.1,44.444925,26.127289
2022-07-12 03:00:00,2022-07-12 04:00:00,7.73,15.39,44.444925,26.127289
2022-07-12 04:00:00,2022-07-12 05:00:00,9.58,16.37,44.444925,26.127289
2022-07-12 05:00:00,2022-07-12 06:00:00,11.0,24.32,44.444925,26.127289
2022-07-12 06:00:00,2022-07-12 07:00:00,11.79,38.06,44.444925,26.127289
2022-07-12 08:00:00,2022-07-12 09:00:00,13.64,37.16,44.444925,26.127289
2022-07-12 09:00:00,2022-07-12 10:00:00,14.06,37.35,44.444925,26.127289
2022-07-12 10:00:00,2022-07-12 11:00:00,17.62,32.24,44.444925,26.127289
2022-07-12 11:00:00,2022-07-12 12:00:00,15.86,26.55,44.444925,26.127289
2022-07-12 12:00:00,2022-07-12 13:00:00,14.24,26.55,44.444925,26.127289
2022-07-12 13:00:00,2022-07-12 14:00:00,13.35,26.3,44.444925,26.127289
2022-07-12 14:00:00,2022-07-12 15:00:00,12.54,16.07,44.444925,26.127289
2022-07-12 15:00:00,2022-07-12 16:00:00,11.7,19.19,44.444925,26.127289
2022-07-12 16:00:00,2022-07-12 17:00:00,13.42,22.96,44.444925,26.127289
2022-07-12 17:00:00,2022-07-12 18:00:00,15.15,27.52,44.444925,26.127289
2022-07-12 18:00:00,2022-07-12 19:00:00,15.33,28.68,44.444925,26.127289
2022-07-12 19:00:00,2022-07-12 20:00:00,14.01,31.35,44.444925,26.127289
2022-07-12 20:00:00,2022-07-12 21:00:00,13.16,26.74,44.444925,26.127289
2022-07-12 21:00:00,2022-07-12 22:00:00,11.79,30.43,44.444925,26.127289
2022-07-12 22:00:00,2022-07-12 23:00:00,10.84,24.68,44.444925,26.127289
2022-07-12 23:00:00,2022-07-13 00:00:00,7.87,19.39,44.444925,26.127289
2022-07-13 00:00:00,2022-07-13 01:00:00,7.98,13.53,44.444925,26.127289
2022-07-13 01:00:00,2022-07-13 02:00:00,7.06,19.84,44.444925,26.127289
2022-07-13 02:00:00,2022-07-13 03:00:00,8.65,19.24,44.444925,26.127289
2022-07-13 03:00:00,2022-07-13 04:00:00,9.21,19.24,44.444925,26.127289
2022-07-13 04:00:00,2022-07-13 05:00:00,11.06,17.95,44.444925,26.127289
2022-07-13 05:00:00,2022-07-13 06:00:00,13.47,23.38,44.444925,26.127289
2022-07-14 20:00:00,2022-07-14 21:00:00,14.09,67.89,44.444925,26.127289
2022-07-14 21:00:00,2022-07-14 22:00:00,22.11,91.48,44.444925,26.127289
2022-07-14 22:00:00,2022-07-14 23:00:00,23.45,94.38,44.444925,26.127289
2022-07-14 23:00:00,2022-07-15 00:00:00,18.46,55.85,44.444925,26.127289
2022-07-15 00:00:00,2022-07-15 01:00:00,21.67,64.14,44.444925,26.127289
2022-07-15 01:00:00,2022-07-15 02:00:00,21.43,62.15,44.444925,26.127289
2022-07-15 02:00:00,2022-07-15 03:00:00,20.64,58.01,44.444925,26.127289
2022-07-15 03:00:00,2022-07-15 04:00:00,11.5,29.7,44.444925,26.127289
2022-07-15 04:00:00,2022-07-15 05:00:00,10.49,25.8,44.444925,26.127289
2022-07-15 05:00:00,2022-07-15 06:00:00,12.43,35.77,44.444925,26.127289
2022-07-15 06:00:00,2022-07-15 07:00:00,21.06,58.62,44.444925,26.127289
2022-07-15 07:00:00,2022-07-15 08:00:00,32.52,68.82,44.444925,26.127289
2022-07-15 08:00:00,2022-07-15 09:00:00,31.86,67.47,44.444925,26.127289
2022-07-15 09:00:00,2022-07-15 10:00:00,30.2,51.16,44.444925,26.127289
2022-07-15 10:00:00,2022-07-15 11:00:00,35.24,42.86,44.444925,26.127289
2022-07-15 11:00:00,2022-07-15 12:00:00,28.5,30.21,44.444925,26.127289
2022-07-15 12:00:00,2022-07-15 13:00:00,23.82,34.58,44.444925,26.127289
2022-07-15 13:00:00,2022-07-15 14:00:00,24.89,42.18,44.444925,26.127289
2022-07-15 14:00:00,2022-07-15 15:00:00,17.36,26.27,44.444925,26.127289
2022-07-15 15:00:00,2022-07-15 16:00:00,20.7,35.82,44.444925,26.127289
2022-07-15 16:00:00,2022-07-15 17:00:00,16.79,35.37,44.444925,26.127289
2022-07-15 17:00:00,2022-07-15 18:00:00,18.66,36.06,44.444925,26.127289
2022-07-15 18:00:00,2022-07-15 19:00:00,24.12,26.1,44.444925,26.127289
2022-07-15 19:00:00,2022-07-15 20:00:00,24.74,44.78,44.444925,26.127289
2022-07-15 21:00:00,2022-07-15 22:00:00,36.03,78.65,44.444925,26.127289
2022-07-15 22:00:00,2022-07-15 23:00:00,22.37,54.37,44.444925,26.127289
2022-07-15 23:00:00,2022-07-16 00:00:00,18.77,48.35,44.444925,26.127289
2022-07-16 00:00:00,2022-07-16 01:00:00,17.35,39.63,44.444925,26.127289
2022-07-16 01:00:00,2022-07-16 02:00:00,16.39,33.29,44.444925,26.127289
2022-07-16 02:00:00,2022-07-16 03:00:00,16.71,25.01,44.444925,26.127289
2022-07-16 03:00:00,2022-07-16 04:00:00,21.02,28.68,44.444925,26.127289
2022-07-16 04:00:00,2022-07-16 05:00:00,18.61,29.46,44.444925,26.127289
2022-07-16 05:00:00,2022-07-16 06:00:00,18.89,30.84,44.444925,26.127289
2022-07-16 06:00:00,2022-07-16 07:00:00,20.41,36.47,44.444925,26.127289
2022-07-16 07:00:00,2022-07-16 08:00:00,20.28,28.58,44.444925,26.127289
2022-07-16 08:00:00,2022-07-16 09:00:00,20.76,26.03,44.444925,26.127289
2022-07-16 09:00:00,2022-07-16 10:00:00,21.8,21.46,44.444925,26.127289
2022-07-16 10:00:00,2022-07-16 11:00:00,22.56,21.65,44.444925,26.127289
2022-07-16 11:00:00,2022-07-16 12:00:00,23.56,22.29,44.444925,26.127289
2022-07-16 12:00:00,2022-07-16 13:00:00,22.22,18.02,44.444925,26.127289
2022-07-16 13:00:00,2022-07-16 14:00:00,23.39,17.01,44.444925,26.127289
2022-07-16 14:00:00,2022-07-16 15:00:00,27.08,12.52,44.444925,26.127289
2022-07-16 15:00:00,2022-07-16 16:00:00,30.25,18.87,44.444925,26.127289
2022-07-16 16:00:00,2022-07-16 17:00:00,29.03,18.72,44.444925,26.127289
2022-07-16 17:00:00,2022-07-16 18:00:00,26.27,21.79,44.444925,26.127289
2022-07-16 18:00:00,2022-07-16 19:00:00,25.48,25.64,44.444925,26.127289
2022-07-16 19:00:00,2022-07-16 20:00:00,27.41,29.49,44.444925,26.127289
2022-07-16 20:00:00,2022-07-16 21:00:00,31.81,40.84,44.444925,26.127289
2022-07-16 22:00:00,2022-07-16 23:00:00,27.18,45.21,44.444925,26.127289
2022-07-16 23:00:00,2022-07-17 00:00:00,27.75,36.62,44.444925,26.127289
2022-07-17 00:00:00,2022-07-17 01:00:00,25.3,41.96,44.444925,26.127289
2022-07-17 01:00:00,2022-07-17 02:00:00,25.76,47.38,44.444925,26.127289
2022-07-17 02:00:00,2022-07-17 03:00:00,32.32,44.95,44.444925,26.127289
2022-07-17 03:00:00,2022-07-17 04:00:00,36.43,40.96,44.444925,26.127289
2022-07-17 04:00:00,2022-07-17 05:00:00,28.77,31.31,44.444925,26.127289
2022-07-17 05:00:00,2022-07-17 06:00:00,20.98,25.91,44.444925,26.127289
2022-07-17 06:00:00,2022-07-17 07:00:00,19.5,25.07,44.444925,26.127289
2022-07-17 07:00:00,2022-07-17 08:00:00,20.11,21.81,44.444925,26.127289
2022-07-17 08:00:00,2022-07-17 09:00:00,21.27,23.17,44.444925,26.127289
2022-07-17 09:00:00,2022-07-17 10:00:00,19.86,16.62,44.444925,26.127289
2022-07-17 10:00:00,2022-07-17 11:00:00,20.99,11.74,44.444925,26.127289
2022-07-17 11:00:00,2022-07-17 12:00:00,16.06,10.09,44.444925,26.127289
2022-07-17 12:00:00,2022-07-17 13:00:00,15.0,9.39,44.444925,26.127289
2022-07-17 13:00:00,2022-07-17 14:00:00,16.34,9.43,44.444925,26.127289
2022-07-17 14:00:00,2022-07-17 15:00:00,16.78,9.11,44.444925,26.127289
2022-07-17 15:00:00,2022-07-17 16:00:00,17.27,9.65,44.444925,26.127289
2022-07-17 16:00:00,2022-07-17 17:00:00,15.65,8.67,44.444925,26.127289
2022-07-17 17:00:00,2022-07-17 18:00:00,14.72,11.51,44.444925,26.127289
2022-07-17 18:00:00,2022-07-17 19:00:00,13.0,13.31,44.444925,26.127289
2022-07-17 19:00:00,2022-07-17 20:00:00,19.19,36.6,44.444925,26.127289
2022-07-17 20:00:00,2022-07-17 21:00:00,15.73,40.35,44.444925,26.127289
2022-07-17 21:00:00,2022-07-17 22:00:00,15.21,43.73,44.444925,26.127289
2022-07-17 23:00:00,2022-07-18 00:00:00,12.77,24.75,44.444925,26.127289
2022-07-18 00:00:00,2022-07-18 01:00:00,11.36,15.67,44.444925,26.127289
2022-07-18 01:00:00,2022-07-18 02:00:00,9.04,13.24,44.444925,26.127289
2022-07-18 02:00:00,2022-07-18 03:00:00,10.6,16.93,44.444925,26.127289
2022-07-18 03:00:00,2022-07-18 04:00:00,9.95,12.08,44.444925,26.127289
2022-07-18 04:00:00,2022-07-18 05:00:00,8.94,18.41,44.444925,26.127289
2022-07-18 05:00:00,2022-07-18 06:00:00,9.82,28.78,44.444925,26.127289
2022-07-18 06:00:00,2022-07-18 07:00:00,12.09,39.31,44.444925,26.127289
2022-07-18 07:00:00,2022-07-18 08:00:00,16.52,46.95,44.444925,26.127289
2022-07-18 08:00:00,2022-07-18 09:00:00,19.01,46.75,44.444925,26.127289
2022-07-18 09:00:00,2022-07-18 10:00:00,17.45,45.49,44.444925,26.127289
2022-07-18 10:00:00,2022-07-18 11:00:00,16.29,40.36,44.444925,26.127289
2022-07-18 11:00:00,2022-07-18 12:00:00,15.54,41.62,44.444925,26.127289
2022-07-18 12:00:00,2022-07-18 13:00:00,16.38,47.47,44.444925,26.127289
2022-07-18 13:00:00,2022-07-18 14:00:00,16.04,43.38,44.444925,26.127289
2022-07-18 14:00:00,2022-07-18 15:00:00,17.78,43.76,44.444925,26.127289
2022-07-18 15:00:00,2022-07-18 16:00:00,17.28,36.01,44.444925,26.127289
2022-07-18 16:00:00,2022-07-18 17:00:00,19.79,60.22,44.444925,26.127289
2022-07-18 17:00:00,2022-07-18 18:00:00,18.34,67.04,44.444925,26.127289
2022-07-18 18:00:00,2022-07-18 19:00:00,17.64,34.26,44.444925,26.127289
2022-07-18 19:00:00,2022-07-18 20:00:00,17.8,45.86,44.444925,26.127289
2022-07-18 20:00:00,2022-07-18 21:00:00,25.74,65.37,44.444925,26.127289
2022-07-18 21:00:00,2022-07-18 22:00:00,33.27,63.52,44.444925,26.127289
2022-07-18 22:00:00,2022-07-18 23:00:00,25.61,46.02,44.444925,26.127289
2022-07-19 00:00:00,2022-07-19 01:00:00,22.32,45.45,44.444925,26.127289
2022-07-19 01:00:00,2022-07-19 02:00:00,25.08,38.57,44.444925,26.127289
2022-07-19 02:00:00,2022-07-19 03:00:00,21.89,38.75,44.444925,26.127289
2022-07-19 03:00:00,2022-07-19 04:00:00,19.82,21.6,44.444925,26.127289
2022-07-19 04:00:00,2022-07-19 05:00:00,19.56,30.96,44.444925,26.127289
2022-07-19 05:00:00,2022-07-19 06:00:00,19.34,37.6,44.444925,26.127289
2022-07-19 06:00:00,2022-07-19 07:00:00,24.43,52.24,44.444925,26.127289
2022-07-19 07:00:00,2022-07-19 08:00:00,26.18,56.45,44.444925,26.127289
2022-07-19 08:00:00,2022-07-19 09:00:00,24.84,60.98,44.444925,26.127289
2022-07-19 09:00:00,2022-07-19 10:00:00,24.18,56.35,44.444925,26.127289
2022-07-19 10:00:00,2022-07-19 11:00:00,30.29,44.36,44.444925,26.127289
2022-07-19 11:00:00,2022-07-19 12:00:00,20.53,45.74,44.444925,26.127289
2022-07-19 12:00:00,2022-07-19 13:00:00,21.25,38.52,44.444925,26.127289
2022-07-19 13:00:00,2022-07-19 14:00:00,21.0,38.87,44.444925,26.127289
2022-07-19 14:00:00,2022-07-19 15:00:00,17.85,42.62,44.444925,26.127289
2022-07-19 15:00:00,2022-07-19 16:00:00,16.88,38.96,44.444925,26.127289
2022-07-19 16:00:00,2022-07-19 17:00:00,17.99,42.9,44.444925,26.127289
2022-07-19 17:00:00,2022-07-19 18:00:00,19.51,64.32,44.444925,26.127289
2022-07-19 18:00:00,2022-07-19 19:00:00,20.24,51.66,44.444925,26.127289
2022-07-19 19:00:00,2022-07-19 20:00:00,25.81,45.17,44.444925,26.127289
2022-07-19 20:00:00,2022-07-19 21:00:00,42.44,72.46,44.444925,26.127289
2022-07-19 21:00:00,2022-07-19 22:00:00,52.77,99.38,44.444925,26.127289
2022-07-19 22:00:00,2022-07-19 23:00:00,27.65,70.4,44.444925,26.127289
2022-07-19 23:00:00,2022-07-20 00:00:00,31.98,68.06,44.444925,26.127289
2022-07-20 01:00:00,2022-07-20 02:00:00,21.62,21.96,44.444925,26.127289
2022-07-20 02:00:00,2022-07-20 03:00:00,27.0,27.02,44.444925,26.127289
2022-07-20 03:00:00,2022-07-20 04:00:00,27.11,36.17,44.444925,26.127289
2022-07-20 04:00:00,2022-07-20 05:00:00,25.92,47.88,44.444925,26.127289
2022-07-20 05:00:00,2022-07-20 06:00:00,24.21,42.5,44.444925,26.127289
2022-07-20 06:00:00,2022-07-20 07:00:00,26.14,58.27,44.444925,26.127289
2022-07-20 07:00:00,2022-07-20 08:00:00,27.48,61.31,44.444925,26.127289
2022-07-20 08:00:00,2022-07-20 09:00:00,30.42,70.99,44.444925,26.127289
2022-07-20 09:00:00,2022-07-20 10:00:00,37.31,76.15,44.444925,26.127289
2022-07-20 10:00:00,2022-07-20 11:00:00,38.01,68.56,44.444925,26.127289
2022-07-20 11:00:00,2022-07-20 12:00:00,33.7,61.91,44.444925,26.127289
2022-07-20 12:00:00,2022-07-20 13:00:00,25.43,39.64,44.444925,26.127289
2022-07-20 13:00:00,2022-07-20 14:00:00,24.66,29.97,44.444925,26.127289
2022-07-20 14:00:00,2022-07-20 15:00:00,19.46,31.38,44.444925,26.127289
2022-07-20 15:00:00,2022-07-20 16:00:00,16.36,25.39,44.444925,26.127289
2022-07-20 16:00:00,2022-07-20 17:00:00,16.73,27.2,44.444925,26.127289
2022-07-20 17:00:00,2022-07-20 18:00:00,18.49,32.42,44.444925,26.127289
2022-07-20 18:00:00,2022-07-20 19:00:00,23.35,35.92,44.444925,26.127289
2022-07-20 19:00:00,2022-07-20 20:00:00,22.81,43.61,44.444925,26.127289
2022-07-20 20:00:00,2022-07-20 21:00:00,30.69,70.96,44.444925,26.127289
2022-07-20 21:00:00,2022-07-20 22:00:00,33.81,75.93,44.444925,26.127289
2022-07-20 22:00:00,2022-07-20 23:00:00,34.19,76.02,44.444925,26.127289
2022-07-20 23:00:00,2022-07-21 00:00:00,36.48,80.11,44.444925,26.127289
2022-07-21 00:00:00,2022-07-21 01:00:00,34.19,77.05,44.444925,26.127289
2022-07-21 02:00:00,2022-07-21 03:00:00,25.6,46.97,44.444925,26.127289
2022-07-21 03:00:00,2022-07-21 04:00:00,19.65,32.74,44.444925,26.127289
2022-07-21 04:00:00,2022-07-21 05:00:00,17.22,28.05,44.444925,26.127289
2022-07-21 05:00:00,2022-07-21 06:00:00,22.48,43.64,44.444925,26.127289
2022-07-21 06:00:00,2022-07-21 07:00:00,25.07,66.23,44.444925,26.127289
2022-07-21 07:00:00,2022-07-21 08:00:00,29.35,54.15,44.444925,26.127289
2022-07-21 08:00:00,2022-07-21 09:00:00,32.67,62.82,44.444925,26.127289
2022-07-21 09:00:00,2022-07-21 10:00:00,33.86,59.04,44.444925,26.127289
2022-07-21 10:00:00,2022-07-21 11:00:00,31.67,66.35,44.444925,26.127289
2022-07-21 11:00:00,2022-07-21 12:00:00,30.63,54.38,44.444925,26.127289
2022-07-21 12:00:00,2022-07-21 13:00:00,31.54,65.73,44.444925,26.127289
2022-07-21 13:00:00,2022-07-21 14:00:00,33.04,47.1,44.444925,26.127289
2022-07-21 14:00:00,2022-07-21 15:00:00,31.95,51.97,44.444925,26.127289
2022-07-21 15:00:00,2022-07-21 16:00:00,33.99,68.74,44.444925,26.127289
2022-07-21 16:00:00,2022-07-21 17:00:00,36.54,89.06,44.444925,26.127289
2022-07-21 17:00:00,2022-07-21 18:00:00,35.16,79.32,44.444925,26.127289
2022-07-21 18:00:00,2022-07-21 19:00:00,35.22,72.95,44.444925,26.127289
2022-07-21 19:00:00,2022-07-21 20:00:00,33.11,60.54,44.444925,26.127289
2022-07-21 20:00:00,2022-07-21 21:00:00,39.98,61.62,44.444925,26.127289
2022-07-21 21:00:00,2022-07-21 22:00:00,32.96,54.04,44.444925,26.127289
2022-07-21 22:00:00,2022-07-21 23:00:00,28.55,52.28,44.444925,26.127289
2022-07-21 23:00:00,2022-07-22 00:00:00,26.5,35.86,44.444925,26.127289
2022-07-22 00:00:00,2022-07-22 01:00:00,30.29,36.71,44.444925,26.127289
2022-07-22 01:00:00,2022-07-22 02:00:00,27.18,32.85,44.444925,26.127289
2022-07-22 03:00:00,2022-07-22 04:00:00,29.59,24.29,44.444925,26.127289
2022-07-22 04:00:00,2022-07-22 05:00:00,26.3,32.29,44.444925,26.127289
2022-07-22 05:00:00,2022-07-22 06:00:00,24.7,52.5,44.444925,26.127289
2022-07-22 06:00:00,2022-07-22 07:00:00,27.8,65.2,44.444925,26.127289
2022-07-22 07:00:00,2022-07-22 08:00:00,26.31,61.46,44.444925,26.127289
2022-07-22 08:00:00,2022-07-22 09:00:00,26.34,52.83,44.444925,26.127289
2022-07-22 09:00:00,2022-07-22 10:00:00,24.99,49.83,44.444925,26.127289
2022-07-22 10:00:00,2022-07-22 11:00:00,23.78,45.46,44.444925,26.127289
2022-07-22 11:00:00,2022-07-22 12:00:00,21.93,33.34,44.444925,26.127289
2022-07-22 12:00:00,2022-07-22 13:00:00,23.74,32.75,44.444925,26.127289
2022-07-22 13:00:00,2022-07-22 14:00:00,25.81,44.25,44.444925,26.127289
2022-07-22 14:00:00,2022-07-22 15:00:00,26.82,40.99,44.444925,26.127289
2022-07-22 15:00:00,2022-07-22 16:00:00,28.06,36.57,44.444925,26.127289
2022-07-22 16:00:00,2022-07-22 17:00:00,25.82,26.19,44.444925,26.127289
2022-07-22 17:00:00,2022-07-22 18:00:00,27.74,28.09,44.444925,26.127289
2022-07-22 18:00:00,2022-07-22 19:00:00,27.83,39.51,44.444925,26.127289
2022-07-22 19:00:00,2022-07-22 20:00:00,31.09,46.05,44.444925,26.127289
2022-07-22 20:00:00,2022-07-22 21:00:00,47.41,69.74,44.444925,26.127289
2022-07-22 21:00:00,2022-07-22 22:00:00,56.59,88.64,44.444925,26.127289
2022-07-22 22:00:00,2022-07-22 23:00:00,46.05,51.38,44.444925,26.127289
2022-07-22 23:00:00,2022-07-23 00:00:00,51.29,75.48,44.444925,26.127289
2022-07-23 00:00:00,2022-07-23 01:00:00,46.11,71.02,44.444925,26.127289
2022-07-23 01:00:00,2022-07-23 02:00:00,35.41,54.27,44.444925,26.127289
2022-07-23 02:00:00,2022-07-23 03:00:00,32.15,44.4,44.444925,26.127289
2022-07-23 04:00:00,2022-07-23 05:00:00,30.9,38.21,44.444925,26.127289
2022-07-23 05:00:00,2022-07-23 06:00:00,30.64,40.98,44.444925,26.127289
2022-07-23 06:00:00,2022-07-23 07:00:00,32.08,43.66,44.444925,26.127289
2022-07-23 07:00:00,2022-07-23 08:00:00,37.85,38.2,44.444925,26.127289
2022-07-23 08:00:00,2022-07-23 09:00:00,38.74,32.24,44.444925,26.127289
2022-07-23 09:00:00,2022-07-23 10:00:00,31.95,24.27,44.444925,26.127289
2022-07-23 10:00:00,2022-07-23 11:00:00,28.16,20.95,44.444925,26.127289
2022-07-23 11:00:00,2022-07-23 12:00:00,29.34,19.54,44.444925,26.127289
2022-07-23 12:00:00,2022-07-23 13:00:00,29.54,15.42,44.444925,26.127289
2022-07-23 13:00:00,2022-07-23 14:00:00,30.93,17.13,44.444925,26.127289
2022-07-23 14:00:00,2022-07-23 15:00:00,34.51,18.66,44.444925,26.127289
2022-07-23 15:00:00,2022-07-23 16:00:00,34.35,13.59,44.444925,26.127289
2022-07-23 16:00:00,2022-07-23 17:00:00,32.61,13.92,44.444925,26.127289
2022-07-23 17:00:00,2022-07-23 18:00:00,41.52,13.9,44.444925,26.127289
2022-07-23 18:00:00,2022-07-23 19:00:00,36.59,22.77,44.444925,26.127289
2022-07-23 19:00:00,2022-07-23 20:00:00,37.05,56.87,44.444925,26.127289
2022-07-23 20:00:00,2022-07-23 21:00:00,34.65,45.45,44.444925,26.127289
2022-07-23 21:00:00,2022-07-23 22:00:00,38.7,79.71,44.444925,26.127289
2022-07-23 22:00:00,2022-07-23 23:00:00,37.59,55.71,44.444925,26.127289
2022-07-23 23:00:00,2022-07-24 00:00:00,36.62,42.94,44.444925,26.127289
2022-07-24 00:00:00,2022-07-24 01:00:00,30.01,32.32,44.444925,26.127289
2022-07-24 01:00:00,2022-07-24 02:00:00,29.07,36.25,44.444925,26.127289
2022-07-24 02:00:00,2022-07-24 03:00:00,25.4,30.28,44.444925,26.127289
2022-07-24 03:00:00,2022-07-24 04:00:00,22.45,23.27,44.444925,26.127289
2022-07-24 05:00:00,2022-07-24 06:00:00,24.53,30.02,44.444925,26.127289
2022-07-24 06:00:00,2022-07-24 07:00:00,26.29,30.98,44.444925,26.127289
2022-07-24 07:00:00,2022-07-24 08:00:00,26.36,28.01,44.444925,26.127289
2022-07-24 08:00:00,2022-07-24 09:00:00,26.79,27.27,44.444925,26.127289
2022-07-24 09:00:00,2022-07-24 10:00:00,30.49,21.09,44.444925,26.127289
2022-07-24 10:00:00,2022-07-24 11:00:00,31.17,18.27,44.444925,26.127289
2022-07-24 11:00:00,2022-07-24 12:00:00,34.97,16.59,44.444925,26.127289
2022-07-24 12:00:00,2022-07-24 13:00:00,32.87,14.19,44.444925,26.127289
2022-07-24 13:00:00,2022-07-24 14:00:00,34.16,11.73,44.444925,26.127289
2022-07-24 14:00:00,2022-07-24 15:00:00,34.39,10.28,44.444925,26.127289
2022-07-24 15:00:00,2022-07-24 16:00:00,33.89,9.92,44.444925,26.127289
2022-07-24 16:00:00,2022-07-24 17:00:00,32.85,12.24,44.444925,26.127289
2022-07-24 17:00:00,2022-07-24 18:00:00,32.11,53.69,44.444925,26.127289
2022-07-24 18:00:00,2022-07-24 19:00:00,32.81,30.07,44.444925,26.127289
2022-07-24 19:00:00,2022-07-24 20:00:00,31.67,35.25,44.444925,26.127289
2022-07-24 20:00:00,2022-07-24 21:00:00,33.89,33.47,44.444925,26.127289
2022-07-24 21:00:00,2022-07-24 22:00:00,29.53,38.54,44.444925,26.127289
2022-07-24 22:00:00,2022-07-24 23:00:00,24.8,25.82,44.444925,26.127289
2022-07-24 23:00:00,2022-07-25 00:00:00,25.79,27.03,44.444925,26.127289
2022-07-25 00:00:00,2022-07-25 01:00:00,27.5,12.51,44.444925,26.127289
2022-07-25 01:00:00,2022-07-25 02:00:00,25.0,16.52,44.444925,26.127289
2022-07-25 02:00:00,2022-07-25 03:00:00,23.96,16.35,44.444925,26.127289
2022-07-25 03:00:00,2022-07-25 04:00:00,18.53,13.22,44.444925,26.127289
2022-07-25 04:00:00,2022-07-25 05:00:00,18.11,15.84,44.444925,26.127289
2022-07-25 06:00:00,2022-07-25 07:00:00,25.36,43.32,44.444925,26.127289
2022-07-25 07:00:00,2022-07-25 08:00:00,43.06,47.3,44.444925,26.127289
2022-07-25 08:00:00,2022-07-25 09:00:00,32.35,47.48,44.444925,26.127289
2022-07-25 09:00:00,2022-07-25 10:00:00,26.32,53.33,44.444925,26.127289
2022-07-25 10:00:00,2022-07-25 11:00:00,24.93,41.3,44.444925,26.127289
2022-07-25 11:00:00,2022-07-25 12:00:00,22.99,43.21,44.444925,26.127289
2022-07-25 12:00:00,2022-07-25 13:00:00,24.32,44.63,44.444925,26.127289
2022-07-25 13:00:00,2022-07-25 14:00:00,24.76,41.46,44.444925,26.127289
2022-07-25 14:00:00,2022-07-25 15:00:00,24.63,41.19,44.444925,26.127289
2022-07-25 15:00:00,2022-07-25 16:00:00,25.28,31.17,44.444925,26.127289
2022-07-25 16:00:00,2022-07-25 17:00:00,25.4,36.18,44.444925,26.127289
2022-07-25 17:00:00,2022-07-25 18:00:00,25.73,42.6,44.444925,26.127289
2022-07-25 18:00:00,2022-07-25 19:00:00,25.83,29.62,44.444925,26.127289
2022-07-25 19:00:00,2022-07-25 20:00:00,28.18,44.64,44.444925,26.127289
2022-07-25 20:00:00,2022-07-25 21:00:00,28.94,44.97,44.444925,26.127289
2022-07-25 21:00:00,2022-07-25 22:00:00,33.98,50.72,44.444925,26.127289
2022-07-25 22:00:00,2022-07-25 23:00:00,37.68,53.5,44.444925,26.127289
2022-07-25 23:00:00,2022-07-26 00:00:00,31.94,44.52,44.444925,26.127289
2022-07-26 00:00:00,2022-07-26 01:00:00,26.17,24.43,44.444925,26.127289
2022-07-26 01:00:00,2022-07-26 02:00:00,25.58,24.84,44.444925,26.127289
2022-07-26 02:00:00,2022-07-26 03:00:00,22.8,18.73,44.444925,26.127289
2022-07-26 03:00:00,2022-07-26 04:00:00,24.34,25.1,44.444925,26.127289
2022-07-26 04:00:00,2022-07-26 05:00:00,25.72,27.35,44.444925,26.127289
2022-07-26 05:00:00,2022-07-26 06:00:00,27.55,38.06,44.444925,26.127289
2022-07-26 07:00:00,2022-07-26 08:00:00,33.47,62.65,44.444925,26.127289
2022-07-26 08:00:00,2022-07-26 09:00:00,39.99,66.99,44.444925,26.127289
2022-07-26 09:00:00,2022-07-26 10:00:00,37.93,58.36,44.444925,26.127289
2022-07-26 10:00:00,2022-07-26 11:00:00,37.16,45.98,44.444925,26.127289
2022-07-26 11:00:00,2022-07-26 12:00:00,33.62,33.94,44.444925,26.127289
2022-07-26 12:00:00,2022-07-26 13:00:00,29.68,24.05,44.444925,26.127289
2022-07-26 13:00:00,2022-07-26 14:00:00,31.14,23.09,44.444925,26.127289
2022-07-26 14:00:00,2022-07-26 15:00:00,31.84,30.72,44.444925,26.127289
2022-07-26 15:00:00,2022-07-26 16:00:00,29.62,41.02,44.444925,26.127289
2022-07-26 16:00:00,2022-07-26 17:00:00,29.6,33.36,44.444925,26.127289
2022-07-26 17:00:00,2022-07-26 18:00:00,27.92,31.67,44.444925,26.127289
2022-07-26 18:00:00,2022-07-26 19:00:00,25.53,32.58,44.444925,26.127289
2022-07-26 19:00:00,2022-07-26 20:00:00,26.93,46.97,44.444925,26.127289
2022-07-26 20:00:00,2022-07-26 21:00:00,41.46,87.16,44.444925,26.127289
2022-07-26 21:00:00,2022-07-26 22:00:00,53.97,115.79,44.444925,26.127289
2022-07-26 22:00:00,2022-07-26 23:00:00,51.65,113.24,44.444925,26.127289
2022-07-26 23:00:00,2022-07-27 00:00:00,54.24,108.78,44.444925,26.127289
2022-07-27 00:00:00,2022-07-27 01:00:00,45.81,86.02,44.444925,26.127289
2022-07-27 01:00:00,2022-07-27 02:00:00,37.18,42.32,44.444925,26.127289
2022-07-27 02:00:00,2022-07-27 03:00:00,39.48,41.8,44.444925,26.127289
2022-07-27 03:00:00,2022-07-27 04:00:00,36.71,48.49,44.444925,26.127289
2022-07-27 04:00:00,2022-07-27 05:00:00,37.92,43.14,44.444925,26.127289
2022-07-27 05:00:00,2022-07-27 06:00:00,40.78,54.77,44.444925,26.127289
2022-07-27 06:00:00,2022-07-27 07:00:00,44.16,69.59,44.444925,26.127289
2022-07-27 08:00:00,2022-07-27 09:00:00,48.4,97.89,44.444925,26.127289
2022-07-27 09:00:00,2022-07-27 10:00:00,47.19,70.11,44.444925,26.127289
2022-07-27 10:00:00,2022-07-27 11:00:00,45.23,51.63,44.444925,26.127289
2022-07-27 11:00:00,2022-07-27 12:00:00,39.18,47.6,44.444925,26.127289
2022-07-27 12:00:00,2022-07-27 13:00:00,29.53,33.58,44.444925,26.127289
2022-07-27 13:00:00,2022-07-27 14:00:00,32.47,27.31,44.444925,26.127289
2022-07-27 14:00:00,2022-07-27 15:00:00,32.46,41.7,44.444925,26.127289
2022-07-27 15:00:00,2022-07-27 16:00:00,32.22,43.0,44.444925,26.127289
2022-07-27 16:00:00,2022-07-27 17:00:00,25.96,36.08,44.444925,26.127289
2022-07-27 17:00:00,2022-07-27 18:00:00,31.94,52.93,44.444925,26.127289
2022-07-27 18:00:00,2022-07-27 19:00:00,32.51,78.89,44.444925,26.127289
2022-07-27 19:00:00,2022-07-27 20:00:00,26.42,57.08,44.444925,26.127289
2022-07-27 20:00:00,2022-07-27 21:00:00,26.63,56.39,44.444925,26.127289
2022-07-27 21:00:00,2022-07-27 22:00:00,26.68,39.66,44.444925,26.127289
2022-07-27 22:00:00,2022-07-27 23:00:00,27.44,29.56,44.444925,26.127289
2022-07-27 23:00:00,2022-07-28 00:00:00,28.14,25.1,44.444925,26.127289
2022-07-28 00:00:00,2022-07-28 01:00:00,22.41,22.48,44.444925,26.127289
2022-07-28 01:00:00,2022-07-28 02:00:00,23.48,15.16,44.444925,26.127289
2022-07-28 02:00:00,2022-07-28 03:00:00,21.62,11.57,44.444925,26.127289
2022-07-28 03:00:00,2022-07-28 04:00:00,18.28,11.67,44.444925,26.127289
2022-07-28 04:00:00,2022-07-28 05:00:00,16.09,13.98,44.444925,26.127289
2022-07-28 05:00:00,2022-07-28 06:00:00,17.77,20.57,44.444925,26.127289
2022-07-28 06:00:00,2022-07-28 07:00:00,21.14,36.31,44.444925,26.127289
2022-07-28 07:00:00,2022-07-28 08:00:00,24.9,38.46,44.444925,26.127289
2022-07-28 09:00:00,2022-07-28 10:00:00,27.64,52.8,44.444925,26.127289
2022-07-28 10:00:00,2022-07-28 11:00:00,27.85,51.8,44.444925,26.127289
2022-07-28 11:00:00,2022-07-28 12:00:00,27.23,56.89,44.444925,26.127289
2022-07-28 12:00:00,2022-07-28 13:00:00,28.69,56.82,44.444925,26.127289
2022-07-28 13:00:00,2022-07-28 14:00:00,28.19,55.47,44.444925,26.127289
2022-07-28 14:00:00,2022-07-28 15:00:00,30.59,59.24,44.444925,26.127289
2022-07-28 15:00:00,2022-07-28 16:00:00,30.93,67.25,44.444925,26.127289
2022-07-28 16:00:00,2022-07-28 17:00:00,29.59,79.41,44.444925,26.127289
2022-07-28 17:00:00,2022-07-28 18:00:00,28.51,72.58,44.444925,26.127289
2022-07-28 18:00:00,2022-07-28 19:00:00,27.62,59.12,44.444925,26.127289
2022-07-28 19:00:00,2022-07-28 20:00:00,26.03,55.39,44.444925,26.127289
2022-07-28 20:00:00,2022-07-28 21:00:00,23.57,39.93,44.444925,26.127289
2022-07-28 21:00:00,2022-07-28 22:00:00,22.73,36.78,44.444925,26.127289
2022-07-28 22:00:00,2022-07-28 23:00:00,19.17,33.89,44.444925,26.127289
2022-07-28 23:00:00,2022-07-29 00:00:00,20.27,30.67,44.444925,26.127289
2022-07-29 00:00:00,2022-07-29 01:00:00,19.18,26.62,44.444925,26.127289
2022-07-29 01:00:00,2022-07-29 02:00:00,19.62,22.42,44.444925,26.127289
2022-07-29 02:00:00,2022-07-29 03:00:00,21.81,20.27,44.444925,26.127289
2022-07-29 03:00:00,2022-07-29 04:00:00,25.54,24.52,44.444925,26.127289
2022-07-29 04:00:00,2022-07-29 05:00:00,26.52,22.73,44.444925,26.127289
2022-07-29 05:00:00,2022-07-29 06:00:00,27.2,33.87,44.444925,26.127289
2022-07-29 06:00:00,2022-07-29 07:00:00,25.09,41.49,44.444925,26.127289
2022-07-29 07:00:00,2022-07-29 08:00:00,32.93,47.29,44.444925,26.127289
2022-07-29 08:00:00,2022-07-29 09:00:00,24.45,37.01,44.444925,26.127289
2022-07-29 10:00:00,2022-07-29 11:00:00,22.25,40.68,44.444925,26.127289
2022-07-29 11:00:00,2022-07-29 12:00:00,21.48,54.51,44.444925,26.127289
2022-07-29 12:00:00,2022-07-29 13:00:00,20.51,51.73,44.444925,26.127289
2022-07-29 13:00:00,2022-07-29 14:00:00,21.35,58.18,44.444925,26.127289
2022-07-29 14:00:00,2022-07-29 15:00:00,20.62,53.61,44.444925,26.127289
2022-07-29 15:00:00,2022-07-29 16:00:00,21.74,55.23,44.444925,26.127289
2022-07-29 16:00:00,2022-07-29 17:00:00,21.77,79.52,44.444925,26.127289
2022-07-29 17:00:00,2022-07-29 18:00:00,20.69,60.2,44.444925,26.127289
2022-07-29 18:00:00,2022-07-29 19:00:00,23.65,55.78,44.444925,26.127289
2022-07-29 19:00:00,2022-07-29 20:00:00,29.48,61.25,44.444925,26.127289
2022-07-29 20:00:00,2022-07-29 21:00:00,30.74,55.25,44.444925,26.127289
2022-07-29 21:00:00,2022-07-29 22:00:00,28.53,50.73,44.444925,26.127289
2022-07-29 22:00:00,2022-07-29 23:00:00,26.91,41.93,44.444925,26.127289
2022-07-29 23:00:00,2022-07-30 00:00:00,25.77,31.64,44.444925,26.127289
2022-07-30 00:00:00,2022-07-30 01:00:00,22.8,31.49,44.444925,26.127289
2022-07-30 01:00:00,2022-07-30 02:00:00,25.57,30.36,44.444925,26.127289
2022-07-30 02:00:00,2022-07-30 03:00:00,17.34,21.8,44.444925,26.127289
2022-07-30 03:00:00,2022-07-30 04:00:00,15.25,20.59,44.444925,26.127289
2022-07-30 04:00:00,2022-07-30 05:00:00,16.22,22.84,44.444925,26.127289
2022-07-30 05:00:00,2022-07-30 06:00:00,19.08,20.04,44.444925,26.127289
2022-07-30 06:00:00,2022-07-30 07:00:00,18.39,20.64,44.444925,26.127289
2022-07-30 07:00:00,2022-07-30 08:00:00,19.91,23.55,44.444925,26.127289
2022-07-30 08:00:00,2022-07-30 09:00:00,20.11,19.08,44.444925,26.127289
2022-07-30 09:00:00,2022-07-30 10:00:00,20.35,15.45,44.444925,26.127289
2022-07-30 11:00:00,2022-07-30 12:00:00,20.69,29.45,44.444925,26.127289
2022-07-30 12:00:00,2022-07-30 13:00:00,20.09,21.75,44.444925,26.127289
2022-07-30 13:00:00,2022-07-30 14:00:00,20.24,15.37,44.444925,26.127289
2022-07-30 14:00:00,2022-07-30 15:00:00,21.78,14.64,44.444925,26.127289
2022-07-30 15:00:00,2022-07-30 16:00:00,20.19,16.19,44.444925,26.127289
2022-07-30 16:00:00,2022-07-30 17:00:00,21.32,16.58,44.444925,26.127289
2022-07-30 17:00:00,2022-07-30 18:00:00,21.23,18.81,44.444925,26.127289
2022-07-30 18:00:00,2022-07-30 19:00:00,29.74,20.7,44.444925,26.127289
2022-07-30 19:00:00,2022-07-30 20:00:00,30.8,19.27,44.444925,26.127289
2022-07-30 20:00:00,2022-07-30 21:00:00,32.57,30.04,44.444925,26.127289
2022-07-30 21:00:00,2022-07-30 22:00:00,29.94,44.77,44.444925,26.127289
2022-07-30 22:00:00,2022-07-30 23:00:00,29.47,40.04,44.444925,26.127289
2022-07-30 23:00:00,2022-07-31 00:00:00,30.01,50.08,44.444925,26.127289
2022-07-31 00:00:00,2022-07-31 01:00:00,24.1,13.76,44.444925,26.127289
2022-07-31 01:00:00,2022-07-31 02:00:00,23.12,13.92,44.444925,26.127289
2022-07-31 02:00:00,2022-07-31 03:00:00,27.64,23.65,44.444925,26.127289
2022-07-31 03:00:00,2022-07-31 04:00:00,24.09,18.77,44.444925,26.127289
2022-07-31 04:00:00,2022-07-31 05:00:00,16.39,12.6,44.444925,26.127289
2022-07-31 05:00:00,2022-07-31 06:00:00,18.43,12.77,44.444925,26.127289
2022-07-31 06:00:00,2022-07-31 07:00:00,21.49,12.9,44.444925,26.127289
2022-07-31 07:00:00,2022-07-31 08:00:00,23.33,13.35,44.444925,26.127289
2022-07-31 08:00:00,2022-07-31 09:00:00,26.03,15.6,44.444925,26.127289
2022-07-31 09:00:00,2022-07-31 10:00:00,25.34,13.18,44.444925,26.127289
2022-07-31 10:00:00,2022-07-31 11:00:00,19.84,12.58,44.444925,26.127289
2022-07-31 12:00:00,2022-07-31 13:00:00,33.92,11.72,44.444925,26.127289
2022-07-31 13:00:00,2022-07-31 14:00:00,36.34,10.68,44.444925,26.127289
2022-07-31 14:00:00,2022-07-31 15:00:00,25.16,10.53,44.444925,26.127289
2022-07-31 15:00:00,2022-07-31 16:00:00,14.3,10.41,44.444925,26.127289
2022-07-31 16:00:00,2022-07-31 17:00:00,10.01,12.58,44.444925,26.127289
2022-07-31 17:00:00,2022-07-31 18:00:00,7.7,19.69,44.444925,26.127289
2022-07-31 18:00:00,2022-07-31 19:00:00,6.58,23.89,44.444925,26.127289
2022-07-31 19:00:00,2022-07-31 20:00:00,7.89,22.25,44.444925,26.127289
2022-07-31 20:00:00,2022-07-31 21:00:00,12.49,24.98,44.444925,26.127289
2022-07-31 21:00:00,2022-07-31 22:00:00,15.22,33.88,44.444925,26.127289
2022-07-31 22:00:00,2022-07-31 23:00:00,13.58,32.35,44.444925,26.127289
2022-07-31 23:00:00,2022-08-01 00:00:00,14.21,28.02,44.444925,26.127289
2022-08-01 00:00:00,2022-08-01 01:00:00,18.35,19.62,44.444925,26.127289
2022-08-01 01:00:00,2022-08-01 02:00:00,17.12,14.96,44.444925,26.127289
2022-08-01 02:00:00,2022-08-01 03:00:00,12.96,13.47,44.444925,26.127289
2022-08-01 03:00:00,2022-08-01 04:00:00,14.91,16.18,44.444925,26.127289
2022-08-01 04:00:00,2022-08-01 05:00:00,30.92,25.76,44.444925,26.127289
2022-08-01 05:00:00,2022-08-01 06:00:00,15.83,25.39,44.444925,26.127289
2022-08-01 06:00:00,2022-08-01 07:00:00,14.21,31.83,44.444925,26.127289
2022-08-01 07:00:00,2022-08-01 08:00:00,18.7,36.81,44.444925,26.127289
2022-08-01 08:00:00,2022-08-01 09:00:00,16.95,31.28,44.444925,26.127289
2022-08-01 09:00:00,2022-08-01 10:00:00,10.27,37.64,44.444925,26.127289
2022-08-01 10:00:00,2022-08-01 11:00:00,11.17,28.46,44.444925,26.127289
2022-08-01 11:00:00,2022-08-01 12:00:00,10.71,24.56,44.444925,26.127289
2022-08-01 13:00:00,2022-08-01 14:00:00,10.78,31.44,44.444925,26.127289
2022-08-01 14:00:00,2022-08-01 15:00:00,10.11,30.34,44.444925,26.127289
2022-08-01 15:00:00,2022-08-01 16:00:00,9.56,36.41,44.444925,26.127289
2022-08-01 16:00:00,2022-08-01 17:00:00,7.55,22.18,44.444925,26.127289
2022-08-01 17:00:00,2022-08-01 18:00:00,9.88,31.07,44.444925,26.127289
2022-08-01 18:00:00,2022-08-01 19:00:00,9.62,25.64,44.444925,26.127289
2022-08-01 19:00:00,2022-08-01 20:00:00,8.59,29.54,44.444925,26.127289
2022-08-01 20:00:00,2022-08-01 21:00:00,12.9,37.47,44.444925,26.127289
2022-08-01 21:00:00,2022-08-01 22:00:00,12.16,37.25,44.444925,26.127289
2022-08-01 22:00:00,2022-08-01 23:00:00,12.98,34.82,44.444925,26.127289
2022-08-01 23:00:00,2022-08-02 00:00:00,12.63,29.65,44.444925,26.127289
2022-08-02 00:00:00,2022-08-02 01:00:00,11.66,25.4,44.444925,26.127289
2022-08-02 01:00:00,2022-08-02 02:00:00,10.39,19.35,44.444925,26.127289
2022-08-02 02:00:00,2022-08-02 03:00:00,12.73,17.75,44.444925,26.127289
2022-08-02 03:00:00,2022-08-02 04:00:00,13.98,16.21,44.444925,26.127289
2022-08-02 04:00:00,2022-08-02 05:00:00,15.79,24.61,44.444925,26.127289
2022-08-02 05:00:00,2022-08-02 06:00:00,15.99,30.46,44.444925,26.127289
2022-08-02 06:00:00,2022-08-02 07:00:00,17.65,42.42,44.444925,26.127289
2022-08-02 07:00:00,2022-08-02 08:00:00,19.24,50.98,44.444925,26.127289
2022-08-02 08:00:00,2022-08-02 09:00:00,24.28,47.42,44.444925,26.127289
2022-08-02 09:00:00,2022-08-02 10:00:00,20.59,45.89,44.444925,26.127289
2022-08-02 10:00:00,2022-08-02 11:00:00,19.24,38.24,44.444925,26.127289
2022-08-02 11:00:00,2022-08-02 12:00:00,13.89,24.14,44.444925,26.127289
2022-08-02 12:00:00,2022-08-02 13:00:00,9.57,35.58,44.444925,26.127289
2022-08-02 14:00:00,2022-08-02 15:00:00,11.56,30.75,44.444925,26.127289
2022-08-02 15:00:00,2022-08-02 16:00:00,10.85,35.05,44.444925,26.127289
2022-08-02 16:00:00,2022-08-02 17:00:00,9.38,30.11,44.444925,26.127289
2022-08-02 17:00:00,2022-08-02 18:00:00,10.2,33.37,44.444925,26.127289
2022-08-02 18:00:00,2022-08-02 19:00:00,12.9,48.26,44.444925,26.127289
2022-08-02 19:00:00,2022-08-02 20:00:00,15.22,44.05,44.444925,26.127289
2022-08-02 20:00:00,2022-08-02 21:00:00,19.91,44.28,44.444925,26.127289
2022-08-02 21:00:00,2022-08-02 22:00:00,23.82,45.44,44.444925,26.127289
2022-08-02 22:00:00,2022-08-02 23:00:00,18.93,33.34,44.444925,26.127289
2022-08-02 23:00:00,2022-08-03 00:00:00,16.29,27.62,44.444925,26.127289
2022-08-03 00:00:00,2022-08-03 01:00:00,15.66,21.43,44.444925,26.127289
2022-08-03 01:00:00,2022-08-03 02:00:00,17.04,18.36,44.444925,26.127289
2022-08-03 02:00:00,2022-08-03 03:00:00,15.73,17.17,44.444925,26.127289
2022-08-03 03:00:00,2022-08-03 04:00:00,16.31,19.93,44.444925,26.127289
2022-08-03 04:00:00,2022-08-03 05:00:00,17.11,20.18,44.444925,26.127289
2022-08-03 05:00:00,2022-08-03 06:00:00,19.08,33.91,44.444925,26.127289
2022-08-03 06:00:00,2022-08-03 07:00:00,24.08,43.07,44.444925,26.127289
2022-08-03 07:00:00,2022-08-03 08:00:00,24.22,43.06,44.444925,26.127289
2022-08-03 08:00:00,2022-08-03 09:00:00,22.02,46.18,44.444925,26.127289
2022-08-03 09:00:00,2022-08-03 10:00:00,21.92,39.58,44.444925,26.127289
2022-08-03 10:00:00,2022-08-03 11:00:00,19.04,33.31,44.444925,26.127289
2022-08-03 11:00:00,2022-08-03 12:00:00,19.52,32.13,44.444925,26.127289
2022-08-03 12:00:00,2022-08-03 13:00:00,18.36,27.24,44.444925,26.127289
2022-08-03 13:00:00,2022-08-03 14:00:00,18.35,28.92,44.444925,26.127289
2022-08-03 15:00:00,2022-08-03 16:00:00,16.58,31.19,44.444925,26.127289
2022-08-03 16:00:00,2022-08-03 17:00:00,16.88,42.42,44.444925,26.127289
2022-08-03 17:00:00,2022-08-03 18:00:00,15.93,38.14,44.444925,26.127289
2022-08-03 18:00:00,2022-08-03 19:00:00,19.09,53.95,44.444925,26.127289
2022-08-03 19:00:00,2022-08-03 20:00:00,20.36,52.35,44.444925,26.127289
2022-08-03 20:00:00,2022-08-03 21:00:00,20.8,48.65,44.444925,26.127289
2022-08-03 21:00:00,2022-08-03 22:00:00,21.71,49.18,44.444925,26.127289
2022-08-03 22:00:00,2022-08-03 23:00:00,21.57,38.03,44.444925,26.127289
2022-08-03 23:00:00,2022-08-04 00:00:00,17.17,29.6,44.444925,26.127289
2022-08-04 00:00:00,2022-08-04 01:00:00,15.88,22.53,44.444925,26.127289
2022-08-04 01:00:00,2022-08-04 02:00:00,17.99,19.46,44.444925,26.127289
2022-08-04 02:00:00,2022-08-04 03:00:00,18.98,19.12,44.444925,26.127289
2022-08-04 03:00:00,2022-08-04 04:00:00,18.74,20.6,44.444925,26.127289
2022-08-04 04:00:00,2022-08-04 05:00:00,18.66,25.19,44.444925,26.127289
2022-08-04 05:00:00,2022-08-04 06:00:00,22.83,43.16,44.444925,26.127289
2022-08-04 06:00:00,2022-08-04 07:00:00,25.95,55.54,44.444925,26.127289
2022-08-04 07:00:00,2022-08-04 08:00:00,30.7,45.54,44.444925,26.127289
2022-08-04 08:00:00,2022-08-04 09:00:00,24.52,38.7,44.444925,26.127289
2022-08-04 09:00:00,2022-08-04 10:00:00,22.35,37.35,44.444925,26.127289
2022-08-04 10:00:00,2022-08-04 11:00:00,21.62,34.94,44.444925,26.127289
2022-08-04 11:00:00,2022-08-04 12:00:00,21.74,39.59,44.444925,26.127289
2022-08-04 12:00:00,2022-08-04 13:00:00,18.39,29.17,44.444925,26.127289
2022-08-04 13:00:00,2022-08-04 14:00:00,19.72,41.88,44.444925,26.127289
2022-08-04 14:00:00,2022-08-04 15:00:00,19.25,36.23,44.444925,26.127289
2022-08-04 16:00:00,2022-08-04 17:00:00,21.7,46.06,44.444925,26.127289
2022-08-04 17:00:00,2022-08-04 18:00:00,21.7,52.48,44.444925,26.127289
2022-08-04 18:00:00,2022-08-04 19:00:00,22.19,50.09,44.444925,26.127289
2022-08-04 19:00:00,2022-08-04 20:00:00,25.08,44.15,44.444925,26.127289
2022-08-04 20:00:00,2022-08-04 21:00:00,25.18,50.83,44.444925,26.127289
2022-08-04 21:00:00,2022-08-04 22:00:00,28.25,43.48,44.444925,26.127289
2022-08-04 22:00:00,2022-08-04 23:00:00,30.95,37.28,44.444925,26.127289
2022-08-04 23:00:00,2022-08-05 00:00:00,22.98,32.38,44.444925,26.127289
2022-08-05 00:00:00,2022-08-05 01:00:00,20.57,27.53,44.444925,26.127289
2022-08-05 01:00:00,2022-08-05 02:00:00,18.77,22.5,44.444925,26.127289
2022-08-05 02:00:00,2022-08-05 03:00:00,18.59,19.38,44.444925,26.127289
2022-08-05 03:00:00,2022-08-05 04:00:00,18.58,19.96,44.444925,26.127289
2022-08-05 04:00:00,2022-08-05 05:00:00,18.12,19.28,44.444925,26.127289
2022-08-05 05:00:00,2022-08-05 06:00:00,21.11,29.98,44.444925,26.127289
2022-08-05 06:00:00,2022-08-05 07:00:00,21.44,39.19,44.444925,26.127289
2022-08-05 07:00:00,2022-08-05 08:00:00,23.11,38.71,44.444925,26.127289
2022-08-05 08:00:00,2022-08-05 09:00:00,25.63,46.08,44.444925,26.127289
2022-08-05 09:00:00,2022-08-05 10:00:00,23.24,41.09,44.444925,26.127289
2022-08-05 10:00:00,2022-08-05 11:00:00,23.38,42.69,44.444925,26.127289
2022-08-05 11:00:00,2022-08-05 12:00:00,17.82,26.13,44.444925,26.127289
2022-08-05 12:00:00,2022-08-05 13:00:00,19.78,40.68,44.444925,26.127289
2022-08-05 13:00:00,2022-08-05 14:00:00,19.7,40.52,44.444925,26.127289
2022-08-05 14:00:00,2022-08-05 15:00:00,20.76,42.93,44.444925,26.127289
2022-08-05 15:00:00,2022-08-05 16:00:00,20.18,44.4,44.444925,26.127289
2022-08-05 17:00:00,2022-08-05 18:00:00,21.13,60.39,44.444925,26.127289
2022-08-05 18:00:00,2022-08-05 19:00:00,23.1,45.41,44.444925,26.127289
2022-08-05 19:00:00,2022-08-05 20:00:00,25.18,49.78,44.444925,26.127289
2022-08-05 20:00:00,2022-08-05 21:00:00,27.47,51.06,44.444925,26.127289
2022-08-05 21:00:00,2022-08-05 22:00:00,28.22,60.31,44.444925,26.127289
2022-08-05 22:00:00,2022-08-05 23:00:00,28.42,53.47,44.444925,26.127289
2022-08-05 23:00:00,2022-08-06 00:00:00,29.4,42.92,44.444925,26.127289
2022-08-06 00:00:00,2022-08-06 01:00:00,30.69,41.36,44.444925,26.127289
2022-08-06 01:00:00,2022-08-06 02:00:00,26.7,39.1,44.444925,26.127289
2022-08-06 02:00:00,2022-08-06 03:00:00,25.92,31.76,44.444925,26.127289
2022-08-06 03:00:00,2022-08-06 04:00:00,24.26,24.45,44.444925,26.127289
2022-08-06 04:00:00,2022-08-06 05:00:00,24.59,22.41,44.444925,26.127289
2022-08-06 05:00:00,2022-08-06 06:00:00,24.29,26.84,44.444925,26.127289
2022-08-06 06:00:00,2022-08-06 07:00:00,25.11,28.31,44.444925,26.127289
2022-08-06 07:00:00,2022-08-06 08:00:00,26.92,29.04,44.444925,26.127289
2022-08-06 08:00:00,2022-08-06 09:00:00,26.39,24.15,44.444925,26.127289
2022-08-06 09:00:00,2022-08-06 10:00:00,23.8,20.61,44.444925,26.127289
2022-08-06 10:00:00,2022-08-06 11:00:00,22.61,14.73,44.444925,26.127289
2022-08-06 11:00:00,2022-08-06 12:00:00,23.76,17.18,44.444925,26.127289
2022-08-06 12:00:00,2022-08-06 13:00:00,21.75,20.13,44.444925,26.127289
2022-08-06 13:00:00,2022-08-06 14:00:00,21.61,22.54,44.444925,26.127289
2022-08-06 14:00:00,2022-08-06 15:00:00,21.58,18.7,44.444925,26.127289
2022-08-06 15:00:00,2022-08-06 16:00:00,22.65,16.37,44.444925,26.127289
2022-08-06 16:00:00,2022-08-06 17:00:00,23.97,22.0,44.444925,26.127289
2022-08-06 18:00:00,2022-08-06 19:00:00,26.01,24.64,44.444925,26.127289
2022-08-06 19:00:00,2022-08-06 20:00:00,30.54,24.52,44.444925,26.127289
2022-08-06 20:00:00,2022-08-06 21:00:00,31.01,30.73,44.444925,26.127289
2022-08-06 21:00:00,2022-08-06 22:00:00,29.32,52.25,44.444925,26.127289
2022-08-06 22:00:00,2022-08-06 23:00:00,23.82,42.29,44.444925,26.127289
2022-08-06 23:00:00,2022-08-07 00:00:00,19.44,47.96,44.444925,26.127289
2022-08-07 00:00:00,2022-08-07 01:00:00,19.43,34.6,44.444925,26.127289
2022-08-07 01:00:00,2022-08-07 02:00:00,20.28,27.76,44.444925,26.127289
2022-08-07 02:00:00,2022-08-07 03:00:00,20.54,27.33,44.444925,26.127289
2022-08-07 03:00:00,2022-08-07 04:00:00,20.34,23.61,44.444925,26.127289
2022-08-07 04:00:00,2022-08-07 05:00:00,18.03,13.58,44.444925,26.127289
2022-08-07 05:00:00,2022-08-07 06:00:00,19.58,17.31,44.444925,26.127289
2022-08-07 06:00:00,2022-08-07 07:00:00,20.41,17.18,44.444925,26.127289
2022-08-07 07:00:00,2022-08-07 08:00:00,21.22,17.24,44.444925,26.127289
2022-08-07 08:00:00,2022-08-07 09:00:00,22.34,18.47,44.444925,26.127289
2022-08-07 09:00:00,2022-08-07 10:00:00,23.71,17.45,44.444925,26.127289
2022-08-07 10:00:00,2022-08-07 11:00:00,26.68,15.58,44.444925,26.127289
2022-08-07 11:00:00,2022-08-07 12:00:00,29.05,16.56,44.444925,26.127289
2022-08-07 12:00:00,2022-08-07 13:00:00,29.39,16.67,44.444925,26.127289
2022-08-07 13:00:00,2022-08-07 14:00:00,25.03,17.02,44.444925,26.127289
2022-08-07 14:00:00,2022-08-07 15:00:00,23.85,15.21,44.444925,26.127289
2022-08-07 15:00:00,2022-08-07 16:00:00,25.64,15.65,44.444925,26.127289
2022-08-07 16:00:00,2022-08-07 17:00:00,23.59,16.9,44.444925,26.127289
2022-08-07 17:00:00,2022-08-07 18:00:00,19.74,19.29,44.444925,26.127289
2022-08-07 19:00:00,2022-08-07 20:00:00,24.02,27.21,44.444925,26.127289
2022-08-07 20:00:00,2022-08-07 21:00:00,26.47,35.47,44.444925,26.127289
2022-08-07 21:00:00,2022-08-07 22:00:00,27.28,39.92,44.444925,26.127289
2022-08-07 22:00:00,2022-08-07 23:00:00,21.77,31.0,44.444925,26.127289
2022-08-07 23:00:00,2022-08-08 00:00:00,22.04,22.42,44.444925,26.127289
2022-08-08 00:00:00,2022-08-08 01:00:00,21.5,13.64,44.444925,26.127289
2022-08-08 01:00:00,2022-08-08 02:00:00,20.07,12.77,44.444925,26.127289
2022-08-08 02:00:00,2022-08-08 03:00:00,19.01,11.59,44.444925,26.127289
2022-08-08 03:00:00,2022-08-08 04:00:00,17.77,10.08,44.444925,26.127289
2022-08-08 04:00:00,2022-08-08 05:00:00,17.25,12.28,44.444925,26.127289
2022-08-08 05:00:00,2022-08-08 06:00:00,18.54,24.73,44.444925,26.127289
2022-08-08 06:00:00,2022-08-08 07:00:00,20.56,29.54,44.444925,26.127289
2022-08-08 07:00:00,2022-08-08 08:00:00,25.94,33.48,44.444925,26.127289
2022-08-08 08:00:00,2022-08-08 09:00:00,25.28,35.95,44.444925,26.127289
2022-08-08 09:00:00,2022-08-08 10:00:00,23.47,38.86,44.444925,26.127289
2022-08-08 10:00:00,2022-08-08 11:00:00,23.98,38.01,44.444925,26.127289
2022-08-08 11:00:00,2022-08-08 12:00:00,24.35,38.5,44.444925,26.127289
2022-08-08 12:00:00,2022-08-08 13:00:00,25.28,41.77,44.444925,26.127289
2022-08-08 13:00:00,2022-08-08 14:00:00,26.36,45.23,44.444925,26.127289
2022-08-08 14:00:00,2022-08-08 15:00:00,26.54,39.2,44.444925,26.127289
2022-08-08 15:00:00,2022-08-08 16:00:00,27.15,50.83,44.444925,26.127289
2022-08-08 16:00:00,2022-08-08 17:00:00,26.29,73.05,44.444925,26.127289
2022-08-08 17:00:00,2022-08-08 18:00:00,25.2,62.88,44.444925,26.127289
2022-08-08 18:00:00,2022-08-08 19:00:00,26.95,56.77,44.444925,26.127289
2022-08-08 20:00:00,2022-08-08 21:00:00,23.43,27.48,44.444925,26.127289
2022-08-08 21:00:00,2022-08-08 22:00:00,26.96,40.38,44.444925,26.127289
2022-08-08 22:00:00,2022-08-08 23:00:00,26.43,31.67,44.444925,26.127289
2022-08-08 23:00:00,2022-08-09 00:00:00,23.61,29.11,44.444925,26.127289
2022-08-09 00:00:00,2022-08-09 01:00:00,20.34,20.29,44.444925,26.127289
2022-08-09 01:00:00,2022-08-09 02:00:00,19.24,17.4,44.444925,26.127289
2022-08-09 02:00:00,2022-08-09 03:00:00,21.39,15.52,44.444925,26.127289
2022-08-09 03:00:00,2022-08-09 04:00:00,21.03,16.44,44.444925,26.127289
2022-08-09 04:00:00,2022-08-09 05:00:00,21.95,19.24,44.444925,26.127289
2022-08-09 05:00:00,2022-08-09 06:00:00,23.49,30.81,44.444925,26.127289
2022-08-09 06:00:00,2022-08-09 07:00:00,26.74,44.34,44.444925,26.127289
2022-08-09 07:00:00,2022-08-09 08:00:00,27.17,44.98,44.444925,26.127289
2022-08-09 08:00:00,2022-08-09 09:00:00,26.99,45.66,44.444925,26.127289
2022-08-09 09:00:00,2022-08-09 10:00:00,26.59,49.16,44.444925,26.127289
2022-08-09 10:00:00,2022-08-09 11:00:00,27.64,46.46,44.444925,26.127289
2022-08-09 11:00:00,2022-08-09 12:00:00,29.24,54.7,44.444925,26.127289
2022-08-09 12:00:00,2022-08-09 13:00:00,29.43,56.89,44.444925,26.127289
2022-08-09 13:00:00,2022-08-09 14:00:00,28.95,53.28,44.444925,26.127289
2022-08-09 14:00:00,2022-08-09 15:00:00,27.24,58.67,44.444925,26.127289
2022-08-09 15:00:00,2022-08-09 16:00:00,26.45,59.68,44.444925,26.127289
2022-08-09 16:00:00,2022-08-09 17:00:00,27.2,66.77,44.444925,26.127289
2022-08-09 17:00:00,2022-08-09 18:00:00,28.48,76.51,44.444925,26.127289
2022-08-09 18:00:00,2022-08-09 19:00:00,29.06,75.58,44.444925,26.127289
2022-08-09 19:00:00,2022-08-09 20:00:00,36.0,46.79,44.444925,26.127289
2022-08-09 21:00:00,2022-08-09 22:00:00,28.83,42.08,44.444925,26.127289
2022-08-09 22:00:00,2022-08-09 23:00:00,27.74,37.9,44.444925,26.127289
2022-08-09 23:00:00,2022-08-10 00:00:00,21.51,26.51,44.444925,26.127289
2022-08-10 00:00:00,2022-08-10 01:00:00,18.55,21.09,44.444925,26.127289
2022-08-10 01:00:00,2022-08-10 02:00:00,15.4,13.27,44.444925,26.127289
2022-08-10 02:00:00,2022-08-10 03:00:00,12.76,14.31,44.444925,26.127289
2022-08-10 03:00:00,2022-08-10 04:00:00,9.86,12.12,44.444925,26.127289
2022-08-10 04:00:00,2022-08-10 05:00:00,8.37,13.62,44.444925,26.127289
2022-08-10 05:00:00,2022-08-10 06:00:00,9.01,15.31,44.444925,26.127289
2022-08-10 06:00:00,2022-08-10 07:00:00,12.21,26.93,44.444925,26.127289
2022-08-10 07:00:00,2022-08-10 08:00:00,17.47,42.6,44.444925,26.127289
2022-08-10 08:00:00,2022-08-10 09:00:00,21.26,46.08,44.444925,26.127289
2022-08-10 09:00:00,2022-08-10 10:00:00,24.94,45.44,44.444925,26.127289
2022-08-10 10:00:00,2022-08-10 11:00:00,21.94,46.49,44.444925,26.127289
2022-08-10 11:00:00,2022-08-10 12:00:00,20.61,39.73,44.444925,26.127289
2022-08-10 12:00:00,2022-08-10 13:00:00,21.74,47.28,44.444925,26.127289
2022-08-10 13:00:00,2022-08-10 14:00:00,22.88,36.95,44.444925,26.127289
2022-08-10 14:00:00,2022-08-10 15:00:00,22.37,32.56,44.444925,26.127289
2022-08-10 15:00:00,2022-08-10 16:00:00,24.32,39.38,44.444925,26.127289
2022-08-10 16:00:00,2022-08-10 17:00:00,20.18,49.66,44.444925,26.127289
2022-08-10 17:00:00,2022-08-10 18:00:00,17.32,46.93,44.444925,26.127289
2022-08-10 18:00:00,2022-08-10 19:00:00,14.58,46.54,44.444925,26.127289
2022-08-10 19:00:00,2022-08-10 20:00:00,13.71,32.19,44.444925,26.127289
2022-08-10 20:00:00,2022-08-10 21:00:00,12.64,25.91,44.444925,26.127289
2022-08-10 22:00:00,2022-08-10 23:00:00,11.48,29.89,44.444925,26.127289
2022-08-10 23:00:00,2022-08-11 00:00:00,9.23,23.73,44.444925,26.127289
2022-08-11 00:00:00,2022-08-11 01:00:00,8.93,17.5,44.444925,26.127289
2022-08-11 01:00:00,2022-08-11 02:00:00,9.32,15.64,44.444925,26.127289
2022-08-11 02:00:00,2022-08-11 03:00:00,9.75,14.48,44.444925,26.127289
2022-08-11 03:00:00,2022-08-11 04:00:00,12.02,15.32,44.444925,26.127289
2022-08-11 04:00:00,2022-08-11 05:00:00,11.02,14.4,44.444925,26.127289
2022-08-11 05:00:00,2022-08-11 06:00:00,14.9,25.87,44.444925,26.127289
2022-08-11 06:00:00,2022-08-11 07:00:00,18.35,34.45,44.444925,26.127289
2022-08-11 07:00:00,2022-08-11 08:00:00,17.7,29.86,44.444925,26.127289
2022-08-11 08:00:00,2022-08-11 09:00:00,18.34,29.87,44.444925,26.127289
2022-08-11 09:00:00,2022-08-11 10:00:00,14.58,25.03,44.444925,26.127289
2022-08-11 10:00:00,2022-08-11 11:00:00,15.54,24.33,44.444925,26.127289
2022-08-11 11:00:00,2022-08-11 12:00:00,14.96,21.91,44.444925,26.127289
2022-08-11 12:00:00,2022-08-11 13:00:00,16.27,31.32,44.444925,26.127289
2022-08-11 13:00:00,2022-08-11 14:00:00,14.92,27.11,44.444925,26.127289
2022-08-11 14:00:00,2022-08-11 15:00:00,16.02,32.46,44.444925,26.127289
2022-08-11 15:00:00,2022-08-11 16:00:00,20.18,45.72,44.444925,26.127289
2022-08-11 16:00:00,2022-08-11 17:00:00,21.13,59.29,44.444925,26.127289
2022-08-11 17:00:00,2022-08-11 18:00:00,20.15,56.0,44.444925,26.127289
2022-08-11 18:00:00,2022-08-11 19:00:00,20.94,56.3,44.444925,26.127289
2022-08-11 19:00:00,2022-08-11 20:00:00,21.06,58.09,44.444925,26.127289
2022-08-11 20:00:00,2022-08-11 21:00:00,24.26,53.42,44.444925,26.127289
2022-08-11 21:00:00,2022-08-11 22:00:00,19.73,41.86,44.444925,26.127289
2022-08-11 23:00:00,2022-08-12 00:00:00,19.23,32.45,44.444925,26.127289
2022-08-12 00:00:00,2022-08-12 01:00:00,17.94,28.81,44.444925,26.127289
2022-08-12 01:00:00,2022-08-12 02:00:00,15.82,23.83,44.444925,26.127289
2022-08-12 02:00:00,2022-08-12 03:00:00,14.84,21.37,44.444925,26.127289
2022-08-12 03:00:00,2022-08-12 04:00:00,15.91,23.18,44.444925,26.127289
2022-08-12 04:00:00,2022-08-12 05:00:00,15.95,22.71,44.444925,26.127289
2022-08-12 05:00:00,2022-08-12 06:00:00,19.56,30.78,44.444925,26.127289
2022-08-12 06:00:00,2022-08-12 07:00:00,22.55,38.67,44.444925,26.127289
2022-08-12 07:00:00,2022-08-12 08:00:00,23.25,35.17,44.444925,26.127289
2022-08-12 08:00:00,2022-08-12 09:00:00,22.21,37.55,44.444925,26.127289
2022-08-12 09:00:00,2022-08-12 10:00:00,21.12,32.16,44.444925,26.127289
2022-08-12 10:00:00,2022-08-12 11:00:00,22.37,25.07,44.444925,26.127289
2022-08-12 11:00:00,2022-08-12 12:00:00,20.46,21.5,44.444925,26.127289
2022-08-12 12:00:00,2022-08-12 13:00:00,19.7,35.0,44.444925,26.127289
2022-08-12 13:00:00,2022-08-12 14:00:00,22.51,52.36,44.444925,26.127289
2022-08-12 14:00:00,2022-08-12 15:00:00,21.43,50.67,44.444925,26.127289
2022-08-12 15:00:00,2022-08-12 16:00:00,20.84,39.89,44.444925,26.127289
2022-08-12 16:00:00,2022-08-12 17:00:00,23.12,59.46,44.444925,26.127289
2022-08-12 17:00:00,2022-08-12 18:00:00,25.89,50.05,44.444925,26.127289
2022-08-12 18:00:00,2022-08-12 19:00:00,42.17,50.42,44.444925,26.127289
2022-08-12 19:00:00,2022-08-12 20:00:00,37.25,40.4,44.444925,26.127289
2022-08-12 20:00:00,2022-08-12 21:00:00,34.77,39.69,44.444925,26.127289
2022-08-12 21:00:00,2022-08-12 22:00:00,29.95,35.49,44.444925,26.127289
2022-08-12 22:00:00,2022-08-12 23:00:00,26.49,30.97,44.444925,26.127289
2022-08-13 00:00:00,2022-08-13 01:00:00,23.44,21.52,44.444925,26.127289
2022-08-13 01:00:00,2022-08-13 02:00:00,22.45,19.82,44.444925,26.127289
2022-08-13 02:00:00,2022-08-13 03:00:00,24.21,30.42,44.444925,26.127289
2022-08-13 03:00:00,2022-08-13 04:00:00,21.94,23.64,44.444925,26.127289
2022-08-13 04:00:00,2022-08-13 05:00:00,22.45,18.6,44.444925,26.127289
2022-08-13 05:00:00,2022-08-13 06:00:00,23.95,24.09,44.444925,26.127289
2022-08-13 06:00:00,2022-08-13 07:00:00,24.82,27.58,44.444925,26.127289
2022-08-13 07:00:00,2022-08-13 08:00:00,24.82,18.77,44.444925,26.127289
2022-08-13 08:00:00,2022-08-13 09:00:00,26.48,19.43,44.444925,26.127289
2022-08-13 09:00:00,2022-08-13 10:00:00,26.44,15.24,44.444925,26.127289
2022-08-13 10:00:00,2022-08-13 11:00:00,27.42,16.58,44.444925,26.127289
2022-08-13 11:00:00,2022-08-13 12:00:00,25.41,13.84,44.444925,26.127289
2022-08-13 12:00:00,2022-08-13 13:00:00,24.32,12.35,44.444925,26.127289
2022-08-13 13:00:00,2022-08-13 14:00:00,23.08,12.09,44.444925,26.127289
2022-08-13 14:00:00,2022-08-13 15:00:00,21.73,13.79,44.444925,26.127289
2022-08-13 15:00:00,2022-08-13 16:00:00,21.36,13.85,44.444925,26.127289
2022-08-13 16:00:00,2022-08-13 17:00:00,20.49,12.92,44.444925,26.127289
2022-08-13 17:00:00,2022-08-13 18:00:00,21.27,12.51,44.444925,26.127289
2022-08-13 18:00:00,2022-08-13 19:00:00,22.37,18.52,44.444925,26.127289
2022-08-13 19:00:00,2022-08-13 20:00:00,27.1,32.62,44.444925,26.127289
2022-08-13 20:00:00,2022-08-13 21:00:00,29.76,36.96,44.444925,26.127289
2022-08-13 21:00:00,2022-08-13 22:00:00,30.85,34.26,44.444925,26.127289
2022-08-13 22:00:00,2022-08-13 23:00:00,24.02,24.62,44.444925,26.127289
2022-08-13 23:00:00,2022-08-14 00:00:00,21.04,17.47,44.444925,26.127289
2022-08-14 01:00:00,2022-08-14 02:00:00,29.99,32.74,44.444925,26.127289
2022-08-14 02:00:00,2022-08-14 03:00:00,24.89,27.03,44.444925,26.127289
2022-08-14 03:00:00,2022-08-14 04:00:00,20.36,27.24,44.444925,26.127289
2022-08-14 04:00:00,2022-08-14 05:00:00,20.9,26.41,44.444925,26.127289
2022-08-14 05:00:00,2022-08-14 06:00:00,21.73,22.56,44.444925,26.127289
2022-08-14 06:00:00,2022-08-14 07:00:00,22.54,19.72,44.444925,26.127289
2022-08-14 07:00:00,2022-08-14 08:00:00,25.22,22.52,44.444925,26.127289
2022-08-14 08:00:00,2022-08-14 09:00:00,28.98,24.09,44.444925,26.127289
2022-08-14 09:00:00,2022-08-14 10:00:00,26.68,13.96,44.444925,26.127289
2022-08-14 10:00:00,2022-08-14 11:00:00,14.32,9.9,44.444925,26.127289
2022-08-14 11:00:00,2022-08-14 12:00:00,16.14,11.14,44.444925,26.127289
2022-08-14 12:00:00,2022-08-14 13:00:00,20.11,15.73,44.444925,26.127289
2022-08-14 13:00:00,2022-08-14 14:00:00,19.96,13.29,44.444925,26.127289
2022-08-14 14:00:00,2022-08-14 15:00:00,21.13,9.3,44.444925,26.127289
2022-08-14 15:00:00,2022-08-14 16:00:00,24.95,9.87,44.444925,26.127289
2022-08-14 16:00:00,2022-08-14 17:00:00,20.32,9.66,44.444925,26.127289
2022-08-14 17:00:00,2022-08-14 18:00:00,17.2,12.41,44.444925,26.127289
2022-08-14 18:00:00,2022-08-14 19:00:00,19.19,12.74,44.444925,26.127289
2022-08-14 19:00:00,2022-08-14 20:00:00,16.92,15.57,44.444925,26.127289
2022-08-14 20:00:00,2022-08-14 21:00:00,16.62,15.44,44.444925,26.127289
2022-08-14 21:00:00,2022-08-14 22:00:00,18.34,18.75,44.444925,26.127289
2022-08-14 22:00:00,2022-08-14 23:00:00,13.9,17.87,44.444925,26.127289
2022-08-14 23:00:00,2022-08-15 00:00:00,14.86,18.61,44.444925,26.127289
2022-08-15 00:00:00,2022-08-15 01:00:00,14.6,13.87,44.444925,26.127289
2022-08-15 02:00:00,2022-08-15 03:00:00,14.99,11.31,44.444925,26.127289
2022-08-15 03:00:00,2022-08-15 04:00:00,15.21,10.25,44.444925,26.127289
2022-08-15 04:00:00,2022-08-15 05:00:00,17.89,13.43,44.444925,26.127289
2022-08-15 05:00:00,2022-08-15 06:00:00,19.41,16.21,44.444925,26.127289
2022-08-15 06:00:00,2022-08-15 07:00:00,18.91,17.0,44.444925,26.127289
2022-08-15 07:00:00,2022-08-15 08:00:00,23.76,18.85,44.444925,26.127289
2022-08-15 08:00:00,2022-08-15 09:00:00,22.94,16.77,44.444925,26.127289
2022-08-15 09:00:00,2022-08-15 10:00:00,20.11,16.81,44.444925,26.127289
2022-08-15 10:00:00,2022-08-15 11:00:00,16.33,16.77,44.444925,26.127289
2022-08-15 11:00:00,2022-08-15 12:00:00,18.64,11.63,44.444925,26.127289
2022-08-15 12:00:00,2022-08-15 13:00:00,14.22,10.56,44.444925,26.127289
2022-08-15 13:00:00,2022-08-15 14:00:00,12.81,10.98,44.444925,26.127289
2022-08-15 14:00:00,2022-08-15 15:00:00,15.94,12.87,44.444925,26.127289
2022-08-15 15:00:00,2022-08-15 16:00:00,13.94,12.66,44.444925,26.127289
2022-08-15 16:00:00,2022-08-15 17:00:00,13.89,13.14,44.444925,26.127289
2022-08-15 17:00:00,2022-08-15 18:00:00,16.07,18.82,44.444925,26.127289
2022-08-15 18:00:00,2022-08-15 19:00:00,15.7,24.06,44.444925,26.127289
2022-08-15 19:00:00,2022-08-15 20:00:00,15.51,41.53,44.444925,26.127289
2022-08-15 20:00:00,2022-08-15 21:00:00,16.36,35.97,44.444925,26.127289
2022-08-15 21:00:00,2022-08-15 22:00:00,16.69,35.19,44.444925,26.127289
2022-08-15 22:00:00,2022-08-15 23:00:00,16.26,37.65,44.444925,26.127289
2022-08-15 23:00:00,2022-08-16 00:00:00,14.82,35.77,44.444925,26.127289
2022-08-16 00:00:00,2022-08-16 01:00:00,17.79,33.94,44.444925,26.127289
2022-08-16 01:00:00,2022-08-16 02:00:00,16.57,28.67,44.444925,26.127289
2022-08-16 03:00:00,2022-08-16 04:00:00,14.26,21.71,44.444925,26.127289
2022-08-16 04:00:00,2022-08-16 05:00:00,15.78,26.24,44.444925,26.127289
2022-08-16 05:00:00,2022-08-16 06:00:00,19.21,37.68,44.444925,26.127289
2022-08-16 06:00:00,2022-08-16 07:00:00,22.41,39.9,44.444925,26.127289
2022-08-16 07:00:00,2022-08-16 08:00:00,23.94,43.14,44.444925,26.127289
2022-08-16 08:00:00,2022-08-16 09:00:00,22.74,28.97,44.444925,26.127289
2022-08-16 09:00:00,2022-08-16 10:00:00,19.3,22.47,44.444925,26.127289
2022-08-16 10:00:00,2022-08-16 11:00:00,22.24,22.27,44.444925,26.127289
2022-08-16 11:00:00,2022-08-16 12:00:00,21.94,22.77,44.444925,26.127289
2022-08-16 12:00:00,2022-08-16 13:00:00,20.64,21.43,44.444925,26.127289
2022-08-16 13:00:00,2022-08-16 14:00:00,22.2,25.37,44.444925,26.127289
2022-08-16 14:00:00,2022-08-16 15:00:00,22.43,23.9,44.444925,26.127289
2022-08-16 15:00:00,2022-08-16 16:00:00,25.61,25.37,44.444925,26.127289
2022-08-16 16:00:00,2022-08-16 17:00:00,27.58,23.29,44.444925,26.127289
2022-08-16 17:00:00,2022-08-16 18:00:00,23.85,48.16,44.444925,26.127289
2022-08-16 18:00:00,2022-08-16 19:00:00,21.31,43.26,44.444925,26.127289
2022-08-16 19:00:00,2022-08-16 20:00:00,20.46,44.08,44.444925,26.127289
2022-08-16 20:00:00,2022-08-16 21:00:00,26.45,57.79,44.444925,26.127289
2022-08-16 21:00:00,2022-08-16 22:00:00,34.94,79.52,44.444925,26.127289
2022-08-16 22:00:00,2022-08-16 23:00:00,38.66,83.24,44.444925,26.127289
2022-08-16 23:00:00,2022-08-17 00:00:00,35.95,63.55,44.444925,26.127289
2022-08-17 00:00:00,2022-08-17 01:00:00,31.35,43.45,44.444925,26.127289
2022-08-17 01:00:00,2022-08-17 02:00:00,30.89,34.74,44.444925,26.127289
2022-08-17 02:00:00,2022-08-17 03:00:00,31.49,32.79,44.444925,26.127289
2022-08-17 04:00:00,2022-08-17 05:00:00,28.08,30.11,44.444925,26.127289
2022-08-17 05:00:00,2022-08-17 06:00:00,26.99,32.91,44.444925,26.127289
2022-08-17 06:00:00,2022-08-17 07:00:00,31.54,46.22,44.444925,26.127289
2022-08-17 07:00:00,2022-08-17 08:00:00,38.12,58.41,44.444925,26.127289
2022-08-17 08:00:00,2022-08-17 09:00:00,43.96,51.56,44.444925,26.127289
2022-08-17 09:00:00,2022-08-17 10:00:00,27.85,33.52,44.444925,26.127289
2022-08-17 10:00:00,2022-08-17 11:00:00,23.69,30.78,44.444925,26.127289
2022-08-17 11:00:00,2022-08-17 12:00:00,23.14,28.13,44.444925,26.127289
2022-08-17 12:00:00,2022-08-17 13:00:00,23.33,25.69,44.444925,26.127289
2022-08-17 13:00:00,2022-08-17 14:00:00,24.01,23.82,44.444925,26.127289
2022-08-17 14:00:00,2022-08-17 15:00:00,22.69,36.74,44.444925,26.127289
2022-08-17 15:00:00,2022-08-17 16:00:00,20.6,38.02,44.444925,26.127289
2022-08-17 16:00:00,2022-08-17 17:00:00,22.42,42.87,44.444925,26.127289
2022-08-17 17:00:00,2022-08-17 18:00:00,24.08,39.36,44.444925,26.127289
2022-08-17 18:00:00,2022-08-17 19:00:00,24.94,38.07,44.444925,26.127289
2022-08-17 19:00:00,2022-08-17 20:00:00,28.64,68.17,44.444925,26.127289
2022-08-17 20:00:00,2022-08-17 21:00:00,29.45,82.41,44.444925,26.127289
2022-08-17 21:00:00,2022-08-17 22:00:00,30.25,62.13,44.444925,26.127289
2022-08-17 22:00:00,2022-08-17 23:00:00,27.02,65.72,44.444925,26.127289
2022-08-17 23:00:00,2022-08-18 00:00:00,21.26,34.54,44.444925,26.127289
2022-08-18 00:00:00,2022-08-18 01:00:00,18.88,21.18,44.444925,26.127289
2022-08-18 01:00:00,2022-08-18 02:00:00,18.48,20.06,44.444925,26.127289
2022-08-18 02:00:00,2022-08-18 03:00:00,17.25,17.3,44.444925,26.127289
2022-08-18 03:00:00,2022-08-18 04:00:00,16.41,18.85,44.444925,26.127289
2022-08-18 05:00:00,2022-08-18 06:00:00,19.36,35.46,44.444925,26.127289
2022-08-18 06:00:00,2022-08-18 07:00:00,20.27,46.01,44.444925,26.127289
2022-08-18 07:00:00,2022-08-18 08:00:00,23.9,50.96,44.444925,26.127289
2022-08-18 08:00:00,2022-08-18 09:00:00,27.06,49.77,44.444925,26.127289
2022-08-18 09:00:00,2022-08-18 10:00:00,27.11,53.52,44.444925,26.127289
2022-08-18 10:00:00,2022-08-18 11:00:00,25.42,43.06,44.444925,26.127289
2022-08-18 11:00:00,2022-08-18 12:00:00,29.44,35.76,44.444925,26.127289
2022-08-18 12:00:00,2022-08-18 13:00:00,26.97,36.83,44.444925,26.127289
2022-08-18 13:00:00,2022-08-18 14:00:00,26.52,37.76,44.444925,26.127289
2022-08-18 14:00:00,2022-08-18 15:00:00,31.14,49.73,44.444925,26.127289
2022-08-18 15:00:00,2022-08-18 16:00:00,38.06,71.74,44.444925,26.127289
2022-08-18 16:00:00,2022-08-18 17:00:00,35.12,64.98,44.444925,26.127289
2022-08-18 17:00:00,2022-08-18 18:00:00,34.94,60.82,44.444925,26.127289
2022-08-18 18:00:00,2022-08-18 19:00:00,34.3,54.31,44.444925,26.127289
2022-08-18 19:00:00,2022-08-18 20:00:00,33.63,44.31,44.444925,26.127289
2022-08-18 20:00:00,2022-08-18 21:00:00,35.89,49.14,44.444925,26.127289
2022-08-18 21:00:00,2022-08-18 22:00:00,31.06,40.89,44.444925,26.127289
2022-08-18 22:00:00,2022-08-18 23:00:00,27.43,36.8,44.444925,26.127289
2022-08-18 23:00:00,2022-08-19 00:00:00,32.63,44.7,44.444925,26.127289
2022-08-19 00:00:00,2022-08-19 01:00:00,32.5,40.41,44.444925,26.127289
2022-08-19 01:00:00,2022-08-19 02:00:00,27.33,33.06,44.444925,26.127289
2022-08-19 02:00:00,2022-08-19 03:00:00,27.26,27.83,44.444925,26.127289
2022-08-19 03:00:00,2022-08-19 04:00:00,28.88,27.12,44.444925,26.127289
2022-08-19 04:00:00,2022-08-19 05:00:00,29.86,31.08,44.444925,26.127289
2022-08-19 06:00:00,2022-08-19 07:00:00,33.54,44.6,44.444925,26.127289
2022-08-19 07:00:00,2022-08-19 08:00:00,34.31,39.23,44.444925,26.127289
2022-08-19 08:00:00,2022-08-19 09:00:00,32.51,33.56,44.444925,26.127289
2022-08-19 09:00:00,2022-08-19 10:00:00,30.97,30.08,44.444925,26.127289
2022-08-19 10:00:00,2022-08-19 11:00:00,29.51,29.13,44.444925,26.127289
2022-08-19 11:00:00,2022-08-19 12:00:00,27.47,36.24,44.444925,26.127289
2022-08-19 12:00:00,2022-08-19 13:00:00,25.12,35.68,44.444925,26.127289
2022-08-19 13:00:00,2022-08-19 14:00:00,27.22,34.07,44.444925,26.127289
2022-08-19 14:00:00,2022-08-19 15:00:00,25.89,43.5,44.444925,26.127289
2022-08-19 15:00:00,2022-08-19 16:00:00,27.47,45.91,44.444925,26.127289
2022-08-19 16:00:00,2022-08-19 17:00:00,25.83,62.3,44.444925,26.127289
2022-08-19 17:00:00,2022-08-19 18:00:00,25.37,63.86,44.444925,26.127289
2022-08-19 18:00:00,2022-08-19 19:00:00,30.87,53.03,44.444925,26.127289
2022-08-19 19:00:00,2022-08-19 20:00:00,34.87,57.46,44.444925,26.127289
2022-08-19 20:00:00,2022-08-19 21:00:00,38.79,61.41,44.444925,26.127289
2022-08-19 21:00:00,2022-08-19 22:00:00,38.36,52.64,44.444925,26.127289
2022-08-19 22:00:00,2022-08-19 23:00:00,38.3,53.83,44.444925,26.127289
2022-08-19 23:00:00,2022-08-20 00:00:00,39.38,38.67,44.444925,26.127289
2022-08-20 00:00:00,2022-08-20 01:00:00,38.09,38.46,44.444925,26.127289
2022-08-20 01:00:00,2022-08-20 02:00:00,37.88,37.98,44.444925,26.127289
2022-08-20 02:00:00,2022-08-20 03:00:00,33.73,31.1,44.444925,26.127289
2022-08-20 03:00:00,2022-08-20 04:00:00,32.53,29.5,44.444925,26.127289
2022-08-20 04:00:00,2022-08-20 05:00:00,28.52,21.7,44.444925,26.127289
2022-08-20 05:00:00,2022-08-20 06:00:00,27.6,23.73,44.444925,26.127289
2022-08-20 07:00:00,2022-08-20 08:00:00,29.57,29.71,44.444925,26.127289
2022-08-20 08:00:00,2022-08-20 09:00:00,32.08,22.28,44.444925,26.127289
2022-08-20 09:00:00,2022-08-20 10:00:00,33.53,26.41,44.444925,26.127289
2022-08-20 10:00:00,2022-08-20 11:00:00,34.21,26.25,44.444925,26.127289
2022-08-20 11:00:00,2022-08-20 12:00:00,32.96,22.99,44.444925,26.127289
2022-08-20 12:00:00,2022-08-20 13:00:00,31.57,20.11,44.444925,26.127289
2022-08-20 13:00:00,2022-08-20 14:00:00,33.69,21.29,44.444925,26.127289
2022-08-20 14:00:00,2022-08-20 15:00:00,32.86,20.1,44.444925,26.127289
2022-08-20 15:00:00,2022-08-20 16:00:00,32.01,18.72,44.444925,26.127289
2022-08-20 16:00:00,2022-08-20 17:00:00,33.33,20.98,44.444925,26.127289
2022-08-20 17:00:00,2022-08-20 18:00:00,34.87,28.77,44.444925,26.127289
2022-08-20 18:00:00,2022-08-20 19:00:00,37.12,36.19,44.444925,26.127289
2022-08-20 19:00:00,2022-08-20 20:00:00,42.37,44.74,44.444925,26.127289
2022-08-20 20:00:00,2022-08-20 21:00:00,47.65,50.49,44.444925,26.127289
2022-08-20 21:00:00,2022-08-20 22:00:00,41.89,38.11,44.444925,26.127289
2022-08-20 22:00:00,2022-08-20 23:00:00,35.27,35.57,44.444925,26.127289
2022-08-20 23:00:00,2022-08-21 00:00:00,32.76,31.17,44.444925,26.127289
2022-08-21 00:00:00,2022-08-21 01:00:00,35.76,27.96,44.444925,26.127289
2022-08-21 01:00:00,2022-08-21 02:00:00,34.54,27.39,44.444925,26.127289
2022-08-21 02:00:00,2022-08-21 03:00:00,35.52,31.89,44.444925,26.127289
2022-08-21 03:00:00,2022-08-21 04:00:00,34.45,23.91,44.444925,26.127289
2022-08-21 04:00:00,2022-08-21 05:00:00,33.64,22.53,44.444925,26.127289
2022-08-21 05:00:00,2022-08-21 06:00:00,33.17,24.87,44.444925,26.127289
2022-08-21 06:00:00,2022-08-21 07:00:00,35.56,24.86,44.444925,26.127289
2022-08-21 08:00:00,2022-08-21 09:00:00,29.85,19.12,44.444925,26.127289
2022-08-21 09:00:00,2022-08-21 10:00:00,28.62,17.13,44.444925,26.127289
2022-08-21 10:00:00,2022-08-21 11:00:00,28.97,20.12,44.444925,26.127289
2022-08-21 11:00:00,2022-08-21 12:00:00,29.19,17.07,44.444925,26.127289
2022-08-21 12:00:00,2022-08-21 13:00:00,28.76,16.79,44.444925,26.127289
2022-08-21 13:00:00,2022-08-21 14:00:00,28.46,20.51,44.444925,26.127289
2022-08-21 14:00:00,2022-08-21 15:00:00,32.2,21.72,44.444925,26.127289
2022-08-21 15:00:00,2022-08-21 16:00:00,32.35,22.43,44.444925,26.127289
2022-08-21 16:00:00,2022-08-21 17:00:00,32.85,19.36,44.444925,26.127289
2022-08-21 17:00:00,2022-08-21 18:00:00,30.57,20.16,44.444925,26.127289
2022-08-21 18:00:00,2022-08-21 19:00:00,27.39,21.18,44.444925,26.127289
2022-08-21 19:00:00,2022-08-21 20:00:00,25.74,24.24,44.444925,26.127289
2022-08-21 20:00:00,2022-08-21 21:00:00,29.41,32.56,44.444925,26.127289
2022-08-21 21:00:00,2022-08-21 22:00:00,21.51,16.92,44.444925,26.127289
2022-08-21 22:00:00,2022-08-21 23:00:00,22.47,15.63,44.444925,26.127289
2022-08-21 23:00:00,2022-08-22 00:00:00,23.17,16.06,44.444925,26.127289
2022-08-22 00:00:00,2022-08-22 01:00:00,25.25,20.99,44.444925,26.127289
2022-08-22 01:00:00,2022-08-22 02:00:00,21.41,11.49,44.444925,26.127289
2022-08-22 02:00:00,2022-08-22 03:00:00,23.24,10.4,44.444925,26.127289
2022-08-22 03:00:00,2022-08-22 04:00:00,20.13,9.51,44.444925,26.127289
2022-08-22 04:00:00,2022-08-22 05:00:00,19.41,11.76,44.444925,26.127289
2022-08-22 05:00:00,2022-08-22 06:00:00,20.59,19.21,44.444925,26.127289
2022-08-22 06:00:00,2022-08-22 07:00:00,28.02,32.22,44.444925,26.127289
2022-08-22 07:00:00,2022-08-22 08:00:00,33.81,37.7,44.444925,26.127289
2022-08-22 09:00:00,2022-08-22 10:00:00,40.36,34.99,44.444925,26.127289
2022-08-22 10:00:00,2022-08-22 11:00:00,42.38,32.16,44.444925,26.127289
2022-08-22 11:00:00,2022-08-22 12:00:00,33.24,35.61,44.444925,26.127289
2022-08-22 12:00:00,2022-08-22 13:00:00,28.16,38.83,44.444925,26.127289
2022-08-22 13:00:00,2022-08-22 14:00:00,31.59,40.71,44.444925,26.127289
2022-08-22 14:00:00,2022-08-22 15:00:00,30.34,40.1,44.444925,26.127289
2022-08-22 15:00:00,2022-08-22 16:00:00,29.06,24.04,44.444925,26.127289
2022-08-22 16:00:00,2022-08-22 17:00:00,23.96,21.2,44.444925,26.127289
2022-08-22 17:00:00,2022-08-22 18:00:00,22.73,28.2,44.444925,26.127289
2022-08-22 18:00:00,2022-08-22 19:00:00,23.87,38.03,44.444925,26.127289
2022-08-22 19:00:00,2022-08-22 20:00:00,20.75,30.6,44.444925,26.127289
2022-08-22 20:00:00,2022-08-22 21:00:00,21.44,33.7,44.444925,26.127289
2022-08-22 21:00:00,2022-08-22 22:00:00,23.88,28.81,44.444925,26.127289
2022-08-22 22:00:00,2022-08-22 23:00:00,23.99,20.42,44.444925,26.127289
2022-08-22 23:00:00,2022-08-23 00:00:00,25.43,19.34,44.444925,26.127289
2022-08-23 00:00:00,2022-08-23 01:00:00,22.47,17.39,44.444925,26.127289
2022-08-23 01:00:00,2022-08-23 02:00:00,23.72,18.68,44.444925,26.127289
2022-08-23 02:00:00,2022-08-23 03:00:00,22.68,14.86,44.444925,26.127289
2022-08-23 03:00:00,2022-08-23 04:00:00,22.43,13.25,44.444925,26.127289
2022-08-23 04:00:00,2022-08-23 05:00:00,22.84,19.2,44.444925,26.127289
2022-08-23 05:00:00,2022-08-23 06:00:00,25.01,30.32,44.444925,26.127289
2022-08-23 06:00:00,2022-08-23 07:00:00,26.99,34.49,44.444925,26.127289
2022-08-23 07:00:00,2022-08-23 08:00:00,28.84,37.0,44.444925,26.127289
2022-08-23 08:00:00,2022-08-23 09:00:00,30.62,37.08,44.444925,26.127289
2022-08-23 10:00:00,2022-08-23 11:00:00,35.89,43.7,44.444925,26.127289
2022-08-23 11:00:00,2022-08-23 12:00:00,39.44,43.5,44.444925,26.127289
2022-08-23 12:00:00,2022-08-23 13:00:00,41.92,41.5,44.444925,26.127289
2022-08-23 13:00:00,2022-08-23 14:00:00,43.15,50.0,44.444925,26.127289
2022-08-23 14:00:00,2022-08-23 15:00:00,46.89,52.85,44.444925,26.127289
2022-08-23 15:00:00,2022-08-23 16:00:00,42.68,50.3,44.444925,26.127289
2022-08-23 16:00:00,2022-08-23 17:00:00,43.22,59.26,44.444925,26.127289
2022-08-23 17:00:00,2022-08-23 18:00:00,46.15,63.83,44.444925,26.127289
2022-08-23 18:00:00,2022-08-23 19:00:00,48.81,49.45,44.444925,26.127289
2022-08-23 19:00:00,2022-08-23 20:00:00,30.49,29.35,44.444925,26.127289
2022-08-23 20:00:00,2022-08-23 21:00:00,24.49,23.73,44.444925,26.127289
2022-08-23 21:00:00,2022-08-23 22:00:00,16.12,36.1,44.444925,26.127289
2022-08-23 22:00:00,2022-08-23 23:00:00,20.35,30.04,44.444925,26.127289
2022-08-23 23:00:00,2022-08-24 00:00:00,15.57,27.62,44.444925,26.127289
2022-08-24 00:00:00,2022-08-24 01:00:00,12.16,16.64,44.444925,26.127289
2022-08-24 01:00:00,2022-08-24 02:00:00,12.1,16.52,44.444925,26.127289
2022-08-24 02:00:00,2022-08-24 03:00:00,12.48,13.38,44.444925,26.127289
2022-08-24 03:00:00,2022-08-24 04:00:00,16.38,13.13,44.444925,26.127289
2022-08-24 04:00:00,2022-08-24 05:00:00,16.36,13.06,44.444925,26.127289
2022-08-24 05:00:00,2022-08-24 06:00:00,15.6,13.71,44.444925,26.127289
2022-08-24 06:00:00,2022-08-24 07:00:00,17.44,20.93,44.444925,26.127289
2022-08-24 07:00:00,2022-08-24 08:00:00,17.52,26.11,44.444925,26.127289
2022-08-24 08:00:00,2022-08-24 09:00:00,20.29,25.49,44.444925,26.127289
2022-08-24 09:00:00,2022-08-24 10:00:00,27.49,42.11,44.444925,26.127289
2022-08-24 11:00:00,2022-08-24 12:00:00,43.24,47.54,44.444925,26.127289
2022-08-24 12:00:00,2022-08-24 13:00:00,46.85,51.85,44.444925,26.127289
2022-08-24 13:00:00,2022-08-24 14:00:00,54.83,52.29,44.444925,26.127289
2022-08-24 14:00:00,2022-08-24 15:00:00,57.95,59.22,44.444925,26.127289
2022-08-24 15:00:00,2022-08-24 16:00:00,61.6,59.19,44.444925,26.127289
2022-08-24 16:00:00,2022-08-24 17:00:00,63.23,56.3,44.444925,26.127289
2022-08-24 17:00:00,2022-08-24 18:00:00,62.43,54.84,44.444925,26.127289
2022-08-24 18:00:00,2022-08-24 19:00:00,62.43,72.81,44.444925,26.127289
2022-08-24 19:00:00,2022-08-24 20:00:00,64.48,56.58,44.444925,26.127289
2022-08-24 20:00:00,2022-08-24 21:00:00,56.65,39.97,44.444925,26.127289
2022-08-24 21:00:00,2022-08-24 22:00:00,57.04,46.07,44.444925,26.127289
2022-08-24 22:00:00,2022-08-24 23:00:00,62.28,41.73,44.444925,26.127289
2022-08-25 23:00:00,2022-08-26 00:00:00,51.27,25.83,44.444925,26.127289
2022-08-26 00:00:00,2022-08-26 01:00:00,44.57,19.9,44.444925,26.127289
2022-08-26 01:00:00,2022-08-26 02:00:00,41.47,20.39,44.444925,26.127289
2022-08-26 02:00:00,2022-08-26 03:00:00,40.19,21.01,44.444925,26.127289
2022-08-26 03:00:00,2022-08-26 04:00:00,33.43,14.76,44.444925,26.127289
2022-08-26 04:00:00,2022-08-26 05:00:00,28.58,16.79,44.444925,26.127289
2022-08-26 05:00:00,2022-08-26 06:00:00,28.98,25.01,44.444925,26.127289
2022-08-26 06:00:00,2022-08-26 07:00:00,29.74,40.09,44.444925,26.127289
2022-08-26 07:00:00,2022-08-26 08:00:00,30.12,39.04,44.444925,26.127289
2022-08-26 08:00:00,2022-08-26 09:00:00,31.19,35.39,44.444925,26.127289
2022-08-26 09:00:00,2022-08-26 10:00:00,31.41,35.69,44.444925,26.127289
2022-08-26 10:00:00,2022-08-26 11:00:00,33.04,41.35,44.444925,26.127289
2022-08-26 11:00:00,2022-08-26 12:00:00,36.84,42.26,44.444925,26.127289
2022-08-26 13:00:00,2022-08-26 14:00:00,51.49,54.98,44.444925,26.127289
2022-08-26 14:00:00,2022-08-26 15:00:00,49.41,53.35,44.444925,26.127289
2022-08-26 15:00:00,2022-08-26 16:00:00,54.15,69.32,44.444925,26.127289
2022-08-26 16:00:00,2022-08-26 17:00:00,59.26,67.49,44.444925,26.127289
2022-08-26 17:00:00,2022-08-26 18:00:00,56.87,65.94,44.444925,26.127289
2022-08-26 18:00:00,2022-08-26 19:00:00,63.36,63.55,44.444925,26.127289
2022-08-26 19:00:00,2022-08-26 20:00:00,72.02,61.07,44.444925,26.127289
2022-08-26 20:00:00,2022-08-26 21:00:00,84.78,47.74,44.444925,26.127289
2022-08-26 21:00:00,2022-08-26 22:00:00,91.34,38.0,44.444925,26.127289
2022-08-26 22:00:00,2022-08-26 23:00:00,84.56,40.39,44.444925,26.127289
2022-08-28 23:00:00,2022-08-29 00:00:00,78.03,89.91,44.444925,26.127289
2022-08-29 00:00:00,2022-08-29 01:00:00,44.53,57.52,44.444925,26.127289
2022-08-29 01:00:00,2022-08-29 02:00:00,39.34,46.92,44.444925,26.127289
2022-08-29 02:00:00,2022-08-29 03:00:00,40.98,39.93,44.444925,26.127289
2022-08-29 03:00:00,2022-08-29 04:00:00,34.59,32.89,44.444925,26.127289
2022-08-29 04:00:00,2022-08-29 05:00:00,30.5,28.18,44.444925,26.127289
2022-08-29 05:00:00,2022-08-29 06:00:00,29.79,35.16,44.444925,26.127289
2022-08-29 06:00:00,2022-08-29 07:00:00,35.33,53.58,44.444925,26.127289
2022-08-29 07:00:00,2022-08-29 08:00:00,37.02,50.97,44.444925,26.127289
2022-08-29 08:00:00,2022-08-29 09:00:00,41.02,40.63,44.444925,26.127289
2022-08-29 09:00:00,2022-08-29 10:00:00,41.45,40.47,44.444925,26.127289
2022-08-29 10:00:00,2022-08-29 11:00:00,42.4,44.8,44.444925,26.127289
2022-08-29 11:00:00,2022-08-29 12:00:00,40.44,43.26,44.444925,26.127289
2022-08-29 12:00:00,2022-08-29 13:00:00,41.25,48.16,44.444925,26.127289
2022-08-29 13:00:00,2022-08-29 14:00:00,40.09,32.33,44.444925,26.127289
2022-08-29 14:00:00,2022-08-29 15:00:00,42.43,44.47,44.444925,26.127289
2022-08-29 16:00:00,2022-08-29 17:00:00,45.4,58.91,44.444925,26.127289
2022-08-29 17:00:00,2022-08-29 18:00:00,47.42,78.46,44.444925,26.127289
2022-08-29 18:00:00,2022-08-29 19:00:00,54.53,100.53,44.444925,26.127289
2022-08-29 19:00:00,2022-08-29 20:00:00,65.58,125.73,44.444925,26.127289
2022-08-29 20:00:00,2022-08-29 21:00:00,53.81,82.21,44.444925,26.127289
2022-08-29 21:00:00,2022-08-29 22:00:00,51.63,66.59,44.444925,26.127289
2022-08-29 22:00:00,2022-08-29 23:00:00,50.46,62.36,44.444925,26.127289
2022-08-29 23:00:00,2022-08-30 00:00:00,48.42,50.32,44.444925,26.127289
2022-08-30 00:00:00,2022-08-30 01:00:00,45.34,46.04,44.444925,26.127289
2022-08-30 01:00:00,2022-08-30 02:00:00,50.72,25.84,44.444925,26.127289
2022-08-30 02:00:00,2022-08-30 03:00:00,55.67,33.73,44.444925,26.127289
2022-08-30 03:00:00,2022-08-30 04:00:00,58.52,24.95,44.444925,26.127289
2022-08-30 04:00:00,2022-08-30 05:00:00,55.98,28.46,44.444925,26.127289
2022-08-30 05:00:00,2022-08-30 06:00:00,51.69,32.59,44.444925,26.127289
2022-08-30 06:00:00,2022-08-30 07:00:00,46.47,37.61,44.444925,26.127289
2022-08-30 07:00:00,2022-08-30 08:00:00,43.77,41.0,44.444925,26.127289
2022-08-30 08:00:00,2022-08-30 09:00:00,42.85,53.68,44.444925,26.127289
2022-08-30 09:00:00,2022-08-30 10:00:00,42.48,44.33,44.444925,26.127289
2022-08-30 10:00:00,2022-08-30 11:00:00,46.84,51.44,44.444925,26.127289
2022-08-30 11:00:00,2022-08-30 12:00:00,47.78,47.22,44.444925,26.127289
2022-08-30 12:00:00,2022-08-30 13:00:00,47.64,40.41,44.444925,26.127289
2022-08-30 13:00:00,2022-08-30 14:00:00,49.18,55.17,44.444925,26.127289
2022-08-30 14:00:00,2022-08-30 15:00:00,49.89,60.3,44.444925,26.127289
2022-08-30 15:00:00,2022-08-30 16:00:00,48.81,59.58,44.444925,26.127289
2022-08-30 17:00:00,2022-08-30 18:00:00,52.2,66.77,44.444925,26.127289
2022-08-30 18:00:00,2022-08-30 19:00:00,49.17,61.91,44.444925,26.127289
2022-08-30 19:00:00,2022-08-30 20:00:00,37.57,45.46,44.444925,26.127289
2022-08-30 20:00:00,2022-08-30 21:00:00,32.95,49.45,44.444925,26.127289
2022-08-30 21:00:00,2022-08-30 22:00:00,25.39,45.32,44.444925,26.127289
2022-08-30 22:00:00,2022-08-30 23:00:00,24.94,39.01,44.444925,26.127289
2022-08-30 23:00:00,2022-08-31 00:00:00,20.28,14.57,44.444925,26.127289
2022-08-31 00:00:00,2022-08-31 01:00:00,19.51,18.98,44.444925,26.127289
2022-08-31 01:00:00,2022-08-31 02:00:00,19.96,21.99,44.444925,26.127289
2022-08-31 02:00:00,2022-08-31 03:00:00,21.07,19.96,44.444925,26.127289
2022-08-31 03:00:00,2022-08-31 04:00:00,20.85,12.79,44.444925,26.127289
2022-08-31 04:00:00,2022-08-31 05:00:00,24.12,16.23,44.444925,26.127289
2022-08-31 05:00:00,2022-08-31 06:00:00,31.31,26.15,44.444925,26.127289
2022-08-31 06:00:00,2022-08-31 07:00:00,32.64,40.37,44.444925,26.127289
2022-08-31 07:00:00,2022-08-31 08:00:00,34.07,43.86,44.444925,26.127289
2022-08-31 08:00:00,2022-08-31 09:00:00,34.21,38.28,44.444925,26.127289
2022-08-31 09:00:00,2022-08-31 10:00:00,32.78,47.48,44.444925,26.127289
2022-08-31 10:00:00,2022-08-31 11:00:00,31.35,47.0,44.444925,26.127289
2022-08-31 11:00:00,2022-08-31 12:00:00,29.29,36.64,44.444925,26.127289
2022-08-31 12:00:00,2022-08-31 13:00:00,28.47,41.48,44.444925,26.127289
2022-08-31 13:00:00,2022-08-31 14:00:00,28.59,32.81,44.444925,26.127289
2022-08-31 14:00:00,2022-08-31 15:00:00,29.8,39.3,44.444925,26.127289
2022-08-31 15:00:00,2022-08-31 16:00:00,27.95,44.46,44.444925,26.127289
2022-08-31 16:00:00,2022-08-31 17:00:00,27.27,48.95,44.444925,26.127289
2022-08-31 18:00:00,2022-08-31 19:00:00,24.52,52.4,44.444925,26.127289
2022-08-31 19:00:00,2022-08-31 20:00:00,23.49,57.34,44.444925,26.127289
2022-08-31 20:00:00,2022-08-31 21:00:00,22.27,39.08,44.444925,26.127289
2022-08-31 21:00:00,2022-08-31 22:00:00,23.07,31.79,44.444925,26.127289
2022-08-31 22:00:00,2022-08-31 23:00:00,25.69,22.24,44.444925,26.127289
2022-08-31 23:00:00,2022-09-01 00:00:00,21.2,18.42,44.444925,26.127289
2022-09-01 00:00:00,2022-09-01 01:00:00,16.6,17.69,44.444925,26.127289
2022-09-01 01:00:00,2022-09-01 02:00:00,17.75,19.37,44.444925,26.127289
2022-09-01 02:00:00,2022-09-01 03:00:00,18.06,13.37,44.444925,26.127289
2022-09-01 03:00:00,2022-09-01 04:00:00,17.48,15.62,44.444925,26.127289
2022-09-01 04:00:00,2022-09-01 05:00:00,17.47,19.26,44.444925,26.127289
2022-09-01 05:00:00,2022-09-01 06:00:00,18.32,30.14,44.444925,26.127289
2022-09-01 06:00:00,2022-09-01 07:00:00,21.55,41.78,44.444925,26.127289
2022-09-01 07:00:00,2022-09-01 08:00:00,24.56,45.98,44.444925,26.127289
2022-09-01 08:00:00,2022-09-01 09:00:00,24.58,42.28,44.444925,26.127289
2022-09-01 09:00:00,2022-09-01 10:00:00,24.37,47.35,44.444925,26.127289
2022-09-01 10:00:00,2022-09-01 11:00:00,21.8,43.67,44.444925,26.127289
2022-09-01 11:00:00,2022-09-01 12:00:00,20.53,45.31,44.444925,26.127289
2022-09-01 12:00:00,2022-09-01 13:00:00,21.33,44.12,44.444925,26.127289
2022-09-01 13:00:00,2022-09-01 14:00:00,21.94,46.99,44.444925,26.127289
2022-09-01 14:00:00,2022-09-01 15:00:00,21.14,48.48,44.444925,26.127289
2022-09-01 15:00:00,2022-09-01 16:00:00,22.19,49.52,44.444925,26.127289
2022-09-01 16:00:00,2022-09-01 17:00:00,22.19,53.3,44.444925,26.127289
2022-09-01 17:00:00,2022-09-01 18:00:00,19.22,53.9,44.444925,26.127289
2022-09-01 19:00:00,2022-09-01 20:00:00,20.81,50.58,44.444925,26.127289
2022-09-01 20:00:00,2022-09-01 21:00:00,19.99,44.64,44.444925,26.127289
2022-09-01 21:00:00,2022-09-01 22:00:00,21.39,36.46,44.444925,26.127289
2022-09-01 22:00:00,2022-09-01 23:00:00,20.44,26.52,44.444925,26.127289
2022-09-01 23:00:00,2022-09-02 00:00:00,18.55,19.54,44.444925,26.127289
2022-09-02 00:00:00,2022-09-02 01:00:00,18.42,20.52,44.444925,26.127289
2022-09-02 01:00:00,2022-09-02 02:00:00,17.26,16.24,44.444925,26.127289
2022-09-02 02:00:00,2022-09-02 03:00:00,13.84,14.49,44.444925,26.127289
2022-09-02 03:00:00,2022-09-02 04:00:00,14.61,15.93,44.444925,26.127289
2022-09-02 04:00:00,2022-09-02 05:00:00,17.12,15.53,44.444925,26.127289
2022-09-02 05:00:00,2022-09-02 06:00:00,18.04,26.62,44.444925,26.127289
2022-09-02 06:00:00,2022-09-02 07:00:00,19.39,36.64,44.444925,26.127289
2022-09-02 07:00:00,2022-09-02 08:00:00,20.33,39.33,44.444925,26.127289
2022-09-02 08:00:00,2022-09-02 09:00:00,20.17,36.03,44.444925,26.127289
2022-09-02 09:00:00,2022-09-02 10:00:00,22.05,37.36,44.444925,26.127289
2022-09-02 10:00:00,2022-09-02 11:00:00,22.13,39.25,44.444925,26.127289
2022-09-02 11:00:00,2022-09-02 12:00:00,24.21,39.51,44.444925,26.127289
2022-09-02 12:00:00,2022-09-02 13:00:00,25.59,48.35,44.444925,26.127289
2022-09-02 13:00:00,2022-09-02 14:00:00,28.45,52.62,44.444925,26.127289
2022-09-02 14:00:00,2022-09-02 15:00:00,26.65,49.27,44.444925,26.127289
2022-09-02 15:00:00,2022-09-02 16:00:00,27.82,52.28,44.444925,26.127289
2022-09-02 16:00:00,2022-09-02 17:00:00,46.67,51.67,44.444925,26.127289
2022-09-02 17:00:00,2022-09-02 18:00:00,22.7,49.47,44.444925,26.127289
2022-09-02 18:00:00,2022-09-02 19:00:00,23.64,61.12,44.444925,26.127289
2022-09-02 20:00:00,2022-09-02 21:00:00,18.98,35.83,44.444925,26.127289
2022-09-02 21:00:00,2022-09-02 22:00:00,17.95,31.59,44.444925,26.127289
2022-09-02 22:00:00,2022-09-02 23:00:00,17.87,28.07,44.444925,26.127289
2022-09-02 23:00:00,2022-09-03 00:00:00,15.11,24.21,44.444925,26.127289
2022-09-03 00:00:00,2022-09-03 01:00:00,14.82,19.69,44.444925,26.127289
2022-09-03 01:00:00,2022-09-03 02:00:00,14.88,16.44,44.444925,26.127289
2022-09-03 02:00:00,2022-09-03 03:00:00,15.46,15.76,44.444925,26.127289
2022-09-03 03:00:00,2022-09-03 04:00:00,14.31,15.27,44.444925,26.127289
2022-09-03 04:00:00,2022-09-03 05:00:00,13.68,17.1,44.444925,26.127289
2022-09-03 05:00:00,2022-09-03 06:00:00,13.49,18.26,44.444925,26.127289
2022-09-03 06:00:00,2022-09-03 07:00:00,13.94,25.89,44.444925,26.127289
2022-09-03 07:00:00,2022-09-03 08:00:00,14.37,20.75,44.444925,26.127289
2022-09-03 08:00:00,2022-09-03 09:00:00,16.0,25.49,44.444925,26.127289
2022-09-03 09:00:00,2022-09-03 10:00:00,14.34,25.43,44.444925,26.127289
2022-09-03 10:00:00,2022-09-03 11:00:00,14.06,24.23,44.444925,26.127289
2022-09-03 11:00:00,2022-09-03 12:00:00,12.14,27.84,44.444925,26.127289
2022-09-03 12:00:00,2022-09-03 13:00:00,11.97,23.41,44.444925,26.127289
2022-09-03 13:00:00,2022-09-03 14:00:00,12.69,25.65,44.444925,26.127289
2022-09-03 14:00:00,2022-09-03 15:00:00,12.98,21.39,44.444925,26.127289
2022-09-03 15:00:00,2022-09-03 16:00:00,14.87,22.2,44.444925,26.127289
2022-09-03 16:00:00,2022-09-03 17:00:00,13.83,19.52,44.444925,26.127289
2022-09-03 17:00:00,2022-09-03 18:00:00,15.5,20.38,44.444925,26.127289
2022-09-03 18:00:00,2022-09-03 19:00:00,15.27,25.72,44.444925,26.127289
2022-09-03 19:00:00,2022-09-03 20:00:00,14.97,21.78,44.444925,26.127289
2022-09-03 21:00:00,2022-09-03 22:00:00,15.96,26.17,44.444925,26.127289
2022-09-03 22:00:00,2022-09-03 23:00:00,16.15,31.59,44.444925,26.127289
2022-09-03 23:00:00,2022-09-04 00:00:00,14.77,23.98,44.444925,26.127289
2022-09-04 00:00:00,2022-09-04 01:00:00,13.93,20.99,44.444925,26.127289
2022-09-04 01:00:00,2022-09-04 02:00:00,14.23,19.25,44.444925,26.127289
2022-09-04 02:00:00,2022-09-04 03:00:00,14.03,19.05,44.444925,26.127289
2022-09-04 03:00:00,2022-09-04 04:00:00,12.22,15.19,44.444925,26.127289
2022-09-04 04:00:00,2022-09-04 05:00:00,12.51,17.43,44.444925,26.127289
2022-09-04 05:00:00,2022-09-04 06:00:00,11.83,15.51,44.444925,26.127289
2022-09-04 06:00:00,2022-09-04 07:00:00,13.06,18.06,44.444925,26.127289
2022-09-04 07:00:00,2022-09-04 08:00:00,14.38,16.8,44.444925,26.127289
2022-09-04 08:00:00,2022-09-04 09:00:00,15.62,17.23,44.444925,26.127289
2022-09-04 09:00:00,2022-09-04 10:00:00,16.18,14.32,44.444925,26.127289
2022-09-04 10:00:00,2022-09-04 11:00:00,16.86,14.66,44.444925,26.127289
2022-09-04 11:00:00,2022-09-04 12:00:00,18.4,13.47,44.444925,26.127289
2022-09-04 12:00:00,2022-09-04 13:00:00,16.71,13.06,44.444925,26.127289
2022-09-04 13:00:00,2022-09-04 14:00:00,16.97,14.78,44.444925,26.127289
2022-09-04 14:00:00,2022-09-04 15:00:00,14.76,16.75,44.444925,26.127289
2022-09-04 15:00:00,2022-09-04 16:00:00,14.53,17.22,44.444925,26.127289
2022-09-04 16:00:00,2022-09-04 17:00:00,15.72,17.54,44.444925,26.127289
2022-09-04 17:00:00,2022-09-04 18:00:00,15.66,24.09,44.444925,26.127289
2022-09-04 18:00:00,2022-09-04 19:00:00,15.48,25.62,44.444925,26.127289
2022-09-04 19:00:00,2022-09-04 20:00:00,16.32,29.8,44.444925,26.127289
2022-09-04 20:00:00,2022-09-04 21:00:00,17.27,32.23,44.444925,26.127289
2022-09-04 22:00:00,2022-09-04 23:00:00,14.3,31.88,44.444925,26.127289
2022-09-04 23:00:00,2022-09-05 00:00:00,17.78,26.96,44.444925,26.127289
2022-09-05 00:00:00,2022-09-05 01:00:00,21.53,25.79,44.444925,26.127289
2022-09-05 01:00:00,2022-09-05 02:00:00,24.39,21.1,44.444925,26.127289
2022-09-05 02:00:00,2022-09-05 03:00:00,21.37,18.47,44.444925,26.127289
2022-09-05 03:00:00,2022-09-05 04:00:00,18.53,16.96,44.444925,26.127289
2022-09-05 04:00:00,2022-09-05 05:00:00,21.97,21.16,44.444925,26.127289
2022-09-05 05:00:00,2022-09-05 06:00:00,21.42,30.46,44.444925,26.127289
2022-09-05 06:00:00,2022-09-05 07:00:00,18.99,32.68,44.444925,26.127289
2022-09-05 07:00:00,2022-09-05 08:00:00,15.23,34.77,44.444925,26.127289
2022-09-05 08:00:00,2022-09-05 09:00:00,16.16,31.26,44.444925,26.127289
2022-09-05 09:00:00,2022-09-05 10:00:00,14.47,28.99,44.444925,26.127289
2022-09-05 10:00:00,2022-09-05 11:00:00,13.65,28.77,44.444925,26.127289
2022-09-05 11:00:00,2022-09-05 12:00:00,14.48,27.46,44.444925,26.127289
2022-09-05 12:00:00,2022-09-05 13:00:00,13.8,24.6,44.444925,26.127289
2022-09-05 13:00:00,2022-09-05 14:00:00,15.22,25.52,44.444925,26.127289
2022-09-05 14:00:00,2022-09-05 15:00:00,14.3,27.67,44.444925,26.127289
2022-09-05 15:00:00,2022-09-05 16:00:00,14.05,35.26,44.444925,26.127289
2022-09-05 16:00:00,2022-09-05 17:00:00,16.83,50.26,44.444925,26.127289
2022-09-05 17:00:00,2022-09-05 18:00:00,19.07,53.27,44.444925,26.127289
2022-09-05 18:00:00,2022-09-05 19:00:00,18.99,55.58,44.444925,26.127289
2022-09-05 19:00:00,2022-09-05 20:00:00,19.87,61.53,44.444925,26.127289
2022-09-05 20:00:00,2022-09-05 21:00:00,20.02,43.39,44.444925,26.127289
2022-09-05 21:00:00,2022-09-05 22:00:00,21.22,41.19,44.444925,26.127289
2022-09-05 23:00:00,2022-09-06 00:00:00,18.92,32.67,44.444925,26.127289
2022-09-06 00:00:00,2022-09-06 01:00:00,21.03,26.78,44.444925,26.127289
2022-09-06 01:00:00,2022-09-06 02:00:00,19.38,22.04,44.444925,26.127289
2022-09-06 02:00:00,2022-09-06 03:00:00,16.98,16.45,44.444925,26.127289
2022-09-06 03:00:00,2022-09-06 04:00:00,16.14,16.82,44.444925,26.127289
2022-09-06 04:00:00,2022-09-06 05:00:00,15.2,20.2,44.444925,26.127289
2022-09-06 05:00:00,2022-09-06 06:00:00,16.56,31.62,44.444925,26.127289
2022-09-06 06:00:00,2022-09-06 07:00:00,18.66,39.83,44.444925,26.127289
2022-09-06 07:00:00,2022-09-06 08:00:00,21.4,50.7,44.444925,26.127289
2022-09-06 08:00:00,2022-09-06 09:00:00,24.42,53.99,44.444925,26.127289
2022-09-06 09:00:00,2022-09-06 10:00:00,24.03,43.95,44.444925,26.127289
2022-09-06 10:00:00,2022-09-06 11:00:00,23.44,36.97,44.444925,26.127289
2022-09-06 11:00:00,2022-09-06 12:00:00,23.9,36.05,44.444925,26.127289
2022-09-06 12:00:00,2022-09-06 13:00:00,37.38,28.12,44.444925,26.127289
2022-09-06 13:00:00,2022-09-06 14:00:00,25.75,40.32,44.444925,26.127289
2022-09-06 14:00:00,2022-09-06 15:00:00,22.41,45.66,44.444925,26.127289
2022-09-06 15:00:00,2022-09-06 16:00:00,23.89,44.83,44.444925,26.127289
2022-09-06 16:00:00,2022-09-06 17:00:00,22.27,54.07,44.444925,26.127289
2022-09-06 17:00:00,2022-09-06 18:00:00,21.89,33.71,44.444925,26.127289
2022-09-06 18:00:00,2022-09-06 19:00:00,24.94,34.11,44.444925,26.127289
2022-09-06 19:00:00,2022-09-06 20:00:00,31.86,60.02,44.444925,26.127289
2022-09-06 20:00:00,2022-09-06 21:00:00,43.06,88.72,44.444925,26.127289
2022-09-06 21:00:00,2022-09-06 22:00:00,38.16,76.69,44.444925,26.127289
2022-09-06 22:00:00,2022-09-06 23:00:00,27.04,58.42,44.444925,26.127289
2022-09-07 00:00:00,2022-09-07 01:00:00,20.46,30.55,44.444925,26.127289
2022-09-07 01:00:00,2022-09-07 02:00:00,16.06,20.44,44.444925,26.127289
2022-09-07 02:00:00,2022-09-07 03:00:00,15.38,19.25,44.444925,26.127289
2022-09-07 03:00:00,2022-09-07 04:00:00,19.55,26.29,44.444925,26.127289
2022-09-07 04:00:00,2022-09-07 05:00:00,20.32,29.49,44.444925,26.127289
2022-09-07 05:00:00,2022-09-07 06:00:00,21.71,42.31,44.444925,26.127289
2022-09-07 06:00:00,2022-09-07 07:00:00,23.94,47.12,44.444925,26.127289
2022-09-07 07:00:00,2022-09-07 08:00:00,27.31,43.35,44.444925,26.127289
2022-09-07 08:00:00,2022-09-07 09:00:00,27.49,43.62,44.444925,26.127289
2022-09-07 09:00:00,2022-09-07 10:00:00,24.12,47.14,44.444925,26.127289
2022-09-07 10:00:00,2022-09-07 11:00:00,26.16,37.66,44.444925,26.127289
2022-09-07 11:00:00,2022-09-07 12:00:00,24.17,33.14,44.444925,26.127289
2022-09-07 18:00:00,2022-09-07 19:00:00,33.93,65.17,44.444925,26.127289
2022-09-07 19:00:00,2022-09-07 20:00:00,47.75,73.32,44.444925,26.127289
2022-09-07 20:00:00,2022-09-07 21:00:00,44.32,71.23,44.444925,26.127289
2022-09-07 21:00:00,2022-09-07 22:00:00,38.58,56.58,44.444925,26.127289
2022-09-07 22:00:00,2022-09-07 23:00:00,35.39,46.01,44.444925,26.127289
2022-09-07 23:00:00,2022-09-08 00:00:00,32.43,37.91,44.444925,26.127289
2022-09-08 01:00:00,2022-09-08 02:00:00,27.38,41.17,44.444925,26.127289
2022-09-08 02:00:00,2022-09-08 03:00:00,28.26,35.29,44.444925,26.127289
2022-09-08 03:00:00,2022-09-08 04:00:00,30.29,35.79,44.444925,26.127289
2022-09-08 04:00:00,2022-09-08 05:00:00,30.79,33.02,44.444925,26.127289
2022-09-08 05:00:00,2022-09-08 06:00:00,33.7,35.63,44.444925,26.127289
2022-09-08 06:00:00,2022-09-08 07:00:00,38.56,41.46,44.444925,26.127289
2022-09-08 07:00:00,2022-09-08 08:00:00,41.59,53.77,44.444925,26.127289
2022-09-08 08:00:00,2022-09-08 09:00:00,40.79,52.81,44.444925,26.127289
2022-09-08 09:00:00,2022-09-08 10:00:00,31.24,38.24,44.444925,26.127289
2022-09-08 10:00:00,2022-09-08 11:00:00,28.38,50.53,44.444925,26.127289
2022-09-08 11:00:00,2022-09-08 12:00:00,25.86,42.0,44.444925,26.127289
2022-09-08 12:00:00,2022-09-08 13:00:00,22.64,34.61,44.444925,26.127289
2022-09-08 13:00:00,2022-09-08 14:00:00,20.27,27.98,44.444925,26.127289
2022-09-08 14:00:00,2022-09-08 15:00:00,19.51,26.79,44.444925,26.127289
2022-09-08 15:00:00,2022-09-08 16:00:00,18.43,26.85,44.444925,26.127289
2022-09-08 16:00:00,2022-09-08 17:00:00,17.46,30.21,44.444925,26.127289
2022-09-08 17:00:00,2022-09-08 18:00:00,18.69,35.14,44.444925,26.127289
2022-09-08 18:00:00,2022-09-08 19:00:00,31.99,81.17,44.444925,26.127289
2022-09-08 19:00:00,2022-09-08 20:00:00,41.29,94.86,44.444925,26.127289
2022-09-08 20:00:00,2022-09-08 21:00:00,51.92,93.33,44.444925,26.127289
2022-09-08 21:00:00,2022-09-08 22:00:00,55.81,92.93,44.444925,26.127289
2022-09-08 22:00:00,2022-09-08 23:00:00,43.57,74.66,44.444925,26.127289
2022-09-08 23:00:00,2022-09-09 00:00:00,30.47,44.44,44.444925,26.127289
2022-09-09 00:00:00,2022-09-09 01:00:00,22.72,30.38,44.444925,26.127289
2022-09-09 02:00:00,2022-09-09 03:00:00,19.71,30.58,44.444925,26.127289
2022-09-09 03:00:00,2022-09-09 04:00:00,20.53,29.77,44.444925,26.127289
2022-09-09 04:00:00,2022-09-09 05:00:00,21.89,29.56,44.444925,26.127289
2022-09-09 05:00:00,2022-09-09 06:00:00,26.34,43.33,44.444925,26.127289
2022-09-09 06:00:00,2022-09-09 07:00:00,30.25,49.54,44.444925,26.127289
2022-09-09 07:00:00,2022-09-09 08:00:00,30.34,55.81,44.444925,26.127289
2022-09-09 08:00:00,2022-09-09 09:00:00,27.3,53.51,44.444925,26.127289
2022-09-09 09:00:00,2022-09-09 10:00:00,27.8,41.47,44.444925,26.127289
2022-09-09 10:00:00,2022-09-09 11:00:00,31.25,43.01,44.444925,26.127289
2022-09-09 11:00:00,2022-09-09 12:00:00,34.67,59.23,44.444925,26.127289
2022-09-09 15:00:00,2022-09-09 16:00:00,35.38,65.0,44.444925,26.127289
2022-09-09 16:00:00,2022-09-09 17:00:00,40.34,68.33,44.444925,26.127289
2022-09-09 17:00:00,2022-09-09 18:00:00,40.29,59.78,44.444925,26.127289
2022-09-09 18:00:00,2022-09-09 19:00:00,38.76,72.52,44.444925,26.127289
2022-09-09 19:00:00,2022-09-09 20:00:00,43.28,68.45,44.444925,26.127289
2022-09-09 20:00:00,2022-09-09 21:00:00,38.75,66.02,44.444925,26.127289
2022-09-09 21:00:00,2022-09-09 22:00:00,39.59,49.7,44.444925,26.127289
2022-09-09 22:00:00,2022-09-09 23:00:00,38.09,55.4,44.444925,26.127289
2022-09-09 23:00:00,2022-09-10 00:00:00,37.64,56.29,44.444925,26.127289
2022-09-10 00:00:00,2022-09-10 01:00:00,36.78,58.33,44.444925,26.127289
2022-09-10 01:00:00,2022-09-10 02:00:00,20.0,47.32,44.444925,26.127289
2022-09-10 02:00:00,2022-09-10 03:00:00,21.31,44.39,44.444925,26.127289
2022-09-10 03:00:00,2022-09-10 04:00:00,15.06,31.94,44.444925,26.127289
2022-09-10 04:00:00,2022-09-10 05:00:00,14.09,33.33,44.444925,26.127289
2022-09-10 05:00:00,2022-09-10 06:00:00,15.46,32.7,44.444925,26.127289
2022-09-10 06:00:00,2022-09-10 07:00:00,18.02,39.86,44.444925,26.127289
2022-09-10 07:00:00,2022-09-10 08:00:00,19.1,33.54,44.444925,26.127289
2022-09-10 08:00:00,2022-09-10 09:00:00,19.71,28.73,44.444925,26.127289
2022-09-10 09:00:00,2022-09-10 10:00:00,21.73,27.92,44.444925,26.127289
2022-09-10 10:00:00,2022-09-10 11:00:00,24.8,22.17,44.444925,26.127289
2022-09-10 11:00:00,2022-09-10 12:00:00,28.15,26.9,44.444925,26.127289
2022-09-10 12:00:00,2022-09-10 13:00:00,32.26,33.18,44.444925,26.127289
2022-09-10 13:00:00,2022-09-10 14:00:00,35.43,20.92,44.444925,26.127289
2022-09-10 14:00:00,2022-09-10 15:00:00,32.62,17.85,44.444925,26.127289
2022-09-10 15:00:00,2022-09-10 16:00:00,31.9,16.94,44.444925,26.127289
2022-09-10 17:00:00,2022-09-10 18:00:00,32.28,18.82,44.444925,26.127289
2022-09-10 18:00:00,2022-09-10 19:00:00,31.5,22.49,44.444925,26.127289
2022-09-10 19:00:00,2022-09-10 20:00:00,33.77,31.58,44.444925,26.127289
2022-09-10 20:00:00,2022-09-10 21:00:00,23.43,30.26,44.444925,26.127289
2022-09-10 21:00:00,2022-09-10 22:00:00,25.65,28.12,44.444925,26.127289
2022-09-10 22:00:00,2022-09-10 23:00:00,23.98,24.97,44.444925,26.127289
2022-09-10 23:00:00,2022-09-11 00:00:00,23.05,23.13,44.444925,26.127289
2022-09-11 00:00:00,2022-09-11 01:00:00,25.56,19.54,44.444925,26.127289
2022-09-11 01:00:00,2022-09-11 02:00:00,32.88,19.21,44.444925,26.127289
2022-09-11 02:00:00,2022-09-11 03:00:00,35.01,16.71,44.444925,26.127289
2022-09-11 03:00:00,2022-09-11 04:00:00,32.55,16.03,44.444925,26.127289
2022-09-11 04:00:00,2022-09-11 05:00:00,26.61,15.52,44.444925,26.127289
2022-09-11 05:00:00,2022-09-11 06:00:00,20.65,17.8,44.444925,26.127289
2022-09-11 06:00:00,2022-09-11 07:00:00,18.74,18.25,44.444925,26.127289
2022-09-11 07:00:00,2022-09-11 08:00:00,19.09,20.41,44.444925,26.127289
2022-09-11 08:00:00,2022-09-11 09:00:00,19.17,20.56,44.444925,26.127289
2022-09-11 09:00:00,2022-09-11 10:00:00,16.66,19.81,44.444925,26.127289
2022-09-11 10:00:00,2022-09-11 11:00:00,15.07,20.59,44.444925,26.127289
2022-09-11 11:00:00,2022-09-11 12:00:00,11.12,13.0,44.444925,26.127289
2022-09-11 12:00:00,2022-09-11 13:00:00,11.07,12.21,44.444925,26.127289
2022-09-11 13:00:00,2022-09-11 14:00:00,9.69,12.39,44.444925,26.127289
2022-09-11 14:00:00,2022-09-11 15:00:00,8.36,13.15,44.444925,26.127289
2022-09-11 15:00:00,2022-09-11 16:00:00,6.7,13.19,44.444925,26.127289
2022-09-11 16:00:00,2022-09-11 17:00:00,7.35,15.28,44.444925,26.127289
2022-09-11 18:00:00,2022-09-11 19:00:00,10.05,33.13,44.444925,26.127289
2022-09-11 19:00:00,2022-09-11 20:00:00,10.34,38.5,44.444925,26.127289
2022-09-11 20:00:00,2022-09-11 21:00:00,9.58,41.56,44.444925,26.127289
2022-09-11 21:00:00,2022-09-11 22:00:00,9.54,39.57,44.444925,26.127289
2022-09-11 22:00:00,2022-09-11 23:00:00,10.15,44.68,44.444925,26.127289
2022-09-11 23:00:00,2022-09-12 00:00:00,15.33,46.28,44.444925,26.127289
2022-09-12 00:00:00,2022-09-12 01:00:00,13.75,33.92,44.444925,26.127289
2022-09-12 01:00:00,2022-09-12 02:00:00,11.98,35.24,44.444925,26.127289
2022-09-12 02:00:00,2022-09-12 03:00:00,10.71,38.52,44.444925,26.127289
2022-09-12 03:00:00,2022-09-12 04:00:00,9.08,29.87,44.444925,26.127289
2022-09-12 04:00:00,2022-09-12 05:00:00,9.86,34.27,44.444925,26.127289
2022-09-12 05:00:00,2022-09-12 06:00:00,10.97,39.39,44.444925,26.127289
2022-09-12 06:00:00,2022-09-12 07:00:00,14.96,47.96,44.444925,26.127289
2022-09-12 07:00:00,2022-09-12 08:00:00,18.67,49.56,44.444925,26.127289
2022-09-12 08:00:00,2022-09-12 09:00:00,26.32,52.69,44.444925,26.127289
2022-09-12 09:00:00,2022-09-12 10:00:00,16.69,34.54,44.444925,26.127289
2022-09-12 10:00:00,2022-09-12 11:00:00,12.65,31.1,44.444925,26.127289
2022-09-12 11:00:00,2022-09-12 12:00:00,10.84,24.75,44.444925,26.127289
2022-09-12 12:00:00,2022-09-12 13:00:00,10.86,22.33,44.444925,26.127289
2022-09-12 13:00:00,2022-09-12 14:00:00,10.32,26.2,44.444925,26.127289
2022-09-12 14:00:00,2022-09-12 15:00:00,10.04,32.28,44.444925,26.127289
2022-09-12 15:00:00,2022-09-12 16:00:00,14.83,35.63,44.444925,26.127289
2022-09-12 16:00:00,2022-09-12 17:00:00,8.89,35.97,44.444925,26.127289
2022-09-12 17:00:00,2022-09-12 18:00:00,8.37,38.5,44.444925,26.127289
2022-09-12 19:00:00,2022-09-12 20:00:00,13.23,56.73,44.444925,26.127289
2022-09-12 20:00:00,2022-09-12 21:00:00,12.67,42.27,44.444925,26.127289
2022-09-12 21:00:00,2022-09-12 22:00:00,13.14,42.45,44.444925,26.127289
2022-09-12 22:00:00,2022-09-12 23:00:00,14.22,35.12,44.444925,26.127289
2022-09-12 23:00:00,2022-09-13 00:00:00,14.33,24.44,44.444925,26.127289
2022-09-13 00:00:00,2022-09-13 01:00:00,11.45,18.72,44.444925,26.127289
2022-09-13 01:00:00,2022-09-13 02:00:00,10.8,16.01,44.444925,26.127289
2022-09-13 02:00:00,2022-09-13 03:00:00,10.56,21.61,44.444925,26.127289
2022-09-13 03:00:00,2022-09-13 04:00:00,11.37,23.66,44.444925,26.127289
2022-09-13 04:00:00,2022-09-13 05:00:00,13.05,31.81,44.444925,26.127289
2022-09-13 05:00:00,2022-09-13 06:00:00,16.05,36.66,44.444925,26.127289
2022-09-13 06:00:00,2022-09-13 07:00:00,19.35,52.6,44.444925,26.127289
2022-09-13 07:00:00,2022-09-13 08:00:00,20.46,55.22,44.444925,26.127289
2022-09-13 08:00:00,2022-09-13 09:00:00,19.63,48.77,44.444925,26.127289
2022-09-13 09:00:00,2022-09-13 10:00:00,22.4,38.25,44.444925,26.127289
2022-09-13 10:00:00,2022-09-13 11:00:00,17.74,24.48,44.444925,26.127289
2022-09-13 11:00:00,2022-09-13 12:00:00,14.63,21.57,44.444925,26.127289
2022-09-13 12:00:00,2022-09-13 13:00:00,13.23,20.6,44.444925,26.127289
2022-09-13 13:00:00,2022-09-13 14:00:00,13.69,25.93,44.444925,26.127289
2022-09-13 14:00:00,2022-09-13 15:00:00,14.22,46.51,44.444925,26.127289
2022-09-13 15:00:00,2022-09-13 16:00:00,12.86,41.21,44.444925,26.127289
2022-09-13 16:00:00,2022-09-13 17:00:00,17.49,69.1,44.444925,26.127289
2022-09-13 17:00:00,2022-09-13 18:00:00,17.36,76.44,44.444925,26.127289
2022-09-13 18:00:00,2022-09-13 19:00:00,17.76,62.75,44.444925,26.127289
2022-09-13 20:00:00,2022-09-13 21:00:00,14.88,57.41,44.444925,26.127289
2022-09-13 21:00:00,2022-09-13 22:00:00,12.44,48.22,44.444925,26.127289
2022-09-13 22:00:00,2022-09-13 23:00:00,9.91,34.98,44.444925,26.127289
2022-09-13 23:00:00,2022-09-14 00:00:00,8.38,30.56,44.444925,26.127289
2022-09-14 00:00:00,2022-09-14 01:00:00,9.26,28.11,44.444925,26.127289
2022-09-14 01:00:00,2022-09-14 02:00:00,8.15,25.22,44.444925,26.127289
2022-09-14 02:00:00,2022-09-14 03:00:00,8.03,20.52,44.444925,26.127289
2022-09-14 03:00:00,2022-09-14 04:00:00,8.16,22.59,44.444925,26.127289
2022-09-14 04:00:00,2022-09-14 05:00:00,10.45,33.0,44.444925,26.127289
2022-09-14 05:00:00,2022-09-14 06:00:00,13.73,43.89,44.444925,26.127289
2022-09-14 06:00:00,2022-09-14 07:00:00,16.84,51.22,44.444925,26.127289
2022-09-14 07:00:00,2022-09-14 08:00:00,21.85,55.15,44.444925,26.127289
2022-09-14 08:00:00,2022-09-14 09:00:00,26.31,62.14,44.444925,26.127289
2022-09-14 09:00:00,2022-09-14 10:00:00,32.98,64.29,44.444925,26.127289
2022-09-14 10:00:00,2022-09-14 11:00:00,29.32,48.83,44.444925,26.127289
2022-09-14 11:00:00,2022-09-14 12:00:00,26.4,33.03,44.444925,26.127289
2022-09-14 12:00:00,2022-09-14 13:00:00,18.74,23.45,44.444925,26.127289
2022-09-14 13:00:00,2022-09-14 14:00:00,15.67,21.74,44.444925,26.127289
2022-09-14 14:00:00,2022-09-14 15:00:00,15.99,26.61,44.444925,26.127289
2022-09-14 15:00:00,2022-09-14 16:00:00,15.57,24.85,44.444925,26.127289
2022-09-14 16:00:00,2022-09-14 17:00:00,24.53,32.85,44.444925,26.127289
2022-09-14 17:00:00,2022-09-14 18:00:00,13.75,42.39,44.444925,26.127289
2022-09-14 18:00:00,2022-09-14 19:00:00,24.55,65.64,44.444925,26.127289
2022-09-14 19:00:00,2022-09-14 20:00:00,28.73,72.52,44.444925,26.127289
2022-09-14 21:00:00,2022-09-14 22:00:00,28.08,76.91,44.444925,26.127289
2022-09-14 22:00:00,2022-09-14 23:00:00,27.62,73.67,44.444925,26.127289
2022-09-14 23:00:00,2022-09-15 00:00:00,31.56,75.18,44.444925,26.127289
2022-09-15 00:00:00,2022-09-15 01:00:00,30.01,58.87,44.444925,26.127289
2022-09-15 01:00:00,2022-09-15 02:00:00,25.92,35.41,44.444925,26.127289
2022-09-15 02:00:00,2022-09-15 03:00:00,24.67,34.55,44.444925,26.127289
2022-09-15 03:00:00,2022-09-15 04:00:00,23.97,38.94,44.444925,26.127289
2022-09-15 04:00:00,2022-09-15 05:00:00,19.61,37.92,44.444925,26.127289
2022-09-15 05:00:00,2022-09-15 06:00:00,22.0,63.58,44.444925,26.127289
2022-09-15 06:00:00,2022-09-15 07:00:00,27.05,72.82,44.444925,26.127289
2022-09-15 07:00:00,2022-09-15 08:00:00,32.84,63.47,44.444925,26.127289
2022-09-15 08:00:00,2022-09-15 09:00:00,30.42,41.96,44.444925,26.127289
2022-09-15 09:00:00,2022-09-15 10:00:00,34.62,38.87,44.444925,26.127289
2022-09-15 10:00:00,2022-09-15 11:00:00,31.28,28.83,44.444925,26.127289
2022-09-15 11:00:00,2022-09-15 12:00:00,33.06,25.57,44.444925,26.127289
2022-09-15 12:00:00,2022-09-15 13:00:00,33.95,23.25,44.444925,26.127289
2022-09-15 13:00:00,2022-09-15 14:00:00,36.46,22.79,44.444925,26.127289
2022-09-15 14:00:00,2022-09-15 15:00:00,40.28,22.47,44.444925,26.127289
2022-09-15 15:00:00,2022-09-15 16:00:00,37.26,23.25,44.444925,26.127289
2022-09-15 16:00:00,2022-09-15 17:00:00,34.16,26.4,44.444925,26.127289
2022-09-15 17:00:00,2022-09-15 18:00:00,33.59,32.74,44.444925,26.127289
2022-09-15 18:00:00,2022-09-15 19:00:00,33.94,47.25,44.444925,26.127289
2022-09-15 19:00:00,2022-09-15 20:00:00,41.45,57.1,44.444925,26.127289
2022-09-15 20:00:00,2022-09-15 21:00:00,27.95,52.0,44.444925,26.127289
2022-09-15 22:00:00,2022-09-15 23:00:00,26.42,35.76,44.444925,26.127289
2022-09-15 23:00:00,2022-09-16 00:00:00,26.79,42.32,44.444925,26.127289
2022-09-16 00:00:00,2022-09-16 01:00:00,24.57,46.29,44.444925,26.127289
2022-09-16 01:00:00,2022-09-16 02:00:00,29.68,21.11,44.444925,26.127289
2022-09-16 02:00:00,2022-09-16 03:00:00,33.52,22.53,44.444925,26.127289
2022-09-16 03:00:00,2022-09-16 04:00:00,32.64,20.67,44.444925,26.127289
2022-09-16 04:00:00,2022-09-16 05:00:00,30.57,19.42,44.444925,26.127289
2022-09-16 05:00:00,2022-09-16 06:00:00,28.94,30.61,44.444925,26.127289
2022-09-16 06:00:00,2022-09-16 07:00:00,28.86,36.98,44.444925,26.127289
2022-09-16 07:00:00,2022-09-16 08:00:00,29.77,27.94,44.444925,26.127289
2022-09-16 08:00:00,2022-09-16 09:00:00,26.81,25.73,44.444925,26.127289
2022-09-16 09:00:00,2022-09-16 10:00:00,25.64,22.52,44.444925,26.127289
2022-09-16 10:00:00,2022-09-16 11:00:00,18.54,21.34,44.444925,26.127289
2022-09-16 11:00:00,2022-09-16 12:00:00,14.12,23.04,44.444925,26.127289
2022-09-16 12:00:00,2022-09-16 13:00:00,12.83,23.58,44.444925,26.127289
2022-09-16 13:00:00,2022-09-16 14:00:00,13.78,26.46,44.444925,26.127289
2022-09-16 14:00:00,2022-09-16 15:00:00,15.66,24.03,44.444925,26.127289
2022-09-16 15:00:00,2022-09-16 16:00:00,18.24,31.2,44.444925,26.127289
2022-09-16 16:00:00,2022-09-16 17:00:00,18.21,36.44,44.444925,26.127289
2022-09-16 17:00:00,2022-09-16 18:00:00,22.62,40.28,44.444925,26.127289
2022-09-16 18:00:00,2022-09-16 19:00:00,26.23,39.42,44.444925,26.127289
2022-09-16 19:00:00,2022-09-16 20:00:00,29.2,39.06,44.444925,26.127289
2022-09-16 20:00:00,2022-09-16 21:00:00,30.15,37.0,44.444925,26.127289
2022-09-16 21:00:00,2022-09-16 22:00:00,35.06,32.15,44.444925,26.127289
2022-09-16 23:00:00,2022-09-17 00:00:00,22.96,44.74,44.444925,26.127289
2022-09-17 00:00:00,2022-09-17 01:00:00,20.63,37.89,44.444925,26.127289
2022-09-17 01:00:00,2022-09-17 02:00:00,18.73,29.52,44.444925,26.127289
2022-09-17 02:00:00,2022-09-17 03:00:00,13.73,29.15,44.444925,26.127289
2022-09-17 03:00:00,2022-09-17 04:00:00,10.68,24.69,44.444925,26.127289
2022-09-17 04:00:00,2022-09-17 05:00:00,9.17,24.84,44.444925,26.127289
2022-09-17 05:00:00,2022-09-17 06:00:00,9.76,29.73,44.444925,26.127289
2022-09-17 06:00:00,2022-09-17 07:00:00,13.9,41.88,44.444925,26.127289
2022-09-17 07:00:00,2022-09-17 08:00:00,22.38,67.02,44.444925,26.127289
2022-09-17 08:00:00,2022-09-17 09:00:00,21.48,59.47,44.444925,26.127289
2022-09-17 09:00:00,2022-09-17 10:00:00,21.13,48.68,44.444925,26.127289
2022-09-17 10:00:00,2022-09-17 11:00:00,31.75,52.76,44.444925,26.127289
2022-09-17 11:00:00,2022-09-17 12:00:00,29.41,38.07,44.444925,26.127289
2022-09-17 12:00:00,2022-09-17 13:00:00,24.36,22.52,44.444925,26.127289
2022-09-17 13:00:00,2022-09-17 14:00:00,22.56,16.91,44.444925,26.127289
2022-09-17 14:00:00,2022-09-17 15:00:00,22.07,19.82,44.444925,26.127289
2022-09-17 15:00:00,2022-09-17 16:00:00,20.03,21.28,44.444925,26.127289
2022-09-17 16:00:00,2022-09-17 17:00:00,17.27,14.48,44.444925,26.127289
2022-09-17 17:00:00,2022-09-17 18:00:00,17.1,19.1,44.444925,26.127289
2022-09-17 18:00:00,2022-09-17 19:00:00,19.72,31.07,44.444925,26.127289
2022-09-17 19:00:00,2022-09-17 20:00:00,23.44,36.34,44.444925,26.127289
2022-09-17 20:00:00,2022-09-17 21:00:00,37.2,45.7,44.444925,26.127289
2022-09-17 21:00:00,2022-09-17 22:00:00,24.43,39.2,44.444925,26.127289
2022-09-17 22:00:00,2022-09-17 23:00:00,25.35,42.65,44.444925,26.127289
2022-09-18 00:00:00,2022-09-18 01:00:00,15.16,41.32,44.444925,26.127289
2022-09-18 01:00:00,2022-09-18 02:00:00,15.71,39.84,44.444925,26.127289
2022-09-18 02:00:00,2022-09-18 03:00:00,11.35,30.83,44.444925,26.127289
2022-09-18 03:00:00,2022-09-18 04:00:00,10.38,14.55,44.444925,26.127289
2022-09-18 04:00:00,2022-09-18 05:00:00,10.21,10.77,44.444925,26.127289
2022-09-18 05:00:00,2022-09-18 06:00:00,8.99,9.59,44.444925,26.127289
2022-09-18 06:00:00,2022-09-18 07:00:00,7.48,9.33,44.444925,26.127289
2022-09-18 07:00:00,2022-09-18 08:00:00,9.59,10.0,44.444925,26.127289
2022-09-18 08:00:00,2022-09-18 09:00:00,13.5,8.45,44.444925,26.127289
2022-09-18 09:00:00,2022-09-18 10:00:00,16.22,8.55,44.444925,26.127289
2022-09-18 10:00:00,2022-09-18 11:00:00,12.35,8.68,44.444925,26.127289
2022-09-18 11:00:00,2022-09-18 12:00:00,12.15,9.4,44.444925,26.127289
2022-09-18 12:00:00,2022-09-18 13:00:00,9.86,9.72,44.444925,26.127289
2022-09-18 13:00:00,2022-09-18 14:00:00,7.81,9.7,44.444925,26.127289
2022-09-18 14:00:00,2022-09-18 15:00:00,7.91,9.77,44.444925,26.127289
2022-09-18 15:00:00,2022-09-18 16:00:00,7.72,9.7,44.444925,26.127289
2022-09-18 16:00:00,2022-09-18 17:00:00,9.15,11.11,44.444925,26.127289
2022-09-18 17:00:00,2022-09-18 18:00:00,9.91,12.09,44.444925,26.127289
2022-09-18 18:00:00,2022-09-18 19:00:00,8.73,14.87,44.444925,26.127289
2022-09-18 19:00:00,2022-09-18 20:00:00,7.28,15.93,44.444925,26.127289
2022-09-18 20:00:00,2022-09-18 21:00:00,7.14,17.92,44.444925,26.127289
2022-09-18 21:00:00,2022-09-18 22:00:00,6.67,17.97,44.444925,26.127289
2022-09-18 22:00:00,2022-09-18 23:00:00,5.55,13.06,44.444925,26.127289
2022-09-18 23:00:00,2022-09-19 00:00:00,3.82,13.07,44.444925,26.127289
2022-09-19 01:00:00,2022-09-19 02:00:00,2.58,11.6,44.444925,26.127289
2022-09-19 02:00:00,2022-09-19 03:00:00,2.34,13.02,44.444925,26.127289
2022-09-19 03:00:00,2022-09-19 04:00:00,2.66,11.3,44.444925,26.127289
2022-09-19 04:00:00,2022-09-19 05:00:00,3.85,17.15,44.444925,26.127289
2022-09-19 05:00:00,2022-09-19 06:00:00,5.79,24.87,44.444925,26.127289
2022-09-19 06:00:00,2022-09-19 07:00:00,9.69,37.63,44.444925,26.127289
2022-09-19 07:00:00,2022-09-19 08:00:00,11.08,38.47,44.444925,26.127289
2022-09-19 08:00:00,2022-09-19 09:00:00,14.23,29.93,44.444925,26.127289
2022-09-19 09:00:00,2022-09-19 10:00:00,16.27,31.2,44.444925,26.127289
2022-09-19 10:00:00,2022-09-19 11:00:00,14.04,22.74,44.444925,26.127289
2022-09-19 11:00:00,2022-09-19 12:00:00,10.06,18.54,44.444925,26.127289
2022-09-19 12:00:00,2022-09-19 13:00:00,7.72,15.98,44.444925,26.127289
2022-09-19 13:00:00,2022-09-19 14:00:00,8.57,20.53,44.444925,26.127289
2022-09-19 14:00:00,2022-09-19 15:00:00,9.23,19.68,44.444925,26.127289
2022-09-19 15:00:00,2022-09-19 16:00:00,10.21,24.75,44.444925,26.127289
2022-09-19 16:00:00,2022-09-19 17:00:00,10.73,22.83,44.444925,26.127289
2022-09-19 17:00:00,2022-09-19 18:00:00,10.1,34.13,44.444925,26.127289
2022-09-19 18:00:00,2022-09-19 19:00:00,16.74,61.3,44.444925,26.127289
2022-09-19 19:00:00,2022-09-19 20:00:00,37.32,88.15,44.444925,26.127289
2022-09-19 20:00:00,2022-09-19 21:00:00,44.54,83.73,44.444925,26.127289
2022-09-19 21:00:00,2022-09-19 22:00:00,37.88,77.84,44.444925,26.127289
2022-09-19 22:00:00,2022-09-19 23:00:00,18.46,31.63,44.444925,26.127289
2022-09-19 23:00:00,2022-09-20 00:00:00,7.87,11.6,44.444925,26.127289
2022-09-20 00:00:00,2022-09-20 01:00:00,4.8,9.29,44.444925,26.127289
2022-09-20 02:00:00,2022-09-20 03:00:00,7.75,10.71,44.444925,26.127289
2022-09-20 03:00:00,2022-09-20 04:00:00,8.11,9.84,44.444925,26.127289
2022-09-20 04:00:00,2022-09-20 05:00:00,8.66,12.43,44.444925,26.127289
2022-09-20 05:00:00,2022-09-20 06:00:00,10.18,21.42,44.444925,26.127289
2022-09-20 06:00:00,2022-09-20 07:00:00,10.79,26.74,44.444925,26.127289
2022-09-20 07:00:00,2022-09-20 08:00:00,12.47,29.11,44.444925,26.127289
2022-09-20 08:00:00,2022-09-20 09:00:00,14.26,29.76,44.444925,26.127289
2022-09-20 09:00:00,2022-09-20 10:00:00,11.57,25.97,44.444925,26.127289
2022-09-20 10:00:00,2022-09-20 11:00:00,7.3,18.35,44.444925,26.127289
2022-09-20 11:00:00,2022-09-20 12:00:00,6.08,18.97,44.444925,26.127289
2022-09-20 12:00:00,2022-09-20 13:00:00,6.39,19.62,44.444925,26.127289
2022-09-20 13:00:00,2022-09-20 14:00:00,6.42,19.53,44.444925,26.127289
2022-09-20 14:00:00,2022-09-20 15:00:00,5.36,20.16,44.444925,26.127289
2022-09-20 15:00:00,2022-09-20 16:00:00,7.08,23.0,44.444925,26.127289
2022-09-20 16:00:00,2022-09-20 17:00:00,7.88,22.59,44.444925,26.127289
2022-09-20 17:00:00,2022-09-20 18:00:00,8.24,30.11,44.444925,26.127289
2022-09-20 18:00:00,2022-09-20 19:00:00,12.75,54.47,44.444925,26.127289
2022-09-20 19:00:00,2022-09-20 20:00:00,17.08,50.64,44.444925,26.127289
2022-09-20 20:00:00,2022-09-20 21:00:00,13.57,59.95,44.444925,26.127289
2022-09-20 21:00:00,2022-09-20 22:00:00,7.95,44.8,44.444925,26.127289
2022-09-20 22:00:00,2022-09-20 23:00:00,6.02,40.45,44.444925,26.127289
2022-09-20 23:00:00,2022-09-21 00:00:00,6.37,32.29,44.444925,26.127289
2022-09-21 00:00:00,2022-09-21 01:00:00,5.6,26.1,44.444925,26.127289
2022-09-21 01:00:00,2022-09-21 02:00:00,5.51,29.06,44.444925,26.127289
2022-09-21 03:00:00,2022-09-21 04:00:00,7.6,30.8,44.444925,26.127289
2022-09-21 04:00:00,2022-09-21 05:00:00,9.51,30.58,44.444925,26.127289
2022-09-21 05:00:00,2022-09-21 06:00:00,11.87,41.81,44.444925,26.127289
2022-09-21 06:00:00,2022-09-21 07:00:00,19.24,56.89,44.444925,26.127289
2022-09-21 07:00:00,2022-09-21 08:00:00,17.8,58.51,44.444925,26.127289
2022-09-21 08:00:00,2022-09-21 09:00:00,18.43,63.49,44.444925,26.127289
2022-09-21 09:00:00,2022-09-21 10:00:00,14.06,57.85,44.444925,26.127289
2022-09-21 10:00:00,2022-09-21 11:00:00,11.51,38.45,44.444925,26.127289
2022-09-21 11:00:00,2022-09-21 12:00:00,11.0,35.47,44.444925,26.127289
2022-09-21 12:00:00,2022-09-21 13:00:00,10.23,36.95,44.444925,26.127289
2022-09-21 13:00:00,2022-09-21 14:00:00,9.66,30.96,44.444925,26.127289
2022-09-21 14:00:00,2022-09-21 15:00:00,8.8,29.98,44.444925,26.127289
2022-09-21 15:00:00,2022-09-21 16:00:00,9.84,41.69,44.444925,26.127289
2022-09-21 16:00:00,2022-09-21 17:00:00,7.48,30.15,44.444925,26.127289
2022-09-21 17:00:00,2022-09-21 18:00:00,13.94,44.81,44.444925,26.127289
2022-09-21 18:00:00,2022-09-21 19:00:00,12.15,51.75,44.444925,26.127289
2022-09-21 19:00:00,2022-09-21 20:00:00,14.9,57.23,44.444925,26.127289
2022-09-21 20:00:00,2022-09-21 21:00:00,13.72,50.37,44.444925,26.127289
2022-09-21 21:00:00,2022-09-21 22:00:00,15.09,40.71,44.444925,26.127289
2022-09-21 22:00:00,2022-09-21 23:00:00,12.57,39.73,44.444925,26.127289
2022-09-21 23:00:00,2022-09-22 00:00:00,12.18,35.36,44.444925,26.127289
2022-09-22 00:00:00,2022-09-22 01:00:00,11.18,27.03,44.444925,26.127289
2022-09-22 01:00:00,2022-09-22 02:00:00,10.09,26.71,44.444925,26.127289
2022-09-22 02:00:00,2022-09-22 03:00:00,9.9,28.41,44.444925,26.127289
2022-09-22 04:00:00,2022-09-22 05:00:00,12.06,39.53,44.444925,26.127289
2022-09-22 05:00:00,2022-09-22 06:00:00,10.66,42.82,44.444925,26.127289
2022-09-22 06:00:00,2022-09-22 07:00:00,14.13,57.12,44.444925,26.127289
2022-09-22 07:00:00,2022-09-22 08:00:00,20.79,73.17,44.444925,26.127289
2022-09-22 08:00:00,2022-09-22 09:00:00,18.26,60.64,44.444925,26.127289
2022-09-22 09:00:00,2022-09-22 10:00:00,18.77,45.25,44.444925,26.127289
2022-09-22 10:00:00,2022-09-22 11:00:00,17.52,39.96,44.444925,26.127289
2022-09-22 11:00:00,2022-09-22 12:00:00,15.18,37.81,44.444925,26.127289
2022-09-22 12:00:00,2022-09-22 13:00:00,13.75,25.76,44.444925,26.127289
2022-09-22 13:00:00,2022-09-22 14:00:00,13.28,24.37,44.444925,26.127289
2022-09-22 14:00:00,2022-09-22 15:00:00,14.85,22.67,44.444925,26.127289
2022-09-22 15:00:00,2022-09-22 16:00:00,14.35,37.58,44.444925,26.127289
2022-09-22 16:00:00,2022-09-22 17:00:00,12.41,39.97,44.444925,26.127289
2022-09-22 17:00:00,2022-09-22 18:00:00,12.78,46.5,44.444925,26.127289
2022-09-22 18:00:00,2022-09-22 19:00:00,13.75,54.06,44.444925,26.127289
2022-09-22 19:00:00,2022-09-22 20:00:00,15.79,52.62,44.444925,26.127289
2022-09-22 20:00:00,2022-09-22 21:00:00,16.72,48.21,44.444925,26.127289
2022-09-22 21:00:00,2022-09-22 22:00:00,12.74,46.89,44.444925,26.127289
2022-09-22 22:00:00,2022-09-22 23:00:00,12.16,40.0,44.444925,26.127289
2022-09-22 23:00:00,2022-09-23 00:00:00,11.04,28.62,44.444925,26.127289
2022-09-23 00:00:00,2022-09-23 01:00:00,8.24,28.62,44.444925,26.127289
2022-09-23 01:00:00,2022-09-23 02:00:00,12.02,33.85,44.444925,26.127289
2022-09-23 02:00:00,2022-09-23 03:00:00,11.55,35.29,44.444925,26.127289
2022-09-23 03:00:00,2022-09-23 04:00:00,8.53,32.17,44.444925,26.127289
2022-09-23 05:00:00,2022-09-23 06:00:00,10.15,38.7,44.444925,26.127289
2022-09-23 06:00:00,2022-09-23 07:00:00,13.06,48.78,44.444925,26.127289
2022-09-23 07:00:00,2022-09-23 08:00:00,17.64,64.52,44.444925,26.127289
2022-09-23 08:00:00,2022-09-23 09:00:00,21.13,51.61,44.444925,26.127289
2022-09-23 09:00:00,2022-09-23 10:00:00,17.07,45.01,44.444925,26.127289
2022-09-23 10:00:00,2022-09-23 11:00:00,15.3,31.27,44.444925,26.127289
2022-09-23 11:00:00,2022-09-23 12:00:00,13.78,30.54,44.444925,26.127289
2022-09-23 12:00:00,2022-09-23 13:00:00,12.94,28.43,44.444925,26.127289
2022-09-23 13:00:00,2022-09-23 14:00:00,14.0,34.26,44.444925,26.127289
2022-09-23 14:00:00,2022-09-23 15:00:00,11.33,24.24,44.444925,26.127289
2022-09-23 15:00:00,2022-09-23 16:00:00,11.63,23.3,44.444925,26.127289
2022-09-23 16:00:00,2022-09-23 17:00:00,12.42,32.25,44.444925,26.127289
2022-09-23 17:00:00,2022-09-23 18:00:00,8.42,47.44,44.444925,26.127289
2022-09-23 18:00:00,2022-09-23 19:00:00,14.08,67.98,44.444925,26.127289
2022-09-23 19:00:00,2022-09-23 20:00:00,23.58,82.16,44.444925,26.127289
2022-09-23 20:00:00,2022-09-23 21:00:00,28.86,80.84,44.444925,26.127289
2022-09-23 21:00:00,2022-09-23 22:00:00,24.15,68.36,44.444925,26.127289
2022-09-23 22:00:00,2022-09-23 23:00:00,14.98,43.1,44.444925,26.127289
2022-09-23 23:00:00,2022-09-24 00:00:00,11.57,51.08,44.444925,26.127289
2022-09-24 00:00:00,2022-09-24 01:00:00,14.8,53.85,44.444925,26.127289
2022-09-24 01:00:00,2022-09-24 02:00:00,15.34,59.49,44.444925,26.127289
2022-09-24 02:00:00,2022-09-24 03:00:00,12.7,46.54,44.444925,26.127289
2022-09-24 03:00:00,2022-09-24 04:00:00,9.55,30.47,44.444925,26.127289
2022-09-24 04:00:00,2022-09-24 05:00:00,11.91,42.1,44.444925,26.127289
2022-09-24 06:00:00,2022-09-24 07:00:00,18.69,36.63,44.444925,26.127289
2022-09-24 07:00:00,2022-09-24 08:00:00,21.1,41.46,44.444925,26.127289
2022-09-24 08:00:00,2022-09-24 09:00:00,17.02,36.85,44.444925,26.127289
2022-09-24 09:00:00,2022-09-24 10:00:00,17.16,32.93,44.444925,26.127289
2022-09-24 10:00:00,2022-09-24 11:00:00,12.98,19.25,44.444925,26.127289
2022-09-24 11:00:00,2022-09-24 12:00:00,10.75,17.8,44.444925,26.127289
2022-09-24 12:00:00,2022-09-24 13:00:00,9.63,15.55,44.444925,26.127289
2022-09-24 13:00:00,2022-09-24 14:00:00,8.89,16.02,44.444925,26.127289
2022-09-24 14:00:00,2022-09-24 15:00:00,8.96,19.69,44.444925,26.127289
2022-09-24 15:00:00,2022-09-24 16:00:00,9.59,17.2,44.444925,26.127289
2022-09-24 16:00:00,2022-09-24 17:00:00,10.19,18.35,44.444925,26.127289
2022-09-24 17:00:00,2022-09-24 18:00:00,10.69,28.05,44.444925,26.127289
2022-09-24 18:00:00,2022-09-24 19:00:00,18.03,74.93,44.444925,26.127289
2022-09-24 19:00:00,2022-09-24 20:00:00,32.47,93.86,44.444925,26.127289
2022-09-24 20:00:00,2022-09-24 21:00:00,48.5,110.36,44.444925,26.127289
2022-09-24 21:00:00,2022-09-24 22:00:00,37.56,99.89,44.444925,26.127289
2022-09-24 22:00:00,2022-09-24 23:00:00,49.57,97.58,44.444925,26.127289
2022-09-24 23:00:00,2022-09-25 00:00:00,44.27,88.88,44.444925,26.127289
2022-09-25 00:00:00,2022-09-25 01:00:00,45.8,85.47,44.444925,26.127289
2022-09-25 01:00:00,2022-09-25 02:00:00,36.73,75.98,44.444925,26.127289
2022-09-25 02:00:00,2022-09-25 03:00:00,38.49,71.41,44.444925,26.127289
2022-09-25 03:00:00,2022-09-25 04:00:00,32.96,64.96,44.444925,26.127289
2022-09-25 04:00:00,2022-09-25 05:00:00,28.36,49.28,44.444925,26.127289
2022-09-25 05:00:00,2022-09-25 06:00:00,25.76,43.52,44.444925,26.127289
2022-09-25 07:00:00,2022-09-25 08:00:00,18.37,33.02,44.444925,26.127289
2022-09-25 08:00:00,2022-09-25 09:00:00,21.36,29.66,44.444925,26.127289
2022-09-25 09:00:00,2022-09-25 10:00:00,18.38,28.08,44.444925,26.127289
2022-09-25 10:00:00,2022-09-25 11:00:00,19.91,31.96,44.444925,26.127289
2022-09-25 11:00:00,2022-09-25 12:00:00,30.12,37.35,44.444925,26.127289
2022-09-25 12:00:00,2022-09-25 13:00:00,16.29,37.13,44.444925,26.127289
2022-09-25 13:00:00,2022-09-25 14:00:00,14.41,30.31,44.444925,26.127289
2022-09-25 14:00:00,2022-09-25 15:00:00,13.99,29.33,44.444925,26.127289
2022-09-25 15:00:00,2022-09-25 16:00:00,13.96,29.32,44.444925,26.127289
2022-09-25 16:00:00,2022-09-25 17:00:00,16.46,55.03,44.444925,26.127289
2022-09-25 17:00:00,2022-09-25 18:00:00,17.59,69.13,44.444925,26.127289
2022-09-25 18:00:00,2022-09-25 19:00:00,26.88,110.28,44.444925,26.127289
2022-09-25 19:00:00,2022-09-25 20:00:00,38.54,122.41,44.444925,26.127289
2022-09-25 20:00:00,2022-09-25 21:00:00,46.99,132.89,44.444925,26.127289
2022-09-25 21:00:00,2022-09-25 22:00:00,58.74,133.76,44.444925,26.127289
2022-09-25 22:00:00,2022-09-25 23:00:00,65.7,128.74,44.444925,26.127289
2022-09-25 23:00:00,2022-09-26 00:00:00,63.72,112.77,44.444925,26.127289
2022-09-26 00:00:00,2022-09-26 01:00:00,68.24,106.08,44.444925,26.127289
2022-09-26 01:00:00,2022-09-26 02:00:00,62.98,99.77,44.444925,26.127289
2022-09-26 02:00:00,2022-09-26 03:00:00,63.58,89.15,44.444925,26.127289
2022-09-26 03:00:00,2022-09-26 04:00:00,58.59,84.58,44.444925,26.127289
2022-09-26 04:00:00,2022-09-26 05:00:00,48.96,76.77,44.444925,26.127289
2022-09-26 05:00:00,2022-09-26 06:00:00,56.31,77.09,44.444925,26.127289
2022-09-26 06:00:00,2022-09-26 07:00:00,54.5,88.73,44.444925,26.127289
2022-09-26 08:00:00,2022-09-26 09:00:00,40.72,80.02,44.444925,26.127289
2022-09-26 09:00:00,2022-09-26 10:00:00,35.62,67.96,44.444925,26.127289
2022-09-26 10:00:00,2022-09-26 11:00:00,24.5,44.99,44.444925,26.127289
2022-09-26 11:00:00,2022-09-26 12:00:00,21.02,38.3,44.444925,26.127289
2022-09-26 12:00:00,2022-09-26 13:00:00,19.66,38.35,44.444925,26.127289
2022-09-26 13:00:00,2022-09-26 14:00:00,18.33,39.16,44.444925,26.127289
2022-09-26 14:00:00,2022-09-26 15:00:00,17.0,34.46,44.444925,26.127289
2022-09-26 15:00:00,2022-09-26 16:00:00,16.67,29.5,44.444925,26.127289
2022-09-26 16:00:00,2022-09-26 17:00:00,14.47,32.43,44.444925,26.127289
2022-09-26 17:00:00,2022-09-26 18:00:00,19.29,66.03,44.444925,26.127289
2022-09-26 18:00:00,2022-09-26 19:00:00,32.74,82.18,44.444925,26.127289
2022-09-26 19:00:00,2022-09-26 20:00:00,25.92,84.43,44.444925,26.127289
2022-09-26 20:00:00,2022-09-26 21:00:00,39.0,96.16,44.444925,26.127289
2022-09-26 21:00:00,2022-09-26 22:00:00,25.24,66.99,44.444925,26.127289
2022-09-26 22:00:00,2022-09-26 23:00:00,22.42,39.52,44.444925,26.127289
2022-09-26 23:00:00,2022-09-27 00:00:00,22.09,32.79,44.444925,26.127289
2022-09-27 00:00:00,2022-09-27 01:00:00,20.02,31.25,44.444925,26.127289
2022-09-27 01:00:00,2022-09-27 02:00:00,18.25,19.21,44.444925,26.127289
2022-09-27 02:00:00,2022-09-27 03:00:00,18.39,14.78,44.444925,26.127289
2022-09-27 03:00:00,2022-09-27 04:00:00,18.27,16.91,44.444925,26.127289
2022-09-27 04:00:00,2022-09-27 05:00:00,15.57,22.38,44.444925,26.127289
2022-09-27 05:00:00,2022-09-27 06:00:00,14.41,34.95,44.444925,26.127289
2022-09-27 06:00:00,2022-09-27 07:00:00,18.79,44.86,44.444925,26.127289
2022-09-27 07:00:00,2022-09-27 08:00:00,21.62,48.49,44.444925,26.127289
2022-09-27 09:00:00,2022-09-27 10:00:00,24.14,34.92,44.444925,26.127289
2022-09-27 10:00:00,2022-09-27 11:00:00,22.3,30.48,44.444925,26.127289
2022-09-27 11:00:00,2022-09-27 12:00:00,22.14,30.76,44.444925,26.127289
2022-09-27 12:00:00,2022-09-27 13:00:00,18.3,27.56,44.444925,26.127289
2022-09-27 13:00:00,2022-09-27 14:00:00,15.99,27.57,44.444925,26.127289
2022-09-27 14:00:00,2022-09-27 15:00:00,14.8,27.34,44.444925,26.127289
2022-09-27 15:00:00,2022-09-27 16:00:00,16.29,36.53,44.444925,26.127289
2022-09-27 16:00:00,2022-09-27 17:00:00,19.94,45.04,44.444925,26.127289
2022-09-27 17:00:00,2022-09-27 18:00:00,18.91,45.06,44.444925,26.127289
2022-09-27 18:00:00,2022-09-27 19:00:00,28.13,78.27,44.444925,26.127289
2022-09-27 19:00:00,2022-09-27 20:00:00,27.62,76.26,44.444925,26.127289
2022-09-27 20:00:00,2022-09-27 21:00:00,26.0,71.52,44.444925,26.127289
2022-09-27 21:00:00,2022-09-27 22:00:00,18.15,44.48,44.444925,26.127289
2022-09-27 22:00:00,2022-09-27 23:00:00,9.87,33.01,44.444925,26.127289
2022-09-27 23:00:00,2022-09-28 00:00:00,6.91,19.28,44.444925,26.127289
2022-09-28 00:00:00,2022-09-28 01:00:00,6.78,11.65,44.444925,26.127289
2022-09-28 01:00:00,2022-09-28 02:00:00,7.56,11.74,44.444925,26.127289
2022-09-28 02:00:00,2022-09-28 03:00:00,7.6,10.36,44.444925,26.127289
2022-09-28 03:00:00,2022-09-28 04:00:00,7.38,10.98,44.444925,26.127289
2022-09-28 04:00:00,2022-09-28 05:00:00,9.92,14.24,44.444925,26.127289
2022-09-28 05:00:00,2022-09-28 06:00:00,15.79,29.66,44.444925,26.127289
2022-09-28 06:00:00,2022-09-28 07:00:00,20.13,41.42,44.444925,26.127289
2022-09-28 07:00:00,2022-09-28 08:00:00,23.34,39.77,44.444925,26.127289
2022-09-28 08:00:00,2022-09-28 09:00:00,17.63,34.83,44.444925,26.127289
2022-09-28 10:00:00,2022-09-28 11:00:00,10.1,22.96,44.444925,26.127289
2022-09-28 11:00:00,2022-09-28 12:00:00,9.52,22.06,44.444925,26.127289
2022-09-28 12:00:00,2022-09-28 13:00:00,10.07,21.52,44.444925,26.127289
2022-09-28 13:00:00,2022-09-28 14:00:00,9.25,21.03,44.444925,26.127289
2022-09-28 14:00:00,2022-09-28 15:00:00,9.62,20.61,44.444925,26.127289
2022-09-28 15:00:00,2022-09-28 16:00:00,10.88,24.72,44.444925,26.127289
2022-09-28 16:00:00,2022-09-28 17:00:00,9.68,25.99,44.444925,26.127289
2022-09-28 17:00:00,2022-09-28 18:00:00,12.41,40.23,44.444925,26.127289
2022-09-28 18:00:00,2022-09-28 19:00:00,20.01,73.07,44.444925,26.127289
2022-09-28 19:00:00,2022-09-28 20:00:00,29.38,93.71,44.444925,26.127289
2022-09-28 20:00:00,2022-09-28 21:00:00,25.3,93.88,44.444925,26.127289
2022-09-28 21:00:00,2022-09-28 22:00:00,39.53,100.17,44.444925,26.127289
2022-09-28 22:00:00,2022-09-28 23:00:00,41.18,99.17,44.444925,26.127289
2022-09-28 23:00:00,2022-09-29 00:00:00,39.79,86.26,44.444925,26.127289
2022-09-29 00:00:00,2022-09-29 01:00:00,32.51,79.92,44.444925,26.127289
2022-09-29 01:00:00,2022-09-29 02:00:00,22.5,75.82,44.444925,26.127289
2022-09-29 02:00:00,2022-09-29 03:00:00,19.23,69.84,44.444925,26.127289
2022-09-29 03:00:00,2022-09-29 04:00:00,20.61,72.22,44.444925,26.127289
2022-09-29 04:00:00,2022-09-29 05:00:00,21.5,63.85,44.444925,26.127289
2022-09-29 05:00:00,2022-09-29 06:00:00,20.92,54.24,44.444925,26.127289
2022-09-29 06:00:00,2022-09-29 07:00:00,18.84,49.23,44.444925,26.127289
2022-09-29 07:00:00,2022-09-29 08:00:00,20.51,56.79,44.444925,26.127289
2022-09-29 08:00:00,2022-09-29 09:00:00,26.61,66.27,44.444925,26.127289
2022-09-29 09:00:00,2022-09-29 10:00:00,23.89,64.56,44.444925,26.127289
2022-09-29 11:00:00,2022-09-29 12:00:00,24.72,62.71,44.444925,26.127289
2022-09-29 12:00:00,2022-09-29 13:00:00,22.74,50.77,44.444925,26.127289
2022-09-29 13:00:00,2022-09-29 14:00:00,23.12,46.6,44.444925,26.127289
2022-09-29 14:00:00,2022-09-29 15:00:00,20.45,39.28,44.444925,26.127289
2022-09-29 15:00:00,2022-09-29 16:00:00,16.77,32.42,44.444925,26.127289
2022-09-29 16:00:00,2022-09-29 17:00:00,14.78,35.36,44.444925,26.127289
2022-09-29 17:00:00,2022-09-29 18:00:00,18.84,57.01,44.444925,26.127289
2022-09-29 18:00:00,2022-09-29 19:00:00,23.44,44.18,44.444925,26.127289
2022-09-29 19:00:00,2022-09-29 20:00:00,29.81,65.91,44.444925,26.127289
2022-09-29 20:00:00,2022-09-29 21:00:00,19.4,57.14,44.444925,26.127289
2022-09-29 21:00:00,2022-09-29 22:00:00,16.71,58.65,44.444925,26.127289
2022-09-29 22:00:00,2022-09-29 23:00:00,19.4,67.45,44.444925,26.127289
2022-09-29 23:00:00,2022-09-30 00:00:00,17.41,58.63,44.444925,26.127289
2022-09-30 00:00:00,2022-09-30 01:00:00,24.52,65.46,44.444925,26.127289
2022-09-30 01:00:00,2022-09-30 02:00:00,22.75,55.56,44.444925,26.127289
2022-09-30 02:00:00,2022-09-30 03:00:00,22.01,48.09,44.444925,26.127289
2022-09-30 03:00:00,2022-09-30 04:00:00,22.43,38.22,44.444925,26.127289
2022-09-30 04:00:00,2022-09-30 05:00:00,20.65,38.92,44.444925,26.127289
2022-09-30 05:00:00,2022-09-30 06:00:00,17.85,49.22,44.444925,26.127289
2022-09-30 06:00:00,2022-09-30 07:00:00,22.07,60.28,44.444925,26.127289
2022-09-30 07:00:00,2022-09-30 08:00:00,27.07,68.49,44.444925,26.127289
2022-09-30 08:00:00,2022-09-30 09:00:00,27.77,66.68,44.444925,26.127289
2022-09-30 09:00:00,2022-09-30 10:00:00,23.22,62.3,44.444925,26.127289
2022-09-30 10:00:00,2022-09-30 11:00:00,19.63,53.27,44.444925,26.127289
2022-09-30 12:00:00,2022-09-30 13:00:00,16.16,30.78,44.444925,26.127289
2022-09-30 13:00:00,2022-09-30 14:00:00,16.06,26.53,44.444925,26.127289
2022-09-30 14:00:00,2022-09-30 15:00:00,15.15,26.52,44.444925,26.127289
2022-09-30 15:00:00,2022-09-30 16:00:00,15.64,29.35,44.444925,26.127289
2022-09-30 16:00:00,2022-09-30 17:00:00,15.58,32.46,44.444925,26.127289
2022-09-30 17:00:00,2022-09-30 18:00:00,58.84,46.12,44.444925,26.127289
2022-09-30 18:00:00,2022-09-30 19:00:00,18.33,71.74,44.444925,26.127289
2022-09-30 19:00:00,2022-09-30 20:00:00,19.42,86.52,44.444925,26.127289
2022-09-30 20:00:00,2022-09-30 21:00:00,22.36,77.19,44.444925,26.127289
2022-09-30 21:00:00,2022-09-30 22:00:00,21.37,64.41,44.444925,26.127289
2022-09-30 22:00:00,2022-09-30 23:00:00,21.54,78.37,44.444925,26.127289
2022-09-30 23:00:00,2022-10-01 00:00:00,18.14,71.09,44.444925,26.127289
2022-10-01 00:00:00,2022-10-01 01:00:00,23.87,73.45,44.444925,26.127289
2022-10-01 01:00:00,2022-10-01 02:00:00,24.49,73.89,44.444925,26.127289
2022-10-01 02:00:00,2022-10-01 03:00:00,23.37,66.58,44.444925,26.127289
2022-10-01 03:00:00,2022-10-01 04:00:00,20.01,50.35,44.444925,26.127289
2022-10-01 04:00:00,2022-10-01 05:00:00,23.11,52.13,44.444925,26.127289
2022-10-01 05:00:00,2022-10-01 06:00:00,28.42,53.47,44.444925,26.127289
2022-10-01 06:00:00,2022-10-01 07:00:00,29.31,52.57,44.444925,26.127289
2022-10-01 07:00:00,2022-10-01 08:00:00,21.79,50.8,44.444925,26.127289
2022-10-01 08:00:00,2022-10-01 09:00:00,24.03,54.69,44.444925,26.127289
2022-10-01 09:00:00,2022-10-01 10:00:00,26.0,55.7,44.444925,26.127289
2022-10-01 10:00:00,2022-10-01 11:00:00,29.22,60.7,44.444925,26.127289
2022-10-01 11:00:00,2022-10-01 12:00:00,34.49,68.25,44.444925,26.127289
2022-10-01 13:00:00,2022-10-01 14:00:00,25.13,35.05,44.444925,26.127289
2022-10-01 14:00:00,2022-10-01 15:00:00,23.6,40.19,44.444925,26.127289
2022-10-01 15:00:00,2022-10-01 16:00:00,17.66,25.81,44.444925,26.127289
2022-10-01 16:00:00,2022-10-01 17:00:00,19.54,38.06,44.444925,26.127289
2022-10-01 17:00:00,2022-10-01 18:00:00,25.95,52.68,44.444925,26.127289
2022-10-01 18:00:00,2022-10-01 19:00:00,32.05,63.02,44.444925,26.127289
2022-10-01 19:00:00,2022-10-01 20:00:00,30.81,36.55,44.444925,26.127289
2022-10-01 20:00:00,2022-10-01 21:00:00,23.94,34.6,44.444925,26.127289
2022-10-01 21:00:00,2022-10-01 22:00:00,23.98,35.64,44.444925,26.127289
2022-10-01 22:00:00,2022-10-01 23:00:00,19.52,24.78,44.444925,26.127289
2022-10-01 23:00:00,2022-10-02 00:00:00,18.58,17.31,44.444925,26.127289
2022-10-02 00:00:00,2022-10-02 01:00:00,17.76,14.06,44.444925,26.127289
2022-10-02 01:00:00,2022-10-02 02:00:00,17.87,19.12,44.444925,26.127289
2022-10-02 02:00:00,2022-10-02 03:00:00,15.19,10.88,44.444925,26.127289
2022-10-02 03:00:00,2022-10-02 04:00:00,14.89,11.57,44.444925,26.127289
2022-10-02 04:00:00,2022-10-02 05:00:00,18.89,10.22,44.444925,26.127289
2022-10-02 05:00:00,2022-10-02 06:00:00,17.29,12.06,44.444925,26.127289
2022-10-02 06:00:00,2022-10-02 07:00:00,14.23,12.99,44.444925,26.127289
2022-10-02 07:00:00,2022-10-02 08:00:00,13.68,14.41,44.444925,26.127289
2022-10-02 08:00:00,2022-10-02 09:00:00,13.74,14.61,44.444925,26.127289
2022-10-02 09:00:00,2022-10-02 10:00:00,11.74,13.11,44.444925,26.127289
2022-10-02 10:00:00,2022-10-02 11:00:00,8.97,13.03,44.444925,26.127289
2022-10-02 11:00:00,2022-10-02 12:00:00,8.48,12.28,44.444925,26.127289
2022-10-02 12:00:00,2022-10-02 13:00:00,9.84,13.45,44.444925,26.127289
2022-10-02 14:00:00,2022-10-02 15:00:00,11.1,17.95,44.444925,26.127289
2022-10-02 15:00:00,2022-10-02 16:00:00,9.67,14.81,44.444925,26.127289
2022-10-02 16:00:00,2022-10-02 17:00:00,8.19,14.08,44.444925,26.127289
2022-10-02 17:00:00,2022-10-02 18:00:00,8.58,20.51,44.444925,26.127289
2022-10-02 18:00:00,2022-10-02 19:00:00,9.18,27.32,44.444925,26.127289
2022-10-02 19:00:00,2022-10-02 20:00:00,10.88,38.16,44.444925,26.127289
2022-10-02 20:00:00,2022-10-02 21:00:00,11.57,41.19,44.444925,26.127289
2022-10-02 21:00:00,2022-10-02 22:00:00,10.24,32.95,44.444925,26.127289
2022-10-02 22:00:00,2022-10-02 23:00:00,9.45,28.15,44.444925,26.127289
2022-10-02 23:00:00,2022-10-03 00:00:00,6.95,23.67,44.444925,26.127289
2022-10-03 00:00:00,2022-10-03 01:00:00,8.43,20.2,44.444925,26.127289
2022-10-03 01:00:00,2022-10-03 02:00:00,7.72,18.11,44.444925,26.127289
2022-10-03 02:00:00,2022-10-03 03:00:00,7.07,15.41,44.444925,26.127289
2022-10-03 03:00:00,2022-10-03 04:00:00,7.56,21.4,44.444925,26.127289
2022-10-03 04:00:00,2022-10-03 05:00:00,8.54,27.73,44.444925,26.127289
2022-10-03 05:00:00,2022-10-03 06:00:00,10.51,41.12,44.444925,26.127289
2022-10-03 06:00:00,2022-10-03 07:00:00,13.25,48.6,44.444925,26.127289
2022-10-03 07:00:00,2022-10-03 08:00:00,15.91,54.22,44.444925,26.127289
2022-10-03 08:00:00,2022-10-03 09:00:00,21.81,50.28,44.444925,26.127289
2022-10-03 09:00:00,2022-10-03 10:00:00,19.64,37.38,44.444925,26.127289
2022-10-03 10:00:00,2022-10-03 11:00:00,14.91,25.51,44.444925,26.127289
2022-10-03 11:00:00,2022-10-03 12:00:00,12.04,19.7,44.444925,26.127289
2022-10-03 12:00:00,2022-10-03 13:00:00,9.66,19.51,44.444925,26.127289
2022-10-03 13:00:00,2022-10-03 14:00:00,11.94,18.97,44.444925,26.127289
2022-10-03 15:00:00,2022-10-03 16:00:00,14.38,60.52,44.444925,26.127289
2022-10-03 16:00:00,2022-10-03 17:00:00,12.38,57.06,44.444925,26.127289
2022-10-03 17:00:00,2022-10-03 18:00:00,20.36,80.35,44.444925,26.127289
2022-10-03 18:00:00,2022-10-03 19:00:00,27.04,76.19,44.444925,26.127289
2022-10-03 19:00:00,2022-10-03 20:00:00,21.86,59.41,44.444925,26.127289
2022-10-03 20:00:00,2022-10-03 21:00:00,22.69,57.45,44.444925,26.127289
2022-10-03 21:00:00,2022-10-03 22:00:00,20.68,60.3,44.444925,26.127289
2022-10-03 22:00:00,2022-10-03 23:00:00,23.09,56.48,44.444925,26.127289
2022-10-03 23:00:00,2022-10-04 00:00:00,22.92,53.05,44.444925,26.127289
2022-10-04 00:00:00,2022-10-04 01:00:00,15.44,27.61,44.444925,26.127289
2022-10-04 01:00:00,2022-10-04 02:00:00,12.84,26.49,44.444925,26.127289
2022-10-04 02:00:00,2022-10-04 03:00:00,11.25,26.04,44.444925,26.127289
2022-10-04 03:00:00,2022-10-04 04:00:00,8.65,17.79,44.444925,26.127289
2022-10-04 04:00:00,2022-10-04 05:00:00,11.18,23.09,44.444925,26.127289
2022-10-04 05:00:00,2022-10-04 06:00:00,12.03,37.2,44.444925,26.127289
2022-10-04 06:00:00,2022-10-04 07:00:00,16.29,47.62,44.444925,26.127289
2022-10-04 07:00:00,2022-10-04 08:00:00,19.51,48.33,44.444925,26.127289
2022-10-04 08:00:00,2022-10-04 09:00:00,28.45,61.99,44.444925,26.127289
2022-10-04 09:00:00,2022-10-04 10:00:00,17.35,53.77,44.444925,26.127289
2022-10-04 10:00:00,2022-10-04 11:00:00,17.87,60.03,44.444925,26.127289
2022-10-04 11:00:00,2022-10-04 12:00:00,13.39,55.76,44.444925,26.127289
2022-10-04 12:00:00,2022-10-04 13:00:00,11.88,33.92,44.444925,26.127289
2022-10-04 13:00:00,2022-10-04 14:00:00,16.01,39.24,44.444925,26.127289
2022-10-04 14:00:00,2022-10-04 15:00:00,18.49,49.99,44.444925,26.127289
2022-10-04 16:00:00,2022-10-04 17:00:00,16.56,34.7,44.444925,26.127289
2022-10-04 17:00:00,2022-10-04 18:00:00,20.53,54.0,44.444925,26.127289
2022-10-04 18:00:00,2022-10-04 19:00:00,17.48,65.27,44.444925,26.127289
2022-10-04 19:00:00,2022-10-04 20:00:00,31.58,81.99,44.444925,26.127289
2022-10-04 20:00:00,2022-10-04 21:00:00,42.92,79.81,44.444925,26.127289
2022-10-04 21:00:00,2022-10-04 22:00:00,19.85,65.26,44.444925,26.127289
2022-10-04 22:00:00,2022-10-04 23:00:00,13.56,49.76,44.444925,26.127289
2022-10-04 23:00:00,2022-10-05 00:00:00,11.39,47.8,44.444925,26.127289
2022-10-05 00:00:00,2022-10-05 01:00:00,9.55,35.03,44.444925,26.127289
2022-10-05 01:00:00,2022-10-05 02:00:00,10.3,33.41,44.444925,26.127289
2022-10-05 02:00:00,2022-10-05 03:00:00,16.07,34.55,44.444925,26.127289
2022-10-05 03:00:00,2022-10-05 04:00:00,16.11,41.94,44.444925,26.127289
2022-10-05 04:00:00,2022-10-05 05:00:00,18.91,47.09,44.444925,26.127289
2022-10-05 05:00:00,2022-10-05 06:00:00,22.92,47.3,44.444925,26.127289
2022-10-05 06:00:00,2022-10-05 07:00:00,28.68,59.08,44.444925,26.127289
2022-10-05 07:00:00,2022-10-05 08:00:00,41.7,77.84,44.444925,26.127289
2022-10-05 08:00:00,2022-10-05 09:00:00,33.51,77.51,44.444925,26.127289
2022-10-05 09:00:00,2022-10-05 10:00:00,20.06,64.29,44.444925,26.127289
2022-10-05 10:00:00,2022-10-05 11:00:00,17.04,49.78,44.444925,26.127289
2022-10-05 11:00:00,2022-10-05 12:00:00,14.98,39.83,44.444925,26.127289
2022-10-05 12:00:00,2022-10-05 13:00:00,14.47,40.33,44.444925,26.127289
2022-10-05 13:00:00,2022-10-05 14:00:00,16.21,38.86,44.444925,26.127289
2022-10-05 14:00:00,2022-10-05 15:00:00,18.67,48.39,44.444925,26.127289
2022-10-05 15:00:00,2022-10-05 16:00:00,20.07,41.88,44.444925,26.127289
2022-10-05 17:00:00,2022-10-05 18:00:00,18.05,59.76,44.444925,26.127289
2022-10-05 18:00:00,2022-10-05 19:00:00,22.1,66.02,44.444925,26.127289
2022-10-05 19:00:00,2022-10-05 20:00:00,43.5,78.23,44.444925,26.127289
2022-10-05 20:00:00,2022-10-05 21:00:00,39.09,74.89,44.444925,26.127289
2022-10-05 21:00:00,2022-10-05 22:00:00,29.97,72.28,44.444925,26.127289
2022-10-05 22:00:00,2022-10-05 23:00:00,21.49,61.91,44.444925,26.127289
2022-10-05 23:00:00,2022-10-06 00:00:00,17.83,48.31,44.444925,26.127289
2022-10-06 00:00:00,2022-10-06 01:00:00,16.31,40.12,44.444925,26.127289
2022-10-06 01:00:00,2022-10-06 02:00:00,19.08,39.52,44.444925,26.127289
2022-10-06 02:00:00,2022-10-06 03:00:00,20.98,44.38,44.444925,26.127289
2022-10-06 03:00:00,2022-10-06 04:00:00,20.53,30.21,44.444925,26.127289
2022-10-06 04:00:00,2022-10-06 05:00:00,20.45,32.42,44.444925,26.127289
2022-10-06 05:00:00,2022-10-06 06:00:00,21.77,46.68,44.444925,26.127289
2022-10-06 06:00:00,2022-10-06 07:00:00,27.58,52.9,44.444925,26.127289
2022-10-06 07:00:00,2022-10-06 08:00:00,33.38,47.26,44.444925,26.127289
2022-10-06 08:00:00,2022-10-06 09:00:00,38.13,47.65,44.444925,26.127289
2022-10-06 09:00:00,2022-10-06 10:00:00,28.9,35.22,44.444925,26.127289
2022-10-06 10:00:00,2022-10-06 11:00:00,21.91,28.98,44.444925,26.127289
2022-10-06 11:00:00,2022-10-06 12:00:00,16.12,29.42,44.444925,26.127289
2022-10-06 12:00:00,2022-10-06 13:00:00,16.98,28.23,44.444925,26.127289
2022-10-06 13:00:00,2022-10-06 14:00:00,16.17,27.96,44.444925,26.127289
2022-10-06 14:00:00,2022-10-06 15:00:00,16.85,27.27,44.444925,26.127289
2022-10-06 15:00:00,2022-10-06 16:00:00,21.5,32.43,44.444925,26.127289
2022-10-06 16:00:00,2022-10-06 17:00:00,20.36,43.44,44.444925,26.127289
2022-10-06 18:00:00,2022-10-06 19:00:00,34.51,102.28,44.444925,26.127289
2022-10-06 19:00:00,2022-10-06 20:00:00,54.1,114.8,44.444925,26.127289
2022-10-06 20:00:00,2022-10-06 21:00:00,51.24,109.24,44.444925,26.127289
2022-10-06 21:00:00,2022-10-06 22:00:00,54.72,102.07,44.444925,26.127289
2022-10-06 22:00:00,2022-10-06 23:00:00,51.68,100.74,44.444925,26.127289
2022-10-06 23:00:00,2022-10-07 00:00:00,42.07,74.46,44.444925,26.127289
2022-10-07 00:00:00,2022-10-07 01:00:00,35.87,52.06,44.444925,26.127289
2022-10-07 01:00:00,2022-10-07 02:00:00,31.72,41.85,44.444925,26.127289
2022-10-07 02:00:00,2022-10-07 03:00:00,22.24,36.53,44.444925,26.127289
2022-10-07 03:00:00,2022-10-07 04:00:00,19.68,29.67,44.444925,26.127289
2022-10-07 04:00:00,2022-10-07 05:00:00,18.19,31.16,44.444925,26.127289
2022-10-07 05:00:00,2022-10-07 06:00:00,18.6,47.79,44.444925,26.127289
2022-10-07 06:00:00,2022-10-07 07:00:00,24.66,60.53,44.444925,26.127289
2022-10-07 07:00:00,2022-10-07 08:00:00,27.97,65.16,44.444925,26.127289
2022-10-07 08:00:00,2022-10-07 09:00:00,29.01,59.17,44.444925,26.127289
2022-10-07 09:00:00,2022-10-07 10:00:00,34.53,63.04,44.444925,26.127289
2022-10-07 10:00:00,2022-10-07 11:00:00,31.17,52.64,44.444925,26.127289
2022-10-07 11:00:00,2022-10-07 12:00:00,30.42,70.31,44.444925,26.127289
2022-10-07 12:00:00,2022-10-07 13:00:00,28.31,60.73,44.444925,26.127289
2022-10-07 13:00:00,2022-10-07 14:00:00,30.29,62.5,44.444925,26.127289
2022-10-07 14:00:00,2022-10-07 15:00:00,33.26,76.67,44.444925,26.127289
2022-10-07 15:00:00,2022-10-07 16:00:00,29.58,76.35,44.444925,26.127289
2022-10-07 16:00:00,2022-10-07 17:00:00,29.4,75.26,44.444925,26.127289
2022-10-07 17:00:00,2022-10-07 18:00:00,31.12,78.63,44.444925,26.127289
2022-10-07 19:00:00,2022-10-07 20:00:00,34.97,71.9,44.444925,26.127289
2022-10-07 20:00:00,2022-10-07 21:00:00,39.14,77.64,44.444925,26.127289
2022-10-07 21:00:00,2022-10-07 22:00:00,33.96,75.03,44.444925,26.127289
2022-10-07 22:00:00,2022-10-07 23:00:00,28.03,65.03,44.444925,26.127289
2022-10-07 23:00:00,2022-10-08 00:00:00,23.02,56.93,44.444925,26.127289
2022-10-08 00:00:00,2022-10-08 01:00:00,21.98,45.55,44.444925,26.127289
2022-10-08 01:00:00,2022-10-08 02:00:00,24.75,38.22,44.444925,26.127289
2022-10-08 02:00:00,2022-10-08 03:00:00,22.42,35.46,44.444925,26.127289
2022-10-08 03:00:00,2022-10-08 04:00:00,20.74,36.9,44.444925,26.127289
2022-10-08 04:00:00,2022-10-08 05:00:00,20.99,35.23,44.444925,26.127289
2022-10-08 05:00:00,2022-10-08 06:00:00,22.33,41.08,44.444925,26.127289
2022-10-08 06:00:00,2022-10-08 07:00:00,24.84,46.43,44.444925,26.127289
2022-10-08 07:00:00,2022-10-08 08:00:00,28.12,48.21,44.444925,26.127289
2022-10-08 08:00:00,2022-10-08 09:00:00,29.64,44.37,44.444925,26.127289
2022-10-08 09:00:00,2022-10-08 10:00:00,29.23,47.32,44.444925,26.127289
2022-10-08 10:00:00,2022-10-08 11:00:00,34.37,35.11,44.444925,26.127289
2022-10-08 11:00:00,2022-10-08 12:00:00,30.57,29.81,44.444925,26.127289
2022-10-08 12:00:00,2022-10-08 13:00:00,22.13,32.84,44.444925,26.127289
2022-10-08 13:00:00,2022-10-08 14:00:00,20.06,32.77,44.444925,26.127289
2022-10-08 14:00:00,2022-10-08 15:00:00,22.21,36.19,44.444925,26.127289
2022-10-08 15:00:00,2022-10-08 16:00:00,20.47,30.68,44.444925,26.127289
2022-10-08 16:00:00,2022-10-08 17:00:00,27.1,34.3,44.444925,26.127289
2022-10-08 17:00:00,2022-10-08 18:00:00,32.46,75.95,44.444925,26.127289
2022-10-08 18:00:00,2022-10-08 19:00:00,47.13,104.93,44.444925,26.127289
2022-10-08 20:00:00,2022-10-08 21:00:00,87.65,120.43,44.444925,26.127289
2022-10-08 21:00:00,2022-10-08 22:00:00,61.36,107.31,44.444925,26.127289
2022-10-08 22:00:00,2022-10-08 23:00:00,57.81,105.74,44.444925,26.127289
2022-10-08 23:00:00,2022-10-09 00:00:00,57.19,95.08,44.444925,26.127289
2022-10-09 00:00:00,2022-10-09 01:00:00,61.85,88.79,44.444925,26.127289
2022-10-09 01:00:00,2022-10-09 02:00:00,60.4,94.7,44.444925,26.127289
2022-10-09 02:00:00,2022-10-09 03:00:00,57.96,72.47,44.444925,26.127289
2022-10-09 03:00:00,2022-10-09 04:00:00,39.49,56.27,44.444925,26.127289
2022-10-09 04:00:00,2022-10-09 05:00:00,39.32,58.01,44.444925,26.127289
2022-10-09 05:00:00,2022-10-09 06:00:00,37.66,51.84,44.444925,26.127289
2022-10-09 06:00:00,2022-10-09 07:00:00,35.53,42.23,44.444925,26.127289
2022-10-09 07:00:00,2022-10-09 08:00:00,30.92,35.34,44.444925,26.127289
2022-10-09 08:00:00,2022-10-09 09:00:00,26.09,28.12,44.444925,26.127289
2022-10-09 09:00:00,2022-10-09 10:00:00,28.17,32.48,44.444925,26.127289
2022-10-09 10:00:00,2022-10-09 11:00:00,26.41,19.2,44.444925,26.127289
2022-10-09 11:00:00,2022-10-09 12:00:00,26.59,13.24,44.444925,26.127289
2022-10-09 12:00:00,2022-10-09 13:00:00,25.53,15.35,44.444925,26.127289
2022-10-09 13:00:00,2022-10-09 14:00:00,21.67,17.39,44.444925,26.127289
2022-10-09 14:00:00,2022-10-09 15:00:00,20.93,25.77,44.444925,26.127289
2022-10-09 15:00:00,2022-10-09 16:00:00,22.21,40.63,44.444925,26.127289
2022-10-09 16:00:00,2022-10-09 17:00:00,24.75,55.76,44.444925,26.127289
2022-10-09 17:00:00,2022-10-09 18:00:00,34.22,86.38,44.444925,26.127289
2022-10-09 18:00:00,2022-10-09 19:00:00,39.42,105.4,44.444925,26.127289
2022-10-09 19:00:00,2022-10-09 20:00:00,34.19,81.21,44.444925,26.127289
2022-10-09 21:00:00,2022-10-09 22:00:00,38.21,36.18,44.444925,26.127289
2022-10-09 22:00:00,2022-10-09 23:00:00,25.73,26.63,44.444925,26.127289
2022-10-09 23:00:00,2022-10-10 00:00:00,23.17,21.44,44.444925,26.127289
2022-10-10 00:00:00,2022-10-10 01:00:00,21.76,17.75,44.444925,26.127289
2022-10-10 01:00:00,2022-10-10 02:00:00,18.92,14.41,44.444925,26.127289
2022-10-10 02:00:00,2022-10-10 03:00:00,14.08,12.27,44.444925,26.127289
2022-10-10 03:00:00,2022-10-10 04:00:00,12.51,13.48,44.444925,26.127289
2022-10-10 04:00:00,2022-10-10 05:00:00,13.24,14.59,44.444925,26.127289
2022-10-10 05:00:00,2022-10-10 06:00:00,13.18,23.8,44.444925,26.127289
2022-10-10 06:00:00,2022-10-10 07:00:00,15.59,39.34,44.444925,26.127289
2022-10-10 07:00:00,2022-10-10 08:00:00,16.6,48.68,44.444925,26.127289
2022-10-10 08:00:00,2022-10-10 09:00:00,19.06,44.69,44.444925,26.127289
2022-10-10 09:00:00,2022-10-10 10:00:00,19.47,44.17,44.444925,26.127289
2022-10-10 10:00:00,2022-10-10 11:00:00,18.25,39.36,44.444925,26.127289
2022-10-10 11:00:00,2022-10-10 12:00:00,20.05,41.63,44.444925,26.127289
2022-10-10 12:00:00,2022-10-10 13:00:00,21.6,46.53,44.444925,26.127289
2022-10-10 13:00:00,2022-10-10 14:00:00,21.26,42.07,44.444925,26.127289
2022-10-10 14:00:00,2022-10-10 15:00:00,23.45,43.02,44.444925,26.127289
2022-10-10 15:00:00,2022-10-10 16:00:00,25.65,57.18,44.444925,26.127289
2022-10-10 16:00:00,2022-10-10 17:00:00,24.96,63.49,44.444925,26.127289
2022-10-10 17:00:00,2022-10-10 18:00:00,27.84,68.1,44.444925,26.127289
2022-10-10 18:00:00,2022-10-10 19:00:00,35.02,69.92,44.444925,26.127289
2022-10-10 19:00:00,2022-10-10 20:00:00,35.37,67.46,44.444925,26.127289
2022-10-10 20:00:00,2022-10-10 21:00:00,30.01,57.96,44.444925,26.127289
2022-10-10 22:00:00,2022-10-10 23:00:00,29.12,48.06,44.444925,26.127289
2022-10-10 23:00:00,2022-10-11 00:00:00,25.17,37.27,44.444925,26.127289
2022-10-11 00:00:00,2022-10-11 01:00:00,25.97,31.37,44.444925,26.127289
2022-10-11 01:00:00,2022-10-11 02:00:00,28.07,32.86,44.444925,26.127289
2022-10-11 02:00:00,2022-10-11 03:00:00,29.25,28.7,44.444925,26.127289
2022-10-11 03:00:00,2022-10-11 04:00:00,26.78,24.85,44.444925,26.127289
2022-10-11 04:00:00,2022-10-11 05:00:00,25.87,28.53,44.444925,26.127289
2022-10-11 05:00:00,2022-10-11 06:00:00,25.48,39.39,44.444925,26.127289
2022-10-11 06:00:00,2022-10-11 07:00:00,27.16,58.44,44.444925,26.127289
2022-10-11 07:00:00,2022-10-11 08:00:00,31.95,61.96,44.444925,26.127289
2022-10-11 08:00:00,2022-10-11 09:00:00,35.24,57.6,44.444925,26.127289
2022-10-11 09:00:00,2022-10-11 10:00:00,34.35,54.32,44.444925,26.127289
2022-10-11 10:00:00,2022-10-11 11:00:00,35.26,53.7,44.444925,26.127289
2022-10-11 11:00:00,2022-10-11 12:00:00,30.92,51.77,44.444925,26.127289
2022-10-11 12:00:00,2022-10-11 13:00:00,30.24,55.2,44.444925,26.127289
2022-10-11 13:00:00,2022-10-11 14:00:00,32.91,60.21,44.444925,26.127289
2022-10-11 14:00:00,2022-10-11 15:00:00,34.29,63.84,44.444925,26.127289
2022-10-11 15:00:00,2022-10-11 16:00:00,31.06,72.44,44.444925,26.127289
2022-10-11 16:00:00,2022-10-11 17:00:00,29.41,58.42,44.444925,26.127289
2022-10-11 17:00:00,2022-10-11 18:00:00,31.83,71.46,44.444925,26.127289
2022-10-11 18:00:00,2022-10-11 19:00:00,39.68,75.68,44.444925,26.127289
2022-10-11 19:00:00,2022-10-11 20:00:00,42.12,64.93,44.444925,26.127289
2022-10-11 20:00:00,2022-10-11 21:00:00,44.61,58.78,44.444925,26.127289
2022-10-11 21:00:00,2022-10-11 22:00:00,40.48,57.28,44.444925,26.127289
2022-10-11 23:00:00,2022-10-12 00:00:00,37.64,43.79,44.444925,26.127289
2022-10-12 00:00:00,2022-10-12 01:00:00,36.16,31.79,44.444925,26.127289
2022-10-12 01:00:00,2022-10-12 02:00:00,39.84,29.7,44.444925,26.127289
2022-10-12 02:00:00,2022-10-12 03:00:00,41.41,28.54,44.444925,26.127289
2022-10-12 03:00:00,2022-10-12 04:00:00,40.87,26.62,44.444925,26.127289
2022-10-12 04:00:00,2022-10-12 05:00:00,39.09,28.93,44.444925,26.127289
2022-10-12 05:00:00,2022-10-12 06:00:00,38.12,37.67,44.444925,26.127289
2022-10-12 06:00:00,2022-10-12 07:00:00,30.91,42.94,44.444925,26.127289
2022-10-12 07:00:00,2022-10-12 08:00:00,33.44,46.11,44.444925,26.127289
2022-10-12 08:00:00,2022-10-12 09:00:00,40.5,46.68,44.444925,26.127289
2022-10-12 09:00:00,2022-10-12 10:00:00,40.81,49.57,44.444925,26.127289
2022-10-12 10:00:00,2022-10-12 11:00:00,39.89,41.88,44.444925,26.127289
2022-10-12 11:00:00,2022-10-12 12:00:00,35.59,41.04,44.444925,26.127289
2022-10-12 12:00:00,2022-10-12 13:00:00,29.56,45.56,44.444925,26.127289
2022-10-12 13:00:00,2022-10-12 14:00:00,31.51,56.52,44.444925,26.127289
2022-10-12 14:00:00,2022-10-12 15:00:00,33.0,72.82,44.444925,26.127289
2022-10-12 15:00:00,2022-10-12 16:00:00,30.43,68.78,44.444925,26.127289
2022-10-12 16:00:00,2022-10-12 17:00:00,29.09,75.62,44.444925,26.127289
2022-10-12 17:00:00,2022-10-12 18:00:00,29.95,86.42,44.444925,26.127289
2022-10-12 18:00:00,2022-10-12 19:00:00,39.23,93.78,44.444925,26.127289
2022-10-12 19:00:00,2022-10-12 20:00:00,51.78,90.86,44.444925,26.127289
2022-10-12 20:00:00,2022-10-12 21:00:00,71.36,100.15,44.444925,26.127289
2022-10-12 21:00:00,2022-10-12 22:00:00,57.66,100.23,44.444925,26.127289
2022-10-12 22:00:00,2022-10-12 23:00:00,74.44,99.55,44.444925,26.127289
2022-10-13 00:00:00,2022-10-13 01:00:00,57.57,70.94,44.444925,26.127289
2022-10-13 01:00:00,2022-10-13 02:00:00,50.07,66.27,44.444925,26.127289
2022-10-13 02:00:00,2022-10-13 03:00:00,48.32,59.86,44.444925,26.127289
2022-10-13 03:00:00,2022-10-13 04:00:00,50.21,44.34,44.444925,26.127289
2022-10-13 04:00:00,2022-10-13 05:00:00,50.32,38.24,44.444925,26.127289
2022-10-13 05:00:00,2022-10-13 06:00:00,50.35,50.06,44.444925,26.127289
2022-10-13 06:00:00,2022-10-13 07:00:00,50.72,60.46,44.444925,26.127289
2022-10-13 07:00:00,2022-10-13 08:00:00,49.67,59.06,44.444925,26.127289
2022-10-13 08:00:00,2022-10-13 09:00:00,50.13,56.51,44.444925,26.127289
2022-10-13 09:00:00,2022-10-13 10:00:00,48.68,57.89,44.444925,26.127289
2022-10-13 10:00:00,2022-10-13 11:00:00,45.67,42.84,44.444925,26.127289
2022-10-13 11:00:00,2022-10-13 12:00:00,38.36,51.66,44.444925,26.127289
2022-10-13 12:00:00,2022-10-13 13:00:00,32.97,56.74,44.444925,26.127289
2022-10-13 13:00:00,2022-10-13 14:00:00,27.53,51.21,44.444925,26.127289
2022-10-13 14:00:00,2022-10-13 15:00:00,28.74,66.73,44.444925,26.127289
2022-10-13 15:00:00,2022-10-13 16:00:00,29.12,66.35,44.444925,26.127289
2022-10-13 16:00:00,2022-10-13 17:00:00,29.45,71.42,44.444925,26.127289
2022-10-13 17:00:00,2022-10-13 18:00:00,37.9,79.85,44.444925,26.127289
2022-10-13 18:00:00,2022-10-13 19:00:00,43.62,102.37,44.444925,26.127289
2022-10-13 19:00:00,2022-10-13 20:00:00,48.84,95.87,44.444925,26.127289
2022-10-13 20:00:00,2022-10-13 21:00:00,54.18,75.94,44.444925,26.127289
2022-10-13 21:00:00,2022-10-13 22:00:00,48.02,51.07,44.444925,26.127289
2022-10-13 22:00:00,2022-10-13 23:00:00,38.92,38.3,44.444925,26.127289
2022-10-13 23:00:00,2022-10-14 00:00:00,37.76,36.04,44.444925,26.127289
2022-10-14 01:00:00,2022-10-14 02:00:00,33.42,29.65,44.444925,26.127289
2022-10-14 02:00:00,2022-10-14 03:00:00,32.58,27.42,44.444925,26.127289
2022-10-14 03:00:00,2022-10-14 04:00:00,33.7,21.22,44.444925,26.127289
2022-10-14 04:00:00,2022-10-14 05:00:00,32.9,25.17,44.444925,26.127289
2022-10-14 05:00:00,2022-10-14 06:00:00,30.63,35.93,44.444925,26.127289
2022-10-14 06:00:00,2022-10-14 07:00:00,30.64,46.91,44.444925,26.127289
2022-10-14 07:00:00,2022-10-14 08:00:00,46.73,54.45,44.444925,26.127289
2022-10-14 08:00:00,2022-10-14 09:00:00,44.26,49.38,44.444925,26.127289
2022-10-14 09:00:00,2022-10-14 10:00:00,31.17,45.95,44.444925,26.127289
2022-10-14 10:00:00,2022-10-14 11:00:00,26.53,52.11,44.444925,26.127289
2022-10-14 11:00:00,2022-10-14 12:00:00,24.75,54.34,44.444925,26.127289
2022-10-14 12:00:00,2022-10-14 13:00:00,26.36,54.11,44.444925,26.127289
2022-10-14 13:00:00,2022-10-14 14:00:00,28.68,53.75,44.444925,26.127289
2022-10-14 14:00:00,2022-10-14 15:00:00,32.58,57.23,44.444925,26.127289
2022-10-14 15:00:00,2022-10-14 16:00:00,35.06,68.13,44.444925,26.127289
2022-10-14 16:00:00,2022-10-14 17:00:00,34.96,77.82,44.444925,26.127289
2022-10-14 17:00:00,2022-10-14 18:00:00,33.73,63.16,44.444925,26.127289
2022-10-14 18:00:00,2022-10-14 19:00:00,39.85,58.81,44.444925,26.127289
2022-10-14 19:00:00,2022-10-14 20:00:00,50.1,55.3,44.444925,26.127289
2022-10-14 20:00:00,2022-10-14 21:00:00,45.21,51.51,44.444925,26.127289
2022-10-14 21:00:00,2022-10-14 22:00:00,21.79,42.25,44.444925,26.127289
2022-10-14 22:00:00,2022-10-14 23:00:00,15.92,37.79,44.444925,26.127289
2022-10-14 23:00:00,2022-10-15 00:00:00,14.43,38.0,44.444925,26.127289
2022-10-15 00:00:00,2022-10-15 01:00:00,14.56,35.0,44.444925,26.127289
2022-10-15 02:00:00,2022-10-15 03:00:00,18.34,36.25,44.444925,26.127289
2022-10-15 03:00:00,2022-10-15 04:00:00,17.98,27.83,44.444925,26.127289
2022-10-15 04:00:00,2022-10-15 05:00:00,17.15,30.13,44.444925,26.127289
2022-10-15 05:00:00,2022-10-15 06:00:00,20.65,41.17,44.444925,26.127289
2022-10-15 06:00:00,2022-10-15 07:00:00,25.05,51.58,44.444925,26.127289
2022-10-15 07:00:00,2022-10-15 08:00:00,28.43,50.24,44.444925,26.127289
2022-10-15 08:00:00,2022-10-15 09:00:00,29.52,54.59,44.444925,26.127289
2022-10-15 09:00:00,2022-10-15 10:00:00,26.19,46.91,44.444925,26.127289
2022-10-15 10:00:00,2022-10-15 11:00:00,26.67,37.18,44.444925,26.127289
2022-10-15 11:00:00,2022-10-15 12:00:00,26.74,31.66,44.444925,26.127289
2022-10-15 12:00:00,2022-10-15 13:00:00,30.64,30.33,44.444925,26.127289
2022-10-15 13:00:00,2022-10-15 14:00:00,29.82,25.38,44.444925,26.127289
2022-10-15 14:00:00,2022-10-15 15:00:00,28.85,26.14,44.444925,26.127289
2022-10-15 15:00:00,2022-10-15 16:00:00,30.19,30.77,44.444925,26.127289
2022-10-15 16:00:00,2022-10-15 17:00:00,29.1,39.06,44.444925,26.127289
2022-10-15 17:00:00,2022-10-15 18:00:00,39.63,73.83,44.444925,26.127289
2022-10-15 18:00:00,2022-10-15 19:00:00,54.82,80.35,44.444925,26.127289
2022-10-15 19:00:00,2022-10-15 20:00:00,72.45,94.1,44.444925,26.127289
2022-10-15 20:00:00,2022-10-15 21:00:00,79.96,94.83,44.444925,26.127289
2022-10-15 21:00:00,2022-10-15 22:00:00,69.26,80.13,44.444925,26.127289
2022-10-15 22:00:00,2022-10-15 23:00:00,55.78,71.98,44.444925,26.127289
2022-10-15 23:00:00,2022-10-16 00:00:00,51.96,66.96,44.444925,26.127289
2022-10-16 00:00:00,2022-10-16 01:00:00,61.09,57.19,44.444925,26.127289
2022-10-16 01:00:00,2022-10-16 02:00:00,57.13,44.25,44.444925,26.127289
2022-10-16 03:00:00,2022-10-16 04:00:00,46.6,30.05,44.444925,26.127289
2022-10-16 04:00:00,2022-10-16 05:00:00,43.45,29.95,44.444925,26.127289
2022-10-16 05:00:00,2022-10-16 06:00:00,32.67,35.07,44.444925,26.127289
2022-10-16 06:00:00,2022-10-16 07:00:00,29.89,37.78,44.444925,26.127289
2022-10-16 07:00:00,2022-10-16 08:00:00,27.06,35.87,44.444925,26.127289
2022-10-16 08:00:00,2022-10-16 09:00:00,27.5,37.94,44.444925,26.127289
2022-10-16 09:00:00,2022-10-16 10:00:00,28.53,39.17,44.444925,26.127289
2022-10-16 10:00:00,2022-10-16 11:00:00,31.26,31.04,44.444925,26.127289
2022-10-16 11:00:00,2022-10-16 12:00:00,33.74,19.19,44.444925,26.127289
2022-10-16 12:00:00,2022-10-16 13:00:00,39.77,21.17,44.444925,26.127289
2022-10-16 13:00:00,2022-10-16 14:00:00,34.65,16.53,44.444925,26.127289
2022-10-16 14:00:00,2022-10-16 15:00:00,33.92,17.86,44.444925,26.127289
2022-10-16 15:00:00,2022-10-16 16:00:00,31.99,22.11,44.444925,26.127289
2022-10-16 16:00:00,2022-10-16 17:00:00,30.74,47.44,44.444925,26.127289
2022-10-16 17:00:00,2022-10-16 18:00:00,35.33,81.58,44.444925,26.127289
2022-10-16 18:00:00,2022-10-16 19:00:00,54.37,95.58,44.444925,26.127289
2022-10-16 19:00:00,2022-10-16 20:00:00,61.05,89.04,44.444925,26.127289
2022-10-16 20:00:00,2022-10-16 21:00:00,56.37,86.06,44.444925,26.127289
2022-10-16 21:00:00,2022-10-16 22:00:00,41.42,75.93,44.444925,26.127289
2022-10-16 22:00:00,2022-10-16 23:00:00,32.07,63.41,44.444925,26.127289
2022-10-16 23:00:00,2022-10-17 00:00:00,34.36,59.07,44.444925,26.127289
2022-10-17 00:00:00,2022-10-17 01:00:00,45.71,43.07,44.444925,26.127289
2022-10-17 01:00:00,2022-10-17 02:00:00,43.03,37.1,44.444925,26.127289
2022-10-17 02:00:00,2022-10-17 03:00:00,36.45,29.21,44.444925,26.127289
2022-10-17 04:00:00,2022-10-17 05:00:00,30.0,39.7,44.444925,26.127289
2022-10-17 05:00:00,2022-10-17 06:00:00,35.04,55.55,44.444925,26.127289
2022-10-17 06:00:00,2022-10-17 07:00:00,39.63,59.22,44.444925,26.127289
2022-10-17 07:00:00,2022-10-17 08:00:00,42.19,70.12,44.444925,26.127289
2022-10-17 08:00:00,2022-10-17 09:00:00,47.53,78.84,44.444925,26.127289
2022-10-17 09:00:00,2022-10-17 10:00:00,36.86,74.5,44.444925,26.127289
2022-10-17 10:00:00,2022-10-17 11:00:00,34.59,66.51,44.444925,26.127289
2022-10-17 11:00:00,2022-10-17 12:00:00,27.65,52.21,44.444925,26.127289
2022-10-17 12:00:00,2022-10-17 13:00:00,24.57,36.73,44.444925,26.127289
2022-10-17 13:00:00,2022-10-17 14:00:00,33.85,59.91,44.444925,26.127289
2022-10-17 14:00:00,2022-10-17 15:00:00,31.09,53.38,44.444925,26.127289
2022-10-17 15:00:00,2022-10-17 16:00:00,35.4,54.72,44.444925,26.127289
2022-10-17 16:00:00,2022-10-17 17:00:00,32.41,63.97,44.444925,26.127289
2022-10-17 17:00:00,2022-10-17 18:00:00,43.99,113.0,44.444925,26.127289
2022-10-17 18:00:00,2022-10-17 19:00:00,66.7,130.21,44.444925,26.127289
2022-10-17 19:00:00,2022-10-17 20:00:00,93.18,127.06,44.444925,26.127289
2022-10-17 20:00:00,2022-10-17 21:00:00,105.53,126.32,44.444925,26.127289
2022-10-17 21:00:00,2022-10-17 22:00:00,109.8,125.43,44.444925,26.127289
2022-10-17 22:00:00,2022-10-17 23:00:00,108.99,110.6,44.444925,26.127289
2022-10-17 23:00:00,2022-10-18 00:00:00,112.72,107.4,44.444925,26.127289
2022-10-18 00:00:00,2022-10-18 01:00:00,109.86,103.37,44.444925,26.127289
2022-10-18 01:00:00,2022-10-18 02:00:00,96.47,92.62,44.444925,26.127289
2022-10-18 02:00:00,2022-10-18 03:00:00,82.61,80.64,44.444925,26.127289
2022-10-18 03:00:00,2022-10-18 04:00:00,68.43,72.34,44.444925,26.127289
2022-10-18 05:00:00,2022-10-18 06:00:00,69.51,78.74,44.444925,26.127289
2022-10-18 06:00:00,2022-10-18 07:00:00,79.49,86.27,44.444925,26.127289
2022-10-18 07:00:00,2022-10-18 08:00:00,84.47,87.13,44.444925,26.127289
2022-10-18 08:00:00,2022-10-18 09:00:00,94.36,101.31,44.444925,26.127289
2022-10-18 09:00:00,2022-10-18 10:00:00,77.24,100.65,44.444925,26.127289
2022-10-18 10:00:00,2022-10-18 11:00:00,79.43,104.6,44.444925,26.127289
2022-10-18 11:00:00,2022-10-18 12:00:00,63.87,90.49,44.444925,26.127289
2022-10-18 12:00:00,2022-10-18 13:00:00,46.96,79.77,44.444925,26.127289
2022-10-18 13:00:00,2022-10-18 14:00:00,45.72,67.46,44.444925,26.127289
2022-10-18 14:00:00,2022-10-18 15:00:00,44.23,79.91,44.444925,26.127289
2022-10-18 15:00:00,2022-10-18 16:00:00,42.37,91.71,44.444925,26.127289
2022-10-18 16:00:00,2022-10-18 17:00:00,40.94,105.15,44.444925,26.127289
2022-10-18 17:00:00,2022-10-18 18:00:00,48.76,121.47,44.444925,26.127289
2022-10-18 18:00:00,2022-10-18 19:00:00,60.49,130.72,44.444925,26.127289
2022-10-18 19:00:00,2022-10-18 20:00:00,83.19,133.39,44.444925,26.127289
2022-10-18 20:00:00,2022-10-18 21:00:00,101.54,137.39,44.444925,26.127289
2022-10-18 21:00:00,2022-10-18 22:00:00,104.26,144.36,44.444925,26.127289
2022-10-18 22:00:00,2022-10-18 23:00:00,132.37,128.86,44.444925,26.127289
2022-10-19 23:00:00,2022-10-20 00:00:00,25.41,36.7,44.444925,26.127289
2022-10-20 00:00:00,2022-10-20 01:00:00,16.11,25.92,44.444925,26.127289
2022-10-20 01:00:00,2022-10-20 02:00:00,12.68,18.93,44.444925,26.127289
2022-10-20 02:00:00,2022-10-20 03:00:00,13.36,16.1,44.444925,26.127289
2022-10-20 03:00:00,2022-10-20 04:00:00,14.25,19.32,44.444925,26.127289
2022-10-20 04:00:00,2022-10-20 05:00:00,14.41,22.98,44.444925,26.127289
2022-10-20 05:00:00,2022-10-20 06:00:00,16.6,43.03,44.444925,26.127289
2022-10-20 07:00:00,2022-10-20 08:00:00,21.32,64.86,44.444925,26.127289
2022-10-20 08:00:00,2022-10-20 09:00:00,21.32,58.47,44.444925,26.127289
2022-10-20 09:00:00,2022-10-20 10:00:00,22.19,44.47,44.444925,26.127289
2022-10-20 10:00:00,2022-10-20 11:00:00,26.33,48.37,44.444925,26.127289
2022-10-20 11:00:00,2022-10-20 12:00:00,27.01,46.82,44.444925,26.127289
2022-10-20 12:00:00,2022-10-20 13:00:00,29.25,36.07,44.444925,26.127289
2022-10-20 13:00:00,2022-10-20 14:00:00,34.37,46.92,44.444925,26.127289
2022-10-20 14:00:00,2022-10-20 15:00:00,33.87,45.02,44.444925,26.127289
2022-10-20 15:00:00,2022-10-20 16:00:00,37.24,57.54,44.444925,26.127289
2022-10-20 16:00:00,2022-10-20 17:00:00,37.23,68.8,44.444925,26.127289
2022-10-20 17:00:00,2022-10-20 18:00:00,39.8,74.9,44.444925,26.127289
2022-10-20 18:00:00,2022-10-20 19:00:00,44.42,66.18,44.444925,26.127289
2022-10-20 19:00:00,2022-10-20 20:00:00,43.41,63.86,44.444925,26.127289
2022-10-20 20:00:00,2022-10-20 21:00:00,48.72,67.75,44.444925,26.127289
2022-10-20 21:00:00,2022-10-20 22:00:00,37.15,49.03,44.444925,26.127289
2022-10-20 22:00:00,2022-10-20 23:00:00,21.2,28.01,44.444925,26.127289
2022-10-20 23:00:00,2022-10-21 00:00:00,15.08,28.21,44.444925,26.127289
2022-10-21 00:00:00,2022-10-21 01:00:00,15.06,21.08,44.444925,26.127289
2022-10-21 01:00:00,2022-10-21 02:00:00,17.12,16.26,44.444925,26.127289
2022-10-21 02:00:00,2022-10-21 03:00:00,18.07,16.05,44.444925,26.127289
2022-10-21 03:00:00,2022-10-21 04:00:00,17.79,16.46,44.444925,26.127289
2022-10-21 04:00:00,2022-10-21 05:00:00,18.56,23.07,44.444925,26.127289
2022-10-21 05:00:00,2022-10-21 06:00:00,21.07,35.45,44.444925,26.127289
2022-10-21 06:00:00,2022-10-21 07:00:00,25.53,59.31,44.444925,26.127289
2022-10-21 08:00:00,2022-10-21 09:00:00,35.09,52.82,44.444925,26.127289
2022-10-21 09:00:00,2022-10-21 10:00:00,32.99,48.31,44.444925,26.127289
2022-10-21 10:00:00,2022-10-21 11:00:00,29.73,45.13,44.444925,26.127289
2022-10-21 11:00:00,2022-10-21 12:00:00,26.48,42.19,44.444925,26.127289
2022-10-21 12:00:00,2022-10-21 13:00:00,26.13,50.5,44.444925,26.127289
2022-10-21 13:00:00,2022-10-21 14:00:00,26.04,50.44,44.444925,26.127289
2022-10-21 14:00:00,2022-10-21 15:00:00,27.88,58.95,44.444925,26.127289
2022-10-21 15:00:00,2022-10-21 16:00:00,31.57,70.14,44.444925,26.127289
2022-10-21 16:00:00,2022-10-21 17:00:00,31.72,72.02,44.444925,26.127289
2022-10-21 17:00:00,2022-10-21 18:00:00,36.47,87.55,44.444925,26.127289
2022-10-21 18:00:00,2022-10-21 19:00:00,45.59,95.96,44.444925,26.127289
2022-10-21 19:00:00,2022-10-21 20:00:00,64.53,108.61,44.444925,26.127289
2022-10-21 20:00:00,2022-10-21 21:00:00,58.11,93.21,44.444925,26.127289
2022-10-21 21:00:00,2022-10-21 22:00:00,66.54,96.01,44.444925,26.127289
2022-10-21 22:00:00,2022-10-21 23:00:00,78.79,107.44,44.444925,26.127289
2022-10-22 23:00:00,2022-10-23 00:00:00,38.53,38.24,44.444925,26.127289
2022-10-23 00:00:00,2022-10-23 01:00:00,33.71,35.69,44.444925,26.127289
2022-10-23 01:00:00,2022-10-23 02:00:00,32.1,38.36,44.444925,26.127289
2022-10-23 02:00:00,2022-10-23 03:00:00,33.07,27.45,44.444925,26.127289
2022-10-23 03:00:00,2022-10-23 04:00:00,34.1,24.99,44.444925,26.127289
2022-10-23 04:00:00,2022-10-23 05:00:00,33.65,21.18,44.444925,26.127289
2022-10-23 05:00:00,2022-10-23 06:00:00,34.74,18.7,44.444925,26.127289
2022-10-23 06:00:00,2022-10-23 07:00:00,37.26,19.57,44.444925,26.127289
2022-10-23 07:00:00,2022-10-23 08:00:00,38.73,21.49,44.444925,26.127289
2022-10-23 08:00:00,2022-10-23 09:00:00,37.39,25.98,44.444925,26.127289
2022-10-23 10:00:00,2022-10-23 11:00:00,28.04,22.38,44.444925,26.127289
2022-10-23 11:00:00,2022-10-23 12:00:00,20.56,21.89,44.444925,26.127289
2022-10-23 12:00:00,2022-10-23 13:00:00,17.56,25.32,44.444925,26.127289
2022-10-23 13:00:00,2022-10-23 14:00:00,20.26,25.39,44.444925,26.127289
2022-10-23 14:00:00,2022-10-23 15:00:00,15.04,21.62,44.444925,26.127289
2022-10-23 15:00:00,2022-10-23 16:00:00,16.92,38.34,44.444925,26.127289
2022-10-23 16:00:00,2022-10-23 17:00:00,28.6,68.47,44.444925,26.127289
2022-10-23 17:00:00,2022-10-23 18:00:00,44.35,109.34,44.444925,26.127289
2022-10-23 18:00:00,2022-10-23 19:00:00,21.3,55.16,44.444925,26.127289
2022-10-23 19:00:00,2022-10-23 20:00:00,24.61,65.28,44.444925,26.127289
2022-10-23 20:00:00,2022-10-23 21:00:00,26.29,70.48,44.444925,26.127289
2022-10-23 21:00:00,2022-10-23 22:00:00,33.87,81.7,44.444925,26.127289
2022-10-23 22:00:00,2022-10-23 23:00:00,33.7,67.0,44.444925,26.127289
2022-10-23 23:00:00,2022-10-24 00:00:00,32.07,61.36,44.444925,26.127289
2022-10-24 00:00:00,2022-10-24 01:00:00,27.53,65.99,44.444925,26.127289
2022-10-24 01:00:00,2022-10-24 02:00:00,31.47,65.13,44.444925,26.127289
2022-10-24 02:00:00,2022-10-24 03:00:00,28.86,61.88,44.444925,26.127289
2022-10-24 03:00:00,2022-10-24 04:00:00,30.39,56.36,44.444925,26.127289
2022-10-24 04:00:00,2022-10-24 05:00:00,24.58,56.65,44.444925,26.127289
2022-10-24 05:00:00,2022-10-24 06:00:00,20.32,54.87,44.444925,26.127289
2022-10-24 06:00:00,2022-10-24 07:00:00,22.1,61.26,44.444925,26.127289
2022-10-24 07:00:00,2022-10-24 08:00:00,29.07,69.3,44.444925,26.127289
2022-10-24 08:00:00,2022-10-24 09:00:00,32.34,66.68,44.444925,26.127289
2022-10-24 09:00:00,2022-10-24 10:00:00,33.46,65.65,44.444925,26.127289
2022-10-24 11:00:00,2022-10-24 12:00:00,40.74,60.63,44.444925,26.127289
2022-10-24 12:00:00,2022-10-24 13:00:00,36.28,60.29,44.444925,26.127289
2022-10-24 13:00:00,2022-10-24 14:00:00,32.43,43.79,44.444925,26.127289
2022-10-24 14:00:00,2022-10-24 15:00:00,28.15,43.83,44.444925,26.127289
2022-10-24 15:00:00,2022-10-24 16:00:00,25.23,35.33,44.444925,26.127289
2022-10-24 16:00:00,2022-10-24 17:00:00,26.19,60.15,44.444925,26.127289
2022-10-24 17:00:00,2022-10-24 18:00:00,46.28,106.94,44.444925,26.127289
2022-10-24 18:00:00,2022-10-24 19:00:00,58.67,113.31,44.444925,26.127289
2022-10-24 19:00:00,2022-10-24 20:00:00,89.4,107.86,44.444925,26.127289
2022-10-24 20:00:00,2022-10-24 21:00:00,68.13,92.54,44.444925,26.127289
2022-10-24 21:00:00,2022-10-24 22:00:00,73.78,96.78,44.444925,26.127289
2022-10-24 22:00:00,2022-10-24 23:00:00,63.43,100.04,44.444925,26.127289
2022-10-24 23:00:00,2022-10-25 00:00:00,35.64,71.42,44.444925,26.127289
2022-10-25 00:00:00,2022-10-25 01:00:00,34.98,68.43,44.444925,26.127289
2022-10-25 01:00:00,2022-10-25 02:00:00,31.38,58.43,44.444925,26.127289
2022-10-25 02:00:00,2022-10-25 03:00:00,34.7,46.53,44.444925,26.127289
2022-10-25 03:00:00,2022-10-25 04:00:00,38.15,58.7,44.444925,26.127289
2022-10-25 04:00:00,2022-10-25 05:00:00,42.35,60.62,44.444925,26.127289
2022-10-25 05:00:00,2022-10-25 06:00:00,49.12,70.02,44.444925,26.127289
2022-10-25 06:00:00,2022-10-25 07:00:00,57.9,77.24,44.444925,26.127289
2022-10-25 07:00:00,2022-10-25 08:00:00,62.5,74.55,44.444925,26.127289
2022-10-25 08:00:00,2022-10-25 09:00:00,61.3,68.83,44.444925,26.127289
2022-10-25 09:00:00,2022-10-25 10:00:00,55.63,60.08,44.444925,26.127289
2022-10-25 10:00:00,2022-10-25 11:00:00,55.68,54.09,44.444925,26.127289
2022-10-25 12:00:00,2022-10-25 13:00:00,36.17,33.51,44.444925,26.127289
2022-10-25 13:00:00,2022-10-25 14:00:00,39.2,26.81,44.444925,26.127289
2022-10-25 14:00:00,2022-10-25 15:00:00,47.74,28.36,44.444925,26.127289
2022-10-25 15:00:00,2022-10-25 16:00:00,48.73,28.06,44.444925,26.127289
2022-10-25 16:00:00,2022-10-25 17:00:00,68.43,40.54,44.444925,26.127289
2022-10-25 17:00:00,2022-10-25 18:00:00,52.33,71.25,44.444925,26.127289
2022-10-25 18:00:00,2022-10-25 19:00:00,56.88,58.98,44.444925,26.127289
2022-10-25 19:00:00,2022-10-25 20:00:00,50.53,66.56,44.444925,26.127289
2022-10-25 20:00:00,2022-10-25 21:00:00,45.79,56.66,44.444925,26.127289
2022-10-25 21:00:00,2022-10-25 22:00:00,45.62,52.17,44.444925,26.127289
2022-10-25 22:00:00,2022-10-25 23:00:00,47.34,55.12,44.444925,26.127289
2022-10-25 23:00:00,2022-10-26 00:00:00,50.78,61.18,44.444925,26.127289
2022-10-26 00:00:00,2022-10-26 01:00:00,45.43,61.82,44.444925,26.127289
2022-10-26 01:00:00,2022-10-26 02:00:00,34.23,51.28,44.444925,26.127289
2022-10-26 02:00:00,2022-10-26 03:00:00,38.06,47.69,44.444925,26.127289
2022-10-26 03:00:00,2022-10-26 04:00:00,38.17,36.92,44.444925,26.127289
2022-10-26 04:00:00,2022-10-26 05:00:00,36.89,37.28,44.444925,26.127289
2022-10-26 05:00:00,2022-10-26 06:00:00,37.08,51.89,44.444925,26.127289
2022-10-26 06:00:00,2022-10-26 07:00:00,41.25,70.69,44.444925,26.127289
2022-10-26 07:00:00,2022-10-26 08:00:00,47.0,74.71,44.444925,26.127289
2022-10-26 08:00:00,2022-10-26 09:00:00,45.71,64.01,44.444925,26.127289
2022-10-26 09:00:00,2022-10-26 10:00:00,40.13,39.28,44.444925,26.127289
2022-10-26 10:00:00,2022-10-26 11:00:00,29.96,41.1,44.444925,26.127289
2022-10-26 11:00:00,2022-10-26 12:00:00,29.44,39.44,44.444925,26.127289
2022-10-26 13:00:00,2022-10-26 14:00:00,26.11,38.53,44.444925,26.127289
2022-10-26 14:00:00,2022-10-26 15:00:00,27.49,37.81,44.444925,26.127289
2022-10-26 15:00:00,2022-10-26 16:00:00,23.87,48.16,44.444925,26.127289
2022-10-26 16:00:00,2022-10-26 17:00:00,29.57,75.22,44.444925,26.127289
2022-10-26 17:00:00,2022-10-26 18:00:00,42.52,97.56,44.444925,26.127289
2022-10-26 18:00:00,2022-10-26 19:00:00,63.12,115.0,44.444925,26.127289
2022-10-26 19:00:00,2022-10-26 20:00:00,65.66,110.91,44.444925,26.127289
2022-10-26 20:00:00,2022-10-26 21:00:00,75.15,112.34,44.444925,26.127289
2022-10-26 21:00:00,2022-10-26 22:00:00,61.68,93.17,44.444925,26.127289
2022-10-26 22:00:00,2022-10-26 23:00:00,34.64,70.66,44.444925,26.127289
2022-10-26 23:00:00,2022-10-27 00:00:00,21.6,54.0,44.444925,26.127289
2022-10-27 00:00:00,2022-10-27 01:00:00,16.05,40.91,44.444925,26.127289
2022-10-27 01:00:00,2022-10-27 02:00:00,15.79,39.6,44.444925,26.127289
2022-10-27 02:00:00,2022-10-27 03:00:00,14.28,33.48,44.444925,26.127289
2022-10-27 03:00:00,2022-10-27 04:00:00,13.94,30.92,44.444925,26.127289
2022-10-27 04:00:00,2022-10-27 05:00:00,15.09,29.78,44.444925,26.127289
2022-10-27 05:00:00,2022-10-27 06:00:00,18.49,49.07,44.444925,26.127289
2022-10-27 06:00:00,2022-10-27 07:00:00,24.21,66.97,44.444925,26.127289
2022-10-27 07:00:00,2022-10-27 08:00:00,29.7,70.91,44.444925,26.127289
2022-10-27 08:00:00,2022-10-27 09:00:00,32.22,73.35,44.444925,26.127289
2022-10-27 09:00:00,2022-10-27 10:00:00,32.56,69.98,44.444925,26.127289
2022-10-27 10:00:00,2022-10-27 11:00:00,36.08,60.67,44.444925,26.127289
2022-10-27 11:00:00,2022-10-27 12:00:00,27.26,62.98,44.444925,26.127289
2022-10-27 12:00:00,2022-10-27 13:00:00,24.22,61.05,44.444925,26.127289
2022-10-27 14:00:00,2022-10-27 15:00:00,23.86,53.01,44.444925,26.127289
2022-10-27 15:00:00,2022-10-27 16:00:00,24.43,57.96,44.444925,26.127289
2022-10-27 16:00:00,2022-10-27 17:00:00,26.7,60.61,44.444925,26.127289
2022-10-27 17:00:00,2022-10-27 18:00:00,34.87,91.89,44.444925,26.127289
2022-10-27 18:00:00,2022-10-27 19:00:00,69.61,126.73,44.444925,26.127289
2022-10-27 19:00:00,2022-10-27 20:00:00,85.09,134.57,44.444925,26.127289
2022-10-27 20:00:00,2022-10-27 21:00:00,97.92,129.38,44.444925,26.127289
2022-10-27 21:00:00,2022-10-27 22:00:00,121.55,107.04,44.444925,26.127289
2022-10-27 22:00:00,2022-10-27 23:00:00,96.22,109.43,44.444925,26.127289
2022-10-27 23:00:00,2022-10-28 00:00:00,67.34,96.95,44.444925,26.127289
2022-10-28 00:00:00,2022-10-28 01:00:00,69.16,97.64,44.444925,26.127289
2022-10-28 01:00:00,2022-10-28 02:00:00,74.88,95.58,44.444925,26.127289
2022-10-28 02:00:00,2022-10-28 03:00:00,55.32,80.86,44.444925,26.127289
2022-10-28 03:00:00,2022-10-28 04:00:00,40.53,54.33,44.444925,26.127289
2022-10-28 04:00:00,2022-10-28 05:00:00,32.56,44.12,44.444925,26.127289
2022-10-28 05:00:00,2022-10-28 06:00:00,28.56,43.47,44.444925,26.127289
2022-10-28 06:00:00,2022-10-28 07:00:00,30.47,59.39,44.444925,26.127289
2022-10-28 07:00:00,2022-10-28 08:00:00,34.08,58.35,44.444925,26.127289
2022-10-28 08:00:00,2022-10-28 09:00:00,38.65,55.4,44.444925,26.127289
2022-10-28 09:00:00,2022-10-28 10:00:00,41.39,50.82,44.444925,26.127289
2022-10-28 10:00:00,2022-10-28 11:00:00,42.12,51.74,44.444925,26.127289
2022-10-28 11:00:00,2022-10-28 12:00:00,42.29,53.31,44.444925,26.127289
2022-10-28 12:00:00,2022-10-28 13:00:00,37.72,44.3,44.444925,26.127289
2022-10-28 13:00:00,2022-10-28 14:00:00,42.58,60.2,44.444925,26.127289
2022-10-28 15:00:00,2022-10-28 16:00:00,29.42,50.11,44.444925,26.127289
2022-10-28 16:00:00,2022-10-28 17:00:00,42.06,67.82,44.444925,26.127289
2022-10-28 17:00:00,2022-10-28 18:00:00,44.9,110.37,44.444925,26.127289
2022-10-28 18:00:00,2022-10-28 19:00:00,63.61,139.76,44.444925,26.127289
2022-10-28 19:00:00,2022-10-28 20:00:00,93.58,165.85,44.444925,26.127289
2022-10-28 20:00:00,2022-10-28 21:00:00,91.29,141.55,44.444925,26.127289
2022-10-28 21:00:00,2022-10-28 22:00:00,96.91,139.48,44.444925,26.127289
2022-10-28 22:00:00,2022-10-28 23:00:00,108.28,130.08,44.444925,26.127289
2022-10-29 23:00:00,2022-10-30 00:00:00,46.94,61.7,44.444925,26.127289
2022-10-30 00:00:00,2022-10-30 01:00:00,44.02,57.07,44.444925,26.127289
2022-10-30 01:00:00,2022-10-30 02:00:00,36.04,45.57,44.444925,26.127289
2022-10-30 02:00:00,2022-10-30 03:00:00,37.34,33.17,44.444925,26.127289
2022-10-30 03:00:00,2022-10-30 04:00:00,34.83,28.39,44.444925,26.127289
2022-10-30 04:00:00,2022-10-30 05:00:00,33.55,27.09,44.444925,26.127289
2022-10-30 05:00:00,2022-10-30 06:00:00,32.54,24.64,44.444925,26.127289
2022-10-30 06:00:00,2022-10-30 07:00:00,37.22,23.7,44.444925,26.127289
2022-10-30 07:00:00,2022-10-30 08:00:00,42.23,24.97,44.444925,26.127289
2022-10-30 08:00:00,2022-10-30 09:00:00,45.56,25.95,44.444925,26.127289
2022-10-30 09:00:00,2022-10-30 10:00:00,45.5,24.39,44.444925,26.127289
2022-10-30 10:00:00,2022-10-30 11:00:00,38.94,29.27,44.444925,26.127289
2022-10-30 11:00:00,2022-10-30 12:00:00,36.47,30.11,44.444925,26.127289
2022-10-30 12:00:00,2022-10-30 13:00:00,37.72,35.65,44.444925,26.127289
2022-10-30 13:00:00,2022-10-30 14:00:00,36.84,42.05,44.444925,26.127289
2022-10-30 14:00:00,2022-10-30 15:00:00,39.04,65.2,44.444925,26.127289
2022-10-30 16:00:00,2022-10-30 17:00:00,56.51,91.84,44.444925,26.127289
2022-10-30 17:00:00,2022-10-30 18:00:00,59.76,101.15,44.444925,26.127289
2022-10-30 18:00:00,2022-10-30 19:00:00,70.33,107.73,44.444925,26.127289
2022-10-30 19:00:00,2022-10-30 20:00:00,76.17,107.04,44.444925,26.127289
2022-10-30 20:00:00,2022-10-30 21:00:00,67.06,103.17,44.444925,26.127289
2022-10-30 21:00:00,2022-10-30 22:00:00,61.62,91.95,44.444925,26.127289
2022-10-30 22:00:00,2022-10-30 23:00:00,54.94,78.87,44.444925,26.127289
2022-10-30 23:00:00,2022-10-31 00:00:00,44.91,68.51,44.444925,26.127289
2022-10-31 00:00:00,2022-10-31 01:00:00,42.56,62.02,44.444925,26.127289
2022-10-31 01:00:00,2022-10-31 02:00:00,38.93,52.29,44.444925,26.127289
2022-10-31 02:00:00,2022-10-31 03:00:00,32.36,30.5,44.444925,26.127289
2022-10-31 03:00:00,2022-10-31 04:00:00,31.09,24.95,44.444925,26.127289
2022-10-31 04:00:00,2022-10-31 05:00:00,28.34,38.09,44.444925,26.127289
2022-10-31 05:00:00,2022-10-31 06:00:00,28.54,58.76,44.444925,26.127289
2022-10-31 06:00:00,2022-10-31 07:00:00,33.1,73.34,44.444925,26.127289
2022-10-31 07:00:00,2022-10-31 08:00:00,32.47,79.47,44.444925,26.127289
2022-10-31 08:00:00,2022-10-31 09:00:00,27.96,60.9,44.444925,26.127289
2022-10-31 09:00:00,2022-10-31 10:00:00,36.26,55.84,44.444925,26.127289
2022-10-31 10:00:00,2022-10-31 11:00:00,38.83,36.44,44.444925,26.127289
2022-10-31 11:00:00,2022-10-31 12:00:00,34.39,29.77,44.444925,26.127289
2022-10-31 12:00:00,2022-10-31 13:00:00,35.39,29.71,44.444925,26.127289
2022-10-31 13:00:00,2022-10-31 14:00:00,35.72,33.04,44.444925,26.127289
2022-10-31 14:00:00,2022-10-31 15:00:00,37.17,38.12,44.444925,26.127289
2022-10-31 15:00:00,2022-10-31 16:00:00,42.48,66.32,44.444925,26.127289
2022-10-31 17:00:00,2022-10-31 18:00:00,57.45,128.42,44.444925,26.127289
2022-10-31 18:00:00,2022-10-31 19:00:00,76.6,137.75,44.444925,26.127289
2022-10-31 19:00:00,2022-10-31 20:00:00,98.8,135.51,44.444925,26.127289
2022-10-31 20:00:00,2022-10-31 21:00:00,102.51,150.54,44.444925,26.127289
2022-10-31 21:00:00,2022-10-31 22:00:00,105.27,128.79,44.444925,26.127289
2022-10-31 22:00:00,2022-10-31 23:00:00,81.08,93.4,44.444925,26.127289
2022-10-31 23:00:00,2022-11-01 00:00:00,71.12,65.2,44.444925,26.127289
2022-11-01 00:00:00,2022-11-01 01:00:00,62.6,36.71,44.444925,26.127289
2022-11-01 01:00:00,2022-11-01 02:00:00,45.77,27.88,44.444925,26.127289
2022-11-01 02:00:00,2022-11-01 03:00:00,33.22,25.47,44.444925,26.127289
2022-11-01 03:00:00,2022-11-01 04:00:00,29.08,27.82,44.444925,26.127289
2022-11-01 04:00:00,2022-11-01 05:00:00,29.98,34.24,44.444925,26.127289
2022-11-01 05:00:00,2022-11-01 06:00:00,33.83,47.95,44.444925,26.127289
2022-11-01 06:00:00,2022-11-01 07:00:00,38.88,59.14,44.444925,26.127289
2022-11-01 07:00:00,2022-11-01 08:00:00,40.82,65.35,44.444925,26.127289
2022-11-01 08:00:00,2022-11-01 09:00:00,45.67,68.26,44.444925,26.127289
2022-11-01 09:00:00,2022-11-01 10:00:00,41.72,58.67,44.444925,26.127289
2022-11-01 10:00:00,2022-11-01 11:00:00,39.22,61.83,44.444925,26.127289
2022-11-01 11:00:00,2022-11-01 12:00:00,36.28,55.74,44.444925,26.127289
2022-11-01 12:00:00,2022-11-01 13:00:00,40.92,57.09,44.444925,26.127289
2022-11-01 13:00:00,2022-11-01 14:00:00,41.45,51.73,44.444925,26.127289
2022-11-01 14:00:00,2022-11-01 15:00:00,42.23,63.66,44.444925,26.127289
2022-11-01 15:00:00,2022-11-01 16:00:00,42.79,79.11,44.444925,26.127289
2022-11-01 16:00:00,2022-11-01 17:00:00,62.85,139.98,44.444925,26.127289
2022-11-01 18:00:00,2022-11-01 19:00:00,98.76,172.92,44.444925,26.127289
2022-11-01 19:00:00,2022-11-01 20:00:00,101.83,157.62,44.444925,26.127289
2022-11-01 20:00:00,2022-11-01 21:00:00,110.22,150.69,44.444925,26.127289
2022-11-01 21:00:00,2022-11-01 22:00:00,101.98,121.3,44.444925,26.127289
2022-11-01 22:00:00,2022-11-01 23:00:00,90.88,108.47,44.444925,26.127289
2022-11-01 23:00:00,2022-11-02 00:00:00,85.4,90.14,44.444925,26.127289
2022-11-02 00:00:00,2022-11-02 01:00:00,76.97,82.5,44.444925,26.127289
2022-11-02 01:00:00,2022-11-02 02:00:00,67.68,71.88,44.444925,26.127289
2022-11-02 02:00:00,2022-11-02 03:00:00,57.02,49.61,44.444925,26.127289
2022-11-02 03:00:00,2022-11-02 04:00:00,57.88,29.28,44.444925,26.127289
2022-11-02 04:00:00,2022-11-02 05:00:00,55.14,31.58,44.444925,26.127289
2022-11-02 05:00:00,2022-11-02 06:00:00,51.32,38.52,44.444925,26.127289
2022-11-02 06:00:00,2022-11-02 07:00:00,52.56,47.59,44.444925,26.127289
2022-11-02 07:00:00,2022-11-02 08:00:00,53.51,48.53,44.444925,26.127289
2022-11-02 08:00:00,2022-11-02 09:00:00,53.75,45.88,44.444925,26.127289
2022-11-02 09:00:00,2022-11-02 10:00:00,52.99,39.44,44.444925,26.127289
2022-11-02 10:00:00,2022-11-02 11:00:00,49.95,37.56,44.444925,26.127289
2022-11-02 11:00:00,2022-11-02 12:00:00,54.79,44.59,44.444925,26.127289
2022-11-02 12:00:00,2022-11-02 13:00:00,51.51,46.76,44.444925,26.127289
2022-11-02 13:00:00,2022-11-02 14:00:00,61.41,74.43,44.444925,26.127289
2022-11-02 17:00:00,2022-11-02 18:00:00,71.76,108.0,44.444925,26.127289
2022-11-02 18:00:00,2022-11-02 19:00:00,63.28,100.84,44.444925,26.127289
2022-11-02 19:00:00,2022-11-02 20:00:00,58.82,79.03,44.444925,26.127289
2022-11-02 20:00:00,2022-11-02 21:00:00,55.11,72.19,44.444925,26.127289
2022-11-02 21:00:00,2022-11-02 22:00:00,50.85,72.32,44.444925,26.127289
2022-11-02 22:00:00,2022-11-02 23:00:00,42.07,44.6,44.444925,26.127289
2022-11-02 23:00:00,2022-11-03 00:00:00,38.16,33.2,44.444925,26.127289
2022-11-03 00:00:00,2022-11-03 01:00:00,34.95,19.95,44.444925,26.127289
2022-11-03 01:00:00,2022-11-03 02:00:00,34.91,18.65,44.444925,26.127289
2022-11-03 02:00:00,2022-11-03 03:00:00,35.67,24.73,44.444925,26.127289
2022-11-03 03:00:00,2022-11-03 04:00:00,37.87,24.6,44.444925,26.127289
2022-11-03 04:00:00,2022-11-03 05:00:00,41.85,36.09,44.444925,26.127289
2022-11-03 05:00:00,2022-11-03 06:00:00,48.53,45.59,44.444925,26.127289
2022-11-03 08:00:00,2022-11-03 09:00:00,53.42,59.37,44.444925,26.127289
2022-11-03 09:00:00,2022-11-03 10:00:00,49.17,47.27,44.444925,26.127289
2022-11-03 10:00:00,2022-11-03 11:00:00,45.87,59.23,44.444925,26.127289
2022-11-03 11:00:00,2022-11-03 12:00:00,37.05,52.49,44.444925,26.127289
2022-11-03 12:00:00,2022-11-03 13:00:00,31.49,55.28,44.444925,26.127289
2022-11-03 13:00:00,2022-11-03 14:00:00,31.84,58.57,44.444925,26.127289
2022-11-03 14:00:00,2022-11-03 15:00:00,34.81,76.71,44.444925,26.127289
2022-11-03 15:00:00,2022-11-03 16:00:00,36.95,81.19,44.444925,26.127289
2022-11-03 16:00:00,2022-11-03 17:00:00,39.9,100.09,44.444925,26.127289
2022-11-03 18:00:00,2022-11-03 19:00:00,55.44,100.09,44.444925,26.127289
2022-11-03 19:00:00,2022-11-03 20:00:00,66.22,98.83,44.444925,26.127289
2022-11-03 20:00:00,2022-11-03 21:00:00,65.88,92.96,44.444925,26.127289
2022-11-03 21:00:00,2022-11-03 22:00:00,54.56,91.47,44.444925,26.127289
2022-11-03 22:00:00,2022-11-03 23:00:00,51.23,79.65,44.444925,26.127289
2022-11-03 23:00:00,2022-11-04 00:00:00,50.95,69.61,44.444925,26.127289
2022-11-04 00:00:00,2022-11-04 01:00:00,49.43,60.46,44.444925,26.127289
2022-11-04 01:00:00,2022-11-04 02:00:00,49.81,49.25,44.444925,26.127289
2022-11-04 02:00:00,2022-11-04 03:00:00,46.79,36.57,44.444925,26.127289
2022-11-04 03:00:00,2022-11-04 04:00:00,42.93,28.65,44.444925,26.127289
2022-11-04 04:00:00,2022-11-04 05:00:00,42.74,34.9,44.444925,26.127289
2022-11-04 05:00:00,2022-11-04 06:00:00,41.42,49.18,44.444925,26.127289
2022-11-04 06:00:00,2022-11-04 07:00:00,43.33,61.09,44.444925,26.127289
2022-11-04 07:00:00,2022-11-04 08:00:00,44.32,57.76,44.444925,26.127289
2022-11-04 08:00:00,2022-11-04 09:00:00,46.89,50.85,44.444925,26.127289
2022-11-04 09:00:00,2022-11-04 10:00:00,42.86,47.56,44.444925,26.127289
2022-11-04 10:00:00,2022-11-04 11:00:00,36.27,50.57,44.444925,26.127289
2022-11-04 11:00:00,2022-11-04 12:00:00,37.33,52.17,44.444925,26.127289
2022-11-04 12:00:00,2022-11-04 13:00:00,41.48,56.2,44.444925,26.127289
2022-11-04 13:00:00,2022-11-04 14:00:00,39.2,63.65,44.444925,26.127289
2022-11-04 14:00:00,2022-11-04 15:00:00,40.67,82.91,44.444925,26.127289
2022-11-04 15:00:00,2022-11-04 16:00:00,43.34,85.91,44.444925,26.127289
2022-11-04 16:00:00,2022-11-04 17:00:00,49.99,97.79,44.444925,26.127289
2022-11-04 17:00:00,2022-11-04 18:00:00,53.84,97.81,44.444925,26.127289
2022-11-04 19:00:00,2022-11-04 20:00:00,62.6,85.51,44.444925,26.127289
2022-11-04 20:00:00,2022-11-04 21:00:00,62.83,84.71,44.444925,26.127289
2022-11-04 21:00:00,2022-11-04 22:00:00,70.68,73.81,44.444925,26.127289
2022-11-04 22:00:00,2022-11-04 23:00:00,70.32,59.26,44.444925,26.127289
2022-11-04 23:00:00,2022-11-05 00:00:00,66.33,56.57,44.444925,26.127289
2022-11-05 00:00:00,2022-11-05 01:00:00,53.19,47.83,44.444925,26.127289
2022-11-05 01:00:00,2022-11-05 02:00:00,52.59,37.26,44.444925,26.127289
2022-11-05 02:00:00,2022-11-05 03:00:00,49.59,32.15,44.444925,26.127289
2022-11-05 03:00:00,2022-11-05 04:00:00,38.95,27.87,44.444925,26.127289
2022-11-05 04:00:00,2022-11-05 05:00:00,32.01,30.82,44.444925,26.127289
2022-11-05 05:00:00,2022-11-05 06:00:00,30.98,30.62,44.444925,26.127289
2022-11-05 06:00:00,2022-11-05 07:00:00,34.12,34.98,44.444925,26.127289
2022-11-05 07:00:00,2022-11-05 08:00:00,44.86,32.36,44.444925,26.127289
2022-11-05 09:00:00,2022-11-05 10:00:00,58.97,36.09,44.444925,26.127289
2022-11-05 10:00:00,2022-11-05 11:00:00,59.19,38.02,44.444925,26.127289
2022-11-05 11:00:00,2022-11-05 12:00:00,55.03,41.38,44.444925,26.127289
2022-11-05 12:00:00,2022-11-05 13:00:00,51.29,49.65,44.444925,26.127289
2022-11-05 13:00:00,2022-11-05 14:00:00,48.44,57.28,44.444925,26.127289
2022-11-05 14:00:00,2022-11-05 15:00:00,45.23,55.82,44.444925,26.127289
2022-11-05 15:00:00,2022-11-05 16:00:00,43.3,52.39,44.444925,26.127289
2022-11-05 16:00:00,2022-11-05 17:00:00,42.86,51.21,44.444925,26.127289
2022-11-05 17:00:00,2022-11-05 18:00:00,42.56,47.51,44.444925,26.127289
2022-11-05 18:00:00,2022-11-05 19:00:00,43.41,46.42,44.444925,26.127289
2022-11-05 20:00:00,2022-11-05 21:00:00,49.02,39.72,44.444925,26.127289
2022-11-05 21:00:00,2022-11-05 22:00:00,44.82,33.4,44.444925,26.127289
2022-11-05 22:00:00,2022-11-05 23:00:00,41.77,34.56,44.444925,26.127289
2022-11-05 23:00:00,2022-11-06 00:00:00,42.8,29.05,44.444925,26.127289
2022-11-06 00:00:00,2022-11-06 01:00:00,43.37,27.56,44.444925,26.127289
2022-11-06 01:00:00,2022-11-06 02:00:00,41.15,26.37,44.444925,26.127289
2022-11-06 02:00:00,2022-11-06 03:00:00,43.02,28.49,44.444925,26.127289
2022-11-06 03:00:00,2022-11-06 04:00:00,47.65,20.39,44.444925,26.127289
2022-11-06 04:00:00,2022-11-06 05:00:00,44.34,18.66,44.444925,26.127289
2022-11-06 05:00:00,2022-11-06 06:00:00,37.88,18.02,44.444925,26.127289
2022-11-06 06:00:00,2022-11-06 07:00:00,33.55,17.46,44.444925,26.127289
2022-11-06 07:00:00,2022-11-06 08:00:00,31.06,22.21,44.444925,26.127289
2022-11-06 08:00:00,2022-11-06 09:00:00,30.98,24.48,44.444925,26.127289
2022-11-06 09:00:00,2022-11-06 10:00:00,30.28,25.4,44.444925,26.127289
2022-11-06 10:00:00,2022-11-06 11:00:00,33.42,33.18,44.444925,26.127289
2022-11-06 11:00:00,2022-11-06 12:00:00,35.35,37.92,44.444925,26.127289
2022-11-06 12:00:00,2022-11-06 13:00:00,36.85,35.77,44.444925,26.127289
2022-11-06 13:00:00,2022-11-06 14:00:00,35.98,35.54,44.444925,26.127289
2022-11-06 14:00:00,2022-11-06 15:00:00,36.16,40.75,44.444925,26.127289
2022-11-06 15:00:00,2022-11-06 16:00:00,36.13,43.78,44.444925,26.127289
2022-11-06 16:00:00,2022-11-06 17:00:00,37.53,43.39,44.444925,26.127289
2022-11-06 17:00:00,2022-11-06 18:00:00,33.1,45.06,44.444925,26.127289
2022-11-06 18:00:00,2022-11-06 19:00:00,26.64,42.75,44.444925,26.127289
2022-11-06 19:00:00,2022-11-06 20:00:00,20.89,35.58,44.444925,26.127289
2022-11-06 21:00:00,2022-11-06 22:00:00,19.72,31.21,44.444925,26.127289
2022-11-06 22:00:00,2022-11-06 23:00:00,17.93,29.17,44.444925,26.127289
2022-11-06 23:00:00,2022-11-07 00:00:00,16.32,27.51,44.444925,26.127289
2022-11-07 00:00:00,2022-11-07 01:00:00,16.52,19.22,44.444925,26.127289
2022-11-07 01:00:00,2022-11-07 02:00:00,18.15,14.25,44.444925,26.127289
2022-11-07 02:00:00,2022-11-07 03:00:00,19.16,14.17,44.444925,26.127289
2022-11-07 03:00:00,2022-11-07 04:00:00,20.33,13.23,44.444925,26.127289
2022-11-07 04:00:00,2022-11-07 05:00:00,22.15,19.22,44.444925,26.127289
2022-11-07 05:00:00,2022-11-07 06:00:00,24.35,33.36,44.444925,26.127289
2022-11-07 06:00:00,2022-11-07 07:00:00,27.06,45.48,44.444925,26.127289
2022-11-07 07:00:00,2022-11-07 08:00:00,28.75,58.38,44.444925,26.127289
2022-11-07 08:00:00,2022-11-07 09:00:00,30.81,51.19,44.444925,26.127289
2022-11-07 09:00:00,2022-11-07 10:00:00,29.76,46.82,44.444925,26.127289
2022-11-07 10:00:00,2022-11-07 11:00:00,33.97,38.74,44.444925,26.127289
2022-11-07 11:00:00,2022-11-07 12:00:00,34.29,34.05,44.444925,26.127289
2022-11-07 12:00:00,2022-11-07 13:00:00,39.0,37.6,44.444925,26.127289
2022-11-07 13:00:00,2022-11-07 14:00:00,37.21,54.5,44.444925,26.127289
2022-11-07 14:00:00,2022-11-07 15:00:00,38.08,57.64,44.444925,26.127289
2022-11-07 15:00:00,2022-11-07 16:00:00,37.71,59.62,44.444925,26.127289
2022-11-07 16:00:00,2022-11-07 17:00:00,41.74,74.3,44.444925,26.127289
2022-11-07 17:00:00,2022-11-07 18:00:00,70.32,97.47,44.444925,26.127289
2022-11-07 18:00:00,2022-11-07 19:00:00,77.88,99.65,44.444925,26.127289
2022-11-07 19:00:00,2022-11-07 20:00:00,72.46,90.59,44.444925,26.127289
2022-11-07 20:00:00,2022-11-07 21:00:00,80.51,80.47,44.444925,26.127289
2022-11-07 22:00:00,2022-11-07 23:00:00,57.1,73.45,44.444925,26.127289
2022-11-07 23:00:00,2022-11-08 00:00:00,44.64,61.49,44.444925,26.127289
2022-11-08 00:00:00,2022-11-08 01:00:00,42.64,57.29,44.444925,26.127289
2022-11-08 01:00:00,2022-11-08 02:00:00,41.79,56.85,44.444925,26.127289
2022-11-08 02:00:00,2022-11-08 03:00:00,35.92,29.69,44.444925,26.127289
2022-11-08 03:00:00,2022-11-08 04:00:00,37.51,30.23,44.444925,26.127289
2022-11-08 04:00:00,2022-11-08 05:00:00,36.84,31.85,44.444925,26.127289
2022-11-08 05:00:00,2022-11-08 06:00:00,35.87,48.86,44.444925,26.127289
2022-11-08 06:00:00,2022-11-08 07:00:00,35.77,56.95,44.444925,26.127289
2022-11-08 07:00:00,2022-11-08 08:00:00,39.97,57.87,44.444925,26.127289
2022-11-08 08:00:00,2022-11-08 09:00:00,47.12,52.21,44.444925,26.127289
2022-11-08 09:00:00,2022-11-08 10:00:00,52.77,44.9,44.444925,26.127289
2022-11-08 10:00:00,2022-11-08 11:00:00,46.76,32.33,44.444925,26.127289
2022-11-08 11:00:00,2022-11-08 12:00:00,42.59,32.68,44.444925,26.127289
2022-11-08 12:00:00,2022-11-08 13:00:00,40.49,34.02,44.444925,26.127289
2022-11-08 13:00:00,2022-11-08 14:00:00,38.22,38.76,44.444925,26.127289
2022-11-08 14:00:00,2022-11-08 15:00:00,43.73,54.22,44.444925,26.127289
2022-11-08 15:00:00,2022-11-08 16:00:00,62.41,72.0,44.444925,26.127289
2022-11-08 16:00:00,2022-11-08 17:00:00,66.43,70.6,44.444925,26.127289
2022-11-08 17:00:00,2022-11-08 18:00:00,72.9,70.19,44.444925,26.127289
2022-11-08 18:00:00,2022-11-08 19:00:00,62.29,64.53,44.444925,26.127289
2022-11-08 19:00:00,2022-11-08 20:00:00,58.17,62.63,44.444925,26.127289
2022-11-08 20:00:00,2022-11-08 21:00:00,58.94,64.39,44.444925,26.127289
2022-11-08 21:00:00,2022-11-08 22:00:00,52.86,52.52,44.444925,26.127289
2022-11-10 00:00:00,2022-11-10 01:00:00,77.11,60.59,44.444925,26.127289
2022-11-10 01:00:00,2022-11-10 02:00:00,70.42,51.44,44.444925,26.127289
2022-11-10 02:00:00,2022-11-10 03:00:00,64.95,43.05,44.444925,26.127289
2022-11-10 03:00:00,2022-11-10 04:00:00,66.24,40.3,44.444925,26.127289
2022-11-10 04:00:00,2022-11-10 05:00:00,60.91,37.87,44.444925,26.127289
2022-11-10 05:00:00,2022-11-10 06:00:00,53.74,41.65,44.444925,26.127289
2022-11-10 06:00:00,2022-11-10 07:00:00,54.58,50.58,44.444925,26.127289
2022-11-10 07:00:00,2022-11-10 08:00:00,51.34,51.9,44.444925,26.127289
2022-11-10 08:00:00,2022-11-10 09:00:00,49.58,60.86,44.444925,26.127289
2022-11-10 09:00:00,2022-11-10 10:00:00,50.89,72.16,44.444925,26.127289
2022-11-10 10:00:00,2022-11-10 11:00:00,52.05,73.3,44.444925,26.127289
2022-11-10 11:00:00,2022-11-10 12:00:00,58.46,84.62,44.444925,26.127289
2022-11-10 12:00:00,2022-11-10 13:00:00,58.82,87.43,44.444925,26.127289
2022-11-10 13:00:00,2022-11-10 14:00:00,57.93,77.31,44.444925,26.127289
2022-11-10 14:00:00,2022-11-10 15:00:00,56.05,92.37,44.444925,26.127289
2022-11-10 15:00:00,2022-11-10 16:00:00,51.14,104.45,44.444925,26.127289
2022-11-10 16:00:00,2022-11-10 17:00:00,57.71,109.4,44.444925,26.127289
2022-11-10 17:00:00,2022-11-10 18:00:00,68.15,105.71,44.444925,26.127289
2022-11-10 18:00:00,2022-11-10 19:00:00,94.07,112.51,44.444925,26.127289
2022-11-10 19:00:00,2022-11-10 20:00:00,85.33,109.34,44.444925,26.127289
2022-11-10 20:00:00,2022-11-10 21:00:00,75.98,89.21,44.444925,26.127289
2022-11-10 21:00:00,2022-11-10 22:00:00,74.97,78.35,44.444925,26.127289
2022-11-10 22:00:00,2022-11-10 23:00:00,76.94,75.71,44.444925,26.127289
2022-11-10 23:00:00,2022-11-11 00:00:00,73.83,61.51,44.444925,26.127289
2022-11-11 01:00:00,2022-11-11 02:00:00,69.11,44.09,44.444925,26.127289
2022-11-11 02:00:00,2022-11-11 03:00:00,68.11,45.79,44.444925,26.127289
2022-11-11 03:00:00,2022-11-11 04:00:00,71.63,46.97,44.444925,26.127289
2022-11-11 04:00:00,2022-11-11 05:00:00,67.73,42.7,44.444925,26.127289
2022-11-11 05:00:00,2022-11-11 06:00:00,44.12,40.81,44.444925,26.127289
2022-11-11 06:00:00,2022-11-11 07:00:00,33.44,48.06,44.444925,26.127289
2022-11-11 07:00:00,2022-11-11 08:00:00,32.9,56.73,44.444925,26.127289
2022-11-11 08:00:00,2022-11-11 09:00:00,24.58,55.67,44.444925,26.127289
2022-11-11 09:00:00,2022-11-11 10:00:00,21.81,59.04,44.444925,26.127289
2022-11-11 10:00:00,2022-11-11 11:00:00,10.73,67.34,44.444925,26.127289
2022-11-11 11:00:00,2022-11-11 12:00:00,8.82,68.11,44.444925,26.127289
2022-11-11 12:00:00,2022-11-11 13:00:00,9.51,68.35,44.444925,26.127289
2022-11-11 13:00:00,2022-11-11 14:00:00,9.99,71.4,44.444925,26.127289
2022-11-11 14:00:00,2022-11-11 15:00:00,12.5,76.5,44.444925,26.127289
2022-11-11 15:00:00,2022-11-11 16:00:00,12.9,64.64,44.444925,26.127289
2022-11-11 16:00:00,2022-11-11 17:00:00,13.41,69.17,44.444925,26.127289
2022-11-11 17:00:00,2022-11-11 18:00:00,28.0,71.64,44.444925,26.127289
2022-11-11 18:00:00,2022-11-11 19:00:00,45.39,58.49,44.444925,26.127289
2022-11-11 19:00:00,2022-11-11 20:00:00,52.04,45.26,44.444925,26.127289
2022-11-11 20:00:00,2022-11-11 21:00:00,45.12,44.37,44.444925,26.127289
2022-11-11 21:00:00,2022-11-11 22:00:00,38.72,46.62,44.444925,26.127289
2022-11-11 22:00:00,2022-11-11 23:00:00,41.79,39.54,44.444925,26.127289
2022-11-11 23:00:00,2022-11-12 00:00:00,41.78,39.8,44.444925,26.127289
2022-11-12 00:00:00,2022-11-12 01:00:00,37.62,37.5,44.444925,26.127289
2022-11-12 02:00:00,2022-11-12 03:00:00,29.59,40.11,44.444925,26.127289
2022-11-12 03:00:00,2022-11-12 04:00:00,29.06,37.83,44.444925,26.127289
2022-11-12 04:00:00,2022-11-12 05:00:00,25.33,34.6,44.444925,26.127289
2022-11-12 05:00:00,2022-11-12 06:00:00,20.65,37.75,44.444925,26.127289
2022-11-12 06:00:00,2022-11-12 07:00:00,21.54,43.06,44.444925,26.127289
2022-11-12 07:00:00,2022-11-12 08:00:00,22.38,42.12,44.444925,26.127289
2022-11-12 08:00:00,2022-11-12 09:00:00,26.24,40.99,44.444925,26.127289
2022-11-12 09:00:00,2022-11-12 10:00:00,27.14,36.29,44.444925,26.127289
2022-11-12 10:00:00,2022-11-12 11:00:00,25.86,34.58,44.444925,26.127289
2022-11-12 11:00:00,2022-11-12 12:00:00,21.72,37.86,44.444925,26.127289
2022-11-12 12:00:00,2022-11-12 13:00:00,17.49,35.02,44.444925,26.127289
2022-11-12 13:00:00,2022-11-12 14:00:00,18.01,43.24,44.444925,26.127289
2022-11-12 14:00:00,2022-11-12 15:00:00,17.09,45.86,44.444925,26.127289
2022-11-12 15:00:00,2022-11-12 16:00:00,16.07,48.93,44.444925,26.127289
2022-11-12 16:00:00,2022-11-12 17:00:00,20.76,72.58,44.444925,26.127289
2022-11-12 17:00:00,2022-11-12 18:00:00,33.36,81.86,44.444925,26.127289
2022-11-12 18:00:00,2022-11-12 19:00:00,43.16,96.85,44.444925,26.127289
2022-11-12 19:00:00,2022-11-12 20:00:00,45.46,88.75,44.444925,26.127289
2022-11-12 20:00:00,2022-11-12 21:00:00,50.03,84.42,44.444925,26.127289
2022-11-12 21:00:00,2022-11-12 22:00:00,65.27,88.13,44.444925,26.127289
2022-11-12 22:00:00,2022-11-12 23:00:00,93.04,86.41,44.444925,26.127289
2022-11-12 23:00:00,2022-11-13 00:00:00,84.76,68.78,44.444925,26.127289
2022-11-13 00:00:00,2022-11-13 01:00:00,77.49,64.57,44.444925,26.127289
2022-11-13 01:00:00,2022-11-13 02:00:00,63.64,59.78,44.444925,26.127289
2022-11-13 03:00:00,2022-11-13 04:00:00,58.07,52.18,44.444925,26.127289
2022-11-13 04:00:00,2022-11-13 05:00:00,51.43,50.02,44.444925,26.127289
2022-11-13 05:00:00,2022-11-13 06:00:00,43.3,49.43,44.444925,26.127289
2022-11-13 06:00:00,2022-11-13 07:00:00,39.26,54.53,44.444925,26.127289
2022-11-13 07:00:00,2022-11-13 08:00:00,37.42,48.06,44.444925,26.127289
2022-11-13 08:00:00,2022-11-13 09:00:00,45.12,41.2,44.444925,26.127289
2022-11-13 09:00:00,2022-11-13 10:00:00,31.07,28.61,44.444925,26.127289
2022-11-13 10:00:00,2022-11-13 11:00:00,27.53,22.06,44.444925,26.127289
2022-11-13 11:00:00,2022-11-13 12:00:00,23.39,18.48,44.444925,26.127289
2022-11-13 12:00:00,2022-11-13 13:00:00,19.35,20.35,44.444925,26.127289
2022-11-13 13:00:00,2022-11-13 14:00:00,18.25,20.19,44.444925,26.127289
2022-11-13 14:00:00,2022-11-13 15:00:00,16.68,24.29,44.444925,26.127289
2022-11-13 15:00:00,2022-11-13 16:00:00,20.74,35.26,44.444925,26.127289
2022-11-13 16:00:00,2022-11-13 17:00:00,29.86,38.65,44.444925,26.127289
2022-11-13 17:00:00,2022-11-13 18:00:00,33.14,44.82,44.444925,26.127289
2022-11-13 18:00:00,2022-11-13 19:00:00,36.12,58.95,44.444925,26.127289
2022-11-13 19:00:00,2022-11-13 20:00:00,33.24,75.68,44.444925,26.127289
2022-11-13 20:00:00,2022-11-13 21:00:00,33.41,75.11,44.444925,26.127289
2022-11-13 21:00:00,2022-11-13 22:00:00,37.6,70.48,44.444925,26.127289
2022-11-13 22:00:00,2022-11-13 23:00:00,43.82,60.18,44.444925,26.127289
2022-11-13 23:00:00,2022-11-14 00:00:00,38.7,51.24,44.444925,26.127289
2022-11-14 00:00:00,2022-11-14 01:00:00,40.72,50.72,44.444925,26.127289
2022-11-14 01:00:00,2022-11-14 02:00:00,46.36,47.7,44.444925,26.127289
2022-11-14 02:00:00,2022-11-14 03:00:00,40.98,45.9,44.444925,26.127289
2022-11-14 04:00:00,2022-11-14 05:00:00,32.06,31.22,44.444925,26.127289
2022-11-14 05:00:00,2022-11-14 06:00:00,30.54,35.01,44.444925,26.127289
2022-11-14 06:00:00,2022-11-14 07:00:00,32.22,50.04,44.444925,26.127289
2022-11-14 07:00:00,2022-11-14 08:00:00,35.3,53.88,44.444925,26.127289
2022-11-14 08:00:00,2022-11-14 09:00:00,40.22,49.45,44.444925,26.127289
2022-11-14 09:00:00,2022-11-14 10:00:00,39.15,49.73,44.444925,26.127289
2022-11-14 10:00:00,2022-11-14 11:00:00,34.34,42.3,44.444925,26.127289
2022-11-14 11:00:00,2022-11-14 12:00:00,31.47,46.53,44.444925,26.127289
2022-11-14 12:00:00,2022-11-14 13:00:00,32.42,63.21,44.444925,26.127289
2022-11-14 13:00:00,2022-11-14 14:00:00,29.0,50.99,44.444925,26.127289
2022-11-14 14:00:00,2022-11-14 15:00:00,27.9,58.93,44.444925,26.127289
2022-11-14 15:00:00,2022-11-14 16:00:00,27.23,49.1,44.444925,26.127289
2022-11-14 16:00:00,2022-11-14 17:00:00,21.89,52.47,44.444925,26.127289
2022-11-14 17:00:00,2022-11-14 18:00:00,17.63,45.18,44.444925,26.127289
2022-11-14 18:00:00,2022-11-14 19:00:00,17.81,46.59,44.444925,26.127289
2022-11-14 19:00:00,2022-11-14 20:00:00,18.33,42.97,44.444925,26.127289
2022-11-14 20:00:00,2022-11-14 21:00:00,22.05,37.58,44.444925,26.127289
2022-11-14 21:00:00,2022-11-14 22:00:00,22.53,35.17,44.444925,26.127289
2022-11-14 22:00:00,2022-11-14 23:00:00,21.84,27.59,44.444925,26.127289
2022-11-14 23:00:00,2022-11-15 00:00:00,20.55,22.3,44.444925,26.127289
2022-11-15 00:00:00,2022-11-15 01:00:00,21.32,21.69,44.444925,26.127289
2022-11-15 01:00:00,2022-11-15 02:00:00,22.31,15.65,44.444925,26.127289
2022-11-15 02:00:00,2022-11-15 03:00:00,23.3,14.14,44.444925,26.127289
2022-11-15 03:00:00,2022-11-15 04:00:00,24.22,12.08,44.444925,26.127289
2022-11-15 05:00:00,2022-11-15 06:00:00,24.05,30.22,44.444925,26.127289
2022-11-15 06:00:00,2022-11-15 07:00:00,24.05,35.99,44.444925,26.127289
2022-11-15 07:00:00,2022-11-15 08:00:00,28.45,40.84,44.444925,26.127289
2022-11-15 08:00:00,2022-11-15 09:00:00,28.62,34.65,44.444925,26.127289
2022-11-15 09:00:00,2022-11-15 10:00:00,29.75,39.72,44.444925,26.127289
2022-11-15 10:00:00,2022-11-15 11:00:00,28.95,34.14,44.444925,26.127289
2022-11-15 11:00:00,2022-11-15 12:00:00,28.11,29.7,44.444925,26.127289
2022-11-15 12:00:00,2022-11-15 13:00:00,25.65,30.97,44.444925,26.127289
2022-11-15 13:00:00,2022-11-15 14:00:00,22.66,28.78,44.444925,26.127289
2022-11-15 14:00:00,2022-11-15 15:00:00,21.85,32.31,44.444925,26.127289
2022-11-15 15:00:00,2022-11-15 16:00:00,22.55,34.14,44.444925,26.127289
2022-11-15 16:00:00,2022-11-15 17:00:00,23.06,39.04,44.444925,26.127289
2022-11-15 17:00:00,2022-11-15 18:00:00,24.76,38.83,44.444925,26.127289
2022-11-15 18:00:00,2022-11-15 19:00:00,25.88,34.14,44.444925,26.127289
2022-11-15 19:00:00,2022-11-15 20:00:00,27.81,34.39,44.444925,26.127289
2022-11-15 20:00:00,2022-11-15 21:00:00,29.18,30.8,44.444925,26.127289
2022-11-15 21:00:00,2022-11-15 22:00:00,30.19,23.55,44.444925,26.127289
2022-11-15 22:00:00,2022-11-15 23:00:00,29.39,20.69,44.444925,26.127289
2022-11-15 23:00:00,2022-11-16 00:00:00,29.73,17.84,44.444925,26.127289
2022-11-16 00:00:00,2022-11-16 01:00:00,30.27,15.53,44.444925,26.127289
2022-11-16 01:00:00,2022-11-16 02:00:00,30.8,14.67,44.444925,26.127289
2022-11-16 02:00:00,2022-11-16 03:00:00,31.65,12.97,44.444925,26.127289
2022-11-16 03:00:00,2022-11-16 04:00:00,31.16,12.98,44.444925,26.127289
2022-11-16 04:00:00,2022-11-16 05:00:00,41.55,16.84,44.444925,26.127289
2022-11-16 06:00:00,2022-11-16 07:00:00,39.31,31.13,44.444925,26.127289
2022-11-16 07:00:00,2022-11-16 08:00:00,36.89,30.67,44.444925,26.127289
2022-11-16 08:00:00,2022-11-16 09:00:00,37.99,28.03,44.444925,26.127289
2022-11-16 09:00:00,2022-11-16 10:00:00,39.13,29.46,44.444925,26.127289
2022-11-16 10:00:00,2022-11-16 11:00:00,35.35,23.48,44.444925,26.127289
2022-11-16 11:00:00,2022-11-16 12:00:00,37.73,26.61,44.444925,26.127289
2022-11-16 12:00:00,2022-11-16 13:00:00,41.63,25.38,44.444925,26.127289
2022-11-16 13:00:00,2022-11-16 14:00:00,40.03,27.67,44.444925,26.127289
2022-11-16 14:00:00,2022-11-16 15:00:00,33.48,31.06,44.444925,26.127289
2022-11-16 15:00:00,2022-11-16 16:00:00,29.51,39.91,44.444925,26.127289
2022-11-16 16:00:00,2022-11-16 17:00:00,30.43,45.97,44.444925,26.127289
2022-11-16 17:00:00,2022-11-16 18:00:00,34.71,52.48,44.444925,26.127289
2022-11-16 18:00:00,2022-11-16 19:00:00,35.16,49.5,44.444925,26.127289
2022-11-16 19:00:00,2022-11-16 20:00:00,35.37,40.07,44.444925,26.127289
2022-11-16 20:00:00,2022-11-16 21:00:00,33.32,39.65,44.444925,26.127289
2022-11-16 21:00:00,2022-11-16 22:00:00,30.46,39.54,44.444925,26.127289
2022-11-16 22:00:00,2022-11-16 23:00:00,31.0,47.03,44.444925,26.127289
2022-11-16 23:00:00,2022-11-17 00:00:00,30.25,52.32,44.444925,26.127289
2022-11-17 00:00:00,2022-11-17 01:00:00,29.56,48.96,44.444925,26.127289
2022-11-17 01:00:00,2022-11-17 02:00:00,30.08,50.87,44.444925,26.127289
2022-11-17 02:00:00,2022-11-17 03:00:00,31.29,46.48,44.444925,26.127289
2022-11-17 03:00:00,2022-11-17 04:00:00,30.21,44.26,44.444925,26.127289
2022-11-17 04:00:00,2022-11-17 05:00:00,29.36,41.22,44.444925,26.127289
2022-11-17 05:00:00,2022-11-17 06:00:00,28.05,43.72,44.444925,26.127289
2022-11-17 07:00:00,2022-11-17 08:00:00,36.73,78.94,44.444925,26.127289
2022-11-17 08:00:00,2022-11-17 09:00:00,48.55,87.1,44.444925,26.127289
2022-11-17 09:00:00,2022-11-17 10:00:00,44.42,71.85,44.444925,26.127289
2022-11-17 10:00:00,2022-11-17 11:00:00,36.88,48.55,44.444925,26.127289
2022-11-17 11:00:00,2022-11-17 12:00:00,30.18,32.9,44.444925,26.127289
2022-11-17 12:00:00,2022-11-17 13:00:00,25.47,28.46,44.444925,26.127289
2022-11-17 13:00:00,2022-11-17 14:00:00,31.27,25.62,44.444925,26.127289
2022-11-17 14:00:00,2022-11-17 15:00:00,24.82,25.56,44.444925,26.127289
2022-11-17 15:00:00,2022-11-17 16:00:00,22.57,36.0,44.444925,26.127289
2022-11-17 16:00:00,2022-11-17 17:00:00,23.29,43.83,44.444925,26.127289
2022-11-17 17:00:00,2022-11-17 18:00:00,24.21,44.61,44.444925,26.127289
2022-11-17 18:00:00,2022-11-17 19:00:00,17.67,43.82,44.444925,26.127289
2022-11-17 19:00:00,2022-11-17 20:00:00,18.39,36.71,44.444925,26.127289
2022-11-17 20:00:00,2022-11-17 21:00:00,18.03,36.7,44.444925,26.127289
2022-11-17 21:00:00,2022-11-17 22:00:00,18.49,41.3,44.444925,26.127289
2022-11-17 22:00:00,2022-11-17 23:00:00,21.93,52.08,44.444925,26.127289
2022-11-17 23:00:00,2022-11-18 00:00:00,20.58,40.73,44.444925,26.127289
2022-11-18 00:00:00,2022-11-18 01:00:00,19.5,33.38,44.444925,26.127289
2022-11-18 01:00:00,2022-11-18 02:00:00,17.99,26.24,44.444925,26.127289
2022-11-18 02:00:00,2022-11-18 03:00:00,18.51,32.65,44.444925,26.127289
2022-11-18 03:00:00,2022-11-18 04:00:00,23.91,35.79,44.444925,26.127289
2022-11-18 04:00:00,2022-11-18 05:00:00,24.13,26.24,44.444925,26.127289
2022-11-18 05:00:00,2022-11-18 06:00:00,18.41,26.34,44.444925,26.127289
2022-11-18 06:00:00,2022-11-18 07:00:00,17.57,32.04,44.444925,26.127289
2022-11-18 08:00:00,2022-11-18 09:00:00,20.27,29.25,44.444925,26.127289
2022-11-18 09:00:00,2022-11-18 10:00:00,24.6,33.04,44.444925,26.127289
2022-11-18 10:00:00,2022-11-18 11:00:00,26.93,46.03,44.444925,26.127289
2022-11-18 11:00:00,2022-11-18 12:00:00,29.73,59.78,44.444925,26.127289
2022-11-18 12:00:00,2022-11-18 13:00:00,32.35,63.46,44.444925,26.127289
2022-11-18 13:00:00,2022-11-18 14:00:00,31.82,53.03,44.444925,26.127289
2022-11-18 14:00:00,2022-11-18 15:00:00,31.44,55.36,44.444925,26.127289
2022-11-18 15:00:00,2022-11-18 16:00:00,33.81,56.71,44.444925,26.127289
2022-11-18 16:00:00,2022-11-18 17:00:00,32.88,51.97,44.444925,26.127289
2022-11-18 17:00:00,2022-11-18 18:00:00,34.81,52.44,44.444925,26.127289
2022-11-18 18:00:00,2022-11-18 19:00:00,36.14,47.73,44.444925,26.127289
2022-11-18 19:00:00,2022-11-18 20:00:00,34.81,39.76,44.444925,26.127289
2022-11-18 20:00:00,2022-11-18 21:00:00,30.43,37.31,44.444925,26.127289
2022-11-18 21:00:00,2022-11-18 22:00:00,34.11,40.08,44.444925,26.127289
2022-11-18 22:00:00,2022-11-18 23:00:00,34.01,39.36,44.444925,26.127289
2022-11-18 23:00:00,2022-11-19 00:00:00,33.02,37.81,44.444925,26.127289
2022-11-19 00:00:00,2022-11-19 01:00:00,29.48,25.56,44.444925,26.127289
2022-11-19 01:00:00,2022-11-19 02:00:00,27.17,19.81,44.444925,26.127289
2022-11-19 02:00:00,2022-11-19 03:00:00,29.59,19.53,44.444925,26.127289
2022-11-19 03:00:00,2022-11-19 04:00:00,31.54,20.06,44.444925,26.127289
2022-11-19 04:00:00,2022-11-19 05:00:00,31.58,18.59,44.444925,26.127289
2022-11-19 05:00:00,2022-11-19 06:00:00,24.03,18.25,44.444925,26.127289
2022-11-19 06:00:00,2022-11-19 07:00:00,16.05,21.88,44.444925,26.127289
2022-11-19 07:00:00,2022-11-19 08:00:00,11.59,19.42,44.444925,26.127289
2022-11-19 09:00:00,2022-11-19 10:00:00,8.48,16.56,44.444925,26.127289
2022-11-19 10:00:00,2022-11-19 11:00:00,7.15,15.91,44.444925,26.127289
2022-11-19 11:00:00,2022-11-19 12:00:00,7.1,17.4,44.444925,26.127289
2022-11-19 12:00:00,2022-11-19 13:00:00,7.96,19.51,44.444925,26.127289
2022-11-19 13:00:00,2022-11-19 14:00:00,8.81,23.59,44.444925,26.127289
2022-11-19 14:00:00,2022-11-19 15:00:00,11.18,33.41,44.444925,26.127289
2022-11-19 15:00:00,2022-11-19 16:00:00,13.15,39.19,44.444925,26.127289
2022-11-19 16:00:00,2022-11-19 17:00:00,18.6,57.07,44.444925,26.127289
2022-11-19 17:00:00,2022-11-19 18:00:00,28.7,66.02,44.444925,26.127289
2022-11-19 18:00:00,2022-11-19 19:00:00,29.12,41.03,44.444925,26.127289
2022-11-19 19:00:00,2022-11-19 20:00:00,29.75,34.87,44.444925,26.127289
2022-11-19 20:00:00,2022-11-19 21:00:00,21.11,30.52,44.444925,26.127289
2022-11-19 21:00:00,2022-11-19 22:00:00,16.15,33.14,44.444925,26.127289
2022-11-19 22:00:00,2022-11-19 23:00:00,17.62,24.85,44.444925,26.127289
2022-11-19 23:00:00,2022-11-20 00:00:00,17.35,23.5,44.444925,26.127289
2022-11-20 00:00:00,2022-11-20 01:00:00,18.79,18.87,44.444925,26.127289
2022-11-20 01:00:00,2022-11-20 02:00:00,21.68,21.65,44.444925,26.127289
2022-11-20 02:00:00,2022-11-20 03:00:00,23.48,20.66,44.444925,26.127289
2022-11-20 03:00:00,2022-11-20 04:00:00,20.45,20.87,44.444925,26.127289
2022-11-20 04:00:00,2022-11-20 05:00:00,14.96,16.08,44.444925,26.127289
2022-11-20 05:00:00,2022-11-20 06:00:00,12.34,16.53,44.444925,26.127289
2022-11-20 06:00:00,2022-11-20 07:00:00,11.77,18.36,44.444925,26.127289
2022-11-20 07:00:00,2022-11-20 08:00:00,8.68,20.15,44.444925,26.127289
2022-11-20 08:00:00,2022-11-20 09:00:00,8.69,22.32,44.444925,26.127289
2022-11-20 10:00:00,2022-11-20 11:00:00,10.78,31.27,44.444925,26.127289
2022-11-20 11:00:00,2022-11-20 12:00:00,13.44,31.14,44.444925,26.127289
2022-11-20 12:00:00,2022-11-20 13:00:00,16.39,37.39,44.444925,26.127289
2022-11-20 13:00:00,2022-11-20 14:00:00,18.51,36.39,44.444925,26.127289
2022-11-20 14:00:00,2022-11-20 15:00:00,19.48,40.11,44.444925,26.127289
2022-11-20 15:00:00,2022-11-20 16:00:00,20.81,41.08,44.444925,26.127289
2022-11-20 16:00:00,2022-11-20 17:00:00,19.5,34.37,44.444925,26.127289
2022-11-20 17:00:00,2022-11-20 18:00:00,21.12,39.75,44.444925,26.127289
2022-11-20 18:00:00,2022-11-20 19:00:00,19.94,34.5,44.444925,26.127289
2022-11-20 19:00:00,2022-11-20 20:00:00,26.41,34.8,44.444925,26.127289
2022-11-20 20:00:00,2022-11-20 21:00:00,21.71,36.6,44.444925,26.127289
2022-11-20 21:00:00,2022-11-20 22:00:00,15.85,34.52,44.444925,26.127289
2022-11-20 22:00:00,2022-11-20 23:00:00,25.73,36.38,44.444925,26.127289
2022-11-20 23:00:00,2022-11-21 00:00:00,20.97,30.99,44.444925,26.127289
2022-11-21 00:00:00,2022-11-21 01:00:00,15.72,18.91,44.444925,26.127289
2022-11-21 01:00:00,2022-11-21 02:00:00,9.34,17.13,44.444925,26.127289
2022-11-21 02:00:00,2022-11-21 03:00:00,3.81,15.14,44.444925,26.127289
2022-11-21 03:00:00,2022-11-21 04:00:00,1.96,16.61,44.444925,26.127289
2022-11-21 04:00:00,2022-11-21 05:00:00,1.58,13.37,44.444925,26.127289
2022-11-21 05:00:00,2022-11-21 06:00:00,3.45,20.91,44.444925,26.127289
2022-11-21 06:00:00,2022-11-21 07:00:00,5.03,30.42,44.444925,26.127289
2022-11-21 07:00:00,2022-11-21 08:00:00,6.27,35.05,44.444925,26.127289
2022-11-21 08:00:00,2022-11-21 09:00:00,8.36,31.73,44.444925,26.127289
2022-11-21 09:00:00,2022-11-21 10:00:00,8.97,38.32,44.444925,26.127289
2022-11-21 11:00:00,2022-11-21 12:00:00,10.45,41.4,44.444925,26.127289
2022-11-21 12:00:00,2022-11-21 13:00:00,14.38,40.96,44.444925,26.127289
2022-11-21 13:00:00,2022-11-21 14:00:00,17.21,34.01,44.444925,26.127289
2022-11-21 14:00:00,2022-11-21 15:00:00,10.43,27.62,44.444925,26.127289
2022-11-21 15:00:00,2022-11-21 16:00:00,6.86,28.67,44.444925,26.127289
2022-11-21 16:00:00,2022-11-21 17:00:00,6.84,31.68,44.444925,26.127289
2022-11-21 17:00:00,2022-11-21 18:00:00,8.07,33.18,44.444925,26.127289
2022-11-21 18:00:00,2022-11-21 19:00:00,10.05,32.51,44.444925,26.127289
2022-11-21 19:00:00,2022-11-21 20:00:00,12.88,29.28,44.444925,26.127289
2022-11-21 20:00:00,2022-11-21 21:00:00,14.55,32.19,44.444925,26.127289
2022-11-21 21:00:00,2022-11-21 22:00:00,16.24,30.16,44.444925,26.127289
2022-11-21 22:00:00,2022-11-21 23:00:00,19.76,28.39,44.444925,26.127289
2022-11-21 23:00:00,2022-11-22 00:00:00,19.06,34.64,44.444925,26.127289
2022-11-22 00:00:00,2022-11-22 01:00:00,20.8,30.49,44.444925,26.127289
2022-11-22 01:00:00,2022-11-22 02:00:00,18.55,22.54,44.444925,26.127289
2022-11-22 02:00:00,2022-11-22 03:00:00,16.95,19.67,44.444925,26.127289
2022-11-22 03:00:00,2022-11-22 04:00:00,18.65,21.24,44.444925,26.127289
2022-11-22 04:00:00,2022-11-22 05:00:00,18.08,21.84,44.444925,26.127289
2022-11-22 05:00:00,2022-11-22 06:00:00,18.97,27.67,44.444925,26.127289
2022-11-22 06:00:00,2022-11-22 07:00:00,26.22,32.9,44.444925,26.127289
2022-11-22 07:00:00,2022-11-22 08:00:00,27.9,36.94,44.444925,26.127289
2022-11-22 08:00:00,2022-11-22 09:00:00,28.79,36.25,44.444925,26.127289
2022-11-22 09:00:00,2022-11-22 10:00:00,28.98,40.09,44.444925,26.127289
2022-11-22 13:00:00,2022-11-22 14:00:00,27.05,58.4,44.444925,26.127289
2022-11-22 14:00:00,2022-11-22 15:00:00,30.1,69.74,44.444925,26.127289
2022-11-22 15:00:00,2022-11-22 16:00:00,33.39,66.07,44.444925,26.127289
2022-11-22 16:00:00,2022-11-22 17:00:00,39.56,75.52,44.444925,26.127289
2022-11-22 17:00:00,2022-11-22 18:00:00,43.44,64.73,44.444925,26.127289
2022-11-22 18:00:00,2022-11-22 19:00:00,42.1,56.99,44.444925,26.127289
2022-11-22 19:00:00,2022-11-22 20:00:00,37.31,48.65,44.444925,26.127289
2022-11-22 20:00:00,2022-11-22 21:00:00,30.53,43.03,44.444925,26.127289
2022-11-22 21:00:00,2022-11-22 22:00:00,24.33,42.47,44.444925,26.127289
2022-11-22 22:00:00,2022-11-22 23:00:00,23.82,32.61,44.444925,26.127289
2022-11-22 23:00:00,2022-11-23 00:00:00,21.45,28.08,44.444925,26.127289
2022-11-23 00:00:00,2022-11-23 01:00:00,19.72,26.43,44.444925,26.127289
2022-11-23 04:00:00,2022-11-23 05:00:00,15.94,26.14,44.444925,26.127289
2022-11-23 05:00:00,2022-11-23 06:00:00,16.45,38.1,44.444925,26.127289
2022-11-23 06:00:00,2022-11-23 07:00:00,17.44,50.16,44.444925,26.127289
2022-11-24 12:00:00,2022-11-24 13:00:00,23.17,28.41,44.444925,26.127289
2022-11-24 14:00:00,2022-11-24 15:00:00,6.28,28.0,44.444925,26.127289
2022-11-24 15:00:00,2022-11-24 16:00:00,9.42,35.4,44.444925,26.127289
2022-11-24 16:00:00,2022-11-24 17:00:00,10.09,35.63,44.444925,26.127289
2022-11-24 17:00:00,2022-11-24 18:00:00,11.68,37.62,44.444925,26.127289
2022-11-24 18:00:00,2022-11-24 19:00:00,14.76,39.62,44.444925,26.127289
2022-11-24 19:00:00,2022-11-24 20:00:00,14.89,37.36,44.444925,26.127289
2022-11-24 20:00:00,2022-11-24 21:00:00,11.63,34.31,44.444925,26.127289
2022-11-24 21:00:00,2022-11-24 22:00:00,11.13,34.42,44.444925,26.127289
2022-11-24 22:00:00,2022-11-24 23:00:00,10.28,26.92,44.444925,26.127289
2022-11-24 23:00:00,2022-11-25 00:00:00,9.4,26.66,44.444925,26.127289
2022-11-25 00:00:00,2022-11-25 01:00:00,8.85,23.36,44.444925,26.127289
2022-11-25 01:00:00,2022-11-25 02:00:00,12.47,25.58,44.444925,26.127289
2022-11-25 02:00:00,2022-11-25 03:00:00,27.23,21.66,44.444925,26.127289
2022-11-25 03:00:00,2022-11-25 04:00:00,33.32,18.22,44.444925,26.127289
2022-11-25 04:00:00,2022-11-25 05:00:00,31.68,19.7,44.444925,26.127289
2022-11-25 05:00:00,2022-11-25 06:00:00,25.71,27.18,44.444925,26.127289
2022-11-25 06:00:00,2022-11-25 07:00:00,24.53,41.53,44.444925,26.127289
2022-11-25 07:00:00,2022-11-25 08:00:00,23.43,44.69,44.444925,26.127289
2022-11-25 08:00:00,2022-11-25 09:00:00,23.06,39.11,44.444925,26.127289
2022-11-25 09:00:00,2022-11-25 10:00:00,26.63,41.75,44.444925,26.127289
2022-11-25 10:00:00,2022-11-25 11:00:00,30.16,36.05,44.444925,26.127289
2022-11-25 11:00:00,2022-11-25 12:00:00,32.98,45.91,44.444925,26.127289
2022-11-25 12:00:00,2022-11-25 13:00:00,30.18,33.06,44.444925,26.127289
2022-11-25 13:00:00,2022-11-25 14:00:00,32.58,36.76,44.444925,26.127289
2022-11-25 15:00:00,2022-11-25 16:00:00,37.5,60.19,44.444925,26.127289
2022-11-25 16:00:00,2022-11-25 17:00:00,40.32,60.27,44.444925,26.127289
2022-11-25 17:00:00,2022-11-25 18:00:00,42.48,66.22,44.444925,26.127289
2022-11-25 18:00:00,2022-11-25 19:00:00,54.0,75.24,44.444925,26.127289
2022-11-25 19:00:00,2022-11-25 20:00:00,71.09,73.47,44.444925,26.127289
2022-11-25 20:00:00,2022-11-25 21:00:00,61.35,55.02,44.444925,26.127289
2022-11-25 21:00:00,2022-11-25 22:00:00,46.16,48.37,44.444925,26.127289
2022-11-25 22:00:00,2022-11-25 23:00:00,42.77,38.6,44.444925,26.127289
2022-11-25 23:00:00,2022-11-26 00:00:00,30.12,32.2,44.444925,26.127289
2022-11-26 00:00:00,2022-11-26 01:00:00,22.37,32.21,44.444925,26.127289
2022-11-26 01:00:00,2022-11-26 02:00:00,21.62,28.13,44.444925,26.127289
2022-11-26 02:00:00,2022-11-26 03:00:00,22.22,32.92,44.444925,26.127289
2022-11-26 03:00:00,2022-11-26 04:00:00,22.77,35.93,44.444925,26.127289
2022-11-26 04:00:00,2022-11-26 05:00:00,23.26,34.57,44.444925,26.127289
2022-11-26 05:00:00,2022-11-26 06:00:00,22.22,34.9,44.444925,26.127289
2022-11-26 06:00:00,2022-11-26 07:00:00,27.93,47.74,44.444925,26.127289
2022-11-26 07:00:00,2022-11-26 08:00:00,34.7,38.79,44.444925,26.127289
2022-11-26 08:00:00,2022-11-26 09:00:00,36.43,34.26,44.444925,26.127289
2022-11-26 09:00:00,2022-11-26 10:00:00,43.26,39.62,44.444925,26.127289
2022-11-26 10:00:00,2022-11-26 11:00:00,42.83,33.77,44.444925,26.127289
2022-11-26 11:00:00,2022-11-26 12:00:00,40.82,37.51,44.444925,26.127289
2022-11-26 12:00:00,2022-11-26 13:00:00,39.42,33.8,44.444925,26.127289
2022-11-26 13:00:00,2022-11-26 14:00:00,41.19,33.67,44.444925,26.127289
2022-11-26 14:00:00,2022-11-26 15:00:00,42.16,39.75,44.444925,26.127289
2022-11-26 16:00:00,2022-11-26 17:00:00,41.74,47.6,44.444925,26.127289
2022-11-26 17:00:00,2022-11-26 18:00:00,46.58,56.27,44.444925,26.127289
2022-11-26 18:00:00,2022-11-26 19:00:00,40.71,49.5,44.444925,26.127289
2022-11-26 19:00:00,2022-11-26 20:00:00,35.1,41.18,44.444925,26.127289
2022-11-26 20:00:00,2022-11-26 21:00:00,42.54,40.95,44.444925,26.127289
2022-11-26 21:00:00,2022-11-26 22:00:00,38.53,49.99,44.444925,26.127289
2022-11-26 22:00:00,2022-11-26 23:00:00,34.05,56.03,44.444925,26.127289
2022-11-26 23:00:00,2022-11-27 00:00:00,29.74,62.73,44.444925,26.127289
2022-11-27 00:00:00,2022-11-27 01:00:00,17.92,55.94,44.444925,26.127289
2022-11-27 01:00:00,2022-11-27 02:00:00,21.97,54.33,44.444925,26.127289
2022-11-27 02:00:00,2022-11-27 03:00:00,18.44,45.91,44.444925,26.127289
2022-11-27 03:00:00,2022-11-27 04:00:00,16.4,33.49,44.444925,26.127289
2022-11-27 04:00:00,2022-11-27 05:00:00,14.42,46.53,44.444925,26.127289
2022-11-27 05:00:00,2022-11-27 06:00:00,15.58,57.5,44.444925,26.127289
2022-11-27 06:00:00,2022-11-27 07:00:00,13.51,54.76,44.444925,26.127289
2022-11-27 07:00:00,2022-11-27 08:00:00,18.0,49.77,44.444925,26.127289
2022-11-27 08:00:00,2022-11-27 09:00:00,29.25,53.32,44.444925,26.127289
2022-11-27 09:00:00,2022-11-27 10:00:00,25.52,40.49,44.444925,26.127289
2022-11-27 10:00:00,2022-11-27 11:00:00,23.15,38.58,44.444925,26.127289
2022-11-27 11:00:00,2022-11-27 12:00:00,22.47,37.2,44.444925,26.127289
2022-11-27 12:00:00,2022-11-27 13:00:00,19.84,43.0,44.444925,26.127289
2022-11-27 13:00:00,2022-11-27 14:00:00,30.37,49.05,44.444925,26.127289
2022-11-27 14:00:00,2022-11-27 15:00:00,32.36,38.6,44.444925,26.127289
2022-11-27 15:00:00,2022-11-27 16:00:00,36.03,42.56,44.444925,26.127289
2022-11-27 17:00:00,2022-11-27 18:00:00,31.56,45.52,44.444925,26.127289
2022-11-27 18:00:00,2022-11-27 19:00:00,39.56,55.14,44.444925,26.127289
2022-11-27 19:00:00,2022-11-27 20:00:00,42.89,60.8,44.444925,26.127289
2022-11-27 20:00:00,2022-11-27 21:00:00,38.89,57.44,44.444925,26.127289
2022-11-27 21:00:00,2022-11-27 22:00:00,40.47,55.71,44.444925,26.127289
2022-11-27 22:00:00,2022-11-27 23:00:00,36.29,44.14,44.444925,26.127289
2022-11-27 23:00:00,2022-11-28 00:00:00,35.78,28.48,44.444925,26.127289
2022-11-28 00:00:00,2022-11-28 01:00:00,28.51,23.27,44.444925,26.127289
2022-11-28 01:00:00,2022-11-28 02:00:00,28.64,24.78,44.444925,26.127289
2022-11-28 02:00:00,2022-11-28 03:00:00,25.81,22.25,44.444925,26.127289
2022-11-28 03:00:00,2022-11-28 04:00:00,21.7,20.8,44.444925,26.127289
2022-11-28 04:00:00,2022-11-28 05:00:00,19.86,22.84,44.444925,26.127289
2022-11-28 05:00:00,2022-11-28 06:00:00,24.98,31.16,44.444925,26.127289
2022-11-28 06:00:00,2022-11-28 07:00:00,31.0,40.24,44.444925,26.127289
2022-11-28 07:00:00,2022-11-28 08:00:00,29.72,44.64,44.444925,26.127289
2022-11-28 08:00:00,2022-11-28 09:00:00,26.33,48.46,44.444925,26.127289
2022-11-28 09:00:00,2022-11-28 10:00:00,23.89,54.14,44.444925,26.127289
2022-11-28 10:00:00,2022-11-28 11:00:00,24.19,52.74,44.444925,26.127289
2022-11-28 11:00:00,2022-11-28 12:00:00,25.03,53.0,44.444925,26.127289
2022-11-28 12:00:00,2022-11-28 13:00:00,24.13,54.27,44.444925,26.127289
2022-11-28 13:00:00,2022-11-28 14:00:00,22.81,51.98,44.444925,26.127289
2022-11-28 14:00:00,2022-11-28 15:00:00,21.11,55.93,44.444925,26.127289
2022-11-28 15:00:00,2022-11-28 16:00:00,22.91,62.08,44.444925,26.127289
2022-11-28 16:00:00,2022-11-28 17:00:00,23.02,58.97,44.444925,26.127289
2022-11-28 18:00:00,2022-11-28 19:00:00,24.68,55.88,44.444925,26.127289
2022-11-28 19:00:00,2022-11-28 20:00:00,24.74,52.32,44.444925,26.127289
2022-11-28 20:00:00,2022-11-28 21:00:00,22.0,41.21,44.444925,26.127289
2022-11-28 21:00:00,2022-11-28 22:00:00,20.58,37.07,44.444925,26.127289
2022-11-28 22:00:00,2022-11-28 23:00:00,15.8,36.98,44.444925,26.127289
2022-11-28 23:00:00,2022-11-29 00:00:00,15.35,29.38,44.444925,26.127289
2022-11-29 00:00:00,2022-11-29 01:00:00,14.98,23.55,44.444925,26.127289
2022-11-29 01:00:00,2022-11-29 02:00:00,15.53,19.65,44.444925,26.127289
2022-11-29 02:00:00,2022-11-29 03:00:00,16.42,16.41,44.444925,26.127289
2022-11-29 03:00:00,2022-11-29 04:00:00,15.39,16.95,44.444925,26.127289
2022-11-29 04:00:00,2022-11-29 05:00:00,15.62,21.98,44.444925,26.127289
2022-11-29 05:00:00,2022-11-29 06:00:00,16.37,34.96,44.444925,26.127289
2022-11-29 06:00:00,2022-11-29 07:00:00,19.32,54.38,44.444925,26.127289
2022-11-29 07:00:00,2022-11-29 08:00:00,21.91,52.83,44.444925,26.127289
2022-11-29 08:00:00,2022-11-29 09:00:00,23.29,51.25,44.444925,26.127289
2022-11-29 09:00:00,2022-11-29 10:00:00,23.17,42.54,44.444925,26.127289
2022-11-29 10:00:00,2022-11-29 11:00:00,16.2,48.38,44.444925,26.127289
2022-11-29 11:00:00,2022-11-29 12:00:00,13.13,49.87,44.444925,26.127289
2022-11-29 12:00:00,2022-11-29 13:00:00,9.57,49.87,44.444925,26.127289
2022-11-29 13:00:00,2022-11-29 14:00:00,10.04,44.14,44.444925,26.127289
2022-11-29 14:00:00,2022-11-29 15:00:00,10.1,41.06,44.444925,26.127289
2022-11-29 15:00:00,2022-11-29 16:00:00,10.13,40.94,44.444925,26.127289
2022-11-29 16:00:00,2022-11-29 17:00:00,12.3,40.69,44.444925,26.127289
2022-11-29 17:00:00,2022-11-29 18:00:00,12.9,39.38,44.444925,26.127289
2022-11-29 19:00:00,2022-11-29 20:00:00,10.84,32.42,44.444925,26.127289
2022-11-29 20:00:00,2022-11-29 21:00:00,10.06,27.22,44.444925,26.127289
2022-11-29 21:00:00,2022-11-29 22:00:00,10.38,23.79,44.444925,26.127289
2022-11-29 22:00:00,2022-11-29 23:00:00,9.82,23.2,44.444925,26.127289
2022-11-29 23:00:00,2022-11-30 00:00:00,10.25,26.79,44.444925,26.127289
2022-11-30 00:00:00,2022-11-30 01:00:00,11.23,20.44,44.444925,26.127289
2022-11-30 01:00:00,2022-11-30 02:00:00,11.8,15.69,44.444925,26.127289
2022-11-30 02:00:00,2022-11-30 03:00:00,12.4,15.98,44.444925,26.127289
2022-11-30 03:00:00,2022-11-30 04:00:00,8.89,16.29,44.444925,26.127289
2022-11-30 04:00:00,2022-11-30 05:00:00,9.42,16.97,44.444925,26.127289
2022-11-30 05:00:00,2022-11-30 06:00:00,9.45,22.64,44.444925,26.127289
2022-11-30 06:00:00,2022-11-30 07:00:00,8.07,30.46,44.444925,26.127289
2022-11-30 07:00:00,2022-11-30 08:00:00,8.23,32.25,44.444925,26.127289
2022-11-30 08:00:00,2022-11-30 09:00:00,10.08,28.56,44.444925,26.127289
2022-11-30 09:00:00,2022-11-30 10:00:00,11.54,32.38,44.444925,26.127289
2022-11-30 10:00:00,2022-11-30 11:00:00,8.45,34.86,44.444925,26.127289
2022-11-30 11:00:00,2022-11-30 12:00:00,7.75,36.75,44.444925,26.127289
2022-11-30 12:00:00,2022-11-30 13:00:00,8.68,37.33,44.444925,26.127289
2022-11-30 13:00:00,2022-11-30 14:00:00,10.26,43.5,44.444925,26.127289
2022-11-30 14:00:00,2022-11-30 15:00:00,14.53,35.09,44.444925,26.127289
2022-11-30 15:00:00,2022-11-30 16:00:00,9.78,38.83,44.444925,26.127289
2022-11-30 16:00:00,2022-11-30 17:00:00,10.54,37.95,44.444925,26.127289
2022-11-30 17:00:00,2022-11-30 18:00:00,12.81,47.2,44.444925,26.127289
2022-11-30 18:00:00,2022-11-30 19:00:00,14.64,33.98,44.444925,26.127289
2022-11-30 20:00:00,2022-11-30 21:00:00,19.88,28.09,44.444925,26.127289
2022-11-30 21:00:00,2022-11-30 22:00:00,21.47,33.61,44.444925,26.127289
2022-11-30 22:00:00,2022-11-30 23:00:00,22.18,21.75,44.444925,26.127289
2022-11-30 23:00:00,2022-12-01 00:00:00,21.57,21.73,44.444925,26.127289
2022-12-01 00:00:00,2022-12-01 01:00:00,20.8,17.1,44.444925,26.127289
2022-12-01 01:00:00,2022-12-01 02:00:00,24.65,16.77,44.444925,26.127289
2022-12-01 02:00:00,2022-12-01 03:00:00,22.08,15.58,44.444925,26.127289
2022-12-01 03:00:00,2022-12-01 04:00:00,18.9,15.54,44.444925,26.127289
2022-12-01 04:00:00,2022-12-01 05:00:00,18.01,18.16,44.444925,26.127289
2022-12-01 05:00:00,2022-12-01 06:00:00,17.63,17.88,44.444925,26.127289
2022-12-01 06:00:00,2022-12-01 07:00:00,18.1,18.92,44.444925,26.127289
2022-12-01 07:00:00,2022-12-01 08:00:00,17.73,20.59,44.444925,26.127289
2022-12-01 08:00:00,2022-12-01 09:00:00,15.58,22.93,44.444925,26.127289
2022-12-01 09:00:00,2022-12-01 10:00:00,13.27,25.6,44.444925,26.127289
2022-12-01 10:00:00,2022-12-01 11:00:00,12.48,25.98,44.444925,26.127289
2022-12-01 11:00:00,2022-12-01 12:00:00,12.38,29.11,44.444925,26.127289
2022-12-01 12:00:00,2022-12-01 13:00:00,13.19,36.04,44.444925,26.127289
2022-12-01 13:00:00,2022-12-01 14:00:00,15.33,40.76,44.444925,26.127289
2022-12-01 14:00:00,2022-12-01 15:00:00,15.77,34.67,44.444925,26.127289
2022-12-01 15:00:00,2022-12-01 16:00:00,16.18,37.59,44.444925,26.127289
2022-12-01 16:00:00,2022-12-01 17:00:00,15.87,38.55,44.444925,26.127289
2022-12-01 17:00:00,2022-12-01 18:00:00,18.36,47.38,44.444925,26.127289
2022-12-01 18:00:00,2022-12-01 19:00:00,17.46,47.55,44.444925,26.127289
2022-12-01 19:00:00,2022-12-01 20:00:00,15.39,48.55,44.444925,26.127289
2022-12-01 21:00:00,2022-12-01 22:00:00,16.22,34.15,44.444925,26.127289
2022-12-01 22:00:00,2022-12-01 23:00:00,15.11,30.45,44.444925,26.127289
2022-12-01 23:00:00,2022-12-02 00:00:00,15.85,25.33,44.444925,26.127289
2022-12-02 00:00:00,2022-12-02 01:00:00,15.86,24.03,44.444925,26.127289
2022-12-02 01:00:00,2022-12-02 02:00:00,13.25,15.47,44.444925,26.127289
2022-12-02 02:00:00,2022-12-02 03:00:00,11.54,16.72,44.444925,26.127289
2022-12-02 03:00:00,2022-12-02 04:00:00,12.01,15.67,44.444925,26.127289
2022-12-02 04:00:00,2022-12-02 05:00:00,12.22,18.92,44.444925,26.127289
2022-12-02 05:00:00,2022-12-02 06:00:00,12.11,20.63,44.444925,26.127289
2022-12-02 06:00:00,2022-12-02 07:00:00,16.58,30.98,44.444925,26.127289
2022-12-02 07:00:00,2022-12-02 08:00:00,23.12,26.97,44.444925,26.127289
2022-12-02 08:00:00,2022-12-02 09:00:00,22.1,27.02,44.444925,26.127289
2022-12-02 09:00:00,2022-12-02 10:00:00,22.01,28.64,44.444925,26.127289
2022-12-02 10:00:00,2022-12-02 11:00:00,21.85,25.92,44.444925,26.127289
2022-12-02 11:00:00,2022-12-02 12:00:00,19.68,31.67,44.444925,26.127289
2022-12-02 12:00:00,2022-12-02 13:00:00,20.29,35.74,44.444925,26.127289
2022-12-02 13:00:00,2022-12-02 14:00:00,23.27,41.5,44.444925,26.127289
2022-12-02 14:00:00,2022-12-02 15:00:00,19.24,37.07,44.444925,26.127289
2022-12-02 15:00:00,2022-12-02 16:00:00,19.51,35.89,44.444925,26.127289
2022-12-02 16:00:00,2022-12-02 17:00:00,20.96,42.23,44.444925,26.127289
2022-12-02 17:00:00,2022-12-02 18:00:00,26.29,37.52,44.444925,26.127289
2022-12-02 18:00:00,2022-12-02 19:00:00,28.17,40.16,44.444925,26.127289
2022-12-02 19:00:00,2022-12-02 20:00:00,32.41,40.85,44.444925,26.127289
2022-12-02 20:00:00,2022-12-02 21:00:00,34.79,36.19,44.444925,26.127289
2022-12-02 22:00:00,2022-12-02 23:00:00,37.16,34.49,44.444925,26.127289
2022-12-02 23:00:00,2022-12-03 00:00:00,36.83,28.56,44.444925,26.127289
2022-12-03 00:00:00,2022-12-03 01:00:00,32.48,23.98,44.444925,26.127289
2022-12-03 01:00:00,2022-12-03 02:00:00,27.27,22.54,44.444925,26.127289
2022-12-03 02:00:00,2022-12-03 03:00:00,26.91,20.9,44.444925,26.127289
2022-12-03 03:00:00,2022-12-03 04:00:00,27.66,19.75,44.444925,26.127289
2022-12-03 04:00:00,2022-12-03 05:00:00,28.16,21.59,44.444925,26.127289
2022-12-03 05:00:00,2022-12-03 06:00:00,29.6,26.97,44.444925,26.127289
2022-12-03 06:00:00,2022-12-03 07:00:00,27.93,27.8,44.444925,26.127289
2022-12-03 07:00:00,2022-12-03 08:00:00,28.98,29.34,44.444925,26.127289
2022-12-03 08:00:00,2022-12-03 09:00:00,33.07,29.82,44.444925,26.127289
2022-12-03 09:00:00,2022-12-03 10:00:00,34.74,27.62,44.444925,26.127289
2022-12-03 10:00:00,2022-12-03 11:00:00,37.39,32.39,44.444925,26.127289
2022-12-03 11:00:00,2022-12-03 12:00:00,37.61,29.94,44.444925,26.127289
2022-12-03 12:00:00,2022-12-03 13:00:00,36.09,31.48,44.444925,26.127289
2022-12-03 13:00:00,2022-12-03 14:00:00,34.02,34.99,44.444925,26.127289
2022-12-03 14:00:00,2022-12-03 15:00:00,31.42,36.49,44.444925,26.127289
2022-12-03 15:00:00,2022-12-03 16:00:00,30.87,38.43,44.444925,26.127289
2022-12-03 16:00:00,2022-12-03 17:00:00,29.34,38.76,44.444925,26.127289
2022-12-03 17:00:00,2022-12-03 18:00:00,24.11,40.9,44.444925,26.127289
2022-12-03 18:00:00,2022-12-03 19:00:00,24.31,37.39,44.444925,26.127289
2022-12-03 19:00:00,2022-12-03 20:00:00,25.13,33.65,44.444925,26.127289
2022-12-03 20:00:00,2022-12-03 21:00:00,20.87,34.88,44.444925,26.127289
2022-12-03 21:00:00,2022-12-03 22:00:00,18.32,29.96,44.444925,26.127289
2022-12-03 23:00:00,2022-12-04 00:00:00,16.66,31.43,44.444925,26.127289
2022-12-04 00:00:00,2022-12-04 01:00:00,20.41,27.13,44.444925,26.127289
2022-12-04 01:00:00,2022-12-04 02:00:00,18.18,25.36,44.444925,26.127289
2022-12-04 02:00:00,2022-12-04 03:00:00,10.79,20.08,44.444925,26.127289
2022-12-04 03:00:00,2022-12-04 04:00:00,8.2,19.74,44.444925,26.127289
2022-12-04 04:00:00,2022-12-04 05:00:00,6.95,21.32,44.444925,26.127289
2022-12-04 05:00:00,2022-12-04 06:00:00,7.19,21.99,44.444925,26.127289
2022-12-04 06:00:00,2022-12-04 07:00:00,8.51,20.34,44.444925,26.127289
2022-12-04 07:00:00,2022-12-04 08:00:00,10.14,24.09,44.444925,26.127289
2022-12-04 08:00:00,2022-12-04 09:00:00,10.0,22.52,44.444925,26.127289
2022-12-04 09:00:00,2022-12-04 10:00:00,10.14,28.52,44.444925,26.127289
2022-12-04 10:00:00,2022-12-04 11:00:00,9.8,32.94,44.444925,26.127289
2022-12-04 11:00:00,2022-12-04 12:00:00,10.38,39.19,44.444925,26.127289
2022-12-04 12:00:00,2022-12-04 13:00:00,11.8,41.62,44.444925,26.127289
2022-12-04 13:00:00,2022-12-04 14:00:00,12.37,40.12,44.444925,26.127289
2022-12-04 14:00:00,2022-12-04 15:00:00,14.41,48.81,44.444925,26.127289
2022-12-04 15:00:00,2022-12-04 16:00:00,18.29,50.88,44.444925,26.127289
2022-12-04 16:00:00,2022-12-04 17:00:00,19.06,39.98,44.444925,26.127289
2022-12-04 17:00:00,2022-12-04 18:00:00,15.83,46.39,44.444925,26.127289
2022-12-04 18:00:00,2022-12-04 19:00:00,16.33,41.43,44.444925,26.127289
2022-12-04 19:00:00,2022-12-04 20:00:00,15.35,39.08,44.444925,26.127289
2022-12-04 20:00:00,2022-12-04 21:00:00,14.79,36.97,44.444925,26.127289
2022-12-04 21:00:00,2022-12-04 22:00:00,8.8,36.55,44.444925,26.127289
2022-12-04 22:00:00,2022-12-04 23:00:00,7.32,30.92,44.444925,26.127289
2022-12-05 00:00:00,2022-12-05 01:00:00,6.54,24.45,44.444925,26.127289
2022-12-05 01:00:00,2022-12-05 02:00:00,6.27,20.38,44.444925,26.127289
2022-12-05 02:00:00,2022-12-05 03:00:00,7.66,19.77,44.444925,26.127289
2022-12-05 03:00:00,2022-12-05 04:00:00,8.87,20.99,44.444925,26.127289
2022-12-05 04:00:00,2022-12-05 05:00:00,9.42,22.6,44.444925,26.127289
2022-12-05 05:00:00,2022-12-05 06:00:00,10.63,34.46,44.444925,26.127289
2022-12-05 06:00:00,2022-12-05 07:00:00,11.55,51.55,44.444925,26.127289
2022-12-05 07:00:00,2022-12-05 08:00:00,13.34,52.24,44.444925,26.127289
2022-12-05 08:00:00,2022-12-05 09:00:00,14.74,53.27,44.444925,26.127289
2022-12-05 09:00:00,2022-12-05 10:00:00,14.71,42.98,44.444925,26.127289
2022-12-05 10:00:00,2022-12-05 11:00:00,16.6,43.92,44.444925,26.127289
2022-12-05 11:00:00,2022-12-05 12:00:00,17.75,54.57,44.444925,26.127289
2022-12-05 12:00:00,2022-12-05 13:00:00,17.47,51.52,44.444925,26.127289
2022-12-05 13:00:00,2022-12-05 14:00:00,15.38,53.14,44.444925,26.127289
2022-12-05 14:00:00,2022-12-05 15:00:00,14.42,49.7,44.444925,26.127289
2022-12-05 15:00:00,2022-12-05 16:00:00,14.24,51.91,44.444925,26.127289
2022-12-05 16:00:00,2022-12-05 17:00:00,15.32,52.96,44.444925,26.127289
2022-12-05 17:00:00,2022-12-05 18:00:00,15.08,47.8,44.444925,26.127289
2022-12-05 18:00:00,2022-12-05 19:00:00,14.79,49.56,44.444925,26.127289
2022-12-05 19:00:00,2022-12-05 20:00:00,11.33,42.74,44.444925,26.127289
2022-12-05 20:00:00,2022-12-05 21:00:00,10.17,36.58,44.444925,26.127289
2022-12-05 21:00:00,2022-12-05 22:00:00,10.85,36.72,44.444925,26.127289
2022-12-05 22:00:00,2022-12-05 23:00:00,11.45,34.07,44.444925,26.127289
2022-12-05 23:00:00,2022-12-06 00:00:00,13.01,31.09,44.444925,26.127289
2022-12-06 01:00:00,2022-12-06 02:00:00,12.62,25.64,44.444925,26.127289
2022-12-06 02:00:00,2022-12-06 03:00:00,9.32,23.87,44.444925,26.127289
2022-12-06 03:00:00,2022-12-06 04:00:00,5.09,20.8,44.444925,26.127289
2022-12-06 04:00:00,2022-12-06 05:00:00,3.75,22.91,44.444925,26.127289
2022-12-06 05:00:00,2022-12-06 06:00:00,5.58,36.11,44.444925,26.127289
2022-12-06 06:00:00,2022-12-06 07:00:00,9.58,45.53,44.444925,26.127289
2022-12-06 07:00:00,2022-12-06 08:00:00,12.75,50.12,44.444925,26.127289
2022-12-06 08:00:00,2022-12-06 09:00:00,15.75,49.85,44.444925,26.127289
2022-12-06 09:00:00,2022-12-06 10:00:00,21.96,48.31,44.444925,26.127289
2022-12-06 10:00:00,2022-12-06 11:00:00,27.33,48.94,44.444925,26.127289
2022-12-06 11:00:00,2022-12-06 12:00:00,24.08,42.54,44.444925,26.127289
2022-12-06 12:00:00,2022-12-06 13:00:00,26.62,42.91,44.444925,26.127289
2022-12-06 13:00:00,2022-12-06 14:00:00,27.86,39.78,44.444925,26.127289
2022-12-06 14:00:00,2022-12-06 15:00:00,28.68,45.07,44.444925,26.127289
2022-12-06 15:00:00,2022-12-06 16:00:00,28.09,42.77,44.444925,26.127289
2022-12-06 16:00:00,2022-12-06 17:00:00,29.87,39.69,44.444925,26.127289
2022-12-06 17:00:00,2022-12-06 18:00:00,27.13,49.42,44.444925,26.127289
2022-12-06 18:00:00,2022-12-06 19:00:00,27.59,45.35,44.444925,26.127289
2022-12-06 19:00:00,2022-12-06 20:00:00,31.98,39.19,44.444925,26.127289
2022-12-06 20:00:00,2022-12-06 21:00:00,27.17,39.64,44.444925,26.127289
2022-12-06 21:00:00,2022-12-06 22:00:00,23.92,38.18,44.444925,26.127289
2022-12-06 22:00:00,2022-12-06 23:00:00,22.55,33.59,44.444925,26.127289
2022-12-06 23:00:00,2022-12-07 00:00:00,19.26,30.33,44.444925,26.127289
2022-12-07 00:00:00,2022-12-07 01:00:00,20.68,27.94,44.444925,26.127289
2022-12-07 02:00:00,2022-12-07 03:00:00,20.8,20.31,44.444925,26.127289
2022-12-07 03:00:00,2022-12-07 04:00:00,19.22,19.24,44.444925,26.127289
2022-12-07 04:00:00,2022-12-07 05:00:00,16.56,19.1,44.444925,26.127289
2022-12-07 05:00:00,2022-12-07 06:00:00,13.99,23.71,44.444925,26.127289
2022-12-07 06:00:00,2022-12-07 07:00:00,13.25,29.47,44.444925,26.127289
2022-12-07 07:00:00,2022-12-07 08:00:00,16.57,31.16,44.444925,26.127289
2022-12-07 08:00:00,2022-12-07 09:00:00,17.27,27.61,44.444925,26.127289
2022-12-07 09:00:00,2022-12-07 10:00:00,17.83,27.67,44.444925,26.127289
2022-12-07 10:00:00,2022-12-07 11:00:00,14.83,25.11,44.444925,26.127289
2022-12-07 11:00:00,2022-12-07 12:00:00,17.05,26.36,44.444925,26.127289
2022-12-07 12:00:00,2022-12-07 13:00:00,17.93,24.46,44.444925,26.127289
2022-12-07 13:00:00,2022-12-07 14:00:00,18.97,25.54,44.444925,26.127289
2022-12-07 14:00:00,2022-12-07 15:00:00,22.75,37.67,44.444925,26.127289
2022-12-07 15:00:00,2022-12-07 16:00:00,26.83,48.86,44.444925,26.127289
2022-12-07 16:00:00,2022-12-07 17:00:00,32.13,56.98,44.444925,26.127289
2022-12-07 17:00:00,2022-12-07 18:00:00,37.33,59.57,44.444925,26.127289
2022-12-07 18:00:00,2022-12-07 19:00:00,39.94,57.91,44.444925,26.127289
2022-12-07 19:00:00,2022-12-07 20:00:00,54.89,66.35,44.444925,26.127289
2022-12-07 20:00:00,2022-12-07 21:00:00,49.54,51.78,44.444925,26.127289
2022-12-07 21:00:00,2022-12-07 22:00:00,58.03,56.58,44.444925,26.127289
2022-12-07 22:00:00,2022-12-07 23:00:00,56.18,53.05,44.444925,26.127289
2022-12-07 23:00:00,2022-12-08 00:00:00,48.11,41.58,44.444925,26.127289
2022-12-08 00:00:00,2022-12-08 01:00:00,35.81,39.38,44.444925,26.127289
2022-12-08 01:00:00,2022-12-08 02:00:00,35.52,35.81,44.444925,26.127289
2022-12-08 03:00:00,2022-12-08 04:00:00,42.19,30.67,44.444925,26.127289
2022-12-08 04:00:00,2022-12-08 05:00:00,30.88,25.95,44.444925,26.127289
2022-12-08 05:00:00,2022-12-08 06:00:00,36.9,32.12,44.444925,26.127289
2022-12-08 06:00:00,2022-12-08 07:00:00,48.59,42.44,44.444925,26.127289
2022-12-08 07:00:00,2022-12-08 08:00:00,27.08,44.45,44.444925,26.127289
2022-12-08 08:00:00,2022-12-08 09:00:00,41.46,43.46,44.444925,26.127289
2022-12-08 09:00:00,2022-12-08 10:00:00,36.95,47.28,44.444925,26.127289
2022-12-08 10:00:00,2022-12-08 11:00:00,37.93,50.85,44.444925,26.127289
2022-12-08 11:00:00,2022-12-08 12:00:00,31.1,51.62,44.444925,26.127289
2022-12-08 12:00:00,2022-12-08 13:00:00,29.89,49.86,44.444925,26.127289
2022-12-08 13:00:00,2022-12-08 14:00:00,30.88,50.8,44.444925,26.127289
2022-12-08 14:00:00,2022-12-08 15:00:00,31.5,54.88,44.444925,26.127289
2022-12-08 15:00:00,2022-12-08 16:00:00,30.88,58.29,44.444925,26.127289
2022-12-08 16:00:00,2022-12-08 17:00:00,27.28,58.91,44.444925,26.127289
2022-12-08 17:00:00,2022-12-08 18:00:00,29.39,46.79,44.444925,26.127289
2022-12-08 18:00:00,2022-12-08 19:00:00,30.36,44.6,44.444925,26.127289
2022-12-08 19:00:00,2022-12-08 20:00:00,28.41,39.33,44.444925,26.127289
2022-12-08 20:00:00,2022-12-08 21:00:00,29.3,35.95,44.444925,26.127289
2022-12-08 21:00:00,2022-12-08 22:00:00,34.69,35.21,44.444925,26.127289
2022-12-08 22:00:00,2022-12-08 23:00:00,31.72,29.04,44.444925,26.127289
2022-12-08 23:00:00,2022-12-09 00:00:00,27.71,27.48,44.444925,26.127289
2022-12-09 00:00:00,2022-12-09 01:00:00,25.43,23.5,44.444925,26.127289
2022-12-09 01:00:00,2022-12-09 02:00:00,28.19,24.83,44.444925,26.127289
2022-12-09 02:00:00,2022-12-09 03:00:00,26.09,25.02,44.444925,26.127289
2022-12-09 04:00:00,2022-12-09 05:00:00,22.47,24.27,44.444925,26.127289
2022-12-09 05:00:00,2022-12-09 06:00:00,22.27,26.79,44.444925,26.127289
2022-12-09 06:00:00,2022-12-09 07:00:00,23.55,31.07,44.444925,26.127289
2022-12-09 07:00:00,2022-12-09 08:00:00,18.53,31.53,44.444925,26.127289
2022-12-09 08:00:00,2022-12-09 09:00:00,20.16,31.85,44.444925,26.127289
2022-12-09 09:00:00,2022-12-09 10:00:00,21.12,31.78,44.444925,26.127289
2022-12-09 10:00:00,2022-12-09 11:00:00,23.16,34.33,44.444925,26.127289
2022-12-09 11:00:00,2022-12-09 12:00:00,28.06,37.61,44.444925,26.127289
2022-12-09 12:00:00,2022-12-09 13:00:00,30.89,39.56,44.444925,26.127289
2022-12-09 13:00:00,2022-12-09 14:00:00,35.06,46.86,44.444925,26.127289
2022-12-09 14:00:00,2022-12-09 15:00:00,40.02,61.56,44.444925,26.127289
2022-12-09 15:00:00,2022-12-09 16:00:00,53.15,73.69,44.444925,26.127289
2022-12-09 16:00:00,2022-12-09 17:00:00,62.92,71.49,44.444925,26.127289
2022-12-09 17:00:00,2022-12-09 18:00:00,75.28,71.35,44.444925,26.127289
2022-12-09 18:00:00,2022-12-09 19:00:00,74.75,60.31,44.444925,26.127289
2022-12-09 19:00:00,2022-12-09 20:00:00,66.86,56.12,44.444925,26.127289
2022-12-09 20:00:00,2022-12-09 21:00:00,42.56,56.01,44.444925,26.127289
2022-12-09 21:00:00,2022-12-09 22:00:00,29.74,40.07,44.444925,26.127289
2022-12-09 22:00:00,2022-12-09 23:00:00,27.67,38.01,44.444925,26.127289
2022-12-09 23:00:00,2022-12-10 00:00:00,22.27,37.91,44.444925,26.127289
2022-12-10 00:00:00,2022-12-10 01:00:00,29.37,35.95,44.444925,26.127289
2022-12-10 01:00:00,2022-12-10 02:00:00,28.09,34.13,44.444925,26.127289
2022-12-10 02:00:00,2022-12-10 03:00:00,24.22,36.03,44.444925,26.127289
2022-12-10 03:00:00,2022-12-10 04:00:00,25.08,36.37,44.444925,26.127289
2022-12-10 05:00:00,2022-12-10 06:00:00,30.32,36.92,44.444925,26.127289
2022-12-10 06:00:00,2022-12-10 07:00:00,21.7,34.6,44.444925,26.127289
2022-12-10 07:00:00,2022-12-10 08:00:00,20.57,36.05,44.444925,26.127289
2022-12-10 08:00:00,2022-12-10 09:00:00,25.64,39.11,44.444925,26.127289
2022-12-10 09:00:00,2022-12-10 10:00:00,30.5,37.58,44.444925,26.127289
2022-12-10 10:00:00,2022-12-10 11:00:00,36.51,42.68,44.444925,26.127289
2022-12-10 11:00:00,2022-12-10 12:00:00,42.09,50.38,44.444925,26.127289
2022-12-10 12:00:00,2022-12-10 13:00:00,48.47,57.02,44.444925,26.127289
2022-12-10 13:00:00,2022-12-10 14:00:00,34.63,45.34,44.444925,26.127289
2022-12-10 14:00:00,2022-12-10 15:00:00,40.05,51.53,44.444925,26.127289
2022-12-10 15:00:00,2022-12-10 16:00:00,48.01,69.81,44.444925,26.127289
2022-12-10 16:00:00,2022-12-10 17:00:00,64.07,99.25,44.444925,26.127289
2022-12-10 17:00:00,2022-12-10 18:00:00,66.28,84.66,44.444925,26.127289
2022-12-10 18:00:00,2022-12-10 19:00:00,65.86,62.49,44.444925,26.127289
2022-12-10 19:00:00,2022-12-10 20:00:00,66.16,56.55,44.444925,26.127289
2022-12-10 20:00:00,2022-12-10 21:00:00,66.31,59.33,44.444925,26.127289
2022-12-10 21:00:00,2022-12-10 22:00:00,63.65,55.1,44.444925,26.127289
2022-12-10 22:00:00,2022-12-10 23:00:00,54.02,44.27,44.444925,26.127289
2022-12-10 23:00:00,2022-12-11 00:00:00,49.38,43.96,44.444925,26.127289
2022-12-11 00:00:00,2022-12-11 01:00:00,45.69,37.66,44.444925,26.127289
2022-12-11 01:00:00,2022-12-11 02:00:00,43.1,34.85,44.444925,26.127289
2022-12-11 02:00:00,2022-12-11 03:00:00,38.91,32.94,44.444925,26.127289
2022-12-11 03:00:00,2022-12-11 04:00:00,38.12,32.08,44.444925,26.127289
2022-12-11 04:00:00,2022-12-11 05:00:00,32.57,31.42,44.444925,26.127289
2022-12-11 06:00:00,2022-12-11 07:00:00,27.95,44.13,44.444925,26.127289
2022-12-11 07:00:00,2022-12-11 08:00:00,31.33,50.16,44.444925,26.127289
2022-12-11 08:00:00,2022-12-11 09:00:00,23.18,32.75,44.444925,26.127289
2022-12-11 09:00:00,2022-12-11 10:00:00,15.37,22.71,44.444925,26.127289
2022-12-11 10:00:00,2022-12-11 11:00:00,13.46,18.26,44.444925,26.127289
2022-12-11 11:00:00,2022-12-11 12:00:00,19.35,21.9,44.444925,26.127289
2022-12-11 12:00:00,2022-12-11 13:00:00,18.88,25.07,44.444925,26.127289
2022-12-11 13:00:00,2022-12-11 14:00:00,20.42,24.5,44.444925,26.127289
2022-12-11 14:00:00,2022-12-11 15:00:00,26.92,23.69,44.444925,26.127289
2022-12-11 15:00:00,2022-12-11 16:00:00,14.98,23.36,44.444925,26.127289
2022-12-11 16:00:00,2022-12-11 17:00:00,11.52,20.98,44.444925,26.127289
2022-12-11 17:00:00,2022-12-11 18:00:00,9.01,22.83,44.444925,26.127289
2022-12-11 18:00:00,2022-12-11 19:00:00,8.51,20.62,44.444925,26.127289
2022-12-11 19:00:00,2022-12-11 20:00:00,7.69,19.72,44.444925,26.127289
2022-12-11 20:00:00,2022-12-11 21:00:00,10.29,18.55,44.444925,26.127289
2022-12-11 21:00:00,2022-12-11 22:00:00,14.87,17.19,44.444925,26.127289
2022-12-11 22:00:00,2022-12-11 23:00:00,16.44,14.69,44.444925,26.127289
2022-12-11 23:00:00,2022-12-12 00:00:00,18.19,12.12,44.444925,26.127289
2022-12-12 00:00:00,2022-12-12 01:00:00,20.7,10.59,44.444925,26.127289
2022-12-12 01:00:00,2022-12-12 02:00:00,20.86,10.39,44.444925,26.127289
2022-12-12 02:00:00,2022-12-12 03:00:00,19.2,10.42,44.444925,26.127289
2022-12-12 03:00:00,2022-12-12 04:00:00,17.92,11.22,44.444925,26.127289
2022-12-12 04:00:00,2022-12-12 05:00:00,17.73,17.34,44.444925,26.127289
2022-12-12 05:00:00,2022-12-12 06:00:00,23.4,30.51,44.444925,26.127289
2022-12-12 07:00:00,2022-12-12 08:00:00,17.59,41.94,44.444925,26.127289
2022-12-12 08:00:00,2022-12-12 09:00:00,18.65,36.32,44.444925,26.127289
2022-12-12 09:00:00,2022-12-12 10:00:00,17.41,28.56,44.444925,26.127289
2022-12-12 10:00:00,2022-12-12 11:00:00,16.41,27.13,44.444925,26.127289
2022-12-12 11:00:00,2022-12-12 12:00:00,16.09,23.54,44.444925,26.127289
2022-12-12 12:00:00,2022-12-12 13:00:00,17.54,28.9,44.444925,26.127289
2022-12-12 13:00:00,2022-12-12 14:00:00,19.1,25.16,44.444925,26.127289
2022-12-12 14:00:00,2022-12-12 15:00:00,20.39,32.74,44.444925,26.127289
2022-12-12 15:00:00,2022-12-12 16:00:00,22.1,46.75,44.444925,26.127289
2022-12-12 16:00:00,2022-12-12 17:00:00,22.43,37.17,44.444925,26.127289
2022-12-12 17:00:00,2022-12-12 18:00:00,18.95,35.56,44.444925,26.127289
2022-12-12 18:00:00,2022-12-12 19:00:00,13.73,27.65,44.444925,26.127289
2022-12-12 19:00:00,2022-12-12 20:00:00,13.97,37.61,44.444925,26.127289
2022-12-12 20:00:00,2022-12-12 21:00:00,14.93,22.29,44.444925,26.127289
2022-12-12 21:00:00,2022-12-12 22:00:00,13.88,17.71,44.444925,26.127289
2022-12-12 22:00:00,2022-12-12 23:00:00,12.39,19.15,44.444925,26.127289
2022-12-12 23:00:00,2022-12-13 00:00:00,12.67,14.89,44.444925,26.127289
2022-12-13 00:00:00,2022-12-13 01:00:00,12.24,11.79,44.444925,26.127289
2022-12-13 01:00:00,2022-12-13 02:00:00,11.08,11.05,44.444925,26.127289
2022-12-13 02:00:00,2022-12-13 03:00:00,10.36,11.83,44.444925,26.127289
2022-12-13 03:00:00,2022-12-13 04:00:00,10.37,15.06,44.444925,26.127289
2022-12-13 04:00:00,2022-12-13 05:00:00,11.11,18.88,44.444925,26.127289
2022-12-13 05:00:00,2022-12-13 06:00:00,11.74,29.99,44.444925,26.127289
2022-12-13 06:00:00,2022-12-13 07:00:00,12.83,44.74,44.444925,26.127289
2022-12-13 08:00:00,2022-12-13 09:00:00,18.58,44.9,44.444925,26.127289
2022-12-13 09:00:00,2022-12-13 10:00:00,19.79,36.75,44.444925,26.127289
2022-12-13 10:00:00,2022-12-13 11:00:00,19.71,29.92,44.444925,26.127289
2022-12-13 11:00:00,2022-12-13 12:00:00,19.68,34.11,44.444925,26.127289
2022-12-13 12:00:00,2022-12-13 13:00:00,19.97,28.26,44.444925,26.127289
2022-12-13 13:00:00,2022-12-13 14:00:00,18.72,33.1,44.444925,26.127289
2022-12-13 14:00:00,2022-12-13 15:00:00,18.81,37.36,44.444925,26.127289
2022-12-13 15:00:00,2022-12-13 16:00:00,16.28,42.32,44.444925,26.127289
2022-12-13 16:00:00,2022-12-13 17:00:00,23.12,70.42,44.444925,26.127289
2022-12-13 17:00:00,2022-12-13 18:00:00,28.54,57.73,44.444925,26.127289
2022-12-13 18:00:00,2022-12-13 19:00:00,35.1,56.99,44.444925,26.127289
2022-12-13 19:00:00,2022-12-13 20:00:00,35.5,67.52,44.444925,26.127289
2022-12-13 20:00:00,2022-12-13 21:00:00,48.92,70.04,44.444925,26.127289
2022-12-13 21:00:00,2022-12-13 22:00:00,46.62,54.17,44.444925,26.127289
2022-12-13 22:00:00,2022-12-13 23:00:00,42.91,50.18,44.444925,26.127289
2022-12-13 23:00:00,2022-12-14 00:00:00,32.64,45.48,44.444925,26.127289
2022-12-14 00:00:00,2022-12-14 01:00:00,34.99,55.42,44.444925,26.127289
2022-12-14 01:00:00,2022-12-14 02:00:00,54.18,62.08,44.444925,26.127289
2022-12-14 02:00:00,2022-12-14 03:00:00,54.64,60.8,44.444925,26.127289
2022-12-14 03:00:00,2022-12-14 04:00:00,45.96,56.53,44.444925,26.127289
2022-12-14 04:00:00,2022-12-14 05:00:00,46.55,51.2,44.444925,26.127289
2022-12-14 05:00:00,2022-12-14 06:00:00,47.19,45.4,44.444925,26.127289
2022-12-14 06:00:00,2022-12-14 07:00:00,46.22,59.36,44.444925,26.127289
2022-12-14 07:00:00,2022-12-14 08:00:00,45.75,49.83,44.444925,26.127289
2022-12-14 09:00:00,2022-12-14 10:00:00,41.64,51.18,44.444925,26.127289
2022-12-14 10:00:00,2022-12-14 11:00:00,40.16,53.04,44.444925,26.127289
2022-12-14 11:00:00,2022-12-14 12:00:00,35.48,54.39,44.444925,26.127289
2022-12-14 12:00:00,2022-12-14 13:00:00,35.02,52.8,44.444925,26.127289
2022-12-14 13:00:00,2022-12-14 14:00:00,36.47,59.15,44.444925,26.127289
2022-12-14 14:00:00,2022-12-14 15:00:00,38.04,55.73,44.444925,26.127289
2022-12-14 15:00:00,2022-12-14 16:00:00,36.36,62.04,44.444925,26.127289
2022-12-14 16:00:00,2022-12-14 17:00:00,36.52,68.39,44.444925,26.127289
2022-12-14 17:00:00,2022-12-14 18:00:00,37.61,60.72,44.444925,26.127289
2022-12-14 18:00:00,2022-12-14 19:00:00,38.89,56.72,44.444925,26.127289
2022-12-14 19:00:00,2022-12-14 20:00:00,38.12,56.82,44.444925,26.127289
2022-12-14 20:00:00,2022-12-14 21:00:00,35.8,53.97,44.444925,26.127289
2022-12-14 21:00:00,2022-12-14 22:00:00,31.1,48.81,44.444925,26.127289
2022-12-14 22:00:00,2022-12-14 23:00:00,25.96,45.34,44.444925,26.127289
2022-12-14 23:00:00,2022-12-15 00:00:00,24.22,46.08,44.444925,26.127289
2022-12-15 00:00:00,2022-12-15 01:00:00,19.83,37.07,44.444925,26.127289
2022-12-15 01:00:00,2022-12-15 02:00:00,16.88,34.98,44.444925,26.127289
2022-12-15 02:00:00,2022-12-15 03:00:00,14.31,28.5,44.444925,26.127289
2022-12-15 03:00:00,2022-12-15 04:00:00,15.01,28.1,44.444925,26.127289
2022-12-15 04:00:00,2022-12-15 05:00:00,13.41,34.16,44.444925,26.127289
2022-12-15 05:00:00,2022-12-15 06:00:00,14.54,43.43,44.444925,26.127289
2022-12-15 06:00:00,2022-12-15 07:00:00,13.39,51.03,44.444925,26.127289
2022-12-15 07:00:00,2022-12-15 08:00:00,16.3,52.4,44.444925,26.127289
2022-12-15 08:00:00,2022-12-15 09:00:00,21.92,57.33,44.444925,26.127289
2022-12-15 10:00:00,2022-12-15 11:00:00,17.96,40.69,44.444925,26.127289
2022-12-15 11:00:00,2022-12-15 12:00:00,14.81,30.22,44.444925,26.127289
2022-12-15 12:00:00,2022-12-15 13:00:00,15.89,33.07,44.444925,26.127289
2022-12-15 13:00:00,2022-12-15 14:00:00,16.26,28.44,44.444925,26.127289
2022-12-15 14:00:00,2022-12-15 15:00:00,22.25,36.34,44.444925,26.127289
2022-12-15 15:00:00,2022-12-15 16:00:00,20.12,34.41,44.444925,26.127289
2022-12-15 16:00:00,2022-12-15 17:00:00,20.5,37.01,44.444925,26.127289
2022-12-15 17:00:00,2022-12-15 18:00:00,22.84,33.21,44.444925,26.127289
2022-12-15 18:00:00,2022-12-15 19:00:00,27.21,36.96,44.444925,26.127289
2022-12-15 19:00:00,2022-12-15 20:00:00,29.23,37.42,44.444925,26.127289
2022-12-15 20:00:00,2022-12-15 21:00:00,33.53,34.4,44.444925,26.127289
2022-12-15 21:00:00,2022-12-15 22:00:00,37.78,33.79,44.444925,26.127289
2022-12-15 22:00:00,2022-12-15 23:00:00,38.39,37.23,44.444925,26.127289
2022-12-15 23:00:00,2022-12-16 00:00:00,45.24,49.83,44.444925,26.127289
2022-12-16 00:00:00,2022-12-16 01:00:00,41.52,42.47,44.444925,26.127289
2022-12-16 01:00:00,2022-12-16 02:00:00,27.68,33.16,44.444925,26.127289
2022-12-16 02:00:00,2022-12-16 03:00:00,23.17,33.54,44.444925,26.127289
2022-12-16 03:00:00,2022-12-16 04:00:00,19.14,26.62,44.444925,26.127289
2022-12-16 04:00:00,2022-12-16 05:00:00,17.02,28.7,44.444925,26.127289
2022-12-16 05:00:00,2022-12-16 06:00:00,17.09,34.93,44.444925,26.127289
2022-12-16 06:00:00,2022-12-16 07:00:00,18.0,47.13,44.444925,26.127289
2022-12-16 07:00:00,2022-12-16 08:00:00,18.49,48.29,44.444925,26.127289
2022-12-16 08:00:00,2022-12-16 09:00:00,21.46,48.05,44.444925,26.127289
2022-12-16 09:00:00,2022-12-16 10:00:00,24.14,47.02,44.444925,26.127289
2022-12-16 11:00:00,2022-12-16 12:00:00,33.99,44.68,44.444925,26.127289
2022-12-16 12:00:00,2022-12-16 13:00:00,39.59,49.32,44.444925,26.127289
2022-12-16 13:00:00,2022-12-16 14:00:00,44.12,58.83,44.444925,26.127289
2022-12-16 14:00:00,2022-12-16 15:00:00,50.33,61.22,44.444925,26.127289
2022-12-16 15:00:00,2022-12-16 16:00:00,66.47,65.35,44.444925,26.127289
2022-12-16 16:00:00,2022-12-16 17:00:00,60.03,54.43,44.444925,26.127289
2022-12-16 17:00:00,2022-12-16 18:00:00,58.08,55.29,44.444925,26.127289
2022-12-16 18:00:00,2022-12-16 19:00:00,62.01,58.5,44.444925,26.127289
2022-12-16 19:00:00,2022-12-16 20:00:00,65.61,58.1,44.444925,26.127289
2022-12-16 20:00:00,2022-12-16 21:00:00,63.38,52.6,44.444925,26.127289
2022-12-16 21:00:00,2022-12-16 22:00:00,46.93,39.17,44.444925,26.127289
2022-12-16 22:00:00,2022-12-16 23:00:00,38.36,31.76,44.444925,26.127289
2022-12-16 23:00:00,2022-12-17 00:00:00,32.92,26.63,44.444925,26.127289
2022-12-17 00:00:00,2022-12-17 01:00:00,33.71,37.93,44.444925,26.127289
2022-12-17 01:00:00,2022-12-17 02:00:00,32.56,43.55,44.444925,26.127289
2022-12-17 02:00:00,2022-12-17 03:00:00,36.22,28.92,44.444925,26.127289
2022-12-17 03:00:00,2022-12-17 04:00:00,27.75,23.34,44.444925,26.127289
2022-12-17 04:00:00,2022-12-17 05:00:00,26.21,22.97,44.444925,26.127289
2022-12-17 05:00:00,2022-12-17 06:00:00,24.4,22.62,44.444925,26.127289
2022-12-17 06:00:00,2022-12-17 07:00:00,22.36,26.98,44.444925,26.127289
2022-12-17 07:00:00,2022-12-17 08:00:00,19.94,32.87,44.444925,26.127289
2022-12-17 08:00:00,2022-12-17 09:00:00,22.11,43.87,44.444925,26.127289
2022-12-17 09:00:00,2022-12-17 10:00:00,22.63,20.74,44.444925,26.127289
2022-12-17 10:00:00,2022-12-17 11:00:00,9.35,28.95,44.444925,26.127289
2022-12-17 12:00:00,2022-12-17 13:00:00,8.66,37.93,44.444925,26.127289
2022-12-17 13:00:00,2022-12-17 14:00:00,14.63,32.94,44.444925,26.127289
2022-12-17 14:00:00,2022-12-17 15:00:00,25.09,26.85,44.444925,26.127289
2022-12-17 15:00:00,2022-12-17 16:00:00,23.36,27.07,44.444925,26.127289
2022-12-17 16:00:00,2022-12-17 17:00:00,27.83,30.42,44.444925,26.127289
2022-12-17 17:00:00,2022-12-17 18:00:00,27.8,31.78,44.444925,26.127289
2022-12-17 18:00:00,2022-12-17 19:00:00,28.91,37.0,44.444925,26.127289
2022-12-17 19:00:00,2022-12-17 20:00:00,28.14,28.35,44.444925,26.127289
2022-12-17 20:00:00,2022-12-17 21:00:00,31.97,21.71,44.444925,26.127289
2022-12-17 21:00:00,2022-12-17 22:00:00,28.83,22.81,44.444925,26.127289
2022-12-17 22:00:00,2022-12-17 23:00:00,13.29,19.37,44.444925,26.127289
2022-12-17 23:00:00,2022-12-18 00:00:00,12.21,19.42,44.444925,26.127289
2022-12-18 00:00:00,2022-12-18 01:00:00,15.44,19.63,44.444925,26.127289
2022-12-18 01:00:00,2022-12-18 02:00:00,18.15,19.92,44.444925,26.127289
2022-12-18 02:00:00,2022-12-18 03:00:00,20.61,18.23,44.444925,26.127289
2022-12-18 03:00:00,2022-12-18 04:00:00,23.9,17.06,44.444925,26.127289
2022-12-18 04:00:00,2022-12-18 05:00:00,28.65,19.23,44.444925,26.127289
2022-12-18 05:00:00,2022-12-18 06:00:00,29.3,22.82,44.444925,26.127289
2022-12-18 06:00:00,2022-12-18 07:00:00,26.98,30.77,44.444925,26.127289
2022-12-18 07:00:00,2022-12-18 08:00:00,31.32,29.33,44.444925,26.127289
2022-12-18 08:00:00,2022-12-18 09:00:00,34.2,31.63,44.444925,26.127289
2022-12-18 09:00:00,2022-12-18 10:00:00,28.14,34.33,44.444925,26.127289
2022-12-18 10:00:00,2022-12-18 11:00:00,22.83,34.75,44.444925,26.127289
2022-12-18 11:00:00,2022-12-18 12:00:00,20.85,37.38,44.444925,26.127289
2022-12-18 13:00:00,2022-12-18 14:00:00,26.52,36.55,44.444925,26.127289
2022-12-18 14:00:00,2022-12-18 15:00:00,28.63,32.83,44.444925,26.127289
2022-12-18 15:00:00,2022-12-18 16:00:00,30.51,48.54,44.444925,26.127289
2022-12-18 16:00:00,2022-12-18 17:00:00,29.15,40.85,44.444925,26.127289
2022-12-18 17:00:00,2022-12-18 18:00:00,27.74,41.21,44.444925,26.127289
2022-12-18 18:00:00,2022-12-18 19:00:00,27.96,41.63,44.444925,26.127289
2022-12-18 19:00:00,2022-12-18 20:00:00,26.36,44.94,44.444925,26.127289
2022-12-18 20:00:00,2022-12-18 21:00:00,26.8,48.93,44.444925,26.127289
2022-12-18 21:00:00,2022-12-18 22:00:00,26.28,37.02,44.444925,26.127289
2022-12-18 22:00:00,2022-12-18 23:00:00,25.38,35.0,44.444925,26.127289
2022-12-18 23:00:00,2022-12-19 00:00:00,24.96,27.39,44.444925,26.127289
2022-12-19 00:00:00,2022-12-19 01:00:00,28.37,23.23,44.444925,26.127289
2022-12-19 01:00:00,2022-12-19 02:00:00,30.53,23.46,44.444925,26.127289
2022-12-19 02:00:00,2022-12-19 03:00:00,31.78,18.45,44.444925,26.127289
2022-12-19 03:00:00,2022-12-19 04:00:00,30.53,17.24,44.444925,26.127289
2022-12-19 04:00:00,2022-12-19 05:00:00,29.26,20.5,44.444925,26.127289
2022-12-19 06:00:00,2022-12-19 07:00:00,24.31,43.92,44.444925,26.127289
2022-12-19 07:00:00,2022-12-19 08:00:00,25.54,53.17,44.444925,26.127289
2022-12-19 08:00:00,2022-12-19 09:00:00,29.19,50.74,44.444925,26.127289
2022-12-19 09:00:00,2022-12-19 10:00:00,31.68,55.24,44.444925,26.127289
2022-12-19 10:00:00,2022-12-19 11:00:00,31.65,52.15,44.444925,26.127289
2022-12-19 11:00:00,2022-12-19 12:00:00,31.38,50.13,44.444925,26.127289
2022-12-19 12:00:00,2022-12-19 13:00:00,31.49,45.13,44.444925,26.127289
2022-12-19 14:00:00,2022-12-19 15:00:00,33.9,50.59,44.444925,26.127289
2022-12-19 15:00:00,2022-12-19 16:00:00,34.19,52.42,44.444925,26.127289
2022-12-19 16:00:00,2022-12-19 17:00:00,36.69,54.27,44.444925,26.127289
2022-12-19 17:00:00,2022-12-19 18:00:00,37.09,54.52,44.444925,26.127289
2022-12-19 18:00:00,2022-12-19 19:00:00,36.19,47.9,44.444925,26.127289
2022-12-19 19:00:00,2022-12-19 20:00:00,36.06,46.96,44.444925,26.127289
2022-12-19 20:00:00,2022-12-19 21:00:00,35.63,36.48,44.444925,26.127289
2022-12-19 21:00:00,2022-12-19 22:00:00,36.1,47.16,44.444925,26.127289
2022-12-19 22:00:00,2022-12-19 23:00:00,37.28,42.99,44.444925,26.127289
2022-12-19 23:00:00,2022-12-20 00:00:00,38.88,42.49,44.444925,26.127289
2022-12-20 00:00:00,2022-12-20 01:00:00,40.54,37.26,44.444925,26.127289
2022-12-20 01:00:00,2022-12-20 02:00:00,40.31,34.32,44.444925,26.127289
2022-12-20 02:00:00,2022-12-20 03:00:00,40.58,37.63,44.444925,26.127289
2022-12-20 03:00:00,2022-12-20 04:00:00,41.89,43.59,44.444925,26.127289
2022-12-20 04:00:00,2022-12-20 05:00:00,37.78,40.02,44.444925,26.127289
2022-12-20 05:00:00,2022-12-20 06:00:00,42.5,46.98,44.444925,26.127289
2022-12-20 06:00:00,2022-12-20 07:00:00,45.25,50.93,44.444925,26.127289
2022-12-20 07:00:00,2022-12-20 08:00:00,44.9,56.53,44.444925,26.127289
2022-12-20 08:00:00,2022-12-20 09:00:00,45.35,51.07,44.444925,26.127289
2022-12-20 09:00:00,2022-12-20 10:00:00,44.57,50.97,44.444925,26.127289
2022-12-20 10:00:00,2022-12-20 11:00:00,45.11,46.07,44.444925,26.127289
2022-12-20 11:00:00,2022-12-20 12:00:00,46.69,38.48,44.444925,26.127289
2022-12-20 12:00:00,2022-12-20 13:00:00,43.49,38.93,44.444925,26.127289
2022-12-20 13:00:00,2022-12-20 14:00:00,42.17,43.41,44.444925,26.127289
2022-12-20 15:00:00,2022-12-20 16:00:00,44.35,62.17,44.444925,26.127289
2022-12-20 16:00:00,2022-12-20 17:00:00,47.79,67.59,44.444925,26.127289
2022-12-20 17:00:00,2022-12-20 18:00:00,42.37,61.72,44.444925,26.127289
2022-12-20 18:00:00,2022-12-20 19:00:00,41.06,63.94,44.444925,26.127289
2022-12-20 19:00:00,2022-12-20 20:00:00,40.77,65.2,44.444925,26.127289
2022-12-20 20:00:00,2022-12-20 21:00:00,40.54,59.36,44.444925,26.127289
2022-12-20 21:00:00,2022-12-20 22:00:00,39.46,54.16,44.444925,26.127289
2022-12-20 22:00:00,2022-12-20 23:00:00,41.39,42.09,44.444925,26.127289
2022-12-20 23:00:00,2022-12-21 00:00:00,39.22,29.53,44.444925,26.127289
2022-12-21 00:00:00,2022-12-21 01:00:00,41.27,19.78,44.444925,26.127289
2022-12-21 01:00:00,2022-12-21 02:00:00,38.43,16.22,44.444925,26.127289
2022-12-21 02:00:00,2022-12-21 03:00:00,34.46,15.73,44.444925,26.127289
2022-12-21 03:00:00,2022-12-21 04:00:00,33.99,15.48,44.444925,26.127289
2022-12-21 04:00:00,2022-12-21 05:00:00,35.19,17.65,44.444925,26.127289
2022-12-21 05:00:00,2022-12-21 06:00:00,32.95,23.63,44.444925,26.127289
